sid,src_label,src_mode,slice,c1,c2,vol,base,exit_ind,ft_seconds,adopted,compare_basis,cw3_total_R,cw3_max_dd_R,cw3_sortino,cw3_sharpe,cw3_n,base_total_R,base_expectancy_R,base_sortino,base_sharpe,base_calmar,base_profit_factor,base_ulcer_R,base_max_dd_R,base_win_rate,base_avg_win_R,base_avg_loss_R,base_win_loss_ratio,base_profit_concentration,base_avg_hold_bars,base_n,base_stop,base_tp,ft_total_R,ft_expectancy_R,ft_profit_factor,ft_sharpe,ft_sortino,ft_calmar,ft_max_dd_R,ft_ulcer_R,ft_win_rate,ft_avg_win_R,ft_avg_loss_R,ft_win_loss_ratio,ft_profit_concentration,ft_avg_hold_bars,ft_n_blind,ft_n_w2,ft_n_w3,ft_risk_atr_len,ft_risk_atr_mult,ft_risk_tp_mult,ft_risk_trail_mult,ft_risk_trail_arm,ft_risk_be_pct,ft_ip2,ft_ip1,ft_rk1,variants,error
B|chop|ssl_channel_signals|donchian_breakout_signals|variance_volume_signals|ema_baseline,B,B,chop,ssl_channel_signals,donchian_breakout_signals,variance_volume_signals,ema_baseline,adx_dmi_exit,171.1,False,W3ONLY,23.190945111664206,37.635485690612285,5.603807402265835,1.1036091921380584,158,35.3375042779712,0.27607425217165,14.166662626271322,2.691174704720929,4.622202425686302,1.5374695322835423,3.0955614563339986,7.645165880575711,0.3359375,2.350823840622667,-0.7735049513976885,3.0391839591651415,8.706979195192869,7.8359375,128,1.0,2.95,8.641706136930146,0.03484558926181511,1.054723286422417,0.2068777348102229,1.5264410060109344,0.12495549277241357,69.15827343956485,39.2904344991137,0.24193548387096775,2.7759689682751465,-0.8399810210615886,3.3047996307902396,27.927674506173418,15.810483870967742,248,90,158,29,1.4,7.25,1.5,2.0,0.05,"{""base"": {""ma_length"": 37}, ""c1"": {""len"": 12}, ""c2"": {""length"": 25}, ""exit_ind"": {""adx_smoothing"": 14, ""adx_threshold"": 25, ""di_length"": 14}, ""vol"": {""ema_len"": 12, ""filter_lookback"": 20, ""hline"": 0, ""lookback"": 20}}","{""base"": {""ma_length"": 200}, ""c1"": {""len"": 19}, ""c2"": {""length"": 87}, ""exit_ind"": {""adx_smoothing"": 14, ""adx_threshold"": 25, ""di_length"": 14}, ""vol"": {""ema_len"": 2, ""filter_lookback"": 25, ""hline"": 0, ""lookback"": 87}}","{""atr_len"": 9, ""atr_mult"": 0.95, ""be_pct"": 0.05, ""tp_mult"": 30.0, ""trail_arm"": 2.0, ""trail_mult"": 1.5}",0,name 'old' is not defined
B|chop|chandelier_exit_signals|fx_sniper_ergodic_cci_signals|chaikin_volatility_volume_signals|mcginley_dynamic_index,B,B,chop,chandelier_exit_signals,fx_sniper_ergodic_cci_signals,chaikin_volatility_volume_signals,mcginley_dynamic_index,adx_dmi_exit,348.0,False,W3ONLY,24.96611881575525,19.11809331460182,4.098493102773355,1.0045597852401753,207,11.792572496519288,0.041377447356208026,1.8048758923002817,0.5506172040094442,0.9379474200911243,1.082304292763242,5.016600211376444,12.572743678290202,0.3684210526315789,1.4768831968020695,-0.7960009064872111,1.855378787594129,6.9016564224524135,4.515789473684211,285,1.05,1.8,87.18208822378134,0.17792262902812517,1.3599172092803067,1.8292890774362007,6.271454129444331,4.560187398875934,19.118093314601794,5.045619901972369,0.42448979591836733,1.5837031814791493,-0.8589651543400061,1.8437339087358002,20.944998224234272,5.338775510204082,490,283,207,31,1.5,9.0,1.5,2.0,0.05,"{""base"": {""mci_length"": 5}, ""c1"": {""atr_mult"": 3, ""atr_period"": 22}, ""c2"": {""cci_length"": 17, ""ema1_length"": 3, ""ema2_length"": 3, ""trigger_length"": 6}, ""exit_ind"": {""adx_smoothing"": 14, ""adx_threshold"": 25, ""di_length"": 14}, ""vol"": {""cvi_len"": 43, ""roc_len"": 15}}","{""base"": {""mci_length"": 5}, ""c1"": {""atr_mult"": 3, ""atr_period"": 22}, ""c2"": {""cci_length"": 92, ""ema1_length"": 5, ""ema2_length"": 3, ""trigger_length"": 4}, ""exit_ind"": {""adx_smoothing"": 14, ""adx_threshold"": 25, ""di_length"": 14}, ""vol"": {""cvi_len"": 12, ""roc_len"": 15}}","{""atr_len"": 38, ""atr_mult"": 1.5, ""be_pct"": 0.05, ""tp_mult"": 1.55, ""trail_arm"": 2.0, ""trail_mult"": 1.5}",0,name 'old' is not defined
B|trend|price_momentum_oscillator_signals|linreg_slope_signals|variance_volume_signals|wma_baseline,B,B,trend,price_momentum_oscillator_signals,linreg_slope_signals,variance_volume_signals,wma_baseline,adx_dmi_exit,232.7,False,W3ONLY,4.347846893850068,2.966600363578671,20.09687039787759,3.0218029311078,28,25.72897251282453,0.3216121564103066,31.539819857533224,5.597270119575852,8.254238831916517,2.492081063983201,1.1320317278333938,3.1170617953697652,0.4375,1.227790150523736,-0.3831929501223609,3.204104225121258,11.329455473610382,9.4375,80,1.0,2.55,-7.584794235633488,-0.04309542179337209,0.8795783001302558,-0.6970169337684052,-3.81045248790613,-0.2969351363982711,25.543606349974723,13.426742741312122,0.19318181818181818,1.629425991141349,-0.4435582953129531,3.6735329005440094,14.438544828438616,9.954545454545455,176,148,28,37,0.65,10.0,0.5,2.0,0.05,"{""base"": {""ma_length"": 20}, ""c1"": {""s1"": 100, ""s2"": 20, ""sig"": 10}, ""c2"": {""length"": 17, ""r2_floor"": 0.374763}, ""exit_ind"": {""adx_smoothing"": 14, ""adx_threshold"": 25, ""di_length"": 14}, ""vol"": {""ema_len"": 5, ""filter_lookback"": 11, ""hline"": 0, ""lookback"": 20}}","{""base"": {""ma_length"": 37}, ""c1"": {""s1"": 35, ""s2"": 5, ""sig"": 10}, ""c2"": {""length"": 14, ""r2_floor"": 0.2}, ""exit_ind"": {""adx_smoothing"": 14, ""adx_threshold"": 25, ""di_length"": 14}, ""vol"": {""ema_len"": 2, ""filter_lookback"": 16, ""hline"": 0, ""lookback"": 132}}","{""atr_len"": 14, ""atr_mult"": 1.2, ""be_pct"": 0.05, ""tp_mult"": 24.0, ""trail_arm"": 2.0, ""trail_mult"": 0.5}",0,name 'old' is not defined
B|trend|trend_direction_force_index_signals|coral_signals|efficiency_ratio_volume_signals|mcginley_dynamic_index,B,B,trend,trend_direction_force_index_signals,coral_signals,efficiency_ratio_volume_signals,mcginley_dynamic_index,adx_dmi_exit,220.0,False,W3ONLY,21.341946768174786,14.817162357074745,20.528003167435863,2.0602227538310984,86,8.27262719628182,0.09400712723047522,6.548943847797626,1.555574916535829,0.736830000891857,1.3082962022623594,5.0179647697925995,11.227321344500975,0.29545454545454547,1.3502308025410714,-0.432796349512678,3.119783251548703,20.352790360900844,9.886363636363637,88,1.26,2.0,-7.015642699953531,-0.031601994143934824,0.9020339911529945,-0.39721041800289014,-3.1374974439840106,-0.16652030937785484,42.13085314437043,24.778614487474503,0.18018018018018017,1.6149346746955657,-0.3934781850976713,4.104254659746125,32.54669759588063,15.815315315315315,222,136,86,30,1.2,24.0,1.05,2.0,0.05,"{""base"": {""mci_length"": 40}, ""c1"": {""fhigh"": 0.328967, ""flow"": -0.05, ""lookback"": 13}, ""c2"": {""const_d"": 92, ""smooth_period"": 12}, ""exit_ind"": {""adx_smoothing"": 14, ""adx_threshold"": 25, ""di_length"": 14}, ""vol"": {""er_threshold"": 0.369854, ""length"": 10}}","{""base"": {""mci_length"": 92}, ""c1"": {""fhigh"": 0.5, ""flow"": -0.05, ""lookback"": 11}, ""c2"": {""const_d"": 17, ""smooth_period"": 28}, ""exit_ind"": {""adx_smoothing"": 14, ""adx_threshold"": 25, ""di_length"": 14}, ""vol"": {""er_threshold"": 0.3, ""length"": 10}}","{""atr_len"": 49, ""atr_mult"": 0.85, ""be_pct"": 0.05, ""tp_mult"": 30.0, ""trail_arm"": 2.0, ""trail_mult"": 0.5}",0,name 'old' is not defined
B|trend|schaff_trend_cycle_signals|qqe_mod_signals|chaikin_volatility_volume_signals|ema_baseline,B,B,trend,schaff_trend_cycle_signals,qqe_mod_signals,chaikin_volatility_volume_signals,ema_baseline,adx_dmi_exit,538.1,False,W3ONLY,8.621901397479677,11.901331087467199,7.417728321825625,1.8799346431105526,76,14.216224795999125,0.22212851243748633,21.11856552932848,4.445437345582662,4.585827755955958,2.0763094489658642,1.4610960427087663,3.1000346180764087,0.40625,1.054789654696586,-0.3475870059503188,3.03460611771934,17.361889588295547,7.703125,64,1.0,2.1,23.90835676921054,0.11835820182777494,1.4931369294803034,2.0952488428505545,8.349768024195122,2.008880905295326,11.901331087467213,4.938931015892233,0.31683168316831684,1.1311022444148962,-0.3513201947343682,3.2195765041919038,19.58455470080485,11.267326732673267,202,126,76,3,1.5,999.0,1.5,2.0,0.05,"{""base"": {""ma_length"": 37}, ""c1"": {""cycleLen"": 10, ""d1"": 2, ""d2"": 3, ""lowerBand"": 25, ""macdFast"": 12, ""macdSlow"": 94, ""stc_midline"": 41, ""upperBand"": 75}, ""c2"": {""fast_factor"": 4.585338, ""rsi_len"": 5, ""rsi_period"": 11}, ""exit_ind"": {""adx_smoothing"": 14, ""adx_threshold"": 25, ""di_length"": 14}, ""vol"": {""cvi_len"": 12, ""roc_len"": 3}}","{""base"": {""ma_length"": 16}, ""c1"": {""cycleLen"": 10, ""d1"": 3, ""d2"": 3, ""lowerBand"": 25, ""macdFast"": 3, ""macdSlow"": 62, ""stc_midline"": 50, ""upperBand"": 75}, ""c2"": {""fast_factor"": 4.585338, ""rsi_len"": 6, ""rsi_period"": 6}, ""exit_ind"": {""adx_smoothing"": 14, ""adx_threshold"": 25, ""di_length"": 14}, ""vol"": {""cvi_len"": 43, ""roc_len"": 3}}","{""atr_len"": 12, ""atr_mult"": 1.5, ""be_pct"": 0.05, ""tp_mult"": 7.2, ""trail_arm"": 1.05, ""trail_mult"": 0.5}",0,name 'old' is not defined
B|chop|rex_oscillator_signals|dpo_signals|volatility_ratio_volume_signals|rma_baseline,B,B,chop,rex_oscillator_signals,dpo_signals,volatility_ratio_volume_signals,rma_baseline,adx_dmi_exit,125.2,False,W3ONLY,0.2567450772411003,23.265615561258485,0.11640139643932751,0.01206224638866929,84,28.180626199905767,0.14451603179438854,7.791720735377183,1.6310316955743152,2.4447884685127095,1.260270289781362,4.405385549083795,11.526815740033939,0.3333333333333333,2.099309084650761,-0.8328804946337978,2.520540579562724,6.253859692565886,6.046153846153846,195,1.0,2.15,55.409415298011545,0.2172918246980845,1.3404152394522497,1.0769581819344651,8.62331828764507,1.7339282077553666,31.956003166786854,11.569017396435507,0.24313725490196078,3.5190240958745624,-0.8433682831409914,4.172582922811035,33.83613072541764,17.211764705882352,255,171,84,15,1.5,25.0,1.5,2.0,0.05,"{""base"": {""ma_length"": 200}, ""c1"": {""almaOffset"": 0.85, ""almaSigma"": 6, ""framaFast"": 34, ""framaSlow"": 89, ""jurikPhase"": 1, ""jurikPower"": 1, ""lsOffset"": 0, ""modFBW"": 0.5, ""modFilter"": 0.8, ""sigAlmaOff"": 0.85, ""sigAlmaSig"": 6, ""sigFramaFast"": 34, ""sigFramaSlow"": 89, ""sigJurikPhase"": 1, ""sigJurikPower"": 1, ""sigLsOff"": 0, ""sigModFBW"": 0.5, ""sigModFilter"": 0.8, ""sigSmooth"": 27, ""sigVolAdj"": 10, ""smooth"": 140, ""volAdj"": 10}, ""c2"": {""len"": 62}, ""exit_ind"": {""adx_smoothing"": 14, ""adx_threshold"": 25, ""di_length"": 14}, ""vol"": {""length"": 14}}","{""base"": {""ma_length"": 25}, ""c1"": {""almaOffset"": 0.85, ""almaSigma"": 6, ""framaFast"": 34, ""framaSlow"": 89, ""jurikPhase"": 1, ""jurikPower"": 1, ""lsOffset"": 0, ""modFBW"": 0.5, ""modFilter"": 0.8, ""sigAlmaOff"": 0.85, ""sigAlmaSig"": 6, ""sigFramaFast"": 34, ""sigFramaSlow"": 89, ""sigJurikPhase"": 1, ""sigJurikPower"": 1, ""sigLsOff"": 0, ""sigModFBW"": 0.5, ""sigModFilter"": 0.8, ""sigSmooth"": 2, ""sigVolAdj"": 10, ""smooth"": 14, ""volAdj"": 10}, ""c2"": {""len"": 62}, ""exit_ind"": {""adx_smoothing"": 14, ""adx_threshold"": 25, ""di_length"": 14}, ""vol"": {""length"": 5}}","{""atr_len"": 9, ""atr_mult"": 1.25, ""be_pct"": 0.05, ""tp_mult"": 12.0, ""trail_arm"": 2.0, ""trail_mult"": 1.5}",0,name 'old' is not defined
B|chop|aroon_signals|ehlers_reverse_ema_signals|efficiency_ratio_volume_signals|fantail_vma,B,B,chop,aroon_signals,ehlers_reverse_ema_signals,efficiency_ratio_volume_signals,fantail_vma,adx_dmi_exit,203.1,False,W3ONLY,26.64155664207156,11.849358570688306,13.809363370019648,1.4721683070507299,72,8.206509678351704,0.11558464335706625,5.511570280780453,1.699716263962516,0.7654277999686608,1.263520695238846,5.297048007853074,10.721468019175298,0.39436619718309857,1.4052968950309415,-0.7242279856398757,1.9404067819739421,7.299867099910256,3.8028169014084505,71,1.0,1.45,33.07047316476378,0.2133578913855728,1.346283566729218,1.0234307492051307,7.676993576282418,1.5621949466163623,21.16923578353189,8.423446881393057,0.22580645161290322,3.673474478586665,-0.7958427798814126,4.6158293716430325,34.84963992036731,14.406451612903226,155,83,72,31,1.25,30.0,1.5,2.0,0.05,"{""base"": {""fma_adx_length"": 2, ""fma_ma_length"": 60, ""fma_weighting"": 100}, ""c1"": {""length"": 71}, ""c2"": {""alpha"": 0.1}, ""exit_ind"": {""adx_smoothing"": 14, ""adx_threshold"": 25, ""di_length"": 14}, ""vol"": {""er_threshold"": 0.562145, ""length"": 4}}","{""base"": {""fma_adx_length"": 2, ""fma_ma_length"": 60, ""fma_weighting"": 10}, ""c1"": {""length"": 108}, ""c2"": {""alpha"": 0.081113}, ""exit_ind"": {""adx_smoothing"": 14, ""adx_threshold"": 25, ""di_length"": 14}, ""vol"": {""er_threshold"": 0.243339, ""length"": 10}}","{""atr_len"": 12, ""atr_mult"": 1.5, ""be_pct"": 0.05, ""tp_mult"": 999.0, ""trail_arm"": 2.0, ""trail_mult"": 1.5}",0,name 'old' is not defined
B|trend|kase_peak_oscillator_signals|parabolic_sar_signals|variance_volume_signals|sma_baseline,B,B,trend,kase_peak_oscillator_signals,parabolic_sar_signals,variance_volume_signals,sma_baseline,adx_dmi_exit,364.6,False,W3ONLY,14.93242745084877,9.905650508613776,8.941032469104812,2.3933702303997495,106,19.362625797533443,0.26165710537207354,19.276200740272092,5.802795044439776,8.205017254431352,2.503059929807674,0.9338747458007546,2.359851929266341,0.44594594594594594,0.9771140617181624,-0.3141984936381928,3.1098623370337766,11.994471815854002,8.405405405405405,74,1.0,1.8,27.21176184808924,0.08666166193658993,1.3153475994033337,1.5997702930975883,6.7588930793155475,2.2809057285393957,11.9302439849255,4.822874427930243,0.3248407643312102,1.112775350685629,-0.4070345468011552,2.733859716406929,16.607541716309544,9.5828025477707,314,208,106,3,1.4,999.0,1.5,2.0,0.05,"{""base"": {""length"": 20}, ""c1"": {""long_cycle"": 23, ""sharpness"": 40, ""short_cycle"": 15}, ""c2"": {""sar_increment"": 0.016223, ""sar_maximum"": 0.162226, ""sar_start"": 0.02}, ""exit_ind"": {""adx_smoothing"": 14, ""adx_threshold"": 25, ""di_length"": 14}, ""vol"": {""ema_len"": 12, ""filter_lookback"": 200, ""hline"": 0, ""lookback"": 25}}","{""base"": {""length"": 25}, ""c1"": {""long_cycle"": 122, ""sharpness"": 40, ""short_cycle"": 35}, ""c2"": {""sar_increment"": 0.010673, ""sar_maximum"": 0.070224, ""sar_start"": 0.016223}, ""exit_ind"": {""adx_smoothing"": 14, ""adx_threshold"": 25, ""di_length"": 14}, ""vol"": {""ema_len"": 10, ""filter_lookback"": 7, ""hline"": 0, ""lookback"": 132}}","{""atr_len"": 13, ""atr_mult"": 1.15, ""be_pct"": 0.05, ""tp_mult"": 2.5, ""trail_arm"": 1.95, ""trail_mult"": 0.5}",0,name 'old' is not defined
B|chop|relative_vigor_index_signals|bears_bulls_impulse_signals|volatility_ratio_volume_signals|fantail_vma,B,B,chop,relative_vigor_index_signals,bears_bulls_impulse_signals,volatility_ratio_volume_signals,fantail_vma,adx_dmi_exit,152.2,False,W3ONLY,25.978714215141615,6.5572575171590834,14.017994098683715,2.668458508183822,85,18.968959187395413,0.2231642257340637,10.221492650980757,2.3622826581103484,3.1741738180953822,1.4771230866072576,2.226738114251795,5.976030386003709,0.36470588235294116,1.894384200417014,-0.7362398338061484,2.573053118606191,10.00354232483494,4.435294117647059,85,1.0,2.95,31.043285377046868,0.16425018718014214,1.3503618286946064,1.7990792951078811,6.961434073971213,3.093083919936194,10.036354066231494,4.074576013338832,0.3915343915343915,1.6168484930172515,-0.7704652444019976,2.0985352743226993,16.308730616487487,3.9576719576719577,189,104,85,9,1.0,4.9,1.5,2.0,0.05,"{""base"": {""fma_adx_length"": 2, ""fma_ma_length"": 7, ""fma_weighting"": 12}, ""c1"": {""len"": 10}, ""c2"": {""length"": 13}, ""exit_ind"": {""adx_smoothing"": 14, ""adx_threshold"": 25, ""di_length"": 14}, ""vol"": {""length"": 61}}","{""base"": {""fma_adx_length"": 4, ""fma_ma_length"": 7, ""fma_weighting"": 12}, ""c1"": {""len"": 10}, ""c2"": {""length"": 13}, ""exit_ind"": {""adx_smoothing"": 14, ""adx_threshold"": 25, ""di_length"": 14}, ""vol"": {""length"": 2}}","{""atr_len"": 22, ""atr_mult"": 1.5, ""be_pct"": 0.05, ""tp_mult"": 1.3, ""trail_arm"": 2.0, ""trail_mult"": 1.5}",0,name 'old' is not defined
B|chop|donchian_breakout_signals|aroon_signals|variance_volume_signals|fantail_vma,B,B,chop,donchian_breakout_signals,aroon_signals,variance_volume_signals,fantail_vma,adx_dmi_exit,240.2,False,W3ONLY,-31.694256881350157,46.22867974426899,-8.118341447768273,-2.1451750561290326,134,14.237751173509492,0.04126884398118694,1.9444260893429077,0.4770642943122044,0.5404204192949748,1.0810952705940702,12.620472222680638,26.345694324585057,0.34492753623188405,1.5950080434980813,-0.7768504690387709,2.053172530708066,9.111969876911033,5.133333333333334,345,1.0,2.9,-41.96637754855871,-0.11497637684536634,0.8001490876014139,-1.1457648889364513,-4.672312446237163,-0.5526996231166598,75.92981032248824,38.120622512238526,0.23013698630136986,2.0002624231471655,-0.7472897547790768,2.6766892097142536,24.760603868744084,7.772602739726027,365,231,134,21,1.5,30.0,1.5,2.0,0.05,"{""base"": {""fma_adx_length"": 4, ""fma_ma_length"": 39, ""fma_weighting"": 66}, ""c1"": {""length"": 200}, ""c2"": {""length"": 6}, ""exit_ind"": {""adx_smoothing"": 14, ""adx_threshold"": 25, ""di_length"": 14}, ""vol"": {""ema_len"": 8, ""filter_lookback"": 200, ""hline"": 0, ""lookback"": 25}}","{""base"": {""fma_adx_length"": 2, ""fma_ma_length"": 7, ""fma_weighting"": 10}, ""c1"": {""length"": 7}, ""c2"": {""length"": 108}, ""exit_ind"": {""adx_smoothing"": 14, ""adx_threshold"": 25, ""di_length"": 14}, ""vol"": {""ema_len"": 43, ""filter_lookback"": 11, ""hline"": 0, ""lookback"": 37}}","{""atr_len"": 18, ""atr_mult"": 0.95, ""be_pct"": 0.05, ""tp_mult"": 8.5, ""trail_arm"": 2.0, ""trail_mult"": 1.5}",0,name 'old' is not defined
B|trend|supertrend_signals|center_of_gravity_signals|chaikin_volatility_volume_signals|tma_baseline,B,B,trend,supertrend_signals,center_of_gravity_signals,chaikin_volatility_volume_signals,tma_baseline,adx_dmi_exit,249.3,True,W3ONLY,7.599876236206672,11.63509840405432,8.061101347098388,0.8395044876437135,140,2.1827398121413832,0.012262583214277433,1.307730125483601,0.2321163699756566,0.13297732123001146,1.0421929390838465,8.758745211139194,16.414376466238846,0.2640449438202247,1.1471295300928401,-0.39490342062764955,2.9048356387230614,20.703968618525767,5.556179775280899,178,1.0,2.65,3.090311235050984,0.013553996644960455,1.041010095550069,0.20874439972311273,1.5046347316365762,0.24075489636176872,12.835922682159488,6.302967082731922,0.2149122807017544,1.6009224721872162,-0.42097703855934426,3.802873614356374,19.34535217746009,8.535087719298245,228,88,140,40,0.85,10.75,0.5,2.7,0.05,"{""base"": {""length"": 16}, ""c1"": {""atr_period"": 8, ""factor"": 3}, ""c2"": {""length"": 12, ""signal_length"": 3}, ""exit_ind"": {""adx_smoothing"": 14, ""adx_threshold"": 25, ""di_length"": 14}, ""vol"": {""cvi_len"": 19, ""roc_len"": 10}}","{""base"": {""length"": 200}, ""c1"": {""atr_period"": 28, ""factor"": 4}, ""c2"": {""length"": 12, ""signal_length"": 2}, ""exit_ind"": {""adx_smoothing"": 14, ""adx_threshold"": 25, ""di_length"": 14}, ""vol"": {""cvi_len"": 28, ""roc_len"": 3}}","{""atr_len"": 50, ""atr_mult"": 1.05, ""be_pct"": 0.001, ""tp_mult"": 4.85, ""trail_arm"": 1.15, ""trail_mult"": 0.5}",0,name 'old' is not defined
B|chop|ehlers_reverse_ema_signals|bears_bulls_impulse_signals|chaikin_volatility_volume_signals|sma_baseline,B,B,chop,ehlers_reverse_ema_signals,bears_bulls_impulse_signals,chaikin_volatility_volume_signals,sma_baseline,adx_dmi_exit,70.0,False,W3ONLY,13.467926130685195,5.618813261314696,8.206800748022921,1.7826058017361526,69,9.885094572448558,0.1765195459365814,8.14374548000468,2.0040174690873513,2.2597050479294665,1.3499127419312487,1.9651782888308167,4.374506567353169,0.35714285714285715,1.9067632468733584,-0.7847269545838502,2.4298429354762474,5.851657171151519,7.696428571428571,56,1.0,2.25,-19.631100811359822,-0.0908847259785177,0.858726861362453,-0.7585116617755328,-5.580880484567783,-0.491644539064476,39.92945970418951,26.77613954449945,0.18518518518518517,2.9831845153662804,-0.7895368262841539,3.778398189994793,13.784542851158761,10.773148148148149,216,147,69,2,1.05,3.6,1.5,2.0,0.05,"{""base"": {""length"": 20}, ""c1"": {""alpha"": 0.035112}, ""c2"": {""length"": 11}, ""exit_ind"": {""adx_smoothing"": 14, ""adx_threshold"": 25, ""di_length"": 14}, ""vol"": {""cvi_len"": 8, ""roc_len"": 120}}","{""base"": {""length"": 57}, ""c1"": {""alpha"": 0.053367}, ""c2"": {""length"": 13}, ""exit_ind"": {""adx_smoothing"": 14, ""adx_threshold"": 25, ""di_length"": 14}, ""vol"": {""cvi_len"": 12, ""roc_len"": 12}}","{""atr_len"": 7, ""atr_mult"": 0.85, ""be_pct"": 0.05, ""tp_mult"": 8.25, ""trail_arm"": 2.0, ""trail_mult"": 1.5}",0,name 'old' is not defined
B|trend|fisher_transform_signals|kuskus_starlight_signals|chaikin_volatility_volume_signals|tma_baseline,B,B,trend,fisher_transform_signals,kuskus_starlight_signals,chaikin_volatility_volume_signals,tma_baseline,adx_dmi_exit,457.1,False,W3ONLY,-12.521223735294603,20.914393780177573,-5.061455560337322,-1.4320246447601082,188,12.993251117675378,0.07467385699813435,7.074628300372335,1.5900177789306071,1.183570555417211,1.296106235699928,4.926696243768598,10.978011457116075,0.29310344827586204,1.1151690372754526,-0.35675097384855864,3.125903274335121,12.211499341215271,9.488505747126437,174,1.0,2.4,119.46752714982591,0.16320700430304086,1.5627224202563355,0.9642488417165476,11.790753407848802,4.757146255763702,25.11327605391162,9.205125985095329,0.2896174863387978,1.564954220005341,-0.40827455286789677,3.8330927289306342,34.90371145704266,9.21448087431694,732,544,188,4,1.35,7.4,0.5,1.65,0.05,"{""base"": {""length"": 37}, ""c1"": {""length"": 100}, ""c2"": {""index_smooth"": 0.7, ""price_smooth"": 0.07, ""range_periods"": 56}, ""exit_ind"": {""adx_smoothing"": 14, ""adx_threshold"": 25, ""di_length"": 14}, ""vol"": {""cvi_len"": 28, ""roc_len"": 12}}","{""base"": {""length"": 16}, ""c1"": {""length"": 10}, ""c2"": {""index_smooth"": 0.245783, ""price_smooth"": 0.373569, ""range_periods"": 85}, ""exit_ind"": {""adx_smoothing"": 14, ""adx_threshold"": 25, ""di_length"": 14}, ""vol"": {""cvi_len"": 4, ""roc_len"": 12}}","{""atr_len"": 42, ""atr_mult"": 1.5, ""be_pct"": 0.001, ""tp_mult"": 8.75, ""trail_arm"": 1.0, ""trail_mult"": 0.65}",0,name 'old' is not defined
B|chop|volatility_quality_signals|volatility_quality_signals|williams_vix_fix_volume_signals|alma_baseline,B,B,chop,volatility_quality_signals,volatility_quality_signals,williams_vix_fix_volume_signals,alma_baseline,adx_dmi_exit,155.6,True,W3ONLY,23.71847508263465,6.3315138898021885,15.464909982212216,2.5698531794899595,89,11.649386311678986,0.13089198103010097,6.253772674886025,1.5878875685505818,1.632403023005067,1.2996591118570244,2.9853560013201705,7.136342035335,0.38202247191011235,1.4860249401090728,-0.7068265754914455,2.102389739768716,11.400278834366992,3.5730337078651684,89,1.0,2.9,27.02171993301021,0.14847098864291325,1.4109657190571672,1.7759933234407232,7.073736172927964,2.215036873564478,12.199219008723029,5.260992119482108,0.37362637362637363,1.3643159030289684,-0.5767698374821023,2.3654425290076033,20.55036666349953,2.9615384615384617,182,93,89,29,0.8,4.8,1.5,2.0,0.05,"{""base"": {""length"": 11, ""offset"": 0.85, ""sigma"": 7}, ""c1"": {""atr_pct"": 0.092464, ""smooth"": 5}, ""c2"": {""atr_pct"": 0.060835, ""smooth"": 5}, ""exit_ind"": {""adx_smoothing"": 14, ""adx_threshold"": 25, ""di_length"": 14}, ""vol"": {""bb_length"": 37, ""bb_mult"": 2, ""lookback"": 63}}","{""base"": {""length"": 11, ""offset"": 1.592745, ""sigma"": 6}, ""c1"": {""atr_pct"": 0.060835, ""smooth"": 4}, ""c2"": {""atr_pct"": 0.075, ""smooth"": 10}, ""exit_ind"": {""adx_smoothing"": 14, ""adx_threshold"": 25, ""di_length"": 14}, ""vol"": {""bb_length"": 20, ""bb_mult"": 2, ""lookback"": 12}}","{""atr_len"": 50, ""atr_mult"": 1.45, ""be_pct"": 0.05, ""tp_mult"": 2.65, ""trail_arm"": 2.0, ""trail_mult"": 1.5}",0,name 'old' is not defined
B|trend|relative_vigor_index_signals|ssl_channel_signals|damiani_volatmeter_volume_signals|sma_baseline,B,B,trend,relative_vigor_index_signals,ssl_channel_signals,damiani_volatmeter_volume_signals,sma_baseline,adx_dmi_exit,171.2,True,W3ONLY,8.693028720884529,4.7219624071409765,29.911542006330407,2.9241481641223546,34,4.722955089982959,0.03633042376909968,3.515879632420824,0.7065069066233943,0.3960494852938175,1.136509617243192,5.86413629091082,11.925164064988335,0.27692307692307694,1.0922478068199182,-0.3680634676120649,2.9675528894683354,17.074143795645547,7.8076923076923075,130,1.0,2.85,26.492311141610102,0.17429152066848752,1.567919484155782,2.007445834678903,19.75418743040735,2.03045642692901,13.047465973785382,6.442193512798554,0.19078947368421054,2.522079879406107,-0.3792520761070487,6.650141260384868,15.25086307223749,15.276315789473685,152,118,34,50,0.8,6.55,0.5,1.85,0.05,"{""base"": {""length"": 132}, ""c1"": {""len"": 10}, ""c2"": {""len"": 28}, ""exit_ind"": {""adx_smoothing"": 14, ""adx_threshold"": 25, ""di_length"": 14}, ""vol"": {""lag"": 1.4, ""sedimentation"": 216, ""threshold"": 1.4, ""viscosity"": 7}}","{""base"": {""length"": 132}, ""c1"": {""len"": 10}, ""c2"": {""len"": 10}, ""exit_ind"": {""adx_smoothing"": 14, ""adx_threshold"": 25, ""di_length"": 14}, ""vol"": {""lag"": 1.4, ""sedimentation"": 18, ""threshold"": 1.4, ""viscosity"": 2}}","{""atr_len"": 50, ""atr_mult"": 0.9, ""be_pct"": 0.05, ""tp_mult"": 6.75, ""trail_arm"": 1.15, ""trail_mult"": 0.5}",0,name 'old' is not defined
B|chop|volatility_quality_signals|linreg_slope_signals|waddah_attar_explosion_volume_signals|frama_baseline,B,B,chop,volatility_quality_signals,linreg_slope_signals,waddah_attar_explosion_volume_signals,frama_baseline,adx_dmi_exit,290.0,False,W3ONLY,-0.8684262189958958,16.957981289232933,-0.652375941406857,-0.0992691729162224,106,8.970470075457142,0.08081504572483911,3.913715147100167,1.010352560374585,1.0336986404065662,1.1853700790739499,3.5579045316624414,8.678032189274184,0.3333333333333333,1.5503430373410174,-0.65394895008325,2.3707401581479,10.216747520437231,4.405405405405405,111,1.0,2.95,15.084609245574272,0.06009804480308475,1.125917879646547,0.7502591944396435,2.6872387730877625,0.8895285935450277,16.95798128923294,7.594382733007795,0.3386454183266932,1.5868447991423946,-0.7216698715754775,2.1988513884861978,14.323635873468993,4.207171314741036,251,145,106,24,0.7,3.9,1.5,2.0,0.05,"{""base"": {""length"": 4}, ""c1"": {""atr_pct"": 0.026334, ""smooth"": 8}, ""c2"": {""length"": 14, ""r2_floor"": 0.374763}, ""exit_ind"": {""adx_smoothing"": 14, ""adx_threshold"": 25, ""di_length"": 14}, ""vol"": {""bbLen"": 16, ""bbStd"": 6, ""fastEma"": 5, ""sensitivity"": 15, ""slowEma"": 400}}","{""base"": {""length"": 4}, ""c1"": {""atr_pct"": 0.075, ""smooth"": 12}, ""c2"": {""length"": 14, ""r2_floor"": 0.246569}, ""exit_ind"": {""adx_smoothing"": 14, ""adx_threshold"": 25, ""di_length"": 14}, ""vol"": {""bbLen"": 25, ""bbStd"": 2, ""fastEma"": 3, ""sensitivity"": 23, ""slowEma"": 400}}","{""atr_len"": 3, ""atr_mult"": 1.5, ""be_pct"": 0.05, ""tp_mult"": 1.85, ""trail_arm"": 2.0, ""trail_mult"": 1.5}",0,name 'old' is not defined
B|trend|fx_sniper_ergodic_cci_signals|laguerre_filter_signals|chaikin_volatility_volume_signals|vidya,B,B,trend,fx_sniper_ergodic_cci_signals,laguerre_filter_signals,chaikin_volatility_volume_signals,vidya,adx_dmi_exit,216.5,False,W3ONLY,-16.59507171995625,16.50293484845948,-9.454843436834398,-3.3500408756236277,134,10.198048205375047,0.06537210388060928,5.590622495185204,1.4522595413394135,0.7724080820548919,1.2514646284204558,6.7313452443109,13.202927885275951,0.3525641025641026,0.9227754787201997,-0.401530724002336,2.298144135826655,13.459917909681279,7.673076923076923,156,1.0,1.7,73.58646083707616,0.229957690115863,1.7824557800288152,0.865513237213762,17.149690061782394,3.955475244467292,18.603696468586165,8.929172569206967,0.31875,1.6434507941148895,-0.4314014686359751,3.8095623533949183,52.30751119705605,11.146875,320,186,134,2,1.25,13.0,0.6,1.0,0.05,"{""base"": {""vda_length"": 13}, ""c1"": {""cci_length"": 17, ""ema1_length"": 9, ""ema2_length"": 4, ""trigger_length"": 3}, ""c2"": {""alpha"": 0.2}, ""exit_ind"": {""adx_smoothing"": 14, ""adx_threshold"": 25, ""di_length"": 14}, ""vol"": {""cvi_len"": 43, ""roc_len"": 12}}","{""base"": {""vda_length"": 9}, ""c1"": {""cci_length"": 14, ""ema1_length"": 4, ""ema2_length"": 3, ""trigger_length"": 22}, ""c2"": {""alpha"": 0.2}, ""exit_ind"": {""adx_smoothing"": 14, ""adx_threshold"": 25, ""di_length"": 14}, ""vol"": {""cvi_len"": 8, ""roc_len"": 3}}","{""atr_len"": 8, ""atr_mult"": 1.5, ""be_pct"": 0.001, ""tp_mult"": 2.45, ""trail_arm"": 2.0, ""trail_mult"": 1.4}",0,name 'old' is not defined
B|trend|fx_sniper_ergodic_cci_signals|linreg_slope_signals|variance_volume_signals|mcginley_dynamic_index,B,B,trend,fx_sniper_ergodic_cci_signals,linreg_slope_signals,variance_volume_signals,mcginley_dynamic_index,adx_dmi_exit,134.2,False,W3ONLY,-3.7481161951647666,7.830988676737691,-12.846458057543318,-2.1479306312051474,36,9.238003839357754,0.1649643542742456,15.294274570378596,3.727233642499459,3.0226493863794857,1.7831165807278495,1.5039659558161964,3.056260471686062,0.44642857142857145,0.8413785749997231,-0.38053098502049437,2.2110645601025336,20.077414356162063,6.892857142857143,56,1.0,1.65,22.38299885917781,0.18346720376375256,1.648419897656095,1.6975544305841748,24.163641236856858,1.8990678192008486,11.786308331314284,4.767407506308292,0.2459016393442623,1.8967431866324063,-0.37520974717167777,5.055154352812025,39.67864532841547,10.663934426229508,122,86,36,3,0.85,999.0,1.5,2.0,0.05,"{""base"": {""mci_length"": 11}, ""c1"": {""cci_length"": 26, ""ema1_length"": 6, ""ema2_length"": 3, ""trigger_length"": 50}, ""c2"": {""length"": 92, ""r2_floor"": 0.569607}, ""exit_ind"": {""adx_smoothing"": 14, ""adx_threshold"": 25, ""di_length"": 14}, ""vol"": {""ema_len"": 8, ""filter_lookback"": 37, ""hline"": 0, ""lookback"": 132}}","{""base"": {""mci_length"": 14}, ""c1"": {""cci_length"": 11, ""ema1_length"": 5, ""ema2_length"": 3, ""trigger_length"": 5}, ""c2"": {""length"": 14, ""r2_floor"": 0.2}, ""exit_ind"": {""adx_smoothing"": 14, ""adx_threshold"": 25, ""di_length"": 14}, ""vol"": {""ema_len"": 12, ""filter_lookback"": 25, ""hline"": 0, ""lookback"": 20}}","{""atr_len"": 38, ""atr_mult"": 0.85, ""be_pct"": 0.05, ""tp_mult"": 25.0, ""trail_arm"": 1.0, ""trail_mult"": 0.5}",0,name 'old' is not defined
B|trend|bears_bulls_impulse_signals|dspo_signals|variance_volume_signals|ema_baseline,B,B,trend,bears_bulls_impulse_signals,dspo_signals,variance_volume_signals,ema_baseline,adx_dmi_exit,224.8,False,W3ONLY,-12.234533826846793,21.34656524718355,-12.985113024682205,-3.1443687325984313,72,3.7543700162346507,0.06952537067101205,16.77689752416692,1.4466132601204849,0.3899219934154699,1.2415305534431833,4.274313609162915,9.628515650909417,0.4074074074074074,0.8772022303819237,-0.4857524703802397,1.8058626231900847,15.421894868392823,12.037037037037036,54,1.0,2.75,44.51777961799575,0.1661111179775961,1.531770578662242,0.5970111179828353,16.944652818948498,2.0854774106513134,21.34656524718359,9.777086018148008,0.1865671641791045,2.5646783700505362,-0.3840189857088583,6.6785197229673745,63.960544468382004,6.9664179104477615,268,196,72,7,1.4,7.0,0.5,1.45,0.05,"{""base"": {""ma_length"": 25}, ""c1"": {""length"": 13}, ""c2"": {""len"": 14}, ""exit_ind"": {""adx_smoothing"": 14, ""adx_threshold"": 25, ""di_length"": 14}, ""vol"": {""ema_len"": 19, ""filter_lookback"": 200, ""hline"": 0, ""lookback"": 20}}","{""base"": {""ma_length"": 16}, ""c1"": {""length"": 5}, ""c2"": {""len"": 26}, ""exit_ind"": {""adx_smoothing"": 14, ""adx_threshold"": 25, ""di_length"": 14}, ""vol"": {""ema_len"": 10, ""filter_lookback"": 57, ""hline"": 0, ""lookback"": 200}}","{""atr_len"": 31, ""atr_mult"": 0.65, ""be_pct"": 0.05, ""tp_mult"": 11.25, ""trail_arm"": 1.0, ""trail_mult"": 0.5}",0,name 'old' is not defined
B|trend|kuskus_starlight_signals|fisher_transform_signals|chaikin_volatility_volume_signals|ema_baseline,B,B,trend,kuskus_starlight_signals,fisher_transform_signals,chaikin_volatility_volume_signals,ema_baseline,adx_dmi_exit,300.2,False,W3ONLY,2.733570875393963,17.747938985660316,0.719352345431459,0.22650011623692226,268,37.18518415306277,0.18592592076531386,16.106093017103426,3.3559059392760844,4.288687589728525,1.8122916322076332,2.8168099234909016,8.670527608987392,0.37,1.1211257374356145,-0.36331841600930703,3.08579386024543,15.466799093442916,8.705,200,1.0,2.7,-23.476684024009835,-0.06145728802096816,0.7836505618503643,-1.2549916193341537,-4.7375304709806905,-0.5014525242980375,46.817361338192214,31.798855045397016,0.24607329842931938,0.9046395666681419,-0.376780566981997,2.4009719341798395,22.85686543820544,11.926701570680628,382,114,268,5,1.5,7.6,0.5,1.4,0.001,"{""base"": {""ma_length"": 20}, ""c1"": {""index_smooth"": 0.373569, ""price_smooth"": 0.373569, ""range_periods"": 56}, ""c2"": {""length"": 43}, ""exit_ind"": {""adx_smoothing"": 14, ""adx_threshold"": 25, ""di_length"": 14}, ""vol"": {""cvi_len"": 19, ""roc_len"": 12}}","{""base"": {""ma_length"": 200}, ""c1"": {""index_smooth"": 0.567792, ""price_smooth"": 0.161709, ""range_periods"": 130}, ""c2"": {""length"": 12}, ""exit_ind"": {""adx_smoothing"": 14, ""adx_threshold"": 25, ""di_length"": 14}, ""vol"": {""cvi_len"": 12, ""roc_len"": 10}}","{""atr_len"": 39, ""atr_mult"": 1.2, ""be_pct"": 0.05, ""tp_mult"": 12.25, ""trail_arm"": 2.2, ""trail_mult"": 0.95}",0,name 'old' is not defined
B|chop|donchian_breakout_signals|ehlers_reverse_ema_signals|variance_volume_signals|fantail_vma,B,B,chop,donchian_breakout_signals,ehlers_reverse_ema_signals,variance_volume_signals,fantail_vma,adx_dmi_exit,188.4,False,W3ONLY,11.793349266257824,28.47656908737376,1.8032106761797915,0.5529980883358886,251,9.370220363774465,0.037331555234161214,1.7104592272377936,0.4503717267709847,0.3335595182673215,1.075389316086213,13.238335261858158,28.091599401654538,0.30677290836653387,1.7358611895873537,-0.7143166162899529,2.4301005324545595,7.8870637486084485,4.446215139442231,251,1.0,2.65,23.28563579291015,0.06362195571833375,1.1262036763681456,0.7767610713269819,2.3322768417793434,0.8177121240084627,28.476569087373786,11.222481285604962,0.35792349726775957,1.586213855944581,-0.7851420397269362,2.0202890377596505,8.88132590257198,4.1775956284153,366,115,251,15,1.25,2.65,1.5,2.0,0.05,"{""base"": {""fma_adx_length"": 9, ""fma_ma_length"": 7, ""fma_weighting"": 10}, ""c1"": {""length"": 20}, ""c2"": {""alpha"": 0.657933}, ""exit_ind"": {""adx_smoothing"": 14, ""adx_threshold"": 25, ""di_length"": 14}, ""vol"": {""ema_len"": 10, ""filter_lookback"": 37, ""hline"": 0, ""lookback"": 25}}","{""base"": {""fma_adx_length"": 4, ""fma_ma_length"": 60, ""fma_weighting"": 4}, ""c1"": {""length"": 11}, ""c2"": {""alpha"": 0.035112}, ""exit_ind"": {""adx_smoothing"": 14, ""adx_threshold"": 25, ""di_length"": 14}, ""vol"": {""ema_len"": 10, ""filter_lookback"": 16, ""hline"": 0, ""lookback"": 87}}","{""atr_len"": 11, ""atr_mult"": 1.5, ""be_pct"": 0.05, ""tp_mult"": 1.4, ""trail_arm"": 2.0, ""trail_mult"": 1.5}",0,name 'old' is not defined
B|trend|ehlers_reverse_ema_signals|fisher_transform_signals|chaikin_volatility_volume_signals|vidya,B,B,trend,ehlers_reverse_ema_signals,fisher_transform_signals,chaikin_volatility_volume_signals,vidya,adx_dmi_exit,358.4,False,W3ONLY,4.155802034586905,39.14962738373573,0.8225487617206243,0.20636718303825743,392,18.681526550902774,0.05765903256451473,5.13749825153595,1.2014885358027518,1.4027886026101057,1.2297539342869592,6.412490209751551,13.317421111165928,0.2839506172839506,1.086875496763515,-0.35047853082474395,3.101118616897549,12.185849526390541,6.209876543209877,324,1.0,3.0,20.436853636001835,0.03264673104792625,1.110111554164788,0.5039280198091395,3.0934247408068596,0.5220191098036375,39.14962738373573,18.834732210034705,0.2715654952076677,1.211989461595717,-0.4070205149896273,2.9777109923479013,23.940395266391764,9.726837060702875,626,234,392,25,1.25,6.15,0.55,1.1,0.05,"{""base"": {""vda_length"": 6}, ""c1"": {""alpha"": 0.1}, ""c2"": {""length"": 12}, ""exit_ind"": {""adx_smoothing"": 14, ""adx_threshold"": 25, ""di_length"": 14}, ""vol"": {""cvi_len"": 28, ""roc_len"": 2}}","{""base"": {""vda_length"": 20}, ""c1"": {""alpha"": 0.035112}, ""c2"": {""length"": 28}, ""exit_ind"": {""adx_smoothing"": 14, ""adx_threshold"": 25, ""di_length"": 14}, ""vol"": {""cvi_len"": 2, ""roc_len"": 22}}","{""atr_len"": 42, ""atr_mult"": 0.85, ""be_pct"": 0.05, ""tp_mult"": 10.5, ""trail_arm"": 2.55, ""trail_mult"": 1.1}",0,name 'old' is not defined
B|chop|laguerre_filter_signals|supertrend_signals|chaikin_volatility_volume_signals|rma_baseline,B,B,chop,laguerre_filter_signals,supertrend_signals,chaikin_volatility_volume_signals,rma_baseline,adx_dmi_exit,105.2,False,W3ONLY,-17.68297720184324,35.90866711355426,-5.6995460292677596,-1.2184754301188758,121,6.37652157246261,0.039605724052562796,2.043196750728657,0.5564468211445048,0.36045681224761533,1.0788304506369524,9.332874044657858,17.69011253443108,0.36024844720496896,1.5045791065928376,-0.7853307437856502,1.9158540761311398,5.28525883125544,3.5838509316770186,161,1.0,1.55,5.358527924679915,0.023502315459122437,1.0393945043093564,0.16451277349764248,0.8842456597090337,0.1492265894396637,35.908667113554266,15.807312319467151,0.21052631578947367,2.9454322445817915,-0.7556789989735891,3.897729391160087,29.642996530678605,12.833333333333334,228,107,121,28,1.35,14.5,1.5,2.0,0.05,"{""base"": {""ma_length"": 25}, ""c1"": {""alpha"": 0.070224}, ""c2"": {""atr_period"": 4, ""factor"": 3}, ""exit_ind"": {""adx_smoothing"": 14, ""adx_threshold"": 25, ""di_length"": 14}, ""vol"": {""cvi_len"": 8, ""roc_len"": 22}}","{""base"": {""ma_length"": 25}, ""c1"": {""alpha"": 0.2}, ""c2"": {""atr_period"": 10, ""factor"": 2}, ""exit_ind"": {""adx_smoothing"": 14, ""adx_threshold"": 25, ""di_length"": 14}, ""vol"": {""cvi_len"": 19, ""roc_len"": 22}}","{""atr_len"": 32, ""atr_mult"": 1.4, ""be_pct"": 0.05, ""tp_mult"": 28.0, ""trail_arm"": 2.0, ""trail_mult"": 1.5}",0,name 'old' is not defined
B|chop|polychromatic_momentum_signals|aroon_signals|chaikin_volatility_volume_signals|mcginley_dynamic_index,B,B,chop,polychromatic_momentum_signals,aroon_signals,chaikin_volatility_volume_signals,mcginley_dynamic_index,adx_dmi_exit,79.6,False,W3ONLY,-8.001155255638771,23.37124314645643,-4.197119644594693,-0.6988718750109523,80,-10.152910063617377,-0.1223242176339443,-6.094970290591568,-1.446453206572856,-0.6731892746561012,0.8005146561983744,8.661948493605042,15.081806032640658,0.20481927710843373,2.3966240426788876,-0.7711442240781585,3.10788042994663,6.330001793100007,5.746987951807229,83,1.0,2.6,-8.714284179965205,-0.05008209298830577,0.9213404485606163,-0.3442636961969209,-2.3362512789123726,-0.37233022746170547,23.404718546149944,13.235160599248045,0.22413793103448276,2.617193204142426,-0.8206282899371838,3.1892553988636716,28.307359767066096,14.494252873563218,174,94,80,3,1.2,14.75,1.5,2.0,0.05,"{""base"": {""mci_length"": 40}, ""c1"": {""len"": 40}, ""c2"": {""length"": 25}, ""exit_ind"": {""adx_smoothing"": 14, ""adx_threshold"": 25, ""di_length"": 14}, ""vol"": {""cvi_len"": 4, ""roc_len"": 15}}","{""base"": {""mci_length"": 40}, ""c1"": {""len"": 7}, ""c2"": {""length"": 71}, ""exit_ind"": {""adx_smoothing"": 14, ""adx_threshold"": 25, ""di_length"": 14}, ""vol"": {""cvi_len"": 19, ""roc_len"": 10}}","{""atr_len"": 13, ""atr_mult"": 1.0, ""be_pct"": 0.05, ""tp_mult"": 14.25, ""trail_arm"": 2.0, ""trail_mult"": 1.5}",0,name 'old' is not defined
B|chop|center_of_gravity_signals|bears_bulls_impulse_signals|volatility_ratio_volume_signals|super_smoother_2pole_baseline,B,B,chop,center_of_gravity_signals,bears_bulls_impulse_signals,volatility_ratio_volume_signals,super_smoother_2pole_baseline,adx_dmi_exit,58.7,False,W3ONLY,-26.69265675044559,54.117192580242666,-10.77452693419846,-1.3739575526172307,101,13.941298564138044,0.10807208189254298,6.540788065047286,1.3250349043332348,1.765247178484305,1.1928701702854032,3.341638354245927,7.89764670583327,0.40310077519379844,1.658165973633794,-0.9387445722703799,1.7663654444610777,5.863421309489178,4.744186046511628,129,1.0,1.7,-5.978784419974936,-0.03180204478710072,0.9568661438635073,-0.20779544462864308,-1.4061075020799456,-0.11047846599044923,54.11719258024271,22.427800703922987,0.30851063829787234,2.2867453443905132,-1.0662308799586513,2.144699977625103,28.362141397393714,12.196808510638299,188,87,101,7,1.4,26.0,1.5,2.0,0.05,"{""base"": {""cutoff_period"": 150}, ""c1"": {""length"": 43, ""signal_length"": 3}, ""c2"": {""length"": 56}, ""exit_ind"": {""adx_smoothing"": 14, ""adx_threshold"": 25, ""di_length"": 14}, ""vol"": {""length"": 40}}","{""base"": {""cutoff_period"": 150}, ""c1"": {""length"": 43, ""signal_length"": 3}, ""c2"": {""length"": 37}, ""exit_ind"": {""adx_smoothing"": 14, ""adx_threshold"": 25, ""di_length"": 14}, ""vol"": {""length"": 61}}","{""atr_len"": 4, ""atr_mult"": 1.35, ""be_pct"": 0.05, ""tp_mult"": 1.65, ""trail_arm"": 2.0, ""trail_mult"": 1.5}",0,name 'old' is not defined
B|chop|kuskus_starlight_signals|coppock_curve_signals|waddah_attar_explosion_volume_signals|fantail_vma,B,B,chop,kuskus_starlight_signals,coppock_curve_signals,waddah_attar_explosion_volume_signals,fantail_vma,adx_dmi_exit,359.7,False,W3ONLY,13.303510990615058,7.687225144100934,7.254001014752359,2.192010333606631,67,9.4403849371065,0.14750601464228907,6.06333796691043,1.7862247869101189,2.1692406766528705,1.3634821570434392,2.1124598397829835,4.351930626560524,0.328125,1.686307497256334,-0.6040016861692212,2.7918920358508514,15.70301056521511,3.5,64,1.0,2.8,14.417586836215502,0.09548070752460598,1.2303941193066366,1.2208584693884732,3.5982207961999566,1.2137156279100971,11.878883739052792,5.301043010994459,0.36423841059602646,1.3999184694516442,-0.6518534269127597,2.1475970082443108,19.96497216294211,3.9271523178807946,151,84,67,29,1.15,6.1,1.5,2.0,0.05,"{""base"": {""fma_adx_length"": 2, ""fma_ma_length"": 6, ""fma_weighting"": 19}, ""c1"": {""index_smooth"": 0.106394, ""price_smooth"": 1.311672, ""range_periods"": 3}, ""c2"": {""long_roc"": 140, ""short_roc"": 110, ""smooth_len"": 8}, ""exit_ind"": {""adx_smoothing"": 14, ""adx_threshold"": 25, ""di_length"": 14}, ""vol"": {""bbLen"": 57, ""bbStd"": 2, ""fastEma"": 7, ""sensitivity"": 80, ""slowEma"": 6}}","{""base"": {""fma_adx_length"": 2, ""fma_ma_length"": 6, ""fma_weighting"": 8}, ""c1"": {""index_smooth"": 0.7, ""price_smooth"": 0.7, ""range_periods"": 5}, ""c2"": {""long_roc"": 11, ""short_roc"": 11, ""smooth_len"": 10}, ""exit_ind"": {""adx_smoothing"": 14, ""adx_threshold"": 25, ""di_length"": 14}, ""vol"": {""bbLen"": 25, ""bbStd"": 20, ""fastEma"": 87, ""sensitivity"": 35, ""slowEma"": 32}}","{""atr_len"": 28, ""atr_mult"": 1.45, ""be_pct"": 0.05, ""tp_mult"": 1.5, ""trail_arm"": 2.0, ""trail_mult"": 1.5}",0,name 'old' is not defined
B|trend|parabolic_sar_signals|kuskus_starlight_signals|chaikin_volatility_volume_signals|mcginley_dynamic_index,B,B,trend,parabolic_sar_signals,kuskus_starlight_signals,chaikin_volatility_volume_signals,mcginley_dynamic_index,adx_dmi_exit,346.7,False,W3ONLY,-13.535131155175408,26.62368263719749,-4.327387831186559,-1.1953167994650564,220,10.62258009201534,0.03740345102822303,3.642896144998478,0.7842393069061336,0.5606238118444196,1.1380013111154361,9.672946415795616,18.947786140349038,0.28169014084507044,1.0949633353510642,-0.377325915372891,2.9019033433443617,10.46182676064486,7.897887323943662,284,1.0,2.95,24.54851762359526,0.05553963263256846,1.1800846282595594,0.8387218914663686,3.950619859531026,0.9220556734438036,26.62368263719752,13.068190363796724,0.2669683257918552,1.3632633974737807,-0.42073013357503336,3.240232369119468,16.480923620130106,9.434389140271493,442,222,220,9,1.5,9.5,0.5,2.05,0.001,"{""base"": {""mci_length"": 11}, ""c1"": {""sar_increment"": 0.00304, ""sar_maximum"": 0.106734, ""sar_start"": 0.056961}, ""c2"": {""index_smooth"": 0.373569, ""price_smooth"": 0.245783, ""range_periods"": 37}, ""exit_ind"": {""adx_smoothing"": 14, ""adx_threshold"": 25, ""di_length"": 14}, ""vol"": {""cvi_len"": 28, ""roc_len"": 10}}","{""base"": {""mci_length"": 11}, ""c1"": {""sar_increment"": 0.02, ""sar_maximum"": 0.2, ""sar_start"": 0.02}, ""c2"": {""index_smooth"": 0.245783, ""price_smooth"": 0.245783, ""range_periods"": 24}, ""exit_ind"": {""adx_smoothing"": 14, ""adx_threshold"": 25, ""di_length"": 14}, ""vol"": {""cvi_len"": 43, ""roc_len"": 6}}","{""atr_len"": 29, ""atr_mult"": 1.45, ""be_pct"": 0.13, ""tp_mult"": 7.7, ""trail_arm"": 1.0, ""trail_mult"": 0.5}",0,name 'old' is not defined
B|chop|halftrend_signals|supertrend_signals|ttm_squeeze_volume_signals|mcginley_dynamic_index,B,B,chop,halftrend_signals,supertrend_signals,ttm_squeeze_volume_signals,mcginley_dynamic_index,adx_dmi_exit,129.1,False,W3ONLY,8.757331346492615,4.866156327837843,7.649189948947787,2.2602946692867985,50,10.510799845904474,0.21021599691808948,10.622809583296792,2.760147810207636,2.2643113102654224,1.479456032660832,2.01719656072867,4.641941149281456,0.38,1.7070075450445217,-0.7071723712884338,2.4138493164466204,5.34110680894812,3.6,50,1.0,1.75,-5.427395084640388,-0.01696060963950121,0.9683943851220301,-0.16099977814173613,-0.6103493945490676,-0.14605686174960894,37.15946665994225,18.7213176205991,0.246875,2.105001281487016,-0.7125414785149984,2.954215782460877,21.12812813188597,8.49375,320,270,50,3,1.5,1.85,1.5,2.0,0.05,"{""base"": {""mci_length"": 14}, ""c1"": {""amplitude"": 50}, ""c2"": {""atr_period"": 12, ""factor"": 3}, ""exit_ind"": {""adx_smoothing"": 14, ""adx_threshold"": 25, ""di_length"": 14}, ""vol"": {""bb_length"": 7, ""bb_mult"": 2, ""kc_length"": 2, ""kc_mult"": 1.84927}}","{""base"": {""mci_length"": 17}, ""c1"": {""amplitude"": 94}, ""c2"": {""atr_period"": 5, ""factor"": 3}, ""exit_ind"": {""adx_smoothing"": 14, ""adx_threshold"": 25, ""di_length"": 14}, ""vol"": {""bb_length"": 57, ""bb_mult"": 2, ""kc_length"": 132, ""kc_mult"": 1.5}}","{""atr_len"": 3, ""atr_mult"": 1.45, ""be_pct"": 0.05, ""tp_mult"": 11.0, ""trail_arm"": 2.0, ""trail_mult"": 1.5}",0,name 'old' is not defined
B|trend|ssl_channel_signals|j_tpo_signals|variance_volume_signals|mcginley_dynamic_index,B,B,trend,ssl_channel_signals,j_tpo_signals,variance_volume_signals,mcginley_dynamic_index,adx_dmi_exit,440.1,False,W3ONLY,-17.074104591286513,21.150972092857273,-15.203070211430186,-4.5353748174884405,104,10.568474304589534,0.142817220332291,14.340746524118346,2.9459965305556435,1.373846902217839,1.5960306845321854,3.7107249573299272,7.692614284407203,0.35135135135135137,1.0884577251933545,-0.369404719800785,2.94651818682865,15.063471836488635,7.297297297297297,74,1.0,2.1,-33.311826427237705,-0.15005327219476444,0.5823880229875218,-2.999996539648027,-11.669078553146441,-1.019466542303529,32.67574269967525,18.911409070177726,0.1891891891891892,1.1060853594200466,-0.4431522862382204,2.495948669946522,23.40607369594944,14.045045045045045,222,118,104,2,1.15,999.0,1.5,2.0,0.05,"{""base"": {""mci_length"": 26}, ""c1"": {""len"": 4}, ""c2"": {""ema_len"": 200, ""len"": 40}, ""exit_ind"": {""adx_smoothing"": 14, ""adx_threshold"": 25, ""di_length"": 14}, ""vol"": {""ema_len"": 12, ""filter_lookback"": 87, ""hline"": 0, ""lookback"": 200}}","{""base"": {""mci_length"": 40}, ""c1"": {""len"": 12}, ""c2"": {""ema_len"": 200, ""len"": 263}, ""exit_ind"": {""adx_smoothing"": 14, ""adx_threshold"": 25, ""di_length"": 14}, ""vol"": {""ema_len"": 28, ""filter_lookback"": 200, ""hline"": 0, ""lookback"": 25}}","{""atr_len"": 34, ""atr_mult"": 1.5, ""be_pct"": 0.05, ""tp_mult"": 21.0, ""trail_arm"": 2.0, ""trail_mult"": 0.5}",0,name 'old' is not defined
B|trend|vortex_signals|coral_signals|variance_volume_signals|super_smoother_2pole_baseline,B,B,trend,vortex_signals,coral_signals,variance_volume_signals,super_smoother_2pole_baseline,adx_dmi_exit,218.6,False,W3ONLY,-9.890510314943274,10.90071746372477,-15.726285808493815,-6.986363788034222,50,11.210261384445399,0.10379871652264258,8.728154687208706,2.5346421578464877,3.0550572951292096,1.5410683582616795,1.513335872628625,3.669411176778364,0.49074074074074076,0.6024342236782793,-0.3767045903727892,1.5992218812149506,20.295493868333942,6.333333333333333,108,1.0,2.05,-28.888864759732826,-0.1313130216351492,0.5726363591362916,-3.6666463012572006,-9.747737083962077,-1.0254267338595593,28.17252935370553,15.032956785848695,0.2681818181818182,0.6560845538648818,-0.4198624437128003,1.5626178613719146,15.001709501605204,7.045454545454546,220,170,50,3,1.2,1.4,1.2,1.0,0.001,"{""base"": {""cutoff_period"": 65}, ""c1"": {""period"": 140}, ""c2"": {""const_d"": 7, ""smooth_period"": 28}, ""exit_ind"": {""adx_smoothing"": 14, ""adx_threshold"": 25, ""di_length"": 14}, ""vol"": {""ema_len"": 28, ""filter_lookback"": 200, ""hline"": 0, ""lookback"": 16}}","{""base"": {""cutoff_period"": 28}, ""c1"": {""period"": 14}, ""c2"": {""const_d"": 14, ""smooth_period"": 10}, ""exit_ind"": {""adx_smoothing"": 14, ""adx_threshold"": 25, ""di_length"": 14}, ""vol"": {""ema_len"": 12, ""filter_lookback"": 87, ""hline"": 0, ""lookback"": 16}}","{""atr_len"": 5, ""atr_mult"": 1.4, ""be_pct"": 0.05, ""tp_mult"": 8.5, ""trail_arm"": 1.0, ""trail_mult"": 0.5}",0,name 'old' is not defined
B|trend|coppock_curve_signals|coral_signals|variance_volume_signals|ema_baseline,B,B,trend,coppock_curve_signals,coral_signals,variance_volume_signals,ema_baseline,adx_dmi_exit,260.8,False,W3ONLY,-16.824608829582605,16.36226575631932,-53.27798546690349,-33.41733481396203,44,19.692170243037424,0.26611040868969493,22.146234903180638,4.714756614475967,2.96503853313224,2.1726936968454527,2.6476458260331937,6.641455084981574,0.3918918918918919,1.2580835893360918,-0.3731611966157609,3.3714212537257016,14.948009211186687,7.513513513513513,74,1.0,2.1,-31.708982385097613,-0.18435454875056753,0.48350749599442217,-3.172572558410506,-17.73056601650918,-0.789550448347897,40.1608060022604,18.494205621065372,0.09302325581395349,1.8552460290624349,-0.3935443516031832,4.7141980859456165,24.16291773565965,9.401162790697674,172,128,44,8,0.9,24.0,1.15,2.3,0.05,"{""base"": {""ma_length"": 132}, ""c1"": {""long_roc"": 26, ""short_roc"": 11, ""smooth_len"": 8}, ""c2"": {""const_d"": 17, ""smooth_period"": 10}, ""exit_ind"": {""adx_smoothing"": 14, ""adx_threshold"": 25, ""di_length"": 14}, ""vol"": {""ema_len"": 28, ""filter_lookback"": 11, ""hline"": 0, ""lookback"": 132}}","{""base"": {""ma_length"": 87}, ""c1"": {""long_roc"": 14, ""short_roc"": 72, ""smooth_len"": 5}, ""c2"": {""const_d"": 40, ""smooth_period"": 43}, ""exit_ind"": {""adx_smoothing"": 14, ""adx_threshold"": 25, ""di_length"": 14}, ""vol"": {""ema_len"": 10, ""filter_lookback"": 25, ""hline"": 0, ""lookback"": 200}}","{""atr_len"": 8, ""atr_mult"": 0.95, ""be_pct"": 0.05, ""tp_mult"": 6.85, ""trail_arm"": 1.35, ""trail_mult"": 2.25}",0,name 'old' is not defined
B|trend|rex_oscillator_signals|volatility_quality_signals|variance_volume_signals|sma_baseline,B,B,trend,rex_oscillator_signals,volatility_quality_signals,variance_volume_signals,sma_baseline,adx_dmi_exit,309.7,False,W3ONLY,-12.078500842080839,13.167185634325074,-19.714495109884083,-5.816639179430712,66,16.480967452305087,0.18312186058116764,19.133401339751266,3.326948013319657,3.060974412001245,1.7572357261345455,1.9118884324511207,5.384222549423384,0.4222222222222222,1.006463509624178,-0.4185508829502632,2.4046383620788516,19.594930518644396,8.022222222222222,90,1.0,1.7,-27.705966570861413,-0.2007678737018943,0.3749158670840161,-5.532285547389337,-21.878659877655117,-0.8303452761021557,33.366802182484875,20.460300546410412,0.14492753623188406,0.830880671363275,-0.3756235593061602,2.212003615795695,20.48330330214962,7.942028985507246,138,72,66,5,1.0,7.25,1.0,1.45,0.001,"{""base"": {""length"": 25}, ""c1"": {""almaOffset"": 0.85, ""almaSigma"": 6, ""framaFast"": 34, ""framaSlow"": 89, ""jurikPhase"": 1, ""jurikPower"": 1, ""lsOffset"": 0, ""modFBW"": 0.5, ""modFilter"": 0.8, ""sigAlmaOff"": 0.85, ""sigAlmaSig"": 6, ""sigFramaFast"": 34, ""sigFramaSlow"": 89, ""sigJurikPhase"": 1, ""sigJurikPower"": 1, ""sigLsOff"": 0, ""sigModFBW"": 0.5, ""sigModFilter"": 0.8, ""sigSmooth"": 41, ""sigVolAdj"": 10, ""smooth"": 17, ""volAdj"": 10}, ""c2"": {""atr_pct"": 0.017326, ""smooth"": 43}, ""exit_ind"": {""adx_smoothing"": 14, ""adx_threshold"": 25, ""di_length"": 14}, ""vol"": {""ema_len"": 5, ""filter_lookback"": 200, ""hline"": 0, ""lookback"": 20}}","{""base"": {""length"": 87}, ""c1"": {""almaOffset"": 0.85, ""almaSigma"": 6, ""framaFast"": 34, ""framaSlow"": 89, ""jurikPhase"": 1, ""jurikPower"": 1, ""lsOffset"": 0, ""modFBW"": 0.5, ""modFilter"": 0.8, ""sigAlmaOff"": 0.85, ""sigAlmaSig"": 6, ""sigFramaFast"": 34, ""sigFramaSlow"": 89, ""sigJurikPhase"": 1, ""sigJurikPower"": 1, ""sigLsOff"": 0, ""sigModFBW"": 0.5, ""sigModFilter"": 0.8, ""sigSmooth"": 41, ""sigVolAdj"": 10, ""smooth"": 92, ""volAdj"": 10}, ""c2"": {""atr_pct"": 0.49345, ""smooth"": 10}, ""exit_ind"": {""adx_smoothing"": 14, ""adx_threshold"": 25, ""di_length"": 14}, ""vol"": {""ema_len"": 10, ""filter_lookback"": 16, ""hline"": 0, ""lookback"": 200}}","{""atr_len"": 39, ""atr_mult"": 0.9, ""be_pct"": 0.05, ""tp_mult"": 11.0, ""trail_arm"": 2.8, ""trail_mult"": 0.9}",0,name 'old' is not defined
B|trend|mama_fama_signals|ssl_channel_signals|variance_volume_signals|tma_baseline,B,B,trend,mama_fama_signals,ssl_channel_signals,variance_volume_signals,tma_baseline,adx_dmi_exit,373.6,False,W3ONLY,-4.745737141034404,9.33392494023615,-11.384578714022911,-2.5440261208182333,58,4.974080972912206,0.062176012161402575,9.627296211429176,1.1104764744421418,0.5557850211519737,1.2038803472415682,4.566843751947412,8.94964920537521,0.375,0.9790380174606502,-0.4879411910181461,2.006467245402614,19.709184706893517,9.3875,80,1.0,3.0,5.963987749402957,0.021766378647456047,1.0622847336988346,0.2194607996421814,2.6640007902194887,0.2946858726609875,20.23845831341921,10.235000155759137,0.18248175182481752,2.0343518425530864,-0.4274714481171936,4.759035606970779,33.058467050367064,18.416058394160583,274,216,58,4,1.25,999.0,1.5,2.0,0.05,"{""base"": {""length"": 25}, ""c1"": {""fast_limit"": 0.075996, ""slow_limit"": 0.040557}, ""c2"": {""len"": 43}, ""exit_ind"": {""adx_smoothing"": 14, ""adx_threshold"": 25, ""di_length"": 14}, ""vol"": {""ema_len"": 19, ""filter_lookback"": 200, ""hline"": 0, ""lookback"": 16}}","{""base"": {""length"": 87}, ""c1"": {""fast_limit"": 0.5, ""slow_limit"": 0.05}, ""c2"": {""len"": 5}, ""exit_ind"": {""adx_smoothing"": 14, ""adx_threshold"": 25, ""di_length"": 14}, ""vol"": {""ema_len"": 43, ""filter_lookback"": 200, ""hline"": 0, ""lookback"": 3}}","{""atr_len"": 15, ""atr_mult"": 1.0, ""be_pct"": 0.05, ""tp_mult"": 999.0, ""trail_arm"": 2.0, ""trail_mult"": 1.5}",0,name 'old' is not defined
B|chop|trend_direction_force_index_signals|parabolic_sar_signals|waddah_attar_explosion_volume_signals|lsma_baseline,B,B,chop,trend_direction_force_index_signals,parabolic_sar_signals,waddah_attar_explosion_volume_signals,lsma_baseline,adx_dmi_exit,266.9,False,W3ONLY,-17.49099688889442,26.278063458641796,-7.939870805932278,-2.3762884346539437,78,8.271434523298542,0.09507396003791427,5.051804054664018,0.9120070375035922,0.7133001241007407,1.1520286021362776,5.077775092096046,11.596008810073263,0.27586206896551724,2.6116053760165925,-0.86360467462063,3.0240750806077283,9.506408173173138,8.379310344827585,87,1.0,3.0,-12.042789668926789,-0.05449226094537008,0.8913531945642209,-0.7293480970679826,-1.899476016665334,-0.4582829966858307,26.2780634586418,7.9550372721552245,0.38461538461538464,1.1623610262855182,-0.8150255654646753,1.4261651113027534,20.50443390016522,10.054298642533936,221,143,78,2,1.4,999.0,1.5,2.0,0.05,"{""base"": {""length"": 200, ""lsma_offset"": 0}, ""c1"": {""fhigh"": 0.061642, ""flow"": -0.142402, ""lookback"": 16}, ""c2"": {""sar_increment"": 0.056961, ""sar_maximum"": 0.246569, ""sar_start"": 0.00304}, ""exit_ind"": {""adx_smoothing"": 14, ""adx_threshold"": 25, ""di_length"": 14}, ""vol"": {""bbLen"": 20, ""bbStd"": 2, ""fastEma"": 87, ""sensitivity"": 649, ""slowEma"": 400}}","{""base"": {""length"": 16, ""lsma_offset"": 0}, ""c1"": {""fhigh"": 0.05, ""flow"": -0.5, ""lookback"": 16}, ""c2"": {""sar_increment"": 0.016223, ""sar_maximum"": 0.106734, ""sar_start"": 0.010673}, ""exit_ind"": {""adx_smoothing"": 14, ""adx_threshold"": 25, ""di_length"": 14}, ""vol"": {""bbLen"": 25, ""bbStd"": 2, ""fastEma"": 7, ""sensitivity"": 15, ""slowEma"": 400}}","{""atr_len"": 6, ""atr_mult"": 1.25, ""be_pct"": 0.05, ""tp_mult"": 1.5, ""trail_arm"": 2.0, ""trail_mult"": 1.5}",0,name 'old' is not defined
B|chop|donchian_breakout_signals|fx_sniper_ergodic_cci_signals|variance_volume_signals|fantail_vma,B,B,chop,donchian_breakout_signals,fx_sniper_ergodic_cci_signals,variance_volume_signals,fantail_vma,adx_dmi_exit,183.6,False,W3ONLY,4.005375395006384,20.491421975618106,1.6585633697289537,0.29103191329337885,93,5.58126775852355,0.04729887930952161,2.393960521625823,0.49448236629320486,0.2622103684295309,1.0804144998028462,10.63834071920176,21.285457901423595,0.2542372881355932,2.499583461678777,-0.7887072283163609,3.169215866088349,7.555083196206952,5.4491525423728815,118,1.0,2.85,14.561805384748927,0.08417228546097646,1.1552574359218926,0.6530853435184428,3.1728779817420634,0.7106293258747688,20.49142197561812,7.839117065508199,0.32947976878612717,1.9009326491551994,-0.808546169112909,2.351050220472623,29.135439415354895,6.4508670520231215,173,80,93,24,1.3,19.0,1.5,2.0,0.05,"{""base"": {""fma_adx_length"": 2, ""fma_ma_length"": 7, ""fma_weighting"": 8}, ""c1"": {""length"": 16}, ""c2"": {""cci_length"": 14, ""ema1_length"": 5, ""ema2_length"": 3, ""trigger_length"": 6}, ""exit_ind"": {""adx_smoothing"": 14, ""adx_threshold"": 25, ""di_length"": 14}, ""vol"": {""ema_len"": 12, ""filter_lookback"": 200, ""hline"": 0, ""lookback"": 20}}","{""base"": {""fma_adx_length"": 6, ""fma_ma_length"": 7, ""fma_weighting"": 28}, ""c1"": {""length"": 16}, ""c2"": {""cci_length"": 14, ""ema1_length"": 5, ""ema2_length"": 3, ""trigger_length"": 6}, ""exit_ind"": {""adx_smoothing"": 14, ""adx_threshold"": 25, ""di_length"": 14}, ""vol"": {""ema_len"": 28, ""filter_lookback"": 20, ""hline"": 0, ""lookback"": 20}}","{""atr_len"": 50, ""atr_mult"": 1.25, ""be_pct"": 0.05, ""tp_mult"": 7.5, ""trail_arm"": 2.0, ""trail_mult"": 1.5}",0,name 'old' is not defined
B|chop|ichimoku_signals|ichimoku_signals|volatility_ratio_volume_signals|mcginley_dynamic_index,B,B,chop,ichimoku_signals,ichimoku_signals,volatility_ratio_volume_signals,mcginley_dynamic_index,adx_dmi_exit,71.3,False,W3ONLY,-10.191844142977772,23.656661864272124,-4.574109727212809,-1.0067713794578028,87,6.770085650116528,0.0769327914785969,4.4123143419596005,1.1730257999915403,0.7096909411977077,1.1667943211326164,3.804858607506699,9.539484382724421,0.4431818181818182,1.214346436469257,-0.8283556198405003,1.4659723521922616,5.212788830041229,3.4204545454545454,88,1.0,1.25,-9.183388266870445,-0.0543395755436121,0.9093581994489897,-0.4557489696209611,-2.0278314227123793,-0.3881945948062864,23.656661864272124,11.621699920879523,0.21893491124260356,2.4900478075584873,-0.767539069291928,3.244196819655855,16.24728639682508,9.337278106508876,169,82,87,29,1.25,7.5,1.5,2.0,0.05,"{""base"": {""mci_length"": 17}, ""c1"": {""base_len"": 260, ""conversion_len"": 5, ""displacement"": 260, ""span_b_len"": 64}, ""c2"": {""base_len"": 26, ""conversion_len"": 11, ""displacement"": 32, ""span_b_len"": 42}, ""exit_ind"": {""adx_smoothing"": 14, ""adx_threshold"": 25, ""di_length"": 14}, ""vol"": {""length"": 2}}","{""base"": {""mci_length"": 17}, ""c1"": {""base_len"": 260, ""conversion_len"": 5, ""displacement"": 6, ""span_b_len"": 64}, ""c2"": {""base_len"": 26, ""conversion_len"": 9, ""displacement"": 9, ""span_b_len"": 64}, ""exit_ind"": {""adx_smoothing"": 14, ""adx_threshold"": 25, ""di_length"": 14}, ""vol"": {""length"": 2}}","{""atr_len"": 34, ""atr_mult"": 1.3, ""be_pct"": 0.05, ""tp_mult"": 6.7, ""trail_arm"": 2.0, ""trail_mult"": 1.5}",0,name 'old' is not defined
B|trend|fisher_transform_signals|dspo_signals|fractal_dimension_volume_signals|ema_baseline,B,B,trend,fisher_transform_signals,dspo_signals,fractal_dimension_volume_signals,ema_baseline,adx_dmi_exit,166.5,False,W3ONLY,19.129190959278233,9.382637389063479,11.307490302023725,1.999207656465672,154,19.719883285490944,0.06124187355742529,4.977913662582213,1.7215100511033041,2.1908983567038574,1.3108778177502551,3.6444590293197323,9.00082070222506,0.42857142857142855,0.6025564416422055,-0.3447440525061598,1.7478370903336733,17.056020454293996,5.565217391304348,322,1.0,1.1,7.080991880971389,0.026821938943073442,1.097557391274934,0.4935743149284663,2.1197904568303234,0.4113316531263607,17.214799364823293,8.701412654207331,0.24621212121212122,1.2255973125076327,-0.3647378564423353,3.360214167134029,20.841273527096728,7.674242424242424,264,110,154,4,1.0,9.25,0.5,1.0,0.12,"{""base"": {""ma_length"": 20}, ""c1"": {""length"": 43}, ""c2"": {""len"": 11}, ""exit_ind"": {""adx_smoothing"": 14, ""adx_threshold"": 25, ""di_length"": 14}, ""vol"": {""fd_threshold"": 1.5, ""length"": 16}}","{""base"": {""ma_length"": 20}, ""c1"": {""length"": 12}, ""c2"": {""len"": 5}, ""exit_ind"": {""adx_smoothing"": 14, ""adx_threshold"": 25, ""di_length"": 14}, ""vol"": {""fd_threshold"": 1.5, ""length"": 3}}","{""atr_len"": 3, ""atr_mult"": 1.5, ""be_pct"": 0.05, ""tp_mult"": 1.95, ""trail_arm"": 1.0, ""trail_mult"": 1.45}",0,name 'old' is not defined
B|trend|chandelier_exit_signals|ssl_channel_signals|chaikin_volatility_volume_signals|ema_baseline,B,B,trend,chandelier_exit_signals,ssl_channel_signals,chaikin_volatility_volume_signals,ema_baseline,adx_dmi_exit,296.0,False,W3ONLY,4.607038460153615,8.185702454734663,2.32016404611652,0.5957670209639225,168,4.023178455556645,0.02453157594851613,2.648631877759284,0.585717125249136,0.4760082619090713,1.0918562266482408,4.308431004517958,8.451908879525218,0.36585365853658536,0.7970304260443778,-0.4211408375683271,1.892550792856951,14.683393572491859,5.304878048780488,164,1.0,1.5,-14.64630293490617,-0.043077361573253446,0.8595078727962843,-0.7954525566634899,-3.248898180126472,-0.5716324824993595,25.62188710982249,15.05259482731559,0.22941176470588234,1.1487652259777499,-0.39790072733271237,2.887064906059314,14.388194180985446,10.458823529411765,340,172,168,2,1.25,5.95,0.5,2.0,0.05,"{""base"": {""ma_length"": 20}, ""c1"": {""atr_mult"": 6, ""atr_period"": 8}, ""c2"": {""len"": 10}, ""exit_ind"": {""adx_smoothing"": 14, ""adx_threshold"": 25, ""di_length"": 14}, ""vol"": {""cvi_len"": 19, ""roc_len"": 10}}","{""base"": {""ma_length"": 57}, ""c1"": {""atr_mult"": 6, ""atr_period"": 8}, ""c2"": {""len"": 12}, ""exit_ind"": {""adx_smoothing"": 14, ""adx_threshold"": 25, ""di_length"": 14}, ""vol"": {""cvi_len"": 12, ""roc_len"": 4}}","{""atr_len"": 10, ""atr_mult"": 1.3, ""be_pct"": 0.001, ""tp_mult"": 6.15, ""trail_arm"": 1.2, ""trail_mult"": 0.5}",0,name 'old' is not defined
B|chop|polychromatic_momentum_signals|fx_sniper_ergodic_cci_signals|damiani_volatmeter_volume_signals|ema_baseline,B,B,chop,polychromatic_momentum_signals,fx_sniper_ergodic_cci_signals,damiani_volatmeter_volume_signals,ema_baseline,adx_dmi_exit,156.7,False,W3ONLY,-5.95354503013653,21.692632314193073,-1.4066582604496396,-0.4115032670700361,157,9.859359531981893,0.09859359531981893,4.829651718158518,1.1706854232934298,1.0265179026276183,1.2046511694268944,4.693998137683035,9.60466398758804,0.34,1.7069345254318558,-0.729945671707594,2.338440505358089,8.714743927982001,5.32,100,1.0,2.55,32.412922258490006,0.11176869744306898,1.2216168341219675,1.0973636177401045,4.142684090618366,1.4941903679104367,21.692632314193094,8.835068102380273,0.35517241379310344,1.734655450637506,-0.7821207976319419,2.217886873600077,22.357532536586216,7.848275862068966,290,133,157,23,1.25,6.2,1.5,2.0,0.05,"{""base"": {""ma_length"": 11}, ""c1"": {""len"": 14}, ""c2"": {""cci_length"": 14, ""ema1_length"": 5, ""ema2_length"": 3, ""trigger_length"": 9}, ""exit_ind"": {""adx_smoothing"": 14, ""adx_threshold"": 25, ""di_length"": 14}, ""vol"": {""lag"": 1.4, ""sedimentation"": 50, ""threshold"": 1.4, ""viscosity"": 7}}","{""base"": {""ma_length"": 11}, ""c1"": {""len"": 14}, ""c2"": {""cci_length"": 14, ""ema1_length"": 4, ""ema2_length"": 3, ""trigger_length"": 9}, ""exit_ind"": {""adx_smoothing"": 14, ""adx_threshold"": 25, ""di_length"": 14}, ""vol"": {""lag"": 1.4, ""sedimentation"": 50, ""threshold"": 1.4, ""viscosity"": 7}}","{""atr_len"": 8, ""atr_mult"": 1.5, ""be_pct"": 0.05, ""tp_mult"": 8.5, ""trail_arm"": 2.0, ""trail_mult"": 1.5}",0,name 'old' is not defined
B|chop|dspo_signals|coral_signals|variance_volume_signals|rma_baseline,B,B,chop,dspo_signals,coral_signals,variance_volume_signals,rma_baseline,adx_dmi_exit,95.7,False,W3ONLY,-54.07319303186935,55.11110108270556,-28.38679644373996,-10.593928874974862,103,14.894850681203886,0.12109634700165761,5.934689007110181,1.4496273274660416,1.544285369425933,1.2287545086697014,3.4975949223785925,9.645141355409487,0.3333333333333333,1.9514065522953232,-0.7940587556451751,2.4575090173394027,7.4315750517684345,5.487804878048781,123,1.0,2.0,22.433696372092513,0.11807208616890796,1.1734968107329307,0.4783290634523152,4.967444992830706,0.3902413232258406,57.48672689670457,27.60613360880942,0.14210526315789473,5.619885809617596,-0.7932712913348624,7.084443709239545,32.93139468344872,28.42105263157895,190,87,103,15,0.9,999.0,1.5,2.0,0.05,"{""base"": {""ma_length"": 200}, ""c1"": {""len"": 61}, ""c2"": {""const_d"": 17, ""smooth_period"": 19}, ""exit_ind"": {""adx_smoothing"": 14, ""adx_threshold"": 25, ""di_length"": 14}, ""vol"": {""ema_len"": 28, ""filter_lookback"": 57, ""hline"": 0, ""lookback"": 200}}","{""base"": {""ma_length"": 132}, ""c1"": {""len"": 7}, ""c2"": {""const_d"": 17, ""smooth_period"": 10}, ""exit_ind"": {""adx_smoothing"": 14, ""adx_threshold"": 25, ""di_length"": 14}, ""vol"": {""ema_len"": 12, ""filter_lookback"": 3, ""hline"": 0, ""lookback"": 200}}","{""atr_len"": 7, ""atr_mult"": 1.4, ""be_pct"": 0.05, ""tp_mult"": 25.0, ""trail_arm"": 2.0, ""trail_mult"": 1.5}",0,name 'old' is not defined
B|trend|volatility_quality_signals|schaff_trend_cycle_signals|variance_volume_signals|tma_baseline,B,B,trend,volatility_quality_signals,schaff_trend_cycle_signals,variance_volume_signals,tma_baseline,adx_dmi_exit,313.0,True,W3ONLY,11.680614860339354,6.5811473815528165,79.27291549044304,2.5564198570521364,70,9.625398354106986,0.06875284538647847,6.989347633891587,1.3562148237465865,0.849034512063662,1.2462283055949184,5.0025449040698415,11.336875259300717,0.32857142857142857,1.0590598775121023,-0.41586548948350766,2.5466404505635287,16.103309311694044,8.55,140,1.0,2.55,30.86990764622768,0.1953791623178967,1.7648704229937937,2.5484024361048334,19.98096338034502,4.4473735442741695,6.9411546700347575,2.952578819505096,0.31645569620253167,1.4245912857273426,-0.37370052444573537,3.812120113666594,24.589335937735562,10.139240506329115,158,88,70,16,0.6,999.0,1.5,2.0,0.05,"{""base"": {""length"": 25}, ""c1"": {""atr_pct"": 0.075, ""smooth"": 10}, ""c2"": {""cycleLen"": 10, ""d1"": 9, ""d2"": 4, ""lowerBand"": 25, ""macdFast"": 28, ""macdSlow"": 41, ""stc_midline"": 94, ""upperBand"": 75}, ""exit_ind"": {""adx_smoothing"": 14, ""adx_threshold"": 25, ""di_length"": 14}, ""vol"": {""ema_len"": 12, ""filter_lookback"": 87, ""hline"": 0, ""lookback"": 20}}","{""base"": {""length"": 20}, ""c1"": {""atr_pct"": 0.075, ""smooth"": 10}, ""c2"": {""cycleLen"": 10, ""d1"": 3, ""d2"": 2, ""lowerBand"": 25, ""macdFast"": 23, ""macdSlow"": 5, ""stc_midline"": 50, ""upperBand"": 75}, ""exit_ind"": {""adx_smoothing"": 14, ""adx_threshold"": 25, ""di_length"": 14}, ""vol"": {""ema_len"": 8, ""filter_lookback"": 132, ""hline"": 0, ""lookback"": 16}}","{""atr_len"": 22, ""atr_mult"": 1.5, ""be_pct"": 0.05, ""tp_mult"": 13.5, ""trail_arm"": 1.0, ""trail_mult"": 2.25}",0,name 'old' is not defined
B|chop|polychromatic_momentum_signals|parabolic_sar_signals|damiani_volatmeter_volume_signals|mcginley_dynamic_index,B,B,chop,polychromatic_momentum_signals,parabolic_sar_signals,damiani_volatmeter_volume_signals,mcginley_dynamic_index,adx_dmi_exit,166.2,False,W3ONLY,0.2305651997969892,17.70313857525545,0.1208267816791578,0.022153074595223535,71,16.452419611205833,0.10412923804560655,5.285685538090688,1.2518713582546368,0.848767269776834,1.1946180237140087,9.297312332260462,19.383899682573364,0.36075949367088606,1.7717438197318696,-0.8369997833020862,2.1167793051774537,5.901416080148616,5.531645569620253,158,1.0,2.0,30.538005349696995,0.15117824430543067,1.2650441596342823,1.1084992699438425,5.120820998577309,1.7250051576945504,17.703138575255444,6.846648468321593,0.33663366336633666,2.143478843400172,-0.8598399701605577,2.49288113810285,30.622009232091685,9.465346534653465,202,131,71,38,1.4,14.0,1.5,2.0,0.05,"{""base"": {""mci_length"": 17}, ""c1"": {""len"": 14}, ""c2"": {""sar_increment"": 0.010673, ""sar_maximum"": 0.162226, ""sar_start"": 0.02}, ""exit_ind"": {""adx_smoothing"": 14, ""adx_threshold"": 25, ""di_length"": 14}, ""vol"": {""lag"": 1.4, ""sedimentation"": 94, ""threshold"": 1.4, ""viscosity"": 6}}","{""base"": {""mci_length"": 5}, ""c1"": {""len"": 14}, ""c2"": {""sar_increment"": 0.024657, ""sar_maximum"": 0.2, ""sar_start"": 0.016223}, ""exit_ind"": {""adx_smoothing"": 14, ""adx_threshold"": 25, ""di_length"": 14}, ""vol"": {""lag"": 1.4, ""sedimentation"": 62, ""threshold"": 1.4, ""viscosity"": 4}}","{""atr_len"": 31, ""atr_mult"": 1.5, ""be_pct"": 0.05, ""tp_mult"": 10.25, ""trail_arm"": 2.0, ""trail_mult"": 1.5}",0,name 'old' is not defined
B|chop|linreg_slope_signals|kalman_filter_signals|waddah_attar_explosion_volume_signals|ema_baseline,B,B,chop,linreg_slope_signals,kalman_filter_signals,waddah_attar_explosion_volume_signals,ema_baseline,adx_dmi_exit,273.2,False,W3ONLY,0.38376021798968796,7.221619116254108,0.2708763877867015,0.08157861470999823,51,2.205340083644767,0.0432419624244072,2.3651204500576113,0.488583070844312,0.34659010065115237,1.0740226062040679,3.0787984013272096,6.362963279971091,0.29411764705882354,2.1332087818980274,-0.827577545689601,2.5776542548897634,7.125056002398649,4.411764705882353,51,1.0,2.3,-27.903375283254224,-0.1835748373898304,0.6721694836226879,-2.527293053879777,-8.812061762938484,-0.744535444639529,37.477564680300475,24.07814738078833,0.2565789473684211,1.46697106243798,-0.7532322718436765,1.9475679910093266,13.526338919567603,6.901315789473684,152,101,51,30,1.5,2.3,1.5,2.0,0.05,"{""base"": {""ma_length"": 25}, ""c1"": {""length"": 26, ""r2_floor"": 0.070224}, ""c2"": {""k"": 10, ""sharpness"": 4}, ""exit_ind"": {""adx_smoothing"": 14, ""adx_threshold"": 25, ""di_length"": 14}, ""vol"": {""bbLen"": 20, ""bbStd"": 2, ""fastEma"": 5, ""sensitivity"": 15, ""slowEma"": 40}}","{""base"": {""ma_length"": 25}, ""c1"": {""length"": 26, ""r2_floor"": 0.246569}, ""c2"": {""k"": 3, ""sharpness"": 1}, ""exit_ind"": {""adx_smoothing"": 14, ""adx_threshold"": 25, ""di_length"": 14}, ""vol"": {""bbLen"": 25, ""bbStd"": 6, ""fastEma"": 87, ""sensitivity"": 15, ""slowEma"": 9}}","{""atr_len"": 2, ""atr_mult"": 0.8, ""be_pct"": 0.05, ""tp_mult"": 11.25, ""trail_arm"": 2.0, ""trail_mult"": 1.5}",0,name 'old' is not defined
B|trend|bears_bulls_impulse_signals|fx_sniper_ergodic_cci_signals|variance_volume_signals|sma_baseline,B,B,trend,bears_bulls_impulse_signals,fx_sniper_ergodic_cci_signals,variance_volume_signals,sma_baseline,adx_dmi_exit,225.6,False,W3ONLY,7.973613332637359,9.378106627059307,5.759932160210254,1.1856970402057723,98,7.032128239376473,0.07480987488698375,6.623133239722844,1.8554941166525798,1.5082769883227185,1.319876326814355,1.497950218548067,4.662358634269532,0.425531914893617,0.7254006323874038,-0.40710920474295703,1.781833041199379,13.45543292967419,6.776595744680851,94,1.0,1.25,-0.7283125602379457,-0.0034681550487521222,0.9903352683352641,-0.03247553202665882,-0.27109439944891073,-0.03518965706120664,20.69677914084713,12.12038156664109,0.18095238095238095,1.9639329117230329,-0.43812653026577425,4.482570161938564,40.9934272023402,13.242857142857142,210,112,98,7,1.5,8.25,1.35,1.45,0.001,"{""base"": {""length"": 25}, ""c1"": {""length"": 37}, ""c2"": {""cci_length"": 14, ""ema1_length"": 6, ""ema2_length"": 3, ""trigger_length"": 33}, ""exit_ind"": {""adx_smoothing"": 14, ""adx_threshold"": 25, ""di_length"": 14}, ""vol"": {""ema_len"": 19, ""filter_lookback"": 200, ""hline"": 0, ""lookback"": 20}}","{""base"": {""length"": 200}, ""c1"": {""length"": 11}, ""c2"": {""cci_length"": 17, ""ema1_length"": 33, ""ema2_length"": 3, ""trigger_length"": 5}, ""exit_ind"": {""adx_smoothing"": 14, ""adx_threshold"": 25, ""di_length"": 14}, ""vol"": {""ema_len"": 2, ""filter_lookback"": 25, ""hline"": 0, ""lookback"": 132}}","{""atr_len"": 41, ""atr_mult"": 0.75, ""be_pct"": 0.05, ""tp_mult"": 30.0, ""trail_arm"": 1.85, ""trail_mult"": 0.5}",0,name 'old' is not defined
B|trend|relative_vigor_index_signals|center_of_gravity_signals|volatility_ratio_volume_signals|tma_baseline,B,B,trend,relative_vigor_index_signals,center_of_gravity_signals,volatility_ratio_volume_signals,tma_baseline,adx_dmi_exit,164.9,True,W3ONLY,13.905457642398893,8.78325809505579,6.829128939958895,2.2920577184604802,140,10.344617388376019,0.07389012420268586,6.2423803171887,1.7924104443602338,0.8947087806143509,1.33179075712759,5.73295828402467,11.561993815767515,0.34285714285714286,0.8650573647135135,-0.3388927838899199,2.552598951161214,16.625264956602237,6.042857142857143,140,1.0,1.45,87.69870195157907,0.2214613685645936,1.7848228381359117,0.9524272093032617,15.265735933941185,4.787808172643516,18.317087650392967,6.209052797354165,0.30808080808080807,1.634770592426909,-0.4078223004543936,4.008536538108523,46.96966188878985,7.3106060606060606,396,256,140,4,1.4,1.45,1.5,1.7,0.001,"{""base"": {""length"": 37}, ""c1"": {""len"": 10}, ""c2"": {""length"": 12, ""signal_length"": 3}, ""exit_ind"": {""adx_smoothing"": 14, ""adx_threshold"": 25, ""di_length"": 14}, ""vol"": {""length"": 7}}","{""base"": {""length"": 37}, ""c1"": {""len"": 10}, ""c2"": {""length"": 10, ""signal_length"": 3}, ""exit_ind"": {""adx_smoothing"": 14, ""adx_threshold"": 25, ""di_length"": 14}, ""vol"": {""length"": 5}}","{""atr_len"": 22, ""atr_mult"": 1.5, ""be_pct"": 0.01, ""tp_mult"": 2.45, ""trail_arm"": 1.1, ""trail_mult"": 1.45}",0,name 'old' is not defined
B|trend|polychromatic_momentum_signals|linreg_slope_signals|waddah_attar_explosion_volume_signals|t3_baseline,B,B,trend,polychromatic_momentum_signals,linreg_slope_signals,waddah_attar_explosion_volume_signals,t3_baseline,adx_dmi_exit,264.1,False,W3ONLY,6.370509106679125,5.701884646017929,18.14789345197973,2.3637339040247336,56,7.982067958915211,0.11738335233698839,11.275447561318831,2.4879144337210413,1.4048325908629007,1.5221266173906491,2.5961151437268914,5.6818641671833126,0.4117647058823529,0.8310599176392347,-0.3821902433745839,2.1744665962723557,17.086237647925753,5.602941176470588,68,1.0,2.95,14.779965702161022,0.11196943713758349,1.519747733635994,2.089029311388957,13.789673159157678,2.5921193815246713,5.701884646017932,2.2844304690545347,0.3787878787878788,0.8643354429634935,-0.34679032251236164,2.49238628316303,25.410221729640497,6.818181818181818,132,76,56,3,0.9,8.5,0.5,2.0,0.05,"{""base"": {""length"": 10, ""volume_factor"": 0.7}, ""c1"": {""len"": 14}, ""c2"": {""length"": 14, ""r2_floor"": 0.2}, ""exit_ind"": {""adx_smoothing"": 14, ""adx_threshold"": 25, ""di_length"": 14}, ""vol"": {""bbLen"": 25, ""bbStd"": 2, ""fastEma"": 3, ""sensitivity"": 53, ""slowEma"": 40}}","{""base"": {""length"": 10, ""volume_factor"": 0.7}, ""c1"": {""len"": 14}, ""c2"": {""length"": 14, ""r2_floor"": 0.2}, ""exit_ind"": {""adx_smoothing"": 14, ""adx_threshold"": 25, ""di_length"": 14}, ""vol"": {""bbLen"": 11, ""bbStd"": 2, ""fastEma"": 16, ""sensitivity"": 35, ""slowEma"": 40}}","{""atr_len"": 3, ""atr_mult"": 0.8, ""be_pct"": 0.05, ""tp_mult"": 7.5, ""trail_arm"": 2.0, ""trail_mult"": 0.5}",0,name 'old' is not defined
B|trend|donchian_breakout_signals|volatility_quality_signals|variance_volume_signals|ema_baseline,B,B,trend,donchian_breakout_signals,volatility_quality_signals,variance_volume_signals,ema_baseline,adx_dmi_exit,201.0,True,W3ONLY,1.6529056729843798,5.650232829175974,3.8744476913644674,0.8876668637495982,32,-2.776732417814812,-0.05339870034259254,-5.01469488963285,-1.15753128143704,-0.46667811613225796,0.8279218797716116,3.046502155286626,5.94999491475593,0.21153846153846154,1.21452106643023,-0.3935722963060327,3.085890642785097,19.971710418308152,4.673076923076923,52,1.0,1.6,0.9127529844712114,0.0071308826911813394,1.028731577695381,0.11884829132845406,0.7013814264808577,0.0883750261330071,10.328177816858469,4.473209893050534,0.25,1.021282475892586,-0.3309196483759535,3.086194733086143,37.14440863108162,6.6015625,128,96,32,43,1.35,13.5,0.5,2.0,0.05,"{""base"": {""ma_length"": 20}, ""c1"": {""length"": 57}, ""c2"": {""atr_pct"": 0.075, ""smooth"": 10}, ""exit_ind"": {""adx_smoothing"": 14, ""adx_threshold"": 25, ""di_length"": 14}, ""vol"": {""ema_len"": 100, ""filter_lookback"": 132, ""hline"": 0, ""lookback"": 11}}","{""base"": {""ma_length"": 16}, ""c1"": {""length"": 87}, ""c2"": {""atr_pct"": 0.075, ""smooth"": 12}, ""exit_ind"": {""adx_smoothing"": 14, ""adx_threshold"": 25, ""di_length"": 14}, ""vol"": {""ema_len"": 66, ""filter_lookback"": 200, ""hline"": 0, ""lookback"": 11}}","{""atr_len"": 27, ""atr_mult"": 0.75, ""be_pct"": 0.05, ""tp_mult"": 11.75, ""trail_arm"": 2.0, ""trail_mult"": 0.5}",0,name 'old' is not defined
B|trend|schaff_trend_cycle_signals|supertrend_signals|variance_volume_signals|mcginley_dynamic_index,B,B,trend,schaff_trend_cycle_signals,supertrend_signals,variance_volume_signals,mcginley_dynamic_index,adx_dmi_exit,356.9,False,W3ONLY,-6.834794370143304,15.033625911829102,-7.121011777026497,-2.5205769303603116,64,14.460339671754623,0.24100566119591038,24.95293273851632,4.312753939205662,2.1269657120575105,2.0874132402984933,3.9977082097835206,6.798576765850391,0.4666666666666667,0.9913665940488702,-0.41556015505042954,2.3856151317697067,20.113247250392533,8.85,60,1.0,2.3,-0.8485532935609612,-0.0037217249717586016,0.9870378597409974,-0.06110112389435053,-0.2973531453015715,-0.0302060928857401,28.092123558341836,13.665077531221872,0.21052631578947367,1.3461547276932329,-0.36368877901575636,3.7013919740287404,20.500854675401424,7.342105263157895,228,164,64,3,1.4,7.3,0.6,1.0,0.05,"{""base"": {""mci_length"": 17}, ""c1"": {""cycleLen"": 10, ""d1"": 3, ""d2"": 3, ""lowerBand"": 25, ""macdFast"": 23, ""macdSlow"": 62, ""stc_midline"": 62, ""upperBand"": 75}, ""c2"": {""atr_period"": 8, ""factor"": 4}, ""exit_ind"": {""adx_smoothing"": 14, ""adx_threshold"": 25, ""di_length"": 14}, ""vol"": {""ema_len"": 28, ""filter_lookback"": 16, ""hline"": 0, ""lookback"": 132}}","{""base"": {""mci_length"": 7}, ""c1"": {""cycleLen"": 10, ""d1"": 3, ""d2"": 3, ""lowerBand"": 25, ""macdFast"": 8, ""macdSlow"": 94, ""stc_midline"": 62, ""upperBand"": 75}, ""c2"": {""atr_period"": 5, ""factor"": 3}, ""exit_ind"": {""adx_smoothing"": 14, ""adx_threshold"": 25, ""di_length"": 14}, ""vol"": {""ema_len"": 12, ""filter_lookback"": 37, ""hline"": 0, ""lookback"": 200}}","{""atr_len"": 50, ""atr_mult"": 1.35, ""be_pct"": 0.05, ""tp_mult"": 8.5, ""trail_arm"": 1.0, ""trail_mult"": 0.5}",0,name 'old' is not defined
B|trend|fisher_transform_signals|trend_direction_force_index_signals|efficiency_ratio_volume_signals|rma_baseline,B,B,trend,fisher_transform_signals,trend_direction_force_index_signals,efficiency_ratio_volume_signals,rma_baseline,adx_dmi_exit,145.5,False,W3ONLY,-9.337666774235302,15.03228904461257,-11.882095207560512,-4.754692738445004,60,4.118497361121334,0.060566137663549034,6.373028919139723,1.4862367022898344,0.6880333359995987,1.2563359887267094,2.6017002850859217,5.98589798725063,0.27941176470588236,1.0623837220653163,-0.32789374200244237,3.240024391979408,7.6958914517567045,6.470588235294118,68,1.0,2.05,9.401808768176467,0.07016275200131691,1.243890952283214,0.6550293390557429,6.341775967682825,0.3849375232402823,24.424246015392356,12.838796147228134,0.208955223880597,1.7125371506564728,-0.3636719948132526,4.70901574792931,48.40314727483453,23.46268656716418,134,74,60,16,1.4,8.0,0.5,1.0,0.05,"{""base"": {""ma_length"": 5}, ""c1"": {""length"": 4}, ""c2"": {""fhigh"": 0.5, ""flow"": -0.026683, ""lookback"": 24}, ""exit_ind"": {""adx_smoothing"": 14, ""adx_threshold"": 25, ""di_length"": 14}, ""vol"": {""er_threshold"": 0.562145, ""length"": 4}}","{""base"": {""ma_length"": 200}, ""c1"": {""length"": 8}, ""c2"": {""fhigh"": 0.05, ""flow"": -0.093691, ""lookback"": 16}, ""exit_ind"": {""adx_smoothing"": 14, ""adx_threshold"": 25, ""di_length"": 14}, ""vol"": {""er_threshold"": 0.369854, ""length"": 4}}","{""atr_len"": 35, ""atr_mult"": 0.8, ""be_pct"": 0.05, ""tp_mult"": 30.0, ""trail_arm"": 2.95, ""trail_mult"": 0.5}",0,name 'old' is not defined
B|trend|rex_oscillator_signals|parabolic_sar_signals|variance_volume_signals|ema_baseline,B,B,trend,rex_oscillator_signals,parabolic_sar_signals,variance_volume_signals,ema_baseline,adx_dmi_exit,371.8,False,W3ONLY,12.022449140497814,8.21009341078452,11.77931327012686,2.7639152403411926,80,16.61197797860142,0.21857865761317657,21.77168313052582,4.01416625618822,3.393633551001015,1.8897934437250028,1.8266656744057646,4.8950417683433765,0.3684210526315789,1.2600519533355958,-0.3889474315582346,3.239645903528576,12.571838319553017,6.815789473684211,76,1.0,2.6,11.451818900137452,0.03408279434564718,1.1125263198446076,0.6116664601823852,2.3048209773739528,0.8155062913985885,14.042588047356016,6.931413045045398,0.28869047619047616,1.1672366508345131,-0.42581646958498043,2.7411730973490847,16.514413371036746,8.056547619047619,336,256,80,4,1.25,999.0,1.45,1.5,0.05,"{""base"": {""ma_length"": 20}, ""c1"": {""almaOffset"": 0.85, ""almaSigma"": 6, ""framaFast"": 34, ""framaSlow"": 89, ""jurikPhase"": 1, ""jurikPower"": 1, ""lsOffset"": 0, ""modFBW"": 0.5, ""modFilter"": 0.8, ""sigAlmaOff"": 0.85, ""sigAlmaSig"": 6, ""sigFramaFast"": 34, ""sigFramaSlow"": 89, ""sigJurikPhase"": 1, ""sigJurikPower"": 1, ""sigLsOff"": 0, ""sigModFBW"": 0.5, ""sigModFilter"": 0.8, ""sigSmooth"": 12, ""sigVolAdj"": 10, ""smooth"": 92, ""volAdj"": 10}, ""c2"": {""sar_increment"": 0.002, ""sar_maximum"": 0.030398, ""sar_start"": 0.024657}, ""exit_ind"": {""adx_smoothing"": 14, ""adx_threshold"": 25, ""di_length"": 14}, ""vol"": {""ema_len"": 12, ""filter_lookback"": 200, ""hline"": 0, ""lookback"": 20}}","{""base"": {""ma_length"": 20}, ""c1"": {""almaOffset"": 0.85, ""almaSigma"": 6, ""framaFast"": 34, ""framaSlow"": 89, ""jurikPhase"": 1, ""jurikPower"": 1, ""lsOffset"": 0, ""modFBW"": 0.5, ""modFilter"": 0.8, ""sigAlmaOff"": 0.85, ""sigAlmaSig"": 6, ""sigFramaFast"": 34, ""sigFramaSlow"": 89, ""sigJurikPhase"": 1, ""sigJurikPower"": 1, ""sigLsOff"": 0, ""sigModFBW"": 0.5, ""sigModFilter"": 0.8, ""sigSmooth"": 95, ""sigVolAdj"": 10, ""smooth"": 14, ""volAdj"": 10}, ""c2"": {""sar_increment"": 0.010673, ""sar_maximum"": 0.030398, ""sar_start"": 0.024657}, ""exit_ind"": {""adx_smoothing"": 14, ""adx_threshold"": 25, ""di_length"": 14}, ""vol"": {""ema_len"": 43, ""filter_lookback"": 7, ""hline"": 0, ""lookback"": 20}}","{""atr_len"": 11, ""atr_mult"": 1.35, ""be_pct"": 0.01, ""tp_mult"": 2.3, ""trail_arm"": 1.3, ""trail_mult"": 1.65}",0,name 'old' is not defined
B|trend|j_tpo_signals|coppock_curve_signals|variance_volume_signals|rma_baseline,B,B,trend,j_tpo_signals,coppock_curve_signals,variance_volume_signals,rma_baseline,adx_dmi_exit,708.7,False,W3ONLY,-7.380392334115306,13.406952796865383,-6.203072452688859,-2.024374062746946,82,1.8939128798208715,0.02152173727069172,2.2393331225407818,0.4995631953078605,0.195134621095607,1.0838106962587997,4.628244976586736,9.705673289482245,0.3409090909090909,0.8163806962434295,-0.38961220702555194,2.095367346100346,15.061992390475108,10.909090909090908,88,1.0,2.7,-31.00976954238785,-0.0838101879523996,0.7042574769328371,-1.9677034591152749,-6.092996951234402,-0.9036869370215899,34.31472589898353,22.96004849076182,0.21621621621621623,0.9230521634029284,-0.36156531936076597,2.5529333538815346,17.685114687103326,6.7405405405405405,370,288,82,2,1.35,11.0,0.7,1.75,0.05,"{""base"": {""ma_length"": 16}, ""c1"": {""ema_len"": 200, ""len"": 9}, ""c2"": {""long_roc"": 40, ""short_roc"": 14, ""smooth_len"": 12}, ""exit_ind"": {""adx_smoothing"": 14, ""adx_threshold"": 25, ""di_length"": 14}, ""vol"": {""ema_len"": 12, ""filter_lookback"": 200, ""hline"": 0, ""lookback"": 25}}","{""base"": {""ma_length"": 11}, ""c1"": {""ema_len"": 200, ""len"": 400}, ""c2"": {""long_roc"": 17, ""short_roc"": 48, ""smooth_len"": 19}, ""exit_ind"": {""adx_smoothing"": 14, ""adx_threshold"": 25, ""di_length"": 14}, ""vol"": {""ema_len"": 66, ""filter_lookback"": 3, ""hline"": 0, ""lookback"": 11}}","{""atr_len"": 36, ""atr_mult"": 1.4, ""be_pct"": 0.05, ""tp_mult"": 3.1, ""trail_arm"": 1.0, ""trail_mult"": 1.1}",0,name 'old' is not defined
B|trend|kuskus_starlight_signals|coral_signals|variance_volume_signals|super_smoother_2pole_baseline,B,B,trend,kuskus_starlight_signals,coral_signals,variance_volume_signals,super_smoother_2pole_baseline,adx_dmi_exit,246.2,False,W3ONLY,-8.936927677232791,8.781627489304768,-19.57180000338592,-10.112567731208081,40,6.251341639021115,0.06794936564153387,4.534930005072511,1.3904320798015182,1.6000901964087573,1.249081284804673,1.7190054510531403,3.9068682834577872,0.31521739130434784,1.080997874794269,-0.3983745512700425,2.7135214118170485,16.631133172091783,6.684782608695652,92,1.0,1.95,-28.41135315188896,-0.17115272983065638,0.5171547060892471,-3.1674488463860593,-18.365592616687707,-1.0179515501909266,27.910319647885142,17.56003277359171,0.0963855421686747,1.9018857041478627,-0.3922768294550318,4.848325369586692,13.127497739288168,10.46987951807229,166,126,40,2,1.3,999.0,1.5,2.0,0.05,"{""base"": {""cutoff_period"": 43}, ""c1"": {""index_smooth"": 0.07, ""price_smooth"": 0.373569, ""range_periods"": 197}, ""c2"": {""const_d"": 7, ""smooth_period"": 28}, ""exit_ind"": {""adx_smoothing"": 14, ""adx_threshold"": 25, ""di_length"": 14}, ""vol"": {""ema_len"": 19, ""filter_lookback"": 200, ""hline"": 0, ""lookback"": 16}}","{""base"": {""cutoff_period"": 99}, ""c1"": {""index_smooth"": 0.7, ""price_smooth"": 0.567792, ""range_periods"": 30}, ""c2"": {""const_d"": 17, ""smooth_period"": 10}, ""exit_ind"": {""adx_smoothing"": 14, ""adx_threshold"": 25, ""di_length"": 14}, ""vol"": {""ema_len"": 100, ""filter_lookback"": 57, ""hline"": 0, ""lookback"": 16}}","{""atr_len"": 29, ""atr_mult"": 0.95, ""be_pct"": 0.05, ""tp_mult"": 22.0, ""trail_arm"": 2.0, ""trail_mult"": 0.8}",0,name 'old' is not defined
B|chop|hieken_ashi_smoothed_signals|waddah_attar_explosion_signals|choppiness_index_volume_signals|fantail_vma,B,B,chop,hieken_ashi_smoothed_signals,waddah_attar_explosion_signals,choppiness_index_volume_signals,fantail_vma,adx_dmi_exit,1476.6,False,W3ONLY,-0.42822452608005035,10.370123560482773,-0.5471029266152851,-0.06428659137371825,63,15.20590694155747,0.15676192723255125,8.13542586212234,2.1214865913230376,2.7681510787210524,1.3587218704112216,2.541677665756059,5.493163671031619,0.38144329896907214,1.5566225403939267,-0.7064854508836304,2.203332762829008,6.202495180656458,3.731958762886598,97,1.0,1.8,22.329825046850836,0.11451192331718377,1.2238915801205135,0.8655602875506467,5.245823408103646,1.1950015573820616,18.686021711778928,9.879521148502018,0.2564102564102564,2.441296349393258,-0.6878275339504281,3.549285582349489,29.12574061781565,8.097435897435897,195,132,63,2,0.7,7.35,1.5,2.0,0.05,"{""base"": {""fma_adx_length"": 2, ""fma_ma_length"": 17, ""fma_weighting"": 8}, ""c1"": {""alma_offset1"": 0.85, ""alma_offset2"": 0.85, ""alma_sigma1"": 6, ""alma_sigma2"": 6, ""ama_smooth1"": 0.181, ""ama_smooth2"": 0.181, ""frama_t1_a"": 1, ""frama_t1_b"": 168, ""frama_t2_a"": 1, ""frama_t2_b"": 168, ""lsma_offset1"": 0, ""lsma_offset2"": 0, ""ma_len1"": 10, ""ma_len2"": 53, ""vol_factor1"": 0.124633, ""vol_factor2"": 0.82}, ""c2"": {""bbLen"": 57, ""bbStd"": 20, ""fastEma"": 3, ""sensitivity"": 23, ""slowEma"": 263}, ""exit_ind"": {""adx_smoothing"": 14, ""adx_threshold"": 25, ""di_length"": 14}, ""vol"": {""ci_threshold"": 61.8, ""length"": 7}}","{""base"": {""fma_adx_length"": 2, ""fma_ma_length"": 17, ""fma_weighting"": 10}, ""c1"": {""alma_offset1"": 0.85, ""alma_offset2"": 0.85, ""alma_sigma1"": 6, ""alma_sigma2"": 6, ""ama_smooth1"": 0.181, ""ama_smooth2"": 0.181, ""frama_t1_a"": 1, ""frama_t1_b"": 168, ""frama_t2_a"": 1, ""frama_t2_b"": 168, ""lsma_offset1"": 0, ""lsma_offset2"": 0, ""ma_len1"": 8, ""ma_len2"": 8, ""vol_factor1"": 0.189431, ""vol_factor2"": 0.82}, ""c2"": {""bbLen"": 2, ""bbStd"": 4, ""fastEma"": 25, ""sensitivity"": 53, ""slowEma"": 49}, ""exit_ind"": {""adx_smoothing"": 14, ""adx_threshold"": 25, ""di_length"": 14}, ""vol"": {""ci_threshold"": 61.8, ""length"": 5}}","{""atr_len"": 17, ""atr_mult"": 1.35, ""be_pct"": 0.05, ""tp_mult"": 13.5, ""trail_arm"": 2.0, ""trail_mult"": 1.5}",0,name 'old' is not defined
B|chop|center_of_gravity_signals|kalman_filter_signals|variance_volume_signals|mcginley_dynamic_index,B,B,chop,center_of_gravity_signals,kalman_filter_signals,variance_volume_signals,mcginley_dynamic_index,adx_dmi_exit,83.6,False,W3ONLY,-9.518759157404254,26.26776379872348,-7.766080616235386,-1.2131762988518575,57,2.2527236689821475,0.01893045099984998,0.9647647367859077,0.2435267606024418,0.171580317214926,1.036153002594775,5.791351884000289,13.129266255874366,0.2773109243697479,1.9564713822351654,-0.7245445574974222,2.7002775219136557,6.153750751758753,4.294117647058823,119,1.0,2.0,-35.20515400896537,-0.22423664973863294,0.6663104847224314,-1.9678968022482086,-8.094084461028165,-0.8700876336149828,40.461618633398245,21.78037017693541,0.1464968152866242,3.0564162399170685,-0.7873337875153578,3.8819828240350347,27.470738177460017,14.579617834394904,157,100,57,13,0.95,26.0,1.5,2.0,0.05,"{""base"": {""mci_length"": 40}, ""c1"": {""length"": 28, ""signal_length"": 20}, ""c2"": {""k"": 1, ""sharpness"": 3}, ""exit_ind"": {""adx_smoothing"": 14, ""adx_threshold"": 25, ""di_length"": 14}, ""vol"": {""ema_len"": 100, ""filter_lookback"": 7, ""hline"": 0, ""lookback"": 87}}","{""base"": {""mci_length"": 40}, ""c1"": {""length"": 28, ""signal_length"": 3}, ""c2"": {""k"": 1, ""sharpness"": 1}, ""exit_ind"": {""adx_smoothing"": 14, ""adx_threshold"": 25, ""di_length"": 14}, ""vol"": {""ema_len"": 12, ""filter_lookback"": 37, ""hline"": 0, ""lookback"": 11}}","{""atr_len"": 9, ""atr_mult"": 1.5, ""be_pct"": 0.05, ""tp_mult"": 26.0, ""trail_arm"": 2.0, ""trail_mult"": 1.5}",0,name 'old' is not defined
B|trend|coppock_curve_signals|fx_sniper_ergodic_cci_signals|variance_volume_signals|lsma_baseline,B,B,trend,coppock_curve_signals,fx_sniper_ergodic_cci_signals,variance_volume_signals,lsma_baseline,adx_dmi_exit,275.8,False,W3ONLY,7.836161008513599,2.494834513752405,8.448418692877144,2.3289227886587907,76,8.43122840890097,0.13598755498227372,12.799153511270307,2.8729284698876274,3.128036371467339,1.6394905362078325,1.08476708720754,2.695374160545948,0.3870967741935484,0.900646582601612,-0.3469549887773084,2.595860015662401,19.305067966351107,6.564516129032258,62,1.0,2.95,41.363624571340594,0.11489895714261276,1.4029993892761372,1.6161757613026564,8.164892267492233,2.7832232728063673,14.861770155303786,4.292682294833418,0.2833333333333333,1.411794578843366,-0.3978272188786153,3.5487631611102293,18.273513435124784,9.172222222222222,360,284,76,3,1.1,999.0,1.5,2.0,0.05,"{""base"": {""length"": 37, ""lsma_offset"": 0}, ""c1"": {""long_roc"": 14, ""short_roc"": 14, ""smooth_len"": 19}, ""c2"": {""cci_length"": 17, ""ema1_length"": 4, ""ema2_length"": 3, ""trigger_length"": 6}, ""exit_ind"": {""adx_smoothing"": 14, ""adx_threshold"": 25, ""di_length"": 14}, ""vol"": {""ema_len"": 28, ""filter_lookback"": 200, ""hline"": 0, ""lookback"": 20}}","{""base"": {""length"": 87, ""lsma_offset"": 0}, ""c1"": {""long_roc"": 17, ""short_roc"": 3, ""smooth_len"": 10}, ""c2"": {""cci_length"": 3, ""ema1_length"": 22, ""ema2_length"": 2, ""trigger_length"": 6}, ""exit_ind"": {""adx_smoothing"": 14, ""adx_threshold"": 25, ""di_length"": 14}, ""vol"": {""ema_len"": 100, ""filter_lookback"": 200, ""hline"": 0, ""lookback"": 5}}","{""atr_len"": 6, ""atr_mult"": 1.45, ""be_pct"": 0.05, ""tp_mult"": 7.6, ""trail_arm"": 1.35, ""trail_mult"": 0.65}",0,name 'old' is not defined
B|trend|halftrend_signals|dpo_signals|variance_volume_signals|frama_baseline,B,B,trend,halftrend_signals,dpo_signals,variance_volume_signals,frama_baseline,adx_dmi_exit,239.8,True,W3ONLY,6.120349114716577,6.360910993326113,3.611024281070646,1.081246566292548,132,2.7760704956756346,0.011193832643853366,1.0709454877366458,0.2968443740421379,0.2944847935906531,1.0510691424380942,4.256500386393871,9.426872137698544,0.2620967741935484,0.8790019828433071,-0.29704403491332965,2.9591638933257114,13.674941326235919,5.181451612903226,248,1.0,2.35,1.0914774034549612,0.002798660008858875,1.0112168148553944,0.06608419028366243,0.1835767237202957,0.04897048271429834,22.288475484769382,11.815705603269954,0.31794871794871793,0.7935381214299498,-0.3658167280220256,2.1692231673510878,16.338246641486094,5.533333333333333,390,258,132,3,1.45,999.0,1.5,2.0,0.05,"{""base"": {""length"": 19}, ""c1"": {""amplitude"": 500}, ""c2"": {""len"": 142}, ""exit_ind"": {""adx_smoothing"": 14, ""adx_threshold"": 25, ""di_length"": 14}, ""vol"": {""ema_len"": 4, ""filter_lookback"": 87, ""hline"": 0, ""lookback"": 16}}","{""base"": {""length"": 10}, ""c1"": {""amplitude"": 94}, ""c2"": {""len"": 50}, ""exit_ind"": {""adx_smoothing"": 14, ""adx_threshold"": 25, ""di_length"": 14}, ""vol"": {""ema_len"": 12, ""filter_lookback"": 200, ""hline"": 0, ""lookback"": 7}}","{""atr_len"": 32, ""atr_mult"": 1.45, ""be_pct"": 0.001, ""tp_mult"": 2.6, ""trail_arm"": 1.0, ""trail_mult"": 1.45}",0,name 'old' is not defined
B|chop|supertrend_signals|bears_bulls_impulse_signals|volatility_ratio_volume_signals|fantail_vma,B,B,chop,supertrend_signals,bears_bulls_impulse_signals,volatility_ratio_volume_signals,fantail_vma,adx_dmi_exit,148.4,False,W3ONLY,19.670586397207767,9.852483881383009,7.349595902945925,2.385426335110304,87,12.343965249378941,0.1327308091331069,8.43026172598605,1.5462961561346988,1.504614561507097,1.2341283034744486,3.9280431296808263,8.204071371617333,0.3763440860215054,1.8590584326495316,-0.9090186188509425,2.045126902900515,5.786889380625863,5.612903225806452,93,1.0,1.9,41.70747105968956,0.21388446697276697,1.382493978017994,1.9420777394929198,7.363475564623854,2.8215689660466428,14.78165926885946,5.556446327768776,0.38461538461538464,2.009977703951128,-0.9086738061387091,2.21199036482879,16.525586269726674,5.78974358974359,195,108,87,49,1.5,1.9,1.5,2.0,0.05,"{""base"": {""fma_adx_length"": 2, ""fma_ma_length"": 26, ""fma_weighting"": 12}, ""c1"": {""atr_period"": 10, ""factor"": 3}, ""c2"": {""length"": 13}, ""exit_ind"": {""adx_smoothing"": 14, ""adx_threshold"": 25, ""di_length"": 14}, ""vol"": {""length"": 140}}","{""base"": {""fma_adx_length"": 2, ""fma_ma_length"": 6, ""fma_weighting"": 12}, ""c1"": {""atr_period"": 8, ""factor"": 3}, ""c2"": {""length"": 13}, ""exit_ind"": {""adx_smoothing"": 14, ""adx_threshold"": 25, ""di_length"": 14}, ""vol"": {""length"": 92}}","{""atr_len"": 39, ""atr_mult"": 1.25, ""be_pct"": 0.05, ""tp_mult"": 6.25, ""trail_arm"": 2.0, ""trail_mult"": 1.5}",0,name 'old' is not defined
B|trend|center_of_gravity_signals|chandelier_exit_signals|chaikin_volatility_volume_signals|sma_baseline,B,B,trend,center_of_gravity_signals,chandelier_exit_signals,chaikin_volatility_volume_signals,sma_baseline,adx_dmi_exit,301.4,False,W3ONLY,-15.095586867101465,27.470796465373844,-5.726974180084424,-1.5959745658949578,182,-0.0124308666204751,-6.474409698164114e-05,-0.006053727121846681,-0.0016017481027756615,-0.0007274904511792198,0.9997458601599106,9.563146766248513,17.087326163972858,0.2864583333333333,0.8891101727628633,-0.35703277641297787,2.49027605167105,10.790748358942333,8.578125,192,1.0,2.4,-14.752031303274372,-0.027018372350319363,0.9113861085658859,-0.46154857844454683,-2.3049846047436002,-0.5370077755797464,27.470796465373848,14.965756376126961,0.2600732600732601,1.0684742908484846,-0.4120677737716811,2.5929576609902667,26.498686799879767,7.232600732600733,546,364,182,18,1.5,9.75,0.5,1.35,0.05,"{""base"": {""length"": 16}, ""c1"": {""length"": 10, ""signal_length"": 13}, ""c2"": {""atr_mult"": 4, ""atr_period"": 5}, ""exit_ind"": {""adx_smoothing"": 14, ""adx_threshold"": 25, ""di_length"": 14}, ""vol"": {""cvi_len"": 28, ""roc_len"": 10}}","{""base"": {""length"": 16}, ""c1"": {""length"": 10, ""signal_length"": 3}, ""c2"": {""atr_mult"": 3, ""atr_period"": 18}, ""exit_ind"": {""adx_smoothing"": 14, ""adx_threshold"": 25, ""di_length"": 14}, ""vol"": {""cvi_len"": 100, ""roc_len"": 12}}","{""atr_len"": 39, ""atr_mult"": 1.0, ""be_pct"": 0.05, ""tp_mult"": 12.0, ""trail_arm"": 1.0, ""trail_mult"": 0.5}",0,name 'old' is not defined
B|trend|trend_direction_force_index_signals|polychromatic_momentum_signals|volatility_ratio_volume_signals|rma_baseline,B,B,trend,trend_direction_force_index_signals,polychromatic_momentum_signals,volatility_ratio_volume_signals,rma_baseline,adx_dmi_exit,115.5,False,W3ONLY,-21.613679203819288,21.180012229893435,-40.96769305768213,-34.50283744536916,68,-2.514169330855495,-0.04055111823960476,-4.249641248312696,-1.04023042373378,-0.38929900156467206,0.8541069618204304,2.7964462659264844,6.458196195599104,0.22580645161290322,1.051342405893304,-0.3590200627783699,2.9283667262414754,11.7046964580909,5.709677419354839,62,1.0,2.05,1.0716098456227172,0.008118256406232706,1.028191576663817,0.07685069937962802,0.8973346839852173,0.04364290598338326,24.554044270808305,11.365880919467767,0.12121212121212122,2.4427070669868027,-0.32768709677729413,7.454388930812674,38.33831659947325,28.098484848484848,132,64,68,33,0.8,17.0,0.65,1.75,0.05,"{""base"": {""ma_length"": 200}, ""c1"": {""fhigh"": 0.061642, ""flow"": -0.216438, ""lookback"": 13}, ""c2"": {""len"": 26}, ""exit_ind"": {""adx_smoothing"": 14, ""adx_threshold"": 25, ""di_length"": 14}, ""vol"": {""length"": 3}}","{""base"": {""ma_length"": 200}, ""c1"": {""fhigh"": 0.061642, ""flow"": -0.093691, ""lookback"": 16}, ""c2"": {""len"": 14}, ""exit_ind"": {""adx_smoothing"": 14, ""adx_threshold"": 25, ""di_length"": 14}, ""vol"": {""length"": 26}}","{""atr_len"": 26, ""atr_mult"": 0.85, ""be_pct"": 0.05, ""tp_mult"": 30.0, ""trail_arm"": 2.0, ""trail_mult"": 0.5}",0,name 'old' is not defined
B|trend|dpo_signals|volatility_quality_signals|variance_volume_signals|ema_baseline,B,B,trend,dpo_signals,volatility_quality_signals,variance_volume_signals,ema_baseline,adx_dmi_exit,265.9,False,W3ONLY,-26.515503156186025,27.973204431390908,-16.458537552106637,-7.997397897998686,142,3.5878739976948175,0.03517523527151782,3.010379385207779,1.0710638545547597,0.6253260293315187,1.1791934163632138,2.1014851301115374,5.7376053920709165,0.37254901960784315,0.6213217865935383,-0.3128492795759319,1.9860099644012024,13.088916512957548,8.931372549019608,102,1.0,1.4,-18.767797126591493,-0.04763400285936927,0.8072518221262954,-1.0397115781224555,-3.762109544764176,-0.6701505493415953,28.005344687145808,11.884467827009537,0.23857868020304568,0.8361885172613445,-0.32456505916385964,2.5763356025307305,22.88565763876296,7.517766497461929,394,252,142,2,1.5,13.75,0.5,2.0,0.05,"{""base"": {""ma_length"": 25}, ""c1"": {""len"": 216}, ""c2"": {""atr_pct"": 0.092464, ""smooth"": 12}, ""exit_ind"": {""adx_smoothing"": 14, ""adx_threshold"": 25, ""di_length"": 14}, ""vol"": {""ema_len"": 12, ""filter_lookback"": 200, ""hline"": 0, ""lookback"": 20}}","{""base"": {""ma_length"": 20}, ""c1"": {""len"": 500}, ""c2"": {""atr_pct"": 0.075, ""smooth"": 10}, ""exit_ind"": {""adx_smoothing"": 14, ""adx_threshold"": 25, ""di_length"": 14}, ""vol"": {""ema_len"": 10, ""filter_lookback"": 20, ""hline"": 0, ""lookback"": 25}}","{""atr_len"": 15, ""atr_mult"": 1.35, ""be_pct"": 0.05, ""tp_mult"": 6.5, ""trail_arm"": 2.0, ""trail_mult"": 0.5}",0,name 'old' is not defined
B|trend|qqe_mod_signals|coral_signals|variance_volume_signals|ema_baseline,B,B,trend,qqe_mod_signals,coral_signals,variance_volume_signals,ema_baseline,adx_dmi_exit,282.8,False,W3ONLY,13.458186840891365,6.3036149510487025,9.629322972998876,2.210625623569885,98,17.37235336007136,0.11280748935111273,9.796442838645937,2.1851362864395694,2.2666503171307477,1.464210081192362,3.3946976620392784,7.664328824245928,0.35714285714285715,0.9962877488773662,-0.37801487705236153,2.6355781461462513,20.273857892994844,8.37012987012987,154,1.0,1.55,12.956615095059524,0.05682725918885756,1.187320020551494,0.5498331538033144,5.505349478247368,0.6265396829597031,20.679640009159403,10.55166129077119,0.22807017543859648,1.579326082593476,-0.3930019386352343,4.0186216080204415,42.44340103858737,16.20175438596491,228,130,98,2,1.3,5.85,0.55,1.0,0.001,"{""base"": {""ma_length"": 25}, ""c1"": {""fast_factor"": 1.984883, ""rsi_len"": 14, ""rsi_period"": 6}, ""c2"": {""const_d"": 7, ""smooth_period"": 10}, ""exit_ind"": {""adx_smoothing"": 14, ""adx_threshold"": 25, ""di_length"": 14}, ""vol"": {""ema_len"": 19, ""filter_lookback"": 200, ""hline"": 0, ""lookback"": 20}}","{""base"": {""ma_length"": 132}, ""c1"": {""fast_factor"": 0.161, ""rsi_len"": 5, ""rsi_period"": 60}, ""c2"": {""const_d"": 17, ""smooth_period"": 10}, ""exit_ind"": {""adx_smoothing"": 14, ""adx_threshold"": 25, ""di_length"": 14}, ""vol"": {""ema_len"": 100, ""filter_lookback"": 132, ""hline"": 0, ""lookback"": 16}}","{""atr_len"": 49, ""atr_mult"": 0.9, ""be_pct"": 0.05, ""tp_mult"": 30.0, ""trail_arm"": 2.55, ""trail_mult"": 0.5}",0,name 'old' is not defined
B|trend|aroon_signals|ehlers_reverse_ema_signals|waddah_attar_explosion_volume_signals|mcginley_dynamic_index,B,B,trend,aroon_signals,ehlers_reverse_ema_signals,waddah_attar_explosion_volume_signals,mcginley_dynamic_index,adx_dmi_exit,336.9,False,W3ONLY,-6.97728989550612,13.668758985744342,-9.486820106213608,-2.423582128802526,76,4.87913143985922,0.0903542859233189,8.363765799051398,2.0933994386261308,0.6300627529333676,1.4590402745662903,3.5701313454151324,7.743881727881181,0.3333333333333333,0.8615619333163497,-0.29524953777319646,2.9180805491325805,12.834240657730204,6.685185185185185,54,1.0,2.95,-12.151825166224768,-0.033943645715711644,0.8927074803081673,-0.6807660832520575,-2.64706672553782,-0.27525415469629244,44.14765393689605,20.85862738219276,0.2569832402234637,1.0989891746863945,-0.42578507232095136,2.5810890191518747,16.065923614111124,6.9636871508379885,358,282,76,9,1.0,27.0,0.5,2.0,0.05,"{""base"": {""mci_length"": 11}, ""c1"": {""length"": 25}, ""c2"": {""alpha"": 0.081113}, ""exit_ind"": {""adx_smoothing"": 14, ""adx_threshold"": 25, ""di_length"": 14}, ""vol"": {""bbLen"": 16, ""bbStd"": 2, ""fastEma"": 20, ""sensitivity"": 150, ""slowEma"": 21}}","{""base"": {""mci_length"": 11}, ""c1"": {""length"": 6}, ""c2"": {""alpha"": 0.187382}, ""exit_ind"": {""adx_smoothing"": 14, ""adx_threshold"": 25, ""di_length"": 14}, ""vol"": {""bbLen"": 200, ""bbStd"": 2, ""fastEma"": 87, ""sensitivity"": 281, ""slowEma"": 6}}","{""atr_len"": 50, ""atr_mult"": 1.4, ""be_pct"": 0.001, ""tp_mult"": 2.45, ""trail_arm"": 1.0, ""trail_mult"": 1.7}",0,name 'old' is not defined
B|chop|didi_index_signals|relative_vigor_index_signals|variance_volume_signals|fantail_vma,B,B,chop,didi_index_signals,relative_vigor_index_signals,variance_volume_signals,fantail_vma,adx_dmi_exit,165.9,True,W3ONLY,23.141842746323583,11.967670026837249,5.273476352646864,1.3461724737848042,163,8.002425970204866,0.053707556847012526,2.626084480733849,0.6096682939997193,0.5470486861793803,1.1047085087141921,6.9012113927654575,14.628361556069667,0.30201342281879195,1.8761816161411944,-0.7348629495783547,2.553104109028355,10.582260197609815,5.530201342281879,149,1.0,3.0,37.97138068899856,0.16021679615611206,1.3127026959386308,1.5678011966860756,6.124038686226385,3.1728298494066567,11.96767002683724,4.793866151152352,0.31223628691983124,2.154068058649982,-0.744967212583436,2.8914937761891464,9.749882997706754,5.805907172995781,237,74,163,10,1.45,3.85,1.5,2.0,0.05,"{""base"": {""fma_adx_length"": 2, ""fma_ma_length"": 5, ""fma_weighting"": 12}, ""c1"": {""long_p"": 7, ""medium"": 23}, ""c2"": {""len"": 10}, ""exit_ind"": {""adx_smoothing"": 14, ""adx_threshold"": 25, ""di_length"": 14}, ""vol"": {""ema_len"": 4, ""filter_lookback"": 87, ""hline"": 0, ""lookback"": 7}}","{""base"": {""fma_adx_length"": 4, ""fma_ma_length"": 7, ""fma_weighting"": 8}, ""c1"": {""long_p"": 7, ""medium"": 15}, ""c2"": {""len"": 5}, ""exit_ind"": {""adx_smoothing"": 14, ""adx_threshold"": 25, ""di_length"": 14}, ""vol"": {""ema_len"": 5, ""filter_lookback"": 3, ""hline"": 0, ""lookback"": 37}}","{""atr_len"": 44, ""atr_mult"": 1.5, ""be_pct"": 0.05, ""tp_mult"": 3.9, ""trail_arm"": 2.0, ""trail_mult"": 1.5}",0,name 'old' is not defined
B|trend|vortex_signals|center_of_gravity_signals|variance_volume_signals|fantail_vma,B,B,trend,vortex_signals,center_of_gravity_signals,variance_volume_signals,fantail_vma,adx_dmi_exit,317.0,False,W3ONLY,0.6103085395506802,11.93339068211991,0.40174917943475247,0.08899781387270753,110,4.458976130580979,0.06756024440274211,8.18906057925007,1.4344127873605483,0.8465994140349486,1.2401601237592064,2.4339561247241552,5.266925604553876,0.42424242424242425,0.8223448564504235,-0.48859683815870736,1.6830744536732087,15.291573326642167,7.636363636363637,66,1.0,2.7,63.495891729251454,0.16977511157553865,1.6726660552354853,0.7798818899585496,14.270436308054368,4.261719632082198,14.899124581367293,6.258523168736121,0.31016042780748665,1.3611229872713517,-0.3658696697450594,3.7202400194030623,53.34102830958672,7.657754010695188,374,264,110,2,1.35,999.0,1.5,2.0,0.05,"{""base"": {""fma_adx_length"": 4, ""fma_ma_length"": 7, ""fma_weighting"": 100}, ""c1"": {""period"": 14}, ""c2"": {""length"": 8, ""signal_length"": 9}, ""exit_ind"": {""adx_smoothing"": 14, ""adx_threshold"": 25, ""di_length"": 14}, ""vol"": {""ema_len"": 12, ""filter_lookback"": 200, ""hline"": 0, ""lookback"": 20}}","{""base"": {""fma_adx_length"": 2, ""fma_ma_length"": 5, ""fma_weighting"": 43}, ""c1"": {""period"": 26}, ""c2"": {""length"": 10, ""signal_length"": 6}, ""exit_ind"": {""adx_smoothing"": 14, ""adx_threshold"": 25, ""di_length"": 14}, ""vol"": {""ema_len"": 12, ""filter_lookback"": 5, ""hline"": 0, ""lookback"": 37}}","{""atr_len"": 50, ""atr_mult"": 1.0, ""be_pct"": 0.05, ""tp_mult"": 5.3, ""trail_arm"": 1.0, ""trail_mult"": 0.6}",0,name 'old' is not defined
B|chop|supertrend_signals|waddah_attar_explosion_signals|damiani_volatmeter_volume_signals|super_smoother_2pole_baseline,B,B,chop,supertrend_signals,waddah_attar_explosion_signals,damiani_volatmeter_volume_signals,super_smoother_2pole_baseline,adx_dmi_exit,269.2,False,W3ONLY,3.146076568551044,8.586102801362376,2.771961077875792,0.8057555435249903,42,6.320907214977362,0.12155590798033389,6.4222732268550935,1.4413204477181605,1.0734922805960503,1.2604727047611548,2.78855756615932,5.888172024364922,0.40384615384615385,1.4565699515082626,-0.7828084440869729,1.8606978022664664,19.171376819220995,4.673076923076923,52,1.0,2.95,14.252004040106453,0.08483335738158602,1.153911529062567,0.8857099162414096,3.459575347457688,0.8190397805385248,17.40086913817013,8.278873082652193,0.2976190476190476,2.13701363040059,-0.7847345549146022,2.723231208587658,11.230117336900083,5.845238095238095,168,126,42,37,1.45,7.8,1.5,2.0,0.05,"{""base"": {""cutoff_period"": 15}, ""c1"": {""atr_period"": 43, ""factor"": 3}, ""c2"": {""bbLen"": 57, ""bbStd"": 2, ""fastEma"": 20, ""sensitivity"": 150, ""slowEma"": 32}, ""exit_ind"": {""adx_smoothing"": 14, ""adx_threshold"": 25, ""di_length"": 14}, ""vol"": {""lag"": 1.4, ""sedimentation"": 142, ""threshold"": 1.4, ""viscosity"": 7}}","{""base"": {""cutoff_period"": 43}, ""c1"": {""atr_period"": 12, ""factor"": 3}, ""c2"": {""bbLen"": 87, ""bbStd"": 2, ""fastEma"": 2, ""sensitivity"": 150, ""slowEma"": 49}, ""exit_ind"": {""adx_smoothing"": 14, ""adx_threshold"": 25, ""di_length"": 14}, ""vol"": {""lag"": 1.4, ""sedimentation"": 50, ""threshold"": 1.4, ""viscosity"": 6}}","{""atr_len"": 31, ""atr_mult"": 1.25, ""be_pct"": 0.05, ""tp_mult"": 2.85, ""trail_arm"": 2.0, ""trail_mult"": 1.5}",0,name 'old' is not defined
B|trend|bears_bulls_impulse_signals|volatility_quality_signals|chaikin_volatility_volume_signals|kama_baseline,B,B,trend,bears_bulls_impulse_signals,volatility_quality_signals,chaikin_volatility_volume_signals,kama_baseline,adx_dmi_exit,330.5,False,W3ONLY,-21.20044009973872,41.590463350841006,-11.464739972846726,-1.8252176600061008,194,16.60334123067049,0.061493856409890704,7.02588166185657,1.1077354036157632,1.3504781044158585,1.2022692470700937,5.1777040596449115,12.29441719668026,0.2962962962962963,1.2336085965485766,-0.432028139437977,2.855389461791473,13.113985947703927,8.803703703703704,270,1.0,3.0,47.45074840562485,0.10226454397763976,1.2817752864153578,0.4652492769731429,10.16627118483231,0.7329090164698931,64.74302722345354,29.81031162437876,0.22844827586206898,2.0363207900551856,-0.4703889813972761,4.329014646572624,44.340672036191044,12.924568965517242,464,270,194,38,1.25,11.0,0.5,1.05,0.05,"{""base"": {""fast_length"": 4, ""length"": 28, ""slow_length"": 16}, ""c1"": {""length"": 56}, ""c2"": {""atr_pct"": 0.140536, ""smooth"": 10}, ""exit_ind"": {""adx_smoothing"": 14, ""adx_threshold"": 25, ""di_length"": 14}, ""vol"": {""cvi_len"": 12, ""roc_len"": 12}}","{""base"": {""fast_length"": 2, ""length"": 28, ""slow_length"": 37}, ""c1"": {""length"": 56}, ""c2"": {""atr_pct"": 0.060835, ""smooth"": 10}, ""exit_ind"": {""adx_smoothing"": 14, ""adx_threshold"": 25, ""di_length"": 14}, ""vol"": {""cvi_len"": 10, ""roc_len"": 15}}","{""atr_len"": 13, ""atr_mult"": 1.05, ""be_pct"": 0.05, ""tp_mult"": 8.75, ""trail_arm"": 2.4, ""trail_mult"": 0.5}",0,name 'old' is not defined
B|trend|polychromatic_momentum_signals|dpo_signals|variance_volume_signals|ema_baseline,B,B,trend,polychromatic_momentum_signals,dpo_signals,variance_volume_signals,ema_baseline,adx_dmi_exit,171.1,False,W3ONLY,0.156979100444964,6.463248239044633,0.1467831929574845,0.039109954467725784,108,8.32093814513965,0.12236673742852426,11.663775776923973,2.8452272642836145,1.2414694530735475,1.568346978205632,2.977283188307018,6.702491249010778,0.36764705882352944,0.9184613411312351,-0.34047896239863323,2.6975568025136876,18.283073387046073,8.602941176470589,68,1.0,1.75,2.8315991664824893,0.012641067707511113,1.0527189750273256,0.19823605976035627,1.5068251157167438,0.22422007335022576,12.628660423545607,7.023382206138769,0.21428571428571427,1.177974885814602,-0.30517724632169546,3.8599695751001937,32.85607021942266,11.25,224,116,108,2,1.15,999.0,1.5,2.0,0.05,"{""base"": {""ma_length"": 25}, ""c1"": {""len"": 140}, ""c2"": {""len"": 41}, ""exit_ind"": {""adx_smoothing"": 14, ""adx_threshold"": 25, ""di_length"": 14}, ""vol"": {""ema_len"": 100, ""filter_lookback"": 2, ""hline"": 0, ""lookback"": 25}}","{""base"": {""ma_length"": 132}, ""c1"": {""len"": 40}, ""c2"": {""len"": 94}, ""exit_ind"": {""adx_smoothing"": 14, ""adx_threshold"": 25, ""di_length"": 14}, ""vol"": {""ema_len"": 66, ""filter_lookback"": 200, ""hline"": 0, ""lookback"": 16}}","{""atr_len"": 50, ""atr_mult"": 0.7, ""be_pct"": 0.05, ""tp_mult"": 11.5, ""trail_arm"": 2.55, ""trail_mult"": 1.95}",0,name 'old' is not defined
B|chop|center_of_gravity_signals|mama_fama_signals|variance_volume_signals|sma_baseline,B,B,chop,center_of_gravity_signals,mama_fama_signals,variance_volume_signals,sma_baseline,adx_dmi_exit,220.7,False,W3ONLY,-54.77163330489046,53.435720125515594,-16.64901979150879,-5.371151212204482,121,8.457573339183899,0.06659506566286534,3.3970770176826552,0.8414135074830349,0.7430407495510818,1.1266172808404784,5.487321906620274,11.382381577717853,0.3464566929133858,1.710316642736816,-0.8047754089305544,2.125209870676357,7.498306548790741,4.228346456692913,127,1.0,1.9,-76.92942211988677,-0.32735924306334796,0.523633756707826,-3.7790956023213744,-12.749377502340485,-1.0058961459939286,76.4784937553097,38.31809775674887,0.17872340425531916,2.013398947774937,-0.8367470358882597,2.4062217867764386,23.785285917045908,16.28936170212766,235,114,121,26,1.3,29.0,1.5,2.0,0.05,"{""base"": {""length"": 132}, ""c1"": {""length"": 100, ""signal_length"": 13}, ""c2"": {""fast_limit"": 0.17556, ""slow_limit"": 0.026683}, ""exit_ind"": {""adx_smoothing"": 14, ""adx_threshold"": 25, ""di_length"": 14}, ""vol"": {""ema_len"": 12, ""filter_lookback"": 20, ""hline"": 0, ""lookback"": 25}}","{""base"": {""length"": 37}, ""c1"": {""length"": 66, ""signal_length"": 3}, ""c2"": {""fast_limit"": 1.424018, ""slow_limit"": 0.093691}, ""exit_ind"": {""adx_smoothing"": 14, ""adx_threshold"": 25, ""di_length"": 14}, ""vol"": {""ema_len"": 100, ""filter_lookback"": 2, ""hline"": 0, ""lookback"": 57}}","{""atr_len"": 2, ""atr_mult"": 1.2, ""be_pct"": 0.05, ""tp_mult"": 29.0, ""trail_arm"": 2.0, ""trail_mult"": 1.5}",0,name 'old' is not defined
B|chop|chandelier_exit_signals|bears_bulls_impulse_signals|damiani_volatmeter_volume_signals|mcginley_dynamic_index,B,B,chop,chandelier_exit_signals,bears_bulls_impulse_signals,damiani_volatmeter_volume_signals,mcginley_dynamic_index,adx_dmi_exit,128.4,False,W3ONLY,6.639763310113106,14.46429085593685,2.0932268672090086,0.4532831930632027,109,4.213541043372488,0.03601317131087597,1.7466417332718005,0.385770281456745,0.3467029525078913,1.063121630877257,5.9338084567943215,12.153173236321326,0.3076923076923077,1.971285245266757,-0.8241077504472933,2.392023669473829,8.118054468757244,7.0,117,1.0,2.9,9.147053770456635,0.0461972412649325,1.074724837741595,0.3867399390911983,1.788827962077054,0.40454927338642027,22.610481274352672,10.686974403347643,0.35353535353535354,1.8793838790758115,-0.956326701287892,1.965211131870345,24.073684124152194,8.752525252525253,198,89,109,36,1.4,10.0,1.5,2.0,0.05,"{""base"": {""mci_length"": 7}, ""c1"": {""atr_mult"": 3, ""atr_period"": 22}, ""c2"": {""length"": 13}, ""exit_ind"": {""adx_smoothing"": 14, ""adx_threshold"": 25, ""di_length"": 14}, ""vol"": {""lag"": 1.4, ""sedimentation"": 62, ""threshold"": 1.4, ""viscosity"": 6}}","{""base"": {""mci_length"": 5}, ""c1"": {""atr_mult"": 3, ""atr_period"": 22}, ""c2"": {""length"": 13}, ""exit_ind"": {""adx_smoothing"": 14, ""adx_threshold"": 25, ""di_length"": 14}, ""vol"": {""lag"": 1.4, ""sedimentation"": 94, ""threshold"": 1.4, ""viscosity"": 7}}","{""atr_len"": 34, ""atr_mult"": 1.1, ""be_pct"": 0.05, ""tp_mult"": 10.25, ""trail_arm"": 2.0, ""trail_mult"": 1.5}",0,name 'old' is not defined
B|trend|didi_index_signals|center_of_gravity_signals|variance_volume_signals|wma_baseline,B,B,trend,didi_index_signals,center_of_gravity_signals,variance_volume_signals,wma_baseline,adx_dmi_exit,188.7,False,W3ONLY,13.13889112356838,4.975599559514145,11.484731443322211,2.7266059141369303,76,11.914188395688967,0.19216432896272528,23.186837793445957,3.773167559525443,4.199882277262057,1.820128860627907,0.9572592084106665,2.836791035832542,0.46774193548387094,0.9117725354957973,-0.4402186404148227,2.071181117266239,18.085890281903477,5.370967741935484,62,1.0,1.45,54.73827627300426,0.21053183181924714,1.7587705374832567,1.9494125127105457,18.7773566024021,4.010294619197385,13.649440121174814,5.554664000815083,0.2923076923076923,1.6694608827830426,-0.3920692979266684,4.258076038117359,35.760265952802506,14.638461538461538,260,184,76,2,1.3,999.0,1.5,2.0,0.05,"{""base"": {""ma_length"": 25}, ""c1"": {""long_p"": 37, ""medium"": 10}, ""c2"": {""length"": 8, ""signal_length"": 3}, ""exit_ind"": {""adx_smoothing"": 14, ""adx_threshold"": 25, ""di_length"": 14}, ""vol"": {""ema_len"": 19, ""filter_lookback"": 200, ""hline"": 0, ""lookback"": 20}}","{""base"": {""ma_length"": 57}, ""c1"": {""long_p"": 16, ""medium"": 15}, ""c2"": {""length"": 10, ""signal_length"": 6}, ""exit_ind"": {""adx_smoothing"": 14, ""adx_threshold"": 25, ""di_length"": 14}, ""vol"": {""ema_len"": 2, ""filter_lookback"": 200, ""hline"": 0, ""lookback"": 132}}","{""atr_len"": 5, ""atr_mult"": 1.0, ""be_pct"": 0.05, ""tp_mult"": 999.0, ""trail_arm"": 2.0, ""trail_mult"": 1.5}",0,name 'old' is not defined
B|chop|schaff_trend_cycle_signals|laguerre_filter_signals|efficiency_ratio_volume_signals|fantail_vma,B,B,chop,schaff_trend_cycle_signals,laguerre_filter_signals,efficiency_ratio_volume_signals,fantail_vma,adx_dmi_exit,214.6,False,W3ONLY,-17.176406549527957,23.94881434156952,-8.52253694790005,-2.4079795223796836,83,3.2697648810483377,0.048084777662475556,2.5579387424132425,0.6967225196241552,0.3179558820122533,1.0979034731593813,5.197541400099553,10.283706218469419,0.39705882352941174,1.3580595720762938,-0.8145815503661366,1.66718675553832,7.555732033216253,3.0,68,1.0,1.4,-7.2619825408481695,-0.03904291688628048,0.9264468168903152,-0.40645898031588834,-1.6391435664047211,-0.22958741716078584,31.630577279252286,15.878325151618958,0.24731182795698925,1.988457852755349,-0.7052217411971016,2.819620747057481,20.437654599213435,6.301075268817204,186,103,83,19,1.45,11.0,1.5,2.0,0.05,"{""base"": {""fma_adx_length"": 4, ""fma_ma_length"": 26, ""fma_weighting"": 19}, ""c1"": {""cycleLen"": 10, ""d1"": 3, ""d2"": 4, ""lowerBand"": 25, ""macdFast"": 19, ""macdSlow"": 62, ""stc_midline"": 50, ""upperBand"": 75}, ""c2"": {""alpha"": 0.2}, ""exit_ind"": {""adx_smoothing"": 14, ""adx_threshold"": 25, ""di_length"": 14}, ""vol"": {""er_threshold"": 0.243339, ""length"": 5}}","{""base"": {""fma_adx_length"": 2, ""fma_ma_length"": 7, ""fma_weighting"": 12}, ""c1"": {""cycleLen"": 8, ""d1"": 30, ""d2"": 3, ""lowerBand"": 25, ""macdFast"": 23, ""macdSlow"": 142, ""stc_midline"": 41, ""upperBand"": 75}, ""c2"": {""alpha"": 0.246569}, ""exit_ind"": {""adx_smoothing"": 14, ""adx_threshold"": 25, ""di_length"": 14}, ""vol"": {""er_threshold"": 0.369854, ""length"": 12}}","{""atr_len"": 12, ""atr_mult"": 1.3, ""be_pct"": 0.05, ""tp_mult"": 14.0, ""trail_arm"": 2.0, ""trail_mult"": 1.5}",0,name 'old' is not defined
B|trend|qqe_mod_signals|donchian_breakout_signals|variance_volume_signals|tma_baseline,B,B,trend,qqe_mod_signals,donchian_breakout_signals,variance_volume_signals,tma_baseline,adx_dmi_exit,239.1,False,W3ONLY,-5.82835011241322,9.352356337533589,-6.9006898682029245,-1.515485369725856,60,3.0593433300190176,0.04780223953154715,3.940495118951146,1.327774419206025,0.6603904375981763,1.2309031306662708,1.50748744067599,4.63262814819938,0.390625,0.6523523993524565,-0.33972991419980486,1.9202088838393825,20.455530572842097,6.25,64,1.0,1.45,-6.04564508803412,-0.04198364644468139,0.8743894346580704,-0.6258992479931803,-3.8479914879062824,-0.47052504952326957,12.84872100679761,5.841901215687713,0.19444444444444445,1.503015114407541,-0.41491438182280405,3.622470515012006,20.299515184710664,8.465277777777779,144,84,60,4,1.35,7.1,0.5,1.75,0.05,"{""base"": {""length"": 37}, ""c1"": {""fast_factor"": 0.859209, ""rsi_len"": 4, ""rsi_period"": 5}, ""c2"": {""length"": 20}, ""exit_ind"": {""adx_smoothing"": 14, ""adx_threshold"": 25, ""di_length"": 14}, ""vol"": {""ema_len"": 8, ""filter_lookback"": 132, ""hline"": 0, ""lookback"": 25}}","{""base"": {""length"": 25}, ""c1"": {""fast_factor"": 3.016846, ""rsi_len"": 5, ""rsi_period"": 2}, ""c2"": {""length"": 25}, ""exit_ind"": {""adx_smoothing"": 14, ""adx_threshold"": 25, ""di_length"": 14}, ""vol"": {""ema_len"": 10, ""filter_lookback"": 200, ""hline"": 0, ""lookback"": 16}}","{""atr_len"": 7, ""atr_mult"": 0.75, ""be_pct"": 0.05, ""tp_mult"": 8.25, ""trail_arm"": 1.5, ""trail_mult"": 0.6}",0,name 'old' is not defined
B|trend|qqe_mod_signals|coral_signals|variance_volume_signals|mcginley_dynamic_index,B,B,trend,qqe_mod_signals,coral_signals,variance_volume_signals,mcginley_dynamic_index,adx_dmi_exit,376.9,False,W3ONLY,-34.600052509502675,35.74440806041661,-13.748825477148468,-4.889011896267078,188,12.92347208837984,0.08391864992454443,7.979250146977469,1.7548625884509796,1.8728277289767845,1.3488561495092728,3.1752732964763895,6.9005129988333485,0.37662337662337664,0.8615301268773441,-0.385888284067772,2.2325894888429345,19.402488620461376,5.8896103896103895,154,1.0,1.6,-48.77013889520132,-0.15336521665157649,0.5202977260143631,-3.7810548313242758,-12.261795461754147,-1.0109749338400966,48.240700399912356,25.197978104890932,0.16981132075471697,0.9795810682873091,-0.3851042294799849,2.543677771625775,16.272250207921275,8.78930817610063,318,130,188,2,1.45,12.0,0.5,1.3,0.05,"{""base"": {""mci_length"": 17}, ""c1"": {""fast_factor"": 1.984883, ""rsi_len"": 4, ""rsi_period"": 6}, ""c2"": {""const_d"": 17, ""smooth_period"": 12}, ""exit_ind"": {""adx_smoothing"": 14, ""adx_threshold"": 25, ""di_length"": 14}, ""vol"": {""ema_len"": 28, ""filter_lookback"": 7, ""hline"": 0, ""lookback"": 132}}","{""base"": {""mci_length"": 26}, ""c1"": {""fast_factor"": 1.61, ""rsi_len"": 5, ""rsi_period"": 6}, ""c2"": {""const_d"": 14, ""smooth_period"": 8}, ""exit_ind"": {""adx_smoothing"": 14, ""adx_threshold"": 25, ""di_length"": 14}, ""vol"": {""ema_len"": 2, ""filter_lookback"": 2, ""hline"": 0, ""lookback"": 87}}","{""atr_len"": 14, ""atr_mult"": 1.1, ""be_pct"": 0.001, ""tp_mult"": 2.6, ""trail_arm"": 1.0, ""trail_mult"": 1.4}",0,name 'old' is not defined
B|trend|rex_oscillator_signals|ehlers_reverse_ema_signals|variance_volume_signals|tma_baseline,B,B,trend,rex_oscillator_signals,ehlers_reverse_ema_signals,variance_volume_signals,tma_baseline,adx_dmi_exit,182.0,False,W3ONLY,-13.246507135904494,12.49797434499495,-15.120154961874857,-10.347673198221091,60,3.9620800651673695,0.05213263243641276,4.5774760356807205,1.2334327012641524,0.3677790148718294,1.2332252461955806,5.755014276618259,10.772991130416047,0.39473684210526316,0.6983430887116387,-0.36930896948221303,1.8909453774998901,23.896988174758814,8.25,76,1.0,1.3,-6.63920321310447,-0.030455060610570964,0.8983430949188401,-0.6152099409091452,-2.108112277732388,-0.3912447512292985,16.969437141952618,6.589378412269957,0.26605504587155965,1.0115638916957599,-0.40818693082161595,2.478187848051973,14.814361683731553,7.1422018348623855,218,158,60,2,1.45,999.0,1.5,2.0,0.05,"{""base"": {""length"": 25}, ""c1"": {""almaOffset"": 0.85, ""almaSigma"": 6, ""framaFast"": 34, ""framaSlow"": 89, ""jurikPhase"": 1, ""jurikPower"": 1, ""lsOffset"": 0, ""modFBW"": 0.5, ""modFilter"": 0.8, ""sigAlmaOff"": 0.85, ""sigAlmaSig"": 6, ""sigFramaFast"": 34, ""sigFramaSlow"": 89, ""sigJurikPhase"": 1, ""sigJurikPower"": 1, ""sigLsOff"": 0, ""sigModFBW"": 0.5, ""sigModFilter"": 0.8, ""sigSmooth"": 41, ""sigVolAdj"": 10, ""smooth"": 26, ""volAdj"": 10}, ""c2"": {""alpha"": 0.081113}, ""exit_ind"": {""adx_smoothing"": 14, ""adx_threshold"": 25, ""di_length"": 14}, ""vol"": {""ema_len"": 19, ""filter_lookback"": 87, ""hline"": 0, ""lookback"": 20}}","{""base"": {""length"": 20}, ""c1"": {""almaOffset"": 0.85, ""almaSigma"": 6, ""framaFast"": 34, ""framaSlow"": 89, ""jurikPhase"": 1, ""jurikPower"": 1, ""lsOffset"": 0, ""modFBW"": 0.5, ""modFilter"": 0.8, ""sigAlmaOff"": 0.85, ""sigAlmaSig"": 6, ""sigFramaFast"": 34, ""sigFramaSlow"": 89, ""sigJurikPhase"": 1, ""sigJurikPower"": 1, ""sigLsOff"": 0, ""sigModFBW"": 0.5, ""sigModFilter"": 0.8, ""sigSmooth"": 22, ""sigVolAdj"": 10, ""smooth"": 140, ""volAdj"": 10}, ""c2"": {""alpha"": 0.1}, ""exit_ind"": {""adx_smoothing"": 14, ""adx_threshold"": 25, ""di_length"": 14}, ""vol"": {""ema_len"": 8, ""filter_lookback"": 57, ""hline"": 0, ""lookback"": 20}}","{""atr_len"": 24, ""atr_mult"": 1.5, ""be_pct"": 0.05, ""tp_mult"": 2.8, ""trail_arm"": 1.2, ""trail_mult"": 1.4}",0,name 'old' is not defined
B|chop|price_momentum_oscillator_signals|schaff_trend_cycle_signals|variance_volume_signals|fantail_vma,B,B,chop,price_momentum_oscillator_signals,schaff_trend_cycle_signals,variance_volume_signals,fantail_vma,adx_dmi_exit,254.6,True,W3ONLY,9.110017345074382,6.757496098484503,3.6758126251754635,1.0729964836922699,102,1.6705591754910512,0.019653637358718248,1.0678942189626914,0.23753852442812004,0.22509154387212624,1.0344078231443223,3.8185832210858863,7.421687846435006,0.3176470588235294,1.8600846080687763,-0.8370987110752742,2.222061249717433,8.100822752803174,4.964705882352941,85,1.0,2.05,30.375748847430984,0.17065027442376957,1.3369734202152006,1.7345601850453276,6.887431618640191,3.7523583598070465,8.095108711576515,3.142159924315362,0.38764044943820225,1.7466465482696665,-0.8269987429649172,2.1120304754124186,21.119051787909385,5.51123595505618,178,76,102,43,1.4,1.85,1.5,2.0,0.05,"{""base"": {""fma_adx_length"": 6, ""fma_ma_length"": 26, ""fma_weighting"": 8}, ""c1"": {""s1"": 35, ""s2"": 20, ""sig"": 10}, ""c2"": {""cycleLen"": 19, ""d1"": 2, ""d2"": 3, ""lowerBand"": 25, ""macdFast"": 28, ""macdSlow"": 41, ""stc_midline"": 41, ""upperBand"": 75}, ""exit_ind"": {""adx_smoothing"": 14, ""adx_threshold"": 25, ""di_length"": 14}, ""vol"": {""ema_len"": 10, ""filter_lookback"": 25, ""hline"": 0, ""lookback"": 20}}","{""base"": {""fma_adx_length"": 2, ""fma_ma_length"": 7, ""fma_weighting"": 19}, ""c1"": {""s1"": 66, ""s2"": 16, ""sig"": 10}, ""c2"": {""cycleLen"": 19, ""d1"": 2, ""d2"": 3, ""lowerBand"": 25, ""macdFast"": 8, ""macdSlow"": 41, ""stc_midline"": 27, ""upperBand"": 75}, ""exit_ind"": {""adx_smoothing"": 14, ""adx_threshold"": 25, ""di_length"": 14}, ""vol"": {""ema_len"": 28, ""filter_lookback"": 57, ""hline"": 0, ""lookback"": 7}}","{""atr_len"": 23, ""atr_mult"": 1.25, ""be_pct"": 0.05, ""tp_mult"": 7.85, ""trail_arm"": 2.0, ""trail_mult"": 1.5}",0,name 'old' is not defined
B|trend|ehlers_reverse_ema_signals|volatility_quality_signals|variance_volume_signals|sma_baseline,B,B,trend,ehlers_reverse_ema_signals,volatility_quality_signals,variance_volume_signals,sma_baseline,adx_dmi_exit,190.9,True,W3ONLY,5.029469741708054,11.06883163434467,4.77566337776488,0.7799639746991303,72,3.5114841891658726,0.03192258353787157,3.127104900497162,0.6190887457741194,0.2736487836564025,1.1059016785869409,7.127594151292583,12.832084039426775,0.2545454545454545,1.3096231978520574,-0.40436543110599676,3.238712058718898,12.392935078627298,9.181818181818182,110,1.0,3.0,22.435277237320392,0.14956851491546927,1.4716637885261843,1.5037651677053068,11.951736028400642,2.026887568486234,11.06883163434468,4.7781854005943085,0.21333333333333335,2.1875476967714347,-0.40310380558784337,5.426760220190305,22.166366910950774,8.093333333333334,150,78,72,30,1.3,999.0,0.55,1.45,0.05,"{""base"": {""length"": 20}, ""c1"": {""alpha"": 0.081113}, ""c2"": {""atr_pct"": 0.213603, ""smooth"": 12}, ""exit_ind"": {""adx_smoothing"": 14, ""adx_threshold"": 25, ""di_length"": 14}, ""vol"": {""ema_len"": 28, ""filter_lookback"": 200, ""hline"": 0, ""lookback"": 16}}","{""base"": {""length"": 20}, ""c1"": {""alpha"": 0.01}, ""c2"": {""atr_pct"": 0.140536, ""smooth"": 10}, ""exit_ind"": {""adx_smoothing"": 14, ""adx_threshold"": 25, ""di_length"": 14}, ""vol"": {""ema_len"": 12, ""filter_lookback"": 200, ""hline"": 0, ""lookback"": 16}}","{""atr_len"": 31, ""atr_mult"": 0.95, ""be_pct"": 0.07, ""tp_mult"": 15.0, ""trail_arm"": 2.0, ""trail_mult"": 0.5}",0,name 'old' is not defined
B|chop|kase_peak_oscillator_signals|lemantrend_signals|variance_volume_signals|vidya,B,B,chop,kase_peak_oscillator_signals,lemantrend_signals,variance_volume_signals,vidya,adx_dmi_exit,195.0,False,W3ONLY,23.26920981799611,16.49113787309178,6.608935985472466,1.3154193781926604,135,-5.853561449826314,-0.05683069368763412,-2.7344809547884816,-0.7145481043475231,-0.38494608804124547,0.8838014728329772,7.468752798883992,15.206185052071831,0.21359223300970873,2.0237254749203526,-0.6219200234330133,3.2539963317941427,12.931477109979584,5.766990291262136,103,1.0,2.9,40.76221375746837,0.15324140510326456,1.3100525568629193,1.2657459848342028,6.554422118518822,1.3118166129109678,31.073103783169486,13.912483879453637,0.29699248120300753,2.1801384417567684,-0.7030413002209429,3.1010104827008345,20.939204618979176,5.511278195488722,266,131,135,8,1.3,19.0,1.5,2.0,0.05,"{""base"": {""vda_length"": 2}, ""c1"": {""long_cycle"": 80, ""sharpness"": 40, ""short_cycle"": 23}, ""c2"": {""fast_period"": 18, ""medium_period"": 91, ""slow_period"": 7, ""smooth"": 3}, ""exit_ind"": {""adx_smoothing"": 14, ""adx_threshold"": 25, ""di_length"": 14}, ""vol"": {""ema_len"": 28, ""filter_lookback"": 2, ""hline"": 0, ""lookback"": 25}}","{""base"": {""vda_length"": 6}, ""c1"": {""long_cycle"": 80, ""sharpness"": 40, ""short_cycle"": 10}, ""c2"": {""fast_period"": 28, ""medium_period"": 210, ""slow_period"": 16, ""smooth"": 2}, ""exit_ind"": {""adx_smoothing"": 14, ""adx_threshold"": 25, ""di_length"": 14}, ""vol"": {""ema_len"": 5, ""filter_lookback"": 37, ""hline"": 0, ""lookback"": 57}}","{""atr_len"": 10, ""atr_mult"": 1.0, ""be_pct"": 0.05, ""tp_mult"": 4.15, ""trail_arm"": 2.0, ""trail_mult"": 1.5}",0,name 'old' is not defined
B|chop|adx_dmi_signals|hieken_ashi_smoothed_signals|variance_volume_signals|vidya,B,B,chop,adx_dmi_signals,hieken_ashi_smoothed_signals,variance_volume_signals,vidya,adx_dmi_exit,1262.6,False,W3ONLY,8.01727634723328,4.780937703324472,4.964365852148364,1.6288563708354724,73,11.109407833857173,0.15218366895694757,7.753668713513958,2.2955657364132804,2.651322986673793,1.4523940829457893,1.6830077505689303,4.190137485962975,0.3835616438356164,1.2737976224070153,-0.5457094576342056,2.334204776162876,10.847097828776988,3.452054794520548,73,1.0,1.95,6.684399726336516,0.030109908677191516,1.0767218974509127,0.3998581950144888,1.266623892060865,0.5950882359008383,11.232619505942246,3.9696695052063804,0.3153153153153153,1.3401351031247577,-0.573191167713135,2.338024691607696,21.211964252952768,3.6126126126126126,222,149,73,8,1.25,2.05,1.5,2.0,0.05,"{""base"": {""vda_length"": 2}, ""c1"": {""adx_smoothing"": 26, ""adx_threshold"": 25, ""di_length"": 17}, ""c2"": {""alma_offset1"": 0.85, ""alma_offset2"": 0.85, ""alma_sigma1"": 6, ""alma_sigma2"": 6, ""ama_smooth1"": 0.181, ""ama_smooth2"": 0.181, ""frama_t1_a"": 1, ""frama_t1_b"": 168, ""frama_t2_a"": 1, ""frama_t2_b"": 168, ""lsma_offset1"": 0, ""lsma_offset2"": 0, ""ma_len1"": 8, ""ma_len2"": 8, ""vol_factor1"": 0.82, ""vol_factor2"": 0.82}, ""exit_ind"": {""adx_smoothing"": 14, ""adx_threshold"": 25, ""di_length"": 14}, ""vol"": {""ema_len"": 8, ""filter_lookback"": 25, ""hline"": 0, ""lookback"": 37}}","{""base"": {""vda_length"": 2}, ""c1"": {""adx_smoothing"": 2, ""adx_threshold"": 25, ""di_length"": 11}, ""c2"": {""alma_offset1"": 0.85, ""alma_offset2"": 0.85, ""alma_sigma1"": 6, ""alma_sigma2"": 6, ""ama_smooth1"": 0.181, ""ama_smooth2"": 0.181, ""frama_t1_a"": 1, ""frama_t1_b"": 168, ""frama_t2_a"": 1, ""frama_t2_b"": 168, ""lsma_offset1"": 0, ""lsma_offset2"": 0, ""ma_len1"": 4, ""ma_len2"": 8, ""vol_factor1"": 1.53653, ""vol_factor2"": 0.82}, ""exit_ind"": {""adx_smoothing"": 14, ""adx_threshold"": 25, ""di_length"": 14}, ""vol"": {""ema_len"": 10, ""filter_lookback"": 200, ""hline"": 0, ""lookback"": 200}}","{""atr_len"": 18, ""atr_mult"": 1.5, ""be_pct"": 0.05, ""tp_mult"": 5.95, ""trail_arm"": 2.0, ""trail_mult"": 1.5}",0,name 'old' is not defined
B|trend|lemantrend_signals|supertrend_signals|chaikin_volatility_volume_signals|tma_baseline,B,B,trend,lemantrend_signals,supertrend_signals,chaikin_volatility_volume_signals,tma_baseline,adx_dmi_exit,252.7,False,W3ONLY,-1.773799874310809,9.110814663419166,-1.7879107209590122,-0.621241398190684,90,6.016093482314347,0.09703376584377979,8.729244866482045,1.7465035357747791,1.2527873820352171,1.345387752758285,2.1197091717863814,4.802166407950962,0.2903225806451613,1.301914929253945,-0.39587216464219677,3.2887256178535855,14.09210389290984,5.596774193548387,62,1.0,2.2,-11.343144308191114,-0.05506380732131609,0.7504887358946007,-1.747656405046381,-4.57152276259835,-0.8031061152133447,14.124091565630543,7.249385289240813,0.30097087378640774,0.5502952822233296,-0.31570452643081626,1.7430706124003632,18.981693023190115,5.252427184466019,206,116,90,46,1.3,3.45,0.95,2.05,0.05,"{""base"": {""length"": 7}, ""c1"": {""fast_period"": 18, ""medium_period"": 210, ""slow_period"": 13, ""smooth"": 3}, ""c2"": {""atr_period"": 28, ""factor"": 3}, ""exit_ind"": {""adx_smoothing"": 14, ""adx_threshold"": 25, ""di_length"": 14}, ""vol"": {""cvi_len"": 8, ""roc_len"": 6}}","{""base"": {""length"": 11}, ""c1"": {""fast_period"": 224, ""medium_period"": 21, ""slow_period"": 16, ""smooth"": 4}, ""c2"": {""atr_period"": 12, ""factor"": 6}, ""exit_ind"": {""adx_smoothing"": 14, ""adx_threshold"": 25, ""di_length"": 14}, ""vol"": {""cvi_len"": 8, ""roc_len"": 6}}","{""atr_len"": 42, ""atr_mult"": 1.2, ""be_pct"": 0.05, ""tp_mult"": 8.75, ""trail_arm"": 1.0, ""trail_mult"": 0.5}",0,name 'old' is not defined
B|trend|kalman_filter_signals|fisher_transform_signals|variance_volume_signals|ema_baseline,B,B,trend,kalman_filter_signals,fisher_transform_signals,variance_volume_signals,ema_baseline,adx_dmi_exit,228.2,False,W3ONLY,-9.847157783021183,17.34655061332816,-12.50352048955854,-1.6698890024311817,158,24.811169483216304,0.2696866248175685,24.401545812970816,4.892395853193801,5.77861680588804,2.28435160931329,1.681854288262591,4.2936173684220265,0.4673913043478261,1.0262609340927944,-0.3942459323015073,2.6030983454965395,20.552763898688944,10.641304347826088,92,1.0,2.15,88.47717533451095,0.28914109586441483,2.1802344880509814,0.7037262309914011,50.603378088191896,5.100563063329158,17.346550613328077,7.6564004644816865,0.16993464052287582,3.1431333711585574,-0.29514078726666954,10.649606922402873,73.23058855358637,5.869281045751634,306,148,158,3,0.6,999.0,1.5,2.0,0.05,"{""base"": {""ma_length"": 20}, ""c1"": {""k"": 1, ""sharpness"": 1}, ""c2"": {""length"": 19}, ""exit_ind"": {""adx_smoothing"": 14, ""adx_threshold"": 25, ""di_length"": 14}, ""vol"": {""ema_len"": 10, ""filter_lookback"": 37, ""hline"": 0, ""lookback"": 132}}","{""base"": {""ma_length"": 20}, ""c1"": {""k"": 1, ""sharpness"": 1}, ""c2"": {""length"": 19}, ""exit_ind"": {""adx_smoothing"": 14, ""adx_threshold"": 25, ""di_length"": 14}, ""vol"": {""ema_len"": 28, ""filter_lookback"": 11, ""hline"": 0, ""lookback"": 37}}","{""atr_len"": 7, ""atr_mult"": 0.65, ""be_pct"": 0.08, ""tp_mult"": 1.75, ""trail_arm"": 2.85, ""trail_mult"": 0.9}",0,name 'old' is not defined
B|trend|j_tpo_signals|halftrend_signals|variance_volume_signals|tma_baseline,B,B,trend,j_tpo_signals,halftrend_signals,variance_volume_signals,tma_baseline,adx_dmi_exit,271.3,False,W3ONLY,1.1271833770169306,4.524524021751626,6.282057245325465,0.6724399139496686,30,3.1427221326707984,0.05819855801242219,5.472223078004983,1.3268740902562284,0.5389308184099996,1.236141633399318,3.2335811481274783,5.831401777954969,0.35185185185185186,0.8658607513760824,-0.3802466326707076,2.277103008893481,13.819799862089932,9.462962962962964,54,1.0,2.2,0.4118195271231784,0.0021905293995913744,1.0071492890741844,0.03464944657311234,0.21750992465481722,0.020245390797079307,20.34139677770949,9.530342850277634,0.2127659574468085,1.450367091277162,-0.38920854137813043,3.7264523695744822,14.121093841636059,8.452127659574469,188,158,30,3,0.85,999.0,1.5,2.0,0.05,"{""base"": {""length"": 25}, ""c1"": {""ema_len"": 200, ""len"": 21}, ""c2"": {""amplitude"": 500}, ""exit_ind"": {""adx_smoothing"": 14, ""adx_threshold"": 25, ""di_length"": 14}, ""vol"": {""ema_len"": 19, ""filter_lookback"": 200, ""hline"": 0, ""lookback"": 20}}","{""base"": {""length"": 37}, ""c1"": {""ema_len"": 200, ""len"": 40}, ""c2"": {""amplitude"": 329}, ""exit_ind"": {""adx_smoothing"": 14, ""adx_threshold"": 25, ""di_length"": 14}, ""vol"": {""ema_len"": 28, ""filter_lookback"": 11, ""hline"": 0, ""lookback"": 7}}","{""atr_len"": 34, ""atr_mult"": 1.05, ""be_pct"": 0.02, ""tp_mult"": 6.45, ""trail_arm"": 1.0, ""trail_mult"": 0.85}",0,name 'old' is not defined
B|trend|volatility_quality_signals|parabolic_sar_signals|variance_volume_signals|ema_baseline,B,B,trend,volatility_quality_signals,parabolic_sar_signals,variance_volume_signals,ema_baseline,adx_dmi_exit,291.6,False,W3ONLY,-12.862807407309049,16.005861434240476,-5.083857758367994,-2.6040199323237556,102,-0.03158675589037141,-0.0004268480525725866,-0.03948913633412285,-0.009211141981696714,-0.00324705528394421,0.9985253119060374,5.2395547949643175,9.727815860283986,0.24324324324324326,1.1882051309945227,-0.382487127031996,3.1065231925965615,9.0935204874243,6.283783783783784,74,1.0,2.45,70.99950923165963,0.2909815952117198,2.0114954951800725,1.0760732230494032,14.378625205315286,4.435844301374127,16.0058614342405,6.794407601216965,0.319672131147541,1.810155380110188,-0.42284705070442796,4.280875028203744,57.38725956466262,8.96311475409836,244,142,102,34,1.2,13.5,0.5,1.0,0.05,"{""base"": {""ma_length"": 20}, ""c1"": {""atr_pct"": 0.075, ""smooth"": 10}, ""c2"": {""sar_increment"": 0.00304, ""sar_maximum"": 0.02, ""sar_start"": 0.010673}, ""exit_ind"": {""adx_smoothing"": 14, ""adx_threshold"": 25, ""di_length"": 14}, ""vol"": {""ema_len"": 19, ""filter_lookback"": 200, ""hline"": 0, ""lookback"": 20}}","{""base"": {""ma_length"": 20}, ""c1"": {""atr_pct"": 0.075, ""smooth"": 10}, ""c2"": {""sar_increment"": 0.2, ""sar_maximum"": 0.02, ""sar_start"": 0.007022}, ""exit_ind"": {""adx_smoothing"": 14, ""adx_threshold"": 25, ""di_length"": 14}, ""vol"": {""ema_len"": 10, ""filter_lookback"": 200, ""hline"": 0, ""lookback"": 16}}","{""atr_len"": 50, ""atr_mult"": 1.3, ""be_pct"": 0.05, ""tp_mult"": 10.5, ""trail_arm"": 1.0, ""trail_mult"": 0.5}",0,name 'old' is not defined
B|trend|relative_vigor_index_signals|dspo_signals|variance_volume_signals|frama_baseline,B,B,trend,relative_vigor_index_signals,dspo_signals,variance_volume_signals,frama_baseline,adx_dmi_exit,360.9,True,W3ONLY,10.445247768170773,7.703563415249861,6.586473410362731,1.70281615217221,146,2.697605533568293,0.019547866185277485,1.749261857763591,0.5249447098547758,0.26255947254452305,1.095524507530474,5.397799621727784,10.274264750097148,0.32608695652173914,0.6875008193243202,-0.3036551756561947,2.264083982229647,20.977238040183057,5.246376811594203,138,1.0,1.6,120.50622929580089,0.1726450276444139,1.738608330591692,0.6439776841267305,12.633397967782521,5.1877301122048625,23.22908607220971,8.089974223773487,0.30515759312320917,1.3317338798051355,-0.33639811773751116,3.9588030062768578,48.96250650364016,5.329512893982808,698,552,146,3,1.0,999.0,1.5,2.0,0.05,"{""base"": {""length"": 28}, ""c1"": {""len"": 8}, ""c2"": {""len"": 2}, ""exit_ind"": {""adx_smoothing"": 14, ""adx_threshold"": 25, ""di_length"": 14}, ""vol"": {""ema_len"": 10, ""filter_lookback"": 37, ""hline"": 0, ""lookback"": 25}}","{""base"": {""length"": 10}, ""c1"": {""len"": 10}, ""c2"": {""len"": 40}, ""exit_ind"": {""adx_smoothing"": 14, ""adx_threshold"": 25, ""di_length"": 14}, ""vol"": {""ema_len"": 12, ""filter_lookback"": 11, ""hline"": 0, ""lookback"": 25}}","{""atr_len"": 2, ""atr_mult"": 1.5, ""be_pct"": 0.001, ""tp_mult"": 2.5, ""trail_arm"": 2.2, ""trail_mult"": 1.1}",0,name 'old' is not defined
B|trend|center_of_gravity_signals|coppock_curve_signals|variance_volume_signals|t3_baseline,B,B,trend,center_of_gravity_signals,coppock_curve_signals,variance_volume_signals,t3_baseline,adx_dmi_exit,234.9,False,W3ONLY,-27.762795985543214,27.734919875283076,-42.237244620789454,-9.612362740864235,76,2.223278934812407,0.02365190356183412,2.1981278083213023,0.5013875802732348,0.15442921998134784,1.0890935463578846,8.246958657864782,14.396750401775892,0.3191489361702128,0.905923731718696,-0.3899130158866949,2.323399565563487,17.468543548903995,7.159574468085107,94,1.0,2.6,55.2389103428333,0.19180177202372672,1.5767919150196752,0.7442658320468827,15.531660746992014,1.915072487111689,28.84429216888003,10.568189740390933,0.20833333333333334,2.5168021301669707,-0.42004042748765313,5.991809277074767,52.56441395821138,8.625,288,212,76,20,1.0,27.0,0.5,2.9,0.05,"{""base"": {""length"": 100, ""volume_factor"": 0.7}, ""c1"": {""length"": 10, ""signal_length"": 4}, ""c2"": {""long_roc"": 11, ""short_roc"": 11, ""smooth_len"": 28}, ""exit_ind"": {""adx_smoothing"": 14, ""adx_threshold"": 25, ""di_length"": 14}, ""vol"": {""ema_len"": 28, ""filter_lookback"": 57, ""hline"": 0, ""lookback"": 16}}","{""base"": {""length"": 19, ""volume_factor"": 0.862993}, ""c1"": {""length"": 19, ""signal_length"": 2}, ""c2"": {""long_roc"": 17, ""short_roc"": 2, ""smooth_len"": 10}, ""exit_ind"": {""adx_smoothing"": 14, ""adx_threshold"": 25, ""di_length"": 14}, ""vol"": {""ema_len"": 2, ""filter_lookback"": 132, ""hline"": 0, ""lookback"": 200}}","{""atr_len"": 42, ""atr_mult"": 1.15, ""be_pct"": 0.05, ""tp_mult"": 11.5, ""trail_arm"": 1.0, ""trail_mult"": 0.5}",0,name 'old' is not defined
B|trend|parabolic_sar_signals|mama_fama_signals|chaikin_volatility_volume_signals|wma_baseline,B,B,trend,parabolic_sar_signals,mama_fama_signals,chaikin_volatility_volume_signals,wma_baseline,adx_dmi_exit,377.3,False,W3ONLY,-16.78727918918895,23.98414941603808,-11.090613956170337,-2.4987713935419302,152,-3.8694992102146673,-0.025796661401431116,-2.3893573320883648,-0.5720953958731114,-0.22901433241451916,0.9112326362434815,10.108056430743687,16.896318974529592,0.21333333333333335,1.2413113534389528,-0.36941917390051826,3.360170346147838,12.721837438858808,6.666666666666667,150,1.0,2.3,0.8470408170989749,0.002205835461195247,1.0076617767258431,0.04539625823768226,0.19242302576317388,0.035316691970429574,23.984149416038072,10.153809495974636,0.2916666666666667,0.9946530275952369,-0.4064488907116454,2.4471786006199046,17.4126665078886,7.729166666666667,384,232,152,20,0.95,9.5,0.55,2.3,0.05,"{""base"": {""ma_length"": 37}, ""c1"": {""sar_increment"": 0.016223, ""sar_maximum"": 0.070224, ""sar_start"": 0.016223}, ""c2"": {""fast_limit"": 0.405565, ""slow_limit"": 0.026683}, ""exit_ind"": {""adx_smoothing"": 14, ""adx_threshold"": 25, ""di_length"": 14}, ""vol"": {""cvi_len"": 19, ""roc_len"": 12}}","{""base"": {""ma_length"": 37}, ""c1"": {""sar_increment"": 0.016223, ""sar_maximum"": 0.374763, ""sar_start"": 0.024657}, ""c2"": {""fast_limit"": 0.405565, ""slow_limit"": 0.05}, ""exit_ind"": {""adx_smoothing"": 14, ""adx_threshold"": 25, ""di_length"": 14}, ""vol"": {""cvi_len"": 8, ""roc_len"": 3}}","{""atr_len"": 6, ""atr_mult"": 1.15, ""be_pct"": 0.03, ""tp_mult"": 1.75, ""trail_arm"": 1.0, ""trail_mult"": 1.45}",0,name 'old' is not defined
B|chop|lemantrend_signals|schaff_trend_cycle_signals|ttm_squeeze_volume_signals|fantail_vma,B,B,chop,lemantrend_signals,schaff_trend_cycle_signals,ttm_squeeze_volume_signals,fantail_vma,adx_dmi_exit,343.3,False,W3ONLY,20.81477076033194,9.984229010655508,9.352637840488093,3.196293741214143,85,12.560157172071094,0.15506366879100117,7.574421699998428,2.0561095216955905,1.3248133013836985,1.3405548050721479,4.037763060789214,9.480699777812212,0.38271604938271603,1.5948907582100407,-0.7376291266488033,2.1621851694712064,7.006396974343803,4.703703703703703,81,1.0,1.75,39.61825173681014,0.19908669214477456,1.383810547081557,2.026229951178023,7.333470056964562,3.443563471083417,11.505015682009605,4.921118056208104,0.36180904522613067,1.9839126298119636,-0.8127831307846555,2.4408880483244126,10.046371316278448,6.221105527638191,199,114,85,25,1.35,1.7,1.5,2.0,0.05,"{""base"": {""fma_adx_length"": 2, ""fma_ma_length"": 5, ""fma_weighting"": 8}, ""c1"": {""fast_period"": 28, ""medium_period"": 210, ""slow_period"": 5, ""smooth"": 3}, ""c2"": {""cycleLen"": 10, ""d1"": 3, ""d2"": 4, ""lowerBand"": 25, ""macdFast"": 23, ""macdSlow"": 41, ""stc_midline"": 62, ""upperBand"": 75}, ""exit_ind"": {""adx_smoothing"": 14, ""adx_threshold"": 25, ""di_length"": 14}, ""vol"": {""bb_length"": 16, ""bb_mult"": 2, ""kc_length"": 7, ""kc_mult"": 1.5}}","{""base"": {""fma_adx_length"": 2, ""fma_ma_length"": 26, ""fma_weighting"": 10}, ""c1"": {""fast_period"": 28, ""medium_period"": 138, ""slow_period"": 37, ""smooth"": 6}, ""c2"": {""cycleLen"": 10, ""d1"": 3, ""d2"": 4, ""lowerBand"": 25, ""macdFast"": 19, ""macdSlow"": 142, ""stc_midline"": 41, ""upperBand"": 75}, ""exit_ind"": {""adx_smoothing"": 14, ""adx_threshold"": 25, ""di_length"": 14}, ""vol"": {""bb_length"": 16, ""bb_mult"": 2, ""kc_length"": 25, ""kc_mult"": 1.5}}","{""atr_len"": 3, ""atr_mult"": 1.45, ""be_pct"": 0.05, ""tp_mult"": 3.6, ""trail_arm"": 2.0, ""trail_mult"": 1.5}",0,name 'old' is not defined
B|trend|dpo_signals|polychromatic_momentum_signals|chaikin_volatility_volume_signals|tma_baseline,B,B,trend,dpo_signals,polychromatic_momentum_signals,chaikin_volatility_volume_signals,tma_baseline,adx_dmi_exit,208.0,False,W3ONLY,-21.219971923864193,24.203397598964404,-11.036208903208344,-4.750704757372902,136,1.0262866801923742,0.005831174319274854,0.49073958235910864,0.16313601719503731,0.07781189463807955,1.026480521742176,6.444266857017549,13.189329021814236,0.3522727272727273,0.6416544017973119,-0.33996742308106115,1.8873996690098074,21.139596637718483,6.340909090909091,176,1.0,1.05,153.18236207840718,0.31519004542882134,2.191586738399995,1.1167597171315127,24.36558738157934,5.685373129586915,26.943238128248765,10.023237146272834,0.29218106995884774,1.9840536901087895,-0.3737013427820958,5.309196042321115,44.08088703907092,10.839506172839506,486,350,136,9,1.45,10.0,0.5,1.95,0.05,"{""base"": {""length"": 37}, ""c1"": {""len"": 500}, ""c2"": {""len"": 26}, ""exit_ind"": {""adx_smoothing"": 14, ""adx_threshold"": 25, ""di_length"": 14}, ""vol"": {""cvi_len"": 28, ""roc_len"": 12}}","{""base"": {""length"": 25}, ""c1"": {""len"": 8}, ""c2"": {""len"": 61}, ""exit_ind"": {""adx_smoothing"": 14, ""adx_threshold"": 25, ""di_length"": 14}, ""vol"": {""cvi_len"": 19, ""roc_len"": 12}}","{""atr_len"": 3, ""atr_mult"": 1.4, ""be_pct"": 0.05, ""tp_mult"": 6.55, ""trail_arm"": 1.0, ""trail_mult"": 0.5}",0,name 'old' is not defined
B|trend|coppock_curve_signals|schaff_trend_cycle_signals|variance_volume_signals|t3_baseline,B,B,trend,coppock_curve_signals,schaff_trend_cycle_signals,variance_volume_signals,t3_baseline,adx_dmi_exit,332.3,False,W3ONLY,-2.143376324166126,4.604144968785703,-10.176173730028871,-1.6869729410001968,46,7.971905076471523,0.14762787178650968,12.485972969105854,3.414936985756361,2.340841407668449,1.8302485926207295,1.2531937616090265,3.4055724793469837,0.42592592592592593,0.7640753979093357,-0.3097364217884904,2.4668567987496783,23.267354964553547,8.62962962962963,54,1.0,2.15,0.6658216838709343,0.0026847648543182837,1.011504704376404,0.056185786619044914,0.2260221260781959,0.04795314234310413,13.884839477400428,7.226839834272713,0.25806451612903225,0.9146825717396496,-0.3145318636275361,2.908076025082161,23.687501985273062,4.798387096774194,248,202,46,3,0.4,999.0,1.5,2.0,0.05,"{""base"": {""length"": 19, ""volume_factor"": 1.993625}, ""c1"": {""long_roc"": 11, ""short_roc"": 21, ""smooth_len"": 28}, ""c2"": {""cycleLen"": 10, ""d1"": 3, ""d2"": 3, ""lowerBand"": 25, ""macdFast"": 5, ""macdSlow"": 5, ""stc_midline"": 50, ""upperBand"": 75}, ""exit_ind"": {""adx_smoothing"": 14, ""adx_threshold"": 25, ""di_length"": 14}, ""vol"": {""ema_len"": 5, ""filter_lookback"": 200, ""hline"": 0, ""lookback"": 132}}","{""base"": {""length"": 10, ""volume_factor"": 0.7}, ""c1"": {""long_roc"": 140, ""short_roc"": 14, ""smooth_len"": 5}, ""c2"": {""cycleLen"": 10, ""d1"": 3, ""d2"": 4, ""lowerBand"": 25, ""macdFast"": 8, ""macdSlow"": 50, ""stc_midline"": 41, ""upperBand"": 75}, ""exit_ind"": {""adx_smoothing"": 14, ""adx_threshold"": 25, ""di_length"": 14}, ""vol"": {""ema_len"": 12, ""filter_lookback"": 25, ""hline"": 0, ""lookback"": 200}}","{""atr_len"": 9, ""atr_mult"": 0.95, ""be_pct"": 0.05, ""tp_mult"": 6.9, ""trail_arm"": 1.15, ""trail_mult"": 0.5}",0,name 'old' is not defined
B|trend|relative_vigor_index_signals|didi_index_signals|variance_volume_signals|tma_baseline,B,B,trend,relative_vigor_index_signals,didi_index_signals,variance_volume_signals,tma_baseline,adx_dmi_exit,169.8,False,W3ONLY,-6.2457976132395245,9.8868581429113,-10.25379144006544,-3.0407791681657947,52,17.653345599188643,0.1117300354379028,10.402028743634087,2.722453730642282,2.900700681186996,1.5659544948658937,2.5314626583772024,6.085890113958506,0.4240506329113924,0.7290374614194843,-0.3427710364386462,2.126893418399945,16.612471762972177,6.525316455696203,158,1.0,2.1,14.311855706340978,0.05634588860764165,1.2493385689960474,0.9078944690926299,4.250689660647149,1.4475635737327037,9.88685814291131,3.9266421170739165,0.2677165354330709,1.0545756058797844,-0.30859830910475466,3.4173084387244823,25.928020173313588,5.933070866141732,254,202,52,5,1.35,999.0,1.5,2.0,0.05,"{""base"": {""length"": 37}, ""c1"": {""len"": 19}, ""c2"": {""long_p"": 57, ""medium"": 15}, ""exit_ind"": {""adx_smoothing"": 14, ""adx_threshold"": 25, ""di_length"": 14}, ""vol"": {""ema_len"": 66, ""filter_lookback"": 57, ""hline"": 0, ""lookback"": 20}}","{""base"": {""length"": 16}, ""c1"": {""len"": 28}, ""c2"": {""long_p"": 2, ""medium"": 10}, ""exit_ind"": {""adx_smoothing"": 14, ""adx_threshold"": 25, ""di_length"": 14}, ""vol"": {""ema_len"": 10, ""filter_lookback"": 11, ""hline"": 0, ""lookback"": 20}}","{""atr_len"": 50, ""atr_mult"": 1.15, ""be_pct"": 0.001, ""tp_mult"": 7.95, ""trail_arm"": 1.45, ""trail_mult"": 0.5}",0,name 'old' is not defined
B|trend|dpo_signals|relative_vigor_index_signals|variance_volume_signals|wma_baseline,B,B,trend,dpo_signals,relative_vigor_index_signals,variance_volume_signals,wma_baseline,adx_dmi_exit,140.3,False,W3ONLY,-17.607055021194082,17.09822583782959,-27.4731277890048,-14.867459839849385,62,1.9376204465412465,0.03229367410902077,2.7238824713200622,0.7233043332805376,0.2067431964107507,1.1400988905443097,4.6679573878385145,9.372112263813726,0.26666666666666666,0.9854998283779104,-0.3143267456251209,3.1352719489968512,15.464604818847844,9.283333333333333,60,1.0,2.95,11.47931328117105,0.06832924572125625,1.2334689981124092,0.8946902369335308,5.027002480722339,0.6247916243873843,18.373026835029446,7.713388369572457,0.21428571428571427,1.6846606290369655,-0.37248840427393715,4.5227196597455,18.517945958853012,7.845238095238095,168,106,62,4,1.0,999.0,1.5,2.0,0.05,"{""base"": {""ma_length"": 37}, ""c1"": {""len"": 329}, ""c2"": {""len"": 4}, ""exit_ind"": {""adx_smoothing"": 14, ""adx_threshold"": 25, ""di_length"": 14}, ""vol"": {""ema_len"": 12, ""filter_lookback"": 200, ""hline"": 0, ""lookback"": 25}}","{""base"": {""ma_length"": 25}, ""c1"": {""len"": 8}, ""c2"": {""len"": 12}, ""exit_ind"": {""adx_smoothing"": 14, ""adx_threshold"": 25, ""di_length"": 14}, ""vol"": {""ema_len"": 28, ""filter_lookback"": 200, ""hline"": 0, ""lookback"": 11}}","{""atr_len"": 22, ""atr_mult"": 1.3, ""be_pct"": 0.05, ""tp_mult"": 11.25, ""trail_arm"": 2.0, ""trail_mult"": 0.5}",0,name 'old' is not defined
B|chop|bears_bulls_impulse_signals|dpo_signals|volatility_ratio_volume_signals|mcginley_dynamic_index,B,B,chop,bears_bulls_impulse_signals,dpo_signals,volatility_ratio_volume_signals,mcginley_dynamic_index,adx_dmi_exit,53.0,False,W3ONLY,-3.8090162575649567,12.34179250746496,-1.7510650078042436,-0.4142811945146119,91,-1.1418141253016159,-0.012277571239802321,-0.5829586865619583,-0.13237015071711658,-0.1103319686333771,0.980293013407796,5.089871465453193,10.34889651154289,0.25806451612903225,2.366572730451298,-0.839703763132359,2.818342413547413,9.089450958123868,6.795698924731183,93,1.0,2.6,18.816145094156177,0.102261658120414,1.1459455294065006,0.8738982256969346,4.01508470210151,1.3466756610820134,13.972291649674554,6.14113969037379,0.28804347826086957,2.7875839936810904,-0.9841664623736001,2.832431402872672,7.380076529398701,9.168478260869565,184,93,91,47,1.15,3.15,1.5,2.0,0.05,"{""base"": {""mci_length"": 11}, ""c1"": {""length"": 5}, ""c2"": {""len"": 62}, ""exit_ind"": {""adx_smoothing"": 14, ""adx_threshold"": 25, ""di_length"": 14}, ""vol"": {""length"": 40}}","{""base"": {""mci_length"": 26}, ""c1"": {""length"": 13}, ""c2"": {""len"": 62}, ""exit_ind"": {""adx_smoothing"": 14, ""adx_threshold"": 25, ""di_length"": 14}, ""vol"": {""length"": 2}}","{""atr_len"": 4, ""atr_mult"": 1.35, ""be_pct"": 0.05, ""tp_mult"": 3.65, ""trail_arm"": 2.0, ""trail_mult"": 1.5}",0,name 'old' is not defined
B|trend|coppock_curve_signals|chandelier_exit_signals|efficiency_ratio_volume_signals|tma_baseline,B,B,trend,coppock_curve_signals,chandelier_exit_signals,efficiency_ratio_volume_signals,tma_baseline,adx_dmi_exit,69.0,False,W3ONLY,-5.046032406311226,4.862327843814943,-53.692576426724315,-9.497359177038062,28,3.0850660972513886,0.057130853652803494,4.512391136609707,1.8415192875647,1.2190216662311235,1.364778256636423,0.9868264966548702,2.5307721615724486,0.46296296296296297,0.4616975988249704,-0.29163358184044386,1.5831427776982507,26.798768145562416,6.537037037037037,54,1.0,1.0,8.421915291767354,0.044797421764719965,1.1678824080855252,0.6430868048042458,3.3882238933350326,0.6041992996473464,13.938968973785604,6.968993642884915,0.2553191489361702,1.2205724361630323,-0.35832544031470137,3.406323690249449,33.0280678747365,5.898936170212766,188,160,28,5,0.5,999.0,1.5,2.0,0.05,"{""base"": {""length"": 20}, ""c1"": {""long_roc"": 14, ""short_roc"": 14, ""smooth_len"": 10}, ""c2"": {""atr_mult"": 3, ""atr_period"": 5}, ""exit_ind"": {""adx_smoothing"": 14, ""adx_threshold"": 25, ""di_length"": 14}, ""vol"": {""er_threshold"": 0.3, ""length"": 66}}","{""base"": {""length"": 16}, ""c1"": {""long_roc"": 140, ""short_roc"": 14, ""smooth_len"": 100}, ""c2"": {""atr_mult"": 3, ""atr_period"": 2}, ""exit_ind"": {""adx_smoothing"": 14, ""adx_threshold"": 25, ""di_length"": 14}, ""vol"": {""er_threshold"": 0.3, ""length"": 43}}","{""atr_len"": 46, ""atr_mult"": 1.35, ""be_pct"": 0.05, ""tp_mult"": 13.5, ""trail_arm"": 2.0, ""trail_mult"": 0.55}",0,name 'old' is not defined
B|trend|kalman_filter_signals|fisher_transform_signals|efficiency_ratio_volume_signals|t3_baseline,B,B,trend,kalman_filter_signals,fisher_transform_signals,efficiency_ratio_volume_signals,t3_baseline,adx_dmi_exit,111.8,False,W3ONLY,-4.778361896575333,4.755066049088963,-20.980596708826962,-7.869655909762961,28,0.49080853815632874,0.008764438181363013,0.8871973815790571,0.22733533681804513,0.127734103267365,1.0393324054941697,1.8890328236833627,3.8424236409989834,0.30357142857142855,0.7628991804745332,-0.31996096230540333,2.384350812604272,12.863542585728585,5.982142857142857,56,1.0,2.35,2.270605022861261,0.009958793959917812,1.0393038977616067,0.17983448204966546,0.9559811819478156,0.17871427835531944,12.70522447203042,6.7610282002508715,0.22807017543859648,1.1546362422697358,-0.32824136122252834,3.517643961654669,23.99194180150794,7.197368421052632,228,200,28,3,0.75,999.0,1.5,2.0,0.05,"{""base"": {""length"": 19, ""volume_factor"": 0.7}, ""c1"": {""k"": 1, ""sharpness"": 1}, ""c2"": {""length"": 19}, ""exit_ind"": {""adx_smoothing"": 14, ""adx_threshold"": 25, ""di_length"": 14}, ""vol"": {""er_threshold"": 0.3, ""length"": 66}}","{""base"": {""length"": 19, ""volume_factor"": 0.7}, ""c1"": {""k"": 3, ""sharpness"": 3}, ""c2"": {""length"": 10}, ""exit_ind"": {""adx_smoothing"": 14, ""adx_threshold"": 25, ""di_length"": 14}, ""vol"": {""er_threshold"": 0.243339, ""length"": 66}}","{""atr_len"": 14, ""atr_mult"": 1.0, ""be_pct"": 0.05, ""tp_mult"": 7.85, ""trail_arm"": 2.45, ""trail_mult"": 0.5}",0,name 'old' is not defined
B|trend|polychromatic_momentum_signals|laguerre_filter_signals|variance_volume_signals|mcginley_dynamic_index,B,B,trend,polychromatic_momentum_signals,laguerre_filter_signals,variance_volume_signals,mcginley_dynamic_index,adx_dmi_exit,156.6,True,W3ONLY,0.10280139767376828,6.081532980855457,0.10960269075421256,0.02990689056222696,68,-0.13975553641831917,-0.002588065489228133,-0.22324712111099854,-0.05505728896321158,-0.014917714053686198,0.9899733393772433,4.861967173087461,9.368428427798245,0.2037037037037037,1.2544215892367776,-0.3241486748377412,3.869895781201951,21.64625914230144,9.092592592592593,54,1.0,2.9,-24.854176063361137,-0.15342083989729097,0.5507640082164921,-3.067352290491624,-11.932176985814088,-0.887579611550677,28.002193538378805,19.21913075961924,0.16049382716049382,1.1719714462179225,-0.40680465930167,2.880919427593959,30.094894765077168,10.833333333333334,162,94,68,3,1.5,30.0,0.5,2.0,0.05,"{""base"": {""mci_length"": 17}, ""c1"": {""len"": 7}, ""c2"": {""alpha"": 0.2}, ""exit_ind"": {""adx_smoothing"": 14, ""adx_threshold"": 25, ""di_length"": 14}, ""vol"": {""ema_len"": 28, ""filter_lookback"": 132, ""hline"": 0, ""lookback"": 16}}","{""base"": {""mci_length"": 40}, ""c1"": {""len"": 14}, ""c2"": {""alpha"": 0.569607}, ""exit_ind"": {""adx_smoothing"": 14, ""adx_threshold"": 25, ""di_length"": 14}, ""vol"": {""ema_len"": 100, ""filter_lookback"": 57, ""hline"": 0, ""lookback"": 57}}","{""atr_len"": 50, ""atr_mult"": 1.15, ""be_pct"": 0.05, ""tp_mult"": 8.5, ""trail_arm"": 1.95, ""trail_mult"": 0.5}",0,name 'old' is not defined
B|trend|parabolic_sar_signals|mama_fama_signals|choppiness_index_volume_signals|mcginley_dynamic_index,B,B,trend,parabolic_sar_signals,mama_fama_signals,choppiness_index_volume_signals,mcginley_dynamic_index,adx_dmi_exit,401.3,False,W3ONLY,-9.110155018014012,13.490861888452926,-15.88887480226168,-4.248976100620528,50,6.850721455906326,0.12233431171261297,11.093128810825785,2.625724828305325,1.1022779964348228,1.5269286343257233,2.566575558231418,6.215057796730143,0.35714285714285715,0.9925976759830751,-0.36114533510431057,2.748471541786302,11.536430240176362,7.964285714285714,56,1.0,1.85,3.8816189508648478,0.007083246260702277,1.022954730482044,0.038138808771330975,0.5055725164568938,0.0703756078685922,55.15574313919593,26.027776197039607,0.18248175182481752,1.7298048743469132,-0.37745283143711267,4.582837192559557,46.73040640051045,5.322992700729927,548,498,50,6,1.05,999.0,1.5,2.0,0.05,"{""base"": {""mci_length"": 11}, ""c1"": {""sar_increment"": 0.037476, ""sar_maximum"": 0.162226, ""sar_start"": 0.02}, ""c2"": {""fast_limit"": 0.5, ""slow_limit"": 0.093691}, ""exit_ind"": {""adx_smoothing"": 14, ""adx_threshold"": 25, ""di_length"": 14}, ""vol"": {""ci_threshold"": 50.127885, ""length"": 14}}","{""base"": {""mci_length"": 11}, ""c1"": {""sar_increment"": 0.010673, ""sar_maximum"": 0.070224, ""sar_start"": 0.02}, ""c2"": {""fast_limit"": 0.405565, ""slow_limit"": 0.05}, ""exit_ind"": {""adx_smoothing"": 14, ""adx_threshold"": 25, ""di_length"": 14}, ""vol"": {""ci_threshold"": 61.8, ""length"": 26}}","{""atr_len"": 40, ""atr_mult"": 1.5, ""be_pct"": 0.001, ""tp_mult"": 2.0, ""trail_arm"": 1.25, ""trail_mult"": 1.4}",0,name 'old' is not defined
B|trend|polychromatic_momentum_signals|chandelier_exit_signals|chaikin_volatility_volume_signals|tma_baseline,B,B,trend,polychromatic_momentum_signals,chandelier_exit_signals,chaikin_volatility_volume_signals,tma_baseline,adx_dmi_exit,215.1,False,W3ONLY,-5.065670394726572,14.146407337346789,-2.686351904363256,-0.7265054954290701,136,-0.6239220025050672,-0.0047266818371596,-0.4551675570165017,-0.10775671902119734,-0.05130663122237425,0.9822372839304647,5.761847004874571,12.160650341684914,0.2727272727272727,0.958373599832433,-0.3658892874632567,2.619299423814573,12.433168249200712,10.136363636363637,132,1.0,2.7,-7.507383013596213,-0.0227496454957461,0.9248573164976762,-0.4471137250567772,-1.814937364094502,-0.3325242478994911,22.576949082718915,9.92394141813525,0.22424242424242424,1.248661984046354,-0.39026706966025937,3.1995063922081775,14.066723004334218,7.803030303030303,330,194,136,5,1.5,3.8,1.25,1.3,0.001,"{""base"": {""length"": 37}, ""c1"": {""len"": 61}, ""c2"": {""atr_mult"": 3, ""atr_period"": 5}, ""exit_ind"": {""adx_smoothing"": 14, ""adx_threshold"": 25, ""di_length"": 14}, ""vol"": {""cvi_len"": 12, ""roc_len"": 10}}","{""base"": {""length"": 37}, ""c1"": {""len"": 92}, ""c2"": {""atr_mult"": 3, ""atr_period"": 22}, ""exit_ind"": {""adx_smoothing"": 14, ""adx_threshold"": 25, ""di_length"": 14}, ""vol"": {""cvi_len"": 12, ""roc_len"": 3}}","{""atr_len"": 44, ""atr_mult"": 0.9, ""be_pct"": 0.001, ""tp_mult"": 2.55, ""trail_arm"": 1.9, ""trail_mult"": 1.15}",0,name 'old' is not defined
B|chop|lemantrend_signals|linreg_slope_signals|choppiness_index_volume_signals|vidya,B,B,chop,lemantrend_signals,linreg_slope_signals,choppiness_index_volume_signals,vidya,adx_dmi_exit,135.6,False,W3ONLY,-2.428825266063761,12.425994375787404,-1.750136686063047,-0.3565236106075878,84,6.2993009426771085,0.08180910315165076,3.6891809614329905,1.1944437246022284,0.6042801653979375,1.1817875071332709,5.601258243487334,10.424470805737634,0.36363636363636365,1.4625465104688404,-0.7071837010296004,2.0681281374832237,7.259453448673551,3.6363636363636362,77,1.0,1.5,-6.7588374146822146,-0.03734164317503986,0.9247114762453174,-0.43245958037029886,-1.5463771705502722,-0.2554941732803016,26.453978687283495,16.39459861077641,0.292817679558011,1.5662951234929314,-0.7013474918734968,2.233265452064163,18.861255345080664,6.392265193370166,181,97,84,12,0.75,5.25,1.5,2.0,0.05,"{""base"": {""vda_length"": 4}, ""c1"": {""fast_period"": 34, ""medium_period"": 21, ""slow_period"": 16, ""smooth"": 6}, ""c2"": {""length"": 14, ""r2_floor"": 0.246569}, ""exit_ind"": {""adx_smoothing"": 14, ""adx_threshold"": 25, ""di_length"": 14}, ""vol"": {""ci_threshold"": 61.8, ""length"": 5}}","{""base"": {""vda_length"": 6}, ""c1"": {""fast_period"": 28, ""medium_period"": 210, ""slow_period"": 37, ""smooth"": 3}, ""c2"": {""length"": 17, ""r2_floor"": 0.569607}, ""exit_ind"": {""adx_smoothing"": 14, ""adx_threshold"": 25, ""di_length"": 14}, ""vol"": {""ci_threshold"": 61.8, ""length"": 26}}","{""atr_len"": 10, ""atr_mult"": 1.45, ""be_pct"": 0.05, ""tp_mult"": 4.05, ""trail_arm"": 2.0, ""trail_mult"": 1.5}",0,name 'old' is not defined
B|trend|center_of_gravity_signals|halftrend_signals|variance_volume_signals|tma_baseline,B,B,trend,center_of_gravity_signals,halftrend_signals,variance_volume_signals,tma_baseline,adx_dmi_exit,244.2,False,W3ONLY,-15.37827437387345,14.927380684555613,-38.547713484171126,-24.246181802842578,50,8.994067172283861,0.16655679948673818,13.079083894961231,4.094157382734215,3.4510697112886266,1.8853243648943263,0.9500507293849408,2.606167920301292,0.46296296296296297,0.7661252599289736,-0.3503125629634648,2.1869762632774186,18.090892329019567,6.981481481481482,54,1.0,1.45,-10.342402146684556,-0.048784915786247905,0.8404296520771714,-0.7490119994483353,-4.696105073018782,-0.4449585712836558,23.24351706912372,9.465773797716995,0.16037735849056603,1.6021075916980787,-0.364123934069771,4.399896413815779,26.095865170949953,8.278301886792454,212,162,50,2,0.8,999.0,1.5,2.0,0.05,"{""base"": {""length"": 25}, ""c1"": {""length"": 10, ""signal_length"": 4}, ""c2"": {""amplitude"": 5}, ""exit_ind"": {""adx_smoothing"": 14, ""adx_threshold"": 25, ""di_length"": 14}, ""vol"": {""ema_len"": 66, ""filter_lookback"": 37, ""hline"": 0, ""lookback"": 20}}","{""base"": {""length"": 25}, ""c1"": {""length"": 10, ""signal_length"": 9}, ""c2"": {""amplitude"": 5}, ""exit_ind"": {""adx_smoothing"": 14, ""adx_threshold"": 25, ""di_length"": 14}, ""vol"": {""ema_len"": 2, ""filter_lookback"": 57, ""hline"": 0, ""lookback"": 200}}","{""atr_len"": 30, ""atr_mult"": 1.1, ""be_pct"": 0.05, ""tp_mult"": 13.25, ""trail_arm"": 1.0, ""trail_mult"": 0.5}",0,name 'old' is not defined
B|trend|ssl_channel_signals|polychromatic_momentum_signals|chaikin_volatility_volume_signals|rma_baseline,B,B,trend,ssl_channel_signals,polychromatic_momentum_signals,chaikin_volatility_volume_signals,rma_baseline,adx_dmi_exit,144.6,False,W3ONLY,20.1749593695071,8.623478757253269,7.736016913981977,2.5799089158682382,178,15.122815191065019,0.1128568297840673,11.181057119710774,2.8350806447602115,1.6662355606055999,1.4956943058286827,3.9049669495689012,9.076036755312419,0.44029850746268656,0.7734095732125204,-0.40677799504631584,1.9013063209686643,11.569342594316593,4.447761194029851,134,1.0,1.45,59.48271671017942,0.21243827396492648,1.84026242348565,2.496649038220945,16.923966756512257,4.00901756338148,14.837230261472744,4.70035602208924,0.30357142857142855,1.5326277537760564,-0.3630289351835147,4.221778500937668,25.938370176216626,11.532142857142857,280,102,178,3,1.4,1.75,0.55,1.1,0.01,"{""base"": {""ma_length"": 16}, ""c1"": {""len"": 10}, ""c2"": {""len"": 14}, ""exit_ind"": {""adx_smoothing"": 14, ""adx_threshold"": 25, ""di_length"": 14}, ""vol"": {""cvi_len"": 66, ""roc_len"": 10}}","{""base"": {""ma_length"": 200}, ""c1"": {""len"": 8}, ""c2"": {""len"": 14}, ""exit_ind"": {""adx_smoothing"": 14, ""adx_threshold"": 25, ""di_length"": 14}, ""vol"": {""cvi_len"": 12, ""roc_len"": 10}}","{""atr_len"": 38, ""atr_mult"": 0.8, ""be_pct"": 0.05, ""tp_mult"": 13.5, ""trail_arm"": 1.0, ""trail_mult"": 1.1}",0,name 'old' is not defined
B|trend|fx_sniper_ergodic_cci_signals|relative_vigor_index_signals|choppiness_index_volume_signals|sma_baseline,B,B,trend,fx_sniper_ergodic_cci_signals,relative_vigor_index_signals,choppiness_index_volume_signals,sma_baseline,adx_dmi_exit,220.0,False,W3ONLY,9.732441041024522,11.72447872962876,5.518062736474951,1.1336675556591416,166,12.223271456538313,0.07363416540083322,7.077909998262762,1.3180337394705481,1.0656109469770871,1.2679320972334014,5.135516335081193,11.470669939355586,0.24096385542168675,1.4461013044884394,-0.36206968827777186,3.9939861062852144,13.106172588223622,8.048192771084338,166,1.0,2.9,-33.867356964625706,-0.08819624209537945,0.7168429761116287,-1.9733034892766503,-7.0231645006837145,-0.6699012627970725,50.555744324495855,34.63430654630102,0.19791666666666666,1.128143662879329,-0.38833206280342447,2.9051004821366004,15.638249654251213,6.3984375,384,218,166,4,1.05,2.65,1.75,1.0,0.001,"{""base"": {""length"": 25}, ""c1"": {""cci_length"": 14, ""ema1_length"": 5, ""ema2_length"": 6, ""trigger_length"": 5}, ""c2"": {""len"": 10}, ""exit_ind"": {""adx_smoothing"": 14, ""adx_threshold"": 25, ""di_length"": 14}, ""vol"": {""ci_threshold"": 61.8, ""length"": 14}}","{""base"": {""length"": 25}, ""c1"": {""cci_length"": 17, ""ema1_length"": 5, ""ema2_length"": 3, ""trigger_length"": 14}, ""c2"": {""len"": 10}, ""exit_ind"": {""adx_smoothing"": 14, ""adx_threshold"": 25, ""di_length"": 14}, ""vol"": {""ci_threshold"": 61.8, ""length"": 17}}","{""atr_len"": 6, ""atr_mult"": 1.45, ""be_pct"": 0.001, ""tp_mult"": 2.4, ""trail_arm"": 1.0, ""trail_mult"": 1.35}",0,name 'old' is not defined
B|trend|rex_oscillator_signals|polychromatic_momentum_signals|choppiness_index_volume_signals|sma_baseline,B,B,trend,rex_oscillator_signals,polychromatic_momentum_signals,choppiness_index_volume_signals,sma_baseline,adx_dmi_exit,131.5,False,W3ONLY,-7.291359075365181,6.9645512443349205,-53.44309938696807,-14.784248229343824,34,15.88124516492715,0.06562498002036013,5.371039868334027,1.6052422974955516,1.0913606221284091,1.2851738100165515,6.218060153323398,14.551785031381286,0.38016528925619836,0.7779451032989534,-0.3712646955905104,2.095392081548725,16.59286430571927,6.066115702479339,242,1.0,1.4,13.186529642382705,0.07245345957353135,1.2271784142488091,1.0591586561088384,6.867040681226996,0.903142603076841,14.600717093245983,6.191581880654894,0.21978021978021978,1.7807836837725604,-0.4087663218909839,4.356483370583272,11.636244549323274,8.813186813186814,182,148,34,5,0.6,999.0,1.5,2.0,0.05,"{""base"": {""length"": 20}, ""c1"": {""almaOffset"": 0.85, ""almaSigma"": 6, ""framaFast"": 34, ""framaSlow"": 89, ""jurikPhase"": 1, ""jurikPower"": 1, ""lsOffset"": 0, ""modFBW"": 0.5, ""modFilter"": 0.8, ""sigAlmaOff"": 0.85, ""sigAlmaSig"": 6, ""sigFramaFast"": 34, ""sigFramaSlow"": 89, ""sigJurikPhase"": 1, ""sigJurikPower"": 1, ""sigLsOff"": 0, ""sigModFBW"": 0.5, ""sigModFilter"": 0.8, ""sigSmooth"": 27, ""sigVolAdj"": 10, ""smooth"": 11, ""volAdj"": 10}, ""c2"": {""len"": 14}, ""exit_ind"": {""adx_smoothing"": 14, ""adx_threshold"": 25, ""di_length"": 14}, ""vol"": {""ci_threshold"": 50.127885, ""length"": 26}}","{""base"": {""length"": 37}, ""c1"": {""almaOffset"": 0.85, ""almaSigma"": 6, ""framaFast"": 34, ""framaSlow"": 89, ""jurikPhase"": 1, ""jurikPower"": 1, ""lsOffset"": 0, ""modFBW"": 0.5, ""modFilter"": 0.8, ""sigAlmaOff"": 0.85, ""sigAlmaSig"": 6, ""sigFramaFast"": 34, ""sigFramaSlow"": 89, ""sigJurikPhase"": 1, ""sigJurikPower"": 1, ""sigLsOff"": 0, ""sigModFBW"": 0.5, ""sigModFilter"": 0.8, ""sigSmooth"": 22, ""sigVolAdj"": 10, ""smooth"": 11, ""volAdj"": 10}, ""c2"": {""len"": 14}, ""exit_ind"": {""adx_smoothing"": 14, ""adx_threshold"": 25, ""di_length"": 14}, ""vol"": {""ci_threshold"": 50.127885, ""length"": 2}}","{""atr_len"": 18, ""atr_mult"": 1.15, ""be_pct"": 0.001, ""tp_mult"": 4.6, ""trail_arm"": 1.0, ""trail_mult"": 1.6}",0,name 'old' is not defined
B|trend|ehlers_reverse_ema_signals|fisher_transform_signals|variance_volume_signals|ema_baseline,B,B,trend,ehlers_reverse_ema_signals,fisher_transform_signals,variance_volume_signals,ema_baseline,adx_dmi_exit,248.1,False,W3ONLY,-7.778311907504272,15.360572141674616,-5.484222262908025,-1.1637105441120332,132,10.437191765504565,0.06442710966360843,7.596658471875023,1.2633710098660533,0.9879632532444889,1.2177888598677102,5.035550194955622,10.56435219754241,0.3148148148148148,1.1443261496888377,-0.4317427195371725,2.650481636182663,13.46081084082421,8.179012345679013,162,1.0,2.15,-19.143732936543746,-0.048099831498853635,0.8464351169573602,-0.9198875319654466,-4.443518091510849,-0.45712313813661404,41.87872225103277,23.697092985816358,0.22110552763819097,1.1990732506151345,-0.4021360612602437,2.981760071099792,17.827891619922884,8.263819095477388,398,266,132,17,1.15,999.0,1.5,2.0,0.05,"{""base"": {""ma_length"": 37}, ""c1"": {""alpha"": 0.1}, ""c2"": {""length"": 4}, ""exit_ind"": {""adx_smoothing"": 14, ""adx_threshold"": 25, ""di_length"": 14}, ""vol"": {""ema_len"": 19, ""filter_lookback"": 200, ""hline"": 0, ""lookback"": 20}}","{""base"": {""ma_length"": 20}, ""c1"": {""alpha"": 0.035112}, ""c2"": {""length"": 28}, ""exit_ind"": {""adx_smoothing"": 14, ""adx_threshold"": 25, ""di_length"": 14}, ""vol"": {""ema_len"": 19, ""filter_lookback"": 20, ""hline"": 0, ""lookback"": 200}}","{""atr_len"": 13, ""atr_mult"": 1.05, ""be_pct"": 0.2, ""tp_mult"": 3.25, ""trail_arm"": 1.2, ""trail_mult"": 0.5}",0,name 'old' is not defined
B|trend|polychromatic_momentum_signals|volatility_quality_signals|variance_volume_signals|wma_baseline,B,B,trend,polychromatic_momentum_signals,volatility_quality_signals,variance_volume_signals,wma_baseline,adx_dmi_exit,201.2,False,W3ONLY,-16.69407874250623,17.05646686907475,-38.59789923791708,-10.249598743545052,82,17.41115016111674,0.16741490539535328,14.050775224400107,3.3103482604511134,2.0183439959543437,1.8672313771107225,3.3742529310298335,8.626453268628344,0.34615384615384615,1.0413293624366493,-0.2952456895088624,3.5269926012091424,17.129493251443897,8.009615384615385,104,1.0,2.55,-10.073330677762257,-0.047071638681132046,0.8437818450525426,-0.8414137150325218,-3.863402322257436,-0.43674521240408604,23.064547456200152,10.165977306413097,0.16822429906542055,1.5113646589578198,-0.3622610022485605,4.1720324560931275,14.035608152116248,6.364485981308412,214,132,82,2,0.55,999.0,1.5,2.0,0.05,"{""base"": {""ma_length"": 25}, ""c1"": {""len"": 11}, ""c2"": {""atr_pct"": 0.140536, ""smooth"": 43}, ""exit_ind"": {""adx_smoothing"": 14, ""adx_threshold"": 25, ""di_length"": 14}, ""vol"": {""ema_len"": 28, ""filter_lookback"": 200, ""hline"": 0, ""lookback"": 20}}","{""base"": {""ma_length"": 25}, ""c1"": {""len"": 40}, ""c2"": {""atr_pct"": 0.040025, ""smooth"": 12}, ""exit_ind"": {""adx_smoothing"": 14, ""adx_threshold"": 25, ""di_length"": 14}, ""vol"": {""ema_len"": 5, ""filter_lookback"": 200, ""hline"": 0, ""lookback"": 16}}","{""atr_len"": 25, ""atr_mult"": 1.4, ""be_pct"": 0.05, ""tp_mult"": 7.65, ""trail_arm"": 1.25, ""trail_mult"": 0.5}",0,name 'old' is not defined
B|trend|rex_oscillator_signals|laguerre_filter_signals|variance_volume_signals|tma_baseline,B,B,trend,rex_oscillator_signals,laguerre_filter_signals,variance_volume_signals,tma_baseline,adx_dmi_exit,138.6,False,W3ONLY,-3.287995124260294,9.954718930054728,-2.8165108095336424,-1.3692320840480892,50,2.617857003617212,0.045135465579607105,4.944341498393665,0.9109216510581771,0.4669224562739553,1.1613867270707547,3.04538309970823,5.606620475073593,0.27586206896551724,1.1774296872773897,-0.3862147141147863,3.0486401585607315,10.388688291492876,7.896551724137931,58,1.0,2.7,17.67467231141198,0.1162807388908683,1.3927160183748148,1.3488357171203804,8.853055834503959,1.6296242517593182,10.845857437584565,5.038492746805729,0.17105263157894737,2.410804411396833,-0.3571923998802038,6.74931608904718,25.326249669965794,10.5,152,102,50,2,1.0,999.0,1.5,2.0,0.05,"{""base"": {""length"": 25}, ""c1"": {""almaOffset"": 0.85, ""almaSigma"": 6, ""framaFast"": 34, ""framaSlow"": 89, ""jurikPhase"": 1, ""jurikPower"": 1, ""lsOffset"": 0, ""modFBW"": 0.5, ""modFilter"": 0.8, ""sigAlmaOff"": 0.85, ""sigAlmaSig"": 6, ""sigFramaFast"": 34, ""sigFramaSlow"": 89, ""sigJurikPhase"": 1, ""sigJurikPower"": 1, ""sigLsOff"": 0, ""sigModFBW"": 0.5, ""sigModFilter"": 0.8, ""sigSmooth"": 22, ""sigVolAdj"": 10, ""smooth"": 40, ""volAdj"": 10}, ""c2"": {""alpha"": 0.2}, ""exit_ind"": {""adx_smoothing"": 14, ""adx_threshold"": 25, ""di_length"": 14}, ""vol"": {""ema_len"": 28, ""filter_lookback"": 200, ""hline"": 0, ""lookback"": 20}}","{""base"": {""length"": 37}, ""c1"": {""almaOffset"": 0.85, ""almaSigma"": 6, ""framaFast"": 34, ""framaSlow"": 89, ""jurikPhase"": 1, ""jurikPower"": 1, ""lsOffset"": 0, ""modFBW"": 0.5, ""modFilter"": 0.8, ""sigAlmaOff"": 0.85, ""sigAlmaSig"": 6, ""sigFramaFast"": 34, ""sigFramaSlow"": 89, ""sigJurikPhase"": 1, ""sigJurikPower"": 1, ""sigLsOff"": 0, ""sigModFBW"": 0.5, ""sigModFilter"": 0.8, ""sigSmooth"": 220, ""sigVolAdj"": 10, ""smooth"": 14, ""volAdj"": 10}, ""c2"": {""alpha"": 0.374763}, ""exit_ind"": {""adx_smoothing"": 14, ""adx_threshold"": 25, ""di_length"": 14}, ""vol"": {""ema_len"": 12, ""filter_lookback"": 87, ""hline"": 0, ""lookback"": 20}}","{""atr_len"": 13, ""atr_mult"": 0.6, ""be_pct"": 0.05, ""tp_mult"": 23.0, ""trail_arm"": 2.3, ""trail_mult"": 0.5}",0,name 'old' is not defined
B|trend|center_of_gravity_signals|rex_oscillator_signals|variance_volume_signals|ema_baseline,B,B,trend,center_of_gravity_signals,rex_oscillator_signals,variance_volume_signals,ema_baseline,adx_dmi_exit,143.8,False,W3ONLY,0.7897511055318169,2.961755697837132,2.4437248535319487,0.4812228869923742,36,5.768313369314473,0.1030055958806156,8.780540353449773,2.547301250466965,1.395376842086504,1.5385930595002735,1.5907725983140546,4.133874947135518,0.4107142857142857,0.7164469302494002,-0.3245444250430829,2.207546563630827,25.823958347612024,4.535714285714286,56,1.0,1.8,-12.596033959887908,-0.09542449969612052,0.5943997661340615,-2.846985949898894,-12.656400958526183,-0.8008754826880642,15.727830645546158,9.261493249877324,0.22727272727272727,0.6153086228617866,-0.30446365338962267,2.020959204855809,28.255969630908908,7.303030303030303,132,96,36,2,1.15,999.0,1.5,2.0,0.05,"{""base"": {""ma_length"": 25}, ""c1"": {""length"": 12, ""signal_length"": 6}, ""c2"": {""almaOffset"": 0.85, ""almaSigma"": 6, ""framaFast"": 34, ""framaSlow"": 89, ""jurikPhase"": 1, ""jurikPower"": 1, ""lsOffset"": 0, ""modFBW"": 0.5, ""modFilter"": 0.8, ""sigAlmaOff"": 0.85, ""sigAlmaSig"": 6, ""sigFramaFast"": 34, ""sigFramaSlow"": 89, ""sigJurikPhase"": 1, ""sigJurikPower"": 1, ""sigLsOff"": 0, ""sigModFBW"": 0.5, ""sigModFilter"": 0.8, ""sigSmooth"": 5, ""sigVolAdj"": 10, ""smooth"": 140, ""volAdj"": 10}, ""exit_ind"": {""adx_smoothing"": 14, ""adx_threshold"": 25, ""di_length"": 14}, ""vol"": {""ema_len"": 12, ""filter_lookback"": 37, ""hline"": 0, ""lookback"": 20}}","{""base"": {""ma_length"": 20}, ""c1"": {""length"": 66, ""signal_length"": 4}, ""c2"": {""almaOffset"": 0.85, ""almaSigma"": 6, ""framaFast"": 34, ""framaSlow"": 89, ""jurikPhase"": 1, ""jurikPower"": 1, ""lsOffset"": 0, ""modFBW"": 0.5, ""modFilter"": 0.8, ""sigAlmaOff"": 0.85, ""sigAlmaSig"": 6, ""sigFramaFast"": 34, ""sigFramaSlow"": 89, ""sigJurikPhase"": 1, ""sigJurikPower"": 1, ""sigLsOff"": 0, ""sigModFBW"": 0.5, ""sigModFilter"": 0.8, ""sigSmooth"": 2, ""sigVolAdj"": 10, ""smooth"": 5, ""volAdj"": 10}, ""exit_ind"": {""adx_smoothing"": 14, ""adx_threshold"": 25, ""di_length"": 14}, ""vol"": {""ema_len"": 12, ""filter_lookback"": 200, ""hline"": 0, ""lookback"": 20}}","{""atr_len"": 11, ""atr_mult"": 0.75, ""be_pct"": 0.001, ""tp_mult"": 9.25, ""trail_arm"": 2.0, ""trail_mult"": 0.5}",0,name 'old' is not defined
B|trend|kalman_filter_signals|schaff_trend_cycle_signals|variance_volume_signals|tma_baseline,B,B,trend,kalman_filter_signals,schaff_trend_cycle_signals,variance_volume_signals,tma_baseline,adx_dmi_exit,218.2,False,W3ONLY,-11.114812057140552,11.480287301001834,-15.165388545958146,-6.9305451985615,54,2.526830935571012,0.0451219809923395,4.722759179683584,1.1005247898600734,0.3360089305338599,1.205550957248796,3.7824883007575196,7.52013028807394,0.32142857142857145,0.8233220538259689,-0.32349910613937966,2.545052020858569,12.74809820129634,5.5,56,1.0,2.65,-3.9950279207515536,-0.021712108264954094,0.9158239332678834,-0.41626051208319664,-1.873154040246869,-0.186469903643367,21.424518609674642,10.378477620147324,0.2391304347826087,0.9878488587124007,-0.3390026978864084,2.9139852422159924,27.470313202352063,5.842391304347826,184,130,54,6,1.15,999.0,1.5,2.0,0.05,"{""base"": {""length"": 20}, ""c1"": {""k"": 1, ""sharpness"": 1}, ""c2"": {""cycleLen"": 12, ""d1"": 3, ""d2"": 3, ""lowerBand"": 25, ""macdFast"": 12, ""macdSlow"": 27, ""stc_midline"": 41, ""upperBand"": 75}, ""exit_ind"": {""adx_smoothing"": 14, ""adx_threshold"": 25, ""di_length"": 14}, ""vol"": {""ema_len"": 66, ""filter_lookback"": 2, ""hline"": 0, ""lookback"": 87}}","{""base"": {""length"": 16}, ""c1"": {""k"": 1, ""sharpness"": 1}, ""c2"": {""cycleLen"": 10, ""d1"": 3, ""d2"": 2, ""lowerBand"": 25, ""macdFast"": 12, ""macdSlow"": 50, ""stc_midline"": 62, ""upperBand"": 75}, ""exit_ind"": {""adx_smoothing"": 14, ""adx_threshold"": 25, ""di_length"": 14}, ""vol"": {""ema_len"": 19, ""filter_lookback"": 16, ""hline"": 0, ""lookback"": 87}}","{""atr_len"": 3, ""atr_mult"": 0.9, ""be_pct"": 0.05, ""tp_mult"": 4.3, ""trail_arm"": 1.2, ""trail_mult"": 1.9}",0,name 'old' is not defined
B|trend|rex_oscillator_signals|bears_bulls_impulse_signals|variance_volume_signals|wma_baseline,B,B,trend,rex_oscillator_signals,bears_bulls_impulse_signals,variance_volume_signals,wma_baseline,adx_dmi_exit,138.7,True,W3ONLY,6.157529086355562,3.8338253520404946,10.221478284476598,2.2704106744541717,42,-1.9833181103704096,-0.03672811315500758,-4.004162276705017,-0.7015778246239766,-0.28848164151397593,0.8903620247276298,3.792007953028543,6.875023658218905,0.2222222222222222,1.3421985129099312,-0.4307071491735615,3.116267086546704,20.688479796186684,7.944444444444445,54,1.0,2.35,-3.9379453516110603,-0.021171749202210002,0.945725891940325,-0.35878363935438023,-1.9815098356028877,-0.1799005905632113,21.88956322646085,10.578455186313473,0.2903225806451613,1.2707160324887534,-0.5496712962576041,2.3117744025207947,14.203604662938417,7.462365591397849,186,144,42,2,1.4,999.0,1.5,2.0,0.05,"{""base"": {""ma_length"": 25}, ""c1"": {""almaOffset"": 0.85, ""almaSigma"": 6, ""framaFast"": 34, ""framaSlow"": 89, ""jurikPhase"": 1, ""jurikPower"": 1, ""lsOffset"": 0, ""modFBW"": 0.5, ""modFilter"": 0.8, ""sigAlmaOff"": 0.85, ""sigAlmaSig"": 6, ""sigFramaFast"": 34, ""sigFramaSlow"": 89, ""sigJurikPhase"": 1, ""sigJurikPower"": 1, ""sigLsOff"": 0, ""sigModFBW"": 0.5, ""sigModFilter"": 0.8, ""sigSmooth"": 41, ""sigVolAdj"": 10, ""smooth"": 26, ""volAdj"": 10}, ""c2"": {""length"": 5}, ""exit_ind"": {""adx_smoothing"": 14, ""adx_threshold"": 25, ""di_length"": 14}, ""vol"": {""ema_len"": 8, ""filter_lookback"": 87, ""hline"": 0, ""lookback"": 37}}","{""base"": {""ma_length"": 37}, ""c1"": {""almaOffset"": 0.85, ""almaSigma"": 6, ""framaFast"": 34, ""framaSlow"": 89, ""jurikPhase"": 1, ""jurikPower"": 1, ""lsOffset"": 0, ""modFBW"": 0.5, ""modFilter"": 0.8, ""sigAlmaOff"": 0.85, ""sigAlmaSig"": 6, ""sigFramaFast"": 34, ""sigFramaSlow"": 89, ""sigJurikPhase"": 1, ""sigJurikPower"": 1, ""sigLsOff"": 0, ""sigModFBW"": 0.5, ""sigModFilter"": 0.8, ""sigSmooth"": 5, ""sigVolAdj"": 10, ""smooth"": 14, ""volAdj"": 10}, ""c2"": {""length"": 11}, ""exit_ind"": {""adx_smoothing"": 14, ""adx_threshold"": 25, ""di_length"": 14}, ""vol"": {""ema_len"": 10, ""filter_lookback"": 16, ""hline"": 0, ""lookback"": 200}}","{""atr_len"": 4, ""atr_mult"": 1.3, ""be_pct"": 0.03, ""tp_mult"": 2.4, ""trail_arm"": 1.15, ""trail_mult"": 0.5}",0,name 'old' is not defined
B|trend|didi_index_signals|ssl_channel_signals|variance_volume_signals|mcginley_dynamic_index,B,B,trend,didi_index_signals,ssl_channel_signals,variance_volume_signals,mcginley_dynamic_index,adx_dmi_exit,178.5,False,W3ONLY,6.726257090236155,9.463051396513126,5.676963178691824,1.181843114855871,92,18.332220874337374,0.26188886963339103,19.889362890572276,5.232353384521519,7.201433452849467,2.3480893423928695,0.861043272686408,2.5456349759204775,0.4857142857142857,0.939143822554276,-0.37774080812522265,2.4862122448865676,11.630480337408434,12.042857142857143,70,1.0,2.55,9.593055413724482,0.04568121625583087,1.153276895832078,0.6491825236410803,3.633832601075655,0.4806197392836923,19.959761594523382,11.955103033460704,0.22857142857142856,1.5037395108030764,-0.3863360562026123,3.892309523433264,24.1498081045057,11.780952380952382,210,118,92,6,1.4,5.05,0.65,1.1,0.001,"{""base"": {""mci_length"": 14}, ""c1"": {""long_p"": 25, ""medium"": 10}, ""c2"": {""len"": 10}, ""exit_ind"": {""adx_smoothing"": 14, ""adx_threshold"": 25, ""di_length"": 14}, ""vol"": {""ema_len"": 19, ""filter_lookback"": 200, ""hline"": 0, ""lookback"": 20}}","{""base"": {""mci_length"": 40}, ""c1"": {""long_p"": 87, ""medium"": 23}, ""c2"": {""len"": 5}, ""exit_ind"": {""adx_smoothing"": 14, ""adx_threshold"": 25, ""di_length"": 14}, ""vol"": {""ema_len"": 5, ""filter_lookback"": 16, ""hline"": 0, ""lookback"": 200}}","{""atr_len"": 47, ""atr_mult"": 1.1, ""be_pct"": 0.001, ""tp_mult"": 10.75, ""trail_arm"": 1.8, ""trail_mult"": 0.8}",0,name 'old' is not defined
B|chop|laguerre_filter_signals|schaff_trend_cycle_signals|ttm_squeeze_volume_signals|rma_baseline,B,B,chop,laguerre_filter_signals,schaff_trend_cycle_signals,ttm_squeeze_volume_signals,rma_baseline,adx_dmi_exit,184.6,False,W3ONLY,-16.681885894025264,25.367876180165744,-4.720611172210471,-1.2767216405375708,134,-11.383266317205516,-0.19626321236561234,-11.338075486843536,-2.6020461621212054,-0.737180144735517,0.6891285179053619,9.67363734235526,15.4416344478317,0.27586206896551724,1.577125495968975,-0.8718398631597408,1.8089623595015751,8.056470602791853,4.620689655172414,58,1.0,2.05,-3.2024260976903065,-0.011949351110784726,0.9783906273996129,-0.11755640942942819,-0.46864946162681403,-0.07418845442386497,43.16609804800232,23.85371388504658,0.26865671641791045,2.0138018972275784,-0.7561028709085509,2.663396707921168,19.026748895914878,7.5335820895522385,268,134,134,32,1.2,6.75,1.5,2.0,0.05,"{""base"": {""ma_length"": 7}, ""c1"": {""alpha"": 0.2}, ""c2"": {""cycleLen"": 12, ""d1"": 3, ""d2"": 2, ""lowerBand"": 25, ""macdFast"": 8, ""macdSlow"": 41, ""stc_midline"": 41, ""upperBand"": 75}, ""exit_ind"": {""adx_smoothing"": 14, ""adx_threshold"": 25, ""di_length"": 14}, ""vol"": {""bb_length"": 7, ""bb_mult"": 2, ""kc_length"": 2, ""kc_mult"": 1.5}}","{""base"": {""ma_length"": 7}, ""c1"": {""alpha"": 0.2}, ""c2"": {""cycleLen"": 10, ""d1"": 3, ""d2"": 2, ""lowerBand"": 25, ""macdFast"": 12, ""macdSlow"": 27, ""stc_midline"": 41, ""upperBand"": 75}, ""exit_ind"": {""adx_smoothing"": 14, ""adx_threshold"": 25, ""di_length"": 14}, ""vol"": {""bb_length"": 11, ""bb_mult"": 2, ""kc_length"": 2, ""kc_mult"": 1.5}}","{""atr_len"": 46, ""atr_mult"": 1.15, ""be_pct"": 0.05, ""tp_mult"": 10.5, ""trail_arm"": 2.0, ""trail_mult"": 1.5}",0,name 'old' is not defined
B|trend|donchian_breakout_signals|price_momentum_oscillator_signals|chaikin_volatility_volume_signals|sma_baseline,B,B,trend,donchian_breakout_signals,price_momentum_oscillator_signals,chaikin_volatility_volume_signals,sma_baseline,adx_dmi_exit,218.2,False,W3ONLY,4.918554857806787,7.956352455761713,2.6002475794698237,0.8345607333553259,132,2.3418940308171887,0.02491376628528924,2.157852751283537,0.5410850316538891,0.3557869941675474,1.091428806419881,3.0233931981927684,6.582292408682997,0.3191489361702128,0.9318764719434017,-0.400225001991951,2.328381453695746,19.099403146801343,6.595744680851064,94,1.0,1.85,14.167302539320957,0.04511879789592661,1.1457437618182864,0.6338693677788488,3.2270800505785546,0.9582242326506778,14.784955396223705,8.574494539956035,0.2515923566878981,1.4098003151636003,-0.41364647812171684,3.408225114269586,22.15636031597359,10.331210191082803,314,182,132,4,1.25,1.7,1.45,1.0,0.001,"{""base"": {""length"": 37}, ""c1"": {""length"": 7}, ""c2"": {""s1"": 43, ""s2"": 25, ""sig"": 10}, ""exit_ind"": {""adx_smoothing"": 14, ""adx_threshold"": 25, ""di_length"": 14}, ""vol"": {""cvi_len"": 10, ""roc_len"": 12}}","{""base"": {""length"": 37}, ""c1"": {""length"": 16}, ""c2"": {""s1"": 350, ""s2"": 37, ""sig"": 10}, ""exit_ind"": {""adx_smoothing"": 14, ""adx_threshold"": 25, ""di_length"": 14}, ""vol"": {""cvi_len"": 12, ""roc_len"": 4}}","{""atr_len"": 40, ""atr_mult"": 1.2, ""be_pct"": 0.05, ""tp_mult"": 999.0, ""trail_arm"": 2.0, ""trail_mult"": 1.05}",0,name 'old' is not defined
B|chop|chandelier_exit_signals|kase_peak_oscillator_signals|volatility_ratio_volume_signals|mcginley_dynamic_index,B,B,chop,chandelier_exit_signals,kase_peak_oscillator_signals,volatility_ratio_volume_signals,mcginley_dynamic_index,adx_dmi_exit,135.5,True,W3ONLY,50.862116903986454,16.20004648073993,15.45966008840133,1.8618561297325493,149,-11.040937511042873,-0.09600815226993803,-5.026751175693781,-1.0749764636302783,-0.39887789613651903,0.8546440685701637,13.799287477643318,27.679993346294694,0.24347826086956523,2.318464471130068,-0.8730798011802849,2.655501213057294,7.48009994360095,5.547826086956522,115,1.05,2.45,32.270610251527,0.11952077870935927,1.177202098054474,0.7514422905643496,5.18533760533925,0.8282963922441301,38.960220705652475,16.1598652427024,0.23333333333333334,3.4028969425111124,-0.8797676189694352,3.867949750750414,21.9994087297268,11.862962962962962,270,121,149,10,1.15,10.75,1.5,2.0,0.05,"{""base"": {""mci_length"": 26}, ""c1"": {""atr_mult"": 4, ""atr_period"": 95}, ""c2"": {""long_cycle"": 65, ""sharpness"": 40, ""short_cycle"": 8}, ""exit_ind"": {""adx_smoothing"": 14, ""adx_threshold"": 25, ""di_length"": 14}, ""vol"": {""length"": 5}}","{""base"": {""mci_length"": 17}, ""c1"": {""atr_mult"": 6, ""atr_period"": 22}, ""c2"": {""long_cycle"": 122, ""sharpness"": 40, ""short_cycle"": 8}, ""exit_ind"": {""adx_smoothing"": 14, ""adx_threshold"": 25, ""di_length"": 14}, ""vol"": {""length"": 61}}","{""atr_len"": 8, ""atr_mult"": 1.15, ""be_pct"": 0.05, ""tp_mult"": 15.0, ""trail_arm"": 2.0, ""trail_mult"": 1.5}",0,name 'old' is not defined
B|trend|coppock_curve_signals|parabolic_sar_signals|variance_volume_signals|rma_baseline,B,B,trend,coppock_curve_signals,parabolic_sar_signals,variance_volume_signals,rma_baseline,adx_dmi_exit,227.8,False,W3ONLY,7.779434141407318,7.648741730509199,5.929231808364517,1.4154373529054969,86,14.820957152695621,0.1512342566601594,15.579133025179399,2.8651012897410006,2.170070971200685,1.5772218157501448,2.8814883687927146,6.829710801806307,0.3673469387755102,1.12492557327044,-0.41413489492000344,2.7163264604585824,13.625680435677378,9.244897959183673,98,1.0,1.95,13.195228198776594,0.08681071183405653,1.2890581478879608,1.0518425745551765,6.785185638526751,1.1846327900147442,11.138665340010016,4.835910828766934,0.21052631578947367,1.8388835156476468,-0.38040870251623427,4.833968054579852,23.26556098072416,12.046052631578947,152,66,86,3,1.4,999.0,1.5,1.1,0.001,"{""base"": {""ma_length"": 11}, ""c1"": {""long_roc"": 14, ""short_roc"": 14, ""smooth_len"": 12}, ""c2"": {""sar_increment"": 0.037476, ""sar_maximum"": 0.162226, ""sar_start"": 0.024657}, ""exit_ind"": {""adx_smoothing"": 14, ""adx_threshold"": 25, ""di_length"": 14}, ""vol"": {""ema_len"": 19, ""filter_lookback"": 200, ""hline"": 0, ""lookback"": 20}}","{""base"": {""ma_length"": 200}, ""c1"": {""long_roc"": 2, ""short_roc"": 11, ""smooth_len"": 10}, ""c2"": {""sar_increment"": 0.056961, ""sar_maximum"": 0.02, ""sar_start"": 0.086575}, ""exit_ind"": {""adx_smoothing"": 14, ""adx_threshold"": 25, ""di_length"": 14}, ""vol"": {""ema_len"": 28, ""filter_lookback"": 3, ""hline"": 0, ""lookback"": 132}}","{""atr_len"": 39, ""atr_mult"": 0.8, ""be_pct"": 0.05, ""tp_mult"": 13.75, ""trail_arm"": 2.0, ""trail_mult"": 2.95}",0,name 'old' is not defined
B|trend|dspo_signals|fx_sniper_ergodic_cci_signals|variance_volume_signals|wma_baseline,B,B,trend,dspo_signals,fx_sniper_ergodic_cci_signals,variance_volume_signals,wma_baseline,adx_dmi_exit,186.3,True,W3ONLY,28.029258199634416,5.598165340105652,26.039881322460534,4.523771230727102,98,7.617286107439867,0.097657514197947,10.892995581007813,1.8183132045289685,0.7680259136234072,1.3669697162414647,5.550330349801479,9.918006635352823,0.38461538461538464,0.9458182304036655,-0.4324429334306272,2.1871515459863433,20.23685558828189,9.923076923076923,78,1.0,3.0,19.011626200958524,0.09505813100479261,1.389051408189732,1.6733735910643777,9.944054128921177,1.5497407223460857,12.267617367747581,6.359915201092673,0.37,0.9172735582855327,-0.38783029454103873,2.3651415869176518,22.86835311375784,9.215,200,102,98,4,1.0,999.0,1.5,2.0,0.05,"{""base"": {""ma_length"": 20}, ""c1"": {""len"": 14}, ""c2"": {""cci_length"": 17, ""ema1_length"": 6, ""ema2_length"": 3, ""trigger_length"": 5}, ""exit_ind"": {""adx_smoothing"": 14, ""adx_threshold"": 25, ""di_length"": 14}, ""vol"": {""ema_len"": 12, ""filter_lookback"": 200, ""hline"": 0, ""lookback"": 25}}","{""base"": {""ma_length"": 20}, ""c1"": {""len"": 14}, ""c2"": {""cci_length"": 17, ""ema1_length"": 5, ""ema2_length"": 2, ""trigger_length"": 4}, ""exit_ind"": {""adx_smoothing"": 14, ""adx_threshold"": 25, ""di_length"": 14}, ""vol"": {""ema_len"": 19, ""filter_lookback"": 132, ""hline"": 0, ""lookback"": 25}}","{""atr_len"": 12, ""atr_mult"": 0.9, ""be_pct"": 0.05, ""tp_mult"": 7.85, ""trail_arm"": 2.05, ""trail_mult"": 0.5}",0,name 'old' is not defined
B|trend|bears_bulls_impulse_signals|mama_fama_signals|variance_volume_signals|mcginley_dynamic_index,B,B,trend,bears_bulls_impulse_signals,mama_fama_signals,variance_volume_signals,mcginley_dynamic_index,adx_dmi_exit,377.6,False,W3ONLY,-25.839666398374696,28.605198385766617,-18.43867934779647,-6.961221301186616,94,0.48936437959956125,0.0076463184312431445,0.7443705766760077,0.17607553155138758,0.045184402458883735,1.0274520493723922,5.499276452948753,10.830382896949144,0.296875,0.9639744979343932,-0.3961366906923091,2.4334390643030344,10.011053657969837,5.640625,64,1.0,1.65,16.0676466284215,0.06985933316705,1.1897861863425534,0.25545498052533894,5.547077427531219,0.31929883074676896,50.32165821228611,23.66921735025403,0.1826086956521739,2.398320970454035,-0.4503289049502552,5.325709596009524,75.62654886482963,7.734782608695652,230,136,94,2,1.4,999.0,0.7,2.6,0.05,"{""base"": {""mci_length"": 14}, ""c1"": {""length"": 5}, ""c2"": {""fast_limit"": 0.17556, ""slow_limit"": 0.040557}, ""exit_ind"": {""adx_smoothing"": 14, ""adx_threshold"": 25, ""di_length"": 14}, ""vol"": {""ema_len"": 12, ""filter_lookback"": 25, ""hline"": 0, ""lookback"": 132}}","{""base"": {""mci_length"": 14}, ""c1"": {""length"": 86}, ""c2"": {""fast_limit"": 1.424018, ""slow_limit"": 0.093691}, ""exit_ind"": {""adx_smoothing"": 14, ""adx_threshold"": 25, ""di_length"": 14}, ""vol"": {""ema_len"": 100, ""filter_lookback"": 2, ""hline"": 0, ""lookback"": 87}}","{""atr_len"": 50, ""atr_mult"": 1.0, ""be_pct"": 0.05, ""tp_mult"": 16.0, ""trail_arm"": 1.4, ""trail_mult"": 0.5}",0,name 'old' is not defined
B|chop|halftrend_signals|dpo_signals|fractal_dimension_volume_signals|sma_baseline,B,B,chop,halftrend_signals,dpo_signals,fractal_dimension_volume_signals,sma_baseline,adx_dmi_exit,106.9,False,W3ONLY,-5.914923344858597,14.50162418163099,-3.4991913307334337,-1.1070799862584835,71,5.165366293645485,0.0727516379386688,3.2742208703178997,0.8707965822510387,0.39732877978622455,1.166600521859668,5.799758235323544,13.000231939968245,0.29577464788732394,1.7223747036435855,-0.6200900496573962,2.7776202901420666,16.43161450658612,4.676056338028169,71,1.0,3.0,3.8049346039624226,0.01737413061170056,1.0357564256097327,0.1903419811765336,0.7178436355030698,0.16524294842336285,23.026305450650398,11.082980225158334,0.2922374429223744,1.7221491477911126,-0.6865329732559278,2.5084725932735714,16.0323371885621,6.662100456621005,219,148,71,50,1.15,4.9,1.5,2.0,0.05,"{""base"": {""length"": 20}, ""c1"": {""amplitude"": 50}, ""c2"": {""len"": 50}, ""exit_ind"": {""adx_smoothing"": 14, ""adx_threshold"": 25, ""di_length"": 14}, ""vol"": {""fd_threshold"": 1.5, ""length"": 7}}","{""base"": {""length"": 20}, ""c1"": {""amplitude"": 50}, ""c2"": {""len"": 62}, ""exit_ind"": {""adx_smoothing"": 14, ""adx_threshold"": 25, ""di_length"": 14}, ""vol"": {""fd_threshold"": 1.5, ""length"": 85}}","{""atr_len"": 13, ""atr_mult"": 1.3, ""be_pct"": 0.05, ""tp_mult"": 4.0, ""trail_arm"": 2.0, ""trail_mult"": 1.5}",0,name 'old' is not defined
B|trend|linreg_slope_signals|center_of_gravity_signals|variance_volume_signals|frama_baseline,B,B,trend,linreg_slope_signals,center_of_gravity_signals,variance_volume_signals,frama_baseline,adx_dmi_exit,171.0,False,W3ONLY,-1.6504928420396183,4.794739324094846,-2.8977969601531726,-1.1905108607518353,42,-2.173182891257587,-0.027861319118687014,-2.806666813609871,-0.6211853962775153,-0.1799496539059157,0.9041250190191904,6.925365828504338,12.076616120605639,0.2948717948717949,0.8910285868888225,-0.4121243707218273,2.1620380889589335,23.68966841694767,4.4743589743589745,78,1.0,1.5,97.23472515455443,0.40514468814397675,2.2440749377700953,0.8381858711103564,27.91778543826961,3.8380434839053454,25.334451149994436,12.058140009820407,0.30833333333333335,2.3701753958627414,-0.4708328562607734,5.034005941484267,72.74468275750256,6.979166666666667,240,198,42,2,1.1,999.0,1.5,2.0,0.05,"{""base"": {""length"": 19}, ""c1"": {""length"": 17, ""r2_floor"": 0.374763}, ""c2"": {""length"": 10, ""signal_length"": 3}, ""exit_ind"": {""adx_smoothing"": 14, ""adx_threshold"": 25, ""di_length"": 14}, ""vol"": {""ema_len"": 100, ""filter_lookback"": 37, ""hline"": 0, ""lookback"": 20}}","{""base"": {""length"": 19}, ""c1"": {""length"": 17, ""r2_floor"": 0.106734}, ""c2"": {""length"": 10, ""signal_length"": 3}, ""exit_ind"": {""adx_smoothing"": 14, ""adx_threshold"": 25, ""di_length"": 14}, ""vol"": {""ema_len"": 10, ""filter_lookback"": 16, ""hline"": 0, ""lookback"": 132}}","{""atr_len"": 5, ""atr_mult"": 1.35, ""be_pct"": 0.05, ""tp_mult"": 9.25, ""trail_arm"": 1.0, ""trail_mult"": 0.5}",0,name 'old' is not defined
B|trend|rex_oscillator_signals|fx_sniper_ergodic_cci_signals|variance_volume_signals|ema_baseline,B,B,trend,rex_oscillator_signals,fx_sniper_ergodic_cci_signals,variance_volume_signals,ema_baseline,adx_dmi_exit,322.6,True,W3ONLY,18.742320773055955,12.991777435013276,7.220500507990273,1.562310265754945,222,12.722368374283352,0.04479707174043434,3.9190412344144767,0.90888933396289,0.7129947910153411,1.168713214447484,9.299370463583607,17.8435642652677,0.2640845070422535,1.1750749212136737,-0.3608050273528334,3.2568141575936553,14.531643434091503,7.035211267605634,284,1.0,2.4,-7.318317422723201,-0.021151206424055494,0.9097401568591628,-0.4729959809501252,-2.215438101887869,-0.2024495339860593,36.148847955496606,21.143536662575865,0.23699421965317918,0.8995393808638003,-0.3071232827786167,2.9289195294002313,25.835010712295613,9.670520231213873,346,124,222,4,1.05,999.0,1.5,2.0,0.05,"{""base"": {""ma_length"": 20}, ""c1"": {""almaOffset"": 0.85, ""almaSigma"": 6, ""framaFast"": 34, ""framaSlow"": 89, ""jurikPhase"": 1, ""jurikPower"": 1, ""lsOffset"": 0, ""modFBW"": 0.5, ""modFilter"": 0.8, ""sigAlmaOff"": 0.85, ""sigAlmaSig"": 6, ""sigFramaFast"": 34, ""sigFramaSlow"": 89, ""sigJurikPhase"": 1, ""sigJurikPower"": 1, ""sigLsOff"": 0, ""sigModFBW"": 0.5, ""sigModFilter"": 0.8, ""sigSmooth"": 220, ""sigVolAdj"": 10, ""smooth"": 92, ""volAdj"": 10}, ""c2"": {""cci_length"": 92, ""ema1_length"": 5, ""ema2_length"": 3, ""trigger_length"": 4}, ""exit_ind"": {""adx_smoothing"": 14, ""adx_threshold"": 25, ""di_length"": 14}, ""vol"": {""ema_len"": 4, ""filter_lookback"": 25, ""hline"": 0, ""lookback"": 20}}","{""base"": {""ma_length"": 200}, ""c1"": {""almaOffset"": 0.85, ""almaSigma"": 6, ""framaFast"": 34, ""framaSlow"": 89, ""jurikPhase"": 1, ""jurikPower"": 1, ""lsOffset"": 0, ""modFBW"": 0.5, ""modFilter"": 0.8, ""sigAlmaOff"": 0.85, ""sigAlmaSig"": 6, ""sigFramaFast"": 34, ""sigFramaSlow"": 89, ""sigJurikPhase"": 1, ""sigJurikPower"": 1, ""sigLsOff"": 0, ""sigModFBW"": 0.5, ""sigModFilter"": 0.8, ""sigSmooth"": 2, ""sigVolAdj"": 10, ""smooth"": 7, ""volAdj"": 10}, ""c2"": {""cci_length"": 92, ""ema1_length"": 4, ""ema2_length"": 3, ""trigger_length"": 22}, ""exit_ind"": {""adx_smoothing"": 14, ""adx_threshold"": 25, ""di_length"": 14}, ""vol"": {""ema_len"": 2, ""filter_lookback"": 11, ""hline"": 0, ""lookback"": 132}}","{""atr_len"": 23, ""atr_mult"": 0.4, ""be_pct"": 0.05, ""tp_mult"": 23.0, ""trail_arm"": 2.0, ""trail_mult"": 1.6}",0,name 'old' is not defined
B|trend|donchian_breakout_signals|donchian_breakout_signals|variance_volume_signals|mcginley_dynamic_index,B,B,trend,donchian_breakout_signals,donchian_breakout_signals,variance_volume_signals,mcginley_dynamic_index,adx_dmi_exit,160.9,False,W3ONLY,-8.312232870002303,9.170762454446272,-9.02486103502906,-1.9493533904020253,72,-1.2526829996469215,-0.01842180881833708,-2.3952544919903307,-0.4649575236455123,-0.155928250800671,0.935202367628651,4.4669435014611825,8.033714180814314,0.3382352941176471,0.7860674401645176,-0.42960520274290714,1.8297437627517086,18.19388763088849,5.5,68,1.0,1.55,-26.31795449436434,-0.18533770770679112,0.4543158190082571,-3.9997535934108277,-14.51347979065719,-0.9620770862994205,27.355349035070553,18.67967679380908,0.15492957746478872,0.9959692860003898,-0.4019106565531077,2.478086285499584,36.78950481437095,7.873239436619718,142,70,72,8,1.1,999.0,0.5,2.0,0.05,"{""base"": {""mci_length"": 14}, ""c1"": {""length"": 5}, ""c2"": {""length"": 20}, ""exit_ind"": {""adx_smoothing"": 14, ""adx_threshold"": 25, ""di_length"": 14}, ""vol"": {""ema_len"": 12, ""filter_lookback"": 200, ""hline"": 0, ""lookback"": 25}}","{""base"": {""mci_length"": 11}, ""c1"": {""length"": 5}, ""c2"": {""length"": 25}, ""exit_ind"": {""adx_smoothing"": 14, ""adx_threshold"": 25, ""di_length"": 14}, ""vol"": {""ema_len"": 100, ""filter_lookback"": 200, ""hline"": 0, ""lookback"": 16}}","{""atr_len"": 38, ""atr_mult"": 1.1, ""be_pct"": 0.05, ""tp_mult"": 10.25, ""trail_arm"": 2.5, ""trail_mult"": 0.5}",0,name 'old' is not defined
B|trend|donchian_breakout_signals|fx_sniper_ergodic_cci_signals|chaikin_volatility_volume_signals|tma_baseline,B,B,trend,donchian_breakout_signals,fx_sniper_ergodic_cci_signals,chaikin_volatility_volume_signals,tma_baseline,adx_dmi_exit,185.8,False,W3ONLY,-4.208345492893432,10.061683018122576,-4.7387575437880125,-1.2013821480950744,86,2.990248716802806,0.04040876644328116,3.6525080845795084,0.9355406730912393,0.7337637459303141,1.15287227455864,1.9579919685227358,4.075220032861628,0.3783783783783784,0.8053816844321917,-0.4252269227673601,1.8940044510606227,13.496894240439012,8.905405405405405,74,1.0,2.35,-2.4344781058111122,-0.009221507976557243,0.9684887384649024,-0.1854972737592254,-0.685462694414011,-0.19632755469947857,12.40008367413124,5.151991111518205,0.25757575757575757,1.1003370721603833,-0.39417040312610807,2.7915263638106014,15.852412734132086,6.496212121212121,264,178,86,4,1.0,1.65,0.6,1.0,0.001,"{""base"": {""length"": 37}, ""c1"": {""length"": 37}, ""c2"": {""cci_length"": 61, ""ema1_length"": 5, ""ema2_length"": 3, ""trigger_length"": 5}, ""exit_ind"": {""adx_smoothing"": 14, ""adx_threshold"": 25, ""di_length"": 14}, ""vol"": {""cvi_len"": 19, ""roc_len"": 10}}","{""base"": {""length"": 11}, ""c1"": {""length"": 37}, ""c2"": {""cci_length"": 7, ""ema1_length"": 6, ""ema2_length"": 3, ""trigger_length"": 22}, ""exit_ind"": {""adx_smoothing"": 14, ""adx_threshold"": 25, ""di_length"": 14}, ""vol"": {""cvi_len"": 28, ""roc_len"": 3}}","{""atr_len"": 37, ""atr_mult"": 1.35, ""be_pct"": 0.05, ""tp_mult"": 9.0, ""trail_arm"": 2.0, ""trail_mult"": 0.5}",0,name 'old' is not defined
B|trend|hieken_ashi_smoothed_signals|supertrend_signals|variance_volume_signals|wma_baseline,B,B,trend,hieken_ashi_smoothed_signals,supertrend_signals,variance_volume_signals,wma_baseline,adx_dmi_exit,1365.2,False,W3ONLY,1.5008020468769407,12.423205017609021,0.46016316253570444,0.20741395235321458,164,7.358104188299803,0.08973297790609516,9.77318251359902,1.7080794377995336,0.6916822809597034,1.3184184718504912,5.709078035116824,10.637982771642632,0.3170731707317073,1.1717841260514272,-0.41264791230423753,2.839670554754904,13.912184411205725,7.939024390243903,82,1.0,3.0,-1.0286019852268464,-0.003275802500722441,0.9881936591328288,-0.06258680784855385,-0.19879354697306725,-0.07796824099739955,13.192576516650583,6.517563589704457,0.28662420382165604,0.956602681190472,-0.3889412646980774,2.4595042182861517,23.183257873889932,9.952229299363058,314,150,164,4,1.0,999.0,1.5,2.0,0.05,"{""base"": {""ma_length"": 25}, ""c1"": {""alma_offset1"": 0.85, ""alma_offset2"": 0.85, ""alma_sigma1"": 6, ""alma_sigma2"": 6, ""ama_smooth1"": 0.181, ""ama_smooth2"": 0.181, ""frama_t1_a"": 1, ""frama_t1_b"": 168, ""frama_t2_a"": 1, ""frama_t2_b"": 168, ""lsma_offset1"": 0, ""lsma_offset2"": 0, ""ma_len1"": 8, ""ma_len2"": 8, ""vol_factor1"": 1.010934, ""vol_factor2"": 0.82}, ""c2"": {""atr_period"": 10, ""factor"": 9}, ""exit_ind"": {""adx_smoothing"": 14, ""adx_threshold"": 25, ""di_length"": 14}, ""vol"": {""ema_len"": 2, ""filter_lookback"": 200, ""hline"": 0, ""lookback"": 20}}","{""base"": {""ma_length"": 37}, ""c1"": {""alma_offset1"": 0.85, ""alma_offset2"": 0.85, ""alma_sigma1"": 6, ""alma_sigma2"": 6, ""ama_smooth1"": 0.181, ""ama_smooth2"": 0.181, ""frama_t1_a"": 1, ""frama_t1_b"": 168, ""frama_t2_a"": 1, ""frama_t2_b"": 168, ""lsma_offset1"": 0, ""lsma_offset2"": 0, ""ma_len1"": 15, ""ma_len2"": 35, ""vol_factor1"": 0.082, ""vol_factor2"": 1.010934}, ""c2"": {""atr_period"": 8, ""factor"": 2}, ""exit_ind"": {""adx_smoothing"": 14, ""adx_threshold"": 25, ""di_length"": 14}, ""vol"": {""ema_len"": 10, ""filter_lookback"": 2, ""hline"": 0, ""lookback"": 20}}","{""atr_len"": 35, ""atr_mult"": 1.25, ""be_pct"": 0.05, ""tp_mult"": 8.25, ""trail_arm"": 2.0, ""trail_mult"": 0.5}",0,name 'old' is not defined
B|trend|donchian_breakout_signals|price_momentum_oscillator_signals|chaikin_volatility_volume_signals|ema_baseline,B,B,trend,donchian_breakout_signals,price_momentum_oscillator_signals,chaikin_volatility_volume_signals,ema_baseline,adx_dmi_exit,250.2,False,W3ONLY,-13.187028788944753,19.68567137770346,-5.943340438558023,-1.6072463307466864,150,4.910903498176112,0.06636356078616368,5.831536346037662,1.2957156551825337,0.422098159428537,1.2494661892707808,6.1647340202292,11.634505833488593,0.2702702702702703,1.229827556527584,-0.36454903022917734,3.3735587110311083,8.714509016205206,8.202702702702704,74,1.0,3.0,-3.908320154015616,-0.01329360596603951,0.9546392621124177,-0.14541507092025074,-1.0429181330323716,-0.1293744313055932,30.209370696933444,16.959902534118,0.17687074829931973,1.5817795985964038,-0.3560366085992917,4.4427442582924055,41.480518637448476,10.619047619047619,294,144,150,44,1.4,11.25,1.25,2.6,0.05,"{""base"": {""ma_length"": 25}, ""c1"": {""length"": 5}, ""c2"": {""s1"": 28, ""s2"": 20, ""sig"": 10}, ""exit_ind"": {""adx_smoothing"": 14, ""adx_threshold"": 25, ""di_length"": 14}, ""vol"": {""cvi_len"": 28, ""roc_len"": 12}}","{""base"": {""ma_length"": 200}, ""c1"": {""length"": 3}, ""c2"": {""s1"": 28, ""s2"": 25, ""sig"": 10}, ""exit_ind"": {""adx_smoothing"": 14, ""adx_threshold"": 25, ""di_length"": 14}, ""vol"": {""cvi_len"": 28, ""roc_len"": 3}}","{""atr_len"": 50, ""atr_mult"": 0.4, ""be_pct"": 0.05, ""tp_mult"": 30.0, ""trail_arm"": 2.65, ""trail_mult"": 0.5}",0,name 'old' is not defined
B|trend|hieken_ashi_smoothed_signals|hieken_ashi_smoothed_signals|variance_volume_signals|ema_baseline,B,B,trend,hieken_ashi_smoothed_signals,hieken_ashi_smoothed_signals,variance_volume_signals,ema_baseline,adx_dmi_exit,2391.7,False,W3ONLY,-7.300105746088359,10.257836203847265,-8.054596795146507,-2.2017685889098115,78,-9.0299128081439,-0.08682608469369134,-7.5604873158181665,-2.3027754096018906,-0.6922962998373238,0.6779813678634723,7.675796657178211,13.043422029361928,0.19230769230769232,0.9505836039260098,-0.33382839150790594,2.8475217450265835,13.054849106340985,6.586538461538462,104,1.0,2.3,19.522180365512245,0.0920857564410955,1.3439055999423994,1.2956441394230183,10.041290950820173,1.6704978381767845,11.686444555246567,4.714551321117317,0.2641509433962264,1.3622907565691051,-0.3638852692458823,3.74373702841097,21.150107604656064,8.15566037735849,212,134,78,49,1.25,13.5,0.6,2.0,0.05,"{""base"": {""ma_length"": 20}, ""c1"": {""alma_offset1"": 0.85, ""alma_offset2"": 0.85, ""alma_sigma1"": 6, ""alma_sigma2"": 6, ""ama_smooth1"": 0.181, ""ama_smooth2"": 0.181, ""frama_t1_a"": 1, ""frama_t1_b"": 168, ""frama_t2_a"": 1, ""frama_t2_b"": 168, ""lsma_offset1"": 0, ""lsma_offset2"": 0, ""ma_len1"": 53, ""ma_len2"": 23, ""vol_factor1"": 0.437609, ""vol_factor2"": 1.010934}, ""c2"": {""alma_offset1"": 0.85, ""alma_offset2"": 0.85, ""alma_sigma1"": 6, ""alma_sigma2"": 6, ""ama_smooth1"": 0.181, ""ama_smooth2"": 0.181, ""frama_t1_a"": 1, ""frama_t1_b"": 168, ""frama_t2_a"": 1, ""frama_t2_b"": 168, ""lsma_offset1"": 0, ""lsma_offset2"": 0, ""ma_len1"": 4, ""ma_len2"": 8, ""vol_factor1"": 0.82, ""vol_factor2"": 0.189431}, ""exit_ind"": {""adx_smoothing"": 14, ""adx_threshold"": 25, ""di_length"": 14}, ""vol"": {""ema_len"": 19, ""filter_lookback"": 200, ""hline"": 0, ""lookback"": 20}}","{""base"": {""ma_length"": 20}, ""c1"": {""alma_offset1"": 0.85, ""alma_offset2"": 0.85, ""alma_sigma1"": 6, ""alma_sigma2"": 6, ""ama_smooth1"": 0.181, ""ama_smooth2"": 0.181, ""frama_t1_a"": 1, ""frama_t1_b"": 168, ""frama_t2_a"": 1, ""frama_t2_b"": 168, ""lsma_offset1"": 0, ""lsma_offset2"": 0, ""ma_len1"": 2, ""ma_len2"": 15, ""vol_factor1"": 8.2, ""vol_factor2"": 0.82}, ""c2"": {""alma_offset1"": 0.85, ""alma_offset2"": 0.85, ""alma_sigma1"": 6, ""alma_sigma2"": 6, ""ama_smooth1"": 0.181, ""ama_smooth2"": 0.181, ""frama_t1_a"": 1, ""frama_t1_b"": 168, ""frama_t2_a"": 1, ""frama_t2_b"": 168, ""lsma_offset1"": 0, ""lsma_offset2"": 0, ""ma_len1"": 6, ""ma_len2"": 8, ""vol_factor1"": 0.82, ""vol_factor2"": 1.010934}, ""exit_ind"": {""adx_smoothing"": 14, ""adx_threshold"": 25, ""di_length"": 14}, ""vol"": {""ema_len"": 5, ""filter_lookback"": 200, ""hline"": 0, ""lookback"": 20}}","{""atr_len"": 36, ""atr_mult"": 0.85, ""be_pct"": 0.05, ""tp_mult"": 10.0, ""trail_arm"": 2.3, ""trail_mult"": 0.8}",0,name 'old' is not defined
B|trend|qqe_mod_signals|coral_signals|variance_volume_signals|sma_baseline,B,B,trend,qqe_mod_signals,coral_signals,variance_volume_signals,sma_baseline,adx_dmi_exit,344.0,False,W3ONLY,-2.687682210293114,9.575024632163887,-5.853086749214958,-0.8777385899504943,74,8.203936873321863,0.10004801065026662,11.090095157167111,1.9379015513672153,0.964884642988904,1.359791763325087,3.5996650272456416,8.50250538541964,0.36585365853658536,1.0335279944603635,-0.4384981338555583,2.3569723897634844,17.29065259773449,8.341463414634147,82,1.0,2.2,53.21356400443434,0.12204945872576684,1.369640000165872,0.5328952593720174,9.65032084104048,2.2436615924520944,23.717286146649823,14.045875044971122,0.23853211009174313,1.8959045854166447,-0.4336160026472792,4.372312308221821,47.91914694171888,8.974770642201836,436,362,74,6,0.8,999.0,1.5,2.0,0.05,"{""base"": {""length"": 16}, ""c1"": {""fast_factor"": 3.016846, ""rsi_len"": 2, ""rsi_period"": 7}, ""c2"": {""const_d"": 61, ""smooth_period"": 19}, ""exit_ind"": {""adx_smoothing"": 14, ""adx_threshold"": 25, ""di_length"": 14}, ""vol"": {""ema_len"": 19, ""filter_lookback"": 200, ""hline"": 0, ""lookback"": 20}}","{""base"": {""length"": 25}, ""c1"": {""fast_factor"": 3.016846, ""rsi_len"": 5, ""rsi_period"": 5}, ""c2"": {""const_d"": 7, ""smooth_period"": 8}, ""exit_ind"": {""adx_smoothing"": 14, ""adx_threshold"": 25, ""di_length"": 14}, ""vol"": {""ema_len"": 19, ""filter_lookback"": 7, ""hline"": 0, ""lookback"": 132}}","{""atr_len"": 18, ""atr_mult"": 1.3, ""be_pct"": 0.05, ""tp_mult"": 8.25, ""trail_arm"": 1.0, ""trail_mult"": 0.5}",0,name 'old' is not defined
B|trend|halftrend_signals|kuskus_starlight_signals|chaikin_volatility_volume_signals|wma_baseline,B,B,trend,halftrend_signals,kuskus_starlight_signals,chaikin_volatility_volume_signals,wma_baseline,adx_dmi_exit,267.8,False,W3ONLY,-10.212994480389348,12.345905493508688,-15.179264337247766,-6.804249508003215,64,2.1956265444572076,0.03541333136221302,3.454338181213893,1.1659323739800842,0.3110673034355826,1.1904249074313733,2.8053188992553495,7.0583649268425575,0.3870967741935484,0.5719070930189133,-0.30342483389465036,1.8848394367663408,17.20035252638562,8.46774193548387,62,1.0,1.25,107.77647034949888,0.2236026355798732,1.8891660413015512,1.1037682598895546,20.850022459290336,6.976634982064117,15.448202554179204,4.829608485072276,0.25311203319502074,1.8769443148668175,-0.33669648906736904,5.574588318594741,45.798565877088464,7.060165975103734,482,418,64,2,1.15,30.0,0.5,2.0,0.05,"{""base"": {""ma_length"": 57}, ""c1"": {""amplitude"": 18}, ""c2"": {""index_smooth"": 0.7, ""price_smooth"": 0.567792, ""range_periods"": 24}, ""exit_ind"": {""adx_smoothing"": 14, ""adx_threshold"": 25, ""di_length"": 14}, ""vol"": {""cvi_len"": 100, ""roc_len"": 10}}","{""base"": {""ma_length"": 20}, ""c1"": {""amplitude"": 50}, ""c2"": {""index_smooth"": 0.373569, ""price_smooth"": 0.567792, ""range_periods"": 30}, ""exit_ind"": {""adx_smoothing"": 14, ""adx_threshold"": 25, ""di_length"": 14}, ""vol"": {""cvi_len"": 19, ""roc_len"": 12}}","{""atr_len"": 45, ""atr_mult"": 0.95, ""be_pct"": 0.05, ""tp_mult"": 12.75, ""trail_arm"": 1.0, ""trail_mult"": 0.5}",0,name 'old' is not defined
B|trend|coral_signals|dpo_signals|chaikin_volatility_volume_signals|sma_baseline,B,B,trend,coral_signals,dpo_signals,chaikin_volatility_volume_signals,sma_baseline,adx_dmi_exit,238.4,True,W3ONLY,31.181316397154056,9.68071080173874,18.25308763885653,2.5681875497456774,170,8.12237616869536,0.05343668532036422,5.597072048260955,1.0025811361180386,0.6534347066015798,1.1801028489618466,4.884732345082661,12.430279699923922,0.2631578947368421,1.3305229917611903,-0.40266556697993083,3.304287977093171,10.402044906551511,11.322368421052632,152,1.0,2.85,33.216949023510765,0.08345967091334362,1.2893759250262662,1.2799680844142187,6.487076629393447,1.2270916021787908,27.06965719961871,10.35740864133472,0.27386934673366836,1.3578456405988968,-0.39719109273968495,3.418620571858632,16.285228645807173,11.741206030150753,398,228,170,3,1.0,5.75,1.45,1.55,0.05,"{""base"": {""length"": 37}, ""c1"": {""const_d"": 2, ""smooth_period"": 28}, ""c2"": {""len"": 142}, ""exit_ind"": {""adx_smoothing"": 14, ""adx_threshold"": 25, ""di_length"": 14}, ""vol"": {""cvi_len"": 19, ""roc_len"": 12}}","{""base"": {""length"": 20}, ""c1"": {""const_d"": 3, ""smooth_period"": 28}, ""c2"": {""len"": 62}, ""exit_ind"": {""adx_smoothing"": 14, ""adx_threshold"": 25, ""di_length"": 14}, ""vol"": {""cvi_len"": 12, ""roc_len"": 10}}","{""atr_len"": 35, ""atr_mult"": 1.25, ""be_pct"": 0.04, ""tp_mult"": 6.55, ""trail_arm"": 1.0, ""trail_mult"": 0.9}",0,name 'old' is not defined
B|trend|rex_oscillator_signals|dpo_signals|variance_volume_signals|ema_baseline,B,B,trend,rex_oscillator_signals,dpo_signals,variance_volume_signals,ema_baseline,adx_dmi_exit,313.4,False,W3ONLY,-2.393187861730498,20.97546825759249,-1.4196697059661898,-0.25879469275451183,182,3.6589513141768197,0.016631596882621908,1.6696084835784903,0.3673430376267171,0.17561533783984945,1.0630516199394742,9.891826122891255,20.835032743629498,0.3181818181818182,0.8812856435385036,-0.38687362489012295,2.277967757013159,16.301025286406535,7.927272727272728,220,1.0,2.65,-2.3269269705511366,-0.005788375548634668,0.9803177279714973,-0.07836616915382079,-0.5321662329002697,-0.06604974429993868,35.22991640943108,17.96571311294963,0.23383084577114427,1.2329530132728623,-0.3838458123967538,3.212104895906608,34.741950059542646,11.022388059701493,402,220,182,2,0.95,7.75,0.6,1.8,0.05,"{""base"": {""ma_length"": 25}, ""c1"": {""almaOffset"": 0.85, ""almaSigma"": 6, ""framaFast"": 34, ""framaSlow"": 89, ""jurikPhase"": 1, ""jurikPower"": 1, ""lsOffset"": 0, ""modFBW"": 0.5, ""modFilter"": 0.8, ""sigAlmaOff"": 0.85, ""sigAlmaSig"": 6, ""sigFramaFast"": 34, ""sigFramaSlow"": 89, ""sigJurikPhase"": 1, ""sigJurikPower"": 1, ""sigLsOff"": 0, ""sigModFBW"": 0.5, ""sigModFilter"": 0.8, ""sigSmooth"": 41, ""sigVolAdj"": 10, ""smooth"": 26, ""volAdj"": 10}, ""c2"": {""len"": 41}, ""exit_ind"": {""adx_smoothing"": 14, ""adx_threshold"": 25, ""di_length"": 14}, ""vol"": {""ema_len"": 100, ""filter_lookback"": 3, ""hline"": 0, ""lookback"": 20}}","{""base"": {""ma_length"": 37}, ""c1"": {""almaOffset"": 0.85, ""almaSigma"": 6, ""framaFast"": 34, ""framaSlow"": 89, ""jurikPhase"": 1, ""jurikPower"": 1, ""lsOffset"": 0, ""modFBW"": 0.5, ""modFilter"": 0.8, ""sigAlmaOff"": 0.85, ""sigAlmaSig"": 6, ""sigFramaFast"": 34, ""sigFramaSlow"": 89, ""sigJurikPhase"": 1, ""sigJurikPower"": 1, ""sigLsOff"": 0, ""sigModFBW"": 0.5, ""sigModFilter"": 0.8, ""sigSmooth"": 22, ""sigVolAdj"": 10, ""smooth"": 11, ""volAdj"": 10}, ""c2"": {""len"": 62}, ""exit_ind"": {""adx_smoothing"": 14, ""adx_threshold"": 25, ""di_length"": 14}, ""vol"": {""ema_len"": 12, ""filter_lookback"": 37, ""hline"": 0, ""lookback"": 200}}","{""atr_len"": 2, ""atr_mult"": 1.15, ""be_pct"": 0.05, ""tp_mult"": 18.0, ""trail_arm"": 1.0, ""trail_mult"": 0.5}",0,name 'old' is not defined
B|trend|didi_index_signals|fisher_transform_signals|variance_volume_signals|rma_baseline,B,B,trend,didi_index_signals,fisher_transform_signals,variance_volume_signals,rma_baseline,adx_dmi_exit,221.9,False,W3ONLY,11.599463572663522,8.423021903471714,11.63866565657197,2.393301919398668,74,14.36247974694191,0.12823642631198134,10.365703828816503,3.035448019033596,3.275275405095634,1.6763522221102103,1.8460550160463818,4.385121240368653,0.39285714285714285,0.8090383454241269,-0.3122824625252894,2.5907261614430523,20.165792855517168,7.267857142857143,112,1.0,1.55,-0.8130379448211187,-0.0025407435775659957,0.9899113155926499,-0.04314222364352776,-0.3094139940983932,-0.030140306504158127,26.975105402758686,13.878819697731464,0.175,1.4245724450990083,-0.30526172299380905,4.666724773508206,23.021456271379265,10.45,320,246,74,8,1.5,22.0,0.5,2.0,0.05,"{""base"": {""ma_length"": 16}, ""c1"": {""long_p"": 20, ""medium"": 10}, ""c2"": {""length"": 4}, ""exit_ind"": {""adx_smoothing"": 14, ""adx_threshold"": 25, ""di_length"": 14}, ""vol"": {""ema_len"": 19, ""filter_lookback"": 200, ""hline"": 0, ""lookback"": 20}}","{""base"": {""ma_length"": 20}, ""c1"": {""long_p"": 16, ""medium"": 8}, ""c2"": {""length"": 4}, ""exit_ind"": {""adx_smoothing"": 14, ""adx_threshold"": 25, ""di_length"": 14}, ""vol"": {""ema_len"": 10, ""filter_lookback"": 7, ""hline"": 0, ""lookback"": 132}}","{""atr_len"": 2, ""atr_mult"": 0.5, ""be_pct"": 0.05, ""tp_mult"": 999.0, ""trail_arm"": 2.0, ""trail_mult"": 1.5}",0,name 'old' is not defined
B|chop|mama_fama_signals|price_momentum_oscillator_signals|variance_volume_signals|rma_baseline,B,B,chop,mama_fama_signals,price_momentum_oscillator_signals,variance_volume_signals,rma_baseline,adx_dmi_exit,244.4,False,W3ONLY,-34.52183377772073,44.21091125803544,-18.684690504330934,-4.961751189076079,82,-24.254994552988908,-0.3566910963674839,-24.79018980332727,-4.045921314613363,-0.8668649683137607,0.5488475945550996,15.30591881963099,27.98013005436141,0.14705882352941177,2.950731339496504,-0.9269363439302405,3.183316048419578,10.10957572529268,6.5,68,1.0,3.0,-39.51889022031621,-0.24545894546780253,0.6633332247830607,-2.4863032760244526,-9.574604058278597,-0.687403350964442,57.49010412135806,30.799904248170137,0.2484472049689441,1.9465978542728464,-0.9701058214151245,2.0065830049687587,14.497619590923094,20.565217391304348,161,79,82,37,1.25,30.0,1.5,2.0,0.05,"{""base"": {""ma_length"": 57}, ""c1"": {""fast_limit"": 0.616423, ""slow_limit"": 0.142402}, ""c2"": {""s1"": 43, ""s2"": 37, ""sig"": 10}, ""exit_ind"": {""adx_smoothing"": 14, ""adx_threshold"": 25, ""di_length"": 14}, ""vol"": {""ema_len"": 8, ""filter_lookback"": 25, ""hline"": 0, ""lookback"": 20}}","{""base"": {""ma_length"": 37}, ""c1"": {""fast_limit"": 0.936909, ""slow_limit"": 0.093691}, ""c2"": {""s1"": 43, ""s2"": 20, ""sig"": 10}, ""exit_ind"": {""adx_smoothing"": 14, ""adx_threshold"": 25, ""di_length"": 14}, ""vol"": {""ema_len"": 19, ""filter_lookback"": 5, ""hline"": 0, ""lookback"": 20}}","{""atr_len"": 37, ""atr_mult"": 1.45, ""be_pct"": 0.05, ""tp_mult"": 24.0, ""trail_arm"": 2.0, ""trail_mult"": 1.5}",0,name 'old' is not defined
B|trend|laguerre_filter_signals|ssl_channel_signals|variance_volume_signals|tma_baseline,B,B,trend,laguerre_filter_signals,ssl_channel_signals,variance_volume_signals,tma_baseline,adx_dmi_exit,185.4,False,W3ONLY,6.026735131055098,5.85094304277555,7.667447305753986,1.6222686170240874,52,6.101839559603827,0.12203679119207654,10.636015262582765,2.673730171636976,1.427321154113568,1.551049902587101,1.9102565840820545,4.2750291635615465,0.4,0.8587477840112385,-0.3691038706873647,2.326574853880652,12.0772337603928,9.1,50,1.0,2.25,49.67566512961091,0.1562127834264494,1.5133564270676694,2.1418849306365777,11.141628448419503,4.128930174740209,12.031122597692388,5.007153264912804,0.32075471698113206,1.4357067455706833,-0.44799269869721664,3.204754786731535,17.613248307891045,11.537735849056604,318,266,52,3,1.45,999.0,1.5,2.0,0.05,"{""base"": {""length"": 25}, ""c1"": {""alpha"": 0.2}, ""c2"": {""len"": 8}, ""exit_ind"": {""adx_smoothing"": 14, ""adx_threshold"": 25, ""di_length"": 14}, ""vol"": {""ema_len"": 12, ""filter_lookback"": 87, ""hline"": 0, ""lookback"": 25}}","{""base"": {""length"": 25}, ""c1"": {""alpha"": 0.070224}, ""c2"": {""len"": 12}, ""exit_ind"": {""adx_smoothing"": 14, ""adx_threshold"": 25, ""di_length"": 14}, ""vol"": {""ema_len"": 8, ""filter_lookback"": 11, ""hline"": 0, ""lookback"": 37}}","{""atr_len"": 49, ""atr_mult"": 1.5, ""be_pct"": 0.05, ""tp_mult"": 6.7, ""trail_arm"": 1.2, ""trail_mult"": 1.05}",0,name 'old' is not defined
B|trend|vortex_signals|fx_sniper_ergodic_cci_signals|variance_volume_signals|wma_baseline,B,B,trend,vortex_signals,fx_sniper_ergodic_cci_signals,variance_volume_signals,wma_baseline,adx_dmi_exit,287.4,False,W3ONLY,19.24605128627156,8.245322619070627,12.736331890136249,3.555568426733134,86,3.2458122858377756,0.04270805639260231,5.873916742363031,1.0374956958321677,0.6490424982597015,1.1578781138087069,2.2820442225147306,5.000924122135109,0.4342105263157895,0.7213572079459218,-0.4781157110785499,1.508750269508315,15.202302511508016,6.0394736842105265,76,1.0,1.25,-13.970835622477187,-0.04449310707795283,0.8690284486589194,-0.7659494828117454,-2.856564762485355,-0.32095828171629287,43.52850952394659,25.481754212903716,0.24203821656050956,1.219735917652993,-0.4481964931264901,2.721431194484511,17.933804149846416,9.248407643312103,314,228,86,4,1.5,999.0,1.5,2.0,0.05,"{""base"": {""ma_length"": 20}, ""c1"": {""period"": 17}, ""c2"": {""cci_length"": 11, ""ema1_length"": 5, ""ema2_length"": 3, ""trigger_length"": 9}, ""exit_ind"": {""adx_smoothing"": 14, ""adx_threshold"": 25, ""di_length"": 14}, ""vol"": {""ema_len"": 19, ""filter_lookback"": 200, ""hline"": 0, ""lookback"": 20}}","{""base"": {""ma_length"": 37}, ""c1"": {""period"": 40}, ""c2"": {""cci_length"": 14, ""ema1_length"": 4, ""ema2_length"": 4, ""trigger_length"": 22}, ""exit_ind"": {""adx_smoothing"": 14, ""adx_threshold"": 25, ""di_length"": 14}, ""vol"": {""ema_len"": 4, ""filter_lookback"": 25, ""hline"": 0, ""lookback"": 200}}","{""atr_len"": 4, ""atr_mult"": 1.5, ""be_pct"": 0.06, ""tp_mult"": 4.95, ""trail_arm"": 1.4, ""trail_mult"": 1.5}",0,name 'old' is not defined
B|trend|supertrend_signals|ssl_channel_signals|choppiness_index_volume_signals|tma_baseline,B,B,trend,supertrend_signals,ssl_channel_signals,choppiness_index_volume_signals,tma_baseline,adx_dmi_exit,241.4,False,W3ONLY,-6.0782310726600155,10.148777594983157,-13.681631505205312,-3.67200125216026,54,4.257164735364399,0.05191664311419999,5.18267784543776,0.9498687992674527,0.48051239999368267,1.204259135220756,5.541533881946254,8.859635537855773,0.3170731707317073,0.9653517063322988,-0.37217820766563164,2.5937889066293205,30.94938703163687,5.402439024390244,82,1.0,1.8,66.57095541532559,0.13697727451713082,1.448502607712617,0.6920861053755101,9.983321273811192,1.9389018900824113,34.334359956963084,13.175242643392469,0.29218106995884774,1.5140867344667208,-0.43148070022950213,3.5090485707967627,44.73372725156584,8.117283950617283,486,432,54,14,0.85,999.0,1.5,2.0,0.05,"{""base"": {""length"": 16}, ""c1"": {""atr_period"": 8, ""factor"": 3}, ""c2"": {""len"": 10}, ""exit_ind"": {""adx_smoothing"": 14, ""adx_threshold"": 25, ""di_length"": 14}, ""vol"": {""ci_threshold"": 50.127885, ""length"": 11}}","{""base"": {""length"": 16}, ""c1"": {""atr_period"": 12, ""factor"": 3}, ""c2"": {""len"": 10}, ""exit_ind"": {""adx_smoothing"": 14, ""adx_threshold"": 25, ""di_length"": 14}, ""vol"": {""ci_threshold"": 61.8, ""length"": 14}}","{""atr_len"": 45, ""atr_mult"": 1.5, ""be_pct"": 0.05, ""tp_mult"": 13.5, ""trail_arm"": 2.7, ""trail_mult"": 0.5}",0,name 'old' is not defined
B|chop|coral_signals|hieken_ashi_smoothed_signals|variance_volume_signals|kama_baseline,B,B,chop,coral_signals,hieken_ashi_smoothed_signals,variance_volume_signals,kama_baseline,adx_dmi_exit,1222.0,False,W3ONLY,-17.58454513680856,43.305024356339885,-10.25939761901253,-1.058539478310173,95,5.002898134346236,0.053794603595120824,2.5322829427321336,0.6320630295581084,0.42691756802749836,1.096372742347988,3.949742315557662,11.718651348693134,0.2903225806451613,2.107957781117047,-0.7865448781183945,2.68002225907286,7.4964596388929285,4.731182795698925,93,1.0,2.15,-54.847968423850986,-0.30987552781836714,0.5259699618206578,-2.2890067948648705,-14.348468591855585,-1.0224583069259061,53.643232249494176,27.609821558176154,0.1016949152542373,3.380984036913523,-0.7277086860899019,4.646067996082477,24.610223747460992,28.214689265536723,177,82,95,4,0.9,15.0,1.5,2.0,0.05,"{""base"": {""fast_length"": 20, ""length"": 10, ""slow_length"": 130}, ""c1"": {""const_d"": 17, ""smooth_period"": 2}, ""c2"": {""alma_offset1"": 0.85, ""alma_offset2"": 0.85, ""alma_sigma1"": 6, ""alma_sigma2"": 6, ""ama_smooth1"": 0.181, ""ama_smooth2"": 0.181, ""frama_t1_a"": 1, ""frama_t1_b"": 168, ""frama_t2_a"": 1, ""frama_t2_b"": 168, ""lsma_offset1"": 0, ""lsma_offset2"": 0, ""ma_len1"": 10, ""ma_len2"": 15, ""vol_factor1"": 0.665127, ""vol_factor2"": 1.010934}, ""exit_ind"": {""adx_smoothing"": 14, ""adx_threshold"": 25, ""di_length"": 14}, ""vol"": {""ema_len"": 8, ""filter_lookback"": 16, ""hline"": 0, ""lookback"": 20}}","{""base"": {""fast_length"": 20, ""length"": 4, ""slow_length"": 30}, ""c1"": {""const_d"": 140, ""smooth_period"": 28}, ""c2"": {""alma_offset1"": 0.85, ""alma_offset2"": 0.85, ""alma_sigma1"": 6, ""alma_sigma2"": 6, ""ama_smooth1"": 0.181, ""ama_smooth2"": 0.181, ""frama_t1_a"": 1, ""frama_t1_b"": 168, ""frama_t2_a"": 1, ""frama_t2_b"": 168, ""lsma_offset1"": 0, ""lsma_offset2"": 0, ""ma_len1"": 4, ""ma_len2"": 8, ""vol_factor1"": 0.665127, ""vol_factor2"": 0.287918}, ""exit_ind"": {""adx_smoothing"": 14, ""adx_threshold"": 25, ""di_length"": 14}, ""vol"": {""ema_len"": 5, ""filter_lookback"": 7, ""hline"": 0, ""lookback"": 5}}","{""atr_len"": 6, ""atr_mult"": 1.15, ""be_pct"": 0.05, ""tp_mult"": 999.0, ""trail_arm"": 2.0, ""trail_mult"": 1.5}",0,name 'old' is not defined
B|chop|center_of_gravity_signals|polychromatic_momentum_signals|chaikin_volatility_volume_signals|sma_baseline,B,B,chop,center_of_gravity_signals,polychromatic_momentum_signals,chaikin_volatility_volume_signals,sma_baseline,adx_dmi_exit,54.5,False,W3ONLY,12.890190822417757,10.562446057091364,26.597541047419927,1.5476807403311161,55,-4.748602408959824,-0.07914337348266373,-5.757872969285243,-0.9776190776612937,-0.5071758811158193,0.8750637697488323,5.189831991694352,9.362831683779197,0.3,1.8477559474715097,-0.9049573681773095,2.0418154627472753,5.6459346499603535,6.216666666666667,60,1.0,1.9,31.012656660465375,0.2385588973881952,1.4095625488501973,1.926706502997081,14.728238324013716,2.9361245011655477,10.56244605709136,3.9638463025099737,0.3230769230769231,2.5412874745822593,-0.8604706508180626,2.953369149971842,23.738361972259575,9.23076923076923,130,75,55,38,0.8,30.0,1.5,2.0,0.05,"{""base"": {""length"": 37}, ""c1"": {""length"": 12, ""signal_length"": 13}, ""c2"": {""len"": 14}, ""exit_ind"": {""adx_smoothing"": 14, ""adx_threshold"": 25, ""di_length"": 14}, ""vol"": {""cvi_len"": 12, ""roc_len"": 22}}","{""base"": {""length"": 37}, ""c1"": {""length"": 43, ""signal_length"": 2}, ""c2"": {""len"": 40}, ""exit_ind"": {""adx_smoothing"": 14, ""adx_threshold"": 25, ""di_length"": 14}, ""vol"": {""cvi_len"": 66, ""roc_len"": 12}}","{""atr_len"": 31, ""atr_mult"": 1.2, ""be_pct"": 0.05, ""tp_mult"": 2.4, ""trail_arm"": 2.0, ""trail_mult"": 1.5}",0,name 'old' is not defined
B|trend|vortex_signals|dspo_signals|variance_volume_signals|ema_baseline,B,B,trend,vortex_signals,dspo_signals,variance_volume_signals,ema_baseline,adx_dmi_exit,207.4,False,W3ONLY,3.230045636594662,13.03202343543479,2.691227469967337,0.5522485076452222,88,-1.1789816275994944,-0.013099795862216605,-1.296839570626412,-0.3061712357112413,-0.0941598735180385,0.9522083692711857,6.98973479502971,12.52106214197105,0.28888888888888886,0.9034702036392879,-0.3854563581597028,2.343897524359842,12.829025538743629,8.722222222222221,90,1.0,3.0,103.22718422085316,0.4064062370899731,2.618784820695897,1.1721272384896753,29.384504417399594,5.005112629770293,20.624347913143907,10.37253585424858,0.2677165354330709,2.4558162000560686,-0.3428404160374167,7.1631467154328945,61.255922131083196,11.700787401574804,254,166,88,2,1.35,999.0,1.5,2.0,0.05,"{""base"": {""ma_length"": 37}, ""c1"": {""period"": 17}, ""c2"": {""len"": 61}, ""exit_ind"": {""adx_smoothing"": 14, ""adx_threshold"": 25, ""di_length"": 14}, ""vol"": {""ema_len"": 12, ""filter_lookback"": 200, ""hline"": 0, ""lookback"": 20}}","{""base"": {""ma_length"": 20}, ""c1"": {""period"": 17}, ""c2"": {""len"": 26}, ""exit_ind"": {""adx_smoothing"": 14, ""adx_threshold"": 25, ""di_length"": 14}, ""vol"": {""ema_len"": 12, ""filter_lookback"": 200, ""hline"": 0, ""lookback"": 20}}","{""atr_len"": 2, ""atr_mult"": 1.4, ""be_pct"": 0.05, ""tp_mult"": 7.45, ""trail_arm"": 1.55, ""trail_mult"": 0.5}",0,name 'old' is not defined
B|trend|mama_fama_signals|ichimoku_signals|choppiness_index_volume_signals|rma_baseline,B,B,trend,mama_fama_signals,ichimoku_signals,choppiness_index_volume_signals,rma_baseline,adx_dmi_exit,284.4,False,W3ONLY,-12.003324282424698,11.421371618163326,-31.26656289267463,-11.940063737656656,44,3.1600895844199,0.06077095354653654,7.215833789970182,1.2866380795986219,0.5782181939262381,1.2280228453906723,2.3466946898676033,5.465219907665212,0.3076923076923077,1.0636714373125642,-0.38496259479392025,2.7630514021290122,11.387916604377267,9.26923076923077,52,1.0,3.0,-12.235717944109256,-0.068739988450052,0.7755137293254849,-1.0286553552057323,-6.157522044552157,-0.7982089550595284,15.328966013913922,6.859112492135632,0.2247191011235955,1.0567424931265708,-0.3949667947041456,2.675522366172923,40.17260309849804,7.932584269662922,178,134,44,3,1.1,999.0,1.5,2.0,0.05,"{""base"": {""ma_length"": 20}, ""c1"": {""fast_limit"": 0.5, ""slow_limit"": 0.142402}, ""c2"": {""base_len"": 260, ""conversion_len"": 17, ""displacement"": 14, ""span_b_len"": 42}, ""exit_ind"": {""adx_smoothing"": 14, ""adx_threshold"": 25, ""di_length"": 14}, ""vol"": {""ci_threshold"": 50.127885, ""length"": 17}}","{""base"": {""ma_length"": 11}, ""c1"": {""fast_limit"": 0.17556, ""slow_limit"": 0.05}, ""c2"": {""base_len"": 26, ""conversion_len"": 9, ""displacement"": 49, ""span_b_len"": 520}, ""exit_ind"": {""adx_smoothing"": 14, ""adx_threshold"": 25, ""di_length"": 14}, ""vol"": {""ci_threshold"": 50.127885, ""length"": 2}}","{""atr_len"": 48, ""atr_mult"": 0.9, ""be_pct"": 0.05, ""tp_mult"": 16.0, ""trail_arm"": 1.4, ""trail_mult"": 0.5}",0,name 'old' is not defined
B|trend|volatility_quality_signals|schaff_trend_cycle_signals|variance_volume_signals|sma_baseline,B,B,trend,volatility_quality_signals,schaff_trend_cycle_signals,variance_volume_signals,sma_baseline,adx_dmi_exit,399.8,False,W3ONLY,-48.410394214517765,51.95865770711237,-23.088462177243226,-6.226162874000459,226,7.666235632340827,0.14196732652483013,14.459979295083503,2.6188058915852497,1.6081954478187457,1.5646570795440395,2.4801925287731215,4.766980060003791,0.37037037037037035,1.0621517280258699,-0.399317615534605,2.659917035224867,15.708653723396443,7.944444444444445,54,1.0,2.0,-40.747877806488965,-0.1083720154427898,0.6601733880029275,-2.193197593312271,-11.333843095639148,-0.757868088339643,53.76645148862313,21.199801976333735,0.2127659574468085,0.9894996299491862,-0.40509408176494544,2.4426415356108317,18.064400992091826,8.066489361702128,376,150,226,4,1.0,999.0,1.5,2.0,0.05,"{""base"": {""length"": 20}, ""c1"": {""atr_pct"": 0.075, ""smooth"": 10}, ""c2"": {""cycleLen"": 10, ""d1"": 3, ""d2"": 2, ""lowerBand"": 25, ""macdFast"": 23, ""macdSlow"": 50, ""stc_midline"": 50, ""upperBand"": 75}, ""exit_ind"": {""adx_smoothing"": 14, ""adx_threshold"": 25, ""di_length"": 14}, ""vol"": {""ema_len"": 5, ""filter_lookback"": 3, ""hline"": 0, ""lookback"": 132}}","{""base"": {""length"": 20}, ""c1"": {""atr_pct"": 0.011399, ""smooth"": 100}, ""c2"": {""cycleLen"": 10, ""d1"": 3, ""d2"": 3, ""lowerBand"": 25, ""macdFast"": 19, ""macdSlow"": 94, ""stc_midline"": 62, ""upperBand"": 75}, ""exit_ind"": {""adx_smoothing"": 14, ""adx_threshold"": 25, ""di_length"": 14}, ""vol"": {""ema_len"": 5, ""filter_lookback"": 5, ""hline"": 0, ""lookback"": 200}}","{""atr_len"": 16, ""atr_mult"": 1.05, ""be_pct"": 0.05, ""tp_mult"": 6.6, ""trail_arm"": 1.2, ""trail_mult"": 0.65}",0,name 'old' is not defined
B|trend|center_of_gravity_signals|relative_vigor_index_signals|variance_volume_signals|mcginley_dynamic_index,B,B,trend,center_of_gravity_signals,relative_vigor_index_signals,variance_volume_signals,mcginley_dynamic_index,adx_dmi_exit,134.5,False,W3ONLY,12.517527448307394,8.883772005131453,11.813795610148077,2.6352009813463853,66,0.7175134841652033,0.013287286743800062,1.247544191931927,0.30400050307055665,0.146652225544054,1.049967287767452,2.4888188293998925,4.8926191300769855,0.2962962962962963,0.942323618818983,-0.37788590570890845,2.493672308447698,15.643626865983043,4.87037037037037,54,1.0,1.8,106.94856217421425,0.49058973474410206,2.83845999744752,1.6764118876677874,36.57495982162113,5.1607166426101845,20.723587358232066,10.576674312293244,0.24770642201834864,3.057804981882032,-0.3547128466305821,8.620508140396172,46.72093595320061,11.20183486238532,218,152,66,2,1.4,999.0,1.5,2.0,0.05,"{""base"": {""mci_length"": 14}, ""c1"": {""length"": 12, ""signal_length"": 4}, ""c2"": {""len"": 10}, ""exit_ind"": {""adx_smoothing"": 14, ""adx_threshold"": 25, ""di_length"": 14}, ""vol"": {""ema_len"": 12, ""filter_lookback"": 87, ""hline"": 0, ""lookback"": 25}}","{""base"": {""mci_length"": 17}, ""c1"": {""length"": 10, ""signal_length"": 4}, ""c2"": {""len"": 10}, ""exit_ind"": {""adx_smoothing"": 14, ""adx_threshold"": 25, ""di_length"": 14}, ""vol"": {""ema_len"": 43, ""filter_lookback"": 11, ""hline"": 0, ""lookback"": 87}}","{""atr_len"": 42, ""atr_mult"": 1.15, ""be_pct"": 0.05, ""tp_mult"": 10.25, ""trail_arm"": 1.0, ""trail_mult"": 0.5}",0,name 'old' is not defined
B|trend|bears_bulls_impulse_signals|ssl_channel_signals|variance_volume_signals|kama_baseline,B,B,trend,bears_bulls_impulse_signals,ssl_channel_signals,variance_volume_signals,kama_baseline,adx_dmi_exit,279.8,False,W3ONLY,-38.735612022277195,38.038152713271536,-30.143306490248285,-19.402734802452713,96,3.8883030112688135,0.030859547708482645,4.403024192784966,0.5408930677811978,0.3886199393034178,1.0925131917051905,4.097935929409589,10.00541304761255,0.2857142857142857,1.2755004793428295,-0.4669968249452561,2.7312829792629763,15.389415705383582,8.76984126984127,126,1.0,2.9,28.362697561907325,0.09454232520635775,1.2587055546138484,0.37220950008470693,7.699105520416237,0.5370566665655317,52.81136857174923,20.885433308051134,0.18,2.555478135085436,-0.44566309647441554,5.734103082129754,54.678868469403895,16.89666666666667,300,204,96,2,1.35,30.0,0.55,2.3,0.05,"{""base"": {""fast_length"": 13, ""length"": 19, ""slow_length"": 130}, ""c1"": {""length"": 11}, ""c2"": {""len"": 66}, ""exit_ind"": {""adx_smoothing"": 14, ""adx_threshold"": 25, ""di_length"": 14}, ""vol"": {""ema_len"": 12, ""filter_lookback"": 37, ""hline"": 0, ""lookback"": 132}}","{""base"": {""fast_length"": 2, ""length"": 19, ""slow_length"": 30}, ""c1"": {""length"": 37}, ""c2"": {""len"": 66}, ""exit_ind"": {""adx_smoothing"": 14, ""adx_threshold"": 25, ""di_length"": 14}, ""vol"": {""ema_len"": 10, ""filter_lookback"": 132, ""hline"": 0, ""lookback"": 16}}","{""atr_len"": 35, ""atr_mult"": 1.1, ""be_pct"": 0.001, ""tp_mult"": 4.35, ""trail_arm"": 1.1, ""trail_mult"": 1.35}",0,name 'old' is not defined
B|trend|volatility_quality_signals|halftrend_signals|variance_volume_signals|kama_baseline,B,B,trend,volatility_quality_signals,halftrend_signals,variance_volume_signals,kama_baseline,adx_dmi_exit,270.0,False,W3ONLY,-17.85583543549544,18.0441290323641,-18.15822451248342,-4.711344600793158,84,-4.132945720956561,-0.04696529228359729,-4.321118394320376,-1.1631171529200017,-0.37144685511439635,0.8169960501820324,6.345347212804445,11.126613845428082,0.22727272727272727,0.922548484061932,-0.33211640297345874,2.77778657061891,11.410948045478825,9.431818181818182,88,1.0,3.0,86.3915018974416,0.41534375912231536,2.2832225866436175,1.3355988124010771,45.68169506267266,4.637992614101737,18.62691666105067,8.277670477529725,0.1346153846153846,5.489834468297261,-0.3740214623048983,14.677859485566115,48.58330732543115,9.5,208,124,84,20,1.1,999.0,1.5,2.0,0.05,"{""base"": {""fast_length"": 2, ""length"": 28, ""slow_length"": 130}, ""c1"": {""atr_pct"": 0.026334, ""smooth"": 12}, ""c2"": {""amplitude"": 18}, ""exit_ind"": {""adx_smoothing"": 14, ""adx_threshold"": 25, ""di_length"": 14}, ""vol"": {""ema_len"": 10, ""filter_lookback"": 132, ""hline"": 0, ""lookback"": 16}}","{""base"": {""fast_length"": 2, ""length"": 28, ""slow_length"": 85}, ""c1"": {""atr_pct"": 0.092464, ""smooth"": 10}, ""c2"": {""amplitude"": 50}, ""exit_ind"": {""adx_smoothing"": 14, ""adx_threshold"": 25, ""di_length"": 14}, ""vol"": {""ema_len"": 2, ""filter_lookback"": 87, ""hline"": 0, ""lookback"": 200}}","{""atr_len"": 30, ""atr_mult"": 0.65, ""be_pct"": 0.05, ""tp_mult"": 11.25, ""trail_arm"": 1.0, ""trail_mult"": 0.5}",0,name 'old' is not defined
B|trend|didi_index_signals|ssl_channel_signals|variance_volume_signals|wma_baseline,B,B,trend,didi_index_signals,ssl_channel_signals,variance_volume_signals,wma_baseline,adx_dmi_exit,148.7,False,W3ONLY,-12.946660070368122,14.498382235650176,-29.126304535299145,-4.454282934984833,74,-0.33002395717096467,-0.006111554762425271,-0.661551769180412,-0.1599664668212567,-0.07155033880196321,0.9770283824934523,2.0321678003749377,4.6124723194449695,0.37037037037037035,0.7018286217044327,-0.42254695268410647,1.6609482502388688,10.717867995004525,6.648148148148148,54,1.0,1.6,7.795575817329592,0.03642792438004482,1.109107081627816,0.3134905363068409,3.9617631204653416,0.26569780536925414,29.34000830942383,15.03394343447171,0.1588785046728972,2.3307184894637007,-0.39693807124686803,5.871743373323732,38.570957515641446,17.462616822429908,214,140,74,15,0.9,10.0,0.5,1.6,0.05,"{""base"": {""ma_length"": 37}, ""c1"": {""long_p"": 25, ""medium"": 8}, ""c2"": {""len"": 10}, ""exit_ind"": {""adx_smoothing"": 14, ""adx_threshold"": 25, ""di_length"": 14}, ""vol"": {""ema_len"": 19, ""filter_lookback"": 200, ""hline"": 0, ""lookback"": 20}}","{""base"": {""ma_length"": 200}, ""c1"": {""long_p"": 87, ""medium"": 8}, ""c2"": {""len"": 5}, ""exit_ind"": {""adx_smoothing"": 14, ""adx_threshold"": 25, ""di_length"": 14}, ""vol"": {""ema_len"": 100, ""filter_lookback"": 200, ""hline"": 0, ""lookback"": 16}}","{""atr_len"": 40, ""atr_mult"": 1.0, ""be_pct"": 0.05, ""tp_mult"": 30.0, ""trail_arm"": 1.0, ""trail_mult"": 0.5}",0,name 'old' is not defined
B|trend|didi_index_signals|fx_sniper_ergodic_cci_signals|variance_volume_signals|vidya,B,B,trend,didi_index_signals,fx_sniper_ergodic_cci_signals,variance_volume_signals,vidya,adx_dmi_exit,320.6,True,W3ONLY,15.270708113640683,5.274521802057702,23.80198036231904,4.649683483723645,46,6.616701981083361,0.09452431401547659,8.338136186332953,1.9067655687779932,1.0547763661080687,1.418442310001188,2.4369685078443863,6.27308517112284,0.4,0.801050008082414,-0.3764928153624817,2.127663465001782,25.345820915499154,10.457142857142857,70,1.0,2.8,63.39362007911152,0.1495132549035649,1.626668835233039,0.6609630000455569,12.721544423921078,3.2265461289117194,19.647517049599266,10.214876311782609,0.2971698113207547,1.3059785877727568,-0.33946202006797255,3.8472008960273456,54.18293702380913,5.695754716981132,424,378,46,3,1.35,999.0,1.5,2.0,0.05,"{""base"": {""vda_length"": 13}, ""c1"": {""long_p"": 37, ""medium"": 15}, ""c2"": {""cci_length"": 14, ""ema1_length"": 6, ""ema2_length"": 6, ""trigger_length"": 4}, ""exit_ind"": {""adx_smoothing"": 14, ""adx_threshold"": 25, ""di_length"": 14}, ""vol"": {""ema_len"": 19, ""filter_lookback"": 11, ""hline"": 0, ""lookback"": 132}}","{""base"": {""vda_length"": 2}, ""c1"": {""long_p"": 25, ""medium"": 8}, ""c2"": {""cci_length"": 17, ""ema1_length"": 5, ""ema2_length"": 3, ""trigger_length"": 5}, ""exit_ind"": {""adx_smoothing"": 14, ""adx_threshold"": 25, ""di_length"": 14}, ""vol"": {""ema_len"": 12, ""filter_lookback"": 20, ""hline"": 0, ""lookback"": 132}}","{""atr_len"": 19, ""atr_mult"": 1.0, ""be_pct"": 0.05, ""tp_mult"": 4.4, ""trail_arm"": 2.2, ""trail_mult"": 0.5}",0,name 'old' is not defined
B|trend|qqe_mod_signals|fx_sniper_ergodic_cci_signals|variance_volume_signals|ema_baseline,B,B,trend,qqe_mod_signals,fx_sniper_ergodic_cci_signals,variance_volume_signals,ema_baseline,adx_dmi_exit,313.2,False,W3ONLY,-15.945128708871758,15.440424972734629,-18.843838785966256,-7.2749802975751425,84,6.246639926832281,0.08923771324046116,8.383395160945925,1.952566882986973,1.2017213050637625,1.365487345623271,2.3744882158246807,5.198077042081598,0.35714285714285715,0.9335160710649193,-0.3798058188842378,2.457877222121888,18.668949137297414,7.371428571428571,70,1.0,1.8,-39.026273444602424,-0.18944792934273022,0.39188889272318506,-5.407816816594303,-19.242084172200403,-1.0092881336263582,38.667127992857274,22.950503039928993,0.11165048543689321,1.0934760258164469,-0.35068973791464864,3.1180724942757765,18.989563343361144,6.461165048543689,206,122,84,2,0.95,999.0,1.5,2.0,0.05,"{""base"": {""ma_length"": 20}, ""c1"": {""fast_factor"": 4.585338, ""rsi_len"": 2, ""rsi_period"": 3}, ""c2"": {""cci_length"": 11, ""ema1_length"": 6, ""ema2_length"": 3, ""trigger_length"": 9}, ""exit_ind"": {""adx_smoothing"": 14, ""adx_threshold"": 25, ""di_length"": 14}, ""vol"": {""ema_len"": 12, ""filter_lookback"": 37, ""hline"": 0, ""lookback"": 132}}","{""base"": {""ma_length"": 200}, ""c1"": {""fast_factor"": 16.1, ""rsi_len"": 33, ""rsi_period"": 5}, ""c2"": {""cci_length"": 5, ""ema1_length"": 14, ""ema2_length"": 3, ""trigger_length"": 4}, ""exit_ind"": {""adx_smoothing"": 14, ""adx_threshold"": 25, ""di_length"": 14}, ""vol"": {""ema_len"": 2, ""filter_lookback"": 16, ""hline"": 0, ""lookback"": 132}}","{""atr_len"": 39, ""atr_mult"": 1.0, ""be_pct"": 0.06, ""tp_mult"": 3.9, ""trail_arm"": 1.1, ""trail_mult"": 0.5}",0,name 'old' is not defined
B|trend|vortex_signals|polychromatic_momentum_signals|efficiency_ratio_volume_signals|mcginley_dynamic_index,B,B,trend,vortex_signals,polychromatic_momentum_signals,efficiency_ratio_volume_signals,mcginley_dynamic_index,adx_dmi_exit,84.6,False,W3ONLY,-7.774282090624977,18.837443973585213,-17.681393629467877,-1.6437899715132456,72,3.0420856869264754,0.04225119009620105,3.6754792682054958,1.0422530841357198,0.2765015388433064,1.1819174531391106,6.233953603180511,11.002056985478216,0.3472222222222222,0.7905770678470625,-0.3557944895585124,2.222004811901528,21.56122419722352,6.541666666666667,72,1.0,1.7,62.162967034661065,0.3837220187324757,2.3163914871940547,1.0459576278498681,43.30954865769477,2.1166602381012596,29.36842007786005,14.638518318947545,0.13580246913580246,4.972055289665129,-0.3373017809855125,14.740673100325802,72.28407733219456,6.938271604938271,162,90,72,4,0.65,999.0,1.5,2.0,0.05,"{""base"": {""mci_length"": 14}, ""c1"": {""period"": 14}, ""c2"": {""len"": 14}, ""exit_ind"": {""adx_smoothing"": 14, ""adx_threshold"": 25, ""di_length"": 14}, ""vol"": {""er_threshold"": 0.3, ""length"": 12}}","{""base"": {""mci_length"": 14}, ""c1"": {""period"": 14}, ""c2"": {""len"": 14}, ""exit_ind"": {""adx_smoothing"": 14, ""adx_threshold"": 25, ""di_length"": 14}, ""vol"": {""er_threshold"": 0.3, ""length"": 10}}","{""atr_len"": 34, ""atr_mult"": 0.95, ""be_pct"": 0.05, ""tp_mult"": 4.25, ""trail_arm"": 1.0, ""trail_mult"": 0.5}",0,name 'old' is not defined
B|trend|center_of_gravity_signals|adx_dmi_signals|variance_volume_signals|tma_baseline,B,B,trend,center_of_gravity_signals,adx_dmi_signals,variance_volume_signals,tma_baseline,adx_dmi_exit,127.9,False,W3ONLY,-23.421864804024324,23.050728509101802,-25.342398854495933,-20.383995771811247,60,-3.6117538224089123,-0.060195897040148535,-4.483481771650527,-1.6200216503595573,-0.5647052719783542,0.7718990393625214,2.887391607920948,6.395820973577443,0.26666666666666666,0.7638912661031563,-0.3598639563649867,2.122722358246934,17.82379906342143,4.9,60,1.0,1.25,-19.35279518034093,-0.1382342512881495,0.5971467869042376,-2.4762645498117064,-11.337405643201937,-0.7934767501276032,24.389870499959457,9.890584949870867,0.18571428571428572,1.103327950563674,-0.421397560482425,2.618258988733965,35.50260375753804,6.164285714285715,140,80,60,21,1.35,29.0,0.5,1.0,0.001,"{""base"": {""length"": 25}, ""c1"": {""length"": 10, ""signal_length"": 2}, ""c2"": {""adx_smoothing"": 14, ""adx_threshold"": 25, ""di_length"": 14}, ""exit_ind"": {""adx_smoothing"": 14, ""adx_threshold"": 25, ""di_length"": 14}, ""vol"": {""ema_len"": 8, ""filter_lookback"": 25, ""hline"": 0, ""lookback"": 132}}","{""base"": {""length"": 16}, ""c1"": {""length"": 10, ""signal_length"": 2}, ""c2"": {""adx_smoothing"": 14, ""adx_threshold"": 25, ""di_length"": 14}, ""exit_ind"": {""adx_smoothing"": 14, ""adx_threshold"": 25, ""di_length"": 14}, ""vol"": {""ema_len"": 12, ""filter_lookback"": 20, ""hline"": 0, ""lookback"": 25}}","{""atr_len"": 22, ""atr_mult"": 0.95, ""be_pct"": 0.05, ""tp_mult"": 7.8, ""trail_arm"": 1.0, ""trail_mult"": 0.5}",0,name 'old' is not defined
B|trend|parabolic_sar_signals|polychromatic_momentum_signals|variance_volume_signals|rma_baseline,B,B,trend,parabolic_sar_signals,polychromatic_momentum_signals,variance_volume_signals,rma_baseline,adx_dmi_exit,148.2,False,W3ONLY,-0.10237332184866643,6.492166884344641,-0.09911022213074756,-0.04040213916455668,62,9.925625036084586,0.15508789118882166,14.867316057509065,3.650858156301295,2.1057066013384316,1.7695679495042123,1.4746984600858402,4.713679023362348,0.390625,0.9129313638369365,-0.3307092066625339,2.7605260012265713,14.75854174257834,8.015625,64,1.0,1.8,-32.90025121528561,-0.18483287199598655,0.4206105002356969,-4.721833845673274,-15.524200967174057,-1.0157430981822086,32.39032711535472,22.449752401596456,0.16853932584269662,0.7961363427752131,-0.3836779830982567,2.0750118011627716,31.006609523010926,12.629213483146067,178,116,62,3,1.4,999.0,1.5,2.0,0.05,"{""base"": {""ma_length"": 20}, ""c1"": {""sar_increment"": 0.010673, ""sar_maximum"": 0.2, ""sar_start"": 0.02}, ""c2"": {""len"": 14}, ""exit_ind"": {""adx_smoothing"": 14, ""adx_threshold"": 25, ""di_length"": 14}, ""vol"": {""ema_len"": 100, ""filter_lookback"": 2, ""hline"": 0, ""lookback"": 87}}","{""base"": {""ma_length"": 132}, ""c1"": {""sar_increment"": 0.007022, ""sar_maximum"": 0.2, ""sar_start"": 0.02}, ""c2"": {""len"": 26}, ""exit_ind"": {""adx_smoothing"": 14, ""adx_threshold"": 25, ""di_length"": 14}, ""vol"": {""ema_len"": 12, ""filter_lookback"": 2, ""hline"": 0, ""lookback"": 2}}","{""atr_len"": 50, ""atr_mult"": 0.95, ""be_pct"": 0.05, ""tp_mult"": 7.45, ""trail_arm"": 3.0, ""trail_mult"": 1.1}",0,name 'old' is not defined
B|trend|ichimoku_signals|polychromatic_momentum_signals|fractal_dimension_volume_signals|mcginley_dynamic_index,B,B,trend,ichimoku_signals,polychromatic_momentum_signals,fractal_dimension_volume_signals,mcginley_dynamic_index,adx_dmi_exit,87.0,False,W3ONLY,-6.650291794477525,8.55001454635495,-8.811134105594427,-3.5786646159013817,58,8.851293003535675,0.15805880363456562,16.430959178299272,3.535573894294066,2.0653399880830934,1.7594563096985347,2.0161346117275825,4.285634837173146,0.4107142857142857,0.8915682079393374,-0.35317502360815417,2.5244373139152887,18.88119646900892,6.214285714285714,56,1.0,1.9,71.1245234475502,0.4939203017190986,2.682678098188467,1.3564549812870053,34.25793681046007,7.562420790183228,9.404994170633415,4.6065810998502466,0.2777777777777778,2.8348292151399965,-0.4064292803658623,6.974963055290014,63.35317347460004,8.159722222222221,144,86,58,2,1.5,999.0,1.5,2.0,0.05,"{""base"": {""mci_length"": 17}, ""c1"": {""base_len"": 26, ""conversion_len"": 9, ""displacement"": 113, ""span_b_len"": 148}, ""c2"": {""len"": 14}, ""exit_ind"": {""adx_smoothing"": 14, ""adx_threshold"": 25, ""di_length"": 14}, ""vol"": {""fd_threshold"": 1.5, ""length"": 16}}","{""base"": {""mci_length"": 14}, ""c1"": {""base_len"": 14, ""conversion_len"": 9, ""displacement"": 26, ""span_b_len"": 97}, ""c2"": {""len"": 14}, ""exit_ind"": {""adx_smoothing"": 14, ""adx_threshold"": 25, ""di_length"": 14}, ""vol"": {""fd_threshold"": 1.5, ""length"": 85}}","{""atr_len"": 35, ""atr_mult"": 1.45, ""be_pct"": 0.001, ""tp_mult"": 3.9, ""trail_arm"": 1.0, ""trail_mult"": 0.85}",0,name 'old' is not defined
B|trend|kase_peak_oscillator_signals|parabolic_sar_signals|variance_volume_signals|wma_baseline,B,B,trend,kase_peak_oscillator_signals,parabolic_sar_signals,variance_volume_signals,wma_baseline,adx_dmi_exit,247.9,True,W3ONLY,5.304937286384278,7.304679167019163,3.401727844363842,0.930191186305357,100,-1.8484041382167735,-0.01925420977309139,-1.6889658483160217,-0.5230861599905797,-0.21861094475561024,0.9216580365154871,5.254609379998602,8.45522231415789,0.3229166666666667,0.7014724202519782,-0.3629853717850477,1.9325087862421504,18.326653716064406,5.614583333333333,96,1.0,1.35,1.5454510229226148,0.004985325880395531,1.0158024305942102,0.08814499594336803,0.34660473122359453,0.07703323642089062,20.062132849756583,8.551839788091923,0.3032258064516129,1.0568485329088084,-0.452769958659747,2.3341843085994616,17.009025669633342,11.6,310,210,100,4,1.35,6.15,0.5,2.0,0.001,"{""base"": {""ma_length"": 37}, ""c1"": {""long_cycle"": 23, ""sharpness"": 40, ""short_cycle"": 15}, ""c2"": {""sar_increment"": 0.02, ""sar_maximum"": 0.2, ""sar_start"": 0.02}, ""exit_ind"": {""adx_smoothing"": 14, ""adx_threshold"": 25, ""di_length"": 14}, ""vol"": {""ema_len"": 12, ""filter_lookback"": 200, ""hline"": 0, ""lookback"": 25}}","{""base"": {""ma_length"": 25}, ""c1"": {""long_cycle"": 23, ""sharpness"": 40, ""short_cycle"": 8}, ""c2"": {""sar_increment"": 0.131587, ""sar_maximum"": 0.162226, ""sar_start"": 0.00304}, ""exit_ind"": {""adx_smoothing"": 14, ""adx_threshold"": 25, ""di_length"": 14}, ""vol"": {""ema_len"": 10, ""filter_lookback"": 200, ""hline"": 0, ""lookback"": 16}}","{""atr_len"": 6, ""atr_mult"": 1.45, ""be_pct"": 0.08, ""tp_mult"": 6.5, ""trail_arm"": 1.4, ""trail_mult"": 0.65}",0,name 'old' is not defined
B|trend|bears_bulls_impulse_signals|supertrend_signals|chaikin_volatility_volume_signals|sma_baseline,B,B,trend,bears_bulls_impulse_signals,supertrend_signals,chaikin_volatility_volume_signals,sma_baseline,adx_dmi_exit,203.2,False,W3ONLY,-32.407094096172116,39.75603898519245,-16.127548444161476,-4.074067289785848,166,-0.6390471467540584,-0.003994044667212865,-0.4514092963061825,-0.06736270805710684,-0.033302572805317815,0.9883127812575845,10.262716613902152,19.189122428763646,0.21875,1.5440028410109603,-0.43743317265710124,3.5296885044913733,16.225363409639183,10.26875,160,1.0,3.0,29.136835832006906,0.10712071997061362,1.2959693989232484,0.7619373235014031,9.33241638392019,0.5814113965014911,50.11397438600463,29.2982187696672,0.19117647058823528,2.4535051828581587,-0.44747924398462413,5.482947456982974,36.29926638886963,18.235294117647058,272,106,166,31,1.2,11.0,0.5,1.65,0.05,"{""base"": {""length"": 20}, ""c1"": {""length"": 16}, ""c2"": {""atr_period"": 5, ""factor"": 6}, ""exit_ind"": {""adx_smoothing"": 14, ""adx_threshold"": 25, ""di_length"": 14}, ""vol"": {""cvi_len"": 28, ""roc_len"": 12}}","{""base"": {""length"": 200}, ""c1"": {""length"": 7}, ""c2"": {""atr_period"": 43, ""factor"": 3}, ""exit_ind"": {""adx_smoothing"": 14, ""adx_threshold"": 25, ""di_length"": 14}, ""vol"": {""cvi_len"": 10, ""roc_len"": 6}}","{""atr_len"": 32, ""atr_mult"": 1.15, ""be_pct"": 0.05, ""tp_mult"": 30.0, ""trail_arm"": 2.0, ""trail_mult"": 0.5}",0,name 'old' is not defined
B|trend|coral_signals|price_momentum_oscillator_signals|chaikin_volatility_volume_signals|rma_baseline,B,B,trend,coral_signals,price_momentum_oscillator_signals,chaikin_volatility_volume_signals,rma_baseline,adx_dmi_exit,217.8,False,W3ONLY,-10.549014991385228,10.804070579621886,-13.481368263164136,-4.24669266607488,62,0.8844834052931054,0.00475528712523175,0.4001781681496993,0.13886885464088955,0.08381100078056113,1.0210837831634492,6.42102722443836,10.55330919635373,0.3602150537634409,0.6393338868378426,-0.35252846229279267,1.813566719350007,16.038159880054902,7.720430107526882,186,1.0,1.25,1.3825626312957056,0.004608542104319019,1.0146240416678383,0.06345774286392983,0.49758777263385723,0.039092714132791015,35.36624821186336,17.232117717132198,0.2,1.5987159098308619,-0.3939182998273168,4.058496166671353,18.958092847064464,10.966666666666667,300,238,62,31,1.15,999.0,1.25,2.0,0.001,"{""base"": {""ma_length"": 25}, ""c1"": {""const_d"": 5, ""smooth_period"": 28}, ""c2"": {""s1"": 43, ""s2"": 25, ""sig"": 10}, ""exit_ind"": {""adx_smoothing"": 14, ""adx_threshold"": 25, ""di_length"": 14}, ""vol"": {""cvi_len"": 43, ""roc_len"": 6}}","{""base"": {""ma_length"": 25}, ""c1"": {""const_d"": 3, ""smooth_period"": 12}, ""c2"": {""s1"": 43, ""s2"": 25, ""sig"": 10}, ""exit_ind"": {""adx_smoothing"": 14, ""adx_threshold"": 25, ""di_length"": 14}, ""vol"": {""cvi_len"": 12, ""roc_len"": 3}}","{""atr_len"": 49, ""atr_mult"": 0.9, ""be_pct"": 0.05, ""tp_mult"": 11.5, ""trail_arm"": 1.0, ""trail_mult"": 1.5}",0,name 'old' is not defined
B|trend|kuskus_starlight_signals|center_of_gravity_signals|variance_volume_signals|frama_baseline,B,B,trend,kuskus_starlight_signals,center_of_gravity_signals,variance_volume_signals,frama_baseline,adx_dmi_exit,320.7,True,W3ONLY,5.473810503945376,5.26777952990281,7.853132901201237,1.292491212278624,76,3.4788270518480324,0.025961395909313675,2.5516319383754484,0.5656491910157385,0.23354264508052308,1.0971270689165358,7.977631860785841,14.895896424606175,0.3582089552238806,0.8186688173109872,-0.4164799555706901,1.9656859984754598,16.821899530514543,4.992537313432836,134,1.0,3.0,-2.404940593895699,-0.005865708765599266,0.9805659503864306,-0.11042457743821811,-0.415251030691155,-0.0859858351181485,27.969032231776314,15.565332828759896,0.25853658536585367,1.1447535241550648,-0.4070684676129361,2.812189140730895,17.967468102302792,7.195121951219512,410,334,76,10,0.85,999.0,1.5,2.0,0.05,"{""base"": {""length"": 12}, ""c1"": {""index_smooth"": 0.862993, ""price_smooth"": 0.245783, ""range_periods"": 24}, ""c2"": {""length"": 10, ""signal_length"": 3}, ""exit_ind"": {""adx_smoothing"": 14, ""adx_threshold"": 25, ""di_length"": 14}, ""vol"": {""ema_len"": 19, ""filter_lookback"": 200, ""hline"": 0, ""lookback"": 20}}","{""base"": {""length"": 19}, ""c1"": {""index_smooth"": 1.311672, ""price_smooth"": 0.567792, ""range_periods"": 37}, ""c2"": {""length"": 8, ""signal_length"": 3}, ""exit_ind"": {""adx_smoothing"": 14, ""adx_threshold"": 25, ""di_length"": 14}, ""vol"": {""ema_len"": 100, ""filter_lookback"": 5, ""hline"": 0, ""lookback"": 16}}","{""atr_len"": 50, ""atr_mult"": 1.5, ""be_pct"": 0.05, ""tp_mult"": 13.75, ""trail_arm"": 2.2, ""trail_mult"": 0.55}",0,name 'old' is not defined
B|trend|supertrend_signals|coral_signals|chaikin_volatility_volume_signals|tma_baseline,B,B,trend,supertrend_signals,coral_signals,chaikin_volatility_volume_signals,tma_baseline,adx_dmi_exit,180.1,True,W3ONLY,1.1579958170422637,7.6538854381953145,1.642013695000002,0.4432788792500863,66,-2.927696228886823,-0.02152717815357958,-1.95772034049681,-0.5141525484242532,-0.21538217216859407,0.9113233652772657,6.084925573798321,13.593029540973887,0.2647058823529412,0.8357700700857253,-0.3301541875197293,2.531453792436849,19.88868256915366,6.323529411764706,136,1.0,3.0,-32.59720346455088,-0.18734024979626943,0.45716380952400415,-4.776627789744801,-16.85150987326359,-0.9689032538551783,33.643403853635085,23.37760458827923,0.1724137931034483,0.9150864771080587,-0.41701248456800444,2.1943862857152197,21.56586859710599,15.873563218390805,174,108,66,3,1.15,999.0,1.5,2.0,0.05,"{""base"": {""length"": 25}, ""c1"": {""atr_period"": 8, ""factor"": 4}, ""c2"": {""const_d"": 5, ""smooth_period"": 28}, ""exit_ind"": {""adx_smoothing"": 14, ""adx_threshold"": 25, ""di_length"": 14}, ""vol"": {""cvi_len"": 43, ""roc_len"": 10}}","{""base"": {""length"": 200}, ""c1"": {""atr_period"": 12, ""factor"": 6}, ""c2"": {""const_d"": 40, ""smooth_period"": 10}, ""exit_ind"": {""adx_smoothing"": 14, ""adx_threshold"": 25, ""di_length"": 14}, ""vol"": {""cvi_len"": 2, ""roc_len"": 6}}","{""atr_len"": 19, ""atr_mult"": 0.95, ""be_pct"": 0.05, ""tp_mult"": 30.0, ""trail_arm"": 2.0, ""trail_mult"": 0.5}",0,name 'old' is not defined
B|trend|chandelier_exit_signals|fisher_transform_signals|variance_volume_signals|tma_baseline,B,B,trend,chandelier_exit_signals,fisher_transform_signals,variance_volume_signals,tma_baseline,adx_dmi_exit,207.6,False,W3ONLY,-4.753646458415675,10.18230202291168,-4.587725317808863,-1.283418845181392,72,4.546728343671278,0.07577880572785463,6.957359248930769,1.548786134057495,0.9707272550857909,1.2672669339571707,2.234864922645487,4.683837112690781,0.3333333333333333,1.0779332860801651,-0.4252984344483005,2.5345338679143414,9.619472527860234,8.35,60,1.0,2.7,0.21254351214095557,0.000764545007701279,1.0022798690801118,0.012675091467625105,0.05188808555154887,0.012570491969717153,16.908129980352548,8.07869526847021,0.30935251798561153,1.0864969222319192,-0.4855530822906464,2.237648079806761,23.693457110437297,10.046762589928058,278,206,72,5,1.4,999.0,0.5,2.0,0.05,"{""base"": {""length"": 25}, ""c1"": {""atr_mult"": 4, ""atr_period"": 8}, ""c2"": {""length"": 19}, ""exit_ind"": {""adx_smoothing"": 14, ""adx_threshold"": 25, ""di_length"": 14}, ""vol"": {""ema_len"": 12, ""filter_lookback"": 87, ""hline"": 0, ""lookback"": 25}}","{""base"": {""length"": 20}, ""c1"": {""atr_mult"": 6, ""atr_period"": 63}, ""c2"": {""length"": 28}, ""exit_ind"": {""adx_smoothing"": 14, ""adx_threshold"": 25, ""di_length"": 14}, ""vol"": {""ema_len"": 100, ""filter_lookback"": 3, ""hline"": 0, ""lookback"": 16}}","{""atr_len"": 46, ""atr_mult"": 1.5, ""be_pct"": 0.05, ""tp_mult"": 13.0, ""trail_arm"": 1.0, ""trail_mult"": 0.55}",0,name 'old' is not defined
B|trend|ssl_channel_signals|chandelier_exit_signals|variance_volume_signals|mcginley_dynamic_index,B,B,trend,ssl_channel_signals,chandelier_exit_signals,variance_volume_signals,mcginley_dynamic_index,adx_dmi_exit,230.3,False,W3ONLY,-0.4497534437003923,14.033076023764922,-0.3765599045570633,-0.09729010093096335,102,2.1629162744064323,0.022530377858400338,2.410056222547359,0.38096100292036594,0.13222686409994214,1.0737158856645193,9.720299033217845,16.35761604972812,0.25,1.3126736197233109,-0.40751736942990324,3.2211476569935575,27.67426086108186,5.583333333333333,96,1.0,2.85,38.95334741963974,0.16366952697327622,1.5007987375757303,0.6013973529246974,11.687349219090743,1.8918645461847756,20.58992410328473,12.456701212013717,0.24369747899159663,2.0126859783599502,-0.4321246629179854,4.657651254545371,61.76246032347383,10.063025210084033,238,136,102,3,1.15,999.0,1.5,2.0,0.05,"{""base"": {""mci_length"": 11}, ""c1"": {""len"": 10}, ""c2"": {""atr_mult"": 4, ""atr_period"": 8}, ""exit_ind"": {""adx_smoothing"": 14, ""adx_threshold"": 25, ""di_length"": 14}, ""vol"": {""ema_len"": 12, ""filter_lookback"": 200, ""hline"": 0, ""lookback"": 20}}","{""base"": {""mci_length"": 17}, ""c1"": {""len"": 19}, ""c2"": {""atr_mult"": 6, ""atr_period"": 22}, ""exit_ind"": {""adx_smoothing"": 14, ""adx_threshold"": 25, ""di_length"": 14}, ""vol"": {""ema_len"": 8, ""filter_lookback"": 57, ""hline"": 0, ""lookback"": 200}}","{""atr_len"": 47, ""atr_mult"": 1.5, ""be_pct"": 0.05, ""tp_mult"": 8.25, ""trail_arm"": 1.4, ""trail_mult"": 0.5}",0,name 'old' is not defined
B|trend|coppock_curve_signals|ssl_channel_signals|variance_volume_signals|sma_baseline,B,B,trend,coppock_curve_signals,ssl_channel_signals,variance_volume_signals,sma_baseline,adx_dmi_exit,196.7,False,W3ONLY,7.613251542502221,5.306770420962067,9.594934518336885,1.7387881384297226,66,5.928129780490015,0.10978018112018546,9.02779441854279,2.4486090943548278,1.450708443875183,1.5515809972797654,1.7443241655211967,4.086368839664701,0.3888888888888889,0.7940787319652193,-0.325682533053927,2.43819871001106,28.685764507721977,9.314814814814815,54,1.0,1.95,35.840126258470505,0.14569157015638418,1.5638893804772624,1.8995108113143342,14.67258789389393,1.9689018357053818,18.20310469954454,6.271836421519894,0.3170731707317073,1.274345069812091,-0.37832612611233685,3.368377127181796,28.532497982726632,9.760162601626016,246,180,66,3,1.0,999.0,1.5,2.0,0.05,"{""base"": {""length"": 20}, ""c1"": {""long_roc"": 14, ""short_roc"": 14, ""smooth_len"": 19}, ""c2"": {""len"": 10}, ""exit_ind"": {""adx_smoothing"": 14, ""adx_threshold"": 25, ""di_length"": 14}, ""vol"": {""ema_len"": 28, ""filter_lookback"": 200, ""hline"": 0, ""lookback"": 20}}","{""base"": {""length"": 20}, ""c1"": {""long_roc"": 26, ""short_roc"": 110, ""smooth_len"": 19}, ""c2"": {""len"": 12}, ""exit_ind"": {""adx_smoothing"": 14, ""adx_threshold"": 25, ""di_length"": 14}, ""vol"": {""ema_len"": 12, ""filter_lookback"": 200, ""hline"": 0, ""lookback"": 132}}","{""atr_len"": 50, ""atr_mult"": 0.95, ""be_pct"": 0.05, ""tp_mult"": 13.75, ""trail_arm"": 2.0, ""trail_mult"": 0.5}",0,name 'old' is not defined
B|trend|parabolic_sar_signals|dspo_signals|variance_volume_signals|ema_baseline,B,B,trend,parabolic_sar_signals,dspo_signals,variance_volume_signals,ema_baseline,adx_dmi_exit,185.7,False,W3ONLY,2.6687411295245624,5.297642864727726,2.5389166351745653,0.726753184625813,76,3.3299523729923663,0.05741297194814425,4.9636510803440945,1.5955636269320792,0.999488847278071,1.2739450620573383,1.7081618914879189,3.3316553576969827,0.3793103448275862,0.7038863842063181,-0.33765411332073986,2.0846373742756446,18.275154836232414,10.413793103448276,58,1.0,1.55,98.28288238762096,0.4095120099484207,2.4134097892179267,1.4405008418110654,30.60777293562963,5.962405294450031,16.483764107600223,6.087212487571731,0.3,2.3308180004391805,-0.41390484311904785,5.631289508175162,50.13383042053721,10.354166666666666,240,164,76,3,1.4,999.0,1.5,2.0,0.05,"{""base"": {""ma_length"": 25}, ""c1"": {""sar_increment"": 0.02, ""sar_maximum"": 0.162226, ""sar_start"": 0.02}, ""c2"": {""len"": 11}, ""exit_ind"": {""adx_smoothing"": 14, ""adx_threshold"": 25, ""di_length"": 14}, ""vol"": {""ema_len"": 12, ""filter_lookback"": 200, ""hline"": 0, ""lookback"": 25}}","{""base"": {""ma_length"": 20}, ""c1"": {""sar_increment"": 0.02, ""sar_maximum"": 0.162226, ""sar_start"": 0.02}, ""c2"": {""len"": 14}, ""exit_ind"": {""adx_smoothing"": 14, ""adx_threshold"": 25, ""di_length"": 14}, ""vol"": {""ema_len"": 4, ""filter_lookback"": 132, ""hline"": 0, ""lookback"": 25}}","{""atr_len"": 41, ""atr_mult"": 1.45, ""be_pct"": 0.05, ""tp_mult"": 8.5, ""trail_arm"": 2.5, ""trail_mult"": 0.5}",0,name 'old' is not defined
B|trend|kalman_filter_signals|j_tpo_signals|variance_volume_signals|tma_baseline,B,B,trend,kalman_filter_signals,j_tpo_signals,variance_volume_signals,tma_baseline,adx_dmi_exit,374.0,False,W3ONLY,-10.668318233346874,12.005429339660669,-11.233305095564075,-4.030440647005197,70,2.065345321954612,0.04130690643909224,4.522136733236339,0.9165326633900515,0.3878186790801262,1.1687967542623305,3.141292996265707,5.325543697001496,0.36,0.7945021478907767,-0.38236541687748027,2.0778608964663654,13.332449654412457,8.26,50,1.0,2.7,103.12900140572566,0.5315927907511632,2.9686104390724943,1.3473847859955832,41.79607448666949,7.8210262621841755,13.18612135396728,6.262523735301114,0.29896907216494845,2.681305169650536,-0.38519631201474547,6.960879650238953,61.19102088730435,9.412371134020619,194,124,70,5,1.3,999.0,1.5,2.0,0.05,"{""base"": {""length"": 37}, ""c1"": {""k"": 1, ""sharpness"": 1}, ""c2"": {""ema_len"": 200, ""len"": 173}, ""exit_ind"": {""adx_smoothing"": 14, ""adx_threshold"": 25, ""di_length"": 14}, ""vol"": {""ema_len"": 8, ""filter_lookback"": 200, ""hline"": 0, ""lookback"": 25}}","{""base"": {""length"": 20}, ""c1"": {""k"": 1, ""sharpness"": 2}, ""c2"": {""ema_len"": 200, ""len"": 173}, ""exit_ind"": {""adx_smoothing"": 14, ""adx_threshold"": 25, ""di_length"": 14}, ""vol"": {""ema_len"": 5, ""filter_lookback"": 87, ""hline"": 0, ""lookback"": 20}}","{""atr_len"": 2, ""atr_mult"": 0.95, ""be_pct"": 0.05, ""tp_mult"": 5.3, ""trail_arm"": 2.0, ""trail_mult"": 1.3}",0,name 'old' is not defined
