GATE 2 mode C trend: 554,422 combinations, 22126 chunks queued, 6 workers
/Users/jackcuster/Documents/fx-data/code/l2tune.py:707: DtypeWarning: Columns (39) have mixed types. Specify dtype option on import or set low_memory=False.
  d = pd.read_csv(x)
/Users/jackcuster/Documents/fx-data/code/l2tune.py:707: DtypeWarning: Columns (39) have mixed types. Specify dtype option on import or set low_memory=False.
  d = pd.read_csv(x)
/Users/jackcuster/Documents/fx-data/code/l2tune.py:707: DtypeWarning: Columns (39) have mixed types. Specify dtype option on import or set low_memory=False.
  d = pd.read_csv(x)
/Users/jackcuster/Documents/fx-data/code/l2tune.py:707: DtypeWarning: Columns (39) have mixed types. Specify dtype option on import or set low_memory=False.
  d = pd.read_csv(x)
/Users/jackcuster/Documents/fx-data/code/l2tune.py:707: DtypeWarning: Columns (39) have mixed types. Specify dtype option on import or set low_memory=False.
  d = pd.read_csv(x)
/Users/jackcuster/Documents/fx-data/code/l2tune.py:707: DtypeWarning: Columns (39) have mixed types. Specify dtype option on import or set low_memory=False.
  d = pd.read_csv(x)
/Users/jackcuster/Documents/fx-data/code/l2lib.py:1856: RuntimeWarning: overflow encountered in scalar multiply
  fama[i] = .5 * al * mama[i] + (1 - .5 * al) * fama[i - 1]
/Users/jackcuster/Documents/fx-data/code/l2lib.py:1855: RuntimeWarning: overflow encountered in scalar multiply
  mama[i] = al * src[i] + (1 - al) * mama[i - 1]
/Users/jackcuster/Documents/fx-data/code/l2lib.py:1856: RuntimeWarning: invalid value encountered in scalar add
  fama[i] = .5 * al * mama[i] + (1 - .5 * al) * fama[i - 1]
/Users/jackcuster/Documents/fx-data/code/l2lib.py:1856: RuntimeWarning: overflow encountered in scalar add
  fama[i] = .5 * al * mama[i] + (1 - .5 * al) * fama[i - 1]
/Users/jackcuster/Documents/fx-data/code/l2lib.py:1884: RuntimeWarning: overflow encountered in scalar multiply
  st = fr if not np.isfinite(st) else index_smooth * fr + (1 - index_smooth) * st
/Users/jackcuster/Documents/fx-data/code/l2lib.py:1881: RuntimeWarning: overflow encountered in scalar multiply
  sm = r if not np.isfinite(sm) else price_smooth * r + (1 - price_smooth) * sm
/Users/jackcuster/Documents/fx-data/code/l2lib.py:1884: RuntimeWarning: overflow encountered in scalar multiply
  st = fr if not np.isfinite(st) else index_smooth * fr + (1 - index_smooth) * st
/Users/jackcuster/Documents/fx-data/code/l2lib.py:1881: RuntimeWarning: overflow encountered in scalar multiply
  sm = r if not np.isfinite(sm) else price_smooth * r + (1 - price_smooth) * sm
/Users/jackcuster/Documents/fx-data/code/l2lib.py:1856: RuntimeWarning: overflow encountered in scalar multiply
  fama[i] = .5 * al * mama[i] + (1 - .5 * al) * fama[i - 1]
/Users/jackcuster/Documents/fx-data/code/l2lib.py:1855: RuntimeWarning: overflow encountered in scalar multiply
  mama[i] = al * src[i] + (1 - al) * mama[i - 1]
/Users/jackcuster/Documents/fx-data/code/l2lib.py:1856: RuntimeWarning: invalid value encountered in scalar add
  fama[i] = .5 * al * mama[i] + (1 - .5 * al) * fama[i - 1]
/Users/jackcuster/Documents/fx-data/code/l2lib.py:1856: RuntimeWarning: overflow encountered in scalar add
  fama[i] = .5 * al * mama[i] + (1 - .5 * al) * fama[i - 1]
/Users/jackcuster/Documents/fx-data/code/l2lib.py:1856: RuntimeWarning: overflow encountered in scalar multiply
  fama[i] = .5 * al * mama[i] + (1 - .5 * al) * fama[i - 1]
/Users/jackcuster/Documents/fx-data/code/l2lib.py:1855: RuntimeWarning: overflow encountered in scalar multiply
  mama[i] = al * src[i] + (1 - al) * mama[i - 1]
/Users/jackcuster/Documents/fx-data/code/l2lib.py:1856: RuntimeWarning: invalid value encountered in scalar add
  fama[i] = .5 * al * mama[i] + (1 - .5 * al) * fama[i - 1]
/Users/jackcuster/Documents/fx-data/code/l2lib.py:1856: RuntimeWarning: overflow encountered in scalar add
  fama[i] = .5 * al * mama[i] + (1 - .5 * al) * fama[i - 1]
/Users/jackcuster/Documents/fx-data/code/l2lib.py:1884: RuntimeWarning: overflow encountered in scalar multiply
  st = fr if not np.isfinite(st) else index_smooth * fr + (1 - index_smooth) * st
/Users/jackcuster/Documents/fx-data/code/l2lib.py:1881: RuntimeWarning: overflow encountered in scalar multiply
  sm = r if not np.isfinite(sm) else price_smooth * r + (1 - price_smooth) * sm
/Users/jackcuster/Documents/fx-data/code/l2lib.py:1884: RuntimeWarning: overflow encountered in scalar multiply
  st = fr if not np.isfinite(st) else index_smooth * fr + (1 - index_smooth) * st
/Users/jackcuster/Documents/fx-data/code/l2lib.py:1881: RuntimeWarning: overflow encountered in scalar multiply
  sm = r if not np.isfinite(sm) else price_smooth * r + (1 - price_smooth) * sm
/Users/jackcuster/Documents/fx-data/code/l2lib.py:1884: RuntimeWarning: overflow encountered in scalar multiply
  st = fr if not np.isfinite(st) else index_smooth * fr + (1 - index_smooth) * st
/Users/jackcuster/Documents/fx-data/code/l2lib.py:1881: RuntimeWarning: overflow encountered in scalar multiply
  sm = r if not np.isfinite(sm) else price_smooth * r + (1 - price_smooth) * sm
/Users/jackcuster/Documents/fx-data/code/l2lib.py:1856: RuntimeWarning: overflow encountered in scalar multiply
  fama[i] = .5 * al * mama[i] + (1 - .5 * al) * fama[i - 1]
/Users/jackcuster/Documents/fx-data/code/l2lib.py:1855: RuntimeWarning: overflow encountered in scalar multiply
  mama[i] = al * src[i] + (1 - al) * mama[i - 1]
/Users/jackcuster/Documents/fx-data/code/l2lib.py:1856: RuntimeWarning: invalid value encountered in scalar add
  fama[i] = .5 * al * mama[i] + (1 - .5 * al) * fama[i - 1]
/Users/jackcuster/Documents/fx-data/code/l2lib.py:1856: RuntimeWarning: overflow encountered in scalar add
  fama[i] = .5 * al * mama[i] + (1 - .5 * al) * fama[i - 1]
/Users/jackcuster/Documents/fx-data/code/l2lib.py:1856: RuntimeWarning: overflow encountered in scalar multiply
  fama[i] = .5 * al * mama[i] + (1 - .5 * al) * fama[i - 1]
/Users/jackcuster/Documents/fx-data/code/l2lib.py:1855: RuntimeWarning: overflow encountered in scalar multiply
  mama[i] = al * src[i] + (1 - al) * mama[i - 1]
/Users/jackcuster/Documents/fx-data/code/l2lib.py:1856: RuntimeWarning: invalid value encountered in scalar add
  fama[i] = .5 * al * mama[i] + (1 - .5 * al) * fama[i - 1]
/Users/jackcuster/Documents/fx-data/code/l2lib.py:1856: RuntimeWarning: overflow encountered in scalar add
  fama[i] = .5 * al * mama[i] + (1 - .5 * al) * fama[i - 1]
  [C trend] chunk    43    25 combos  5871.6 s  hit 92.3%  crossed   9  |  1,297/554,422 done, 1.6 engine-h spent, ~696 engine-h left
  [C trend] chunk    44    25 combos  5934.4 s  hit 92.2%  crossed   1  |  1,322/554,422 done, 3.3 engine-h spent, ~1372 engine-h left
  [C trend] chunk    45    25 combos  6657.8 s  hit 92.1%  crossed   0  |  1,347/554,422 done, 5.1 engine-h spent, ~2106 engine-h left
  [C trend] chunk    42    25 combos  6893.3 s  hit 92.1%  crossed   4  |  1,372/554,422 done, 7.0 engine-h spent, ~2839 engine-h left
  [C trend] chunk    46    25 combos  7416.8 s  hit 91.8%  crossed   2  |  1,397/554,422 done, 9.1 engine-h spent, ~3604 engine-h left
  [C trend] chunk    39    25 combos  7996.4 s  hit 91.7%  crossed   4  |  1,422/554,422 done, 11.3 engine-h spent, ~4404 engine-h left
/Users/jackcuster/Documents/fx-data/code/l2lib.py:1856: RuntimeWarning: overflow encountered in scalar multiply
  fama[i] = .5 * al * mama[i] + (1 - .5 * al) * fama[i - 1]
/Users/jackcuster/Documents/fx-data/code/l2lib.py:1855: RuntimeWarning: overflow encountered in scalar multiply
  mama[i] = al * src[i] + (1 - al) * mama[i - 1]
/Users/jackcuster/Documents/fx-data/code/l2lib.py:1856: RuntimeWarning: invalid value encountered in scalar add
  fama[i] = .5 * al * mama[i] + (1 - .5 * al) * fama[i - 1]
/Users/jackcuster/Documents/fx-data/code/l2lib.py:1856: RuntimeWarning: overflow encountered in scalar add
  fama[i] = .5 * al * mama[i] + (1 - .5 * al) * fama[i - 1]
/Users/jackcuster/Documents/fx-data/code/l2lib.py:1884: RuntimeWarning: overflow encountered in scalar multiply
  st = fr if not np.isfinite(st) else index_smooth * fr + (1 - index_smooth) * st
/Users/jackcuster/Documents/fx-data/code/l2lib.py:1881: RuntimeWarning: overflow encountered in scalar multiply
  sm = r if not np.isfinite(sm) else price_smooth * r + (1 - price_smooth) * sm
/Users/jackcuster/Documents/fx-data/code/l2lib.py:1856: RuntimeWarning: overflow encountered in scalar multiply
  fama[i] = .5 * al * mama[i] + (1 - .5 * al) * fama[i - 1]
/Users/jackcuster/Documents/fx-data/code/l2lib.py:1855: RuntimeWarning: overflow encountered in scalar multiply
  mama[i] = al * src[i] + (1 - al) * mama[i - 1]
/Users/jackcuster/Documents/fx-data/code/l2lib.py:1856: RuntimeWarning: invalid value encountered in scalar add
  fama[i] = .5 * al * mama[i] + (1 - .5 * al) * fama[i - 1]
/Users/jackcuster/Documents/fx-data/code/l2lib.py:1856: RuntimeWarning: overflow encountered in scalar add
  fama[i] = .5 * al * mama[i] + (1 - .5 * al) * fama[i - 1]
/Users/jackcuster/Documents/fx-data/code/l2lib.py:1856: RuntimeWarning: overflow encountered in scalar multiply
  fama[i] = .5 * al * mama[i] + (1 - .5 * al) * fama[i - 1]
/Users/jackcuster/Documents/fx-data/code/l2lib.py:1855: RuntimeWarning: overflow encountered in scalar multiply
  mama[i] = al * src[i] + (1 - al) * mama[i - 1]
/Users/jackcuster/Documents/fx-data/code/l2lib.py:1856: RuntimeWarning: invalid value encountered in scalar add
  fama[i] = .5 * al * mama[i] + (1 - .5 * al) * fama[i - 1]
/Users/jackcuster/Documents/fx-data/code/l2lib.py:1856: RuntimeWarning: overflow encountered in scalar add
  fama[i] = .5 * al * mama[i] + (1 - .5 * al) * fama[i - 1]
/Users/jackcuster/Documents/fx-data/code/l2lib.py:1884: RuntimeWarning: overflow encountered in scalar multiply
  st = fr if not np.isfinite(st) else index_smooth * fr + (1 - index_smooth) * st
/Users/jackcuster/Documents/fx-data/code/l2lib.py:1881: RuntimeWarning: overflow encountered in scalar multiply
  sm = r if not np.isfinite(sm) else price_smooth * r + (1 - price_smooth) * sm
/Users/jackcuster/Documents/fx-data/code/l2lib.py:1884: RuntimeWarning: overflow encountered in scalar multiply
  st = fr if not np.isfinite(st) else index_smooth * fr + (1 - index_smooth) * st
/Users/jackcuster/Documents/fx-data/code/l2lib.py:1881: RuntimeWarning: overflow encountered in scalar multiply
  sm = r if not np.isfinite(sm) else price_smooth * r + (1 - price_smooth) * sm
/Users/jackcuster/Documents/fx-data/code/l2lib.py:1856: RuntimeWarning: overflow encountered in scalar multiply
  fama[i] = .5 * al * mama[i] + (1 - .5 * al) * fama[i - 1]
/Users/jackcuster/Documents/fx-data/code/l2lib.py:1855: RuntimeWarning: overflow encountered in scalar multiply
  mama[i] = al * src[i] + (1 - al) * mama[i - 1]
/Users/jackcuster/Documents/fx-data/code/l2lib.py:1856: RuntimeWarning: invalid value encountered in scalar add
  fama[i] = .5 * al * mama[i] + (1 - .5 * al) * fama[i - 1]
/Users/jackcuster/Documents/fx-data/code/l2lib.py:1856: RuntimeWarning: overflow encountered in scalar add
  fama[i] = .5 * al * mama[i] + (1 - .5 * al) * fama[i - 1]
  [C trend] chunk    48    25 combos  4777.8 s  hit 92.3%  crossed  10  |  1,447/554,422 done, 12.7 engine-h spent, ~4835 engine-h left
/Users/jackcuster/Documents/fx-data/code/l2lib.py:1884: RuntimeWarning: overflow encountered in scalar multiply
  st = fr if not np.isfinite(st) else index_smooth * fr + (1 - index_smooth) * st
/Users/jackcuster/Documents/fx-data/code/l2lib.py:1881: RuntimeWarning: overflow encountered in scalar multiply
  sm = r if not np.isfinite(sm) else price_smooth * r + (1 - price_smooth) * sm
/Users/jackcuster/Documents/fx-data/code/l2lib.py:1856: RuntimeWarning: overflow encountered in scalar multiply
  fama[i] = .5 * al * mama[i] + (1 - .5 * al) * fama[i - 1]
/Users/jackcuster/Documents/fx-data/code/l2lib.py:1855: RuntimeWarning: overflow encountered in scalar multiply
  mama[i] = al * src[i] + (1 - al) * mama[i - 1]
/Users/jackcuster/Documents/fx-data/code/l2lib.py:1856: RuntimeWarning: invalid value encountered in scalar add
  fama[i] = .5 * al * mama[i] + (1 - .5 * al) * fama[i - 1]
/Users/jackcuster/Documents/fx-data/code/l2lib.py:1856: RuntimeWarning: overflow encountered in scalar add
  fama[i] = .5 * al * mama[i] + (1 - .5 * al) * fama[i - 1]
/Users/jackcuster/Documents/fx-data/code/l2lib.py:1856: RuntimeWarning: overflow encountered in scalar multiply
  fama[i] = .5 * al * mama[i] + (1 - .5 * al) * fama[i - 1]
/Users/jackcuster/Documents/fx-data/code/l2lib.py:1855: RuntimeWarning: overflow encountered in scalar multiply
  mama[i] = al * src[i] + (1 - al) * mama[i - 1]
/Users/jackcuster/Documents/fx-data/code/l2lib.py:1856: RuntimeWarning: invalid value encountered in scalar add
  fama[i] = .5 * al * mama[i] + (1 - .5 * al) * fama[i - 1]
/Users/jackcuster/Documents/fx-data/code/l2lib.py:1856: RuntimeWarning: overflow encountered in scalar add
  fama[i] = .5 * al * mama[i] + (1 - .5 * al) * fama[i - 1]
/Users/jackcuster/Documents/fx-data/code/l2lib.py:1884: RuntimeWarning: overflow encountered in scalar multiply
  st = fr if not np.isfinite(st) else index_smooth * fr + (1 - index_smooth) * st
/Users/jackcuster/Documents/fx-data/code/l2lib.py:1881: RuntimeWarning: overflow encountered in scalar multiply
  sm = r if not np.isfinite(sm) else price_smooth * r + (1 - price_smooth) * sm
  [C trend] chunk    47    25 combos  6163.6 s  hit 92.1%  crossed   4  |  1,472/554,422 done, 14.4 engine-h spent, ~5396 engine-h left
  [C trend] chunk    49    25 combos  5604.2 s  hit 91.6%  crossed  12  |  1,497/554,422 done, 15.9 engine-h spent, ~5880 engine-h left
  [C trend] chunk    51    25 combos  5530.9 s  hit 91.4%  crossed   5  |  1,522/554,422 done, 17.5 engine-h spent, ~6342 engine-h left
  [C trend] chunk    52    25 combos  5543.1 s  hit 91.7%  crossed   3  |  1,547/554,422 done, 19.0 engine-h spent, ~6789 engine-h left
  [C trend] chunk    50    25 combos  7562.0 s  hit 91.3%  crossed   2  |  1,572/554,422 done, 21.1 engine-h spent, ~7420 engine-h left
/Users/jackcuster/Documents/fx-data/code/l2lib.py:1884: RuntimeWarning: overflow encountered in scalar multiply
  st = fr if not np.isfinite(st) else index_smooth * fr + (1 - index_smooth) * st
/Users/jackcuster/Documents/fx-data/code/l2lib.py:1881: RuntimeWarning: overflow encountered in scalar multiply
  sm = r if not np.isfinite(sm) else price_smooth * r + (1 - price_smooth) * sm
/Users/jackcuster/Documents/fx-data/code/l2lib.py:1884: RuntimeWarning: overflow encountered in scalar multiply
  st = fr if not np.isfinite(st) else index_smooth * fr + (1 - index_smooth) * st
/Users/jackcuster/Documents/fx-data/code/l2lib.py:1881: RuntimeWarning: overflow encountered in scalar multiply
  sm = r if not np.isfinite(sm) else price_smooth * r + (1 - price_smooth) * sm
/Users/jackcuster/Documents/fx-data/code/l2lib.py:1856: RuntimeWarning: overflow encountered in scalar multiply
  fama[i] = .5 * al * mama[i] + (1 - .5 * al) * fama[i - 1]
/Users/jackcuster/Documents/fx-data/code/l2lib.py:1855: RuntimeWarning: overflow encountered in scalar multiply
  mama[i] = al * src[i] + (1 - al) * mama[i - 1]
/Users/jackcuster/Documents/fx-data/code/l2lib.py:1856: RuntimeWarning: invalid value encountered in scalar add
  fama[i] = .5 * al * mama[i] + (1 - .5 * al) * fama[i - 1]
/Users/jackcuster/Documents/fx-data/code/l2lib.py:1856: RuntimeWarning: overflow encountered in scalar add
  fama[i] = .5 * al * mama[i] + (1 - .5 * al) * fama[i - 1]
/Users/jackcuster/Documents/fx-data/code/l2lib.py:1856: RuntimeWarning: overflow encountered in scalar multiply
  fama[i] = .5 * al * mama[i] + (1 - .5 * al) * fama[i - 1]
/Users/jackcuster/Documents/fx-data/code/l2lib.py:1855: RuntimeWarning: overflow encountered in scalar multiply
  mama[i] = al * src[i] + (1 - al) * mama[i - 1]
/Users/jackcuster/Documents/fx-data/code/l2lib.py:1856: RuntimeWarning: invalid value encountered in scalar add
  fama[i] = .5 * al * mama[i] + (1 - .5 * al) * fama[i - 1]
/Users/jackcuster/Documents/fx-data/code/l2lib.py:1856: RuntimeWarning: overflow encountered in scalar add
  fama[i] = .5 * al * mama[i] + (1 - .5 * al) * fama[i - 1]
  [C trend] chunk    53    25 combos  5487.3 s  hit 91.7%  crossed   3  |  1,597/554,422 done, 22.6 engine-h spent, ~7831 engine-h left
/Users/jackcuster/Documents/fx-data/code/l2lib.py:1884: RuntimeWarning: overflow encountered in scalar multiply
  st = fr if not np.isfinite(st) else index_smooth * fr + (1 - index_smooth) * st
/Users/jackcuster/Documents/fx-data/code/l2lib.py:1881: RuntimeWarning: overflow encountered in scalar multiply
  sm = r if not np.isfinite(sm) else price_smooth * r + (1 - price_smooth) * sm
/Users/jackcuster/Documents/fx-data/code/l2lib.py:1856: RuntimeWarning: overflow encountered in scalar multiply
  fama[i] = .5 * al * mama[i] + (1 - .5 * al) * fama[i - 1]
/Users/jackcuster/Documents/fx-data/code/l2lib.py:1855: RuntimeWarning: overflow encountered in scalar multiply
  mama[i] = al * src[i] + (1 - al) * mama[i - 1]
/Users/jackcuster/Documents/fx-data/code/l2lib.py:1856: RuntimeWarning: invalid value encountered in scalar add
  fama[i] = .5 * al * mama[i] + (1 - .5 * al) * fama[i - 1]
/Users/jackcuster/Documents/fx-data/code/l2lib.py:1856: RuntimeWarning: overflow encountered in scalar add
  fama[i] = .5 * al * mama[i] + (1 - .5 * al) * fama[i - 1]
/Users/jackcuster/Documents/fx-data/code/l2lib.py:1884: RuntimeWarning: overflow encountered in scalar multiply
  st = fr if not np.isfinite(st) else index_smooth * fr + (1 - index_smooth) * st
/Users/jackcuster/Documents/fx-data/code/l2lib.py:1881: RuntimeWarning: overflow encountered in scalar multiply
  sm = r if not np.isfinite(sm) else price_smooth * r + (1 - price_smooth) * sm
  [C trend] chunk    54    25 combos  5542.9 s  hit 91.7%  crossed   1  |  1,622/554,422 done, 24.2 engine-h spent, ~8235 engine-h left
  [C trend] chunk    55    25 combos  5522.7 s  hit 91.9%  crossed   8  |  1,647/554,422 done, 25.7 engine-h spent, ~8624 engine-h left
/Users/jackcuster/Documents/fx-data/code/l2lib.py:1856: RuntimeWarning: overflow encountered in scalar multiply
  fama[i] = .5 * al * mama[i] + (1 - .5 * al) * fama[i - 1]
/Users/jackcuster/Documents/fx-data/code/l2lib.py:1855: RuntimeWarning: overflow encountered in scalar multiply
  mama[i] = al * src[i] + (1 - al) * mama[i - 1]
/Users/jackcuster/Documents/fx-data/code/l2lib.py:1856: RuntimeWarning: invalid value encountered in scalar add
  fama[i] = .5 * al * mama[i] + (1 - .5 * al) * fama[i - 1]
/Users/jackcuster/Documents/fx-data/code/l2lib.py:1856: RuntimeWarning: overflow encountered in scalar add
  fama[i] = .5 * al * mama[i] + (1 - .5 * al) * fama[i - 1]
/Users/jackcuster/Documents/fx-data/code/l2lib.py:1856: RuntimeWarning: overflow encountered in scalar multiply
  fama[i] = .5 * al * mama[i] + (1 - .5 * al) * fama[i - 1]
/Users/jackcuster/Documents/fx-data/code/l2lib.py:1855: RuntimeWarning: overflow encountered in scalar multiply
  mama[i] = al * src[i] + (1 - al) * mama[i - 1]
/Users/jackcuster/Documents/fx-data/code/l2lib.py:1856: RuntimeWarning: invalid value encountered in scalar add
  fama[i] = .5 * al * mama[i] + (1 - .5 * al) * fama[i - 1]
/Users/jackcuster/Documents/fx-data/code/l2lib.py:1856: RuntimeWarning: overflow encountered in scalar add
  fama[i] = .5 * al * mama[i] + (1 - .5 * al) * fama[i - 1]
/Users/jackcuster/Documents/fx-data/code/l2lib.py:1884: RuntimeWarning: overflow encountered in scalar multiply
  st = fr if not np.isfinite(st) else index_smooth * fr + (1 - index_smooth) * st
/Users/jackcuster/Documents/fx-data/code/l2lib.py:1881: RuntimeWarning: overflow encountered in scalar multiply
  sm = r if not np.isfinite(sm) else price_smooth * r + (1 - price_smooth) * sm
/Users/jackcuster/Documents/fx-data/code/l2lib.py:1856: RuntimeWarning: overflow encountered in scalar multiply
  fama[i] = .5 * al * mama[i] + (1 - .5 * al) * fama[i - 1]
/Users/jackcuster/Documents/fx-data/code/l2lib.py:1855: RuntimeWarning: overflow encountered in scalar multiply
  mama[i] = al * src[i] + (1 - al) * mama[i - 1]
/Users/jackcuster/Documents/fx-data/code/l2lib.py:1856: RuntimeWarning: invalid value encountered in scalar add
  fama[i] = .5 * al * mama[i] + (1 - .5 * al) * fama[i - 1]
/Users/jackcuster/Documents/fx-data/code/l2lib.py:1856: RuntimeWarning: overflow encountered in scalar add
  fama[i] = .5 * al * mama[i] + (1 - .5 * al) * fama[i - 1]
  [C trend] chunk    57    25 combos  5587.6 s  hit 91.7%  crossed   2  |  1,672/554,422 done, 27.2 engine-h spent, ~9008 engine-h left
/Users/jackcuster/Documents/fx-data/code/l2lib.py:1884: RuntimeWarning: overflow encountered in scalar multiply
  st = fr if not np.isfinite(st) else index_smooth * fr + (1 - index_smooth) * st
/Users/jackcuster/Documents/fx-data/code/l2lib.py:1881: RuntimeWarning: overflow encountered in scalar multiply
  sm = r if not np.isfinite(sm) else price_smooth * r + (1 - price_smooth) * sm
  [C trend] chunk    56    25 combos  6463.0 s  hit 91.5%  crossed   2  |  1,697/554,422 done, 29.0 engine-h spent, ~9460 engine-h left
/Users/jackcuster/Documents/fx-data/code/l2pine.py:164: RuntimeWarning: invalid value encountered in divide
  return (W * w).sum(axis=1) / w.sum()
  [C trend] chunk    60    25 combos  2195.9 s  hit 93.4%  crossed   1  |  1,722/554,422 done, 29.6 engine-h spent, ~9518 engine-h left
  [C trend] chunk    61    25 combos  2080.0 s  hit 93.4%  crossed   0  |  1,747/554,422 done, 30.2 engine-h spent, ~9564 engine-h left
  [C trend] chunk    58    25 combos  5530.3 s  hit 91.7%  crossed   5  |  1,772/554,422 done, 31.8 engine-h spent, ~9908 engine-h left
/Users/jackcuster/Documents/fx-data/code/l2lib.py:1856: RuntimeWarning: overflow encountered in scalar multiply
  fama[i] = .5 * al * mama[i] + (1 - .5 * al) * fama[i - 1]
/Users/jackcuster/Documents/fx-data/code/l2lib.py:1855: RuntimeWarning: overflow encountered in scalar multiply
  mama[i] = al * src[i] + (1 - al) * mama[i - 1]
/Users/jackcuster/Documents/fx-data/code/l2lib.py:1856: RuntimeWarning: invalid value encountered in scalar add
  fama[i] = .5 * al * mama[i] + (1 - .5 * al) * fama[i - 1]
/Users/jackcuster/Documents/fx-data/code/l2lib.py:1856: RuntimeWarning: overflow encountered in scalar add
  fama[i] = .5 * al * mama[i] + (1 - .5 * al) * fama[i - 1]
  [C trend] chunk    59    25 combos  4289.5 s  hit 92.3%  crossed   6  |  1,797/554,422 done, 33.0 engine-h spent, ~10136 engine-h left
/Users/jackcuster/Documents/fx-data/code/l2lib.py:1884: RuntimeWarning: overflow encountered in scalar multiply
  st = fr if not np.isfinite(st) else index_smooth * fr + (1 - index_smooth) * st
/Users/jackcuster/Documents/fx-data/code/l2lib.py:1881: RuntimeWarning: overflow encountered in scalar multiply
  sm = r if not np.isfinite(sm) else price_smooth * r + (1 - price_smooth) * sm
/Users/jackcuster/Documents/fx-data/code/l2lib.py:1856: RuntimeWarning: overflow encountered in scalar multiply
  fama[i] = .5 * al * mama[i] + (1 - .5 * al) * fama[i - 1]
/Users/jackcuster/Documents/fx-data/code/l2lib.py:1855: RuntimeWarning: overflow encountered in scalar multiply
  mama[i] = al * src[i] + (1 - al) * mama[i - 1]
/Users/jackcuster/Documents/fx-data/code/l2lib.py:1856: RuntimeWarning: invalid value encountered in scalar add
  fama[i] = .5 * al * mama[i] + (1 - .5 * al) * fama[i - 1]
/Users/jackcuster/Documents/fx-data/code/l2lib.py:1856: RuntimeWarning: overflow encountered in scalar add
  fama[i] = .5 * al * mama[i] + (1 - .5 * al) * fama[i - 1]
/Users/jackcuster/Documents/fx-data/code/l2lib.py:1884: RuntimeWarning: overflow encountered in scalar multiply
  st = fr if not np.isfinite(st) else index_smooth * fr + (1 - index_smooth) * st
/Users/jackcuster/Documents/fx-data/code/l2lib.py:1881: RuntimeWarning: overflow encountered in scalar multiply
  sm = r if not np.isfinite(sm) else price_smooth * r + (1 - price_smooth) * sm
/Users/jackcuster/Documents/fx-data/code/l2lib.py:1884: RuntimeWarning: overflow encountered in scalar multiply
  st = fr if not np.isfinite(st) else index_smooth * fr + (1 - index_smooth) * st
/Users/jackcuster/Documents/fx-data/code/l2lib.py:1881: RuntimeWarning: overflow encountered in scalar multiply
  sm = r if not np.isfinite(sm) else price_smooth * r + (1 - price_smooth) * sm
/Users/jackcuster/Documents/fx-data/code/l2lib.py:1856: RuntimeWarning: overflow encountered in scalar multiply
  fama[i] = .5 * al * mama[i] + (1 - .5 * al) * fama[i - 1]
/Users/jackcuster/Documents/fx-data/code/l2lib.py:1855: RuntimeWarning: overflow encountered in scalar multiply
  mama[i] = al * src[i] + (1 - al) * mama[i - 1]
/Users/jackcuster/Documents/fx-data/code/l2lib.py:1856: RuntimeWarning: invalid value encountered in scalar add
  fama[i] = .5 * al * mama[i] + (1 - .5 * al) * fama[i - 1]
/Users/jackcuster/Documents/fx-data/code/l2lib.py:1856: RuntimeWarning: overflow encountered in scalar add
  fama[i] = .5 * al * mama[i] + (1 - .5 * al) * fama[i - 1]
/Users/jackcuster/Documents/fx-data/code/l2lib.py:1856: RuntimeWarning: overflow encountered in scalar multiply
  fama[i] = .5 * al * mama[i] + (1 - .5 * al) * fama[i - 1]
/Users/jackcuster/Documents/fx-data/code/l2lib.py:1855: RuntimeWarning: overflow encountered in scalar multiply
  mama[i] = al * src[i] + (1 - al) * mama[i - 1]
/Users/jackcuster/Documents/fx-data/code/l2lib.py:1856: RuntimeWarning: invalid value encountered in scalar add
  fama[i] = .5 * al * mama[i] + (1 - .5 * al) * fama[i - 1]
/Users/jackcuster/Documents/fx-data/code/l2lib.py:1856: RuntimeWarning: overflow encountered in scalar add
  fama[i] = .5 * al * mama[i] + (1 - .5 * al) * fama[i - 1]
  [C trend] chunk    62    25 combos  4820.8 s  hit 92.3%  crossed   2  |  1,822/554,422 done, 34.3 engine-h spent, ~10402 engine-h left
/Users/jackcuster/Documents/fx-data/code/l2lib.py:1884: RuntimeWarning: overflow encountered in scalar multiply
  st = fr if not np.isfinite(st) else index_smooth * fr + (1 - index_smooth) * st
/Users/jackcuster/Documents/fx-data/code/l2lib.py:1881: RuntimeWarning: overflow encountered in scalar multiply
  sm = r if not np.isfinite(sm) else price_smooth * r + (1 - price_smooth) * sm
/Users/jackcuster/Documents/fx-data/code/l2lib.py:1884: RuntimeWarning: overflow encountered in scalar multiply
  st = fr if not np.isfinite(st) else index_smooth * fr + (1 - index_smooth) * st
/Users/jackcuster/Documents/fx-data/code/l2lib.py:1881: RuntimeWarning: overflow encountered in scalar multiply
  sm = r if not np.isfinite(sm) else price_smooth * r + (1 - price_smooth) * sm
  [C trend] chunk    63    25 combos  10267.0 s  hit 92.1%  crossed   1  |  1,847/554,422 done, 37.1 engine-h spent, ~11114 engine-h left
/Users/jackcuster/Documents/fx-data/code/l2lib.py:1856: RuntimeWarning: overflow encountered in scalar multiply
  fama[i] = .5 * al * mama[i] + (1 - .5 * al) * fama[i - 1]
/Users/jackcuster/Documents/fx-data/code/l2lib.py:1855: RuntimeWarning: overflow encountered in scalar multiply
  mama[i] = al * src[i] + (1 - al) * mama[i - 1]
/Users/jackcuster/Documents/fx-data/code/l2lib.py:1856: RuntimeWarning: invalid value encountered in scalar add
  fama[i] = .5 * al * mama[i] + (1 - .5 * al) * fama[i - 1]
/Users/jackcuster/Documents/fx-data/code/l2lib.py:1856: RuntimeWarning: overflow encountered in scalar add
  fama[i] = .5 * al * mama[i] + (1 - .5 * al) * fama[i - 1]
  [C trend] chunk    64    25 combos  10414.8 s  hit 92.2%  crossed   1  |  1,872/554,422 done, 40.0 engine-h spent, ~11819 engine-h left
  [C trend] chunk    66    25 combos  10458.5 s  hit 92.0%  crossed  10  |  1,897/554,422 done, 43.0 engine-h spent, ~12509 engine-h left
  [C trend] chunk    65    25 combos  10600.1 s  hit 92.0%  crossed   3  |  1,922/554,422 done, 45.9 engine-h spent, ~13192 engine-h left
  [C trend] chunk    67    25 combos  10316.5 s  hit 92.1%  crossed   6  |  1,947/554,422 done, 48.8 engine-h spent, ~13835 engine-h left
/Users/jackcuster/Documents/fx-data/code/l2lib.py:1884: RuntimeWarning: overflow encountered in scalar multiply
  st = fr if not np.isfinite(st) else index_smooth * fr + (1 - index_smooth) * st
/Users/jackcuster/Documents/fx-data/code/l2lib.py:1881: RuntimeWarning: overflow encountered in scalar multiply
  sm = r if not np.isfinite(sm) else price_smooth * r + (1 - price_smooth) * sm
/Users/jackcuster/Documents/fx-data/code/l2lib.py:1856: RuntimeWarning: overflow encountered in scalar multiply
  fama[i] = .5 * al * mama[i] + (1 - .5 * al) * fama[i - 1]
/Users/jackcuster/Documents/fx-data/code/l2lib.py:1855: RuntimeWarning: overflow encountered in scalar multiply
  mama[i] = al * src[i] + (1 - al) * mama[i - 1]
/Users/jackcuster/Documents/fx-data/code/l2lib.py:1856: RuntimeWarning: invalid value encountered in scalar add
  fama[i] = .5 * al * mama[i] + (1 - .5 * al) * fama[i - 1]
/Users/jackcuster/Documents/fx-data/code/l2lib.py:1856: RuntimeWarning: overflow encountered in scalar add
  fama[i] = .5 * al * mama[i] + (1 - .5 * al) * fama[i - 1]
/Users/jackcuster/Documents/fx-data/code/l2lib.py:1884: RuntimeWarning: overflow encountered in scalar multiply
  st = fr if not np.isfinite(st) else index_smooth * fr + (1 - index_smooth) * st
/Users/jackcuster/Documents/fx-data/code/l2lib.py:1881: RuntimeWarning: overflow encountered in scalar multiply
  sm = r if not np.isfinite(sm) else price_smooth * r + (1 - price_smooth) * sm
/Users/jackcuster/Documents/fx-data/code/l2lib.py:1884: RuntimeWarning: overflow encountered in scalar multiply
  st = fr if not np.isfinite(st) else index_smooth * fr + (1 - index_smooth) * st
/Users/jackcuster/Documents/fx-data/code/l2lib.py:1881: RuntimeWarning: overflow encountered in scalar multiply
  sm = r if not np.isfinite(sm) else price_smooth * r + (1 - price_smooth) * sm
/Users/jackcuster/Documents/fx-data/code/l2lib.py:1856: RuntimeWarning: overflow encountered in scalar multiply
  fama[i] = .5 * al * mama[i] + (1 - .5 * al) * fama[i - 1]
/Users/jackcuster/Documents/fx-data/code/l2lib.py:1855: RuntimeWarning: overflow encountered in scalar multiply
  mama[i] = al * src[i] + (1 - al) * mama[i - 1]
/Users/jackcuster/Documents/fx-data/code/l2lib.py:1856: RuntimeWarning: invalid value encountered in scalar add
  fama[i] = .5 * al * mama[i] + (1 - .5 * al) * fama[i - 1]
/Users/jackcuster/Documents/fx-data/code/l2lib.py:1856: RuntimeWarning: overflow encountered in scalar add
  fama[i] = .5 * al * mama[i] + (1 - .5 * al) * fama[i - 1]
/Users/jackcuster/Documents/fx-data/code/l2lib.py:1856: RuntimeWarning: overflow encountered in scalar multiply
  fama[i] = .5 * al * mama[i] + (1 - .5 * al) * fama[i - 1]
/Users/jackcuster/Documents/fx-data/code/l2lib.py:1855: RuntimeWarning: overflow encountered in scalar multiply
  mama[i] = al * src[i] + (1 - al) * mama[i - 1]
/Users/jackcuster/Documents/fx-data/code/l2lib.py:1856: RuntimeWarning: invalid value encountered in scalar add
  fama[i] = .5 * al * mama[i] + (1 - .5 * al) * fama[i - 1]
/Users/jackcuster/Documents/fx-data/code/l2lib.py:1856: RuntimeWarning: overflow encountered in scalar add
  fama[i] = .5 * al * mama[i] + (1 - .5 * al) * fama[i - 1]
  [C trend] chunk    68    25 combos  8890.9 s  hit 92.4%  crossed   5  |  1,972/554,422 done, 51.2 engine-h spent, ~14351 engine-h left
/Users/jackcuster/Documents/fx-data/code/l2lib.py:1884: RuntimeWarning: overflow encountered in scalar multiply
  st = fr if not np.isfinite(st) else index_smooth * fr + (1 - index_smooth) * st
/Users/jackcuster/Documents/fx-data/code/l2lib.py:1881: RuntimeWarning: overflow encountered in scalar multiply
  sm = r if not np.isfinite(sm) else price_smooth * r + (1 - price_smooth) * sm
/Users/jackcuster/Documents/fx-data/code/l2lib.py:1856: RuntimeWarning: overflow encountered in scalar multiply
  fama[i] = .5 * al * mama[i] + (1 - .5 * al) * fama[i - 1]
/Users/jackcuster/Documents/fx-data/code/l2lib.py:1855: RuntimeWarning: overflow encountered in scalar multiply
  mama[i] = al * src[i] + (1 - al) * mama[i - 1]
/Users/jackcuster/Documents/fx-data/code/l2lib.py:1856: RuntimeWarning: invalid value encountered in scalar add
  fama[i] = .5 * al * mama[i] + (1 - .5 * al) * fama[i - 1]
/Users/jackcuster/Documents/fx-data/code/l2lib.py:1856: RuntimeWarning: overflow encountered in scalar add
  fama[i] = .5 * al * mama[i] + (1 - .5 * al) * fama[i - 1]
/Users/jackcuster/Documents/fx-data/code/l2lib.py:1856: RuntimeWarning: overflow encountered in scalar multiply
  fama[i] = .5 * al * mama[i] + (1 - .5 * al) * fama[i - 1]
/Users/jackcuster/Documents/fx-data/code/l2lib.py:1855: RuntimeWarning: overflow encountered in scalar multiply
  mama[i] = al * src[i] + (1 - al) * mama[i - 1]
/Users/jackcuster/Documents/fx-data/code/l2lib.py:1856: RuntimeWarning: invalid value encountered in scalar add
  fama[i] = .5 * al * mama[i] + (1 - .5 * al) * fama[i - 1]
/Users/jackcuster/Documents/fx-data/code/l2lib.py:1856: RuntimeWarning: overflow encountered in scalar add
  fama[i] = .5 * al * mama[i] + (1 - .5 * al) * fama[i - 1]
  [C trend] chunk    69    25 combos  26944.0 s  hit 92.0%  crossed   3  |  1,997/554,422 done, 58.7 engine-h spent, ~16241 engine-h left
/Users/jackcuster/Documents/fx-data/code/l2lib.py:1884: RuntimeWarning: overflow encountered in scalar multiply
  st = fr if not np.isfinite(st) else index_smooth * fr + (1 - index_smooth) * st
/Users/jackcuster/Documents/fx-data/code/l2lib.py:1881: RuntimeWarning: overflow encountered in scalar multiply
  sm = r if not np.isfinite(sm) else price_smooth * r + (1 - price_smooth) * sm
  [C trend] chunk    71    25 combos  26396.4 s  hit 91.8%  crossed   1  |  2,022/554,422 done, 66.0 engine-h spent, ~18043 engine-h left
  [C trend] chunk    73    25 combos  26337.8 s  hit 92.2%  crossed   2  |  2,047/554,422 done, 73.4 engine-h spent, ~19796 engine-h left
  [C trend] chunk    72    25 combos  26767.8 s  hit 92.1%  crossed   2  |  2,072/554,422 done, 80.8 engine-h spent, ~21538 engine-h left
  [C trend] chunk    70    25 combos  27373.1 s  hit 91.6%  crossed   2  |  2,097/554,422 done, 88.4 engine-h spent, ~23283 engine-h left
/Users/jackcuster/Documents/fx-data/code/l2lib.py:1884: RuntimeWarning: overflow encountered in scalar multiply
  st = fr if not np.isfinite(st) else index_smooth * fr + (1 - index_smooth) * st
/Users/jackcuster/Documents/fx-data/code/l2lib.py:1881: RuntimeWarning: overflow encountered in scalar multiply
  sm = r if not np.isfinite(sm) else price_smooth * r + (1 - price_smooth) * sm
  [C trend] chunk    74    25 combos  27507.8 s  hit 92.1%  crossed   3  |  2,122/554,422 done, 96.0 engine-h spent, ~24997 engine-h left
/Users/jackcuster/Documents/fx-data/code/l2lib.py:1856: RuntimeWarning: overflow encountered in scalar multiply
  fama[i] = .5 * al * mama[i] + (1 - .5 * al) * fama[i - 1]
/Users/jackcuster/Documents/fx-data/code/l2lib.py:1855: RuntimeWarning: overflow encountered in scalar multiply
  mama[i] = al * src[i] + (1 - al) * mama[i - 1]
/Users/jackcuster/Documents/fx-data/code/l2lib.py:1856: RuntimeWarning: invalid value encountered in scalar add
  fama[i] = .5 * al * mama[i] + (1 - .5 * al) * fama[i - 1]
/Users/jackcuster/Documents/fx-data/code/l2lib.py:1856: RuntimeWarning: overflow encountered in scalar add
  fama[i] = .5 * al * mama[i] + (1 - .5 * al) * fama[i - 1]
/Users/jackcuster/Documents/fx-data/code/l2lib.py:1884: RuntimeWarning: overflow encountered in scalar multiply
  st = fr if not np.isfinite(st) else index_smooth * fr + (1 - index_smooth) * st
/Users/jackcuster/Documents/fx-data/code/l2lib.py:1881: RuntimeWarning: overflow encountered in scalar multiply
  sm = r if not np.isfinite(sm) else price_smooth * r + (1 - price_smooth) * sm
/Users/jackcuster/Documents/fx-data/code/l2lib.py:1884: RuntimeWarning: overflow encountered in scalar multiply
  st = fr if not np.isfinite(st) else index_smooth * fr + (1 - index_smooth) * st
/Users/jackcuster/Documents/fx-data/code/l2lib.py:1881: RuntimeWarning: overflow encountered in scalar multiply
  sm = r if not np.isfinite(sm) else price_smooth * r + (1 - price_smooth) * sm
/Users/jackcuster/Documents/fx-data/code/l2lib.py:1884: RuntimeWarning: overflow encountered in scalar multiply
  st = fr if not np.isfinite(st) else index_smooth * fr + (1 - index_smooth) * st
/Users/jackcuster/Documents/fx-data/code/l2lib.py:1881: RuntimeWarning: overflow encountered in scalar multiply
  sm = r if not np.isfinite(sm) else price_smooth * r + (1 - price_smooth) * sm
/Users/jackcuster/Documents/fx-data/code/l2lib.py:1856: RuntimeWarning: overflow encountered in scalar multiply
  fama[i] = .5 * al * mama[i] + (1 - .5 * al) * fama[i - 1]
/Users/jackcuster/Documents/fx-data/code/l2lib.py:1855: RuntimeWarning: overflow encountered in scalar multiply
  mama[i] = al * src[i] + (1 - al) * mama[i - 1]
/Users/jackcuster/Documents/fx-data/code/l2lib.py:1856: RuntimeWarning: invalid value encountered in scalar add
  fama[i] = .5 * al * mama[i] + (1 - .5 * al) * fama[i - 1]
/Users/jackcuster/Documents/fx-data/code/l2lib.py:1856: RuntimeWarning: overflow encountered in scalar add
  fama[i] = .5 * al * mama[i] + (1 - .5 * al) * fama[i - 1]
/Users/jackcuster/Documents/fx-data/code/l2lib.py:1856: RuntimeWarning: overflow encountered in scalar multiply
  fama[i] = .5 * al * mama[i] + (1 - .5 * al) * fama[i - 1]
/Users/jackcuster/Documents/fx-data/code/l2lib.py:1855: RuntimeWarning: overflow encountered in scalar multiply
  mama[i] = al * src[i] + (1 - al) * mama[i - 1]
/Users/jackcuster/Documents/fx-data/code/l2lib.py:1856: RuntimeWarning: invalid value encountered in scalar add
  fama[i] = .5 * al * mama[i] + (1 - .5 * al) * fama[i - 1]
/Users/jackcuster/Documents/fx-data/code/l2lib.py:1856: RuntimeWarning: overflow encountered in scalar add
  fama[i] = .5 * al * mama[i] + (1 - .5 * al) * fama[i - 1]
/Users/jackcuster/Documents/fx-data/code/l2lib.py:1856: RuntimeWarning: overflow encountered in scalar multiply
  fama[i] = .5 * al * mama[i] + (1 - .5 * al) * fama[i - 1]
/Users/jackcuster/Documents/fx-data/code/l2lib.py:1855: RuntimeWarning: overflow encountered in scalar multiply
  mama[i] = al * src[i] + (1 - al) * mama[i - 1]
/Users/jackcuster/Documents/fx-data/code/l2lib.py:1856: RuntimeWarning: invalid value encountered in scalar add
  fama[i] = .5 * al * mama[i] + (1 - .5 * al) * fama[i - 1]
/Users/jackcuster/Documents/fx-data/code/l2lib.py:1856: RuntimeWarning: overflow encountered in scalar add
  fama[i] = .5 * al * mama[i] + (1 - .5 * al) * fama[i - 1]
/Users/jackcuster/Documents/fx-data/code/l2lib.py:1856: RuntimeWarning: overflow encountered in scalar multiply
  fama[i] = .5 * al * mama[i] + (1 - .5 * al) * fama[i - 1]
/Users/jackcuster/Documents/fx-data/code/l2lib.py:1855: RuntimeWarning: overflow encountered in scalar multiply
  mama[i] = al * src[i] + (1 - al) * mama[i - 1]
/Users/jackcuster/Documents/fx-data/code/l2lib.py:1856: RuntimeWarning: invalid value encountered in scalar add
  fama[i] = .5 * al * mama[i] + (1 - .5 * al) * fama[i - 1]
/Users/jackcuster/Documents/fx-data/code/l2lib.py:1856: RuntimeWarning: overflow encountered in scalar add
  fama[i] = .5 * al * mama[i] + (1 - .5 * al) * fama[i - 1]
/Users/jackcuster/Documents/fx-data/code/l2lib.py:1884: RuntimeWarning: overflow encountered in scalar multiply
  st = fr if not np.isfinite(st) else index_smooth * fr + (1 - index_smooth) * st
/Users/jackcuster/Documents/fx-data/code/l2lib.py:1881: RuntimeWarning: overflow encountered in scalar multiply
  sm = r if not np.isfinite(sm) else price_smooth * r + (1 - price_smooth) * sm
  [C trend] chunk    75    25 combos  7537.4 s  hit 92.0%  crossed   2  |  2,147/554,422 done, 98.1 engine-h spent, ~25243 engine-h left
  [C trend] chunk    78    25 combos  6989.4 s  hit 92.2%  crossed   8  |  2,172/554,422 done, 100.1 engine-h spent, ~25445 engine-h left
  [C trend] chunk    79    25 combos  6863.9 s  hit 92.8%  crossed   1  |  2,197/554,422 done, 102.0 engine-h spent, ~25634 engine-h left
  [C trend] chunk    77    25 combos  7377.3 s  hit 92.0%  crossed   7  |  2,222/554,422 done, 104.0 engine-h spent, ~25853 engine-h left
/Users/jackcuster/Documents/fx-data/code/l2lib.py:1856: RuntimeWarning: overflow encountered in scalar multiply
  fama[i] = .5 * al * mama[i] + (1 - .5 * al) * fama[i - 1]
/Users/jackcuster/Documents/fx-data/code/l2lib.py:1855: RuntimeWarning: overflow encountered in scalar multiply
  mama[i] = al * src[i] + (1 - al) * mama[i - 1]
/Users/jackcuster/Documents/fx-data/code/l2lib.py:1856: RuntimeWarning: invalid value encountered in scalar add
  fama[i] = .5 * al * mama[i] + (1 - .5 * al) * fama[i - 1]
/Users/jackcuster/Documents/fx-data/code/l2lib.py:1856: RuntimeWarning: overflow encountered in scalar add
  fama[i] = .5 * al * mama[i] + (1 - .5 * al) * fama[i - 1]
  [C trend] chunk    76    25 combos  8277.9 s  hit 91.8%  crossed   1  |  2,247/554,422 done, 106.3 engine-h spent, ~26130 engine-h left
/Users/jackcuster/Documents/fx-data/code/l2lib.py:1884: RuntimeWarning: overflow encountered in scalar multiply
  st = fr if not np.isfinite(st) else index_smooth * fr + (1 - index_smooth) * st
/Users/jackcuster/Documents/fx-data/code/l2lib.py:1881: RuntimeWarning: overflow encountered in scalar multiply
  sm = r if not np.isfinite(sm) else price_smooth * r + (1 - price_smooth) * sm
  [C trend] chunk    80    25 combos  5797.7 s  hit 92.6%  crossed  19  |  2,272/554,422 done, 107.9 engine-h spent, ~26232 engine-h left
/Users/jackcuster/Documents/fx-data/code/l2lib.py:1856: RuntimeWarning: overflow encountered in scalar multiply
  fama[i] = .5 * al * mama[i] + (1 - .5 * al) * fama[i - 1]
/Users/jackcuster/Documents/fx-data/code/l2lib.py:1855: RuntimeWarning: overflow encountered in scalar multiply
  mama[i] = al * src[i] + (1 - al) * mama[i - 1]
/Users/jackcuster/Documents/fx-data/code/l2lib.py:1856: RuntimeWarning: invalid value encountered in scalar add
  fama[i] = .5 * al * mama[i] + (1 - .5 * al) * fama[i - 1]
/Users/jackcuster/Documents/fx-data/code/l2lib.py:1856: RuntimeWarning: overflow encountered in scalar add
  fama[i] = .5 * al * mama[i] + (1 - .5 * al) * fama[i - 1]
/Users/jackcuster/Documents/fx-data/code/l2lib.py:1884: RuntimeWarning: overflow encountered in scalar multiply
  st = fr if not np.isfinite(st) else index_smooth * fr + (1 - index_smooth) * st
/Users/jackcuster/Documents/fx-data/code/l2lib.py:1881: RuntimeWarning: overflow encountered in scalar multiply
  sm = r if not np.isfinite(sm) else price_smooth * r + (1 - price_smooth) * sm
/Users/jackcuster/Documents/fx-data/code/l2lib.py:1856: RuntimeWarning: overflow encountered in scalar multiply
  fama[i] = .5 * al * mama[i] + (1 - .5 * al) * fama[i - 1]
/Users/jackcuster/Documents/fx-data/code/l2lib.py:1855: RuntimeWarning: overflow encountered in scalar multiply
  mama[i] = al * src[i] + (1 - al) * mama[i - 1]
/Users/jackcuster/Documents/fx-data/code/l2lib.py:1856: RuntimeWarning: invalid value encountered in scalar add
  fama[i] = .5 * al * mama[i] + (1 - .5 * al) * fama[i - 1]
/Users/jackcuster/Documents/fx-data/code/l2lib.py:1856: RuntimeWarning: overflow encountered in scalar add
  fama[i] = .5 * al * mama[i] + (1 - .5 * al) * fama[i - 1]
/Users/jackcuster/Documents/fx-data/code/l2lib.py:1884: RuntimeWarning: overflow encountered in scalar multiply
  st = fr if not np.isfinite(st) else index_smooth * fr + (1 - index_smooth) * st
/Users/jackcuster/Documents/fx-data/code/l2lib.py:1881: RuntimeWarning: overflow encountered in scalar multiply
  sm = r if not np.isfinite(sm) else price_smooth * r + (1 - price_smooth) * sm
/Users/jackcuster/Documents/fx-data/code/l2lib.py:1856: RuntimeWarning: overflow encountered in scalar multiply
  fama[i] = .5 * al * mama[i] + (1 - .5 * al) * fama[i - 1]
/Users/jackcuster/Documents/fx-data/code/l2lib.py:1855: RuntimeWarning: overflow encountered in scalar multiply
  mama[i] = al * src[i] + (1 - al) * mama[i - 1]
/Users/jackcuster/Documents/fx-data/code/l2lib.py:1856: RuntimeWarning: invalid value encountered in scalar add
  fama[i] = .5 * al * mama[i] + (1 - .5 * al) * fama[i - 1]
/Users/jackcuster/Documents/fx-data/code/l2lib.py:1856: RuntimeWarning: overflow encountered in scalar add
  fama[i] = .5 * al * mama[i] + (1 - .5 * al) * fama[i - 1]
/Users/jackcuster/Documents/fx-data/code/l2lib.py:1884: RuntimeWarning: overflow encountered in scalar multiply
  st = fr if not np.isfinite(st) else index_smooth * fr + (1 - index_smooth) * st
/Users/jackcuster/Documents/fx-data/code/l2lib.py:1881: RuntimeWarning: overflow encountered in scalar multiply
  sm = r if not np.isfinite(sm) else price_smooth * r + (1 - price_smooth) * sm
/Users/jackcuster/Documents/fx-data/code/l2lib.py:1856: RuntimeWarning: overflow encountered in scalar multiply
  fama[i] = .5 * al * mama[i] + (1 - .5 * al) * fama[i - 1]
/Users/jackcuster/Documents/fx-data/code/l2lib.py:1855: RuntimeWarning: overflow encountered in scalar multiply
  mama[i] = al * src[i] + (1 - al) * mama[i - 1]
/Users/jackcuster/Documents/fx-data/code/l2lib.py:1856: RuntimeWarning: invalid value encountered in scalar add
  fama[i] = .5 * al * mama[i] + (1 - .5 * al) * fama[i - 1]
/Users/jackcuster/Documents/fx-data/code/l2lib.py:1856: RuntimeWarning: overflow encountered in scalar add
  fama[i] = .5 * al * mama[i] + (1 - .5 * al) * fama[i - 1]
/Users/jackcuster/Documents/fx-data/code/l2lib.py:1884: RuntimeWarning: overflow encountered in scalar multiply
  st = fr if not np.isfinite(st) else index_smooth * fr + (1 - index_smooth) * st
/Users/jackcuster/Documents/fx-data/code/l2lib.py:1881: RuntimeWarning: overflow encountered in scalar multiply
  sm = r if not np.isfinite(sm) else price_smooth * r + (1 - price_smooth) * sm
/Users/jackcuster/Documents/fx-data/code/l2lib.py:1856: RuntimeWarning: overflow encountered in scalar multiply
  fama[i] = .5 * al * mama[i] + (1 - .5 * al) * fama[i - 1]
/Users/jackcuster/Documents/fx-data/code/l2lib.py:1855: RuntimeWarning: overflow encountered in scalar multiply
  mama[i] = al * src[i] + (1 - al) * mama[i - 1]
/Users/jackcuster/Documents/fx-data/code/l2lib.py:1856: RuntimeWarning: invalid value encountered in scalar add
  fama[i] = .5 * al * mama[i] + (1 - .5 * al) * fama[i - 1]
/Users/jackcuster/Documents/fx-data/code/l2lib.py:1856: RuntimeWarning: overflow encountered in scalar add
  fama[i] = .5 * al * mama[i] + (1 - .5 * al) * fama[i - 1]
  [C trend] chunk    82    25 combos  90671.0 s  hit 92.3%  crossed   4  |  2,297/554,422 done, 133.1 engine-h spent, ~32000 engine-h left
  [C trend] chunk    84    25 combos  90402.0 s  hit 92.6%  crossed   2  |  2,322/554,422 done, 158.2 engine-h spent, ~37624 engine-h left
/Users/jackcuster/Documents/fx-data/code/l2lib.py:1856: RuntimeWarning: overflow encountered in scalar multiply
  fama[i] = .5 * al * mama[i] + (1 - .5 * al) * fama[i - 1]
/Users/jackcuster/Documents/fx-data/code/l2lib.py:1855: RuntimeWarning: overflow encountered in scalar multiply
  mama[i] = al * src[i] + (1 - al) * mama[i - 1]
/Users/jackcuster/Documents/fx-data/code/l2lib.py:1856: RuntimeWarning: invalid value encountered in scalar add
  fama[i] = .5 * al * mama[i] + (1 - .5 * al) * fama[i - 1]
/Users/jackcuster/Documents/fx-data/code/l2lib.py:1856: RuntimeWarning: overflow encountered in scalar add
  fama[i] = .5 * al * mama[i] + (1 - .5 * al) * fama[i - 1]
  [C trend] chunk    85    25 combos  90370.0 s  hit 92.4%  crossed   4  |  2,347/554,422 done, 183.3 engine-h spent, ~43127 engine-h left
  [C trend] chunk    83    25 combos  91145.1 s  hit 92.4%  crossed   5  |  2,372/554,422 done, 208.7 engine-h spent, ~48563 engine-h left
  [C trend] chunk    86    25 combos  89604.3 s  hit 92.7%  crossed   5  |  2,397/554,422 done, 233.6 engine-h spent, ~53786 engine-h left
/Users/jackcuster/Documents/fx-data/code/l2lib.py:1856: RuntimeWarning: overflow encountered in scalar multiply
  fama[i] = .5 * al * mama[i] + (1 - .5 * al) * fama[i - 1]
/Users/jackcuster/Documents/fx-data/code/l2lib.py:1855: RuntimeWarning: overflow encountered in scalar multiply
  mama[i] = al * src[i] + (1 - al) * mama[i - 1]
/Users/jackcuster/Documents/fx-data/code/l2lib.py:1856: RuntimeWarning: invalid value encountered in scalar add
  fama[i] = .5 * al * mama[i] + (1 - .5 * al) * fama[i - 1]
/Users/jackcuster/Documents/fx-data/code/l2lib.py:1856: RuntimeWarning: overflow encountered in scalar add
  fama[i] = .5 * al * mama[i] + (1 - .5 * al) * fama[i - 1]
  [C trend] chunk    81    25 combos  92330.8 s  hit 92.1%  crossed   2  |  2,422/554,422 done, 259.2 engine-h spent, ~59074 engine-h left
/Users/jackcuster/Documents/fx-data/code/l2lib.py:1884: RuntimeWarning: overflow encountered in scalar multiply
  st = fr if not np.isfinite(st) else index_smooth * fr + (1 - index_smooth) * st
/Users/jackcuster/Documents/fx-data/code/l2lib.py:1881: RuntimeWarning: overflow encountered in scalar multiply
  sm = r if not np.isfinite(sm) else price_smooth * r + (1 - price_smooth) * sm
/Users/jackcuster/Documents/fx-data/code/l2lib.py:1856: RuntimeWarning: overflow encountered in scalar multiply
  fama[i] = .5 * al * mama[i] + (1 - .5 * al) * fama[i - 1]
/Users/jackcuster/Documents/fx-data/code/l2lib.py:1855: RuntimeWarning: overflow encountered in scalar multiply
  mama[i] = al * src[i] + (1 - al) * mama[i - 1]
/Users/jackcuster/Documents/fx-data/code/l2lib.py:1856: RuntimeWarning: invalid value encountered in scalar add
  fama[i] = .5 * al * mama[i] + (1 - .5 * al) * fama[i - 1]
/Users/jackcuster/Documents/fx-data/code/l2lib.py:1856: RuntimeWarning: overflow encountered in scalar add
  fama[i] = .5 * al * mama[i] + (1 - .5 * al) * fama[i - 1]
  [C trend] chunk    89    25 combos  2174.2 s  hit 92.9%  crossed   6  |  2,447/554,422 done, 259.8 engine-h spent, ~58604 engine-h left
/Users/jackcuster/Documents/fx-data/code/l2lib.py:1856: RuntimeWarning: overflow encountered in scalar multiply
  fama[i] = .5 * al * mama[i] + (1 - .5 * al) * fama[i - 1]
/Users/jackcuster/Documents/fx-data/code/l2lib.py:1855: RuntimeWarning: overflow encountered in scalar multiply
  mama[i] = al * src[i] + (1 - al) * mama[i - 1]
/Users/jackcuster/Documents/fx-data/code/l2lib.py:1856: RuntimeWarning: invalid value encountered in scalar add
  fama[i] = .5 * al * mama[i] + (1 - .5 * al) * fama[i - 1]
/Users/jackcuster/Documents/fx-data/code/l2lib.py:1856: RuntimeWarning: overflow encountered in scalar add
  fama[i] = .5 * al * mama[i] + (1 - .5 * al) * fama[i - 1]
  [C trend] chunk    90    25 combos  2300.0 s  hit 92.5%  crossed   6  |  2,472/554,422 done, 260.4 engine-h spent, ~58151 engine-h left
/Users/jackcuster/Documents/fx-data/code/l2lib.py:1884: RuntimeWarning: overflow encountered in scalar multiply
  st = fr if not np.isfinite(st) else index_smooth * fr + (1 - index_smooth) * st
/Users/jackcuster/Documents/fx-data/code/l2lib.py:1881: RuntimeWarning: overflow encountered in scalar multiply
  sm = r if not np.isfinite(sm) else price_smooth * r + (1 - price_smooth) * sm
  [C trend] chunk    91    25 combos  2757.6 s  hit 92.3%  crossed   0  |  2,497/554,422 done, 261.2 engine-h spent, ~57736 engine-h left
/Users/jackcuster/Documents/fx-data/code/l2lib.py:1884: RuntimeWarning: overflow encountered in scalar multiply
  st = fr if not np.isfinite(st) else index_smooth * fr + (1 - index_smooth) * st
/Users/jackcuster/Documents/fx-data/code/l2lib.py:1881: RuntimeWarning: overflow encountered in scalar multiply
  sm = r if not np.isfinite(sm) else price_smooth * r + (1 - price_smooth) * sm
  [C trend] chunk    87    25 combos  3696.4 s  hit 93.3%  crossed   9  |  2,522/554,422 done, 262.2 engine-h spent, ~57386 engine-h left
  [C trend] chunk    92    25 combos  2160.6 s  hit 93.0%  crossed   1  |  2,547/554,422 done, 262.8 engine-h spent, ~56950 engine-h left
  [C trend] chunk    88    25 combos  5340.3 s  hit 92.4%  crossed   4  |  2,572/554,422 done, 264.3 engine-h spent, ~56712 engine-h left
/Users/jackcuster/Documents/fx-data/code/l2lib.py:1856: RuntimeWarning: overflow encountered in scalar multiply
  fama[i] = .5 * al * mama[i] + (1 - .5 * al) * fama[i - 1]
/Users/jackcuster/Documents/fx-data/code/l2lib.py:1855: RuntimeWarning: overflow encountered in scalar multiply
  mama[i] = al * src[i] + (1 - al) * mama[i - 1]
/Users/jackcuster/Documents/fx-data/code/l2lib.py:1856: RuntimeWarning: invalid value encountered in scalar add
  fama[i] = .5 * al * mama[i] + (1 - .5 * al) * fama[i - 1]
/Users/jackcuster/Documents/fx-data/code/l2lib.py:1856: RuntimeWarning: overflow encountered in scalar add
  fama[i] = .5 * al * mama[i] + (1 - .5 * al) * fama[i - 1]
  [C trend] chunk    93    25 combos  3533.8 s  hit 92.4%  crossed   0  |  2,597/554,422 done, 265.3 engine-h spent, ~56372 engine-h left
/Users/jackcuster/Documents/fx-data/code/l2lib.py:1884: RuntimeWarning: overflow encountered in scalar multiply
  st = fr if not np.isfinite(st) else index_smooth * fr + (1 - index_smooth) * st
/Users/jackcuster/Documents/fx-data/code/l2lib.py:1881: RuntimeWarning: overflow encountered in scalar multiply
  sm = r if not np.isfinite(sm) else price_smooth * r + (1 - price_smooth) * sm
/Users/jackcuster/Documents/fx-data/code/l2lib.py:1856: RuntimeWarning: overflow encountered in scalar multiply
  fama[i] = .5 * al * mama[i] + (1 - .5 * al) * fama[i - 1]
/Users/jackcuster/Documents/fx-data/code/l2lib.py:1855: RuntimeWarning: overflow encountered in scalar multiply
  mama[i] = al * src[i] + (1 - al) * mama[i - 1]
/Users/jackcuster/Documents/fx-data/code/l2lib.py:1856: RuntimeWarning: invalid value encountered in scalar add
  fama[i] = .5 * al * mama[i] + (1 - .5 * al) * fama[i - 1]
/Users/jackcuster/Documents/fx-data/code/l2lib.py:1856: RuntimeWarning: overflow encountered in scalar add
  fama[i] = .5 * al * mama[i] + (1 - .5 * al) * fama[i - 1]
  [C trend] chunk    95    25 combos  6034.7 s  hit 91.6%  crossed   1  |  2,622/554,422 done, 267.0 engine-h spent, ~56185 engine-h left
/Users/jackcuster/Documents/fx-data/code/l2lib.py:1884: RuntimeWarning: overflow encountered in scalar multiply
  st = fr if not np.isfinite(st) else index_smooth * fr + (1 - index_smooth) * st
/Users/jackcuster/Documents/fx-data/code/l2lib.py:1881: RuntimeWarning: overflow encountered in scalar multiply
  sm = r if not np.isfinite(sm) else price_smooth * r + (1 - price_smooth) * sm
  [C trend] chunk    96    25 combos  6401.4 s  hit 91.8%  crossed   2  |  2,647/554,422 done, 268.8 engine-h spent, ~56022 engine-h left
  [C trend] chunk    94    25 combos  8091.6 s  hit 91.1%  crossed   4  |  2,672/554,422 done, 271.0 engine-h spent, ~55960 engine-h left
/Users/jackcuster/Documents/fx-data/code/l2lib.py:1884: RuntimeWarning: overflow encountered in scalar multiply
  st = fr if not np.isfinite(st) else index_smooth * fr + (1 - index_smooth) * st
/Users/jackcuster/Documents/fx-data/code/l2lib.py:1881: RuntimeWarning: overflow encountered in scalar multiply
  sm = r if not np.isfinite(sm) else price_smooth * r + (1 - price_smooth) * sm
/Users/jackcuster/Documents/fx-data/code/l2lib.py:1856: RuntimeWarning: overflow encountered in scalar multiply
  fama[i] = .5 * al * mama[i] + (1 - .5 * al) * fama[i - 1]
/Users/jackcuster/Documents/fx-data/code/l2lib.py:1855: RuntimeWarning: overflow encountered in scalar multiply
  mama[i] = al * src[i] + (1 - al) * mama[i - 1]
/Users/jackcuster/Documents/fx-data/code/l2lib.py:1856: RuntimeWarning: invalid value encountered in scalar add
  fama[i] = .5 * al * mama[i] + (1 - .5 * al) * fama[i - 1]
/Users/jackcuster/Documents/fx-data/code/l2lib.py:1856: RuntimeWarning: overflow encountered in scalar add
  fama[i] = .5 * al * mama[i] + (1 - .5 * al) * fama[i - 1]
/Users/jackcuster/Documents/fx-data/code/l2lib.py:1856: RuntimeWarning: overflow encountered in scalar multiply
  fama[i] = .5 * al * mama[i] + (1 - .5 * al) * fama[i - 1]
/Users/jackcuster/Documents/fx-data/code/l2lib.py:1855: RuntimeWarning: overflow encountered in scalar multiply
  mama[i] = al * src[i] + (1 - al) * mama[i - 1]
/Users/jackcuster/Documents/fx-data/code/l2lib.py:1856: RuntimeWarning: invalid value encountered in scalar add
  fama[i] = .5 * al * mama[i] + (1 - .5 * al) * fama[i - 1]
/Users/jackcuster/Documents/fx-data/code/l2lib.py:1856: RuntimeWarning: overflow encountered in scalar add
  fama[i] = .5 * al * mama[i] + (1 - .5 * al) * fama[i - 1]
/Users/jackcuster/Documents/fx-data/code/l2lib.py:1856: RuntimeWarning: overflow encountered in scalar multiply
  fama[i] = .5 * al * mama[i] + (1 - .5 * al) * fama[i - 1]
/Users/jackcuster/Documents/fx-data/code/l2lib.py:1855: RuntimeWarning: overflow encountered in scalar multiply
  mama[i] = al * src[i] + (1 - al) * mama[i - 1]
/Users/jackcuster/Documents/fx-data/code/l2lib.py:1856: RuntimeWarning: invalid value encountered in scalar add
  fama[i] = .5 * al * mama[i] + (1 - .5 * al) * fama[i - 1]
/Users/jackcuster/Documents/fx-data/code/l2lib.py:1856: RuntimeWarning: overflow encountered in scalar add
  fama[i] = .5 * al * mama[i] + (1 - .5 * al) * fama[i - 1]
/Users/jackcuster/Documents/fx-data/code/l2lib.py:1856: RuntimeWarning: overflow encountered in scalar multiply
  fama[i] = .5 * al * mama[i] + (1 - .5 * al) * fama[i - 1]
/Users/jackcuster/Documents/fx-data/code/l2lib.py:1855: RuntimeWarning: overflow encountered in scalar multiply
  mama[i] = al * src[i] + (1 - al) * mama[i - 1]
/Users/jackcuster/Documents/fx-data/code/l2lib.py:1856: RuntimeWarning: invalid value encountered in scalar add
  fama[i] = .5 * al * mama[i] + (1 - .5 * al) * fama[i - 1]
/Users/jackcuster/Documents/fx-data/code/l2lib.py:1856: RuntimeWarning: overflow encountered in scalar add
  fama[i] = .5 * al * mama[i] + (1 - .5 * al) * fama[i - 1]
/Users/jackcuster/Documents/fx-data/code/l2lib.py:1884: RuntimeWarning: overflow encountered in scalar multiply
  st = fr if not np.isfinite(st) else index_smooth * fr + (1 - index_smooth) * st
/Users/jackcuster/Documents/fx-data/code/l2lib.py:1881: RuntimeWarning: overflow encountered in scalar multiply
  sm = r if not np.isfinite(sm) else price_smooth * r + (1 - price_smooth) * sm
/Users/jackcuster/Documents/fx-data/code/l2lib.py:1856: RuntimeWarning: overflow encountered in scalar multiply
  fama[i] = .5 * al * mama[i] + (1 - .5 * al) * fama[i - 1]
/Users/jackcuster/Documents/fx-data/code/l2lib.py:1855: RuntimeWarning: overflow encountered in scalar multiply
  mama[i] = al * src[i] + (1 - al) * mama[i - 1]
/Users/jackcuster/Documents/fx-data/code/l2lib.py:1856: RuntimeWarning: invalid value encountered in scalar add
  fama[i] = .5 * al * mama[i] + (1 - .5 * al) * fama[i - 1]
/Users/jackcuster/Documents/fx-data/code/l2lib.py:1856: RuntimeWarning: overflow encountered in scalar add
  fama[i] = .5 * al * mama[i] + (1 - .5 * al) * fama[i - 1]
  [C trend] chunk    97    25 combos  28393.3 s  hit 91.1%  crossed   3  |  2,697/554,422 done, 278.9 engine-h spent, ~57052 engine-h left
/Users/jackcuster/Documents/fx-data/code/l2lib.py:1884: RuntimeWarning: overflow encountered in scalar multiply
  st = fr if not np.isfinite(st) else index_smooth * fr + (1 - index_smooth) * st
/Users/jackcuster/Documents/fx-data/code/l2lib.py:1881: RuntimeWarning: overflow encountered in scalar multiply
  sm = r if not np.isfinite(sm) else price_smooth * r + (1 - price_smooth) * sm
  [C trend] chunk    98    25 combos  36563.3 s  hit 90.4%  crossed   6  |  2,722/554,422 done, 289.0 engine-h spent, ~58584 engine-h left
  [C trend] chunk    99    25 combos  37776.1 s  hit 90.1%  crossed   2  |  2,747/554,422 done, 299.5 engine-h spent, ~60156 engine-h left
  [C trend] chunk   100    25 combos  35848.6 s  hit 90.2%  crossed   1  |  2,772/554,422 done, 309.5 engine-h spent, ~61592 engine-h left
  [C trend] chunk   101    25 combos  35653.3 s  hit 90.5%  crossed   4  |  2,797/554,422 done, 319.4 engine-h spent, ~62992 engine-h left
  [C trend] chunk   102    25 combos  35714.6 s  hit 90.5%  crossed   3  |  2,822/554,422 done, 329.3 engine-h spent, ~64370 engine-h left
/Users/jackcuster/Documents/fx-data/code/l2pine.py:164: RuntimeWarning: invalid value encountered in divide
  return (W * w).sum(axis=1) / w.sum()
/Users/jackcuster/Documents/fx-data/code/l2pine.py:164: RuntimeWarning: invalid value encountered in divide
  return (W * w).sum(axis=1) / w.sum()
/Users/jackcuster/Documents/fx-data/code/l2lib.py:1884: RuntimeWarning: overflow encountered in scalar multiply
  st = fr if not np.isfinite(st) else index_smooth * fr + (1 - index_smooth) * st
/Users/jackcuster/Documents/fx-data/code/l2lib.py:1881: RuntimeWarning: overflow encountered in scalar multiply
  sm = r if not np.isfinite(sm) else price_smooth * r + (1 - price_smooth) * sm
/Users/jackcuster/Documents/fx-data/code/l2lib.py:1884: RuntimeWarning: overflow encountered in scalar multiply
  st = fr if not np.isfinite(st) else index_smooth * fr + (1 - index_smooth) * st
/Users/jackcuster/Documents/fx-data/code/l2lib.py:1881: RuntimeWarning: overflow encountered in scalar multiply
  sm = r if not np.isfinite(sm) else price_smooth * r + (1 - price_smooth) * sm
/Users/jackcuster/Documents/fx-data/code/l2lib.py:1856: RuntimeWarning: overflow encountered in scalar multiply
  fama[i] = .5 * al * mama[i] + (1 - .5 * al) * fama[i - 1]
/Users/jackcuster/Documents/fx-data/code/l2lib.py:1855: RuntimeWarning: overflow encountered in scalar multiply
  mama[i] = al * src[i] + (1 - al) * mama[i - 1]
/Users/jackcuster/Documents/fx-data/code/l2lib.py:1856: RuntimeWarning: invalid value encountered in scalar add
  fama[i] = .5 * al * mama[i] + (1 - .5 * al) * fama[i - 1]
/Users/jackcuster/Documents/fx-data/code/l2lib.py:1856: RuntimeWarning: overflow encountered in scalar add
  fama[i] = .5 * al * mama[i] + (1 - .5 * al) * fama[i - 1]
/Users/jackcuster/Documents/fx-data/code/l2lib.py:1856: RuntimeWarning: overflow encountered in scalar multiply
  fama[i] = .5 * al * mama[i] + (1 - .5 * al) * fama[i - 1]
/Users/jackcuster/Documents/fx-data/code/l2lib.py:1855: RuntimeWarning: overflow encountered in scalar multiply
  mama[i] = al * src[i] + (1 - al) * mama[i - 1]
/Users/jackcuster/Documents/fx-data/code/l2lib.py:1856: RuntimeWarning: invalid value encountered in scalar add
  fama[i] = .5 * al * mama[i] + (1 - .5 * al) * fama[i - 1]
/Users/jackcuster/Documents/fx-data/code/l2lib.py:1856: RuntimeWarning: overflow encountered in scalar add
  fama[i] = .5 * al * mama[i] + (1 - .5 * al) * fama[i - 1]
  [C trend] chunk   108    25 combos  9358.6 s  hit 91.9%  crossed   3  |  2,847/554,422 done, 331.9 engine-h spent, ~64306 engine-h left
  [C trend] chunk   107    25 combos  11347.7 s  hit 91.3%  crossed   1  |  2,872/554,422 done, 335.1 engine-h spent, ~64348 engine-h left
/Users/jackcuster/Documents/fx-data/code/l2lib.py:1884: RuntimeWarning: overflow encountered in scalar multiply
  st = fr if not np.isfinite(st) else index_smooth * fr + (1 - index_smooth) * st
/Users/jackcuster/Documents/fx-data/code/l2lib.py:1881: RuntimeWarning: overflow encountered in scalar multiply
  sm = r if not np.isfinite(sm) else price_smooth * r + (1 - price_smooth) * sm
/Users/jackcuster/Documents/fx-data/code/l2lib.py:1884: RuntimeWarning: overflow encountered in scalar multiply
  st = fr if not np.isfinite(st) else index_smooth * fr + (1 - index_smooth) * st
/Users/jackcuster/Documents/fx-data/code/l2lib.py:1881: RuntimeWarning: overflow encountered in scalar multiply
  sm = r if not np.isfinite(sm) else price_smooth * r + (1 - price_smooth) * sm
/Users/jackcuster/Documents/fx-data/code/l2lib.py:1856: RuntimeWarning: overflow encountered in scalar multiply
  fama[i] = .5 * al * mama[i] + (1 - .5 * al) * fama[i - 1]
/Users/jackcuster/Documents/fx-data/code/l2lib.py:1855: RuntimeWarning: overflow encountered in scalar multiply
  mama[i] = al * src[i] + (1 - al) * mama[i - 1]
/Users/jackcuster/Documents/fx-data/code/l2lib.py:1856: RuntimeWarning: invalid value encountered in scalar add
  fama[i] = .5 * al * mama[i] + (1 - .5 * al) * fama[i - 1]
/Users/jackcuster/Documents/fx-data/code/l2lib.py:1856: RuntimeWarning: overflow encountered in scalar add
  fama[i] = .5 * al * mama[i] + (1 - .5 * al) * fama[i - 1]
/Users/jackcuster/Documents/fx-data/code/l2lib.py:1884: RuntimeWarning: overflow encountered in scalar multiply
  st = fr if not np.isfinite(st) else index_smooth * fr + (1 - index_smooth) * st
/Users/jackcuster/Documents/fx-data/code/l2lib.py:1881: RuntimeWarning: overflow encountered in scalar multiply
  sm = r if not np.isfinite(sm) else price_smooth * r + (1 - price_smooth) * sm
/Users/jackcuster/Documents/fx-data/code/l2lib.py:1856: RuntimeWarning: overflow encountered in scalar multiply
  fama[i] = .5 * al * mama[i] + (1 - .5 * al) * fama[i - 1]
/Users/jackcuster/Documents/fx-data/code/l2lib.py:1855: RuntimeWarning: overflow encountered in scalar multiply
  mama[i] = al * src[i] + (1 - al) * mama[i - 1]
/Users/jackcuster/Documents/fx-data/code/l2lib.py:1856: RuntimeWarning: invalid value encountered in scalar add
  fama[i] = .5 * al * mama[i] + (1 - .5 * al) * fama[i - 1]
/Users/jackcuster/Documents/fx-data/code/l2lib.py:1856: RuntimeWarning: overflow encountered in scalar add
  fama[i] = .5 * al * mama[i] + (1 - .5 * al) * fama[i - 1]
/Users/jackcuster/Documents/fx-data/code/l2lib.py:1884: RuntimeWarning: overflow encountered in scalar multiply
  st = fr if not np.isfinite(st) else index_smooth * fr + (1 - index_smooth) * st
/Users/jackcuster/Documents/fx-data/code/l2lib.py:1881: RuntimeWarning: overflow encountered in scalar multiply
  sm = r if not np.isfinite(sm) else price_smooth * r + (1 - price_smooth) * sm
  [C trend] chunk   110    25 combos  9134.2 s  hit 92.2%  crossed   3  |  2,897/554,422 done, 337.6 engine-h spent, ~64273 engine-h left
  [C trend] chunk   109    25 combos  10368.3 s  hit 92.0%  crossed   1  |  2,922/554,422 done, 340.5 engine-h spent, ~64264 engine-h left
  [C trend] chunk   103    25 combos  35550.6 s  hit 90.5%  crossed   0  |  2,947/554,422 done, 350.4 engine-h spent, ~65564 engine-h left
/Users/jackcuster/Documents/fx-data/code/l2lib.py:1884: RuntimeWarning: overflow encountered in scalar multiply
  st = fr if not np.isfinite(st) else index_smooth * fr + (1 - index_smooth) * st
/Users/jackcuster/Documents/fx-data/code/l2lib.py:1881: RuntimeWarning: overflow encountered in scalar multiply
  sm = r if not np.isfinite(sm) else price_smooth * r + (1 - price_smooth) * sm
/Users/jackcuster/Documents/fx-data/code/l2lib.py:1856: RuntimeWarning: overflow encountered in scalar multiply
  fama[i] = .5 * al * mama[i] + (1 - .5 * al) * fama[i - 1]
/Users/jackcuster/Documents/fx-data/code/l2lib.py:1855: RuntimeWarning: overflow encountered in scalar multiply
  mama[i] = al * src[i] + (1 - al) * mama[i - 1]
/Users/jackcuster/Documents/fx-data/code/l2lib.py:1856: RuntimeWarning: invalid value encountered in scalar add
  fama[i] = .5 * al * mama[i] + (1 - .5 * al) * fama[i - 1]
/Users/jackcuster/Documents/fx-data/code/l2lib.py:1856: RuntimeWarning: overflow encountered in scalar add
  fama[i] = .5 * al * mama[i] + (1 - .5 * al) * fama[i - 1]
/Users/jackcuster/Documents/fx-data/code/l2lib.py:1856: RuntimeWarning: overflow encountered in scalar multiply
  fama[i] = .5 * al * mama[i] + (1 - .5 * al) * fama[i - 1]
/Users/jackcuster/Documents/fx-data/code/l2lib.py:1855: RuntimeWarning: overflow encountered in scalar multiply
  mama[i] = al * src[i] + (1 - al) * mama[i - 1]
/Users/jackcuster/Documents/fx-data/code/l2lib.py:1856: RuntimeWarning: invalid value encountered in scalar add
  fama[i] = .5 * al * mama[i] + (1 - .5 * al) * fama[i - 1]
/Users/jackcuster/Documents/fx-data/code/l2lib.py:1856: RuntimeWarning: overflow encountered in scalar add
  fama[i] = .5 * al * mama[i] + (1 - .5 * al) * fama[i - 1]
/Users/jackcuster/Documents/fx-data/code/l2lib.py:1856: RuntimeWarning: overflow encountered in scalar multiply
  fama[i] = .5 * al * mama[i] + (1 - .5 * al) * fama[i - 1]
/Users/jackcuster/Documents/fx-data/code/l2lib.py:1855: RuntimeWarning: overflow encountered in scalar multiply
  mama[i] = al * src[i] + (1 - al) * mama[i - 1]
/Users/jackcuster/Documents/fx-data/code/l2lib.py:1856: RuntimeWarning: invalid value encountered in scalar add
  fama[i] = .5 * al * mama[i] + (1 - .5 * al) * fama[i - 1]
/Users/jackcuster/Documents/fx-data/code/l2lib.py:1856: RuntimeWarning: overflow encountered in scalar add
  fama[i] = .5 * al * mama[i] + (1 - .5 * al) * fama[i - 1]
/Users/jackcuster/Documents/fx-data/code/l2lib.py:1884: RuntimeWarning: overflow encountered in scalar multiply
  st = fr if not np.isfinite(st) else index_smooth * fr + (1 - index_smooth) * st
/Users/jackcuster/Documents/fx-data/code/l2lib.py:1881: RuntimeWarning: overflow encountered in scalar multiply
  sm = r if not np.isfinite(sm) else price_smooth * r + (1 - price_smooth) * sm
/Users/jackcuster/Documents/fx-data/code/l2lib.py:1856: RuntimeWarning: overflow encountered in scalar multiply
  fama[i] = .5 * al * mama[i] + (1 - .5 * al) * fama[i - 1]
/Users/jackcuster/Documents/fx-data/code/l2lib.py:1855: RuntimeWarning: overflow encountered in scalar multiply
  mama[i] = al * src[i] + (1 - al) * mama[i - 1]
/Users/jackcuster/Documents/fx-data/code/l2lib.py:1856: RuntimeWarning: invalid value encountered in scalar add
  fama[i] = .5 * al * mama[i] + (1 - .5 * al) * fama[i - 1]
/Users/jackcuster/Documents/fx-data/code/l2lib.py:1856: RuntimeWarning: overflow encountered in scalar add
  fama[i] = .5 * al * mama[i] + (1 - .5 * al) * fama[i - 1]
  [C trend] chunk   111    25 combos  9184.6 s  hit 92.1%  crossed   0  |  2,972/554,422 done, 352.9 engine-h spent, ~65483 engine-h left
/Users/jackcuster/Documents/fx-data/code/l2lib.py:1884: RuntimeWarning: overflow encountered in scalar multiply
  st = fr if not np.isfinite(st) else index_smooth * fr + (1 - index_smooth) * st
/Users/jackcuster/Documents/fx-data/code/l2lib.py:1881: RuntimeWarning: overflow encountered in scalar multiply
  sm = r if not np.isfinite(sm) else price_smooth * r + (1 - price_smooth) * sm
  [C trend] chunk   112    25 combos  9502.0 s  hit 91.8%  crossed   1  |  2,997/554,422 done, 355.6 engine-h spent, ~65419 engine-h left
/Users/jackcuster/Documents/fx-data/code/l2lib.py:1856: RuntimeWarning: overflow encountered in scalar multiply
  fama[i] = .5 * al * mama[i] + (1 - .5 * al) * fama[i - 1]
/Users/jackcuster/Documents/fx-data/code/l2lib.py:1855: RuntimeWarning: overflow encountered in scalar multiply
  mama[i] = al * src[i] + (1 - al) * mama[i - 1]
/Users/jackcuster/Documents/fx-data/code/l2lib.py:1856: RuntimeWarning: invalid value encountered in scalar add
  fama[i] = .5 * al * mama[i] + (1 - .5 * al) * fama[i - 1]
/Users/jackcuster/Documents/fx-data/code/l2lib.py:1856: RuntimeWarning: overflow encountered in scalar add
  fama[i] = .5 * al * mama[i] + (1 - .5 * al) * fama[i - 1]
/Users/jackcuster/Documents/fx-data/code/l2lib.py:1884: RuntimeWarning: overflow encountered in scalar multiply
  st = fr if not np.isfinite(st) else index_smooth * fr + (1 - index_smooth) * st
/Users/jackcuster/Documents/fx-data/code/l2lib.py:1881: RuntimeWarning: overflow encountered in scalar multiply
  sm = r if not np.isfinite(sm) else price_smooth * r + (1 - price_smooth) * sm
  [C trend] chunk   113    25 combos  10084.4 s  hit 91.8%  crossed   9  |  3,022/554,422 done, 358.4 engine-h spent, ~65386 engine-h left
  [C trend] chunk   104    25 combos  36080.5 s  hit 90.5%  crossed   0  |  3,047/554,422 done, 368.4 engine-h spent, ~66661 engine-h left
/Users/jackcuster/Documents/fx-data/code/l2lib.py:1856: RuntimeWarning: overflow encountered in scalar multiply
  fama[i] = .5 * al * mama[i] + (1 - .5 * al) * fama[i - 1]
/Users/jackcuster/Documents/fx-data/code/l2lib.py:1855: RuntimeWarning: overflow encountered in scalar multiply
  mama[i] = al * src[i] + (1 - al) * mama[i - 1]
/Users/jackcuster/Documents/fx-data/code/l2lib.py:1856: RuntimeWarning: invalid value encountered in scalar add
  fama[i] = .5 * al * mama[i] + (1 - .5 * al) * fama[i - 1]
/Users/jackcuster/Documents/fx-data/code/l2lib.py:1856: RuntimeWarning: overflow encountered in scalar add
  fama[i] = .5 * al * mama[i] + (1 - .5 * al) * fama[i - 1]
/Users/jackcuster/Documents/fx-data/code/l2lib.py:1856: RuntimeWarning: overflow encountered in scalar multiply
  fama[i] = .5 * al * mama[i] + (1 - .5 * al) * fama[i - 1]
/Users/jackcuster/Documents/fx-data/code/l2lib.py:1855: RuntimeWarning: overflow encountered in scalar multiply
  mama[i] = al * src[i] + (1 - al) * mama[i - 1]
/Users/jackcuster/Documents/fx-data/code/l2lib.py:1856: RuntimeWarning: invalid value encountered in scalar add
  fama[i] = .5 * al * mama[i] + (1 - .5 * al) * fama[i - 1]
/Users/jackcuster/Documents/fx-data/code/l2lib.py:1856: RuntimeWarning: overflow encountered in scalar add
  fama[i] = .5 * al * mama[i] + (1 - .5 * al) * fama[i - 1]
/Users/jackcuster/Documents/fx-data/code/l2lib.py:1884: RuntimeWarning: overflow encountered in scalar multiply
  st = fr if not np.isfinite(st) else index_smooth * fr + (1 - index_smooth) * st
/Users/jackcuster/Documents/fx-data/code/l2lib.py:1881: RuntimeWarning: overflow encountered in scalar multiply
  sm = r if not np.isfinite(sm) else price_smooth * r + (1 - price_smooth) * sm
/Users/jackcuster/Documents/fx-data/code/l2lib.py:1856: RuntimeWarning: overflow encountered in scalar multiply
  fama[i] = .5 * al * mama[i] + (1 - .5 * al) * fama[i - 1]
/Users/jackcuster/Documents/fx-data/code/l2lib.py:1855: RuntimeWarning: overflow encountered in scalar multiply
  mama[i] = al * src[i] + (1 - al) * mama[i - 1]
/Users/jackcuster/Documents/fx-data/code/l2lib.py:1856: RuntimeWarning: invalid value encountered in scalar add
  fama[i] = .5 * al * mama[i] + (1 - .5 * al) * fama[i - 1]
/Users/jackcuster/Documents/fx-data/code/l2lib.py:1856: RuntimeWarning: overflow encountered in scalar add
  fama[i] = .5 * al * mama[i] + (1 - .5 * al) * fama[i - 1]
  [C trend] chunk   105    25 combos  36476.5 s  hit 90.2%  crossed   5  |  3,072/554,422 done, 378.5 engine-h spent, ~67934 engine-h left
  [C trend] chunk   106    25 combos  35465.9 s  hit 90.5%  crossed   1  |  3,097/554,422 done, 388.4 engine-h spent, ~69136 engine-h left
/Users/jackcuster/Documents/fx-data/code/l2lib.py:1884: RuntimeWarning: overflow encountered in scalar multiply
  st = fr if not np.isfinite(st) else index_smooth * fr + (1 - index_smooth) * st
/Users/jackcuster/Documents/fx-data/code/l2lib.py:1881: RuntimeWarning: overflow encountered in scalar multiply
  sm = r if not np.isfinite(sm) else price_smooth * r + (1 - price_smooth) * sm
/Users/jackcuster/Documents/fx-data/code/l2lib.py:1856: RuntimeWarning: overflow encountered in scalar multiply
  fama[i] = .5 * al * mama[i] + (1 - .5 * al) * fama[i - 1]
/Users/jackcuster/Documents/fx-data/code/l2lib.py:1855: RuntimeWarning: overflow encountered in scalar multiply
  mama[i] = al * src[i] + (1 - al) * mama[i - 1]
/Users/jackcuster/Documents/fx-data/code/l2lib.py:1856: RuntimeWarning: invalid value encountered in scalar add
  fama[i] = .5 * al * mama[i] + (1 - .5 * al) * fama[i - 1]
/Users/jackcuster/Documents/fx-data/code/l2lib.py:1856: RuntimeWarning: overflow encountered in scalar add
  fama[i] = .5 * al * mama[i] + (1 - .5 * al) * fama[i - 1]
  [C trend] chunk   117    25 combos  5033.6 s  hit 92.9%  crossed   9  |  3,122/554,422 done, 389.8 engine-h spent, ~68826 engine-h left
  [C trend] chunk   116    25 combos  5660.1 s  hit 92.6%  crossed   9  |  3,147/554,422 done, 391.3 engine-h spent, ~68552 engine-h left
/Users/jackcuster/Documents/fx-data/code/l2lib.py:1884: RuntimeWarning: overflow encountered in scalar multiply
  st = fr if not np.isfinite(st) else index_smooth * fr + (1 - index_smooth) * st
/Users/jackcuster/Documents/fx-data/code/l2lib.py:1881: RuntimeWarning: overflow encountered in scalar multiply
  sm = r if not np.isfinite(sm) else price_smooth * r + (1 - price_smooth) * sm
  [C trend] chunk   115    25 combos  7764.5 s  hit 92.4%  crossed   1  |  3,172/554,422 done, 393.5 engine-h spent, ~68383 engine-h left
/Users/jackcuster/Documents/fx-data/code/l2lib.py:1856: RuntimeWarning: overflow encountered in scalar multiply
  fama[i] = .5 * al * mama[i] + (1 - .5 * al) * fama[i - 1]
/Users/jackcuster/Documents/fx-data/code/l2lib.py:1855: RuntimeWarning: overflow encountered in scalar multiply
  mama[i] = al * src[i] + (1 - al) * mama[i - 1]
/Users/jackcuster/Documents/fx-data/code/l2lib.py:1856: RuntimeWarning: invalid value encountered in scalar add
  fama[i] = .5 * al * mama[i] + (1 - .5 * al) * fama[i - 1]
/Users/jackcuster/Documents/fx-data/code/l2lib.py:1856: RuntimeWarning: overflow encountered in scalar add
  fama[i] = .5 * al * mama[i] + (1 - .5 * al) * fama[i - 1]
/Users/jackcuster/Documents/fx-data/code/l2lib.py:1884: RuntimeWarning: overflow encountered in scalar multiply
  st = fr if not np.isfinite(st) else index_smooth * fr + (1 - index_smooth) * st
/Users/jackcuster/Documents/fx-data/code/l2lib.py:1881: RuntimeWarning: overflow encountered in scalar multiply
  sm = r if not np.isfinite(sm) else price_smooth * r + (1 - price_smooth) * sm
  [C trend] chunk   118    25 combos  4838.0 s  hit 92.3%  crossed   3  |  3,197/554,422 done, 394.8 engine-h spent, ~68077 engine-h left
  [C trend] chunk   114    25 combos  10050.6 s  hit 92.1%  crossed   8  |  3,222/554,422 done, 397.6 engine-h spent, ~68023 engine-h left
/Users/jackcuster/Documents/fx-data/code/l2lib.py:1884: RuntimeWarning: overflow encountered in scalar multiply
  st = fr if not np.isfinite(st) else index_smooth * fr + (1 - index_smooth) * st
/Users/jackcuster/Documents/fx-data/code/l2lib.py:1881: RuntimeWarning: overflow encountered in scalar multiply
  sm = r if not np.isfinite(sm) else price_smooth * r + (1 - price_smooth) * sm
/Users/jackcuster/Documents/fx-data/code/l2lib.py:1884: RuntimeWarning: overflow encountered in scalar multiply
  st = fr if not np.isfinite(st) else index_smooth * fr + (1 - index_smooth) * st
/Users/jackcuster/Documents/fx-data/code/l2lib.py:1881: RuntimeWarning: overflow encountered in scalar multiply
  sm = r if not np.isfinite(sm) else price_smooth * r + (1 - price_smooth) * sm
/Users/jackcuster/Documents/fx-data/code/l2lib.py:1856: RuntimeWarning: overflow encountered in scalar multiply
  fama[i] = .5 * al * mama[i] + (1 - .5 * al) * fama[i - 1]
/Users/jackcuster/Documents/fx-data/code/l2lib.py:1855: RuntimeWarning: overflow encountered in scalar multiply
  mama[i] = al * src[i] + (1 - al) * mama[i - 1]
/Users/jackcuster/Documents/fx-data/code/l2lib.py:1856: RuntimeWarning: invalid value encountered in scalar add
  fama[i] = .5 * al * mama[i] + (1 - .5 * al) * fama[i - 1]
/Users/jackcuster/Documents/fx-data/code/l2lib.py:1856: RuntimeWarning: overflow encountered in scalar add
  fama[i] = .5 * al * mama[i] + (1 - .5 * al) * fama[i - 1]
/Users/jackcuster/Documents/fx-data/code/l2lib.py:1856: RuntimeWarning: overflow encountered in scalar multiply
  fama[i] = .5 * al * mama[i] + (1 - .5 * al) * fama[i - 1]
/Users/jackcuster/Documents/fx-data/code/l2lib.py:1855: RuntimeWarning: overflow encountered in scalar multiply
  mama[i] = al * src[i] + (1 - al) * mama[i - 1]
/Users/jackcuster/Documents/fx-data/code/l2lib.py:1856: RuntimeWarning: invalid value encountered in scalar add
  fama[i] = .5 * al * mama[i] + (1 - .5 * al) * fama[i - 1]
/Users/jackcuster/Documents/fx-data/code/l2lib.py:1856: RuntimeWarning: overflow encountered in scalar add
  fama[i] = .5 * al * mama[i] + (1 - .5 * al) * fama[i - 1]
/Users/jackcuster/Documents/fx-data/code/l2lib.py:1856: RuntimeWarning: overflow encountered in scalar multiply
  fama[i] = .5 * al * mama[i] + (1 - .5 * al) * fama[i - 1]
/Users/jackcuster/Documents/fx-data/code/l2lib.py:1855: RuntimeWarning: overflow encountered in scalar multiply
  mama[i] = al * src[i] + (1 - al) * mama[i - 1]
/Users/jackcuster/Documents/fx-data/code/l2lib.py:1856: RuntimeWarning: invalid value encountered in scalar add
  fama[i] = .5 * al * mama[i] + (1 - .5 * al) * fama[i - 1]
/Users/jackcuster/Documents/fx-data/code/l2lib.py:1856: RuntimeWarning: overflow encountered in scalar add
  fama[i] = .5 * al * mama[i] + (1 - .5 * al) * fama[i - 1]
/Users/jackcuster/Documents/fx-data/code/l2lib.py:1884: RuntimeWarning: overflow encountered in scalar multiply
  st = fr if not np.isfinite(st) else index_smooth * fr + (1 - index_smooth) * st
/Users/jackcuster/Documents/fx-data/code/l2lib.py:1881: RuntimeWarning: overflow encountered in scalar multiply
  sm = r if not np.isfinite(sm) else price_smooth * r + (1 - price_smooth) * sm
  [C trend] chunk   119    25 combos  6100.6 s  hit 91.6%  crossed   2  |  3,247/554,422 done, 399.3 engine-h spent, ~67784 engine-h left
/Users/jackcuster/Documents/fx-data/code/l2lib.py:1856: RuntimeWarning: overflow encountered in scalar multiply
  fama[i] = .5 * al * mama[i] + (1 - .5 * al) * fama[i - 1]
/Users/jackcuster/Documents/fx-data/code/l2lib.py:1855: RuntimeWarning: overflow encountered in scalar multiply
  mama[i] = al * src[i] + (1 - al) * mama[i - 1]
/Users/jackcuster/Documents/fx-data/code/l2lib.py:1856: RuntimeWarning: invalid value encountered in scalar add
  fama[i] = .5 * al * mama[i] + (1 - .5 * al) * fama[i - 1]
/Users/jackcuster/Documents/fx-data/code/l2lib.py:1856: RuntimeWarning: overflow encountered in scalar add
  fama[i] = .5 * al * mama[i] + (1 - .5 * al) * fama[i - 1]
  [C trend] chunk   121    25 combos  7035.9 s  hit 91.4%  crossed   2  |  3,272/554,422 done, 401.3 engine-h spent, ~67592 engine-h left
  [C trend] chunk   120    25 combos  7889.7 s  hit 91.3%  crossed   2  |  3,297/554,422 done, 403.5 engine-h spent, ~67443 engine-h left
/Users/jackcuster/Documents/fx-data/code/l2lib.py:1884: RuntimeWarning: overflow encountered in scalar multiply
  st = fr if not np.isfinite(st) else index_smooth * fr + (1 - index_smooth) * st
/Users/jackcuster/Documents/fx-data/code/l2lib.py:1881: RuntimeWarning: overflow encountered in scalar multiply
  sm = r if not np.isfinite(sm) else price_smooth * r + (1 - price_smooth) * sm
  [C trend] chunk   122    25 combos  7376.7 s  hit 91.4%  crossed   3  |  3,322/554,422 done, 405.5 engine-h spent, ~67273 engine-h left
/Users/jackcuster/Documents/fx-data/code/l2lib.py:1856: RuntimeWarning: overflow encountered in scalar multiply
  fama[i] = .5 * al * mama[i] + (1 - .5 * al) * fama[i - 1]
/Users/jackcuster/Documents/fx-data/code/l2lib.py:1855: RuntimeWarning: overflow encountered in scalar multiply
  mama[i] = al * src[i] + (1 - al) * mama[i - 1]
/Users/jackcuster/Documents/fx-data/code/l2lib.py:1856: RuntimeWarning: invalid value encountered in scalar add
  fama[i] = .5 * al * mama[i] + (1 - .5 * al) * fama[i - 1]
/Users/jackcuster/Documents/fx-data/code/l2lib.py:1856: RuntimeWarning: overflow encountered in scalar add
  fama[i] = .5 * al * mama[i] + (1 - .5 * al) * fama[i - 1]
  [C trend] chunk   123    25 combos  6365.3 s  hit 91.5%  crossed   5  |  3,347/554,422 done, 407.3 engine-h spent, ~67058 engine-h left
  [C trend] chunk   124    25 combos  6362.4 s  hit 91.6%  crossed   2  |  3,372/554,422 done, 409.1 engine-h spent, ~66847 engine-h left
/Users/jackcuster/Documents/fx-data/code/l2lib.py:1856: RuntimeWarning: overflow encountered in scalar multiply
  fama[i] = .5 * al * mama[i] + (1 - .5 * al) * fama[i - 1]
/Users/jackcuster/Documents/fx-data/code/l2lib.py:1855: RuntimeWarning: overflow encountered in scalar multiply
  mama[i] = al * src[i] + (1 - al) * mama[i - 1]
/Users/jackcuster/Documents/fx-data/code/l2lib.py:1856: RuntimeWarning: invalid value encountered in scalar add
  fama[i] = .5 * al * mama[i] + (1 - .5 * al) * fama[i - 1]
/Users/jackcuster/Documents/fx-data/code/l2lib.py:1856: RuntimeWarning: overflow encountered in scalar add
  fama[i] = .5 * al * mama[i] + (1 - .5 * al) * fama[i - 1]
/Users/jackcuster/Documents/fx-data/code/l2lib.py:1884: RuntimeWarning: overflow encountered in scalar multiply
  st = fr if not np.isfinite(st) else index_smooth * fr + (1 - index_smooth) * st
/Users/jackcuster/Documents/fx-data/code/l2lib.py:1881: RuntimeWarning: overflow encountered in scalar multiply
  sm = r if not np.isfinite(sm) else price_smooth * r + (1 - price_smooth) * sm
/Users/jackcuster/Documents/fx-data/code/l2lib.py:1856: RuntimeWarning: overflow encountered in scalar multiply
  fama[i] = .5 * al * mama[i] + (1 - .5 * al) * fama[i - 1]
/Users/jackcuster/Documents/fx-data/code/l2lib.py:1855: RuntimeWarning: overflow encountered in scalar multiply
  mama[i] = al * src[i] + (1 - al) * mama[i - 1]
/Users/jackcuster/Documents/fx-data/code/l2lib.py:1856: RuntimeWarning: invalid value encountered in scalar add
  fama[i] = .5 * al * mama[i] + (1 - .5 * al) * fama[i - 1]
/Users/jackcuster/Documents/fx-data/code/l2lib.py:1856: RuntimeWarning: overflow encountered in scalar add
  fama[i] = .5 * al * mama[i] + (1 - .5 * al) * fama[i - 1]
  [C trend] chunk   125    25 combos  6431.6 s  hit 91.7%  crossed   2  |  3,397/554,422 done, 410.8 engine-h spent, ~66642 engine-h left
/Users/jackcuster/Documents/fx-data/code/l2lib.py:1884: RuntimeWarning: overflow encountered in scalar multiply
  st = fr if not np.isfinite(st) else index_smooth * fr + (1 - index_smooth) * st
/Users/jackcuster/Documents/fx-data/code/l2lib.py:1881: RuntimeWarning: overflow encountered in scalar multiply
  sm = r if not np.isfinite(sm) else price_smooth * r + (1 - price_smooth) * sm
/Users/jackcuster/Documents/fx-data/code/l2lib.py:1856: RuntimeWarning: overflow encountered in scalar multiply
  fama[i] = .5 * al * mama[i] + (1 - .5 * al) * fama[i - 1]
/Users/jackcuster/Documents/fx-data/code/l2lib.py:1855: RuntimeWarning: overflow encountered in scalar multiply
  mama[i] = al * src[i] + (1 - al) * mama[i - 1]
/Users/jackcuster/Documents/fx-data/code/l2lib.py:1856: RuntimeWarning: invalid value encountered in scalar add
  fama[i] = .5 * al * mama[i] + (1 - .5 * al) * fama[i - 1]
/Users/jackcuster/Documents/fx-data/code/l2lib.py:1856: RuntimeWarning: overflow encountered in scalar add
  fama[i] = .5 * al * mama[i] + (1 - .5 * al) * fama[i - 1]
/Users/jackcuster/Documents/fx-data/code/l2lib.py:1884: RuntimeWarning: overflow encountered in scalar multiply
  st = fr if not np.isfinite(st) else index_smooth * fr + (1 - index_smooth) * st
/Users/jackcuster/Documents/fx-data/code/l2lib.py:1881: RuntimeWarning: overflow encountered in scalar multiply
  sm = r if not np.isfinite(sm) else price_smooth * r + (1 - price_smooth) * sm
/Users/jackcuster/Documents/fx-data/code/l2lib.py:1856: RuntimeWarning: overflow encountered in scalar multiply
  fama[i] = .5 * al * mama[i] + (1 - .5 * al) * fama[i - 1]
/Users/jackcuster/Documents/fx-data/code/l2lib.py:1855: RuntimeWarning: overflow encountered in scalar multiply
  mama[i] = al * src[i] + (1 - al) * mama[i - 1]
/Users/jackcuster/Documents/fx-data/code/l2lib.py:1856: RuntimeWarning: invalid value encountered in scalar add
  fama[i] = .5 * al * mama[i] + (1 - .5 * al) * fama[i - 1]
/Users/jackcuster/Documents/fx-data/code/l2lib.py:1856: RuntimeWarning: overflow encountered in scalar add
  fama[i] = .5 * al * mama[i] + (1 - .5 * al) * fama[i - 1]
/Users/jackcuster/Documents/fx-data/code/l2lib.py:1884: RuntimeWarning: overflow encountered in scalar multiply
  st = fr if not np.isfinite(st) else index_smooth * fr + (1 - index_smooth) * st
/Users/jackcuster/Documents/fx-data/code/l2lib.py:1881: RuntimeWarning: overflow encountered in scalar multiply
  sm = r if not np.isfinite(sm) else price_smooth * r + (1 - price_smooth) * sm
  [C trend] chunk   126    25 combos  6364.7 s  hit 91.7%  crossed   0  |  3,422/554,422 done, 412.6 engine-h spent, ~66436 engine-h left
/Users/jackcuster/Documents/fx-data/code/l2lib.py:1884: RuntimeWarning: overflow encountered in scalar multiply
  st = fr if not np.isfinite(st) else index_smooth * fr + (1 - index_smooth) * st
/Users/jackcuster/Documents/fx-data/code/l2lib.py:1881: RuntimeWarning: overflow encountered in scalar multiply
  sm = r if not np.isfinite(sm) else price_smooth * r + (1 - price_smooth) * sm
/Users/jackcuster/Documents/fx-data/code/l2lib.py:1881: RuntimeWarning: overflow encountered in scalar multiply
  sm = r if not np.isfinite(sm) else price_smooth * r + (1 - price_smooth) * sm
/Users/jackcuster/Documents/fx-data/code/l2lib.py:1884: RuntimeWarning: overflow encountered in scalar multiply
  st = fr if not np.isfinite(st) else index_smooth * fr + (1 - index_smooth) * st
/Users/jackcuster/Documents/fx-data/code/l2lib.py:1856: RuntimeWarning: overflow encountered in scalar multiply
  fama[i] = .5 * al * mama[i] + (1 - .5 * al) * fama[i - 1]
/Users/jackcuster/Documents/fx-data/code/l2lib.py:1855: RuntimeWarning: overflow encountered in scalar multiply
  mama[i] = al * src[i] + (1 - al) * mama[i - 1]
/Users/jackcuster/Documents/fx-data/code/l2lib.py:1856: RuntimeWarning: invalid value encountered in scalar add
  fama[i] = .5 * al * mama[i] + (1 - .5 * al) * fama[i - 1]
/Users/jackcuster/Documents/fx-data/code/l2lib.py:1856: RuntimeWarning: overflow encountered in scalar add
  fama[i] = .5 * al * mama[i] + (1 - .5 * al) * fama[i - 1]
  [C trend] chunk   127    25 combos  7007.2 s  hit 91.5%  crossed   1  |  3,447/554,422 done, 414.6 engine-h spent, ~66263 engine-h left
  [C trend] chunk   128    25 combos  6818.3 s  hit 91.4%  crossed   2  |  3,472/554,422 done, 416.4 engine-h spent, ~66083 engine-h left
  [C trend] chunk   130    25 combos  6151.0 s  hit 91.9%  crossed   4  |  3,497/554,422 done, 418.1 engine-h spent, ~65877 engine-h left
/Users/jackcuster/Documents/fx-data/code/l2lib.py:1881: RuntimeWarning: overflow encountered in scalar multiply
  sm = r if not np.isfinite(sm) else price_smooth * r + (1 - price_smooth) * sm
/Users/jackcuster/Documents/fx-data/code/l2lib.py:1881: RuntimeWarning: overflow encountered in scalar multiply
  sm = r if not np.isfinite(sm) else price_smooth * r + (1 - price_smooth) * sm
/Users/jackcuster/Documents/fx-data/code/l2lib.py:1884: RuntimeWarning: overflow encountered in scalar multiply
  st = fr if not np.isfinite(st) else index_smooth * fr + (1 - index_smooth) * st
/Users/jackcuster/Documents/fx-data/code/l2lib.py:1884: RuntimeWarning: overflow encountered in scalar multiply
  st = fr if not np.isfinite(st) else index_smooth * fr + (1 - index_smooth) * st
/Users/jackcuster/Documents/fx-data/code/l2lib.py:1881: RuntimeWarning: overflow encountered in scalar multiply
  sm = r if not np.isfinite(sm) else price_smooth * r + (1 - price_smooth) * sm
/Users/jackcuster/Documents/fx-data/code/l2lib.py:1884: RuntimeWarning: overflow encountered in scalar multiply
  st = fr if not np.isfinite(st) else index_smooth * fr + (1 - index_smooth) * st
  [C trend] chunk   129    25 combos  6427.0 s  hit 91.6%  crossed   1  |  3,522/554,422 done, 419.9 engine-h spent, ~65686 engine-h left
/Users/jackcuster/Documents/fx-data/code/l2lib.py:1881: RuntimeWarning: overflow encountered in scalar multiply
  sm = r if not np.isfinite(sm) else price_smooth * r + (1 - price_smooth) * sm
/Users/jackcuster/Documents/fx-data/code/l2lib.py:1884: RuntimeWarning: overflow encountered in scalar multiply
  st = fr if not np.isfinite(st) else index_smooth * fr + (1 - index_smooth) * st
/Users/jackcuster/Documents/fx-data/code/l2pine.py:164: RuntimeWarning: invalid value encountered in divide
  return (W * w).sum(axis=1) / w.sum()
/Users/jackcuster/Documents/fx-data/code/l2lib.py:1856: RuntimeWarning: overflow encountered in scalar multiply
  fama[i] = .5 * al * mama[i] + (1 - .5 * al) * fama[i - 1]
/Users/jackcuster/Documents/fx-data/code/l2lib.py:1855: RuntimeWarning: overflow encountered in scalar multiply
  mama[i] = al * src[i] + (1 - al) * mama[i - 1]
/Users/jackcuster/Documents/fx-data/code/l2lib.py:1856: RuntimeWarning: invalid value encountered in scalar add
  fama[i] = .5 * al * mama[i] + (1 - .5 * al) * fama[i - 1]
/Users/jackcuster/Documents/fx-data/code/l2lib.py:1856: RuntimeWarning: overflow encountered in scalar add
  fama[i] = .5 * al * mama[i] + (1 - .5 * al) * fama[i - 1]
  [C trend] chunk   131    25 combos  6240.2 s  hit 91.6%  crossed   0  |  3,547/554,422 done, 421.7 engine-h spent, ~65489 engine-h left
/Users/jackcuster/Documents/fx-data/code/l2pine.py:164: RuntimeWarning: invalid value encountered in divide
  return (W * w).sum(axis=1) / w.sum()
/Users/jackcuster/Documents/fx-data/code/l2lib.py:1856: RuntimeWarning: overflow encountered in scalar multiply
  fama[i] = .5 * al * mama[i] + (1 - .5 * al) * fama[i - 1]
/Users/jackcuster/Documents/fx-data/code/l2lib.py:1855: RuntimeWarning: overflow encountered in scalar multiply
  mama[i] = al * src[i] + (1 - al) * mama[i - 1]
/Users/jackcuster/Documents/fx-data/code/l2lib.py:1856: RuntimeWarning: invalid value encountered in scalar add
  fama[i] = .5 * al * mama[i] + (1 - .5 * al) * fama[i - 1]
/Users/jackcuster/Documents/fx-data/code/l2lib.py:1856: RuntimeWarning: overflow encountered in scalar add
  fama[i] = .5 * al * mama[i] + (1 - .5 * al) * fama[i - 1]
  [C trend] chunk   135    25 combos  3009.0 s  hit 92.5%  crossed   2  |  3,572/554,422 done, 422.5 engine-h spent, ~65156 engine-h left
/Users/jackcuster/Documents/fx-data/code/l2lib.py:1856: RuntimeWarning: overflow encountered in scalar multiply
  fama[i] = .5 * al * mama[i] + (1 - .5 * al) * fama[i - 1]
/Users/jackcuster/Documents/fx-data/code/l2lib.py:1855: RuntimeWarning: overflow encountered in scalar multiply
  mama[i] = al * src[i] + (1 - al) * mama[i - 1]
/Users/jackcuster/Documents/fx-data/code/l2lib.py:1856: RuntimeWarning: invalid value encountered in scalar add
  fama[i] = .5 * al * mama[i] + (1 - .5 * al) * fama[i - 1]
/Users/jackcuster/Documents/fx-data/code/l2lib.py:1856: RuntimeWarning: overflow encountered in scalar add
  fama[i] = .5 * al * mama[i] + (1 - .5 * al) * fama[i - 1]
/Users/jackcuster/Documents/fx-data/code/l2lib.py:1884: RuntimeWarning: overflow encountered in scalar multiply
  st = fr if not np.isfinite(st) else index_smooth * fr + (1 - index_smooth) * st
/Users/jackcuster/Documents/fx-data/code/l2lib.py:1881: RuntimeWarning: overflow encountered in scalar multiply
  sm = r if not np.isfinite(sm) else price_smooth * r + (1 - price_smooth) * sm
/Users/jackcuster/Documents/fx-data/code/l2lib.py:1856: RuntimeWarning: overflow encountered in scalar multiply
  fama[i] = .5 * al * mama[i] + (1 - .5 * al) * fama[i - 1]
/Users/jackcuster/Documents/fx-data/code/l2lib.py:1855: RuntimeWarning: overflow encountered in scalar multiply
  mama[i] = al * src[i] + (1 - al) * mama[i - 1]
/Users/jackcuster/Documents/fx-data/code/l2lib.py:1856: RuntimeWarning: invalid value encountered in scalar add
  fama[i] = .5 * al * mama[i] + (1 - .5 * al) * fama[i - 1]
/Users/jackcuster/Documents/fx-data/code/l2lib.py:1856: RuntimeWarning: overflow encountered in scalar add
  fama[i] = .5 * al * mama[i] + (1 - .5 * al) * fama[i - 1]
/Users/jackcuster/Documents/fx-data/code/l2lib.py:1856: RuntimeWarning: overflow encountered in scalar multiply
  fama[i] = .5 * al * mama[i] + (1 - .5 * al) * fama[i - 1]
/Users/jackcuster/Documents/fx-data/code/l2lib.py:1855: RuntimeWarning: overflow encountered in scalar multiply
  mama[i] = al * src[i] + (1 - al) * mama[i - 1]
/Users/jackcuster/Documents/fx-data/code/l2lib.py:1856: RuntimeWarning: invalid value encountered in scalar add
  fama[i] = .5 * al * mama[i] + (1 - .5 * al) * fama[i - 1]
/Users/jackcuster/Documents/fx-data/code/l2lib.py:1856: RuntimeWarning: overflow encountered in scalar add
  fama[i] = .5 * al * mama[i] + (1 - .5 * al) * fama[i - 1]
  [C trend] chunk   136    25 combos  5192.8 s  hit 91.7%  crossed   2  |  3,597/554,422 done, 423.9 engine-h spent, ~64922 engine-h left
  [C trend] chunk   132    25 combos  6854.6 s  hit 91.7%  crossed   2  |  3,622/554,422 done, 425.9 engine-h spent, ~64760 engine-h left
  [C trend] chunk   133    25 combos  6656.2 s  hit 91.6%  crossed  12  |  3,647/554,422 done, 427.7 engine-h spent, ~64592 engine-h left
  [C trend] chunk   134    25 combos  7065.4 s  hit 91.5%  crossed   3  |  3,672/554,422 done, 429.7 engine-h spent, ~64444 engine-h left
/Users/jackcuster/Documents/fx-data/code/l2lib.py:1856: RuntimeWarning: overflow encountered in scalar multiply
  fama[i] = .5 * al * mama[i] + (1 - .5 * al) * fama[i - 1]
/Users/jackcuster/Documents/fx-data/code/l2lib.py:1855: RuntimeWarning: overflow encountered in scalar multiply
  mama[i] = al * src[i] + (1 - al) * mama[i - 1]
/Users/jackcuster/Documents/fx-data/code/l2lib.py:1856: RuntimeWarning: invalid value encountered in scalar add
  fama[i] = .5 * al * mama[i] + (1 - .5 * al) * fama[i - 1]
/Users/jackcuster/Documents/fx-data/code/l2lib.py:1856: RuntimeWarning: overflow encountered in scalar add
  fama[i] = .5 * al * mama[i] + (1 - .5 * al) * fama[i - 1]
  [C trend] chunk   137    25 combos  5618.9 s  hit 92.5%  crossed  10  |  3,697/554,422 done, 431.2 engine-h spent, ~64238 engine-h left
  [C trend] chunk   138    25 combos  5457.8 s  hit 92.3%  crossed   7  |  3,722/554,422 done, 432.7 engine-h spent, ~64028 engine-h left
/Users/jackcuster/Documents/fx-data/code/l2lib.py:1884: RuntimeWarning: overflow encountered in scalar multiply
  st = fr if not np.isfinite(st) else index_smooth * fr + (1 - index_smooth) * st
/Users/jackcuster/Documents/fx-data/code/l2lib.py:1881: RuntimeWarning: overflow encountered in scalar multiply
  sm = r if not np.isfinite(sm) else price_smooth * r + (1 - price_smooth) * sm
/Users/jackcuster/Documents/fx-data/code/l2lib.py:1856: RuntimeWarning: overflow encountered in scalar multiply
  fama[i] = .5 * al * mama[i] + (1 - .5 * al) * fama[i - 1]
/Users/jackcuster/Documents/fx-data/code/l2lib.py:1855: RuntimeWarning: overflow encountered in scalar multiply
  mama[i] = al * src[i] + (1 - al) * mama[i - 1]
/Users/jackcuster/Documents/fx-data/code/l2lib.py:1856: RuntimeWarning: invalid value encountered in scalar add
  fama[i] = .5 * al * mama[i] + (1 - .5 * al) * fama[i - 1]
/Users/jackcuster/Documents/fx-data/code/l2lib.py:1856: RuntimeWarning: overflow encountered in scalar add
  fama[i] = .5 * al * mama[i] + (1 - .5 * al) * fama[i - 1]
/Users/jackcuster/Documents/fx-data/code/l2lib.py:1884: RuntimeWarning: overflow encountered in scalar multiply
  st = fr if not np.isfinite(st) else index_smooth * fr + (1 - index_smooth) * st
/Users/jackcuster/Documents/fx-data/code/l2lib.py:1881: RuntimeWarning: overflow encountered in scalar multiply
  sm = r if not np.isfinite(sm) else price_smooth * r + (1 - price_smooth) * sm
/Users/jackcuster/Documents/fx-data/code/l2lib.py:1856: RuntimeWarning: overflow encountered in scalar multiply
  fama[i] = .5 * al * mama[i] + (1 - .5 * al) * fama[i - 1]
/Users/jackcuster/Documents/fx-data/code/l2lib.py:1855: RuntimeWarning: overflow encountered in scalar multiply
  mama[i] = al * src[i] + (1 - al) * mama[i - 1]
/Users/jackcuster/Documents/fx-data/code/l2lib.py:1856: RuntimeWarning: invalid value encountered in scalar add
  fama[i] = .5 * al * mama[i] + (1 - .5 * al) * fama[i - 1]
/Users/jackcuster/Documents/fx-data/code/l2lib.py:1856: RuntimeWarning: overflow encountered in scalar add
  fama[i] = .5 * al * mama[i] + (1 - .5 * al) * fama[i - 1]
/Users/jackcuster/Documents/fx-data/code/l2lib.py:1884: RuntimeWarning: overflow encountered in scalar multiply
  st = fr if not np.isfinite(st) else index_smooth * fr + (1 - index_smooth) * st
/Users/jackcuster/Documents/fx-data/code/l2lib.py:1881: RuntimeWarning: overflow encountered in scalar multiply
  sm = r if not np.isfinite(sm) else price_smooth * r + (1 - price_smooth) * sm
/Users/jackcuster/Documents/fx-data/code/l2lib.py:1856: RuntimeWarning: overflow encountered in scalar multiply
  fama[i] = .5 * al * mama[i] + (1 - .5 * al) * fama[i - 1]
/Users/jackcuster/Documents/fx-data/code/l2lib.py:1855: RuntimeWarning: overflow encountered in scalar multiply
  mama[i] = al * src[i] + (1 - al) * mama[i - 1]
/Users/jackcuster/Documents/fx-data/code/l2lib.py:1856: RuntimeWarning: invalid value encountered in scalar add
  fama[i] = .5 * al * mama[i] + (1 - .5 * al) * fama[i - 1]
/Users/jackcuster/Documents/fx-data/code/l2lib.py:1856: RuntimeWarning: overflow encountered in scalar add
  fama[i] = .5 * al * mama[i] + (1 - .5 * al) * fama[i - 1]
  [C trend] chunk   139    25 combos  5443.8 s  hit 92.5%  crossed   0  |  3,747/554,422 done, 434.3 engine-h spent, ~63820 engine-h left
/Users/jackcuster/Documents/fx-data/code/l2lib.py:1884: RuntimeWarning: overflow encountered in scalar multiply
  st = fr if not np.isfinite(st) else index_smooth * fr + (1 - index_smooth) * st
/Users/jackcuster/Documents/fx-data/code/l2lib.py:1881: RuntimeWarning: overflow encountered in scalar multiply
  sm = r if not np.isfinite(sm) else price_smooth * r + (1 - price_smooth) * sm
  [C trend] chunk   143    25 combos  3839.8 s  hit 92.7%  crossed   5  |  3,772/554,422 done, 435.3 engine-h spent, ~63550 engine-h left
  [C trend] chunk   140    25 combos  5541.9 s  hit 92.5%  crossed   0  |  3,797/554,422 done, 436.9 engine-h spent, ~63352 engine-h left
  [C trend] chunk   141    25 combos  5284.6 s  hit 92.5%  crossed   0  |  3,822/554,422 done, 438.3 engine-h spent, ~63146 engine-h left
  [C trend] chunk   144    25 combos  3823.5 s  hit 92.4%  crossed   8  |  3,847/554,422 done, 439.4 engine-h spent, ~62885 engine-h left
  [C trend] chunk   142    25 combos  5689.8 s  hit 92.7%  crossed   2  |  3,872/554,422 done, 441.0 engine-h spent, ~62701 engine-h left
/Users/jackcuster/Documents/fx-data/code/l2lib.py:1884: RuntimeWarning: overflow encountered in scalar multiply
  st = fr if not np.isfinite(st) else index_smooth * fr + (1 - index_smooth) * st
/Users/jackcuster/Documents/fx-data/code/l2lib.py:1881: RuntimeWarning: overflow encountered in scalar multiply
  sm = r if not np.isfinite(sm) else price_smooth * r + (1 - price_smooth) * sm
/Users/jackcuster/Documents/fx-data/code/l2lib.py:1884: RuntimeWarning: overflow encountered in scalar multiply
  st = fr if not np.isfinite(st) else index_smooth * fr + (1 - index_smooth) * st
/Users/jackcuster/Documents/fx-data/code/l2lib.py:1881: RuntimeWarning: overflow encountered in scalar multiply
  sm = r if not np.isfinite(sm) else price_smooth * r + (1 - price_smooth) * sm
/Users/jackcuster/Documents/fx-data/code/l2lib.py:1856: RuntimeWarning: overflow encountered in scalar multiply
  fama[i] = .5 * al * mama[i] + (1 - .5 * al) * fama[i - 1]
/Users/jackcuster/Documents/fx-data/code/l2lib.py:1855: RuntimeWarning: overflow encountered in scalar multiply
  mama[i] = al * src[i] + (1 - al) * mama[i - 1]
/Users/jackcuster/Documents/fx-data/code/l2lib.py:1856: RuntimeWarning: invalid value encountered in scalar add
  fama[i] = .5 * al * mama[i] + (1 - .5 * al) * fama[i - 1]
/Users/jackcuster/Documents/fx-data/code/l2lib.py:1856: RuntimeWarning: overflow encountered in scalar add
  fama[i] = .5 * al * mama[i] + (1 - .5 * al) * fama[i - 1]
/Users/jackcuster/Documents/fx-data/code/l2lib.py:1884: RuntimeWarning: overflow encountered in scalar multiply
  st = fr if not np.isfinite(st) else index_smooth * fr + (1 - index_smooth) * st
/Users/jackcuster/Documents/fx-data/code/l2lib.py:1881: RuntimeWarning: overflow encountered in scalar multiply
  sm = r if not np.isfinite(sm) else price_smooth * r + (1 - price_smooth) * sm
/Users/jackcuster/Documents/fx-data/code/l2lib.py:1884: RuntimeWarning: overflow encountered in scalar multiply
  st = fr if not np.isfinite(st) else index_smooth * fr + (1 - index_smooth) * st
/Users/jackcuster/Documents/fx-data/code/l2lib.py:1881: RuntimeWarning: overflow encountered in scalar multiply
  sm = r if not np.isfinite(sm) else price_smooth * r + (1 - price_smooth) * sm
/Users/jackcuster/Documents/fx-data/code/l2lib.py:1856: RuntimeWarning: overflow encountered in scalar multiply
  fama[i] = .5 * al * mama[i] + (1 - .5 * al) * fama[i - 1]
/Users/jackcuster/Documents/fx-data/code/l2lib.py:1855: RuntimeWarning: overflow encountered in scalar multiply
  mama[i] = al * src[i] + (1 - al) * mama[i - 1]
/Users/jackcuster/Documents/fx-data/code/l2lib.py:1856: RuntimeWarning: invalid value encountered in scalar add
  fama[i] = .5 * al * mama[i] + (1 - .5 * al) * fama[i - 1]
/Users/jackcuster/Documents/fx-data/code/l2lib.py:1856: RuntimeWarning: overflow encountered in scalar add
  fama[i] = .5 * al * mama[i] + (1 - .5 * al) * fama[i - 1]
/Users/jackcuster/Documents/fx-data/code/l2lib.py:1856: RuntimeWarning: overflow encountered in scalar multiply
  fama[i] = .5 * al * mama[i] + (1 - .5 * al) * fama[i - 1]
/Users/jackcuster/Documents/fx-data/code/l2lib.py:1855: RuntimeWarning: overflow encountered in scalar multiply
  mama[i] = al * src[i] + (1 - al) * mama[i - 1]
/Users/jackcuster/Documents/fx-data/code/l2lib.py:1856: RuntimeWarning: invalid value encountered in scalar add
  fama[i] = .5 * al * mama[i] + (1 - .5 * al) * fama[i - 1]
/Users/jackcuster/Documents/fx-data/code/l2lib.py:1856: RuntimeWarning: overflow encountered in scalar add
  fama[i] = .5 * al * mama[i] + (1 - .5 * al) * fama[i - 1]
/Users/jackcuster/Documents/fx-data/code/l2lib.py:1856: RuntimeWarning: overflow encountered in scalar multiply
  fama[i] = .5 * al * mama[i] + (1 - .5 * al) * fama[i - 1]
/Users/jackcuster/Documents/fx-data/code/l2lib.py:1855: RuntimeWarning: overflow encountered in scalar multiply
  mama[i] = al * src[i] + (1 - al) * mama[i - 1]
/Users/jackcuster/Documents/fx-data/code/l2lib.py:1856: RuntimeWarning: invalid value encountered in scalar add
  fama[i] = .5 * al * mama[i] + (1 - .5 * al) * fama[i - 1]
/Users/jackcuster/Documents/fx-data/code/l2lib.py:1856: RuntimeWarning: overflow encountered in scalar add
  fama[i] = .5 * al * mama[i] + (1 - .5 * al) * fama[i - 1]
  [C trend] chunk   147    25 combos  3404.2 s  hit 92.6%  crossed   2  |  3,897/554,422 done, 441.9 engine-h spent, ~62429 engine-h left
  [C trend] chunk   146    25 combos  3457.1 s  hit 92.1%  crossed   5  |  3,922/554,422 done, 442.9 engine-h spent, ~62163 engine-h left
  [C trend] chunk   148    25 combos  3104.4 s  hit 92.4%  crossed   4  |  3,947/554,422 done, 443.7 engine-h spent, ~61887 engine-h left
  [C trend] chunk   149    25 combos  3416.0 s  hit 92.6%  crossed   1  |  3,972/554,422 done, 444.7 engine-h spent, ~61626 engine-h left
/Users/jackcuster/Documents/fx-data/code/l2lib.py:1856: RuntimeWarning: overflow encountered in scalar multiply
  fama[i] = .5 * al * mama[i] + (1 - .5 * al) * fama[i - 1]
/Users/jackcuster/Documents/fx-data/code/l2lib.py:1855: RuntimeWarning: overflow encountered in scalar multiply
  mama[i] = al * src[i] + (1 - al) * mama[i - 1]
/Users/jackcuster/Documents/fx-data/code/l2lib.py:1856: RuntimeWarning: invalid value encountered in scalar add
  fama[i] = .5 * al * mama[i] + (1 - .5 * al) * fama[i - 1]
/Users/jackcuster/Documents/fx-data/code/l2lib.py:1856: RuntimeWarning: overflow encountered in scalar add
  fama[i] = .5 * al * mama[i] + (1 - .5 * al) * fama[i - 1]
  [C trend] chunk   145    25 combos  5171.4 s  hit 92.0%  crossed  16  |  3,997/554,422 done, 446.1 engine-h spent, ~61436 engine-h left
/Users/jackcuster/Documents/fx-data/code/l2lib.py:1856: RuntimeWarning: overflow encountered in scalar multiply
  fama[i] = .5 * al * mama[i] + (1 - .5 * al) * fama[i - 1]
/Users/jackcuster/Documents/fx-data/code/l2lib.py:1855: RuntimeWarning: overflow encountered in scalar multiply
  mama[i] = al * src[i] + (1 - al) * mama[i - 1]
/Users/jackcuster/Documents/fx-data/code/l2lib.py:1856: RuntimeWarning: invalid value encountered in scalar add
  fama[i] = .5 * al * mama[i] + (1 - .5 * al) * fama[i - 1]
/Users/jackcuster/Documents/fx-data/code/l2lib.py:1856: RuntimeWarning: overflow encountered in scalar add
  fama[i] = .5 * al * mama[i] + (1 - .5 * al) * fama[i - 1]
  [C trend] chunk   150    25 combos  3843.7 s  hit 92.4%  crossed   1  |  4,022/554,422 done, 447.2 engine-h spent, ~61197 engine-h left
/Users/jackcuster/Documents/fx-data/code/l2lib.py:1884: RuntimeWarning: overflow encountered in scalar multiply
  st = fr if not np.isfinite(st) else index_smooth * fr + (1 - index_smooth) * st
/Users/jackcuster/Documents/fx-data/code/l2lib.py:1881: RuntimeWarning: overflow encountered in scalar multiply
  sm = r if not np.isfinite(sm) else price_smooth * r + (1 - price_smooth) * sm
/Users/jackcuster/Documents/fx-data/code/l2lib.py:1856: RuntimeWarning: overflow encountered in scalar multiply
  fama[i] = .5 * al * mama[i] + (1 - .5 * al) * fama[i - 1]
/Users/jackcuster/Documents/fx-data/code/l2lib.py:1855: RuntimeWarning: overflow encountered in scalar multiply
  mama[i] = al * src[i] + (1 - al) * mama[i - 1]
/Users/jackcuster/Documents/fx-data/code/l2lib.py:1856: RuntimeWarning: invalid value encountered in scalar add
  fama[i] = .5 * al * mama[i] + (1 - .5 * al) * fama[i - 1]
/Users/jackcuster/Documents/fx-data/code/l2lib.py:1856: RuntimeWarning: overflow encountered in scalar add
  fama[i] = .5 * al * mama[i] + (1 - .5 * al) * fama[i - 1]
/Users/jackcuster/Documents/fx-data/code/l2lib.py:1884: RuntimeWarning: overflow encountered in scalar multiply
  st = fr if not np.isfinite(st) else index_smooth * fr + (1 - index_smooth) * st
/Users/jackcuster/Documents/fx-data/code/l2lib.py:1881: RuntimeWarning: overflow encountered in scalar multiply
  sm = r if not np.isfinite(sm) else price_smooth * r + (1 - price_smooth) * sm
/Users/jackcuster/Documents/fx-data/code/l2lib.py:1856: RuntimeWarning: overflow encountered in scalar multiply
  fama[i] = .5 * al * mama[i] + (1 - .5 * al) * fama[i - 1]
/Users/jackcuster/Documents/fx-data/code/l2lib.py:1855: RuntimeWarning: overflow encountered in scalar multiply
  mama[i] = al * src[i] + (1 - al) * mama[i - 1]
/Users/jackcuster/Documents/fx-data/code/l2lib.py:1856: RuntimeWarning: invalid value encountered in scalar add
  fama[i] = .5 * al * mama[i] + (1 - .5 * al) * fama[i - 1]
/Users/jackcuster/Documents/fx-data/code/l2lib.py:1856: RuntimeWarning: overflow encountered in scalar add
  fama[i] = .5 * al * mama[i] + (1 - .5 * al) * fama[i - 1]
  [C trend] chunk   152    25 combos  4806.0 s  hit 91.7%  crossed   4  |  4,047/554,422 done, 448.5 engine-h spent, ~60998 engine-h left
  [C trend] chunk   154    25 combos  4276.0 s  hit 91.6%  crossed   2  |  4,072/554,422 done, 449.7 engine-h spent, ~60781 engine-h left
  [C trend] chunk   153    25 combos  5170.4 s  hit 91.5%  crossed   8  |  4,097/554,422 done, 451.1 engine-h spent, ~60601 engine-h left
/Users/jackcuster/Documents/fx-data/code/l2lib.py:1884: RuntimeWarning: overflow encountered in scalar multiply
  st = fr if not np.isfinite(st) else index_smooth * fr + (1 - index_smooth) * st
/Users/jackcuster/Documents/fx-data/code/l2lib.py:1881: RuntimeWarning: overflow encountered in scalar multiply
  sm = r if not np.isfinite(sm) else price_smooth * r + (1 - price_smooth) * sm
/Users/jackcuster/Documents/fx-data/code/l2lib.py:1884: RuntimeWarning: overflow encountered in scalar multiply
  st = fr if not np.isfinite(st) else index_smooth * fr + (1 - index_smooth) * st
/Users/jackcuster/Documents/fx-data/code/l2lib.py:1881: RuntimeWarning: overflow encountered in scalar multiply
  sm = r if not np.isfinite(sm) else price_smooth * r + (1 - price_smooth) * sm
/Users/jackcuster/Documents/fx-data/code/l2lib.py:1856: RuntimeWarning: overflow encountered in scalar multiply
  fama[i] = .5 * al * mama[i] + (1 - .5 * al) * fama[i - 1]
/Users/jackcuster/Documents/fx-data/code/l2lib.py:1855: RuntimeWarning: overflow encountered in scalar multiply
  mama[i] = al * src[i] + (1 - al) * mama[i - 1]
/Users/jackcuster/Documents/fx-data/code/l2lib.py:1856: RuntimeWarning: invalid value encountered in scalar add
  fama[i] = .5 * al * mama[i] + (1 - .5 * al) * fama[i - 1]
/Users/jackcuster/Documents/fx-data/code/l2lib.py:1856: RuntimeWarning: overflow encountered in scalar add
  fama[i] = .5 * al * mama[i] + (1 - .5 * al) * fama[i - 1]
  [C trend] chunk   151    25 combos  5765.0 s  hit 91.3%  crossed   1  |  4,122/554,422 done, 452.8 engine-h spent, ~60444 engine-h left
/Users/jackcuster/Documents/fx-data/code/l2lib.py:1856: RuntimeWarning: overflow encountered in scalar multiply
  fama[i] = .5 * al * mama[i] + (1 - .5 * al) * fama[i - 1]
/Users/jackcuster/Documents/fx-data/code/l2lib.py:1855: RuntimeWarning: overflow encountered in scalar multiply
  mama[i] = al * src[i] + (1 - al) * mama[i - 1]
/Users/jackcuster/Documents/fx-data/code/l2lib.py:1856: RuntimeWarning: invalid value encountered in scalar add
  fama[i] = .5 * al * mama[i] + (1 - .5 * al) * fama[i - 1]
/Users/jackcuster/Documents/fx-data/code/l2lib.py:1856: RuntimeWarning: overflow encountered in scalar add
  fama[i] = .5 * al * mama[i] + (1 - .5 * al) * fama[i - 1]
/Users/jackcuster/Documents/fx-data/code/l2lib.py:1856: RuntimeWarning: overflow encountered in scalar multiply
  fama[i] = .5 * al * mama[i] + (1 - .5 * al) * fama[i - 1]
/Users/jackcuster/Documents/fx-data/code/l2lib.py:1855: RuntimeWarning: overflow encountered in scalar multiply
  mama[i] = al * src[i] + (1 - al) * mama[i - 1]
/Users/jackcuster/Documents/fx-data/code/l2lib.py:1856: RuntimeWarning: invalid value encountered in scalar add
  fama[i] = .5 * al * mama[i] + (1 - .5 * al) * fama[i - 1]
/Users/jackcuster/Documents/fx-data/code/l2lib.py:1856: RuntimeWarning: overflow encountered in scalar add
  fama[i] = .5 * al * mama[i] + (1 - .5 * al) * fama[i - 1]
  [C trend] chunk   155    25 combos  5412.3 s  hit 91.2%  crossed   7  |  4,147/554,422 done, 454.3 engine-h spent, ~60276 engine-h left
  [C trend] chunk   156    25 combos  5110.9 s  hit 91.6%  crossed   7  |  4,172/554,422 done, 455.7 engine-h spent, ~60100 engine-h left
/Users/jackcuster/Documents/fx-data/code/l2lib.py:1884: RuntimeWarning: overflow encountered in scalar multiply
  st = fr if not np.isfinite(st) else index_smooth * fr + (1 - index_smooth) * st
/Users/jackcuster/Documents/fx-data/code/l2lib.py:1881: RuntimeWarning: overflow encountered in scalar multiply
  sm = r if not np.isfinite(sm) else price_smooth * r + (1 - price_smooth) * sm
/Users/jackcuster/Documents/fx-data/code/l2lib.py:1856: RuntimeWarning: overflow encountered in scalar multiply
  fama[i] = .5 * al * mama[i] + (1 - .5 * al) * fama[i - 1]
/Users/jackcuster/Documents/fx-data/code/l2lib.py:1855: RuntimeWarning: overflow encountered in scalar multiply
  mama[i] = al * src[i] + (1 - al) * mama[i - 1]
/Users/jackcuster/Documents/fx-data/code/l2lib.py:1856: RuntimeWarning: invalid value encountered in scalar add
  fama[i] = .5 * al * mama[i] + (1 - .5 * al) * fama[i - 1]
/Users/jackcuster/Documents/fx-data/code/l2lib.py:1856: RuntimeWarning: overflow encountered in scalar add
  fama[i] = .5 * al * mama[i] + (1 - .5 * al) * fama[i - 1]
/Users/jackcuster/Documents/fx-data/code/l2lib.py:1856: RuntimeWarning: overflow encountered in scalar multiply
  fama[i] = .5 * al * mama[i] + (1 - .5 * al) * fama[i - 1]
/Users/jackcuster/Documents/fx-data/code/l2lib.py:1855: RuntimeWarning: overflow encountered in scalar multiply
  mama[i] = al * src[i] + (1 - al) * mama[i - 1]
/Users/jackcuster/Documents/fx-data/code/l2lib.py:1856: RuntimeWarning: invalid value encountered in scalar add
  fama[i] = .5 * al * mama[i] + (1 - .5 * al) * fama[i - 1]
/Users/jackcuster/Documents/fx-data/code/l2lib.py:1856: RuntimeWarning: overflow encountered in scalar add
  fama[i] = .5 * al * mama[i] + (1 - .5 * al) * fama[i - 1]
  [C trend] chunk   158    25 combos  3178.7 s  hit 92.5%  crossed   1  |  4,197/554,422 done, 456.6 engine-h spent, ~59855 engine-h left
/Users/jackcuster/Documents/fx-data/code/l2lib.py:1856: RuntimeWarning: overflow encountered in scalar multiply
  fama[i] = .5 * al * mama[i] + (1 - .5 * al) * fama[i - 1]
/Users/jackcuster/Documents/fx-data/code/l2lib.py:1855: RuntimeWarning: overflow encountered in scalar multiply
  mama[i] = al * src[i] + (1 - al) * mama[i - 1]
/Users/jackcuster/Documents/fx-data/code/l2lib.py:1856: RuntimeWarning: invalid value encountered in scalar add
  fama[i] = .5 * al * mama[i] + (1 - .5 * al) * fama[i - 1]
/Users/jackcuster/Documents/fx-data/code/l2lib.py:1856: RuntimeWarning: overflow encountered in scalar add
  fama[i] = .5 * al * mama[i] + (1 - .5 * al) * fama[i - 1]
  [C trend] chunk   159    25 combos  3392.9 s  hit 92.6%  crossed   0  |  4,222/554,422 done, 457.5 engine-h spent, ~59621 engine-h left
  [C trend] chunk   157    25 combos  4205.5 s  hit 92.7%  crossed   2  |  4,247/554,422 done, 458.7 engine-h spent, ~59418 engine-h left
  [C trend] chunk   160    25 combos  3604.2 s  hit 91.9%  crossed   0  |  4,272/554,422 done, 459.7 engine-h spent, ~59197 engine-h left
/Users/jackcuster/Documents/fx-data/code/l2lib.py:1856: RuntimeWarning: overflow encountered in scalar multiply
  fama[i] = .5 * al * mama[i] + (1 - .5 * al) * fama[i - 1]
/Users/jackcuster/Documents/fx-data/code/l2lib.py:1855: RuntimeWarning: overflow encountered in scalar multiply
  mama[i] = al * src[i] + (1 - al) * mama[i - 1]
/Users/jackcuster/Documents/fx-data/code/l2lib.py:1856: RuntimeWarning: invalid value encountered in scalar add
  fama[i] = .5 * al * mama[i] + (1 - .5 * al) * fama[i - 1]
/Users/jackcuster/Documents/fx-data/code/l2lib.py:1856: RuntimeWarning: overflow encountered in scalar add
  fama[i] = .5 * al * mama[i] + (1 - .5 * al) * fama[i - 1]
  [C trend] chunk   161    25 combos  3652.1 s  hit 91.9%  crossed   9  |  4,297/554,422 done, 460.7 engine-h spent, ~58980 engine-h left
/Users/jackcuster/Documents/fx-data/code/l2lib.py:1884: RuntimeWarning: overflow encountered in scalar multiply
  st = fr if not np.isfinite(st) else index_smooth * fr + (1 - index_smooth) * st
/Users/jackcuster/Documents/fx-data/code/l2lib.py:1881: RuntimeWarning: overflow encountered in scalar multiply
  sm = r if not np.isfinite(sm) else price_smooth * r + (1 - price_smooth) * sm
/Users/jackcuster/Documents/fx-data/code/l2lib.py:1884: RuntimeWarning: overflow encountered in scalar multiply
  st = fr if not np.isfinite(st) else index_smooth * fr + (1 - index_smooth) * st
/Users/jackcuster/Documents/fx-data/code/l2lib.py:1881: RuntimeWarning: overflow encountered in scalar multiply
  sm = r if not np.isfinite(sm) else price_smooth * r + (1 - price_smooth) * sm
/Users/jackcuster/Documents/fx-data/code/l2lib.py:1856: RuntimeWarning: overflow encountered in scalar multiply
  fama[i] = .5 * al * mama[i] + (1 - .5 * al) * fama[i - 1]
/Users/jackcuster/Documents/fx-data/code/l2lib.py:1855: RuntimeWarning: overflow encountered in scalar multiply
  mama[i] = al * src[i] + (1 - al) * mama[i - 1]
/Users/jackcuster/Documents/fx-data/code/l2lib.py:1856: RuntimeWarning: invalid value encountered in scalar add
  fama[i] = .5 * al * mama[i] + (1 - .5 * al) * fama[i - 1]
/Users/jackcuster/Documents/fx-data/code/l2lib.py:1856: RuntimeWarning: overflow encountered in scalar add
  fama[i] = .5 * al * mama[i] + (1 - .5 * al) * fama[i - 1]
/Users/jackcuster/Documents/fx-data/code/l2lib.py:1884: RuntimeWarning: overflow encountered in scalar multiply
  st = fr if not np.isfinite(st) else index_smooth * fr + (1 - index_smooth) * st
/Users/jackcuster/Documents/fx-data/code/l2lib.py:1881: RuntimeWarning: overflow encountered in scalar multiply
  sm = r if not np.isfinite(sm) else price_smooth * r + (1 - price_smooth) * sm
/Users/jackcuster/Documents/fx-data/code/l2lib.py:1856: RuntimeWarning: overflow encountered in scalar multiply
  fama[i] = .5 * al * mama[i] + (1 - .5 * al) * fama[i - 1]
/Users/jackcuster/Documents/fx-data/code/l2lib.py:1855: RuntimeWarning: overflow encountered in scalar multiply
  mama[i] = al * src[i] + (1 - al) * mama[i - 1]
/Users/jackcuster/Documents/fx-data/code/l2lib.py:1856: RuntimeWarning: invalid value encountered in scalar add
  fama[i] = .5 * al * mama[i] + (1 - .5 * al) * fama[i - 1]
/Users/jackcuster/Documents/fx-data/code/l2lib.py:1856: RuntimeWarning: overflow encountered in scalar add
  fama[i] = .5 * al * mama[i] + (1 - .5 * al) * fama[i - 1]
/Users/jackcuster/Documents/fx-data/code/l2lib.py:1856: RuntimeWarning: overflow encountered in scalar multiply
  fama[i] = .5 * al * mama[i] + (1 - .5 * al) * fama[i - 1]
/Users/jackcuster/Documents/fx-data/code/l2lib.py:1855: RuntimeWarning: overflow encountered in scalar multiply
  mama[i] = al * src[i] + (1 - al) * mama[i - 1]
/Users/jackcuster/Documents/fx-data/code/l2lib.py:1856: RuntimeWarning: invalid value encountered in scalar add
  fama[i] = .5 * al * mama[i] + (1 - .5 * al) * fama[i - 1]
/Users/jackcuster/Documents/fx-data/code/l2lib.py:1856: RuntimeWarning: overflow encountered in scalar add
  fama[i] = .5 * al * mama[i] + (1 - .5 * al) * fama[i - 1]
/Users/jackcuster/Documents/fx-data/code/l2lib.py:1884: RuntimeWarning: overflow encountered in scalar multiply
  st = fr if not np.isfinite(st) else index_smooth * fr + (1 - index_smooth) * st
/Users/jackcuster/Documents/fx-data/code/l2lib.py:1881: RuntimeWarning: overflow encountered in scalar multiply
  sm = r if not np.isfinite(sm) else price_smooth * r + (1 - price_smooth) * sm
  [C trend] chunk   163    25 combos  3811.3 s  hit 91.9%  crossed   7  |  4,322/554,422 done, 461.8 engine-h spent, ~58770 engine-h left
  [C trend] chunk   162    25 combos  5418.2 s  hit 91.6%  crossed   3  |  4,347/554,422 done, 463.2 engine-h spent, ~58620 engine-h left
/Users/jackcuster/Documents/fx-data/code/l2lib.py:1884: RuntimeWarning: overflow encountered in scalar multiply
  st = fr if not np.isfinite(st) else index_smooth * fr + (1 - index_smooth) * st
/Users/jackcuster/Documents/fx-data/code/l2lib.py:1881: RuntimeWarning: overflow encountered in scalar multiply
  sm = r if not np.isfinite(sm) else price_smooth * r + (1 - price_smooth) * sm
  [C trend] chunk   165    25 combos  3504.9 s  hit 92.1%  crossed   1  |  4,372/554,422 done, 464.2 engine-h spent, ~58405 engine-h left
/Users/jackcuster/Documents/fx-data/code/l2lib.py:1884: RuntimeWarning: overflow encountered in scalar multiply
  st = fr if not np.isfinite(st) else index_smooth * fr + (1 - index_smooth) * st
/Users/jackcuster/Documents/fx-data/code/l2lib.py:1881: RuntimeWarning: overflow encountered in scalar multiply
  sm = r if not np.isfinite(sm) else price_smooth * r + (1 - price_smooth) * sm
/Users/jackcuster/Documents/fx-data/code/l2lib.py:1856: RuntimeWarning: overflow encountered in scalar multiply
  fama[i] = .5 * al * mama[i] + (1 - .5 * al) * fama[i - 1]
/Users/jackcuster/Documents/fx-data/code/l2lib.py:1855: RuntimeWarning: overflow encountered in scalar multiply
  mama[i] = al * src[i] + (1 - al) * mama[i - 1]
/Users/jackcuster/Documents/fx-data/code/l2lib.py:1856: RuntimeWarning: invalid value encountered in scalar add
  fama[i] = .5 * al * mama[i] + (1 - .5 * al) * fama[i - 1]
/Users/jackcuster/Documents/fx-data/code/l2lib.py:1856: RuntimeWarning: overflow encountered in scalar add
  fama[i] = .5 * al * mama[i] + (1 - .5 * al) * fama[i - 1]
  [C trend] chunk   164    25 combos  3931.4 s  hit 92.1%  crossed   6  |  4,397/554,422 done, 465.3 engine-h spent, ~58207 engine-h left
  [C trend] chunk   166    25 combos  3527.9 s  hit 92.0%  crossed   6  |  4,422/554,422 done, 466.3 engine-h spent, ~57997 engine-h left
/Users/jackcuster/Documents/fx-data/code/l2lib.py:1856: RuntimeWarning: overflow encountered in scalar multiply
  fama[i] = .5 * al * mama[i] + (1 - .5 * al) * fama[i - 1]
/Users/jackcuster/Documents/fx-data/code/l2lib.py:1855: RuntimeWarning: overflow encountered in scalar multiply
  mama[i] = al * src[i] + (1 - al) * mama[i - 1]
/Users/jackcuster/Documents/fx-data/code/l2lib.py:1856: RuntimeWarning: invalid value encountered in scalar add
  fama[i] = .5 * al * mama[i] + (1 - .5 * al) * fama[i - 1]
/Users/jackcuster/Documents/fx-data/code/l2lib.py:1856: RuntimeWarning: overflow encountered in scalar add
  fama[i] = .5 * al * mama[i] + (1 - .5 * al) * fama[i - 1]
/Users/jackcuster/Documents/fx-data/code/l2lib.py:1884: RuntimeWarning: overflow encountered in scalar multiply
  st = fr if not np.isfinite(st) else index_smooth * fr + (1 - index_smooth) * st
/Users/jackcuster/Documents/fx-data/code/l2lib.py:1881: RuntimeWarning: overflow encountered in scalar multiply
  sm = r if not np.isfinite(sm) else price_smooth * r + (1 - price_smooth) * sm
/Users/jackcuster/Documents/fx-data/code/l2lib.py:1856: RuntimeWarning: overflow encountered in scalar multiply
  fama[i] = .5 * al * mama[i] + (1 - .5 * al) * fama[i - 1]
/Users/jackcuster/Documents/fx-data/code/l2lib.py:1855: RuntimeWarning: overflow encountered in scalar multiply
  mama[i] = al * src[i] + (1 - al) * mama[i - 1]
/Users/jackcuster/Documents/fx-data/code/l2lib.py:1856: RuntimeWarning: invalid value encountered in scalar add
  fama[i] = .5 * al * mama[i] + (1 - .5 * al) * fama[i - 1]
/Users/jackcuster/Documents/fx-data/code/l2lib.py:1856: RuntimeWarning: overflow encountered in scalar add
  fama[i] = .5 * al * mama[i] + (1 - .5 * al) * fama[i - 1]
  [C trend] chunk   167    25 combos  3497.7 s  hit 92.1%  crossed   2  |  4,447/554,422 done, 467.3 engine-h spent, ~57788 engine-h left
/Users/jackcuster/Documents/fx-data/code/l2lib.py:1856: RuntimeWarning: overflow encountered in scalar multiply
  fama[i] = .5 * al * mama[i] + (1 - .5 * al) * fama[i - 1]
/Users/jackcuster/Documents/fx-data/code/l2lib.py:1855: RuntimeWarning: overflow encountered in scalar multiply
  mama[i] = al * src[i] + (1 - al) * mama[i - 1]
/Users/jackcuster/Documents/fx-data/code/l2lib.py:1856: RuntimeWarning: invalid value encountered in scalar add
  fama[i] = .5 * al * mama[i] + (1 - .5 * al) * fama[i - 1]
/Users/jackcuster/Documents/fx-data/code/l2lib.py:1856: RuntimeWarning: overflow encountered in scalar add
  fama[i] = .5 * al * mama[i] + (1 - .5 * al) * fama[i - 1]
/Users/jackcuster/Documents/fx-data/code/l2lib.py:1884: RuntimeWarning: overflow encountered in scalar multiply
  st = fr if not np.isfinite(st) else index_smooth * fr + (1 - index_smooth) * st
/Users/jackcuster/Documents/fx-data/code/l2lib.py:1881: RuntimeWarning: overflow encountered in scalar multiply
  sm = r if not np.isfinite(sm) else price_smooth * r + (1 - price_smooth) * sm
/Users/jackcuster/Documents/fx-data/code/l2lib.py:1856: RuntimeWarning: overflow encountered in scalar multiply
  fama[i] = .5 * al * mama[i] + (1 - .5 * al) * fama[i - 1]
/Users/jackcuster/Documents/fx-data/code/l2lib.py:1855: RuntimeWarning: overflow encountered in scalar multiply
  mama[i] = al * src[i] + (1 - al) * mama[i - 1]
/Users/jackcuster/Documents/fx-data/code/l2lib.py:1856: RuntimeWarning: invalid value encountered in scalar add
  fama[i] = .5 * al * mama[i] + (1 - .5 * al) * fama[i - 1]
/Users/jackcuster/Documents/fx-data/code/l2lib.py:1856: RuntimeWarning: overflow encountered in scalar add
  fama[i] = .5 * al * mama[i] + (1 - .5 * al) * fama[i - 1]
/Users/jackcuster/Documents/fx-data/code/l2lib.py:1884: RuntimeWarning: overflow encountered in scalar multiply
  st = fr if not np.isfinite(st) else index_smooth * fr + (1 - index_smooth) * st
/Users/jackcuster/Documents/fx-data/code/l2lib.py:1881: RuntimeWarning: overflow encountered in scalar multiply
  sm = r if not np.isfinite(sm) else price_smooth * r + (1 - price_smooth) * sm
  [C trend] chunk   169    25 combos  3225.2 s  hit 92.8%  crossed   4  |  4,472/554,422 done, 468.2 engine-h spent, ~57573 engine-h left
  [C trend] chunk   172    25 combos  3201.3 s  hit 93.3%  crossed   1  |  4,497/554,422 done, 469.1 engine-h spent, ~57359 engine-h left
  [C trend] chunk   168    25 combos  3824.4 s  hit 92.1%  crossed   2  |  4,522/554,422 done, 470.1 engine-h spent, ~57169 engine-h left
/Users/jackcuster/Documents/fx-data/code/l2lib.py:1884: RuntimeWarning: overflow encountered in scalar multiply
  st = fr if not np.isfinite(st) else index_smooth * fr + (1 - index_smooth) * st
/Users/jackcuster/Documents/fx-data/code/l2lib.py:1881: RuntimeWarning: overflow encountered in scalar multiply
  sm = r if not np.isfinite(sm) else price_smooth * r + (1 - price_smooth) * sm
/Users/jackcuster/Documents/fx-data/code/l2lib.py:1856: RuntimeWarning: overflow encountered in scalar multiply
  fama[i] = .5 * al * mama[i] + (1 - .5 * al) * fama[i - 1]
/Users/jackcuster/Documents/fx-data/code/l2lib.py:1855: RuntimeWarning: overflow encountered in scalar multiply
  mama[i] = al * src[i] + (1 - al) * mama[i - 1]
/Users/jackcuster/Documents/fx-data/code/l2lib.py:1856: RuntimeWarning: invalid value encountered in scalar add
  fama[i] = .5 * al * mama[i] + (1 - .5 * al) * fama[i - 1]
/Users/jackcuster/Documents/fx-data/code/l2lib.py:1856: RuntimeWarning: overflow encountered in scalar add
  fama[i] = .5 * al * mama[i] + (1 - .5 * al) * fama[i - 1]
  [C trend] chunk   170    25 combos  3809.0 s  hit 92.9%  crossed   7  |  4,547/554,422 done, 471.2 engine-h spent, ~56980 engine-h left
/Users/jackcuster/Documents/fx-data/code/l2lib.py:1856: RuntimeWarning: overflow encountered in scalar multiply
  fama[i] = .5 * al * mama[i] + (1 - .5 * al) * fama[i - 1]
/Users/jackcuster/Documents/fx-data/code/l2lib.py:1855: RuntimeWarning: overflow encountered in scalar multiply
  mama[i] = al * src[i] + (1 - al) * mama[i - 1]
/Users/jackcuster/Documents/fx-data/code/l2lib.py:1856: RuntimeWarning: invalid value encountered in scalar add
  fama[i] = .5 * al * mama[i] + (1 - .5 * al) * fama[i - 1]
/Users/jackcuster/Documents/fx-data/code/l2lib.py:1856: RuntimeWarning: overflow encountered in scalar add
  fama[i] = .5 * al * mama[i] + (1 - .5 * al) * fama[i - 1]
  [C trend] chunk   171    25 combos  3890.9 s  hit 92.3%  crossed  14  |  4,572/554,422 done, 472.2 engine-h spent, ~56796 engine-h left
  [C trend] chunk   173    25 combos  3001.0 s  hit 93.2%  crossed   4  |  4,597/554,422 done, 473.1 engine-h spent, ~56584 engine-h left
/Users/jackcuster/Documents/fx-data/code/l2lib.py:1856: RuntimeWarning: overflow encountered in scalar multiply
  fama[i] = .5 * al * mama[i] + (1 - .5 * al) * fama[i - 1]
/Users/jackcuster/Documents/fx-data/code/l2lib.py:1855: RuntimeWarning: overflow encountered in scalar multiply
  mama[i] = al * src[i] + (1 - al) * mama[i - 1]
/Users/jackcuster/Documents/fx-data/code/l2lib.py:1856: RuntimeWarning: invalid value encountered in scalar add
  fama[i] = .5 * al * mama[i] + (1 - .5 * al) * fama[i - 1]
/Users/jackcuster/Documents/fx-data/code/l2lib.py:1856: RuntimeWarning: overflow encountered in scalar add
  fama[i] = .5 * al * mama[i] + (1 - .5 * al) * fama[i - 1]
/Users/jackcuster/Documents/fx-data/code/l2lib.py:1856: RuntimeWarning: overflow encountered in scalar multiply
  fama[i] = .5 * al * mama[i] + (1 - .5 * al) * fama[i - 1]
/Users/jackcuster/Documents/fx-data/code/l2lib.py:1855: RuntimeWarning: overflow encountered in scalar multiply
  mama[i] = al * src[i] + (1 - al) * mama[i - 1]
/Users/jackcuster/Documents/fx-data/code/l2lib.py:1856: RuntimeWarning: invalid value encountered in scalar add
  fama[i] = .5 * al * mama[i] + (1 - .5 * al) * fama[i - 1]
/Users/jackcuster/Documents/fx-data/code/l2lib.py:1856: RuntimeWarning: overflow encountered in scalar add
  fama[i] = .5 * al * mama[i] + (1 - .5 * al) * fama[i - 1]
  [C trend] chunk   174    25 combos  3217.4 s  hit 93.2%  crossed   3  |  4,622/554,422 done, 474.0 engine-h spent, ~56381 engine-h left
/Users/jackcuster/Documents/fx-data/code/l2lib.py:1884: RuntimeWarning: overflow encountered in scalar multiply
  st = fr if not np.isfinite(st) else index_smooth * fr + (1 - index_smooth) * st
/Users/jackcuster/Documents/fx-data/code/l2lib.py:1881: RuntimeWarning: overflow encountered in scalar multiply
  sm = r if not np.isfinite(sm) else price_smooth * r + (1 - price_smooth) * sm
/Users/jackcuster/Documents/fx-data/code/l2lib.py:1884: RuntimeWarning: overflow encountered in scalar multiply
  st = fr if not np.isfinite(st) else index_smooth * fr + (1 - index_smooth) * st
/Users/jackcuster/Documents/fx-data/code/l2lib.py:1881: RuntimeWarning: overflow encountered in scalar multiply
  sm = r if not np.isfinite(sm) else price_smooth * r + (1 - price_smooth) * sm
/Users/jackcuster/Documents/fx-data/code/l2lib.py:1856: RuntimeWarning: overflow encountered in scalar multiply
  fama[i] = .5 * al * mama[i] + (1 - .5 * al) * fama[i - 1]
/Users/jackcuster/Documents/fx-data/code/l2lib.py:1855: RuntimeWarning: overflow encountered in scalar multiply
  mama[i] = al * src[i] + (1 - al) * mama[i - 1]
/Users/jackcuster/Documents/fx-data/code/l2lib.py:1856: RuntimeWarning: invalid value encountered in scalar add
  fama[i] = .5 * al * mama[i] + (1 - .5 * al) * fama[i - 1]
/Users/jackcuster/Documents/fx-data/code/l2lib.py:1856: RuntimeWarning: overflow encountered in scalar add
  fama[i] = .5 * al * mama[i] + (1 - .5 * al) * fama[i - 1]
/Users/jackcuster/Documents/fx-data/code/l2lib.py:1884: RuntimeWarning: overflow encountered in scalar multiply
  st = fr if not np.isfinite(st) else index_smooth * fr + (1 - index_smooth) * st
/Users/jackcuster/Documents/fx-data/code/l2lib.py:1881: RuntimeWarning: overflow encountered in scalar multiply
  sm = r if not np.isfinite(sm) else price_smooth * r + (1 - price_smooth) * sm
  [C trend] chunk   180    25 combos  2226.9 s  hit 93.2%  crossed   0  |  4,647/554,422 done, 474.6 engine-h spent, ~56149 engine-h left
/Users/jackcuster/Documents/fx-data/code/l2lib.py:1856: RuntimeWarning: overflow encountered in scalar multiply
  fama[i] = .5 * al * mama[i] + (1 - .5 * al) * fama[i - 1]
/Users/jackcuster/Documents/fx-data/code/l2lib.py:1855: RuntimeWarning: overflow encountered in scalar multiply
  mama[i] = al * src[i] + (1 - al) * mama[i - 1]
/Users/jackcuster/Documents/fx-data/code/l2lib.py:1856: RuntimeWarning: invalid value encountered in scalar add
  fama[i] = .5 * al * mama[i] + (1 - .5 * al) * fama[i - 1]
/Users/jackcuster/Documents/fx-data/code/l2lib.py:1856: RuntimeWarning: overflow encountered in scalar add
  fama[i] = .5 * al * mama[i] + (1 - .5 * al) * fama[i - 1]
/Users/jackcuster/Documents/fx-data/code/l2lib.py:1856: RuntimeWarning: overflow encountered in scalar multiply
  fama[i] = .5 * al * mama[i] + (1 - .5 * al) * fama[i - 1]
/Users/jackcuster/Documents/fx-data/code/l2lib.py:1855: RuntimeWarning: overflow encountered in scalar multiply
  mama[i] = al * src[i] + (1 - al) * mama[i - 1]
/Users/jackcuster/Documents/fx-data/code/l2lib.py:1856: RuntimeWarning: invalid value encountered in scalar add
  fama[i] = .5 * al * mama[i] + (1 - .5 * al) * fama[i - 1]
/Users/jackcuster/Documents/fx-data/code/l2lib.py:1856: RuntimeWarning: overflow encountered in scalar add
  fama[i] = .5 * al * mama[i] + (1 - .5 * al) * fama[i - 1]
  [C trend] chunk   179    25 combos  4608.6 s  hit 92.1%  crossed   2  |  4,672/554,422 done, 475.9 engine-h spent, ~55996 engine-h left
/Users/jackcuster/Documents/fx-data/code/l2lib.py:1884: RuntimeWarning: overflow encountered in scalar multiply
  st = fr if not np.isfinite(st) else index_smooth * fr + (1 - index_smooth) * st
/Users/jackcuster/Documents/fx-data/code/l2lib.py:1881: RuntimeWarning: overflow encountered in scalar multiply
  sm = r if not np.isfinite(sm) else price_smooth * r + (1 - price_smooth) * sm
/Users/jackcuster/Documents/fx-data/code/l2lib.py:1856: RuntimeWarning: overflow encountered in scalar multiply
  fama[i] = .5 * al * mama[i] + (1 - .5 * al) * fama[i - 1]
/Users/jackcuster/Documents/fx-data/code/l2lib.py:1855: RuntimeWarning: overflow encountered in scalar multiply
  mama[i] = al * src[i] + (1 - al) * mama[i - 1]
/Users/jackcuster/Documents/fx-data/code/l2lib.py:1856: RuntimeWarning: invalid value encountered in scalar add
  fama[i] = .5 * al * mama[i] + (1 - .5 * al) * fama[i - 1]
/Users/jackcuster/Documents/fx-data/code/l2lib.py:1856: RuntimeWarning: overflow encountered in scalar add
  fama[i] = .5 * al * mama[i] + (1 - .5 * al) * fama[i - 1]
  [C trend] chunk   181    25 combos  1308.0 s  hit 92.9%  crossed   3  |  4,697/554,422 done, 476.2 engine-h spent, ~55738 engine-h left
  [C trend] chunk   182    25 combos  1451.0 s  hit 92.9%  crossed   7  |  4,722/554,422 done, 476.6 engine-h spent, ~55488 engine-h left
/Users/jackcuster/Documents/fx-data/code/l2lib.py:1884: RuntimeWarning: overflow encountered in scalar multiply
  st = fr if not np.isfinite(st) else index_smooth * fr + (1 - index_smooth) * st
/Users/jackcuster/Documents/fx-data/code/l2lib.py:1881: RuntimeWarning: overflow encountered in scalar multiply
  sm = r if not np.isfinite(sm) else price_smooth * r + (1 - price_smooth) * sm
/Users/jackcuster/Documents/fx-data/code/l2lib.py:1884: RuntimeWarning: overflow encountered in scalar multiply
  st = fr if not np.isfinite(st) else index_smooth * fr + (1 - index_smooth) * st
/Users/jackcuster/Documents/fx-data/code/l2lib.py:1881: RuntimeWarning: overflow encountered in scalar multiply
  sm = r if not np.isfinite(sm) else price_smooth * r + (1 - price_smooth) * sm
/Users/jackcuster/Documents/fx-data/code/l2lib.py:1856: RuntimeWarning: overflow encountered in scalar multiply
  fama[i] = .5 * al * mama[i] + (1 - .5 * al) * fama[i - 1]
/Users/jackcuster/Documents/fx-data/code/l2lib.py:1855: RuntimeWarning: overflow encountered in scalar multiply
  mama[i] = al * src[i] + (1 - al) * mama[i - 1]
/Users/jackcuster/Documents/fx-data/code/l2lib.py:1856: RuntimeWarning: invalid value encountered in scalar add
  fama[i] = .5 * al * mama[i] + (1 - .5 * al) * fama[i - 1]
/Users/jackcuster/Documents/fx-data/code/l2lib.py:1856: RuntimeWarning: overflow encountered in scalar add
  fama[i] = .5 * al * mama[i] + (1 - .5 * al) * fama[i - 1]
  [C trend] chunk   175    25 combos  7431.2 s  hit 91.6%  crossed   3  |  4,747/554,422 done, 478.7 engine-h spent, ~55432 engine-h left
  [C trend] chunk   177    25 combos  7606.1 s  hit 91.4%  crossed   0  |  4,772/554,422 done, 480.8 engine-h spent, ~55382 engine-h left
/Users/jackcuster/Documents/fx-data/code/l2lib.py:1884: RuntimeWarning: overflow encountered in scalar multiply
  st = fr if not np.isfinite(st) else index_smooth * fr + (1 - index_smooth) * st
/Users/jackcuster/Documents/fx-data/code/l2lib.py:1881: RuntimeWarning: overflow encountered in scalar multiply
  sm = r if not np.isfinite(sm) else price_smooth * r + (1 - price_smooth) * sm
  [C trend] chunk   178    25 combos  7461.6 s  hit 91.3%  crossed   4  |  4,797/554,422 done, 482.9 engine-h spent, ~55329 engine-h left
/Users/jackcuster/Documents/fx-data/code/l2lib.py:1856: RuntimeWarning: overflow encountered in scalar multiply
  fama[i] = .5 * al * mama[i] + (1 - .5 * al) * fama[i - 1]
/Users/jackcuster/Documents/fx-data/code/l2lib.py:1855: RuntimeWarning: overflow encountered in scalar multiply
  mama[i] = al * src[i] + (1 - al) * mama[i - 1]
/Users/jackcuster/Documents/fx-data/code/l2lib.py:1856: RuntimeWarning: invalid value encountered in scalar add
  fama[i] = .5 * al * mama[i] + (1 - .5 * al) * fama[i - 1]
/Users/jackcuster/Documents/fx-data/code/l2lib.py:1856: RuntimeWarning: overflow encountered in scalar add
  fama[i] = .5 * al * mama[i] + (1 - .5 * al) * fama[i - 1]
  [C trend] chunk   183    25 combos  1860.2 s  hit 92.9%  crossed   5  |  4,822/554,422 done, 483.4 engine-h spent, ~55098 engine-h left
  [C trend] chunk   176    25 combos  8165.0 s  hit 91.0%  crossed   2  |  4,847/554,422 done, 485.7 engine-h spent, ~55069 engine-h left
/Users/jackcuster/Documents/fx-data/code/l2lib.py:1884: RuntimeWarning: overflow encountered in scalar multiply
  st = fr if not np.isfinite(st) else index_smooth * fr + (1 - index_smooth) * st
/Users/jackcuster/Documents/fx-data/code/l2lib.py:1881: RuntimeWarning: overflow encountered in scalar multiply
  sm = r if not np.isfinite(sm) else price_smooth * r + (1 - price_smooth) * sm
/Users/jackcuster/Documents/fx-data/code/l2lib.py:1884: RuntimeWarning: overflow encountered in scalar multiply
  st = fr if not np.isfinite(st) else index_smooth * fr + (1 - index_smooth) * st
/Users/jackcuster/Documents/fx-data/code/l2lib.py:1881: RuntimeWarning: overflow encountered in scalar multiply
  sm = r if not np.isfinite(sm) else price_smooth * r + (1 - price_smooth) * sm
  [C trend] chunk   184    25 combos  1686.3 s  hit 92.9%  crossed   3  |  4,872/554,422 done, 486.1 engine-h spent, ~54836 engine-h left
  [C trend] chunk   185    25 combos  1362.9 s  hit 93.6%  crossed   2  |  4,897/554,422 done, 486.5 engine-h spent, ~54597 engine-h left
/Users/jackcuster/Documents/fx-data/code/l2lib.py:1856: RuntimeWarning: overflow encountered in scalar multiply
  fama[i] = .5 * al * mama[i] + (1 - .5 * al) * fama[i - 1]
/Users/jackcuster/Documents/fx-data/code/l2lib.py:1855: RuntimeWarning: overflow encountered in scalar multiply
  mama[i] = al * src[i] + (1 - al) * mama[i - 1]
/Users/jackcuster/Documents/fx-data/code/l2lib.py:1856: RuntimeWarning: invalid value encountered in scalar add
  fama[i] = .5 * al * mama[i] + (1 - .5 * al) * fama[i - 1]
/Users/jackcuster/Documents/fx-data/code/l2lib.py:1856: RuntimeWarning: overflow encountered in scalar add
  fama[i] = .5 * al * mama[i] + (1 - .5 * al) * fama[i - 1]
/Users/jackcuster/Documents/fx-data/code/l2lib.py:1884: RuntimeWarning: overflow encountered in scalar multiply
  st = fr if not np.isfinite(st) else index_smooth * fr + (1 - index_smooth) * st
/Users/jackcuster/Documents/fx-data/code/l2lib.py:1881: RuntimeWarning: overflow encountered in scalar multiply
  sm = r if not np.isfinite(sm) else price_smooth * r + (1 - price_smooth) * sm
/Users/jackcuster/Documents/fx-data/code/l2lib.py:1856: RuntimeWarning: overflow encountered in scalar multiply
  fama[i] = .5 * al * mama[i] + (1 - .5 * al) * fama[i - 1]
/Users/jackcuster/Documents/fx-data/code/l2lib.py:1855: RuntimeWarning: overflow encountered in scalar multiply
  mama[i] = al * src[i] + (1 - al) * mama[i - 1]
/Users/jackcuster/Documents/fx-data/code/l2lib.py:1856: RuntimeWarning: invalid value encountered in scalar add
  fama[i] = .5 * al * mama[i] + (1 - .5 * al) * fama[i - 1]
/Users/jackcuster/Documents/fx-data/code/l2lib.py:1856: RuntimeWarning: overflow encountered in scalar add
  fama[i] = .5 * al * mama[i] + (1 - .5 * al) * fama[i - 1]
  [C trend] chunk   186    25 combos  1424.5 s  hit 94.1%  crossed   0  |  4,922/554,422 done, 486.9 engine-h spent, ~54361 engine-h left
/Users/jackcuster/Documents/fx-data/code/l2lib.py:1884: RuntimeWarning: overflow encountered in scalar multiply
  st = fr if not np.isfinite(st) else index_smooth * fr + (1 - index_smooth) * st
/Users/jackcuster/Documents/fx-data/code/l2lib.py:1881: RuntimeWarning: overflow encountered in scalar multiply
  sm = r if not np.isfinite(sm) else price_smooth * r + (1 - price_smooth) * sm
/Users/jackcuster/Documents/fx-data/code/l2lib.py:1884: RuntimeWarning: overflow encountered in scalar multiply
  st = fr if not np.isfinite(st) else index_smooth * fr + (1 - index_smooth) * st
/Users/jackcuster/Documents/fx-data/code/l2lib.py:1881: RuntimeWarning: overflow encountered in scalar multiply
  sm = r if not np.isfinite(sm) else price_smooth * r + (1 - price_smooth) * sm
/Users/jackcuster/Documents/fx-data/code/l2lib.py:1856: RuntimeWarning: overflow encountered in scalar multiply
  fama[i] = .5 * al * mama[i] + (1 - .5 * al) * fama[i - 1]
/Users/jackcuster/Documents/fx-data/code/l2lib.py:1855: RuntimeWarning: overflow encountered in scalar multiply
  mama[i] = al * src[i] + (1 - al) * mama[i - 1]
/Users/jackcuster/Documents/fx-data/code/l2lib.py:1856: RuntimeWarning: invalid value encountered in scalar add
  fama[i] = .5 * al * mama[i] + (1 - .5 * al) * fama[i - 1]
/Users/jackcuster/Documents/fx-data/code/l2lib.py:1856: RuntimeWarning: overflow encountered in scalar add
  fama[i] = .5 * al * mama[i] + (1 - .5 * al) * fama[i - 1]
/Users/jackcuster/Documents/fx-data/code/l2lib.py:1856: RuntimeWarning: overflow encountered in scalar multiply
  fama[i] = .5 * al * mama[i] + (1 - .5 * al) * fama[i - 1]
/Users/jackcuster/Documents/fx-data/code/l2lib.py:1855: RuntimeWarning: overflow encountered in scalar multiply
  mama[i] = al * src[i] + (1 - al) * mama[i - 1]
/Users/jackcuster/Documents/fx-data/code/l2lib.py:1856: RuntimeWarning: invalid value encountered in scalar add
  fama[i] = .5 * al * mama[i] + (1 - .5 * al) * fama[i - 1]
/Users/jackcuster/Documents/fx-data/code/l2lib.py:1856: RuntimeWarning: overflow encountered in scalar add
  fama[i] = .5 * al * mama[i] + (1 - .5 * al) * fama[i - 1]
  [C trend] chunk   187    25 combos  4034.6 s  hit 92.7%  crossed   0  |  4,947/554,422 done, 488.0 engine-h spent, ~54208 engine-h left
/Users/jackcuster/Documents/fx-data/code/l2lib.py:1884: RuntimeWarning: overflow encountered in scalar multiply
  st = fr if not np.isfinite(st) else index_smooth * fr + (1 - index_smooth) * st
/Users/jackcuster/Documents/fx-data/code/l2lib.py:1881: RuntimeWarning: overflow encountered in scalar multiply
  sm = r if not np.isfinite(sm) else price_smooth * r + (1 - price_smooth) * sm
/Users/jackcuster/Documents/fx-data/code/l2lib.py:1856: RuntimeWarning: overflow encountered in scalar multiply
  fama[i] = .5 * al * mama[i] + (1 - .5 * al) * fama[i - 1]
/Users/jackcuster/Documents/fx-data/code/l2lib.py:1855: RuntimeWarning: overflow encountered in scalar multiply
  mama[i] = al * src[i] + (1 - al) * mama[i - 1]
/Users/jackcuster/Documents/fx-data/code/l2lib.py:1856: RuntimeWarning: invalid value encountered in scalar add
  fama[i] = .5 * al * mama[i] + (1 - .5 * al) * fama[i - 1]
/Users/jackcuster/Documents/fx-data/code/l2lib.py:1856: RuntimeWarning: overflow encountered in scalar add
  fama[i] = .5 * al * mama[i] + (1 - .5 * al) * fama[i - 1]
  [C trend] chunk   188    25 combos  5256.2 s  hit 91.9%  crossed   0  |  4,972/554,422 done, 489.5 engine-h spent, ~54095 engine-h left
  [C trend] chunk   191    25 combos  4961.5 s  hit 92.1%  crossed   0  |  4,997/554,422 done, 490.9 engine-h spent, ~53973 engine-h left
/Users/jackcuster/Documents/fx-data/code/l2lib.py:1856: RuntimeWarning: overflow encountered in scalar multiply
  fama[i] = .5 * al * mama[i] + (1 - .5 * al) * fama[i - 1]
/Users/jackcuster/Documents/fx-data/code/l2lib.py:1855: RuntimeWarning: overflow encountered in scalar multiply
  mama[i] = al * src[i] + (1 - al) * mama[i - 1]
/Users/jackcuster/Documents/fx-data/code/l2lib.py:1856: RuntimeWarning: invalid value encountered in scalar add
  fama[i] = .5 * al * mama[i] + (1 - .5 * al) * fama[i - 1]
/Users/jackcuster/Documents/fx-data/code/l2lib.py:1856: RuntimeWarning: overflow encountered in scalar add
  fama[i] = .5 * al * mama[i] + (1 - .5 * al) * fama[i - 1]
  [C trend] chunk   190    25 combos  5388.7 s  hit 92.1%  crossed   0  |  5,022/554,422 done, 492.4 engine-h spent, ~53866 engine-h left
  [C trend] chunk   189    25 combos  6013.9 s  hit 91.5%  crossed   0  |  5,047/554,422 done, 494.1 engine-h spent, ~53778 engine-h left
/Users/jackcuster/Documents/fx-data/code/l2lib.py:1856: RuntimeWarning: overflow encountered in scalar multiply
  fama[i] = .5 * al * mama[i] + (1 - .5 * al) * fama[i - 1]
/Users/jackcuster/Documents/fx-data/code/l2lib.py:1855: RuntimeWarning: overflow encountered in scalar multiply
  mama[i] = al * src[i] + (1 - al) * mama[i - 1]
/Users/jackcuster/Documents/fx-data/code/l2lib.py:1856: RuntimeWarning: invalid value encountered in scalar add
  fama[i] = .5 * al * mama[i] + (1 - .5 * al) * fama[i - 1]
/Users/jackcuster/Documents/fx-data/code/l2lib.py:1856: RuntimeWarning: overflow encountered in scalar add
  fama[i] = .5 * al * mama[i] + (1 - .5 * al) * fama[i - 1]
  [C trend] chunk   192    25 combos  5715.0 s  hit 91.9%  crossed   0  |  5,072/554,422 done, 495.6 engine-h spent, ~53683 engine-h left
/Users/jackcuster/Documents/fx-data/code/l2lib.py:1884: RuntimeWarning: overflow encountered in scalar multiply
  st = fr if not np.isfinite(st) else index_smooth * fr + (1 - index_smooth) * st
/Users/jackcuster/Documents/fx-data/code/l2lib.py:1881: RuntimeWarning: overflow encountered in scalar multiply
  sm = r if not np.isfinite(sm) else price_smooth * r + (1 - price_smooth) * sm
/Users/jackcuster/Documents/fx-data/code/l2lib.py:1856: RuntimeWarning: overflow encountered in scalar multiply
  fama[i] = .5 * al * mama[i] + (1 - .5 * al) * fama[i - 1]
/Users/jackcuster/Documents/fx-data/code/l2lib.py:1855: RuntimeWarning: overflow encountered in scalar multiply
  mama[i] = al * src[i] + (1 - al) * mama[i - 1]
/Users/jackcuster/Documents/fx-data/code/l2lib.py:1856: RuntimeWarning: invalid value encountered in scalar add
  fama[i] = .5 * al * mama[i] + (1 - .5 * al) * fama[i - 1]
/Users/jackcuster/Documents/fx-data/code/l2lib.py:1856: RuntimeWarning: overflow encountered in scalar add
  fama[i] = .5 * al * mama[i] + (1 - .5 * al) * fama[i - 1]
/Users/jackcuster/Documents/fx-data/code/l2lib.py:1884: RuntimeWarning: overflow encountered in scalar multiply
  st = fr if not np.isfinite(st) else index_smooth * fr + (1 - index_smooth) * st
/Users/jackcuster/Documents/fx-data/code/l2lib.py:1881: RuntimeWarning: overflow encountered in scalar multiply
  sm = r if not np.isfinite(sm) else price_smooth * r + (1 - price_smooth) * sm
  [C trend] chunk   198    25 combos  1886.2 s  hit 92.4%  crossed   1  |  5,097/554,422 done, 496.2 engine-h spent, ~53473 engine-h left
/Users/jackcuster/Documents/fx-data/code/l2lib.py:1856: RuntimeWarning: overflow encountered in scalar multiply
  fama[i] = .5 * al * mama[i] + (1 - .5 * al) * fama[i - 1]
/Users/jackcuster/Documents/fx-data/code/l2lib.py:1855: RuntimeWarning: overflow encountered in scalar multiply
  mama[i] = al * src[i] + (1 - al) * mama[i - 1]
/Users/jackcuster/Documents/fx-data/code/l2lib.py:1856: RuntimeWarning: invalid value encountered in scalar add
  fama[i] = .5 * al * mama[i] + (1 - .5 * al) * fama[i - 1]
/Users/jackcuster/Documents/fx-data/code/l2lib.py:1856: RuntimeWarning: overflow encountered in scalar add
  fama[i] = .5 * al * mama[i] + (1 - .5 * al) * fama[i - 1]
/Users/jackcuster/Documents/fx-data/code/l2lib.py:1856: RuntimeWarning: overflow encountered in scalar multiply
  fama[i] = .5 * al * mama[i] + (1 - .5 * al) * fama[i - 1]
/Users/jackcuster/Documents/fx-data/code/l2lib.py:1855: RuntimeWarning: overflow encountered in scalar multiply
  mama[i] = al * src[i] + (1 - al) * mama[i - 1]
/Users/jackcuster/Documents/fx-data/code/l2lib.py:1856: RuntimeWarning: invalid value encountered in scalar add
  fama[i] = .5 * al * mama[i] + (1 - .5 * al) * fama[i - 1]
/Users/jackcuster/Documents/fx-data/code/l2lib.py:1856: RuntimeWarning: overflow encountered in scalar add
  fama[i] = .5 * al * mama[i] + (1 - .5 * al) * fama[i - 1]
/Users/jackcuster/Documents/fx-data/code/l2lib.py:1884: RuntimeWarning: overflow encountered in scalar multiply
  st = fr if not np.isfinite(st) else index_smooth * fr + (1 - index_smooth) * st
/Users/jackcuster/Documents/fx-data/code/l2lib.py:1881: RuntimeWarning: overflow encountered in scalar multiply
  sm = r if not np.isfinite(sm) else price_smooth * r + (1 - price_smooth) * sm
  [C trend] chunk   193    25 combos  36737.2 s  hit 92.2%  crossed   4  |  5,122/554,422 done, 506.4 engine-h spent, ~54304 engine-h left
/Users/jackcuster/Documents/fx-data/code/l2lib.py:1884: RuntimeWarning: overflow encountered in scalar multiply
  st = fr if not np.isfinite(st) else index_smooth * fr + (1 - index_smooth) * st
/Users/jackcuster/Documents/fx-data/code/l2lib.py:1881: RuntimeWarning: overflow encountered in scalar multiply
  sm = r if not np.isfinite(sm) else price_smooth * r + (1 - price_smooth) * sm
  [C trend] chunk   194    25 combos  36245.6 s  hit 92.1%  crossed   2  |  5,147/554,422 done, 516.4 engine-h spent, ~55113 engine-h left
  [C trend] chunk   195    25 combos  36196.8 s  hit 92.1%  crossed   1  |  5,172/554,422 done, 526.5 engine-h spent, ~55912 engine-h left
  [C trend] chunk   196    25 combos  36613.6 s  hit 92.0%  crossed   2  |  5,197/554,422 done, 536.7 engine-h spent, ~56715 engine-h left
/Users/jackcuster/Documents/fx-data/code/l2pine.py:164: RuntimeWarning: invalid value encountered in divide
  return (W * w).sum(axis=1) / w.sum()
  [C trend] chunk   197    25 combos  36906.5 s  hit 92.4%  crossed   3  |  5,222/554,422 done, 546.9 engine-h spent, ~57519 engine-h left
  [C trend] chunk   199    25 combos  34814.3 s  hit 92.0%  crossed   5  |  5,247/554,422 done, 556.6 engine-h spent, ~58254 engine-h left
/Users/jackcuster/Documents/fx-data/code/l2lib.py:1884: RuntimeWarning: overflow encountered in scalar multiply
  st = fr if not np.isfinite(st) else index_smooth * fr + (1 - index_smooth) * st
/Users/jackcuster/Documents/fx-data/code/l2lib.py:1881: RuntimeWarning: overflow encountered in scalar multiply
  sm = r if not np.isfinite(sm) else price_smooth * r + (1 - price_smooth) * sm
/Users/jackcuster/Documents/fx-data/code/l2lib.py:1884: RuntimeWarning: overflow encountered in scalar multiply
  st = fr if not np.isfinite(st) else index_smooth * fr + (1 - index_smooth) * st
/Users/jackcuster/Documents/fx-data/code/l2lib.py:1881: RuntimeWarning: overflow encountered in scalar multiply
  sm = r if not np.isfinite(sm) else price_smooth * r + (1 - price_smooth) * sm
/Users/jackcuster/Documents/fx-data/code/l2lib.py:1884: RuntimeWarning: overflow encountered in scalar multiply
  st = fr if not np.isfinite(st) else index_smooth * fr + (1 - index_smooth) * st
/Users/jackcuster/Documents/fx-data/code/l2lib.py:1881: RuntimeWarning: overflow encountered in scalar multiply
  sm = r if not np.isfinite(sm) else price_smooth * r + (1 - price_smooth) * sm
/Users/jackcuster/Documents/fx-data/code/l2lib.py:1856: RuntimeWarning: overflow encountered in scalar multiply
  fama[i] = .5 * al * mama[i] + (1 - .5 * al) * fama[i - 1]
/Users/jackcuster/Documents/fx-data/code/l2lib.py:1855: RuntimeWarning: overflow encountered in scalar multiply
  mama[i] = al * src[i] + (1 - al) * mama[i - 1]
/Users/jackcuster/Documents/fx-data/code/l2lib.py:1856: RuntimeWarning: invalid value encountered in scalar add
  fama[i] = .5 * al * mama[i] + (1 - .5 * al) * fama[i - 1]
/Users/jackcuster/Documents/fx-data/code/l2lib.py:1856: RuntimeWarning: overflow encountered in scalar add
  fama[i] = .5 * al * mama[i] + (1 - .5 * al) * fama[i - 1]
/Users/jackcuster/Documents/fx-data/code/l2lib.py:1856: RuntimeWarning: overflow encountered in scalar multiply
  fama[i] = .5 * al * mama[i] + (1 - .5 * al) * fama[i - 1]
/Users/jackcuster/Documents/fx-data/code/l2lib.py:1855: RuntimeWarning: overflow encountered in scalar multiply
  mama[i] = al * src[i] + (1 - al) * mama[i - 1]
/Users/jackcuster/Documents/fx-data/code/l2lib.py:1856: RuntimeWarning: invalid value encountered in scalar add
  fama[i] = .5 * al * mama[i] + (1 - .5 * al) * fama[i - 1]
/Users/jackcuster/Documents/fx-data/code/l2lib.py:1856: RuntimeWarning: overflow encountered in scalar add
  fama[i] = .5 * al * mama[i] + (1 - .5 * al) * fama[i - 1]
/Users/jackcuster/Documents/fx-data/code/l2lib.py:1856: RuntimeWarning: overflow encountered in scalar multiply
  fama[i] = .5 * al * mama[i] + (1 - .5 * al) * fama[i - 1]
/Users/jackcuster/Documents/fx-data/code/l2lib.py:1855: RuntimeWarning: overflow encountered in scalar multiply
  mama[i] = al * src[i] + (1 - al) * mama[i - 1]
/Users/jackcuster/Documents/fx-data/code/l2lib.py:1856: RuntimeWarning: invalid value encountered in scalar add
  fama[i] = .5 * al * mama[i] + (1 - .5 * al) * fama[i - 1]
/Users/jackcuster/Documents/fx-data/code/l2lib.py:1856: RuntimeWarning: overflow encountered in scalar add
  fama[i] = .5 * al * mama[i] + (1 - .5 * al) * fama[i - 1]
  [C trend] chunk   200    25 combos  5627.2 s  hit 91.6%  crossed   0  |  5,272/554,422 done, 558.1 engine-h spent, ~58138 engine-h left
/Users/jackcuster/Documents/fx-data/code/l2lib.py:1884: RuntimeWarning: overflow encountered in scalar multiply
  st = fr if not np.isfinite(st) else index_smooth * fr + (1 - index_smooth) * st
/Users/jackcuster/Documents/fx-data/code/l2lib.py:1881: RuntimeWarning: overflow encountered in scalar multiply
  sm = r if not np.isfinite(sm) else price_smooth * r + (1 - price_smooth) * sm
/Users/jackcuster/Documents/fx-data/code/l2lib.py:1856: RuntimeWarning: overflow encountered in scalar multiply
  fama[i] = .5 * al * mama[i] + (1 - .5 * al) * fama[i - 1]
/Users/jackcuster/Documents/fx-data/code/l2lib.py:1855: RuntimeWarning: overflow encountered in scalar multiply
  mama[i] = al * src[i] + (1 - al) * mama[i - 1]
/Users/jackcuster/Documents/fx-data/code/l2lib.py:1856: RuntimeWarning: invalid value encountered in scalar add
  fama[i] = .5 * al * mama[i] + (1 - .5 * al) * fama[i - 1]
/Users/jackcuster/Documents/fx-data/code/l2lib.py:1856: RuntimeWarning: overflow encountered in scalar add
  fama[i] = .5 * al * mama[i] + (1 - .5 * al) * fama[i - 1]
  [C trend] chunk   201    25 combos  5814.9 s  hit 91.4%  crossed   1  |  5,297/554,422 done, 559.8 engine-h spent, ~58029 engine-h left
/Users/jackcuster/Documents/fx-data/code/l2lib.py:1856: RuntimeWarning: overflow encountered in scalar multiply
  fama[i] = .5 * al * mama[i] + (1 - .5 * al) * fama[i - 1]
/Users/jackcuster/Documents/fx-data/code/l2lib.py:1855: RuntimeWarning: overflow encountered in scalar multiply
  mama[i] = al * src[i] + (1 - al) * mama[i - 1]
/Users/jackcuster/Documents/fx-data/code/l2lib.py:1856: RuntimeWarning: invalid value encountered in scalar add
  fama[i] = .5 * al * mama[i] + (1 - .5 * al) * fama[i - 1]
/Users/jackcuster/Documents/fx-data/code/l2lib.py:1856: RuntimeWarning: overflow encountered in scalar add
  fama[i] = .5 * al * mama[i] + (1 - .5 * al) * fama[i - 1]
/Users/jackcuster/Documents/fx-data/code/l2lib.py:1884: RuntimeWarning: overflow encountered in scalar multiply
  st = fr if not np.isfinite(st) else index_smooth * fr + (1 - index_smooth) * st
/Users/jackcuster/Documents/fx-data/code/l2lib.py:1881: RuntimeWarning: overflow encountered in scalar multiply
  sm = r if not np.isfinite(sm) else price_smooth * r + (1 - price_smooth) * sm
/Users/jackcuster/Documents/fx-data/code/l2lib.py:1856: RuntimeWarning: overflow encountered in scalar multiply
  fama[i] = .5 * al * mama[i] + (1 - .5 * al) * fama[i - 1]
/Users/jackcuster/Documents/fx-data/code/l2lib.py:1855: RuntimeWarning: overflow encountered in scalar multiply
  mama[i] = al * src[i] + (1 - al) * mama[i - 1]
/Users/jackcuster/Documents/fx-data/code/l2lib.py:1856: RuntimeWarning: invalid value encountered in scalar add
  fama[i] = .5 * al * mama[i] + (1 - .5 * al) * fama[i - 1]
/Users/jackcuster/Documents/fx-data/code/l2lib.py:1856: RuntimeWarning: overflow encountered in scalar add
  fama[i] = .5 * al * mama[i] + (1 - .5 * al) * fama[i - 1]
/Users/jackcuster/Documents/fx-data/code/l2lib.py:1884: RuntimeWarning: overflow encountered in scalar multiply
  st = fr if not np.isfinite(st) else index_smooth * fr + (1 - index_smooth) * st
  [C trend] chunk   202    25 combos  8746.7 s  hit 91.7%  crossed   1  |  5,322/554,422 done, 562.2 engine-h spent, ~58004 engine-h left
/Users/jackcuster/Documents/fx-data/code/l2lib.py:1881: RuntimeWarning: overflow encountered in scalar multiply
  sm = r if not np.isfinite(sm) else price_smooth * r + (1 - price_smooth) * sm
/Users/jackcuster/Documents/fx-data/code/l2lib.py:1884: RuntimeWarning: overflow encountered in scalar multiply
  st = fr if not np.isfinite(st) else index_smooth * fr + (1 - index_smooth) * st
/Users/jackcuster/Documents/fx-data/code/l2lib.py:1881: RuntimeWarning: overflow encountered in scalar multiply
  sm = r if not np.isfinite(sm) else price_smooth * r + (1 - price_smooth) * sm
  [C trend] chunk   203    25 combos  8665.7 s  hit 91.3%  crossed   2  |  5,347/554,422 done, 564.6 engine-h spent, ~57978 engine-h left
/Users/jackcuster/Documents/fx-data/code/l2lib.py:1856: RuntimeWarning: overflow encountered in scalar multiply
  fama[i] = .5 * al * mama[i] + (1 - .5 * al) * fama[i - 1]
/Users/jackcuster/Documents/fx-data/code/l2lib.py:1855: RuntimeWarning: overflow encountered in scalar multiply
  mama[i] = al * src[i] + (1 - al) * mama[i - 1]
/Users/jackcuster/Documents/fx-data/code/l2lib.py:1856: RuntimeWarning: invalid value encountered in scalar add
  fama[i] = .5 * al * mama[i] + (1 - .5 * al) * fama[i - 1]
/Users/jackcuster/Documents/fx-data/code/l2lib.py:1856: RuntimeWarning: overflow encountered in scalar add
  fama[i] = .5 * al * mama[i] + (1 - .5 * al) * fama[i - 1]
  [C trend] chunk   204    25 combos  8309.5 s  hit 91.8%  crossed   9  |  5,372/554,422 done, 566.9 engine-h spent, ~57941 engine-h left
  [C trend] chunk   205    25 combos  7978.5 s  hit 91.8%  crossed   7  |  5,397/554,422 done, 569.1 engine-h spent, ~57896 engine-h left
/Users/jackcuster/Documents/fx-data/code/l2lib.py:1884: RuntimeWarning: overflow encountered in scalar multiply
  st = fr if not np.isfinite(st) else index_smooth * fr + (1 - index_smooth) * st
/Users/jackcuster/Documents/fx-data/code/l2lib.py:1881: RuntimeWarning: overflow encountered in scalar multiply
  sm = r if not np.isfinite(sm) else price_smooth * r + (1 - price_smooth) * sm
/Library/Developer/CommandLineTools/Library/Frameworks/Python3.framework/Versions/3.9/lib/python3.9/multiprocessing/resource_tracker.py:216: UserWarning: resource_tracker: There appear to be 6 leaked semaphore objects to clean up at shutdown
  warnings.warn('resource_tracker: There appear to be %d '
