GATE 3 starting 2026-09-03 11:48:09
  mode C baseline pace: 236.0 s/combination
  population 5135, already banked 25, to examine 5110
    25/5110 examined  1.8 s/strategy  | projected remaining 2.6 h -> 2026-09-03 14:25
    50/5110 examined  2.0 s/strategy  | projected remaining 2.8 h -> 2026-09-03 14:37
    75/5110 examined  2.0 s/strategy  | projected remaining 2.8 h -> 2026-09-03 14:39
/Users/jackcuster/Documents/fx-data/code/l2lib.py:1884: RuntimeWarning: overflow encountered in scalar multiply
  st = fr if not np.isfinite(st) else index_smooth * fr + (1 - index_smooth) * st
/Users/jackcuster/Documents/fx-data/code/l2lib.py:1884: RuntimeWarning: overflow encountered in scalar multiply
  st = fr if not np.isfinite(st) else index_smooth * fr + (1 - index_smooth) * st
/Users/jackcuster/Documents/fx-data/code/l2lib.py:1884: RuntimeWarning: overflow encountered in scalar multiply
  st = fr if not np.isfinite(st) else index_smooth * fr + (1 - index_smooth) * st
/Users/jackcuster/Documents/fx-data/code/l2lib.py:1884: RuntimeWarning: overflow encountered in scalar multiply
  st = fr if not np.isfinite(st) else index_smooth * fr + (1 - index_smooth) * st
/Users/jackcuster/Documents/fx-data/code/l2lib.py:1884: RuntimeWarning: overflow encountered in scalar multiply
  st = fr if not np.isfinite(st) else index_smooth * fr + (1 - index_smooth) * st
/Users/jackcuster/Documents/fx-data/code/l2lib.py:1884: RuntimeWarning: overflow encountered in scalar multiply
  st = fr if not np.isfinite(st) else index_smooth * fr + (1 - index_smooth) * st
/Users/jackcuster/Documents/fx-data/code/l2lib.py:1884: RuntimeWarning: overflow encountered in scalar multiply
  st = fr if not np.isfinite(st) else index_smooth * fr + (1 - index_smooth) * st
/Users/jackcuster/Documents/fx-data/code/l2lib.py:1884: RuntimeWarning: overflow encountered in scalar multiply
  st = fr if not np.isfinite(st) else index_smooth * fr + (1 - index_smooth) * st
/Users/jackcuster/Documents/fx-data/code/l2lib.py:1884: RuntimeWarning: overflow encountered in scalar multiply
  st = fr if not np.isfinite(st) else index_smooth * fr + (1 - index_smooth) * st
/Users/jackcuster/Documents/fx-data/code/l2lib.py:1884: RuntimeWarning: overflow encountered in scalar multiply
  st = fr if not np.isfinite(st) else index_smooth * fr + (1 - index_smooth) * st
/Users/jackcuster/Documents/fx-data/code/l2lib.py:1884: RuntimeWarning: overflow encountered in scalar multiply
  st = fr if not np.isfinite(st) else index_smooth * fr + (1 - index_smooth) * st
/Users/jackcuster/Documents/fx-data/code/l2lib.py:1884: RuntimeWarning: overflow encountered in scalar multiply
  st = fr if not np.isfinite(st) else index_smooth * fr + (1 - index_smooth) * st
/Users/jackcuster/Documents/fx-data/code/l2lib.py:1884: RuntimeWarning: overflow encountered in scalar multiply
  st = fr if not np.isfinite(st) else index_smooth * fr + (1 - index_smooth) * st
/Users/jackcuster/Documents/fx-data/code/l2lib.py:1884: RuntimeWarning: overflow encountered in scalar multiply
  st = fr if not np.isfinite(st) else index_smooth * fr + (1 - index_smooth) * st
/Users/jackcuster/Documents/fx-data/code/l2lib.py:1884: RuntimeWarning: overflow encountered in scalar multiply
  st = fr if not np.isfinite(st) else index_smooth * fr + (1 - index_smooth) * st
/Users/jackcuster/Documents/fx-data/code/l2lib.py:1884: RuntimeWarning: overflow encountered in scalar multiply
  st = fr if not np.isfinite(st) else index_smooth * fr + (1 - index_smooth) * st
/Users/jackcuster/Documents/fx-data/code/l2lib.py:1884: RuntimeWarning: overflow encountered in scalar multiply
  st = fr if not np.isfinite(st) else index_smooth * fr + (1 - index_smooth) * st
/Users/jackcuster/Documents/fx-data/code/l2lib.py:1884: RuntimeWarning: overflow encountered in scalar multiply
  st = fr if not np.isfinite(st) else index_smooth * fr + (1 - index_smooth) * st
/Users/jackcuster/Documents/fx-data/code/l2lib.py:1884: RuntimeWarning: overflow encountered in scalar multiply
  st = fr if not np.isfinite(st) else index_smooth * fr + (1 - index_smooth) * st
/Users/jackcuster/Documents/fx-data/code/l2lib.py:1884: RuntimeWarning: overflow encountered in scalar multiply
  st = fr if not np.isfinite(st) else index_smooth * fr + (1 - index_smooth) * st
/Users/jackcuster/Documents/fx-data/code/l2lib.py:1884: RuntimeWarning: overflow encountered in scalar multiply
  st = fr if not np.isfinite(st) else index_smooth * fr + (1 - index_smooth) * st
/Users/jackcuster/Documents/fx-data/code/l2lib.py:1884: RuntimeWarning: overflow encountered in scalar multiply
  st = fr if not np.isfinite(st) else index_smooth * fr + (1 - index_smooth) * st
/Users/jackcuster/Documents/fx-data/code/l2lib.py:1884: RuntimeWarning: overflow encountered in scalar multiply
  st = fr if not np.isfinite(st) else index_smooth * fr + (1 - index_smooth) * st
/Users/jackcuster/Documents/fx-data/code/l2lib.py:1884: RuntimeWarning: overflow encountered in scalar multiply
  st = fr if not np.isfinite(st) else index_smooth * fr + (1 - index_smooth) * st
/Users/jackcuster/Documents/fx-data/code/l2lib.py:1884: RuntimeWarning: overflow encountered in scalar multiply
  st = fr if not np.isfinite(st) else index_smooth * fr + (1 - index_smooth) * st
/Users/jackcuster/Documents/fx-data/code/l2lib.py:1884: RuntimeWarning: overflow encountered in scalar multiply
  st = fr if not np.isfinite(st) else index_smooth * fr + (1 - index_smooth) * st
/Users/jackcuster/Documents/fx-data/code/l2lib.py:1884: RuntimeWarning: overflow encountered in scalar multiply
  st = fr if not np.isfinite(st) else index_smooth * fr + (1 - index_smooth) * st
/Users/jackcuster/Documents/fx-data/code/l2lib.py:1884: RuntimeWarning: overflow encountered in scalar multiply
  st = fr if not np.isfinite(st) else index_smooth * fr + (1 - index_smooth) * st
   100/5110 examined  2.1 s/strategy  | projected remaining 2.9 h -> 2026-09-03 14:44
   125/5110 examined  2.0 s/strategy  | projected remaining 2.8 h -> 2026-09-03 14:42
   150/5110 examined  2.0 s/strategy  | projected remaining 2.7 h -> 2026-09-03 14:36
   175/5110 examined  1.9 s/strategy  | projected remaining 2.7 h -> 2026-09-03 14:34
   200/5110 examined  1.9 s/strategy  | projected remaining 2.6 h -> 2026-09-03 14:33
   225/5110 examined  1.9 s/strategy  | projected remaining 2.6 h -> 2026-09-03 14:34
   250/5110 examined  1.9 s/strategy  | projected remaining 2.6 h -> 2026-09-03 14:32
   275/5110 examined  1.9 s/strategy  | projected remaining 2.6 h -> 2026-09-03 14:33
   300/5110 examined  2.0 s/strategy  | projected remaining 2.6 h -> 2026-09-03 14:36
/Users/jackcuster/Documents/fx-data/code/l2lib.py:1856: RuntimeWarning: overflow encountered in scalar multiply
  fama[i] = .5 * al * mama[i] + (1 - .5 * al) * fama[i - 1]
/Users/jackcuster/Documents/fx-data/code/l2lib.py:1855: RuntimeWarning: overflow encountered in scalar multiply
  mama[i] = al * src[i] + (1 - al) * mama[i - 1]
/Users/jackcuster/Documents/fx-data/code/l2lib.py:1856: RuntimeWarning: invalid value encountered in scalar add
  fama[i] = .5 * al * mama[i] + (1 - .5 * al) * fama[i - 1]
/Users/jackcuster/Documents/fx-data/code/l2lib.py:1856: RuntimeWarning: overflow encountered in scalar add
  fama[i] = .5 * al * mama[i] + (1 - .5 * al) * fama[i - 1]
/Users/jackcuster/Documents/fx-data/code/l2lib.py:1856: RuntimeWarning: overflow encountered in scalar multiply
  fama[i] = .5 * al * mama[i] + (1 - .5 * al) * fama[i - 1]
/Users/jackcuster/Documents/fx-data/code/l2lib.py:1855: RuntimeWarning: overflow encountered in scalar multiply
  mama[i] = al * src[i] + (1 - al) * mama[i - 1]
/Users/jackcuster/Documents/fx-data/code/l2lib.py:1856: RuntimeWarning: invalid value encountered in scalar add
  fama[i] = .5 * al * mama[i] + (1 - .5 * al) * fama[i - 1]
/Users/jackcuster/Documents/fx-data/code/l2lib.py:1856: RuntimeWarning: overflow encountered in scalar add
  fama[i] = .5 * al * mama[i] + (1 - .5 * al) * fama[i - 1]
/Users/jackcuster/Documents/fx-data/code/l2lib.py:1856: RuntimeWarning: overflow encountered in scalar multiply
  fama[i] = .5 * al * mama[i] + (1 - .5 * al) * fama[i - 1]
/Users/jackcuster/Documents/fx-data/code/l2lib.py:1855: RuntimeWarning: overflow encountered in scalar multiply
  mama[i] = al * src[i] + (1 - al) * mama[i - 1]
/Users/jackcuster/Documents/fx-data/code/l2lib.py:1856: RuntimeWarning: invalid value encountered in scalar add
  fama[i] = .5 * al * mama[i] + (1 - .5 * al) * fama[i - 1]
/Users/jackcuster/Documents/fx-data/code/l2lib.py:1856: RuntimeWarning: overflow encountered in scalar multiply
  fama[i] = .5 * al * mama[i] + (1 - .5 * al) * fama[i - 1]
/Users/jackcuster/Documents/fx-data/code/l2lib.py:1855: RuntimeWarning: overflow encountered in scalar multiply
  mama[i] = al * src[i] + (1 - al) * mama[i - 1]
/Users/jackcuster/Documents/fx-data/code/l2lib.py:1856: RuntimeWarning: invalid value encountered in scalar add
  fama[i] = .5 * al * mama[i] + (1 - .5 * al) * fama[i - 1]
/Users/jackcuster/Documents/fx-data/code/l2lib.py:1856: RuntimeWarning: overflow encountered in scalar add
  fama[i] = .5 * al * mama[i] + (1 - .5 * al) * fama[i - 1]
/Users/jackcuster/Documents/fx-data/code/l2lib.py:1855: RuntimeWarning: overflow encountered in scalar multiply
  mama[i] = al * src[i] + (1 - al) * mama[i - 1]
/Users/jackcuster/Documents/fx-data/code/l2lib.py:1856: RuntimeWarning: invalid value encountered in scalar add
  fama[i] = .5 * al * mama[i] + (1 - .5 * al) * fama[i - 1]
/Users/jackcuster/Documents/fx-data/code/l2lib.py:1856: RuntimeWarning: overflow encountered in scalar add
  fama[i] = .5 * al * mama[i] + (1 - .5 * al) * fama[i - 1]
/Users/jackcuster/Documents/fx-data/code/l2lib.py:1855: RuntimeWarning: overflow encountered in scalar multiply
  mama[i] = al * src[i] + (1 - al) * mama[i - 1]
/Users/jackcuster/Documents/fx-data/code/l2lib.py:1856: RuntimeWarning: invalid value encountered in scalar add
  fama[i] = .5 * al * mama[i] + (1 - .5 * al) * fama[i - 1]
/Users/jackcuster/Documents/fx-data/code/l2lib.py:1856: RuntimeWarning: overflow encountered in scalar add
  fama[i] = .5 * al * mama[i] + (1 - .5 * al) * fama[i - 1]
/Users/jackcuster/Documents/fx-data/code/l2lib.py:1856: RuntimeWarning: overflow encountered in scalar multiply
  fama[i] = .5 * al * mama[i] + (1 - .5 * al) * fama[i - 1]
/Users/jackcuster/Documents/fx-data/code/l2lib.py:1855: RuntimeWarning: overflow encountered in scalar multiply
  mama[i] = al * src[i] + (1 - al) * mama[i - 1]
/Users/jackcuster/Documents/fx-data/code/l2lib.py:1856: RuntimeWarning: invalid value encountered in scalar add
  fama[i] = .5 * al * mama[i] + (1 - .5 * al) * fama[i - 1]
/Users/jackcuster/Documents/fx-data/code/l2lib.py:1856: RuntimeWarning: overflow encountered in scalar multiply
  fama[i] = .5 * al * mama[i] + (1 - .5 * al) * fama[i - 1]
/Users/jackcuster/Documents/fx-data/code/l2lib.py:1855: RuntimeWarning: overflow encountered in scalar multiply
  mama[i] = al * src[i] + (1 - al) * mama[i - 1]
/Users/jackcuster/Documents/fx-data/code/l2lib.py:1856: RuntimeWarning: invalid value encountered in scalar add
  fama[i] = .5 * al * mama[i] + (1 - .5 * al) * fama[i - 1]
/Users/jackcuster/Documents/fx-data/code/l2lib.py:1856: RuntimeWarning: overflow encountered in scalar add
  fama[i] = .5 * al * mama[i] + (1 - .5 * al) * fama[i - 1]
/Users/jackcuster/Documents/fx-data/code/l2lib.py:1856: RuntimeWarning: overflow encountered in scalar multiply
  fama[i] = .5 * al * mama[i] + (1 - .5 * al) * fama[i - 1]
/Users/jackcuster/Documents/fx-data/code/l2lib.py:1855: RuntimeWarning: overflow encountered in scalar multiply
  mama[i] = al * src[i] + (1 - al) * mama[i - 1]
/Users/jackcuster/Documents/fx-data/code/l2lib.py:1856: RuntimeWarning: invalid value encountered in scalar add
  fama[i] = .5 * al * mama[i] + (1 - .5 * al) * fama[i - 1]
/Users/jackcuster/Documents/fx-data/code/l2lib.py:1856: RuntimeWarning: overflow encountered in scalar add
  fama[i] = .5 * al * mama[i] + (1 - .5 * al) * fama[i - 1]
/Users/jackcuster/Documents/fx-data/code/l2lib.py:1855: RuntimeWarning: overflow encountered in scalar multiply
  mama[i] = al * src[i] + (1 - al) * mama[i - 1]
/Users/jackcuster/Documents/fx-data/code/l2lib.py:1856: RuntimeWarning: invalid value encountered in scalar add
  fama[i] = .5 * al * mama[i] + (1 - .5 * al) * fama[i - 1]
/Users/jackcuster/Documents/fx-data/code/l2lib.py:1856: RuntimeWarning: overflow encountered in scalar multiply
  fama[i] = .5 * al * mama[i] + (1 - .5 * al) * fama[i - 1]
/Users/jackcuster/Documents/fx-data/code/l2lib.py:1855: RuntimeWarning: overflow encountered in scalar multiply
  mama[i] = al * src[i] + (1 - al) * mama[i - 1]
/Users/jackcuster/Documents/fx-data/code/l2lib.py:1856: RuntimeWarning: invalid value encountered in scalar add
  fama[i] = .5 * al * mama[i] + (1 - .5 * al) * fama[i - 1]
/Users/jackcuster/Documents/fx-data/code/l2lib.py:1856: RuntimeWarning: overflow encountered in scalar add
  fama[i] = .5 * al * mama[i] + (1 - .5 * al) * fama[i - 1]
/Users/jackcuster/Documents/fx-data/code/l2lib.py:1856: RuntimeWarning: overflow encountered in scalar multiply
  fama[i] = .5 * al * mama[i] + (1 - .5 * al) * fama[i - 1]
/Users/jackcuster/Documents/fx-data/code/l2lib.py:1855: RuntimeWarning: overflow encountered in scalar multiply
  mama[i] = al * src[i] + (1 - al) * mama[i - 1]
/Users/jackcuster/Documents/fx-data/code/l2lib.py:1856: RuntimeWarning: invalid value encountered in scalar add
  fama[i] = .5 * al * mama[i] + (1 - .5 * al) * fama[i - 1]
/Users/jackcuster/Documents/fx-data/code/l2lib.py:1856: RuntimeWarning: overflow encountered in scalar add
  fama[i] = .5 * al * mama[i] + (1 - .5 * al) * fama[i - 1]
/Users/jackcuster/Documents/fx-data/code/l2lib.py:1855: RuntimeWarning: overflow encountered in scalar multiply
  mama[i] = al * src[i] + (1 - al) * mama[i - 1]
/Users/jackcuster/Documents/fx-data/code/l2lib.py:1856: RuntimeWarning: invalid value encountered in scalar add
  fama[i] = .5 * al * mama[i] + (1 - .5 * al) * fama[i - 1]
/Users/jackcuster/Documents/fx-data/code/l2lib.py:1856: RuntimeWarning: overflow encountered in scalar multiply
  fama[i] = .5 * al * mama[i] + (1 - .5 * al) * fama[i - 1]
/Users/jackcuster/Documents/fx-data/code/l2lib.py:1855: RuntimeWarning: overflow encountered in scalar multiply
  mama[i] = al * src[i] + (1 - al) * mama[i - 1]
/Users/jackcuster/Documents/fx-data/code/l2lib.py:1856: RuntimeWarning: invalid value encountered in scalar add
  fama[i] = .5 * al * mama[i] + (1 - .5 * al) * fama[i - 1]
/Users/jackcuster/Documents/fx-data/code/l2lib.py:1856: RuntimeWarning: overflow encountered in scalar multiply
  fama[i] = .5 * al * mama[i] + (1 - .5 * al) * fama[i - 1]
/Users/jackcuster/Documents/fx-data/code/l2lib.py:1856: RuntimeWarning: invalid value encountered in scalar add
  fama[i] = .5 * al * mama[i] + (1 - .5 * al) * fama[i - 1]
/Users/jackcuster/Documents/fx-data/code/l2lib.py:1855: RuntimeWarning: overflow encountered in scalar multiply
  mama[i] = al * src[i] + (1 - al) * mama[i - 1]
/Users/jackcuster/Documents/fx-data/code/l2lib.py:1856: RuntimeWarning: overflow encountered in scalar multiply
  fama[i] = .5 * al * mama[i] + (1 - .5 * al) * fama[i - 1]
/Users/jackcuster/Documents/fx-data/code/l2lib.py:1855: RuntimeWarning: overflow encountered in scalar multiply
  mama[i] = al * src[i] + (1 - al) * mama[i - 1]
/Users/jackcuster/Documents/fx-data/code/l2lib.py:1856: RuntimeWarning: invalid value encountered in scalar add
  fama[i] = .5 * al * mama[i] + (1 - .5 * al) * fama[i - 1]
/Users/jackcuster/Documents/fx-data/code/l2lib.py:1856: RuntimeWarning: overflow encountered in scalar add
  fama[i] = .5 * al * mama[i] + (1 - .5 * al) * fama[i - 1]
/Users/jackcuster/Documents/fx-data/code/l2lib.py:1856: RuntimeWarning: overflow encountered in scalar multiply
  fama[i] = .5 * al * mama[i] + (1 - .5 * al) * fama[i - 1]
/Users/jackcuster/Documents/fx-data/code/l2lib.py:1855: RuntimeWarning: overflow encountered in scalar multiply
  mama[i] = al * src[i] + (1 - al) * mama[i - 1]
/Users/jackcuster/Documents/fx-data/code/l2lib.py:1856: RuntimeWarning: invalid value encountered in scalar add
  fama[i] = .5 * al * mama[i] + (1 - .5 * al) * fama[i - 1]
/Users/jackcuster/Documents/fx-data/code/l2lib.py:1856: RuntimeWarning: overflow encountered in scalar add
  fama[i] = .5 * al * mama[i] + (1 - .5 * al) * fama[i - 1]
/Users/jackcuster/Documents/fx-data/code/l2lib.py:1855: RuntimeWarning: overflow encountered in scalar multiply
  mama[i] = al * src[i] + (1 - al) * mama[i - 1]
/Users/jackcuster/Documents/fx-data/code/l2lib.py:1856: RuntimeWarning: invalid value encountered in scalar add
  fama[i] = .5 * al * mama[i] + (1 - .5 * al) * fama[i - 1]
/Users/jackcuster/Documents/fx-data/code/l2lib.py:1856: RuntimeWarning: overflow encountered in scalar add
  fama[i] = .5 * al * mama[i] + (1 - .5 * al) * fama[i - 1]
/Users/jackcuster/Documents/fx-data/code/l2lib.py:1856: RuntimeWarning: overflow encountered in scalar multiply
  fama[i] = .5 * al * mama[i] + (1 - .5 * al) * fama[i - 1]
/Users/jackcuster/Documents/fx-data/code/l2lib.py:1856: RuntimeWarning: invalid value encountered in scalar add
  fama[i] = .5 * al * mama[i] + (1 - .5 * al) * fama[i - 1]
/Users/jackcuster/Documents/fx-data/code/l2lib.py:1855: RuntimeWarning: overflow encountered in scalar multiply
  mama[i] = al * src[i] + (1 - al) * mama[i - 1]
/Users/jackcuster/Documents/fx-data/code/l2lib.py:1856: RuntimeWarning: overflow encountered in scalar add
  fama[i] = .5 * al * mama[i] + (1 - .5 * al) * fama[i - 1]
/Users/jackcuster/Documents/fx-data/code/l2lib.py:1855: RuntimeWarning: overflow encountered in scalar multiply
  mama[i] = al * src[i] + (1 - al) * mama[i - 1]
/Users/jackcuster/Documents/fx-data/code/l2lib.py:1856: RuntimeWarning: invalid value encountered in scalar add
  fama[i] = .5 * al * mama[i] + (1 - .5 * al) * fama[i - 1]
/Users/jackcuster/Documents/fx-data/code/l2lib.py:1856: RuntimeWarning: overflow encountered in scalar multiply
  fama[i] = .5 * al * mama[i] + (1 - .5 * al) * fama[i - 1]
/Users/jackcuster/Documents/fx-data/code/l2lib.py:1856: RuntimeWarning: invalid value encountered in scalar add
  fama[i] = .5 * al * mama[i] + (1 - .5 * al) * fama[i - 1]
/Users/jackcuster/Documents/fx-data/code/l2lib.py:1855: RuntimeWarning: overflow encountered in scalar multiply
  mama[i] = al * src[i] + (1 - al) * mama[i - 1]
/Users/jackcuster/Documents/fx-data/code/l2lib.py:1856: RuntimeWarning: overflow encountered in scalar add
  fama[i] = .5 * al * mama[i] + (1 - .5 * al) * fama[i - 1]
/Users/jackcuster/Documents/fx-data/code/l2lib.py:1856: RuntimeWarning: overflow encountered in scalar multiply
  fama[i] = .5 * al * mama[i] + (1 - .5 * al) * fama[i - 1]
/Users/jackcuster/Documents/fx-data/code/l2lib.py:1855: RuntimeWarning: overflow encountered in scalar multiply
  mama[i] = al * src[i] + (1 - al) * mama[i - 1]
/Users/jackcuster/Documents/fx-data/code/l2lib.py:1856: RuntimeWarning: invalid value encountered in scalar add
  fama[i] = .5 * al * mama[i] + (1 - .5 * al) * fama[i - 1]
/Users/jackcuster/Documents/fx-data/code/l2lib.py:1856: RuntimeWarning: overflow encountered in scalar add
  fama[i] = .5 * al * mama[i] + (1 - .5 * al) * fama[i - 1]
/Users/jackcuster/Documents/fx-data/code/l2lib.py:1856: RuntimeWarning: overflow encountered in scalar multiply
  fama[i] = .5 * al * mama[i] + (1 - .5 * al) * fama[i - 1]
/Users/jackcuster/Documents/fx-data/code/l2lib.py:1855: RuntimeWarning: overflow encountered in scalar multiply
  mama[i] = al * src[i] + (1 - al) * mama[i - 1]
/Users/jackcuster/Documents/fx-data/code/l2lib.py:1856: RuntimeWarning: invalid value encountered in scalar add
  fama[i] = .5 * al * mama[i] + (1 - .5 * al) * fama[i - 1]
/Users/jackcuster/Documents/fx-data/code/l2lib.py:1856: RuntimeWarning: overflow encountered in scalar add
  fama[i] = .5 * al * mama[i] + (1 - .5 * al) * fama[i - 1]
/Users/jackcuster/Documents/fx-data/code/l2lib.py:1856: RuntimeWarning: overflow encountered in scalar multiply
  fama[i] = .5 * al * mama[i] + (1 - .5 * al) * fama[i - 1]
/Users/jackcuster/Documents/fx-data/code/l2lib.py:1856: RuntimeWarning: invalid value encountered in scalar add
  fama[i] = .5 * al * mama[i] + (1 - .5 * al) * fama[i - 1]
/Users/jackcuster/Documents/fx-data/code/l2lib.py:1855: RuntimeWarning: overflow encountered in scalar multiply
  mama[i] = al * src[i] + (1 - al) * mama[i - 1]
/Users/jackcuster/Documents/fx-data/code/l2lib.py:1856: RuntimeWarning: overflow encountered in scalar add
  fama[i] = .5 * al * mama[i] + (1 - .5 * al) * fama[i - 1]
/Users/jackcuster/Documents/fx-data/code/l2lib.py:1856: RuntimeWarning: overflow encountered in scalar multiply
  fama[i] = .5 * al * mama[i] + (1 - .5 * al) * fama[i - 1]
/Users/jackcuster/Documents/fx-data/code/l2lib.py:1855: RuntimeWarning: overflow encountered in scalar multiply
  mama[i] = al * src[i] + (1 - al) * mama[i - 1]
/Users/jackcuster/Documents/fx-data/code/l2lib.py:1856: RuntimeWarning: invalid value encountered in scalar add
  fama[i] = .5 * al * mama[i] + (1 - .5 * al) * fama[i - 1]
/Users/jackcuster/Documents/fx-data/code/l2lib.py:1856: RuntimeWarning: overflow encountered in scalar add
  fama[i] = .5 * al * mama[i] + (1 - .5 * al) * fama[i - 1]
/Users/jackcuster/Documents/fx-data/code/l2lib.py:1856: RuntimeWarning: overflow encountered in scalar multiply
  fama[i] = .5 * al * mama[i] + (1 - .5 * al) * fama[i - 1]
/Users/jackcuster/Documents/fx-data/code/l2lib.py:1855: RuntimeWarning: overflow encountered in scalar multiply
  mama[i] = al * src[i] + (1 - al) * mama[i - 1]
/Users/jackcuster/Documents/fx-data/code/l2lib.py:1856: RuntimeWarning: invalid value encountered in scalar add
  fama[i] = .5 * al * mama[i] + (1 - .5 * al) * fama[i - 1]
/Users/jackcuster/Documents/fx-data/code/l2lib.py:1856: RuntimeWarning: overflow encountered in scalar multiply
  fama[i] = .5 * al * mama[i] + (1 - .5 * al) * fama[i - 1]
/Users/jackcuster/Documents/fx-data/code/l2lib.py:1855: RuntimeWarning: overflow encountered in scalar multiply
  mama[i] = al * src[i] + (1 - al) * mama[i - 1]
/Users/jackcuster/Documents/fx-data/code/l2lib.py:1856: RuntimeWarning: invalid value encountered in scalar add
  fama[i] = .5 * al * mama[i] + (1 - .5 * al) * fama[i - 1]
/Users/jackcuster/Documents/fx-data/code/l2lib.py:1856: RuntimeWarning: overflow encountered in scalar add
  fama[i] = .5 * al * mama[i] + (1 - .5 * al) * fama[i - 1]
/Users/jackcuster/Documents/fx-data/code/l2lib.py:1856: RuntimeWarning: overflow encountered in scalar multiply
  fama[i] = .5 * al * mama[i] + (1 - .5 * al) * fama[i - 1]
/Users/jackcuster/Documents/fx-data/code/l2lib.py:1855: RuntimeWarning: overflow encountered in scalar multiply
  mama[i] = al * src[i] + (1 - al) * mama[i - 1]
/Users/jackcuster/Documents/fx-data/code/l2lib.py:1856: RuntimeWarning: invalid value encountered in scalar add
  fama[i] = .5 * al * mama[i] + (1 - .5 * al) * fama[i - 1]
   325/5110 examined  2.0 s/strategy  | projected remaining 2.6 h -> 2026-09-03 14:36
   350/5110 examined  2.0 s/strategy  | projected remaining 2.6 h -> 2026-09-03 14:35
   375/5110 examined  2.0 s/strategy  | projected remaining 2.6 h -> 2026-09-03 14:36
   400/5110 examined  2.0 s/strategy  | projected remaining 2.6 h -> 2026-09-03 14:36
/Users/jackcuster/Documents/fx-data/code/l2lib.py:1884: RuntimeWarning: overflow encountered in scalar multiply
  st = fr if not np.isfinite(st) else index_smooth * fr + (1 - index_smooth) * st
/Users/jackcuster/Documents/fx-data/code/l2lib.py:1884: RuntimeWarning: overflow encountered in scalar multiply
  st = fr if not np.isfinite(st) else index_smooth * fr + (1 - index_smooth) * st
/Users/jackcuster/Documents/fx-data/code/l2lib.py:1884: RuntimeWarning: overflow encountered in scalar multiply
  st = fr if not np.isfinite(st) else index_smooth * fr + (1 - index_smooth) * st
/Users/jackcuster/Documents/fx-data/code/l2lib.py:1884: RuntimeWarning: overflow encountered in scalar multiply
  st = fr if not np.isfinite(st) else index_smooth * fr + (1 - index_smooth) * st
/Users/jackcuster/Documents/fx-data/code/l2lib.py:1884: RuntimeWarning: overflow encountered in scalar multiply
  st = fr if not np.isfinite(st) else index_smooth * fr + (1 - index_smooth) * st
/Users/jackcuster/Documents/fx-data/code/l2lib.py:1884: RuntimeWarning: overflow encountered in scalar multiply
  st = fr if not np.isfinite(st) else index_smooth * fr + (1 - index_smooth) * st
/Users/jackcuster/Documents/fx-data/code/l2lib.py:1884: RuntimeWarning: overflow encountered in scalar multiply
  st = fr if not np.isfinite(st) else index_smooth * fr + (1 - index_smooth) * st
/Users/jackcuster/Documents/fx-data/code/l2lib.py:1884: RuntimeWarning: overflow encountered in scalar multiply
  st = fr if not np.isfinite(st) else index_smooth * fr + (1 - index_smooth) * st
/Users/jackcuster/Documents/fx-data/code/l2lib.py:1884: RuntimeWarning: overflow encountered in scalar multiply
  st = fr if not np.isfinite(st) else index_smooth * fr + (1 - index_smooth) * st
/Users/jackcuster/Documents/fx-data/code/l2lib.py:1884: RuntimeWarning: overflow encountered in scalar multiply
  st = fr if not np.isfinite(st) else index_smooth * fr + (1 - index_smooth) * st
/Users/jackcuster/Documents/fx-data/code/l2lib.py:1884: RuntimeWarning: overflow encountered in scalar multiply
  st = fr if not np.isfinite(st) else index_smooth * fr + (1 - index_smooth) * st
/Users/jackcuster/Documents/fx-data/code/l2lib.py:1884: RuntimeWarning: overflow encountered in scalar multiply
  st = fr if not np.isfinite(st) else index_smooth * fr + (1 - index_smooth) * st
/Users/jackcuster/Documents/fx-data/code/l2lib.py:1884: RuntimeWarning: overflow encountered in scalar multiply
  st = fr if not np.isfinite(st) else index_smooth * fr + (1 - index_smooth) * st
/Users/jackcuster/Documents/fx-data/code/l2lib.py:1884: RuntimeWarning: overflow encountered in scalar multiply
  st = fr if not np.isfinite(st) else index_smooth * fr + (1 - index_smooth) * st
/Users/jackcuster/Documents/fx-data/code/l2lib.py:1884: RuntimeWarning: overflow encountered in scalar multiply
  st = fr if not np.isfinite(st) else index_smooth * fr + (1 - index_smooth) * st
/Users/jackcuster/Documents/fx-data/code/l2lib.py:1884: RuntimeWarning: overflow encountered in scalar multiply
  st = fr if not np.isfinite(st) else index_smooth * fr + (1 - index_smooth) * st
/Users/jackcuster/Documents/fx-data/code/l2lib.py:1884: RuntimeWarning: overflow encountered in scalar multiply
  st = fr if not np.isfinite(st) else index_smooth * fr + (1 - index_smooth) * st
/Users/jackcuster/Documents/fx-data/code/l2lib.py:1884: RuntimeWarning: overflow encountered in scalar multiply
  st = fr if not np.isfinite(st) else index_smooth * fr + (1 - index_smooth) * st
/Users/jackcuster/Documents/fx-data/code/l2lib.py:1884: RuntimeWarning: overflow encountered in scalar multiply
  st = fr if not np.isfinite(st) else index_smooth * fr + (1 - index_smooth) * st
/Users/jackcuster/Documents/fx-data/code/l2lib.py:1884: RuntimeWarning: overflow encountered in scalar multiply
  st = fr if not np.isfinite(st) else index_smooth * fr + (1 - index_smooth) * st
/Users/jackcuster/Documents/fx-data/code/l2lib.py:1884: RuntimeWarning: overflow encountered in scalar multiply
  st = fr if not np.isfinite(st) else index_smooth * fr + (1 - index_smooth) * st
/Users/jackcuster/Documents/fx-data/code/l2lib.py:1884: RuntimeWarning: overflow encountered in scalar multiply
  st = fr if not np.isfinite(st) else index_smooth * fr + (1 - index_smooth) * st
/Users/jackcuster/Documents/fx-data/code/l2lib.py:1884: RuntimeWarning: overflow encountered in scalar multiply
  st = fr if not np.isfinite(st) else index_smooth * fr + (1 - index_smooth) * st
/Users/jackcuster/Documents/fx-data/code/l2lib.py:1884: RuntimeWarning: overflow encountered in scalar multiply
  st = fr if not np.isfinite(st) else index_smooth * fr + (1 - index_smooth) * st
/Users/jackcuster/Documents/fx-data/code/l2lib.py:1884: RuntimeWarning: overflow encountered in scalar multiply
  st = fr if not np.isfinite(st) else index_smooth * fr + (1 - index_smooth) * st
/Users/jackcuster/Documents/fx-data/code/l2lib.py:1884: RuntimeWarning: overflow encountered in scalar multiply
  st = fr if not np.isfinite(st) else index_smooth * fr + (1 - index_smooth) * st
/Users/jackcuster/Documents/fx-data/code/l2lib.py:1884: RuntimeWarning: overflow encountered in scalar multiply
  st = fr if not np.isfinite(st) else index_smooth * fr + (1 - index_smooth) * st
/Users/jackcuster/Documents/fx-data/code/l2lib.py:1884: RuntimeWarning: overflow encountered in scalar multiply
  st = fr if not np.isfinite(st) else index_smooth * fr + (1 - index_smooth) * st
   425/5110 examined  2.0 s/strategy  | projected remaining 2.6 h -> 2026-09-03 14:36
   450/5110 examined  2.0 s/strategy  | projected remaining 2.5 h -> 2026-09-03 14:35
   475/5110 examined  1.9 s/strategy  | projected remaining 2.5 h -> 2026-09-03 14:33
/Users/jackcuster/Documents/fx-data/code/l2lib.py:1881: RuntimeWarning: overflow encountered in scalar multiply
  sm = r if not np.isfinite(sm) else price_smooth * r + (1 - price_smooth) * sm
/Users/jackcuster/Documents/fx-data/code/l2lib.py:1884: RuntimeWarning: overflow encountered in scalar multiply
  st = fr if not np.isfinite(st) else index_smooth * fr + (1 - index_smooth) * st
/Users/jackcuster/Documents/fx-data/code/l2lib.py:1881: RuntimeWarning: overflow encountered in scalar multiply
  sm = r if not np.isfinite(sm) else price_smooth * r + (1 - price_smooth) * sm
/Users/jackcuster/Documents/fx-data/code/l2lib.py:1884: RuntimeWarning: overflow encountered in scalar multiply
  st = fr if not np.isfinite(st) else index_smooth * fr + (1 - index_smooth) * st
/Users/jackcuster/Documents/fx-data/code/l2lib.py:1881: RuntimeWarning: overflow encountered in scalar multiply
  sm = r if not np.isfinite(sm) else price_smooth * r + (1 - price_smooth) * sm
/Users/jackcuster/Documents/fx-data/code/l2lib.py:1884: RuntimeWarning: overflow encountered in scalar multiply
  st = fr if not np.isfinite(st) else index_smooth * fr + (1 - index_smooth) * st
/Users/jackcuster/Documents/fx-data/code/l2lib.py:1881: RuntimeWarning: overflow encountered in scalar multiply
  sm = r if not np.isfinite(sm) else price_smooth * r + (1 - price_smooth) * sm
/Users/jackcuster/Documents/fx-data/code/l2lib.py:1884: RuntimeWarning: overflow encountered in scalar multiply
  st = fr if not np.isfinite(st) else index_smooth * fr + (1 - index_smooth) * st
/Users/jackcuster/Documents/fx-data/code/l2lib.py:1881: RuntimeWarning: overflow encountered in scalar multiply
  sm = r if not np.isfinite(sm) else price_smooth * r + (1 - price_smooth) * sm
/Users/jackcuster/Documents/fx-data/code/l2lib.py:1884: RuntimeWarning: overflow encountered in scalar multiply
  st = fr if not np.isfinite(st) else index_smooth * fr + (1 - index_smooth) * st
/Users/jackcuster/Documents/fx-data/code/l2lib.py:1881: RuntimeWarning: overflow encountered in scalar multiply
  sm = r if not np.isfinite(sm) else price_smooth * r + (1 - price_smooth) * sm
/Users/jackcuster/Documents/fx-data/code/l2lib.py:1884: RuntimeWarning: overflow encountered in scalar multiply
  st = fr if not np.isfinite(st) else index_smooth * fr + (1 - index_smooth) * st
/Users/jackcuster/Documents/fx-data/code/l2lib.py:1881: RuntimeWarning: overflow encountered in scalar multiply
  sm = r if not np.isfinite(sm) else price_smooth * r + (1 - price_smooth) * sm
/Users/jackcuster/Documents/fx-data/code/l2lib.py:1884: RuntimeWarning: overflow encountered in scalar multiply
  st = fr if not np.isfinite(st) else index_smooth * fr + (1 - index_smooth) * st
/Users/jackcuster/Documents/fx-data/code/l2lib.py:1881: RuntimeWarning: overflow encountered in scalar multiply
  sm = r if not np.isfinite(sm) else price_smooth * r + (1 - price_smooth) * sm
/Users/jackcuster/Documents/fx-data/code/l2lib.py:1884: RuntimeWarning: overflow encountered in scalar multiply
  st = fr if not np.isfinite(st) else index_smooth * fr + (1 - index_smooth) * st
/Users/jackcuster/Documents/fx-data/code/l2lib.py:1881: RuntimeWarning: overflow encountered in scalar multiply
  sm = r if not np.isfinite(sm) else price_smooth * r + (1 - price_smooth) * sm
/Users/jackcuster/Documents/fx-data/code/l2lib.py:1884: RuntimeWarning: overflow encountered in scalar multiply
  st = fr if not np.isfinite(st) else index_smooth * fr + (1 - index_smooth) * st
/Users/jackcuster/Documents/fx-data/code/l2lib.py:1881: RuntimeWarning: overflow encountered in scalar multiply
  sm = r if not np.isfinite(sm) else price_smooth * r + (1 - price_smooth) * sm
/Users/jackcuster/Documents/fx-data/code/l2lib.py:1884: RuntimeWarning: overflow encountered in scalar multiply
  st = fr if not np.isfinite(st) else index_smooth * fr + (1 - index_smooth) * st
/Users/jackcuster/Documents/fx-data/code/l2lib.py:1881: RuntimeWarning: overflow encountered in scalar multiply
  sm = r if not np.isfinite(sm) else price_smooth * r + (1 - price_smooth) * sm
/Users/jackcuster/Documents/fx-data/code/l2lib.py:1884: RuntimeWarning: overflow encountered in scalar multiply
  st = fr if not np.isfinite(st) else index_smooth * fr + (1 - index_smooth) * st
/Users/jackcuster/Documents/fx-data/code/l2lib.py:1881: RuntimeWarning: overflow encountered in scalar multiply
  sm = r if not np.isfinite(sm) else price_smooth * r + (1 - price_smooth) * sm
/Users/jackcuster/Documents/fx-data/code/l2lib.py:1884: RuntimeWarning: overflow encountered in scalar multiply
  st = fr if not np.isfinite(st) else index_smooth * fr + (1 - index_smooth) * st
/Users/jackcuster/Documents/fx-data/code/l2lib.py:1881: RuntimeWarning: overflow encountered in scalar multiply
  sm = r if not np.isfinite(sm) else price_smooth * r + (1 - price_smooth) * sm
/Users/jackcuster/Documents/fx-data/code/l2lib.py:1884: RuntimeWarning: overflow encountered in scalar multiply
  st = fr if not np.isfinite(st) else index_smooth * fr + (1 - index_smooth) * st
/Users/jackcuster/Documents/fx-data/code/l2lib.py:1881: RuntimeWarning: overflow encountered in scalar multiply
  sm = r if not np.isfinite(sm) else price_smooth * r + (1 - price_smooth) * sm
/Users/jackcuster/Documents/fx-data/code/l2lib.py:1884: RuntimeWarning: overflow encountered in scalar multiply
  st = fr if not np.isfinite(st) else index_smooth * fr + (1 - index_smooth) * st
/Users/jackcuster/Documents/fx-data/code/l2lib.py:1881: RuntimeWarning: overflow encountered in scalar multiply
  sm = r if not np.isfinite(sm) else price_smooth * r + (1 - price_smooth) * sm
/Users/jackcuster/Documents/fx-data/code/l2lib.py:1884: RuntimeWarning: overflow encountered in scalar multiply
  st = fr if not np.isfinite(st) else index_smooth * fr + (1 - index_smooth) * st
/Users/jackcuster/Documents/fx-data/code/l2lib.py:1881: RuntimeWarning: overflow encountered in scalar multiply
  sm = r if not np.isfinite(sm) else price_smooth * r + (1 - price_smooth) * sm
/Users/jackcuster/Documents/fx-data/code/l2lib.py:1884: RuntimeWarning: overflow encountered in scalar multiply
  st = fr if not np.isfinite(st) else index_smooth * fr + (1 - index_smooth) * st
/Users/jackcuster/Documents/fx-data/code/l2lib.py:1881: RuntimeWarning: overflow encountered in scalar multiply
  sm = r if not np.isfinite(sm) else price_smooth * r + (1 - price_smooth) * sm
/Users/jackcuster/Documents/fx-data/code/l2lib.py:1884: RuntimeWarning: overflow encountered in scalar multiply
  st = fr if not np.isfinite(st) else index_smooth * fr + (1 - index_smooth) * st
/Users/jackcuster/Documents/fx-data/code/l2lib.py:1881: RuntimeWarning: overflow encountered in scalar multiply
  sm = r if not np.isfinite(sm) else price_smooth * r + (1 - price_smooth) * sm
/Users/jackcuster/Documents/fx-data/code/l2lib.py:1884: RuntimeWarning: overflow encountered in scalar multiply
  st = fr if not np.isfinite(st) else index_smooth * fr + (1 - index_smooth) * st
/Users/jackcuster/Documents/fx-data/code/l2lib.py:1881: RuntimeWarning: overflow encountered in scalar multiply
  sm = r if not np.isfinite(sm) else price_smooth * r + (1 - price_smooth) * sm
/Users/jackcuster/Documents/fx-data/code/l2lib.py:1884: RuntimeWarning: overflow encountered in scalar multiply
  st = fr if not np.isfinite(st) else index_smooth * fr + (1 - index_smooth) * st
/Users/jackcuster/Documents/fx-data/code/l2lib.py:1881: RuntimeWarning: overflow encountered in scalar multiply
  sm = r if not np.isfinite(sm) else price_smooth * r + (1 - price_smooth) * sm
/Users/jackcuster/Documents/fx-data/code/l2lib.py:1884: RuntimeWarning: overflow encountered in scalar multiply
  st = fr if not np.isfinite(st) else index_smooth * fr + (1 - index_smooth) * st
/Users/jackcuster/Documents/fx-data/code/l2lib.py:1881: RuntimeWarning: overflow encountered in scalar multiply
  sm = r if not np.isfinite(sm) else price_smooth * r + (1 - price_smooth) * sm
/Users/jackcuster/Documents/fx-data/code/l2lib.py:1884: RuntimeWarning: overflow encountered in scalar multiply
  st = fr if not np.isfinite(st) else index_smooth * fr + (1 - index_smooth) * st
/Users/jackcuster/Documents/fx-data/code/l2lib.py:1881: RuntimeWarning: overflow encountered in scalar multiply
  sm = r if not np.isfinite(sm) else price_smooth * r + (1 - price_smooth) * sm
/Users/jackcuster/Documents/fx-data/code/l2lib.py:1884: RuntimeWarning: overflow encountered in scalar multiply
  st = fr if not np.isfinite(st) else index_smooth * fr + (1 - index_smooth) * st
/Users/jackcuster/Documents/fx-data/code/l2lib.py:1881: RuntimeWarning: overflow encountered in scalar multiply
  sm = r if not np.isfinite(sm) else price_smooth * r + (1 - price_smooth) * sm
/Users/jackcuster/Documents/fx-data/code/l2lib.py:1884: RuntimeWarning: overflow encountered in scalar multiply
  st = fr if not np.isfinite(st) else index_smooth * fr + (1 - index_smooth) * st
/Users/jackcuster/Documents/fx-data/code/l2lib.py:1881: RuntimeWarning: overflow encountered in scalar multiply
  sm = r if not np.isfinite(sm) else price_smooth * r + (1 - price_smooth) * sm
/Users/jackcuster/Documents/fx-data/code/l2lib.py:1884: RuntimeWarning: overflow encountered in scalar multiply
  st = fr if not np.isfinite(st) else index_smooth * fr + (1 - index_smooth) * st
/Users/jackcuster/Documents/fx-data/code/l2lib.py:1881: RuntimeWarning: overflow encountered in scalar multiply
  sm = r if not np.isfinite(sm) else price_smooth * r + (1 - price_smooth) * sm
/Users/jackcuster/Documents/fx-data/code/l2lib.py:1884: RuntimeWarning: overflow encountered in scalar multiply
  st = fr if not np.isfinite(st) else index_smooth * fr + (1 - index_smooth) * st
/Users/jackcuster/Documents/fx-data/code/l2lib.py:1881: RuntimeWarning: overflow encountered in scalar multiply
  sm = r if not np.isfinite(sm) else price_smooth * r + (1 - price_smooth) * sm
/Users/jackcuster/Documents/fx-data/code/l2lib.py:1884: RuntimeWarning: overflow encountered in scalar multiply
  st = fr if not np.isfinite(st) else index_smooth * fr + (1 - index_smooth) * st
/Users/jackcuster/Documents/fx-data/code/l2lib.py:1881: RuntimeWarning: overflow encountered in scalar multiply
  sm = r if not np.isfinite(sm) else price_smooth * r + (1 - price_smooth) * sm
/Users/jackcuster/Documents/fx-data/code/l2lib.py:1884: RuntimeWarning: overflow encountered in scalar multiply
  st = fr if not np.isfinite(st) else index_smooth * fr + (1 - index_smooth) * st
/Users/jackcuster/Documents/fx-data/code/l2lib.py:1881: RuntimeWarning: overflow encountered in scalar multiply
  sm = r if not np.isfinite(sm) else price_smooth * r + (1 - price_smooth) * sm
/Users/jackcuster/Documents/fx-data/code/l2lib.py:1884: RuntimeWarning: overflow encountered in scalar multiply
  st = fr if not np.isfinite(st) else index_smooth * fr + (1 - index_smooth) * st
   500/5110 examined  1.9 s/strategy  | projected remaining 2.5 h -> 2026-09-03 14:33
   525/5110 examined  1.9 s/strategy  | projected remaining 2.5 h -> 2026-09-03 14:32
   550/5110 examined  1.9 s/strategy  | projected remaining 2.4 h -> 2026-09-03 14:32
   575/5110 examined  1.9 s/strategy  | projected remaining 2.4 h -> 2026-09-03 14:32
   600/5110 examined  1.9 s/strategy  | projected remaining 2.4 h -> 2026-09-03 14:31
   625/5110 examined  1.9 s/strategy  | projected remaining 2.4 h -> 2026-09-03 14:33
   650/5110 examined  3.5 s/strategy  | projected remaining 4.4 h -> 2026-09-03 16:47
   675/5110 examined  3.8 s/strategy  | projected remaining 4.7 h -> 2026-09-03 17:12
   700/5110 examined  3.7 s/strategy  | projected remaining 4.6 h -> 2026-09-03 17:05
   725/5110 examined  3.7 s/strategy  | projected remaining 4.5 h -> 2026-09-03 17:00
/Users/jackcuster/Documents/fx-data/code/l2lib.py:1884: RuntimeWarning: overflow encountered in scalar multiply
  st = fr if not np.isfinite(st) else index_smooth * fr + (1 - index_smooth) * st
/Users/jackcuster/Documents/fx-data/code/l2lib.py:1881: RuntimeWarning: overflow encountered in scalar multiply
  sm = r if not np.isfinite(sm) else price_smooth * r + (1 - price_smooth) * sm
/Users/jackcuster/Documents/fx-data/code/l2lib.py:1884: RuntimeWarning: overflow encountered in scalar multiply
  st = fr if not np.isfinite(st) else index_smooth * fr + (1 - index_smooth) * st
/Users/jackcuster/Documents/fx-data/code/l2lib.py:1881: RuntimeWarning: overflow encountered in scalar multiply
  sm = r if not np.isfinite(sm) else price_smooth * r + (1 - price_smooth) * sm
/Users/jackcuster/Documents/fx-data/code/l2lib.py:1884: RuntimeWarning: overflow encountered in scalar multiply
  st = fr if not np.isfinite(st) else index_smooth * fr + (1 - index_smooth) * st
/Users/jackcuster/Documents/fx-data/code/l2lib.py:1881: RuntimeWarning: overflow encountered in scalar multiply
  sm = r if not np.isfinite(sm) else price_smooth * r + (1 - price_smooth) * sm
/Users/jackcuster/Documents/fx-data/code/l2lib.py:1884: RuntimeWarning: overflow encountered in scalar multiply
  st = fr if not np.isfinite(st) else index_smooth * fr + (1 - index_smooth) * st
/Users/jackcuster/Documents/fx-data/code/l2lib.py:1881: RuntimeWarning: overflow encountered in scalar multiply
  sm = r if not np.isfinite(sm) else price_smooth * r + (1 - price_smooth) * sm
/Users/jackcuster/Documents/fx-data/code/l2lib.py:1884: RuntimeWarning: overflow encountered in scalar multiply
  st = fr if not np.isfinite(st) else index_smooth * fr + (1 - index_smooth) * st
/Users/jackcuster/Documents/fx-data/code/l2lib.py:1881: RuntimeWarning: overflow encountered in scalar multiply
  sm = r if not np.isfinite(sm) else price_smooth * r + (1 - price_smooth) * sm
/Users/jackcuster/Documents/fx-data/code/l2lib.py:1884: RuntimeWarning: overflow encountered in scalar multiply
  st = fr if not np.isfinite(st) else index_smooth * fr + (1 - index_smooth) * st
/Users/jackcuster/Documents/fx-data/code/l2lib.py:1881: RuntimeWarning: overflow encountered in scalar multiply
  sm = r if not np.isfinite(sm) else price_smooth * r + (1 - price_smooth) * sm
/Users/jackcuster/Documents/fx-data/code/l2lib.py:1884: RuntimeWarning: overflow encountered in scalar multiply
  st = fr if not np.isfinite(st) else index_smooth * fr + (1 - index_smooth) * st
/Users/jackcuster/Documents/fx-data/code/l2lib.py:1881: RuntimeWarning: overflow encountered in scalar multiply
  sm = r if not np.isfinite(sm) else price_smooth * r + (1 - price_smooth) * sm
/Users/jackcuster/Documents/fx-data/code/l2lib.py:1884: RuntimeWarning: overflow encountered in scalar multiply
  st = fr if not np.isfinite(st) else index_smooth * fr + (1 - index_smooth) * st
/Users/jackcuster/Documents/fx-data/code/l2lib.py:1881: RuntimeWarning: overflow encountered in scalar multiply
  sm = r if not np.isfinite(sm) else price_smooth * r + (1 - price_smooth) * sm
/Users/jackcuster/Documents/fx-data/code/l2lib.py:1884: RuntimeWarning: overflow encountered in scalar multiply
  st = fr if not np.isfinite(st) else index_smooth * fr + (1 - index_smooth) * st
/Users/jackcuster/Documents/fx-data/code/l2lib.py:1881: RuntimeWarning: overflow encountered in scalar multiply
  sm = r if not np.isfinite(sm) else price_smooth * r + (1 - price_smooth) * sm
/Users/jackcuster/Documents/fx-data/code/l2lib.py:1884: RuntimeWarning: overflow encountered in scalar multiply
  st = fr if not np.isfinite(st) else index_smooth * fr + (1 - index_smooth) * st
/Users/jackcuster/Documents/fx-data/code/l2lib.py:1881: RuntimeWarning: overflow encountered in scalar multiply
  sm = r if not np.isfinite(sm) else price_smooth * r + (1 - price_smooth) * sm
/Users/jackcuster/Documents/fx-data/code/l2lib.py:1884: RuntimeWarning: overflow encountered in scalar multiply
  st = fr if not np.isfinite(st) else index_smooth * fr + (1 - index_smooth) * st
/Users/jackcuster/Documents/fx-data/code/l2lib.py:1881: RuntimeWarning: overflow encountered in scalar multiply
  sm = r if not np.isfinite(sm) else price_smooth * r + (1 - price_smooth) * sm
/Users/jackcuster/Documents/fx-data/code/l2lib.py:1884: RuntimeWarning: overflow encountered in scalar multiply
  st = fr if not np.isfinite(st) else index_smooth * fr + (1 - index_smooth) * st
/Users/jackcuster/Documents/fx-data/code/l2lib.py:1881: RuntimeWarning: overflow encountered in scalar multiply
  sm = r if not np.isfinite(sm) else price_smooth * r + (1 - price_smooth) * sm
/Users/jackcuster/Documents/fx-data/code/l2lib.py:1884: RuntimeWarning: overflow encountered in scalar multiply
  st = fr if not np.isfinite(st) else index_smooth * fr + (1 - index_smooth) * st
/Users/jackcuster/Documents/fx-data/code/l2lib.py:1881: RuntimeWarning: overflow encountered in scalar multiply
  sm = r if not np.isfinite(sm) else price_smooth * r + (1 - price_smooth) * sm
/Users/jackcuster/Documents/fx-data/code/l2lib.py:1884: RuntimeWarning: overflow encountered in scalar multiply
  st = fr if not np.isfinite(st) else index_smooth * fr + (1 - index_smooth) * st
/Users/jackcuster/Documents/fx-data/code/l2lib.py:1881: RuntimeWarning: overflow encountered in scalar multiply
  sm = r if not np.isfinite(sm) else price_smooth * r + (1 - price_smooth) * sm
/Users/jackcuster/Documents/fx-data/code/l2lib.py:1884: RuntimeWarning: overflow encountered in scalar multiply
  st = fr if not np.isfinite(st) else index_smooth * fr + (1 - index_smooth) * st
/Users/jackcuster/Documents/fx-data/code/l2lib.py:1881: RuntimeWarning: overflow encountered in scalar multiply
  sm = r if not np.isfinite(sm) else price_smooth * r + (1 - price_smooth) * sm
/Users/jackcuster/Documents/fx-data/code/l2lib.py:1884: RuntimeWarning: overflow encountered in scalar multiply
  st = fr if not np.isfinite(st) else index_smooth * fr + (1 - index_smooth) * st
/Users/jackcuster/Documents/fx-data/code/l2lib.py:1881: RuntimeWarning: overflow encountered in scalar multiply
  sm = r if not np.isfinite(sm) else price_smooth * r + (1 - price_smooth) * sm
/Users/jackcuster/Documents/fx-data/code/l2lib.py:1884: RuntimeWarning: overflow encountered in scalar multiply
  st = fr if not np.isfinite(st) else index_smooth * fr + (1 - index_smooth) * st
/Users/jackcuster/Documents/fx-data/code/l2lib.py:1881: RuntimeWarning: overflow encountered in scalar multiply
  sm = r if not np.isfinite(sm) else price_smooth * r + (1 - price_smooth) * sm
/Users/jackcuster/Documents/fx-data/code/l2lib.py:1884: RuntimeWarning: overflow encountered in scalar multiply
  st = fr if not np.isfinite(st) else index_smooth * fr + (1 - index_smooth) * st
/Users/jackcuster/Documents/fx-data/code/l2lib.py:1881: RuntimeWarning: overflow encountered in scalar multiply
  sm = r if not np.isfinite(sm) else price_smooth * r + (1 - price_smooth) * sm
/Users/jackcuster/Documents/fx-data/code/l2lib.py:1884: RuntimeWarning: overflow encountered in scalar multiply
  st = fr if not np.isfinite(st) else index_smooth * fr + (1 - index_smooth) * st
/Users/jackcuster/Documents/fx-data/code/l2lib.py:1881: RuntimeWarning: overflow encountered in scalar multiply
  sm = r if not np.isfinite(sm) else price_smooth * r + (1 - price_smooth) * sm
/Users/jackcuster/Documents/fx-data/code/l2lib.py:1884: RuntimeWarning: overflow encountered in scalar multiply
  st = fr if not np.isfinite(st) else index_smooth * fr + (1 - index_smooth) * st
/Users/jackcuster/Documents/fx-data/code/l2lib.py:1881: RuntimeWarning: overflow encountered in scalar multiply
  sm = r if not np.isfinite(sm) else price_smooth * r + (1 - price_smooth) * sm
/Users/jackcuster/Documents/fx-data/code/l2lib.py:1884: RuntimeWarning: overflow encountered in scalar multiply
  st = fr if not np.isfinite(st) else index_smooth * fr + (1 - index_smooth) * st
/Users/jackcuster/Documents/fx-data/code/l2lib.py:1881: RuntimeWarning: overflow encountered in scalar multiply
  sm = r if not np.isfinite(sm) else price_smooth * r + (1 - price_smooth) * sm
/Users/jackcuster/Documents/fx-data/code/l2lib.py:1884: RuntimeWarning: overflow encountered in scalar multiply
  st = fr if not np.isfinite(st) else index_smooth * fr + (1 - index_smooth) * st
/Users/jackcuster/Documents/fx-data/code/l2lib.py:1881: RuntimeWarning: overflow encountered in scalar multiply
  sm = r if not np.isfinite(sm) else price_smooth * r + (1 - price_smooth) * sm
/Users/jackcuster/Documents/fx-data/code/l2lib.py:1884: RuntimeWarning: overflow encountered in scalar multiply
  st = fr if not np.isfinite(st) else index_smooth * fr + (1 - index_smooth) * st
/Users/jackcuster/Documents/fx-data/code/l2lib.py:1881: RuntimeWarning: overflow encountered in scalar multiply
  sm = r if not np.isfinite(sm) else price_smooth * r + (1 - price_smooth) * sm
/Users/jackcuster/Documents/fx-data/code/l2lib.py:1884: RuntimeWarning: overflow encountered in scalar multiply
  st = fr if not np.isfinite(st) else index_smooth * fr + (1 - index_smooth) * st
/Users/jackcuster/Documents/fx-data/code/l2lib.py:1881: RuntimeWarning: overflow encountered in scalar multiply
  sm = r if not np.isfinite(sm) else price_smooth * r + (1 - price_smooth) * sm
/Users/jackcuster/Documents/fx-data/code/l2lib.py:1884: RuntimeWarning: overflow encountered in scalar multiply
  st = fr if not np.isfinite(st) else index_smooth * fr + (1 - index_smooth) * st
/Users/jackcuster/Documents/fx-data/code/l2lib.py:1881: RuntimeWarning: overflow encountered in scalar multiply
  sm = r if not np.isfinite(sm) else price_smooth * r + (1 - price_smooth) * sm
/Users/jackcuster/Documents/fx-data/code/l2lib.py:1884: RuntimeWarning: overflow encountered in scalar multiply
  st = fr if not np.isfinite(st) else index_smooth * fr + (1 - index_smooth) * st
/Users/jackcuster/Documents/fx-data/code/l2lib.py:1881: RuntimeWarning: overflow encountered in scalar multiply
  sm = r if not np.isfinite(sm) else price_smooth * r + (1 - price_smooth) * sm
/Users/jackcuster/Documents/fx-data/code/l2lib.py:1884: RuntimeWarning: overflow encountered in scalar multiply
  st = fr if not np.isfinite(st) else index_smooth * fr + (1 - index_smooth) * st
/Users/jackcuster/Documents/fx-data/code/l2lib.py:1881: RuntimeWarning: overflow encountered in scalar multiply
  sm = r if not np.isfinite(sm) else price_smooth * r + (1 - price_smooth) * sm
/Users/jackcuster/Documents/fx-data/code/l2lib.py:1884: RuntimeWarning: overflow encountered in scalar multiply
  st = fr if not np.isfinite(st) else index_smooth * fr + (1 - index_smooth) * st
/Users/jackcuster/Documents/fx-data/code/l2lib.py:1881: RuntimeWarning: overflow encountered in scalar multiply
  sm = r if not np.isfinite(sm) else price_smooth * r + (1 - price_smooth) * sm
   750/5110 examined  3.6 s/strategy  | projected remaining 4.4 h -> 2026-09-03 16:55
   775/5110 examined  3.6 s/strategy  | projected remaining 4.3 h -> 2026-09-03 16:50
   800/5110 examined  3.5 s/strategy  | projected remaining 4.2 h -> 2026-09-03 16:46
   825/5110 examined  3.4 s/strategy  | projected remaining 4.1 h -> 2026-09-03 16:41
   850/5110 examined  3.4 s/strategy  | projected remaining 4.0 h -> 2026-09-03 16:37
   875/5110 examined  3.4 s/strategy  | projected remaining 3.9 h -> 2026-09-03 16:33
   900/5110 examined  3.3 s/strategy  | projected remaining 3.9 h -> 2026-09-03 16:30
   925/5110 examined  3.3 s/strategy  | projected remaining 3.8 h -> 2026-09-03 16:27
   950/5110 examined  3.2 s/strategy  | projected remaining 3.7 h -> 2026-09-03 16:24
   975/5110 examined  3.2 s/strategy  | projected remaining 3.7 h -> 2026-09-03 16:21
  1000/5110 examined  3.2 s/strategy  | projected remaining 3.6 h -> 2026-09-03 16:20
  1025/5110 examined  3.2 s/strategy  | projected remaining 3.6 h -> 2026-09-03 16:17
  1050/5110 examined  3.1 s/strategy  | projected remaining 3.5 h -> 2026-09-03 16:15
/Users/jackcuster/Documents/fx-data/code/l2lib.py:1884: RuntimeWarning: overflow encountered in scalar multiply
  st = fr if not np.isfinite(st) else index_smooth * fr + (1 - index_smooth) * st
/Users/jackcuster/Documents/fx-data/code/l2lib.py:1884: RuntimeWarning: overflow encountered in scalar multiply
  st = fr if not np.isfinite(st) else index_smooth * fr + (1 - index_smooth) * st
/Users/jackcuster/Documents/fx-data/code/l2lib.py:1884: RuntimeWarning: overflow encountered in scalar multiply
  st = fr if not np.isfinite(st) else index_smooth * fr + (1 - index_smooth) * st
/Users/jackcuster/Documents/fx-data/code/l2lib.py:1884: RuntimeWarning: overflow encountered in scalar multiply
  st = fr if not np.isfinite(st) else index_smooth * fr + (1 - index_smooth) * st
/Users/jackcuster/Documents/fx-data/code/l2lib.py:1884: RuntimeWarning: overflow encountered in scalar multiply
  st = fr if not np.isfinite(st) else index_smooth * fr + (1 - index_smooth) * st
/Users/jackcuster/Documents/fx-data/code/l2lib.py:1884: RuntimeWarning: overflow encountered in scalar multiply
  st = fr if not np.isfinite(st) else index_smooth * fr + (1 - index_smooth) * st
/Users/jackcuster/Documents/fx-data/code/l2lib.py:1884: RuntimeWarning: overflow encountered in scalar multiply
  st = fr if not np.isfinite(st) else index_smooth * fr + (1 - index_smooth) * st
/Users/jackcuster/Documents/fx-data/code/l2lib.py:1884: RuntimeWarning: overflow encountered in scalar multiply
  st = fr if not np.isfinite(st) else index_smooth * fr + (1 - index_smooth) * st
/Users/jackcuster/Documents/fx-data/code/l2lib.py:1884: RuntimeWarning: overflow encountered in scalar multiply
  st = fr if not np.isfinite(st) else index_smooth * fr + (1 - index_smooth) * st
/Users/jackcuster/Documents/fx-data/code/l2lib.py:1884: RuntimeWarning: overflow encountered in scalar multiply
  st = fr if not np.isfinite(st) else index_smooth * fr + (1 - index_smooth) * st
/Users/jackcuster/Documents/fx-data/code/l2lib.py:1884: RuntimeWarning: overflow encountered in scalar multiply
  st = fr if not np.isfinite(st) else index_smooth * fr + (1 - index_smooth) * st
/Users/jackcuster/Documents/fx-data/code/l2lib.py:1884: RuntimeWarning: overflow encountered in scalar multiply
  st = fr if not np.isfinite(st) else index_smooth * fr + (1 - index_smooth) * st
/Users/jackcuster/Documents/fx-data/code/l2lib.py:1884: RuntimeWarning: overflow encountered in scalar multiply
  st = fr if not np.isfinite(st) else index_smooth * fr + (1 - index_smooth) * st
/Users/jackcuster/Documents/fx-data/code/l2lib.py:1884: RuntimeWarning: overflow encountered in scalar multiply
  st = fr if not np.isfinite(st) else index_smooth * fr + (1 - index_smooth) * st
/Users/jackcuster/Documents/fx-data/code/l2lib.py:1884: RuntimeWarning: overflow encountered in scalar multiply
  st = fr if not np.isfinite(st) else index_smooth * fr + (1 - index_smooth) * st
/Users/jackcuster/Documents/fx-data/code/l2lib.py:1884: RuntimeWarning: overflow encountered in scalar multiply
  st = fr if not np.isfinite(st) else index_smooth * fr + (1 - index_smooth) * st
/Users/jackcuster/Documents/fx-data/code/l2lib.py:1884: RuntimeWarning: overflow encountered in scalar multiply
  st = fr if not np.isfinite(st) else index_smooth * fr + (1 - index_smooth) * st
/Users/jackcuster/Documents/fx-data/code/l2lib.py:1884: RuntimeWarning: overflow encountered in scalar multiply
  st = fr if not np.isfinite(st) else index_smooth * fr + (1 - index_smooth) * st
/Users/jackcuster/Documents/fx-data/code/l2lib.py:1884: RuntimeWarning: overflow encountered in scalar multiply
  st = fr if not np.isfinite(st) else index_smooth * fr + (1 - index_smooth) * st
/Users/jackcuster/Documents/fx-data/code/l2lib.py:1884: RuntimeWarning: overflow encountered in scalar multiply
  st = fr if not np.isfinite(st) else index_smooth * fr + (1 - index_smooth) * st
/Users/jackcuster/Documents/fx-data/code/l2lib.py:1884: RuntimeWarning: overflow encountered in scalar multiply
  st = fr if not np.isfinite(st) else index_smooth * fr + (1 - index_smooth) * st
/Users/jackcuster/Documents/fx-data/code/l2lib.py:1884: RuntimeWarning: overflow encountered in scalar multiply
  st = fr if not np.isfinite(st) else index_smooth * fr + (1 - index_smooth) * st
/Users/jackcuster/Documents/fx-data/code/l2lib.py:1884: RuntimeWarning: overflow encountered in scalar multiply
  st = fr if not np.isfinite(st) else index_smooth * fr + (1 - index_smooth) * st
/Users/jackcuster/Documents/fx-data/code/l2lib.py:1884: RuntimeWarning: overflow encountered in scalar multiply
  st = fr if not np.isfinite(st) else index_smooth * fr + (1 - index_smooth) * st
/Users/jackcuster/Documents/fx-data/code/l2lib.py:1884: RuntimeWarning: overflow encountered in scalar multiply
  st = fr if not np.isfinite(st) else index_smooth * fr + (1 - index_smooth) * st
/Users/jackcuster/Documents/fx-data/code/l2lib.py:1884: RuntimeWarning: overflow encountered in scalar multiply
  st = fr if not np.isfinite(st) else index_smooth * fr + (1 - index_smooth) * st
/Users/jackcuster/Documents/fx-data/code/l2lib.py:1884: RuntimeWarning: overflow encountered in scalar multiply
  st = fr if not np.isfinite(st) else index_smooth * fr + (1 - index_smooth) * st
/Users/jackcuster/Documents/fx-data/code/l2lib.py:1884: RuntimeWarning: overflow encountered in scalar multiply
  st = fr if not np.isfinite(st) else index_smooth * fr + (1 - index_smooth) * st
  1075/5110 examined  3.1 s/strategy  | projected remaining 3.5 h -> 2026-09-03 16:11
  1100/5110 examined  3.1 s/strategy  | projected remaining 3.4 h -> 2026-09-03 16:09
  1125/5110 examined  3.0 s/strategy  | projected remaining 3.4 h -> 2026-09-03 16:07
  1150/5110 examined  3.0 s/strategy  | projected remaining 3.3 h -> 2026-09-03 16:04
  1175/5110 examined  3.0 s/strategy  | projected remaining 3.3 h -> 2026-09-03 16:03
  1200/5110 examined  3.0 s/strategy  | projected remaining 3.2 h -> 2026-09-03 16:01
  1225/5110 examined  2.9 s/strategy  | projected remaining 3.2 h -> 2026-09-03 15:58
  1250/5110 examined  2.9 s/strategy  | projected remaining 3.1 h -> 2026-09-03 15:57
  1275/5110 examined  2.9 s/strategy  | projected remaining 3.1 h -> 2026-09-03 15:54
  1300/5110 examined  2.9 s/strategy  | projected remaining 3.0 h -> 2026-09-03 15:53
  1325/5110 examined  2.9 s/strategy  | projected remaining 3.0 h -> 2026-09-03 15:51
/Users/jackcuster/Documents/fx-data/code/l2lib.py:1884: RuntimeWarning: overflow encountered in scalar multiply
  st = fr if not np.isfinite(st) else index_smooth * fr + (1 - index_smooth) * st
/Users/jackcuster/Documents/fx-data/code/l2lib.py:1884: RuntimeWarning: overflow encountered in scalar multiply
  st = fr if not np.isfinite(st) else index_smooth * fr + (1 - index_smooth) * st
/Users/jackcuster/Documents/fx-data/code/l2lib.py:1884: RuntimeWarning: overflow encountered in scalar multiply
  st = fr if not np.isfinite(st) else index_smooth * fr + (1 - index_smooth) * st
/Users/jackcuster/Documents/fx-data/code/l2lib.py:1884: RuntimeWarning: overflow encountered in scalar multiply
  st = fr if not np.isfinite(st) else index_smooth * fr + (1 - index_smooth) * st
/Users/jackcuster/Documents/fx-data/code/l2lib.py:1884: RuntimeWarning: overflow encountered in scalar multiply
  st = fr if not np.isfinite(st) else index_smooth * fr + (1 - index_smooth) * st
/Users/jackcuster/Documents/fx-data/code/l2lib.py:1884: RuntimeWarning: overflow encountered in scalar multiply
  st = fr if not np.isfinite(st) else index_smooth * fr + (1 - index_smooth) * st
/Users/jackcuster/Documents/fx-data/code/l2lib.py:1884: RuntimeWarning: overflow encountered in scalar multiply
  st = fr if not np.isfinite(st) else index_smooth * fr + (1 - index_smooth) * st
/Users/jackcuster/Documents/fx-data/code/l2lib.py:1884: RuntimeWarning: overflow encountered in scalar multiply
  st = fr if not np.isfinite(st) else index_smooth * fr + (1 - index_smooth) * st
/Users/jackcuster/Documents/fx-data/code/l2lib.py:1884: RuntimeWarning: overflow encountered in scalar multiply
  st = fr if not np.isfinite(st) else index_smooth * fr + (1 - index_smooth) * st
/Users/jackcuster/Documents/fx-data/code/l2lib.py:1884: RuntimeWarning: overflow encountered in scalar multiply
  st = fr if not np.isfinite(st) else index_smooth * fr + (1 - index_smooth) * st
/Users/jackcuster/Documents/fx-data/code/l2lib.py:1884: RuntimeWarning: overflow encountered in scalar multiply
  st = fr if not np.isfinite(st) else index_smooth * fr + (1 - index_smooth) * st
/Users/jackcuster/Documents/fx-data/code/l2lib.py:1884: RuntimeWarning: overflow encountered in scalar multiply
  st = fr if not np.isfinite(st) else index_smooth * fr + (1 - index_smooth) * st
/Users/jackcuster/Documents/fx-data/code/l2lib.py:1884: RuntimeWarning: overflow encountered in scalar multiply
  st = fr if not np.isfinite(st) else index_smooth * fr + (1 - index_smooth) * st
/Users/jackcuster/Documents/fx-data/code/l2lib.py:1884: RuntimeWarning: overflow encountered in scalar multiply
  st = fr if not np.isfinite(st) else index_smooth * fr + (1 - index_smooth) * st
/Users/jackcuster/Documents/fx-data/code/l2lib.py:1884: RuntimeWarning: overflow encountered in scalar multiply
  st = fr if not np.isfinite(st) else index_smooth * fr + (1 - index_smooth) * st
/Users/jackcuster/Documents/fx-data/code/l2lib.py:1884: RuntimeWarning: overflow encountered in scalar multiply
  st = fr if not np.isfinite(st) else index_smooth * fr + (1 - index_smooth) * st
/Users/jackcuster/Documents/fx-data/code/l2lib.py:1884: RuntimeWarning: overflow encountered in scalar multiply
  st = fr if not np.isfinite(st) else index_smooth * fr + (1 - index_smooth) * st
/Users/jackcuster/Documents/fx-data/code/l2lib.py:1884: RuntimeWarning: overflow encountered in scalar multiply
  st = fr if not np.isfinite(st) else index_smooth * fr + (1 - index_smooth) * st
/Users/jackcuster/Documents/fx-data/code/l2lib.py:1884: RuntimeWarning: overflow encountered in scalar multiply
  st = fr if not np.isfinite(st) else index_smooth * fr + (1 - index_smooth) * st
/Users/jackcuster/Documents/fx-data/code/l2lib.py:1884: RuntimeWarning: overflow encountered in scalar multiply
  st = fr if not np.isfinite(st) else index_smooth * fr + (1 - index_smooth) * st
/Users/jackcuster/Documents/fx-data/code/l2lib.py:1884: RuntimeWarning: overflow encountered in scalar multiply
  st = fr if not np.isfinite(st) else index_smooth * fr + (1 - index_smooth) * st
/Users/jackcuster/Documents/fx-data/code/l2lib.py:1884: RuntimeWarning: overflow encountered in scalar multiply
  st = fr if not np.isfinite(st) else index_smooth * fr + (1 - index_smooth) * st
/Users/jackcuster/Documents/fx-data/code/l2lib.py:1884: RuntimeWarning: overflow encountered in scalar multiply
  st = fr if not np.isfinite(st) else index_smooth * fr + (1 - index_smooth) * st
/Users/jackcuster/Documents/fx-data/code/l2lib.py:1884: RuntimeWarning: overflow encountered in scalar multiply
  st = fr if not np.isfinite(st) else index_smooth * fr + (1 - index_smooth) * st
/Users/jackcuster/Documents/fx-data/code/l2lib.py:1884: RuntimeWarning: overflow encountered in scalar multiply
  st = fr if not np.isfinite(st) else index_smooth * fr + (1 - index_smooth) * st
/Users/jackcuster/Documents/fx-data/code/l2lib.py:1884: RuntimeWarning: overflow encountered in scalar multiply
  st = fr if not np.isfinite(st) else index_smooth * fr + (1 - index_smooth) * st
/Users/jackcuster/Documents/fx-data/code/l2lib.py:1884: RuntimeWarning: overflow encountered in scalar multiply
  st = fr if not np.isfinite(st) else index_smooth * fr + (1 - index_smooth) * st
/Users/jackcuster/Documents/fx-data/code/l2lib.py:1884: RuntimeWarning: overflow encountered in scalar multiply
  st = fr if not np.isfinite(st) else index_smooth * fr + (1 - index_smooth) * st
  1350/5110 examined  2.8 s/strategy  | projected remaining 3.0 h -> 2026-09-03 15:50
  1375/5110 examined  2.8 s/strategy  | projected remaining 2.9 h -> 2026-09-03 15:48
  1400/5110 examined  2.8 s/strategy  | projected remaining 2.9 h -> 2026-09-03 15:47
  1425/5110 examined  2.8 s/strategy  | projected remaining 2.9 h -> 2026-09-03 15:46
/Users/jackcuster/Documents/fx-data/code/l2lib.py:1884: RuntimeWarning: overflow encountered in scalar multiply
  st = fr if not np.isfinite(st) else index_smooth * fr + (1 - index_smooth) * st
/Users/jackcuster/Documents/fx-data/code/l2lib.py:1884: RuntimeWarning: overflow encountered in scalar multiply
  st = fr if not np.isfinite(st) else index_smooth * fr + (1 - index_smooth) * st
/Users/jackcuster/Documents/fx-data/code/l2lib.py:1884: RuntimeWarning: overflow encountered in scalar multiply
  st = fr if not np.isfinite(st) else index_smooth * fr + (1 - index_smooth) * st
/Users/jackcuster/Documents/fx-data/code/l2lib.py:1884: RuntimeWarning: overflow encountered in scalar multiply
  st = fr if not np.isfinite(st) else index_smooth * fr + (1 - index_smooth) * st
/Users/jackcuster/Documents/fx-data/code/l2lib.py:1884: RuntimeWarning: overflow encountered in scalar multiply
  st = fr if not np.isfinite(st) else index_smooth * fr + (1 - index_smooth) * st
/Users/jackcuster/Documents/fx-data/code/l2lib.py:1884: RuntimeWarning: overflow encountered in scalar multiply
  st = fr if not np.isfinite(st) else index_smooth * fr + (1 - index_smooth) * st
/Users/jackcuster/Documents/fx-data/code/l2lib.py:1884: RuntimeWarning: overflow encountered in scalar multiply
  st = fr if not np.isfinite(st) else index_smooth * fr + (1 - index_smooth) * st
/Users/jackcuster/Documents/fx-data/code/l2lib.py:1884: RuntimeWarning: overflow encountered in scalar multiply
  st = fr if not np.isfinite(st) else index_smooth * fr + (1 - index_smooth) * st
/Users/jackcuster/Documents/fx-data/code/l2lib.py:1884: RuntimeWarning: overflow encountered in scalar multiply
  st = fr if not np.isfinite(st) else index_smooth * fr + (1 - index_smooth) * st
/Users/jackcuster/Documents/fx-data/code/l2lib.py:1884: RuntimeWarning: overflow encountered in scalar multiply
  st = fr if not np.isfinite(st) else index_smooth * fr + (1 - index_smooth) * st
/Users/jackcuster/Documents/fx-data/code/l2lib.py:1884: RuntimeWarning: overflow encountered in scalar multiply
  st = fr if not np.isfinite(st) else index_smooth * fr + (1 - index_smooth) * st
/Users/jackcuster/Documents/fx-data/code/l2lib.py:1884: RuntimeWarning: overflow encountered in scalar multiply
  st = fr if not np.isfinite(st) else index_smooth * fr + (1 - index_smooth) * st
/Users/jackcuster/Documents/fx-data/code/l2lib.py:1884: RuntimeWarning: overflow encountered in scalar multiply
  st = fr if not np.isfinite(st) else index_smooth * fr + (1 - index_smooth) * st
/Users/jackcuster/Documents/fx-data/code/l2lib.py:1884: RuntimeWarning: overflow encountered in scalar multiply
  st = fr if not np.isfinite(st) else index_smooth * fr + (1 - index_smooth) * st
/Users/jackcuster/Documents/fx-data/code/l2lib.py:1884: RuntimeWarning: overflow encountered in scalar multiply
  st = fr if not np.isfinite(st) else index_smooth * fr + (1 - index_smooth) * st
/Users/jackcuster/Documents/fx-data/code/l2lib.py:1884: RuntimeWarning: overflow encountered in scalar multiply
  st = fr if not np.isfinite(st) else index_smooth * fr + (1 - index_smooth) * st
/Users/jackcuster/Documents/fx-data/code/l2lib.py:1884: RuntimeWarning: overflow encountered in scalar multiply
  st = fr if not np.isfinite(st) else index_smooth * fr + (1 - index_smooth) * st
/Users/jackcuster/Documents/fx-data/code/l2lib.py:1884: RuntimeWarning: overflow encountered in scalar multiply
  st = fr if not np.isfinite(st) else index_smooth * fr + (1 - index_smooth) * st
/Users/jackcuster/Documents/fx-data/code/l2lib.py:1884: RuntimeWarning: overflow encountered in scalar multiply
  st = fr if not np.isfinite(st) else index_smooth * fr + (1 - index_smooth) * st
/Users/jackcuster/Documents/fx-data/code/l2lib.py:1884: RuntimeWarning: overflow encountered in scalar multiply
  st = fr if not np.isfinite(st) else index_smooth * fr + (1 - index_smooth) * st
/Users/jackcuster/Documents/fx-data/code/l2lib.py:1884: RuntimeWarning: overflow encountered in scalar multiply
  st = fr if not np.isfinite(st) else index_smooth * fr + (1 - index_smooth) * st
/Users/jackcuster/Documents/fx-data/code/l2lib.py:1884: RuntimeWarning: overflow encountered in scalar multiply
  st = fr if not np.isfinite(st) else index_smooth * fr + (1 - index_smooth) * st
/Users/jackcuster/Documents/fx-data/code/l2lib.py:1884: RuntimeWarning: overflow encountered in scalar multiply
  st = fr if not np.isfinite(st) else index_smooth * fr + (1 - index_smooth) * st
/Users/jackcuster/Documents/fx-data/code/l2lib.py:1884: RuntimeWarning: overflow encountered in scalar multiply
  st = fr if not np.isfinite(st) else index_smooth * fr + (1 - index_smooth) * st
/Users/jackcuster/Documents/fx-data/code/l2lib.py:1884: RuntimeWarning: overflow encountered in scalar multiply
  st = fr if not np.isfinite(st) else index_smooth * fr + (1 - index_smooth) * st
/Users/jackcuster/Documents/fx-data/code/l2lib.py:1884: RuntimeWarning: overflow encountered in scalar multiply
  st = fr if not np.isfinite(st) else index_smooth * fr + (1 - index_smooth) * st
/Users/jackcuster/Documents/fx-data/code/l2lib.py:1884: RuntimeWarning: overflow encountered in scalar multiply
  st = fr if not np.isfinite(st) else index_smooth * fr + (1 - index_smooth) * st
/Users/jackcuster/Documents/fx-data/code/l2lib.py:1884: RuntimeWarning: overflow encountered in scalar multiply
  st = fr if not np.isfinite(st) else index_smooth * fr + (1 - index_smooth) * st
/Users/jackcuster/Documents/fx-data/code/l2lib.py:1856: RuntimeWarning: overflow encountered in scalar add
  fama[i] = .5 * al * mama[i] + (1 - .5 * al) * fama[i - 1]
/Users/jackcuster/Documents/fx-data/code/l2lib.py:1856: RuntimeWarning: overflow encountered in scalar multiply
  fama[i] = .5 * al * mama[i] + (1 - .5 * al) * fama[i - 1]
/Users/jackcuster/Documents/fx-data/code/l2lib.py:1855: RuntimeWarning: overflow encountered in scalar multiply
  mama[i] = al * src[i] + (1 - al) * mama[i - 1]
/Users/jackcuster/Documents/fx-data/code/l2lib.py:1856: RuntimeWarning: invalid value encountered in scalar add
  fama[i] = .5 * al * mama[i] + (1 - .5 * al) * fama[i - 1]
  1450/5110 examined  2.8 s/strategy  | projected remaining 2.8 h -> 2026-09-03 15:45
  1475/5110 examined  2.8 s/strategy  | projected remaining 2.8 h -> 2026-09-03 15:43
  1500/5110 examined  2.8 s/strategy  | projected remaining 2.8 h -> 2026-09-03 15:42
  1525/5110 examined  2.7 s/strategy  | projected remaining 2.7 h -> 2026-09-03 15:41
  1550/5110 examined  2.7 s/strategy  | projected remaining 2.7 h -> 2026-09-03 15:40
  1575/5110 examined  2.7 s/strategy  | projected remaining 2.7 h -> 2026-09-03 15:39
  1600/5110 examined  2.7 s/strategy  | projected remaining 2.6 h -> 2026-09-03 15:38
  1625/5110 examined  2.7 s/strategy  | projected remaining 2.6 h -> 2026-09-03 15:37
  1650/5110 examined  2.7 s/strategy  | projected remaining 2.6 h -> 2026-09-03 15:36
  1675/5110 examined  2.8 s/strategy  | projected remaining 2.7 h -> 2026-09-03 15:48
  1700/5110 examined  2.8 s/strategy  | projected remaining 2.7 h -> 2026-09-03 15:47
  1725/5110 examined  2.8 s/strategy  | projected remaining 2.6 h -> 2026-09-03 15:46
/Users/jackcuster/Documents/fx-data/code/l2lib.py:1884: RuntimeWarning: overflow encountered in scalar multiply
  st = fr if not np.isfinite(st) else index_smooth * fr + (1 - index_smooth) * st
/Users/jackcuster/Documents/fx-data/code/l2lib.py:1884: RuntimeWarning: overflow encountered in scalar multiply
  st = fr if not np.isfinite(st) else index_smooth * fr + (1 - index_smooth) * st
/Users/jackcuster/Documents/fx-data/code/l2lib.py:1884: RuntimeWarning: overflow encountered in scalar multiply
  st = fr if not np.isfinite(st) else index_smooth * fr + (1 - index_smooth) * st
/Users/jackcuster/Documents/fx-data/code/l2lib.py:1884: RuntimeWarning: overflow encountered in scalar multiply
  st = fr if not np.isfinite(st) else index_smooth * fr + (1 - index_smooth) * st
/Users/jackcuster/Documents/fx-data/code/l2lib.py:1884: RuntimeWarning: overflow encountered in scalar multiply
  st = fr if not np.isfinite(st) else index_smooth * fr + (1 - index_smooth) * st
/Users/jackcuster/Documents/fx-data/code/l2lib.py:1884: RuntimeWarning: overflow encountered in scalar multiply
  st = fr if not np.isfinite(st) else index_smooth * fr + (1 - index_smooth) * st
/Users/jackcuster/Documents/fx-data/code/l2lib.py:1884: RuntimeWarning: overflow encountered in scalar multiply
  st = fr if not np.isfinite(st) else index_smooth * fr + (1 - index_smooth) * st
/Users/jackcuster/Documents/fx-data/code/l2lib.py:1884: RuntimeWarning: overflow encountered in scalar multiply
  st = fr if not np.isfinite(st) else index_smooth * fr + (1 - index_smooth) * st
/Users/jackcuster/Documents/fx-data/code/l2lib.py:1884: RuntimeWarning: overflow encountered in scalar multiply
  st = fr if not np.isfinite(st) else index_smooth * fr + (1 - index_smooth) * st
/Users/jackcuster/Documents/fx-data/code/l2lib.py:1884: RuntimeWarning: overflow encountered in scalar multiply
  st = fr if not np.isfinite(st) else index_smooth * fr + (1 - index_smooth) * st
/Users/jackcuster/Documents/fx-data/code/l2lib.py:1884: RuntimeWarning: overflow encountered in scalar multiply
  st = fr if not np.isfinite(st) else index_smooth * fr + (1 - index_smooth) * st
/Users/jackcuster/Documents/fx-data/code/l2lib.py:1884: RuntimeWarning: overflow encountered in scalar multiply
  st = fr if not np.isfinite(st) else index_smooth * fr + (1 - index_smooth) * st
/Users/jackcuster/Documents/fx-data/code/l2lib.py:1884: RuntimeWarning: overflow encountered in scalar multiply
  st = fr if not np.isfinite(st) else index_smooth * fr + (1 - index_smooth) * st
/Users/jackcuster/Documents/fx-data/code/l2lib.py:1884: RuntimeWarning: overflow encountered in scalar multiply
  st = fr if not np.isfinite(st) else index_smooth * fr + (1 - index_smooth) * st
/Users/jackcuster/Documents/fx-data/code/l2lib.py:1884: RuntimeWarning: overflow encountered in scalar multiply
  st = fr if not np.isfinite(st) else index_smooth * fr + (1 - index_smooth) * st
/Users/jackcuster/Documents/fx-data/code/l2lib.py:1884: RuntimeWarning: overflow encountered in scalar multiply
  st = fr if not np.isfinite(st) else index_smooth * fr + (1 - index_smooth) * st
/Users/jackcuster/Documents/fx-data/code/l2lib.py:1884: RuntimeWarning: overflow encountered in scalar multiply
  st = fr if not np.isfinite(st) else index_smooth * fr + (1 - index_smooth) * st
/Users/jackcuster/Documents/fx-data/code/l2lib.py:1884: RuntimeWarning: overflow encountered in scalar multiply
  st = fr if not np.isfinite(st) else index_smooth * fr + (1 - index_smooth) * st
/Users/jackcuster/Documents/fx-data/code/l2lib.py:1884: RuntimeWarning: overflow encountered in scalar multiply
  st = fr if not np.isfinite(st) else index_smooth * fr + (1 - index_smooth) * st
/Users/jackcuster/Documents/fx-data/code/l2lib.py:1884: RuntimeWarning: overflow encountered in scalar multiply
  st = fr if not np.isfinite(st) else index_smooth * fr + (1 - index_smooth) * st
/Users/jackcuster/Documents/fx-data/code/l2lib.py:1884: RuntimeWarning: overflow encountered in scalar multiply
  st = fr if not np.isfinite(st) else index_smooth * fr + (1 - index_smooth) * st
/Users/jackcuster/Documents/fx-data/code/l2lib.py:1884: RuntimeWarning: overflow encountered in scalar multiply
  st = fr if not np.isfinite(st) else index_smooth * fr + (1 - index_smooth) * st
/Users/jackcuster/Documents/fx-data/code/l2lib.py:1884: RuntimeWarning: overflow encountered in scalar multiply
  st = fr if not np.isfinite(st) else index_smooth * fr + (1 - index_smooth) * st
/Users/jackcuster/Documents/fx-data/code/l2lib.py:1884: RuntimeWarning: overflow encountered in scalar multiply
  st = fr if not np.isfinite(st) else index_smooth * fr + (1 - index_smooth) * st
/Users/jackcuster/Documents/fx-data/code/l2lib.py:1884: RuntimeWarning: overflow encountered in scalar multiply
  st = fr if not np.isfinite(st) else index_smooth * fr + (1 - index_smooth) * st
/Users/jackcuster/Documents/fx-data/code/l2lib.py:1884: RuntimeWarning: overflow encountered in scalar multiply
  st = fr if not np.isfinite(st) else index_smooth * fr + (1 - index_smooth) * st
/Users/jackcuster/Documents/fx-data/code/l2lib.py:1884: RuntimeWarning: overflow encountered in scalar multiply
  st = fr if not np.isfinite(st) else index_smooth * fr + (1 - index_smooth) * st
/Users/jackcuster/Documents/fx-data/code/l2lib.py:1884: RuntimeWarning: overflow encountered in scalar multiply
  st = fr if not np.isfinite(st) else index_smooth * fr + (1 - index_smooth) * st
  1750/5110 examined  2.8 s/strategy  | projected remaining 2.6 h -> 2026-09-03 15:45
  1775/5110 examined  2.8 s/strategy  | projected remaining 2.6 h -> 2026-09-03 15:44
/Users/jackcuster/Documents/fx-data/code/l2lib.py:1884: RuntimeWarning: overflow encountered in scalar multiply
  st = fr if not np.isfinite(st) else index_smooth * fr + (1 - index_smooth) * st
/Users/jackcuster/Documents/fx-data/code/l2lib.py:1881: RuntimeWarning: overflow encountered in scalar multiply
  sm = r if not np.isfinite(sm) else price_smooth * r + (1 - price_smooth) * sm
/Users/jackcuster/Documents/fx-data/code/l2lib.py:1884: RuntimeWarning: overflow encountered in scalar multiply
  st = fr if not np.isfinite(st) else index_smooth * fr + (1 - index_smooth) * st
/Users/jackcuster/Documents/fx-data/code/l2lib.py:1881: RuntimeWarning: overflow encountered in scalar multiply
  sm = r if not np.isfinite(sm) else price_smooth * r + (1 - price_smooth) * sm
/Users/jackcuster/Documents/fx-data/code/l2lib.py:1884: RuntimeWarning: overflow encountered in scalar multiply
  st = fr if not np.isfinite(st) else index_smooth * fr + (1 - index_smooth) * st
/Users/jackcuster/Documents/fx-data/code/l2lib.py:1881: RuntimeWarning: overflow encountered in scalar multiply
  sm = r if not np.isfinite(sm) else price_smooth * r + (1 - price_smooth) * sm
/Users/jackcuster/Documents/fx-data/code/l2lib.py:1884: RuntimeWarning: overflow encountered in scalar multiply
  st = fr if not np.isfinite(st) else index_smooth * fr + (1 - index_smooth) * st
/Users/jackcuster/Documents/fx-data/code/l2lib.py:1881: RuntimeWarning: overflow encountered in scalar multiply
  sm = r if not np.isfinite(sm) else price_smooth * r + (1 - price_smooth) * sm
/Users/jackcuster/Documents/fx-data/code/l2lib.py:1884: RuntimeWarning: overflow encountered in scalar multiply
  st = fr if not np.isfinite(st) else index_smooth * fr + (1 - index_smooth) * st
/Users/jackcuster/Documents/fx-data/code/l2lib.py:1881: RuntimeWarning: overflow encountered in scalar multiply
  sm = r if not np.isfinite(sm) else price_smooth * r + (1 - price_smooth) * sm
/Users/jackcuster/Documents/fx-data/code/l2lib.py:1884: RuntimeWarning: overflow encountered in scalar multiply
  st = fr if not np.isfinite(st) else index_smooth * fr + (1 - index_smooth) * st
/Users/jackcuster/Documents/fx-data/code/l2lib.py:1881: RuntimeWarning: overflow encountered in scalar multiply
  sm = r if not np.isfinite(sm) else price_smooth * r + (1 - price_smooth) * sm
/Users/jackcuster/Documents/fx-data/code/l2lib.py:1884: RuntimeWarning: overflow encountered in scalar multiply
  st = fr if not np.isfinite(st) else index_smooth * fr + (1 - index_smooth) * st
/Users/jackcuster/Documents/fx-data/code/l2lib.py:1881: RuntimeWarning: overflow encountered in scalar multiply
  sm = r if not np.isfinite(sm) else price_smooth * r + (1 - price_smooth) * sm
/Users/jackcuster/Documents/fx-data/code/l2lib.py:1884: RuntimeWarning: overflow encountered in scalar multiply
  st = fr if not np.isfinite(st) else index_smooth * fr + (1 - index_smooth) * st
/Users/jackcuster/Documents/fx-data/code/l2lib.py:1881: RuntimeWarning: overflow encountered in scalar multiply
  sm = r if not np.isfinite(sm) else price_smooth * r + (1 - price_smooth) * sm
/Users/jackcuster/Documents/fx-data/code/l2lib.py:1884: RuntimeWarning: overflow encountered in scalar multiply
  st = fr if not np.isfinite(st) else index_smooth * fr + (1 - index_smooth) * st
/Users/jackcuster/Documents/fx-data/code/l2lib.py:1881: RuntimeWarning: overflow encountered in scalar multiply
  sm = r if not np.isfinite(sm) else price_smooth * r + (1 - price_smooth) * sm
/Users/jackcuster/Documents/fx-data/code/l2lib.py:1884: RuntimeWarning: overflow encountered in scalar multiply
  st = fr if not np.isfinite(st) else index_smooth * fr + (1 - index_smooth) * st
/Users/jackcuster/Documents/fx-data/code/l2lib.py:1881: RuntimeWarning: overflow encountered in scalar multiply
  sm = r if not np.isfinite(sm) else price_smooth * r + (1 - price_smooth) * sm
/Users/jackcuster/Documents/fx-data/code/l2lib.py:1884: RuntimeWarning: overflow encountered in scalar multiply
  st = fr if not np.isfinite(st) else index_smooth * fr + (1 - index_smooth) * st
/Users/jackcuster/Documents/fx-data/code/l2lib.py:1881: RuntimeWarning: overflow encountered in scalar multiply
  sm = r if not np.isfinite(sm) else price_smooth * r + (1 - price_smooth) * sm
/Users/jackcuster/Documents/fx-data/code/l2lib.py:1884: RuntimeWarning: overflow encountered in scalar multiply
  st = fr if not np.isfinite(st) else index_smooth * fr + (1 - index_smooth) * st
/Users/jackcuster/Documents/fx-data/code/l2lib.py:1881: RuntimeWarning: overflow encountered in scalar multiply
  sm = r if not np.isfinite(sm) else price_smooth * r + (1 - price_smooth) * sm
/Users/jackcuster/Documents/fx-data/code/l2lib.py:1884: RuntimeWarning: overflow encountered in scalar multiply
  st = fr if not np.isfinite(st) else index_smooth * fr + (1 - index_smooth) * st
/Users/jackcuster/Documents/fx-data/code/l2lib.py:1881: RuntimeWarning: overflow encountered in scalar multiply
  sm = r if not np.isfinite(sm) else price_smooth * r + (1 - price_smooth) * sm
/Users/jackcuster/Documents/fx-data/code/l2lib.py:1884: RuntimeWarning: overflow encountered in scalar multiply
  st = fr if not np.isfinite(st) else index_smooth * fr + (1 - index_smooth) * st
/Users/jackcuster/Documents/fx-data/code/l2lib.py:1881: RuntimeWarning: overflow encountered in scalar multiply
  sm = r if not np.isfinite(sm) else price_smooth * r + (1 - price_smooth) * sm
/Users/jackcuster/Documents/fx-data/code/l2lib.py:1884: RuntimeWarning: overflow encountered in scalar multiply
  st = fr if not np.isfinite(st) else index_smooth * fr + (1 - index_smooth) * st
/Users/jackcuster/Documents/fx-data/code/l2lib.py:1881: RuntimeWarning: overflow encountered in scalar multiply
  sm = r if not np.isfinite(sm) else price_smooth * r + (1 - price_smooth) * sm
/Users/jackcuster/Documents/fx-data/code/l2lib.py:1884: RuntimeWarning: overflow encountered in scalar multiply
  st = fr if not np.isfinite(st) else index_smooth * fr + (1 - index_smooth) * st
/Users/jackcuster/Documents/fx-data/code/l2lib.py:1881: RuntimeWarning: overflow encountered in scalar multiply
  sm = r if not np.isfinite(sm) else price_smooth * r + (1 - price_smooth) * sm
/Users/jackcuster/Documents/fx-data/code/l2lib.py:1884: RuntimeWarning: overflow encountered in scalar multiply
  st = fr if not np.isfinite(st) else index_smooth * fr + (1 - index_smooth) * st
/Users/jackcuster/Documents/fx-data/code/l2lib.py:1881: RuntimeWarning: overflow encountered in scalar multiply
  sm = r if not np.isfinite(sm) else price_smooth * r + (1 - price_smooth) * sm
/Users/jackcuster/Documents/fx-data/code/l2lib.py:1884: RuntimeWarning: overflow encountered in scalar multiply
  st = fr if not np.isfinite(st) else index_smooth * fr + (1 - index_smooth) * st
/Users/jackcuster/Documents/fx-data/code/l2lib.py:1881: RuntimeWarning: overflow encountered in scalar multiply
  sm = r if not np.isfinite(sm) else price_smooth * r + (1 - price_smooth) * sm
/Users/jackcuster/Documents/fx-data/code/l2lib.py:1884: RuntimeWarning: overflow encountered in scalar multiply
  st = fr if not np.isfinite(st) else index_smooth * fr + (1 - index_smooth) * st
/Users/jackcuster/Documents/fx-data/code/l2lib.py:1881: RuntimeWarning: overflow encountered in scalar multiply
  sm = r if not np.isfinite(sm) else price_smooth * r + (1 - price_smooth) * sm
/Users/jackcuster/Documents/fx-data/code/l2lib.py:1884: RuntimeWarning: overflow encountered in scalar multiply
  st = fr if not np.isfinite(st) else index_smooth * fr + (1 - index_smooth) * st
/Users/jackcuster/Documents/fx-data/code/l2lib.py:1881: RuntimeWarning: overflow encountered in scalar multiply
  sm = r if not np.isfinite(sm) else price_smooth * r + (1 - price_smooth) * sm
/Users/jackcuster/Documents/fx-data/code/l2lib.py:1884: RuntimeWarning: overflow encountered in scalar multiply
  st = fr if not np.isfinite(st) else index_smooth * fr + (1 - index_smooth) * st
/Users/jackcuster/Documents/fx-data/code/l2lib.py:1881: RuntimeWarning: overflow encountered in scalar multiply
  sm = r if not np.isfinite(sm) else price_smooth * r + (1 - price_smooth) * sm
/Users/jackcuster/Documents/fx-data/code/l2lib.py:1884: RuntimeWarning: overflow encountered in scalar multiply
  st = fr if not np.isfinite(st) else index_smooth * fr + (1 - index_smooth) * st
/Users/jackcuster/Documents/fx-data/code/l2lib.py:1881: RuntimeWarning: overflow encountered in scalar multiply
  sm = r if not np.isfinite(sm) else price_smooth * r + (1 - price_smooth) * sm
/Users/jackcuster/Documents/fx-data/code/l2lib.py:1884: RuntimeWarning: overflow encountered in scalar multiply
  st = fr if not np.isfinite(st) else index_smooth * fr + (1 - index_smooth) * st
/Users/jackcuster/Documents/fx-data/code/l2lib.py:1881: RuntimeWarning: overflow encountered in scalar multiply
  sm = r if not np.isfinite(sm) else price_smooth * r + (1 - price_smooth) * sm
/Users/jackcuster/Documents/fx-data/code/l2lib.py:1884: RuntimeWarning: overflow encountered in scalar multiply
  st = fr if not np.isfinite(st) else index_smooth * fr + (1 - index_smooth) * st
/Users/jackcuster/Documents/fx-data/code/l2lib.py:1881: RuntimeWarning: overflow encountered in scalar multiply
  sm = r if not np.isfinite(sm) else price_smooth * r + (1 - price_smooth) * sm
/Users/jackcuster/Documents/fx-data/code/l2lib.py:1884: RuntimeWarning: overflow encountered in scalar multiply
  st = fr if not np.isfinite(st) else index_smooth * fr + (1 - index_smooth) * st
/Users/jackcuster/Documents/fx-data/code/l2lib.py:1881: RuntimeWarning: overflow encountered in scalar multiply
  sm = r if not np.isfinite(sm) else price_smooth * r + (1 - price_smooth) * sm
/Users/jackcuster/Documents/fx-data/code/l2lib.py:1884: RuntimeWarning: overflow encountered in scalar multiply
  st = fr if not np.isfinite(st) else index_smooth * fr + (1 - index_smooth) * st
/Users/jackcuster/Documents/fx-data/code/l2lib.py:1881: RuntimeWarning: overflow encountered in scalar multiply
  sm = r if not np.isfinite(sm) else price_smooth * r + (1 - price_smooth) * sm
/Users/jackcuster/Documents/fx-data/code/l2lib.py:1884: RuntimeWarning: overflow encountered in scalar multiply
  st = fr if not np.isfinite(st) else index_smooth * fr + (1 - index_smooth) * st
/Users/jackcuster/Documents/fx-data/code/l2lib.py:1881: RuntimeWarning: overflow encountered in scalar multiply
  sm = r if not np.isfinite(sm) else price_smooth * r + (1 - price_smooth) * sm
/Users/jackcuster/Documents/fx-data/code/l2lib.py:1884: RuntimeWarning: overflow encountered in scalar multiply
  st = fr if not np.isfinite(st) else index_smooth * fr + (1 - index_smooth) * st
/Users/jackcuster/Documents/fx-data/code/l2lib.py:1881: RuntimeWarning: overflow encountered in scalar multiply
  sm = r if not np.isfinite(sm) else price_smooth * r + (1 - price_smooth) * sm
  1800/5110 examined  2.8 s/strategy  | projected remaining 2.5 h -> 2026-09-03 15:43
  1825/5110 examined  2.8 s/strategy  | projected remaining 2.5 h -> 2026-09-03 15:42
  1850/5110 examined  2.7 s/strategy  | projected remaining 2.5 h -> 2026-09-03 15:41
  1875/5110 examined  2.7 s/strategy  | projected remaining 2.5 h -> 2026-09-03 15:40
  1900/5110 examined  2.7 s/strategy  | projected remaining 2.4 h -> 2026-09-03 15:39
  1925/5110 examined  2.7 s/strategy  | projected remaining 2.4 h -> 2026-09-03 15:38
  1950/5110 examined  2.7 s/strategy  | projected remaining 2.4 h -> 2026-09-03 15:37
  1975/5110 examined  2.7 s/strategy  | projected remaining 2.3 h -> 2026-09-03 15:36
  2000/5110 examined  2.7 s/strategy  | projected remaining 2.3 h -> 2026-09-03 15:35
  2025/5110 examined  2.7 s/strategy  | projected remaining 2.3 h -> 2026-09-03 15:34
  2050/5110 examined  2.6 s/strategy  | projected remaining 2.2 h -> 2026-09-03 15:33
  2075/5110 examined  2.6 s/strategy  | projected remaining 2.2 h -> 2026-09-03 15:32
/Users/jackcuster/Documents/fx-data/code/l2lib.py:1881: RuntimeWarning: overflow encountered in scalar multiply
  sm = r if not np.isfinite(sm) else price_smooth * r + (1 - price_smooth) * sm
/Users/jackcuster/Documents/fx-data/code/l2lib.py:1884: RuntimeWarning: overflow encountered in scalar multiply
  st = fr if not np.isfinite(st) else index_smooth * fr + (1 - index_smooth) * st
/Users/jackcuster/Documents/fx-data/code/l2lib.py:1881: RuntimeWarning: overflow encountered in scalar multiply
  sm = r if not np.isfinite(sm) else price_smooth * r + (1 - price_smooth) * sm
/Users/jackcuster/Documents/fx-data/code/l2lib.py:1884: RuntimeWarning: overflow encountered in scalar multiply
  st = fr if not np.isfinite(st) else index_smooth * fr + (1 - index_smooth) * st
/Users/jackcuster/Documents/fx-data/code/l2lib.py:1881: RuntimeWarning: overflow encountered in scalar multiply
  sm = r if not np.isfinite(sm) else price_smooth * r + (1 - price_smooth) * sm
/Users/jackcuster/Documents/fx-data/code/l2lib.py:1884: RuntimeWarning: overflow encountered in scalar multiply
  st = fr if not np.isfinite(st) else index_smooth * fr + (1 - index_smooth) * st
/Users/jackcuster/Documents/fx-data/code/l2lib.py:1881: RuntimeWarning: overflow encountered in scalar multiply
  sm = r if not np.isfinite(sm) else price_smooth * r + (1 - price_smooth) * sm
/Users/jackcuster/Documents/fx-data/code/l2lib.py:1884: RuntimeWarning: overflow encountered in scalar multiply
  st = fr if not np.isfinite(st) else index_smooth * fr + (1 - index_smooth) * st
/Users/jackcuster/Documents/fx-data/code/l2lib.py:1881: RuntimeWarning: overflow encountered in scalar multiply
  sm = r if not np.isfinite(sm) else price_smooth * r + (1 - price_smooth) * sm
/Users/jackcuster/Documents/fx-data/code/l2lib.py:1884: RuntimeWarning: overflow encountered in scalar multiply
  st = fr if not np.isfinite(st) else index_smooth * fr + (1 - index_smooth) * st
/Users/jackcuster/Documents/fx-data/code/l2lib.py:1881: RuntimeWarning: overflow encountered in scalar multiply
  sm = r if not np.isfinite(sm) else price_smooth * r + (1 - price_smooth) * sm
/Users/jackcuster/Documents/fx-data/code/l2lib.py:1884: RuntimeWarning: overflow encountered in scalar multiply
  st = fr if not np.isfinite(st) else index_smooth * fr + (1 - index_smooth) * st
/Users/jackcuster/Documents/fx-data/code/l2lib.py:1881: RuntimeWarning: overflow encountered in scalar multiply
  sm = r if not np.isfinite(sm) else price_smooth * r + (1 - price_smooth) * sm
/Users/jackcuster/Documents/fx-data/code/l2lib.py:1884: RuntimeWarning: overflow encountered in scalar multiply
  st = fr if not np.isfinite(st) else index_smooth * fr + (1 - index_smooth) * st
/Users/jackcuster/Documents/fx-data/code/l2lib.py:1881: RuntimeWarning: overflow encountered in scalar multiply
  sm = r if not np.isfinite(sm) else price_smooth * r + (1 - price_smooth) * sm
/Users/jackcuster/Documents/fx-data/code/l2lib.py:1884: RuntimeWarning: overflow encountered in scalar multiply
  st = fr if not np.isfinite(st) else index_smooth * fr + (1 - index_smooth) * st
/Users/jackcuster/Documents/fx-data/code/l2lib.py:1881: RuntimeWarning: overflow encountered in scalar multiply
  sm = r if not np.isfinite(sm) else price_smooth * r + (1 - price_smooth) * sm
/Users/jackcuster/Documents/fx-data/code/l2lib.py:1884: RuntimeWarning: overflow encountered in scalar multiply
  st = fr if not np.isfinite(st) else index_smooth * fr + (1 - index_smooth) * st
/Users/jackcuster/Documents/fx-data/code/l2lib.py:1881: RuntimeWarning: overflow encountered in scalar multiply
  sm = r if not np.isfinite(sm) else price_smooth * r + (1 - price_smooth) * sm
/Users/jackcuster/Documents/fx-data/code/l2lib.py:1884: RuntimeWarning: overflow encountered in scalar multiply
  st = fr if not np.isfinite(st) else index_smooth * fr + (1 - index_smooth) * st
/Users/jackcuster/Documents/fx-data/code/l2lib.py:1881: RuntimeWarning: overflow encountered in scalar multiply
  sm = r if not np.isfinite(sm) else price_smooth * r + (1 - price_smooth) * sm
/Users/jackcuster/Documents/fx-data/code/l2lib.py:1884: RuntimeWarning: overflow encountered in scalar multiply
  st = fr if not np.isfinite(st) else index_smooth * fr + (1 - index_smooth) * st
/Users/jackcuster/Documents/fx-data/code/l2lib.py:1881: RuntimeWarning: overflow encountered in scalar multiply
  sm = r if not np.isfinite(sm) else price_smooth * r + (1 - price_smooth) * sm
/Users/jackcuster/Documents/fx-data/code/l2lib.py:1884: RuntimeWarning: overflow encountered in scalar multiply
  st = fr if not np.isfinite(st) else index_smooth * fr + (1 - index_smooth) * st
/Users/jackcuster/Documents/fx-data/code/l2lib.py:1881: RuntimeWarning: overflow encountered in scalar multiply
  sm = r if not np.isfinite(sm) else price_smooth * r + (1 - price_smooth) * sm
/Users/jackcuster/Documents/fx-data/code/l2lib.py:1884: RuntimeWarning: overflow encountered in scalar multiply
  st = fr if not np.isfinite(st) else index_smooth * fr + (1 - index_smooth) * st
/Users/jackcuster/Documents/fx-data/code/l2lib.py:1881: RuntimeWarning: overflow encountered in scalar multiply
  sm = r if not np.isfinite(sm) else price_smooth * r + (1 - price_smooth) * sm
/Users/jackcuster/Documents/fx-data/code/l2lib.py:1884: RuntimeWarning: overflow encountered in scalar multiply
  st = fr if not np.isfinite(st) else index_smooth * fr + (1 - index_smooth) * st
/Users/jackcuster/Documents/fx-data/code/l2lib.py:1881: RuntimeWarning: overflow encountered in scalar multiply
  sm = r if not np.isfinite(sm) else price_smooth * r + (1 - price_smooth) * sm
/Users/jackcuster/Documents/fx-data/code/l2lib.py:1884: RuntimeWarning: overflow encountered in scalar multiply
  st = fr if not np.isfinite(st) else index_smooth * fr + (1 - index_smooth) * st
/Users/jackcuster/Documents/fx-data/code/l2lib.py:1881: RuntimeWarning: overflow encountered in scalar multiply
  sm = r if not np.isfinite(sm) else price_smooth * r + (1 - price_smooth) * sm
/Users/jackcuster/Documents/fx-data/code/l2lib.py:1884: RuntimeWarning: overflow encountered in scalar multiply
  st = fr if not np.isfinite(st) else index_smooth * fr + (1 - index_smooth) * st
/Users/jackcuster/Documents/fx-data/code/l2lib.py:1881: RuntimeWarning: overflow encountered in scalar multiply
  sm = r if not np.isfinite(sm) else price_smooth * r + (1 - price_smooth) * sm
/Users/jackcuster/Documents/fx-data/code/l2lib.py:1884: RuntimeWarning: overflow encountered in scalar multiply
  st = fr if not np.isfinite(st) else index_smooth * fr + (1 - index_smooth) * st
/Users/jackcuster/Documents/fx-data/code/l2lib.py:1881: RuntimeWarning: overflow encountered in scalar multiply
  sm = r if not np.isfinite(sm) else price_smooth * r + (1 - price_smooth) * sm
/Users/jackcuster/Documents/fx-data/code/l2lib.py:1884: RuntimeWarning: overflow encountered in scalar multiply
  st = fr if not np.isfinite(st) else index_smooth * fr + (1 - index_smooth) * st
/Users/jackcuster/Documents/fx-data/code/l2lib.py:1881: RuntimeWarning: overflow encountered in scalar multiply
  sm = r if not np.isfinite(sm) else price_smooth * r + (1 - price_smooth) * sm
/Users/jackcuster/Documents/fx-data/code/l2lib.py:1884: RuntimeWarning: overflow encountered in scalar multiply
  st = fr if not np.isfinite(st) else index_smooth * fr + (1 - index_smooth) * st
/Users/jackcuster/Documents/fx-data/code/l2lib.py:1881: RuntimeWarning: overflow encountered in scalar multiply
  sm = r if not np.isfinite(sm) else price_smooth * r + (1 - price_smooth) * sm
/Users/jackcuster/Documents/fx-data/code/l2lib.py:1884: RuntimeWarning: overflow encountered in scalar multiply
  st = fr if not np.isfinite(st) else index_smooth * fr + (1 - index_smooth) * st
/Users/jackcuster/Documents/fx-data/code/l2lib.py:1881: RuntimeWarning: overflow encountered in scalar multiply
  sm = r if not np.isfinite(sm) else price_smooth * r + (1 - price_smooth) * sm
/Users/jackcuster/Documents/fx-data/code/l2lib.py:1884: RuntimeWarning: overflow encountered in scalar multiply
  st = fr if not np.isfinite(st) else index_smooth * fr + (1 - index_smooth) * st
/Users/jackcuster/Documents/fx-data/code/l2lib.py:1881: RuntimeWarning: overflow encountered in scalar multiply
  sm = r if not np.isfinite(sm) else price_smooth * r + (1 - price_smooth) * sm
/Users/jackcuster/Documents/fx-data/code/l2lib.py:1884: RuntimeWarning: overflow encountered in scalar multiply
  st = fr if not np.isfinite(st) else index_smooth * fr + (1 - index_smooth) * st
/Users/jackcuster/Documents/fx-data/code/l2lib.py:1881: RuntimeWarning: overflow encountered in scalar multiply
  sm = r if not np.isfinite(sm) else price_smooth * r + (1 - price_smooth) * sm
/Users/jackcuster/Documents/fx-data/code/l2lib.py:1884: RuntimeWarning: overflow encountered in scalar multiply
  st = fr if not np.isfinite(st) else index_smooth * fr + (1 - index_smooth) * st
/Users/jackcuster/Documents/fx-data/code/l2lib.py:1881: RuntimeWarning: overflow encountered in scalar multiply
  sm = r if not np.isfinite(sm) else price_smooth * r + (1 - price_smooth) * sm
/Users/jackcuster/Documents/fx-data/code/l2lib.py:1884: RuntimeWarning: overflow encountered in scalar multiply
  st = fr if not np.isfinite(st) else index_smooth * fr + (1 - index_smooth) * st
/Users/jackcuster/Documents/fx-data/code/l2lib.py:1881: RuntimeWarning: overflow encountered in scalar multiply
  sm = r if not np.isfinite(sm) else price_smooth * r + (1 - price_smooth) * sm
/Users/jackcuster/Documents/fx-data/code/l2lib.py:1884: RuntimeWarning: overflow encountered in scalar multiply
  st = fr if not np.isfinite(st) else index_smooth * fr + (1 - index_smooth) * st
/Users/jackcuster/Documents/fx-data/code/l2lib.py:1881: RuntimeWarning: overflow encountered in scalar multiply
  sm = r if not np.isfinite(sm) else price_smooth * r + (1 - price_smooth) * sm
/Users/jackcuster/Documents/fx-data/code/l2lib.py:1884: RuntimeWarning: overflow encountered in scalar multiply
  st = fr if not np.isfinite(st) else index_smooth * fr + (1 - index_smooth) * st
/Users/jackcuster/Documents/fx-data/code/l2lib.py:1881: RuntimeWarning: overflow encountered in scalar multiply
  sm = r if not np.isfinite(sm) else price_smooth * r + (1 - price_smooth) * sm
/Users/jackcuster/Documents/fx-data/code/l2lib.py:1884: RuntimeWarning: overflow encountered in scalar multiply
  st = fr if not np.isfinite(st) else index_smooth * fr + (1 - index_smooth) * st
/Users/jackcuster/Documents/fx-data/code/l2lib.py:1881: RuntimeWarning: overflow encountered in scalar multiply
  sm = r if not np.isfinite(sm) else price_smooth * r + (1 - price_smooth) * sm
/Users/jackcuster/Documents/fx-data/code/l2lib.py:1884: RuntimeWarning: overflow encountered in scalar multiply
  st = fr if not np.isfinite(st) else index_smooth * fr + (1 - index_smooth) * st
  2100/5110 examined  2.6 s/strategy  | projected remaining 2.2 h -> 2026-09-03 15:31
  2125/5110 examined  2.6 s/strategy  | projected remaining 2.2 h -> 2026-09-03 15:30
  2150/5110 examined  2.6 s/strategy  | projected remaining 2.1 h -> 2026-09-03 15:29
  2175/5110 examined  2.6 s/strategy  | projected remaining 2.1 h -> 2026-09-03 15:28
  2200/5110 examined  2.6 s/strategy  | projected remaining 2.1 h -> 2026-09-03 15:28
  2225/5110 examined  2.6 s/strategy  | projected remaining 2.1 h -> 2026-09-03 15:28
  2250/5110 examined  2.6 s/strategy  | projected remaining 2.0 h -> 2026-09-03 15:27
  2275/5110 examined  2.6 s/strategy  | projected remaining 2.0 h -> 2026-09-03 15:26
  2300/5110 examined  2.6 s/strategy  | projected remaining 2.0 h -> 2026-09-03 15:26
  2325/5110 examined  2.6 s/strategy  | projected remaining 2.0 h -> 2026-09-03 15:25
  2350/5110 examined  2.5 s/strategy  | projected remaining 2.0 h -> 2026-09-03 15:24
  2375/5110 examined  2.5 s/strategy  | projected remaining 1.9 h -> 2026-09-03 15:24
  2400/5110 examined  2.5 s/strategy  | projected remaining 1.9 h -> 2026-09-03 15:23
  2425/5110 examined  2.5 s/strategy  | projected remaining 1.9 h -> 2026-09-03 15:22
  2450/5110 examined  2.5 s/strategy  | projected remaining 1.9 h -> 2026-09-03 15:22
  2475/5110 examined  2.5 s/strategy  | projected remaining 1.8 h -> 2026-09-03 15:21
  2500/5110 examined  2.5 s/strategy  | projected remaining 1.8 h -> 2026-09-03 15:20
  2525/5110 examined  2.5 s/strategy  | projected remaining 1.8 h -> 2026-09-03 15:19
  2550/5110 examined  2.5 s/strategy  | projected remaining 1.8 h -> 2026-09-03 15:18
  2575/5110 examined  2.5 s/strategy  | projected remaining 1.7 h -> 2026-09-03 15:18
  2600/5110 examined  2.5 s/strategy  | projected remaining 1.7 h -> 2026-09-03 15:17
  2625/5110 examined  2.5 s/strategy  | projected remaining 1.7 h -> 2026-09-03 15:17

!!!!!!!!!!!!!!!!!!!!!!!!!!!!!!!!!!!!!!!!!!!!!!!!!!!!!!!!!!!!!!!!!!!!!!
GATE 3 PAUSED at 2026-09-03 13:36:05: mode C pace went 236.0 -> 242.1 s/combination (+2.56%, tolerance 2%). Gate 3 yields.
!!!!!!!!!!!!!!!!!!!!!!!!!!!!!!!!!!!!!!!!!!!!!!!!!!!!!!!!!!!!!!!!!!!!!!

banked 2639 rows to shard_00_0903_114809.csv
