GATE 2 mode B trend: 14,815 combinations, 149 chunks queued, 8 workers
/Users/jackcuster/Documents/fx-data/code/l2pine.py:164: RuntimeWarning: invalid value encountered in divide
  return (W * w).sum(axis=1) / w.sum()
/Users/jackcuster/Documents/fx-data/code/l2lib.py:1856: RuntimeWarning: overflow encountered in scalar multiply
  fama[i] = .5 * al * mama[i] + (1 - .5 * al) * fama[i - 1]
/Users/jackcuster/Documents/fx-data/code/l2lib.py:1855: RuntimeWarning: overflow encountered in scalar multiply
  mama[i] = al * src[i] + (1 - al) * mama[i - 1]
/Users/jackcuster/Documents/fx-data/code/l2lib.py:1856: RuntimeWarning: invalid value encountered in scalar add
  fama[i] = .5 * al * mama[i] + (1 - .5 * al) * fama[i - 1]
/Users/jackcuster/Documents/fx-data/code/l2lib.py:1856: RuntimeWarning: overflow encountered in scalar add
  fama[i] = .5 * al * mama[i] + (1 - .5 * al) * fama[i - 1]
/Users/jackcuster/Documents/fx-data/code/l2lib.py:1884: RuntimeWarning: overflow encountered in scalar multiply
  st = fr if not np.isfinite(st) else index_smooth * fr + (1 - index_smooth) * st
/Users/jackcuster/Documents/fx-data/code/l2lib.py:1881: RuntimeWarning: overflow encountered in scalar multiply
  sm = r if not np.isfinite(sm) else price_smooth * r + (1 - price_smooth) * sm
/Users/jackcuster/Documents/fx-data/code/l2lib.py:1856: RuntimeWarning: overflow encountered in scalar multiply
  fama[i] = .5 * al * mama[i] + (1 - .5 * al) * fama[i - 1]
/Users/jackcuster/Documents/fx-data/code/l2lib.py:1855: RuntimeWarning: overflow encountered in scalar multiply
  mama[i] = al * src[i] + (1 - al) * mama[i - 1]
/Users/jackcuster/Documents/fx-data/code/l2lib.py:1856: RuntimeWarning: invalid value encountered in scalar add
  fama[i] = .5 * al * mama[i] + (1 - .5 * al) * fama[i - 1]
/Users/jackcuster/Documents/fx-data/code/l2lib.py:1856: RuntimeWarning: overflow encountered in scalar add
  fama[i] = .5 * al * mama[i] + (1 - .5 * al) * fama[i - 1]
/Users/jackcuster/Documents/fx-data/code/l2lib.py:1884: RuntimeWarning: overflow encountered in scalar multiply
  st = fr if not np.isfinite(st) else index_smooth * fr + (1 - index_smooth) * st
/Users/jackcuster/Documents/fx-data/code/l2lib.py:1881: RuntimeWarning: overflow encountered in scalar multiply
  sm = r if not np.isfinite(sm) else price_smooth * r + (1 - price_smooth) * sm
/Users/jackcuster/Documents/fx-data/code/l2lib.py:1884: RuntimeWarning: overflow encountered in scalar multiply
  st = fr if not np.isfinite(st) else index_smooth * fr + (1 - index_smooth) * st
/Users/jackcuster/Documents/fx-data/code/l2lib.py:1881: RuntimeWarning: overflow encountered in scalar multiply
  sm = r if not np.isfinite(sm) else price_smooth * r + (1 - price_smooth) * sm
/Users/jackcuster/Documents/fx-data/code/l2lib.py:1856: RuntimeWarning: overflow encountered in scalar multiply
  fama[i] = .5 * al * mama[i] + (1 - .5 * al) * fama[i - 1]
/Users/jackcuster/Documents/fx-data/code/l2lib.py:1855: RuntimeWarning: overflow encountered in scalar multiply
  mama[i] = al * src[i] + (1 - al) * mama[i - 1]
/Users/jackcuster/Documents/fx-data/code/l2lib.py:1856: RuntimeWarning: invalid value encountered in scalar add
  fama[i] = .5 * al * mama[i] + (1 - .5 * al) * fama[i - 1]
/Users/jackcuster/Documents/fx-data/code/l2lib.py:1856: RuntimeWarning: overflow encountered in scalar add
  fama[i] = .5 * al * mama[i] + (1 - .5 * al) * fama[i - 1]
/Users/jackcuster/Documents/fx-data/code/l2lib.py:1884: RuntimeWarning: overflow encountered in scalar multiply
  st = fr if not np.isfinite(st) else index_smooth * fr + (1 - index_smooth) * st
/Users/jackcuster/Documents/fx-data/code/l2lib.py:1881: RuntimeWarning: overflow encountered in scalar multiply
  sm = r if not np.isfinite(sm) else price_smooth * r + (1 - price_smooth) * sm
/Users/jackcuster/Documents/fx-data/code/l2lib.py:1856: RuntimeWarning: overflow encountered in scalar multiply
  fama[i] = .5 * al * mama[i] + (1 - .5 * al) * fama[i - 1]
/Users/jackcuster/Documents/fx-data/code/l2lib.py:1855: RuntimeWarning: overflow encountered in scalar multiply
  mama[i] = al * src[i] + (1 - al) * mama[i - 1]
/Users/jackcuster/Documents/fx-data/code/l2lib.py:1856: RuntimeWarning: invalid value encountered in scalar add
  fama[i] = .5 * al * mama[i] + (1 - .5 * al) * fama[i - 1]
/Users/jackcuster/Documents/fx-data/code/l2lib.py:1856: RuntimeWarning: overflow encountered in scalar add
  fama[i] = .5 * al * mama[i] + (1 - .5 * al) * fama[i - 1]
/Users/jackcuster/Documents/fx-data/code/l2lib.py:1856: RuntimeWarning: overflow encountered in scalar multiply
  fama[i] = .5 * al * mama[i] + (1 - .5 * al) * fama[i - 1]
/Users/jackcuster/Documents/fx-data/code/l2lib.py:1855: RuntimeWarning: overflow encountered in scalar multiply
  mama[i] = al * src[i] + (1 - al) * mama[i - 1]
/Users/jackcuster/Documents/fx-data/code/l2lib.py:1856: RuntimeWarning: invalid value encountered in scalar add
  fama[i] = .5 * al * mama[i] + (1 - .5 * al) * fama[i - 1]
/Users/jackcuster/Documents/fx-data/code/l2lib.py:1856: RuntimeWarning: overflow encountered in scalar add
  fama[i] = .5 * al * mama[i] + (1 - .5 * al) * fama[i - 1]
/Users/jackcuster/Documents/fx-data/code/l2lib.py:1856: RuntimeWarning: overflow encountered in scalar multiply
  fama[i] = .5 * al * mama[i] + (1 - .5 * al) * fama[i - 1]
/Users/jackcuster/Documents/fx-data/code/l2lib.py:1855: RuntimeWarning: overflow encountered in scalar multiply
  mama[i] = al * src[i] + (1 - al) * mama[i - 1]
/Users/jackcuster/Documents/fx-data/code/l2lib.py:1856: RuntimeWarning: invalid value encountered in scalar add
  fama[i] = .5 * al * mama[i] + (1 - .5 * al) * fama[i - 1]
/Users/jackcuster/Documents/fx-data/code/l2lib.py:1856: RuntimeWarning: overflow encountered in scalar add
  fama[i] = .5 * al * mama[i] + (1 - .5 * al) * fama[i - 1]
/Users/jackcuster/Documents/fx-data/code/l2lib.py:1884: RuntimeWarning: overflow encountered in scalar multiply
  st = fr if not np.isfinite(st) else index_smooth * fr + (1 - index_smooth) * st
/Users/jackcuster/Documents/fx-data/code/l2lib.py:1881: RuntimeWarning: overflow encountered in scalar multiply
  sm = r if not np.isfinite(sm) else price_smooth * r + (1 - price_smooth) * sm
/Users/jackcuster/Documents/fx-data/code/l2lib.py:1884: RuntimeWarning: overflow encountered in scalar multiply
  st = fr if not np.isfinite(st) else index_smooth * fr + (1 - index_smooth) * st
/Users/jackcuster/Documents/fx-data/code/l2lib.py:1881: RuntimeWarning: overflow encountered in scalar multiply
  sm = r if not np.isfinite(sm) else price_smooth * r + (1 - price_smooth) * sm
/Users/jackcuster/Documents/fx-data/code/l2lib.py:1884: RuntimeWarning: overflow encountered in scalar multiply
  st = fr if not np.isfinite(st) else index_smooth * fr + (1 - index_smooth) * st
/Users/jackcuster/Documents/fx-data/code/l2lib.py:1881: RuntimeWarning: overflow encountered in scalar multiply
  sm = r if not np.isfinite(sm) else price_smooth * r + (1 - price_smooth) * sm
/Users/jackcuster/Documents/fx-data/code/l2pine.py:164: RuntimeWarning: invalid value encountered in divide
  return (W * w).sum(axis=1) / w.sum()
/Users/jackcuster/Documents/fx-data/code/l2pine.py:164: RuntimeWarning: invalid value encountered in divide
  return (W * w).sum(axis=1) / w.sum()
/Users/jackcuster/Documents/fx-data/code/l2lib.py:1884: RuntimeWarning: overflow encountered in scalar multiply
  st = fr if not np.isfinite(st) else index_smooth * fr + (1 - index_smooth) * st
/Users/jackcuster/Documents/fx-data/code/l2lib.py:1881: RuntimeWarning: overflow encountered in scalar multiply
  sm = r if not np.isfinite(sm) else price_smooth * r + (1 - price_smooth) * sm
  [B trend] chunk     0   100 combos  8378.4 s  hit 93.5%  crossed  11  |  100/14,815 done, 2.3 engine-h spent, ~342 engine-h left
/Users/jackcuster/Documents/fx-data/code/l2lib.py:1884: RuntimeWarning: overflow encountered in scalar multiply
  st = fr if not np.isfinite(st) else index_smooth * fr + (1 - index_smooth) * st
/Users/jackcuster/Documents/fx-data/code/l2lib.py:1881: RuntimeWarning: overflow encountered in scalar multiply
  sm = r if not np.isfinite(sm) else price_smooth * r + (1 - price_smooth) * sm
/Users/jackcuster/Documents/fx-data/code/l2lib.py:1856: RuntimeWarning: overflow encountered in scalar multiply
  fama[i] = .5 * al * mama[i] + (1 - .5 * al) * fama[i - 1]
/Users/jackcuster/Documents/fx-data/code/l2lib.py:1855: RuntimeWarning: overflow encountered in scalar multiply
  mama[i] = al * src[i] + (1 - al) * mama[i - 1]
/Users/jackcuster/Documents/fx-data/code/l2lib.py:1856: RuntimeWarning: invalid value encountered in scalar add
  fama[i] = .5 * al * mama[i] + (1 - .5 * al) * fama[i - 1]
/Users/jackcuster/Documents/fx-data/code/l2lib.py:1856: RuntimeWarning: overflow encountered in scalar add
  fama[i] = .5 * al * mama[i] + (1 - .5 * al) * fama[i - 1]
  [B trend] chunk     6   100 combos  11263.1 s  hit 93.9%  crossed  11  |  200/14,815 done, 5.5 engine-h spent, ~399 engine-h left
/Users/jackcuster/Documents/fx-data/code/l2lib.py:1884: RuntimeWarning: overflow encountered in scalar multiply
  st = fr if not np.isfinite(st) else index_smooth * fr + (1 - index_smooth) * st
/Users/jackcuster/Documents/fx-data/code/l2lib.py:1881: RuntimeWarning: overflow encountered in scalar multiply
  sm = r if not np.isfinite(sm) else price_smooth * r + (1 - price_smooth) * sm
/Users/jackcuster/Documents/fx-data/code/l2lib.py:1856: RuntimeWarning: overflow encountered in scalar multiply
  fama[i] = .5 * al * mama[i] + (1 - .5 * al) * fama[i - 1]
/Users/jackcuster/Documents/fx-data/code/l2lib.py:1855: RuntimeWarning: overflow encountered in scalar multiply
  mama[i] = al * src[i] + (1 - al) * mama[i - 1]
/Users/jackcuster/Documents/fx-data/code/l2lib.py:1856: RuntimeWarning: invalid value encountered in scalar add
  fama[i] = .5 * al * mama[i] + (1 - .5 * al) * fama[i - 1]
/Users/jackcuster/Documents/fx-data/code/l2lib.py:1856: RuntimeWarning: overflow encountered in scalar add
  fama[i] = .5 * al * mama[i] + (1 - .5 * al) * fama[i - 1]
  [B trend] chunk     5   100 combos  13473.9 s  hit 93.6%  crossed   8  |  300/14,815 done, 9.2 engine-h spent, ~445 engine-h left
/Users/jackcuster/Documents/fx-data/code/l2lib.py:1856: RuntimeWarning: overflow encountered in scalar multiply
  fama[i] = .5 * al * mama[i] + (1 - .5 * al) * fama[i - 1]
/Users/jackcuster/Documents/fx-data/code/l2lib.py:1855: RuntimeWarning: overflow encountered in scalar multiply
  mama[i] = al * src[i] + (1 - al) * mama[i - 1]
/Users/jackcuster/Documents/fx-data/code/l2lib.py:1856: RuntimeWarning: invalid value encountered in scalar add
  fama[i] = .5 * al * mama[i] + (1 - .5 * al) * fama[i - 1]
/Users/jackcuster/Documents/fx-data/code/l2lib.py:1856: RuntimeWarning: overflow encountered in scalar add
  fama[i] = .5 * al * mama[i] + (1 - .5 * al) * fama[i - 1]
  [B trend] chunk     1   100 combos  17622.2 s  hit 93.9%  crossed  14  |  400/14,815 done, 14.1 engine-h spent, ~508 engine-h left
/Users/jackcuster/Documents/fx-data/code/l2lib.py:1884: RuntimeWarning: overflow encountered in scalar multiply
  st = fr if not np.isfinite(st) else index_smooth * fr + (1 - index_smooth) * st
/Users/jackcuster/Documents/fx-data/code/l2lib.py:1881: RuntimeWarning: overflow encountered in scalar multiply
  sm = r if not np.isfinite(sm) else price_smooth * r + (1 - price_smooth) * sm
/Users/jackcuster/Documents/fx-data/code/l2lib.py:1856: RuntimeWarning: overflow encountered in scalar multiply
  fama[i] = .5 * al * mama[i] + (1 - .5 * al) * fama[i - 1]
/Users/jackcuster/Documents/fx-data/code/l2lib.py:1855: RuntimeWarning: overflow encountered in scalar multiply
  mama[i] = al * src[i] + (1 - al) * mama[i - 1]
/Users/jackcuster/Documents/fx-data/code/l2lib.py:1856: RuntimeWarning: invalid value encountered in scalar add
  fama[i] = .5 * al * mama[i] + (1 - .5 * al) * fama[i - 1]
/Users/jackcuster/Documents/fx-data/code/l2lib.py:1856: RuntimeWarning: overflow encountered in scalar add
  fama[i] = .5 * al * mama[i] + (1 - .5 * al) * fama[i - 1]
  [B trend] chunk     3   100 combos  18943.9 s  hit 93.3%  crossed   6  |  500/14,815 done, 19.4 engine-h spent, ~554 engine-h left
/Users/jackcuster/Documents/fx-data/code/l2lib.py:1884: RuntimeWarning: overflow encountered in scalar multiply
  st = fr if not np.isfinite(st) else index_smooth * fr + (1 - index_smooth) * st
/Users/jackcuster/Documents/fx-data/code/l2lib.py:1881: RuntimeWarning: overflow encountered in scalar multiply
  sm = r if not np.isfinite(sm) else price_smooth * r + (1 - price_smooth) * sm
/Users/jackcuster/Documents/fx-data/code/l2lib.py:1856: RuntimeWarning: overflow encountered in scalar multiply
  fama[i] = .5 * al * mama[i] + (1 - .5 * al) * fama[i - 1]
/Users/jackcuster/Documents/fx-data/code/l2lib.py:1855: RuntimeWarning: overflow encountered in scalar multiply
  mama[i] = al * src[i] + (1 - al) * mama[i - 1]
/Users/jackcuster/Documents/fx-data/code/l2lib.py:1856: RuntimeWarning: invalid value encountered in scalar add
  fama[i] = .5 * al * mama[i] + (1 - .5 * al) * fama[i - 1]
/Users/jackcuster/Documents/fx-data/code/l2lib.py:1856: RuntimeWarning: overflow encountered in scalar add
  fama[i] = .5 * al * mama[i] + (1 - .5 * al) * fama[i - 1]
/Users/jackcuster/Documents/fx-data/code/l2lib.py:1884: RuntimeWarning: overflow encountered in scalar multiply
  st = fr if not np.isfinite(st) else index_smooth * fr + (1 - index_smooth) * st
/Users/jackcuster/Documents/fx-data/code/l2lib.py:1881: RuntimeWarning: overflow encountered in scalar multiply
  sm = r if not np.isfinite(sm) else price_smooth * r + (1 - price_smooth) * sm
  [B trend] chunk     4   100 combos  24544.3 s  hit 92.1%  crossed  12  |  600/14,815 done, 26.2 engine-h spent, ~620 engine-h left
/Users/jackcuster/Documents/fx-data/code/l2lib.py:1856: RuntimeWarning: overflow encountered in scalar multiply
  fama[i] = .5 * al * mama[i] + (1 - .5 * al) * fama[i - 1]
/Users/jackcuster/Documents/fx-data/code/l2lib.py:1855: RuntimeWarning: overflow encountered in scalar multiply
  mama[i] = al * src[i] + (1 - al) * mama[i - 1]
/Users/jackcuster/Documents/fx-data/code/l2lib.py:1856: RuntimeWarning: invalid value encountered in scalar add
  fama[i] = .5 * al * mama[i] + (1 - .5 * al) * fama[i - 1]
/Users/jackcuster/Documents/fx-data/code/l2lib.py:1856: RuntimeWarning: overflow encountered in scalar add
  fama[i] = .5 * al * mama[i] + (1 - .5 * al) * fama[i - 1]
/Users/jackcuster/Documents/fx-data/code/l2lib.py:1856: RuntimeWarning: overflow encountered in scalar multiply
  fama[i] = .5 * al * mama[i] + (1 - .5 * al) * fama[i - 1]
/Users/jackcuster/Documents/fx-data/code/l2lib.py:1855: RuntimeWarning: overflow encountered in scalar multiply
  mama[i] = al * src[i] + (1 - al) * mama[i - 1]
/Users/jackcuster/Documents/fx-data/code/l2lib.py:1856: RuntimeWarning: invalid value encountered in scalar add
  fama[i] = .5 * al * mama[i] + (1 - .5 * al) * fama[i - 1]
/Users/jackcuster/Documents/fx-data/code/l2lib.py:1856: RuntimeWarning: overflow encountered in scalar add
  fama[i] = .5 * al * mama[i] + (1 - .5 * al) * fama[i - 1]
  [B trend] chunk    10   100 combos  14602.7 s  hit 93.5%  crossed  15  |  700/14,815 done, 30.2 engine-h spent, ~610 engine-h left
/Users/jackcuster/Documents/fx-data/code/l2pine.py:164: RuntimeWarning: invalid value encountered in divide
  return (W * w).sum(axis=1) / w.sum()
  [B trend] chunk     8   100 combos  19735.1 s  hit 93.3%  crossed   6  |  800/14,815 done, 35.7 engine-h spent, ~626 engine-h left
/Users/jackcuster/Documents/fx-data/code/l2lib.py:1884: RuntimeWarning: overflow encountered in scalar multiply
  st = fr if not np.isfinite(st) else index_smooth * fr + (1 - index_smooth) * st
/Users/jackcuster/Documents/fx-data/code/l2lib.py:1881: RuntimeWarning: overflow encountered in scalar multiply
  sm = r if not np.isfinite(sm) else price_smooth * r + (1 - price_smooth) * sm
  [B trend] chunk     9   100 combos  17252.1 s  hit 92.9%  crossed  11  |  900/14,815 done, 40.5 engine-h spent, ~626 engine-h left
/Users/jackcuster/Documents/fx-data/code/l2lib.py:1884: RuntimeWarning: overflow encountered in scalar multiply
  st = fr if not np.isfinite(st) else index_smooth * fr + (1 - index_smooth) * st
/Users/jackcuster/Documents/fx-data/code/l2lib.py:1881: RuntimeWarning: overflow encountered in scalar multiply
  sm = r if not np.isfinite(sm) else price_smooth * r + (1 - price_smooth) * sm
/Users/jackcuster/Documents/fx-data/code/l2lib.py:1856: RuntimeWarning: overflow encountered in scalar multiply
  fama[i] = .5 * al * mama[i] + (1 - .5 * al) * fama[i - 1]
/Users/jackcuster/Documents/fx-data/code/l2lib.py:1855: RuntimeWarning: overflow encountered in scalar multiply
  mama[i] = al * src[i] + (1 - al) * mama[i - 1]
/Users/jackcuster/Documents/fx-data/code/l2lib.py:1856: RuntimeWarning: invalid value encountered in scalar add
  fama[i] = .5 * al * mama[i] + (1 - .5 * al) * fama[i - 1]
/Users/jackcuster/Documents/fx-data/code/l2lib.py:1856: RuntimeWarning: overflow encountered in scalar add
  fama[i] = .5 * al * mama[i] + (1 - .5 * al) * fama[i - 1]
/Users/jackcuster/Documents/fx-data/code/l2lib.py:1856: RuntimeWarning: overflow encountered in scalar multiply
  fama[i] = .5 * al * mama[i] + (1 - .5 * al) * fama[i - 1]
/Users/jackcuster/Documents/fx-data/code/l2lib.py:1855: RuntimeWarning: overflow encountered in scalar multiply
  mama[i] = al * src[i] + (1 - al) * mama[i - 1]
/Users/jackcuster/Documents/fx-data/code/l2lib.py:1856: RuntimeWarning: invalid value encountered in scalar add
  fama[i] = .5 * al * mama[i] + (1 - .5 * al) * fama[i - 1]
/Users/jackcuster/Documents/fx-data/code/l2lib.py:1856: RuntimeWarning: overflow encountered in scalar add
  fama[i] = .5 * al * mama[i] + (1 - .5 * al) * fama[i - 1]
/Users/jackcuster/Documents/fx-data/code/l2lib.py:1856: RuntimeWarning: overflow encountered in scalar multiply
  fama[i] = .5 * al * mama[i] + (1 - .5 * al) * fama[i - 1]
/Users/jackcuster/Documents/fx-data/code/l2lib.py:1855: RuntimeWarning: overflow encountered in scalar multiply
  mama[i] = al * src[i] + (1 - al) * mama[i - 1]
/Users/jackcuster/Documents/fx-data/code/l2lib.py:1856: RuntimeWarning: invalid value encountered in scalar add
  fama[i] = .5 * al * mama[i] + (1 - .5 * al) * fama[i - 1]
/Users/jackcuster/Documents/fx-data/code/l2lib.py:1856: RuntimeWarning: overflow encountered in scalar add
  fama[i] = .5 * al * mama[i] + (1 - .5 * al) * fama[i - 1]
/Users/jackcuster/Documents/fx-data/code/l2lib.py:1884: RuntimeWarning: overflow encountered in scalar multiply
  st = fr if not np.isfinite(st) else index_smooth * fr + (1 - index_smooth) * st
/Users/jackcuster/Documents/fx-data/code/l2lib.py:1881: RuntimeWarning: overflow encountered in scalar multiply
  sm = r if not np.isfinite(sm) else price_smooth * r + (1 - price_smooth) * sm
/Users/jackcuster/Documents/fx-data/code/l2lib.py:1884: RuntimeWarning: overflow encountered in scalar multiply
  st = fr if not np.isfinite(st) else index_smooth * fr + (1 - index_smooth) * st
/Users/jackcuster/Documents/fx-data/code/l2lib.py:1881: RuntimeWarning: overflow encountered in scalar multiply
  sm = r if not np.isfinite(sm) else price_smooth * r + (1 - price_smooth) * sm
  [B trend] chunk    13   100 combos  16455.3 s  hit 91.9%  crossed  11  |  1,000/14,815 done, 45.1 engine-h spent, ~623 engine-h left
/Users/jackcuster/Documents/fx-data/code/l2lib.py:1884: RuntimeWarning: overflow encountered in scalar multiply
  st = fr if not np.isfinite(st) else index_smooth * fr + (1 - index_smooth) * st
/Users/jackcuster/Documents/fx-data/code/l2lib.py:1881: RuntimeWarning: overflow encountered in scalar multiply
  sm = r if not np.isfinite(sm) else price_smooth * r + (1 - price_smooth) * sm
/Users/jackcuster/Documents/fx-data/code/l2lib.py:1856: RuntimeWarning: overflow encountered in scalar multiply
  fama[i] = .5 * al * mama[i] + (1 - .5 * al) * fama[i - 1]
/Users/jackcuster/Documents/fx-data/code/l2lib.py:1855: RuntimeWarning: overflow encountered in scalar multiply
  mama[i] = al * src[i] + (1 - al) * mama[i - 1]
/Users/jackcuster/Documents/fx-data/code/l2lib.py:1856: RuntimeWarning: invalid value encountered in scalar add
  fama[i] = .5 * al * mama[i] + (1 - .5 * al) * fama[i - 1]
/Users/jackcuster/Documents/fx-data/code/l2lib.py:1856: RuntimeWarning: overflow encountered in scalar add
  fama[i] = .5 * al * mama[i] + (1 - .5 * al) * fama[i - 1]
  [B trend] chunk    15   100 combos  18520.6 s  hit 93.3%  crossed  11  |  1,100/14,815 done, 50.2 engine-h spent, ~626 engine-h left
/Users/jackcuster/Documents/fx-data/code/l2lib.py:1856: RuntimeWarning: overflow encountered in scalar multiply
  fama[i] = .5 * al * mama[i] + (1 - .5 * al) * fama[i - 1]
/Users/jackcuster/Documents/fx-data/code/l2lib.py:1855: RuntimeWarning: overflow encountered in scalar multiply
  mama[i] = al * src[i] + (1 - al) * mama[i - 1]
/Users/jackcuster/Documents/fx-data/code/l2lib.py:1856: RuntimeWarning: invalid value encountered in scalar add
  fama[i] = .5 * al * mama[i] + (1 - .5 * al) * fama[i - 1]
/Users/jackcuster/Documents/fx-data/code/l2lib.py:1856: RuntimeWarning: overflow encountered in scalar add
  fama[i] = .5 * al * mama[i] + (1 - .5 * al) * fama[i - 1]
/Users/jackcuster/Documents/fx-data/code/l2lib.py:1884: RuntimeWarning: overflow encountered in scalar multiply
  st = fr if not np.isfinite(st) else index_smooth * fr + (1 - index_smooth) * st
/Users/jackcuster/Documents/fx-data/code/l2lib.py:1881: RuntimeWarning: overflow encountered in scalar multiply
  sm = r if not np.isfinite(sm) else price_smooth * r + (1 - price_smooth) * sm
  [B trend] chunk    12   100 combos  31526.3 s  hit 93.0%  crossed   7  |  1,200/14,815 done, 59.0 engine-h spent, ~669 engine-h left
/Users/jackcuster/Documents/fx-data/code/l2lib.py:1856: RuntimeWarning: overflow encountered in scalar multiply
  fama[i] = .5 * al * mama[i] + (1 - .5 * al) * fama[i - 1]
/Users/jackcuster/Documents/fx-data/code/l2lib.py:1855: RuntimeWarning: overflow encountered in scalar multiply
  mama[i] = al * src[i] + (1 - al) * mama[i - 1]
/Users/jackcuster/Documents/fx-data/code/l2lib.py:1856: RuntimeWarning: invalid value encountered in scalar add
  fama[i] = .5 * al * mama[i] + (1 - .5 * al) * fama[i - 1]
/Users/jackcuster/Documents/fx-data/code/l2lib.py:1856: RuntimeWarning: overflow encountered in scalar add
  fama[i] = .5 * al * mama[i] + (1 - .5 * al) * fama[i - 1]
  [B trend] chunk     2   100 combos  54733.8 s  hit 93.0%  crossed   8  |  1,300/14,815 done, 74.2 engine-h spent, ~771 engine-h left
/Users/jackcuster/Documents/fx-data/code/l2pine.py:164: RuntimeWarning: invalid value encountered in divide
  return (W * w).sum(axis=1) / w.sum()
/Users/jackcuster/Documents/fx-data/code/l2lib.py:1884: RuntimeWarning: overflow encountered in scalar multiply
  st = fr if not np.isfinite(st) else index_smooth * fr + (1 - index_smooth) * st
/Users/jackcuster/Documents/fx-data/code/l2lib.py:1881: RuntimeWarning: overflow encountered in scalar multiply
  sm = r if not np.isfinite(sm) else price_smooth * r + (1 - price_smooth) * sm
/Users/jackcuster/Documents/fx-data/code/l2lib.py:1884: RuntimeWarning: overflow encountered in scalar multiply
  st = fr if not np.isfinite(st) else index_smooth * fr + (1 - index_smooth) * st
/Users/jackcuster/Documents/fx-data/code/l2lib.py:1881: RuntimeWarning: overflow encountered in scalar multiply
  sm = r if not np.isfinite(sm) else price_smooth * r + (1 - price_smooth) * sm
/Users/jackcuster/Documents/fx-data/code/l2lib.py:1856: RuntimeWarning: overflow encountered in scalar multiply
  fama[i] = .5 * al * mama[i] + (1 - .5 * al) * fama[i - 1]
/Users/jackcuster/Documents/fx-data/code/l2lib.py:1855: RuntimeWarning: overflow encountered in scalar multiply
  mama[i] = al * src[i] + (1 - al) * mama[i - 1]
/Users/jackcuster/Documents/fx-data/code/l2lib.py:1856: RuntimeWarning: invalid value encountered in scalar add
  fama[i] = .5 * al * mama[i] + (1 - .5 * al) * fama[i - 1]
/Users/jackcuster/Documents/fx-data/code/l2lib.py:1856: RuntimeWarning: overflow encountered in scalar add
  fama[i] = .5 * al * mama[i] + (1 - .5 * al) * fama[i - 1]
  [B trend] chunk    17   100 combos  18831.1 s  hit 93.2%  crossed  13  |  1,400/14,815 done, 79.4 engine-h spent, ~761 engine-h left
  [B trend] chunk    19   100 combos  9997.3 s  hit 93.5%  crossed   6  |  1,500/14,815 done, 82.2 engine-h spent, ~730 engine-h left
/Users/jackcuster/Documents/fx-data/code/l2lib.py:1884: RuntimeWarning: overflow encountered in scalar multiply
  st = fr if not np.isfinite(st) else index_smooth * fr + (1 - index_smooth) * st
/Users/jackcuster/Documents/fx-data/code/l2lib.py:1881: RuntimeWarning: overflow encountered in scalar multiply
  sm = r if not np.isfinite(sm) else price_smooth * r + (1 - price_smooth) * sm
  [B trend] chunk    14   100 combos  33599.6 s  hit 92.2%  crossed  15  |  1,600/14,815 done, 91.5 engine-h spent, ~756 engine-h left
  [B trend] chunk    20   100 combos  8335.7 s  hit 93.9%  crossed  11  |  1,700/14,815 done, 93.8 engine-h spent, ~724 engine-h left
/Users/jackcuster/Documents/fx-data/code/l2lib.py:1884: RuntimeWarning: overflow encountered in scalar multiply
  st = fr if not np.isfinite(st) else index_smooth * fr + (1 - index_smooth) * st
/Users/jackcuster/Documents/fx-data/code/l2lib.py:1881: RuntimeWarning: overflow encountered in scalar multiply
  sm = r if not np.isfinite(sm) else price_smooth * r + (1 - price_smooth) * sm
/Users/jackcuster/Documents/fx-data/code/l2lib.py:1856: RuntimeWarning: overflow encountered in scalar multiply
  fama[i] = .5 * al * mama[i] + (1 - .5 * al) * fama[i - 1]
/Users/jackcuster/Documents/fx-data/code/l2lib.py:1855: RuntimeWarning: overflow encountered in scalar multiply
  mama[i] = al * src[i] + (1 - al) * mama[i - 1]
/Users/jackcuster/Documents/fx-data/code/l2lib.py:1856: RuntimeWarning: invalid value encountered in scalar add
  fama[i] = .5 * al * mama[i] + (1 - .5 * al) * fama[i - 1]
/Users/jackcuster/Documents/fx-data/code/l2lib.py:1856: RuntimeWarning: overflow encountered in scalar add
  fama[i] = .5 * al * mama[i] + (1 - .5 * al) * fama[i - 1]
/Users/jackcuster/Documents/fx-data/code/l2pine.py:164: RuntimeWarning: invalid value encountered in divide
  return (W * w).sum(axis=1) / w.sum()
/Users/jackcuster/Documents/fx-data/code/l2lib.py:1856: RuntimeWarning: overflow encountered in scalar multiply
  fama[i] = .5 * al * mama[i] + (1 - .5 * al) * fama[i - 1]
/Users/jackcuster/Documents/fx-data/code/l2lib.py:1855: RuntimeWarning: overflow encountered in scalar multiply
  mama[i] = al * src[i] + (1 - al) * mama[i - 1]
/Users/jackcuster/Documents/fx-data/code/l2lib.py:1856: RuntimeWarning: invalid value encountered in scalar add
  fama[i] = .5 * al * mama[i] + (1 - .5 * al) * fama[i - 1]
/Users/jackcuster/Documents/fx-data/code/l2lib.py:1856: RuntimeWarning: overflow encountered in scalar add
  fama[i] = .5 * al * mama[i] + (1 - .5 * al) * fama[i - 1]
/Users/jackcuster/Documents/fx-data/code/l2lib.py:1856: RuntimeWarning: overflow encountered in scalar multiply
  fama[i] = .5 * al * mama[i] + (1 - .5 * al) * fama[i - 1]
/Users/jackcuster/Documents/fx-data/code/l2lib.py:1855: RuntimeWarning: overflow encountered in scalar multiply
  mama[i] = al * src[i] + (1 - al) * mama[i - 1]
/Users/jackcuster/Documents/fx-data/code/l2lib.py:1856: RuntimeWarning: invalid value encountered in scalar add
  fama[i] = .5 * al * mama[i] + (1 - .5 * al) * fama[i - 1]
/Users/jackcuster/Documents/fx-data/code/l2lib.py:1856: RuntimeWarning: overflow encountered in scalar add
  fama[i] = .5 * al * mama[i] + (1 - .5 * al) * fama[i - 1]
/Users/jackcuster/Documents/fx-data/code/l2lib.py:1884: RuntimeWarning: overflow encountered in scalar multiply
  st = fr if not np.isfinite(st) else index_smooth * fr + (1 - index_smooth) * st
/Users/jackcuster/Documents/fx-data/code/l2lib.py:1881: RuntimeWarning: overflow encountered in scalar multiply
  sm = r if not np.isfinite(sm) else price_smooth * r + (1 - price_smooth) * sm
  [B trend] chunk    18   100 combos  23722.9 s  hit 92.5%  crossed  11  |  1,800/14,815 done, 100.4 engine-h spent, ~726 engine-h left
/Users/jackcuster/Documents/fx-data/code/l2pine.py:164: RuntimeWarning: invalid value encountered in divide
  return (W * w).sum(axis=1) / w.sum()
/Users/jackcuster/Documents/fx-data/code/l2lib.py:1856: RuntimeWarning: overflow encountered in scalar multiply
  fama[i] = .5 * al * mama[i] + (1 - .5 * al) * fama[i - 1]
/Users/jackcuster/Documents/fx-data/code/l2lib.py:1855: RuntimeWarning: overflow encountered in scalar multiply
  mama[i] = al * src[i] + (1 - al) * mama[i - 1]
/Users/jackcuster/Documents/fx-data/code/l2lib.py:1856: RuntimeWarning: invalid value encountered in scalar add
  fama[i] = .5 * al * mama[i] + (1 - .5 * al) * fama[i - 1]
/Users/jackcuster/Documents/fx-data/code/l2lib.py:1856: RuntimeWarning: overflow encountered in scalar add
  fama[i] = .5 * al * mama[i] + (1 - .5 * al) * fama[i - 1]
  [B trend] chunk     7   100 combos  71189.5 s  hit 92.6%  crossed  14  |  1,900/14,815 done, 120.2 engine-h spent, ~817 engine-h left
/Users/jackcuster/Documents/fx-data/code/l2lib.py:1884: RuntimeWarning: overflow encountered in scalar multiply
  st = fr if not np.isfinite(st) else index_smooth * fr + (1 - index_smooth) * st
/Users/jackcuster/Documents/fx-data/code/l2lib.py:1881: RuntimeWarning: overflow encountered in scalar multiply
  sm = r if not np.isfinite(sm) else price_smooth * r + (1 - price_smooth) * sm
/Users/jackcuster/Documents/fx-data/code/l2lib.py:1856: RuntimeWarning: overflow encountered in scalar multiply
  fama[i] = .5 * al * mama[i] + (1 - .5 * al) * fama[i - 1]
/Users/jackcuster/Documents/fx-data/code/l2lib.py:1855: RuntimeWarning: overflow encountered in scalar multiply
  mama[i] = al * src[i] + (1 - al) * mama[i - 1]
/Users/jackcuster/Documents/fx-data/code/l2lib.py:1856: RuntimeWarning: invalid value encountered in scalar add
  fama[i] = .5 * al * mama[i] + (1 - .5 * al) * fama[i - 1]
/Users/jackcuster/Documents/fx-data/code/l2lib.py:1856: RuntimeWarning: overflow encountered in scalar add
  fama[i] = .5 * al * mama[i] + (1 - .5 * al) * fama[i - 1]
/Users/jackcuster/Documents/fx-data/code/l2lib.py:1884: RuntimeWarning: overflow encountered in scalar multiply
  st = fr if not np.isfinite(st) else index_smooth * fr + (1 - index_smooth) * st
/Users/jackcuster/Documents/fx-data/code/l2lib.py:1881: RuntimeWarning: overflow encountered in scalar multiply
  sm = r if not np.isfinite(sm) else price_smooth * r + (1 - price_smooth) * sm
/Users/jackcuster/Documents/fx-data/code/l2pine.py:164: RuntimeWarning: invalid value encountered in divide
  return (W * w).sum(axis=1) / w.sum()
  [B trend] chunk    24   100 combos  11215.2 s  hit 93.6%  crossed  10  |  2,000/14,815 done, 123.3 engine-h spent, ~790 engine-h left
/Users/jackcuster/Documents/fx-data/code/l2pine.py:164: RuntimeWarning: invalid value encountered in divide
  return (W * w).sum(axis=1) / w.sum()
/Users/jackcuster/Documents/fx-data/code/l2lib.py:1884: RuntimeWarning: overflow encountered in scalar multiply
  st = fr if not np.isfinite(st) else index_smooth * fr + (1 - index_smooth) * st
/Users/jackcuster/Documents/fx-data/code/l2lib.py:1881: RuntimeWarning: overflow encountered in scalar multiply
  sm = r if not np.isfinite(sm) else price_smooth * r + (1 - price_smooth) * sm
/Users/jackcuster/Documents/fx-data/code/l2lib.py:1856: RuntimeWarning: overflow encountered in scalar multiply
  fama[i] = .5 * al * mama[i] + (1 - .5 * al) * fama[i - 1]
/Users/jackcuster/Documents/fx-data/code/l2lib.py:1855: RuntimeWarning: overflow encountered in scalar multiply
  mama[i] = al * src[i] + (1 - al) * mama[i - 1]
/Users/jackcuster/Documents/fx-data/code/l2lib.py:1856: RuntimeWarning: invalid value encountered in scalar add
  fama[i] = .5 * al * mama[i] + (1 - .5 * al) * fama[i - 1]
/Users/jackcuster/Documents/fx-data/code/l2lib.py:1856: RuntimeWarning: overflow encountered in scalar add
  fama[i] = .5 * al * mama[i] + (1 - .5 * al) * fama[i - 1]
  [B trend] chunk    23   100 combos  14976.2 s  hit 91.9%  crossed  11  |  2,100/14,815 done, 127.5 engine-h spent, ~772 engine-h left
  [B trend] chunk    22   100 combos  17106.2 s  hit 93.3%  crossed  11  |  2,200/14,815 done, 132.2 engine-h spent, ~758 engine-h left
/Users/jackcuster/Documents/fx-data/code/l2lib.py:1884: RuntimeWarning: overflow encountered in scalar multiply
  st = fr if not np.isfinite(st) else index_smooth * fr + (1 - index_smooth) * st
/Users/jackcuster/Documents/fx-data/code/l2lib.py:1881: RuntimeWarning: overflow encountered in scalar multiply
  sm = r if not np.isfinite(sm) else price_smooth * r + (1 - price_smooth) * sm
/Users/jackcuster/Documents/fx-data/code/l2lib.py:1884: RuntimeWarning: overflow encountered in scalar multiply
  st = fr if not np.isfinite(st) else index_smooth * fr + (1 - index_smooth) * st
/Users/jackcuster/Documents/fx-data/code/l2lib.py:1881: RuntimeWarning: overflow encountered in scalar multiply
  sm = r if not np.isfinite(sm) else price_smooth * r + (1 - price_smooth) * sm
/Users/jackcuster/Documents/fx-data/code/l2lib.py:1856: RuntimeWarning: overflow encountered in scalar multiply
  fama[i] = .5 * al * mama[i] + (1 - .5 * al) * fama[i - 1]
/Users/jackcuster/Documents/fx-data/code/l2lib.py:1855: RuntimeWarning: overflow encountered in scalar multiply
  mama[i] = al * src[i] + (1 - al) * mama[i - 1]
/Users/jackcuster/Documents/fx-data/code/l2lib.py:1856: RuntimeWarning: invalid value encountered in scalar add
  fama[i] = .5 * al * mama[i] + (1 - .5 * al) * fama[i - 1]
/Users/jackcuster/Documents/fx-data/code/l2lib.py:1856: RuntimeWarning: overflow encountered in scalar add
  fama[i] = .5 * al * mama[i] + (1 - .5 * al) * fama[i - 1]
  [B trend] chunk    16   100 combos  57679.7 s  hit 93.0%  crossed   8  |  2,300/14,815 done, 148.2 engine-h spent, ~807 engine-h left
/Users/jackcuster/Documents/fx-data/code/l2lib.py:1884: RuntimeWarning: overflow encountered in scalar multiply
  st = fr if not np.isfinite(st) else index_smooth * fr + (1 - index_smooth) * st
/Users/jackcuster/Documents/fx-data/code/l2lib.py:1881: RuntimeWarning: overflow encountered in scalar multiply
  sm = r if not np.isfinite(sm) else price_smooth * r + (1 - price_smooth) * sm
  [B trend] chunk    27   100 combos  12672.3 s  hit 93.5%  crossed  12  |  2,400/14,815 done, 151.8 engine-h spent, ~785 engine-h left
/Users/jackcuster/Documents/fx-data/code/l2lib.py:1856: RuntimeWarning: overflow encountered in scalar multiply
  fama[i] = .5 * al * mama[i] + (1 - .5 * al) * fama[i - 1]
/Users/jackcuster/Documents/fx-data/code/l2lib.py:1855: RuntimeWarning: overflow encountered in scalar multiply
  mama[i] = al * src[i] + (1 - al) * mama[i - 1]
/Users/jackcuster/Documents/fx-data/code/l2lib.py:1856: RuntimeWarning: invalid value encountered in scalar add
  fama[i] = .5 * al * mama[i] + (1 - .5 * al) * fama[i - 1]
/Users/jackcuster/Documents/fx-data/code/l2lib.py:1856: RuntimeWarning: overflow encountered in scalar add
  fama[i] = .5 * al * mama[i] + (1 - .5 * al) * fama[i - 1]
/Users/jackcuster/Documents/fx-data/code/l2lib.py:1884: RuntimeWarning: overflow encountered in scalar multiply
  st = fr if not np.isfinite(st) else index_smooth * fr + (1 - index_smooth) * st
/Users/jackcuster/Documents/fx-data/code/l2lib.py:1881: RuntimeWarning: overflow encountered in scalar multiply
  sm = r if not np.isfinite(sm) else price_smooth * r + (1 - price_smooth) * sm
/Users/jackcuster/Documents/fx-data/code/l2lib.py:1856: RuntimeWarning: overflow encountered in scalar multiply
  fama[i] = .5 * al * mama[i] + (1 - .5 * al) * fama[i - 1]
/Users/jackcuster/Documents/fx-data/code/l2lib.py:1855: RuntimeWarning: overflow encountered in scalar multiply
  mama[i] = al * src[i] + (1 - al) * mama[i - 1]
/Users/jackcuster/Documents/fx-data/code/l2lib.py:1856: RuntimeWarning: invalid value encountered in scalar add
  fama[i] = .5 * al * mama[i] + (1 - .5 * al) * fama[i - 1]
/Users/jackcuster/Documents/fx-data/code/l2lib.py:1856: RuntimeWarning: overflow encountered in scalar add
  fama[i] = .5 * al * mama[i] + (1 - .5 * al) * fama[i - 1]
/Users/jackcuster/Documents/fx-data/code/l2lib.py:1884: RuntimeWarning: overflow encountered in scalar multiply
  st = fr if not np.isfinite(st) else index_smooth * fr + (1 - index_smooth) * st
/Users/jackcuster/Documents/fx-data/code/l2lib.py:1881: RuntimeWarning: overflow encountered in scalar multiply
  sm = r if not np.isfinite(sm) else price_smooth * r + (1 - price_smooth) * sm
/Users/jackcuster/Documents/fx-data/code/l2pine.py:164: RuntimeWarning: invalid value encountered in divide
  return (W * w).sum(axis=1) / w.sum()
/Users/jackcuster/Documents/fx-data/code/l2lib.py:1856: RuntimeWarning: overflow encountered in scalar multiply
  fama[i] = .5 * al * mama[i] + (1 - .5 * al) * fama[i - 1]
/Users/jackcuster/Documents/fx-data/code/l2lib.py:1855: RuntimeWarning: overflow encountered in scalar multiply
  mama[i] = al * src[i] + (1 - al) * mama[i - 1]
/Users/jackcuster/Documents/fx-data/code/l2lib.py:1856: RuntimeWarning: invalid value encountered in scalar add
  fama[i] = .5 * al * mama[i] + (1 - .5 * al) * fama[i - 1]
/Users/jackcuster/Documents/fx-data/code/l2lib.py:1856: RuntimeWarning: overflow encountered in scalar add
  fama[i] = .5 * al * mama[i] + (1 - .5 * al) * fama[i - 1]
  [B trend] chunk    25   100 combos  24589.5 s  hit 93.5%  crossed  13  |  2,500/14,815 done, 158.6 engine-h spent, ~781 engine-h left
  [B trend] chunk    29   100 combos  17602.2 s  hit 93.2%  crossed  15  |  2,600/14,815 done, 163.5 engine-h spent, ~768 engine-h left
/Users/jackcuster/Documents/fx-data/code/l2lib.py:1884: RuntimeWarning: overflow encountered in scalar multiply
  st = fr if not np.isfinite(st) else index_smooth * fr + (1 - index_smooth) * st
/Users/jackcuster/Documents/fx-data/code/l2lib.py:1881: RuntimeWarning: overflow encountered in scalar multiply
  sm = r if not np.isfinite(sm) else price_smooth * r + (1 - price_smooth) * sm
/Users/jackcuster/Documents/fx-data/code/l2pine.py:164: RuntimeWarning: invalid value encountered in divide
  return (W * w).sum(axis=1) / w.sum()
/Users/jackcuster/Documents/fx-data/code/l2lib.py:1856: RuntimeWarning: overflow encountered in scalar multiply
  fama[i] = .5 * al * mama[i] + (1 - .5 * al) * fama[i - 1]
/Users/jackcuster/Documents/fx-data/code/l2lib.py:1855: RuntimeWarning: overflow encountered in scalar multiply
  mama[i] = al * src[i] + (1 - al) * mama[i - 1]
/Users/jackcuster/Documents/fx-data/code/l2lib.py:1856: RuntimeWarning: invalid value encountered in scalar add
  fama[i] = .5 * al * mama[i] + (1 - .5 * al) * fama[i - 1]
/Users/jackcuster/Documents/fx-data/code/l2lib.py:1856: RuntimeWarning: overflow encountered in scalar add
  fama[i] = .5 * al * mama[i] + (1 - .5 * al) * fama[i - 1]
/Users/jackcuster/Documents/fx-data/code/l2pine.py:164: RuntimeWarning: invalid value encountered in divide
  return (W * w).sum(axis=1) / w.sum()
  [B trend] chunk    11   100 combos  81008.5 s  hit 92.5%  crossed   7  |  2,700/14,815 done, 186.0 engine-h spent, ~835 engine-h left
  [B trend] chunk    28   100 combos  22331.4 s  hit 92.6%  crossed  11  |  2,800/14,815 done, 192.2 engine-h spent, ~825 engine-h left
/Users/jackcuster/Documents/fx-data/code/l2lib.py:1856: RuntimeWarning: overflow encountered in scalar multiply
  fama[i] = .5 * al * mama[i] + (1 - .5 * al) * fama[i - 1]
/Users/jackcuster/Documents/fx-data/code/l2lib.py:1855: RuntimeWarning: overflow encountered in scalar multiply
  mama[i] = al * src[i] + (1 - al) * mama[i - 1]
/Users/jackcuster/Documents/fx-data/code/l2lib.py:1856: RuntimeWarning: invalid value encountered in scalar add
  fama[i] = .5 * al * mama[i] + (1 - .5 * al) * fama[i - 1]
/Users/jackcuster/Documents/fx-data/code/l2lib.py:1856: RuntimeWarning: overflow encountered in scalar add
  fama[i] = .5 * al * mama[i] + (1 - .5 * al) * fama[i - 1]
/Users/jackcuster/Documents/fx-data/code/l2lib.py:1856: RuntimeWarning: overflow encountered in scalar multiply
  fama[i] = .5 * al * mama[i] + (1 - .5 * al) * fama[i - 1]
/Users/jackcuster/Documents/fx-data/code/l2lib.py:1855: RuntimeWarning: overflow encountered in scalar multiply
  mama[i] = al * src[i] + (1 - al) * mama[i - 1]
/Users/jackcuster/Documents/fx-data/code/l2lib.py:1856: RuntimeWarning: invalid value encountered in scalar add
  fama[i] = .5 * al * mama[i] + (1 - .5 * al) * fama[i - 1]
/Users/jackcuster/Documents/fx-data/code/l2lib.py:1856: RuntimeWarning: overflow encountered in scalar add
  fama[i] = .5 * al * mama[i] + (1 - .5 * al) * fama[i - 1]
/Users/jackcuster/Documents/fx-data/code/l2lib.py:1856: RuntimeWarning: overflow encountered in scalar multiply
  fama[i] = .5 * al * mama[i] + (1 - .5 * al) * fama[i - 1]
/Users/jackcuster/Documents/fx-data/code/l2lib.py:1855: RuntimeWarning: overflow encountered in scalar multiply
  mama[i] = al * src[i] + (1 - al) * mama[i - 1]
/Users/jackcuster/Documents/fx-data/code/l2lib.py:1856: RuntimeWarning: invalid value encountered in scalar add
  fama[i] = .5 * al * mama[i] + (1 - .5 * al) * fama[i - 1]
/Users/jackcuster/Documents/fx-data/code/l2lib.py:1856: RuntimeWarning: overflow encountered in scalar add
  fama[i] = .5 * al * mama[i] + (1 - .5 * al) * fama[i - 1]
/Users/jackcuster/Documents/fx-data/code/l2lib.py:1884: RuntimeWarning: overflow encountered in scalar multiply
  st = fr if not np.isfinite(st) else index_smooth * fr + (1 - index_smooth) * st
/Users/jackcuster/Documents/fx-data/code/l2lib.py:1881: RuntimeWarning: overflow encountered in scalar multiply
  sm = r if not np.isfinite(sm) else price_smooth * r + (1 - price_smooth) * sm
/Users/jackcuster/Documents/fx-data/code/l2lib.py:1884: RuntimeWarning: overflow encountered in scalar multiply
  st = fr if not np.isfinite(st) else index_smooth * fr + (1 - index_smooth) * st
/Users/jackcuster/Documents/fx-data/code/l2lib.py:1881: RuntimeWarning: overflow encountered in scalar multiply
  sm = r if not np.isfinite(sm) else price_smooth * r + (1 - price_smooth) * sm
  [B trend] chunk    21   100 combos  46239.6 s  hit 92.9%  crossed  11  |  2,900/14,815 done, 205.0 engine-h spent, ~842 engine-h left
/Users/jackcuster/Documents/fx-data/code/l2lib.py:1884: RuntimeWarning: overflow encountered in scalar multiply
  st = fr if not np.isfinite(st) else index_smooth * fr + (1 - index_smooth) * st
/Users/jackcuster/Documents/fx-data/code/l2lib.py:1881: RuntimeWarning: overflow encountered in scalar multiply
  sm = r if not np.isfinite(sm) else price_smooth * r + (1 - price_smooth) * sm
  [B trend] chunk    34   100 combos  9232.2 s  hit 93.5%  crossed  15  |  3,000/14,815 done, 207.6 engine-h spent, ~818 engine-h left
  [B trend] chunk    31   100 combos  21348.0 s  hit 93.0%  crossed  15  |  3,100/14,815 done, 213.5 engine-h spent, ~807 engine-h left
/Users/jackcuster/Documents/fx-data/code/l2lib.py:1856: RuntimeWarning: overflow encountered in scalar multiply
  fama[i] = .5 * al * mama[i] + (1 - .5 * al) * fama[i - 1]
/Users/jackcuster/Documents/fx-data/code/l2lib.py:1855: RuntimeWarning: overflow encountered in scalar multiply
  mama[i] = al * src[i] + (1 - al) * mama[i - 1]
/Users/jackcuster/Documents/fx-data/code/l2lib.py:1856: RuntimeWarning: invalid value encountered in scalar add
  fama[i] = .5 * al * mama[i] + (1 - .5 * al) * fama[i - 1]
/Users/jackcuster/Documents/fx-data/code/l2lib.py:1856: RuntimeWarning: overflow encountered in scalar add
  fama[i] = .5 * al * mama[i] + (1 - .5 * al) * fama[i - 1]
/Users/jackcuster/Documents/fx-data/code/l2lib.py:1884: RuntimeWarning: overflow encountered in scalar multiply
  st = fr if not np.isfinite(st) else index_smooth * fr + (1 - index_smooth) * st
/Users/jackcuster/Documents/fx-data/code/l2lib.py:1881: RuntimeWarning: overflow encountered in scalar multiply
  sm = r if not np.isfinite(sm) else price_smooth * r + (1 - price_smooth) * sm
  [B trend] chunk    33   100 combos  14641.0 s  hit 93.5%  crossed   8  |  3,200/14,815 done, 217.6 engine-h spent, ~790 engine-h left
/Users/jackcuster/Documents/fx-data/code/l2lib.py:1856: RuntimeWarning: overflow encountered in scalar multiply
  fama[i] = .5 * al * mama[i] + (1 - .5 * al) * fama[i - 1]
/Users/jackcuster/Documents/fx-data/code/l2lib.py:1855: RuntimeWarning: overflow encountered in scalar multiply
  mama[i] = al * src[i] + (1 - al) * mama[i - 1]
/Users/jackcuster/Documents/fx-data/code/l2lib.py:1856: RuntimeWarning: invalid value encountered in scalar add
  fama[i] = .5 * al * mama[i] + (1 - .5 * al) * fama[i - 1]
/Users/jackcuster/Documents/fx-data/code/l2lib.py:1856: RuntimeWarning: overflow encountered in scalar add
  fama[i] = .5 * al * mama[i] + (1 - .5 * al) * fama[i - 1]
  [B trend] chunk    32   100 combos  21060.6 s  hit 91.4%  crossed  17  |  3,300/14,815 done, 223.4 engine-h spent, ~780 engine-h left
/Users/jackcuster/Documents/fx-data/code/l2lib.py:1884: RuntimeWarning: overflow encountered in scalar multiply
  st = fr if not np.isfinite(st) else index_smooth * fr + (1 - index_smooth) * st
/Users/jackcuster/Documents/fx-data/code/l2lib.py:1881: RuntimeWarning: overflow encountered in scalar multiply
  sm = r if not np.isfinite(sm) else price_smooth * r + (1 - price_smooth) * sm
  [B trend] chunk    38   100 combos  9271.4 s  hit 93.9%  crossed  15  |  3,400/14,815 done, 226.0 engine-h spent, ~759 engine-h left
/Users/jackcuster/Documents/fx-data/code/l2pine.py:164: RuntimeWarning: invalid value encountered in divide
  return (W * w).sum(axis=1) / w.sum()
/Users/jackcuster/Documents/fx-data/code/l2lib.py:1856: RuntimeWarning: overflow encountered in scalar multiply
  fama[i] = .5 * al * mama[i] + (1 - .5 * al) * fama[i - 1]
/Users/jackcuster/Documents/fx-data/code/l2lib.py:1855: RuntimeWarning: overflow encountered in scalar multiply
  mama[i] = al * src[i] + (1 - al) * mama[i - 1]
/Users/jackcuster/Documents/fx-data/code/l2lib.py:1856: RuntimeWarning: invalid value encountered in scalar add
  fama[i] = .5 * al * mama[i] + (1 - .5 * al) * fama[i - 1]
/Users/jackcuster/Documents/fx-data/code/l2lib.py:1856: RuntimeWarning: overflow encountered in scalar add
  fama[i] = .5 * al * mama[i] + (1 - .5 * al) * fama[i - 1]
/Users/jackcuster/Documents/fx-data/code/l2lib.py:1856: RuntimeWarning: overflow encountered in scalar multiply
  fama[i] = .5 * al * mama[i] + (1 - .5 * al) * fama[i - 1]
/Users/jackcuster/Documents/fx-data/code/l2lib.py:1855: RuntimeWarning: overflow encountered in scalar multiply
  mama[i] = al * src[i] + (1 - al) * mama[i - 1]
/Users/jackcuster/Documents/fx-data/code/l2lib.py:1856: RuntimeWarning: invalid value encountered in scalar add
  fama[i] = .5 * al * mama[i] + (1 - .5 * al) * fama[i - 1]
/Users/jackcuster/Documents/fx-data/code/l2lib.py:1856: RuntimeWarning: overflow encountered in scalar add
  fama[i] = .5 * al * mama[i] + (1 - .5 * al) * fama[i - 1]
/Users/jackcuster/Documents/fx-data/code/l2pine.py:164: RuntimeWarning: invalid value encountered in divide
  return (W * w).sum(axis=1) / w.sum()
/Users/jackcuster/Documents/fx-data/code/l2lib.py:1884: RuntimeWarning: overflow encountered in scalar multiply
  st = fr if not np.isfinite(st) else index_smooth * fr + (1 - index_smooth) * st
/Users/jackcuster/Documents/fx-data/code/l2lib.py:1881: RuntimeWarning: overflow encountered in scalar multiply
  sm = r if not np.isfinite(sm) else price_smooth * r + (1 - price_smooth) * sm
/Users/jackcuster/Documents/fx-data/code/l2lib.py:1884: RuntimeWarning: overflow encountered in scalar multiply
  st = fr if not np.isfinite(st) else index_smooth * fr + (1 - index_smooth) * st
/Users/jackcuster/Documents/fx-data/code/l2lib.py:1881: RuntimeWarning: overflow encountered in scalar multiply
  sm = r if not np.isfinite(sm) else price_smooth * r + (1 - price_smooth) * sm
/Users/jackcuster/Documents/fx-data/code/l2lib.py:1884: RuntimeWarning: overflow encountered in scalar multiply
  st = fr if not np.isfinite(st) else index_smooth * fr + (1 - index_smooth) * st
/Users/jackcuster/Documents/fx-data/code/l2lib.py:1881: RuntimeWarning: overflow encountered in scalar multiply
  sm = r if not np.isfinite(sm) else price_smooth * r + (1 - price_smooth) * sm
/Users/jackcuster/Documents/fx-data/code/l2lib.py:1856: RuntimeWarning: overflow encountered in scalar multiply
  fama[i] = .5 * al * mama[i] + (1 - .5 * al) * fama[i - 1]
/Users/jackcuster/Documents/fx-data/code/l2lib.py:1855: RuntimeWarning: overflow encountered in scalar multiply
  mama[i] = al * src[i] + (1 - al) * mama[i - 1]
/Users/jackcuster/Documents/fx-data/code/l2lib.py:1856: RuntimeWarning: invalid value encountered in scalar add
  fama[i] = .5 * al * mama[i] + (1 - .5 * al) * fama[i - 1]
/Users/jackcuster/Documents/fx-data/code/l2lib.py:1856: RuntimeWarning: overflow encountered in scalar add
  fama[i] = .5 * al * mama[i] + (1 - .5 * al) * fama[i - 1]
/Users/jackcuster/Documents/fx-data/code/l2lib.py:1884: RuntimeWarning: overflow encountered in scalar multiply
  st = fr if not np.isfinite(st) else index_smooth * fr + (1 - index_smooth) * st
/Users/jackcuster/Documents/fx-data/code/l2lib.py:1881: RuntimeWarning: overflow encountered in scalar multiply
  sm = r if not np.isfinite(sm) else price_smooth * r + (1 - price_smooth) * sm
  [B trend] chunk    36   100 combos  19010.0 s  hit 92.4%  crossed  16  |  3,500/14,815 done, 231.3 engine-h spent, ~748 engine-h left
/Users/jackcuster/Documents/fx-data/code/l2lib.py:1856: RuntimeWarning: overflow encountered in scalar multiply
  fama[i] = .5 * al * mama[i] + (1 - .5 * al) * fama[i - 1]
/Users/jackcuster/Documents/fx-data/code/l2lib.py:1855: RuntimeWarning: overflow encountered in scalar multiply
  mama[i] = al * src[i] + (1 - al) * mama[i - 1]
/Users/jackcuster/Documents/fx-data/code/l2lib.py:1856: RuntimeWarning: invalid value encountered in scalar add
  fama[i] = .5 * al * mama[i] + (1 - .5 * al) * fama[i - 1]
/Users/jackcuster/Documents/fx-data/code/l2lib.py:1856: RuntimeWarning: overflow encountered in scalar add
  fama[i] = .5 * al * mama[i] + (1 - .5 * al) * fama[i - 1]
/Users/jackcuster/Documents/fx-data/code/l2lib.py:1884: RuntimeWarning: overflow encountered in scalar multiply
  st = fr if not np.isfinite(st) else index_smooth * fr + (1 - index_smooth) * st
/Users/jackcuster/Documents/fx-data/code/l2lib.py:1881: RuntimeWarning: overflow encountered in scalar multiply
  sm = r if not np.isfinite(sm) else price_smooth * r + (1 - price_smooth) * sm
  [B trend] chunk    37   100 combos  21239.9 s  hit 93.3%  crossed  12  |  3,600/14,815 done, 237.2 engine-h spent, ~739 engine-h left
/Users/jackcuster/Documents/fx-data/code/l2lib.py:1884: RuntimeWarning: overflow encountered in scalar multiply
  st = fr if not np.isfinite(st) else index_smooth * fr + (1 - index_smooth) * st
/Users/jackcuster/Documents/fx-data/code/l2lib.py:1881: RuntimeWarning: overflow encountered in scalar multiply
  sm = r if not np.isfinite(sm) else price_smooth * r + (1 - price_smooth) * sm
/Users/jackcuster/Documents/fx-data/code/l2lib.py:1856: RuntimeWarning: overflow encountered in scalar multiply
  fama[i] = .5 * al * mama[i] + (1 - .5 * al) * fama[i - 1]
/Users/jackcuster/Documents/fx-data/code/l2lib.py:1855: RuntimeWarning: overflow encountered in scalar multiply
  mama[i] = al * src[i] + (1 - al) * mama[i - 1]
/Users/jackcuster/Documents/fx-data/code/l2lib.py:1856: RuntimeWarning: invalid value encountered in scalar add
  fama[i] = .5 * al * mama[i] + (1 - .5 * al) * fama[i - 1]
/Users/jackcuster/Documents/fx-data/code/l2lib.py:1856: RuntimeWarning: overflow encountered in scalar add
  fama[i] = .5 * al * mama[i] + (1 - .5 * al) * fama[i - 1]
  [B trend] chunk    26   100 combos  60388.6 s  hit 92.5%  crossed   7  |  3,700/14,815 done, 254.0 engine-h spent, ~763 engine-h left
/Users/jackcuster/Documents/fx-data/code/l2lib.py:1884: RuntimeWarning: overflow encountered in scalar multiply
  st = fr if not np.isfinite(st) else index_smooth * fr + (1 - index_smooth) * st
/Users/jackcuster/Documents/fx-data/code/l2lib.py:1881: RuntimeWarning: overflow encountered in scalar multiply
  sm = r if not np.isfinite(sm) else price_smooth * r + (1 - price_smooth) * sm
/Users/jackcuster/Documents/fx-data/code/l2lib.py:1856: RuntimeWarning: overflow encountered in scalar multiply
  fama[i] = .5 * al * mama[i] + (1 - .5 * al) * fama[i - 1]
/Users/jackcuster/Documents/fx-data/code/l2lib.py:1855: RuntimeWarning: overflow encountered in scalar multiply
  mama[i] = al * src[i] + (1 - al) * mama[i - 1]
/Users/jackcuster/Documents/fx-data/code/l2lib.py:1856: RuntimeWarning: invalid value encountered in scalar add
  fama[i] = .5 * al * mama[i] + (1 - .5 * al) * fama[i - 1]
/Users/jackcuster/Documents/fx-data/code/l2lib.py:1856: RuntimeWarning: overflow encountered in scalar add
  fama[i] = .5 * al * mama[i] + (1 - .5 * al) * fama[i - 1]
/Users/jackcuster/Documents/fx-data/code/l2lib.py:1856: RuntimeWarning: overflow encountered in scalar multiply
  fama[i] = .5 * al * mama[i] + (1 - .5 * al) * fama[i - 1]
/Users/jackcuster/Documents/fx-data/code/l2lib.py:1855: RuntimeWarning: overflow encountered in scalar multiply
  mama[i] = al * src[i] + (1 - al) * mama[i - 1]
/Users/jackcuster/Documents/fx-data/code/l2lib.py:1856: RuntimeWarning: invalid value encountered in scalar add
  fama[i] = .5 * al * mama[i] + (1 - .5 * al) * fama[i - 1]
/Users/jackcuster/Documents/fx-data/code/l2lib.py:1856: RuntimeWarning: overflow encountered in scalar add
  fama[i] = .5 * al * mama[i] + (1 - .5 * al) * fama[i - 1]
  [B trend] chunk    40   100 combos  17445.2 s  hit 93.4%  crossed  12  |  3,800/14,815 done, 258.8 engine-h spent, ~750 engine-h left
/Users/jackcuster/Documents/fx-data/code/l2lib.py:1884: RuntimeWarning: overflow encountered in scalar multiply
  st = fr if not np.isfinite(st) else index_smooth * fr + (1 - index_smooth) * st
/Users/jackcuster/Documents/fx-data/code/l2lib.py:1881: RuntimeWarning: overflow encountered in scalar multiply
  sm = r if not np.isfinite(sm) else price_smooth * r + (1 - price_smooth) * sm
/Users/jackcuster/Documents/fx-data/code/l2pine.py:164: RuntimeWarning: invalid value encountered in divide
  return (W * w).sum(axis=1) / w.sum()
  [B trend] chunk    41   100 combos  23346.4 s  hit 91.6%  crossed   4  |  3,900/14,815 done, 265.3 engine-h spent, ~742 engine-h left
/Users/jackcuster/Documents/fx-data/code/l2lib.py:1884: RuntimeWarning: overflow encountered in scalar multiply
  st = fr if not np.isfinite(st) else index_smooth * fr + (1 - index_smooth) * st
/Users/jackcuster/Documents/fx-data/code/l2lib.py:1881: RuntimeWarning: overflow encountered in scalar multiply
  sm = r if not np.isfinite(sm) else price_smooth * r + (1 - price_smooth) * sm
  [B trend] chunk    43   100 combos  12907.0 s  hit 93.8%  crossed  11  |  4,000/14,815 done, 268.9 engine-h spent, ~727 engine-h left
  [B trend] chunk    42   100 combos  18315.6 s  hit 93.6%  crossed  10  |  4,100/14,815 done, 274.0 engine-h spent, ~716 engine-h left
/Users/jackcuster/Documents/fx-data/code/l2lib.py:1884: RuntimeWarning: overflow encountered in scalar multiply
  st = fr if not np.isfinite(st) else index_smooth * fr + (1 - index_smooth) * st
/Users/jackcuster/Documents/fx-data/code/l2lib.py:1881: RuntimeWarning: overflow encountered in scalar multiply
  sm = r if not np.isfinite(sm) else price_smooth * r + (1 - price_smooth) * sm
/Users/jackcuster/Documents/fx-data/code/l2lib.py:1856: RuntimeWarning: overflow encountered in scalar multiply
  fama[i] = .5 * al * mama[i] + (1 - .5 * al) * fama[i - 1]
/Users/jackcuster/Documents/fx-data/code/l2lib.py:1855: RuntimeWarning: overflow encountered in scalar multiply
  mama[i] = al * src[i] + (1 - al) * mama[i - 1]
/Users/jackcuster/Documents/fx-data/code/l2lib.py:1856: RuntimeWarning: invalid value encountered in scalar add
  fama[i] = .5 * al * mama[i] + (1 - .5 * al) * fama[i - 1]
/Users/jackcuster/Documents/fx-data/code/l2lib.py:1856: RuntimeWarning: overflow encountered in scalar add
  fama[i] = .5 * al * mama[i] + (1 - .5 * al) * fama[i - 1]
/Users/jackcuster/Documents/fx-data/code/l2lib.py:1856: RuntimeWarning: overflow encountered in scalar multiply
  fama[i] = .5 * al * mama[i] + (1 - .5 * al) * fama[i - 1]
/Users/jackcuster/Documents/fx-data/code/l2lib.py:1855: RuntimeWarning: overflow encountered in scalar multiply
  mama[i] = al * src[i] + (1 - al) * mama[i - 1]
/Users/jackcuster/Documents/fx-data/code/l2lib.py:1856: RuntimeWarning: invalid value encountered in scalar add
  fama[i] = .5 * al * mama[i] + (1 - .5 * al) * fama[i - 1]
/Users/jackcuster/Documents/fx-data/code/l2lib.py:1856: RuntimeWarning: overflow encountered in scalar add
  fama[i] = .5 * al * mama[i] + (1 - .5 * al) * fama[i - 1]
/Users/jackcuster/Documents/fx-data/code/l2lib.py:1884: RuntimeWarning: overflow encountered in scalar multiply
  st = fr if not np.isfinite(st) else index_smooth * fr + (1 - index_smooth) * st
/Users/jackcuster/Documents/fx-data/code/l2lib.py:1881: RuntimeWarning: overflow encountered in scalar multiply
  sm = r if not np.isfinite(sm) else price_smooth * r + (1 - price_smooth) * sm
/Users/jackcuster/Documents/fx-data/code/l2lib.py:1856: RuntimeWarning: overflow encountered in scalar multiply
  fama[i] = .5 * al * mama[i] + (1 - .5 * al) * fama[i - 1]
/Users/jackcuster/Documents/fx-data/code/l2lib.py:1855: RuntimeWarning: overflow encountered in scalar multiply
  mama[i] = al * src[i] + (1 - al) * mama[i - 1]
/Users/jackcuster/Documents/fx-data/code/l2lib.py:1856: RuntimeWarning: invalid value encountered in scalar add
  fama[i] = .5 * al * mama[i] + (1 - .5 * al) * fama[i - 1]
/Users/jackcuster/Documents/fx-data/code/l2lib.py:1856: RuntimeWarning: overflow encountered in scalar add
  fama[i] = .5 * al * mama[i] + (1 - .5 * al) * fama[i - 1]
/Users/jackcuster/Documents/fx-data/code/l2lib.py:1856: RuntimeWarning: overflow encountered in scalar multiply
  fama[i] = .5 * al * mama[i] + (1 - .5 * al) * fama[i - 1]
/Users/jackcuster/Documents/fx-data/code/l2lib.py:1855: RuntimeWarning: overflow encountered in scalar multiply
  mama[i] = al * src[i] + (1 - al) * mama[i - 1]
/Users/jackcuster/Documents/fx-data/code/l2lib.py:1856: RuntimeWarning: invalid value encountered in scalar add
  fama[i] = .5 * al * mama[i] + (1 - .5 * al) * fama[i - 1]
/Users/jackcuster/Documents/fx-data/code/l2lib.py:1856: RuntimeWarning: overflow encountered in scalar add
  fama[i] = .5 * al * mama[i] + (1 - .5 * al) * fama[i - 1]
  [B trend] chunk    35   100 combos  56013.5 s  hit 92.7%  crossed  10  |  4,200/14,815 done, 289.6 engine-h spent, ~732 engine-h left
/Users/jackcuster/Documents/fx-data/code/l2lib.py:1884: RuntimeWarning: overflow encountered in scalar multiply
  st = fr if not np.isfinite(st) else index_smooth * fr + (1 - index_smooth) * st
/Users/jackcuster/Documents/fx-data/code/l2lib.py:1881: RuntimeWarning: overflow encountered in scalar multiply
  sm = r if not np.isfinite(sm) else price_smooth * r + (1 - price_smooth) * sm
  [B trend] chunk    46   100 combos  17239.6 s  hit 92.4%  crossed  10  |  4,300/14,815 done, 294.3 engine-h spent, ~720 engine-h left
/Users/jackcuster/Documents/fx-data/code/l2lib.py:1884: RuntimeWarning: overflow encountered in scalar multiply
  st = fr if not np.isfinite(st) else index_smooth * fr + (1 - index_smooth) * st
/Users/jackcuster/Documents/fx-data/code/l2lib.py:1881: RuntimeWarning: overflow encountered in scalar multiply
  sm = r if not np.isfinite(sm) else price_smooth * r + (1 - price_smooth) * sm
/Users/jackcuster/Documents/fx-data/code/l2lib.py:1856: RuntimeWarning: overflow encountered in scalar multiply
  fama[i] = .5 * al * mama[i] + (1 - .5 * al) * fama[i - 1]
/Users/jackcuster/Documents/fx-data/code/l2lib.py:1855: RuntimeWarning: overflow encountered in scalar multiply
  mama[i] = al * src[i] + (1 - al) * mama[i - 1]
/Users/jackcuster/Documents/fx-data/code/l2lib.py:1856: RuntimeWarning: invalid value encountered in scalar add
  fama[i] = .5 * al * mama[i] + (1 - .5 * al) * fama[i - 1]
/Users/jackcuster/Documents/fx-data/code/l2lib.py:1856: RuntimeWarning: overflow encountered in scalar add
  fama[i] = .5 * al * mama[i] + (1 - .5 * al) * fama[i - 1]
  [B trend] chunk    30   100 combos  73686.1 s  hit 92.6%  crossed  11  |  4,400/14,815 done, 314.8 engine-h spent, ~745 engine-h left
  [B trend] chunk    45   100 combos  26717.3 s  hit 93.2%  crossed  12  |  4,500/14,815 done, 322.2 engine-h spent, ~739 engine-h left
/Users/jackcuster/Documents/fx-data/code/l2lib.py:1884: RuntimeWarning: overflow encountered in scalar multiply
  st = fr if not np.isfinite(st) else index_smooth * fr + (1 - index_smooth) * st
/Users/jackcuster/Documents/fx-data/code/l2lib.py:1881: RuntimeWarning: overflow encountered in scalar multiply
  sm = r if not np.isfinite(sm) else price_smooth * r + (1 - price_smooth) * sm
/Users/jackcuster/Documents/fx-data/code/l2lib.py:1884: RuntimeWarning: overflow encountered in scalar multiply
  st = fr if not np.isfinite(st) else index_smooth * fr + (1 - index_smooth) * st
/Users/jackcuster/Documents/fx-data/code/l2lib.py:1881: RuntimeWarning: overflow encountered in scalar multiply
  sm = r if not np.isfinite(sm) else price_smooth * r + (1 - price_smooth) * sm
  [B trend] chunk    48   100 combos  17591.3 s  hit 93.5%  crossed   8  |  4,600/14,815 done, 327.1 engine-h spent, ~726 engine-h left
/Users/jackcuster/Documents/fx-data/code/l2lib.py:1856: RuntimeWarning: overflow encountered in scalar multiply
  fama[i] = .5 * al * mama[i] + (1 - .5 * al) * fama[i - 1]
/Users/jackcuster/Documents/fx-data/code/l2lib.py:1855: RuntimeWarning: overflow encountered in scalar multiply
  mama[i] = al * src[i] + (1 - al) * mama[i - 1]
/Users/jackcuster/Documents/fx-data/code/l2lib.py:1856: RuntimeWarning: invalid value encountered in scalar add
  fama[i] = .5 * al * mama[i] + (1 - .5 * al) * fama[i - 1]
/Users/jackcuster/Documents/fx-data/code/l2lib.py:1856: RuntimeWarning: overflow encountered in scalar add
  fama[i] = .5 * al * mama[i] + (1 - .5 * al) * fama[i - 1]
/Users/jackcuster/Documents/fx-data/code/l2lib.py:1856: RuntimeWarning: overflow encountered in scalar multiply
  fama[i] = .5 * al * mama[i] + (1 - .5 * al) * fama[i - 1]
/Users/jackcuster/Documents/fx-data/code/l2lib.py:1855: RuntimeWarning: overflow encountered in scalar multiply
  mama[i] = al * src[i] + (1 - al) * mama[i - 1]
/Users/jackcuster/Documents/fx-data/code/l2lib.py:1856: RuntimeWarning: invalid value encountered in scalar add
  fama[i] = .5 * al * mama[i] + (1 - .5 * al) * fama[i - 1]
/Users/jackcuster/Documents/fx-data/code/l2lib.py:1856: RuntimeWarning: overflow encountered in scalar add
  fama[i] = .5 * al * mama[i] + (1 - .5 * al) * fama[i - 1]
/Users/jackcuster/Documents/fx-data/code/l2pine.py:164: RuntimeWarning: invalid value encountered in divide
  return (W * w).sum(axis=1) / w.sum()
/Users/jackcuster/Documents/fx-data/code/l2lib.py:1856: RuntimeWarning: overflow encountered in scalar multiply
  fama[i] = .5 * al * mama[i] + (1 - .5 * al) * fama[i - 1]
/Users/jackcuster/Documents/fx-data/code/l2lib.py:1855: RuntimeWarning: overflow encountered in scalar multiply
  mama[i] = al * src[i] + (1 - al) * mama[i - 1]
/Users/jackcuster/Documents/fx-data/code/l2lib.py:1856: RuntimeWarning: invalid value encountered in scalar add
  fama[i] = .5 * al * mama[i] + (1 - .5 * al) * fama[i - 1]
/Users/jackcuster/Documents/fx-data/code/l2lib.py:1856: RuntimeWarning: overflow encountered in scalar add
  fama[i] = .5 * al * mama[i] + (1 - .5 * al) * fama[i - 1]
  [B trend] chunk    47   100 combos  27043.4 s  hit 93.5%  crossed  11  |  4,700/14,815 done, 334.6 engine-h spent, ~720 engine-h left
/Users/jackcuster/Documents/fx-data/code/l2lib.py:1856: RuntimeWarning: overflow encountered in scalar multiply
  fama[i] = .5 * al * mama[i] + (1 - .5 * al) * fama[i - 1]
/Users/jackcuster/Documents/fx-data/code/l2lib.py:1855: RuntimeWarning: overflow encountered in scalar multiply
  mama[i] = al * src[i] + (1 - al) * mama[i - 1]
/Users/jackcuster/Documents/fx-data/code/l2lib.py:1856: RuntimeWarning: invalid value encountered in scalar add
  fama[i] = .5 * al * mama[i] + (1 - .5 * al) * fama[i - 1]
/Users/jackcuster/Documents/fx-data/code/l2lib.py:1856: RuntimeWarning: overflow encountered in scalar add
  fama[i] = .5 * al * mama[i] + (1 - .5 * al) * fama[i - 1]
/Users/jackcuster/Documents/fx-data/code/l2lib.py:1884: RuntimeWarning: overflow encountered in scalar multiply
  st = fr if not np.isfinite(st) else index_smooth * fr + (1 - index_smooth) * st
/Users/jackcuster/Documents/fx-data/code/l2lib.py:1881: RuntimeWarning: overflow encountered in scalar multiply
  sm = r if not np.isfinite(sm) else price_smooth * r + (1 - price_smooth) * sm
/Users/jackcuster/Documents/fx-data/code/l2lib.py:1856: RuntimeWarning: overflow encountered in scalar multiply
  fama[i] = .5 * al * mama[i] + (1 - .5 * al) * fama[i - 1]
/Users/jackcuster/Documents/fx-data/code/l2lib.py:1855: RuntimeWarning: overflow encountered in scalar multiply
  mama[i] = al * src[i] + (1 - al) * mama[i - 1]
/Users/jackcuster/Documents/fx-data/code/l2lib.py:1856: RuntimeWarning: invalid value encountered in scalar add
  fama[i] = .5 * al * mama[i] + (1 - .5 * al) * fama[i - 1]
/Users/jackcuster/Documents/fx-data/code/l2lib.py:1856: RuntimeWarning: overflow encountered in scalar add
  fama[i] = .5 * al * mama[i] + (1 - .5 * al) * fama[i - 1]
/Users/jackcuster/Documents/fx-data/code/l2lib.py:1884: RuntimeWarning: overflow encountered in scalar multiply
  st = fr if not np.isfinite(st) else index_smooth * fr + (1 - index_smooth) * st
/Users/jackcuster/Documents/fx-data/code/l2lib.py:1881: RuntimeWarning: overflow encountered in scalar multiply
  sm = r if not np.isfinite(sm) else price_smooth * r + (1 - price_smooth) * sm
  [B trend] chunk    52   100 combos  17757.0 s  hit 93.5%  crossed   9  |  4,800/14,815 done, 339.6 engine-h spent, ~708 engine-h left
/Users/jackcuster/Documents/fx-data/code/l2lib.py:1884: RuntimeWarning: overflow encountered in scalar multiply
  st = fr if not np.isfinite(st) else index_smooth * fr + (1 - index_smooth) * st
/Users/jackcuster/Documents/fx-data/code/l2lib.py:1881: RuntimeWarning: overflow encountered in scalar multiply
  sm = r if not np.isfinite(sm) else price_smooth * r + (1 - price_smooth) * sm
  [B trend] chunk    51   100 combos  19339.7 s  hit 91.4%  crossed  13  |  4,900/14,815 done, 344.9 engine-h spent, ~698 engine-h left
/Users/jackcuster/Documents/fx-data/code/l2pine.py:164: RuntimeWarning: invalid value encountered in divide
  return (W * w).sum(axis=1) / w.sum()
/Users/jackcuster/Documents/fx-data/code/l2lib.py:1856: RuntimeWarning: overflow encountered in scalar multiply
  fama[i] = .5 * al * mama[i] + (1 - .5 * al) * fama[i - 1]
/Users/jackcuster/Documents/fx-data/code/l2lib.py:1855: RuntimeWarning: overflow encountered in scalar multiply
  mama[i] = al * src[i] + (1 - al) * mama[i - 1]
/Users/jackcuster/Documents/fx-data/code/l2lib.py:1856: RuntimeWarning: invalid value encountered in scalar add
  fama[i] = .5 * al * mama[i] + (1 - .5 * al) * fama[i - 1]
/Users/jackcuster/Documents/fx-data/code/l2lib.py:1856: RuntimeWarning: overflow encountered in scalar add
  fama[i] = .5 * al * mama[i] + (1 - .5 * al) * fama[i - 1]
/Users/jackcuster/Documents/fx-data/code/l2lib.py:1856: RuntimeWarning: overflow encountered in scalar multiply
  fama[i] = .5 * al * mama[i] + (1 - .5 * al) * fama[i - 1]
/Users/jackcuster/Documents/fx-data/code/l2lib.py:1855: RuntimeWarning: overflow encountered in scalar multiply
  mama[i] = al * src[i] + (1 - al) * mama[i - 1]
/Users/jackcuster/Documents/fx-data/code/l2lib.py:1856: RuntimeWarning: invalid value encountered in scalar add
  fama[i] = .5 * al * mama[i] + (1 - .5 * al) * fama[i - 1]
/Users/jackcuster/Documents/fx-data/code/l2lib.py:1856: RuntimeWarning: overflow encountered in scalar add
  fama[i] = .5 * al * mama[i] + (1 - .5 * al) * fama[i - 1]
/Users/jackcuster/Documents/fx-data/code/l2lib.py:1884: RuntimeWarning: overflow encountered in scalar multiply
  st = fr if not np.isfinite(st) else index_smooth * fr + (1 - index_smooth) * st
/Users/jackcuster/Documents/fx-data/code/l2lib.py:1881: RuntimeWarning: overflow encountered in scalar multiply
  sm = r if not np.isfinite(sm) else price_smooth * r + (1 - price_smooth) * sm
  [B trend] chunk    39   100 combos  73154.7 s  hit 92.5%  crossed  13  |  5,000/14,815 done, 365.2 engine-h spent, ~717 engine-h left
/Users/jackcuster/Documents/fx-data/code/l2lib.py:1884: RuntimeWarning: overflow encountered in scalar multiply
  st = fr if not np.isfinite(st) else index_smooth * fr + (1 - index_smooth) * st
/Users/jackcuster/Documents/fx-data/code/l2lib.py:1881: RuntimeWarning: overflow encountered in scalar multiply
  sm = r if not np.isfinite(sm) else price_smooth * r + (1 - price_smooth) * sm
/Users/jackcuster/Documents/fx-data/code/l2lib.py:1856: RuntimeWarning: overflow encountered in scalar multiply
  fama[i] = .5 * al * mama[i] + (1 - .5 * al) * fama[i - 1]
/Users/jackcuster/Documents/fx-data/code/l2lib.py:1855: RuntimeWarning: overflow encountered in scalar multiply
  mama[i] = al * src[i] + (1 - al) * mama[i - 1]
/Users/jackcuster/Documents/fx-data/code/l2lib.py:1856: RuntimeWarning: invalid value encountered in scalar add
  fama[i] = .5 * al * mama[i] + (1 - .5 * al) * fama[i - 1]
/Users/jackcuster/Documents/fx-data/code/l2lib.py:1856: RuntimeWarning: overflow encountered in scalar add
  fama[i] = .5 * al * mama[i] + (1 - .5 * al) * fama[i - 1]
/Users/jackcuster/Documents/fx-data/code/l2pine.py:164: RuntimeWarning: invalid value encountered in divide
  return (W * w).sum(axis=1) / w.sum()
  [B trend] chunk    50   100 combos  28893.4 s  hit 93.2%  crossed  14  |  5,100/14,815 done, 373.3 engine-h spent, ~711 engine-h left
/Users/jackcuster/Documents/fx-data/code/l2lib.py:1884: RuntimeWarning: overflow encountered in scalar multiply
  st = fr if not np.isfinite(st) else index_smooth * fr + (1 - index_smooth) * st
/Users/jackcuster/Documents/fx-data/code/l2lib.py:1881: RuntimeWarning: overflow encountered in scalar multiply
  sm = r if not np.isfinite(sm) else price_smooth * r + (1 - price_smooth) * sm
/Users/jackcuster/Documents/fx-data/code/l2lib.py:1856: RuntimeWarning: overflow encountered in scalar multiply
  fama[i] = .5 * al * mama[i] + (1 - .5 * al) * fama[i - 1]
/Users/jackcuster/Documents/fx-data/code/l2lib.py:1855: RuntimeWarning: overflow encountered in scalar multiply
  mama[i] = al * src[i] + (1 - al) * mama[i - 1]
/Users/jackcuster/Documents/fx-data/code/l2lib.py:1856: RuntimeWarning: invalid value encountered in scalar add
  fama[i] = .5 * al * mama[i] + (1 - .5 * al) * fama[i - 1]
/Users/jackcuster/Documents/fx-data/code/l2lib.py:1856: RuntimeWarning: overflow encountered in scalar add
  fama[i] = .5 * al * mama[i] + (1 - .5 * al) * fama[i - 1]
  [B trend] chunk    54   100 combos  19836.3 s  hit 93.0%  crossed  12  |  5,200/14,815 done, 378.8 engine-h spent, ~700 engine-h left
/Users/jackcuster/Documents/fx-data/code/l2lib.py:1856: RuntimeWarning: overflow encountered in scalar multiply
  fama[i] = .5 * al * mama[i] + (1 - .5 * al) * fama[i - 1]
/Users/jackcuster/Documents/fx-data/code/l2lib.py:1855: RuntimeWarning: overflow encountered in scalar multiply
  mama[i] = al * src[i] + (1 - al) * mama[i - 1]
/Users/jackcuster/Documents/fx-data/code/l2lib.py:1856: RuntimeWarning: invalid value encountered in scalar add
  fama[i] = .5 * al * mama[i] + (1 - .5 * al) * fama[i - 1]
/Users/jackcuster/Documents/fx-data/code/l2lib.py:1856: RuntimeWarning: overflow encountered in scalar add
  fama[i] = .5 * al * mama[i] + (1 - .5 * al) * fama[i - 1]
/Users/jackcuster/Documents/fx-data/code/l2pine.py:164: RuntimeWarning: invalid value encountered in divide
  return (W * w).sum(axis=1) / w.sum()
  [B trend] chunk    57   100 combos  13925.8 s  hit 93.9%  crossed  13  |  5,300/14,815 done, 382.6 engine-h spent, ~687 engine-h left
/Users/jackcuster/Documents/fx-data/code/l2lib.py:1856: RuntimeWarning: overflow encountered in scalar multiply
  fama[i] = .5 * al * mama[i] + (1 - .5 * al) * fama[i - 1]
/Users/jackcuster/Documents/fx-data/code/l2lib.py:1855: RuntimeWarning: overflow encountered in scalar multiply
  mama[i] = al * src[i] + (1 - al) * mama[i - 1]
/Users/jackcuster/Documents/fx-data/code/l2lib.py:1856: RuntimeWarning: invalid value encountered in scalar add
  fama[i] = .5 * al * mama[i] + (1 - .5 * al) * fama[i - 1]
/Users/jackcuster/Documents/fx-data/code/l2lib.py:1856: RuntimeWarning: overflow encountered in scalar add
  fama[i] = .5 * al * mama[i] + (1 - .5 * al) * fama[i - 1]
/Users/jackcuster/Documents/fx-data/code/l2lib.py:1884: RuntimeWarning: overflow encountered in scalar multiply
  st = fr if not np.isfinite(st) else index_smooth * fr + (1 - index_smooth) * st
/Users/jackcuster/Documents/fx-data/code/l2lib.py:1881: RuntimeWarning: overflow encountered in scalar multiply
  sm = r if not np.isfinite(sm) else price_smooth * r + (1 - price_smooth) * sm
  [B trend] chunk    56   100 combos  20531.6 s  hit 93.6%  crossed  10  |  5,400/14,815 done, 388.4 engine-h spent, ~677 engine-h left
  [B trend] chunk    55   100 combos  22469.8 s  hit 92.3%  crossed  16  |  5,500/14,815 done, 394.6 engine-h spent, ~668 engine-h left
/Users/jackcuster/Documents/fx-data/code/l2lib.py:1884: RuntimeWarning: overflow encountered in scalar multiply
  st = fr if not np.isfinite(st) else index_smooth * fr + (1 - index_smooth) * st
/Users/jackcuster/Documents/fx-data/code/l2lib.py:1881: RuntimeWarning: overflow encountered in scalar multiply
  sm = r if not np.isfinite(sm) else price_smooth * r + (1 - price_smooth) * sm
/Users/jackcuster/Documents/fx-data/code/l2pine.py:164: RuntimeWarning: invalid value encountered in divide
  return (W * w).sum(axis=1) / w.sum()
/Users/jackcuster/Documents/fx-data/code/l2lib.py:1884: RuntimeWarning: overflow encountered in scalar multiply
  st = fr if not np.isfinite(st) else index_smooth * fr + (1 - index_smooth) * st
/Users/jackcuster/Documents/fx-data/code/l2lib.py:1881: RuntimeWarning: overflow encountered in scalar multiply
  sm = r if not np.isfinite(sm) else price_smooth * r + (1 - price_smooth) * sm
/Users/jackcuster/Documents/fx-data/code/l2lib.py:1856: RuntimeWarning: overflow encountered in scalar multiply
  fama[i] = .5 * al * mama[i] + (1 - .5 * al) * fama[i - 1]
/Users/jackcuster/Documents/fx-data/code/l2lib.py:1855: RuntimeWarning: overflow encountered in scalar multiply
  mama[i] = al * src[i] + (1 - al) * mama[i - 1]
/Users/jackcuster/Documents/fx-data/code/l2lib.py:1856: RuntimeWarning: invalid value encountered in scalar add
  fama[i] = .5 * al * mama[i] + (1 - .5 * al) * fama[i - 1]
/Users/jackcuster/Documents/fx-data/code/l2lib.py:1856: RuntimeWarning: overflow encountered in scalar add
  fama[i] = .5 * al * mama[i] + (1 - .5 * al) * fama[i - 1]
/Users/jackcuster/Documents/fx-data/code/l2lib.py:1856: RuntimeWarning: overflow encountered in scalar multiply
  fama[i] = .5 * al * mama[i] + (1 - .5 * al) * fama[i - 1]
/Users/jackcuster/Documents/fx-data/code/l2lib.py:1855: RuntimeWarning: overflow encountered in scalar multiply
  mama[i] = al * src[i] + (1 - al) * mama[i - 1]
/Users/jackcuster/Documents/fx-data/code/l2lib.py:1856: RuntimeWarning: invalid value encountered in scalar add
  fama[i] = .5 * al * mama[i] + (1 - .5 * al) * fama[i - 1]
/Users/jackcuster/Documents/fx-data/code/l2lib.py:1856: RuntimeWarning: overflow encountered in scalar add
  fama[i] = .5 * al * mama[i] + (1 - .5 * al) * fama[i - 1]
/Users/jackcuster/Documents/fx-data/code/l2lib.py:1884: RuntimeWarning: overflow encountered in scalar multiply
  st = fr if not np.isfinite(st) else index_smooth * fr + (1 - index_smooth) * st
/Users/jackcuster/Documents/fx-data/code/l2lib.py:1881: RuntimeWarning: overflow encountered in scalar multiply
  sm = r if not np.isfinite(sm) else price_smooth * r + (1 - price_smooth) * sm
  [B trend] chunk    44   100 combos  74941.1 s  hit 92.7%  crossed   8  |  5,600/14,815 done, 415.4 engine-h spent, ~684 engine-h left
/Users/jackcuster/Documents/fx-data/code/l2lib.py:1856: RuntimeWarning: overflow encountered in scalar multiply
  fama[i] = .5 * al * mama[i] + (1 - .5 * al) * fama[i - 1]
/Users/jackcuster/Documents/fx-data/code/l2lib.py:1855: RuntimeWarning: overflow encountered in scalar multiply
  mama[i] = al * src[i] + (1 - al) * mama[i - 1]
/Users/jackcuster/Documents/fx-data/code/l2lib.py:1856: RuntimeWarning: invalid value encountered in scalar add
  fama[i] = .5 * al * mama[i] + (1 - .5 * al) * fama[i - 1]
/Users/jackcuster/Documents/fx-data/code/l2lib.py:1856: RuntimeWarning: overflow encountered in scalar add
  fama[i] = .5 * al * mama[i] + (1 - .5 * al) * fama[i - 1]
/Users/jackcuster/Documents/fx-data/code/l2pine.py:164: RuntimeWarning: invalid value encountered in divide
  return (W * w).sum(axis=1) / w.sum()
  [B trend] chunk    59   100 combos  22859.0 s  hit 93.4%  crossed   7  |  5,700/14,815 done, 421.8 engine-h spent, ~674 engine-h left
  [B trend] chunk    60   100 combos  16391.2 s  hit 92.0%  crossed  11  |  5,800/14,815 done, 426.3 engine-h spent, ~663 engine-h left
/Users/jackcuster/Documents/fx-data/code/l2lib.py:1884: RuntimeWarning: overflow encountered in scalar multiply
  st = fr if not np.isfinite(st) else index_smooth * fr + (1 - index_smooth) * st
/Users/jackcuster/Documents/fx-data/code/l2lib.py:1881: RuntimeWarning: overflow encountered in scalar multiply
  sm = r if not np.isfinite(sm) else price_smooth * r + (1 - price_smooth) * sm
  [B trend] chunk    62   100 combos  14396.1 s  hit 93.8%  crossed   6  |  5,900/14,815 done, 430.3 engine-h spent, ~650 engine-h left
/Users/jackcuster/Documents/fx-data/code/l2lib.py:1884: RuntimeWarning: overflow encountered in scalar multiply
  st = fr if not np.isfinite(st) else index_smooth * fr + (1 - index_smooth) * st
/Users/jackcuster/Documents/fx-data/code/l2lib.py:1881: RuntimeWarning: overflow encountered in scalar multiply
  sm = r if not np.isfinite(sm) else price_smooth * r + (1 - price_smooth) * sm
/Users/jackcuster/Documents/fx-data/code/l2lib.py:1856: RuntimeWarning: overflow encountered in scalar multiply
  fama[i] = .5 * al * mama[i] + (1 - .5 * al) * fama[i - 1]
/Users/jackcuster/Documents/fx-data/code/l2lib.py:1855: RuntimeWarning: overflow encountered in scalar multiply
  mama[i] = al * src[i] + (1 - al) * mama[i - 1]
/Users/jackcuster/Documents/fx-data/code/l2lib.py:1856: RuntimeWarning: invalid value encountered in scalar add
  fama[i] = .5 * al * mama[i] + (1 - .5 * al) * fama[i - 1]
/Users/jackcuster/Documents/fx-data/code/l2lib.py:1856: RuntimeWarning: overflow encountered in scalar add
  fama[i] = .5 * al * mama[i] + (1 - .5 * al) * fama[i - 1]
/Users/jackcuster/Documents/fx-data/code/l2lib.py:1856: RuntimeWarning: overflow encountered in scalar multiply
  fama[i] = .5 * al * mama[i] + (1 - .5 * al) * fama[i - 1]
/Users/jackcuster/Documents/fx-data/code/l2lib.py:1855: RuntimeWarning: overflow encountered in scalar multiply
  mama[i] = al * src[i] + (1 - al) * mama[i - 1]
/Users/jackcuster/Documents/fx-data/code/l2lib.py:1856: RuntimeWarning: invalid value encountered in scalar add
  fama[i] = .5 * al * mama[i] + (1 - .5 * al) * fama[i - 1]
/Users/jackcuster/Documents/fx-data/code/l2lib.py:1856: RuntimeWarning: overflow encountered in scalar add
  fama[i] = .5 * al * mama[i] + (1 - .5 * al) * fama[i - 1]
  [B trend] chunk    53   100 combos  58572.6 s  hit 92.8%  crossed  11  |  6,000/14,815 done, 446.6 engine-h spent, ~656 engine-h left
/Users/jackcuster/Documents/fx-data/code/l2lib.py:1856: RuntimeWarning: overflow encountered in scalar multiply
  fama[i] = .5 * al * mama[i] + (1 - .5 * al) * fama[i - 1]
/Users/jackcuster/Documents/fx-data/code/l2lib.py:1855: RuntimeWarning: overflow encountered in scalar multiply
  mama[i] = al * src[i] + (1 - al) * mama[i - 1]
/Users/jackcuster/Documents/fx-data/code/l2lib.py:1856: RuntimeWarning: invalid value encountered in scalar add
  fama[i] = .5 * al * mama[i] + (1 - .5 * al) * fama[i - 1]
/Users/jackcuster/Documents/fx-data/code/l2lib.py:1856: RuntimeWarning: overflow encountered in scalar add
  fama[i] = .5 * al * mama[i] + (1 - .5 * al) * fama[i - 1]
/Users/jackcuster/Documents/fx-data/code/l2lib.py:1856: RuntimeWarning: overflow encountered in scalar multiply
  fama[i] = .5 * al * mama[i] + (1 - .5 * al) * fama[i - 1]
/Users/jackcuster/Documents/fx-data/code/l2lib.py:1855: RuntimeWarning: overflow encountered in scalar multiply
  mama[i] = al * src[i] + (1 - al) * mama[i - 1]
/Users/jackcuster/Documents/fx-data/code/l2lib.py:1856: RuntimeWarning: invalid value encountered in scalar add
  fama[i] = .5 * al * mama[i] + (1 - .5 * al) * fama[i - 1]
/Users/jackcuster/Documents/fx-data/code/l2lib.py:1856: RuntimeWarning: overflow encountered in scalar add
  fama[i] = .5 * al * mama[i] + (1 - .5 * al) * fama[i - 1]
  [B trend] chunk    61   100 combos  22281.6 s  hit 93.3%  crossed  10  |  6,100/14,815 done, 452.8 engine-h spent, ~647 engine-h left
/Users/jackcuster/Documents/fx-data/code/l2lib.py:1856: RuntimeWarning: overflow encountered in scalar multiply
  fama[i] = .5 * al * mama[i] + (1 - .5 * al) * fama[i - 1]
/Users/jackcuster/Documents/fx-data/code/l2lib.py:1855: RuntimeWarning: overflow encountered in scalar multiply
  mama[i] = al * src[i] + (1 - al) * mama[i - 1]
/Users/jackcuster/Documents/fx-data/code/l2lib.py:1856: RuntimeWarning: invalid value encountered in scalar add
  fama[i] = .5 * al * mama[i] + (1 - .5 * al) * fama[i - 1]
/Users/jackcuster/Documents/fx-data/code/l2lib.py:1856: RuntimeWarning: overflow encountered in scalar add
  fama[i] = .5 * al * mama[i] + (1 - .5 * al) * fama[i - 1]
/Users/jackcuster/Documents/fx-data/code/l2lib.py:1856: RuntimeWarning: overflow encountered in scalar multiply
  fama[i] = .5 * al * mama[i] + (1 - .5 * al) * fama[i - 1]
/Users/jackcuster/Documents/fx-data/code/l2lib.py:1855: RuntimeWarning: overflow encountered in scalar multiply
  mama[i] = al * src[i] + (1 - al) * mama[i - 1]
/Users/jackcuster/Documents/fx-data/code/l2lib.py:1856: RuntimeWarning: invalid value encountered in scalar add
  fama[i] = .5 * al * mama[i] + (1 - .5 * al) * fama[i - 1]
/Users/jackcuster/Documents/fx-data/code/l2lib.py:1856: RuntimeWarning: overflow encountered in scalar add
  fama[i] = .5 * al * mama[i] + (1 - .5 * al) * fama[i - 1]
/Users/jackcuster/Documents/fx-data/code/l2lib.py:1884: RuntimeWarning: overflow encountered in scalar multiply
  st = fr if not np.isfinite(st) else index_smooth * fr + (1 - index_smooth) * st
/Users/jackcuster/Documents/fx-data/code/l2lib.py:1881: RuntimeWarning: overflow encountered in scalar multiply
  sm = r if not np.isfinite(sm) else price_smooth * r + (1 - price_smooth) * sm
/Users/jackcuster/Documents/fx-data/code/l2lib.py:1884: RuntimeWarning: overflow encountered in scalar multiply
  st = fr if not np.isfinite(st) else index_smooth * fr + (1 - index_smooth) * st
/Users/jackcuster/Documents/fx-data/code/l2lib.py:1881: RuntimeWarning: overflow encountered in scalar multiply
  sm = r if not np.isfinite(sm) else price_smooth * r + (1 - price_smooth) * sm
/Users/jackcuster/Documents/fx-data/code/l2pine.py:164: RuntimeWarning: invalid value encountered in divide
  return (W * w).sum(axis=1) / w.sum()
/Users/jackcuster/Documents/fx-data/code/l2lib.py:1884: RuntimeWarning: overflow encountered in scalar multiply
  st = fr if not np.isfinite(st) else index_smooth * fr + (1 - index_smooth) * st
/Users/jackcuster/Documents/fx-data/code/l2lib.py:1881: RuntimeWarning: overflow encountered in scalar multiply
  sm = r if not np.isfinite(sm) else price_smooth * r + (1 - price_smooth) * sm
  [B trend] chunk    64   100 combos  18183.4 s  hit 92.2%  crossed   5  |  6,200/14,815 done, 457.8 engine-h spent, ~636 engine-h left
  [B trend] chunk    66   100 combos  19068.1 s  hit 93.4%  crossed  16  |  6,300/14,815 done, 463.1 engine-h spent, ~626 engine-h left
/Users/jackcuster/Documents/fx-data/code/l2lib.py:1884: RuntimeWarning: overflow encountered in scalar multiply
  st = fr if not np.isfinite(st) else index_smooth * fr + (1 - index_smooth) * st
/Users/jackcuster/Documents/fx-data/code/l2lib.py:1881: RuntimeWarning: overflow encountered in scalar multiply
  sm = r if not np.isfinite(sm) else price_smooth * r + (1 - price_smooth) * sm
/Users/jackcuster/Documents/fx-data/code/l2lib.py:1856: RuntimeWarning: overflow encountered in scalar multiply
  fama[i] = .5 * al * mama[i] + (1 - .5 * al) * fama[i - 1]
/Users/jackcuster/Documents/fx-data/code/l2lib.py:1855: RuntimeWarning: overflow encountered in scalar multiply
  mama[i] = al * src[i] + (1 - al) * mama[i - 1]
/Users/jackcuster/Documents/fx-data/code/l2lib.py:1856: RuntimeWarning: invalid value encountered in scalar add
  fama[i] = .5 * al * mama[i] + (1 - .5 * al) * fama[i - 1]
/Users/jackcuster/Documents/fx-data/code/l2lib.py:1856: RuntimeWarning: overflow encountered in scalar add
  fama[i] = .5 * al * mama[i] + (1 - .5 * al) * fama[i - 1]
/Users/jackcuster/Documents/fx-data/code/l2lib.py:1884: RuntimeWarning: overflow encountered in scalar multiply
  st = fr if not np.isfinite(st) else index_smooth * fr + (1 - index_smooth) * st
/Users/jackcuster/Documents/fx-data/code/l2lib.py:1881: RuntimeWarning: overflow encountered in scalar multiply
  sm = r if not np.isfinite(sm) else price_smooth * r + (1 - price_smooth) * sm
  [B trend] chunk    58   100 combos  49908.0 s  hit 92.6%  crossed   8  |  6,400/14,815 done, 477.0 engine-h spent, ~627 engine-h left
  [B trend] chunk    68   100 combos  15539.2 s  hit 93.2%  crossed  16  |  6,500/14,815 done, 481.3 engine-h spent, ~616 engine-h left
  [B trend] chunk    65   100 combos  24596.4 s  hit 93.1%  crossed   9  |  6,600/14,815 done, 488.1 engine-h spent, ~608 engine-h left
/Users/jackcuster/Documents/fx-data/code/l2lib.py:1856: RuntimeWarning: overflow encountered in scalar multiply
  fama[i] = .5 * al * mama[i] + (1 - .5 * al) * fama[i - 1]
/Users/jackcuster/Documents/fx-data/code/l2lib.py:1855: RuntimeWarning: overflow encountered in scalar multiply
  mama[i] = al * src[i] + (1 - al) * mama[i - 1]
/Users/jackcuster/Documents/fx-data/code/l2lib.py:1856: RuntimeWarning: invalid value encountered in scalar add
  fama[i] = .5 * al * mama[i] + (1 - .5 * al) * fama[i - 1]
/Users/jackcuster/Documents/fx-data/code/l2lib.py:1856: RuntimeWarning: overflow encountered in scalar add
  fama[i] = .5 * al * mama[i] + (1 - .5 * al) * fama[i - 1]
/Users/jackcuster/Documents/fx-data/code/l2lib.py:1884: RuntimeWarning: overflow encountered in scalar multiply
  st = fr if not np.isfinite(st) else index_smooth * fr + (1 - index_smooth) * st
/Users/jackcuster/Documents/fx-data/code/l2lib.py:1881: RuntimeWarning: overflow encountered in scalar multiply
  sm = r if not np.isfinite(sm) else price_smooth * r + (1 - price_smooth) * sm
/Users/jackcuster/Documents/fx-data/code/l2lib.py:1856: RuntimeWarning: overflow encountered in scalar multiply
  fama[i] = .5 * al * mama[i] + (1 - .5 * al) * fama[i - 1]
/Users/jackcuster/Documents/fx-data/code/l2lib.py:1855: RuntimeWarning: overflow encountered in scalar multiply
  mama[i] = al * src[i] + (1 - al) * mama[i - 1]
/Users/jackcuster/Documents/fx-data/code/l2lib.py:1856: RuntimeWarning: invalid value encountered in scalar add
  fama[i] = .5 * al * mama[i] + (1 - .5 * al) * fama[i - 1]
/Users/jackcuster/Documents/fx-data/code/l2lib.py:1856: RuntimeWarning: overflow encountered in scalar add
  fama[i] = .5 * al * mama[i] + (1 - .5 * al) * fama[i - 1]
/Users/jackcuster/Documents/fx-data/code/l2lib.py:1884: RuntimeWarning: overflow encountered in scalar multiply
  st = fr if not np.isfinite(st) else index_smooth * fr + (1 - index_smooth) * st
/Users/jackcuster/Documents/fx-data/code/l2lib.py:1881: RuntimeWarning: overflow encountered in scalar multiply
  sm = r if not np.isfinite(sm) else price_smooth * r + (1 - price_smooth) * sm
/Users/jackcuster/Documents/fx-data/code/l2lib.py:1856: RuntimeWarning: overflow encountered in scalar multiply
  fama[i] = .5 * al * mama[i] + (1 - .5 * al) * fama[i - 1]
/Users/jackcuster/Documents/fx-data/code/l2lib.py:1855: RuntimeWarning: overflow encountered in scalar multiply
  mama[i] = al * src[i] + (1 - al) * mama[i - 1]
/Users/jackcuster/Documents/fx-data/code/l2lib.py:1856: RuntimeWarning: invalid value encountered in scalar add
  fama[i] = .5 * al * mama[i] + (1 - .5 * al) * fama[i - 1]
/Users/jackcuster/Documents/fx-data/code/l2lib.py:1856: RuntimeWarning: overflow encountered in scalar add
  fama[i] = .5 * al * mama[i] + (1 - .5 * al) * fama[i - 1]
/Users/jackcuster/Documents/fx-data/code/l2lib.py:1884: RuntimeWarning: overflow encountered in scalar multiply
  st = fr if not np.isfinite(st) else index_smooth * fr + (1 - index_smooth) * st
/Users/jackcuster/Documents/fx-data/code/l2lib.py:1881: RuntimeWarning: overflow encountered in scalar multiply
  sm = r if not np.isfinite(sm) else price_smooth * r + (1 - price_smooth) * sm
/Users/jackcuster/Documents/fx-data/code/l2lib.py:1856: RuntimeWarning: overflow encountered in scalar multiply
  fama[i] = .5 * al * mama[i] + (1 - .5 * al) * fama[i - 1]
/Users/jackcuster/Documents/fx-data/code/l2lib.py:1855: RuntimeWarning: overflow encountered in scalar multiply
  mama[i] = al * src[i] + (1 - al) * mama[i - 1]
/Users/jackcuster/Documents/fx-data/code/l2lib.py:1856: RuntimeWarning: invalid value encountered in scalar add
  fama[i] = .5 * al * mama[i] + (1 - .5 * al) * fama[i - 1]
/Users/jackcuster/Documents/fx-data/code/l2lib.py:1856: RuntimeWarning: overflow encountered in scalar add
  fama[i] = .5 * al * mama[i] + (1 - .5 * al) * fama[i - 1]
  [B trend] chunk    49   100 combos  93420.3 s  hit 92.1%  crossed  12  |  6,700/14,815 done, 514.1 engine-h spent, ~623 engine-h left
/Users/jackcuster/Documents/fx-data/code/l2lib.py:1884: RuntimeWarning: overflow encountered in scalar multiply
  st = fr if not np.isfinite(st) else index_smooth * fr + (1 - index_smooth) * st
/Users/jackcuster/Documents/fx-data/code/l2lib.py:1881: RuntimeWarning: overflow encountered in scalar multiply
  sm = r if not np.isfinite(sm) else price_smooth * r + (1 - price_smooth) * sm
  [B trend] chunk    70   100 combos  19871.0 s  hit 93.2%  crossed  12  |  6,800/14,815 done, 519.6 engine-h spent, ~612 engine-h left
/Users/jackcuster/Documents/fx-data/code/l2lib.py:1884: RuntimeWarning: overflow encountered in scalar multiply
  st = fr if not np.isfinite(st) else index_smooth * fr + (1 - index_smooth) * st
/Users/jackcuster/Documents/fx-data/code/l2lib.py:1881: RuntimeWarning: overflow encountered in scalar multiply
  sm = r if not np.isfinite(sm) else price_smooth * r + (1 - price_smooth) * sm
/Users/jackcuster/Documents/fx-data/code/l2lib.py:1884: RuntimeWarning: overflow encountered in scalar multiply
  st = fr if not np.isfinite(st) else index_smooth * fr + (1 - index_smooth) * st
/Users/jackcuster/Documents/fx-data/code/l2lib.py:1881: RuntimeWarning: overflow encountered in scalar multiply
  sm = r if not np.isfinite(sm) else price_smooth * r + (1 - price_smooth) * sm
/Users/jackcuster/Documents/fx-data/code/l2pine.py:164: RuntimeWarning: invalid value encountered in divide
  return (W * w).sum(axis=1) / w.sum()
/Users/jackcuster/Documents/fx-data/code/l2lib.py:1856: RuntimeWarning: overflow encountered in scalar multiply
  fama[i] = .5 * al * mama[i] + (1 - .5 * al) * fama[i - 1]
/Users/jackcuster/Documents/fx-data/code/l2lib.py:1855: RuntimeWarning: overflow encountered in scalar multiply
  mama[i] = al * src[i] + (1 - al) * mama[i - 1]
/Users/jackcuster/Documents/fx-data/code/l2lib.py:1856: RuntimeWarning: invalid value encountered in scalar add
  fama[i] = .5 * al * mama[i] + (1 - .5 * al) * fama[i - 1]
/Users/jackcuster/Documents/fx-data/code/l2lib.py:1856: RuntimeWarning: overflow encountered in scalar add
  fama[i] = .5 * al * mama[i] + (1 - .5 * al) * fama[i - 1]
  [B trend] chunk    73   100 combos  18478.0 s  hit 92.4%  crossed  12  |  6,900/14,815 done, 524.7 engine-h spent, ~602 engine-h left
  [B trend] chunk    69   100 combos  27164.8 s  hit 91.5%  crossed   7  |  7,000/14,815 done, 532.3 engine-h spent, ~594 engine-h left
  [B trend] chunk    63   100 combos  54014.0 s  hit 92.7%  crossed  11  |  7,100/14,815 done, 547.3 engine-h spent, ~595 engine-h left
  [B trend] chunk    72   100 combos  24120.3 s  hit 93.1%  crossed  15  |  7,200/14,815 done, 554.0 engine-h spent, ~586 engine-h left
/Users/jackcuster/Documents/fx-data/code/l2lib.py:1884: RuntimeWarning: overflow encountered in scalar multiply
  st = fr if not np.isfinite(st) else index_smooth * fr + (1 - index_smooth) * st
/Users/jackcuster/Documents/fx-data/code/l2lib.py:1881: RuntimeWarning: overflow encountered in scalar multiply
  sm = r if not np.isfinite(sm) else price_smooth * r + (1 - price_smooth) * sm
/Users/jackcuster/Documents/fx-data/code/l2lib.py:1856: RuntimeWarning: overflow encountered in scalar multiply
  fama[i] = .5 * al * mama[i] + (1 - .5 * al) * fama[i - 1]
/Users/jackcuster/Documents/fx-data/code/l2lib.py:1855: RuntimeWarning: overflow encountered in scalar multiply
  mama[i] = al * src[i] + (1 - al) * mama[i - 1]
/Users/jackcuster/Documents/fx-data/code/l2lib.py:1856: RuntimeWarning: invalid value encountered in scalar add
  fama[i] = .5 * al * mama[i] + (1 - .5 * al) * fama[i - 1]
/Users/jackcuster/Documents/fx-data/code/l2lib.py:1856: RuntimeWarning: overflow encountered in scalar add
  fama[i] = .5 * al * mama[i] + (1 - .5 * al) * fama[i - 1]
  [B trend] chunk    71   100 combos  29027.4 s  hit 93.3%  crossed   7  |  7,300/14,815 done, 562.0 engine-h spent, ~579 engine-h left
/Users/jackcuster/Documents/fx-data/code/l2lib.py:1884: RuntimeWarning: overflow encountered in scalar multiply
  st = fr if not np.isfinite(st) else index_smooth * fr + (1 - index_smooth) * st
/Users/jackcuster/Documents/fx-data/code/l2lib.py:1881: RuntimeWarning: overflow encountered in scalar multiply
  sm = r if not np.isfinite(sm) else price_smooth * r + (1 - price_smooth) * sm
/Users/jackcuster/Documents/fx-data/code/l2lib.py:1856: RuntimeWarning: overflow encountered in scalar multiply
  fama[i] = .5 * al * mama[i] + (1 - .5 * al) * fama[i - 1]
/Users/jackcuster/Documents/fx-data/code/l2lib.py:1855: RuntimeWarning: overflow encountered in scalar multiply
  mama[i] = al * src[i] + (1 - al) * mama[i - 1]
/Users/jackcuster/Documents/fx-data/code/l2lib.py:1856: RuntimeWarning: invalid value encountered in scalar add
  fama[i] = .5 * al * mama[i] + (1 - .5 * al) * fama[i - 1]
/Users/jackcuster/Documents/fx-data/code/l2lib.py:1856: RuntimeWarning: overflow encountered in scalar add
  fama[i] = .5 * al * mama[i] + (1 - .5 * al) * fama[i - 1]
/Users/jackcuster/Documents/fx-data/code/l2pine.py:164: RuntimeWarning: invalid value encountered in divide
  return (W * w).sum(axis=1) / w.sum()
/Users/jackcuster/Documents/fx-data/code/l2lib.py:1856: RuntimeWarning: overflow encountered in scalar multiply
  fama[i] = .5 * al * mama[i] + (1 - .5 * al) * fama[i - 1]
/Users/jackcuster/Documents/fx-data/code/l2lib.py:1855: RuntimeWarning: overflow encountered in scalar multiply
  mama[i] = al * src[i] + (1 - al) * mama[i - 1]
/Users/jackcuster/Documents/fx-data/code/l2lib.py:1856: RuntimeWarning: invalid value encountered in scalar add
  fama[i] = .5 * al * mama[i] + (1 - .5 * al) * fama[i - 1]
/Users/jackcuster/Documents/fx-data/code/l2lib.py:1856: RuntimeWarning: overflow encountered in scalar add
  fama[i] = .5 * al * mama[i] + (1 - .5 * al) * fama[i - 1]
  [B trend] chunk    74   100 combos  20608.5 s  hit 93.4%  crossed  14  |  7,400/14,815 done, 567.8 engine-h spent, ~569 engine-h left
/Users/jackcuster/Documents/fx-data/code/l2pine.py:164: RuntimeWarning: invalid value encountered in divide
  return (W * w).sum(axis=1) / w.sum()
  [B trend] chunk    75   100 combos  16562.9 s  hit 93.9%  crossed  11  |  7,500/14,815 done, 572.4 engine-h spent, ~558 engine-h left
/Users/jackcuster/Documents/fx-data/code/l2pine.py:164: RuntimeWarning: invalid value encountered in divide
  return (W * w).sum(axis=1) / w.sum()
/Users/jackcuster/Documents/fx-data/code/l2lib.py:1856: RuntimeWarning: overflow encountered in scalar multiply
  fama[i] = .5 * al * mama[i] + (1 - .5 * al) * fama[i - 1]
/Users/jackcuster/Documents/fx-data/code/l2lib.py:1855: RuntimeWarning: overflow encountered in scalar multiply
  mama[i] = al * src[i] + (1 - al) * mama[i - 1]
/Users/jackcuster/Documents/fx-data/code/l2lib.py:1856: RuntimeWarning: invalid value encountered in scalar add
  fama[i] = .5 * al * mama[i] + (1 - .5 * al) * fama[i - 1]
/Users/jackcuster/Documents/fx-data/code/l2lib.py:1856: RuntimeWarning: overflow encountered in scalar add
  fama[i] = .5 * al * mama[i] + (1 - .5 * al) * fama[i - 1]
/Users/jackcuster/Documents/fx-data/code/l2lib.py:1884: RuntimeWarning: overflow encountered in scalar multiply
  st = fr if not np.isfinite(st) else index_smooth * fr + (1 - index_smooth) * st
/Users/jackcuster/Documents/fx-data/code/l2lib.py:1881: RuntimeWarning: overflow encountered in scalar multiply
  sm = r if not np.isfinite(sm) else price_smooth * r + (1 - price_smooth) * sm
/Users/jackcuster/Documents/fx-data/code/l2lib.py:1856: RuntimeWarning: overflow encountered in scalar multiply
  fama[i] = .5 * al * mama[i] + (1 - .5 * al) * fama[i - 1]
/Users/jackcuster/Documents/fx-data/code/l2lib.py:1855: RuntimeWarning: overflow encountered in scalar multiply
  mama[i] = al * src[i] + (1 - al) * mama[i - 1]
/Users/jackcuster/Documents/fx-data/code/l2lib.py:1856: RuntimeWarning: invalid value encountered in scalar add
  fama[i] = .5 * al * mama[i] + (1 - .5 * al) * fama[i - 1]
/Users/jackcuster/Documents/fx-data/code/l2lib.py:1856: RuntimeWarning: overflow encountered in scalar add
  fama[i] = .5 * al * mama[i] + (1 - .5 * al) * fama[i - 1]
/Users/jackcuster/Documents/fx-data/code/l2lib.py:1884: RuntimeWarning: overflow encountered in scalar multiply
  st = fr if not np.isfinite(st) else index_smooth * fr + (1 - index_smooth) * st
/Users/jackcuster/Documents/fx-data/code/l2lib.py:1881: RuntimeWarning: overflow encountered in scalar multiply
  sm = r if not np.isfinite(sm) else price_smooth * r + (1 - price_smooth) * sm
/Users/jackcuster/Documents/fx-data/code/l2pine.py:164: RuntimeWarning: invalid value encountered in divide
  return (W * w).sum(axis=1) / w.sum()
/Users/jackcuster/Documents/fx-data/code/l2lib.py:1884: RuntimeWarning: overflow encountered in scalar multiply
  st = fr if not np.isfinite(st) else index_smooth * fr + (1 - index_smooth) * st
/Users/jackcuster/Documents/fx-data/code/l2lib.py:1881: RuntimeWarning: overflow encountered in scalar multiply
  sm = r if not np.isfinite(sm) else price_smooth * r + (1 - price_smooth) * sm
/Users/jackcuster/Documents/fx-data/code/l2lib.py:1856: RuntimeWarning: overflow encountered in scalar multiply
  fama[i] = .5 * al * mama[i] + (1 - .5 * al) * fama[i - 1]
/Users/jackcuster/Documents/fx-data/code/l2lib.py:1855: RuntimeWarning: overflow encountered in scalar multiply
  mama[i] = al * src[i] + (1 - al) * mama[i - 1]
/Users/jackcuster/Documents/fx-data/code/l2lib.py:1856: RuntimeWarning: invalid value encountered in scalar add
  fama[i] = .5 * al * mama[i] + (1 - .5 * al) * fama[i - 1]
/Users/jackcuster/Documents/fx-data/code/l2lib.py:1856: RuntimeWarning: overflow encountered in scalar add
  fama[i] = .5 * al * mama[i] + (1 - .5 * al) * fama[i - 1]
  [B trend] chunk    80   100 combos  11606.0 s  hit 94.0%  crossed  11  |  7,600/14,815 done, 575.6 engine-h spent, ~546 engine-h left
/Users/jackcuster/Documents/fx-data/code/l2lib.py:1884: RuntimeWarning: overflow encountered in scalar multiply
  st = fr if not np.isfinite(st) else index_smooth * fr + (1 - index_smooth) * st
/Users/jackcuster/Documents/fx-data/code/l2lib.py:1881: RuntimeWarning: overflow encountered in scalar multiply
  sm = r if not np.isfinite(sm) else price_smooth * r + (1 - price_smooth) * sm
/Users/jackcuster/Documents/fx-data/code/l2pine.py:164: RuntimeWarning: invalid value encountered in divide
  return (W * w).sum(axis=1) / w.sum()
/Users/jackcuster/Documents/fx-data/code/l2lib.py:1856: RuntimeWarning: overflow encountered in scalar multiply
  fama[i] = .5 * al * mama[i] + (1 - .5 * al) * fama[i - 1]
/Users/jackcuster/Documents/fx-data/code/l2lib.py:1855: RuntimeWarning: overflow encountered in scalar multiply
  mama[i] = al * src[i] + (1 - al) * mama[i - 1]
/Users/jackcuster/Documents/fx-data/code/l2lib.py:1856: RuntimeWarning: invalid value encountered in scalar add
  fama[i] = .5 * al * mama[i] + (1 - .5 * al) * fama[i - 1]
/Users/jackcuster/Documents/fx-data/code/l2lib.py:1856: RuntimeWarning: overflow encountered in scalar add
  fama[i] = .5 * al * mama[i] + (1 - .5 * al) * fama[i - 1]
/Users/jackcuster/Documents/fx-data/code/l2lib.py:1884: RuntimeWarning: overflow encountered in scalar multiply
  st = fr if not np.isfinite(st) else index_smooth * fr + (1 - index_smooth) * st
/Users/jackcuster/Documents/fx-data/code/l2lib.py:1881: RuntimeWarning: overflow encountered in scalar multiply
  sm = r if not np.isfinite(sm) else price_smooth * r + (1 - price_smooth) * sm
  [B trend] chunk    79   100 combos  18024.3 s  hit 93.5%  crossed   4  |  7,700/14,815 done, 580.6 engine-h spent, ~536 engine-h left
/Users/jackcuster/Documents/fx-data/code/l2lib.py:1884: RuntimeWarning: overflow encountered in scalar multiply
  st = fr if not np.isfinite(st) else index_smooth * fr + (1 - index_smooth) * st
/Users/jackcuster/Documents/fx-data/code/l2lib.py:1881: RuntimeWarning: overflow encountered in scalar multiply
  sm = r if not np.isfinite(sm) else price_smooth * r + (1 - price_smooth) * sm
  [B trend] chunk    77   100 combos  24343.0 s  hit 93.4%  crossed  12  |  7,800/14,815 done, 587.4 engine-h spent, ~528 engine-h left
  [B trend] chunk    78   100 combos  23390.5 s  hit 91.9%  crossed  16  |  7,900/14,815 done, 593.9 engine-h spent, ~520 engine-h left
/Users/jackcuster/Documents/fx-data/code/l2lib.py:1884: RuntimeWarning: overflow encountered in scalar multiply
  st = fr if not np.isfinite(st) else index_smooth * fr + (1 - index_smooth) * st
/Users/jackcuster/Documents/fx-data/code/l2lib.py:1881: RuntimeWarning: overflow encountered in scalar multiply
  sm = r if not np.isfinite(sm) else price_smooth * r + (1 - price_smooth) * sm
/Users/jackcuster/Documents/fx-data/code/l2lib.py:1856: RuntimeWarning: overflow encountered in scalar multiply
  fama[i] = .5 * al * mama[i] + (1 - .5 * al) * fama[i - 1]
/Users/jackcuster/Documents/fx-data/code/l2lib.py:1855: RuntimeWarning: overflow encountered in scalar multiply
  mama[i] = al * src[i] + (1 - al) * mama[i - 1]
/Users/jackcuster/Documents/fx-data/code/l2lib.py:1856: RuntimeWarning: invalid value encountered in scalar add
  fama[i] = .5 * al * mama[i] + (1 - .5 * al) * fama[i - 1]
/Users/jackcuster/Documents/fx-data/code/l2lib.py:1856: RuntimeWarning: overflow encountered in scalar add
  fama[i] = .5 * al * mama[i] + (1 - .5 * al) * fama[i - 1]
/Users/jackcuster/Documents/fx-data/code/l2lib.py:1884: RuntimeWarning: overflow encountered in scalar multiply
  st = fr if not np.isfinite(st) else index_smooth * fr + (1 - index_smooth) * st
/Users/jackcuster/Documents/fx-data/code/l2lib.py:1881: RuntimeWarning: overflow encountered in scalar multiply
  sm = r if not np.isfinite(sm) else price_smooth * r + (1 - price_smooth) * sm
  [B trend] chunk    82   100 combos  20248.2 s  hit 93.4%  crossed  13  |  8,000/14,815 done, 599.5 engine-h spent, ~511 engine-h left
/Users/jackcuster/Documents/fx-data/code/l2lib.py:1856: RuntimeWarning: overflow encountered in scalar multiply
  fama[i] = .5 * al * mama[i] + (1 - .5 * al) * fama[i - 1]
/Users/jackcuster/Documents/fx-data/code/l2lib.py:1855: RuntimeWarning: overflow encountered in scalar multiply
  mama[i] = al * src[i] + (1 - al) * mama[i - 1]
/Users/jackcuster/Documents/fx-data/code/l2lib.py:1856: RuntimeWarning: invalid value encountered in scalar add
  fama[i] = .5 * al * mama[i] + (1 - .5 * al) * fama[i - 1]
/Users/jackcuster/Documents/fx-data/code/l2lib.py:1856: RuntimeWarning: overflow encountered in scalar add
  fama[i] = .5 * al * mama[i] + (1 - .5 * al) * fama[i - 1]
/Users/jackcuster/Documents/fx-data/code/l2lib.py:1856: RuntimeWarning: overflow encountered in scalar multiply
  fama[i] = .5 * al * mama[i] + (1 - .5 * al) * fama[i - 1]
/Users/jackcuster/Documents/fx-data/code/l2lib.py:1855: RuntimeWarning: overflow encountered in scalar multiply
  mama[i] = al * src[i] + (1 - al) * mama[i - 1]
/Users/jackcuster/Documents/fx-data/code/l2lib.py:1856: RuntimeWarning: invalid value encountered in scalar add
  fama[i] = .5 * al * mama[i] + (1 - .5 * al) * fama[i - 1]
/Users/jackcuster/Documents/fx-data/code/l2lib.py:1856: RuntimeWarning: overflow encountered in scalar add
  fama[i] = .5 * al * mama[i] + (1 - .5 * al) * fama[i - 1]
/Users/jackcuster/Documents/fx-data/code/l2lib.py:1856: RuntimeWarning: overflow encountered in scalar multiply
  fama[i] = .5 * al * mama[i] + (1 - .5 * al) * fama[i - 1]
/Users/jackcuster/Documents/fx-data/code/l2lib.py:1855: RuntimeWarning: overflow encountered in scalar multiply
  mama[i] = al * src[i] + (1 - al) * mama[i - 1]
/Users/jackcuster/Documents/fx-data/code/l2lib.py:1856: RuntimeWarning: invalid value encountered in scalar add
  fama[i] = .5 * al * mama[i] + (1 - .5 * al) * fama[i - 1]
/Users/jackcuster/Documents/fx-data/code/l2lib.py:1856: RuntimeWarning: overflow encountered in scalar add
  fama[i] = .5 * al * mama[i] + (1 - .5 * al) * fama[i - 1]
/Users/jackcuster/Documents/fx-data/code/l2lib.py:1884: RuntimeWarning: overflow encountered in scalar multiply
  st = fr if not np.isfinite(st) else index_smooth * fr + (1 - index_smooth) * st
/Users/jackcuster/Documents/fx-data/code/l2lib.py:1881: RuntimeWarning: overflow encountered in scalar multiply
  sm = r if not np.isfinite(sm) else price_smooth * r + (1 - price_smooth) * sm
/Users/jackcuster/Documents/fx-data/code/l2lib.py:1856: RuntimeWarning: overflow encountered in scalar multiply
  fama[i] = .5 * al * mama[i] + (1 - .5 * al) * fama[i - 1]
/Users/jackcuster/Documents/fx-data/code/l2lib.py:1855: RuntimeWarning: overflow encountered in scalar multiply
  mama[i] = al * src[i] + (1 - al) * mama[i - 1]
/Users/jackcuster/Documents/fx-data/code/l2lib.py:1856: RuntimeWarning: invalid value encountered in scalar add
  fama[i] = .5 * al * mama[i] + (1 - .5 * al) * fama[i - 1]
/Users/jackcuster/Documents/fx-data/code/l2lib.py:1856: RuntimeWarning: overflow encountered in scalar add
  fama[i] = .5 * al * mama[i] + (1 - .5 * al) * fama[i - 1]
  [B trend] chunk    83   100 combos  23849.4 s  hit 92.5%  crossed   7  |  8,100/14,815 done, 606.1 engine-h spent, ~502 engine-h left
  [B trend] chunk    84   100 combos  22708.5 s  hit 93.4%  crossed  10  |  8,200/14,815 done, 612.4 engine-h spent, ~494 engine-h left
/Users/jackcuster/Documents/fx-data/code/l2lib.py:1884: RuntimeWarning: overflow encountered in scalar multiply
  st = fr if not np.isfinite(st) else index_smooth * fr + (1 - index_smooth) * st
/Users/jackcuster/Documents/fx-data/code/l2lib.py:1881: RuntimeWarning: overflow encountered in scalar multiply
  sm = r if not np.isfinite(sm) else price_smooth * r + (1 - price_smooth) * sm
/Users/jackcuster/Documents/fx-data/code/l2lib.py:1856: RuntimeWarning: overflow encountered in scalar multiply
  fama[i] = .5 * al * mama[i] + (1 - .5 * al) * fama[i - 1]
/Users/jackcuster/Documents/fx-data/code/l2lib.py:1855: RuntimeWarning: overflow encountered in scalar multiply
  mama[i] = al * src[i] + (1 - al) * mama[i - 1]
/Users/jackcuster/Documents/fx-data/code/l2lib.py:1856: RuntimeWarning: invalid value encountered in scalar add
  fama[i] = .5 * al * mama[i] + (1 - .5 * al) * fama[i - 1]
/Users/jackcuster/Documents/fx-data/code/l2lib.py:1856: RuntimeWarning: overflow encountered in scalar add
  fama[i] = .5 * al * mama[i] + (1 - .5 * al) * fama[i - 1]
/Users/jackcuster/Documents/fx-data/code/l2pine.py:164: RuntimeWarning: invalid value encountered in divide
  return (W * w).sum(axis=1) / w.sum()
/Users/jackcuster/Documents/fx-data/code/l2lib.py:1884: RuntimeWarning: overflow encountered in scalar multiply
  st = fr if not np.isfinite(st) else index_smooth * fr + (1 - index_smooth) * st
/Users/jackcuster/Documents/fx-data/code/l2lib.py:1881: RuntimeWarning: overflow encountered in scalar multiply
  sm = r if not np.isfinite(sm) else price_smooth * r + (1 - price_smooth) * sm
  [B trend] chunk    67   100 combos  91017.9 s  hit 92.2%  crossed   7  |  8,300/14,815 done, 637.7 engine-h spent, ~501 engine-h left
/Users/jackcuster/Documents/fx-data/code/l2lib.py:1884: RuntimeWarning: overflow encountered in scalar multiply
  st = fr if not np.isfinite(st) else index_smooth * fr + (1 - index_smooth) * st
/Users/jackcuster/Documents/fx-data/code/l2lib.py:1881: RuntimeWarning: overflow encountered in scalar multiply
  sm = r if not np.isfinite(sm) else price_smooth * r + (1 - price_smooth) * sm
/Users/jackcuster/Documents/fx-data/code/l2lib.py:1884: RuntimeWarning: overflow encountered in scalar multiply
  st = fr if not np.isfinite(st) else index_smooth * fr + (1 - index_smooth) * st
/Users/jackcuster/Documents/fx-data/code/l2lib.py:1881: RuntimeWarning: overflow encountered in scalar multiply
  sm = r if not np.isfinite(sm) else price_smooth * r + (1 - price_smooth) * sm
/Users/jackcuster/Documents/fx-data/code/l2lib.py:1856: RuntimeWarning: overflow encountered in scalar multiply
  fama[i] = .5 * al * mama[i] + (1 - .5 * al) * fama[i - 1]
/Users/jackcuster/Documents/fx-data/code/l2lib.py:1855: RuntimeWarning: overflow encountered in scalar multiply
  mama[i] = al * src[i] + (1 - al) * mama[i - 1]
/Users/jackcuster/Documents/fx-data/code/l2lib.py:1856: RuntimeWarning: invalid value encountered in scalar add
  fama[i] = .5 * al * mama[i] + (1 - .5 * al) * fama[i - 1]
/Users/jackcuster/Documents/fx-data/code/l2lib.py:1856: RuntimeWarning: overflow encountered in scalar add
  fama[i] = .5 * al * mama[i] + (1 - .5 * al) * fama[i - 1]
  [B trend] chunk    86   100 combos  32265.5 s  hit 93.0%  crossed  16  |  8,400/14,815 done, 646.7 engine-h spent, ~494 engine-h left
/Users/jackcuster/Documents/fx-data/code/l2lib.py:1856: RuntimeWarning: overflow encountered in scalar multiply
  fama[i] = .5 * al * mama[i] + (1 - .5 * al) * fama[i - 1]
/Users/jackcuster/Documents/fx-data/code/l2lib.py:1855: RuntimeWarning: overflow encountered in scalar multiply
  mama[i] = al * src[i] + (1 - al) * mama[i - 1]
/Users/jackcuster/Documents/fx-data/code/l2lib.py:1856: RuntimeWarning: invalid value encountered in scalar add
  fama[i] = .5 * al * mama[i] + (1 - .5 * al) * fama[i - 1]
/Users/jackcuster/Documents/fx-data/code/l2lib.py:1856: RuntimeWarning: overflow encountered in scalar add
  fama[i] = .5 * al * mama[i] + (1 - .5 * al) * fama[i - 1]
/Users/jackcuster/Documents/fx-data/code/l2lib.py:1856: RuntimeWarning: overflow encountered in scalar multiply
  fama[i] = .5 * al * mama[i] + (1 - .5 * al) * fama[i - 1]
/Users/jackcuster/Documents/fx-data/code/l2lib.py:1855: RuntimeWarning: overflow encountered in scalar multiply
  mama[i] = al * src[i] + (1 - al) * mama[i - 1]
/Users/jackcuster/Documents/fx-data/code/l2lib.py:1856: RuntimeWarning: invalid value encountered in scalar add
  fama[i] = .5 * al * mama[i] + (1 - .5 * al) * fama[i - 1]
/Users/jackcuster/Documents/fx-data/code/l2lib.py:1856: RuntimeWarning: overflow encountered in scalar add
  fama[i] = .5 * al * mama[i] + (1 - .5 * al) * fama[i - 1]
/Users/jackcuster/Documents/fx-data/code/l2lib.py:1856: RuntimeWarning: overflow encountered in scalar multiply
  fama[i] = .5 * al * mama[i] + (1 - .5 * al) * fama[i - 1]
/Users/jackcuster/Documents/fx-data/code/l2lib.py:1855: RuntimeWarning: overflow encountered in scalar multiply
  mama[i] = al * src[i] + (1 - al) * mama[i - 1]
/Users/jackcuster/Documents/fx-data/code/l2lib.py:1856: RuntimeWarning: invalid value encountered in scalar add
  fama[i] = .5 * al * mama[i] + (1 - .5 * al) * fama[i - 1]
/Users/jackcuster/Documents/fx-data/code/l2lib.py:1856: RuntimeWarning: overflow encountered in scalar add
  fama[i] = .5 * al * mama[i] + (1 - .5 * al) * fama[i - 1]
  [B trend] chunk    87   100 combos  29023.5 s  hit 91.4%  crossed  14  |  8,500/14,815 done, 654.7 engine-h spent, ~486 engine-h left
/Users/jackcuster/Documents/fx-data/code/l2lib.py:1884: RuntimeWarning: overflow encountered in scalar multiply
  st = fr if not np.isfinite(st) else index_smooth * fr + (1 - index_smooth) * st
/Users/jackcuster/Documents/fx-data/code/l2lib.py:1881: RuntimeWarning: overflow encountered in scalar multiply
  sm = r if not np.isfinite(sm) else price_smooth * r + (1 - price_smooth) * sm
  [B trend] chunk    89   100 combos  17913.6 s  hit 93.7%  crossed  13  |  8,600/14,815 done, 659.7 engine-h spent, ~477 engine-h left
/Users/jackcuster/Documents/fx-data/code/l2pine.py:164: RuntimeWarning: invalid value encountered in divide
  return (W * w).sum(axis=1) / w.sum()
/Users/jackcuster/Documents/fx-data/code/l2lib.py:1884: RuntimeWarning: overflow encountered in scalar multiply
  st = fr if not np.isfinite(st) else index_smooth * fr + (1 - index_smooth) * st
/Users/jackcuster/Documents/fx-data/code/l2lib.py:1881: RuntimeWarning: overflow encountered in scalar multiply
  sm = r if not np.isfinite(sm) else price_smooth * r + (1 - price_smooth) * sm
  [B trend] chunk    76   100 combos  69332.9 s  hit 92.6%  crossed   8  |  8,700/14,815 done, 679.0 engine-h spent, ~477 engine-h left
/Users/jackcuster/Documents/fx-data/code/l2lib.py:1884: RuntimeWarning: overflow encountered in scalar multiply
  st = fr if not np.isfinite(st) else index_smooth * fr + (1 - index_smooth) * st
/Users/jackcuster/Documents/fx-data/code/l2lib.py:1881: RuntimeWarning: overflow encountered in scalar multiply
  sm = r if not np.isfinite(sm) else price_smooth * r + (1 - price_smooth) * sm
  [B trend] chunk    81   100 combos  61212.3 s  hit 92.7%  crossed  11  |  8,800/14,815 done, 696.0 engine-h spent, ~476 engine-h left
/Users/jackcuster/Documents/fx-data/code/l2lib.py:1884: RuntimeWarning: overflow encountered in scalar multiply
  st = fr if not np.isfinite(st) else index_smooth * fr + (1 - index_smooth) * st
/Users/jackcuster/Documents/fx-data/code/l2lib.py:1881: RuntimeWarning: overflow encountered in scalar multiply
  sm = r if not np.isfinite(sm) else price_smooth * r + (1 - price_smooth) * sm
/Users/jackcuster/Documents/fx-data/code/l2lib.py:1884: RuntimeWarning: overflow encountered in scalar multiply
  st = fr if not np.isfinite(st) else index_smooth * fr + (1 - index_smooth) * st
/Users/jackcuster/Documents/fx-data/code/l2lib.py:1881: RuntimeWarning: overflow encountered in scalar multiply
  sm = r if not np.isfinite(sm) else price_smooth * r + (1 - price_smooth) * sm
/Users/jackcuster/Documents/fx-data/code/l2lib.py:1856: RuntimeWarning: overflow encountered in scalar multiply
  fama[i] = .5 * al * mama[i] + (1 - .5 * al) * fama[i - 1]
/Users/jackcuster/Documents/fx-data/code/l2lib.py:1855: RuntimeWarning: overflow encountered in scalar multiply
  mama[i] = al * src[i] + (1 - al) * mama[i - 1]
/Users/jackcuster/Documents/fx-data/code/l2lib.py:1856: RuntimeWarning: invalid value encountered in scalar add
  fama[i] = .5 * al * mama[i] + (1 - .5 * al) * fama[i - 1]
/Users/jackcuster/Documents/fx-data/code/l2lib.py:1856: RuntimeWarning: overflow encountered in scalar add
  fama[i] = .5 * al * mama[i] + (1 - .5 * al) * fama[i - 1]
  [B trend] chunk    93   100 combos  15718.4 s  hit 93.6%  crossed  10  |  8,900/14,815 done, 700.3 engine-h spent, ~465 engine-h left
  [B trend] chunk    88   100 combos  35165.1 s  hit 93.2%  crossed  12  |  9,000/14,815 done, 710.1 engine-h spent, ~459 engine-h left
/Users/jackcuster/Documents/fx-data/code/l2lib.py:1884: RuntimeWarning: overflow encountered in scalar multiply
  st = fr if not np.isfinite(st) else index_smooth * fr + (1 - index_smooth) * st
/Users/jackcuster/Documents/fx-data/code/l2lib.py:1881: RuntimeWarning: overflow encountered in scalar multiply
  sm = r if not np.isfinite(sm) else price_smooth * r + (1 - price_smooth) * sm
/Users/jackcuster/Documents/fx-data/code/l2lib.py:1884: RuntimeWarning: overflow encountered in scalar multiply
  st = fr if not np.isfinite(st) else index_smooth * fr + (1 - index_smooth) * st
/Users/jackcuster/Documents/fx-data/code/l2lib.py:1881: RuntimeWarning: overflow encountered in scalar multiply
  sm = r if not np.isfinite(sm) else price_smooth * r + (1 - price_smooth) * sm
/Users/jackcuster/Documents/fx-data/code/l2pine.py:164: RuntimeWarning: invalid value encountered in divide
  return (W * w).sum(axis=1) / w.sum()
  [B trend] chunk    91   100 combos  27966.3 s  hit 92.6%  crossed   8  |  9,100/14,815 done, 717.9 engine-h spent, ~451 engine-h left
/Users/jackcuster/Documents/fx-data/code/l2lib.py:1884: RuntimeWarning: overflow encountered in scalar multiply
  st = fr if not np.isfinite(st) else index_smooth * fr + (1 - index_smooth) * st
/Users/jackcuster/Documents/fx-data/code/l2lib.py:1881: RuntimeWarning: overflow encountered in scalar multiply
  sm = r if not np.isfinite(sm) else price_smooth * r + (1 - price_smooth) * sm
/Users/jackcuster/Documents/fx-data/code/l2lib.py:1856: RuntimeWarning: overflow encountered in scalar multiply
  fama[i] = .5 * al * mama[i] + (1 - .5 * al) * fama[i - 1]
/Users/jackcuster/Documents/fx-data/code/l2lib.py:1855: RuntimeWarning: overflow encountered in scalar multiply
  mama[i] = al * src[i] + (1 - al) * mama[i - 1]
/Users/jackcuster/Documents/fx-data/code/l2lib.py:1856: RuntimeWarning: invalid value encountered in scalar add
  fama[i] = .5 * al * mama[i] + (1 - .5 * al) * fama[i - 1]
/Users/jackcuster/Documents/fx-data/code/l2lib.py:1856: RuntimeWarning: overflow encountered in scalar add
  fama[i] = .5 * al * mama[i] + (1 - .5 * al) * fama[i - 1]
/Users/jackcuster/Documents/fx-data/code/l2lib.py:1856: RuntimeWarning: overflow encountered in scalar multiply
  fama[i] = .5 * al * mama[i] + (1 - .5 * al) * fama[i - 1]
/Users/jackcuster/Documents/fx-data/code/l2lib.py:1855: RuntimeWarning: overflow encountered in scalar multiply
  mama[i] = al * src[i] + (1 - al) * mama[i - 1]
/Users/jackcuster/Documents/fx-data/code/l2lib.py:1856: RuntimeWarning: invalid value encountered in scalar add
  fama[i] = .5 * al * mama[i] + (1 - .5 * al) * fama[i - 1]
/Users/jackcuster/Documents/fx-data/code/l2lib.py:1856: RuntimeWarning: overflow encountered in scalar add
  fama[i] = .5 * al * mama[i] + (1 - .5 * al) * fama[i - 1]
/Users/jackcuster/Documents/fx-data/code/l2lib.py:1856: RuntimeWarning: overflow encountered in scalar multiply
  fama[i] = .5 * al * mama[i] + (1 - .5 * al) * fama[i - 1]
/Users/jackcuster/Documents/fx-data/code/l2lib.py:1855: RuntimeWarning: overflow encountered in scalar multiply
  mama[i] = al * src[i] + (1 - al) * mama[i - 1]
/Users/jackcuster/Documents/fx-data/code/l2lib.py:1856: RuntimeWarning: invalid value encountered in scalar add
  fama[i] = .5 * al * mama[i] + (1 - .5 * al) * fama[i - 1]
/Users/jackcuster/Documents/fx-data/code/l2lib.py:1856: RuntimeWarning: overflow encountered in scalar add
  fama[i] = .5 * al * mama[i] + (1 - .5 * al) * fama[i - 1]
/Users/jackcuster/Documents/fx-data/code/l2lib.py:1856: RuntimeWarning: overflow encountered in scalar multiply
  fama[i] = .5 * al * mama[i] + (1 - .5 * al) * fama[i - 1]
/Users/jackcuster/Documents/fx-data/code/l2lib.py:1855: RuntimeWarning: overflow encountered in scalar multiply
  mama[i] = al * src[i] + (1 - al) * mama[i - 1]
/Users/jackcuster/Documents/fx-data/code/l2lib.py:1856: RuntimeWarning: invalid value encountered in scalar add
  fama[i] = .5 * al * mama[i] + (1 - .5 * al) * fama[i - 1]
/Users/jackcuster/Documents/fx-data/code/l2lib.py:1856: RuntimeWarning: overflow encountered in scalar add
  fama[i] = .5 * al * mama[i] + (1 - .5 * al) * fama[i - 1]
  [B trend] chunk    92   100 combos  34676.1 s  hit 93.4%  crossed   9  |  9,200/14,815 done, 727.5 engine-h spent, ~444 engine-h left
  [B trend] chunk    95   100 combos  24896.2 s  hit 93.1%  crossed  11  |  9,300/14,815 done, 734.4 engine-h spent, ~436 engine-h left
/Users/jackcuster/Documents/fx-data/code/l2lib.py:1884: RuntimeWarning: overflow encountered in scalar multiply
  st = fr if not np.isfinite(st) else index_smooth * fr + (1 - index_smooth) * st
/Users/jackcuster/Documents/fx-data/code/l2lib.py:1881: RuntimeWarning: overflow encountered in scalar multiply
  sm = r if not np.isfinite(sm) else price_smooth * r + (1 - price_smooth) * sm
/Users/jackcuster/Documents/fx-data/code/l2lib.py:1884: RuntimeWarning: overflow encountered in scalar multiply
  st = fr if not np.isfinite(st) else index_smooth * fr + (1 - index_smooth) * st
/Users/jackcuster/Documents/fx-data/code/l2lib.py:1881: RuntimeWarning: overflow encountered in scalar multiply
  sm = r if not np.isfinite(sm) else price_smooth * r + (1 - price_smooth) * sm
/Users/jackcuster/Documents/fx-data/code/l2lib.py:1856: RuntimeWarning: overflow encountered in scalar multiply
  fama[i] = .5 * al * mama[i] + (1 - .5 * al) * fama[i - 1]
/Users/jackcuster/Documents/fx-data/code/l2lib.py:1855: RuntimeWarning: overflow encountered in scalar multiply
  mama[i] = al * src[i] + (1 - al) * mama[i - 1]
/Users/jackcuster/Documents/fx-data/code/l2lib.py:1856: RuntimeWarning: invalid value encountered in scalar add
  fama[i] = .5 * al * mama[i] + (1 - .5 * al) * fama[i - 1]
/Users/jackcuster/Documents/fx-data/code/l2lib.py:1856: RuntimeWarning: overflow encountered in scalar add
  fama[i] = .5 * al * mama[i] + (1 - .5 * al) * fama[i - 1]
/Users/jackcuster/Documents/fx-data/code/l2pine.py:164: RuntimeWarning: invalid value encountered in divide
  return (W * w).sum(axis=1) / w.sum()
  [B trend] chunk    96   100 combos  26552.1 s  hit 92.1%  crossed  10  |  9,400/14,815 done, 741.8 engine-h spent, ~427 engine-h left
/Users/jackcuster/Documents/fx-data/code/l2lib.py:1884: RuntimeWarning: overflow encountered in scalar multiply
  st = fr if not np.isfinite(st) else index_smooth * fr + (1 - index_smooth) * st
/Users/jackcuster/Documents/fx-data/code/l2lib.py:1881: RuntimeWarning: overflow encountered in scalar multiply
  sm = r if not np.isfinite(sm) else price_smooth * r + (1 - price_smooth) * sm
  [B trend] chunk    98   100 combos  20374.1 s  hit 93.7%  crossed  13  |  9,500/14,815 done, 747.5 engine-h spent, ~418 engine-h left
/Users/jackcuster/Documents/fx-data/code/l2lib.py:1884: RuntimeWarning: overflow encountered in scalar multiply
  st = fr if not np.isfinite(st) else index_smooth * fr + (1 - index_smooth) * st
/Users/jackcuster/Documents/fx-data/code/l2lib.py:1881: RuntimeWarning: overflow encountered in scalar multiply
  sm = r if not np.isfinite(sm) else price_smooth * r + (1 - price_smooth) * sm
/Users/jackcuster/Documents/fx-data/code/l2pine.py:164: RuntimeWarning: invalid value encountered in divide
  return (W * w).sum(axis=1) / w.sum()
  [B trend] chunk    90   100 combos  62748.7 s  hit 92.7%  crossed  10  |  9,600/14,815 done, 764.9 engine-h spent, ~416 engine-h left
  [B trend] chunk    97   100 combos  37517.2 s  hit 93.3%  crossed  12  |  9,700/14,815 done, 775.3 engine-h spent, ~409 engine-h left
/Users/jackcuster/Documents/fx-data/code/l2lib.py:1884: RuntimeWarning: overflow encountered in scalar multiply
  st = fr if not np.isfinite(st) else index_smooth * fr + (1 - index_smooth) * st
/Users/jackcuster/Documents/fx-data/code/l2lib.py:1881: RuntimeWarning: overflow encountered in scalar multiply
  sm = r if not np.isfinite(sm) else price_smooth * r + (1 - price_smooth) * sm
/Users/jackcuster/Documents/fx-data/code/l2lib.py:1856: RuntimeWarning: overflow encountered in scalar multiply
  fama[i] = .5 * al * mama[i] + (1 - .5 * al) * fama[i - 1]
/Users/jackcuster/Documents/fx-data/code/l2lib.py:1855: RuntimeWarning: overflow encountered in scalar multiply
  mama[i] = al * src[i] + (1 - al) * mama[i - 1]
/Users/jackcuster/Documents/fx-data/code/l2lib.py:1856: RuntimeWarning: invalid value encountered in scalar add
  fama[i] = .5 * al * mama[i] + (1 - .5 * al) * fama[i - 1]
/Users/jackcuster/Documents/fx-data/code/l2lib.py:1856: RuntimeWarning: overflow encountered in scalar add
  fama[i] = .5 * al * mama[i] + (1 - .5 * al) * fama[i - 1]
/Users/jackcuster/Documents/fx-data/code/l2lib.py:1856: RuntimeWarning: overflow encountered in scalar multiply
  fama[i] = .5 * al * mama[i] + (1 - .5 * al) * fama[i - 1]
/Users/jackcuster/Documents/fx-data/code/l2lib.py:1855: RuntimeWarning: overflow encountered in scalar multiply
  mama[i] = al * src[i] + (1 - al) * mama[i - 1]
/Users/jackcuster/Documents/fx-data/code/l2lib.py:1856: RuntimeWarning: invalid value encountered in scalar add
  fama[i] = .5 * al * mama[i] + (1 - .5 * al) * fama[i - 1]
/Users/jackcuster/Documents/fx-data/code/l2lib.py:1856: RuntimeWarning: overflow encountered in scalar add
  fama[i] = .5 * al * mama[i] + (1 - .5 * al) * fama[i - 1]
/Users/jackcuster/Documents/fx-data/code/l2lib.py:1884: RuntimeWarning: overflow encountered in scalar multiply
  st = fr if not np.isfinite(st) else index_smooth * fr + (1 - index_smooth) * st
/Users/jackcuster/Documents/fx-data/code/l2lib.py:1881: RuntimeWarning: overflow encountered in scalar multiply
  sm = r if not np.isfinite(sm) else price_smooth * r + (1 - price_smooth) * sm
/Users/jackcuster/Documents/fx-data/code/l2lib.py:1856: RuntimeWarning: overflow encountered in scalar multiply
  fama[i] = .5 * al * mama[i] + (1 - .5 * al) * fama[i - 1]
/Users/jackcuster/Documents/fx-data/code/l2lib.py:1855: RuntimeWarning: overflow encountered in scalar multiply
  mama[i] = al * src[i] + (1 - al) * mama[i - 1]
/Users/jackcuster/Documents/fx-data/code/l2lib.py:1856: RuntimeWarning: invalid value encountered in scalar add
  fama[i] = .5 * al * mama[i] + (1 - .5 * al) * fama[i - 1]
/Users/jackcuster/Documents/fx-data/code/l2lib.py:1856: RuntimeWarning: overflow encountered in scalar add
  fama[i] = .5 * al * mama[i] + (1 - .5 * al) * fama[i - 1]
/Users/jackcuster/Documents/fx-data/code/l2lib.py:1856: RuntimeWarning: overflow encountered in scalar multiply
  fama[i] = .5 * al * mama[i] + (1 - .5 * al) * fama[i - 1]
/Users/jackcuster/Documents/fx-data/code/l2lib.py:1855: RuntimeWarning: overflow encountered in scalar multiply
  mama[i] = al * src[i] + (1 - al) * mama[i - 1]
/Users/jackcuster/Documents/fx-data/code/l2lib.py:1856: RuntimeWarning: invalid value encountered in scalar add
  fama[i] = .5 * al * mama[i] + (1 - .5 * al) * fama[i - 1]
/Users/jackcuster/Documents/fx-data/code/l2lib.py:1856: RuntimeWarning: overflow encountered in scalar add
  fama[i] = .5 * al * mama[i] + (1 - .5 * al) * fama[i - 1]
/Users/jackcuster/Documents/fx-data/code/l2lib.py:1856: RuntimeWarning: overflow encountered in scalar multiply
  fama[i] = .5 * al * mama[i] + (1 - .5 * al) * fama[i - 1]
/Users/jackcuster/Documents/fx-data/code/l2lib.py:1855: RuntimeWarning: overflow encountered in scalar multiply
  mama[i] = al * src[i] + (1 - al) * mama[i - 1]
/Users/jackcuster/Documents/fx-data/code/l2lib.py:1856: RuntimeWarning: invalid value encountered in scalar add
  fama[i] = .5 * al * mama[i] + (1 - .5 * al) * fama[i - 1]
/Users/jackcuster/Documents/fx-data/code/l2lib.py:1856: RuntimeWarning: overflow encountered in scalar add
  fama[i] = .5 * al * mama[i] + (1 - .5 * al) * fama[i - 1]
  [B trend] chunk   101   100 combos  24010.9 s  hit 92.1%  crossed  14  |  9,800/14,815 done, 782.0 engine-h spent, ~400 engine-h left
  [B trend] chunk   100   100 combos  31542.5 s  hit 93.2%  crossed  15  |  9,900/14,815 done, 790.7 engine-h spent, ~393 engine-h left
/Users/jackcuster/Documents/fx-data/code/l2lib.py:1856: RuntimeWarning: overflow encountered in scalar multiply
  fama[i] = .5 * al * mama[i] + (1 - .5 * al) * fama[i - 1]
/Users/jackcuster/Documents/fx-data/code/l2lib.py:1855: RuntimeWarning: overflow encountered in scalar multiply
  mama[i] = al * src[i] + (1 - al) * mama[i - 1]
/Users/jackcuster/Documents/fx-data/code/l2lib.py:1856: RuntimeWarning: invalid value encountered in scalar add
  fama[i] = .5 * al * mama[i] + (1 - .5 * al) * fama[i - 1]
/Users/jackcuster/Documents/fx-data/code/l2lib.py:1856: RuntimeWarning: overflow encountered in scalar add
  fama[i] = .5 * al * mama[i] + (1 - .5 * al) * fama[i - 1]
/Users/jackcuster/Documents/fx-data/code/l2lib.py:1884: RuntimeWarning: overflow encountered in scalar multiply
  st = fr if not np.isfinite(st) else index_smooth * fr + (1 - index_smooth) * st
/Users/jackcuster/Documents/fx-data/code/l2lib.py:1881: RuntimeWarning: overflow encountered in scalar multiply
  sm = r if not np.isfinite(sm) else price_smooth * r + (1 - price_smooth) * sm
/Users/jackcuster/Documents/fx-data/code/l2lib.py:1856: RuntimeWarning: overflow encountered in scalar multiply
  fama[i] = .5 * al * mama[i] + (1 - .5 * al) * fama[i - 1]
/Users/jackcuster/Documents/fx-data/code/l2lib.py:1855: RuntimeWarning: overflow encountered in scalar multiply
  mama[i] = al * src[i] + (1 - al) * mama[i - 1]
/Users/jackcuster/Documents/fx-data/code/l2lib.py:1856: RuntimeWarning: invalid value encountered in scalar add
  fama[i] = .5 * al * mama[i] + (1 - .5 * al) * fama[i - 1]
/Users/jackcuster/Documents/fx-data/code/l2lib.py:1856: RuntimeWarning: overflow encountered in scalar add
  fama[i] = .5 * al * mama[i] + (1 - .5 * al) * fama[i - 1]
/Users/jackcuster/Documents/fx-data/code/l2lib.py:1884: RuntimeWarning: overflow encountered in scalar multiply
  st = fr if not np.isfinite(st) else index_smooth * fr + (1 - index_smooth) * st
/Users/jackcuster/Documents/fx-data/code/l2lib.py:1881: RuntimeWarning: overflow encountered in scalar multiply
  sm = r if not np.isfinite(sm) else price_smooth * r + (1 - price_smooth) * sm
  [B trend] chunk   102   100 combos  29721.2 s  hit 93.4%  crossed  10  |  10,000/14,815 done, 799.0 engine-h spent, ~385 engine-h left
  [B trend] chunk    94   100 combos  68752.1 s  hit 92.9%  crossed   9  |  10,100/14,815 done, 818.1 engine-h spent, ~382 engine-h left
/Users/jackcuster/Documents/fx-data/code/l2lib.py:1856: RuntimeWarning: overflow encountered in scalar multiply
  fama[i] = .5 * al * mama[i] + (1 - .5 * al) * fama[i - 1]
/Users/jackcuster/Documents/fx-data/code/l2lib.py:1855: RuntimeWarning: overflow encountered in scalar multiply
  mama[i] = al * src[i] + (1 - al) * mama[i - 1]
/Users/jackcuster/Documents/fx-data/code/l2lib.py:1856: RuntimeWarning: invalid value encountered in scalar add
  fama[i] = .5 * al * mama[i] + (1 - .5 * al) * fama[i - 1]
/Users/jackcuster/Documents/fx-data/code/l2lib.py:1856: RuntimeWarning: overflow encountered in scalar add
  fama[i] = .5 * al * mama[i] + (1 - .5 * al) * fama[i - 1]
  [B trend] chunk   103   100 combos  22180.0 s  hit 93.3%  crossed   9  |  10,200/14,815 done, 824.2 engine-h spent, ~373 engine-h left
/Users/jackcuster/Documents/fx-data/code/l2lib.py:1884: RuntimeWarning: overflow encountered in scalar multiply
  st = fr if not np.isfinite(st) else index_smooth * fr + (1 - index_smooth) * st
/Users/jackcuster/Documents/fx-data/code/l2lib.py:1881: RuntimeWarning: overflow encountered in scalar multiply
  sm = r if not np.isfinite(sm) else price_smooth * r + (1 - price_smooth) * sm
/Users/jackcuster/Documents/fx-data/code/l2lib.py:1884: RuntimeWarning: overflow encountered in scalar multiply
  st = fr if not np.isfinite(st) else index_smooth * fr + (1 - index_smooth) * st
/Users/jackcuster/Documents/fx-data/code/l2lib.py:1881: RuntimeWarning: overflow encountered in scalar multiply
  sm = r if not np.isfinite(sm) else price_smooth * r + (1 - price_smooth) * sm
/Users/jackcuster/Documents/fx-data/code/l2lib.py:1856: RuntimeWarning: overflow encountered in scalar multiply
  fama[i] = .5 * al * mama[i] + (1 - .5 * al) * fama[i - 1]
/Users/jackcuster/Documents/fx-data/code/l2lib.py:1855: RuntimeWarning: overflow encountered in scalar multiply
  mama[i] = al * src[i] + (1 - al) * mama[i - 1]
/Users/jackcuster/Documents/fx-data/code/l2lib.py:1856: RuntimeWarning: invalid value encountered in scalar add
  fama[i] = .5 * al * mama[i] + (1 - .5 * al) * fama[i - 1]
/Users/jackcuster/Documents/fx-data/code/l2lib.py:1856: RuntimeWarning: overflow encountered in scalar add
  fama[i] = .5 * al * mama[i] + (1 - .5 * al) * fama[i - 1]
/Users/jackcuster/Documents/fx-data/code/l2lib.py:1856: RuntimeWarning: overflow encountered in scalar multiply
  fama[i] = .5 * al * mama[i] + (1 - .5 * al) * fama[i - 1]
/Users/jackcuster/Documents/fx-data/code/l2lib.py:1855: RuntimeWarning: overflow encountered in scalar multiply
  mama[i] = al * src[i] + (1 - al) * mama[i - 1]
/Users/jackcuster/Documents/fx-data/code/l2lib.py:1856: RuntimeWarning: invalid value encountered in scalar add
  fama[i] = .5 * al * mama[i] + (1 - .5 * al) * fama[i - 1]
/Users/jackcuster/Documents/fx-data/code/l2lib.py:1856: RuntimeWarning: overflow encountered in scalar add
  fama[i] = .5 * al * mama[i] + (1 - .5 * al) * fama[i - 1]
  [B trend] chunk    85   100 combos  117338.4 s  hit 92.2%  crossed   9  |  10,300/14,815 done, 856.9 engine-h spent, ~376 engine-h left
/Users/jackcuster/Documents/fx-data/code/l2lib.py:1884: RuntimeWarning: overflow encountered in scalar multiply
  st = fr if not np.isfinite(st) else index_smooth * fr + (1 - index_smooth) * st
/Users/jackcuster/Documents/fx-data/code/l2lib.py:1881: RuntimeWarning: overflow encountered in scalar multiply
  sm = r if not np.isfinite(sm) else price_smooth * r + (1 - price_smooth) * sm
  [B trend] chunk   105   100 combos  13689.7 s  hit 93.0%  crossed   8  |  10,400/14,815 done, 860.6 engine-h spent, ~365 engine-h left
  [B trend] chunk   106   100 combos  16464.0 s  hit 91.9%  crossed  17  |  10,500/14,815 done, 865.2 engine-h spent, ~356 engine-h left
/Users/jackcuster/Documents/fx-data/code/l2lib.py:1884: RuntimeWarning: overflow encountered in scalar multiply
  st = fr if not np.isfinite(st) else index_smooth * fr + (1 - index_smooth) * st
/Users/jackcuster/Documents/fx-data/code/l2lib.py:1881: RuntimeWarning: overflow encountered in scalar multiply
  sm = r if not np.isfinite(sm) else price_smooth * r + (1 - price_smooth) * sm
/Users/jackcuster/Documents/fx-data/code/l2pine.py:164: RuntimeWarning: invalid value encountered in divide
  return (W * w).sum(axis=1) / w.sum()
/Users/jackcuster/Documents/fx-data/code/l2lib.py:1856: RuntimeWarning: overflow encountered in scalar multiply
  fama[i] = .5 * al * mama[i] + (1 - .5 * al) * fama[i - 1]
/Users/jackcuster/Documents/fx-data/code/l2lib.py:1855: RuntimeWarning: overflow encountered in scalar multiply
  mama[i] = al * src[i] + (1 - al) * mama[i - 1]
/Users/jackcuster/Documents/fx-data/code/l2lib.py:1856: RuntimeWarning: invalid value encountered in scalar add
  fama[i] = .5 * al * mama[i] + (1 - .5 * al) * fama[i - 1]
/Users/jackcuster/Documents/fx-data/code/l2lib.py:1856: RuntimeWarning: overflow encountered in scalar add
  fama[i] = .5 * al * mama[i] + (1 - .5 * al) * fama[i - 1]
/Users/jackcuster/Documents/fx-data/code/l2lib.py:1884: RuntimeWarning: overflow encountered in scalar multiply
  st = fr if not np.isfinite(st) else index_smooth * fr + (1 - index_smooth) * st
/Users/jackcuster/Documents/fx-data/code/l2lib.py:1881: RuntimeWarning: overflow encountered in scalar multiply
  sm = r if not np.isfinite(sm) else price_smooth * r + (1 - price_smooth) * sm
/Users/jackcuster/Documents/fx-data/code/l2lib.py:1884: RuntimeWarning: overflow encountered in scalar multiply
  st = fr if not np.isfinite(st) else index_smooth * fr + (1 - index_smooth) * st
/Users/jackcuster/Documents/fx-data/code/l2lib.py:1881: RuntimeWarning: overflow encountered in scalar multiply
  sm = r if not np.isfinite(sm) else price_smooth * r + (1 - price_smooth) * sm
/Users/jackcuster/Documents/fx-data/code/l2lib.py:1856: RuntimeWarning: overflow encountered in scalar multiply
  fama[i] = .5 * al * mama[i] + (1 - .5 * al) * fama[i - 1]
/Users/jackcuster/Documents/fx-data/code/l2lib.py:1855: RuntimeWarning: overflow encountered in scalar multiply
  mama[i] = al * src[i] + (1 - al) * mama[i - 1]
/Users/jackcuster/Documents/fx-data/code/l2lib.py:1856: RuntimeWarning: invalid value encountered in scalar add
  fama[i] = .5 * al * mama[i] + (1 - .5 * al) * fama[i - 1]
/Users/jackcuster/Documents/fx-data/code/l2lib.py:1856: RuntimeWarning: overflow encountered in scalar add
  fama[i] = .5 * al * mama[i] + (1 - .5 * al) * fama[i - 1]
  [B trend] chunk   107   100 combos  15021.9 s  hit 93.3%  crossed   8  |  10,600/14,815 done, 869.4 engine-h spent, ~346 engine-h left
/Users/jackcuster/Documents/fx-data/code/l2pine.py:164: RuntimeWarning: invalid value encountered in divide
  return (W * w).sum(axis=1) / w.sum()
  [B trend] chunk   110   100 combos  17011.1 s  hit 92.1%  crossed  11  |  10,700/14,815 done, 874.1 engine-h spent, ~336 engine-h left
/Users/jackcuster/Documents/fx-data/code/l2lib.py:1856: RuntimeWarning: overflow encountered in scalar multiply
  fama[i] = .5 * al * mama[i] + (1 - .5 * al) * fama[i - 1]
/Users/jackcuster/Documents/fx-data/code/l2lib.py:1855: RuntimeWarning: overflow encountered in scalar multiply
  mama[i] = al * src[i] + (1 - al) * mama[i - 1]
/Users/jackcuster/Documents/fx-data/code/l2lib.py:1856: RuntimeWarning: invalid value encountered in scalar add
  fama[i] = .5 * al * mama[i] + (1 - .5 * al) * fama[i - 1]
/Users/jackcuster/Documents/fx-data/code/l2lib.py:1856: RuntimeWarning: overflow encountered in scalar add
  fama[i] = .5 * al * mama[i] + (1 - .5 * al) * fama[i - 1]
/Users/jackcuster/Documents/fx-data/code/l2lib.py:1884: RuntimeWarning: overflow encountered in scalar multiply
  st = fr if not np.isfinite(st) else index_smooth * fr + (1 - index_smooth) * st
/Users/jackcuster/Documents/fx-data/code/l2lib.py:1881: RuntimeWarning: overflow encountered in scalar multiply
  sm = r if not np.isfinite(sm) else price_smooth * r + (1 - price_smooth) * sm
  [B trend] chunk   109   100 combos  20940.9 s  hit 93.3%  crossed  15  |  10,800/14,815 done, 879.9 engine-h spent, ~327 engine-h left
/Users/jackcuster/Documents/fx-data/code/l2lib.py:1856: RuntimeWarning: overflow encountered in scalar multiply
  fama[i] = .5 * al * mama[i] + (1 - .5 * al) * fama[i - 1]
/Users/jackcuster/Documents/fx-data/code/l2lib.py:1855: RuntimeWarning: overflow encountered in scalar multiply
  mama[i] = al * src[i] + (1 - al) * mama[i - 1]
/Users/jackcuster/Documents/fx-data/code/l2lib.py:1856: RuntimeWarning: invalid value encountered in scalar add
  fama[i] = .5 * al * mama[i] + (1 - .5 * al) * fama[i - 1]
/Users/jackcuster/Documents/fx-data/code/l2lib.py:1856: RuntimeWarning: overflow encountered in scalar add
  fama[i] = .5 * al * mama[i] + (1 - .5 * al) * fama[i - 1]
  [B trend] chunk   111   100 combos  18117.2 s  hit 93.5%  crossed  11  |  10,900/14,815 done, 885.0 engine-h spent, ~318 engine-h left
/Users/jackcuster/Documents/fx-data/code/l2lib.py:1884: RuntimeWarning: overflow encountered in scalar multiply
  st = fr if not np.isfinite(st) else index_smooth * fr + (1 - index_smooth) * st
/Users/jackcuster/Documents/fx-data/code/l2lib.py:1881: RuntimeWarning: overflow encountered in scalar multiply
  sm = r if not np.isfinite(sm) else price_smooth * r + (1 - price_smooth) * sm
/Users/jackcuster/Documents/fx-data/code/l2pine.py:164: RuntimeWarning: invalid value encountered in divide
  return (W * w).sum(axis=1) / w.sum()
/Users/jackcuster/Documents/fx-data/code/l2lib.py:1856: RuntimeWarning: overflow encountered in scalar multiply
  fama[i] = .5 * al * mama[i] + (1 - .5 * al) * fama[i - 1]
/Users/jackcuster/Documents/fx-data/code/l2lib.py:1855: RuntimeWarning: overflow encountered in scalar multiply
  mama[i] = al * src[i] + (1 - al) * mama[i - 1]
/Users/jackcuster/Documents/fx-data/code/l2lib.py:1856: RuntimeWarning: invalid value encountered in scalar add
  fama[i] = .5 * al * mama[i] + (1 - .5 * al) * fama[i - 1]
/Users/jackcuster/Documents/fx-data/code/l2lib.py:1856: RuntimeWarning: overflow encountered in scalar add
  fama[i] = .5 * al * mama[i] + (1 - .5 * al) * fama[i - 1]
  [B trend] chunk    99   100 combos  74576.5 s  hit 92.6%  crossed  10  |  11,000/14,815 done, 905.7 engine-h spent, ~314 engine-h left
/Users/jackcuster/Documents/fx-data/code/l2lib.py:1884: RuntimeWarning: overflow encountered in scalar multiply
  st = fr if not np.isfinite(st) else index_smooth * fr + (1 - index_smooth) * st
/Users/jackcuster/Documents/fx-data/code/l2lib.py:1881: RuntimeWarning: overflow encountered in scalar multiply
  sm = r if not np.isfinite(sm) else price_smooth * r + (1 - price_smooth) * sm
  [B trend] chunk   112   100 combos  27127.1 s  hit 93.6%  crossed   7  |  11,100/14,815 done, 913.2 engine-h spent, ~306 engine-h left
/Users/jackcuster/Documents/fx-data/code/l2lib.py:1884: RuntimeWarning: overflow encountered in scalar multiply
  st = fr if not np.isfinite(st) else index_smooth * fr + (1 - index_smooth) * st
/Users/jackcuster/Documents/fx-data/code/l2lib.py:1881: RuntimeWarning: overflow encountered in scalar multiply
  sm = r if not np.isfinite(sm) else price_smooth * r + (1 - price_smooth) * sm
/Users/jackcuster/Documents/fx-data/code/l2lib.py:1856: RuntimeWarning: overflow encountered in scalar multiply
  fama[i] = .5 * al * mama[i] + (1 - .5 * al) * fama[i - 1]
/Users/jackcuster/Documents/fx-data/code/l2lib.py:1855: RuntimeWarning: overflow encountered in scalar multiply
  mama[i] = al * src[i] + (1 - al) * mama[i - 1]
/Users/jackcuster/Documents/fx-data/code/l2lib.py:1856: RuntimeWarning: invalid value encountered in scalar add
  fama[i] = .5 * al * mama[i] + (1 - .5 * al) * fama[i - 1]
/Users/jackcuster/Documents/fx-data/code/l2lib.py:1856: RuntimeWarning: overflow encountered in scalar add
  fama[i] = .5 * al * mama[i] + (1 - .5 * al) * fama[i - 1]
  [B trend] chunk   114   100 combos  15750.8 s  hit 92.4%  crossed  14  |  11,200/14,815 done, 917.6 engine-h spent, ~296 engine-h left
/Users/jackcuster/Documents/fx-data/code/l2lib.py:1884: RuntimeWarning: overflow encountered in scalar multiply
  st = fr if not np.isfinite(st) else index_smooth * fr + (1 - index_smooth) * st
/Users/jackcuster/Documents/fx-data/code/l2lib.py:1881: RuntimeWarning: overflow encountered in scalar multiply
  sm = r if not np.isfinite(sm) else price_smooth * r + (1 - price_smooth) * sm
/Users/jackcuster/Documents/fx-data/code/l2pine.py:164: RuntimeWarning: invalid value encountered in divide
  return (W * w).sum(axis=1) / w.sum()
/Users/jackcuster/Documents/fx-data/code/l2lib.py:1884: RuntimeWarning: overflow encountered in scalar multiply
  st = fr if not np.isfinite(st) else index_smooth * fr + (1 - index_smooth) * st
/Users/jackcuster/Documents/fx-data/code/l2lib.py:1881: RuntimeWarning: overflow encountered in scalar multiply
  sm = r if not np.isfinite(sm) else price_smooth * r + (1 - price_smooth) * sm
/Users/jackcuster/Documents/fx-data/code/l2lib.py:1856: RuntimeWarning: overflow encountered in scalar multiply
  fama[i] = .5 * al * mama[i] + (1 - .5 * al) * fama[i - 1]
/Users/jackcuster/Documents/fx-data/code/l2lib.py:1855: RuntimeWarning: overflow encountered in scalar multiply
  mama[i] = al * src[i] + (1 - al) * mama[i - 1]
/Users/jackcuster/Documents/fx-data/code/l2lib.py:1856: RuntimeWarning: invalid value encountered in scalar add
  fama[i] = .5 * al * mama[i] + (1 - .5 * al) * fama[i - 1]
/Users/jackcuster/Documents/fx-data/code/l2lib.py:1856: RuntimeWarning: overflow encountered in scalar add
  fama[i] = .5 * al * mama[i] + (1 - .5 * al) * fama[i - 1]
/Users/jackcuster/Documents/fx-data/code/l2lib.py:1856: RuntimeWarning: overflow encountered in scalar multiply
  fama[i] = .5 * al * mama[i] + (1 - .5 * al) * fama[i - 1]
/Users/jackcuster/Documents/fx-data/code/l2lib.py:1855: RuntimeWarning: overflow encountered in scalar multiply
  mama[i] = al * src[i] + (1 - al) * mama[i - 1]
/Users/jackcuster/Documents/fx-data/code/l2lib.py:1856: RuntimeWarning: invalid value encountered in scalar add
  fama[i] = .5 * al * mama[i] + (1 - .5 * al) * fama[i - 1]
/Users/jackcuster/Documents/fx-data/code/l2lib.py:1856: RuntimeWarning: overflow encountered in scalar add
  fama[i] = .5 * al * mama[i] + (1 - .5 * al) * fama[i - 1]
/Users/jackcuster/Documents/fx-data/code/l2lib.py:1856: RuntimeWarning: overflow encountered in scalar multiply
  fama[i] = .5 * al * mama[i] + (1 - .5 * al) * fama[i - 1]
/Users/jackcuster/Documents/fx-data/code/l2lib.py:1855: RuntimeWarning: overflow encountered in scalar multiply
  mama[i] = al * src[i] + (1 - al) * mama[i - 1]
/Users/jackcuster/Documents/fx-data/code/l2lib.py:1856: RuntimeWarning: invalid value encountered in scalar add
  fama[i] = .5 * al * mama[i] + (1 - .5 * al) * fama[i - 1]
/Users/jackcuster/Documents/fx-data/code/l2lib.py:1856: RuntimeWarning: overflow encountered in scalar add
  fama[i] = .5 * al * mama[i] + (1 - .5 * al) * fama[i - 1]
/Users/jackcuster/Documents/fx-data/code/l2lib.py:1884: RuntimeWarning: overflow encountered in scalar multiply
  st = fr if not np.isfinite(st) else index_smooth * fr + (1 - index_smooth) * st
/Users/jackcuster/Documents/fx-data/code/l2lib.py:1881: RuntimeWarning: overflow encountered in scalar multiply
  sm = r if not np.isfinite(sm) else price_smooth * r + (1 - price_smooth) * sm
  [B trend] chunk   116   100 combos  16415.2 s  hit 93.5%  crossed  14  |  11,300/14,815 done, 922.2 engine-h spent, ~287 engine-h left
/Users/jackcuster/Documents/fx-data/code/l2lib.py:1856: RuntimeWarning: overflow encountered in scalar multiply
  fama[i] = .5 * al * mama[i] + (1 - .5 * al) * fama[i - 1]
/Users/jackcuster/Documents/fx-data/code/l2lib.py:1855: RuntimeWarning: overflow encountered in scalar multiply
  mama[i] = al * src[i] + (1 - al) * mama[i - 1]
/Users/jackcuster/Documents/fx-data/code/l2lib.py:1856: RuntimeWarning: invalid value encountered in scalar add
  fama[i] = .5 * al * mama[i] + (1 - .5 * al) * fama[i - 1]
/Users/jackcuster/Documents/fx-data/code/l2lib.py:1856: RuntimeWarning: overflow encountered in scalar add
  fama[i] = .5 * al * mama[i] + (1 - .5 * al) * fama[i - 1]
/Users/jackcuster/Documents/fx-data/code/l2pine.py:164: RuntimeWarning: invalid value encountered in divide
  return (W * w).sum(axis=1) / w.sum()
/Users/jackcuster/Documents/fx-data/code/l2lib.py:1856: RuntimeWarning: overflow encountered in scalar multiply
  fama[i] = .5 * al * mama[i] + (1 - .5 * al) * fama[i - 1]
/Users/jackcuster/Documents/fx-data/code/l2lib.py:1855: RuntimeWarning: overflow encountered in scalar multiply
  mama[i] = al * src[i] + (1 - al) * mama[i - 1]
/Users/jackcuster/Documents/fx-data/code/l2lib.py:1856: RuntimeWarning: invalid value encountered in scalar add
  fama[i] = .5 * al * mama[i] + (1 - .5 * al) * fama[i - 1]
/Users/jackcuster/Documents/fx-data/code/l2lib.py:1856: RuntimeWarning: overflow encountered in scalar add
  fama[i] = .5 * al * mama[i] + (1 - .5 * al) * fama[i - 1]
/Users/jackcuster/Documents/fx-data/code/l2lib.py:1884: RuntimeWarning: overflow encountered in scalar multiply
  st = fr if not np.isfinite(st) else index_smooth * fr + (1 - index_smooth) * st
/Users/jackcuster/Documents/fx-data/code/l2lib.py:1881: RuntimeWarning: overflow encountered in scalar multiply
  sm = r if not np.isfinite(sm) else price_smooth * r + (1 - price_smooth) * sm
  [B trend] chunk   115   100 combos  24165.8 s  hit 92.6%  crossed  13  |  11,400/14,815 done, 928.9 engine-h spent, ~278 engine-h left
/Users/jackcuster/Documents/fx-data/code/l2lib.py:1884: RuntimeWarning: overflow encountered in scalar multiply
  st = fr if not np.isfinite(st) else index_smooth * fr + (1 - index_smooth) * st
/Users/jackcuster/Documents/fx-data/code/l2lib.py:1881: RuntimeWarning: overflow encountered in scalar multiply
  sm = r if not np.isfinite(sm) else price_smooth * r + (1 - price_smooth) * sm
/Users/jackcuster/Documents/fx-data/code/l2pine.py:164: RuntimeWarning: invalid value encountered in divide
  return (W * w).sum(axis=1) / w.sum()
  [B trend] chunk   108   100 combos  47678.5 s  hit 92.7%  crossed  12  |  11,500/14,815 done, 942.1 engine-h spent, ~272 engine-h left
/Users/jackcuster/Documents/fx-data/code/l2lib.py:1884: RuntimeWarning: overflow encountered in scalar multiply
  st = fr if not np.isfinite(st) else index_smooth * fr + (1 - index_smooth) * st
/Users/jackcuster/Documents/fx-data/code/l2lib.py:1881: RuntimeWarning: overflow encountered in scalar multiply
  sm = r if not np.isfinite(sm) else price_smooth * r + (1 - price_smooth) * sm
/Users/jackcuster/Documents/fx-data/code/l2lib.py:1856: RuntimeWarning: overflow encountered in scalar multiply
  fama[i] = .5 * al * mama[i] + (1 - .5 * al) * fama[i - 1]
/Users/jackcuster/Documents/fx-data/code/l2lib.py:1855: RuntimeWarning: overflow encountered in scalar multiply
  mama[i] = al * src[i] + (1 - al) * mama[i - 1]
/Users/jackcuster/Documents/fx-data/code/l2lib.py:1856: RuntimeWarning: invalid value encountered in scalar add
  fama[i] = .5 * al * mama[i] + (1 - .5 * al) * fama[i - 1]
/Users/jackcuster/Documents/fx-data/code/l2lib.py:1856: RuntimeWarning: overflow encountered in scalar add
  fama[i] = .5 * al * mama[i] + (1 - .5 * al) * fama[i - 1]
  [B trend] chunk   119   100 combos  11918.3 s  hit 92.6%  crossed   8  |  11,600/14,815 done, 945.4 engine-h spent, ~262 engine-h left
  [B trend] chunk   120   100 combos  9438.1 s  hit 93.5%  crossed  13  |  11,700/14,815 done, 948.0 engine-h spent, ~252 engine-h left
  [B trend] chunk   113   100 combos  35071.3 s  hit 92.9%  crossed   9  |  11,800/14,815 done, 957.8 engine-h spent, ~245 engine-h left
/Users/jackcuster/Documents/fx-data/code/l2lib.py:1884: RuntimeWarning: overflow encountered in scalar multiply
  st = fr if not np.isfinite(st) else index_smooth * fr + (1 - index_smooth) * st
/Users/jackcuster/Documents/fx-data/code/l2lib.py:1881: RuntimeWarning: overflow encountered in scalar multiply
  sm = r if not np.isfinite(sm) else price_smooth * r + (1 - price_smooth) * sm
/Users/jackcuster/Documents/fx-data/code/l2lib.py:1884: RuntimeWarning: overflow encountered in scalar multiply
  st = fr if not np.isfinite(st) else index_smooth * fr + (1 - index_smooth) * st
/Users/jackcuster/Documents/fx-data/code/l2lib.py:1881: RuntimeWarning: overflow encountered in scalar multiply
  sm = r if not np.isfinite(sm) else price_smooth * r + (1 - price_smooth) * sm
/Users/jackcuster/Documents/fx-data/code/l2lib.py:1884: RuntimeWarning: overflow encountered in scalar multiply
  st = fr if not np.isfinite(st) else index_smooth * fr + (1 - index_smooth) * st
/Users/jackcuster/Documents/fx-data/code/l2lib.py:1881: RuntimeWarning: overflow encountered in scalar multiply
  sm = r if not np.isfinite(sm) else price_smooth * r + (1 - price_smooth) * sm
/Users/jackcuster/Documents/fx-data/code/l2lib.py:1856: RuntimeWarning: overflow encountered in scalar multiply
  fama[i] = .5 * al * mama[i] + (1 - .5 * al) * fama[i - 1]
/Users/jackcuster/Documents/fx-data/code/l2lib.py:1855: RuntimeWarning: overflow encountered in scalar multiply
  mama[i] = al * src[i] + (1 - al) * mama[i - 1]
/Users/jackcuster/Documents/fx-data/code/l2lib.py:1856: RuntimeWarning: invalid value encountered in scalar add
  fama[i] = .5 * al * mama[i] + (1 - .5 * al) * fama[i - 1]
/Users/jackcuster/Documents/fx-data/code/l2lib.py:1856: RuntimeWarning: overflow encountered in scalar add
  fama[i] = .5 * al * mama[i] + (1 - .5 * al) * fama[i - 1]
  [B trend] chunk   104   100 combos  73957.9 s  hit 92.3%  crossed   8  |  11,900/14,815 done, 978.3 engine-h spent, ~240 engine-h left
/Users/jackcuster/Documents/fx-data/code/l2lib.py:1884: RuntimeWarning: overflow encountered in scalar multiply
  st = fr if not np.isfinite(st) else index_smooth * fr + (1 - index_smooth) * st
/Users/jackcuster/Documents/fx-data/code/l2lib.py:1881: RuntimeWarning: overflow encountered in scalar multiply
  sm = r if not np.isfinite(sm) else price_smooth * r + (1 - price_smooth) * sm
/Users/jackcuster/Documents/fx-data/code/l2lib.py:1856: RuntimeWarning: overflow encountered in scalar multiply
  fama[i] = .5 * al * mama[i] + (1 - .5 * al) * fama[i - 1]
/Users/jackcuster/Documents/fx-data/code/l2lib.py:1855: RuntimeWarning: overflow encountered in scalar multiply
  mama[i] = al * src[i] + (1 - al) * mama[i - 1]
/Users/jackcuster/Documents/fx-data/code/l2lib.py:1856: RuntimeWarning: invalid value encountered in scalar add
  fama[i] = .5 * al * mama[i] + (1 - .5 * al) * fama[i - 1]
/Users/jackcuster/Documents/fx-data/code/l2lib.py:1856: RuntimeWarning: overflow encountered in scalar add
  fama[i] = .5 * al * mama[i] + (1 - .5 * al) * fama[i - 1]
/Users/jackcuster/Documents/fx-data/code/l2lib.py:1856: RuntimeWarning: overflow encountered in scalar multiply
  fama[i] = .5 * al * mama[i] + (1 - .5 * al) * fama[i - 1]
/Users/jackcuster/Documents/fx-data/code/l2lib.py:1855: RuntimeWarning: overflow encountered in scalar multiply
  mama[i] = al * src[i] + (1 - al) * mama[i - 1]
/Users/jackcuster/Documents/fx-data/code/l2lib.py:1856: RuntimeWarning: invalid value encountered in scalar add
  fama[i] = .5 * al * mama[i] + (1 - .5 * al) * fama[i - 1]
/Users/jackcuster/Documents/fx-data/code/l2lib.py:1856: RuntimeWarning: overflow encountered in scalar add
  fama[i] = .5 * al * mama[i] + (1 - .5 * al) * fama[i - 1]
  [B trend] chunk   121   100 combos  10753.0 s  hit 93.2%  crossed  17  |  12,000/14,815 done, 981.3 engine-h spent, ~230 engine-h left
/Users/jackcuster/Documents/fx-data/code/l2lib.py:1856: RuntimeWarning: overflow encountered in scalar multiply
  fama[i] = .5 * al * mama[i] + (1 - .5 * al) * fama[i - 1]
/Users/jackcuster/Documents/fx-data/code/l2lib.py:1855: RuntimeWarning: overflow encountered in scalar multiply
  mama[i] = al * src[i] + (1 - al) * mama[i - 1]
/Users/jackcuster/Documents/fx-data/code/l2lib.py:1856: RuntimeWarning: invalid value encountered in scalar add
  fama[i] = .5 * al * mama[i] + (1 - .5 * al) * fama[i - 1]
/Users/jackcuster/Documents/fx-data/code/l2lib.py:1856: RuntimeWarning: overflow encountered in scalar add
  fama[i] = .5 * al * mama[i] + (1 - .5 * al) * fama[i - 1]
  [B trend] chunk   123   100 combos  9310.5 s  hit 93.3%  crossed   7  |  12,100/14,815 done, 983.9 engine-h spent, ~221 engine-h left
/Users/jackcuster/Documents/fx-data/code/l2lib.py:1884: RuntimeWarning: overflow encountered in scalar multiply
  st = fr if not np.isfinite(st) else index_smooth * fr + (1 - index_smooth) * st
/Users/jackcuster/Documents/fx-data/code/l2lib.py:1881: RuntimeWarning: overflow encountered in scalar multiply
  sm = r if not np.isfinite(sm) else price_smooth * r + (1 - price_smooth) * sm
  [B trend] chunk   118   100 combos  23054.9 s  hit 93.0%  crossed  13  |  12,200/14,815 done, 990.3 engine-h spent, ~212 engine-h left
/Users/jackcuster/Documents/fx-data/code/l2lib.py:1856: RuntimeWarning: overflow encountered in scalar multiply
  fama[i] = .5 * al * mama[i] + (1 - .5 * al) * fama[i - 1]
/Users/jackcuster/Documents/fx-data/code/l2lib.py:1855: RuntimeWarning: overflow encountered in scalar multiply
  mama[i] = al * src[i] + (1 - al) * mama[i - 1]
/Users/jackcuster/Documents/fx-data/code/l2lib.py:1856: RuntimeWarning: invalid value encountered in scalar add
  fama[i] = .5 * al * mama[i] + (1 - .5 * al) * fama[i - 1]
/Users/jackcuster/Documents/fx-data/code/l2lib.py:1856: RuntimeWarning: overflow encountered in scalar add
  fama[i] = .5 * al * mama[i] + (1 - .5 * al) * fama[i - 1]
/Users/jackcuster/Documents/fx-data/code/l2lib.py:1884: RuntimeWarning: overflow encountered in scalar multiply
  st = fr if not np.isfinite(st) else index_smooth * fr + (1 - index_smooth) * st
/Users/jackcuster/Documents/fx-data/code/l2lib.py:1881: RuntimeWarning: overflow encountered in scalar multiply
  sm = r if not np.isfinite(sm) else price_smooth * r + (1 - price_smooth) * sm
/Users/jackcuster/Documents/fx-data/code/l2lib.py:1856: RuntimeWarning: overflow encountered in scalar multiply
  fama[i] = .5 * al * mama[i] + (1 - .5 * al) * fama[i - 1]
/Users/jackcuster/Documents/fx-data/code/l2lib.py:1855: RuntimeWarning: overflow encountered in scalar multiply
  mama[i] = al * src[i] + (1 - al) * mama[i - 1]
/Users/jackcuster/Documents/fx-data/code/l2lib.py:1856: RuntimeWarning: invalid value encountered in scalar add
  fama[i] = .5 * al * mama[i] + (1 - .5 * al) * fama[i - 1]
/Users/jackcuster/Documents/fx-data/code/l2lib.py:1856: RuntimeWarning: overflow encountered in scalar add
  fama[i] = .5 * al * mama[i] + (1 - .5 * al) * fama[i - 1]
  [B trend] chunk   124   100 combos  17776.3 s  hit 91.4%  crossed  10  |  12,300/14,815 done, 995.2 engine-h spent, ~204 engine-h left
/Users/jackcuster/Documents/fx-data/code/l2lib.py:1884: RuntimeWarning: overflow encountered in scalar multiply
  st = fr if not np.isfinite(st) else index_smooth * fr + (1 - index_smooth) * st
/Users/jackcuster/Documents/fx-data/code/l2lib.py:1881: RuntimeWarning: overflow encountered in scalar multiply
  sm = r if not np.isfinite(sm) else price_smooth * r + (1 - price_smooth) * sm
/Users/jackcuster/Documents/fx-data/code/l2lib.py:1884: RuntimeWarning: overflow encountered in scalar multiply
  st = fr if not np.isfinite(st) else index_smooth * fr + (1 - index_smooth) * st
/Users/jackcuster/Documents/fx-data/code/l2lib.py:1881: RuntimeWarning: overflow encountered in scalar multiply
  sm = r if not np.isfinite(sm) else price_smooth * r + (1 - price_smooth) * sm
/Users/jackcuster/Documents/fx-data/code/l2lib.py:1856: RuntimeWarning: overflow encountered in scalar multiply
  fama[i] = .5 * al * mama[i] + (1 - .5 * al) * fama[i - 1]
/Users/jackcuster/Documents/fx-data/code/l2lib.py:1855: RuntimeWarning: overflow encountered in scalar multiply
  mama[i] = al * src[i] + (1 - al) * mama[i - 1]
/Users/jackcuster/Documents/fx-data/code/l2lib.py:1856: RuntimeWarning: invalid value encountered in scalar add
  fama[i] = .5 * al * mama[i] + (1 - .5 * al) * fama[i - 1]
/Users/jackcuster/Documents/fx-data/code/l2lib.py:1856: RuntimeWarning: overflow encountered in scalar add
  fama[i] = .5 * al * mama[i] + (1 - .5 * al) * fama[i - 1]
  [B trend] chunk   128   100 combos  12832.1 s  hit 92.6%  crossed  11  |  12,400/14,815 done, 998.8 engine-h spent, ~194 engine-h left
  [B trend] chunk   125   100 combos  21628.0 s  hit 93.2%  crossed  13  |  12,500/14,815 done, 1004.8 engine-h spent, ~186 engine-h left
/Users/jackcuster/Documents/fx-data/code/l2lib.py:1884: RuntimeWarning: overflow encountered in scalar multiply
  st = fr if not np.isfinite(st) else index_smooth * fr + (1 - index_smooth) * st
/Users/jackcuster/Documents/fx-data/code/l2lib.py:1881: RuntimeWarning: overflow encountered in scalar multiply
  sm = r if not np.isfinite(sm) else price_smooth * r + (1 - price_smooth) * sm
/Users/jackcuster/Documents/fx-data/code/l2pine.py:164: RuntimeWarning: invalid value encountered in divide
  return (W * w).sum(axis=1) / w.sum()
/Users/jackcuster/Documents/fx-data/code/l2lib.py:1884: RuntimeWarning: overflow encountered in scalar multiply
  st = fr if not np.isfinite(st) else index_smooth * fr + (1 - index_smooth) * st
/Users/jackcuster/Documents/fx-data/code/l2lib.py:1881: RuntimeWarning: overflow encountered in scalar multiply
  sm = r if not np.isfinite(sm) else price_smooth * r + (1 - price_smooth) * sm
/Users/jackcuster/Documents/fx-data/code/l2pine.py:164: RuntimeWarning: invalid value encountered in divide
  return (W * w).sum(axis=1) / w.sum()
/Users/jackcuster/Documents/fx-data/code/l2lib.py:1856: RuntimeWarning: overflow encountered in scalar multiply
  fama[i] = .5 * al * mama[i] + (1 - .5 * al) * fama[i - 1]
/Users/jackcuster/Documents/fx-data/code/l2lib.py:1855: RuntimeWarning: overflow encountered in scalar multiply
  mama[i] = al * src[i] + (1 - al) * mama[i - 1]
/Users/jackcuster/Documents/fx-data/code/l2lib.py:1856: RuntimeWarning: invalid value encountered in scalar add
  fama[i] = .5 * al * mama[i] + (1 - .5 * al) * fama[i - 1]
/Users/jackcuster/Documents/fx-data/code/l2lib.py:1856: RuntimeWarning: overflow encountered in scalar add
  fama[i] = .5 * al * mama[i] + (1 - .5 * al) * fama[i - 1]
  [B trend] chunk   126   100 combos  19739.1 s  hit 93.4%  crossed   6  |  12,600/14,815 done, 1010.3 engine-h spent, ~178 engine-h left
/Users/jackcuster/Documents/fx-data/code/l2lib.py:1856: RuntimeWarning: overflow encountered in scalar multiply
  fama[i] = .5 * al * mama[i] + (1 - .5 * al) * fama[i - 1]
/Users/jackcuster/Documents/fx-data/code/l2lib.py:1855: RuntimeWarning: overflow encountered in scalar multiply
  mama[i] = al * src[i] + (1 - al) * mama[i - 1]
/Users/jackcuster/Documents/fx-data/code/l2lib.py:1856: RuntimeWarning: invalid value encountered in scalar add
  fama[i] = .5 * al * mama[i] + (1 - .5 * al) * fama[i - 1]
/Users/jackcuster/Documents/fx-data/code/l2lib.py:1856: RuntimeWarning: overflow encountered in scalar add
  fama[i] = .5 * al * mama[i] + (1 - .5 * al) * fama[i - 1]
  [B trend] chunk   130   100 combos  6867.5 s  hit 93.9%  crossed   9  |  12,700/14,815 done, 1012.2 engine-h spent, ~169 engine-h left
/Users/jackcuster/Documents/fx-data/code/l2lib.py:1884: RuntimeWarning: overflow encountered in scalar multiply
  st = fr if not np.isfinite(st) else index_smooth * fr + (1 - index_smooth) * st
/Users/jackcuster/Documents/fx-data/code/l2lib.py:1881: RuntimeWarning: overflow encountered in scalar multiply
  sm = r if not np.isfinite(sm) else price_smooth * r + (1 - price_smooth) * sm
  [B trend] chunk   129   100 combos  18496.7 s  hit 93.1%  crossed  12  |  12,800/14,815 done, 1017.4 engine-h spent, ~160 engine-h left
/Users/jackcuster/Documents/fx-data/code/l2lib.py:1884: RuntimeWarning: overflow encountered in scalar multiply
  st = fr if not np.isfinite(st) else index_smooth * fr + (1 - index_smooth) * st
/Users/jackcuster/Documents/fx-data/code/l2lib.py:1881: RuntimeWarning: overflow encountered in scalar multiply
  sm = r if not np.isfinite(sm) else price_smooth * r + (1 - price_smooth) * sm
/Users/jackcuster/Documents/fx-data/code/l2lib.py:1856: RuntimeWarning: overflow encountered in scalar multiply
  fama[i] = .5 * al * mama[i] + (1 - .5 * al) * fama[i - 1]
/Users/jackcuster/Documents/fx-data/code/l2lib.py:1855: RuntimeWarning: overflow encountered in scalar multiply
  mama[i] = al * src[i] + (1 - al) * mama[i - 1]
/Users/jackcuster/Documents/fx-data/code/l2lib.py:1856: RuntimeWarning: invalid value encountered in scalar add
  fama[i] = .5 * al * mama[i] + (1 - .5 * al) * fama[i - 1]
/Users/jackcuster/Documents/fx-data/code/l2lib.py:1856: RuntimeWarning: overflow encountered in scalar add
  fama[i] = .5 * al * mama[i] + (1 - .5 * al) * fama[i - 1]
/Users/jackcuster/Documents/fx-data/code/l2lib.py:1856: RuntimeWarning: overflow encountered in scalar multiply
  fama[i] = .5 * al * mama[i] + (1 - .5 * al) * fama[i - 1]
/Users/jackcuster/Documents/fx-data/code/l2lib.py:1855: RuntimeWarning: overflow encountered in scalar multiply
  mama[i] = al * src[i] + (1 - al) * mama[i - 1]
/Users/jackcuster/Documents/fx-data/code/l2lib.py:1856: RuntimeWarning: invalid value encountered in scalar add
  fama[i] = .5 * al * mama[i] + (1 - .5 * al) * fama[i - 1]
/Users/jackcuster/Documents/fx-data/code/l2lib.py:1856: RuntimeWarning: overflow encountered in scalar add
  fama[i] = .5 * al * mama[i] + (1 - .5 * al) * fama[i - 1]
/Users/jackcuster/Documents/fx-data/code/l2pine.py:164: RuntimeWarning: invalid value encountered in divide
  return (W * w).sum(axis=1) / w.sum()
/Users/jackcuster/Documents/fx-data/code/l2lib.py:1884: RuntimeWarning: overflow encountered in scalar multiply
  st = fr if not np.isfinite(st) else index_smooth * fr + (1 - index_smooth) * st
/Users/jackcuster/Documents/fx-data/code/l2lib.py:1881: RuntimeWarning: overflow encountered in scalar multiply
  sm = r if not np.isfinite(sm) else price_smooth * r + (1 - price_smooth) * sm
/Users/jackcuster/Documents/fx-data/code/l2pine.py:164: RuntimeWarning: invalid value encountered in divide
  return (W * w).sum(axis=1) / w.sum()
  [B trend] chunk   132   100 combos  13493.7 s  hit 93.6%  crossed  11  |  12,900/14,815 done, 1021.1 engine-h spent, ~152 engine-h left
/Users/jackcuster/Documents/fx-data/code/l2lib.py:1884: RuntimeWarning: overflow encountered in scalar multiply
  st = fr if not np.isfinite(st) else index_smooth * fr + (1 - index_smooth) * st
/Users/jackcuster/Documents/fx-data/code/l2lib.py:1881: RuntimeWarning: overflow encountered in scalar multiply
  sm = r if not np.isfinite(sm) else price_smooth * r + (1 - price_smooth) * sm
/Users/jackcuster/Documents/fx-data/code/l2pine.py:164: RuntimeWarning: invalid value encountered in divide
  return (W * w).sum(axis=1) / w.sum()
/Users/jackcuster/Documents/fx-data/code/l2pine.py:164: RuntimeWarning: invalid value encountered in divide
  return (W * w).sum(axis=1) / w.sum()
  [B trend] chunk   117   100 combos  51608.5 s  hit 92.8%  crossed   9  |  13,000/14,815 done, 1035.4 engine-h spent, ~145 engine-h left
/Users/jackcuster/Documents/fx-data/code/l2lib.py:1856: RuntimeWarning: overflow encountered in scalar multiply
  fama[i] = .5 * al * mama[i] + (1 - .5 * al) * fama[i - 1]
/Users/jackcuster/Documents/fx-data/code/l2lib.py:1855: RuntimeWarning: overflow encountered in scalar multiply
  mama[i] = al * src[i] + (1 - al) * mama[i - 1]
/Users/jackcuster/Documents/fx-data/code/l2lib.py:1856: RuntimeWarning: invalid value encountered in scalar add
  fama[i] = .5 * al * mama[i] + (1 - .5 * al) * fama[i - 1]
/Users/jackcuster/Documents/fx-data/code/l2lib.py:1856: RuntimeWarning: overflow encountered in scalar add
  fama[i] = .5 * al * mama[i] + (1 - .5 * al) * fama[i - 1]
  [B trend] chunk   135   100 combos  11082.4 s  hit 93.5%  crossed  12  |  13,100/14,815 done, 1038.5 engine-h spent, ~136 engine-h left
/Users/jackcuster/Documents/fx-data/code/l2lib.py:1884: RuntimeWarning: overflow encountered in scalar multiply
  st = fr if not np.isfinite(st) else index_smooth * fr + (1 - index_smooth) * st
/Users/jackcuster/Documents/fx-data/code/l2lib.py:1881: RuntimeWarning: overflow encountered in scalar multiply
  sm = r if not np.isfinite(sm) else price_smooth * r + (1 - price_smooth) * sm
/Users/jackcuster/Documents/fx-data/code/l2lib.py:1884: RuntimeWarning: overflow encountered in scalar multiply
  st = fr if not np.isfinite(st) else index_smooth * fr + (1 - index_smooth) * st
/Users/jackcuster/Documents/fx-data/code/l2lib.py:1881: RuntimeWarning: overflow encountered in scalar multiply
  sm = r if not np.isfinite(sm) else price_smooth * r + (1 - price_smooth) * sm
/Users/jackcuster/Documents/fx-data/code/l2lib.py:1856: RuntimeWarning: overflow encountered in scalar multiply
  fama[i] = .5 * al * mama[i] + (1 - .5 * al) * fama[i - 1]
/Users/jackcuster/Documents/fx-data/code/l2lib.py:1855: RuntimeWarning: overflow encountered in scalar multiply
  mama[i] = al * src[i] + (1 - al) * mama[i - 1]
/Users/jackcuster/Documents/fx-data/code/l2lib.py:1856: RuntimeWarning: invalid value encountered in scalar add
  fama[i] = .5 * al * mama[i] + (1 - .5 * al) * fama[i - 1]
/Users/jackcuster/Documents/fx-data/code/l2lib.py:1856: RuntimeWarning: overflow encountered in scalar add
  fama[i] = .5 * al * mama[i] + (1 - .5 * al) * fama[i - 1]
/Users/jackcuster/Documents/fx-data/code/l2pine.py:164: RuntimeWarning: invalid value encountered in divide
  return (W * w).sum(axis=1) / w.sum()
  [B trend] chunk   133   100 combos  18660.6 s  hit 91.7%  crossed   8  |  13,200/14,815 done, 1043.7 engine-h spent, ~128 engine-h left
/Users/jackcuster/Documents/fx-data/code/l2lib.py:1856: RuntimeWarning: overflow encountered in scalar multiply
  fama[i] = .5 * al * mama[i] + (1 - .5 * al) * fama[i - 1]
/Users/jackcuster/Documents/fx-data/code/l2lib.py:1855: RuntimeWarning: overflow encountered in scalar multiply
  mama[i] = al * src[i] + (1 - al) * mama[i - 1]
/Users/jackcuster/Documents/fx-data/code/l2lib.py:1856: RuntimeWarning: invalid value encountered in scalar add
  fama[i] = .5 * al * mama[i] + (1 - .5 * al) * fama[i - 1]
/Users/jackcuster/Documents/fx-data/code/l2lib.py:1856: RuntimeWarning: overflow encountered in scalar add
  fama[i] = .5 * al * mama[i] + (1 - .5 * al) * fama[i - 1]
/Users/jackcuster/Documents/fx-data/code/l2lib.py:1884: RuntimeWarning: overflow encountered in scalar multiply
  st = fr if not np.isfinite(st) else index_smooth * fr + (1 - index_smooth) * st
/Users/jackcuster/Documents/fx-data/code/l2lib.py:1881: RuntimeWarning: overflow encountered in scalar multiply
  sm = r if not np.isfinite(sm) else price_smooth * r + (1 - price_smooth) * sm
  [B trend] chunk   134   100 combos  21951.5 s  hit 93.4%  crossed  10  |  13,300/14,815 done, 1049.8 engine-h spent, ~120 engine-h left
/Users/jackcuster/Documents/fx-data/code/l2lib.py:1856: RuntimeWarning: overflow encountered in scalar multiply
  fama[i] = .5 * al * mama[i] + (1 - .5 * al) * fama[i - 1]
/Users/jackcuster/Documents/fx-data/code/l2lib.py:1855: RuntimeWarning: overflow encountered in scalar multiply
  mama[i] = al * src[i] + (1 - al) * mama[i - 1]
/Users/jackcuster/Documents/fx-data/code/l2lib.py:1856: RuntimeWarning: invalid value encountered in scalar add
  fama[i] = .5 * al * mama[i] + (1 - .5 * al) * fama[i - 1]
/Users/jackcuster/Documents/fx-data/code/l2lib.py:1856: RuntimeWarning: overflow encountered in scalar add
  fama[i] = .5 * al * mama[i] + (1 - .5 * al) * fama[i - 1]
/Users/jackcuster/Documents/fx-data/code/l2lib.py:1856: RuntimeWarning: overflow encountered in scalar multiply
  fama[i] = .5 * al * mama[i] + (1 - .5 * al) * fama[i - 1]
/Users/jackcuster/Documents/fx-data/code/l2lib.py:1855: RuntimeWarning: overflow encountered in scalar multiply
  mama[i] = al * src[i] + (1 - al) * mama[i - 1]
/Users/jackcuster/Documents/fx-data/code/l2lib.py:1856: RuntimeWarning: invalid value encountered in scalar add
  fama[i] = .5 * al * mama[i] + (1 - .5 * al) * fama[i - 1]
/Users/jackcuster/Documents/fx-data/code/l2lib.py:1856: RuntimeWarning: overflow encountered in scalar add
  fama[i] = .5 * al * mama[i] + (1 - .5 * al) * fama[i - 1]
/Users/jackcuster/Documents/fx-data/code/l2lib.py:1856: RuntimeWarning: overflow encountered in scalar multiply
  fama[i] = .5 * al * mama[i] + (1 - .5 * al) * fama[i - 1]
/Users/jackcuster/Documents/fx-data/code/l2lib.py:1855: RuntimeWarning: overflow encountered in scalar multiply
  mama[i] = al * src[i] + (1 - al) * mama[i - 1]
/Users/jackcuster/Documents/fx-data/code/l2lib.py:1856: RuntimeWarning: invalid value encountered in scalar add
  fama[i] = .5 * al * mama[i] + (1 - .5 * al) * fama[i - 1]
/Users/jackcuster/Documents/fx-data/code/l2lib.py:1856: RuntimeWarning: overflow encountered in scalar add
  fama[i] = .5 * al * mama[i] + (1 - .5 * al) * fama[i - 1]
/Users/jackcuster/Documents/fx-data/code/l2lib.py:1884: RuntimeWarning: overflow encountered in scalar multiply
  st = fr if not np.isfinite(st) else index_smooth * fr + (1 - index_smooth) * st
/Users/jackcuster/Documents/fx-data/code/l2lib.py:1881: RuntimeWarning: overflow encountered in scalar multiply
  sm = r if not np.isfinite(sm) else price_smooth * r + (1 - price_smooth) * sm
/Users/jackcuster/Documents/fx-data/code/l2lib.py:1856: RuntimeWarning: overflow encountered in scalar multiply
  fama[i] = .5 * al * mama[i] + (1 - .5 * al) * fama[i - 1]
/Users/jackcuster/Documents/fx-data/code/l2lib.py:1855: RuntimeWarning: overflow encountered in scalar multiply
  mama[i] = al * src[i] + (1 - al) * mama[i - 1]
/Users/jackcuster/Documents/fx-data/code/l2lib.py:1856: RuntimeWarning: invalid value encountered in scalar add
  fama[i] = .5 * al * mama[i] + (1 - .5 * al) * fama[i - 1]
/Users/jackcuster/Documents/fx-data/code/l2lib.py:1856: RuntimeWarning: overflow encountered in scalar add
  fama[i] = .5 * al * mama[i] + (1 - .5 * al) * fama[i - 1]
  [B trend] chunk   127   100 combos  46139.6 s  hit 92.5%  crossed  13  |  13,400/14,815 done, 1062.6 engine-h spent, ~112 engine-h left
  [B trend] chunk   137   100 combos  17106.5 s  hit 93.2%  crossed  14  |  13,500/14,815 done, 1067.4 engine-h spent, ~104 engine-h left
  [B trend] chunk   138   100 combos  15047.2 s  hit 92.3%  crossed  19  |  13,600/14,815 done, 1071.5 engine-h spent, ~96 engine-h left
/Users/jackcuster/Documents/fx-data/code/l2lib.py:1856: RuntimeWarning: overflow encountered in scalar multiply
  fama[i] = .5 * al * mama[i] + (1 - .5 * al) * fama[i - 1]
/Users/jackcuster/Documents/fx-data/code/l2lib.py:1855: RuntimeWarning: overflow encountered in scalar multiply
  mama[i] = al * src[i] + (1 - al) * mama[i - 1]
/Users/jackcuster/Documents/fx-data/code/l2lib.py:1856: RuntimeWarning: invalid value encountered in scalar add
  fama[i] = .5 * al * mama[i] + (1 - .5 * al) * fama[i - 1]
/Users/jackcuster/Documents/fx-data/code/l2lib.py:1856: RuntimeWarning: overflow encountered in scalar add
  fama[i] = .5 * al * mama[i] + (1 - .5 * al) * fama[i - 1]
/Users/jackcuster/Documents/fx-data/code/l2lib.py:1884: RuntimeWarning: overflow encountered in scalar multiply
  st = fr if not np.isfinite(st) else index_smooth * fr + (1 - index_smooth) * st
/Users/jackcuster/Documents/fx-data/code/l2lib.py:1881: RuntimeWarning: overflow encountered in scalar multiply
  sm = r if not np.isfinite(sm) else price_smooth * r + (1 - price_smooth) * sm
/Users/jackcuster/Documents/fx-data/code/l2lib.py:1884: RuntimeWarning: overflow encountered in scalar multiply
  st = fr if not np.isfinite(st) else index_smooth * fr + (1 - index_smooth) * st
/Users/jackcuster/Documents/fx-data/code/l2lib.py:1881: RuntimeWarning: overflow encountered in scalar multiply
  sm = r if not np.isfinite(sm) else price_smooth * r + (1 - price_smooth) * sm
  [B trend] chunk   139   100 combos  13280.7 s  hit 93.5%  crossed  16  |  13,700/14,815 done, 1075.2 engine-h spent, ~88 engine-h left
/Users/jackcuster/Documents/fx-data/code/l2pine.py:164: RuntimeWarning: invalid value encountered in divide
  return (W * w).sum(axis=1) / w.sum()
  [B trend] chunk   140   100 combos  11562.6 s  hit 93.6%  crossed  13  |  13,800/14,815 done, 1078.4 engine-h spent, ~79 engine-h left
/Users/jackcuster/Documents/fx-data/code/l2lib.py:1856: RuntimeWarning: overflow encountered in scalar multiply
  fama[i] = .5 * al * mama[i] + (1 - .5 * al) * fama[i - 1]
/Users/jackcuster/Documents/fx-data/code/l2lib.py:1855: RuntimeWarning: overflow encountered in scalar multiply
  mama[i] = al * src[i] + (1 - al) * mama[i - 1]
/Users/jackcuster/Documents/fx-data/code/l2lib.py:1856: RuntimeWarning: invalid value encountered in scalar add
  fama[i] = .5 * al * mama[i] + (1 - .5 * al) * fama[i - 1]
/Users/jackcuster/Documents/fx-data/code/l2lib.py:1856: RuntimeWarning: overflow encountered in scalar add
  fama[i] = .5 * al * mama[i] + (1 - .5 * al) * fama[i - 1]
/Users/jackcuster/Documents/fx-data/code/l2lib.py:1856: RuntimeWarning: overflow encountered in scalar multiply
  fama[i] = .5 * al * mama[i] + (1 - .5 * al) * fama[i - 1]
/Users/jackcuster/Documents/fx-data/code/l2lib.py:1855: RuntimeWarning: overflow encountered in scalar multiply
  mama[i] = al * src[i] + (1 - al) * mama[i - 1]
/Users/jackcuster/Documents/fx-data/code/l2lib.py:1856: RuntimeWarning: invalid value encountered in scalar add
  fama[i] = .5 * al * mama[i] + (1 - .5 * al) * fama[i - 1]
/Users/jackcuster/Documents/fx-data/code/l2lib.py:1856: RuntimeWarning: overflow encountered in scalar add
  fama[i] = .5 * al * mama[i] + (1 - .5 * al) * fama[i - 1]
/Users/jackcuster/Documents/fx-data/code/l2lib.py:1856: RuntimeWarning: overflow encountered in scalar multiply
  fama[i] = .5 * al * mama[i] + (1 - .5 * al) * fama[i - 1]
/Users/jackcuster/Documents/fx-data/code/l2lib.py:1855: RuntimeWarning: overflow encountered in scalar multiply
  mama[i] = al * src[i] + (1 - al) * mama[i - 1]
/Users/jackcuster/Documents/fx-data/code/l2lib.py:1856: RuntimeWarning: invalid value encountered in scalar add
  fama[i] = .5 * al * mama[i] + (1 - .5 * al) * fama[i - 1]
/Users/jackcuster/Documents/fx-data/code/l2lib.py:1856: RuntimeWarning: overflow encountered in scalar add
  fama[i] = .5 * al * mama[i] + (1 - .5 * al) * fama[i - 1]
/Users/jackcuster/Documents/fx-data/code/l2lib.py:1884: RuntimeWarning: overflow encountered in scalar multiply
  st = fr if not np.isfinite(st) else index_smooth * fr + (1 - index_smooth) * st
/Users/jackcuster/Documents/fx-data/code/l2lib.py:1881: RuntimeWarning: overflow encountered in scalar multiply
  sm = r if not np.isfinite(sm) else price_smooth * r + (1 - price_smooth) * sm
/Users/jackcuster/Documents/fx-data/code/l2lib.py:1856: RuntimeWarning: overflow encountered in scalar multiply
  fama[i] = .5 * al * mama[i] + (1 - .5 * al) * fama[i - 1]
/Users/jackcuster/Documents/fx-data/code/l2lib.py:1855: RuntimeWarning: overflow encountered in scalar multiply
  mama[i] = al * src[i] + (1 - al) * mama[i - 1]
/Users/jackcuster/Documents/fx-data/code/l2lib.py:1856: RuntimeWarning: invalid value encountered in scalar add
  fama[i] = .5 * al * mama[i] + (1 - .5 * al) * fama[i - 1]
/Users/jackcuster/Documents/fx-data/code/l2lib.py:1856: RuntimeWarning: overflow encountered in scalar add
  fama[i] = .5 * al * mama[i] + (1 - .5 * al) * fama[i - 1]
/Users/jackcuster/Documents/fx-data/code/l2lib.py:1856: RuntimeWarning: overflow encountered in scalar multiply
  fama[i] = .5 * al * mama[i] + (1 - .5 * al) * fama[i - 1]
/Users/jackcuster/Documents/fx-data/code/l2lib.py:1855: RuntimeWarning: overflow encountered in scalar multiply
  mama[i] = al * src[i] + (1 - al) * mama[i - 1]
/Users/jackcuster/Documents/fx-data/code/l2lib.py:1856: RuntimeWarning: invalid value encountered in scalar add
  fama[i] = .5 * al * mama[i] + (1 - .5 * al) * fama[i - 1]
/Users/jackcuster/Documents/fx-data/code/l2lib.py:1856: RuntimeWarning: overflow encountered in scalar add
  fama[i] = .5 * al * mama[i] + (1 - .5 * al) * fama[i - 1]
/Users/jackcuster/Documents/fx-data/code/l2lib.py:1884: RuntimeWarning: overflow encountered in scalar multiply
  st = fr if not np.isfinite(st) else index_smooth * fr + (1 - index_smooth) * st
/Users/jackcuster/Documents/fx-data/code/l2lib.py:1881: RuntimeWarning: overflow encountered in scalar multiply
  sm = r if not np.isfinite(sm) else price_smooth * r + (1 - price_smooth) * sm
  [B trend] chunk   122   100 combos  66211.1 s  hit 92.5%  crossed  17  |  13,900/14,815 done, 1096.8 engine-h spent, ~72 engine-h left
/Users/jackcuster/Documents/fx-data/code/l2pine.py:164: RuntimeWarning: invalid value encountered in divide
  return (W * w).sum(axis=1) / w.sum()
/Users/jackcuster/Documents/fx-data/code/l2lib.py:1884: RuntimeWarning: overflow encountered in scalar multiply
  st = fr if not np.isfinite(st) else index_smooth * fr + (1 - index_smooth) * st
/Users/jackcuster/Documents/fx-data/code/l2lib.py:1881: RuntimeWarning: overflow encountered in scalar multiply
  sm = r if not np.isfinite(sm) else price_smooth * r + (1 - price_smooth) * sm
/Users/jackcuster/Documents/fx-data/code/l2lib.py:1884: RuntimeWarning: overflow encountered in scalar multiply
  st = fr if not np.isfinite(st) else index_smooth * fr + (1 - index_smooth) * st
/Users/jackcuster/Documents/fx-data/code/l2lib.py:1881: RuntimeWarning: overflow encountered in scalar multiply
  sm = r if not np.isfinite(sm) else price_smooth * r + (1 - price_smooth) * sm
  [B trend] chunk   144   100 combos  14539.5 s  hit 93.3%  crossed  14  |  14,000/14,815 done, 1100.9 engine-h spent, ~64 engine-h left
  [B trend] chunk   142   100 combos  18403.2 s  hit 93.1%  crossed  11  |  14,100/14,815 done, 1106.0 engine-h spent, ~56 engine-h left
/Users/jackcuster/Documents/fx-data/code/l2lib.py:1856: RuntimeWarning: overflow encountered in scalar multiply
  fama[i] = .5 * al * mama[i] + (1 - .5 * al) * fama[i - 1]
/Users/jackcuster/Documents/fx-data/code/l2lib.py:1855: RuntimeWarning: overflow encountered in scalar multiply
  mama[i] = al * src[i] + (1 - al) * mama[i - 1]
/Users/jackcuster/Documents/fx-data/code/l2lib.py:1856: RuntimeWarning: invalid value encountered in scalar add
  fama[i] = .5 * al * mama[i] + (1 - .5 * al) * fama[i - 1]
/Users/jackcuster/Documents/fx-data/code/l2lib.py:1856: RuntimeWarning: overflow encountered in scalar add
  fama[i] = .5 * al * mama[i] + (1 - .5 * al) * fama[i - 1]
/Users/jackcuster/Documents/fx-data/code/l2lib.py:1884: RuntimeWarning: overflow encountered in scalar multiply
  st = fr if not np.isfinite(st) else index_smooth * fr + (1 - index_smooth) * st
/Users/jackcuster/Documents/fx-data/code/l2lib.py:1881: RuntimeWarning: overflow encountered in scalar multiply
  sm = r if not np.isfinite(sm) else price_smooth * r + (1 - price_smooth) * sm
  [B trend] chunk   143   100 combos  19368.0 s  hit 91.5%  crossed  11  |  14,200/14,815 done, 1111.4 engine-h spent, ~48 engine-h left
  [B trend] chunk   131   100 combos  52011.0 s  hit 92.8%  crossed   9  |  14,300/14,815 done, 1125.8 engine-h spent, ~40 engine-h left
  [B trend] chunk   148    15 combos  2622.7 s  hit 92.2%  crossed   4  |  14,315/14,815 done, 1126.5 engine-h spent, ~39 engine-h left
/Users/jackcuster/Documents/fx-data/code/l2lib.py:1856: RuntimeWarning: overflow encountered in scalar multiply
  fama[i] = .5 * al * mama[i] + (1 - .5 * al) * fama[i - 1]
/Users/jackcuster/Documents/fx-data/code/l2lib.py:1855: RuntimeWarning: overflow encountered in scalar multiply
  mama[i] = al * src[i] + (1 - al) * mama[i - 1]
/Users/jackcuster/Documents/fx-data/code/l2lib.py:1856: RuntimeWarning: invalid value encountered in scalar add
  fama[i] = .5 * al * mama[i] + (1 - .5 * al) * fama[i - 1]
/Users/jackcuster/Documents/fx-data/code/l2lib.py:1856: RuntimeWarning: overflow encountered in scalar add
  fama[i] = .5 * al * mama[i] + (1 - .5 * al) * fama[i - 1]
/Users/jackcuster/Documents/fx-data/code/l2lib.py:1884: RuntimeWarning: overflow encountered in scalar multiply
  st = fr if not np.isfinite(st) else index_smooth * fr + (1 - index_smooth) * st
/Users/jackcuster/Documents/fx-data/code/l2lib.py:1881: RuntimeWarning: overflow encountered in scalar multiply
  sm = r if not np.isfinite(sm) else price_smooth * r + (1 - price_smooth) * sm
  [B trend] chunk   146   100 combos  18974.9 s  hit 93.1%  crossed  14  |  14,415/14,815 done, 1131.8 engine-h spent, ~31 engine-h left
  [B trend] chunk   136   100 combos  56809.4 s  hit 92.5%  crossed  13  |  14,515/14,815 done, 1147.6 engine-h spent, ~24 engine-h left
  [B trend] chunk   147   100 combos  22125.0 s  hit 92.1%  crossed   9  |  14,615/14,815 done, 1153.7 engine-h spent, ~16 engine-h left
  [B trend] chunk   145   100 combos  35712.3 s  hit 93.0%  crossed  10  |  14,715/14,815 done, 1163.7 engine-h spent, ~8 engine-h left
  [B trend] chunk   141   100 combos  58272.1 s  hit 92.3%  crossed  12  |  14,815/14,815 done, 1179.8 engine-h spent, ~0 engine-h left
GATE 2 mode B chop: 5,030 combinations, 51 chunks queued, 8 workers
/Users/jackcuster/Documents/fx-data/code/l2lib.py:1881: RuntimeWarning: overflow encountered in scalar multiply
  sm = r if not np.isfinite(sm) else price_smooth * r + (1 - price_smooth) * sm
/Users/jackcuster/Documents/fx-data/code/l2lib.py:1884: RuntimeWarning: overflow encountered in scalar multiply
  st = fr if not np.isfinite(st) else index_smooth * fr + (1 - index_smooth) * st
/Users/jackcuster/Documents/fx-data/code/l2pine.py:164: RuntimeWarning: invalid value encountered in divide
  return (W * w).sum(axis=1) / w.sum()
/Users/jackcuster/Documents/fx-data/code/l2pine.py:164: RuntimeWarning: invalid value encountered in divide
  return (W * w).sum(axis=1) / w.sum()
/Users/jackcuster/Documents/fx-data/code/l2lib.py:1856: RuntimeWarning: overflow encountered in scalar multiply
  fama[i] = .5 * al * mama[i] + (1 - .5 * al) * fama[i - 1]
/Users/jackcuster/Documents/fx-data/code/l2lib.py:1855: RuntimeWarning: overflow encountered in scalar multiply
  mama[i] = al * src[i] + (1 - al) * mama[i - 1]
/Users/jackcuster/Documents/fx-data/code/l2lib.py:1856: RuntimeWarning: invalid value encountered in scalar add
  fama[i] = .5 * al * mama[i] + (1 - .5 * al) * fama[i - 1]
/Users/jackcuster/Documents/fx-data/code/l2lib.py:1856: RuntimeWarning: overflow encountered in scalar add
  fama[i] = .5 * al * mama[i] + (1 - .5 * al) * fama[i - 1]
/Users/jackcuster/Documents/fx-data/code/l2lib.py:1881: RuntimeWarning: overflow encountered in scalar multiply
  sm = r if not np.isfinite(sm) else price_smooth * r + (1 - price_smooth) * sm
/Users/jackcuster/Documents/fx-data/code/l2lib.py:1884: RuntimeWarning: overflow encountered in scalar multiply
  st = fr if not np.isfinite(st) else index_smooth * fr + (1 - index_smooth) * st
/Users/jackcuster/Documents/fx-data/code/l2pine.py:164: RuntimeWarning: invalid value encountered in divide
  return (W * w).sum(axis=1) / w.sum()
/Users/jackcuster/Documents/fx-data/code/l2lib.py:1881: RuntimeWarning: overflow encountered in scalar multiply
  sm = r if not np.isfinite(sm) else price_smooth * r + (1 - price_smooth) * sm
/Users/jackcuster/Documents/fx-data/code/l2lib.py:1884: RuntimeWarning: overflow encountered in scalar multiply
  st = fr if not np.isfinite(st) else index_smooth * fr + (1 - index_smooth) * st
/Users/jackcuster/Documents/fx-data/code/l2lib.py:1856: RuntimeWarning: overflow encountered in scalar multiply
  fama[i] = .5 * al * mama[i] + (1 - .5 * al) * fama[i - 1]
/Users/jackcuster/Documents/fx-data/code/l2lib.py:1855: RuntimeWarning: overflow encountered in scalar multiply
  mama[i] = al * src[i] + (1 - al) * mama[i - 1]
/Users/jackcuster/Documents/fx-data/code/l2lib.py:1856: RuntimeWarning: invalid value encountered in scalar add
  fama[i] = .5 * al * mama[i] + (1 - .5 * al) * fama[i - 1]
/Users/jackcuster/Documents/fx-data/code/l2lib.py:1856: RuntimeWarning: overflow encountered in scalar add
  fama[i] = .5 * al * mama[i] + (1 - .5 * al) * fama[i - 1]
/Users/jackcuster/Documents/fx-data/code/l2lib.py:1856: RuntimeWarning: overflow encountered in scalar multiply
  fama[i] = .5 * al * mama[i] + (1 - .5 * al) * fama[i - 1]
/Users/jackcuster/Documents/fx-data/code/l2lib.py:1855: RuntimeWarning: overflow encountered in scalar multiply
  mama[i] = al * src[i] + (1 - al) * mama[i - 1]
/Users/jackcuster/Documents/fx-data/code/l2lib.py:1856: RuntimeWarning: invalid value encountered in scalar add
  fama[i] = .5 * al * mama[i] + (1 - .5 * al) * fama[i - 1]
/Users/jackcuster/Documents/fx-data/code/l2lib.py:1856: RuntimeWarning: overflow encountered in scalar add
  fama[i] = .5 * al * mama[i] + (1 - .5 * al) * fama[i - 1]
/Users/jackcuster/Documents/fx-data/code/l2lib.py:1856: RuntimeWarning: overflow encountered in scalar multiply
  fama[i] = .5 * al * mama[i] + (1 - .5 * al) * fama[i - 1]
/Users/jackcuster/Documents/fx-data/code/l2lib.py:1855: RuntimeWarning: overflow encountered in scalar multiply
  mama[i] = al * src[i] + (1 - al) * mama[i - 1]
/Users/jackcuster/Documents/fx-data/code/l2lib.py:1856: RuntimeWarning: invalid value encountered in scalar add
  fama[i] = .5 * al * mama[i] + (1 - .5 * al) * fama[i - 1]
/Users/jackcuster/Documents/fx-data/code/l2lib.py:1856: RuntimeWarning: overflow encountered in scalar add
  fama[i] = .5 * al * mama[i] + (1 - .5 * al) * fama[i - 1]
/Users/jackcuster/Documents/fx-data/code/l2lib.py:1881: RuntimeWarning: overflow encountered in scalar multiply
  sm = r if not np.isfinite(sm) else price_smooth * r + (1 - price_smooth) * sm
/Users/jackcuster/Documents/fx-data/code/l2lib.py:1884: RuntimeWarning: overflow encountered in scalar multiply
  st = fr if not np.isfinite(st) else index_smooth * fr + (1 - index_smooth) * st
/Users/jackcuster/Documents/fx-data/code/l2pine.py:164: RuntimeWarning: invalid value encountered in divide
  return (W * w).sum(axis=1) / w.sum()
/Users/jackcuster/Documents/fx-data/code/l2lib.py:1856: RuntimeWarning: overflow encountered in scalar multiply
  fama[i] = .5 * al * mama[i] + (1 - .5 * al) * fama[i - 1]
/Users/jackcuster/Documents/fx-data/code/l2lib.py:1855: RuntimeWarning: overflow encountered in scalar multiply
  mama[i] = al * src[i] + (1 - al) * mama[i - 1]
/Users/jackcuster/Documents/fx-data/code/l2lib.py:1856: RuntimeWarning: invalid value encountered in scalar add
  fama[i] = .5 * al * mama[i] + (1 - .5 * al) * fama[i - 1]
/Users/jackcuster/Documents/fx-data/code/l2lib.py:1856: RuntimeWarning: overflow encountered in scalar add
  fama[i] = .5 * al * mama[i] + (1 - .5 * al) * fama[i - 1]
/Users/jackcuster/Documents/fx-data/code/l2lib.py:1856: RuntimeWarning: overflow encountered in scalar multiply
  fama[i] = .5 * al * mama[i] + (1 - .5 * al) * fama[i - 1]
/Users/jackcuster/Documents/fx-data/code/l2lib.py:1855: RuntimeWarning: overflow encountered in scalar multiply
  mama[i] = al * src[i] + (1 - al) * mama[i - 1]
/Users/jackcuster/Documents/fx-data/code/l2lib.py:1856: RuntimeWarning: invalid value encountered in scalar add
  fama[i] = .5 * al * mama[i] + (1 - .5 * al) * fama[i - 1]
/Users/jackcuster/Documents/fx-data/code/l2lib.py:1856: RuntimeWarning: overflow encountered in scalar add
  fama[i] = .5 * al * mama[i] + (1 - .5 * al) * fama[i - 1]
/Users/jackcuster/Documents/fx-data/code/l2lib.py:1881: RuntimeWarning: overflow encountered in scalar multiply
  sm = r if not np.isfinite(sm) else price_smooth * r + (1 - price_smooth) * sm
/Users/jackcuster/Documents/fx-data/code/l2lib.py:1884: RuntimeWarning: overflow encountered in scalar multiply
  st = fr if not np.isfinite(st) else index_smooth * fr + (1 - index_smooth) * st
/Users/jackcuster/Documents/fx-data/code/l2lib.py:1856: RuntimeWarning: overflow encountered in scalar multiply
  fama[i] = .5 * al * mama[i] + (1 - .5 * al) * fama[i - 1]
/Users/jackcuster/Documents/fx-data/code/l2lib.py:1855: RuntimeWarning: overflow encountered in scalar multiply
  mama[i] = al * src[i] + (1 - al) * mama[i - 1]
/Users/jackcuster/Documents/fx-data/code/l2lib.py:1856: RuntimeWarning: invalid value encountered in scalar add
  fama[i] = .5 * al * mama[i] + (1 - .5 * al) * fama[i - 1]
/Users/jackcuster/Documents/fx-data/code/l2lib.py:1856: RuntimeWarning: overflow encountered in scalar add
  fama[i] = .5 * al * mama[i] + (1 - .5 * al) * fama[i - 1]
  [B chop] chunk     2   100 combos  15186.0 s  hit 91.0%  crossed  19  |  100/5,030 done, 4.2 engine-h spent, ~208 engine-h left
/Users/jackcuster/Documents/fx-data/code/l2lib.py:1881: RuntimeWarning: overflow encountered in scalar multiply
  sm = r if not np.isfinite(sm) else price_smooth * r + (1 - price_smooth) * sm
/Users/jackcuster/Documents/fx-data/code/l2lib.py:1884: RuntimeWarning: overflow encountered in scalar multiply
  st = fr if not np.isfinite(st) else index_smooth * fr + (1 - index_smooth) * st
/Users/jackcuster/Documents/fx-data/code/l2pine.py:164: RuntimeWarning: invalid value encountered in divide
  return (W * w).sum(axis=1) / w.sum()
/Users/jackcuster/Documents/fx-data/code/l2lib.py:1881: RuntimeWarning: overflow encountered in scalar multiply
  sm = r if not np.isfinite(sm) else price_smooth * r + (1 - price_smooth) * sm
/Users/jackcuster/Documents/fx-data/code/l2lib.py:1884: RuntimeWarning: overflow encountered in scalar multiply
  st = fr if not np.isfinite(st) else index_smooth * fr + (1 - index_smooth) * st
/Users/jackcuster/Documents/fx-data/code/l2lib.py:1856: RuntimeWarning: overflow encountered in scalar multiply
  fama[i] = .5 * al * mama[i] + (1 - .5 * al) * fama[i - 1]
/Users/jackcuster/Documents/fx-data/code/l2lib.py:1855: RuntimeWarning: overflow encountered in scalar multiply
  mama[i] = al * src[i] + (1 - al) * mama[i - 1]
/Users/jackcuster/Documents/fx-data/code/l2lib.py:1856: RuntimeWarning: invalid value encountered in scalar add
  fama[i] = .5 * al * mama[i] + (1 - .5 * al) * fama[i - 1]
/Users/jackcuster/Documents/fx-data/code/l2lib.py:1856: RuntimeWarning: overflow encountered in scalar add
  fama[i] = .5 * al * mama[i] + (1 - .5 * al) * fama[i - 1]
/Users/jackcuster/Documents/fx-data/code/l2pine.py:164: RuntimeWarning: invalid value encountered in divide
  return (W * w).sum(axis=1) / w.sum()
  [B chop] chunk     4   100 combos  22290.0 s  hit 91.1%  crossed  18  |  200/5,030 done, 10.4 engine-h spent, ~251 engine-h left
/Users/jackcuster/Documents/fx-data/code/l2pine.py:164: RuntimeWarning: invalid value encountered in divide
  return (W * w).sum(axis=1) / w.sum()
  [B chop] chunk     1   100 combos  22389.6 s  hit 90.6%  crossed  22  |  300/5,030 done, 16.6 engine-h spent, ~262 engine-h left
/Users/jackcuster/Documents/fx-data/code/l2pine.py:164: RuntimeWarning: invalid value encountered in divide
  return (W * w).sum(axis=1) / w.sum()
  [B chop] chunk     0   100 combos  24277.1 s  hit 90.7%  crossed  27  |  400/5,030 done, 23.4 engine-h spent, ~270 engine-h left
  [B chop] chunk     3   100 combos  32588.9 s  hit 90.8%  crossed  22  |  500/5,030 done, 32.4 engine-h spent, ~294 engine-h left
/Users/jackcuster/Documents/fx-data/code/l2lib.py:1856: RuntimeWarning: overflow encountered in scalar multiply
  fama[i] = .5 * al * mama[i] + (1 - .5 * al) * fama[i - 1]
/Users/jackcuster/Documents/fx-data/code/l2lib.py:1855: RuntimeWarning: overflow encountered in scalar multiply
  mama[i] = al * src[i] + (1 - al) * mama[i - 1]
/Users/jackcuster/Documents/fx-data/code/l2lib.py:1856: RuntimeWarning: invalid value encountered in scalar add
  fama[i] = .5 * al * mama[i] + (1 - .5 * al) * fama[i - 1]
/Users/jackcuster/Documents/fx-data/code/l2lib.py:1856: RuntimeWarning: overflow encountered in scalar add
  fama[i] = .5 * al * mama[i] + (1 - .5 * al) * fama[i - 1]
/Users/jackcuster/Documents/fx-data/code/l2lib.py:1881: RuntimeWarning: overflow encountered in scalar multiply
  sm = r if not np.isfinite(sm) else price_smooth * r + (1 - price_smooth) * sm
/Users/jackcuster/Documents/fx-data/code/l2lib.py:1884: RuntimeWarning: overflow encountered in scalar multiply
  st = fr if not np.isfinite(st) else index_smooth * fr + (1 - index_smooth) * st
/Users/jackcuster/Documents/fx-data/code/l2lib.py:1856: RuntimeWarning: overflow encountered in scalar multiply
  fama[i] = .5 * al * mama[i] + (1 - .5 * al) * fama[i - 1]
/Users/jackcuster/Documents/fx-data/code/l2lib.py:1855: RuntimeWarning: overflow encountered in scalar multiply
  mama[i] = al * src[i] + (1 - al) * mama[i - 1]
/Users/jackcuster/Documents/fx-data/code/l2lib.py:1856: RuntimeWarning: invalid value encountered in scalar add
  fama[i] = .5 * al * mama[i] + (1 - .5 * al) * fama[i - 1]
/Users/jackcuster/Documents/fx-data/code/l2lib.py:1856: RuntimeWarning: overflow encountered in scalar add
  fama[i] = .5 * al * mama[i] + (1 - .5 * al) * fama[i - 1]
/Users/jackcuster/Documents/fx-data/code/l2lib.py:1881: RuntimeWarning: overflow encountered in scalar multiply
  sm = r if not np.isfinite(sm) else price_smooth * r + (1 - price_smooth) * sm
/Users/jackcuster/Documents/fx-data/code/l2lib.py:1884: RuntimeWarning: overflow encountered in scalar multiply
  st = fr if not np.isfinite(st) else index_smooth * fr + (1 - index_smooth) * st
/Users/jackcuster/Documents/fx-data/code/l2lib.py:1881: RuntimeWarning: overflow encountered in scalar multiply
  sm = r if not np.isfinite(sm) else price_smooth * r + (1 - price_smooth) * sm
/Users/jackcuster/Documents/fx-data/code/l2lib.py:1884: RuntimeWarning: overflow encountered in scalar multiply
  st = fr if not np.isfinite(st) else index_smooth * fr + (1 - index_smooth) * st
/Users/jackcuster/Documents/fx-data/code/l2lib.py:1856: RuntimeWarning: overflow encountered in scalar multiply
  fama[i] = .5 * al * mama[i] + (1 - .5 * al) * fama[i - 1]
/Users/jackcuster/Documents/fx-data/code/l2lib.py:1855: RuntimeWarning: overflow encountered in scalar multiply
  mama[i] = al * src[i] + (1 - al) * mama[i - 1]
/Users/jackcuster/Documents/fx-data/code/l2lib.py:1856: RuntimeWarning: invalid value encountered in scalar add
  fama[i] = .5 * al * mama[i] + (1 - .5 * al) * fama[i - 1]
/Users/jackcuster/Documents/fx-data/code/l2lib.py:1856: RuntimeWarning: overflow encountered in scalar add
  fama[i] = .5 * al * mama[i] + (1 - .5 * al) * fama[i - 1]
/Users/jackcuster/Documents/fx-data/code/l2lib.py:1856: RuntimeWarning: overflow encountered in scalar multiply
  fama[i] = .5 * al * mama[i] + (1 - .5 * al) * fama[i - 1]
/Users/jackcuster/Documents/fx-data/code/l2lib.py:1855: RuntimeWarning: overflow encountered in scalar multiply
  mama[i] = al * src[i] + (1 - al) * mama[i - 1]
/Users/jackcuster/Documents/fx-data/code/l2lib.py:1856: RuntimeWarning: invalid value encountered in scalar add
  fama[i] = .5 * al * mama[i] + (1 - .5 * al) * fama[i - 1]
/Users/jackcuster/Documents/fx-data/code/l2lib.py:1856: RuntimeWarning: overflow encountered in scalar add
  fama[i] = .5 * al * mama[i] + (1 - .5 * al) * fama[i - 1]
/Users/jackcuster/Documents/fx-data/code/l2lib.py:1881: RuntimeWarning: overflow encountered in scalar multiply
  sm = r if not np.isfinite(sm) else price_smooth * r + (1 - price_smooth) * sm
/Users/jackcuster/Documents/fx-data/code/l2lib.py:1884: RuntimeWarning: overflow encountered in scalar multiply
  st = fr if not np.isfinite(st) else index_smooth * fr + (1 - index_smooth) * st
/Users/jackcuster/Documents/fx-data/code/l2lib.py:1881: RuntimeWarning: overflow encountered in scalar multiply
  sm = r if not np.isfinite(sm) else price_smooth * r + (1 - price_smooth) * sm
/Users/jackcuster/Documents/fx-data/code/l2lib.py:1884: RuntimeWarning: overflow encountered in scalar multiply
  st = fr if not np.isfinite(st) else index_smooth * fr + (1 - index_smooth) * st
/Users/jackcuster/Documents/fx-data/code/l2lib.py:1856: RuntimeWarning: overflow encountered in scalar multiply
  fama[i] = .5 * al * mama[i] + (1 - .5 * al) * fama[i - 1]
/Users/jackcuster/Documents/fx-data/code/l2lib.py:1855: RuntimeWarning: overflow encountered in scalar multiply
  mama[i] = al * src[i] + (1 - al) * mama[i - 1]
/Users/jackcuster/Documents/fx-data/code/l2lib.py:1856: RuntimeWarning: invalid value encountered in scalar add
  fama[i] = .5 * al * mama[i] + (1 - .5 * al) * fama[i - 1]
/Users/jackcuster/Documents/fx-data/code/l2lib.py:1856: RuntimeWarning: overflow encountered in scalar add
  fama[i] = .5 * al * mama[i] + (1 - .5 * al) * fama[i - 1]
/Users/jackcuster/Documents/fx-data/code/l2lib.py:1881: RuntimeWarning: overflow encountered in scalar multiply
  sm = r if not np.isfinite(sm) else price_smooth * r + (1 - price_smooth) * sm
/Users/jackcuster/Documents/fx-data/code/l2lib.py:1884: RuntimeWarning: overflow encountered in scalar multiply
  st = fr if not np.isfinite(st) else index_smooth * fr + (1 - index_smooth) * st
  [B chop] chunk     6   100 combos  48741.0 s  hit 90.6%  crossed  17  |  600/5,030 done, 46.0 engine-h spent, ~339 engine-h left
/Users/jackcuster/Documents/fx-data/code/l2pine.py:164: RuntimeWarning: invalid value encountered in divide
  return (W * w).sum(axis=1) / w.sum()
  [B chop] chunk     7   100 combos  48848.2 s  hit 89.9%  crossed  22  |  700/5,030 done, 59.5 engine-h spent, ~368 engine-h left
/Users/jackcuster/Documents/fx-data/code/l2pine.py:164: RuntimeWarning: invalid value encountered in divide
  return (W * w).sum(axis=1) / w.sum()
/Users/jackcuster/Documents/fx-data/code/l2lib.py:1856: RuntimeWarning: overflow encountered in scalar multiply
  fama[i] = .5 * al * mama[i] + (1 - .5 * al) * fama[i - 1]
/Users/jackcuster/Documents/fx-data/code/l2lib.py:1855: RuntimeWarning: overflow encountered in scalar multiply
  mama[i] = al * src[i] + (1 - al) * mama[i - 1]
/Users/jackcuster/Documents/fx-data/code/l2lib.py:1856: RuntimeWarning: invalid value encountered in scalar add
  fama[i] = .5 * al * mama[i] + (1 - .5 * al) * fama[i - 1]
/Users/jackcuster/Documents/fx-data/code/l2lib.py:1856: RuntimeWarning: overflow encountered in scalar add
  fama[i] = .5 * al * mama[i] + (1 - .5 * al) * fama[i - 1]
/Users/jackcuster/Documents/fx-data/code/l2lib.py:1856: RuntimeWarning: overflow encountered in scalar multiply
  fama[i] = .5 * al * mama[i] + (1 - .5 * al) * fama[i - 1]
/Users/jackcuster/Documents/fx-data/code/l2lib.py:1855: RuntimeWarning: overflow encountered in scalar multiply
  mama[i] = al * src[i] + (1 - al) * mama[i - 1]
/Users/jackcuster/Documents/fx-data/code/l2lib.py:1856: RuntimeWarning: invalid value encountered in scalar add
  fama[i] = .5 * al * mama[i] + (1 - .5 * al) * fama[i - 1]
/Users/jackcuster/Documents/fx-data/code/l2lib.py:1856: RuntimeWarning: overflow encountered in scalar add
  fama[i] = .5 * al * mama[i] + (1 - .5 * al) * fama[i - 1]
/Users/jackcuster/Documents/fx-data/code/l2lib.py:1881: RuntimeWarning: overflow encountered in scalar multiply
  sm = r if not np.isfinite(sm) else price_smooth * r + (1 - price_smooth) * sm
/Users/jackcuster/Documents/fx-data/code/l2lib.py:1884: RuntimeWarning: overflow encountered in scalar multiply
  st = fr if not np.isfinite(st) else index_smooth * fr + (1 - index_smooth) * st
  [B chop] chunk     8   100 combos  39969.1 s  hit 90.4%  crossed  17  |  800/5,030 done, 70.6 engine-h spent, ~374 engine-h left
/Users/jackcuster/Documents/fx-data/code/l2lib.py:1881: RuntimeWarning: overflow encountered in scalar multiply
  sm = r if not np.isfinite(sm) else price_smooth * r + (1 - price_smooth) * sm
/Users/jackcuster/Documents/fx-data/code/l2lib.py:1884: RuntimeWarning: overflow encountered in scalar multiply
  st = fr if not np.isfinite(st) else index_smooth * fr + (1 - index_smooth) * st
  [B chop] chunk    10   100 combos  34649.4 s  hit 90.8%  crossed  25  |  900/5,030 done, 80.3 engine-h spent, ~368 engine-h left
  [B chop] chunk     5   100 combos  58087.4 s  hit 90.3%  crossed  20  |  1,000/5,030 done, 96.4 engine-h spent, ~388 engine-h left
/Users/jackcuster/Documents/fx-data/code/l2lib.py:1856: RuntimeWarning: overflow encountered in scalar multiply
  fama[i] = .5 * al * mama[i] + (1 - .5 * al) * fama[i - 1]
/Users/jackcuster/Documents/fx-data/code/l2lib.py:1855: RuntimeWarning: overflow encountered in scalar multiply
  mama[i] = al * src[i] + (1 - al) * mama[i - 1]
/Users/jackcuster/Documents/fx-data/code/l2lib.py:1856: RuntimeWarning: invalid value encountered in scalar add
  fama[i] = .5 * al * mama[i] + (1 - .5 * al) * fama[i - 1]
/Users/jackcuster/Documents/fx-data/code/l2lib.py:1856: RuntimeWarning: overflow encountered in scalar add
  fama[i] = .5 * al * mama[i] + (1 - .5 * al) * fama[i - 1]
  [B chop] chunk     9   100 combos  39386.7 s  hit 90.9%  crossed  21  |  1,100/5,030 done, 107.3 engine-h spent, ~384 engine-h left
/Users/jackcuster/Documents/fx-data/code/l2lib.py:1881: RuntimeWarning: overflow encountered in scalar multiply
  sm = r if not np.isfinite(sm) else price_smooth * r + (1 - price_smooth) * sm
/Users/jackcuster/Documents/fx-data/code/l2lib.py:1884: RuntimeWarning: overflow encountered in scalar multiply
  st = fr if not np.isfinite(st) else index_smooth * fr + (1 - index_smooth) * st
  [B chop] chunk    11   100 combos  43276.7 s  hit 90.5%  crossed  21  |  1,200/5,030 done, 119.4 engine-h spent, ~381 engine-h left
  [B chop] chunk    12   100 combos  37679.0 s  hit 90.5%  crossed  21  |  1,300/5,030 done, 129.8 engine-h spent, ~372 engine-h left
/Users/jackcuster/Documents/fx-data/code/l2pine.py:164: RuntimeWarning: invalid value encountered in divide
  return (W * w).sum(axis=1) / w.sum()
/Users/jackcuster/Documents/fx-data/code/l2lib.py:1881: RuntimeWarning: overflow encountered in scalar multiply
  sm = r if not np.isfinite(sm) else price_smooth * r + (1 - price_smooth) * sm
/Users/jackcuster/Documents/fx-data/code/l2lib.py:1884: RuntimeWarning: overflow encountered in scalar multiply
  st = fr if not np.isfinite(st) else index_smooth * fr + (1 - index_smooth) * st
  [B chop] chunk    14   100 combos  25034.8 s  hit 90.8%  crossed  19  |  1,400/5,030 done, 136.8 engine-h spent, ~355 engine-h left
/Users/jackcuster/Documents/fx-data/code/l2lib.py:1881: RuntimeWarning: overflow encountered in scalar multiply
  sm = r if not np.isfinite(sm) else price_smooth * r + (1 - price_smooth) * sm
/Users/jackcuster/Documents/fx-data/code/l2lib.py:1884: RuntimeWarning: overflow encountered in scalar multiply
  st = fr if not np.isfinite(st) else index_smooth * fr + (1 - index_smooth) * st
/Users/jackcuster/Documents/fx-data/code/l2lib.py:1856: RuntimeWarning: overflow encountered in scalar multiply
  fama[i] = .5 * al * mama[i] + (1 - .5 * al) * fama[i - 1]
/Users/jackcuster/Documents/fx-data/code/l2lib.py:1855: RuntimeWarning: overflow encountered in scalar multiply
  mama[i] = al * src[i] + (1 - al) * mama[i - 1]
/Users/jackcuster/Documents/fx-data/code/l2lib.py:1856: RuntimeWarning: invalid value encountered in scalar add
  fama[i] = .5 * al * mama[i] + (1 - .5 * al) * fama[i - 1]
/Users/jackcuster/Documents/fx-data/code/l2lib.py:1856: RuntimeWarning: overflow encountered in scalar add
  fama[i] = .5 * al * mama[i] + (1 - .5 * al) * fama[i - 1]
/Users/jackcuster/Documents/fx-data/code/l2pine.py:164: RuntimeWarning: invalid value encountered in divide
  return (W * w).sum(axis=1) / w.sum()
/Users/jackcuster/Documents/fx-data/code/l2lib.py:1881: RuntimeWarning: overflow encountered in scalar multiply
  sm = r if not np.isfinite(sm) else price_smooth * r + (1 - price_smooth) * sm
/Users/jackcuster/Documents/fx-data/code/l2lib.py:1884: RuntimeWarning: overflow encountered in scalar multiply
  st = fr if not np.isfinite(st) else index_smooth * fr + (1 - index_smooth) * st
/Users/jackcuster/Documents/fx-data/code/l2lib.py:1881: RuntimeWarning: overflow encountered in scalar multiply
  sm = r if not np.isfinite(sm) else price_smooth * r + (1 - price_smooth) * sm
/Users/jackcuster/Documents/fx-data/code/l2lib.py:1884: RuntimeWarning: overflow encountered in scalar multiply
  st = fr if not np.isfinite(st) else index_smooth * fr + (1 - index_smooth) * st
/Users/jackcuster/Documents/fx-data/code/l2lib.py:1856: RuntimeWarning: overflow encountered in scalar multiply
  fama[i] = .5 * al * mama[i] + (1 - .5 * al) * fama[i - 1]
/Users/jackcuster/Documents/fx-data/code/l2lib.py:1855: RuntimeWarning: overflow encountered in scalar multiply
  mama[i] = al * src[i] + (1 - al) * mama[i - 1]
/Users/jackcuster/Documents/fx-data/code/l2lib.py:1856: RuntimeWarning: invalid value encountered in scalar add
  fama[i] = .5 * al * mama[i] + (1 - .5 * al) * fama[i - 1]
/Users/jackcuster/Documents/fx-data/code/l2lib.py:1856: RuntimeWarning: overflow encountered in scalar add
  fama[i] = .5 * al * mama[i] + (1 - .5 * al) * fama[i - 1]
/Users/jackcuster/Documents/fx-data/code/l2lib.py:1881: RuntimeWarning: overflow encountered in scalar multiply
  sm = r if not np.isfinite(sm) else price_smooth * r + (1 - price_smooth) * sm
/Users/jackcuster/Documents/fx-data/code/l2lib.py:1884: RuntimeWarning: overflow encountered in scalar multiply
  st = fr if not np.isfinite(st) else index_smooth * fr + (1 - index_smooth) * st
  [B chop] chunk    15   100 combos  27301.3 s  hit 91.1%  crossed  20  |  1,500/5,030 done, 144.4 engine-h spent, ~340 engine-h left
/Users/jackcuster/Documents/fx-data/code/l2pine.py:164: RuntimeWarning: invalid value encountered in divide
  return (W * w).sum(axis=1) / w.sum()
/Users/jackcuster/Documents/fx-data/code/l2lib.py:1881: RuntimeWarning: overflow encountered in scalar multiply
  sm = r if not np.isfinite(sm) else price_smooth * r + (1 - price_smooth) * sm
/Users/jackcuster/Documents/fx-data/code/l2lib.py:1884: RuntimeWarning: overflow encountered in scalar multiply
  st = fr if not np.isfinite(st) else index_smooth * fr + (1 - index_smooth) * st
/Users/jackcuster/Documents/fx-data/code/l2lib.py:1881: RuntimeWarning: overflow encountered in scalar multiply
  sm = r if not np.isfinite(sm) else price_smooth * r + (1 - price_smooth) * sm
/Users/jackcuster/Documents/fx-data/code/l2lib.py:1884: RuntimeWarning: overflow encountered in scalar multiply
  st = fr if not np.isfinite(st) else index_smooth * fr + (1 - index_smooth) * st
/Users/jackcuster/Documents/fx-data/code/l2lib.py:1856: RuntimeWarning: overflow encountered in scalar multiply
  fama[i] = .5 * al * mama[i] + (1 - .5 * al) * fama[i - 1]
/Users/jackcuster/Documents/fx-data/code/l2lib.py:1855: RuntimeWarning: overflow encountered in scalar multiply
  mama[i] = al * src[i] + (1 - al) * mama[i - 1]
/Users/jackcuster/Documents/fx-data/code/l2lib.py:1856: RuntimeWarning: invalid value encountered in scalar add
  fama[i] = .5 * al * mama[i] + (1 - .5 * al) * fama[i - 1]
/Users/jackcuster/Documents/fx-data/code/l2lib.py:1856: RuntimeWarning: overflow encountered in scalar add
  fama[i] = .5 * al * mama[i] + (1 - .5 * al) * fama[i - 1]
  [B chop] chunk    13   100 combos  41382.5 s  hit 90.3%  crossed  18  |  1,600/5,030 done, 155.9 engine-h spent, ~334 engine-h left
/Users/jackcuster/Documents/fx-data/code/l2pine.py:164: RuntimeWarning: invalid value encountered in divide
  return (W * w).sum(axis=1) / w.sum()
  [B chop] chunk    17   100 combos  35334.0 s  hit 90.9%  crossed  19  |  1,700/5,030 done, 165.7 engine-h spent, ~324 engine-h left
/Users/jackcuster/Documents/fx-data/code/l2lib.py:1881: RuntimeWarning: overflow encountered in scalar multiply
  sm = r if not np.isfinite(sm) else price_smooth * r + (1 - price_smooth) * sm
/Users/jackcuster/Documents/fx-data/code/l2lib.py:1884: RuntimeWarning: overflow encountered in scalar multiply
  st = fr if not np.isfinite(st) else index_smooth * fr + (1 - index_smooth) * st
/Users/jackcuster/Documents/fx-data/code/l2lib.py:1881: RuntimeWarning: overflow encountered in scalar multiply
  sm = r if not np.isfinite(sm) else price_smooth * r + (1 - price_smooth) * sm
/Users/jackcuster/Documents/fx-data/code/l2lib.py:1884: RuntimeWarning: overflow encountered in scalar multiply
  st = fr if not np.isfinite(st) else index_smooth * fr + (1 - index_smooth) * st
/Users/jackcuster/Documents/fx-data/code/l2lib.py:1856: RuntimeWarning: overflow encountered in scalar multiply
  fama[i] = .5 * al * mama[i] + (1 - .5 * al) * fama[i - 1]
/Users/jackcuster/Documents/fx-data/code/l2lib.py:1855: RuntimeWarning: overflow encountered in scalar multiply
  mama[i] = al * src[i] + (1 - al) * mama[i - 1]
/Users/jackcuster/Documents/fx-data/code/l2lib.py:1856: RuntimeWarning: invalid value encountered in scalar add
  fama[i] = .5 * al * mama[i] + (1 - .5 * al) * fama[i - 1]
/Users/jackcuster/Documents/fx-data/code/l2lib.py:1856: RuntimeWarning: overflow encountered in scalar add
  fama[i] = .5 * al * mama[i] + (1 - .5 * al) * fama[i - 1]
/Users/jackcuster/Documents/fx-data/code/l2lib.py:1856: RuntimeWarning: overflow encountered in scalar multiply
  fama[i] = .5 * al * mama[i] + (1 - .5 * al) * fama[i - 1]
/Users/jackcuster/Documents/fx-data/code/l2lib.py:1855: RuntimeWarning: overflow encountered in scalar multiply
  mama[i] = al * src[i] + (1 - al) * mama[i - 1]
/Users/jackcuster/Documents/fx-data/code/l2lib.py:1856: RuntimeWarning: invalid value encountered in scalar add
  fama[i] = .5 * al * mama[i] + (1 - .5 * al) * fama[i - 1]
/Users/jackcuster/Documents/fx-data/code/l2lib.py:1856: RuntimeWarning: overflow encountered in scalar add
  fama[i] = .5 * al * mama[i] + (1 - .5 * al) * fama[i - 1]
/Users/jackcuster/Documents/fx-data/code/l2pine.py:164: RuntimeWarning: invalid value encountered in divide
  return (W * w).sum(axis=1) / w.sum()
/Users/jackcuster/Documents/fx-data/code/l2lib.py:1856: RuntimeWarning: overflow encountered in scalar multiply
  fama[i] = .5 * al * mama[i] + (1 - .5 * al) * fama[i - 1]
/Users/jackcuster/Documents/fx-data/code/l2lib.py:1855: RuntimeWarning: overflow encountered in scalar multiply
  mama[i] = al * src[i] + (1 - al) * mama[i - 1]
/Users/jackcuster/Documents/fx-data/code/l2lib.py:1856: RuntimeWarning: invalid value encountered in scalar add
  fama[i] = .5 * al * mama[i] + (1 - .5 * al) * fama[i - 1]
/Users/jackcuster/Documents/fx-data/code/l2lib.py:1856: RuntimeWarning: overflow encountered in scalar add
  fama[i] = .5 * al * mama[i] + (1 - .5 * al) * fama[i - 1]
  [B chop] chunk    16   100 combos  39664.7 s  hit 90.8%  crossed  21  |  1,800/5,030 done, 176.7 engine-h spent, ~317 engine-h left
/Users/jackcuster/Documents/fx-data/code/l2lib.py:1881: RuntimeWarning: overflow encountered in scalar multiply
  sm = r if not np.isfinite(sm) else price_smooth * r + (1 - price_smooth) * sm
/Users/jackcuster/Documents/fx-data/code/l2lib.py:1884: RuntimeWarning: overflow encountered in scalar multiply
  st = fr if not np.isfinite(st) else index_smooth * fr + (1 - index_smooth) * st
/Users/jackcuster/Documents/fx-data/code/l2lib.py:1856: RuntimeWarning: overflow encountered in scalar multiply
  fama[i] = .5 * al * mama[i] + (1 - .5 * al) * fama[i - 1]
/Users/jackcuster/Documents/fx-data/code/l2lib.py:1855: RuntimeWarning: overflow encountered in scalar multiply
  mama[i] = al * src[i] + (1 - al) * mama[i - 1]
/Users/jackcuster/Documents/fx-data/code/l2lib.py:1856: RuntimeWarning: invalid value encountered in scalar add
  fama[i] = .5 * al * mama[i] + (1 - .5 * al) * fama[i - 1]
/Users/jackcuster/Documents/fx-data/code/l2lib.py:1856: RuntimeWarning: overflow encountered in scalar add
  fama[i] = .5 * al * mama[i] + (1 - .5 * al) * fama[i - 1]
/Users/jackcuster/Documents/fx-data/code/l2lib.py:1856: RuntimeWarning: overflow encountered in scalar multiply
  fama[i] = .5 * al * mama[i] + (1 - .5 * al) * fama[i - 1]
/Users/jackcuster/Documents/fx-data/code/l2lib.py:1855: RuntimeWarning: overflow encountered in scalar multiply
  mama[i] = al * src[i] + (1 - al) * mama[i - 1]
/Users/jackcuster/Documents/fx-data/code/l2lib.py:1856: RuntimeWarning: invalid value encountered in scalar add
  fama[i] = .5 * al * mama[i] + (1 - .5 * al) * fama[i - 1]
/Users/jackcuster/Documents/fx-data/code/l2lib.py:1856: RuntimeWarning: overflow encountered in scalar add
  fama[i] = .5 * al * mama[i] + (1 - .5 * al) * fama[i - 1]
  [B chop] chunk    20   100 combos  36873.5 s  hit 90.4%  crossed  16  |  1,900/5,030 done, 186.9 engine-h spent, ~308 engine-h left
/Users/jackcuster/Documents/fx-data/code/l2lib.py:1881: RuntimeWarning: overflow encountered in scalar multiply
  sm = r if not np.isfinite(sm) else price_smooth * r + (1 - price_smooth) * sm
/Users/jackcuster/Documents/fx-data/code/l2lib.py:1884: RuntimeWarning: overflow encountered in scalar multiply
  st = fr if not np.isfinite(st) else index_smooth * fr + (1 - index_smooth) * st
/Users/jackcuster/Documents/fx-data/code/l2lib.py:1856: RuntimeWarning: overflow encountered in scalar multiply
  fama[i] = .5 * al * mama[i] + (1 - .5 * al) * fama[i - 1]
/Users/jackcuster/Documents/fx-data/code/l2lib.py:1855: RuntimeWarning: overflow encountered in scalar multiply
  mama[i] = al * src[i] + (1 - al) * mama[i - 1]
/Users/jackcuster/Documents/fx-data/code/l2lib.py:1856: RuntimeWarning: invalid value encountered in scalar add
  fama[i] = .5 * al * mama[i] + (1 - .5 * al) * fama[i - 1]
/Users/jackcuster/Documents/fx-data/code/l2lib.py:1856: RuntimeWarning: overflow encountered in scalar add
  fama[i] = .5 * al * mama[i] + (1 - .5 * al) * fama[i - 1]
  [B chop] chunk    19   100 combos  40522.9 s  hit 90.5%  crossed  21  |  2,000/5,030 done, 198.2 engine-h spent, ~300 engine-h left
/Users/jackcuster/Documents/fx-data/code/l2pine.py:164: RuntimeWarning: invalid value encountered in divide
  return (W * w).sum(axis=1) / w.sum()
/Users/jackcuster/Documents/fx-data/code/l2lib.py:1881: RuntimeWarning: overflow encountered in scalar multiply
  sm = r if not np.isfinite(sm) else price_smooth * r + (1 - price_smooth) * sm
/Users/jackcuster/Documents/fx-data/code/l2lib.py:1884: RuntimeWarning: overflow encountered in scalar multiply
  st = fr if not np.isfinite(st) else index_smooth * fr + (1 - index_smooth) * st
/Users/jackcuster/Documents/fx-data/code/l2pine.py:164: RuntimeWarning: invalid value encountered in divide
  return (W * w).sum(axis=1) / w.sum()
  [B chop] chunk    18   100 combos  51474.0 s  hit 90.2%  crossed  18  |  2,100/5,030 done, 212.5 engine-h spent, ~296 engine-h left
/Users/jackcuster/Documents/fx-data/code/l2pine.py:164: RuntimeWarning: invalid value encountered in divide
  return (W * w).sum(axis=1) / w.sum()
  [B chop] chunk    21   100 combos  40407.8 s  hit 90.6%  crossed  17  |  2,200/5,030 done, 223.7 engine-h spent, ~288 engine-h left
/Users/jackcuster/Documents/fx-data/code/l2lib.py:1881: RuntimeWarning: overflow encountered in scalar multiply
  sm = r if not np.isfinite(sm) else price_smooth * r + (1 - price_smooth) * sm
/Users/jackcuster/Documents/fx-data/code/l2lib.py:1884: RuntimeWarning: overflow encountered in scalar multiply
  st = fr if not np.isfinite(st) else index_smooth * fr + (1 - index_smooth) * st
  [B chop] chunk    23   100 combos  25274.9 s  hit 90.9%  crossed  13  |  2,300/5,030 done, 230.7 engine-h spent, ~274 engine-h left
/Users/jackcuster/Documents/fx-data/code/l2lib.py:1856: RuntimeWarning: overflow encountered in scalar multiply
  fama[i] = .5 * al * mama[i] + (1 - .5 * al) * fama[i - 1]
/Users/jackcuster/Documents/fx-data/code/l2lib.py:1855: RuntimeWarning: overflow encountered in scalar multiply
  mama[i] = al * src[i] + (1 - al) * mama[i - 1]
/Users/jackcuster/Documents/fx-data/code/l2lib.py:1856: RuntimeWarning: invalid value encountered in scalar add
  fama[i] = .5 * al * mama[i] + (1 - .5 * al) * fama[i - 1]
/Users/jackcuster/Documents/fx-data/code/l2lib.py:1856: RuntimeWarning: overflow encountered in scalar add
  fama[i] = .5 * al * mama[i] + (1 - .5 * al) * fama[i - 1]
  [B chop] chunk    22   100 combos  35061.2 s  hit 90.9%  crossed  16  |  2,400/5,030 done, 240.5 engine-h spent, ~264 engine-h left
/Users/jackcuster/Documents/fx-data/code/l2lib.py:1856: RuntimeWarning: overflow encountered in scalar multiply
  fama[i] = .5 * al * mama[i] + (1 - .5 * al) * fama[i - 1]
/Users/jackcuster/Documents/fx-data/code/l2lib.py:1855: RuntimeWarning: overflow encountered in scalar multiply
  mama[i] = al * src[i] + (1 - al) * mama[i - 1]
/Users/jackcuster/Documents/fx-data/code/l2lib.py:1856: RuntimeWarning: invalid value encountered in scalar add
  fama[i] = .5 * al * mama[i] + (1 - .5 * al) * fama[i - 1]
/Users/jackcuster/Documents/fx-data/code/l2lib.py:1856: RuntimeWarning: overflow encountered in scalar add
  fama[i] = .5 * al * mama[i] + (1 - .5 * al) * fama[i - 1]
/Users/jackcuster/Documents/fx-data/code/l2lib.py:1856: RuntimeWarning: overflow encountered in scalar multiply
  fama[i] = .5 * al * mama[i] + (1 - .5 * al) * fama[i - 1]
/Users/jackcuster/Documents/fx-data/code/l2lib.py:1855: RuntimeWarning: overflow encountered in scalar multiply
  mama[i] = al * src[i] + (1 - al) * mama[i - 1]
/Users/jackcuster/Documents/fx-data/code/l2lib.py:1856: RuntimeWarning: invalid value encountered in scalar add
  fama[i] = .5 * al * mama[i] + (1 - .5 * al) * fama[i - 1]
/Users/jackcuster/Documents/fx-data/code/l2lib.py:1856: RuntimeWarning: overflow encountered in scalar add
  fama[i] = .5 * al * mama[i] + (1 - .5 * al) * fama[i - 1]
/Users/jackcuster/Documents/fx-data/code/l2lib.py:1881: RuntimeWarning: overflow encountered in scalar multiply
  sm = r if not np.isfinite(sm) else price_smooth * r + (1 - price_smooth) * sm
/Users/jackcuster/Documents/fx-data/code/l2lib.py:1884: RuntimeWarning: overflow encountered in scalar multiply
  st = fr if not np.isfinite(st) else index_smooth * fr + (1 - index_smooth) * st
/Users/jackcuster/Documents/fx-data/code/l2pine.py:164: RuntimeWarning: invalid value encountered in divide
  return (W * w).sum(axis=1) / w.sum()
  [B chop] chunk    25   100 combos  30183.0 s  hit 90.6%  crossed  21  |  2,500/5,030 done, 248.9 engine-h spent, ~252 engine-h left
/Users/jackcuster/Documents/fx-data/code/l2lib.py:1881: RuntimeWarning: overflow encountered in scalar multiply
  sm = r if not np.isfinite(sm) else price_smooth * r + (1 - price_smooth) * sm
/Users/jackcuster/Documents/fx-data/code/l2lib.py:1884: RuntimeWarning: overflow encountered in scalar multiply
  st = fr if not np.isfinite(st) else index_smooth * fr + (1 - index_smooth) * st
/Users/jackcuster/Documents/fx-data/code/l2lib.py:1856: RuntimeWarning: overflow encountered in scalar multiply
  fama[i] = .5 * al * mama[i] + (1 - .5 * al) * fama[i - 1]
/Users/jackcuster/Documents/fx-data/code/l2lib.py:1855: RuntimeWarning: overflow encountered in scalar multiply
  mama[i] = al * src[i] + (1 - al) * mama[i - 1]
/Users/jackcuster/Documents/fx-data/code/l2lib.py:1856: RuntimeWarning: invalid value encountered in scalar add
  fama[i] = .5 * al * mama[i] + (1 - .5 * al) * fama[i - 1]
/Users/jackcuster/Documents/fx-data/code/l2lib.py:1856: RuntimeWarning: overflow encountered in scalar add
  fama[i] = .5 * al * mama[i] + (1 - .5 * al) * fama[i - 1]
/Users/jackcuster/Documents/fx-data/code/l2lib.py:1856: RuntimeWarning: overflow encountered in scalar multiply
  fama[i] = .5 * al * mama[i] + (1 - .5 * al) * fama[i - 1]
/Users/jackcuster/Documents/fx-data/code/l2lib.py:1855: RuntimeWarning: overflow encountered in scalar multiply
  mama[i] = al * src[i] + (1 - al) * mama[i - 1]
/Users/jackcuster/Documents/fx-data/code/l2lib.py:1856: RuntimeWarning: invalid value encountered in scalar add
  fama[i] = .5 * al * mama[i] + (1 - .5 * al) * fama[i - 1]
/Users/jackcuster/Documents/fx-data/code/l2lib.py:1856: RuntimeWarning: overflow encountered in scalar add
  fama[i] = .5 * al * mama[i] + (1 - .5 * al) * fama[i - 1]
/Users/jackcuster/Documents/fx-data/code/l2lib.py:1856: RuntimeWarning: overflow encountered in scalar multiply
  fama[i] = .5 * al * mama[i] + (1 - .5 * al) * fama[i - 1]
/Users/jackcuster/Documents/fx-data/code/l2lib.py:1855: RuntimeWarning: overflow encountered in scalar multiply
  mama[i] = al * src[i] + (1 - al) * mama[i - 1]
/Users/jackcuster/Documents/fx-data/code/l2lib.py:1856: RuntimeWarning: invalid value encountered in scalar add
  fama[i] = .5 * al * mama[i] + (1 - .5 * al) * fama[i - 1]
/Users/jackcuster/Documents/fx-data/code/l2lib.py:1856: RuntimeWarning: overflow encountered in scalar add
  fama[i] = .5 * al * mama[i] + (1 - .5 * al) * fama[i - 1]
/Users/jackcuster/Documents/fx-data/code/l2lib.py:1881: RuntimeWarning: overflow encountered in scalar multiply
  sm = r if not np.isfinite(sm) else price_smooth * r + (1 - price_smooth) * sm
/Users/jackcuster/Documents/fx-data/code/l2lib.py:1884: RuntimeWarning: overflow encountered in scalar multiply
  st = fr if not np.isfinite(st) else index_smooth * fr + (1 - index_smooth) * st
  [B chop] chunk    24   100 combos  45225.8 s  hit 90.6%  crossed  24  |  2,600/5,030 done, 261.4 engine-h spent, ~244 engine-h left
  [B chop] chunk    29   100 combos  27126.5 s  hit 90.9%  crossed  20  |  2,700/5,030 done, 268.9 engine-h spent, ~232 engine-h left
/Users/jackcuster/Documents/fx-data/code/l2lib.py:1856: RuntimeWarning: overflow encountered in scalar multiply
  fama[i] = .5 * al * mama[i] + (1 - .5 * al) * fama[i - 1]
/Users/jackcuster/Documents/fx-data/code/l2lib.py:1855: RuntimeWarning: overflow encountered in scalar multiply
  mama[i] = al * src[i] + (1 - al) * mama[i - 1]
/Users/jackcuster/Documents/fx-data/code/l2lib.py:1856: RuntimeWarning: invalid value encountered in scalar add
  fama[i] = .5 * al * mama[i] + (1 - .5 * al) * fama[i - 1]
/Users/jackcuster/Documents/fx-data/code/l2lib.py:1856: RuntimeWarning: overflow encountered in scalar add
  fama[i] = .5 * al * mama[i] + (1 - .5 * al) * fama[i - 1]
/Users/jackcuster/Documents/fx-data/code/l2lib.py:1856: RuntimeWarning: overflow encountered in scalar multiply
  fama[i] = .5 * al * mama[i] + (1 - .5 * al) * fama[i - 1]
/Users/jackcuster/Documents/fx-data/code/l2lib.py:1855: RuntimeWarning: overflow encountered in scalar multiply
  mama[i] = al * src[i] + (1 - al) * mama[i - 1]
/Users/jackcuster/Documents/fx-data/code/l2lib.py:1856: RuntimeWarning: invalid value encountered in scalar add
  fama[i] = .5 * al * mama[i] + (1 - .5 * al) * fama[i - 1]
/Users/jackcuster/Documents/fx-data/code/l2lib.py:1856: RuntimeWarning: overflow encountered in scalar add
  fama[i] = .5 * al * mama[i] + (1 - .5 * al) * fama[i - 1]
/Users/jackcuster/Documents/fx-data/code/l2lib.py:1881: RuntimeWarning: overflow encountered in scalar multiply
  sm = r if not np.isfinite(sm) else price_smooth * r + (1 - price_smooth) * sm
/Users/jackcuster/Documents/fx-data/code/l2lib.py:1884: RuntimeWarning: overflow encountered in scalar multiply
  st = fr if not np.isfinite(st) else index_smooth * fr + (1 - index_smooth) * st
  [B chop] chunk    27   100 combos  58772.7 s  hit 90.5%  crossed  20  |  2,800/5,030 done, 285.3 engine-h spent, ~227 engine-h left
  [B chop] chunk    28   100 combos  54846.5 s  hit 90.9%  crossed  11  |  2,900/5,030 done, 300.5 engine-h spent, ~221 engine-h left
  [B chop] chunk    26   100 combos  63910.5 s  hit 90.4%  crossed  18  |  3,000/5,030 done, 318.3 engine-h spent, ~215 engine-h left
/Users/jackcuster/Documents/fx-data/code/l2lib.py:1881: RuntimeWarning: overflow encountered in scalar multiply
  sm = r if not np.isfinite(sm) else price_smooth * r + (1 - price_smooth) * sm
/Users/jackcuster/Documents/fx-data/code/l2lib.py:1884: RuntimeWarning: overflow encountered in scalar multiply
  st = fr if not np.isfinite(st) else index_smooth * fr + (1 - index_smooth) * st
/Users/jackcuster/Documents/fx-data/code/l2lib.py:1881: RuntimeWarning: overflow encountered in scalar multiply
  sm = r if not np.isfinite(sm) else price_smooth * r + (1 - price_smooth) * sm
/Users/jackcuster/Documents/fx-data/code/l2lib.py:1884: RuntimeWarning: overflow encountered in scalar multiply
  st = fr if not np.isfinite(st) else index_smooth * fr + (1 - index_smooth) * st
  [B chop] chunk    31   100 combos  57661.7 s  hit 90.3%  crossed  29  |  3,100/5,030 done, 334.3 engine-h spent, ~208 engine-h left
/Users/jackcuster/Documents/fx-data/code/l2lib.py:1856: RuntimeWarning: overflow encountered in scalar multiply
  fama[i] = .5 * al * mama[i] + (1 - .5 * al) * fama[i - 1]
/Users/jackcuster/Documents/fx-data/code/l2lib.py:1855: RuntimeWarning: overflow encountered in scalar multiply
  mama[i] = al * src[i] + (1 - al) * mama[i - 1]
/Users/jackcuster/Documents/fx-data/code/l2lib.py:1856: RuntimeWarning: invalid value encountered in scalar add
  fama[i] = .5 * al * mama[i] + (1 - .5 * al) * fama[i - 1]
/Users/jackcuster/Documents/fx-data/code/l2lib.py:1856: RuntimeWarning: overflow encountered in scalar add
  fama[i] = .5 * al * mama[i] + (1 - .5 * al) * fama[i - 1]
/Users/jackcuster/Documents/fx-data/code/l2pine.py:164: RuntimeWarning: invalid value encountered in divide
  return (W * w).sum(axis=1) / w.sum()
/Users/jackcuster/Documents/fx-data/code/l2pine.py:164: RuntimeWarning: invalid value encountered in divide
  return (W * w).sum(axis=1) / w.sum()
/Users/jackcuster/Documents/fx-data/code/l2lib.py:1856: RuntimeWarning: overflow encountered in scalar multiply
  fama[i] = .5 * al * mama[i] + (1 - .5 * al) * fama[i - 1]
/Users/jackcuster/Documents/fx-data/code/l2lib.py:1855: RuntimeWarning: overflow encountered in scalar multiply
  mama[i] = al * src[i] + (1 - al) * mama[i - 1]
/Users/jackcuster/Documents/fx-data/code/l2lib.py:1856: RuntimeWarning: invalid value encountered in scalar add
  fama[i] = .5 * al * mama[i] + (1 - .5 * al) * fama[i - 1]
/Users/jackcuster/Documents/fx-data/code/l2lib.py:1856: RuntimeWarning: overflow encountered in scalar add
  fama[i] = .5 * al * mama[i] + (1 - .5 * al) * fama[i - 1]
/Users/jackcuster/Documents/fx-data/code/l2lib.py:1856: RuntimeWarning: overflow encountered in scalar multiply
  fama[i] = .5 * al * mama[i] + (1 - .5 * al) * fama[i - 1]
/Users/jackcuster/Documents/fx-data/code/l2lib.py:1855: RuntimeWarning: overflow encountered in scalar multiply
  mama[i] = al * src[i] + (1 - al) * mama[i - 1]
/Users/jackcuster/Documents/fx-data/code/l2lib.py:1856: RuntimeWarning: invalid value encountered in scalar add
  fama[i] = .5 * al * mama[i] + (1 - .5 * al) * fama[i - 1]
/Users/jackcuster/Documents/fx-data/code/l2lib.py:1856: RuntimeWarning: overflow encountered in scalar add
  fama[i] = .5 * al * mama[i] + (1 - .5 * al) * fama[i - 1]
/Users/jackcuster/Documents/fx-data/code/l2lib.py:1881: RuntimeWarning: overflow encountered in scalar multiply
  sm = r if not np.isfinite(sm) else price_smooth * r + (1 - price_smooth) * sm
/Users/jackcuster/Documents/fx-data/code/l2lib.py:1884: RuntimeWarning: overflow encountered in scalar multiply
  st = fr if not np.isfinite(st) else index_smooth * fr + (1 - index_smooth) * st
/Users/jackcuster/Documents/fx-data/code/l2lib.py:1881: RuntimeWarning: overflow encountered in scalar multiply
  sm = r if not np.isfinite(sm) else price_smooth * r + (1 - price_smooth) * sm
/Users/jackcuster/Documents/fx-data/code/l2lib.py:1884: RuntimeWarning: overflow encountered in scalar multiply
  st = fr if not np.isfinite(st) else index_smooth * fr + (1 - index_smooth) * st
  [B chop] chunk    30   100 combos  102586.6 s  hit 90.6%  crossed  21  |  3,200/5,030 done, 362.8 engine-h spent, ~208 engine-h left
/Users/jackcuster/Documents/fx-data/code/l2lib.py:1856: RuntimeWarning: overflow encountered in scalar multiply
  fama[i] = .5 * al * mama[i] + (1 - .5 * al) * fama[i - 1]
/Users/jackcuster/Documents/fx-data/code/l2lib.py:1855: RuntimeWarning: overflow encountered in scalar multiply
  mama[i] = al * src[i] + (1 - al) * mama[i - 1]
/Users/jackcuster/Documents/fx-data/code/l2lib.py:1856: RuntimeWarning: invalid value encountered in scalar add
  fama[i] = .5 * al * mama[i] + (1 - .5 * al) * fama[i - 1]
/Users/jackcuster/Documents/fx-data/code/l2lib.py:1856: RuntimeWarning: overflow encountered in scalar add
  fama[i] = .5 * al * mama[i] + (1 - .5 * al) * fama[i - 1]
/Users/jackcuster/Documents/fx-data/code/l2lib.py:1881: RuntimeWarning: overflow encountered in scalar multiply
  sm = r if not np.isfinite(sm) else price_smooth * r + (1 - price_smooth) * sm
/Users/jackcuster/Documents/fx-data/code/l2lib.py:1884: RuntimeWarning: overflow encountered in scalar multiply
  st = fr if not np.isfinite(st) else index_smooth * fr + (1 - index_smooth) * st
/Users/jackcuster/Documents/fx-data/code/l2lib.py:1881: RuntimeWarning: overflow encountered in scalar multiply
  sm = r if not np.isfinite(sm) else price_smooth * r + (1 - price_smooth) * sm
/Users/jackcuster/Documents/fx-data/code/l2lib.py:1884: RuntimeWarning: overflow encountered in scalar multiply
  st = fr if not np.isfinite(st) else index_smooth * fr + (1 - index_smooth) * st
  [B chop] chunk    32   100 combos  92138.1 s  hit 90.7%  crossed  16  |  3,300/5,030 done, 388.4 engine-h spent, ~204 engine-h left
/Users/jackcuster/Documents/fx-data/code/l2pine.py:164: RuntimeWarning: invalid value encountered in divide
  return (W * w).sum(axis=1) / w.sum()
  [B chop] chunk    34   100 combos  79634.2 s  hit 91.1%  crossed  17  |  3,400/5,030 done, 410.5 engine-h spent, ~197 engine-h left
/Users/jackcuster/Documents/fx-data/code/l2lib.py:1881: RuntimeWarning: overflow encountered in scalar multiply
  sm = r if not np.isfinite(sm) else price_smooth * r + (1 - price_smooth) * sm
/Users/jackcuster/Documents/fx-data/code/l2lib.py:1884: RuntimeWarning: overflow encountered in scalar multiply
  st = fr if not np.isfinite(st) else index_smooth * fr + (1 - index_smooth) * st
  [B chop] chunk    33   100 combos  84631.9 s  hit 90.5%  crossed  30  |  3,500/5,030 done, 434.0 engine-h spent, ~190 engine-h left
/Users/jackcuster/Documents/fx-data/code/l2lib.py:1856: RuntimeWarning: overflow encountered in scalar multiply
  fama[i] = .5 * al * mama[i] + (1 - .5 * al) * fama[i - 1]
/Users/jackcuster/Documents/fx-data/code/l2lib.py:1855: RuntimeWarning: overflow encountered in scalar multiply
  mama[i] = al * src[i] + (1 - al) * mama[i - 1]
/Users/jackcuster/Documents/fx-data/code/l2lib.py:1856: RuntimeWarning: invalid value encountered in scalar add
  fama[i] = .5 * al * mama[i] + (1 - .5 * al) * fama[i - 1]
/Users/jackcuster/Documents/fx-data/code/l2lib.py:1856: RuntimeWarning: overflow encountered in scalar add
  fama[i] = .5 * al * mama[i] + (1 - .5 * al) * fama[i - 1]
/Users/jackcuster/Documents/fx-data/code/l2lib.py:1856: RuntimeWarning: overflow encountered in scalar multiply
  fama[i] = .5 * al * mama[i] + (1 - .5 * al) * fama[i - 1]
/Users/jackcuster/Documents/fx-data/code/l2lib.py:1855: RuntimeWarning: overflow encountered in scalar multiply
  mama[i] = al * src[i] + (1 - al) * mama[i - 1]
/Users/jackcuster/Documents/fx-data/code/l2lib.py:1856: RuntimeWarning: invalid value encountered in scalar add
  fama[i] = .5 * al * mama[i] + (1 - .5 * al) * fama[i - 1]
/Users/jackcuster/Documents/fx-data/code/l2lib.py:1856: RuntimeWarning: overflow encountered in scalar add
  fama[i] = .5 * al * mama[i] + (1 - .5 * al) * fama[i - 1]
  [B chop] chunk    37   100 combos  57042.2 s  hit 90.5%  crossed  19  |  3,600/5,030 done, 449.9 engine-h spent, ~179 engine-h left
/Users/jackcuster/Documents/fx-data/code/l2lib.py:1881: RuntimeWarning: overflow encountered in scalar multiply
  sm = r if not np.isfinite(sm) else price_smooth * r + (1 - price_smooth) * sm
/Users/jackcuster/Documents/fx-data/code/l2lib.py:1884: RuntimeWarning: overflow encountered in scalar multiply
  st = fr if not np.isfinite(st) else index_smooth * fr + (1 - index_smooth) * st
  [B chop] chunk    35   100 combos  61804.1 s  hit 90.8%  crossed  14  |  3,700/5,030 done, 467.0 engine-h spent, ~168 engine-h left
/Users/jackcuster/Documents/fx-data/code/l2lib.py:1856: RuntimeWarning: overflow encountered in scalar multiply
  fama[i] = .5 * al * mama[i] + (1 - .5 * al) * fama[i - 1]
/Users/jackcuster/Documents/fx-data/code/l2lib.py:1855: RuntimeWarning: overflow encountered in scalar multiply
  mama[i] = al * src[i] + (1 - al) * mama[i - 1]
/Users/jackcuster/Documents/fx-data/code/l2lib.py:1856: RuntimeWarning: invalid value encountered in scalar add
  fama[i] = .5 * al * mama[i] + (1 - .5 * al) * fama[i - 1]
/Users/jackcuster/Documents/fx-data/code/l2lib.py:1856: RuntimeWarning: overflow encountered in scalar add
  fama[i] = .5 * al * mama[i] + (1 - .5 * al) * fama[i - 1]
/Users/jackcuster/Documents/fx-data/code/l2lib.py:1881: RuntimeWarning: overflow encountered in scalar multiply
  sm = r if not np.isfinite(sm) else price_smooth * r + (1 - price_smooth) * sm
/Users/jackcuster/Documents/fx-data/code/l2lib.py:1884: RuntimeWarning: overflow encountered in scalar multiply
  st = fr if not np.isfinite(st) else index_smooth * fr + (1 - index_smooth) * st
/Users/jackcuster/Documents/fx-data/code/l2lib.py:1856: RuntimeWarning: overflow encountered in scalar multiply
  fama[i] = .5 * al * mama[i] + (1 - .5 * al) * fama[i - 1]
/Users/jackcuster/Documents/fx-data/code/l2lib.py:1855: RuntimeWarning: overflow encountered in scalar multiply
  mama[i] = al * src[i] + (1 - al) * mama[i - 1]
/Users/jackcuster/Documents/fx-data/code/l2lib.py:1856: RuntimeWarning: invalid value encountered in scalar add
  fama[i] = .5 * al * mama[i] + (1 - .5 * al) * fama[i - 1]
/Users/jackcuster/Documents/fx-data/code/l2lib.py:1856: RuntimeWarning: overflow encountered in scalar add
  fama[i] = .5 * al * mama[i] + (1 - .5 * al) * fama[i - 1]
/Users/jackcuster/Documents/fx-data/code/l2pine.py:164: RuntimeWarning: invalid value encountered in divide
  return (W * w).sum(axis=1) / w.sum()
/Users/jackcuster/Documents/fx-data/code/l2lib.py:1856: RuntimeWarning: overflow encountered in scalar multiply
  fama[i] = .5 * al * mama[i] + (1 - .5 * al) * fama[i - 1]
/Users/jackcuster/Documents/fx-data/code/l2lib.py:1855: RuntimeWarning: overflow encountered in scalar multiply
  mama[i] = al * src[i] + (1 - al) * mama[i - 1]
/Users/jackcuster/Documents/fx-data/code/l2lib.py:1856: RuntimeWarning: invalid value encountered in scalar add
  fama[i] = .5 * al * mama[i] + (1 - .5 * al) * fama[i - 1]
/Users/jackcuster/Documents/fx-data/code/l2lib.py:1856: RuntimeWarning: overflow encountered in scalar add
  fama[i] = .5 * al * mama[i] + (1 - .5 * al) * fama[i - 1]
/Users/jackcuster/Documents/fx-data/code/l2lib.py:1856: RuntimeWarning: overflow encountered in scalar multiply
  fama[i] = .5 * al * mama[i] + (1 - .5 * al) * fama[i - 1]
/Users/jackcuster/Documents/fx-data/code/l2lib.py:1855: RuntimeWarning: overflow encountered in scalar multiply
  mama[i] = al * src[i] + (1 - al) * mama[i - 1]
/Users/jackcuster/Documents/fx-data/code/l2lib.py:1856: RuntimeWarning: invalid value encountered in scalar add
  fama[i] = .5 * al * mama[i] + (1 - .5 * al) * fama[i - 1]
/Users/jackcuster/Documents/fx-data/code/l2lib.py:1856: RuntimeWarning: overflow encountered in scalar add
  fama[i] = .5 * al * mama[i] + (1 - .5 * al) * fama[i - 1]
/Users/jackcuster/Documents/fx-data/code/l2lib.py:1856: RuntimeWarning: overflow encountered in scalar multiply
  fama[i] = .5 * al * mama[i] + (1 - .5 * al) * fama[i - 1]
/Users/jackcuster/Documents/fx-data/code/l2lib.py:1855: RuntimeWarning: overflow encountered in scalar multiply
  mama[i] = al * src[i] + (1 - al) * mama[i - 1]
/Users/jackcuster/Documents/fx-data/code/l2lib.py:1856: RuntimeWarning: invalid value encountered in scalar add
  fama[i] = .5 * al * mama[i] + (1 - .5 * al) * fama[i - 1]
/Users/jackcuster/Documents/fx-data/code/l2lib.py:1856: RuntimeWarning: overflow encountered in scalar add
  fama[i] = .5 * al * mama[i] + (1 - .5 * al) * fama[i - 1]
  [B chop] chunk    39   100 combos  22769.5 s  hit 90.8%  crossed  18  |  3,800/5,030 done, 473.3 engine-h spent, ~153 engine-h left
  [B chop] chunk    38   100 combos  67268.3 s  hit 90.1%  crossed  23  |  3,900/5,030 done, 492.0 engine-h spent, ~143 engine-h left
/Users/jackcuster/Documents/fx-data/code/l2lib.py:1881: RuntimeWarning: overflow encountered in scalar multiply
  sm = r if not np.isfinite(sm) else price_smooth * r + (1 - price_smooth) * sm
/Users/jackcuster/Documents/fx-data/code/l2lib.py:1884: RuntimeWarning: overflow encountered in scalar multiply
  st = fr if not np.isfinite(st) else index_smooth * fr + (1 - index_smooth) * st
  [B chop] chunk    41   100 combos  25367.9 s  hit 91.0%  crossed  24  |  4,000/5,030 done, 499.1 engine-h spent, ~128 engine-h left
/Users/jackcuster/Documents/fx-data/code/l2pine.py:164: RuntimeWarning: invalid value encountered in divide
  return (W * w).sum(axis=1) / w.sum()
  [B chop] chunk    36   100 combos  79770.9 s  hit 90.4%  crossed  24  |  4,100/5,030 done, 521.2 engine-h spent, ~118 engine-h left
/Users/jackcuster/Documents/fx-data/code/l2lib.py:1881: RuntimeWarning: overflow encountered in scalar multiply
  sm = r if not np.isfinite(sm) else price_smooth * r + (1 - price_smooth) * sm
/Users/jackcuster/Documents/fx-data/code/l2lib.py:1884: RuntimeWarning: overflow encountered in scalar multiply
  st = fr if not np.isfinite(st) else index_smooth * fr + (1 - index_smooth) * st
/Users/jackcuster/Documents/fx-data/code/l2lib.py:1856: RuntimeWarning: overflow encountered in scalar multiply
  fama[i] = .5 * al * mama[i] + (1 - .5 * al) * fama[i - 1]
/Users/jackcuster/Documents/fx-data/code/l2lib.py:1855: RuntimeWarning: overflow encountered in scalar multiply
  mama[i] = al * src[i] + (1 - al) * mama[i - 1]
/Users/jackcuster/Documents/fx-data/code/l2lib.py:1856: RuntimeWarning: invalid value encountered in scalar add
  fama[i] = .5 * al * mama[i] + (1 - .5 * al) * fama[i - 1]
/Users/jackcuster/Documents/fx-data/code/l2lib.py:1856: RuntimeWarning: overflow encountered in scalar add
  fama[i] = .5 * al * mama[i] + (1 - .5 * al) * fama[i - 1]
/Users/jackcuster/Documents/fx-data/code/l2lib.py:1856: RuntimeWarning: overflow encountered in scalar multiply
  fama[i] = .5 * al * mama[i] + (1 - .5 * al) * fama[i - 1]
/Users/jackcuster/Documents/fx-data/code/l2lib.py:1855: RuntimeWarning: overflow encountered in scalar multiply
  mama[i] = al * src[i] + (1 - al) * mama[i - 1]
/Users/jackcuster/Documents/fx-data/code/l2lib.py:1856: RuntimeWarning: invalid value encountered in scalar add
  fama[i] = .5 * al * mama[i] + (1 - .5 * al) * fama[i - 1]
/Users/jackcuster/Documents/fx-data/code/l2lib.py:1856: RuntimeWarning: overflow encountered in scalar add
  fama[i] = .5 * al * mama[i] + (1 - .5 * al) * fama[i - 1]
/Users/jackcuster/Documents/fx-data/code/l2pine.py:164: RuntimeWarning: invalid value encountered in divide
  return (W * w).sum(axis=1) / w.sum()
  [B chop] chunk    40   100 combos  37010.2 s  hit 90.8%  crossed  19  |  4,200/5,030 done, 531.5 engine-h spent, ~105 engine-h left
/Users/jackcuster/Documents/fx-data/code/l2lib.py:1856: RuntimeWarning: overflow encountered in scalar multiply
  fama[i] = .5 * al * mama[i] + (1 - .5 * al) * fama[i - 1]
/Users/jackcuster/Documents/fx-data/code/l2lib.py:1855: RuntimeWarning: overflow encountered in scalar multiply
  mama[i] = al * src[i] + (1 - al) * mama[i - 1]
/Users/jackcuster/Documents/fx-data/code/l2lib.py:1856: RuntimeWarning: invalid value encountered in scalar add
  fama[i] = .5 * al * mama[i] + (1 - .5 * al) * fama[i - 1]
/Users/jackcuster/Documents/fx-data/code/l2lib.py:1856: RuntimeWarning: overflow encountered in scalar add
  fama[i] = .5 * al * mama[i] + (1 - .5 * al) * fama[i - 1]
/Users/jackcuster/Documents/fx-data/code/l2lib.py:1881: RuntimeWarning: overflow encountered in scalar multiply
  sm = r if not np.isfinite(sm) else price_smooth * r + (1 - price_smooth) * sm
/Users/jackcuster/Documents/fx-data/code/l2lib.py:1884: RuntimeWarning: overflow encountered in scalar multiply
  st = fr if not np.isfinite(st) else index_smooth * fr + (1 - index_smooth) * st
/Users/jackcuster/Documents/fx-data/code/l2lib.py:1881: RuntimeWarning: overflow encountered in scalar multiply
  sm = r if not np.isfinite(sm) else price_smooth * r + (1 - price_smooth) * sm
/Users/jackcuster/Documents/fx-data/code/l2lib.py:1884: RuntimeWarning: overflow encountered in scalar multiply
  st = fr if not np.isfinite(st) else index_smooth * fr + (1 - index_smooth) * st
/Users/jackcuster/Documents/fx-data/code/l2pine.py:164: RuntimeWarning: invalid value encountered in divide
  return (W * w).sum(axis=1) / w.sum()
  [B chop] chunk    43   100 combos  34497.3 s  hit 90.6%  crossed  25  |  4,300/5,030 done, 541.1 engine-h spent, ~92 engine-h left
/Users/jackcuster/Documents/fx-data/code/l2lib.py:1856: RuntimeWarning: overflow encountered in scalar multiply
  fama[i] = .5 * al * mama[i] + (1 - .5 * al) * fama[i - 1]
/Users/jackcuster/Documents/fx-data/code/l2lib.py:1855: RuntimeWarning: overflow encountered in scalar multiply
  mama[i] = al * src[i] + (1 - al) * mama[i - 1]
/Users/jackcuster/Documents/fx-data/code/l2lib.py:1856: RuntimeWarning: invalid value encountered in scalar add
  fama[i] = .5 * al * mama[i] + (1 - .5 * al) * fama[i - 1]
/Users/jackcuster/Documents/fx-data/code/l2lib.py:1856: RuntimeWarning: overflow encountered in scalar add
  fama[i] = .5 * al * mama[i] + (1 - .5 * al) * fama[i - 1]
/Users/jackcuster/Documents/fx-data/code/l2lib.py:1881: RuntimeWarning: overflow encountered in scalar multiply
  sm = r if not np.isfinite(sm) else price_smooth * r + (1 - price_smooth) * sm
/Users/jackcuster/Documents/fx-data/code/l2lib.py:1884: RuntimeWarning: overflow encountered in scalar multiply
  st = fr if not np.isfinite(st) else index_smooth * fr + (1 - index_smooth) * st
  [B chop] chunk    46   100 combos  25962.7 s  hit 91.1%  crossed  21  |  4,400/5,030 done, 548.3 engine-h spent, ~78 engine-h left
  [B chop] chunk    44   100 combos  40419.5 s  hit 91.0%  crossed  19  |  4,500/5,030 done, 559.5 engine-h spent, ~66 engine-h left
/Users/jackcuster/Documents/fx-data/code/l2lib.py:1881: RuntimeWarning: overflow encountered in scalar multiply
  sm = r if not np.isfinite(sm) else price_smooth * r + (1 - price_smooth) * sm
/Users/jackcuster/Documents/fx-data/code/l2lib.py:1884: RuntimeWarning: overflow encountered in scalar multiply
  st = fr if not np.isfinite(st) else index_smooth * fr + (1 - index_smooth) * st
/Users/jackcuster/Documents/fx-data/code/l2pine.py:164: RuntimeWarning: invalid value encountered in divide
  return (W * w).sum(axis=1) / w.sum()
  [B chop] chunk    42   100 combos  47747.8 s  hit 90.7%  crossed  15  |  4,600/5,030 done, 572.8 engine-h spent, ~54 engine-h left
/Users/jackcuster/Documents/fx-data/code/l2lib.py:1881: RuntimeWarning: overflow encountered in scalar multiply
  sm = r if not np.isfinite(sm) else price_smooth * r + (1 - price_smooth) * sm
/Users/jackcuster/Documents/fx-data/code/l2lib.py:1884: RuntimeWarning: overflow encountered in scalar multiply
  st = fr if not np.isfinite(st) else index_smooth * fr + (1 - index_smooth) * st
  [B chop] chunk    50    30 combos  16165.2 s  hit 89.7%  crossed   6  |  4,630/5,030 done, 577.3 engine-h spent, ~50 engine-h left
/Users/jackcuster/Documents/fx-data/code/l2lib.py:1856: RuntimeWarning: overflow encountered in scalar multiply
  fama[i] = .5 * al * mama[i] + (1 - .5 * al) * fama[i - 1]
/Users/jackcuster/Documents/fx-data/code/l2lib.py:1855: RuntimeWarning: overflow encountered in scalar multiply
  mama[i] = al * src[i] + (1 - al) * mama[i - 1]
/Users/jackcuster/Documents/fx-data/code/l2lib.py:1856: RuntimeWarning: invalid value encountered in scalar add
  fama[i] = .5 * al * mama[i] + (1 - .5 * al) * fama[i - 1]
/Users/jackcuster/Documents/fx-data/code/l2lib.py:1856: RuntimeWarning: overflow encountered in scalar add
  fama[i] = .5 * al * mama[i] + (1 - .5 * al) * fama[i - 1]
  [B chop] chunk    45   100 combos  40065.2 s  hit 90.5%  crossed  22  |  4,730/5,030 done, 588.4 engine-h spent, ~37 engine-h left
/Users/jackcuster/Documents/fx-data/code/l2lib.py:1856: RuntimeWarning: overflow encountered in scalar multiply
  fama[i] = .5 * al * mama[i] + (1 - .5 * al) * fama[i - 1]
/Users/jackcuster/Documents/fx-data/code/l2lib.py:1855: RuntimeWarning: overflow encountered in scalar multiply
  mama[i] = al * src[i] + (1 - al) * mama[i - 1]
/Users/jackcuster/Documents/fx-data/code/l2lib.py:1856: RuntimeWarning: invalid value encountered in scalar add
  fama[i] = .5 * al * mama[i] + (1 - .5 * al) * fama[i - 1]
/Users/jackcuster/Documents/fx-data/code/l2lib.py:1856: RuntimeWarning: overflow encountered in scalar add
  fama[i] = .5 * al * mama[i] + (1 - .5 * al) * fama[i - 1]
  [B chop] chunk    47   100 combos  36248.7 s  hit 90.5%  crossed  15  |  4,830/5,030 done, 598.5 engine-h spent, ~25 engine-h left
  [B chop] chunk    48   100 combos  36134.4 s  hit 90.9%  crossed  17  |  4,930/5,030 done, 608.5 engine-h spent, ~12 engine-h left
  [B chop] chunk    49   100 combos  37818.5 s  hit 90.5%  crossed  25  |  5,030/5,030 done, 619.0 engine-h spent, ~0 engine-h left

MODE B TUNED: 19845 rows, 2653 crossing the gate 2 label
