gate 1 MODE A (C1-flip exit): 273,780 combinations, 32 shards, 0 done, 32 queued, 8 workers
  floors: {'trend': 0.0972206958204911, 'chop': 0.1099192404755819}   PF >= 1.05
    shard    4:   5000 done, 5.28 ms/combo, 0 min left
    shard    6:   5000 done, 5.30 ms/combo, 0 min left
    shard    5:   5000 done, 5.29 ms/combo, 0 min left
    shard    2:   5000 done, 5.32 ms/combo, 0 min left
    shard    7:   5000 done, 5.33 ms/combo, 0 min left
    shard    0:   5000 done, 5.33 ms/combo, 0 min left
    shard    3:   5000 done, 5.29 ms/combo, 0 min left
    shard    1:   5000 done, 5.37 ms/combo, 0 min left
  shard    4:     8556 seen | eligible   6858/  5706 | survivors   409/  149  (trend/chop)
  shard    6:     8556 seen | eligible   6995/  5993 | survivors   371/  167  (trend/chop)
  shard    5:     8556 seen | eligible   6955/  5513 | survivors   392/  226  (trend/chop)
  shard    2:     8556 seen | eligible   6969/  5947 | survivors   391/  151  (trend/chop)
  shard    3:     8556 seen | eligible   6907/  5750 | survivors   340/  194  (trend/chop)
  shard    1:     8556 seen | eligible   6951/  5505 | survivors   409/  186  (trend/chop)
  shard    0:     8556 seen | eligible   6864/  5657 | survivors   412/  164  (trend/chop)
  shard    7:     8556 seen | eligible   6879/  5742 | survivors   338/  177  (trend/chop)
    shard   12:   5000 done, 5.26 ms/combo, 0 min left
    shard   10:   5000 done, 5.33 ms/combo, 0 min left
    shard    8:   5000 done, 5.40 ms/combo, 0 min left
    shard    9:   5000 done, 5.42 ms/combo, 0 min left
    shard   11:   5000 done, 5.45 ms/combo, 0 min left
    shard   15:   5000 done, 5.36 ms/combo, 0 min left
    shard   13:   5000 done, 5.39 ms/combo, 0 min left
    shard   14:   5000 done, 5.40 ms/combo, 0 min left
  shard   12:     8556 seen | eligible   6868/  5678 | survivors   401/  159  (trend/chop)
  shard   10:     8556 seen | eligible   6980/  5979 | survivors   416/  164  (trend/chop)
  shard    8:     8556 seen | eligible   6861/  5692 | survivors   414/  183  (trend/chop)
  shard    9:     8556 seen | eligible   6907/  5513 | survivors   406/  196  (trend/chop)
  shard   15:     8556 seen | eligible   6892/  5720 | survivors   339/  180  (trend/chop)
  shard   11:     8556 seen | eligible   6875/  5684 | survivors   339/  192  (trend/chop)
  shard   13:     8556 seen | eligible   6946/  5473 | survivors   410/  204  (trend/chop)
  shard   14:     8556 seen | eligible   6997/  5960 | survivors   397/  171  (trend/chop)
    shard   16:   5000 done, 5.24 ms/combo, 0 min left
    shard   17:   5000 done, 5.20 ms/combo, 0 min left
    shard   18:   5000 done, 5.23 ms/combo, 0 min left
    shard   19:   5000 done, 5.20 ms/combo, 0 min left
    shard   22:   5000 done, 5.20 ms/combo, 0 min left
    shard   20:   5000 done, 5.23 ms/combo, 0 min left
    shard   21:   5000 done, 5.25 ms/combo, 0 min left
    shard   23:   5000 done, 5.26 ms/combo, 0 min left
  shard   16:     8556 seen | eligible   6857/  5679 | survivors   398/  176  (trend/chop)
  shard   17:     8556 seen | eligible   6928/  5480 | survivors   372/  190  (trend/chop)
  shard   19:     8556 seen | eligible   6881/  5705 | survivors   323/  187  (trend/chop)
  shard   18:     8556 seen | eligible   6995/  5982 | survivors   413/  168  (trend/chop)
  shard   22:     8555 seen | eligible   6982/  5935 | survivors   403/  175  (trend/chop)
  shard   20:     8555 seen | eligible   6842/  5695 | survivors   390/  160  (trend/chop)
  shard   21:     8555 seen | eligible   6927/  5475 | survivors   388/  183  (trend/chop)
  shard   23:     8555 seen | eligible   6884/  5714 | survivors   327/  176  (trend/chop)
    shard   25:   5000 done, 5.32 ms/combo, 0 min left
    shard   27:   5000 done, 5.26 ms/combo, 0 min left
    shard   30:   5000 done, 5.17 ms/combo, 0 min left
    shard   24:   5000 done, 5.40 ms/combo, 0 min left
    shard   28:   5000 done, 5.28 ms/combo, 0 min left
    shard   26:   5000 done, 5.33 ms/combo, 0 min left
    shard   31:   5000 done, 5.21 ms/combo, 0 min left
    shard   29:   5000 done, 5.29 ms/combo, 0 min left
  shard   31:     8555 seen | eligible   6870/  5706 | survivors   342/  202  (trend/chop)
  shard   27:     8555 seen | eligible   6890/  5720 | survivors   344/  180  (trend/chop)
  shard   25:     8555 seen | eligible   6960/  5509 | survivors   385/  211  (trend/chop)
  shard   24:     8555 seen | eligible   6834/  5671 | survivors   405/  143  (trend/chop)
  shard   30:     8555 seen | eligible   6974/  5963 | survivors   407/  158  (trend/chop)
  shard   29:     8555 seen | eligible   6931/  5522 | survivors   374/  194  (trend/chop)
  shard   28:     8555 seen | eligible   6806/  5655 | survivors   392/  157  (trend/chop)
  shard   26:     8555 seen | eligible   6972/  5963 | survivors   416/  136  (trend/chop)

MODE A: 17922 surviving slices in 254s (0.07 h)
slice
chop      5659
trend    12263
gate 1 MODE B (baseline-cross exit): 273,780 combinations, 32 shards, 0 done, 32 queued, 8 workers
  floors: {'trend': 0.0897542708738921, 'chop': 0.092979270256209}   PF >= 1.05
    shard    6:   5000 done, 5.25 ms/combo, 0 min left
    shard    0:   5000 done, 5.30 ms/combo, 0 min left
    shard    7:   5000 done, 5.29 ms/combo, 0 min left
    shard    2:   5000 done, 5.29 ms/combo, 0 min left
    shard    3:   5000 done, 5.30 ms/combo, 0 min left
    shard    4:   5000 done, 5.31 ms/combo, 0 min left
    shard    5:   5000 done, 5.36 ms/combo, 0 min left
    shard    1:   5000 done, 5.35 ms/combo, 0 min left
  shard    0:     8556 seen | eligible   6926/  5717 | survivors   528/  153  (trend/chop)
  shard    7:     8556 seen | eligible   6905/  5796 | survivors   393/  203  (trend/chop)
  shard    3:     8556 seen | eligible   6944/  5810 | survivors   405/  206  (trend/chop)
  shard    6:     8556 seen | eligible   7033/  6063 | survivors   452/  165  (trend/chop)
  shard    2:     8556 seen | eligible   7011/  6021 | survivors   469/  157  (trend/chop)
  shard    4:     8556 seen | eligible   6914/  5779 | survivors   535/  158  (trend/chop)
  shard    5:     8556 seen | eligible   7007/  5568 | survivors   458/  129  (trend/chop)
  shard    1:     8556 seen | eligible   7022/  5576 | survivors   493/  102  (trend/chop)
    shard    9:   5000 done, 5.35 ms/combo, 0 min left
    shard   12:   5000 done, 5.35 ms/combo, 0 min left
    shard   11:   5000 done, 5.37 ms/combo, 0 min left
    shard    8:   5000 done, 5.42 ms/combo, 0 min left
    shard   13:   5000 done, 5.38 ms/combo, 0 min left
    shard   10:   5000 done, 5.46 ms/combo, 0 min left
    shard   14:   5000 done, 5.41 ms/combo, 0 min left
    shard   15:   5000 done, 5.42 ms/combo, 0 min left
  shard    9:     8556 seen | eligible   6983/  5566 | survivors   483/  101  (trend/chop)
  shard   12:     8556 seen | eligible   6935/  5742 | survivors   490/  158  (trend/chop)
  shard    8:     8556 seen | eligible   6913/  5747 | survivors   530/  183  (trend/chop)
  shard   11:     8556 seen | eligible   6910/  5755 | survivors   406/  185  (trend/chop)
  shard   13:     8556 seen | eligible   7020/  5546 | survivors   457/  124  (trend/chop)
  shard   10:     8556 seen | eligible   7032/  6052 | survivors   469/  175  (trend/chop)
  shard   14:     8556 seen | eligible   7040/  6035 | survivors   478/  181  (trend/chop)
  shard   15:     8556 seen | eligible   6923/  5785 | survivors   360/  206  (trend/chop)
    shard   16:   5000 done, 5.31 ms/combo, 0 min left
    shard   19:   5000 done, 5.28 ms/combo, 0 min left
    shard   17:   5000 done, 5.34 ms/combo, 0 min left
    shard   20:   5000 done, 5.32 ms/combo, 0 min left
    shard   18:   5000 done, 5.38 ms/combo, 0 min left
    shard   21:   5000 done, 5.29 ms/combo, 0 min left
    shard   22:   5000 done, 5.35 ms/combo, 0 min left
    shard   23:   5000 done, 5.32 ms/combo, 0 min left
  shard   16:     8556 seen | eligible   6908/  5742 | survivors   526/  138  (trend/chop)
  shard   17:     8556 seen | eligible   6988/  5541 | survivors   454/   90  (trend/chop)
  shard   19:     8556 seen | eligible   6921/  5772 | survivors   381/  201  (trend/chop)
  shard   18:     8556 seen | eligible   7042/  6034 | survivors   479/  153  (trend/chop)
  shard   21:     8555 seen | eligible   6984/  5532 | survivors   461/   98  (trend/chop)
  shard   20:     8555 seen | eligible   6898/  5744 | survivors   522/  160  (trend/chop)
  shard   23:     8555 seen | eligible   6931/  5767 | survivors   376/  177  (trend/chop)
  shard   22:     8555 seen | eligible   7029/  6012 | survivors   476/  143  (trend/chop)
    shard   24:   5000 done, 5.05 ms/combo, 0 min left
    shard   26:   5000 done, 5.09 ms/combo, 0 min left
    shard   25:   5000 done, 5.13 ms/combo, 0 min left
    shard   27:   5000 done, 5.10 ms/combo, 0 min left
    shard   29:   5000 done, 5.11 ms/combo, 0 min left
    shard   28:   5000 done, 5.07 ms/combo, 0 min left
    shard   30:   5000 done, 5.15 ms/combo, 0 min left
    shard   31:   5000 done, 5.13 ms/combo, 0 min left
  shard   24:     8555 seen | eligible   6888/  5724 | survivors   516/  153  (trend/chop)
  shard   26:     8555 seen | eligible   7006/  6022 | survivors   504/  161  (trend/chop)
  shard   27:     8555 seen | eligible   6927/  5770 | survivors   367/  209  (trend/chop)
  shard   25:     8555 seen | eligible   7024/  5571 | survivors   465/  118  (trend/chop)
  shard   29:     8555 seen | eligible   6983/  5573 | survivors   467/  113  (trend/chop)
  shard   28:     8555 seen | eligible   6870/  5711 | survivors   537/  162  (trend/chop)
  shard   31:     8555 seen | eligible   6909/  5775 | survivors   384/  215  (trend/chop)
  shard   30:     8555 seen | eligible   7030/  6044 | survivors   494/  153  (trend/chop)

MODE B: 19845 surviving slices in 256s (0.07 h)
slice
chop      5030
trend    14815
gate 1 MODE C (exit-indicator exit): 10,677,420 combinations, 128 shards, 0 done, 128 queued, 8 workers
  floors: {'trend': 0.0968595076648677, 'chop': 0.1182288098064842}   PF >= 1.05
    shard    3:   5000 done, 5.35 ms/combo, 7 min left
    shard    4:   5000 done, 5.37 ms/combo, 7 min left
    shard    1:   5000 done, 5.33 ms/combo, 7 min left
    shard    7:   5000 done, 5.37 ms/combo, 7 min left
    shard    6:   5000 done, 5.39 ms/combo, 7 min left
    shard    5:   5000 done, 5.35 ms/combo, 7 min left
    shard    2:   5000 done, 5.42 ms/combo, 7 min left
    shard    0:   5000 done, 5.37 ms/combo, 7 min left
    shard    7:  10000 done, 5.47 ms/combo, 7 min left
    shard    3:  10000 done, 5.47 ms/combo, 7 min left
    shard    4:  10000 done, 5.48 ms/combo, 7 min left
    shard    1:  10000 done, 5.47 ms/combo, 7 min left
    shard    6:  10000 done, 5.50 ms/combo, 7 min left
    shard    5:  10000 done, 5.48 ms/combo, 7 min left
    shard    2:  10000 done, 5.51 ms/combo, 7 min left
    shard    0:  10000 done, 5.50 ms/combo, 7 min left
    shard    4:  15000 done, 5.50 ms/combo, 6 min left
    shard    3:  15000 done, 5.50 ms/combo, 6 min left
    shard    7:  15000 done, 5.51 ms/combo, 6 min left
    shard    1:  15000 done, 5.50 ms/combo, 6 min left
    shard    6:  15000 done, 5.51 ms/combo, 6 min left
    shard    2:  15000 done, 5.52 ms/combo, 6 min left
    shard    5:  15000 done, 5.51 ms/combo, 6 min left
    shard    0:  15000 done, 5.49 ms/combo, 6 min left
    shard    4:  20000 done, 5.46 ms/combo, 6 min left
    shard    5:  20000 done, 5.45 ms/combo, 6 min left
    shard    3:  20000 done, 5.47 ms/combo, 6 min left
    shard    6:  20000 done, 5.48 ms/combo, 6 min left
    shard    7:  20000 done, 5.48 ms/combo, 6 min left
    shard    2:  20000 done, 5.48 ms/combo, 6 min left
    shard    1:  20000 done, 5.48 ms/combo, 6 min left
    shard    0:  20000 done, 5.46 ms/combo, 6 min left
    shard    4:  25000 done, 5.42 ms/combo, 5 min left
    shard    7:  25000 done, 5.43 ms/combo, 5 min left
    shard    5:  25000 done, 5.42 ms/combo, 5 min left
    shard    6:  25000 done, 5.44 ms/combo, 5 min left
    shard    2:  25000 done, 5.44 ms/combo, 5 min left
    shard    3:  25000 done, 5.45 ms/combo, 5 min left
    shard    1:  25000 done, 5.45 ms/combo, 5 min left
    shard    0:  25000 done, 5.42 ms/combo, 5 min left
    shard    4:  30000 done, 5.47 ms/combo, 5 min left
    shard    7:  30000 done, 5.47 ms/combo, 5 min left
    shard    5:  30000 done, 5.46 ms/combo, 5 min left
    shard    6:  30000 done, 5.47 ms/combo, 5 min left
    shard    3:  30000 done, 5.48 ms/combo, 5 min left
    shard    2:  30000 done, 5.48 ms/combo, 5 min left
    shard    1:  30000 done, 5.48 ms/combo, 5 min left
    shard    0:  30000 done, 5.45 ms/combo, 5 min left
    shard    4:  35000 done, 5.42 ms/combo, 4 min left
    shard    7:  35000 done, 5.42 ms/combo, 4 min left
    shard    6:  35000 done, 5.42 ms/combo, 4 min left
    shard    3:  35000 done, 5.42 ms/combo, 4 min left
    shard    5:  35000 done, 5.42 ms/combo, 4 min left
    shard    2:  35000 done, 5.43 ms/combo, 4 min left
    shard    1:  35000 done, 5.44 ms/combo, 4 min left
    shard    0:  35000 done, 5.41 ms/combo, 4 min left
    shard    3:  40000 done, 5.39 ms/combo, 4 min left
    shard    4:  40000 done, 5.39 ms/combo, 4 min left
    shard    7:  40000 done, 5.39 ms/combo, 4 min left
    shard    6:  40000 done, 5.40 ms/combo, 4 min left
    shard    5:  40000 done, 5.40 ms/combo, 4 min left
    shard    2:  40000 done, 5.41 ms/combo, 4 min left
    shard    1:  40000 done, 5.42 ms/combo, 4 min left
    shard    0:  40000 done, 5.39 ms/combo, 4 min left
    shard    3:  45000 done, 5.38 ms/combo, 3 min left
    shard    4:  45000 done, 5.38 ms/combo, 3 min left
    shard    7:  45000 done, 5.39 ms/combo, 3 min left
    shard    6:  45000 done, 5.39 ms/combo, 3 min left
    shard    5:  45000 done, 5.38 ms/combo, 3 min left
    shard    2:  45000 done, 5.40 ms/combo, 3 min left
    shard    1:  45000 done, 5.41 ms/combo, 3 min left
    shard    0:  45000 done, 5.38 ms/combo, 3 min left
    shard    3:  50000 done, 5.36 ms/combo, 3 min left
    shard    4:  50000 done, 5.37 ms/combo, 3 min left
    shard    6:  50000 done, 5.37 ms/combo, 3 min left
    shard    7:  50000 done, 5.37 ms/combo, 3 min left
    shard    5:  50000 done, 5.37 ms/combo, 3 min left
    shard    2:  50000 done, 5.39 ms/combo, 3 min left
    shard    1:  50000 done, 5.39 ms/combo, 3 min left
    shard    0:  50000 done, 5.37 ms/combo, 3 min left
    shard    4:  55000 done, 5.35 ms/combo, 3 min left
    shard    7:  55000 done, 5.36 ms/combo, 3 min left
    shard    3:  55000 done, 5.36 ms/combo, 3 min left
    shard    6:  55000 done, 5.36 ms/combo, 3 min left
    shard    5:  55000 done, 5.36 ms/combo, 3 min left
    shard    1:  55000 done, 5.38 ms/combo, 3 min left
    shard    2:  55000 done, 5.39 ms/combo, 3 min left
    shard    0:  55000 done, 5.36 ms/combo, 3 min left
    shard    4:  60000 done, 5.36 ms/combo, 2 min left
    shard    7:  60000 done, 5.36 ms/combo, 2 min left
    shard    3:  60000 done, 5.37 ms/combo, 2 min left
    shard    6:  60000 done, 5.37 ms/combo, 2 min left
    shard    5:  60000 done, 5.37 ms/combo, 2 min left
    shard    1:  60000 done, 5.39 ms/combo, 2 min left
    shard    2:  60000 done, 5.40 ms/combo, 2 min left
    shard    0:  60000 done, 5.37 ms/combo, 2 min left
    shard    4:  65000 done, 5.36 ms/combo, 2 min left
    shard    7:  65000 done, 5.37 ms/combo, 2 min left
    shard    3:  65000 done, 5.37 ms/combo, 2 min left
    shard    6:  65000 done, 5.37 ms/combo, 2 min left
    shard    5:  65000 done, 5.37 ms/combo, 2 min left
    shard    1:  65000 done, 5.38 ms/combo, 2 min left
    shard    0:  65000 done, 5.37 ms/combo, 2 min left
    shard    2:  65000 done, 5.41 ms/combo, 2 min left
    shard    3:  70000 done, 5.39 ms/combo, 1 min left
    shard    4:  70000 done, 5.39 ms/combo, 1 min left
    shard    7:  70000 done, 5.39 ms/combo, 1 min left
    shard    6:  70000 done, 5.39 ms/combo, 1 min left
    shard    5:  70000 done, 5.40 ms/combo, 1 min left
    shard    1:  70000 done, 5.41 ms/combo, 1 min left
    shard    0:  70000 done, 5.39 ms/combo, 1 min left
    shard    2:  70000 done, 5.44 ms/combo, 1 min left
    shard    4:  75000 done, 5.38 ms/combo, 1 min left
    shard    7:  75000 done, 5.38 ms/combo, 1 min left
    shard    3:  75000 done, 5.38 ms/combo, 1 min left
    shard    6:  75000 done, 5.39 ms/combo, 1 min left
    shard    5:  75000 done, 5.39 ms/combo, 1 min left
    shard    1:  75000 done, 5.40 ms/combo, 1 min left
    shard    0:  75000 done, 5.39 ms/combo, 1 min left
    shard    2:  75000 done, 5.45 ms/combo, 1 min left
    shard    7:  80000 done, 5.38 ms/combo, 0 min left
    shard    4:  80000 done, 5.38 ms/combo, 0 min left
    shard    3:  80000 done, 5.38 ms/combo, 0 min left
    shard    6:  80000 done, 5.38 ms/combo, 0 min left
    shard    5:  80000 done, 5.39 ms/combo, 0 min left
    shard    1:  80000 done, 5.39 ms/combo, 0 min left
    shard    0:  80000 done, 5.38 ms/combo, 0 min left
    shard    2:  80000 done, 5.45 ms/combo, 0 min left
  shard    7:    83418 seen | eligible  67421/ 55709 | survivors  4310/ 1265  (trend/chop)
  shard    4:    83418 seen | eligible  67410/ 55705 | survivors  4332/ 1270  (trend/chop)
  shard    3:    83418 seen | eligible  67454/ 55732 | survivors  4296/ 1238  (trend/chop)
  shard    6:    83418 seen | eligible  67399/ 55749 | survivors  4224/ 1229  (trend/chop)
  shard    5:    83418 seen | eligible  67390/ 55652 | survivors  4257/ 1248  (trend/chop)
  shard    1:    83418 seen | eligible  67422/ 55670 | survivors  4258/ 1257  (trend/chop)
  shard    0:    83418 seen | eligible  67453/ 55735 | survivors  4355/ 1267  (trend/chop)
  shard    2:    83418 seen | eligible  67423/ 55795 | survivors  4294/ 1245  (trend/chop)
    shard    8:   5000 done, 5.16 ms/combo, 7 min left
    shard   10:   5000 done, 5.13 ms/combo, 7 min left
    shard    9:   5000 done, 5.15 ms/combo, 7 min left
    shard   11:   5000 done, 5.17 ms/combo, 7 min left
    shard   12:   5000 done, 5.22 ms/combo, 7 min left
    shard   13:   5000 done, 5.16 ms/combo, 7 min left
    shard   14:   5000 done, 5.26 ms/combo, 7 min left
    shard   15:   5000 done, 5.11 ms/combo, 7 min left
    shard    9:  10000 done, 5.35 ms/combo, 7 min left
    shard    8:  10000 done, 5.39 ms/combo, 7 min left
    shard   10:  10000 done, 5.39 ms/combo, 7 min left
    shard   11:  10000 done, 5.38 ms/combo, 7 min left
    shard   12:  10000 done, 5.37 ms/combo, 7 min left
    shard   13:  10000 done, 5.40 ms/combo, 7 min left
    shard   14:  10000 done, 5.40 ms/combo, 7 min left
    shard   15:  10000 done, 5.33 ms/combo, 7 min left
    shard    9:  15000 done, 5.40 ms/combo, 6 min left
    shard   11:  15000 done, 5.40 ms/combo, 6 min left
    shard    8:  15000 done, 5.44 ms/combo, 6 min left
    shard   10:  15000 done, 5.45 ms/combo, 6 min left
    shard   12:  15000 done, 5.42 ms/combo, 6 min left
    shard   13:  15000 done, 5.46 ms/combo, 6 min left
    shard   15:  15000 done, 5.36 ms/combo, 6 min left
    shard   14:  15000 done, 5.46 ms/combo, 6 min left
    shard    9:  20000 done, 5.39 ms/combo, 6 min left
    shard   11:  20000 done, 5.38 ms/combo, 6 min left
    shard    8:  20000 done, 5.40 ms/combo, 6 min left
    shard   12:  20000 done, 5.35 ms/combo, 6 min left
    shard   10:  20000 done, 5.40 ms/combo, 6 min left
    shard   13:  20000 done, 5.40 ms/combo, 6 min left
    shard   15:  20000 done, 5.33 ms/combo, 6 min left
    shard   14:  20000 done, 5.42 ms/combo, 6 min left
    shard   11:  25000 done, 5.34 ms/combo, 5 min left
    shard   12:  25000 done, 5.32 ms/combo, 5 min left
    shard   10:  25000 done, 5.37 ms/combo, 5 min left
    shard    9:  25000 done, 5.37 ms/combo, 5 min left
    shard    8:  25000 done, 5.38 ms/combo, 5 min left
    shard   13:  25000 done, 5.36 ms/combo, 5 min left
    shard   15:  25000 done, 5.30 ms/combo, 5 min left
    shard   14:  25000 done, 5.41 ms/combo, 5 min left
    shard   11:  30000 done, 5.39 ms/combo, 5 min left
    shard   12:  30000 done, 5.37 ms/combo, 5 min left
    shard    9:  30000 done, 5.42 ms/combo, 5 min left
    shard   10:  30000 done, 5.42 ms/combo, 5 min left
    shard    8:  30000 done, 5.44 ms/combo, 5 min left
    shard   13:  30000 done, 5.41 ms/combo, 5 min left
    shard   15:  30000 done, 5.35 ms/combo, 5 min left
    shard   14:  30000 done, 5.44 ms/combo, 5 min left
    shard   12:  35000 done, 5.32 ms/combo, 4 min left
    shard   11:  35000 done, 5.35 ms/combo, 4 min left
    shard    8:  35000 done, 5.38 ms/combo, 4 min left
    shard    9:  35000 done, 5.38 ms/combo, 4 min left
    shard   10:  35000 done, 5.39 ms/combo, 4 min left
    shard   13:  35000 done, 5.38 ms/combo, 4 min left
    shard   15:  35000 done, 5.33 ms/combo, 4 min left
    shard   14:  35000 done, 5.41 ms/combo, 4 min left
    shard   12:  40000 done, 5.29 ms/combo, 4 min left
    shard   11:  40000 done, 5.33 ms/combo, 4 min left
    shard   10:  40000 done, 5.37 ms/combo, 4 min left
    shard    8:  40000 done, 5.38 ms/combo, 4 min left
    shard    9:  40000 done, 5.38 ms/combo, 4 min left
    shard   13:  40000 done, 5.37 ms/combo, 4 min left
    shard   15:  40000 done, 5.30 ms/combo, 4 min left
    shard   14:  40000 done, 5.39 ms/combo, 4 min left
    shard   12:  45000 done, 5.29 ms/combo, 3 min left
    shard   11:  45000 done, 5.31 ms/combo, 3 min left
    shard   10:  45000 done, 5.35 ms/combo, 3 min left
    shard    8:  45000 done, 5.37 ms/combo, 3 min left
    shard    9:  45000 done, 5.37 ms/combo, 3 min left
    shard   13:  45000 done, 5.36 ms/combo, 3 min left
    shard   15:  45000 done, 5.30 ms/combo, 3 min left
    shard   14:  45000 done, 5.38 ms/combo, 3 min left
    shard   12:  50000 done, 5.28 ms/combo, 3 min left
    shard   11:  50000 done, 5.31 ms/combo, 3 min left
    shard   10:  50000 done, 5.34 ms/combo, 3 min left
    shard    8:  50000 done, 5.36 ms/combo, 3 min left
    shard    9:  50000 done, 5.36 ms/combo, 3 min left
    shard   13:  50000 done, 5.34 ms/combo, 3 min left
    shard   15:  50000 done, 5.31 ms/combo, 3 min left
    shard   14:  50000 done, 5.37 ms/combo, 3 min left
    shard   12:  55000 done, 5.29 ms/combo, 3 min left
    shard   11:  55000 done, 5.32 ms/combo, 3 min left
    shard   10:  55000 done, 5.34 ms/combo, 3 min left
    shard    8:  55000 done, 5.36 ms/combo, 3 min left
    shard    9:  55000 done, 5.35 ms/combo, 3 min left
    shard   13:  55000 done, 5.34 ms/combo, 3 min left
    shard   15:  55000 done, 5.30 ms/combo, 3 min left
    shard   14:  55000 done, 5.36 ms/combo, 3 min left
    shard   12:  60000 done, 5.30 ms/combo, 2 min left
    shard   11:  60000 done, 5.32 ms/combo, 2 min left
    shard   10:  60000 done, 5.34 ms/combo, 2 min left
    shard    9:  60000 done, 5.36 ms/combo, 2 min left
    shard    8:  60000 done, 5.36 ms/combo, 2 min left
    shard   13:  60000 done, 5.35 ms/combo, 2 min left
    shard   15:  60000 done, 5.30 ms/combo, 2 min left
    shard   14:  60000 done, 5.36 ms/combo, 2 min left
    shard   12:  65000 done, 5.30 ms/combo, 2 min left
    shard   11:  65000 done, 5.33 ms/combo, 2 min left
    shard   10:  65000 done, 5.34 ms/combo, 2 min left
    shard    8:  65000 done, 5.36 ms/combo, 2 min left
    shard    9:  65000 done, 5.36 ms/combo, 2 min left
    shard   13:  65000 done, 5.35 ms/combo, 2 min left
    shard   15:  65000 done, 5.32 ms/combo, 2 min left
    shard   14:  65000 done, 5.37 ms/combo, 2 min left
    shard   12:  70000 done, 5.32 ms/combo, 1 min left
    shard   11:  70000 done, 5.34 ms/combo, 1 min left
    shard   10:  70000 done, 5.36 ms/combo, 1 min left
    shard    8:  70000 done, 5.38 ms/combo, 1 min left
    shard    9:  70000 done, 5.38 ms/combo, 1 min left
    shard   13:  70000 done, 5.37 ms/combo, 1 min left
    shard   15:  70000 done, 5.33 ms/combo, 1 min left
    shard   14:  70000 done, 5.38 ms/combo, 1 min left
    shard   12:  75000 done, 5.32 ms/combo, 1 min left
    shard   11:  75000 done, 5.35 ms/combo, 1 min left
    shard   10:  75000 done, 5.36 ms/combo, 1 min left
    shard    8:  75000 done, 5.37 ms/combo, 1 min left
    shard    9:  75000 done, 5.38 ms/combo, 1 min left
    shard   13:  75000 done, 5.37 ms/combo, 1 min left
    shard   15:  75000 done, 5.33 ms/combo, 1 min left
    shard   14:  75000 done, 5.38 ms/combo, 1 min left
    shard   12:  80000 done, 5.31 ms/combo, 0 min left
    shard   11:  80000 done, 5.34 ms/combo, 0 min left
    shard   10:  80000 done, 5.35 ms/combo, 0 min left
    shard    8:  80000 done, 5.37 ms/combo, 0 min left
    shard    9:  80000 done, 5.37 ms/combo, 0 min left
    shard   13:  80000 done, 5.36 ms/combo, 0 min left
    shard   15:  80000 done, 5.32 ms/combo, 0 min left
    shard   14:  80000 done, 5.37 ms/combo, 0 min left
  shard   12:    83418 seen | eligible  67417/ 55727 | survivors  4366/ 1243  (trend/chop)
  shard   11:    83418 seen | eligible  67425/ 55736 | survivors  4346/ 1285  (trend/chop)
  shard   10:    83418 seen | eligible  67386/ 55762 | survivors  4300/ 1231  (trend/chop)
  shard    9:    83418 seen | eligible  67377/ 55645 | survivors  4311/ 1243  (trend/chop)
  shard    8:    83418 seen | eligible  67381/ 55698 | survivors  4385/ 1276  (trend/chop)
  shard   13:    83418 seen | eligible  67399/ 55644 | survivors  4312/ 1250  (trend/chop)
  shard   15:    83418 seen | eligible  67414/ 55712 | survivors  4302/ 1255  (trend/chop)
  shard   14:    83418 seen | eligible  67385/ 55764 | survivors  4244/ 1264  (trend/chop)
    shard   16:   5000 done, 5.12 ms/combo, 7 min left
    shard   17:   5000 done, 5.13 ms/combo, 7 min left
    shard   18:   5000 done, 5.12 ms/combo, 7 min left
    shard   19:   5000 done, 5.12 ms/combo, 7 min left
    shard   20:   5000 done, 5.15 ms/combo, 7 min left
    shard   21:   5000 done, 5.12 ms/combo, 7 min left
    shard   22:   5000 done, 5.19 ms/combo, 7 min left
    shard   23:   5000 done, 5.17 ms/combo, 7 min left
    shard   16:  10000 done, 5.38 ms/combo, 7 min left
    shard   17:  10000 done, 5.38 ms/combo, 7 min left
    shard   18:  10000 done, 5.39 ms/combo, 7 min left
    shard   19:  10000 done, 5.33 ms/combo, 7 min left
    shard   20:  10000 done, 5.41 ms/combo, 7 min left
    shard   21:  10000 done, 5.36 ms/combo, 7 min left
    shard   22:  10000 done, 5.41 ms/combo, 7 min left
    shard   23:  10000 done, 5.40 ms/combo, 7 min left
    shard   16:  15000 done, 5.40 ms/combo, 6 min left
    shard   17:  15000 done, 5.41 ms/combo, 6 min left
    shard   18:  15000 done, 5.42 ms/combo, 6 min left
    shard   19:  15000 done, 5.38 ms/combo, 6 min left
    shard   21:  15000 done, 5.41 ms/combo, 6 min left
    shard   20:  15000 done, 5.47 ms/combo, 6 min left
    shard   22:  15000 done, 5.45 ms/combo, 6 min left
    shard   23:  15000 done, 5.42 ms/combo, 6 min left
    shard   16:  20000 done, 5.37 ms/combo, 6 min left
    shard   17:  20000 done, 5.39 ms/combo, 6 min left
    shard   18:  20000 done, 5.40 ms/combo, 6 min left
    shard   19:  20000 done, 5.36 ms/combo, 6 min left
    shard   20:  20000 done, 5.42 ms/combo, 6 min left
    shard   21:  20000 done, 5.39 ms/combo, 6 min left
    shard   22:  20000 done, 5.42 ms/combo, 6 min left
    shard   23:  20000 done, 5.39 ms/combo, 6 min left
    shard   16:  25000 done, 5.35 ms/combo, 5 min left
    shard   17:  25000 done, 5.36 ms/combo, 5 min left
    shard   18:  25000 done, 5.39 ms/combo, 5 min left
    shard   19:  25000 done, 5.35 ms/combo, 5 min left
    shard   20:  25000 done, 5.39 ms/combo, 5 min left
    shard   21:  25000 done, 5.37 ms/combo, 5 min left
    shard   22:  25000 done, 5.40 ms/combo, 5 min left
    shard   23:  25000 done, 5.37 ms/combo, 5 min left
    shard   16:  30000 done, 5.38 ms/combo, 5 min left
    shard   17:  30000 done, 5.41 ms/combo, 5 min left
    shard   18:  30000 done, 5.43 ms/combo, 5 min left
    shard   19:  30000 done, 5.41 ms/combo, 5 min left
    shard   20:  30000 done, 5.43 ms/combo, 5 min left
    shard   21:  30000 done, 5.42 ms/combo, 5 min left
    shard   22:  30000 done, 5.44 ms/combo, 5 min left
    shard   23:  30000 done, 5.42 ms/combo, 5 min left
    shard   16:  35000 done, 5.34 ms/combo, 4 min left
    shard   17:  35000 done, 5.38 ms/combo, 4 min left
    shard   18:  35000 done, 5.38 ms/combo, 4 min left
    shard   19:  35000 done, 5.37 ms/combo, 4 min left
    shard   20:  35000 done, 5.39 ms/combo, 4 min left
    shard   21:  35000 done, 5.38 ms/combo, 4 min left
    shard   22:  35000 done, 5.40 ms/combo, 4 min left
    shard   23:  35000 done, 5.38 ms/combo, 4 min left
    shard   16:  40000 done, 5.34 ms/combo, 4 min left
    shard   17:  40000 done, 5.36 ms/combo, 4 min left
    shard   18:  40000 done, 5.36 ms/combo, 4 min left
    shard   19:  40000 done, 5.36 ms/combo, 4 min left
    shard   20:  40000 done, 5.37 ms/combo, 4 min left
    shard   21:  40000 done, 5.37 ms/combo, 4 min left
    shard   22:  40000 done, 5.38 ms/combo, 4 min left
    shard   23:  40000 done, 5.36 ms/combo, 4 min left
    shard   16:  45000 done, 5.33 ms/combo, 3 min left
    shard   17:  45000 done, 5.36 ms/combo, 3 min left
    shard   18:  45000 done, 5.36 ms/combo, 3 min left
    shard   19:  45000 done, 5.35 ms/combo, 3 min left
    shard   20:  45000 done, 5.37 ms/combo, 3 min left
    shard   21:  45000 done, 5.36 ms/combo, 3 min left
    shard   22:  45000 done, 5.37 ms/combo, 3 min left
    shard   23:  45000 done, 5.36 ms/combo, 3 min left
    shard   16:  50000 done, 5.32 ms/combo, 3 min left
    shard   17:  50000 done, 5.35 ms/combo, 3 min left
    shard   18:  50000 done, 5.35 ms/combo, 3 min left
    shard   19:  50000 done, 5.34 ms/combo, 3 min left
    shard   20:  50000 done, 5.36 ms/combo, 3 min left
    shard   21:  50000 done, 5.35 ms/combo, 3 min left
    shard   22:  50000 done, 5.36 ms/combo, 3 min left
    shard   23:  50000 done, 5.35 ms/combo, 3 min left
    shard   16:  55000 done, 5.32 ms/combo, 3 min left
    shard   17:  55000 done, 5.35 ms/combo, 3 min left
    shard   18:  55000 done, 5.34 ms/combo, 3 min left
    shard   19:  55000 done, 5.35 ms/combo, 3 min left
    shard   20:  55000 done, 5.35 ms/combo, 3 min left
    shard   21:  55000 done, 5.35 ms/combo, 3 min left
    shard   22:  55000 done, 5.36 ms/combo, 3 min left
    shard   23:  55000 done, 5.35 ms/combo, 3 min left
    shard   16:  60000 done, 5.33 ms/combo, 2 min left
    shard   17:  60000 done, 5.36 ms/combo, 2 min left
    shard   18:  60000 done, 5.35 ms/combo, 2 min left
    shard   19:  60000 done, 5.35 ms/combo, 2 min left
    shard   20:  60000 done, 5.36 ms/combo, 2 min left
    shard   21:  60000 done, 5.35 ms/combo, 2 min left
    shard   22:  60000 done, 5.37 ms/combo, 2 min left
    shard   23:  60000 done, 5.36 ms/combo, 2 min left
    shard   16:  65000 done, 5.33 ms/combo, 2 min left
    shard   17:  65000 done, 5.36 ms/combo, 2 min left
    shard   18:  65000 done, 5.36 ms/combo, 2 min left
    shard   19:  65000 done, 5.35 ms/combo, 2 min left
    shard   20:  65000 done, 5.36 ms/combo, 2 min left
    shard   21:  65000 done, 5.35 ms/combo, 2 min left
    shard   22:  65000 done, 5.37 ms/combo, 2 min left
    shard   23:  65000 done, 5.36 ms/combo, 2 min left
    shard   16:  70000 done, 5.35 ms/combo, 1 min left
    shard   17:  70000 done, 5.37 ms/combo, 1 min left
    shard   18:  70000 done, 5.37 ms/combo, 1 min left
    shard   19:  70000 done, 5.37 ms/combo, 1 min left
    shard   20:  70000 done, 5.37 ms/combo, 1 min left
    shard   21:  70000 done, 5.36 ms/combo, 1 min left
    shard   22:  70000 done, 5.38 ms/combo, 1 min left
    shard   23:  70000 done, 5.38 ms/combo, 1 min left
    shard   16:  75000 done, 5.35 ms/combo, 1 min left
    shard   17:  75000 done, 5.37 ms/combo, 1 min left
    shard   18:  75000 done, 5.37 ms/combo, 1 min left
    shard   19:  75000 done, 5.36 ms/combo, 1 min left
    shard   20:  75000 done, 5.37 ms/combo, 1 min left
    shard   21:  75000 done, 5.36 ms/combo, 1 min left
    shard   22:  75000 done, 5.38 ms/combo, 1 min left
    shard   23:  75000 done, 5.38 ms/combo, 1 min left
    shard   16:  80000 done, 5.35 ms/combo, 0 min left
    shard   17:  80000 done, 5.37 ms/combo, 0 min left
    shard   18:  80000 done, 5.36 ms/combo, 0 min left
    shard   19:  80000 done, 5.36 ms/combo, 0 min left
    shard   20:  80000 done, 5.36 ms/combo, 0 min left
    shard   21:  80000 done, 5.36 ms/combo, 0 min left
    shard   22:  80000 done, 5.37 ms/combo, 0 min left
    shard   23:  80000 done, 5.38 ms/combo, 0 min left
  shard   16:    83418 seen | eligible  67392/ 55722 | survivors  4457/ 1271  (trend/chop)
  shard   17:    83418 seen | eligible  67373/ 55661 | survivors  4346/ 1215  (trend/chop)
  shard   18:    83418 seen | eligible  67380/ 55748 | survivors  4305/ 1256  (trend/chop)
  shard   19:    83418 seen | eligible  67416/ 55717 | survivors  4314/ 1304  (trend/chop)
  shard   20:    83418 seen | eligible  67414/ 55699 | survivors  4415/ 1293  (trend/chop)
  shard   21:    83418 seen | eligible  67396/ 55665 | survivors  4307/ 1278  (trend/chop)
  shard   22:    83418 seen | eligible  67402/ 55766 | survivors  4286/ 1274  (trend/chop)
  shard   23:    83418 seen | eligible  67400/ 55713 | survivors  4304/ 1285  (trend/chop)
    shard   24:   5000 done, 5.05 ms/combo, 7 min left
    shard   25:   5000 done, 5.17 ms/combo, 7 min left
    shard   26:   5000 done, 5.14 ms/combo, 7 min left
    shard   27:   5000 done, 5.19 ms/combo, 7 min left
    shard   28:   5000 done, 5.18 ms/combo, 7 min left
    shard   29:   5000 done, 5.13 ms/combo, 7 min left
    shard   30:   5000 done, 5.17 ms/combo, 7 min left
    shard   31:   5000 done, 5.18 ms/combo, 7 min left
    shard   24:  10000 done, 5.29 ms/combo, 6 min left
    shard   25:  10000 done, 5.38 ms/combo, 7 min left
    shard   26:  10000 done, 5.36 ms/combo, 7 min left
    shard   28:  10000 done, 5.36 ms/combo, 7 min left
    shard   27:  10000 done, 5.38 ms/combo, 7 min left
    shard   29:  10000 done, 5.38 ms/combo, 7 min left
    shard   30:  10000 done, 5.39 ms/combo, 7 min left
    shard   31:  10000 done, 5.37 ms/combo, 7 min left
    shard   24:  15000 done, 5.36 ms/combo, 6 min left
    shard   25:  15000 done, 5.42 ms/combo, 6 min left
    shard   26:  15000 done, 5.40 ms/combo, 6 min left
    shard   27:  15000 done, 5.40 ms/combo, 6 min left
    shard   28:  15000 done, 5.39 ms/combo, 6 min left
    shard   29:  15000 done, 5.41 ms/combo, 6 min left
    shard   30:  15000 done, 5.45 ms/combo, 6 min left
    shard   31:  15000 done, 5.43 ms/combo, 6 min left
    shard   24:  20000 done, 5.35 ms/combo, 6 min left
    shard   25:  20000 done, 5.39 ms/combo, 6 min left
    shard   26:  20000 done, 5.38 ms/combo, 6 min left
    shard   28:  20000 done, 5.38 ms/combo, 6 min left
    shard   27:  20000 done, 5.39 ms/combo, 6 min left
    shard   29:  20000 done, 5.40 ms/combo, 6 min left
    shard   30:  20000 done, 5.40 ms/combo, 6 min left
    shard   31:  20000 done, 5.40 ms/combo, 6 min left
    shard   24:  25000 done, 5.34 ms/combo, 5 min left
    shard   25:  25000 done, 5.38 ms/combo, 5 min left
    shard   26:  25000 done, 5.37 ms/combo, 5 min left
    shard   28:  25000 done, 5.36 ms/combo, 5 min left
    shard   27:  25000 done, 5.38 ms/combo, 5 min left
    shard   29:  25000 done, 5.37 ms/combo, 5 min left
    shard   30:  25000 done, 5.38 ms/combo, 5 min left
    shard   31:  25000 done, 5.37 ms/combo, 5 min left
    shard   24:  30000 done, 5.40 ms/combo, 5 min left
    shard   25:  30000 done, 5.43 ms/combo, 5 min left
    shard   26:  30000 done, 5.42 ms/combo, 5 min left
    shard   28:  30000 done, 5.41 ms/combo, 5 min left
    shard   27:  30000 done, 5.43 ms/combo, 5 min left
    shard   29:  30000 done, 5.42 ms/combo, 5 min left
    shard   30:  30000 done, 5.42 ms/combo, 5 min left
    shard   31:  30000 done, 5.42 ms/combo, 5 min left
    shard   24:  35000 done, 5.36 ms/combo, 4 min left
    shard   26:  35000 done, 5.38 ms/combo, 4 min left
    shard   25:  35000 done, 5.40 ms/combo, 4 min left
    shard   28:  35000 done, 5.37 ms/combo, 4 min left
    shard   27:  35000 done, 5.38 ms/combo, 4 min left
    shard   29:  35000 done, 5.38 ms/combo, 4 min left
    shard   30:  35000 done, 5.39 ms/combo, 4 min left
    shard   31:  35000 done, 5.38 ms/combo, 4 min left
    shard   24:  40000 done, 5.34 ms/combo, 4 min left
    shard   25:  40000 done, 5.37 ms/combo, 4 min left
    shard   26:  40000 done, 5.36 ms/combo, 4 min left
    shard   28:  40000 done, 5.34 ms/combo, 4 min left
    shard   27:  40000 done, 5.36 ms/combo, 4 min left
    shard   29:  40000 done, 5.36 ms/combo, 4 min left
    shard   30:  40000 done, 5.36 ms/combo, 4 min left
    shard   31:  40000 done, 5.37 ms/combo, 4 min left
    shard   24:  45000 done, 5.35 ms/combo, 3 min left
    shard   25:  45000 done, 5.39 ms/combo, 3 min left
    shard   26:  45000 done, 5.38 ms/combo, 3 min left
    shard   28:  45000 done, 5.37 ms/combo, 3 min left
    shard   27:  45000 done, 5.38 ms/combo, 3 min left
    shard   29:  45000 done, 5.39 ms/combo, 3 min left
    shard   30:  45000 done, 5.40 ms/combo, 3 min left
    shard   31:  45000 done, 5.45 ms/combo, 3 min left
    shard   24:  50000 done, 5.42 ms/combo, 3 min left
    shard   25:  50000 done, 5.47 ms/combo, 3 min left
    shard   26:  50000 done, 5.46 ms/combo, 3 min left
    shard   28:  50000 done, 5.45 ms/combo, 3 min left
    shard   27:  50000 done, 5.45 ms/combo, 3 min left
    shard   29:  50000 done, 5.46 ms/combo, 3 min left
    shard   30:  50000 done, 5.47 ms/combo, 3 min left
    shard   31:  50000 done, 5.50 ms/combo, 3 min left
    shard   24:  55000 done, 5.45 ms/combo, 3 min left
    shard   27:  55000 done, 5.46 ms/combo, 3 min left
    shard   25:  55000 done, 5.48 ms/combo, 3 min left
    shard   28:  55000 done, 5.46 ms/combo, 3 min left
    shard   26:  55000 done, 5.48 ms/combo, 3 min left
    shard   29:  55000 done, 5.46 ms/combo, 3 min left
    shard   30:  55000 done, 5.47 ms/combo, 3 min left
    shard   31:  55000 done, 5.47 ms/combo, 3 min left
    shard   24:  60000 done, 5.44 ms/combo, 2 min left
    shard   28:  60000 done, 5.45 ms/combo, 2 min left
    shard   25:  60000 done, 5.47 ms/combo, 2 min left
    shard   27:  60000 done, 5.45 ms/combo, 2 min left
    shard   29:  60000 done, 5.45 ms/combo, 2 min left
    shard   26:  60000 done, 5.48 ms/combo, 2 min left
    shard   30:  60000 done, 5.46 ms/combo, 2 min left
    shard   31:  60000 done, 5.46 ms/combo, 2 min left
    shard   24:  65000 done, 5.43 ms/combo, 2 min left
    shard   28:  65000 done, 5.44 ms/combo, 2 min left
    shard   27:  65000 done, 5.44 ms/combo, 2 min left
    shard   25:  65000 done, 5.46 ms/combo, 2 min left
    shard   29:  65000 done, 5.44 ms/combo, 2 min left
    shard   26:  65000 done, 5.48 ms/combo, 2 min left
    shard   30:  65000 done, 5.45 ms/combo, 2 min left
    shard   31:  65000 done, 5.45 ms/combo, 2 min left
    shard   24:  70000 done, 5.44 ms/combo, 1 min left
    shard   25:  70000 done, 5.46 ms/combo, 1 min left
    shard   28:  70000 done, 5.44 ms/combo, 1 min left
    shard   27:  70000 done, 5.45 ms/combo, 1 min left
    shard   29:  70000 done, 5.45 ms/combo, 1 min left
    shard   26:  70000 done, 5.50 ms/combo, 1 min left
    shard   30:  70000 done, 5.46 ms/combo, 1 min left
    shard   31:  70000 done, 5.46 ms/combo, 1 min left
    shard   24:  75000 done, 5.43 ms/combo, 1 min left
    shard   28:  75000 done, 5.43 ms/combo, 1 min left
    shard   25:  75000 done, 5.45 ms/combo, 1 min left
    shard   27:  75000 done, 5.44 ms/combo, 1 min left
    shard   29:  75000 done, 5.44 ms/combo, 1 min left
    shard   30:  75000 done, 5.45 ms/combo, 1 min left
    shard   26:  75000 done, 5.50 ms/combo, 1 min left
    shard   31:  75000 done, 5.45 ms/combo, 1 min left
    shard   24:  80000 done, 5.42 ms/combo, 0 min left
    shard   28:  80000 done, 5.42 ms/combo, 0 min left
    shard   25:  80000 done, 5.44 ms/combo, 0 min left
    shard   27:  80000 done, 5.43 ms/combo, 0 min left
    shard   29:  80000 done, 5.43 ms/combo, 0 min left
    shard   30:  80000 done, 5.44 ms/combo, 0 min left
    shard   26:  80000 done, 5.51 ms/combo, 0 min left
    shard   31:  80000 done, 5.44 ms/combo, 0 min left
  shard   24:    83418 seen | eligible  67371/ 55709 | survivors  4406/ 1298  (trend/chop)
  shard   28:    83418 seen | eligible  67386/ 55696 | survivors  4457/ 1288  (trend/chop)
  shard   25:    83418 seen | eligible  67362/ 55622 | survivors  4330/ 1279  (trend/chop)
  shard   27:    83418 seen | eligible  67397/ 55701 | survivors  4342/ 1272  (trend/chop)
  shard   29:    83418 seen | eligible  67394/ 55620 | survivors  4331/ 1285  (trend/chop)
  shard   30:    83418 seen | eligible  67387/ 55761 | survivors  4294/ 1297  (trend/chop)
  shard   26:    83418 seen | eligible  67389/ 55756 | survivors  4314/ 1272  (trend/chop)
  shard   31:    83418 seen | eligible  67409/ 55705 | survivors  4338/ 1308  (trend/chop)
    shard   32:   5000 done, 5.02 ms/combo, 7 min left
    shard   33:   5000 done, 5.05 ms/combo, 7 min left
    shard   34:   5000 done, 5.12 ms/combo, 7 min left
    shard   35:   5000 done, 5.08 ms/combo, 7 min left
    shard   36:   5000 done, 5.09 ms/combo, 7 min left
    shard   37:   5000 done, 5.10 ms/combo, 7 min left
    shard   38:   5000 done, 5.18 ms/combo, 7 min left
    shard   39:   5000 done, 5.19 ms/combo, 7 min left
    shard   32:  10000 done, 5.30 ms/combo, 6 min left
    shard   33:  10000 done, 5.33 ms/combo, 7 min left
    shard   34:  10000 done, 5.36 ms/combo, 7 min left
    shard   35:  10000 done, 5.34 ms/combo, 7 min left
    shard   36:  10000 done, 5.33 ms/combo, 7 min left
    shard   37:  10000 done, 5.35 ms/combo, 7 min left
    shard   38:  10000 done, 5.41 ms/combo, 7 min left
    shard   39:  10000 done, 5.38 ms/combo, 7 min left
    shard   32:  15000 done, 5.35 ms/combo, 6 min left
    shard   33:  15000 done, 5.38 ms/combo, 6 min left
    shard   34:  15000 done, 5.39 ms/combo, 6 min left
    shard   35:  15000 done, 5.40 ms/combo, 6 min left
    shard   36:  15000 done, 5.36 ms/combo, 6 min left
    shard   37:  15000 done, 5.38 ms/combo, 6 min left
    shard   38:  15000 done, 5.43 ms/combo, 6 min left
    shard   39:  15000 done, 5.41 ms/combo, 6 min left
    shard   32:  20000 done, 5.34 ms/combo, 6 min left
    shard   33:  20000 done, 5.39 ms/combo, 6 min left
    shard   34:  20000 done, 5.41 ms/combo, 6 min left
    shard   35:  20000 done, 5.40 ms/combo, 6 min left
    shard   36:  20000 done, 5.36 ms/combo, 6 min left
    shard   37:  20000 done, 5.40 ms/combo, 6 min left
    shard   38:  20000 done, 5.42 ms/combo, 6 min left
    shard   39:  20000 done, 5.42 ms/combo, 6 min left
    shard   32:  25000 done, 5.34 ms/combo, 5 min left
    shard   33:  25000 done, 5.37 ms/combo, 5 min left
    shard   34:  25000 done, 5.39 ms/combo, 5 min left
    shard   35:  25000 done, 5.38 ms/combo, 5 min left
    shard   36:  25000 done, 5.35 ms/combo, 5 min left
    shard   37:  25000 done, 5.37 ms/combo, 5 min left
    shard   38:  25000 done, 5.40 ms/combo, 5 min left
    shard   39:  25000 done, 5.38 ms/combo, 5 min left
    shard   32:  30000 done, 5.42 ms/combo, 5 min left
    shard   33:  30000 done, 5.46 ms/combo, 5 min left
    shard   34:  30000 done, 5.47 ms/combo, 5 min left
    shard   36:  30000 done, 5.43 ms/combo, 5 min left
    shard   35:  30000 done, 5.47 ms/combo, 5 min left
    shard   37:  30000 done, 5.45 ms/combo, 5 min left
    shard   38:  30000 done, 5.47 ms/combo, 5 min left
    shard   39:  30000 done, 5.46 ms/combo, 5 min left
    shard   32:  35000 done, 5.38 ms/combo, 4 min left
    shard   33:  35000 done, 5.42 ms/combo, 4 min left
    shard   34:  35000 done, 5.42 ms/combo, 4 min left
    shard   36:  35000 done, 5.40 ms/combo, 4 min left
    shard   35:  35000 done, 5.43 ms/combo, 4 min left
    shard   37:  35000 done, 5.41 ms/combo, 4 min left
    shard   38:  35000 done, 5.44 ms/combo, 4 min left
    shard   39:  35000 done, 5.43 ms/combo, 4 min left
    shard   32:  40000 done, 5.38 ms/combo, 4 min left
    shard   33:  40000 done, 5.41 ms/combo, 4 min left
    shard   34:  40000 done, 5.41 ms/combo, 4 min left
    shard   35:  40000 done, 5.42 ms/combo, 4 min left
    shard   36:  40000 done, 5.40 ms/combo, 4 min left
    shard   37:  40000 done, 5.40 ms/combo, 4 min left
    shard   38:  40000 done, 5.44 ms/combo, 4 min left
    shard   39:  40000 done, 5.43 ms/combo, 4 min left
    shard   32:  45000 done, 5.38 ms/combo, 3 min left
    shard   33:  45000 done, 5.41 ms/combo, 3 min left
    shard   34:  45000 done, 5.41 ms/combo, 3 min left
    shard   35:  45000 done, 5.41 ms/combo, 3 min left
    shard   36:  45000 done, 5.39 ms/combo, 3 min left
    shard   37:  45000 done, 5.39 ms/combo, 3 min left
    shard   38:  45000 done, 5.43 ms/combo, 3 min left
    shard   39:  45000 done, 5.43 ms/combo, 3 min left
    shard   32:  50000 done, 5.37 ms/combo, 3 min left
    shard   33:  50000 done, 5.40 ms/combo, 3 min left
    shard   34:  50000 done, 5.41 ms/combo, 3 min left
    shard   36:  50000 done, 5.39 ms/combo, 3 min left
    shard   35:  50000 done, 5.41 ms/combo, 3 min left
    shard   37:  50000 done, 5.39 ms/combo, 3 min left
    shard   38:  50000 done, 5.42 ms/combo, 3 min left
    shard   39:  50000 done, 5.41 ms/combo, 3 min left
    shard   32:  55000 done, 5.37 ms/combo, 3 min left
    shard   33:  55000 done, 5.40 ms/combo, 3 min left
    shard   34:  55000 done, 5.40 ms/combo, 3 min left
    shard   35:  55000 done, 5.40 ms/combo, 3 min left
    shard   36:  55000 done, 5.38 ms/combo, 3 min left
    shard   37:  55000 done, 5.39 ms/combo, 3 min left
    shard   38:  55000 done, 5.42 ms/combo, 3 min left
    shard   39:  55000 done, 5.41 ms/combo, 3 min left
    shard   32:  60000 done, 5.37 ms/combo, 2 min left
    shard   34:  60000 done, 5.39 ms/combo, 2 min left
    shard   33:  60000 done, 5.40 ms/combo, 2 min left
    shard   35:  60000 done, 5.39 ms/combo, 2 min left
    shard   36:  60000 done, 5.39 ms/combo, 2 min left
    shard   37:  60000 done, 5.39 ms/combo, 2 min left
    shard   38:  60000 done, 5.41 ms/combo, 2 min left
    shard   39:  60000 done, 5.41 ms/combo, 2 min left
    shard   32:  65000 done, 5.37 ms/combo, 2 min left
    shard   34:  65000 done, 5.38 ms/combo, 2 min left
    shard   35:  65000 done, 5.39 ms/combo, 2 min left
    shard   33:  65000 done, 5.40 ms/combo, 2 min left
    shard   36:  65000 done, 5.38 ms/combo, 2 min left
    shard   37:  65000 done, 5.40 ms/combo, 2 min left
    shard   38:  65000 done, 5.41 ms/combo, 2 min left
    shard   39:  65000 done, 5.42 ms/combo, 2 min left
    shard   32:  70000 done, 5.38 ms/combo, 1 min left
    shard   34:  70000 done, 5.40 ms/combo, 1 min left
    shard   35:  70000 done, 5.39 ms/combo, 1 min left
    shard   33:  70000 done, 5.41 ms/combo, 1 min left
    shard   36:  70000 done, 5.40 ms/combo, 1 min left
    shard   37:  70000 done, 5.41 ms/combo, 1 min left
    shard   38:  70000 done, 5.42 ms/combo, 1 min left
    shard   39:  70000 done, 5.43 ms/combo, 1 min left
    shard   32:  75000 done, 5.39 ms/combo, 1 min left
    shard   35:  75000 done, 5.39 ms/combo, 1 min left
    shard   34:  75000 done, 5.40 ms/combo, 1 min left
    shard   33:  75000 done, 5.42 ms/combo, 1 min left
    shard   36:  75000 done, 5.41 ms/combo, 1 min left
    shard   37:  75000 done, 5.42 ms/combo, 1 min left
    shard   38:  75000 done, 5.43 ms/combo, 1 min left
    shard   39:  75000 done, 5.44 ms/combo, 1 min left
    shard   32:  80000 done, 5.40 ms/combo, 0 min left
    shard   34:  80000 done, 5.39 ms/combo, 0 min left
    shard   35:  80000 done, 5.39 ms/combo, 0 min left
    shard   33:  80000 done, 5.42 ms/combo, 0 min left
    shard   36:  80000 done, 5.41 ms/combo, 0 min left
    shard   37:  80000 done, 5.42 ms/combo, 0 min left
    shard   38:  80000 done, 5.42 ms/combo, 0 min left
  shard   32:    83418 seen | eligible  67423/ 55708 | survivors  4426/ 1302  (trend/chop)
    shard   39:  80000 done, 5.44 ms/combo, 0 min left
  shard   34:    83418 seen | eligible  67415/ 55782 | survivors  4341/ 1244  (trend/chop)
  shard   35:    83418 seen | eligible  67434/ 55715 | survivors  4321/ 1321  (trend/chop)
  shard   33:    83418 seen | eligible  67407/ 55645 | survivors  4384/ 1293  (trend/chop)
  shard   36:    83418 seen | eligible  67417/ 55719 | survivors  4387/ 1311  (trend/chop)
  shard   37:    83418 seen | eligible  67384/ 55633 | survivors  4328/ 1272  (trend/chop)
  shard   38:    83418 seen | eligible  67423/ 55742 | survivors  4294/ 1269  (trend/chop)
  shard   39:    83418 seen | eligible  67433/ 55707 | survivors  4330/ 1268  (trend/chop)
    shard   40:   5000 done, 5.08 ms/combo, 7 min left
    shard   41:   5000 done, 5.10 ms/combo, 7 min left
    shard   42:   5000 done, 5.09 ms/combo, 7 min left
    shard   43:   5000 done, 5.14 ms/combo, 7 min left
    shard   44:   5000 done, 5.15 ms/combo, 7 min left
    shard   45:   5000 done, 5.21 ms/combo, 7 min left
    shard   46:   5000 done, 5.13 ms/combo, 7 min left
    shard   47:   5000 done, 5.27 ms/combo, 7 min left
    shard   40:  10000 done, 5.36 ms/combo, 7 min left
    shard   42:  10000 done, 5.36 ms/combo, 7 min left
    shard   41:  10000 done, 5.39 ms/combo, 7 min left
    shard   43:  10000 done, 5.38 ms/combo, 7 min left
    shard   44:  10000 done, 5.39 ms/combo, 7 min left
    shard   45:  10000 done, 5.41 ms/combo, 7 min left
    shard   46:  10000 done, 5.36 ms/combo, 7 min left
    shard   47:  10000 done, 5.43 ms/combo, 7 min left
    shard   40:  15000 done, 5.40 ms/combo, 6 min left
    shard   41:  15000 done, 5.41 ms/combo, 6 min left
    shard   42:  15000 done, 5.42 ms/combo, 6 min left
    shard   43:  15000 done, 5.41 ms/combo, 6 min left
    shard   44:  15000 done, 5.43 ms/combo, 6 min left
    shard   45:  15000 done, 5.45 ms/combo, 6 min left
    shard   46:  15000 done, 5.42 ms/combo, 6 min left
    shard   47:  15000 done, 5.47 ms/combo, 6 min left
    shard   40:  20000 done, 5.39 ms/combo, 6 min left
    shard   41:  20000 done, 5.41 ms/combo, 6 min left
    shard   42:  20000 done, 5.41 ms/combo, 6 min left
    shard   43:  20000 done, 5.40 ms/combo, 6 min left
    shard   44:  20000 done, 5.40 ms/combo, 6 min left
    shard   45:  20000 done, 5.43 ms/combo, 6 min left
    shard   46:  20000 done, 5.41 ms/combo, 6 min left
    shard   47:  20000 done, 5.46 ms/combo, 6 min left
    shard   40:  25000 done, 5.37 ms/combo, 5 min left
    shard   41:  25000 done, 5.42 ms/combo, 5 min left
    shard   42:  25000 done, 5.41 ms/combo, 5 min left
    shard   43:  25000 done, 5.39 ms/combo, 5 min left
    shard   44:  25000 done, 5.38 ms/combo, 5 min left
    shard   45:  25000 done, 5.41 ms/combo, 5 min left
    shard   46:  25000 done, 5.39 ms/combo, 5 min left
    shard   47:  25000 done, 5.43 ms/combo, 5 min left
    shard   40:  30000 done, 5.42 ms/combo, 5 min left
    shard   41:  30000 done, 5.46 ms/combo, 5 min left
    shard   42:  30000 done, 5.46 ms/combo, 5 min left
    shard   43:  30000 done, 5.44 ms/combo, 5 min left
    shard   44:  30000 done, 5.43 ms/combo, 5 min left
    shard   45:  30000 done, 5.44 ms/combo, 5 min left
    shard   46:  30000 done, 5.42 ms/combo, 5 min left
    shard   47:  30000 done, 5.46 ms/combo, 5 min left
    shard   40:  35000 done, 5.38 ms/combo, 4 min left
    shard   42:  35000 done, 5.42 ms/combo, 4 min left
    shard   41:  35000 done, 5.43 ms/combo, 4 min left
    shard   43:  35000 done, 5.39 ms/combo, 4 min left
    shard   44:  35000 done, 5.39 ms/combo, 4 min left
    shard   45:  35000 done, 5.40 ms/combo, 4 min left
    shard   46:  35000 done, 5.38 ms/combo, 4 min left
    shard   47:  35000 done, 5.43 ms/combo, 4 min left
    shard   40:  40000 done, 5.37 ms/combo, 4 min left
    shard   41:  40000 done, 5.41 ms/combo, 4 min left
    shard   42:  40000 done, 5.40 ms/combo, 4 min left
    shard   43:  40000 done, 5.38 ms/combo, 4 min left
    shard   44:  40000 done, 5.38 ms/combo, 4 min left
    shard   45:  40000 done, 5.39 ms/combo, 4 min left
    shard   46:  40000 done, 5.38 ms/combo, 4 min left
    shard   47:  40000 done, 5.40 ms/combo, 4 min left
    shard   40:  45000 done, 5.36 ms/combo, 3 min left
    shard   42:  45000 done, 5.39 ms/combo, 3 min left
    shard   41:  45000 done, 5.40 ms/combo, 3 min left
    shard   43:  45000 done, 5.37 ms/combo, 3 min left
    shard   44:  45000 done, 5.37 ms/combo, 3 min left
    shard   45:  45000 done, 5.38 ms/combo, 3 min left
    shard   46:  45000 done, 5.37 ms/combo, 3 min left
    shard   47:  45000 done, 5.39 ms/combo, 3 min left
    shard   40:  50000 done, 5.35 ms/combo, 3 min left
    shard   42:  50000 done, 5.37 ms/combo, 3 min left
    shard   41:  50000 done, 5.39 ms/combo, 3 min left
    shard   43:  50000 done, 5.36 ms/combo, 3 min left
    shard   44:  50000 done, 5.36 ms/combo, 3 min left
    shard   45:  50000 done, 5.37 ms/combo, 3 min left
    shard   46:  50000 done, 5.36 ms/combo, 3 min left
    shard   47:  50000 done, 5.37 ms/combo, 3 min left
    shard   40:  55000 done, 5.34 ms/combo, 3 min left
    shard   42:  55000 done, 5.36 ms/combo, 3 min left
    shard   41:  55000 done, 5.39 ms/combo, 3 min left
    shard   43:  55000 done, 5.35 ms/combo, 3 min left
    shard   44:  55000 done, 5.35 ms/combo, 3 min left
    shard   45:  55000 done, 5.36 ms/combo, 3 min left
    shard   46:  55000 done, 5.36 ms/combo, 3 min left
    shard   47:  55000 done, 5.36 ms/combo, 3 min left
    shard   40:  60000 done, 5.35 ms/combo, 2 min left
    shard   42:  60000 done, 5.36 ms/combo, 2 min left
    shard   41:  60000 done, 5.39 ms/combo, 2 min left
    shard   43:  60000 done, 5.36 ms/combo, 2 min left
    shard   44:  60000 done, 5.36 ms/combo, 2 min left
    shard   45:  60000 done, 5.36 ms/combo, 2 min left
    shard   46:  60000 done, 5.36 ms/combo, 2 min left
    shard   47:  60000 done, 5.36 ms/combo, 2 min left
    shard   40:  65000 done, 5.35 ms/combo, 2 min left
    shard   42:  65000 done, 5.37 ms/combo, 2 min left
    shard   41:  65000 done, 5.39 ms/combo, 2 min left
    shard   43:  65000 done, 5.36 ms/combo, 2 min left
    shard   44:  65000 done, 5.36 ms/combo, 2 min left
    shard   45:  65000 done, 5.36 ms/combo, 2 min left
    shard   46:  65000 done, 5.36 ms/combo, 2 min left
    shard   47:  65000 done, 5.36 ms/combo, 2 min left
    shard   40:  70000 done, 5.37 ms/combo, 1 min left
    shard   42:  70000 done, 5.38 ms/combo, 1 min left
    shard   43:  70000 done, 5.37 ms/combo, 1 min left
    shard   41:  70000 done, 5.41 ms/combo, 1 min left
    shard   44:  70000 done, 5.37 ms/combo, 1 min left
    shard   45:  70000 done, 5.38 ms/combo, 1 min left
    shard   46:  70000 done, 5.38 ms/combo, 1 min left
    shard   47:  70000 done, 5.38 ms/combo, 1 min left
    shard   40:  75000 done, 5.36 ms/combo, 1 min left
    shard   42:  75000 done, 5.38 ms/combo, 1 min left
    shard   43:  75000 done, 5.37 ms/combo, 1 min left
    shard   41:  75000 done, 5.41 ms/combo, 1 min left
    shard   44:  75000 done, 5.37 ms/combo, 1 min left
    shard   45:  75000 done, 5.38 ms/combo, 1 min left
    shard   46:  75000 done, 5.37 ms/combo, 1 min left
    shard   47:  75000 done, 5.38 ms/combo, 1 min left
    shard   40:  80000 done, 5.36 ms/combo, 0 min left
    shard   42:  80000 done, 5.38 ms/combo, 0 min left
    shard   43:  80000 done, 5.36 ms/combo, 0 min left
    shard   41:  80000 done, 5.40 ms/combo, 0 min left
    shard   44:  80000 done, 5.37 ms/combo, 0 min left
    shard   45:  80000 done, 5.38 ms/combo, 0 min left
    shard   46:  80000 done, 5.37 ms/combo, 0 min left
  shard   40:    83418 seen | eligible  67423/ 55687 | survivors  4439/ 1335  (trend/chop)
    shard   47:  80000 done, 5.37 ms/combo, 0 min left
  shard   42:    83418 seen | eligible  67375/ 55744 | survivors  4320/ 1319  (trend/chop)
  shard   43:    83418 seen | eligible  67405/ 55728 | survivors  4326/ 1307  (trend/chop)
  shard   41:    83418 seen | eligible  67388/ 55645 | survivors  4349/ 1303  (trend/chop)
  shard   44:    83417 seen | eligible  67404/ 55735 | survivors  4405/ 1287  (trend/chop)
  shard   45:    83417 seen | eligible  67397/ 55666 | survivors  4296/ 1239  (trend/chop)
  shard   46:    83417 seen | eligible  67397/ 55790 | survivors  4317/ 1278  (trend/chop)
  shard   47:    83417 seen | eligible  67445/ 55754 | survivors  4318/ 1254  (trend/chop)
    shard   48:   5000 done, 5.01 ms/combo, 7 min left
    shard   49:   5000 done, 5.08 ms/combo, 7 min left
    shard   50:   5000 done, 5.13 ms/combo, 7 min left
    shard   51:   5000 done, 5.11 ms/combo, 7 min left
    shard   52:   5000 done, 5.13 ms/combo, 7 min left
    shard   53:   5000 done, 5.17 ms/combo, 7 min left
    shard   54:   5000 done, 5.15 ms/combo, 7 min left
    shard   55:   5000 done, 5.20 ms/combo, 7 min left
    shard   48:  10000 done, 5.30 ms/combo, 6 min left
    shard   49:  10000 done, 5.33 ms/combo, 7 min left
    shard   50:  10000 done, 5.35 ms/combo, 7 min left
    shard   51:  10000 done, 5.37 ms/combo, 7 min left
    shard   52:  10000 done, 5.36 ms/combo, 7 min left
    shard   53:  10000 done, 5.37 ms/combo, 7 min left
    shard   54:  10000 done, 5.35 ms/combo, 7 min left
    shard   55:  10000 done, 5.36 ms/combo, 7 min left
    shard   48:  15000 done, 5.37 ms/combo, 6 min left
    shard   49:  15000 done, 5.41 ms/combo, 6 min left
    shard   50:  15000 done, 5.39 ms/combo, 6 min left
    shard   51:  15000 done, 5.42 ms/combo, 6 min left
    shard   52:  15000 done, 5.42 ms/combo, 6 min left
    shard   53:  15000 done, 5.42 ms/combo, 6 min left
    shard   54:  15000 done, 5.43 ms/combo, 6 min left
    shard   55:  15000 done, 5.46 ms/combo, 6 min left
    shard   48:  20000 done, 5.39 ms/combo, 6 min left
    shard   49:  20000 done, 5.40 ms/combo, 6 min left
    shard   50:  20000 done, 5.40 ms/combo, 6 min left
    shard   51:  20000 done, 5.43 ms/combo, 6 min left
    shard   52:  20000 done, 5.41 ms/combo, 6 min left
    shard   54:  20000 done, 5.36 ms/combo, 6 min left
    shard   53:  20000 done, 5.42 ms/combo, 6 min left
    shard   55:  20000 done, 5.42 ms/combo, 6 min left
    shard   48:  25000 done, 5.37 ms/combo, 5 min left
    shard   49:  25000 done, 5.38 ms/combo, 5 min left
    shard   50:  25000 done, 5.40 ms/combo, 5 min left
    shard   51:  25000 done, 5.41 ms/combo, 5 min left
    shard   52:  25000 done, 5.39 ms/combo, 5 min left
    shard   54:  25000 done, 5.30 ms/combo, 5 min left
    shard   53:  25000 done, 5.41 ms/combo, 5 min left
    shard   55:  25000 done, 5.39 ms/combo, 5 min left
    shard   48:  30000 done, 5.37 ms/combo, 5 min left
    shard   49:  30000 done, 5.41 ms/combo, 5 min left
    shard   50:  30000 done, 5.42 ms/combo, 5 min left
    shard   51:  30000 done, 5.44 ms/combo, 5 min left
    shard   52:  30000 done, 5.41 ms/combo, 5 min left
    shard   54:  30000 done, 5.32 ms/combo, 5 min left
    shard   53:  30000 done, 5.43 ms/combo, 5 min left
    shard   55:  30000 done, 5.40 ms/combo, 5 min left
    shard   48:  35000 done, 5.30 ms/combo, 4 min left
    shard   49:  35000 done, 5.34 ms/combo, 4 min left
    shard   50:  35000 done, 5.35 ms/combo, 4 min left
    shard   51:  35000 done, 5.37 ms/combo, 4 min left
    shard   52:  35000 done, 5.34 ms/combo, 4 min left
    shard   54:  35000 done, 5.28 ms/combo, 4 min left
    shard   53:  35000 done, 5.36 ms/combo, 4 min left
    shard   55:  35000 done, 5.34 ms/combo, 4 min left
    shard   48:  40000 done, 5.24 ms/combo, 4 min left
    shard   49:  40000 done, 5.31 ms/combo, 4 min left
    shard   50:  40000 done, 5.31 ms/combo, 4 min left
    shard   51:  40000 done, 5.34 ms/combo, 4 min left
    shard   52:  40000 done, 5.31 ms/combo, 4 min left
    shard   54:  40000 done, 5.26 ms/combo, 4 min left
    shard   53:  40000 done, 5.32 ms/combo, 4 min left
    shard   55:  40000 done, 5.31 ms/combo, 4 min left
    shard   48:  45000 done, 5.23 ms/combo, 3 min left
    shard   49:  45000 done, 5.29 ms/combo, 3 min left
    shard   50:  45000 done, 5.29 ms/combo, 3 min left
    shard   51:  45000 done, 5.31 ms/combo, 3 min left
    shard   52:  45000 done, 5.29 ms/combo, 3 min left
    shard   54:  45000 done, 5.22 ms/combo, 3 min left
    shard   53:  45000 done, 5.30 ms/combo, 3 min left
    shard   55:  45000 done, 5.28 ms/combo, 3 min left
    shard   48:  50000 done, 5.20 ms/combo, 3 min left
    shard   49:  50000 done, 5.26 ms/combo, 3 min left
    shard   50:  50000 done, 5.26 ms/combo, 3 min left
    shard   51:  50000 done, 5.29 ms/combo, 3 min left
    shard   52:  50000 done, 5.26 ms/combo, 3 min left
    shard   54:  50000 done, 5.21 ms/combo, 3 min left
    shard   53:  50000 done, 5.27 ms/combo, 3 min left
    shard   55:  50000 done, 5.27 ms/combo, 3 min left
    shard   48:  55000 done, 5.19 ms/combo, 2 min left
    shard   49:  55000 done, 5.24 ms/combo, 2 min left
    shard   50:  55000 done, 5.25 ms/combo, 2 min left
    shard   52:  55000 done, 5.25 ms/combo, 2 min left
    shard   51:  55000 done, 5.27 ms/combo, 2 min left
    shard   54:  55000 done, 5.19 ms/combo, 2 min left
    shard   53:  55000 done, 5.26 ms/combo, 2 min left
    shard   55:  55000 done, 5.25 ms/combo, 2 min left
    shard   48:  60000 done, 5.19 ms/combo, 2 min left
    shard   49:  60000 done, 5.24 ms/combo, 2 min left
    shard   50:  60000 done, 5.24 ms/combo, 2 min left
    shard   52:  60000 done, 5.24 ms/combo, 2 min left
    shard   51:  60000 done, 5.26 ms/combo, 2 min left
    shard   54:  60000 done, 5.19 ms/combo, 2 min left
    shard   53:  60000 done, 5.24 ms/combo, 2 min left
    shard   55:  60000 done, 5.24 ms/combo, 2 min left
    shard   48:  65000 done, 5.18 ms/combo, 2 min left
    shard   49:  65000 done, 5.23 ms/combo, 2 min left
    shard   50:  65000 done, 5.24 ms/combo, 2 min left
    shard   52:  65000 done, 5.23 ms/combo, 2 min left
    shard   51:  65000 done, 5.26 ms/combo, 2 min left
    shard   54:  65000 done, 5.18 ms/combo, 2 min left
    shard   53:  65000 done, 5.24 ms/combo, 2 min left
    shard   55:  65000 done, 5.24 ms/combo, 2 min left
    shard   48:  70000 done, 5.20 ms/combo, 1 min left
    shard   49:  70000 done, 5.25 ms/combo, 1 min left
    shard   50:  70000 done, 5.25 ms/combo, 1 min left
    shard   51:  70000 done, 5.26 ms/combo, 1 min left
    shard   52:  70000 done, 5.24 ms/combo, 1 min left
    shard   54:  70000 done, 5.20 ms/combo, 1 min left
    shard   53:  70000 done, 5.25 ms/combo, 1 min left
    shard   55:  70000 done, 5.25 ms/combo, 1 min left
    shard   48:  75000 done, 5.19 ms/combo, 1 min left
    shard   49:  75000 done, 5.24 ms/combo, 1 min left
    shard   50:  75000 done, 5.24 ms/combo, 1 min left
    shard   51:  75000 done, 5.25 ms/combo, 1 min left
    shard   52:  75000 done, 5.23 ms/combo, 1 min left
    shard   54:  75000 done, 5.19 ms/combo, 1 min left
    shard   53:  75000 done, 5.24 ms/combo, 1 min left
    shard   55:  75000 done, 5.24 ms/combo, 1 min left
    shard   48:  80000 done, 5.19 ms/combo, 0 min left
    shard   49:  80000 done, 5.23 ms/combo, 0 min left
    shard   50:  80000 done, 5.23 ms/combo, 0 min left
    shard   51:  80000 done, 5.25 ms/combo, 0 min left
    shard   54:  80000 done, 5.19 ms/combo, 0 min left
    shard   52:  80000 done, 5.23 ms/combo, 0 min left
    shard   53:  80000 done, 5.24 ms/combo, 0 min left
  shard   48:    83417 seen | eligible  67421/ 55713 | survivors  4383/ 1291  (trend/chop)
  shard   49:    83417 seen | eligible  67399/ 55648 | survivors  4332/ 1271  (trend/chop)
  shard   50:    83417 seen | eligible  67422/ 55780 | survivors  4295/ 1258  (trend/chop)
    shard   55:  80000 done, 5.25 ms/combo, 0 min left
  shard   54:    83417 seen | eligible  67416/ 55786 | survivors  4318/ 1264  (trend/chop)
  shard   51:    83417 seen | eligible  67437/ 55736 | survivors  4295/ 1266  (trend/chop)
  shard   52:    83417 seen | eligible  67426/ 55706 | survivors  4373/ 1278  (trend/chop)
  shard   53:    83417 seen | eligible  67393/ 55661 | survivors  4304/ 1236  (trend/chop)
  shard   55:    83417 seen | eligible  67451/ 55709 | survivors  4306/ 1241  (trend/chop)
    shard   56:   5000 done, 5.04 ms/combo, 7 min left
    shard   57:   5000 done, 5.22 ms/combo, 7 min left
    shard   58:   5000 done, 5.16 ms/combo, 7 min left
    shard   60:   5000 done, 5.23 ms/combo, 7 min left
    shard   61:   5000 done, 5.26 ms/combo, 7 min left
    shard   59:   5000 done, 5.31 ms/combo, 7 min left
    shard   62:   5000 done, 5.28 ms/combo, 7 min left
    shard   56:  10000 done, 5.35 ms/combo, 7 min left
    shard   63:   5000 done, 5.25 ms/combo, 7 min left
    shard   57:  10000 done, 5.44 ms/combo, 7 min left
    shard   58:  10000 done, 5.40 ms/combo, 7 min left
    shard   60:  10000 done, 5.42 ms/combo, 7 min left
    shard   61:  10000 done, 5.45 ms/combo, 7 min left
    shard   59:  10000 done, 5.47 ms/combo, 7 min left
    shard   62:  10000 done, 5.44 ms/combo, 7 min left
    shard   56:  15000 done, 5.41 ms/combo, 6 min left
    shard   63:  10000 done, 5.42 ms/combo, 7 min left
    shard   57:  15000 done, 5.45 ms/combo, 6 min left
    shard   58:  15000 done, 5.44 ms/combo, 6 min left
    shard   60:  15000 done, 5.47 ms/combo, 6 min left
    shard   61:  15000 done, 5.47 ms/combo, 6 min left
    shard   59:  15000 done, 5.50 ms/combo, 6 min left
    shard   62:  15000 done, 5.48 ms/combo, 6 min left
    shard   56:  20000 done, 5.39 ms/combo, 6 min left
    shard   63:  15000 done, 5.44 ms/combo, 6 min left
    shard   57:  20000 done, 5.42 ms/combo, 6 min left
    shard   58:  20000 done, 5.40 ms/combo, 6 min left
    shard   61:  20000 done, 5.43 ms/combo, 6 min left
    shard   60:  20000 done, 5.44 ms/combo, 6 min left
    shard   59:  20000 done, 5.46 ms/combo, 6 min left
    shard   62:  20000 done, 5.45 ms/combo, 6 min left
    shard   56:  25000 done, 5.35 ms/combo, 5 min left
    shard   63:  20000 done, 5.39 ms/combo, 6 min left
    shard   57:  25000 done, 5.40 ms/combo, 5 min left
    shard   58:  25000 done, 5.38 ms/combo, 5 min left
    shard   61:  25000 done, 5.39 ms/combo, 5 min left
    shard   60:  25000 done, 5.41 ms/combo, 5 min left
    shard   59:  25000 done, 5.42 ms/combo, 5 min left
    shard   62:  25000 done, 5.41 ms/combo, 5 min left
    shard   56:  30000 done, 5.39 ms/combo, 5 min left
    shard   63:  25000 done, 5.38 ms/combo, 5 min left
    shard   58:  30000 done, 5.41 ms/combo, 5 min left
    shard   57:  30000 done, 5.45 ms/combo, 5 min left
    shard   61:  30000 done, 5.43 ms/combo, 5 min left
    shard   60:  30000 done, 5.45 ms/combo, 5 min left
    shard   59:  30000 done, 5.47 ms/combo, 5 min left
    shard   62:  30000 done, 5.45 ms/combo, 5 min left
    shard   56:  35000 done, 5.37 ms/combo, 4 min left
    shard   63:  30000 done, 5.44 ms/combo, 5 min left
    shard   58:  35000 done, 5.38 ms/combo, 4 min left
    shard   57:  35000 done, 5.41 ms/combo, 4 min left
    shard   61:  35000 done, 5.39 ms/combo, 4 min left
    shard   60:  35000 done, 5.42 ms/combo, 4 min left
    shard   59:  35000 done, 5.43 ms/combo, 4 min left
    shard   62:  35000 done, 5.42 ms/combo, 4 min left
    shard   56:  40000 done, 5.35 ms/combo, 4 min left
    shard   63:  35000 done, 5.40 ms/combo, 4 min left
    shard   58:  40000 done, 5.37 ms/combo, 4 min left
    shard   57:  40000 done, 5.40 ms/combo, 4 min left
    shard   61:  40000 done, 5.37 ms/combo, 4 min left
    shard   60:  40000 done, 5.40 ms/combo, 4 min left
    shard   59:  40000 done, 5.41 ms/combo, 4 min left
    shard   62:  40000 done, 5.39 ms/combo, 4 min left
    shard   56:  45000 done, 5.34 ms/combo, 3 min left
    shard   63:  40000 done, 5.38 ms/combo, 4 min left
    shard   58:  45000 done, 5.36 ms/combo, 3 min left
    shard   57:  45000 done, 5.40 ms/combo, 3 min left
    shard   61:  45000 done, 5.37 ms/combo, 3 min left
    shard   60:  45000 done, 5.39 ms/combo, 3 min left
    shard   59:  45000 done, 5.40 ms/combo, 3 min left
    shard   62:  45000 done, 5.38 ms/combo, 3 min left
    shard   56:  50000 done, 5.33 ms/combo, 3 min left
    shard   63:  45000 done, 5.37 ms/combo, 3 min left
    shard   58:  50000 done, 5.34 ms/combo, 3 min left
    shard   57:  50000 done, 5.38 ms/combo, 3 min left
    shard   61:  50000 done, 5.35 ms/combo, 3 min left
    shard   60:  50000 done, 5.37 ms/combo, 3 min left
    shard   59:  50000 done, 5.39 ms/combo, 3 min left
    shard   62:  50000 done, 5.36 ms/combo, 3 min left
    shard   56:  55000 done, 5.32 ms/combo, 3 min left
    shard   63:  50000 done, 5.36 ms/combo, 3 min left
    shard   58:  55000 done, 5.34 ms/combo, 3 min left
    shard   57:  55000 done, 5.36 ms/combo, 3 min left
    shard   61:  55000 done, 5.34 ms/combo, 3 min left
    shard   60:  55000 done, 5.36 ms/combo, 3 min left
    shard   59:  55000 done, 5.37 ms/combo, 3 min left
    shard   62:  55000 done, 5.34 ms/combo, 3 min left
    shard   56:  60000 done, 5.33 ms/combo, 2 min left
    shard   63:  55000 done, 5.37 ms/combo, 3 min left
    shard   58:  60000 done, 5.34 ms/combo, 2 min left
    shard   57:  60000 done, 5.37 ms/combo, 2 min left
    shard   61:  60000 done, 5.35 ms/combo, 2 min left
    shard   60:  60000 done, 5.37 ms/combo, 2 min left
    shard   59:  60000 done, 5.38 ms/combo, 2 min left
    shard   62:  60000 done, 5.35 ms/combo, 2 min left
    shard   56:  65000 done, 5.33 ms/combo, 2 min left
    shard   63:  60000 done, 5.37 ms/combo, 2 min left
    shard   58:  65000 done, 5.35 ms/combo, 2 min left
    shard   57:  65000 done, 5.37 ms/combo, 2 min left
    shard   61:  65000 done, 5.35 ms/combo, 2 min left
    shard   60:  65000 done, 5.37 ms/combo, 2 min left
    shard   59:  65000 done, 5.38 ms/combo, 2 min left
    shard   62:  65000 done, 5.36 ms/combo, 2 min left
    shard   56:  70000 done, 5.35 ms/combo, 1 min left
    shard   63:  65000 done, 5.37 ms/combo, 2 min left
    shard   58:  70000 done, 5.37 ms/combo, 1 min left
    shard   57:  70000 done, 5.39 ms/combo, 1 min left
    shard   61:  70000 done, 5.37 ms/combo, 1 min left
    shard   60:  70000 done, 5.39 ms/combo, 1 min left
    shard   59:  70000 done, 5.40 ms/combo, 1 min left
    shard   62:  70000 done, 5.37 ms/combo, 1 min left
    shard   56:  75000 done, 5.35 ms/combo, 1 min left
    shard   63:  70000 done, 5.39 ms/combo, 1 min left
    shard   58:  75000 done, 5.37 ms/combo, 1 min left
    shard   57:  75000 done, 5.38 ms/combo, 1 min left
    shard   61:  75000 done, 5.37 ms/combo, 1 min left
    shard   60:  75000 done, 5.39 ms/combo, 1 min left
    shard   59:  75000 done, 5.39 ms/combo, 1 min left
    shard   62:  75000 done, 5.37 ms/combo, 1 min left
    shard   56:  80000 done, 5.35 ms/combo, 0 min left
    shard   63:  75000 done, 5.39 ms/combo, 1 min left
    shard   58:  80000 done, 5.37 ms/combo, 0 min left
    shard   57:  80000 done, 5.38 ms/combo, 0 min left
    shard   61:  80000 done, 5.37 ms/combo, 0 min left
    shard   60:  80000 done, 5.38 ms/combo, 0 min left
    shard   59:  80000 done, 5.40 ms/combo, 0 min left
    shard   62:  80000 done, 5.37 ms/combo, 0 min left
  shard   56:    83417 seen | eligible  67446/ 55698 | survivors  4330/ 1225  (trend/chop)
  shard   58:    83417 seen | eligible  67444/ 55766 | survivors  4300/ 1236  (trend/chop)
  shard   57:    83417 seen | eligible  67430/ 55659 | survivors  4310/ 1248  (trend/chop)
  shard   61:    83417 seen | eligible  67396/ 55602 | survivors  4325/ 1244  (trend/chop)
  shard   60:    83417 seen | eligible  67420/ 55692 | survivors  4345/ 1277  (trend/chop)
    shard   63:  80000 done, 5.39 ms/combo, 0 min left
  shard   62:    83417 seen | eligible  67400/ 55719 | survivors  4298/ 1284  (trend/chop)
  shard   59:    83417 seen | eligible  67449/ 55692 | survivors  4282/ 1275  (trend/chop)
  shard   63:    83417 seen | eligible  67424/ 55678 | survivors  4265/ 1284  (trend/chop)
    shard   64:   5000 done, 4.91 ms/combo, 6 min left
    shard   65:   5000 done, 5.07 ms/combo, 7 min left
    shard   66:   5000 done, 5.04 ms/combo, 7 min left
    shard   67:   5000 done, 5.12 ms/combo, 7 min left
    shard   68:   5000 done, 5.09 ms/combo, 7 min left
    shard   69:   5000 done, 5.12 ms/combo, 7 min left
    shard   70:   5000 done, 5.13 ms/combo, 7 min left
    shard   64:  10000 done, 5.30 ms/combo, 6 min left
    shard   71:   5000 done, 5.27 ms/combo, 7 min left
    shard   65:  10000 done, 5.37 ms/combo, 7 min left
    shard   66:  10000 done, 5.39 ms/combo, 7 min left
    shard   67:  10000 done, 5.45 ms/combo, 7 min left
    shard   68:  10000 done, 5.44 ms/combo, 7 min left
    shard   69:  10000 done, 5.45 ms/combo, 7 min left
    shard   70:  10000 done, 5.45 ms/combo, 7 min left
    shard   64:  15000 done, 5.39 ms/combo, 6 min left
    shard   71:  10000 done, 5.51 ms/combo, 7 min left
    shard   65:  15000 done, 5.44 ms/combo, 6 min left
    shard   66:  15000 done, 5.43 ms/combo, 6 min left
    shard   67:  15000 done, 5.48 ms/combo, 6 min left
    shard   68:  15000 done, 5.47 ms/combo, 6 min left
    shard   69:  15000 done, 5.48 ms/combo, 6 min left
    shard   70:  15000 done, 5.47 ms/combo, 6 min left
    shard   64:  20000 done, 5.36 ms/combo, 6 min left
    shard   71:  15000 done, 5.51 ms/combo, 6 min left
    shard   65:  20000 done, 5.41 ms/combo, 6 min left
    shard   66:  20000 done, 5.40 ms/combo, 6 min left
    shard   67:  20000 done, 5.43 ms/combo, 6 min left
    shard   68:  20000 done, 5.43 ms/combo, 6 min left
    shard   69:  20000 done, 5.43 ms/combo, 6 min left
    shard   70:  20000 done, 5.44 ms/combo, 6 min left
    shard   64:  25000 done, 5.36 ms/combo, 5 min left
    shard   71:  20000 done, 5.47 ms/combo, 6 min left
    shard   65:  25000 done, 5.37 ms/combo, 5 min left
    shard   66:  25000 done, 5.39 ms/combo, 5 min left
    shard   67:  25000 done, 5.41 ms/combo, 5 min left
    shard   68:  25000 done, 5.40 ms/combo, 5 min left
    shard   69:  25000 done, 5.41 ms/combo, 5 min left
    shard   70:  25000 done, 5.42 ms/combo, 5 min left
    shard   64:  30000 done, 5.41 ms/combo, 5 min left
    shard   71:  25000 done, 5.44 ms/combo, 5 min left
    shard   65:  30000 done, 5.42 ms/combo, 5 min left
    shard   66:  30000 done, 5.43 ms/combo, 5 min left
    shard   67:  30000 done, 5.45 ms/combo, 5 min left
    shard   68:  30000 done, 5.44 ms/combo, 5 min left
    shard   69:  30000 done, 5.45 ms/combo, 5 min left
    shard   70:  30000 done, 5.46 ms/combo, 5 min left
    shard   64:  35000 done, 5.37 ms/combo, 4 min left
    shard   65:  35000 done, 5.35 ms/combo, 4 min left
    shard   71:  30000 done, 5.48 ms/combo, 5 min left
    shard   66:  35000 done, 5.38 ms/combo, 4 min left
    shard   67:  35000 done, 5.42 ms/combo, 4 min left
    shard   68:  35000 done, 5.42 ms/combo, 4 min left
    shard   69:  35000 done, 5.40 ms/combo, 4 min left
    shard   70:  35000 done, 5.41 ms/combo, 4 min left
    shard   64:  40000 done, 5.35 ms/combo, 4 min left
    shard   71:  35000 done, 5.44 ms/combo, 4 min left
    shard   65:  40000 done, 5.34 ms/combo, 4 min left
    shard   66:  40000 done, 5.35 ms/combo, 4 min left
    shard   67:  40000 done, 5.39 ms/combo, 4 min left
    shard   68:  40000 done, 5.40 ms/combo, 4 min left
    shard   69:  40000 done, 5.38 ms/combo, 4 min left
    shard   70:  40000 done, 5.39 ms/combo, 4 min left
    shard   64:  45000 done, 5.36 ms/combo, 3 min left
    shard   65:  45000 done, 5.32 ms/combo, 3 min left
    shard   71:  40000 done, 5.41 ms/combo, 4 min left
    shard   66:  45000 done, 5.35 ms/combo, 3 min left
    shard   67:  45000 done, 5.38 ms/combo, 3 min left
    shard   68:  45000 done, 5.39 ms/combo, 3 min left
    shard   69:  45000 done, 5.38 ms/combo, 3 min left
    shard   70:  45000 done, 5.39 ms/combo, 3 min left
    shard   64:  50000 done, 5.35 ms/combo, 3 min left
    shard   65:  50000 done, 5.31 ms/combo, 3 min left
    shard   71:  45000 done, 5.39 ms/combo, 3 min left
    shard   66:  50000 done, 5.32 ms/combo, 3 min left
    shard   67:  50000 done, 5.36 ms/combo, 3 min left
    shard   68:  50000 done, 5.37 ms/combo, 3 min left
    shard   69:  50000 done, 5.36 ms/combo, 3 min left
    shard   70:  50000 done, 5.37 ms/combo, 3 min left
    shard   64:  55000 done, 5.35 ms/combo, 3 min left
    shard   65:  55000 done, 5.31 ms/combo, 3 min left
    shard   71:  50000 done, 5.39 ms/combo, 3 min left
    shard   66:  55000 done, 5.33 ms/combo, 3 min left
    shard   67:  55000 done, 5.36 ms/combo, 3 min left
    shard   68:  55000 done, 5.36 ms/combo, 3 min left
    shard   69:  55000 done, 5.36 ms/combo, 3 min left
    shard   70:  55000 done, 5.38 ms/combo, 3 min left
    shard   64:  60000 done, 5.35 ms/combo, 2 min left
    shard   65:  60000 done, 5.31 ms/combo, 2 min left
    shard   71:  55000 done, 5.38 ms/combo, 3 min left
    shard   66:  60000 done, 5.32 ms/combo, 2 min left
    shard   67:  60000 done, 5.36 ms/combo, 2 min left
    shard   68:  60000 done, 5.37 ms/combo, 2 min left
    shard   69:  60000 done, 5.36 ms/combo, 2 min left
    shard   70:  60000 done, 5.37 ms/combo, 2 min left
    shard   64:  65000 done, 5.35 ms/combo, 2 min left
    shard   65:  65000 done, 5.31 ms/combo, 2 min left
    shard   71:  60000 done, 5.38 ms/combo, 2 min left
    shard   66:  65000 done, 5.32 ms/combo, 2 min left
    shard   67:  65000 done, 5.36 ms/combo, 2 min left
    shard   68:  65000 done, 5.36 ms/combo, 2 min left
    shard   69:  65000 done, 5.36 ms/combo, 2 min left
    shard   70:  65000 done, 5.37 ms/combo, 2 min left
    shard   64:  70000 done, 5.36 ms/combo, 1 min left
    shard   65:  70000 done, 5.32 ms/combo, 1 min left
    shard   71:  65000 done, 5.38 ms/combo, 2 min left
    shard   66:  70000 done, 5.34 ms/combo, 1 min left
    shard   67:  70000 done, 5.38 ms/combo, 1 min left
    shard   68:  70000 done, 5.37 ms/combo, 1 min left
    shard   69:  70000 done, 5.38 ms/combo, 1 min left
    shard   70:  70000 done, 5.38 ms/combo, 1 min left
    shard   64:  75000 done, 5.36 ms/combo, 1 min left
    shard   65:  75000 done, 5.33 ms/combo, 1 min left
    shard   66:  75000 done, 5.34 ms/combo, 1 min left
    shard   71:  70000 done, 5.40 ms/combo, 1 min left
    shard   68:  75000 done, 5.36 ms/combo, 1 min left
    shard   67:  75000 done, 5.38 ms/combo, 1 min left
    shard   69:  75000 done, 5.39 ms/combo, 1 min left
    shard   70:  75000 done, 5.39 ms/combo, 1 min left
    shard   64:  80000 done, 5.36 ms/combo, 0 min left
    shard   65:  80000 done, 5.32 ms/combo, 0 min left
    shard   66:  80000 done, 5.34 ms/combo, 0 min left
    shard   71:  75000 done, 5.39 ms/combo, 1 min left
    shard   68:  80000 done, 5.36 ms/combo, 0 min left
    shard   67:  80000 done, 5.38 ms/combo, 0 min left
    shard   70:  80000 done, 5.38 ms/combo, 0 min left
    shard   69:  80000 done, 5.39 ms/combo, 0 min left
  shard   64:    83417 seen | eligible  67394/ 55671 | survivors  4315/ 1266  (trend/chop)
  shard   65:    83417 seen | eligible  67370/ 55613 | survivors  4276/ 1213  (trend/chop)
  shard   66:    83417 seen | eligible  67385/ 55760 | survivors  4299/ 1252  (trend/chop)
  shard   68:    83417 seen | eligible  67380/ 55703 | survivors  4405/ 1291  (trend/chop)
  shard   67:    83417 seen | eligible  67417/ 55694 | survivors  4314/ 1265  (trend/chop)
  shard   70:    83417 seen | eligible  67362/ 55738 | survivors  4321/ 1257  (trend/chop)
  shard   69:    83417 seen | eligible  67361/ 55635 | survivors  4269/ 1225  (trend/chop)
    shard   71:  80000 done, 5.39 ms/combo, 0 min left
  shard   71:    83417 seen | eligible  67377/ 55692 | survivors  4261/ 1290  (trend/chop)
    shard   72:   5000 done, 5.01 ms/combo, 7 min left
    shard   73:   5000 done, 5.05 ms/combo, 7 min left
    shard   74:   5000 done, 5.08 ms/combo, 7 min left
    shard   75:   5000 done, 5.13 ms/combo, 7 min left
    shard   76:   5000 done, 5.13 ms/combo, 7 min left
    shard   77:   5000 done, 5.13 ms/combo, 7 min left
    shard   78:   5000 done, 5.16 ms/combo, 7 min left
    shard   72:  10000 done, 5.31 ms/combo, 6 min left
    shard   73:  10000 done, 5.30 ms/combo, 6 min left
    shard   74:  10000 done, 5.32 ms/combo, 7 min left
    shard   79:   5000 done, 5.17 ms/combo, 7 min left
    shard   75:  10000 done, 5.40 ms/combo, 7 min left
    shard   76:  10000 done, 5.36 ms/combo, 7 min left
    shard   77:  10000 done, 5.35 ms/combo, 7 min left
    shard   78:  10000 done, 5.38 ms/combo, 7 min left
    shard   72:  15000 done, 5.37 ms/combo, 6 min left
    shard   73:  15000 done, 5.37 ms/combo, 6 min left
    shard   74:  15000 done, 5.37 ms/combo, 6 min left
    shard   79:  10000 done, 5.39 ms/combo, 7 min left
    shard   75:  15000 done, 5.43 ms/combo, 6 min left
    shard   76:  15000 done, 5.41 ms/combo, 6 min left
    shard   77:  15000 done, 5.37 ms/combo, 6 min left
    shard   78:  15000 done, 5.41 ms/combo, 6 min left
    shard   72:  20000 done, 5.35 ms/combo, 6 min left
    shard   73:  20000 done, 5.36 ms/combo, 6 min left
    shard   74:  20000 done, 5.36 ms/combo, 6 min left
    shard   79:  15000 done, 5.44 ms/combo, 6 min left
    shard   76:  20000 done, 5.36 ms/combo, 6 min left
    shard   75:  20000 done, 5.39 ms/combo, 6 min left
    shard   77:  20000 done, 5.35 ms/combo, 6 min left
    shard   78:  20000 done, 5.41 ms/combo, 6 min left
    shard   72:  25000 done, 8.08 ms/combo, 8 min left
    shard   73:  25000 done, 9.04 ms/combo, 9 min left
    shard   74:  25000 done, 9.25 ms/combo, 9 min left
    shard   79:  20000 done, 11.09 ms/combo, 12 min left
    shard   76:  25000 done, 10.53 ms/combo, 10 min left
    shard   75:  25000 done, 10.57 ms/combo, 10 min left
    shard   77:  25000 done, 10.61 ms/combo, 10 min left
    shard   78:  25000 done, 10.64 ms/combo, 10 min left
    shard   72:  30000 done, 9.80 ms/combo, 9 min left
    shard   73:  30000 done, 9.80 ms/combo, 9 min left
    shard   74:  30000 done, 9.79 ms/combo, 9 min left
    shard   79:  25000 done, 10.68 ms/combo, 10 min left
    shard   76:  30000 done, 9.79 ms/combo, 9 min left
    shard   75:  30000 done, 9.82 ms/combo, 9 min left
    shard   77:  30000 done, 9.80 ms/combo, 9 min left
    shard   78:  30000 done, 9.86 ms/combo, 9 min left
    shard   72:  35000 done, 10.14 ms/combo, 8 min left
    shard   73:  35000 done, 10.14 ms/combo, 8 min left
    shard   74:  35000 done, 10.13 ms/combo, 8 min left
    shard   79:  30000 done, 11.00 ms/combo, 10 min left
    shard   76:  35000 done, 10.13 ms/combo, 8 min left
    shard   75:  35000 done, 10.16 ms/combo, 8 min left
    shard   77:  35000 done, 10.13 ms/combo, 8 min left
    shard   78:  35000 done, 10.15 ms/combo, 8 min left
    shard   72:  40000 done, 9.91 ms/combo, 7 min left
    shard   73:  40000 done, 10.32 ms/combo, 7 min left
    shard   74:  40000 done, 10.31 ms/combo, 7 min left
    shard   79:  35000 done, 11.08 ms/combo, 9 min left
    shard   76:  40000 done, 10.31 ms/combo, 7 min left
    shard   75:  40000 done, 10.33 ms/combo, 7 min left
    shard   77:  40000 done, 10.32 ms/combo, 7 min left
    shard   78:  40000 done, 10.33 ms/combo, 7 min left
    shard   72:  45000 done, 9.86 ms/combo, 6 min left
    shard   73:  45000 done, 10.39 ms/combo, 7 min left
    shard   74:  45000 done, 10.39 ms/combo, 7 min left
    shard   79:  40000 done, 11.07 ms/combo, 8 min left
    shard   76:  45000 done, 10.39 ms/combo, 7 min left
    shard   75:  45000 done, 10.41 ms/combo, 7 min left
    shard   77:  45000 done, 10.41 ms/combo, 7 min left
    shard   78:  45000 done, 10.41 ms/combo, 7 min left
    shard   72:  50000 done, 10.17 ms/combo, 6 min left
    shard   73:  50000 done, 10.58 ms/combo, 6 min left
    shard   79:  45000 done, 11.11 ms/combo, 7 min left
    shard   74:  50000 done, 10.56 ms/combo, 6 min left
    shard   75:  50000 done, 10.50 ms/combo, 6 min left
    shard   76:  50000 done, 10.57 ms/combo, 6 min left
    shard   77:  50000 done, 10.59 ms/combo, 6 min left
    shard   78:  50000 done, 10.59 ms/combo, 6 min left
    shard   72:  55000 done, 10.48 ms/combo, 5 min left
    shard   79:  50000 done, 11.66 ms/combo, 6 min left
    shard   75:  55000 done, 11.09 ms/combo, 5 min left
    shard   73:  55000 done, 11.31 ms/combo, 5 min left
    shard   74:  55000 done, 11.31 ms/combo, 5 min left
    shard   76:  55000 done, 11.38 ms/combo, 5 min left
    shard   72:  60000 done, 10.77 ms/combo, 4 min left
    shard   77:  55000 done, 11.90 ms/combo, 6 min left
    shard   78:  55000 done, 11.94 ms/combo, 6 min left
    shard   79:  55000 done, 11.95 ms/combo, 6 min left
    shard   75:  60000 done, 11.54 ms/combo, 5 min left
    shard   73:  60000 done, 12.07 ms/combo, 5 min left
    shard   74:  60000 done, 12.06 ms/combo, 5 min left
    shard   72:  65000 done, 11.21 ms/combo, 3 min left
    shard   79:  60000 done, 12.24 ms/combo, 5 min left
    shard   76:  60000 done, 12.73 ms/combo, 5 min left
    shard   75:  65000 done, 11.81 ms/combo, 4 min left
    shard   77:  60000 done, 13.18 ms/combo, 5 min left
    shard   78:  60000 done, 13.23 ms/combo, 5 min left
    shard   72:  70000 done, 11.85 ms/combo, 3 min left
    shard   79:  65000 done, 12.65 ms/combo, 4 min left
    shard   75:  70000 done, 12.30 ms/combo, 3 min left
    shard   73:  65000 done, 13.43 ms/combo, 4 min left
    shard   74:  65000 done, 13.46 ms/combo, 4 min left
    shard   76:  65000 done, 14.10 ms/combo, 4 min left
    shard   72:  75000 done, 12.45 ms/combo, 2 min left
    shard   77:  65000 done, 14.45 ms/combo, 4 min left
    shard   78:  65000 done, 14.52 ms/combo, 4 min left
    shard   79:  70000 done, 13.43 ms/combo, 3 min left
    shard   75:  75000 done, 12.93 ms/combo, 2 min left
    shard   72:  80000 done, 13.03 ms/combo, 1 min left
    shard   73:  70000 done, 15.35 ms/combo, 3 min left
    shard   74:  70000 done, 15.37 ms/combo, 3 min left
    shard   79:  75000 done, 13.98 ms/combo, 2 min left
    shard   75:  80000 done, 13.48 ms/combo, 1 min left
  shard   72:    83417 seen | eligible  67362/ 55676 | survivors  4402/ 1270  (trend/chop)
    shard   76:  70000 done, 15.97 ms/combo, 4 min left
    shard   77:  70000 done, 16.32 ms/combo, 4 min left
  shard   75:    83417 seen | eligible  67376/ 55702 | survivors  4312/ 1258  (trend/chop)
    shard   78:  70000 done, 16.40 ms/combo, 4 min left
    shard   79:  80000 done, 14.44 ms/combo, 1 min left
    shard   73:  75000 done, 16.59 ms/combo, 2 min left
    shard   74:  75000 done, 16.59 ms/combo, 2 min left
  shard   79:    83417 seen | eligible  67357/ 55678 | survivors  4324/ 1236  (trend/chop)
    shard   76:  75000 done, 16.96 ms/combo, 2 min left
    shard   77:  75000 done, 17.20 ms/combo, 2 min left
    shard   78:  75000 done, 17.26 ms/combo, 2 min left
    shard   73:  80000 done, 17.37 ms/combo, 1 min left
    shard   74:  80000 done, 17.39 ms/combo, 1 min left
    shard   76:  80000 done, 17.76 ms/combo, 1 min left
    shard   80:   5000 done, 29.40 ms/combo, 38 min left
    shard   77:  80000 done, 17.99 ms/combo, 1 min left
    shard   78:  80000 done, 18.03 ms/combo, 1 min left
    shard   81:   5000 done, 28.01 ms/combo, 37 min left
  shard   73:    83417 seen | eligible  67327/ 55613 | survivors  4294/ 1237  (trend/chop)
  shard   74:    83417 seen | eligible  67361/ 55744 | survivors  4304/ 1282  (trend/chop)
  shard   76:    83417 seen | eligible  67372/ 55691 | survivors  4359/ 1276  (trend/chop)
  shard   77:    83417 seen | eligible  67327/ 55631 | survivors  4333/ 1254  (trend/chop)
  shard   78:    83417 seen | eligible  67342/ 55737 | survivors  4329/ 1232  (trend/chop)
    shard   82:   5000 done, 20.94 ms/combo, 27 min left
    shard   80:  10000 done, 26.02 ms/combo, 32 min left
    shard   81:  10000 done, 25.05 ms/combo, 31 min left
    shard   82:  10000 done, 21.48 ms/combo, 26 min left
    shard   80:  15000 done, 24.68 ms/combo, 28 min left
    shard   81:  15000 done, 24.14 ms/combo, 28 min left
    shard   83:   5000 done, 21.89 ms/combo, 29 min left
    shard   84:   5000 done, 21.97 ms/combo, 29 min left
    shard   85:   5000 done, 21.88 ms/combo, 29 min left
    shard   86:   5000 done, 21.89 ms/combo, 29 min left
    shard   87:   5000 done, 22.20 ms/combo, 29 min left
    shard   82:  15000 done, 21.98 ms/combo, 25 min left
    shard   80:  20000 done, 24.04 ms/combo, 25 min left
    shard   81:  20000 done, 23.56 ms/combo, 25 min left
    shard   83:  10000 done, 22.15 ms/combo, 27 min left
    shard   84:  10000 done, 22.22 ms/combo, 27 min left
    shard   85:  10000 done, 22.04 ms/combo, 27 min left
    shard   86:  10000 done, 22.08 ms/combo, 27 min left
    shard   82:  20000 done, 21.69 ms/combo, 23 min left
    shard   87:  10000 done, 22.31 ms/combo, 27 min left
    shard   80:  25000 done, 23.42 ms/combo, 23 min left
    shard   81:  25000 done, 23.08 ms/combo, 22 min left
    shard   83:  15000 done, 22.13 ms/combo, 25 min left
    shard   84:  15000 done, 22.14 ms/combo, 25 min left
    shard   85:  15000 done, 21.90 ms/combo, 25 min left
    shard   86:  15000 done, 21.94 ms/combo, 25 min left
    shard   82:  25000 done, 21.50 ms/combo, 21 min left
    shard   87:  15000 done, 22.14 ms/combo, 25 min left
    shard   80:  30000 done, 23.28 ms/combo, 21 min left
    shard   81:  30000 done, 22.96 ms/combo, 20 min left
    shard   83:  20000 done, 21.89 ms/combo, 23 min left
    shard   84:  20000 done, 21.95 ms/combo, 23 min left
    shard   85:  20000 done, 21.77 ms/combo, 23 min left
    shard   86:  20000 done, 21.90 ms/combo, 23 min left
    shard   87:  20000 done, 22.05 ms/combo, 23 min left
    shard   82:  30000 done, 21.79 ms/combo, 19 min left
    shard   80:  35000 done, 23.06 ms/combo, 19 min left
    shard   81:  35000 done, 22.82 ms/combo, 18 min left
    shard   83:  25000 done, 22.12 ms/combo, 22 min left
    shard   84:  25000 done, 22.16 ms/combo, 22 min left
    shard   85:  25000 done, 22.08 ms/combo, 21 min left
    shard   86:  25000 done, 22.24 ms/combo, 22 min left
    shard   82:  35000 done, 21.94 ms/combo, 18 min left
    shard   87:  25000 done, 22.38 ms/combo, 22 min left
    shard   80:  40000 done, 23.13 ms/combo, 17 min left
    shard   81:  40000 done, 22.97 ms/combo, 17 min left
    shard   83:  30000 done, 22.92 ms/combo, 20 min left
    shard   84:  30000 done, 22.96 ms/combo, 20 min left
    shard   85:  30000 done, 23.30 ms/combo, 21 min left
    shard   82:  40000 done, 22.89 ms/combo, 17 min left
    shard   86:  30000 done, 23.83 ms/combo, 21 min left
    shard   87:  30000 done, 23.99 ms/combo, 21 min left
    shard   80:  45000 done, 24.02 ms/combo, 15 min left
    shard   81:  45000 done, 24.16 ms/combo, 15 min left
    shard   83:  35000 done, 24.72 ms/combo, 20 min left
    shard   84:  35000 done, 24.76 ms/combo, 20 min left
    shard   85:  35000 done, 24.95 ms/combo, 20 min left
    shard   82:  45000 done, 24.36 ms/combo, 16 min left
    shard   86:  35000 done, 25.42 ms/combo, 21 min left
    shard   87:  35000 done, 25.54 ms/combo, 21 min left
    shard   80:  50000 done, 25.14 ms/combo, 14 min left
    shard   81:  50000 done, 25.26 ms/combo, 14 min left
    shard   83:  40000 done, 25.95 ms/combo, 19 min left
    shard   84:  40000 done, 25.97 ms/combo, 19 min left
    shard   85:  40000 done, 26.05 ms/combo, 19 min left
    shard   82:  50000 done, 25.32 ms/combo, 14 min left
    shard   86:  40000 done, 26.51 ms/combo, 19 min left
    shard   87:  40000 done, 26.64 ms/combo, 19 min left
    shard   80:  55000 done, 25.97 ms/combo, 12 min left
    shard   81:  55000 done, 26.07 ms/combo, 12 min left
    shard   83:  45000 done, 26.84 ms/combo, 17 min left
    shard   84:  45000 done, 26.85 ms/combo, 17 min left
    shard   85:  45000 done, 26.88 ms/combo, 17 min left
    shard   82:  55000 done, 26.08 ms/combo, 12 min left
    shard   86:  45000 done, 27.30 ms/combo, 17 min left
    shard   87:  45000 done, 27.49 ms/combo, 18 min left
    shard   80:  60000 done, 26.65 ms/combo, 10 min left
    shard   81:  60000 done, 26.74 ms/combo, 10 min left
    shard   83:  50000 done, 27.54 ms/combo, 15 min left
    shard   84:  50000 done, 27.52 ms/combo, 15 min left
    shard   85:  50000 done, 27.55 ms/combo, 15 min left
    shard   86:  50000 done, 27.90 ms/combo, 16 min left
    shard   82:  60000 done, 26.78 ms/combo, 10 min left
    shard   87:  50000 done, 28.09 ms/combo, 16 min left
    shard   80:  65000 done, 27.24 ms/combo, 8 min left
    shard   81:  65000 done, 27.33 ms/combo, 8 min left
    shard   83:  55000 done, 28.06 ms/combo, 13 min left
    shard   84:  55000 done, 28.00 ms/combo, 13 min left
    shard   85:  55000 done, 28.03 ms/combo, 13 min left
    shard   86:  55000 done, 28.34 ms/combo, 13 min left
    shard   82:  65000 done, 27.29 ms/combo, 8 min left
    shard   87:  55000 done, 28.57 ms/combo, 14 min left
    shard   80:  70000 done, 27.81 ms/combo, 6 min left
    shard   81:  70000 done, 27.89 ms/combo, 6 min left
    shard   84:  60000 done, 28.46 ms/combo, 11 min left
    shard   83:  60000 done, 28.54 ms/combo, 11 min left
    shard   85:  60000 done, 28.46 ms/combo, 11 min left
    shard   86:  60000 done, 28.79 ms/combo, 11 min left
    shard   82:  70000 done, 27.88 ms/combo, 6 min left
    shard   87:  60000 done, 29.02 ms/combo, 11 min left
    shard   80:  75000 done, 28.21 ms/combo, 4 min left
    shard   81:  75000 done, 28.32 ms/combo, 4 min left
    shard   84:  65000 done, 28.96 ms/combo, 9 min left
    shard   83:  65000 done, 29.02 ms/combo, 9 min left
    shard   85:  65000 done, 28.96 ms/combo, 9 min left
    shard   86:  65000 done, 29.26 ms/combo, 9 min left
    shard   82:  75000 done, 28.31 ms/combo, 4 min left
    shard   87:  65000 done, 29.46 ms/combo, 9 min left
    shard   80:  80000 done, 28.60 ms/combo, 2 min left
    shard   81:  80000 done, 28.69 ms/combo, 2 min left
    shard   84:  70000 done, 29.41 ms/combo, 7 min left
    shard   83:  70000 done, 29.49 ms/combo, 7 min left
    shard   85:  70000 done, 29.44 ms/combo, 7 min left
  shard   80:    83417 seen | eligible  67352/ 55692 | survivors  4354/ 1273  (trend/chop)
    shard   86:  70000 done, 29.72 ms/combo, 7 min left
    shard   82:  80000 done, 28.67 ms/combo, 2 min left
  shard   81:    83417 seen | eligible  67341/ 55638 | survivors  4315/ 1274  (trend/chop)
    shard   87:  70000 done, 29.94 ms/combo, 7 min left
    shard   84:  75000 done, 29.68 ms/combo, 4 min left
    shard   83:  75000 done, 29.79 ms/combo, 4 min left
  shard   82:    83417 seen | eligible  67345/ 55753 | survivors  4343/ 1280  (trend/chop)
    shard   85:  75000 done, 29.70 ms/combo, 4 min left
    shard   86:  75000 done, 29.91 ms/combo, 4 min left
    shard   87:  75000 done, 30.12 ms/combo, 4 min left
    shard   84:  80000 done, 29.85 ms/combo, 2 min left
    shard   83:  80000 done, 29.95 ms/combo, 2 min left
    shard   85:  80000 done, 29.84 ms/combo, 2 min left
    shard   88:   5000 done, 31.74 ms/combo, 41 min left
    shard   86:  80000 done, 30.07 ms/combo, 2 min left
    shard   87:  80000 done, 30.32 ms/combo, 2 min left
    shard   89:   5000 done, 32.23 ms/combo, 42 min left
  shard   84:    83417 seen | eligible  67357/ 55681 | survivors  4383/ 1291  (trend/chop)
  shard   83:    83417 seen | eligible  67374/ 55689 | survivors  4327/ 1303  (trend/chop)
  shard   85:    83417 seen | eligible  67348/ 55637 | survivors  4335/ 1248  (trend/chop)
  shard   86:    83417 seen | eligible  67362/ 55750 | survivors  4336/ 1299  (trend/chop)
  shard   87:    83417 seen | eligible  67383/ 55720 | survivors  4336/ 1269  (trend/chop)
    shard   90:   5000 done, 31.70 ms/combo, 41 min left
    shard   88:  10000 done, 33.12 ms/combo, 41 min left
    shard   89:  10000 done, 32.81 ms/combo, 40 min left
    shard   90:  10000 done, 31.91 ms/combo, 39 min left
    shard   88:  15000 done, 32.71 ms/combo, 37 min left
    shard   89:  15000 done, 32.82 ms/combo, 37 min left
    shard   91:   5000 done, 31.85 ms/combo, 42 min left
    shard   92:   5000 done, 32.06 ms/combo, 42 min left
    shard   93:   5000 done, 32.13 ms/combo, 42 min left
    shard   94:   5000 done, 32.83 ms/combo, 43 min left
    shard   95:   5000 done, 33.05 ms/combo, 43 min left
    shard   90:  15000 done, 33.00 ms/combo, 38 min left
    shard   88:  20000 done, 32.96 ms/combo, 35 min left
    shard   89:  20000 done, 32.93 ms/combo, 35 min left
    shard   91:  10000 done, 33.32 ms/combo, 41 min left
    shard   92:  10000 done, 33.75 ms/combo, 41 min left
    shard   93:  10000 done, 33.60 ms/combo, 41 min left
    shard   94:  10000 done, 33.97 ms/combo, 42 min left
    shard   90:  20000 done, 33.33 ms/combo, 35 min left
    shard   95:  10000 done, 34.55 ms/combo, 42 min left
    shard   88:  25000 done, 33.24 ms/combo, 32 min left
    shard   89:  25000 done, 33.26 ms/combo, 32 min left
    shard   91:  15000 done, 34.11 ms/combo, 39 min left
    shard   92:  15000 done, 34.39 ms/combo, 39 min left
    shard   93:  15000 done, 34.34 ms/combo, 39 min left
    shard   94:  15000 done, 34.60 ms/combo, 39 min left
    shard   90:  25000 done, 33.54 ms/combo, 33 min left
    shard   95:  15000 done, 34.89 ms/combo, 40 min left
    shard   88:  30000 done, 33.78 ms/combo, 30 min left
    shard   89:  30000 done, 33.81 ms/combo, 30 min left
    shard   91:  20000 done, 34.30 ms/combo, 36 min left
    shard   92:  20000 done, 34.50 ms/combo, 36 min left
    shard   93:  20000 done, 34.50 ms/combo, 36 min left
    shard   94:  20000 done, 34.63 ms/combo, 37 min left
    shard   95:  20000 done, 34.85 ms/combo, 37 min left
    shard   90:  30000 done, 34.11 ms/combo, 30 min left
    shard   88:  35000 done, 33.79 ms/combo, 27 min left
    shard   89:  35000 done, 33.83 ms/combo, 27 min left
    shard   91:  25000 done, 34.33 ms/combo, 33 min left
    shard   92:  25000 done, 34.55 ms/combo, 34 min left
    shard   93:  25000 done, 34.52 ms/combo, 34 min left
    shard   94:  25000 done, 34.60 ms/combo, 34 min left
    shard   95:  25000 done, 34.75 ms/combo, 34 min left
    shard   90:  35000 done, 34.00 ms/combo, 27 min left
    shard   88:  40000 done, 33.79 ms/combo, 24 min left
    shard   89:  40000 done, 33.79 ms/combo, 24 min left
    shard   91:  30000 done, 34.53 ms/combo, 31 min left
    shard   92:  30000 done, 34.67 ms/combo, 31 min left
    shard   93:  30000 done, 34.65 ms/combo, 31 min left
    shard   94:  30000 done, 34.65 ms/combo, 31 min left
    shard   90:  40000 done, 33.82 ms/combo, 24 min left
    shard   88:  45000 done, 33.70 ms/combo, 22 min left
    shard   95:  30000 done, 34.83 ms/combo, 31 min left
    shard   89:  45000 done, 33.75 ms/combo, 22 min left
    shard   91:  35000 done, 34.28 ms/combo, 28 min left
    shard   92:  35000 done, 34.39 ms/combo, 28 min left
    shard   93:  35000 done, 34.35 ms/combo, 28 min left
    shard   94:  35000 done, 34.39 ms/combo, 28 min left
    shard   90:  45000 done, 33.83 ms/combo, 22 min left
    shard   88:  50000 done, 33.66 ms/combo, 19 min left
    shard   95:  35000 done, 34.55 ms/combo, 28 min left
    shard   89:  50000 done, 33.71 ms/combo, 19 min left
    shard   91:  40000 done, 34.13 ms/combo, 25 min left
    shard   92:  40000 done, 34.25 ms/combo, 25 min left
    shard   93:  40000 done, 34.19 ms/combo, 25 min left
    shard   94:  40000 done, 34.26 ms/combo, 25 min left
    shard   90:  50000 done, 33.79 ms/combo, 19 min left
    shard   88:  55000 done, 33.69 ms/combo, 16 min left
    shard   95:  40000 done, 34.43 ms/combo, 25 min left
    shard   89:  55000 done, 33.70 ms/combo, 16 min left
    shard   91:  45000 done, 34.12 ms/combo, 22 min left
    shard   92:  45000 done, 34.23 ms/combo, 22 min left
    shard   93:  45000 done, 34.16 ms/combo, 22 min left
    shard   94:  45000 done, 34.23 ms/combo, 22 min left
    shard   90:  55000 done, 33.81 ms/combo, 16 min left
    shard   88:  60000 done, 33.77 ms/combo, 13 min left
    shard   95:  45000 done, 34.43 ms/combo, 22 min left
    shard   89:  60000 done, 33.80 ms/combo, 13 min left
    shard   91:  50000 done, 34.18 ms/combo, 19 min left
    shard   92:  50000 done, 34.32 ms/combo, 19 min left
    shard   93:  50000 done, 34.25 ms/combo, 19 min left
    shard   94:  50000 done, 34.53 ms/combo, 19 min left
    shard   90:  60000 done, 34.15 ms/combo, 13 min left
    shard   95:  50000 done, 34.67 ms/combo, 19 min left
    shard   88:  65000 done, 34.05 ms/combo, 10 min left
    shard   89:  65000 done, 33.99 ms/combo, 10 min left
    shard   91:  55000 done, 34.14 ms/combo, 16 min left
    shard   92:  55000 done, 34.24 ms/combo, 16 min left
    shard   93:  55000 done, 34.14 ms/combo, 16 min left
    shard   94:  55000 done, 34.12 ms/combo, 16 min left
    shard   90:  65000 done, 33.86 ms/combo, 10 min left
    shard   95:  55000 done, 34.26 ms/combo, 16 min left
    shard   88:  70000 done, 33.88 ms/combo, 8 min left
    shard   89:  70000 done, 33.81 ms/combo, 8 min left
    shard   91:  60000 done, 33.80 ms/combo, 13 min left
    shard   92:  60000 done, 33.90 ms/combo, 13 min left
    shard   93:  60000 done, 33.78 ms/combo, 13 min left
    shard   94:  60000 done, 33.80 ms/combo, 13 min left
    shard   90:  70000 done, 33.68 ms/combo, 8 min left
    shard   95:  60000 done, 33.95 ms/combo, 13 min left
    shard   88:  75000 done, 33.61 ms/combo, 5 min left
    shard   89:  75000 done, 33.55 ms/combo, 5 min left
    shard   91:  65000 done, 33.51 ms/combo, 10 min left
    shard   92:  65000 done, 33.64 ms/combo, 10 min left
    shard   93:  65000 done, 33.51 ms/combo, 10 min left
    shard   94:  65000 done, 33.49 ms/combo, 10 min left
    shard   90:  75000 done, 33.40 ms/combo, 5 min left
    shard   95:  65000 done, 33.63 ms/combo, 10 min left
    shard   88:  80000 done, 33.34 ms/combo, 2 min left
    shard   89:  80000 done, 33.27 ms/combo, 2 min left
    shard   91:  70000 done, 33.31 ms/combo, 7 min left
    shard   92:  70000 done, 33.42 ms/combo, 7 min left
    shard   93:  70000 done, 33.28 ms/combo, 7 min left
  shard   88:    83417 seen | eligible  67390/ 55716 | survivors  4388/ 1315  (trend/chop)
    shard   94:  70000 done, 33.26 ms/combo, 7 min left
  shard   89:    83417 seen | eligible  67343/ 55658 | survivors  4360/ 1272  (trend/chop)
    shard   90:  80000 done, 33.12 ms/combo, 2 min left
    shard   95:  70000 done, 33.41 ms/combo, 7 min left
    shard   91:  75000 done, 32.97 ms/combo, 5 min left
    shard   92:  75000 done, 33.09 ms/combo, 5 min left
    shard   93:  75000 done, 32.93 ms/combo, 5 min left
  shard   90:    83417 seen | eligible  67356/ 55771 | survivors  4401/ 1289  (trend/chop)
    shard   94:  75000 done, 32.89 ms/combo, 5 min left
    shard   95:  75000 done, 33.03 ms/combo, 5 min left
    shard   91:  80000 done, 32.64 ms/combo, 2 min left
    shard   92:  80000 done, 32.76 ms/combo, 2 min left
    shard   93:  80000 done, 32.61 ms/combo, 2 min left
    shard   94:  80000 done, 32.58 ms/combo, 2 min left
    shard   96:   5000 done, 27.48 ms/combo, 36 min left
    shard   97:   5000 done, 27.32 ms/combo, 36 min left
    shard   95:  80000 done, 32.74 ms/combo, 2 min left
  shard   91:    83417 seen | eligible  67364/ 55732 | survivors  4420/ 1305  (trend/chop)
  shard   92:    83417 seen | eligible  67394/ 55708 | survivors  4400/ 1270  (trend/chop)
  shard   93:    83417 seen | eligible  67367/ 55674 | survivors  4359/ 1268  (trend/chop)
  shard   94:    83417 seen | eligible  67388/ 55808 | survivors  4376/ 1293  (trend/chop)
  shard   95:    83417 seen | eligible  67400/ 55754 | survivors  4369/ 1284  (trend/chop)
    shard   98:   5000 done, 25.99 ms/combo, 34 min left
    shard   96:  10000 done, 27.79 ms/combo, 34 min left
    shard   97:  10000 done, 27.25 ms/combo, 33 min left
    shard   98:  10000 done, 29.90 ms/combo, 37 min left
    shard   96:  15000 done, 29.69 ms/combo, 34 min left
    shard   97:  15000 done, 30.07 ms/combo, 34 min left
    shard   99:   5000 done, 35.00 ms/combo, 46 min left
    shard  100:   5000 done, 35.03 ms/combo, 46 min left
    shard  101:   5000 done, 34.27 ms/combo, 45 min left
    shard  102:   5000 done, 34.26 ms/combo, 45 min left
    shard  103:   5000 done, 33.99 ms/combo, 44 min left
    shard   96:  20000 done, 31.13 ms/combo, 33 min left
    shard   98:  15000 done, 32.22 ms/combo, 37 min left
    shard   97:  20000 done, 31.45 ms/combo, 33 min left
    shard   99:  10000 done, 35.55 ms/combo, 43 min left
    shard  100:  10000 done, 67.10 ms/combo, 82 min left
    shard  101:  10000 done, 66.73 ms/combo, 82 min left
    shard  102:  10000 done, 65.01 ms/combo, 80 min left
    shard  103:  10000 done, 62.55 ms/combo, 77 min left
    shard   96:  25000 done, 42.54 ms/combo, 41 min left
    shard   98:  20000 done, 46.10 ms/combo, 49 min left
    shard   97:  25000 done, 41.98 ms/combo, 41 min left
    shard   99:  15000 done, 51.24 ms/combo, 58 min left
    shard  100:  15000 done, 50.61 ms/combo, 58 min left
    shard  101:  15000 done, 49.90 ms/combo, 57 min left
    shard  102:  15000 done, 48.51 ms/combo, 55 min left
    shard  103:  15000 done, 46.97 ms/combo, 54 min left
    shard   98:  25000 done, 39.93 ms/combo, 39 min left
    shard   96:  30000 done, 38.15 ms/combo, 34 min left
    shard   97:  30000 done, 37.73 ms/combo, 34 min left
    shard   99:  20000 done, 42.32 ms/combo, 45 min left
    shard  100:  20000 done, 41.83 ms/combo, 44 min left
    shard  101:  20000 done, 41.30 ms/combo, 44 min left
    shard  102:  20000 done, 40.28 ms/combo, 43 min left
    shard  103:  20000 done, 41.46 ms/combo, 44 min left
    shard   96:  35000 done, 36.26 ms/combo, 29 min left
    shard   98:  30000 done, 38.03 ms/combo, 34 min left
    shard   97:  35000 done, 36.80 ms/combo, 30 min left
    shard   99:  25000 done, 40.86 ms/combo, 40 min left
    shard  100:  25000 done, 40.89 ms/combo, 40 min left
    shard  101:  25000 done, 40.62 ms/combo, 40 min left
    shard  102:  25000 done, 40.77 ms/combo, 40 min left
    shard  103:  25000 done, 40.92 ms/combo, 40 min left
    shard   96:  40000 done, 36.52 ms/combo, 26 min left
    shard   98:  35000 done, 37.85 ms/combo, 31 min left
    shard   97:  40000 done, 36.70 ms/combo, 27 min left
    shard   99:  30000 done, 40.47 ms/combo, 36 min left
    shard  100:  30000 done, 40.48 ms/combo, 36 min left
    shard  101:  30000 done, 40.18 ms/combo, 36 min left
    shard  102:  30000 done, 40.23 ms/combo, 36 min left
    shard   96:  45000 done, 36.38 ms/combo, 23 min left
    shard   98:  40000 done, 37.46 ms/combo, 27 min left
    shard  103:  30000 done, 40.39 ms/combo, 36 min left
    shard   97:  45000 done, 36.55 ms/combo, 23 min left
    shard   99:  35000 done, 39.77 ms/combo, 32 min left
    shard  100:  35000 done, 39.84 ms/combo, 32 min left
    shard  101:  35000 done, 39.60 ms/combo, 32 min left
    shard  102:  35000 done, 39.70 ms/combo, 32 min left
    shard   96:  50000 done, 36.60 ms/combo, 20 min left
    shard   98:  45000 done, 37.68 ms/combo, 24 min left
    shard  103:  35000 done, 40.12 ms/combo, 32 min left
    shard   97:  50000 done, 36.86 ms/combo, 21 min left
    shard   99:  40000 done, 39.79 ms/combo, 29 min left
    shard  100:  40000 done, 39.89 ms/combo, 29 min left
    shard  101:  40000 done, 39.66 ms/combo, 29 min left
    shard  102:  40000 done, 39.26 ms/combo, 28 min left
    shard   96:  55000 done, 35.98 ms/combo, 17 min left
    shard   98:  50000 done, 36.75 ms/combo, 20 min left
    shard  103:  40000 done, 38.61 ms/combo, 28 min left
    shard   97:  55000 done, 35.71 ms/combo, 17 min left
    shard   99:  45000 done, 37.32 ms/combo, 24 min left
    shard  100:  45000 done, 37.08 ms/combo, 24 min left
    shard  101:  45000 done, 36.81 ms/combo, 24 min left
    shard  102:  45000 done, 36.20 ms/combo, 23 min left
    shard   96:  60000 done, 33.96 ms/combo, 13 min left
    shard   98:  55000 done, 34.47 ms/combo, 16 min left
    shard  103:  45000 done, 35.62 ms/combo, 23 min left
    shard   97:  60000 done, 33.72 ms/combo, 13 min left
    shard   99:  50000 done, 34.73 ms/combo, 19 min left
    shard  100:  50000 done, 34.52 ms/combo, 19 min left
    shard  101:  50000 done, 34.28 ms/combo, 19 min left
    shard  102:  50000 done, 33.74 ms/combo, 19 min left
    shard   96:  65000 done, 32.25 ms/combo, 10 min left
    shard  103:  50000 done, 33.21 ms/combo, 18 min left
    shard   98:  60000 done, 32.58 ms/combo, 13 min left
    shard   97:  65000 done, 32.01 ms/combo, 10 min left
    shard   99:  55000 done, 32.59 ms/combo, 15 min left
    shard  100:  55000 done, 32.39 ms/combo, 15 min left
    shard  101:  55000 done, 32.18 ms/combo, 15 min left
    shard  102:  55000 done, 31.66 ms/combo, 15 min left
    shard  103:  55000 done, 31.18 ms/combo, 15 min left
    shard   98:  65000 done, 30.94 ms/combo, 9 min left
    shard   96:  70000 done, 30.78 ms/combo, 7 min left
    shard   97:  70000 done, 30.55 ms/combo, 7 min left
    shard   99:  60000 done, 30.80 ms/combo, 12 min left
    shard  100:  60000 done, 30.61 ms/combo, 12 min left
    shard  101:  60000 done, 30.42 ms/combo, 12 min left
    shard  102:  60000 done, 29.95 ms/combo, 12 min left
    shard  103:  60000 done, 29.51 ms/combo, 12 min left
    shard   96:  75000 done, 29.47 ms/combo, 4 min left
    shard   98:  70000 done, 29.56 ms/combo, 7 min left
    shard   97:  75000 done, 29.25 ms/combo, 4 min left
    shard   99:  65000 done, 29.29 ms/combo, 9 min left
    shard  100:  65000 done, 29.12 ms/combo, 9 min left
    shard  101:  65000 done, 28.94 ms/combo, 9 min left
    shard  102:  65000 done, 28.50 ms/combo, 9 min left
    shard  103:  65000 done, 28.09 ms/combo, 9 min left
    shard   96:  80000 done, 28.30 ms/combo, 2 min left
    shard   98:  75000 done, 28.33 ms/combo, 4 min left
    shard   97:  80000 done, 28.11 ms/combo, 2 min left
    shard   99:  70000 done, 28.02 ms/combo, 6 min left
    shard  100:  70000 done, 27.86 ms/combo, 6 min left
    shard  101:  70000 done, 27.70 ms/combo, 6 min left
  shard   96:    83417 seen | eligible  67387/ 55749 | survivors  4381/ 1304  (trend/chop)
    shard  102:  70000 done, 27.29 ms/combo, 6 min left
  shard   97:    83417 seen | eligible  67344/ 55678 | survivors  4292/ 1296  (trend/chop)
    shard  103:  70000 done, 26.91 ms/combo, 6 min left
    shard   98:  80000 done, 27.24 ms/combo, 2 min left
    shard   99:  75000 done, 26.88 ms/combo, 4 min left
    shard  100:  75000 done, 26.72 ms/combo, 4 min left
    shard  101:  75000 done, 26.57 ms/combo, 4 min left
    shard  102:  75000 done, 26.19 ms/combo, 4 min left
  shard   98:    83417 seen | eligible  67383/ 55821 | survivors  4330/ 1280  (trend/chop)
    shard  103:  75000 done, 25.82 ms/combo, 4 min left
    shard   99:  80000 done, 25.86 ms/combo, 1 min left
    shard  100:  80000 done, 25.71 ms/combo, 1 min left
    shard  101:  80000 done, 25.57 ms/combo, 1 min left
    shard  102:  80000 done, 25.21 ms/combo, 1 min left
    shard  104:   5000 done, 10.30 ms/combo, 13 min left
    shard  103:  80000 done, 24.87 ms/combo, 1 min left
  shard   99:    83417 seen | eligible  67430/ 55784 | survivors  4326/ 1311  (trend/chop)
    shard  105:   5000 done, 10.39 ms/combo, 14 min left
  shard  100:    83417 seen | eligible  67396/ 55758 | survivors  4395/ 1299  (trend/chop)
  shard  101:    83417 seen | eligible  67403/ 55718 | survivors  4309/ 1239  (trend/chop)
  shard  102:    83417 seen | eligible  67423/ 55829 | survivors  4322/ 1291  (trend/chop)
  shard  103:    83417 seen | eligible  67451/ 55812 | survivors  4330/ 1322  (trend/chop)
    shard  104:  10000 done, 10.59 ms/combo, 13 min left
    shard  106:   5000 done, 9.95 ms/combo, 13 min left
    shard  105:  10000 done, 10.57 ms/combo, 13 min left
    shard  104:  15000 done, 10.63 ms/combo, 12 min left
    shard  106:  10000 done, 10.58 ms/combo, 13 min left
    shard  105:  15000 done, 10.80 ms/combo, 12 min left
    shard  107:   5000 done, 10.68 ms/combo, 14 min left
    shard  108:   5000 done, 10.71 ms/combo, 14 min left
    shard  109:   5000 done, 10.74 ms/combo, 14 min left
    shard  110:   5000 done, 10.96 ms/combo, 14 min left
    shard  111:   5000 done, 10.88 ms/combo, 14 min left
    shard  104:  20000 done, 10.75 ms/combo, 11 min left
    shard  106:  15000 done, 10.85 ms/combo, 12 min left
    shard  105:  20000 done, 10.83 ms/combo, 11 min left
    shard  107:  10000 done, 11.11 ms/combo, 14 min left
    shard  108:  10000 done, 11.11 ms/combo, 14 min left
    shard  109:  10000 done, 11.11 ms/combo, 14 min left
    shard  110:  10000 done, 11.25 ms/combo, 14 min left
    shard  104:  25000 done, 10.77 ms/combo, 10 min left
    shard  111:  10000 done, 11.23 ms/combo, 14 min left
    shard  106:  20000 done, 10.90 ms/combo, 12 min left
    shard  105:  25000 done, 10.86 ms/combo, 11 min left
    shard  107:  15000 done, 11.21 ms/combo, 13 min left
    shard  108:  15000 done, 11.22 ms/combo, 13 min left
    shard  109:  15000 done, 11.20 ms/combo, 13 min left
    shard  110:  15000 done, 11.33 ms/combo, 13 min left
    shard  104:  30000 done, 10.93 ms/combo, 10 min left
    shard  111:  15000 done, 11.29 ms/combo, 13 min left
    shard  106:  25000 done, 10.92 ms/combo, 11 min left
    shard  105:  30000 done, 11.02 ms/combo, 10 min left
    shard  107:  20000 done, 11.15 ms/combo, 12 min left
    shard  108:  20000 done, 11.16 ms/combo, 12 min left
    shard  109:  20000 done, 11.15 ms/combo, 12 min left
    shard  110:  20000 done, 11.25 ms/combo, 12 min left
    shard  104:  35000 done, 10.91 ms/combo, 9 min left
    shard  111:  20000 done, 11.24 ms/combo, 12 min left
    shard  106:  30000 done, 11.07 ms/combo, 10 min left
    shard  105:  35000 done, 10.98 ms/combo, 9 min left
    shard  107:  25000 done, 11.11 ms/combo, 11 min left
    shard  108:  25000 done, 11.12 ms/combo, 11 min left
    shard  109:  25000 done, 11.12 ms/combo, 11 min left
    shard  110:  25000 done, 11.20 ms/combo, 11 min left
    shard  104:  40000 done, 10.90 ms/combo, 8 min left
    shard  111:  25000 done, 11.21 ms/combo, 11 min left
    shard  106:  35000 done, 11.04 ms/combo, 9 min left
    shard  105:  40000 done, 10.97 ms/combo, 8 min left
    shard  107:  30000 done, 11.24 ms/combo, 10 min left
    shard  108:  30000 done, 11.25 ms/combo, 10 min left
    shard  109:  30000 done, 11.22 ms/combo, 10 min left
    shard  110:  30000 done, 11.30 ms/combo, 10 min left
    shard  104:  45000 done, 10.90 ms/combo, 7 min left
    shard  111:  30000 done, 11.30 ms/combo, 10 min left
    shard  106:  40000 done, 11.03 ms/combo, 8 min left
    shard  105:  45000 done, 10.98 ms/combo, 7 min left
    shard  107:  35000 done, 11.16 ms/combo, 9 min left
    shard  108:  35000 done, 11.16 ms/combo, 9 min left
    shard  109:  35000 done, 11.15 ms/combo, 9 min left
    shard  110:  35000 done, 11.23 ms/combo, 9 min left
    shard  104:  50000 done, 10.90 ms/combo, 6 min left
    shard  111:  35000 done, 11.23 ms/combo, 9 min left
    shard  106:  45000 done, 11.02 ms/combo, 7 min left
    shard  105:  50000 done, 10.97 ms/combo, 6 min left
    shard  107:  40000 done, 11.12 ms/combo, 8 min left
    shard  108:  40000 done, 11.12 ms/combo, 8 min left
    shard  109:  40000 done, 11.11 ms/combo, 8 min left
    shard  110:  40000 done, 11.18 ms/combo, 8 min left
    shard  104:  55000 done, 10.91 ms/combo, 5 min left
    shard  111:  40000 done, 11.19 ms/combo, 8 min left
    shard  106:  50000 done, 11.01 ms/combo, 6 min left
    shard  105:  55000 done, 10.97 ms/combo, 5 min left
    shard  107:  45000 done, 11.10 ms/combo, 7 min left
    shard  108:  45000 done, 11.10 ms/combo, 7 min left
    shard  109:  45000 done, 11.09 ms/combo, 7 min left
    shard  110:  45000 done, 11.16 ms/combo, 7 min left
    shard  104:  60000 done, 10.93 ms/combo, 4 min left
    shard  111:  45000 done, 11.17 ms/combo, 7 min left
    shard  106:  55000 done, 11.01 ms/combo, 5 min left
    shard  105:  60000 done, 10.98 ms/combo, 4 min left
    shard  107:  50000 done, 11.09 ms/combo, 6 min left
    shard  108:  50000 done, 11.07 ms/combo, 6 min left
    shard  109:  50000 done, 11.08 ms/combo, 6 min left
    shard  110:  50000 done, 11.13 ms/combo, 6 min left
    shard  104:  65000 done, 10.94 ms/combo, 3 min left
    shard  111:  50000 done, 11.13 ms/combo, 6 min left
    shard  106:  60000 done, 11.02 ms/combo, 4 min left
    shard  105:  65000 done, 10.98 ms/combo, 3 min left
    shard  107:  55000 done, 11.07 ms/combo, 5 min left
    shard  108:  55000 done, 11.06 ms/combo, 5 min left
    shard  109:  55000 done, 11.06 ms/combo, 5 min left
    shard  110:  55000 done, 11.11 ms/combo, 5 min left
    shard  104:  70000 done, 10.99 ms/combo, 2 min left
    shard  111:  55000 done, 11.11 ms/combo, 5 min left
    shard  106:  65000 done, 11.03 ms/combo, 3 min left
    shard  105:  70000 done, 11.02 ms/combo, 2 min left
    shard  107:  60000 done, 11.08 ms/combo, 4 min left
    shard  108:  60000 done, 11.05 ms/combo, 4 min left
    shard  109:  60000 done, 11.06 ms/combo, 4 min left
    shard  110:  60000 done, 11.10 ms/combo, 4 min left
    shard  104:  75000 done, 10.98 ms/combo, 2 min left
    shard  111:  60000 done, 11.10 ms/combo, 4 min left
    shard  106:  70000 done, 11.06 ms/combo, 2 min left
    shard  105:  75000 done, 11.01 ms/combo, 2 min left
    shard  107:  65000 done, 11.07 ms/combo, 3 min left
    shard  108:  65000 done, 11.04 ms/combo, 3 min left
    shard  109:  65000 done, 11.05 ms/combo, 3 min left
    shard  110:  65000 done, 11.09 ms/combo, 3 min left
    shard  104:  80000 done, 10.97 ms/combo, 1 min left
    shard  111:  65000 done, 11.09 ms/combo, 3 min left
    shard  106:  75000 done, 11.05 ms/combo, 2 min left
    shard  105:  80000 done, 11.00 ms/combo, 1 min left
    shard  107:  70000 done, 11.10 ms/combo, 2 min left
    shard  108:  70000 done, 11.06 ms/combo, 2 min left
    shard  109:  70000 done, 11.08 ms/combo, 2 min left
  shard  104:    83417 seen | eligible  67425/ 55802 | survivors  4430/ 1258  (trend/chop)
    shard  110:  70000 done, 11.11 ms/combo, 2 min left
  shard  105:    83417 seen | eligible  67408/ 55718 | survivors  4335/ 1240  (trend/chop)
    shard  111:  70000 done, 11.11 ms/combo, 2 min left
    shard  106:  80000 done, 11.03 ms/combo, 1 min left
    shard  107:  75000 done, 11.07 ms/combo, 2 min left
    shard  108:  75000 done, 11.04 ms/combo, 2 min left
    shard  109:  75000 done, 11.05 ms/combo, 2 min left
    shard  110:  75000 done, 11.07 ms/combo, 2 min left
  shard  106:    83417 seen | eligible  67431/ 55851 | survivors  4285/ 1253  (trend/chop)
    shard  111:  75000 done, 11.07 ms/combo, 2 min left
    shard  107:  80000 done, 11.04 ms/combo, 1 min left
    shard  108:  80000 done, 11.01 ms/combo, 1 min left
    shard  109:  80000 done, 11.02 ms/combo, 1 min left
    shard  110:  80000 done, 11.04 ms/combo, 1 min left
    shard  112:   5000 done, 10.37 ms/combo, 14 min left
  shard  107:    83417 seen | eligible  67468/ 55801 | survivors  4403/ 1296  (trend/chop)
    shard  111:  80000 done, 11.04 ms/combo, 1 min left
  shard  108:    83417 seen | eligible  67436/ 55803 | survivors  4408/ 1255  (trend/chop)
    shard  113:   5000 done, 10.42 ms/combo, 14 min left
  shard  109:    83417 seen | eligible  67394/ 55724 | survivors  4332/ 1264  (trend/chop)
  shard  110:    83417 seen | eligible  67424/ 55845 | survivors  4254/ 1290  (trend/chop)
  shard  111:    83417 seen | eligible  67444/ 55801 | survivors  4340/ 1238  (trend/chop)
    shard  112:  10000 done, 10.63 ms/combo, 13 min left
    shard  113:  10000 done, 10.55 ms/combo, 13 min left
    shard  114:   5000 done, 9.82 ms/combo, 13 min left
    shard  112:  15000 done, 10.62 ms/combo, 12 min left
    shard  113:  15000 done, 10.66 ms/combo, 12 min left
    shard  114:  10000 done, 10.46 ms/combo, 13 min left
    shard  115:   5000 done, 10.30 ms/combo, 13 min left
    shard  116:   5000 done, 10.39 ms/combo, 14 min left
    shard  117:   5000 done, 10.26 ms/combo, 13 min left
    shard  118:   5000 done, 10.47 ms/combo, 14 min left
    shard  112:  20000 done, 10.65 ms/combo, 11 min left
    shard  119:   5000 done, 10.55 ms/combo, 14 min left
    shard  113:  20000 done, 10.66 ms/combo, 11 min left
    shard  114:  15000 done, 10.70 ms/combo, 12 min left
    shard  115:  10000 done, 10.88 ms/combo, 13 min left
    shard  116:  10000 done, 10.90 ms/combo, 13 min left
    shard  117:  10000 done, 10.86 ms/combo, 13 min left
    shard  118:  10000 done, 10.97 ms/combo, 13 min left
    shard  112:  25000 done, 10.69 ms/combo, 10 min left
    shard  119:  10000 done, 11.06 ms/combo, 14 min left
    shard  113:  25000 done, 10.73 ms/combo, 10 min left
    shard  114:  20000 done, 10.77 ms/combo, 11 min left
    shard  115:  15000 done, 11.09 ms/combo, 13 min left
    shard  116:  15000 done, 11.08 ms/combo, 13 min left
    shard  117:  15000 done, 11.08 ms/combo, 13 min left
    shard  118:  15000 done, 11.14 ms/combo, 13 min left
    shard  112:  30000 done, 10.86 ms/combo, 10 min left
    shard  119:  15000 done, 11.15 ms/combo, 13 min left
    shard  114:  25000 done, 10.75 ms/combo, 10 min left
    shard  113:  30000 done, 10.86 ms/combo, 10 min left
    shard  115:  20000 done, 10.96 ms/combo, 12 min left
    shard  116:  20000 done, 10.95 ms/combo, 12 min left
    shard  117:  20000 done, 10.91 ms/combo, 12 min left
    shard  118:  20000 done, 10.87 ms/combo, 11 min left
    shard  112:  35000 done, 10.72 ms/combo, 9 min left
    shard  119:  20000 done, 10.96 ms/combo, 12 min left
    shard  113:  35000 done, 10.74 ms/combo, 9 min left
    shard  114:  30000 done, 10.78 ms/combo, 10 min left
    shard  115:  25000 done, 10.82 ms/combo, 11 min left
    shard  116:  25000 done, 10.79 ms/combo, 11 min left
    shard  117:  25000 done, 10.75 ms/combo, 10 min left
    shard  118:  25000 done, 10.77 ms/combo, 10 min left
    shard  112:  40000 done, 10.64 ms/combo, 8 min left
    shard  119:  25000 done, 10.78 ms/combo, 10 min left
    shard  113:  40000 done, 10.65 ms/combo, 8 min left
    shard  114:  35000 done, 10.65 ms/combo, 9 min left
    shard  115:  30000 done, 10.83 ms/combo, 10 min left
    shard  116:  30000 done, 10.80 ms/combo, 10 min left
    shard  117:  30000 done, 10.76 ms/combo, 10 min left
    shard  118:  30000 done, 10.75 ms/combo, 10 min left
    shard  112:  45000 done, 10.55 ms/combo, 7 min left
    shard  119:  30000 done, 10.71 ms/combo, 10 min left
    shard  113:  45000 done, 10.53 ms/combo, 7 min left
    shard  114:  40000 done, 10.50 ms/combo, 8 min left
    shard  115:  35000 done, 10.59 ms/combo, 9 min left
    shard  116:  35000 done, 10.55 ms/combo, 9 min left
    shard  117:  35000 done, 10.51 ms/combo, 8 min left
    shard  118:  35000 done, 10.51 ms/combo, 8 min left
    shard  112:  50000 done, 10.42 ms/combo, 6 min left
    shard  119:  35000 done, 10.47 ms/combo, 8 min left
    shard  113:  50000 done, 10.40 ms/combo, 6 min left
    shard  114:  45000 done, 10.38 ms/combo, 7 min left
    shard  115:  40000 done, 10.41 ms/combo, 8 min left
    shard  116:  40000 done, 10.37 ms/combo, 8 min left
    shard  117:  40000 done, 10.34 ms/combo, 7 min left
    shard  118:  40000 done, 10.33 ms/combo, 7 min left
    shard  112:  55000 done, 10.31 ms/combo, 5 min left
    shard  119:  40000 done, 10.31 ms/combo, 7 min left
    shard  113:  55000 done, 10.29 ms/combo, 5 min left
    shard  114:  50000 done, 10.26 ms/combo, 6 min left
    shard  115:  45000 done, 10.28 ms/combo, 7 min left
    shard  116:  45000 done, 10.25 ms/combo, 7 min left
    shard  117:  45000 done, 10.22 ms/combo, 7 min left
    shard  118:  45000 done, 10.22 ms/combo, 7 min left
    shard  112:  60000 done, 10.23 ms/combo, 4 min left
    shard  119:  45000 done, 10.20 ms/combo, 7 min left
    shard  113:  60000 done, 10.23 ms/combo, 4 min left
    shard  114:  55000 done, 10.19 ms/combo, 5 min left
    shard  115:  50000 done, 10.19 ms/combo, 6 min left
    shard  116:  50000 done, 10.15 ms/combo, 6 min left
    shard  117:  50000 done, 10.14 ms/combo, 6 min left
    shard  118:  50000 done, 10.13 ms/combo, 6 min left
    shard  112:  65000 done, 10.18 ms/combo, 3 min left
    shard  119:  50000 done, 10.12 ms/combo, 6 min left
    shard  113:  65000 done, 10.17 ms/combo, 3 min left
    shard  114:  60000 done, 10.13 ms/combo, 4 min left
    shard  116:  55000 done, 10.08 ms/combo, 5 min left
    shard  115:  55000 done, 10.12 ms/combo, 5 min left
    shard  117:  55000 done, 10.07 ms/combo, 5 min left
    shard  118:  55000 done, 10.06 ms/combo, 5 min left
    shard  112:  70000 done, 10.16 ms/combo, 2 min left
    shard  119:  55000 done, 10.05 ms/combo, 5 min left
    shard  113:  70000 done, 10.16 ms/combo, 2 min left
    shard  114:  65000 done, 10.09 ms/combo, 3 min left
    shard  115:  60000 done, 10.06 ms/combo, 4 min left
    shard  116:  60000 done, 10.03 ms/combo, 4 min left
    shard  117:  60000 done, 10.02 ms/combo, 4 min left
    shard  118:  60000 done, 10.01 ms/combo, 4 min left
    shard  112:  75000 done, 10.13 ms/combo, 1 min left
    shard  119:  60000 done, 10.04 ms/combo, 4 min left
    shard  113:  75000 done, 10.14 ms/combo, 1 min left
    shard  114:  70000 done, 10.13 ms/combo, 2 min left
    shard  115:  65000 done, 10.07 ms/combo, 3 min left
    shard  116:  65000 done, 10.04 ms/combo, 3 min left
    shard  117:  65000 done, 10.04 ms/combo, 3 min left
    shard  118:  65000 done, 10.04 ms/combo, 3 min left
    shard  112:  80000 done, 10.14 ms/combo, 1 min left
    shard  119:  65000 done, 10.06 ms/combo, 3 min left
    shard  113:  80000 done, 10.15 ms/combo, 1 min left
    shard  114:  75000 done, 10.13 ms/combo, 1 min left
    shard  115:  70000 done, 10.11 ms/combo, 2 min left
    shard  116:  70000 done, 10.09 ms/combo, 2 min left
    shard  117:  70000 done, 10.09 ms/combo, 2 min left
  shard  112:    83417 seen | eligible  67441/ 55794 | survivors  4328/ 1215  (trend/chop)
    shard  118:  70000 done, 10.10 ms/combo, 2 min left
  shard  113:    83417 seen | eligible  67402/ 55713 | survivors  4344/ 1275  (trend/chop)
    shard  119:  70000 done, 10.12 ms/combo, 2 min left
    shard  114:  80000 done, 10.14 ms/combo, 1 min left
    shard  115:  75000 done, 10.11 ms/combo, 1 min left
    shard  116:  75000 done, 10.09 ms/combo, 1 min left
    shard  117:  75000 done, 10.09 ms/combo, 1 min left
    shard  118:  75000 done, 10.08 ms/combo, 1 min left
  shard  114:    83417 seen | eligible  67410/ 55830 | survivors  4289/ 1249  (trend/chop)
    shard  119:  75000 done, 10.08 ms/combo, 1 min left
    shard  115:  80000 done, 10.08 ms/combo, 1 min left
    shard  116:  80000 done, 10.06 ms/combo, 1 min left
    shard  117:  80000 done, 10.07 ms/combo, 1 min left
    shard  118:  80000 done, 10.07 ms/combo, 1 min left
    shard  120:   5000 done, 9.67 ms/combo, 13 min left
  shard  115:    83417 seen | eligible  67449/ 55787 | survivors  4296/ 1267  (trend/chop)
  shard  116:    83417 seen | eligible  67429/ 55763 | survivors  4363/ 1287  (trend/chop)
    shard  121:   5000 done, 9.82 ms/combo, 13 min left
    shard  119:  80000 done, 10.08 ms/combo, 1 min left
  shard  117:    83417 seen | eligible  67423/ 55750 | survivors  4298/ 1220  (trend/chop)
  shard  118:    83417 seen | eligible  67418/ 55850 | survivors  4284/ 1275  (trend/chop)
  shard  119:    83417 seen | eligible  67439/ 55794 | survivors  4316/ 1297  (trend/chop)
    shard  120:  10000 done, 9.91 ms/combo, 12 min left
    shard  121:  10000 done, 9.89 ms/combo, 12 min left
    shard  122:   5000 done, 9.10 ms/combo, 12 min left
    shard  120:  15000 done, 9.92 ms/combo, 11 min left
    shard  121:  15000 done, 9.98 ms/combo, 11 min left
    shard  124:   5000 done, 9.63 ms/combo, 13 min left
    shard  123:   5000 done, 9.73 ms/combo, 13 min left
    shard  122:  10000 done, 9.84 ms/combo, 12 min left
    shard  125:   5000 done, 9.79 ms/combo, 13 min left
    shard  126:   5000 done, 9.83 ms/combo, 13 min left
    shard  120:  20000 done, 9.96 ms/combo, 11 min left
    shard  127:   5000 done, 9.95 ms/combo, 13 min left
    shard  121:  20000 done, 10.01 ms/combo, 11 min left
    shard  124:  10000 done, 10.15 ms/combo, 12 min left
    shard  123:  10000 done, 10.22 ms/combo, 13 min left
    shard  122:  15000 done, 10.07 ms/combo, 11 min left
    shard  125:  10000 done, 10.23 ms/combo, 13 min left
    shard  126:  10000 done, 10.27 ms/combo, 13 min left
    shard  120:  25000 done, 9.98 ms/combo, 10 min left
    shard  127:  10000 done, 10.37 ms/combo, 13 min left
    shard  121:  25000 done, 10.04 ms/combo, 10 min left
    shard  124:  15000 done, 10.31 ms/combo, 12 min left
    shard  123:  15000 done, 10.36 ms/combo, 12 min left
    shard  122:  20000 done, 10.11 ms/combo, 11 min left
    shard  125:  15000 done, 10.38 ms/combo, 12 min left
    shard  126:  15000 done, 10.39 ms/combo, 12 min left
    shard  120:  30000 done, 10.14 ms/combo, 9 min left
    shard  127:  15000 done, 10.42 ms/combo, 12 min left
    shard  121:  30000 done, 10.17 ms/combo, 9 min left
    shard  124:  20000 done, 10.27 ms/combo, 11 min left
    shard  123:  20000 done, 10.33 ms/combo, 11 min left
    shard  122:  25000 done, 10.12 ms/combo, 10 min left
    shard  125:  20000 done, 10.33 ms/combo, 11 min left
    shard  126:  20000 done, 10.33 ms/combo, 11 min left
    shard  120:  35000 done, 10.11 ms/combo, 8 min left
    shard  127:  20000 done, 10.40 ms/combo, 11 min left
    shard  121:  35000 done, 10.15 ms/combo, 8 min left
    shard  124:  25000 done, 10.27 ms/combo, 10 min left
    shard  123:  25000 done, 10.32 ms/combo, 10 min left
    shard  122:  30000 done, 10.27 ms/combo, 9 min left
    shard  125:  25000 done, 10.31 ms/combo, 10 min left
    shard  126:  25000 done, 10.30 ms/combo, 10 min left
    shard  120:  40000 done, 10.10 ms/combo, 7 min left
    shard  127:  25000 done, 10.33 ms/combo, 10 min left
    shard  121:  40000 done, 10.14 ms/combo, 7 min left
    shard  124:  30000 done, 10.35 ms/combo, 9 min left
    shard  122:  35000 done, 10.21 ms/combo, 8 min left
    shard  123:  30000 done, 10.41 ms/combo, 9 min left
    shard  125:  30000 done, 10.40 ms/combo, 9 min left
    shard  126:  30000 done, 10.40 ms/combo, 9 min left
    shard  120:  45000 done, 10.10 ms/combo, 6 min left
    shard  127:  30000 done, 10.41 ms/combo, 9 min left
    shard  121:  45000 done, 10.13 ms/combo, 6 min left
    shard  124:  35000 done, 10.28 ms/combo, 8 min left
    shard  122:  40000 done, 10.18 ms/combo, 7 min left
    shard  123:  35000 done, 10.33 ms/combo, 8 min left
    shard  125:  35000 done, 10.31 ms/combo, 8 min left
    shard  126:  35000 done, 10.31 ms/combo, 8 min left
    shard  120:  50000 done, 10.07 ms/combo, 6 min left
    shard  127:  35000 done, 10.31 ms/combo, 8 min left
    shard  121:  50000 done, 10.11 ms/combo, 6 min left
    shard  124:  40000 done, 10.23 ms/combo, 7 min left
    shard  122:  45000 done, 10.16 ms/combo, 7 min left
    shard  123:  40000 done, 10.27 ms/combo, 7 min left
    shard  125:  40000 done, 10.25 ms/combo, 7 min left
    shard  126:  40000 done, 10.25 ms/combo, 7 min left
    shard  120:  55000 done, 10.06 ms/combo, 5 min left
    shard  127:  40000 done, 10.28 ms/combo, 7 min left
    shard  121:  55000 done, 10.11 ms/combo, 5 min left
    shard  124:  45000 done, 10.22 ms/combo, 7 min left
    shard  122:  50000 done, 10.14 ms/combo, 6 min left
    shard  123:  45000 done, 10.26 ms/combo, 7 min left
    shard  125:  45000 done, 10.24 ms/combo, 7 min left
    shard  126:  45000 done, 10.24 ms/combo, 7 min left
    shard  120:  60000 done, 10.07 ms/combo, 4 min left
    shard  127:  45000 done, 10.24 ms/combo, 7 min left
    shard  121:  60000 done, 10.11 ms/combo, 4 min left
    shard  124:  50000 done, 10.18 ms/combo, 6 min left
    shard  122:  55000 done, 10.13 ms/combo, 5 min left
    shard  123:  50000 done, 10.22 ms/combo, 6 min left
    shard  125:  50000 done, 10.19 ms/combo, 6 min left
    shard  126:  50000 done, 10.20 ms/combo, 6 min left
    shard  120:  65000 done, 10.07 ms/combo, 3 min left
    shard  127:  50000 done, 10.20 ms/combo, 6 min left
    shard  121:  65000 done, 10.10 ms/combo, 3 min left
    shard  124:  55000 done, 10.15 ms/combo, 5 min left
    shard  123:  55000 done, 10.19 ms/combo, 5 min left
    shard  122:  60000 done, 10.13 ms/combo, 4 min left
    shard  125:  55000 done, 10.17 ms/combo, 5 min left
    shard  126:  55000 done, 10.17 ms/combo, 5 min left
    shard  120:  70000 done, 10.09 ms/combo, 2 min left
    shard  127:  55000 done, 10.18 ms/combo, 5 min left
    shard  121:  70000 done, 10.13 ms/combo, 2 min left
    shard  124:  60000 done, 10.15 ms/combo, 4 min left
    shard  123:  60000 done, 10.19 ms/combo, 4 min left
    shard  122:  65000 done, 10.13 ms/combo, 3 min left
    shard  125:  60000 done, 10.16 ms/combo, 4 min left
    shard  126:  60000 done, 10.17 ms/combo, 4 min left
    shard  120:  75000 done, 10.09 ms/combo, 1 min left
    shard  127:  60000 done, 10.17 ms/combo, 4 min left
    shard  121:  75000 done, 10.13 ms/combo, 1 min left
    shard  124:  65000 done, 10.14 ms/combo, 3 min left
    shard  123:  65000 done, 10.17 ms/combo, 3 min left
    shard  122:  70000 done, 10.15 ms/combo, 2 min left
    shard  125:  65000 done, 10.15 ms/combo, 3 min left
    shard  126:  65000 done, 10.16 ms/combo, 3 min left
    shard  120:  80000 done, 10.07 ms/combo, 1 min left
    shard  127:  65000 done, 10.16 ms/combo, 3 min left
    shard  121:  80000 done, 10.12 ms/combo, 1 min left
    shard  124:  70000 done, 10.17 ms/combo, 2 min left
    shard  123:  70000 done, 10.20 ms/combo, 2 min left
    shard  122:  75000 done, 10.15 ms/combo, 1 min left
    shard  125:  70000 done, 10.17 ms/combo, 2 min left
  shard  120:    83417 seen | eligible  67458/ 55779 | survivors  4357/ 1255  (trend/chop)
    shard  126:  70000 done, 10.18 ms/combo, 2 min left
  shard  121:    83417 seen | eligible  67419/ 55701 | survivors  4264/ 1246  (trend/chop)
    shard  127:  70000 done, 10.15 ms/combo, 2 min left
    shard  124:  75000 done, 10.08 ms/combo, 1 min left
    shard  123:  75000 done, 10.11 ms/combo, 1 min left
    shard  122:  80000 done, 10.06 ms/combo, 1 min left
    shard  125:  75000 done, 10.07 ms/combo, 1 min left
    shard  126:  75000 done, 10.05 ms/combo, 1 min left
    shard  127:  75000 done, 10.01 ms/combo, 1 min left
  shard  122:    83417 seen | eligible  67426/ 55833 | survivors  4251/ 1238  (trend/chop)
    shard  124:  80000 done, 9.94 ms/combo, 1 min left
    shard  123:  80000 done, 9.96 ms/combo, 1 min left
    shard  125:  80000 done, 9.92 ms/combo, 1 min left
    shard  126:  80000 done, 9.89 ms/combo, 1 min left
  shard  124:    83417 seen | eligible  67444/ 55751 | survivors  4390/ 1233  (trend/chop)
  shard  123:    83417 seen | eligible  67438/ 55764 | survivors  4274/ 1239  (trend/chop)
    shard  127:  80000 done, 9.82 ms/combo, 1 min left
  shard  125:    83417 seen | eligible  67418/ 55687 | survivors  4268/ 1244  (trend/chop)
  shard  126:    83417 seen | eligible  67431/ 55838 | survivors  4293/ 1264  (trend/chop)
  shard  127:    83417 seen | eligible  67433/ 55792 | survivors  4336/ 1283  (trend/chop)

MODE C: 716903 surviving slices in 16355s (4.54 h)
slice
chop     162481
trend    554422
