,EUR,GBP,AUD,NZD,USD,CAD,CHF,JPY
1998-06-01,,6.327401493930708,4.69,,,,,0.44
1998-06-02,4.05,6.350346111845593,4.74,,,,,0.446
1998-06-03,4.07,6.3620893903865765,4.8,,,,1.949,0.484
1998-06-04,4.07,6.560634113900402,4.87,,,,2.029,0.477
1998-06-05,4.12,6.583641600244146,5.07,,,,2.065,0.484
1998-06-08,4.12,6.59783757757825,,,,,2.07,0.467
1998-06-09,4.13,6.6356930105881675,5.42,,,,2.09,0.473
1998-06-10,4.12,6.6075028029169225,5.64,,,,2.043,0.469
1998-06-11,,6.55298516860449,5.52,,,,2.052,0.494
1998-06-12,4.06,6.581639830551818,5.48,,,,2.09,0.449
1998-06-15,4.03,6.593270986234172,5.54,,,,2.093,0.44
1998-06-16,4.06,6.820295732349247,5.53,,,,2.04,0.463
1998-06-17,4.07,6.964932262482041,5.39,,,,2.046,0.524
1998-06-18,4.11,6.971162125139868,5.27,,,,2.075,0.563
1998-06-19,4.11,6.974330382301448,5.26,,,,2.086,0.541
1998-06-22,4.09,6.909532878985949,5.29,,,,2.155,0.515
1998-06-23,4.09,6.891384730501273,5.36,,,,,0.517
1998-06-24,4.07,6.827470977236358,5.4,,,,2.058,0.499
1998-06-25,4.05,6.844772637235939,5.27,,,,2.214,0.52
1998-06-26,4.03,6.871528941027906,5.23,,,,2.228,0.565
1998-06-29,4.01,6.89819989610425,5.24,,,,2.343,0.59
1998-06-30,4.02,6.878482501498298,5.18,,,,2.216,0.588
1998-07-01,4.04,6.869303165198023,5.13,,,,2.2,0.603
1998-07-02,3.99,6.868662606732522,5.2,,,,2.148,0.566
1998-07-03,4.0,6.886972518243673,5.2,,,,2.199,0.563
1998-07-06,3.94,6.849172740662118,5.18,,,,2.199,0.541
1998-07-07,3.96,6.886050836736456,5.15,,,,2.209,0.539
1998-07-08,3.95,6.910650389795127,5.14,,,,2.234,0.57
1998-07-09,3.97,6.770368414318048,5.25,,,,2.207,0.572
1998-07-10,3.95,6.792735548063867,5.23,,,,2.233,0.575
1998-07-13,3.95,6.809851017965476,5.24,,,,2.28,0.603
1998-07-14,3.96,6.7468457375593704,5.19,,,,2.324,0.614
1998-07-15,3.96,6.840118122368711,5.17,,,,2.326,0.592
1998-07-16,3.98,6.816785492132848,5.09,,,,2.29,0.62
1998-07-17,3.94,6.776976161643365,5.11,,,,2.317,0.62
1998-07-20,3.95,6.819492524709341,5.14,,,,2.302,
1998-07-21,3.97,6.833785042292054,5.14,,,,2.289,0.633
1998-07-22,3.96,6.890845521298672,5.2,,,,2.393,0.62
1998-07-23,3.96,6.896786687481111,5.22,,,,2.354,0.606
1998-07-24,3.96,6.919333896162651,5.15,,,,2.21,0.621
1998-07-27,3.96,6.886837209234402,5.2,,,,2.193,0.6
1998-07-28,4.01,6.750761964134234,5.19,,,,2.163,0.602
1998-07-29,4.01,6.735127429992547,5.15,,,,2.106,0.572
1998-07-30,3.97,6.777158053083034,5.16,,,,2.147,0.53
1998-07-31,3.97,6.746055135563814,5.09,,,,2.067,0.541
1998-08-03,3.95,6.6884722544820505,5.1,,,,2.075,0.54
1998-08-04,3.95,6.685036125990101,5.1,,,,2.214,0.539
1998-08-05,3.94,6.671510904229804,5.01,,,,2.212,0.538
1998-08-06,3.94,6.590314267617148,5.0,,,,2.211,0.528
1998-08-07,3.92,6.560749596348023,5.13,,,,2.088,0.508
1998-08-10,3.87,6.539500650348909,5.22,,,,2.01,0.498
1998-08-11,3.84,6.521086254070793,5.29,,,,2.15,0.516
1998-08-12,3.8,6.469321155597816,5.22,,,,2.117,0.516
1998-08-13,3.81,6.549987533516625,5.21,,,,2.076,0.532
1998-08-14,3.82,6.5530763546767625,5.2,,,,2.023,0.518
1998-08-17,3.78,6.540196214693763,5.2,,,,2.004,0.509
1998-08-18,3.76,6.5563919038193585,5.21,,,,2.071,0.503
1998-08-19,3.78,6.599896758476736,5.17,,,,2.058,0.514
1998-08-20,3.77,6.571600969473762,5.24,,,,2.059,0.511
1998-08-21,3.69,6.4924352454555985,5.24,,,,1.971,0.503
1998-08-24,3.65,6.483194230575946,5.25,,,,1.941,0.483
1998-08-25,3.58,6.416587298503568,5.28,,,,1.969,0.484
1998-08-26,3.68,6.424810464650741,5.39,,,,1.958,0.496
1998-08-27,3.65,6.324804315338752,5.58,,,,1.95,0.497
1998-08-28,3.52,6.157638520518824,5.89,,,,1.826,0.461
1998-08-31,3.54,,5.65,,,,1.756,0.432
1998-09-01,3.51,6.1872332983285885,5.45,,,,1.773,0.442
1998-09-02,3.6,6.243232579544078,5.31,,,,1.885,0.445
1998-09-03,3.57,6.209283040952656,5.39,,,,1.894,0.445
1998-09-04,3.58,6.203693379533032,5.33,,,,1.869,0.442
1998-09-07,3.56,6.138072160916677,5.02,,,,1.881,0.42
1998-09-08,3.59,6.211126898171724,5.06,,,,1.791,0.421
1998-09-09,3.51,6.097140594113629,5.1,,,,1.801,0.418
1998-09-10,3.45,5.963379735633335,5.0,,,,1.796,0.24
1998-09-11,3.36,5.947136571243302,4.83,,,,1.748,0.235
1998-09-14,3.45,5.968508561155665,4.91,,,,,0.249
1998-09-15,3.45,5.906667848233937,4.87,,,,1.791,
1998-09-16,3.53,5.938416578991498,4.82,,,,1.813,0.286
1998-09-17,3.52,5.858736706563493,4.91,,,,1.786,0.286
1998-09-18,3.51,5.861992182667322,4.85,,,,1.738,0.297
1998-09-21,3.5,5.7640081021260805,4.81,,,,1.737,0.34
1998-09-22,3.55,5.815184385257563,4.87,,,,1.724,0.348
1998-09-23,3.56,5.828877149899482,4.82,,,,1.787,
1998-09-24,3.51,5.797831453015201,4.68,,,,1.801,0.358
1998-09-25,3.45,5.725443208378393,4.63,,,,1.782,0.359
1998-09-28,3.46,5.687042134691737,4.6,,,,1.785,0.389
1998-09-29,3.47,5.7070302854406005,4.61,,,,1.741,0.385
1998-09-30,3.48,5.649504178685626,4.57,,,,1.74,0.379
1998-10-01,3.39,5.462933996710823,4.47,,,,1.808,0.36
1998-10-02,3.33,5.361400062718627,4.47,,,,1.733,0.36
1998-10-05,3.36,5.309928528906385,4.37,,,,1.577,0.381
1998-10-06,3.35,5.405390539173717,4.43,,,,1.542,0.387
1998-10-07,3.41,5.4633964740855685,4.55,,,,1.663,0.395
1998-10-08,3.36,5.349104404938523,4.41,,,,1.546,0.391
1998-10-09,3.46,5.441209385169683,4.36,,,,,0.373
1998-10-12,3.46,5.520630716844461,4.43,,,,1.414,0.408
1998-10-13,3.48,5.480393984541934,4.38,,,,1.483,0.379
1998-10-14,3.49,5.465967800001331,4.36,,,,1.502,0.412
1998-10-15,3.45,5.447401403915255,4.41,,,,1.527,0.413
1998-10-16,3.38,5.291686789628395,4.17,,,,1.481,0.409
1998-10-19,3.36,5.252219568720414,4.23,,,,1.473,0.366
1998-10-20,3.38,5.348638029407406,4.29,,,,1.479,0.366
1998-10-21,3.43,5.329515744618702,4.35,,,,1.543,0.354
1998-10-22,3.42,5.377436572197633,4.35,,,,1.554,0.346
1998-10-23,3.4,5.463797691743723,4.34,,,,1.53,0.346
1998-10-26,3.41,5.47134042719821,4.36,,,,1.496,0.346
1998-10-27,3.41,5.411723438114113,4.34,,,,1.361,0.356
1998-10-28,3.4,5.395540992439015,4.24,,,,1.411,0.339
1998-10-29,3.39,5.341626619421426,4.32,,,,1.454,0.329
1998-10-30,3.38,5.34469496659672,4.32,,,,1.484,0.32
1998-11-02,3.44,5.380020116722054,4.33,,,,1.515,0.323
1998-11-03,3.43,5.29409778989438,4.46,,,,1.532,
1998-11-04,3.43,5.33091825496803,4.5,,,,1.608,0.329
1998-11-05,3.46,5.318869192359667,4.56,,,,1.667,0.281
1998-11-06,3.46,5.4447198001130355,4.61,,,,1.678,0.265
1998-11-09,3.54,5.436197298939244,4.62,,,,1.712,0.26
1998-11-10,3.48,5.362355155096209,4.57,,,,1.761,0.235
1998-11-11,3.49,5.487511710946006,4.58,,,,1.741,0.253
1998-11-12,3.48,5.467505951503647,4.71,,,,1.755,0.238
1998-11-13,3.5,5.457790145178301,4.64,,,,1.735,0.236
1998-11-16,3.54,5.457963916886449,4.65,,,,1.741,0.24
1998-11-17,3.5,5.425253209091523,4.62,,,,1.743,0.242
1998-11-18,3.45,5.342867583047482,4.62,,,,1.707,0.242
1998-11-19,3.44,5.3476642269911165,4.56,,,,1.719,0.251
1998-11-20,3.44,5.370658660784094,4.66,,,,1.749,0.272
1998-11-23,3.42,5.3375233958291535,4.68,,,,1.799,
1998-11-24,3.35,5.35797459582554,4.74,,,,1.822,0.281
1998-11-25,3.34,5.335351409601334,4.68,,,,1.825,0.297
1998-11-26,3.32,5.2737521308915385,4.65,,,,1.719,0.329
1998-11-27,3.27,5.276049013121668,4.6,,,,1.871,0.333
1998-11-30,3.31,5.249157283795973,4.56,,,,1.747,0.334
1998-12-01,3.3,5.2022301794185815,4.59,,,,1.789,0.413
1998-12-02,3.29,5.17302283371412,4.45,,,,1.808,0.423
1998-12-03,3.24,5.058594665292567,4.39,,,,1.848,0.396
1998-12-04,3.2,5.024617926402545,4.28,,,,1.765,0.394
1998-12-07,3.22,5.033957619107715,4.42,,,,1.779,0.416
1998-12-08,3.23,5.019341309555201,4.43,,,,1.81,0.423
1998-12-09,3.17,5.001131652725975,4.43,,,,1.822,0.461
1998-12-10,3.15,4.96176948329633,4.38,,,,1.78,0.476
1998-12-11,3.12,4.917472893760184,4.39,,,,1.682,0.463
1998-12-14,3.16,4.86431390718934,4.45,,,,1.62,0.503
1998-12-15,3.15,4.87162232269213,4.42,,,,1.682,0.487
1998-12-16,3.15,4.8978219109652175,4.45,,,,1.656,0.513
1998-12-17,3.13,4.945945080075376,4.36,,,,,0.509
1998-12-18,3.12,4.965617960765721,4.45,,,,1.741,0.505
1998-12-21,3.13,4.997695291536432,4.45,,,,1.815,0.577
1998-12-22,3.15,4.982310076719219,4.5,,,,1.783,0.681
1998-12-23,3.15,4.8872768236981186,4.54,,,,1.825,
1998-12-24,,4.887614471261777,4.61,,,,,0.743
1998-12-25,,,,,,,,0.718
1998-12-28,3.17,,,,,,1.522,0.699
1998-12-29,3.16,4.877201361732339,4.69,,,,1.465,0.767
1998-12-30,3.14,4.845678964792557,4.68,,,,1.728,0.802
1998-12-31,,4.8192571574191545,4.64,,,,,
1999-01-04,3.07,4.8358073486341935,4.61,,4.58,,1.812,0.79
1999-01-05,3.06,4.844495672859874,4.67,,4.64,,1.786,0.758
1999-01-06,3.05,4.830894689410228,4.71,,4.62,,1.774,0.716
1999-01-07,3.04,4.720193131963436,4.64,,4.63,,1.79,0.633
1999-01-08,3.0,4.684581936365287,4.69,,4.71,,1.741,0.708
1999-01-11,2.99,4.668961728348953,4.88,,4.74,,1.67,0.687
1999-01-12,3.02,4.701560602870587,4.96,,4.68,,1.6,0.683
1999-01-13,2.95,4.648900117030563,4.82,,4.61,,1.571,0.664
1999-01-14,2.93,4.645717020340433,4.86,,4.47,,1.592,0.62
1999-01-15,2.9,4.6317510368617985,4.75,,4.56,,,
1999-01-18,2.9,4.637578315473982,4.85,,,,,0.643
1999-01-19,2.87,4.690373023236433,4.84,,4.62,,1.569,0.669
1999-01-20,2.9,4.677466978716852,4.88,,4.66,,1.567,0.644
1999-01-21,2.9,4.6362068918242345,4.83,,4.63,,1.578,0.65
1999-01-22,2.88,4.586621514143151,4.76,,4.59,,1.632,0.64
1999-01-25,2.86,4.65846671049594,4.7,,4.59,,1.601,0.657
1999-01-26,2.88,4.695696382963375,,,4.63,,1.562,0.642
1999-01-27,2.9,4.684392986904057,4.8,,4.57,,1.568,0.668
1999-01-28,2.89,4.683046995586715,4.72,,4.58,,,0.66
1999-01-29,2.89,4.658659470106755,4.69,,4.58,,,0.682
1999-02-01,2.93,4.658619271494714,4.72,,4.65,,,0.696
1999-02-02,2.95,4.679399755573384,4.73,,4.7,,1.552,0.743
1999-02-03,2.98,4.743478356259536,4.86,,4.72,,1.548,0.72
1999-02-04,2.99,4.696903401924677,4.8,,4.77,,1.57,0.655
1999-02-05,2.99,4.640613254346341,4.85,,4.8,,1.582,0.661
1999-02-08,3.03,4.669253561684342,4.86,,4.8,,1.578,0.613
1999-02-09,3.03,4.690009622856093,4.83,,4.79,,1.543,0.586
1999-02-10,3.01,4.654524735940851,4.8,,4.77,,1.557,0.588
1999-02-11,3.01,4.645376274343056,4.9,,4.8,,1.547,
1999-02-12,2.99,4.67788741344155,4.89,,4.91,,1.563,0.6
1999-02-15,3.04,4.730476380855387,4.96,,,,1.548,0.542
1999-02-16,3.04,4.743646728292503,4.89,,4.93,,1.53,0.489
1999-02-17,3.07,4.76627655043709,4.91,,4.89,,1.533,0.429
1999-02-18,3.04,4.733374487149239,4.89,,4.93,,1.532,0.383
1999-02-19,3.04,4.704298731076725,4.95,,4.95,,1.517,0.363
1999-02-22,3.01,4.6858543666890595,4.92,,4.91,,1.529,0.357
1999-02-23,2.98,4.657434996857331,4.95,,5.0,,1.547,0.378
1999-02-24,3.01,4.6736167193391545,4.99,,5.05,,1.504,0.377
1999-02-25,3.04,4.793213627867816,5.05,,5.15,,1.438,0.4
1999-02-26,3.13,4.822434227288581,5.07,,5.13,,1.491,0.4
1999-03-01,3.15,4.9167273033160175,5.02,,5.2,,1.491,0.401
1999-03-02,3.23,4.870588520188546,5.09,,5.18,,1.53,0.392
1999-03-03,3.2,4.997383793530413,5.08,,5.19,,1.615,0.34
1999-03-04,3.24,4.970894928734518,5.13,,5.2,,1.643,0.28
1999-03-05,3.17,4.867510101769296,5.21,,5.14,,1.626,0.273
1999-03-08,3.12,4.86388251910514,5.12,,5.12,,1.622,0.301
1999-03-09,3.1,4.923773719486409,5.16,,5.02,,1.479,0.332
1999-03-10,3.09,4.87917214198721,5.12,,5.04,,1.653,0.328
1999-03-11,3.08,4.836752540237197,5.07,,5.05,,1.644,0.349
1999-03-12,3.01,4.817701074339593,5.06,,5.0,,1.617,0.331
1999-03-15,3.02,4.817320773630247,4.92,,4.99,,1.624,0.353
1999-03-16,3.16,4.795139791907706,4.91,,4.97,,1.617,0.35
1999-03-17,3.02,4.745503227244709,4.91,,5.01,,1.618,0.317
1999-03-18,2.99,4.705293383800087,4.94,,4.99,,1.612,0.308
1999-03-19,2.99,4.719282179801138,4.96,,5.04,,1.571,0.299
1999-03-22,3.02,4.735132930759463,4.98,,5.08,,1.572,
1999-03-23,3.04,4.711196704560044,4.99,,5.03,,1.57,0.306
1999-03-24,3.01,4.713741271752944,4.87,,4.98,,1.564,0.321
1999-03-25,2.98,4.69663296488111,4.81,,5.02,,1.591,0.311
1999-03-26,2.98,4.70399063995592,4.89,,4.99,,1.531,0.296
1999-03-29,2.97,4.672342646838894,4.87,,5.02,,1.578,0.317
1999-03-30,2.98,4.685453260645485,4.96,,4.97,,1.517,0.333
1999-03-31,2.94,4.6585393062656575,4.89,,4.99,,1.554,0.348
1999-04-01,2.9,4.710346634973224,4.86,,5.01,,1.528,0.345
1999-04-02,,,,,4.96,,,0.345
1999-04-05,,,,,4.96,,,0.346
1999-04-06,2.86,4.648316084616883,4.75,,4.93,,1.522,0.347
1999-04-07,2.87,4.682106152459069,4.72,,4.93,,1.51,0.325
1999-04-08,2.88,4.751881332573694,4.74,,4.86,,1.484,0.312
1999-04-09,2.79,4.714289200528812,4.71,,4.88,,1.399,0.313
1999-04-12,2.78,4.739819245484074,4.63,,4.93,,1.381,0.304
1999-04-13,2.79,4.786654856530886,4.7,,4.94,,1.376,0.315
1999-04-14,2.79,4.773499169141578,4.73,,4.95,,1.392,0.32
1999-04-15,2.8,4.847819166561392,4.7,,4.97,,1.401,0.279
1999-04-16,2.81,4.843318552862368,4.75,,5.02,,1.437,0.292
1999-04-19,2.81,4.8455789560607005,4.8,,4.99,,1.416,0.279
1999-04-20,2.76,4.803063999047125,4.77,,4.95,,1.415,0.265
1999-04-21,2.73,4.818183665879494,4.73,,4.99,,1.38,0.255
1999-04-22,2.72,4.873015912541449,4.77,,5.05,,1.372,0.25
1999-04-23,2.73,4.895703821013656,4.83,,5.04,,1.361,0.25
1999-04-26,2.72,4.919660260048476,4.82,,5.04,,1.356,0.245
1999-04-27,2.71,4.94896305391963,4.75,,5.04,,1.375,0.212
1999-04-28,2.72,4.964184549850591,4.87,,5.02,,1.381,0.217
1999-04-29,2.74,4.9222407341358725,4.95,,4.95,,1.355,
1999-04-30,2.73,4.950122571808167,4.9,,5.08,,1.376,0.204
1999-05-03,2.76,,5.08,,5.08,,1.364,
1999-05-04,2.77,5.0285663880292155,5.03,,5.12,,1.37,
1999-05-05,2.78,5.005689360883875,5.08,,5.09,,1.395,
1999-05-06,2.77,5.029833701554415,5.11,,5.19,,1.368,0.185
1999-05-07,2.79,5.002665430744323,5.21,,5.19,,1.368,0.179
1999-05-10,2.77,4.959359098600284,5.18,,5.15,,1.385,0.181
1999-05-11,2.77,4.914310175673185,5.14,,5.19,,1.418,0.181
1999-05-12,2.76,4.8708595523939,5.22,,5.19,,1.323,0.165
1999-05-13,,4.814096185998918,5.15,,5.12,,,0.14
1999-05-14,2.75,4.951256484819906,5.09,,5.3,,1.342,0.118
1999-05-17,2.77,4.981463429279269,5.32,,5.31,,1.416,0.117
1999-05-18,2.8,5.01593381899836,5.29,,5.38,,1.458,0.116
1999-05-19,2.85,5.001952120933067,5.28,,5.37,,1.46,0.116
1999-05-20,2.85,4.959559186376436,5.26,,5.35,,1.468,0.115
1999-05-21,2.82,4.912199060191544,5.25,,5.3,,1.474,0.125
1999-05-24,,4.870212860323448,5.2,,5.28,,,0.124
1999-05-25,2.81,4.861468208874967,5.21,,5.3,,1.449,0.119
1999-05-26,2.77,4.9207614419983905,5.21,,5.33,,1.417,0.129
1999-05-27,2.8,4.979618113531723,5.27,,5.43,,1.408,0.13
1999-05-28,2.83,5.015933942467164,5.27,,5.42,,1.409,0.121
1999-05-31,2.84,,5.24,,,,1.41,0.12
1999-06-01,2.92,5.08417101467149,5.25,,5.54,,1.509,0.148
1999-06-02,3.0,5.1318827573248695,5.37,,5.55,,1.586,0.176
1999-06-03,,5.097072073164538,5.43,,5.54,,1.611,0.159
1999-06-04,3.0,5.080622756694719,5.43,,5.56,,1.64,0.161
1999-06-07,3.01,5.037089186572867,5.42,,5.56,,1.63,0.154
1999-06-08,2.96,5.095975141134256,5.35,,5.57,,1.608,0.139
1999-06-09,2.96,5.0949576153555896,5.38,,5.61,,1.611,0.139
1999-06-10,3.01,5.153187705650415,5.38,,5.66,,1.678,0.147
1999-06-11,3.07,5.15005342217831,5.39,,5.7,,1.732,0.274
1999-06-14,3.08,5.0985485512671485,,,5.66,,1.73,0.265
1999-06-15,3.06,5.021174516277364,5.3,,5.66,,1.77,0.233
1999-06-16,3.08,5.003183383752167,5.3,,5.61,,1.756,0.229
1999-06-17,3.07,5.0000516918879825,5.22,,5.49,,1.74,0.263
1999-06-18,3.05,4.999510688654065,5.14,,5.56,,1.7,0.259
1999-06-21,3.04,5.078172823340597,5.09,,5.62,,1.719,0.266
1999-06-22,3.13,5.16027014368994,5.17,,5.65,,1.724,0.261
1999-06-23,3.18,5.1666595623775935,5.23,,5.7,,1.751,0.293
1999-06-24,3.2,5.28619665771165,5.24,,5.75,,1.809,0.315
1999-06-25,3.27,5.249992362030485,5.29,,5.73,,1.833,0.335
1999-06-28,3.28,5.254107323647091,5.27,,5.68,,1.848,0.367
1999-06-29,3.28,5.220589748723288,5.27,,5.68,,2.058,0.381
1999-06-30,3.27,5.179909241075272,5.3,,5.53,,1.929,0.476
1999-07-01,3.19,5.224929883710636,5.2,,5.58,,1.986,0.415
1999-07-02,3.28,5.178497742652114,5.24,,5.58,,2.066,0.368
1999-07-05,3.24,5.203919994207825,5.2,,,,2.102,0.331
1999-07-06,3.28,5.232745434235678,5.24,,5.64,,2.088,0.367
1999-07-07,3.3,5.2293190922148565,5.29,,5.64,,2.101,0.361
1999-07-08,3.38,5.24223650599319,5.4,,5.59,,2.107,0.379
1999-07-09,3.37,5.194191546969586,5.34,,5.61,,2.103,0.396
1999-07-12,3.39,5.1674611276634295,5.37,,5.53,,2.132,0.394
1999-07-13,3.33,5.129071837496679,5.28,,5.5,,2.106,0.368
1999-07-14,3.29,5.073616665899314,5.24,,5.55,,2.124,0.378
1999-07-15,3.23,5.158673652031187,5.21,,5.53,,2.128,0.372
1999-07-16,3.45,5.149899518258263,5.23,,5.5,,2.169,0.386
1999-07-19,3.49,5.165691163447545,5.03,,5.46,,2.152,0.404
1999-07-20,3.46,5.2300061783583045,5.06,,5.43,,2.149,
1999-07-21,3.37,5.271790230454067,4.99,,5.45,,2.168,0.378
1999-07-22,3.34,5.2972818230399765,5.04,,5.52,,2.093,0.344
1999-07-23,3.39,5.340579774206649,5.16,,5.58,,2.118,0.32
1999-07-26,3.37,5.391310490241211,5.16,,5.61,,2.121,0.347
1999-07-27,3.36,5.412880444980673,5.13,,5.56,,2.118,0.329
1999-07-28,3.37,5.44199800826917,5.12,,5.54,,2.091,0.348
1999-07-29,3.42,5.568276717585533,5.12,,5.62,,1.993,0.406
1999-07-30,3.46,5.598897776734985,5.22,,5.63,,2.092,0.407
1999-08-02,3.62,5.66152352380907,5.24,,5.65,,2.08,0.434
1999-08-03,3.67,5.8023026476328425,5.28,,5.65,,2.085,0.455
1999-08-04,3.6,5.826456497944701,5.22,,5.64,,2.114,0.449
1999-08-05,3.64,5.838501437920473,5.2,,5.55,,2.166,0.441
1999-08-06,3.63,5.866421348935732,5.23,,5.69,,2.2,0.42
1999-08-09,3.73,5.794702292903289,5.41,,5.79,,2.214,0.442
1999-08-10,3.72,5.7447392546675315,5.45,,5.79,,2.236,0.467
1999-08-11,3.63,5.678629772985333,5.39,,5.76,,2.229,0.465
1999-08-12,3.62,5.664302925914593,5.43,,5.78,,2.232,0.447
1999-08-13,3.62,5.664800348144625,5.45,,5.71,,2.253,0.449
1999-08-16,3.6,5.652372530465717,5.36,,5.75,,2.238,0.468
1999-08-17,3.6,5.632683932182475,5.34,,5.68,,2.216,0.455
1999-08-18,3.5,5.568754647584084,5.27,,5.66,,2.212,0.432
1999-08-19,3.53,5.517651177955953,5.32,,5.66,,2.134,0.404
1999-08-20,3.48,5.563831066253074,5.33,,5.65,,2.131,0.365
1999-08-23,3.44,5.594962223386855,5.33,,5.66,,2.126,0.381
1999-08-24,3.52,5.629353532378116,5.31,,5.65,,2.172,0.391
1999-08-25,3.49,5.5528808166719035,5.29,,5.53,,2.168,0.402
1999-08-26,3.47,5.577372346209282,5.19,,5.56,,2.184,0.391
1999-08-27,3.55,5.65327338512218,5.28,,5.65,,2.195,0.39
1999-08-30,3.62,,5.38,,5.73,,2.128,0.396
1999-08-31,3.62,5.695382833399749,5.38,,5.73,,2.204,0.375
1999-09-01,3.65,5.771726386321667,5.42,,5.74,,2.211,0.366
1999-09-02,3.66,5.825275947789332,5.42,,5.74,,2.196,0.358
1999-09-03,3.65,5.69181477731408,5.47,,5.64,,2.209,0.336
1999-09-06,3.56,5.660769983948086,5.35,,,,2.232,0.326
1999-09-07,3.6,5.712200314058171,5.4,,5.69,,2.231,0.351
1999-09-08,3.65,5.928589856865726,5.47,,5.67,,2.197,0.364
1999-09-09,3.69,5.929182101254436,5.51,,5.71,,2.222,0.38
1999-09-10,3.71,6.011930773956112,5.54,,5.64,,2.242,0.375
1999-09-13,3.75,6.0627130558132105,5.49,,5.66,,2.236,0.363
1999-09-14,3.72,6.0422863912368525,5.52,,5.71,,2.247,0.326
1999-09-15,3.76,6.045216624061319,5.57,,5.67,,2.258,
1999-09-16,3.74,5.980255322559253,5.52,,5.63,,2.227,0.31
1999-09-17,3.64,5.956443171586647,5.42,,5.63,,2.233,0.3
1999-09-20,3.6,5.958712960011529,5.47,,5.67,,2.31,0.255
1999-09-21,3.72,5.979361222427568,5.49,,5.67,,2.335,0.26
1999-09-22,3.69,5.984586936278256,5.48,,5.67,,2.357,0.29
1999-09-23,3.7,5.95674244713231,5.46,,5.63,,2.392,
1999-09-24,3.58,5.905825053728599,5.3,,5.55,,2.397,0.27
1999-09-27,3.6,5.957776479839822,5.18,,5.62,,,0.26
1999-09-28,3.69,6.029081717707338,5.25,,5.65,,2.484,0.269
1999-09-29,3.69,6.073533943074015,5.31,,5.68,,2.416,0.262
1999-09-30,3.73,6.0560476186295205,5.34,,5.63,,2.527,0.293
1999-10-01,3.82,6.196518868946403,5.42,,5.73,,2.738,0.286
1999-10-04,3.92,6.19683058362969,5.54,,5.7,,2.828,0.268
1999-10-05,3.91,6.190578231092911,5.57,,5.78,,2.591,0.276
1999-10-06,3.97,6.198570346942266,5.61,,5.81,,2.804,0.288
1999-10-07,3.98,6.168080277217174,5.72,,5.82,,2.909,0.294
1999-10-08,3.93,6.1329222367690095,5.68,,5.8,,2.931,0.303
1999-10-11,3.99,6.126782118428243,5.69,,,,2.936,
1999-10-12,4.05,6.1670639089178,5.71,,5.82,,2.93,0.311
1999-10-13,4.04,6.1607380814067545,5.72,,5.87,,3.068,0.29
1999-10-14,4.13,6.251444301404673,5.86,,5.9,,3.074,0.27
1999-10-15,4.18,6.2075767394146775,5.89,,5.82,,3.155,0.261
1999-10-18,4.1,6.182606446226603,5.86,,5.85,,3.153,0.253
1999-10-19,4.15,6.187265181553878,5.98,,5.92,,3.068,0.259
1999-10-20,4.19,6.242850478294093,6.04,,5.94,,3.113,0.274
1999-10-21,4.18,6.202136241977123,6.02,,5.93,,3.114,0.284
1999-10-22,4.14,6.229016649256593,6.05,,5.96,,3.085,0.275
1999-10-25,4.15,6.292376350628116,6.05,,5.98,,3.014,0.276
1999-10-26,4.21,6.287115512015289,6.12,,6.02,,3.03,0.275
1999-10-27,4.16,6.229511960810855,6.19,,5.94,,3.05,0.273
1999-10-28,4.11,6.171481543807656,6.0,,5.87,,3.041,0.293
1999-10-29,4.04,6.079428537095119,5.89,,5.79,,2.991,0.286
1999-11-01,4.07,6.062347206170288,5.98,,5.83,,2.963,0.284
1999-11-02,4.07,6.048926363143901,5.92,,5.81,,3.012,0.277
1999-11-03,4.04,6.078561330191517,5.98,,5.79,,3.109,
1999-11-04,4.01,5.991821906550392,5.88,,5.74,,3.112,0.28
1999-11-05,3.95,5.965308444574071,5.89,,5.72,,3.021,0.272
1999-11-08,3.93,5.917444777280957,5.93,,5.74,,2.962,0.26
1999-11-09,3.86,5.937943766297162,5.93,,5.77,,2.876,0.265
1999-11-10,3.88,5.9455088112034575,5.93,,5.81,,2.878,0.277
1999-11-11,3.93,5.915023443765765,5.97,,,,2.919,0.272
1999-11-12,3.84,5.868624202969688,5.88,,5.78,,2.887,0.263
1999-11-15,3.85,5.893703506220867,5.78,,5.79,,2.799,0.265
1999-11-16,3.84,5.876120698531732,5.81,,5.85,,2.833,0.269
1999-11-17,3.9,5.974433307018305,5.9,,5.9,,2.823,0.284
1999-11-18,3.97,6.061200582764856,5.94,,5.9,,2.864,0.298
1999-11-19,3.98,6.105010207478178,5.93,,5.92,,2.845,0.294
1999-11-22,4.06,6.1504585583413105,5.95,,5.95,,2.824,0.3
1999-11-23,4.02,6.12316190946476,6.01,,5.93,,2.806,
1999-11-24,4.07,6.194918587263265,5.94,,5.97,,2.803,0.331
1999-11-25,4.1,6.230219441855686,6.03,,,,2.735,0.347
1999-11-26,4.14,6.269285680729541,6.03,,5.99,,2.744,0.393
1999-11-29,4.12,6.253562319312389,5.99,,6.04,,2.79,0.425
1999-11-30,4.1,6.238972901734209,5.98,,6.01,,2.834,0.411
1999-12-01,4.07,6.201659341705897,5.97,,6.04,,2.785,0.392
1999-12-02,4.09,6.206167992696885,5.98,,6.06,,2.787,0.393
1999-12-03,4.15,6.231584764256122,6.0,,5.99,,2.823,0.377
1999-12-06,4.08,6.201610682043556,5.91,,5.98,,2.88,0.371
1999-12-07,4.02,6.161664956727944,5.9,,5.95,,2.875,0.379
1999-12-08,4.05,6.185185660649501,5.83,,5.98,,2.848,0.362
1999-12-09,4.07,6.122592608445975,5.9,,5.96,,2.826,0.343
1999-12-10,4.04,6.090944077534261,5.92,,5.93,,2.845,0.356
1999-12-13,4.02,6.1191505829674515,5.92,,5.96,,2.689,0.336
1999-12-14,4.06,6.162586660301411,5.93,,6.07,,2.711,0.347
1999-12-15,4.08,6.1625622079596365,6.03,,6.1,,2.7,0.338
1999-12-16,4.16,6.246488449383202,6.15,,6.15,,2.651,0.345
1999-12-17,4.22,6.265142217994645,6.15,,6.15,,2.677,0.341
1999-12-20,4.21,6.254812703147341,6.12,,6.21,,2.692,0.354
1999-12-21,4.21,6.244243448226686,6.16,,6.21,,2.699,0.36
1999-12-22,4.23,6.298435011840626,6.15,,6.24,,2.628,0.375
1999-12-23,4.2,6.30117745572238,6.19,,6.24,,2.635,
1999-12-24,,6.30219872196882,6.2,,,,,0.395
1999-12-27,4.22,,,,6.21,,2.681,0.396
1999-12-28,4.23,,,,6.23,,2.593,0.37
1999-12-29,4.22,6.296132799556975,6.31,,6.21,,2.579,0.365
1999-12-30,4.26,6.344820655169086,6.23,,6.19,,2.539,0.36
1999-12-31,,,6.26,,6.24,,,
2000-01-03,4.31,,,,6.38,,,
2000-01-04,4.39,6.478684877765507,6.44,,6.3,,2.643,0.402
2000-01-05,4.39,6.50312072687283,6.37,,6.38,,2.622,0.38
2000-01-06,4.38,6.498822410069764,6.46,,6.35,,2.639,0.388
2000-01-07,4.34,6.454178060469272,6.47,,6.31,,2.653,0.406
2000-01-10,4.27,6.409500192326289,6.51,,6.38,,2.62,
2000-01-11,4.32,6.468880469646126,6.56,,6.45,,2.649,0.421
2000-01-12,4.37,6.48519448444011,6.6,,6.49,,2.688,0.454
2000-01-13,4.36,6.445830678244489,6.58,,6.4,,2.688,0.437
2000-01-14,4.32,6.450736877341423,6.58,,6.44,,2.67,0.414
2000-01-17,4.35,6.498625894719673,6.62,,,,2.671,0.422
2000-01-18,4.38,6.551954074487936,6.57,,6.47,,2.67,0.417
2000-01-19,4.39,6.509766209765645,6.64,,6.46,,2.739,0.414
2000-01-20,4.38,6.529447366030412,6.6,,6.49,,2.737,0.419
2000-01-21,4.36,6.514962531435078,6.63,,6.48,,2.753,0.41
2000-01-24,4.38,6.505645612504945,6.65,,6.43,,2.769,0.392
2000-01-25,4.37,6.471215331740255,6.63,,6.44,,2.783,0.376
2000-01-26,4.36,6.424768760390623,,,6.45,,2.782,0.375
2000-01-27,4.42,6.499034026643227,6.6,,6.51,,2.759,0.371
2000-01-28,4.48,6.522153727897212,6.55,,6.58,,2.815,0.371
2000-01-31,4.48,6.474908605181265,6.59,,6.61,,2.829,0.403
2000-02-01,4.47,6.4099223443267395,6.57,,6.6,,2.842,0.426
2000-02-02,4.43,6.387281882577516,6.75,,6.63,,2.868,0.453
2000-02-03,4.46,6.3759738662166425,6.76,,6.56,,2.894,0.447
2000-02-04,4.4,6.421318569802438,6.67,,6.63,,2.967,0.421
2000-02-07,4.5,6.442075610070652,6.72,,6.68,,2.964,0.43
2000-02-08,4.49,6.4116859164950775,6.71,,6.69,,2.973,0.439
2000-02-09,4.5,6.424177673508098,6.6,,6.69,,2.982,0.43
2000-02-10,4.5,6.417389201581882,6.54,,6.67,,2.988,0.433
2000-02-11,4.53,6.353596638325829,6.61,,6.65,,2.984,
2000-02-14,4.52,6.279396983362907,6.59,,6.62,,2.96,0.428
2000-02-15,4.51,6.31560524991916,6.55,,6.66,,2.96,0.414
2000-02-16,4.54,6.4414593168678955,6.62,,6.63,,3.128,0.411
2000-02-17,4.51,6.3812366943303935,6.62,,6.69,,3.098,0.417
2000-02-18,4.6,6.364575595080099,6.66,,6.66,,3.156,0.398
2000-02-21,4.62,6.309487182572258,6.53,,,,3.194,0.385
2000-02-22,4.56,6.26507288011548,6.48,,6.57,,3.164,0.391
2000-02-23,4.53,6.288099959448958,6.45,,6.61,,3.172,0.391
2000-02-24,4.5,6.25152401302671,6.42,,6.52,,3.18,0.407
2000-02-25,4.43,6.261961405533023,6.28,,6.45,,3.208,0.412
2000-02-28,4.5,6.279954096637886,6.32,,6.47,,3.189,0.404
2000-02-29,4.51,6.3025625256957465,6.34,,6.53,,3.25,0.409
2000-03-01,4.53,6.257628092414368,6.21,,6.52,,3.233,0.405
2000-03-02,4.55,6.268723961466591,6.23,,6.52,,3.265,0.413
2000-03-03,4.56,6.242921909516691,6.27,,6.5,,3.266,0.425
2000-03-06,4.55,6.210264126761935,6.35,,6.55,,3.26,0.429
2000-03-07,4.55,6.203931437295034,6.4,,6.48,,3.22,0.439
2000-03-08,4.56,6.2126820325207355,6.34,,6.5,,3.216,0.424
2000-03-09,4.55,6.197920153852175,6.39,,6.48,,3.268,0.434
2000-03-10,4.51,6.218184702551054,6.34,,6.55,,3.261,0.44
2000-03-13,4.55,6.204510125580791,6.38,,6.52,,3.267,0.441
2000-03-14,4.56,6.231990138454501,6.29,,6.48,,3.277,0.441
2000-03-15,4.57,6.244088127342505,6.16,,6.5,,3.263,0.446
2000-03-16,4.58,6.1953235955217325,6.18,,6.5,,3.322,0.462
2000-03-17,4.52,6.188026180888281,6.2,,6.5,,3.306,0.468
2000-03-20,4.51,6.172582846956803,6.24,,6.52,,3.318,
2000-03-21,4.48,6.181562669653331,6.21,,6.5,,3.3,0.491
2000-03-22,4.48,6.195134158409175,6.19,,6.5,,3.289,0.472
2000-03-23,4.47,6.219475066091253,6.27,,6.52,,3.329,0.457
2000-03-24,4.48,6.22200789103338,6.36,,6.64,,3.432,0.473
2000-03-27,4.53,6.359637638826947,6.45,,6.66,,3.431,0.5
2000-03-28,4.53,6.319531963758473,6.4,,6.6,,3.463,0.501
2000-03-29,4.52,6.316382521031795,6.42,,6.59,,3.522,0.507
2000-03-30,4.53,6.281426708045729,6.43,,6.52,,3.512,0.501
2000-03-31,4.48,6.273429639448952,6.27,,6.5,,3.637,0.493
2000-04-03,4.5,6.2358015200660075,6.31,,6.45,,3.549,0.491
2000-04-04,4.47,6.259912968830057,6.3,,6.35,,3.547,0.482
2000-04-05,4.42,6.211955788838791,6.24,,6.35,,3.505,0.473
2000-04-06,4.41,6.240701367593462,6.2,,6.38,,3.43,0.462
2000-04-07,4.46,6.193049945811747,6.27,,6.38,,3.456,0.453
2000-04-10,4.45,6.207516580806181,6.21,,6.31,,3.419,0.466
2000-04-11,4.44,6.1624980681244015,6.18,,6.36,,3.404,0.466
2000-04-12,4.49,6.189556104623962,6.19,,6.4,,3.428,0.468
2000-04-13,4.5,6.170836042428529,6.15,,6.4,,3.485,0.515
2000-04-14,4.51,6.175246562065707,6.07,,6.27,,3.47,0.51
2000-04-17,4.49,6.1584579706237195,5.93,,6.33,,3.441,0.47
2000-04-18,4.51,6.169620008530843,6.01,,6.33,,3.465,0.472
2000-04-19,4.54,6.186898009122928,6.03,,6.33,,3.476,0.468
2000-04-20,4.57,6.213788434019569,6.06,,6.38,,3.521,0.478
2000-04-21,,,,,,,,0.469
2000-04-24,,,,,6.36,,,0.456
2000-04-25,4.63,6.230466147069615,,,6.48,,3.547,0.441
2000-04-26,4.66,6.180810177016787,6.18,,6.5,,3.63,0.431
2000-04-27,4.64,6.141412992287268,6.25,,6.63,,3.654,0.432
2000-04-28,4.7,6.06920643271333,6.33,,6.68,,3.765,0.437
2000-05-01,,,6.44,,6.73,,,0.427
2000-05-02,4.73,6.070553501321979,6.39,,6.72,,3.769,0.424
2000-05-03,4.81,6.070521639263141,6.39,,6.73,,3.763,
2000-05-04,4.93,6.131935265585273,6.38,,6.77,,3.761,
2000-05-05,4.9,6.16015595831509,6.34,,6.84,,3.793,
2000-05-08,4.9,6.162608474121333,6.34,,6.87,,3.787,0.415
2000-05-09,4.89,6.135893895236933,6.38,,6.86,,3.783,0.401
2000-05-10,4.87,6.132726316158522,6.34,,6.84,,3.799,0.399
2000-05-11,4.87,6.234078776575307,6.26,,6.82,,3.761,0.386
2000-05-12,4.99,6.257484268438166,6.26,,6.91,,3.825,0.39
2000-05-15,4.99,6.253122664932942,6.34,,6.88,,3.858,0.396
2000-05-16,4.97,6.262792636730505,6.31,,6.89,,3.869,0.401
2000-05-17,5.05,6.267275310313626,6.39,,6.9,,3.904,0.411
2000-05-18,5.09,6.223980032536252,6.45,,6.93,,3.984,0.392
2000-05-19,5.1,6.202577143924006,6.43,,6.86,,3.957,0.398
2000-05-22,5.09,6.149919406028249,6.3,,6.81,,3.929,0.381
2000-05-23,5.03,6.2034193370880395,6.22,,6.83,,3.938,0.381
2000-05-24,4.98,6.200300568219526,6.22,,6.79,,3.904,0.372
2000-05-25,4.99,6.161970644621214,6.25,,6.71,,3.904,0.373
2000-05-26,4.95,6.144486081904656,6.15,,6.69,,3.924,0.373
2000-05-29,4.93,,6.09,,,,3.867,0.374
2000-05-30,4.92,6.170120284782913,6.11,,6.74,,3.817,0.401
2000-05-31,5.02,6.136495847390316,6.11,,6.69,,3.879,0.403
2000-06-01,5.03,6.104408153929863,6.0,,6.61,,,0.416
2000-06-02,4.97,6.022443882690263,5.98,,6.52,,3.857,0.439
2000-06-05,4.84,6.054659334079205,5.96,,6.49,,3.836,0.472
2000-06-06,4.85,6.059454224046502,5.95,,6.51,,3.823,0.478
2000-06-07,4.79,6.051515433171219,5.95,,6.52,,3.809,0.476
2000-06-08,4.84,6.097542931364041,5.98,,6.56,,3.81,0.477
2000-06-09,5.04,6.075920479964654,5.92,,6.56,,3.847,0.45
2000-06-12,5.02,6.075072259573595,,,6.52,,,0.458
2000-06-13,5.02,6.067536142853644,5.85,,6.49,,3.855,0.453
2000-06-14,4.93,6.007141301284982,5.93,,6.44,,3.897,0.459
2000-06-15,4.92,5.978718375400076,5.95,,6.44,,3.917,0.445
2000-06-16,4.86,5.935706486049785,5.94,,6.38,,3.872,0.422
2000-06-19,4.83,5.910163544052292,5.91,,6.4,,3.849,0.42
2000-06-20,4.89,5.926392104998546,5.95,,6.43,,3.86,0.44
2000-06-21,4.97,5.988879660440502,6.01,,6.5,,3.871,0.466
2000-06-22,5.04,5.976294676465881,6.03,,6.5,,3.865,0.471
2000-06-23,5.04,6.005063397310877,5.98,,6.55,,3.844,0.482
2000-06-26,5.08,6.008527165914771,5.99,,6.5,,3.847,0.509
2000-06-27,5.03,6.004103615311983,5.96,,6.5,,3.859,0.51
2000-06-28,5.05,6.003711383649853,5.97,,6.43,,3.83,0.5
2000-06-29,5.05,5.946053800993653,5.93,,6.37,,3.769,0.525
2000-06-30,4.99,5.942865288243262,5.89,,6.38,,3.8,0.524
2000-07-03,5.05,5.948627116613624,5.92,,6.31,,3.833,0.526
2000-07-04,5.04,5.9101089437828405,5.83,,,,3.817,0.507
2000-07-05,5.04,5.859380058591159,5.83,,6.29,,3.801,0.513
2000-07-06,4.97,5.896902479281374,5.855,,6.34,,3.767,0.499
2000-07-07,5.05,5.844066316651856,5.875,,6.29,,3.744,0.505
2000-07-10,5.05,5.873728375682761,5.81,,6.31,,3.727,0.507
2000-07-11,5.06,5.891374156907052,5.865,,6.32,,3.745,0.525
2000-07-12,5.06,5.857778575930416,5.875,,6.34,,3.734,0.538
2000-07-13,5.13,5.85793874646047,5.935,,6.31,,3.76,0.485
2000-07-14,5.12,5.875878654530926,5.88,,6.41,,3.777,0.486
2000-07-17,5.17,5.8883395330319095,5.96,,6.46,,3.809,0.489
2000-07-18,5.16,5.910748948642608,5.965,,6.44,,3.835,0.472
2000-07-19,5.22,5.919423937645494,6.0,,6.46,,3.867,0.477
2000-07-20,5.22,5.958569552948456,6.01,,6.32,,3.844,
2000-07-21,5.16,5.953695196054098,5.89,,6.32,,3.834,0.479
2000-07-24,5.18,5.980290270942958,5.875,,6.35,,3.891,0.475
2000-07-25,5.15,5.947729846953391,5.93,,6.35,,3.847,0.481
2000-07-26,5.15,5.908091954159002,5.975,,6.29,,3.826,0.471
2000-07-27,5.16,5.909384420406254,6.055,,6.27,,3.878,0.461
2000-07-28,5.17,5.9726718555825915,6.12,,6.3,,3.92,0.446
2000-07-31,5.16,5.96969118490817,6.165,,6.3,,3.943,0.448
2000-08-01,5.14,5.9799887429217105,6.175,,6.27,,,0.455
2000-08-02,5.12,5.987925775352467,6.275,,6.23,,3.965,0.456
2000-08-03,5.15,5.947896396815394,6.26,,6.22,,3.961,0.456
2000-08-04,5.14,5.942449084425853,6.24,,6.15,,3.953,0.457
2000-08-07,5.09,5.9245844251510835,6.185,,6.2,,3.946,0.453
2000-08-08,5.1,5.924884671571345,6.2,,6.16,,3.913,0.469
2000-08-09,5.13,5.90564668866738,6.185,,6.18,,3.908,0.504
2000-08-10,5.1,5.909365971343886,6.265,,6.16,,3.895,0.535
2000-08-11,5.15,5.920676553203132,6.27,,6.25,,3.884,0.521
2000-08-14,5.2,5.961113589375764,6.335,,6.25,,3.862,0.53
2000-08-15,5.21,5.961473038987354,6.335,,6.28,,3.848,0.546
2000-08-16,5.27,5.988364415041552,6.345,,6.3,,3.884,0.557
2000-08-17,5.26,6.013564626869093,6.415,,6.3,,3.898,0.547
2000-08-18,5.26,5.984478226151559,6.435,,6.27,,3.887,0.548
2000-08-21,5.32,5.993565392256495,6.39,,6.28,,3.872,0.556
2000-08-22,5.3,5.995006559609947,6.375,,6.27,,3.887,0.566
2000-08-23,5.28,5.967330341175614,6.435,,6.2,,3.881,0.592
2000-08-24,5.25,5.945006624340653,6.39,,6.19,,3.866,0.597
2000-08-25,5.29,5.951029784468778,6.4,,6.19,,3.832,0.613
2000-08-28,5.28,,6.38,,6.23,,3.818,0.63
2000-08-29,5.29,5.9973338789842305,6.415,,6.26,,3.81,0.652
2000-08-30,5.3,5.9892546440314645,6.465,,6.24,,3.797,0.646
2000-08-31,5.26,5.988710618637713,6.415,,6.18,,3.804,0.645
2000-09-01,5.22,5.938711178657508,6.275,,6.09,,3.747,0.662
2000-09-04,5.13,5.943166043439393,6.165,,,,3.698,0.658
2000-09-05,5.16,5.954171320637075,6.21,,6.09,,3.685,0.661
2000-09-06,5.2,5.930167514438484,6.25,,6.11,,3.698,0.667
2000-09-07,5.25,5.890563948566349,6.305,,6.14,,3.716,0.66
2000-09-08,5.22,5.910065822665875,6.315,,6.11,,3.72,0.628
2000-09-11,5.26,5.91231699621237,6.275,,6.12,,3.721,0.62
2000-09-12,5.22,5.936131452158225,6.3,,6.12,,3.701,0.611
2000-09-13,5.19,5.930813640525606,6.27,,6.09,,3.7,0.612
2000-09-14,5.15,5.91608285181868,6.285,,6.11,,3.698,0.623
2000-09-15,5.12,5.920951823347249,6.25,,6.07,,3.659,
2000-09-18,5.12,5.900380058138891,6.305,,6.04,,3.658,0.623
2000-09-19,5.07,5.871928389232478,6.295,,6.05,,3.645,0.619
2000-09-20,5.09,5.880099699118018,6.31,,6.11,,3.601,0.624
2000-09-21,5.08,5.860165050509193,6.34,,6.11,,3.624,0.635
2000-09-22,5.04,5.825984247799095,6.22,,6.09,,3.574,0.619
2000-09-25,5.08,5.8652605697840885,6.255,,6.11,,3.602,0.631
2000-09-26,5.12,5.859220633631651,6.25,,6.07,,3.612,0.646
2000-09-27,5.09,5.859946566909155,6.26,,6.0,,3.613,0.646
2000-09-28,5.09,5.850915281455018,6.23,,6.02,,3.63,0.655
2000-09-29,5.1,5.788674289537448,6.235,,5.98,,3.615,0.646
2000-10-02,5.06,5.782093050027796,6.13,,5.98,,3.615,0.641
2000-10-03,,5.786301000663738,6.165,,6.0,,3.602,0.631
2000-10-04,5.05,5.796168332948503,6.145,,6.03,,3.591,0.627
2000-10-05,5.1,5.795448286246004,6.125,,6.02,,3.53,0.62
2000-10-06,5.1,5.79653508482246,6.11,,5.98,,3.584,0.618
2000-10-09,5.08,5.763920987008547,6.005,,,,3.587,
2000-10-10,5.09,5.802824923967152,6.07,,5.98,,3.576,0.615
2000-10-11,5.06,5.7679144054988924,6.055,,5.93,,3.572,0.604
2000-10-12,5.05,5.732791353657883,6.07,,5.86,,3.556,0.604
2000-10-13,4.99,5.705432231514768,5.975,,5.84,,3.547,0.586
2000-10-16,5.06,5.716927201742334,6.035,,5.89,,3.557,0.584
2000-10-17,5.06,5.721887160874711,6.05,,5.83,,3.578,0.59
2000-10-18,5.04,5.684623626941596,6.01,,5.82,,3.608,0.591
2000-10-19,5.08,5.685379269530306,6.015,,5.86,,3.558,0.583
2000-10-20,5.12,5.687148391956022,5.98,,5.84,,3.56,0.579
2000-10-23,5.11,5.69256406205202,5.95,,5.82,,3.558,0.59
2000-10-24,5.13,5.678362675472162,5.925,,5.86,,3.556,0.594
2000-10-25,5.13,5.6905778539211225,5.9,,5.87,,3.565,0.59
2000-10-26,5.14,5.680433554487325,6.01,,5.9,,3.553,0.58
2000-10-27,5.13,5.707193908618916,6.025,,5.94,,3.559,0.575
2000-10-30,5.11,5.69906398166157,6.045,,5.97,,3.571,0.571
2000-10-31,5.12,5.700166202809059,6.085,,5.94,,3.578,0.571
2000-11-01,5.1,5.664756708367042,6.045,,5.88,,3.578,0.579
2000-11-02,5.08,5.634317446052253,6.02,,5.87,,3.555,0.564
2000-11-03,5.07,5.631138552778487,6.015,,5.94,,3.562,
2000-11-06,5.1,5.6226406375052065,6.045,,5.99,,3.557,0.563
2000-11-07,5.1,5.623707541207092,6.035,,5.99,,3.561,0.567
2000-11-08,5.11,5.621484495051821,5.98,,5.99,,3.561,0.581
2000-11-09,5.11,5.612634386517322,5.96,,5.94,,3.581,0.579
2000-11-10,5.08,5.601389628863539,5.935,,5.92,,3.558,0.582
2000-11-13,5.04,5.565802113560654,5.885,,5.9,,3.542,0.572
2000-11-14,5.01,5.549328263040652,5.87,,5.92,,3.514,0.583
2000-11-15,5.03,5.505181215259238,5.895,,5.9,,3.541,0.579
2000-11-16,4.99,5.479515775469479,5.895,,5.87,,3.538,0.571
2000-11-17,4.99,5.484817661160402,5.825,,5.88,,3.546,0.562
2000-11-20,5.03,5.483317052739111,5.855,,5.87,,3.542,0.555
2000-11-21,5.04,5.501691076142101,5.845,,5.86,,3.561,0.555
2000-11-22,5.02,5.44188499012886,5.845,,5.85,,3.584,0.555
2000-11-23,5.02,5.4297028264091365,5.825,,,,3.594,
2000-11-24,5.04,5.436794509202536,5.84,,5.86,,3.639,0.555
2000-11-27,5.04,5.440812482121241,5.875,,5.86,,3.646,0.56
2000-11-28,5.0,5.41967789184817,5.835,,5.79,,3.654,0.56
2000-11-29,4.96,5.392284044972219,5.775,,5.69,,3.647,0.555
2000-11-30,4.9,5.370920912497633,5.71,,5.61,,3.614,0.545
2000-12-01,4.88,5.366681856543717,5.67,,5.62,,3.584,0.555
2000-12-04,4.82,5.346266886307691,5.65,,5.59,,3.582,0.569
2000-12-05,4.86,5.348235993760419,5.58,,5.49,,3.55,0.566
2000-12-06,4.74,5.303674412733796,5.55,,5.42,,3.507,0.572
2000-12-07,4.71,5.293797558460404,5.415,,5.45,,3.45,0.55
2000-12-08,4.72,5.31498077084503,5.41,,5.5,,3.462,0.563
2000-12-11,4.79,5.309492800047624,5.455,,5.52,,3.453,0.606
2000-12-12,4.79,5.304660804248784,5.445,,5.54,,3.404,0.593
2000-12-13,4.74,5.291126808851687,5.39,,5.45,,3.386,0.591
2000-12-14,4.69,5.328136494361071,5.32,,5.43,,3.34,0.564
2000-12-15,4.67,5.341334091045837,5.31,,5.38,,3.311,0.555
2000-12-18,4.64,5.338695491062314,5.28,,5.33,,3.251,0.563
2000-12-19,4.64,5.353439576862331,5.32,,5.35,,3.228,0.559
2000-12-20,4.57,5.24632300352238,5.33,,5.24,,3.234,0.555
2000-12-21,4.55,5.205517702531453,5.26,,5.14,,3.206,0.533
2000-12-22,4.55,5.195470293708635,5.24,,5.1,,3.235,0.517
2000-12-25,,,,,,,,0.51
2000-12-26,,,,,5.1,,,0.505
2000-12-27,4.51,5.181213391987958,5.245,,5.1,,3.222,0.499
2000-12-28,4.55,5.196344483326056,5.275,,5.18,,3.26,0.515
2000-12-29,4.51,5.170289364688855,5.265,,5.11,,3.232,0.515
2001-01-02,4.44,5.106456490895,5.22,,4.87,5.11,,
2001-01-03,4.36,5.089716222109493,5.075,,4.92,5.11,3.059,
2001-01-04,4.32,5.105950953391761,5.06,,4.77,4.99,3.071,0.475
2001-01-05,4.24,5.097658804973673,4.955,,4.56,4.88,3.049,0.454
2001-01-08,4.24,5.085497854138905,4.96,,4.54,4.89,3.012,
2001-01-09,4.3,5.127319053640927,4.97,,4.64,4.95,3.069,0.444
2001-01-10,4.37,5.14194287145298,4.95,,4.76,5.0,3.105,0.455
2001-01-11,4.38,5.144063439566862,4.945,,4.77,4.99,3.087,0.447
2001-01-12,4.42,5.185229488834977,4.955,,4.9,5.04,3.091,0.443
2001-01-15,4.48,5.15720880541977,5.05,,,5.04,3.122,0.448
2001-01-16,4.42,5.146384870227955,5.045,,4.89,5.07,3.115,0.444
2001-01-17,4.49,5.176088878686124,5.095,,4.84,5.06,3.153,0.445
2001-01-18,4.43,5.146348499760832,4.99,,4.72,4.99,3.184,0.426
2001-01-19,4.41,5.145890941909241,4.94,,4.75,4.99,3.132,0.416
2001-01-22,4.41,5.170848400948768,4.99,,4.75,5.04,3.144,0.378
2001-01-23,4.42,5.188412183202428,5.0,,4.82,5.04,3.175,0.377
2001-01-24,4.47,5.222744521179232,4.92,,4.81,5.08,3.177,0.387
2001-01-25,4.52,5.228152002285429,4.925,,4.78,5.03,3.222,0.377
2001-01-26,4.49,5.180923970448465,,,4.78,5.01,3.214,0.371
2001-01-29,4.52,5.168218009252803,4.875,,4.77,4.99,3.218,0.376
2001-01-30,4.5,5.139006936870961,4.88,,4.7,4.95,3.182,0.391
2001-01-31,4.39,5.085385516974402,4.805,,4.62,4.88,3.162,0.39
2001-02-01,4.37,5.1086599067320195,4.78,,4.55,4.87,3.144,0.396
2001-02-02,4.4,5.141354854000184,4.81,,4.65,4.96,3.145,0.417
2001-02-05,4.42,5.136197830510331,4.845,,4.68,4.96,3.132,0.401
2001-02-06,4.41,5.130251889282326,4.855,,4.72,4.95,3.137,0.405
2001-02-07,4.43,5.128115117859946,4.9,,4.7,4.94,3.142,0.395
2001-02-08,4.41,5.154520404652206,4.91,,4.73,4.95,3.157,0.365
2001-02-09,4.45,5.126782387666313,4.96,,4.67,4.92,3.197,0.339
2001-02-12,4.42,5.105018144717693,4.82,,4.67,4.94,3.174,
2001-02-13,4.41,5.094180194295394,4.84,,4.75,4.99,3.142,0.328
2001-02-14,4.45,5.139947378951865,4.92,,4.84,5.07,3.16,0.333
2001-02-15,4.48,5.19757357334927,5.07,,4.89,5.05,3.188,0.324
2001-02-16,4.49,5.163693593864271,5.04,,4.75,4.97,3.191,0.324
2001-02-19,4.49,5.143894597465291,4.925,,,4.95,3.192,0.306
2001-02-20,4.52,5.1109391943552245,4.925,,4.73,4.96,3.195,0.311
2001-02-21,4.51,5.095674096155341,4.94,,4.68,4.94,3.209,0.302
2001-02-22,4.55,5.094634724912335,4.895,,4.63,4.92,3.24,0.312
2001-02-23,4.55,5.0775293607435605,4.9,,4.53,4.88,3.23,0.278
2001-02-26,4.5,5.057147721011847,4.795,,4.46,4.81,3.211,0.248
2001-02-27,4.43,5.0336333863877645,4.815,,4.44,4.8,3.188,0.248
2001-02-28,4.36,5.032300556567771,4.79,,4.41,4.81,3.156,0.242
2001-03-01,4.35,5.040021492388748,4.805,,4.41,4.83,3.143,0.18
2001-03-02,4.39,5.055309207784302,4.805,,4.48,4.85,3.111,0.179
2001-03-05,4.41,5.078555108420885,4.735,,4.49,4.86,3.096,0.178
2001-03-06,4.44,5.089354191945738,4.735,,4.49,4.76,3.103,0.178
2001-03-07,4.4,5.089849850902718,4.625,,4.43,4.72,3.114,0.175
2001-03-08,4.38,5.046212895613307,4.625,,4.43,4.71,3.106,0.178
2001-03-09,4.37,5.025489065466603,4.58,,4.47,4.73,3.096,0.18
2001-03-12,4.4,4.993882862376154,4.59,,4.46,4.67,3.12,0.17
2001-03-13,4.4,4.99880756506549,4.535,,4.46,4.71,3.1,0.165
2001-03-14,4.4,4.923224635547638,4.51,,4.32,4.62,3.099,0.137
2001-03-15,4.32,4.893796919722198,4.46,,4.22,4.53,3.079,0.117
2001-03-16,4.28,4.832198891212457,4.455,,4.26,4.53,3.046,0.106
2001-03-19,4.28,4.815588913083968,4.415,,4.32,4.62,3.044,0.105
2001-03-20,4.3,4.85849519641013,4.465,,4.24,4.54,3.048,
2001-03-21,4.23,4.840878053266129,4.43,,4.21,4.54,3.05,0.085
2001-03-22,4.16,4.745093131971989,4.51,,4.17,4.52,3.055,0.084
2001-03-23,4.15,4.746215354773058,4.625,,4.24,4.58,2.971,0.105
2001-03-26,4.15,4.781142614379734,4.675,,4.27,4.61,2.938,0.104
2001-03-27,4.13,4.811169864584101,4.645,,4.41,4.74,2.938,0.127
2001-03-28,4.21,4.858924178188467,4.835,,4.3,4.69,2.965,0.148
2001-03-29,4.19,4.874507955911444,4.74,,4.27,4.73,2.978,0.149
2001-03-30,4.2,4.8641761318195345,4.7,,4.18,4.76,2.996,0.133
2001-04-02,4.16,4.821474518267973,4.655,,4.22,4.87,2.947,0.15
2001-04-03,4.21,4.806159070620416,4.74,,4.15,4.79,2.952,0.143
2001-04-04,4.17,4.805572794343183,4.59,,4.12,4.71,2.945,0.128
2001-04-05,4.23,4.824101279169744,4.705,,4.19,4.77,2.962,0.126
2001-04-06,4.23,4.783074952769285,4.78,,4.07,4.64,3.001,0.117
2001-04-09,4.16,4.76747511525036,4.69,,4.1,4.64,2.978,0.118
2001-04-10,4.17,4.816891135099036,4.74,,4.24,4.73,2.979,0.118
2001-04-11,4.24,4.939578381463325,4.845,,4.29,4.8,2.964,0.111
2001-04-12,4.42,4.968542212155808,4.915,,4.36,4.83,3.132,0.125
2001-04-13,,,,,,,,0.116
2001-04-16,,,,,4.49,4.88,,0.117
2001-04-17,4.44,4.984613339123833,4.9,,4.41,4.91,3.16,0.117
2001-04-18,4.52,5.003008268816842,4.955,,4.26,4.73,3.191,0.123
2001-04-19,4.41,4.984317579984827,4.725,,4.29,4.77,3.17,0.109
2001-04-20,4.49,4.983271311851757,4.83,,4.26,4.75,3.19,0.099
2001-04-23,4.45,4.919403578864173,4.81,,4.15,4.68,3.179,0.095
2001-04-24,4.57,4.933258213968328,4.83,,4.16,4.7,3.186,0.095
2001-04-25,4.53,4.931305171084133,,,4.2,4.76,3.2,0.101
2001-04-26,4.5,4.904310396134679,4.91,,4.14,4.73,3.173,0.097
2001-04-27,4.46,4.926612310542805,4.83,,4.28,4.85,3.151,0.097
2001-04-30,4.61,4.998769316170651,4.93,,4.3,4.88,3.163,
2001-05-01,,4.980755374305501,4.955,,4.23,4.83,,0.098
2001-05-02,4.62,4.986962753441652,4.955,,4.27,4.84,3.172,0.099
2001-05-03,4.61,4.969473500083031,4.95,,4.22,4.8,3.144,
2001-05-04,4.56,4.895034953554918,4.875,,4.14,4.73,3.111,
2001-05-07,4.52,,4.825,,4.12,4.71,3.097,0.095
2001-05-08,4.5,4.876709889473256,4.76,,4.1,4.72,3.088,0.096
2001-05-09,4.49,4.874981454166896,4.76,,4.07,4.69,3.095,0.088
2001-05-10,4.44,4.91576848911169,4.735,,4.17,4.75,3.068,0.073
2001-05-11,4.31,4.973913968060287,4.895,,4.36,4.9,3.022,0.053
2001-05-14,4.41,5.018218161494248,5.075,,4.29,4.9,3.051,0.055
2001-05-15,4.38,5.040627193298976,5.095,,4.28,4.86,3.078,0.069
2001-05-16,4.38,5.021560737176356,5.085,,4.25,4.81,3.055,0.064
2001-05-17,4.41,5.075208893901096,5.11,,4.33,4.95,3.066,0.06
2001-05-18,4.39,5.161923729039186,5.125,,4.37,4.98,3.08,0.045
2001-05-21,4.47,5.181752579378564,5.21,,4.37,,3.132,0.05
2001-05-22,4.43,5.169078132204776,5.16,,4.34,4.99,3.158,0.055
2001-05-23,4.49,5.152851763955411,5.145,,4.29,4.97,3.184,0.055
2001-05-24,4.43,5.187346181491495,5.12,,4.32,5.01,,0.055
2001-05-25,4.45,5.214941112733318,5.145,,4.31,4.96,3.212,0.056
2001-05-28,4.43,,5.14,,,4.93,3.197,0.056
2001-05-29,4.4,5.207771275533334,5.155,,4.33,4.98,3.176,0.056
2001-05-30,4.4,5.201848086121938,5.18,,4.34,4.99,3.166,0.056
2001-05-31,4.41,5.193964611422977,5.14,,4.22,4.93,3.175,0.052
2001-06-01,4.37,5.126797803034541,5.115,,4.22,4.9,3.166,0.052
2001-06-04,4.32,5.123081930833235,5.065,,4.19,4.86,,0.055
2001-06-05,4.32,5.143292459933405,5.07,,4.12,4.82,3.141,0.052
2001-06-06,4.27,5.152913731087136,5.285,,4.12,4.82,3.132,0.058
2001-06-07,4.29,5.153063511382168,5.28,,4.14,4.82,3.156,0.055
2001-06-08,4.3,5.164242416019716,5.305,,4.17,4.82,3.134,0.055
2001-06-11,4.3,5.172377478398901,,,4.11,4.77,3.032,0.053
2001-06-12,4.35,5.3811187627115205,5.275,,4.09,4.77,3.044,0.055
2001-06-13,4.38,5.428061199169666,5.2,,4.08,4.78,3.088,0.054
2001-06-14,4.38,5.389744858633092,5.14,,4.04,4.74,3.15,0.049
2001-06-15,4.3,5.3707656513896165,5.11,,4.01,4.75,3.14,0.054
2001-06-18,4.29,5.348433949234059,5.065,,3.98,4.73,3.134,0.055
2001-06-19,4.27,5.380588824499035,5.07,,3.99,4.74,3.134,0.055
2001-06-20,4.25,5.414238144555847,5.075,,3.98,4.73,3.121,0.055
2001-06-21,4.23,5.405802631150963,5.08,,3.99,4.73,3.115,0.055
2001-06-22,4.21,5.337699628111456,5.07,,3.93,4.69,3.111,0.055
2001-06-25,4.18,5.301251834650898,4.99,,3.96,4.7,3.058,0.06
2001-06-26,4.18,5.2922946291976745,5.0,,4.03,4.76,3.048,0.066
2001-06-27,4.21,5.321474845831489,5.14,,4.06,4.87,3.078,0.066
2001-06-28,4.18,5.414941419719293,5.245,,4.22,5.0,3.091,0.067
2001-06-29,4.3,5.459941242480508,5.32,,4.25,5.03,3.103,0.073
2001-07-02,4.29,5.442672276426702,5.345,,4.21,,3.132,0.078
2001-07-03,4.26,5.438777280819862,5.42,,4.24,5.04,3.129,0.079
2001-07-04,4.33,5.433774604276262,5.46,,,5.03,3.145,0.079
2001-07-05,4.35,5.41347536794493,5.42,,4.24,4.99,3.151,0.077
2001-07-06,4.38,5.298309769915036,5.425,,4.16,4.92,3.135,0.077
2001-07-09,4.35,5.317952406706616,5.4,,4.15,4.91,3.133,0.081
2001-07-10,4.36,5.290683321351694,5.42,,4.08,4.89,3.136,0.083
2001-07-11,4.29,5.215706476661803,5.35,,4.07,4.9,3.138,0.081
2001-07-12,4.32,5.262989562018692,5.48,,4.07,4.9,3.133,0.078
2001-07-13,4.28,5.281173004891305,5.46,,4.12,4.9,3.125,0.078
2001-07-16,4.29,5.272869704857839,5.44,,4.07,4.86,3.119,0.079
2001-07-17,4.29,5.295580441615507,5.415,,4.09,4.86,3.117,0.084
2001-07-18,4.31,5.291012577211175,5.39,,3.96,4.76,3.14,0.084
2001-07-19,4.23,5.34059732326856,5.29,,3.98,4.77,3.116,0.084
2001-07-20,4.24,5.2955911697460545,5.255,,3.98,4.73,3.138,
2001-07-23,4.22,5.261022895146336,5.3,,3.98,4.71,3.116,0.085
2001-07-24,4.2,5.249315721794298,5.33,,3.97,4.7,3.114,0.085
2001-07-25,4.21,5.244706396138283,5.45,,3.98,4.73,3.108,0.09
2001-07-26,4.26,5.215566750392647,5.485,,3.94,4.69,3.105,0.09
2001-07-27,4.18,5.1698745176138425,5.45,,3.87,4.66,3.095,0.09
2001-07-30,4.17,5.146318167463203,5.42,,3.86,4.65,3.054,0.091
2001-07-31,4.15,5.119635710748084,5.435,,3.79,4.63,3.045,0.091
2001-08-01,4.15,5.1650197325776555,5.355,,3.83,4.66,,0.091
2001-08-02,4.14,5.069521109291313,5.36,,3.89,4.69,3.046,0.097
2001-08-03,4.19,4.996565469684457,5.385,,3.91,4.69,3.048,0.104
2001-08-06,4.1,4.968897285556597,5.375,,3.88,,3.039,0.122
2001-08-07,4.13,4.972337917183521,5.31,,3.9,4.65,3.009,0.136
2001-08-08,4.14,4.9534898679236985,5.33,,3.77,4.56,3.022,0.126
2001-08-09,4.09,4.8757134710413315,5.015,,3.77,4.53,2.979,0.118
2001-08-10,4.05,4.842387706196164,5.02,,3.73,4.48,2.948,0.102
2001-08-13,4.04,4.814854211364355,5.07,,3.7,4.46,2.902,0.095
2001-08-14,4.03,4.880220180187326,5.075,,3.74,4.49,2.908,0.085
2001-08-15,4.06,5.017047570959797,5.125,,3.8,4.53,2.906,0.07
2001-08-16,4.03,5.03125775583417,5.15,,3.75,4.49,2.887,0.07
2001-08-17,4.0,4.949386830357747,5.09,,3.67,4.43,2.892,0.08
2001-08-20,3.97,4.983400227185854,5.05,,3.74,4.46,2.878,0.085
2001-08-21,3.99,5.008108301391793,5.065,,3.69,4.4,2.874,0.095
2001-08-22,4.02,5.016541566636992,4.99,,3.76,4.45,2.877,0.095
2001-08-23,4.02,4.980473869645265,5.035,,3.72,4.4,2.905,0.095
2001-08-24,4.06,4.994407865305048,5.03,,3.76,4.41,2.896,0.09
2001-08-27,4.09,,4.93,,3.78,4.38,2.895,0.087
2001-08-28,4.04,4.947692383517904,4.895,,3.71,4.3,2.892,0.086
2001-08-29,4.02,4.925277052340764,4.775,,3.67,4.26,2.875,0.086
2001-08-30,4.02,4.861317607241566,4.785,,3.61,4.22,2.873,0.086
2001-08-31,3.91,4.856234990101004,4.745,,3.64,4.15,2.814,0.086
2001-09-03,3.9,4.805934840007607,4.77,,,,2.767,0.087
2001-09-04,3.94,4.953327485152281,4.835,,3.83,4.25,2.782,0.085
2001-09-05,4.08,4.955193216672425,5.03,,3.79,4.21,2.834,0.077
2001-09-06,4.05,4.880241410936453,5.07,,3.65,4.09,2.83,0.072
2001-09-07,4.0,4.785968007445909,4.96,,3.53,3.95,2.843,0.065
2001-09-10,3.91,4.775624076914333,4.75,,3.53,3.97,2.797,0.063
2001-09-11,3.96,4.675181279277847,4.77,,,3.85,2.752,0.068
2001-09-12,3.7,4.533185317681165,4.4,,,3.67,2.671,0.065
2001-09-13,3.73,4.586309849913172,4.43,,2.99,3.65,2.724,0.064
2001-09-14,3.66,4.502786528949914,4.39,,2.87,3.57,2.67,0.065
2001-09-17,3.65,4.552213057706169,4.25,,2.96,3.57,2.614,0.06
2001-09-18,3.56,4.554802131637513,4.215,,2.96,3.55,2.54,0.06
2001-09-19,3.6,4.5610837461910805,4.31,,2.81,3.42,2.542,0.07
2001-09-20,3.54,4.573599415728172,4.235,,2.91,3.42,2.537,0.079
2001-09-21,3.54,4.511856122109143,4.275,,2.91,3.4,2.528,0.08
2001-09-24,3.59,4.51962983276233,4.3,,2.94,3.45,2.484,
2001-09-25,3.56,4.507004146709962,4.33,,2.88,3.39,2.419,0.08
2001-09-26,3.57,4.518627926556647,4.27,,2.82,3.38,2.417,0.085
2001-09-27,3.54,4.4990849115488265,4.245,,2.78,3.33,2.418,0.086
2001-09-28,3.5,4.5307966076455175,4.26,,2.86,3.66,2.426,0.085
2001-10-01,3.53,4.565842902473273,4.245,,2.82,3.62,2.396,0.086
2001-10-02,3.49,4.528163058315383,4.215,,2.77,3.53,2.409,0.081
2001-10-03,3.41,4.450790010070585,4.25,,2.77,3.49,2.353,0.082
2001-10-04,3.41,4.4423212759666635,4.285,,2.75,3.45,2.321,0.082
2001-10-05,3.37,4.444799475443134,4.22,,2.71,3.43,2.216,0.084
2001-10-08,3.36,4.444669549940518,4.125,,,,2.17,
2001-10-09,3.41,4.536228979118599,4.14,,2.74,3.45,2.18,0.086
2001-10-10,3.46,4.568090591264074,4.17,,2.78,3.47,2.161,0.086
2001-10-11,3.46,4.614999025622449,4.255,,2.88,3.56,2.183,0.081
2001-10-12,3.52,4.593338512287045,4.375,,2.81,3.52,2.294,0.083
2001-10-15,3.46,4.5270036652528525,4.315,,2.78,3.48,2.272,0.084
2001-10-16,3.45,4.508314031834493,4.295,,2.77,3.47,2.258,0.08
2001-10-17,3.44,4.478040817318456,4.29,,2.8,3.49,2.221,0.084
2001-10-18,3.44,4.482527293339471,4.26,,2.77,3.45,2.263,0.085
2001-10-19,3.37,4.451224175435708,4.26,,2.77,3.44,2.254,0.085
2001-10-22,3.4,4.421647899981475,4.285,,2.79,3.45,2.248,0.09
2001-10-23,3.41,4.427276752107741,4.395,,2.81,3.26,2.245,0.086
2001-10-24,3.4,4.330308441975977,4.27,,2.72,3.21,2.246,0.086
2001-10-25,3.38,4.251353386902101,4.155,,2.63,3.15,2.245,0.085
2001-10-26,3.34,4.27898445801314,4.155,,2.63,3.12,2.237,0.085
2001-10-29,3.26,4.249427681200951,4.1,,2.55,3.04,2.173,0.085
2001-10-30,3.2,4.162206033213568,4.04,,2.48,2.95,2.115,0.086
2001-10-31,3.19,4.158101459384636,3.995,,2.44,2.92,2.058,0.087
2001-11-01,3.17,4.113356010425345,4.05,,2.49,2.97,2.015,0.087
2001-11-02,3.15,4.128971364514397,4.05,,2.48,2.94,2.017,0.087
2001-11-05,3.13,4.024695246597811,4.02,,2.46,2.89,2.029,0.087
2001-11-06,3.06,4.038244791758996,3.99,,2.37,2.77,1.984,0.087
2001-11-07,3.02,3.9536170137165625,3.915,,2.32,2.65,1.932,0.085
2001-11-08,2.97,3.9240553391999224,3.855,,2.42,2.66,1.93,0.083
2001-11-09,3.04,3.899308253875453,3.925,,2.45,2.68,1.969,0.083
2001-11-12,3.12,3.858579918409365,4.095,,,,1.988,0.083
2001-11-13,3.12,3.9596282755761796,4.06,,2.54,2.76,1.999,0.084
2001-11-14,3.18,4.096524213059353,4.165,,2.7,2.99,2.109,0.085
2001-11-15,3.34,4.248683252733195,4.37,,2.98,3.29,2.259,0.089
2001-11-16,3.43,4.263630235069664,4.55,,3.09,3.4,2.467,0.089
2001-11-19,3.5,4.232809140275935,4.585,,2.92,3.27,2.382,0.09
2001-11-20,3.38,4.203070423989859,4.47,,2.96,3.33,2.372,0.09
2001-11-21,3.41,4.290899260355675,4.595,,3.11,3.38,2.371,0.09
2001-11-22,3.57,4.298196174203497,4.72,,,3.4,2.394,0.09
2001-11-23,3.52,4.279535931745891,4.785,,3.2,3.43,2.364,
2001-11-26,3.51,4.261465855922262,4.705,,3.22,3.41,2.379,0.097
2001-11-27,3.57,4.447374338918171,4.71,,3.11,3.35,2.406,0.1
2001-11-28,3.56,4.381867980236656,4.555,,3.12,3.37,2.384,0.1
2001-11-29,3.51,4.3543280996703775,4.56,,2.87,3.22,2.405,0.116
2001-11-30,3.43,4.294182698855943,4.47,,2.84,3.18,2.376,0.105
2001-12-03,3.37,4.2262391135028725,4.46,,2.82,3.08,2.297,0.105
2001-12-04,3.41,4.220114831740333,4.54,,2.81,3.11,2.284,0.1
2001-12-05,3.44,4.398390300484709,4.545,,3.07,3.42,2.266,0.09
2001-12-06,3.68,4.506321137560142,4.745,,3.19,3.51,2.4,0.09
2001-12-07,3.69,4.604012922778993,4.68,,3.19,3.49,2.376,0.09
2001-12-10,3.71,4.566441942158063,4.685,,3.1,3.34,2.435,0.088
2001-12-11,3.64,4.522559060879259,4.645,,3.03,3.28,2.412,0.085
2001-12-12,3.59,4.426902670828167,4.66,,2.97,3.26,2.417,0.085
2001-12-13,3.54,4.493942311834683,4.55,,3.09,3.34,2.345,0.085
2001-12-14,3.62,4.568607910166611,4.6,,3.2,3.41,2.332,0.085
2001-12-17,3.7,4.587806518475644,4.645,,3.21,3.35,2.402,0.085
2001-12-18,3.66,4.579111029431055,4.655,,3.13,3.3,2.411,0.085
2001-12-19,3.58,4.539707956489122,4.595,,3.11,3.24,2.382,0.085
2001-12-20,3.57,4.542558443266991,4.575,,3.15,3.19,2.38,0.084
2001-12-21,3.6,4.584561410374756,4.615,,3.17,3.17,2.417,0.075
2001-12-24,,4.557374199457998,4.62,,3.22,3.21,,
2001-12-25,,,,,,,,0.075
2001-12-26,,,,,3.26,,,0.075
2001-12-27,3.71,4.672493557518337,4.77,,3.19,3.18,2.441,0.076
2001-12-28,3.7,4.6973266060126715,4.7,,3.16,3.2,2.454,0.076
2001-12-31,,4.718996964884914,4.7,,3.07,3.15,,
2002-01-02,3.63,4.652219056056833,4.615,,3.22,3.25,,
2002-01-03,3.65,4.544827515980558,4.73,,3.19,3.19,2.445,
2002-01-04,3.68,4.655219223889686,4.715,,3.19,3.24,2.446,0.079
2002-01-07,3.73,4.6692233794573905,4.725,,3.08,3.15,2.417,0.077
2002-01-08,3.66,4.681551060351511,4.635,,3.07,3.14,2.352,0.078
2002-01-09,3.71,4.76979236125991,4.64,,3.03,3.05,2.433,0.078
2002-01-10,3.76,4.7234157896135205,4.605,,2.94,3.03,2.389,0.078
2002-01-11,3.77,4.746779567607909,4.565,,2.76,2.75,2.452,0.076
2002-01-14,3.7,4.640308574978441,4.42,,2.79,2.74,2.329,
2002-01-15,3.76,4.6536175978097525,4.485,,2.79,2.85,2.344,0.078
2002-01-16,3.73,4.602799290734153,4.515,,2.84,2.84,2.363,0.074
2002-01-17,3.76,4.563953907398367,4.575,,2.96,3.02,2.384,0.079
2002-01-18,3.77,4.5456758193371565,4.645,,2.91,2.99,2.396,0.074
2002-01-21,3.78,4.4846480074194774,4.7,,,3.05,2.393,0.08
2002-01-22,3.81,4.540824524209385,4.72,,2.97,3.09,2.402,0.081
2002-01-23,3.85,4.486818493874045,4.835,,3.07,3.12,2.458,0.071
2002-01-24,3.86,4.569966706086853,4.89,,3.15,3.22,2.466,0.071
2002-01-25,3.97,4.713190983221115,4.955,,3.17,3.27,2.508,0.071
2002-01-28,4.01,4.701731451047509,,,3.19,3.26,2.586,0.067
2002-01-29,3.96,4.680295089309962,4.99,,3.05,3.16,2.596,0.072
2002-01-30,3.92,4.658294662610941,4.92,,3.06,3.25,2.593,0.071
2002-01-31,4.02,4.67504752758197,5.03,,3.16,3.32,2.575,0.065
2002-02-01,3.98,4.666872369059856,5.05,,3.08,3.27,2.571,0.063
2002-02-04,3.91,4.602114595806077,4.98,,2.99,3.15,2.53,0.06
2002-02-05,3.88,4.564206432771305,4.91,,2.99,3.15,2.467,0.06
2002-02-06,3.82,4.552504858912929,4.875,,2.98,3.14,2.453,0.057
2002-02-07,3.86,4.650543158321126,4.84,,2.99,3.16,2.448,0.06
2002-02-08,3.92,4.6156860977458525,4.88,,2.95,3.2,2.477,0.057
2002-02-11,3.92,4.619465464915526,4.96,,2.95,3.23,2.475,
2002-02-12,3.93,4.776711134669017,4.97,,3.04,3.27,2.451,0.055
2002-02-13,3.97,4.752520184728675,5.045,,3.09,3.32,2.464,0.06
2002-02-14,3.97,4.71442397327704,5.175,,3.07,3.36,2.47,0.06
2002-02-15,3.96,4.671326036260357,5.13,,2.97,3.25,2.489,0.055
2002-02-18,3.9,4.679014448656575,5.085,,,3.27,2.456,0.06
2002-02-19,3.9,4.642940499901577,5.09,,2.98,3.26,2.45,0.07
2002-02-20,3.97,4.628181690081253,5.05,,3.0,3.28,2.442,0.075
2002-02-21,3.98,4.625257505489341,5.105,,3.0,3.27,2.442,0.08
2002-02-22,3.89,4.591550434133189,5.025,,2.97,3.24,2.426,0.08
2002-02-25,3.9,4.620088744930928,5.025,,3.01,3.28,2.417,0.081
2002-02-26,3.98,4.636408956139652,5.065,,3.08,3.33,2.426,0.086
2002-02-27,3.98,4.6446488419839325,5.14,,3.09,3.23,2.448,0.086
2002-02-28,3.91,4.634129171660698,5.055,,3.06,3.29,2.476,0.081
2002-03-01,3.94,4.702761919775879,5.105,,3.18,3.42,2.491,0.081
2002-03-04,4.03,4.750741979017661,5.26,,3.24,3.45,2.525,0.075
2002-03-05,4.04,4.797136031144863,5.23,,3.25,3.48,2.544,0.072
2002-03-06,4.09,4.7893713826552196,5.18,,3.26,3.48,2.594,0.07
2002-03-07,4.1,4.889722246345671,5.285,,3.36,3.7,2.595,0.065
2002-03-08,4.17,4.913004984907279,5.4,,3.6,3.87,2.657,0.065
2002-03-11,4.19,4.898799981029686,5.4,,3.59,3.85,2.659,0.068
2002-03-12,4.19,4.885410557629284,5.38,,3.56,3.9,2.634,0.063
2002-03-13,4.23,4.902891666109255,5.425,,3.49,3.85,2.619,0.06
2002-03-14,4.24,4.912993154266608,5.385,,3.63,3.98,2.598,0.058
2002-03-15,4.25,4.937411396510995,5.535,,3.63,3.99,2.621,0.059
2002-03-18,4.29,4.925650751244858,5.515,,3.67,4.02,2.527,0.055
2002-03-19,4.26,4.9098780815705885,5.555,,3.64,4.34,2.572,0.05
2002-03-20,4.21,4.931002233089094,5.525,,3.71,4.46,2.6,0.049
2002-03-21,4.29,5.001672990663372,5.595,,3.73,4.63,2.667,
2002-03-22,4.32,5.015655801168044,5.565,,3.77,4.65,2.699,0.045
2002-03-25,4.38,5.038231284135483,5.58,,3.78,4.59,2.685,0.05
2002-03-26,4.38,5.012707326956285,5.615,,3.68,4.5,2.707,0.05
2002-03-27,4.34,4.96870617178211,5.55,,3.66,4.5,2.678,0.05
2002-03-28,4.3,5.008978088574591,5.545,,3.72,4.49,2.592,0.05
2002-03-29,,,,,,,,0.051
2002-04-01,,,,,3.74,4.5,,0.056
2002-04-02,4.37,5.018902800639576,5.715,,3.63,4.43,2.59,0.05
2002-04-03,4.33,4.9626788853687565,5.615,,3.55,4.34,2.534,0.052
2002-04-04,4.29,4.916772939603537,5.495,,3.57,4.32,2.493,0.052
2002-04-05,4.28,4.895698669867047,5.485,,3.49,4.33,2.486,0.055
2002-04-08,4.22,4.880339506238337,5.445,,3.51,4.39,2.476,0.055
2002-04-09,4.25,4.897921662421642,5.505,,3.48,4.36,2.476,0.055
2002-04-10,4.21,4.900004540273964,5.43,,3.48,4.37,2.469,0.053
2002-04-11,4.26,4.859564561483363,5.545,,3.47,4.3,2.51,0.05
2002-04-12,4.23,4.827020766906662,5.525,,3.41,4.21,2.465,0.053
2002-04-15,4.17,4.80381149256812,5.485,,3.38,4.17,2.426,0.053
2002-04-16,4.18,4.886411324092134,5.47,,3.43,4.29,2.431,0.054
2002-04-17,4.25,4.886222599392066,5.52,,3.41,4.28,2.475,0.054
2002-04-18,4.22,4.873954298152883,5.455,,3.38,4.18,2.449,0.055
2002-04-19,4.2,4.8717382637774005,5.49,,3.36,4.19,2.39,0.055
2002-04-22,4.18,4.823127753794079,5.475,,3.37,4.19,2.389,0.055
2002-04-23,4.16,4.85204028676397,5.475,,3.39,4.2,2.379,0.055
2002-04-24,4.19,4.833961966598191,5.52,,3.28,4.21,2.397,0.06
2002-04-25,4.08,4.775231061038297,,,3.25,4.18,2.357,0.059
2002-04-26,4.1,4.7284155981485,5.39,,3.22,4.15,2.345,0.055
2002-04-29,4.1,4.763952585382459,5.265,,3.26,4.18,2.335,
2002-04-30,4.1,4.775945674532241,5.28,,3.24,4.18,2.381,0.055
2002-05-01,,4.759034648958663,5.27,,3.21,4.14,,0.053
2002-05-02,4.11,4.826564695921386,5.27,,3.25,4.16,2.257,0.05
2002-05-03,4.22,4.795940448503153,5.345,,3.17,4.05,2.147,
2002-05-06,4.18,,5.35,,3.19,4.01,2.121,
2002-05-07,4.11,4.7682979641793315,5.3,,3.14,3.94,2.124,0.052
2002-05-08,4.16,4.7953579689301575,5.41,,3.32,4.1,2.077,0.052
2002-05-09,4.27,4.833533460698878,5.55,,3.27,4.06,,0.052
2002-05-10,4.26,4.848272749942842,5.56,,3.19,4.13,2.122,0.052
2002-05-13,4.29,4.829783425570413,5.51,,3.28,4.21,2.073,0.051
2002-05-14,4.4,4.8742446437780576,5.555,,3.4,4.34,2.042,0.051
2002-05-15,4.4,4.932955286078886,5.66,,3.37,4.31,2.178,0.051
2002-05-16,4.38,4.924208181234007,5.665,,3.28,4.25,2.144,0.051
2002-05-17,4.42,4.959011727929718,5.65,,3.41,4.33,2.158,0.051
2002-05-20,4.4,4.929558250636002,5.705,,3.33,,,0.05
2002-05-21,4.37,4.911547454339491,5.65,,3.28,4.21,2.162,0.055
2002-05-22,4.26,4.870195726697275,5.595,,3.23,4.17,2.112,0.05
2002-05-23,4.3,4.890053194151365,5.565,,3.28,4.19,2.119,0.061
2002-05-24,4.27,4.8746952777879775,5.6,,3.28,4.17,2.112,0.061
2002-05-27,4.32,4.882684180553826,5.645,,,4.21,2.177,0.066
2002-05-28,4.32,4.864201067986498,5.685,,3.3,4.2,2.292,0.061
2002-05-29,4.32,4.851833244159431,5.635,,3.24,4.15,2.253,0.066
2002-05-30,4.24,4.862464438260253,5.635,,3.17,4.07,2.217,0.066
2002-05-31,4.27,4.894122588581201,5.73,,3.22,4.14,2.192,0.067
2002-06-03,4.32,,5.89,,3.19,4.12,2.197,0.067
2002-06-04,4.26,,5.835,,3.13,4.14,2.17,0.067
2002-06-05,4.24,4.857173116721971,5.82,,3.16,4.16,2.188,0.067
2002-06-06,4.27,4.825785775627549,5.79,,3.13,4.11,2.217,0.067
2002-06-07,4.21,4.802332011208115,5.675,,3.16,4.14,2.223,0.068
2002-06-10,4.21,4.8148331126555055,,,3.15,4.16,2.188,0.068
2002-06-11,4.23,4.849972228879011,5.665,,3.09,4.16,2.153,0.068
2002-06-12,4.21,4.840008798558642,5.585,,3.05,4.17,2.166,0.068
2002-06-13,4.22,4.778129944023648,5.605,,3.0,4.08,2.165,0.069
2002-06-14,4.07,4.739928559320657,5.465,,2.92,3.94,2.131,0.069
2002-06-17,4.13,4.770399273961758,5.42,,2.96,3.95,2.087,0.065
2002-06-18,4.05,4.746916082826088,5.45,,2.93,3.93,2.09,0.065
2002-06-19,4.05,4.727827158256459,5.38,,2.81,3.88,2.071,0.065
2002-06-20,4.06,4.7323457051913875,5.38,,2.93,3.97,2.066,0.065
2002-06-21,4.08,4.732174706974446,5.42,,2.88,3.94,2.084,0.065
2002-06-24,4.04,4.6866076602268105,5.48,,2.93,3.95,2.031,0.065
2002-06-25,4.04,4.75277072390421,5.475,,2.92,3.93,2.008,0.06
2002-06-26,3.95,4.656342068898642,5.27,,2.77,3.84,1.936,0.06
2002-06-27,4.02,4.675916825183496,5.38,,2.85,3.86,2.019,0.06
2002-06-28,3.99,4.713547310196379,5.44,,2.9,3.92,2.072,0.06
2002-07-01,3.99,4.7010697415436,5.46,,2.88,,2.024,0.06
2002-07-02,3.96,4.6824792209665445,5.415,,2.78,3.82,2.007,0.06
2002-07-03,3.95,4.655995452088143,5.32,,2.78,3.81,1.969,0.06
2002-07-04,4.02,4.682623643568327,5.355,,,3.83,1.93,0.06
2002-07-05,4.03,4.742263063194585,5.42,,2.9,3.98,1.938,0.06
2002-07-08,4.02,4.736637578232135,5.47,,2.84,3.95,1.921,0.055
2002-07-09,4.05,4.712459836829626,5.44,,2.74,3.89,1.939,0.055
2002-07-10,3.93,4.659126987835068,5.335,,2.61,3.78,1.935,0.055
2002-07-11,3.89,4.589854572645912,5.225,,2.61,3.74,1.849,0.052
2002-07-12,3.96,4.5655230260439845,5.26,,2.56,3.63,1.862,0.055
2002-07-15,3.9,4.50553611633039,5.155,,2.55,3.56,1.821,0.051
2002-07-16,3.78,4.4143388295162005,5.21,,2.66,3.6,1.79,0.051
2002-07-17,3.9,4.471131786223225,5.225,,2.63,3.61,1.795,0.051
2002-07-18,3.91,4.487422063481347,5.22,,2.55,3.55,1.804,0.05
2002-07-19,3.82,4.4217236907017,5.16,,2.48,3.47,1.747,0.05
2002-07-22,3.79,4.362003947096801,5.065,,2.4,3.32,1.585,0.055
2002-07-23,3.8,4.37241625994681,5.115,,2.34,3.2,1.622,0.055
2002-07-24,3.67,4.222525122348934,5.0,,2.38,3.34,1.55,0.055
2002-07-25,3.69,4.280998393586082,5.07,,2.28,3.24,1.538,0.05
2002-07-26,3.64,4.23663704685885,4.99,,2.2,3.2,1.53,0.045
2002-07-29,3.66,4.275105758413599,5.035,,2.41,3.44,1.407,0.046
2002-07-30,3.73,4.263351350105846,5.145,,2.44,3.46,1.539,0.046
2002-07-31,3.7,4.167174927900724,5.175,,2.23,3.32,1.56,0.04
2002-08-01,3.63,4.082332823634691,5.125,,2.15,3.13,,0.035
2002-08-02,3.53,4.049363144237203,5.02,,1.99,3.02,1.353,0.033
2002-08-05,3.38,3.9556928956536197,4.9,,1.93,,1.295,0.032
2002-08-06,3.46,4.036729155226852,4.85,,2.11,3.08,1.246,0.032
2002-08-07,3.53,3.980227849448285,4.94,,1.98,3.01,1.372,0.032
2002-08-08,3.48,4.020593457662801,4.855,,2.1,3.07,1.41,0.032
2002-08-09,3.48,4.027683201884861,4.935,,2.1,3.12,1.433,0.032
2002-08-12,3.49,4.022509217864531,4.95,,2.1,3.13,1.402,0.031
2002-08-13,3.48,4.022563276082581,4.94,,2.0,3.02,1.379,0.031
2002-08-14,3.41,3.972734884019153,4.84,,2.12,3.26,1.384,0.031
2002-08-15,3.55,4.141210836571085,4.965,,2.22,3.32,1.402,0.031
2002-08-16,3.63,4.175911947633318,5.02,,2.28,3.39,1.51,0.031
2002-08-19,3.65,4.180295341360023,5.105,,2.25,3.4,1.519,0.03
2002-08-20,3.62,4.131394603576764,5.11,,2.12,3.29,1.504,0.03
2002-08-21,3.66,4.172385662069012,5.075,,2.12,3.38,1.505,0.02
2002-08-22,3.7,4.19525778051192,5.13,,2.22,3.55,1.594,0.015
2002-08-23,3.68,4.163137063062192,5.175,,2.19,3.5,1.625,0.015
2002-08-26,3.7,,5.155,,2.19,3.48,1.56,0.02
2002-08-27,3.65,4.1439787886504,5.12,,2.26,3.57,1.541,0.019
2002-08-28,3.64,4.072874049750812,5.21,,2.23,3.53,1.507,0.019
2002-08-29,3.53,4.021842019978971,5.155,,2.14,3.47,1.413,0.02
2002-08-30,3.49,4.036061353318874,5.1,,2.14,3.48,1.384,0.02
2002-09-02,3.42,3.9707018769619116,5.03,,,,1.363,0.02
2002-09-03,3.4,3.8993708023547824,4.915,,2.01,3.29,1.387,0.02
2002-09-04,3.33,3.877508687417377,4.84,,2.02,3.21,1.339,0.02
2002-09-05,3.25,3.867901727458189,4.87,,1.95,3.13,1.324,0.02
2002-09-06,3.23,3.8768838226555458,4.8,,2.08,3.31,1.297,0.02
2002-09-09,3.34,3.9201813767691447,4.93,,2.13,3.37,1.343,0.02
2002-09-10,3.4,3.999410125262653,5.0,,2.12,3.34,1.404,0.02
2002-09-11,3.43,4.087801308481802,5.035,,2.18,3.41,1.384,0.025
2002-09-12,3.4,4.020060405273424,5.21,,2.12,3.34,1.313,0.025
2002-09-13,3.31,3.9626086729939063,5.06,,2.07,3.49,1.274,0.025
2002-09-16,3.29,3.9232381804909666,5.01,,2.07,3.57,1.316,
2002-09-17,3.3,3.9561953543456503,5.125,,2.06,3.48,1.324,0.025
2002-09-18,3.23,3.8829678769321765,5.015,,2.04,3.52,1.25,0.039
2002-09-19,3.27,3.7896848409030657,4.985,,1.93,3.44,1.25,0.039
2002-09-20,3.25,3.783964910422472,4.905,,1.94,3.47,1.241,0.045
2002-09-23,3.21,3.741898098319378,4.87,,1.93,3.38,1.287,
2002-09-24,3.16,3.7262387368518493,4.875,,1.93,3.39,1.272,0.05
2002-09-25,3.24,3.76020825714833,4.83,,2.0,3.48,1.23,0.05
2002-09-26,3.21,3.787839307026575,4.935,,1.97,3.47,1.257,0.05
2002-09-27,3.19,3.7922119550570743,4.955,,1.82,3.36,1.303,0.055
2002-09-30,3.16,3.6893289017183744,4.84,,1.72,3.34,1.275,0.056
2002-10-01,3.09,3.6862225846691468,4.825,,1.8,3.41,1.251,0.043
2002-10-02,3.19,3.765511595815851,4.915,,1.75,3.37,1.25,0.043
2002-10-03,3.1,3.795614271827597,4.86,,1.75,3.39,1.255,0.043
2002-10-04,3.12,3.8367069764897823,4.875,,1.78,3.48,1.239,0.043
2002-10-07,3.0,3.7657552243223242,4.855,,1.77,3.43,1.228,0.042
2002-10-08,3.08,3.7621254350136537,4.87,,1.8,3.46,1.227,0.042
2002-10-09,3.09,3.7739700914464422,4.915,,1.72,3.4,1.218,0.04
2002-10-10,3.05,3.848056368502583,4.835,,1.75,3.38,1.244,0.04
2002-10-11,3.2,3.9068415461175117,4.88,,1.85,3.41,1.28,0.04
2002-10-14,3.22,3.910289457600827,4.955,,,,1.311,
2002-10-15,3.3,4.018418789640409,4.955,,2.08,3.55,1.324,0.04
2002-10-16,3.34,4.028479548268577,5.085,,2.02,3.55,1.329,0.04
2002-10-17,3.43,4.020113998340187,5.145,,2.1,3.58,1.318,0.04
2002-10-18,3.31,4.017294327379681,5.13,,2.09,3.55,1.301,0.04
2002-10-21,3.27,4.012868555651428,5.09,,2.23,3.64,1.289,0.045
2002-10-22,3.31,4.05235026671215,5.205,,2.21,3.64,1.269,0.045
2002-10-23,3.3,3.959685663856017,5.18,,2.2,3.59,1.249,0.045
2002-10-24,3.3,3.977236254915191,5.115,,2.09,3.54,1.242,0.046
2002-10-25,3.31,3.91688529149608,5.055,,1.98,3.51,1.243,0.046
2002-10-28,3.23,3.854025198024034,4.93,,1.88,3.49,1.209,0.046
2002-10-29,3.22,3.8106593471909314,4.905,,1.79,3.42,1.192,0.046
2002-10-30,3.15,3.838966715194339,4.855,,1.74,3.39,1.047,0.046
2002-10-31,3.2,3.8231148236327788,4.795,,1.68,3.27,1.072,0.038
2002-11-01,3.11,3.8657428411799883,4.73,,1.76,3.26,1.025,0.038
2002-11-04,3.16,3.8734328697311415,4.81,,1.79,3.25,1.06,
2002-11-05,3.16,3.9017035929327344,4.83,,1.82,3.26,1.04,0.037
2002-11-06,3.23,3.9123620449689898,4.86,,1.87,3.27,1.051,0.04
2002-11-07,3.19,3.922930506475252,4.805,,1.86,3.24,1.103,0.04
2002-11-08,3.13,3.9055725309149443,4.78,,1.87,3.31,1.044,0.04
2002-11-11,3.07,3.875448028992185,4.655,,,,1.013,0.04
2002-11-12,3.06,3.860622552340189,4.635,,1.79,3.27,0.988,0.04
2002-11-13,3.06,3.8860472905650285,4.63,,1.76,3.26,1.002,0.04
2002-11-14,3.07,3.94174790095229,4.65,,1.89,3.36,1.063,0.04
2002-11-15,3.11,3.933365265664448,4.765,,1.91,3.34,1.062,0.04
2002-11-18,3.14,3.951189162620467,4.74,,1.91,3.32,1.044,0.039
2002-11-19,3.09,3.943566096395595,4.725,,1.91,3.31,1.065,0.04
2002-11-20,3.11,3.921609040130118,4.7,,1.98,3.34,1.084,0.04
2002-11-21,3.09,4.018804820130264,4.81,,2.05,3.41,1.158,0.05
2002-11-22,3.1,4.020454739257777,4.87,,2.1,3.4,1.135,0.055
2002-11-25,3.19,4.037715560601491,4.91,,2.09,3.39,1.223,0.055
2002-11-26,3.12,4.011977159677233,4.86,,1.97,3.34,1.21,0.055
2002-11-27,3.16,4.088636064155123,4.77,,2.13,3.47,1.198,0.055
2002-11-28,3.18,4.131684314688672,4.885,,,3.46,1.248,0.055
2002-11-29,3.16,4.1214827968604775,4.89,,2.08,3.43,1.224,0.055
2002-12-02,3.16,4.1558086738341276,4.95,,2.07,3.45,1.226,0.055
2002-12-03,3.18,4.126232503301597,4.935,,2.08,3.42,1.168,0.055
2002-12-04,3.15,4.112579477168281,4.835,,2.02,3.37,1.148,0.055
2002-12-05,3.14,4.075228127676241,4.785,,1.97,3.38,1.116,0.055
2002-12-06,3.1,4.025898013106524,4.77,,1.89,3.36,1.091,0.055
2002-12-09,3.02,3.9619930280240485,4.69,,1.88,3.29,1.06,0.055
2002-12-10,3.02,3.9471344531409653,4.695,,1.9,3.33,1.004,0.055
2002-12-11,3.01,3.951947301848531,4.685,,1.85,3.31,1.008,0.055
2002-12-12,2.93,3.9032628266555234,4.69,,1.85,3.3,0.957,0.055
2002-12-13,2.88,3.895846583313734,4.63,,1.87,3.29,0.983,0.055
2002-12-16,2.92,3.9124974225141136,4.645,,1.94,3.33,0.994,0.054
2002-12-17,2.91,3.935060066757702,4.675,,1.89,3.29,1.008,0.05
2002-12-18,2.86,3.8919387769852607,4.595,,1.81,3.24,0.999,0.05
2002-12-19,2.86,3.870011631837184,4.545,,1.74,3.2,0.971,0.05
2002-12-20,2.84,3.881013452018444,4.565,,1.76,3.21,0.928,0.055
2002-12-23,2.86,3.8659516642964924,4.565,,1.79,3.23,0.958,
2002-12-24,,3.877937746335526,4.605,,1.73,3.18,,0.056
2002-12-25,,,,,,,,0.056
2002-12-26,,,,,1.7,,,0.05
2002-12-27,2.81,3.791696298975305,4.535,,1.6,3.08,0.86,0.05
2002-12-30,2.79,3.7866943477776536,4.51,,1.61,3.09,0.786,0.05
2002-12-31,,3.765628371283046,4.55,,1.61,3.09,,
2003-01-02,2.76,3.8065427855549183,4.545,,1.8,3.22,,
2003-01-03,2.84,3.8209412864474133,4.735,,1.79,3.22,0.872,
2003-01-06,2.83,3.818196390996387,4.775,,1.84,3.24,0.811,0.05
2003-01-07,2.76,3.8154891390860137,4.72,,1.77,3.16,0.805,0.05
2003-01-08,2.75,3.7797572562197748,4.67,,1.71,3.12,0.839,0.05
2003-01-09,2.7,3.7843765099538635,4.7,,1.87,3.16,0.774,0.05
2003-01-10,2.76,3.7772220943167936,4.75,,1.79,3.18,0.842,0.05
2003-01-13,2.75,3.8135943087678443,4.765,,1.81,3.22,0.878,
2003-01-14,2.8,3.806365453339985,4.745,,1.76,3.22,0.85,0.05
2003-01-15,2.75,3.8304638013879786,4.68,,1.75,3.3,0.851,0.05
2003-01-16,2.7,3.821604522842875,4.735,,1.75,3.32,0.842,0.05
2003-01-17,2.72,3.749047317888821,4.69,,1.7,3.28,0.824,0.05
2003-01-20,2.68,3.741613061587894,4.59,,,3.26,0.814,0.055
2003-01-21,2.68,3.7444262959091454,4.625,,1.67,3.31,0.804,0.055
2003-01-22,2.65,3.7342648854317724,4.565,,1.66,3.36,0.805,0.055
2003-01-23,2.63,3.733963806426473,4.605,,1.69,3.37,0.794,0.055
2003-01-24,2.64,3.67232557424362,4.55,,1.66,3.36,0.771,0.05
2003-01-27,2.62,3.6434533302375764,,,1.7,3.4,0.783,0.051
2003-01-28,2.67,3.64369912438046,4.59,,1.7,3.43,0.801,0.051
2003-01-29,2.63,3.6252650017580863,4.55,,1.77,3.51,0.775,0.051
2003-01-30,2.66,3.6606981019821863,4.625,,1.7,3.53,0.822,0.043
2003-01-31,2.63,3.6538733561608225,4.57,,1.72,3.53,0.827,0.043
2003-02-03,2.63,3.66613684032229,4.605,,1.72,3.57,0.822,0.043
2003-02-04,2.6,3.6088539536145814,4.56,,1.68,3.55,0.787,0.042
2003-02-05,2.6,3.609920068858825,4.51,,1.73,3.56,0.784,0.042
2003-02-06,2.63,3.4387950521005735,4.475,,1.68,3.51,0.778,0.042
2003-02-07,2.57,3.3914746094086836,4.46,,1.63,3.47,0.751,0.042
2003-02-10,2.54,3.399667621994841,4.52,,1.68,3.51,0.743,0.045
2003-02-11,2.57,3.3965370180517267,4.51,,1.65,3.46,0.745,
2003-02-12,2.49,3.363957747604345,4.455,,1.62,3.4,0.72,0.045
2003-02-13,2.45,3.350612313829831,4.445,,1.57,3.35,0.693,0.045
2003-02-14,2.46,3.396756722864817,4.435,,1.62,3.41,0.689,0.045
2003-02-17,2.47,3.4105994468040777,4.53,,,3.45,0.685,0.045
2003-02-18,2.48,3.423375941310514,4.49,,1.66,3.44,0.686,0.045
2003-02-19,2.51,3.4022364132533047,4.495,,1.61,3.48,0.69,0.045
2003-02-20,2.45,3.3845608226790307,4.45,,1.59,3.49,0.683,0.05
2003-02-21,2.46,3.394492502304186,4.42,,1.63,3.54,0.692,0.05
2003-02-24,2.39,3.3285889580241386,4.475,,1.6,3.47,0.66,0.05
2003-02-25,2.38,3.3156526031696187,4.395,,1.58,3.47,0.653,0.05
2003-02-26,2.36,3.335310874630438,4.415,,1.57,3.45,0.65,0.05
2003-02-27,2.38,3.352122595631737,4.315,,1.58,3.52,0.659,0.05
2003-02-28,2.42,3.317463421552424,4.33,,1.53,3.48,0.673,0.05
2003-03-03,2.39,3.267716042792234,4.35,,1.52,3.45,0.674,0.05
2003-03-04,2.33,3.255445350748827,4.29,,1.49,3.59,0.656,0.05
2003-03-05,2.35,3.2428131196901813,4.28,,1.46,3.55,0.604,0.05
2003-03-06,2.38,3.2456432965712523,4.33,,1.47,3.53,0.621,0.05
2003-03-07,2.36,3.21013081401072,4.38,,1.39,3.51,0.486,0.05
2003-03-10,2.28,3.176624248361955,4.255,,1.35,3.45,0.52,0.05
2003-03-11,2.33,3.17506907414571,4.25,,1.38,3.46,0.472,0.05
2003-03-12,2.34,3.191956209561199,4.325,,1.45,3.56,0.498,0.05
2003-03-13,2.48,3.370444909235252,4.485,,1.59,3.68,0.532,0.05
2003-03-14,2.54,3.4240383816516045,4.565,,1.56,3.63,0.601,0.05
2003-03-17,2.53,3.503204079710953,4.485,,1.63,3.71,0.612,0.05
2003-03-18,2.67,3.5380100212006096,4.6,,1.72,3.74,0.718,0.05
2003-03-19,2.63,3.7029400968601145,4.655,,1.72,3.8,0.766,0.05
2003-03-20,2.68,3.6946737583492695,4.72,,1.75,3.79,0.825,0.055
2003-03-21,2.67,3.7548173098592073,4.725,,1.8,3.89,0.851,
2003-03-24,2.61,3.6872326637232344,4.695,,1.71,3.81,0.842,0.055
2003-03-25,2.61,3.6505997347088566,4.645,,1.69,3.86,0.866,0.056
2003-03-26,2.69,3.6562405359967616,4.65,,1.68,3.84,0.881,0.056
2003-03-27,2.59,3.6027706476347237,4.605,,1.62,3.79,0.842,0.06
2003-03-28,2.58,3.5628244250539693,4.605,,1.56,3.78,0.834,0.06
2003-03-31,2.48,3.469646255118861,4.53,,1.51,3.76,0.781,0.06
2003-04-01,2.47,3.460723342431013,4.52,,1.5,3.76,0.727,0.06
2003-04-02,2.56,3.5248622044940836,4.595,,1.6,3.81,0.774,0.06
2003-04-03,2.59,3.5559513912056926,4.6,,1.55,3.71,0.804,0.06
2003-04-04,2.56,3.5527842037924935,4.605,,1.55,3.71,0.74,0.06
2003-04-07,2.65,3.6409142397335033,4.69,,1.65,3.76,0.826,0.06
2003-04-08,2.6,3.6131830542214916,4.625,,1.59,3.78,0.803,0.06
2003-04-09,2.58,3.589156434653731,4.57,,1.55,3.76,0.813,0.06
2003-04-10,2.53,3.5444616584698756,4.48,,1.6,3.81,0.822,0.06
2003-04-11,2.61,3.637129002595161,4.525,,1.65,3.84,0.845,0.06
2003-04-14,2.68,3.6846118793001965,4.585,,1.74,3.86,0.843,0.06
2003-04-15,2.7,3.6734715101946,4.655,,1.69,3.73,0.895,0.056
2003-04-16,2.71,3.6346716021634404,4.67,,1.67,3.69,0.901,0.056
2003-04-17,2.64,3.587244320939634,4.585,,1.71,3.81,0.902,0.055
2003-04-18,,,,,,,,0.055
2003-04-21,,,,,1.71,3.71,,0.06
2003-04-22,2.61,3.547347276716182,4.625,,1.7,3.73,0.79,0.06
2003-04-23,2.61,3.5807396645174245,4.68,,1.7,3.74,0.876,0.06
2003-04-24,2.59,3.521028202926321,4.605,,1.62,3.67,0.837,0.059
2003-04-25,2.53,3.4885412161869715,,,1.57,3.65,0.834,0.055
2003-04-28,2.51,3.4890849932820154,4.49,,1.59,3.68,0.782,0.054
2003-04-29,2.57,3.5137693933934457,4.565,,1.62,3.68,0.822,
2003-04-30,2.56,3.4880189958363417,4.565,,1.51,3.65,0.823,0.05
2003-05-01,,3.422155879233132,4.5,,1.5,3.65,,0.048
2003-05-02,2.45,3.4787361873383285,4.51,,1.56,3.7,0.751,0.045
2003-05-05,2.48,,4.605,,1.55,3.69,0.732,
2003-05-06,2.44,3.4910087080547725,4.575,,1.45,3.62,0.717,0.047
2003-05-07,2.41,3.4385801134574154,4.505,,1.45,3.56,0.652,0.047
2003-05-08,2.34,3.5037536093659956,4.47,,1.49,3.58,0.684,0.047
2003-05-09,2.4,3.5422969942439977,4.545,,1.45,3.56,0.635,0.045
2003-05-12,2.36,3.515251231907152,4.52,,1.46,3.57,0.605,0.045
2003-05-13,2.38,3.4905830102654627,4.54,,1.47,3.56,0.651,0.045
2003-05-14,2.34,3.528695130494759,4.575,,1.41,3.55,0.643,0.045
2003-05-15,2.29,3.4802177157951544,4.535,,1.46,3.56,0.615,0.045
2003-05-16,2.29,3.435593866800284,4.585,,1.38,3.5,0.6,0.044
2003-05-19,2.23,3.3739111041613565,4.49,,1.35,,0.552,0.04
2003-05-20,2.28,3.3771826145976687,4.515,,1.31,3.39,0.555,0.045
2003-05-21,2.24,3.305200365489052,4.48,,1.38,3.4,0.547,0.04
2003-05-22,2.24,3.3199192137490403,4.51,,1.36,3.26,0.536,0.04
2003-05-23,2.24,3.3013608962063206,4.465,,1.38,3.19,0.511,0.04
2003-05-26,2.2,,4.445,,,3.14,0.537,0.04
2003-05-27,2.16,3.3302990205556475,4.41,,1.33,3.14,0.577,0.04
2003-05-28,2.24,3.3994143326563453,4.445,,1.35,3.17,0.606,0.04
2003-05-29,2.26,3.354239904756244,4.425,,1.3,3.11,,0.04
2003-05-30,2.16,3.362052218076754,4.415,,1.33,3.18,0.598,0.04
2003-06-02,2.21,3.396993896705801,4.475,,1.33,3.21,0.586,0.043
2003-06-03,2.17,3.3286230643509493,4.47,,1.2,3.1,0.595,0.043
2003-06-04,2.1,3.4125080854218046,4.39,,1.2,3.1,0.57,0.043
2003-06-05,2.13,3.369483266219615,4.405,,1.25,3.1,0.551,0.04
2003-06-06,2.04,3.3893817882165203,4.215,,1.27,3.0,0.497,0.035
2003-06-09,2.03,3.29465525051494,,,1.19,2.96,,0.035
2003-06-10,2.05,3.261529089548213,4.15,,1.13,2.91,0.506,0.035
2003-06-11,2.01,3.2302280755223833,4.08,,1.16,2.94,0.475,0.035
2003-06-12,1.99,3.249224423078621,4.085,,1.13,2.91,0.507,0.035
2003-06-13,1.95,3.22361886758418,4.045,,1.1,2.83,0.504,0.035
2003-06-16,1.96,3.2656797837117533,4.05,,1.18,2.88,0.54,0.035
2003-06-17,1.99,3.3399576248633815,4.115,,1.25,2.94,0.574,0.035
2003-06-18,2.09,3.377576060005115,4.18,,1.27,2.85,0.627,0.035
2003-06-19,2.1,3.336946251580576,4.13,,1.17,2.87,0.679,0.045
2003-06-20,2.05,3.333134027678689,4.17,,1.22,2.96,0.647,0.04
2003-06-23,2.11,3.3134352764682675,4.17,,1.17,2.9,0.664,0.045
2003-06-24,2.07,3.3405049638955133,4.11,,1.14,2.9,0.65,0.051
2003-06-25,2.05,3.3316149777225617,4.12,,1.3,3.05,0.64,0.056
2003-06-26,2.16,3.474792439851671,4.345,,1.41,3.11,0.675,0.056
2003-06-27,2.26,3.476428809798622,4.38,,1.38,3.07,0.665,0.06
2003-06-30,2.21,3.3993143182624195,4.385,,1.32,3.01,0.664,0.075
2003-07-01,2.15,3.356654819899712,4.41,,1.3,,0.644,0.082
2003-07-02,2.23,3.3927466032263003,4.48,,1.3,3.02,0.636,0.092
2003-07-03,2.21,3.4795960167357562,4.445,,1.32,3.04,0.652,0.104
2003-07-04,2.18,3.4492860088146484,4.465,,,3.03,0.614,0.105
2003-07-07,2.22,3.468902309821524,4.435,,1.36,3.17,0.618,0.106
2003-07-08,2.24,3.4653755454224777,4.49,,1.39,3.16,0.624,0.111
2003-07-09,2.22,3.442420929929516,4.48,,1.37,3.15,0.622,0.101
2003-07-10,2.22,3.3746636132624577,4.405,,1.33,3.12,0.605,0.083
2003-07-11,2.23,3.339966610482317,4.405,,1.29,3.23,0.617,0.084
2003-07-14,2.17,3.328334425152129,4.385,,1.35,3.25,0.609,0.085
2003-07-15,2.21,3.357489017827545,4.45,,1.45,3.1,0.616,0.089
2003-07-16,2.34,3.400383184803298,4.645,,1.49,3.03,0.657,0.094
2003-07-17,2.29,3.4290380204053177,4.61,,1.47,2.86,0.648,0.095
2003-07-18,2.34,3.413123415285464,4.58,,1.51,2.9,0.655,0.095
2003-07-21,2.36,3.4631541323425536,4.6,,1.61,2.93,0.694,
2003-07-22,2.39,3.458637031314262,4.645,,1.57,2.79,0.713,0.095
2003-07-23,2.37,3.4411347998818935,4.575,,1.54,2.79,0.714,0.096
2003-07-24,2.34,3.557967194917297,4.545,,1.54,2.77,0.699,0.096
2003-07-25,2.36,3.529282308336015,4.62,,1.52,2.8,0.727,0.086
2003-07-28,2.38,3.607765082872572,4.655,,1.61,2.8,0.717,0.081
2003-07-29,2.4,3.5857797042312702,4.675,,1.67,2.83,0.8,0.082
2003-07-30,2.4,3.6109172574950295,4.715,,1.64,2.85,0.721,0.082
2003-07-31,2.41,3.702379762848894,4.675,,1.8,2.95,0.721,0.07
2003-08-01,2.64,3.887574311412885,4.78,,1.85,2.98,,0.07
2003-08-04,2.65,3.87751841854781,4.73,,1.71,,0.823,0.07
2003-08-05,2.64,3.9037712286291097,4.745,,1.88,3.04,0.838,0.07
2003-08-06,2.65,3.880338181948383,4.8,,1.78,2.98,0.91,0.07
2003-08-07,2.6,3.8362812473923658,4.73,,1.74,2.95,0.879,0.07
2003-08-08,2.54,3.7558840844267265,4.73,,1.72,2.89,0.812,0.07
2003-08-11,2.53,3.8483049063435666,4.865,,1.81,2.97,0.857,0.07
2003-08-12,2.57,3.9046446745073804,4.865,,1.71,2.97,0.817,0.07
2003-08-13,2.56,3.9245403327292605,4.895,,1.86,3.07,0.82,0.07
2003-08-14,2.64,3.9828813863150914,4.93,,1.86,3.07,0.834,0.075
2003-08-15,2.66,3.934193578870214,4.9,,1.85,3.04,0.858,0.079
2003-08-18,2.67,3.9365739063803815,4.9,,1.87,3.04,0.829,0.085
2003-08-19,2.71,3.9580078746396037,4.91,,1.81,2.92,0.841,0.115
2003-08-20,2.62,3.969868307541941,4.845,,1.84,2.98,0.797,0.18
2003-08-21,2.7,4.014124240370527,4.88,,1.98,3.05,0.813,0.156
2003-08-22,2.7,4.045682921341499,4.935,,1.97,3.04,0.839,0.171
2003-08-25,2.68,,4.94,,2.02,3.04,0.811,0.189
2003-08-26,2.7,4.049986778688412,4.99,,1.96,3.04,0.861,0.204
2003-08-27,2.7,4.050168237116409,4.95,,2.05,3.18,0.858,0.19
2003-08-28,2.73,4.048207664784363,4.98,,1.93,3.12,0.868,0.182
2003-08-29,2.7,4.066994600547455,4.945,,1.95,3.09,0.862,0.187
2003-09-01,2.71,4.089098972734772,4.98,,,,0.878,0.22
2003-09-02,2.8,4.172275486843355,5.075,,2.04,3.13,0.956,0.262
2003-09-03,2.83,4.201858432897399,5.11,,2.02,3.25,1.026,0.255
2003-09-04,2.77,4.174463658823775,5.12,,1.91,3.2,1.036,0.191
2003-09-05,2.75,4.085887969443436,5.095,,1.72,3.04,1.006,0.163
2003-09-08,2.64,4.020476404544971,5.015,,1.75,3.04,0.953,0.165
2003-09-09,2.65,4.072450901891813,5.08,,1.71,3.02,0.94,0.195
2003-09-10,2.63,4.035016648879879,5.045,,1.64,2.99,0.934,0.192
2003-09-11,2.61,4.053896457176281,5.14,,1.71,3.07,0.905,0.167
2003-09-12,2.65,3.979073771250812,5.155,,1.66,3.02,0.922,0.158
2003-09-15,2.59,3.9919344021483094,5.08,,1.63,3.0,0.854,
2003-09-16,2.59,4.0604803224534525,5.075,,1.63,3.01,0.853,0.134
2003-09-17,2.57,4.145324789661999,5.085,,1.63,3.0,0.862,0.134
2003-09-18,2.54,4.137514137758741,5.06,,1.68,3.02,0.85,0.129
2003-09-19,2.51,4.133903888353952,5.07,,1.7,3.02,0.869,0.134
2003-09-22,2.46,4.114374979066581,5.01,,1.7,2.88,0.809,0.125
2003-09-23,2.49,4.104652766385298,4.98,,1.68,3.05,0.781,
2003-09-24,2.48,4.070844569764402,4.98,,1.66,3.02,0.796,0.131
2003-09-25,2.4,4.032517060455759,4.905,,1.65,3.02,0.779,0.157
2003-09-26,2.41,4.0121496847868725,4.915,,1.6,3.01,0.773,0.168
2003-09-29,2.41,4.009596040870139,4.885,,1.61,3.04,0.75,0.175
2003-09-30,2.37,3.9671157268383825,4.955,,1.5,2.96,0.729,0.176
2003-10-01,2.33,3.955726020287357,4.83,,1.47,2.93,0.725,0.151
2003-10-02,2.41,4.059117382375929,4.86,,1.48,2.97,0.737,0.13
2003-10-03,2.49,4.187250960882375,4.89,,1.65,3.09,0.766,0.123
2003-10-06,2.56,4.198088331156793,5.1,,1.6,3.05,0.806,0.122
2003-10-07,2.54,4.1921063294655,5.075,,1.67,3.05,0.812,0.107
2003-10-08,2.6,4.2004533455342274,5.125,,1.65,3.04,0.819,0.095
2003-10-09,2.56,4.219536085626311,5.17,,1.69,3.08,0.831,0.095
2003-10-10,2.62,4.1862957788538555,5.2,,1.65,3.11,0.826,0.092
2003-10-13,2.65,4.237756266025721,5.215,,,,0.814,
2003-10-14,2.69,4.305510691388324,5.255,,1.73,3.17,0.832,0.092
2003-10-15,2.68,4.354479577539137,5.25,,1.79,3.2,0.846,0.088
2003-10-16,2.72,4.346957411389576,5.295,,1.96,3.27,0.864,0.088
2003-10-17,2.81,4.409634195651028,5.36,,1.9,3.25,0.906,0.109
2003-10-20,2.78,4.41709546317293,5.38,,1.88,3.26,0.877,0.15
2003-10-21,2.74,4.370896077237653,5.35,,1.89,3.25,0.926,0.136
2003-10-22,2.75,4.481256325553311,5.29,,1.8,3.15,0.907,0.106
2003-10-23,2.66,4.5022496614931775,5.235,,1.84,3.14,0.88,0.101
2003-10-24,2.72,4.541960865403714,5.28,,1.76,3.09,0.911,0.107
2003-10-27,2.73,4.576378787012418,5.31,,1.83,3.12,0.915,0.118
2003-10-28,2.75,4.59570550494028,5.34,,1.71,3.1,0.988,0.124
2003-10-29,2.74,4.605051958714105,5.255,,1.79,3.14,0.915,0.124
2003-10-30,2.77,4.585471848778314,5.325,,1.86,3.18,0.956,0.131
2003-10-31,2.77,4.55098912084467,5.385,,1.85,3.16,0.948,0.137
2003-11-03,2.78,4.63692623646837,5.455,,1.9,3.21,0.926,
2003-11-04,2.83,4.608006618559778,5.45,,1.86,3.21,0.976,0.154
2003-11-05,2.81,4.569243096857092,5.57,,1.94,3.28,0.973,0.16
2003-11-06,2.85,4.606620102446133,5.62,,2.01,3.33,0.999,0.161
2003-11-07,2.88,4.608778756466938,5.655,,2.04,3.43,1.064,0.164
2003-11-10,2.89,4.5482983925437495,5.665,,2.06,3.43,1.09,0.158
2003-11-11,2.89,4.510823827072232,5.64,,,,1.076,0.139
2003-11-12,2.9,4.507555190089707,5.645,,2.05,3.39,1.086,0.135
2003-11-13,2.88,4.468222677629767,5.675,,1.92,3.28,1.079,0.135
2003-11-14,2.75,4.459361764464542,5.67,,1.84,3.26,1.028,0.13
2003-11-17,2.7,4.413149618360537,5.62,,1.8,3.24,1.026,0.113
2003-11-18,2.73,4.419442061223868,5.645,,1.83,3.2,0.989,0.124
2003-11-19,2.64,4.45166969798967,5.575,,1.9,3.25,0.957,0.124
2003-11-20,2.68,4.468809984553918,5.63,,1.83,3.18,0.909,0.13
2003-11-21,2.69,4.454155644119145,5.58,,1.84,3.06,0.933,0.126
2003-11-24,2.75,4.502561105738042,5.605,,1.94,3.14,0.953,
2003-11-25,2.79,4.5423871768440724,5.66,,1.89,3.16,0.997,0.128
2003-11-26,2.8,4.5109526092010155,5.635,,1.97,3.18,0.992,0.143
2003-11-27,2.89,4.554607036577211,5.715,,,3.2,1.056,0.141
2003-11-28,2.85,4.547779546325534,5.72,,2.06,3.19,1.081,0.132
2003-12-01,2.91,4.5733011654924836,5.755,,2.12,3.2,1.124,0.134
2003-12-02,2.93,4.574718885197306,5.705,,2.07,3.19,1.147,0.14
2003-12-03,2.89,4.534491620832696,5.71,,2.09,3.19,1.131,0.139
2003-12-04,2.91,4.511568390507358,5.71,,2.06,3.22,1.126,0.142
2003-12-05,2.86,4.410953324455283,5.635,,1.88,3.18,1.11,0.135
2003-12-08,2.76,4.405661730579275,5.515,,1.94,3.16,1.021,0.132
2003-12-09,2.75,4.4340685872818275,5.535,,1.97,3.19,1.001,0.126
2003-12-10,2.8,4.405267632266912,5.58,,1.94,3.16,1.049,0.117
2003-12-11,2.8,4.437329930789109,5.555,,1.83,3.1,1.02,0.117
2003-12-12,2.74,4.340802467283622,5.49,,1.84,3.06,0.987,0.115
2003-12-15,2.73,4.332561272136736,5.51,,1.88,3.05,0.923,0.117
2003-12-16,2.68,4.2511533385567555,5.445,,1.83,3.04,0.907,0.112
2003-12-17,2.67,4.255383636720487,5.355,,1.83,3.01,0.895,0.113
2003-12-18,2.6,4.232565430269949,5.355,,1.85,2.99,0.883,0.114
2003-12-19,2.62,4.275896243260982,5.34,,1.82,3.02,0.875,0.114
2003-12-22,2.62,4.261858292626883,5.325,,1.84,3.01,0.879,0.116
2003-12-23,2.64,4.253298046391593,5.315,,1.96,3.02,0.897,
2003-12-24,,4.250480496393162,5.355,,1.83,2.98,,0.127
2003-12-25,,,,,,,,0.108
2003-12-26,,,,,1.82,,,0.102
2003-12-29,2.61,4.260915358740411,5.295,,1.86,2.97,0.943,0.108
2003-12-30,2.66,4.307950321013376,5.295,,1.86,2.97,0.938,0.11
2003-12-31,,4.292572521629448,5.31,,1.84,2.96,,
2004-01-02,2.56,4.359687720469722,5.405,,1.94,3.01,,
2004-01-05,2.64,4.40075989592988,5.47,,1.95,2.96,0.969,0.115
2004-01-06,2.61,4.385000689586533,5.515,,1.84,2.93,0.947,0.113
2004-01-07,2.6,4.375218003724335,5.475,,1.84,2.93,0.936,0.113
2004-01-08,2.59,4.3562809202123844,5.5,,1.85,2.95,0.939,0.109
2004-01-09,2.53,4.22310862863122,5.49,,1.68,2.85,0.931,0.101
2004-01-12,2.42,4.176284963201585,5.315,,1.68,2.85,0.845,
2004-01-13,2.44,4.162700248978527,5.32,,1.63,2.82,0.849,0.089
2004-01-14,2.47,4.197151202526726,5.265,,1.65,2.81,0.826,0.089
2004-01-15,2.48,4.2354277009607415,5.28,,1.67,2.81,0.82,0.083
2004-01-16,2.48,4.23494932892281,5.305,,1.7,2.81,0.809,0.083
2004-01-19,2.47,4.236546804499292,5.35,,,2.81,0.801,0.085
2004-01-20,2.47,4.261827728176413,5.38,,1.69,2.69,0.791,0.09
2004-01-21,2.44,4.273318170674029,5.34,,1.69,2.61,0.762,0.08
2004-01-22,2.43,4.287259754061583,5.325,,1.66,2.54,0.766,0.076
2004-01-23,2.42,4.321111354982355,5.27,,1.71,2.6,0.736,0.076
2004-01-26,2.43,4.384082661649925,,,1.75,2.56,0.748,0.077
2004-01-27,2.49,4.366551661588405,5.42,,1.7,2.5,0.793,0.077
2004-01-28,2.44,4.370402400940189,5.35,,1.87,2.64,0.773,0.077
2004-01-29,2.55,4.459393730740653,5.485,,1.88,2.69,0.798,0.071
2004-01-30,2.56,4.431410707777379,5.495,,1.84,2.6,0.852,0.068
2004-02-02,2.56,4.419892023266907,5.425,,1.83,2.61,0.814,0.067
2004-02-03,2.5,4.403607014621032,5.395,,1.78,2.58,0.787,0.064
2004-02-04,2.47,4.386306744131708,5.31,,1.8,2.61,0.772,0.062
2004-02-05,2.5,4.388346548346748,5.32,,1.85,2.61,0.793,0.057
2004-02-06,2.51,4.36005618963293,5.35,,1.77,2.52,0.803,0.057
2004-02-09,2.44,4.3201458694507116,5.295,,1.76,2.47,0.764,0.056
2004-02-10,2.42,4.312969913933644,5.285,,1.82,2.47,0.742,0.053
2004-02-11,2.47,4.290002562331511,5.315,,1.73,2.41,0.764,
2004-02-12,2.42,4.299653371927352,5.245,,1.75,2.4,0.735,0.048
2004-02-13,2.36,4.282130151856842,5.27,,1.7,2.4,0.717,0.048
2004-02-16,2.42,4.281918145322929,5.26,,,2.41,0.663,0.049
2004-02-17,2.36,4.253091647076359,5.335,,1.7,2.44,0.635,0.049
2004-02-18,2.34,4.277246807836327,5.295,,1.72,2.47,0.696,0.049
2004-02-19,2.4,4.3399887770304675,5.33,,1.7,2.45,0.722,0.05
2004-02-20,2.42,4.3387949240380035,5.32,,1.75,2.46,0.741,0.055
2004-02-23,2.43,4.362633209877763,5.44,,1.69,2.4,0.746,0.056
2004-02-24,2.37,4.3137550508066,5.41,,1.69,2.4,0.755,0.056
2004-02-25,2.36,4.300071389501641,5.385,,1.67,2.39,0.732,0.056
2004-02-26,2.31,4.334370834708388,5.33,,1.69,2.38,0.734,0.056
2004-02-27,2.3,4.320942490382049,5.3,,1.66,2.37,0.71,0.056
2004-03-01,2.34,4.393223708771391,5.24,,1.67,2.36,0.688,0.055
2004-03-02,2.31,4.39716891347044,5.245,,1.74,2.42,0.73,0.072
2004-03-03,2.41,4.451050757127436,5.315,,1.74,2.45,0.769,0.111
2004-03-04,2.43,4.428520781801797,5.31,,1.73,2.46,0.762,0.109
2004-03-05,2.38,4.340852387453016,5.31,,1.57,2.34,0.747,0.115
2004-03-08,2.24,4.288170615268808,5.165,,1.52,2.3,0.69,0.111
2004-03-09,2.25,4.279586507867751,5.16,,1.51,2.3,0.657,0.098
2004-03-10,2.24,4.312350771130142,5.135,,1.54,2.31,0.684,0.083
2004-03-11,2.21,4.273110643200712,5.07,,1.52,2.28,0.688,0.083
2004-03-12,2.23,4.248747992371355,4.98,,1.54,2.28,0.65,0.082
2004-03-15,2.21,4.251720593542697,5.005,,1.56,2.27,0.634,0.093
2004-03-16,2.23,4.292847226105444,5.01,,1.51,2.24,0.645,0.094
2004-03-17,2.21,4.308366914801064,4.98,,1.53,2.24,0.657,0.104
2004-03-18,2.19,4.335377795912701,5.015,,1.55,2.25,0.689,0.114
2004-03-19,2.21,4.375522300298764,5.025,,1.56,2.26,0.71,0.125
2004-03-22,2.15,4.37615743038943,5.0,,1.52,2.21,0.698,0.131
2004-03-23,2.18,4.386525277848858,4.975,,1.52,2.21,0.702,0.121
2004-03-24,2.16,4.375460519819961,4.965,,1.5,2.2,0.673,0.117
2004-03-25,2.1,4.368622163400542,4.995,,1.51,2.19,0.675,0.106
2004-03-26,2.09,4.3767974629929185,5.02,,1.59,2.27,0.693,0.112
2004-03-29,2.11,4.450118146765362,5.11,,1.63,2.31,0.711,0.123
2004-03-30,2.16,4.449510172163495,5.145,,1.63,2.47,0.722,0.123
2004-03-31,2.19,4.438641727627881,5.13,,1.6,2.43,0.74,0.118
2004-04-01,2.16,4.463834844023752,5.075,,1.65,2.45,0.759,0.119
2004-04-02,2.29,4.572843254268382,5.135,,1.86,2.66,0.792,0.119
2004-04-05,2.37,4.592607184890665,5.31,,1.91,2.68,0.893,0.13
2004-04-06,2.39,4.573067804438381,5.29,,1.86,2.64,0.9,0.138
2004-04-07,2.36,4.550233681000989,5.24,,1.87,2.62,0.903,0.131
2004-04-08,2.37,4.517827834552622,5.28,,1.88,2.58,0.969,0.131
2004-04-09,,,,,,,,0.128
2004-04-12,,,,,1.91,2.61,,0.132
2004-04-13,2.39,4.578812924630293,5.34,,2.01,2.74,0.992,0.129
2004-04-14,2.43,4.587955047723909,5.4,,2.13,2.81,1.003,0.137
2004-04-15,2.46,4.579404526118819,5.37,,2.1,2.79,0.967,0.128
2004-04-16,2.43,4.56688363731766,5.33,,2.03,2.73,1.031,0.129
2004-04-19,2.4,4.583735085728894,5.31,,2.07,2.76,1.02,0.125
2004-04-20,2.44,4.5687417593966515,5.335,,2.11,2.85,1.018,0.13
2004-04-21,2.46,4.571415862571746,5.375,,2.22,2.82,1.059,0.136
2004-04-22,2.46,4.549916767506552,5.34,,2.15,2.78,1.059,0.131
2004-04-23,2.43,4.54673994127831,5.305,,2.29,2.82,1.052,0.127
2004-04-26,2.54,4.607930301479219,5.305,,2.28,2.83,1.111,0.123
2004-04-27,2.54,4.624218627263748,5.35,,2.21,2.8,1.161,0.124
2004-04-28,2.52,4.633548273951587,5.375,,2.3,2.84,1.154,0.134
2004-04-29,2.56,4.634746698877491,5.45,,2.34,2.83,1.212,
2004-04-30,2.56,4.622884098704236,5.47,,2.31,2.7,1.132,0.135
2004-05-03,2.49,,5.475,,2.34,2.67,1.109,
2004-05-04,2.49,4.5919464582328375,5.475,,2.32,2.69,1.075,
2004-05-05,2.48,4.588298643300204,5.44,,2.34,2.7,1.081,
2004-05-06,2.5,4.651198824415664,5.47,,2.39,2.72,1.104,0.135
2004-05-07,2.59,4.756438476361226,5.425,,2.64,2.95,1.153,0.131
2004-05-10,2.68,4.774422884832706,5.46,,2.61,2.94,1.196,0.132
2004-05-11,2.68,4.741530079175014,5.435,,2.61,2.93,1.259,0.132
2004-05-12,2.66,4.787844935885685,5.4,,2.62,2.95,1.215,0.129
2004-05-13,2.71,4.842143195267713,5.43,,2.67,3.03,1.239,0.118
2004-05-14,2.75,4.820286437285972,5.46,,2.59,3.04,1.223,0.118
2004-05-17,2.62,4.775672190830305,5.365,,2.51,3.01,1.169,0.114
2004-05-18,2.64,4.809287875862264,5.35,,2.58,3.07,1.166,0.129
2004-05-19,2.64,4.9034575784908325,5.375,,2.61,3.1,1.155,0.13
2004-05-20,2.66,4.916700331896609,5.385,,2.55,3.05,,0.13
2004-05-21,2.61,4.93153758054434,5.35,,2.6,3.06,1.178,0.13
2004-05-24,2.69,4.963251557970773,5.395,,2.59,,1.254,0.132
2004-05-25,2.64,4.945331528693284,5.37,,2.58,3.14,1.191,0.132
2004-05-26,2.66,4.918219513603971,5.35,,2.52,3.08,1.18,0.138
2004-05-27,2.62,4.925284206520442,5.295,,2.46,3.02,1.237,0.133
2004-05-28,2.63,4.975889086449723,5.255,,2.54,3.07,1.226,0.134
2004-05-31,2.68,,5.275,,,3.09,,0.135
2004-06-01,2.7,5.018759246836699,5.275,,2.6,3.12,1.256,0.136
2004-06-02,2.73,5.0456865351472,5.2,,2.65,3.15,1.276,0.134
2004-06-03,2.69,5.03598112556808,5.135,,2.63,3.14,1.295,0.124
2004-06-04,2.71,5.04626978896784,5.15,,2.7,3.29,1.335,0.122
2004-06-07,2.74,5.046707976357673,5.205,,2.67,3.29,1.351,0.125
2004-06-08,2.75,5.031897960533006,5.195,,2.73,3.26,1.376,0.141
2004-06-09,2.76,5.067957503567096,5.215,,2.79,3.27,1.398,0.195
2004-06-10,2.79,5.046119175612564,5.255,,2.81,3.3,1.471,0.229
2004-06-11,2.83,5.048334491537137,5.295,,,3.39,1.526,0.216
2004-06-14,2.88,5.088288981304575,,,2.97,3.46,1.515,0.251
2004-06-15,2.87,5.030243330070436,5.315,,2.77,3.34,1.54,0.224
2004-06-16,2.8,5.042016263653716,5.21,,2.84,3.38,1.446,0.228
2004-06-17,2.86,5.094795367962692,5.215,,2.81,3.37,1.499,0.219
2004-06-18,2.8,5.042515169793256,5.19,,2.81,3.39,1.482,0.209
2004-06-21,2.83,5.023809132847797,5.205,,2.8,3.36,1.479,0.196
2004-06-22,2.81,5.027328771519289,5.185,,2.8,3.36,1.459,0.196
2004-06-23,2.8,4.968254052580068,5.225,,2.78,3.33,1.47,0.197
2004-06-24,2.75,4.927471271561279,5.21,,2.74,3.29,1.47,0.197
2004-06-25,2.73,4.945995251997004,5.205,,2.74,3.26,1.455,0.182
2004-06-28,2.74,4.953552891996436,5.22,,2.86,3.33,1.547,0.194
2004-06-29,2.78,4.952439081522311,5.27,,2.83,3.32,1.511,0.18
2004-06-30,2.79,4.889125509553708,5.335,,2.7,3.22,1.506,0.161
2004-07-01,2.76,4.8938532227362845,5.355,,2.64,,1.521,0.176
2004-07-02,2.76,4.864422922885265,5.365,,2.54,3.12,1.5,0.157
2004-07-05,2.69,4.880389509051483,5.315,,,3.12,1.408,0.158
2004-07-06,2.63,4.898106039836452,5.3,,2.56,3.11,1.384,0.154
2004-07-07,2.66,4.898535309976928,5.28,,2.56,3.08,1.387,0.154
2004-07-08,2.64,4.886693386636264,5.215,,2.55,3.04,1.355,0.155
2004-07-09,2.61,4.898247029503729,5.23,,2.55,3.07,1.35,0.152
2004-07-12,2.59,4.901424464352248,5.185,,2.53,3.11,1.344,0.148
2004-07-13,2.71,4.946699323638776,5.19,,2.58,3.14,1.337,0.148
2004-07-14,2.67,4.928725911377675,5.225,,2.62,3.18,1.375,0.153
2004-07-15,2.68,4.9249636367691885,5.25,,2.64,3.19,1.385,0.164
2004-07-16,2.66,4.8360874084958185,5.265,,2.54,3.11,1.387,0.164
2004-07-19,2.62,4.840239489326264,5.2,,2.56,3.13,1.348,
2004-07-20,2.61,4.840703009879891,5.205,,2.67,3.16,1.346,0.165
2004-07-21,2.69,4.9289648483883415,5.27,,2.71,3.19,1.393,0.175
2004-07-22,2.76,4.950949790378395,5.25,,2.69,3.19,1.435,0.176
2004-07-23,2.72,4.983934245427464,5.26,,2.69,3.15,1.386,0.192
2004-07-26,2.69,4.996645923927409,5.255,,2.75,3.2,1.405,0.193
2004-07-27,2.76,5.0135745215530605,5.275,,2.82,3.28,1.412,0.204
2004-07-28,2.82,5.019517922634746,5.335,,2.78,3.25,1.457,0.22
2004-07-29,2.79,5.024540655743356,5.355,,2.75,3.23,1.451,0.199
2004-07-30,2.7,4.982459810121341,5.395,,2.68,3.17,1.415,0.205
2004-08-02,2.66,4.982710997444186,5.315,,2.66,,1.382,0.208
2004-08-03,2.71,4.990280273398365,5.34,,2.66,3.07,1.406,0.209
2004-08-04,2.64,4.982152528075461,5.265,,2.66,3.09,1.348,0.195
2004-08-05,2.67,4.895333073715799,5.25,,2.64,3.08,1.261,0.193
2004-08-06,2.59,4.809122073875022,5.225,,2.4,2.84,1.232,0.188
2004-08-09,2.54,4.837810519298714,5.2,,2.45,2.9,1.107,0.18
2004-08-10,2.53,4.827271662381796,5.21,,2.55,3.0,1.147,0.177
2004-08-11,2.56,4.862143374642872,5.235,,2.54,2.95,1.166,0.186
2004-08-12,2.55,4.821377859746958,5.225,,2.52,2.93,1.165,0.177
2004-08-13,2.51,4.811006154958234,5.19,,2.47,2.96,1.146,0.162
2004-08-16,2.51,4.840512198910111,5.195,,2.51,3.01,1.13,0.153
2004-08-17,2.51,4.834094113984579,5.23,,2.44,2.96,1.147,0.159
2004-08-18,2.52,4.811618984862168,5.19,,2.44,2.99,1.147,0.149
2004-08-19,2.54,4.8034278311270375,5.205,,2.43,2.92,1.16,0.15
2004-08-20,2.52,4.791485957182769,5.175,,2.46,2.92,1.145,0.15
2004-08-23,2.58,4.849366652953731,5.205,,2.5,2.95,1.184,0.156
2004-08-24,2.6,4.855743373644673,5.245,,2.5,3.02,1.2,0.162
2004-08-25,2.58,4.818736081626548,5.23,,2.51,3.03,1.224,0.173
2004-08-26,2.59,4.806873872184326,5.21,,2.48,3.02,1.244,0.162
2004-08-27,2.54,4.779998696644499,5.165,,2.48,3.02,1.213,0.157
2004-08-30,2.54,,5.21,,2.47,3.01,1.249,0.158
2004-08-31,2.53,4.72952906973038,5.21,,2.41,2.94,1.182,0.15
2004-09-01,2.54,4.711732411129597,5.135,,2.41,2.95,1.205,0.144
2004-09-02,2.54,4.737081345614293,5.105,,2.46,3.03,1.216,0.144
2004-09-03,2.6,4.785359082434811,5.13,,2.61,3.12,1.274,0.144
2004-09-06,2.64126153598198,4.742680232507926,5.265,,,,1.27,0.153
2004-09-07,2.679765964552383,4.762226718250521,5.255,,2.58,3.13,1.287,0.155
2004-09-08,2.7065423245964837,4.761700637658598,5.24,,2.5,3.14,1.267,0.156
2004-09-09,2.6462240358515716,4.731114542703564,5.12,,2.5,3.14,1.341,0.141
2004-09-10,2.5896544665374743,4.7080157421742745,5.105,,2.5,3.11,1.281,0.136
2004-09-13,2.6373725586839014,4.71999826018758,5.11,,2.5,3.07,1.285,0.141
2004-09-14,2.621713604716833,4.694561429307041,5.065,,2.47,3.08,1.267,0.142
2004-09-15,2.622747742409313,4.715113014449672,5.025,,2.51,3.09,1.323,0.134
2004-09-16,2.634831682080543,4.767944502783041,5.05,,2.44,3.03,1.327,0.138
2004-09-17,2.5916416271145075,4.745015101550259,5.035,,2.53,3.02,1.312,0.134
2004-09-20,2.5901506606401137,4.735688250560365,5.07,,2.46,3.01,1.327,
2004-09-21,2.6037028847053394,4.706407968754117,5.03,,2.49,3.06,1.321,0.135
2004-09-22,2.598986166418969,4.65972458136431,5.05,,2.5,3.22,1.31,0.135
2004-09-23,2.5267920123666174,4.667066687944227,5.03,,2.57,3.26,1.257,
2004-09-24,2.5781983312527053,4.690998255856472,5.075,,2.62,3.26,1.306,0.135
2004-09-27,2.557154166079869,4.655870662606808,5.12,,2.59,3.25,1.277,0.136
2004-09-28,2.5511725906982385,4.653476996353367,5.08,,2.55,3.23,1.29,0.127
2004-09-29,2.5874234247080072,4.624375485791726,5.12,,2.61,3.28,1.313,0.127
2004-09-30,2.590240480732285,4.612302295395044,5.14,,2.63,3.29,1.314,0.127
2004-10-01,2.5682748710823473,4.616556761518771,5.1,,2.63,3.31,1.301,0.127
2004-10-04,2.599665785972333,4.644612370423929,5.13,,2.65,3.32,1.246,0.133
2004-10-05,2.575059869191582,4.607582232037713,5.12,,2.65,3.31,1.232,0.136
2004-10-06,2.571848751177441,4.596827733597806,5.125,,2.7,3.34,1.24,0.131
2004-10-07,2.5704321512161106,4.602960844617534,5.155,,2.72,3.34,1.221,0.129
2004-10-08,2.5004617959736075,4.555227319274761,5.17,,2.61,3.29,1.262,0.127
2004-10-11,2.501395423370252,4.552901106489032,5.1,,,,1.213,
2004-10-12,2.464857618029357,4.501660620720955,5.095,,2.56,3.24,1.163,0.118
2004-10-13,2.4839194138875813,4.516268986926973,5.1,,2.53,3.21,1.156,0.123
2004-10-14,2.4604935616986454,4.5104778174597255,5.05,,2.48,3.16,1.131,0.123
2004-10-15,2.4257162397092125,4.527867981731374,5.01,,2.53,3.2,1.146,0.123
2004-10-18,2.428403591715432,4.505110136960503,5.015,,2.55,3.18,1.186,0.129
2004-10-19,2.4425777254671512,4.5212713567693354,5.01,,2.57,3.17,1.11,0.129
2004-10-20,2.404825782000549,4.452041330804508,4.99,,2.53,3.1,1.103,0.125
2004-10-21,2.4143052758941885,4.483147403099653,4.995,,2.57,3.16,1.07,0.121
2004-10-22,2.426228753136075,4.459734221185129,5.045,,2.55,3.14,1.085,0.126
2004-10-25,2.3875544052847895,4.433752855959109,4.99,,2.54,3.1,1.094,0.117
2004-10-26,2.3844537647463846,4.450385746555108,5.03,,2.54,3.16,1.083,0.118
2004-10-27,2.393978587621939,4.480782085591139,5.01,,2.63,3.23,1.116,0.118
2004-10-28,2.4674020254194184,4.519204153654573,5.055,,2.59,3.23,1.091,0.118
2004-10-29,2.451040943684774,4.50548272231652,5.075,,2.56,3.24,1.141,0.118
2004-11-01,2.430287913996176,4.504405170656478,5.04,,2.61,3.26,1.115,0.119
2004-11-02,2.45966385815227,4.57225462240894,5.07,,2.6,3.25,1.115,0.124
2004-11-03,2.4540485039980706,4.565748361738898,5.09,,2.6,3.24,1.157,
2004-11-04,2.451174265164553,4.535185253838432,5.08,,2.63,3.23,1.137,0.122
2004-11-05,2.4482303915727126,4.589513592900953,5.06,,2.8,3.34,1.119,0.12
2004-11-08,2.4475455677543465,4.588532744403885,5.13,,2.8,3.34,1.179,0.121
2004-11-09,2.474258780690546,4.573300477199714,5.14,,2.8,3.35,1.245,0.119
2004-11-10,2.45487576591217,4.524986252302259,5.16,,2.82,3.32,1.266,0.115
2004-11-11,2.4144921094675738,4.479854945272691,5.205,,,,1.215,0.107
2004-11-12,2.4064515642279933,4.450762095674393,5.23,,2.86,3.27,1.171,0.107
2004-11-15,2.3953018202515244,4.433415467729036,5.195,,2.89,3.27,1.217,0.112
2004-11-16,2.4232650567895724,4.444701268764678,5.205,,2.91,3.3,1.201,0.108
2004-11-17,2.4277388942178075,4.471405675129659,5.195,,2.85,3.2,1.203,0.109
2004-11-18,2.460379107692045,4.518664907677361,5.13,,2.86,3.22,1.219,0.104
2004-11-19,2.443384090280291,4.517090487262344,5.06,,2.95,3.23,1.254,0.105
2004-11-22,2.42049720744298,4.487513410860622,5.085,,2.95,3.26,1.271,0.101
2004-11-23,2.4150233931963005,4.448838022795267,5.075,,2.98,3.23,1.283,
2004-11-24,2.387000570174249,4.43093425331752,5.02,,3.01,3.17,1.242,0.102
2004-11-25,2.362620370782155,4.381869514412155,4.965,,,3.06,1.272,0.1
2004-11-26,2.3589057537556943,4.352147136979515,4.97,,3.03,3.06,1.25,0.101
2004-11-29,2.3952941139078447,4.340175386918981,4.94,,3.07,3.1,1.239,0.103
2004-11-30,2.370680092131093,4.364876901611888,4.895,,3.02,3.01,1.245,0.103
2004-12-01,2.3452430352928637,4.415588123656233,4.865,,3.01,3.0,1.208,0.103
2004-12-02,2.393519235035368,4.455808538861731,4.885,,3.04,3.04,1.193,0.104
2004-12-03,2.3661543080239724,4.432248542220143,4.905,,2.94,2.88,1.237,0.104
2004-12-06,2.3134752880788536,4.386994946263311,4.865,,2.93,2.9,1.152,0.105
2004-12-07,2.3022423822365403,4.364838257887197,4.855,,2.95,2.83,1.109,0.105
2004-12-08,2.3292395986898007,4.353510833717718,4.85,,2.91,2.82,1.162,0.101
2004-12-09,2.298521055723155,4.3333596809292265,4.88,,2.93,2.9,1.133,0.093
2004-12-10,2.3109222611315907,4.338562913481806,4.93,,2.95,2.91,1.1,0.091
2004-12-13,2.3132426078195287,4.331360519206974,4.92,,2.98,2.92,1.103,0.089
2004-12-14,2.317042064049497,4.348237297249572,4.93,,2.99,2.88,1.104,0.089
2004-12-15,2.3043072025458153,4.324535273288635,4.895,,2.97,2.86,1.126,0.089
2004-12-16,2.3569555873302797,4.372665348782703,4.86,,3.01,2.91,1.111,0.089
2004-12-17,2.401153761730096,4.416360721196923,4.89,,3.03,2.95,1.087,0.084
2004-12-20,2.365684208039899,4.4166732126087656,4.965,,3.06,2.96,1.12,0.085
2004-12-21,2.4162849602608736,4.4156709926494715,5.02,,3.05,2.98,1.154,0.085
2004-12-22,2.4380285136669704,4.369934336652785,5.01,,3.04,3.01,1.14,0.086
2004-12-23,2.40586772832376,4.33765229767174,4.99,,3.02,2.96,1.126,
2004-12-24,2.3894001951210337,4.334207661610508,4.97,,,2.98,,0.091
2004-12-27,2.422209786688978,,,,3.07,,1.175,0.097
2004-12-28,2.398345133554494,,,,3.08,,1.053,0.102
2004-12-29,2.482686176462884,4.411075631147291,5.04,,3.12,3.05,1.095,0.103
2004-12-30,2.4762205761859595,4.405696141506817,5.075,,3.1,3.01,1.137,0.103
2004-12-31,2.4737637215250077,4.382958517657709,5.06,,3.08,2.99,,
2005-01-03,2.4309607852930823,,,,3.1,,1.116,
2005-01-04,2.457144022981635,4.371052953488773,5.175,,3.2,3.05,1.062,0.097
2005-01-05,2.479968705583551,4.376988504035405,5.18,,3.22,3.04,1.082,0.097
2005-01-06,2.4155668048432823,4.344965207094618,5.155,,3.18,3.01,1.069,0.097
2005-01-07,2.390158932480301,4.348438830740188,5.105,,3.2,3.09,1.061,0.095
2005-01-10,2.386555325789565,4.3373095078483805,5.115,,3.23,3.1,1.081,
2005-01-11,2.407134179574964,4.3382484929030225,5.055,,3.24,3.07,1.076,0.093
2005-01-12,2.411768553660144,4.3389604738161145,5.015,,3.22,3.02,1.061,0.088
2005-01-13,2.3650863924702175,4.3041116132186295,5.015,,3.21,2.94,1.104,0.089
2005-01-14,2.379950751064485,4.312488312217266,4.995,,3.24,2.95,1.078,0.089
2005-01-17,2.36657739120688,4.285060038654431,5.01,,,2.94,1.048,0.094
2005-01-18,2.3869434193072165,4.392773968047431,5.05,,3.26,2.91,1.047,0.089
2005-01-19,2.3730141413980546,4.411582441005338,5.1,,3.26,2.89,1.057,0.095
2005-01-20,2.4029504147397724,4.4317432427855765,5.07,,3.21,2.91,1.062,0.095
2005-01-21,2.39287422223298,4.389668523363963,5.09,,3.16,2.91,1.063,0.095
2005-01-24,2.368144508767948,4.390313037430072,5.085,,3.2,2.91,1.025,0.097
2005-01-25,2.3580174857404805,4.393057559680165,5.16,,3.23,2.86,1.029,0.097
2005-01-26,2.386463401302589,4.418873082577282,,,3.27,2.81,1.05,0.097
2005-01-27,2.42112603708519,4.443660498957909,5.21,,3.28,2.91,1.108,0.091
2005-01-28,2.3811468547973913,4.4256895163765595,5.24,,3.25,2.88,1.1,0.086
2005-01-31,2.3886389029077506,4.433435296403853,5.27,,3.29,2.9,1.079,0.087
2005-02-01,2.385454292700506,4.4289534748438575,5.235,,3.29,2.91,1.069,0.084
2005-02-02,2.395443720900932,4.432958043447693,5.225,,3.32,2.92,1.013,0.084
2005-02-03,2.420442534389815,4.454657247214235,5.255,,3.34,2.96,1.067,0.087
2005-02-04,2.3956471444087795,4.42509886784411,5.235,,3.29,2.87,1.043,0.087
2005-02-07,2.405985498716597,4.4397173404458155,5.345,,3.31,2.9,0.996,0.088
2005-02-08,2.4289237505422268,4.4635225558158,5.35,,3.33,2.92,1.023,0.091
2005-02-09,2.395258925820005,4.4828007564126855,5.335,,3.24,2.88,1.034,0.106
2005-02-10,2.372003819183633,4.468101455137016,5.42,,3.29,2.91,1.019,0.112
2005-02-11,2.368921669480821,4.494466951704754,5.44,,3.34,2.92,1.023,
2005-02-14,2.391610137804591,4.537803513261106,5.46,,3.38,2.89,1.03,0.118
2005-02-15,2.41304397491706,4.5297649310434585,5.455,,3.37,2.89,1.094,0.118
2005-02-16,2.4061139333315045,4.514407744337083,5.44,,3.41,2.92,1.103,0.113
2005-02-17,2.4477840696972812,4.531096297707884,5.465,,3.38,2.92,1.1,0.114
2005-02-18,2.473371809622753,4.547853119102819,5.44,,3.45,2.95,1.139,0.109
2005-02-21,2.4881385898850863,4.594581838440047,5.5,,,2.92,1.127,0.111
2005-02-22,2.477229484640438,4.612544547876016,5.485,,3.46,2.85,1.111,0.111
2005-02-23,2.4604092280252887,4.657315852183215,5.485,,3.46,2.94,1.117,0.106
2005-02-24,2.47305446193277,4.721410920775113,5.475,,3.52,2.97,1.125,0.106
2005-02-25,2.501777672364917,4.710011408356962,5.51,,3.54,2.92,1.128,0.112
2005-02-28,2.488799221138912,4.698665493554478,5.535,,3.59,2.94,1.124,0.123
2005-03-01,2.488387040340822,4.730281333021642,5.545,,3.59,2.93,1.151,0.13
2005-03-02,2.5008842896834835,4.766479939923028,5.515,,3.57,2.95,1.149,0.13
2005-03-03,2.472450941470216,4.755024199265545,5.515,,3.59,2.96,1.108,0.131
2005-03-04,2.433136931145475,4.733225048720273,5.53,,3.57,2.93,1.092,0.129
2005-03-07,2.4087882794071005,4.733149772960111,5.53,,3.61,2.93,1.084,0.125
2005-03-08,2.4147726089738843,4.77557618133563,5.525,,3.62,2.92,1.108,0.123
2005-03-09,2.4472069442261652,4.7803249368157585,5.535,,3.66,2.98,1.096,0.121
2005-03-10,2.4411753925968984,4.779923073638662,5.59,,3.68,3.0,1.14,0.121
2005-03-11,2.4349554663312465,4.765014390058834,5.59,,3.73,3.08,1.131,0.125
2005-03-14,2.453505404830476,4.757166184784654,5.59,,3.75,3.08,1.113,0.127
2005-03-15,2.4339873339936076,4.723026205465277,5.575,,3.75,3.15,1.109,0.118
2005-03-16,2.481814874767898,4.7006387583183376,5.6,,3.72,3.15,1.099,0.119
2005-03-17,2.4730280111564467,4.703387706204315,5.57,,3.7,3.1,1.142,0.109
2005-03-18,2.494143443311308,4.713555083620705,5.58,,3.72,3.13,1.111,0.109
2005-03-21,2.515168547174176,4.714868199994586,5.61,,3.72,3.18,1.135,
2005-03-22,2.510639660288008,4.672133609907532,5.64,,3.86,3.29,1.15,0.111
2005-03-23,2.5411448621603254,4.719289742814525,5.665,,3.84,3.4,1.145,0.111
2005-03-24,2.534214689745226,4.710819124521941,5.63,,3.88,3.4,1.216,0.107
2005-03-25,,,,,,,,0.107
2005-03-28,,,,,3.9,3.42,,0.109
2005-03-29,2.538591281364856,4.695198079442164,5.635,,3.87,3.38,1.163,0.104
2005-03-30,2.5253052980800788,4.6564798963858856,5.63,,3.86,3.36,1.185,0.105
2005-03-31,2.471561627792572,4.616674171823965,5.585,,3.8,3.27,1.14,0.097
2005-04-01,2.4200026624254916,4.632848004216691,5.535,,3.75,3.24,1.088,0.092
2005-04-04,2.425272922990606,4.595965908347697,5.545,,3.74,3.24,1.09,0.087
2005-04-05,2.4261631606101983,4.607916081320981,5.52,,3.75,3.27,1.097,0.087
2005-04-06,2.4151844221174015,4.596574920498862,5.41,,3.7,3.24,1.058,0.088
2005-04-07,2.386420022614072,4.551423809862458,5.46,,3.72,3.24,1.114,0.086
2005-04-08,2.3832437110822164,4.574708269794317,5.465,,3.77,3.16,1.08,0.086
2005-04-11,2.3740836701264967,4.5735704816731895,5.465,,3.75,3.13,1.066,0.087
2005-04-12,2.3799338766190083,4.575461884231899,5.455,,3.71,3.13,1.074,0.087
2005-04-13,2.3691854622503943,4.546504125359561,5.4,,3.66,3.11,1.015,0.088
2005-04-14,2.371354426813319,4.545598006410787,5.345,,3.6,3.03,1.031,0.084
2005-04-15,2.3258817112939374,4.509884973301118,5.31,,3.54,2.99,0.997,0.074
2005-04-18,2.321241266090829,4.488624639495631,5.265,,3.55,3.01,0.948,0.07
2005-04-19,2.293596172259186,4.5243149839254535,5.295,,3.5,2.98,0.918,0.08
2005-04-20,2.291675432809642,4.5502324017563085,5.275,,3.52,2.97,0.91,0.075
2005-04-21,2.2973283247379293,4.530649412994117,5.27,,3.65,3.03,0.931,0.075
2005-04-22,2.2884812616085743,4.537626369199424,5.325,,3.62,3.06,0.959,0.081
2005-04-25,2.2862602050395977,4.534998824914307,,,3.64,3.09,0.941,0.081
2005-04-26,2.2761745435373166,4.5204560974242725,5.27,,3.67,3.08,0.965,0.076
2005-04-27,2.261234289337814,4.501148282263586,5.26,,3.64,3.07,0.947,0.076
2005-04-28,2.2447868245344713,4.47822352077712,5.225,,3.59,3.04,0.945,0.076
2005-04-29,2.2454726759806487,4.47723013955661,5.235,,3.66,3.08,0.952,
2005-05-02,2.2295601035951607,,5.225,,3.64,3.06,0.955,0.072
2005-05-03,2.208103951088044,4.4568463275466,5.205,,3.68,3.06,0.977,
2005-05-04,2.2247123443079415,4.466782993104836,5.175,,3.63,3.06,0.952,
2005-05-05,2.215864917653005,4.4425040554850135,5.19,,3.58,3.03,,
2005-05-06,2.2388215751746325,4.479664392108345,5.155,,3.73,3.19,0.899,0.068
2005-05-09,2.2464399158754595,4.452034948239329,5.235,,3.76,3.2,0.955,0.076
2005-05-10,2.2059651908488256,4.428433550942745,5.24,,3.69,3.14,0.947,0.078
2005-05-11,2.2026005071685746,4.342382762579747,5.205,,3.68,3.09,0.978,0.077
2005-05-12,2.214977485360979,4.3090524167130395,5.215,,3.66,3.04,0.941,0.074
2005-05-13,2.212616411245244,4.266435404029813,5.19,,3.61,2.97,0.906,0.075
2005-05-16,2.2184261129509517,4.273095456089941,5.175,,3.61,2.99,,0.084
2005-05-17,2.218322774644519,4.263147292496068,5.195,,3.61,2.98,0.899,0.095
2005-05-18,2.210477322146059,4.252271320518979,5.215,,3.56,3.01,0.944,0.095
2005-05-19,2.2207247975775335,4.277965387726378,5.225,,3.64,3.07,0.918,0.095
2005-05-20,2.2580057108523137,4.291562590325441,5.27,,3.69,3.08,0.93,0.09
2005-05-23,2.2497227792019596,4.25769882597442,5.31,,3.65,,0.95,0.096
2005-05-24,2.2058732244789137,4.236589546930739,5.255,,3.61,3.03,0.929,0.081
2005-05-25,2.180298629971664,4.221648313206223,5.235,,3.61,3.0,0.944,0.076
2005-05-26,2.195616116158752,4.270335492445281,5.245,,3.64,3.0,0.91,0.076
2005-05-27,2.1826764919821167,4.281924397169954,5.23,,3.64,2.97,0.892,0.076
2005-05-30,2.1814453309386197,,5.2,,,2.97,0.891,0.077
2005-05-31,2.166920221387585,4.222927430870515,5.18,,3.6,2.91,0.948,0.077
2005-06-01,2.105484407364105,4.170608246671727,5.18,,3.5,2.78,0.894,0.074
2005-06-02,2.103176897889991,4.169388416870771,5.175,,3.52,2.79,0.889,0.077
2005-06-03,2.0771960395103477,4.179104610934148,5.155,,3.57,2.83,0.861,0.079
2005-06-06,2.084079297379979,4.202119122420759,5.165,,3.59,2.81,0.875,0.083
2005-06-07,2.049681846390116,4.177094962424193,5.15,,3.57,2.77,0.897,0.078
2005-06-08,2.0174074611317216,4.163668308877949,5.145,,3.6,2.81,0.848,0.078
2005-06-09,2.046201943395045,4.190291091490711,5.18,,3.64,2.82,0.881,0.078
2005-06-10,2.0710953880118983,4.209514369680036,5.21,,3.71,2.93,0.849,0.078
2005-06-13,2.0645548617955685,4.224006579240718,,,3.71,2.93,0.862,0.079
2005-06-14,2.0706293565310103,4.274092930295117,5.26,,3.71,2.94,0.883,0.079
2005-06-15,2.126365105653466,4.304299527434324,5.28,,3.72,2.94,0.879,0.078
2005-06-16,2.159163612497005,4.303631620945694,5.29,,3.7,2.9,0.903,0.079
2005-06-17,2.147284222394036,4.288681021094186,5.26,,3.72,2.9,0.882,0.084
2005-06-20,2.1188253767567553,4.307853965799852,5.255,,3.72,2.89,0.88,0.085
2005-06-21,2.040734023358087,4.2575239995564695,5.28,,3.71,2.87,0.868,0.085
2005-06-22,2.001475202468643,4.142485117468635,5.25,,3.62,2.8,0.857,0.08
2005-06-23,2.0131253549464723,4.114193168526935,5.17,,3.63,2.79,0.853,0.075
2005-06-24,2.013498847512335,4.103012481038475,5.135,,3.59,2.78,0.849,0.076
2005-06-27,2.0002464370535344,4.064086333157675,5.095,,3.6,2.81,0.865,0.076
2005-06-28,2.0222989132790574,4.103102367854811,5.125,,3.65,2.85,0.862,0.075
2005-06-29,2.002141226412383,4.087227877798402,5.145,,3.65,2.86,0.91,0.07
2005-06-30,2.0087405216264913,4.023498647045608,5.145,,3.66,2.83,0.87,0.07
2005-07-01,2.026369195672039,4.05106013805472,5.135,,3.76,,0.84,0.07
2005-07-04,2.0818735351895215,4.059539692553449,5.215,,,2.97,0.89,0.075
2005-07-05,2.140429707889079,4.107134328777796,5.195,,3.79,3.0,0.861,0.075
2005-07-06,2.144365057084474,4.1098384336088944,5.175,,3.77,2.97,0.896,0.078
2005-07-07,2.09627269134079,3.9986004041966225,5.225,,3.71,2.94,0.863,0.075
2005-07-08,2.1070653705049103,4.027535667881767,5.16,,3.78,2.99,0.88,0.073
2005-07-11,2.1409248180825,4.087825573477972,5.195,,3.81,3.01,0.942,0.075
2005-07-12,2.1563486338256985,4.107789071679317,5.225,,3.82,3.08,0.983,0.075
2005-07-13,2.1730020219679855,4.091953426602238,5.25,,3.84,3.07,0.983,0.079
2005-07-14,2.1899680253831115,4.101596622760626,5.22,,3.86,3.05,0.973,0.075
2005-07-15,2.1995302679981243,4.090446712277388,5.2,,3.86,3.06,0.972,0.071
2005-07-18,2.1813082701478477,4.058723698956236,5.225,,3.89,3.07,0.984,
2005-07-19,2.1939659182784057,4.086332245910128,5.235,,3.88,3.04,0.981,0.075
2005-07-20,2.20317268404512,4.090995620803645,5.21,,3.9,3.05,0.973,0.075
2005-07-21,2.1793332043021945,4.153774025730805,5.21,,3.96,3.06,0.954,0.075
2005-07-22,2.1579617285450503,4.087561123044274,5.255,,3.92,2.96,0.925,0.075
2005-07-25,2.1588976660699553,4.078630506973179,5.205,,3.95,2.95,0.915,0.076
2005-07-26,2.182209352713893,4.110681322057231,5.2,,3.95,2.98,0.973,0.082
2005-07-27,2.175121549903388,4.117744639644569,5.17,,3.99,3.04,0.928,0.097
2005-07-28,2.190342144511324,4.132733085884555,5.17,,3.96,3.01,0.939,0.104
2005-07-29,2.196330141012986,4.1524343440616365,5.135,,4.02,3.04,0.948,0.104
2005-08-01,2.242963576904289,4.214212636910762,5.25,,4.04,,,0.111
2005-08-02,2.23931123712001,4.2160920635252515,5.215,,4.06,3.08,1.058,0.126
2005-08-03,2.2579855128516098,4.230061285920279,5.235,,4.02,3.07,1.07,0.122
2005-08-04,2.258797350562882,4.185515943290371,5.22,,4.04,3.08,1.052,0.125
2005-08-05,2.2920839524407857,4.2300867540183456,5.25,,4.11,3.15,1.038,0.12
2005-08-08,2.2970124774212985,4.225089283146567,5.255,,4.16,3.17,1.062,0.124
2005-08-09,2.298595713496724,4.231269743530941,5.215,,4.13,3.15,1.089,0.125
2005-08-10,2.2909478526289124,4.2633955513794,5.185,,4.13,3.17,1.1,0.142
2005-08-11,2.2834728760462,4.274072608790772,5.24,,4.1,3.13,1.116,0.176
2005-08-12,2.249012196811746,4.233863898842449,5.17,,4.05,3.11,1.088,0.153
2005-08-15,2.2212462092334473,4.222024078395262,5.12,,4.08,3.14,1.067,0.158
2005-08-16,2.1990734899984794,4.21053823321111,5.115,,4.03,3.1,1.069,0.158
2005-08-17,2.1877186000045095,4.211355818186115,5.075,,4.07,3.14,1.068,0.139
2005-08-18,2.1758046984646446,4.197723734554648,5.09,,4.01,3.1,1.043,0.135
2005-08-19,2.1809879591153836,4.193271076378695,5.07,,4.03,3.13,1.042,0.13
2005-08-22,2.1915076762985146,4.178027936766734,5.08,,4.03,3.16,1.044,0.146
2005-08-23,2.1979715802315085,4.168442983673676,5.09,,4.01,3.15,1.041,0.146
2005-08-24,2.196216437340069,4.152556584690736,5.08,,3.99,3.11,1.06,0.142
2005-08-25,2.1821776281012673,4.131108713350612,5.095,,4.0,3.07,1.041,0.152
2005-08-26,2.1957450139576222,4.126005130394721,5.06,,4.06,3.09,1.035,0.158
2005-08-29,2.2031630803782836,,5.025,,4.06,3.1,1.024,0.153
2005-08-30,2.223580585505104,4.088007626926157,5.055,,3.97,3.07,1.048,0.149
2005-08-31,2.182163966277984,4.062584171229005,5.025,,3.84,2.97,0.997,0.129
2005-09-01,2.1384688836598107,4.035562140338509,4.99,,3.72,2.85,1.034,0.123
2005-09-02,2.112662885914128,4.0549949706470825,4.94,,3.75,2.9,0.982,0.105
2005-09-05,2.1041232822983016,4.059692726119338,4.965,,,,0.984,0.131
2005-09-06,2.1295617123504735,4.080817046484108,4.995,,3.8,2.99,0.98,0.131
2005-09-07,2.135836746887776,4.108843359479353,5.075,,3.87,3.03,0.992,0.131
2005-09-08,2.1295907085320813,4.0991007324224595,5.11,,3.87,3.02,1.018,0.132
2005-09-09,2.139886953983722,4.0757473519638845,5.11,,3.88,3.03,1.023,0.142
2005-09-12,2.1803013037969254,4.1505843481863876,5.125,,3.92,3.05,1.039,0.163
2005-09-13,2.182172251878112,4.127666570470539,5.16,,3.88,3.04,1.073,0.163
2005-09-14,2.1851137526758326,4.129245999467551,5.11,,3.9,3.08,1.05,0.173
2005-09-15,2.2108913765233,4.122686139103714,5.13,,3.9,3.08,1.067,0.169
2005-09-16,2.224352175386223,4.164813993821693,5.145,,3.97,3.13,1.102,0.164
2005-09-19,2.2156426586920137,4.1294305794976855,5.185,,3.93,3.14,1.039,
2005-09-20,2.195043597775592,4.1348773635062095,5.16,,4.0,3.19,1.036,0.165
2005-09-21,2.179030656380892,4.086050434925941,5.15,,3.96,3.17,1.051,0.175
2005-09-22,2.1733014748478334,4.087585790085541,5.1,,3.95,3.18,1.007,0.166
2005-09-23,2.2160768571929608,4.11556399442791,5.13,,4.02,3.25,0.993,
2005-09-26,2.257231201512201,4.164739740827639,5.22,,4.07,3.28,1.065,0.187
2005-09-27,2.2568260775942344,4.199209099162136,5.255,,4.08,3.3,1.072,0.191
2005-09-28,2.289866670865881,4.177329364049822,5.28,,4.09,3.3,1.081,0.22
2005-09-29,2.327695285125408,4.142849469848603,5.25,,4.13,3.34,1.095,0.22
2005-09-30,2.3295126534786603,4.150290423361057,5.275,,4.18,3.35,1.12,0.221
2005-10-03,2.3671129585750887,4.1577419150071595,5.32,,4.21,3.36,1.145,0.223
2005-10-04,2.3433114228042147,4.14349698234425,5.34,,4.22,3.34,1.187,0.23
2005-10-05,2.3465014917924503,4.130852403329407,5.29,,4.21,3.33,1.171,0.221
2005-10-06,2.353191164498001,4.101790001906063,5.25,,4.2,3.32,1.172,0.216
2005-10-07,2.3887491162028933,4.099401057347401,5.275,,4.18,3.35,1.173,0.217
2005-10-10,2.3825236756888244,4.076307324943785,5.275,,,,1.172,
2005-10-11,2.4230519596744413,4.108457033113197,5.275,,4.22,3.39,1.205,0.228
2005-10-12,2.429236554627936,4.150496342735376,5.32,,4.24,3.41,1.195,0.229
2005-10-13,2.4395672259504173,4.19842135579988,5.32,,4.24,3.41,1.209,0.24
2005-10-14,2.432277475176072,4.225794665120785,5.36,,4.27,3.42,1.219,0.26
2005-10-17,2.4718894875596824,4.243587108552347,5.355,,4.29,3.45,1.228,0.291
2005-10-18,2.4703564205462545,4.214759854902196,5.35,,4.27,3.48,1.224,0.282
2005-10-19,2.4298727513643277,4.215665783176443,5.295,,4.25,3.51,1.21,0.252
2005-10-20,2.485790607387352,4.275723939012747,5.305,,4.27,3.48,1.24,0.267
2005-10-21,2.4574032188278707,4.246083449772363,5.27,,4.22,3.48,1.279,0.264
2005-10-24,2.450375616750516,4.247352906628992,5.265,,4.25,3.5,1.297,0.261
2005-10-25,2.4899305497072364,4.2858259046997595,5.32,,4.34,3.57,1.315,0.261
2005-10-26,2.570526548945864,4.2957033834763525,5.355,,4.38,3.6,1.407,0.273
2005-10-27,2.568827925068803,4.282032857959566,5.35,,4.36,3.58,1.361,0.267
2005-10-28,2.5908411037059818,4.282326359811206,5.305,,4.4,3.61,1.367,0.262
2005-10-31,2.590394882861841,4.2657497348646425,5.335,,4.4,3.64,1.399,0.273
2005-11-01,2.617314789319368,4.297028890892185,5.33,,4.42,3.65,1.476,0.284
2005-11-02,2.664784285460957,4.34245643104963,5.31,,4.43,3.65,1.507,0.284
2005-11-03,2.6566235118193244,4.365023637930526,5.35,,4.47,3.66,1.568,
2005-11-04,2.6424611662609365,4.372954599037422,5.395,,4.47,3.7,1.637,0.323
2005-11-07,2.7016727045351567,4.3522702154776995,5.405,,4.47,3.69,1.654,0.325
2005-11-08,2.6943420998536056,4.330881999833915,5.39,,4.43,3.67,1.669,0.321
2005-11-09,2.7304803507266815,4.359837119863048,5.385,,4.49,3.71,1.652,0.301
2005-11-10,2.7307379186895564,4.3626473194111695,5.37,,4.44,3.71,1.646,0.298
2005-11-11,2.717697934728374,4.375635326931485,5.295,,,,1.62,0.288
2005-11-14,2.708203199327671,4.36499357538133,5.255,,4.5,3.77,1.599,0.269
2005-11-15,2.7249310920155327,4.321076888739238,5.305,,4.47,3.76,1.631,0.255
2005-11-16,2.6617960195588757,4.22924199379186,5.285,,4.42,3.71,1.611,0.265
2005-11-17,2.696149792458587,4.2200359404977945,5.23,,4.37,3.71,1.608,0.256
2005-11-18,2.808596314189701,4.2431240122524665,5.24,,4.4,3.75,1.609,0.246
2005-11-21,2.808348125341495,4.207700909823695,5.275,,4.39,3.76,1.655,0.248
2005-11-22,2.7763259552896336,4.21422273681997,5.25,,4.32,3.67,1.659,0.238
2005-11-23,2.7485013981403075,4.217958609883983,5.22,,4.36,3.68,1.624,
2005-11-24,2.694148522952564,4.18935658721962,5.265,,,3.69,1.613,0.229
2005-11-25,2.701157892451584,4.190635288146233,5.26,,4.33,3.69,1.623,0.229
2005-11-28,2.7359580915529103,4.190817114844212,5.245,,4.33,3.69,1.658,0.239
2005-11-29,2.734290972189215,4.225469502108444,5.24,,4.4,3.73,1.656,0.241
2005-11-30,2.7647747297680527,4.234158413002994,5.255,,4.42,3.77,1.657,0.229
2005-12-01,2.684730254931728,4.201587622589988,5.28,,4.45,3.76,1.734,0.232
2005-12-02,2.6896712020254085,4.223108881527422,5.25,,4.43,3.79,1.67,0.242
2005-12-05,2.6971100718437615,4.254589964653061,5.305,,4.47,3.81,1.72,0.259
2005-12-06,2.6928364578731476,4.244722406610612,5.35,,4.42,3.76,1.693,0.255
2005-12-07,2.6954879493646726,4.295183060034082,5.315,,4.42,3.77,1.694,0.251
2005-12-08,2.70740015401537,4.281116897252937,5.37,,4.37,3.76,1.646,0.247
2005-12-09,2.7626742071081933,4.358140473407109,5.32,,4.43,3.81,1.654,0.251
2005-12-12,2.7701153102373643,4.344897138815667,5.35,,4.45,3.85,1.659,0.264
2005-12-13,2.781040524346635,4.320288153509036,5.385,,4.43,3.85,1.683,0.264
2005-12-14,2.775203441279973,4.302010082251931,5.365,,4.37,3.83,1.49,0.249
2005-12-15,2.78273155827365,4.317625532380629,5.305,,4.37,3.84,1.625,0.24
2005-12-16,2.774694225686403,4.298924245622385,5.265,,4.37,3.81,1.516,0.251
2005-12-19,2.7862462513891133,4.217822539817666,5.29,,4.38,3.8,1.644,0.253
2005-12-20,2.800720486404866,4.203801660724438,5.28,,4.42,3.81,1.686,0.258
2005-12-21,2.8359387420944433,4.202417583900042,5.27,,4.43,3.82,1.599,0.27
2005-12-22,2.8467832317735544,4.167188968919894,5.27,,4.4,3.83,1.628,0.275
2005-12-23,2.845391506886233,4.156234334609591,5.225,,4.37,3.83,1.648,
2005-12-26,,,,,,,,0.281
2005-12-27,2.842875501860507,,,,4.35,,1.638,0.277
2005-12-28,2.82047987975353,4.123775277245911,5.205,,4.37,3.8,1.562,0.282
2005-12-29,2.837143253962105,4.132301893966195,5.195,,4.38,3.82,1.563,0.283
2005-12-30,2.805441849257548,4.125301493671286,5.185,,4.41,3.85,1.548,0.281
2006-01-02,2.8596826955957013,,,,,,,
2006-01-03,2.852530847150719,4.130442600037827,5.215,,4.34,3.81,1.539,
2006-01-04,2.763766378949027,4.107712056824906,5.16,,4.31,3.71,1.606,0.275
2006-01-05,2.7364603523394315,4.117287023977053,5.135,,4.32,3.69,1.629,0.269
2006-01-06,2.7402444414717246,4.148362554515846,5.13,,4.36,3.73,1.578,0.27
2006-01-09,2.74495057145852,4.188677294723288,5.125,,4.36,3.74,1.572,
2006-01-10,2.7831371479772775,4.21535669199773,5.135,,4.41,3.78,1.572,0.262
2006-01-11,2.8174736176906956,4.1953850706796585,5.16,,4.44,3.82,1.592,0.267
2006-01-12,2.7831944271483016,4.178985087201223,5.16,,4.39,3.81,1.646,0.262
2006-01-13,2.7835399856202594,4.1527352243511295,5.16,,4.34,3.79,1.61,0.258
2006-01-16,2.7825424039665205,4.13903593401057,5.14,,,3.79,1.605,0.26
2006-01-17,2.767718991605337,4.112822821878408,5.155,,4.33,3.76,1.594,0.251
2006-01-18,2.80314109090814,4.128675651675568,5.12,,4.33,3.75,1.554,0.241
2006-01-19,2.84548202532935,4.16600294498474,5.145,,4.37,3.8,1.568,0.252
2006-01-20,2.8494969198539337,4.1855728303555395,5.185,,4.37,3.79,1.565,0.252
2006-01-23,2.8622239302247348,4.176973893023026,5.135,,4.35,3.82,1.577,0.243
2006-01-24,2.859873514598746,4.202496133574263,5.155,,4.37,3.78,1.602,0.244
2006-01-25,2.8783470348483684,4.250471947253166,5.24,,4.46,3.83,1.59,0.249
2006-01-26,2.873478375178367,4.27374423077677,,,4.49,3.85,1.592,0.271
2006-01-27,2.8948303537741467,4.264826562045962,5.295,,4.51,3.86,1.572,0.296
2006-01-30,2.9294277067171617,4.244651540406179,5.285,,4.52,3.87,1.539,0.307
2006-01-31,2.933042134238885,4.246627925722628,5.27,,4.54,3.86,1.602,0.302
2006-02-01,2.9372237373785532,4.288386474791001,5.265,,4.59,3.89,1.604,0.293
2006-02-02,2.9643997802993822,4.30328116517035,5.315,,4.59,3.92,1.633,0.303
2006-02-03,2.9500050260585207,4.260324624567483,5.285,,4.59,3.93,1.645,0.309
2006-02-06,2.9270570366725517,4.263853039268574,5.255,,4.62,3.98,1.614,0.296
2006-02-07,2.913206722776918,4.245665834031298,5.285,,4.61,3.98,1.572,0.306
2006-02-08,2.9193011553601083,4.228100829396037,5.245,,4.64,3.99,1.589,0.32
2006-02-09,2.921602427414624,4.204584906843859,5.21,,4.66,3.99,1.625,0.321
2006-02-10,2.888117581696847,4.201695269793439,5.19,,4.69,3.98,1.612,0.361
2006-02-13,2.9129417081539892,4.205814576367729,5.245,,4.68,3.95,1.622,0.383
2006-02-14,2.916338894900738,4.140585275432422,5.24,,4.69,3.96,1.598,0.394
2006-02-15,2.8926636306783404,4.183921974434028,5.23,,4.71,3.95,1.576,0.406
2006-02-16,2.9200267574378933,4.1584447753681415,5.225,,4.69,3.93,1.602,0.401
2006-02-17,2.894816122558824,4.145006484234264,5.21,,4.66,3.9,1.589,0.422
2006-02-20,2.8692297215477947,4.152103100488249,5.18,,,3.9,1.536,0.414
2006-02-21,2.901885122735372,4.158732547436002,5.195,,4.71,3.93,1.556,0.41
2006-02-22,2.90921464295294,4.187762124569244,5.21,,4.68,3.91,1.56,0.395
2006-02-23,2.954356364122561,4.205105492305454,5.19,,4.72,3.96,1.581,0.406
2006-02-24,2.9665447764618516,4.257254331266591,5.205,,4.74,3.98,1.603,0.479
2006-02-27,2.9940810990983135,4.304787778155058,5.245,,4.74,3.98,1.657,0.482
2006-02-28,3.0047903236142695,4.284441675219876,5.245,,4.69,3.95,1.689,0.479
2006-03-01,3.022441710504463,4.284084897941343,5.215,,4.71,3.95,1.698,0.485
2006-03-02,3.0551049925564424,4.321189781669628,5.235,,4.72,3.94,1.691,0.483
2006-03-03,3.0906427961292953,4.350115083546575,5.265,,4.76,3.98,1.739,0.492
2006-03-06,3.08998781369852,4.339462987678979,5.305,,4.77,3.99,1.732,0.518
2006-03-07,3.0945845848248603,4.352526498296306,5.295,,4.77,3.93,1.762,0.509
2006-03-08,3.108981548933316,4.339989480828972,5.29,,4.72,3.89,1.746,0.476
2006-03-09,3.106322793722429,4.347568081474761,5.32,,4.72,3.93,1.764,0.471
2006-03-10,3.1251580758168913,4.3702290089136,5.32,,4.74,3.96,1.809,0.471
2006-03-13,3.1413386885411203,4.389352991847231,5.37,,4.74,3.96,1.795,0.515
2006-03-14,3.1148696712532145,4.3522036323831195,5.355,,4.66,3.91,1.8,0.535
2006-03-15,3.141754936799241,4.354045363626796,5.285,,4.69,3.91,1.79,0.56
2006-03-16,3.158638297516291,4.344759641079605,5.295,,4.62,3.85,1.753,0.551
2006-03-17,3.192911158663585,4.366184438362171,5.23,,4.65,3.89,1.715,0.547
2006-03-20,3.164199220278057,4.360961065841634,5.23,,4.65,3.9,1.747,0.554
2006-03-21,3.1778110935280406,4.386310814772013,5.24,,4.72,3.95,1.75,
2006-03-22,3.1577662465184853,4.378725995946427,5.285,,4.74,3.95,1.73,0.581
2006-03-23,3.153764822100489,4.392001214881125,5.27,,4.77,3.98,1.718,0.586
2006-03-24,3.1568546450456783,4.384052216771457,5.29,,4.72,3.91,1.754,0.588
2006-03-27,3.134113711034156,4.377032622042236,5.245,,4.72,3.92,1.739,0.569
2006-03-28,3.2232736306913448,4.407464080474444,5.25,,4.81,3.96,1.762,0.576
2006-03-29,3.249505480782549,4.42004937203694,5.3,,4.82,3.98,1.84,0.627
2006-03-30,3.274429022808544,4.420595844972024,5.305,,4.84,3.99,1.801,0.666
2006-03-31,3.2744868828643794,4.418637043511382,5.335,,4.82,3.99,1.792,0.667
2006-04-03,3.3173239907014844,4.420925735584899,5.335,,4.86,4.02,1.798,0.688
2006-04-04,3.30059379204074,4.430927678242512,5.375,,4.84,4.04,1.816,0.646
2006-04-05,3.2879362948749415,4.381509987322243,5.395,,4.81,4.03,1.796,0.625
2006-04-06,3.238048098158836,4.404049790299602,5.485,,4.84,4.05,1.81,0.646
2006-04-07,3.2360328705979686,4.400516782220877,5.485,,4.89,4.12,1.762,0.667
2006-04-10,3.2564545005242382,4.421955452107802,5.51,,4.89,4.14,1.764,0.671
2006-04-11,3.2505628866184084,4.430760951045265,5.54,,4.88,4.12,1.778,0.667
2006-04-12,3.2460585459240545,4.433101390264267,5.51,,4.91,4.11,1.752,0.658
2006-04-13,3.296060044028547,4.496343961807552,5.55,,4.96,4.12,1.777,0.664
2006-04-14,,,,,,,,0.67
2006-04-17,,,,,4.91,4.07,,0.642
2006-04-18,3.296716386882199,4.488305072687834,5.54,,4.84,4.04,1.843,0.643
2006-04-19,3.289681862188171,4.491663647985532,5.52,,4.86,4.07,1.788,0.628
2006-04-20,3.282895194625358,4.465444369849839,5.555,,4.89,4.1,1.813,0.624
2006-04-21,3.273235697213942,4.478304439853709,5.58,,4.9,4.07,1.806,0.625
2006-04-24,3.284771420523711,4.507228426003343,5.565,,4.89,4.07,1.816,0.627
2006-04-25,3.3428217719900237,4.561653409353465,,,4.95,4.16,1.73,0.618
2006-04-26,3.3839393937024287,4.606152714282353,5.625,,4.99,4.19,1.868,0.65
2006-04-27,3.3882976717303155,4.5984370935422865,5.655,,4.91,4.14,1.909,0.675
2006-04-28,3.3829918460957957,4.5798306223329375,5.63,,4.87,4.13,1.936,0.649
2006-05-01,,,5.635,,4.94,4.17,,0.627
2006-05-02,3.3858049969257022,4.618877120596592,5.665,,4.92,4.16,1.937,0.641
2006-05-03,3.371917955556337,4.656923520444428,5.71,,4.94,4.18,2.004,
2006-05-04,3.3954583533466827,4.706850542151015,5.73,,4.97,4.15,2.0,
2006-05-05,3.3756272148836226,4.702167342459013,5.69,,4.94,4.14,2.024,
2006-05-08,3.3865800636552765,4.726862865973132,5.665,,4.97,4.12,2.004,0.667
2006-05-09,3.412536602899706,4.7412319577188144,5.695,,4.97,4.1,2.021,0.705
2006-05-10,3.391076221827877,4.6975890961097635,5.745,,5.01,4.12,2.027,0.791
2006-05-11,3.423632482683778,4.747756095018143,5.74,,4.99,4.08,2.043,0.793
2006-05-12,3.394367347318928,4.7806327714302865,5.725,,5.01,4.07,2.075,0.794
2006-05-15,3.3437148718007244,4.7388960237027264,5.735,,4.99,4.06,2.022,0.801
2006-05-16,3.3182523656155896,4.706819436744484,5.695,,4.96,4.05,2.005,0.792
2006-05-17,3.3432125234478796,4.765997390518846,5.685,,4.97,4.08,1.98,0.767
2006-05-18,3.313112493815928,4.7041243088473355,5.725,,4.94,4.02,2.017,0.773
2006-05-19,3.309301017873138,4.708398846285623,5.67,,4.96,4.08,1.96,0.759
2006-05-22,3.265457733745168,4.668019862029606,5.64,,4.94,,1.99,0.741
2006-05-23,3.2771930163871357,4.694314798515563,5.62,,4.97,4.06,1.961,0.701
2006-05-24,3.266727396839352,4.664785738986006,5.635,,4.94,4.09,2.04,0.737
2006-05-25,3.265727413464461,4.6300585250903765,5.645,,4.98,4.08,,0.799
2006-05-26,3.268593065212825,4.637925735820371,5.675,,4.96,4.09,1.997,0.845
2006-05-29,3.292479943824134,,5.675,,,4.11,1.983,0.847
2006-05-30,3.329884658335902,4.657365045471979,5.7,,4.99,4.13,1.965,0.822
2006-05-31,3.370629055097798,4.670673652658477,5.67,,5.04,4.18,1.986,0.813
2006-06-01,3.392518172005928,4.6984007455879695,5.7,,5.04,4.15,2.063,0.862
2006-06-02,3.364323460293266,4.66403396408696,5.68,,4.92,4.09,2.01,0.848
2006-06-05,3.383725660699446,4.669227201085239,5.58,,4.99,4.11,,0.81
2006-06-06,3.4273107709897737,4.703758666951473,5.62,,4.99,4.11,2.043,0.837
2006-06-07,3.4398470047066976,4.699706205791806,5.62,,5.02,4.13,2.053,0.812
2006-06-08,3.3956840457452993,4.666914374485899,5.7,,5.01,4.13,2.058,0.744
2006-06-09,3.3387845537205285,4.641888035079609,5.7,,5.01,4.23,2.048,0.73
2006-06-12,3.327207545321755,4.633840211139042,,,5.02,4.23,2.026,0.737
2006-06-13,3.3068708682428403,4.630696920455182,5.7,,5.02,4.2,2.004,0.728
2006-06-14,3.3364880920864266,4.647020970993111,5.66,,5.11,4.22,1.993,0.708
2006-06-15,3.3746571977506803,4.729718022827571,5.725,,5.14,4.24,2.029,0.723
2006-06-16,3.362925605241677,4.730494017654022,5.755,,5.16,4.24,2.009,0.754
2006-06-19,3.403801402858188,4.775965663971567,5.795,,5.19,4.25,1.986,0.76
2006-06-20,3.4220423837582588,4.813912093802662,5.785,,5.19,4.35,2.032,0.806
2006-06-21,3.459641685987675,4.804207765130815,5.785,,5.2,4.36,2.057,0.822
2006-06-22,3.4671180875732146,4.795806413727309,5.81,,5.23,4.37,2.078,0.812
2006-06-23,3.4984304195177813,4.815634847070494,5.845,,5.27,4.41,2.078,0.797
2006-06-26,3.528626881788897,4.8235518936142725,5.85,,5.27,4.43,2.099,0.813
2006-06-27,3.5599536740316675,4.820742357236459,5.855,,5.24,4.43,2.099,0.821
2006-06-28,3.556185910155059,4.825688810445018,5.84,,5.29,4.45,2.137,0.817
2006-06-29,3.533631065130698,4.791342306636227,5.87,,5.21,4.38,2.123,0.829
2006-06-30,3.5527511483284613,4.752518712482959,5.795,,5.16,4.4,2.156,0.825
2006-07-03,3.551424569943482,4.779996981009066,5.765,,5.17,,2.156,0.861
2006-07-04,3.5422916668756903,4.750239728034933,5.81,,,4.42,2.14,0.859
2006-07-05,3.581792185903859,4.7700951800135085,5.815,,5.24,4.43,2.164,0.886
2006-07-06,3.5902318555118207,4.753208060240279,5.865,,5.22,4.42,2.171,0.893
2006-07-07,3.578712886858928,4.710136492434369,5.865,,5.17,4.31,2.159,0.894
2006-07-10,3.589159291547558,4.730938205348111,5.82,,5.17,4.29,2.151,0.898
2006-07-11,3.564630145437732,4.716447964597946,5.86,,5.17,4.24,2.151,0.879
2006-07-12,3.5848276350769077,4.741832860433359,5.88,,5.17,4.23,2.16,0.844
2006-07-13,3.5476405293088487,4.714098435857949,5.965,,5.12,4.22,2.125,0.835
2006-07-14,3.4968162487570633,4.673658898752344,5.925,,5.08,4.21,2.111,0.78
2006-07-17,3.5058103467664203,4.69255707485404,5.925,,5.12,4.22,2.105,
2006-07-18,3.533933609193537,4.769627255585409,5.96,,5.19,4.26,2.1,0.744
2006-07-19,3.5570723726441975,4.759708423672047,5.955,,5.12,4.21,2.125,0.754
2006-07-20,3.530123893754125,4.757652525934809,5.925,,5.06,4.21,2.124,0.744
2006-07-21,3.4945602274749192,4.72874170144518,5.895,,5.08,4.16,2.11,0.75
2006-07-24,3.496593681320718,4.719263227316973,5.96,,5.1,4.13,2.111,0.787
2006-07-25,3.48810021888341,4.736279595972409,5.97,,5.11,4.16,2.101,0.814
2006-07-26,3.53249955173162,4.747249274216915,6.03,,5.06,4.15,2.1,0.803
2006-07-27,3.48888911989852,4.712101792088373,6.005,,5.07,4.15,2.108,0.793
2006-07-28,3.477087503198474,4.693723096533378,6.025,,4.98,4.15,2.121,0.807
2006-07-31,3.4982348656727753,4.711696347422342,5.985,,4.97,4.12,2.112,0.817
2006-08-01,3.501348971220354,4.733740964689471,5.97,,4.97,4.11,,0.825
2006-08-02,3.4975492305776017,4.748769527228127,5.965,,4.97,4.13,2.087,0.813
2006-08-03,3.5436310498538757,4.863455021793454,5.92,,4.98,4.16,2.108,0.802
2006-08-04,3.511713963180757,4.889069234090476,5.965,,4.91,4.13,2.14,0.804
2006-08-07,3.51498152580194,4.893682703654016,5.885,,4.96,,2.116,0.781
2006-08-08,3.5163017886589665,4.911083100808439,5.89,,4.91,4.12,2.142,0.796
2006-08-09,3.538296854402936,4.899911436870288,5.89,,4.91,4.13,2.149,0.796
2006-08-10,3.5280253805688506,4.911140520330717,5.975,,4.93,4.14,2.114,0.817
2006-08-11,3.5717368226280755,4.945888515057749,5.98,,4.96,4.16,2.128,0.789
2006-08-14,3.609774723636502,4.979566143546675,6.035,,5.01,4.19,2.14,0.806
2006-08-15,3.586048537698728,4.953791238120298,6.045,,4.94,4.15,2.169,0.805
2006-08-16,3.583440487829614,4.907367470087622,5.995,,4.87,4.11,2.184,0.79
2006-08-17,3.5749301624297973,4.8739635205012695,5.92,,4.89,4.1,2.148,0.786
2006-08-18,3.5909065784064644,4.848059051158291,5.89,,4.87,4.07,2.147,0.796
2006-08-21,3.5645174476640045,4.822267051021286,5.87,,4.85,4.06,2.133,0.772
2006-08-22,3.4868130988564263,4.7925731358069426,5.89,,4.87,4.06,2.107,0.752
2006-08-23,3.492635859674768,4.810406569182834,5.9,,4.87,4.06,2.067,0.758
2006-08-24,3.474710966027275,4.816727646791439,5.9,,4.88,4.06,2.08,0.768
2006-08-25,3.4681830789059673,4.821938728836574,5.875,,4.86,4.05,2.067,0.656
2006-08-28,3.468271029353039,,5.885,,4.88,4.05,2.067,0.641
2006-08-29,3.488173020957796,4.824880816382404,5.895,,4.87,4.05,2.076,0.676
2006-08-30,3.484891030846558,4.816839571293095,5.865,,4.83,4.02,2.083,0.659
2006-08-31,3.5014168878150245,4.806079173684391,5.835,,4.79,3.97,2.093,0.625
2006-09-01,3.492624217854323,4.781154020138794,5.82,,4.77,3.94,2.085,0.628
2006-09-04,3.490582231237255,4.786493225750615,5.86,,,,2.08,0.662
2006-09-05,3.51331284420739,4.794700540283529,5.89,,4.8,3.97,2.07,0.683
2006-09-06,3.5566441111106357,4.810387712309421,5.89,,4.82,3.98,2.1,0.678
2006-09-07,3.584045188732412,4.811298500277958,5.9,,4.82,3.98,2.135,0.669
2006-09-08,3.553471968488294,4.793939816614615,5.885,,4.8,3.94,2.121,0.689
2006-09-11,3.588415812466726,4.82527906455074,5.895,,4.83,3.97,2.167,0.622
2006-09-12,3.6080154544826057,4.870006517932624,5.905,,4.82,3.97,2.21,0.642
2006-09-13,3.5985975897207108,4.860296369702433,5.87,,4.8,3.98,2.159,0.622
2006-09-14,3.600294160829929,4.870072712407562,5.91,,4.83,4.0,2.169,0.633
2006-09-15,3.5825223110631885,4.885857536332172,5.955,,4.87,3.99,2.146,0.64
2006-09-18,3.6371534150761753,4.943949878616705,5.98,,4.88,4.0,2.177,
2006-09-19,3.600288032511517,4.9169018696399345,5.995,,4.79,3.96,2.185,0.666
2006-09-20,3.5864053300804684,4.913249848909255,5.935,,4.81,3.97,2.169,0.641
2006-09-21,3.596120461659448,4.913074466355674,5.95,,4.71,3.92,2.154,0.653
2006-09-22,3.5136478243481717,4.843737078143759,5.86,,4.67,3.89,2.137,0.617
2006-09-25,3.454699032138667,4.817989218686237,5.805,,4.63,3.84,2.078,0.607
2006-09-26,3.468648405076257,4.817727804079905,5.805,,4.68,3.88,2.077,0.587
2006-09-27,3.485775887522035,4.8043439338915315,5.835,,4.66,3.89,2.098,0.622
2006-09-28,3.5140970128207276,4.794753537801023,5.845,,4.68,3.9,2.092,0.634
2006-09-29,3.5173675982416484,4.8173691360224655,5.84,,4.71,3.91,2.12,0.635
2006-10-02,3.537177592446427,4.8453726656666465,,,4.66,3.89,2.132,0.673
2006-10-03,3.473778722809633,4.879228307904998,5.81,,4.67,3.9,2.112,0.64
2006-10-04,3.4681905837757916,4.860055023981537,5.835,,4.6,3.88,2.112,0.638
2006-10-05,3.468857984671801,4.8441567905230825,5.81,,4.65,3.92,2.124,0.643
2006-10-06,3.469510768900266,4.874928126178775,5.83,,4.74,3.99,2.107,0.658
2006-10-09,3.5017181555582546,4.875638040865531,5.905,,,,2.129,
2006-10-10,3.527312488407108,4.920172178682417,5.93,,4.82,4.01,2.148,0.671
2006-10-11,3.5408939065791207,4.919427078442505,5.915,,4.85,4.06,2.114,0.692
2006-10-12,3.53770701216369,4.9249081170033175,6.02,,4.85,4.04,2.134,0.688
2006-10-13,3.554882056319934,4.952169223172962,6.04,,4.87,4.05,2.166,0.703
2006-10-16,3.548323743853926,4.942763386661174,6.065,,4.85,4.03,2.099,0.746
2006-10-17,3.5275749428977554,4.938977469296322,6.05,,4.83,4.05,2.159,0.746
2006-10-18,3.525652004492439,4.9441548993320295,6.06,,4.85,4.04,2.155,0.772
2006-10-19,3.549121959670809,4.943765228155936,6.06,,4.85,4.06,2.153,0.803
2006-10-20,3.5690951547307073,4.978247504570974,6.075,,4.87,4.08,2.171,0.783
2006-10-23,3.596005530566733,5.000370551226076,6.1,,4.9,4.11,2.192,0.8
2006-10-24,3.6024448147386137,5.005675608207774,6.13,,4.91,4.11,2.182,0.774
2006-10-25,3.614710858178012,5.01387902616427,6.15,,4.88,4.08,2.211,0.769
2006-10-26,3.6108276739773015,4.985894843876478,6.1,,4.81,4.03,2.208,0.751
2006-10-27,3.5893475932297383,4.957022812699334,6.09,,4.76,4.01,2.213,0.742
2006-10-30,3.587350225401304,4.961442645331639,6.095,,4.78,4.0,2.156,0.724
2006-10-31,3.634640196252816,4.920357257104525,6.1,,4.71,3.97,2.178,0.717
2006-11-01,3.572880681699521,4.89739458770276,6.09,,4.66,3.91,2.138,0.731
2006-11-02,3.5945760365494097,4.92392807340798,6.06,,4.67,3.93,2.104,0.731
2006-11-03,3.633707521830165,4.964601473291784,6.06,,4.82,4.03,2.093,
2006-11-06,3.6611183302427377,4.987075418489295,6.135,,4.82,4.03,2.123,0.777
2006-11-07,3.645778837175638,4.96299419113963,6.135,,4.77,3.98,2.13,0.783
2006-11-08,3.6543584965779967,4.985395857472597,6.07,,4.75,3.97,2.103,0.774
2006-11-09,3.668640919537865,4.964604259590018,6.0,,4.75,3.96,2.14,0.759
2006-11-10,3.625189088656305,4.937245562981451,6.01,,4.73,3.94,2.123,0.755
2006-11-13,3.63222844457624,4.962539085096348,5.975,,4.76,,2.131,0.731
2006-11-14,3.620123624362111,4.9251408293439525,6.0,,4.74,3.95,2.154,0.803
2006-11-15,3.6454749118180096,4.912613548086164,5.97,,4.8,3.97,2.164,0.805
2006-11-16,3.642721080226465,4.9363430086561575,5.995,,4.85,3.98,2.163,0.815
2006-11-17,3.641890659663708,4.925986646439365,6.02,,4.76,3.94,2.195,0.806
2006-11-20,3.60789138511632,4.914280520689803,5.985,,4.76,3.92,2.155,0.766
2006-11-21,3.618135789489695,4.93076833806931,6.005,,4.75,3.93,2.164,0.782
2006-11-22,3.6026824445247474,4.930767574482772,5.985,,4.74,3.93,2.168,0.803
2006-11-23,3.634853742883609,4.945142755625387,5.98,,,3.94,2.173,
2006-11-24,3.602452809929929,4.915330302387687,5.975,,4.73,3.93,2.162,0.803
2006-11-27,3.6123579965027734,4.9416803234769775,5.975,,4.71,3.91,2.175,0.804
2006-11-28,3.5773110344524426,4.916997894446881,5.96,,4.67,3.89,2.169,0.795
2006-11-29,3.586691269217704,4.9342396539645375,5.975,,4.69,3.9,2.192,0.814
2006-11-30,3.5968945533485,4.9154521241013915,6.02,,4.62,3.87,2.179,0.802
2006-12-01,3.587058312256922,4.877890593030838,5.98,,4.52,3.79,2.19,0.79
2006-12-04,3.5437038203117233,4.848599266648525,5.9,,4.52,3.79,2.194,0.797
2006-12-05,3.556920357903777,4.852824532296716,5.89,,4.52,3.8,2.203,0.796
2006-12-06,3.5854381640035045,4.851834863391785,5.9,,4.59,3.83,2.235,0.817
2006-12-07,3.609773461529665,4.874244554796603,5.98,,4.58,3.82,2.242,0.838
2006-12-08,3.615132894529777,4.902517221785242,5.975,,4.68,3.88,2.272,0.839
2006-12-11,3.656225368289258,4.939471681060259,6.035,,4.67,3.88,2.299,0.812
2006-12-12,3.6612621206670095,4.974186059494303,6.04,,4.61,3.86,2.309,0.797
2006-12-13,3.66862733093512,4.995994565930259,6.05,,4.7,3.92,2.31,0.783
2006-12-14,3.7037409765404714,5.0413133844566795,6.1,,4.73,3.95,2.303,0.779
2006-12-15,3.696432483840327,5.043245322189001,6.12,,4.73,3.95,2.306,0.815
2006-12-18,3.734972813440786,5.061939491736727,6.135,,4.71,3.97,2.338,0.822
2006-12-19,3.75187435331151,5.076191028686453,6.105,,4.71,3.97,2.333,0.802
2006-12-20,3.762995025971009,5.078937497335936,6.115,,4.71,3.97,2.336,0.782
2006-12-21,3.774597082572232,5.094532574101168,6.135,,4.66,3.92,2.353,0.769
2006-12-22,3.782153767803624,5.09747377911146,6.125,,4.71,3.95,2.357,0.75
2006-12-25,,,,,,,,0.747
2006-12-26,,,,,4.71,,,0.732
2006-12-27,3.8126066117493553,5.131979188476458,6.145,,4.77,3.98,2.322,0.784
2006-12-28,3.8137936192215895,5.125148729370325,6.19,,4.82,4.02,2.381,0.779
2006-12-29,3.822321507444794,5.097226208348118,6.175,,4.82,4.02,2.405,0.78
2007-01-02,3.800625931424477,5.107666373549443,6.205,,4.8,3.99,,
2007-01-03,3.791158074245045,5.116684916561534,6.18,,4.76,3.97,2.403,
2007-01-04,3.800532535204709,5.111956924166329,6.145,,4.71,3.92,2.382,0.818
2007-01-05,3.837320165385522,5.130287785369939,6.13,,4.76,3.98,2.399,0.816
2007-01-08,3.8283411826196407,5.1351753736694485,6.175,,4.78,4.0,2.44,
2007-01-09,3.834677535830304,5.148245548661278,6.18,,4.79,4.0,2.474,0.829
2007-01-10,3.8554215491304222,5.152639121779551,6.185,,4.81,4.01,2.455,0.83
2007-01-11,3.8285118888801506,5.267281399022945,6.21,,4.86,4.05,2.441,0.811
2007-01-12,3.854918393089572,5.318693897463721,6.22,,4.88,4.06,2.489,0.812
2007-01-15,3.8593981778264017,5.314239775268151,6.235,,,4.06,2.468,0.825
2007-01-16,3.851554705254077,5.310790014205912,6.22,,4.86,4.06,2.476,0.831
2007-01-17,3.853004386757739,5.348212494276066,6.2,,4.91,4.08,2.457,0.776
2007-01-18,3.8837151596441646,5.368836507293777,6.225,,4.89,4.07,2.467,0.791
2007-01-19,3.8731431150775943,5.376887594811518,6.225,,4.93,4.08,2.448,0.757
2007-01-22,3.870320892671941,5.390487360903202,6.23,,4.91,4.07,2.431,0.732
2007-01-23,3.864933059222987,5.399639751201423,6.225,,4.94,4.08,2.414,0.728
2007-01-24,3.88099146274257,5.3586442265326,6.075,,4.93,4.08,2.44,0.738
2007-01-25,3.888613505189406,5.39169589063054,6.07,,4.98,4.12,2.446,0.743
2007-01-26,3.918046167731628,5.395510727685699,,,4.99,4.13,2.441,0.723
2007-01-29,3.9191424268149766,5.403376535699442,6.13,,4.99,4.14,2.447,0.738
2007-01-30,3.91031856517675,5.374082528922892,6.14,,4.98,4.13,2.468,0.726
2007-01-31,3.915583176732055,5.374066744131623,6.15,,4.94,4.1,2.467,0.708
2007-02-01,3.8764727530684464,5.4047535614893585,6.13,,4.96,4.13,2.482,0.719
2007-02-02,3.863036640414984,5.4180570543560576,6.165,,4.94,4.11,2.509,0.74
2007-02-05,3.83472781339984,5.421996570363696,6.115,,4.92,4.1,2.433,0.745
2007-02-06,3.848168565402012,5.425930861183786,6.08,,4.9,4.08,2.464,0.757
2007-02-07,3.8566485264801966,5.39512924373098,6.075,,4.87,4.06,2.469,0.769
2007-02-08,3.886079866069134,5.334420465892351,6.1,,4.87,4.05,2.376,0.76
2007-02-09,3.901493174577253,5.352955851412065,6.07,,4.92,4.11,2.439,0.735
2007-02-12,3.904812662316302,5.356932486905074,6.07,,4.94,4.14,2.437,
2007-02-13,3.913384198197108,5.302431130518006,6.09,,4.95,4.15,2.444,0.762
2007-02-14,3.902870231798323,5.306701820420172,6.1,,4.87,4.09,2.387,0.763
2007-02-15,3.876762570815538,5.23852515549485,6.065,,4.83,4.07,2.409,0.79
2007-02-16,3.8770253426032872,5.253417002601634,6.06,,4.83,4.07,2.431,0.775
2007-02-19,3.904488693442916,5.26870843967927,6.06,,,4.06,2.444,0.781
2007-02-20,3.9116061836105858,5.282928917753002,6.06,,4.81,4.06,2.458,0.777
2007-02-21,3.90317911454501,5.265159011263862,6.075,,4.82,4.08,2.427,0.803
2007-02-22,3.913313002433575,5.292630362101805,6.09,,4.87,4.11,2.419,0.818
2007-02-23,3.9066434557017304,5.2751250308836655,6.12,,4.82,4.08,2.426,0.839
2007-02-26,3.871887447149806,5.27623246364765,6.08,,4.77,4.05,2.422,0.835
2007-02-27,3.8456693633208094,5.243562374418266,6.045,,4.59,3.93,2.422,0.814
2007-02-28,3.79879515562598,5.234775309571999,6.0,,4.65,3.97,2.373,0.818
2007-03-01,3.7991623212584136,5.237447128050764,5.995,,4.63,3.96,2.396,0.831
2007-03-02,3.785161746730139,5.2129637953382675,6.01,,4.56,3.91,2.373,0.814
2007-03-05,3.7625284794165657,5.176480991473432,5.945,,4.53,3.89,2.318,0.786
2007-03-06,3.7969654313859422,5.191003494812148,5.975,,4.58,3.92,2.347,0.791
2007-03-07,3.8037492423435615,5.191325806323714,5.995,,4.54,3.87,2.348,0.792
2007-03-08,3.8192402214375174,5.179636109425765,5.995,,4.56,3.9,2.378,0.792
2007-03-09,3.848354510028634,5.203290871663142,6.01,,4.66,3.98,2.4,0.788
2007-03-12,3.84475301750669,5.202143212087285,6.065,,4.62,3.96,2.389,0.795
2007-03-13,3.8396578542980606,5.166650079569785,6.05,,4.52,3.9,2.38,0.786
2007-03-14,3.816014836539648,5.13680748544364,6.005,,4.54,3.92,2.36,0.771
2007-03-15,3.830767711373353,5.182379342871843,6.055,,4.57,3.92,2.35,0.78
2007-03-16,3.8424098813901577,5.181176252779946,6.15,,4.58,3.94,2.373,0.775
2007-03-19,3.8728059605431513,5.221185917864303,6.18,,4.61,3.97,2.413,0.785
2007-03-20,3.8642062236619106,5.274209805582635,6.215,,4.6,4.02,2.421,0.791
2007-03-21,3.873799801353932,5.267396895069461,6.24,,4.51,3.99,2.442,
2007-03-22,3.849365242546772,5.286481869950128,6.22,,4.58,4.02,2.434,0.791
2007-03-23,3.89005278709925,5.309181480148184,6.24,,4.6,3.97,2.433,0.804
2007-03-26,3.8986666544730144,5.314308055476722,6.25,,4.56,3.97,2.429,0.82
2007-03-27,3.912516839101906,5.327528865740868,6.24,,4.58,3.97,2.437,0.806
2007-03-28,3.915428546789406,5.316890002257198,6.225,,4.53,3.96,2.398,0.816
2007-03-29,3.935588929470111,5.343150581970649,6.24,,4.58,3.98,2.401,0.807
2007-03-30,3.9478875203977566,5.358738055635395,6.24,,4.58,3.98,2.411,0.807
2007-04-02,3.9699984567874136,5.386961961370092,6.29,,4.6,3.98,2.402,0.798
2007-04-03,3.978389085532121,5.4068761073195075,6.295,,4.63,4.0,2.42,0.798
2007-04-04,3.963210883307901,5.379394056620957,6.24,,4.61,3.98,2.43,0.815
2007-04-05,3.967587701616061,5.355429186707293,6.23,,4.63,4.02,2.425,0.804
2007-04-06,,,,,4.75,,,0.799
2007-04-09,,,,,4.73,4.09,,0.804
2007-04-10,4.007948049696657,5.365075304433359,6.26,,4.71,4.08,2.444,0.814
2007-04-11,4.019894427338018,5.3695670248131435,6.265,,4.73,4.1,2.474,0.8
2007-04-12,4.038756790131504,5.389877850837894,6.3,,4.73,4.1,2.452,0.81
2007-04-13,4.052050557360417,5.409039420676562,6.31,,4.76,4.13,2.461,0.81
2007-04-16,4.055428160085747,5.41653575131271,6.31,,4.74,4.13,2.485,0.826
2007-04-17,4.04607932518824,5.45952543424855,6.305,,4.68,4.11,2.424,0.831
2007-04-18,4.039026066747033,5.427306769209294,6.3,,4.64,4.12,2.488,0.852
2007-04-19,4.054483513055474,5.436915379719955,6.26,,4.64,4.12,2.478,0.837
2007-04-20,4.068791408730245,5.443803094525534,6.3,,4.64,4.17,2.497,0.852
2007-04-23,4.061739749991235,5.433323876765249,6.27,,4.62,4.15,2.487,0.853
2007-04-24,4.0458329047645245,5.437398589978125,6.13,,4.58,4.12,2.488,0.843
2007-04-25,4.060794952152574,5.451485125075628,,,4.63,4.13,2.471,0.843
2007-04-26,4.069890575478309,5.465691167336962,6.15,,4.67,4.14,2.481,0.857
2007-04-27,4.090507242864858,5.473411824969461,6.155,,4.67,4.16,2.499,0.847
2007-04-30,4.0642746586566405,5.440993701014545,6.135,,4.6,4.13,2.498,
2007-05-01,,5.47630360977114,6.105,,4.63,4.15,,0.837
2007-05-02,4.088542973910493,5.496661787629485,6.125,,4.65,4.18,2.502,0.842
2007-05-03,4.10770390189691,5.515662930910639,6.11,,4.71,4.23,2.558,
2007-05-04,4.076221431739796,5.507392485403032,6.105,,4.68,4.21,2.538,
2007-05-07,4.108725739426079,,6.12,,4.68,4.2,2.546,0.849
2007-05-08,4.092661025800698,5.5037504387803216,6.155,,4.68,4.2,2.563,0.853
2007-05-09,4.103072473521828,5.495375761208794,6.14,,4.73,4.22,2.561,0.864
2007-05-10,4.09895368801744,5.500523330883038,6.22,,4.7,4.21,2.602,0.874
2007-05-11,4.078474920477558,5.485427092609899,6.195,,4.71,4.19,2.558,0.865
2007-05-14,4.132669354734589,5.519019197756833,6.215,,4.73,4.23,2.6,0.881
2007-05-15,4.159353088364684,5.507899573814139,6.225,,4.75,4.23,2.612,0.885
2007-05-16,4.1915358477836255,5.516428873864192,6.185,,4.73,4.23,2.627,0.87
2007-05-17,4.19533239600252,5.548035811455686,6.19,,4.78,4.35,,0.86
2007-05-18,4.202745911147444,5.546601711195251,6.215,,4.82,4.38,2.632,0.875
2007-05-21,4.213954878095043,5.566181517468729,6.23,,4.81,,2.654,0.881
2007-05-22,4.216352695197094,5.579263014249574,6.22,,4.83,4.41,2.661,0.876
2007-05-23,4.240967452650485,5.635308379964576,6.235,,4.85,4.42,2.726,0.897
2007-05-24,4.2415164494008355,5.63441150738536,6.23,,4.85,4.42,2.734,0.903
2007-05-25,4.255904879926938,5.65167292924994,6.195,,4.85,4.42,2.745,0.918
2007-05-28,4.258017130903426,,6.215,,,4.44,,0.936
2007-05-29,4.2835964387762395,5.659247495801068,6.245,,4.88,4.58,2.742,0.96
2007-05-30,4.2829250124751415,5.65808502265586,6.24,,4.89,4.56,2.779,0.961
2007-05-31,4.310800441492837,5.677625314225122,6.245,,4.92,4.57,2.782,0.972
2007-06-01,4.335812602957592,5.716933636842973,6.265,,4.97,4.6,2.788,0.977
2007-06-04,4.3411603443312385,5.733901112582393,6.29,,4.97,4.58,2.81,0.984
2007-06-05,4.352472230501919,5.725305447942387,6.31,,4.99,4.62,2.823,0.99
2007-06-06,4.3311051335906,5.674294489901795,6.375,,4.97,4.62,2.818,0.997
2007-06-07,4.3591678664850715,5.707702701490874,6.44,,5.03,4.67,2.798,1.017
2007-06-08,4.360166455752248,5.730010908534625,6.48,,5.01,4.67,2.804,1.037
2007-06-11,4.35776816511054,5.7251845414145075,,,5.01,4.69,2.754,1.044
2007-06-12,4.3948300405645915,5.778391817092414,6.475,,5.08,4.74,2.782,1.065
2007-06-13,4.415537175420437,5.787133633184015,6.5,,5.08,4.73,2.807,1.08
2007-06-14,4.388204527672395,5.729520654284206,6.41,,5.1,4.72,2.816,1.061
2007-06-15,4.411716242614194,5.735927081382915,6.435,,5.05,4.66,2.781,1.03
2007-06-18,4.406578768936011,5.7420488992331356,6.425,,5.01,4.7,2.804,1.012
2007-06-19,4.36691395856152,5.720083677210719,6.42,,4.94,4.66,2.861,1.033
2007-06-20,4.417656478182396,5.762058295274664,6.395,,4.97,4.68,2.836,1.018
2007-06-21,4.392478183962949,5.787117947494896,6.425,,4.98,4.68,2.831,1.022
2007-06-22,4.407810390513195,5.7947915214645205,6.415,,4.92,4.66,2.887,1.013
2007-06-25,4.362821406416248,5.772610019384725,6.405,,4.87,4.64,2.828,1.009
2007-06-26,4.366404849159677,5.7507805713807185,6.4,,4.9,4.64,2.781,1.01
2007-06-27,4.345207725388112,5.716251144702698,6.375,,4.91,4.64,2.903,1.0
2007-06-28,4.3734196897918505,5.733187173416006,6.415,,4.96,4.64,2.871,1.022
2007-06-29,4.3842483693282635,5.7619085910973595,6.44,,4.87,4.58,2.905,1.01
2007-07-02,4.373851298562969,5.722583573080156,6.41,,4.86,,2.905,1.02
2007-07-03,4.364162649625657,5.736674811040927,6.35,,4.89,4.59,2.928,1.026
2007-07-04,4.405748601803136,5.769429827526621,6.37,,,4.62,2.929,1.032
2007-07-05,4.43525464394684,5.786855205242035,6.4,,4.99,4.67,2.939,1.052
2007-07-06,4.467104533519395,5.808003049686493,6.425,,4.99,4.72,3.063,1.058
2007-07-09,4.449750893050269,5.800079422046765,6.455,,4.97,4.7,3.021,1.071
2007-07-10,4.409660673902049,5.733408769992217,6.44,,4.85,4.6,3.03,1.067
2007-07-11,4.384601986085947,5.7424851634712635,6.36,,4.89,4.63,2.959,1.028
2007-07-12,4.431061376640036,5.755205168901931,6.37,,4.94,4.67,3.005,1.029
2007-07-13,4.436863879736184,5.769652420206684,6.39,,4.94,4.67,2.949,1.051
2007-07-16,4.429333498258108,5.7491118421515655,6.375,,4.89,4.65,3.004,
2007-07-17,4.438813981232348,5.80417527538991,6.365,,4.91,4.69,3.02,1.041
2007-07-18,4.441625418726314,5.768913056697856,6.33,,4.84,4.65,2.999,1.027
2007-07-19,4.443375190746555,5.746286434637852,6.335,,4.87,4.65,2.999,1.037
2007-07-20,4.375223437877166,5.687450008403553,6.325,,4.79,4.61,2.986,1.033
2007-07-23,4.358647438410943,5.692770493389591,6.305,,4.8,4.64,2.944,1.013
2007-07-24,4.353921298307511,5.688926146286463,6.32,,4.77,4.68,2.934,1.013
2007-07-25,4.34451769882285,5.651998148830979,6.445,,4.74,4.69,2.911,1.013
2007-07-26,4.292204290280435,5.55523545309157,6.47,,4.56,4.61,2.913,1.019
2007-07-27,4.25384585729638,5.4959067699535185,6.345,,4.56,4.57,2.883,0.978
2007-07-30,4.234419874440106,5.480546676601719,6.38,,4.59,4.62,2.832,0.989
2007-07-31,4.2772861449381185,5.550003097013297,6.43,,4.56,4.61,2.859,0.996
2007-08-01,4.259808649521532,5.541988102013942,6.34,,4.56,4.64,,0.969
2007-08-02,4.299063053158083,5.582709973997716,6.37,,4.59,4.64,2.823,0.98
2007-08-03,4.260258733925808,5.57669035511413,6.375,,4.46,4.61,2.826,0.978
2007-08-06,4.241059769027331,5.558212588956474,,,4.46,,2.774,0.955
2007-08-07,4.265940894692926,5.567326751022104,6.38,,4.56,4.61,2.83,0.966
2007-08-08,4.328810542861916,5.640084396447828,6.41,,4.64,4.67,2.788,1.003
2007-08-09,4.251608030084153,5.599514796927039,6.415,,4.49,4.53,2.817,1.023
2007-08-10,4.184199560473562,5.536559244968746,6.305,,4.47,4.53,2.682,0.944
2007-08-13,4.193666422303992,5.551203762356582,6.4,,4.46,4.41,2.636,0.93
2007-08-14,4.213182214766779,5.475716598323952,6.41,,4.39,4.3,2.691,0.951
2007-08-15,4.100789589683334,5.415100322958804,6.33,,4.27,4.3,2.492,0.904
2007-08-16,3.968205681930184,5.348315009189353,6.275,,4.08,4.26,2.475,0.869
2007-08-17,3.931081671439473,5.322992321094803,6.155,,4.18,4.18,2.355,0.818
2007-08-20,3.949455708291671,5.33819668180371,6.205,,4.11,4.09,2.524,0.834
2007-08-21,3.83225500687849,5.260793088429578,6.145,,4.05,4.04,2.379,0.844
2007-08-22,4.004034436921235,5.344327921162514,6.155,,4.15,4.2,2.437,0.874
2007-08-23,3.996590359570939,5.348955174782177,6.26,,4.2,4.21,2.625,0.904
2007-08-24,3.987130345886644,5.346345903729805,6.245,,4.3,4.26,2.574,0.884
2007-08-27,4.037161579864616,,6.31,,4.28,4.19,2.538,0.884
2007-08-28,3.9900108698176,5.326667650631536,6.255,,4.13,4.12,2.409,0.879
2007-08-29,3.958385073648007,5.293616229926953,6.195,,4.14,4.23,2.485,0.874
2007-08-30,3.9777159611694457,5.28331378423421,6.23,,4.08,4.21,2.527,0.847
2007-08-31,4.030244517151535,5.30183719597586,6.25,,4.15,4.35,2.495,0.87
2007-09-03,4.025270823679666,5.341742634069067,6.27,,,,2.52,0.869
2007-09-04,4.005625413343992,5.3495787591914965,6.325,,4.13,4.34,2.55,0.854
2007-09-05,3.9852966588190952,5.294285324735436,6.345,,4.03,4.21,2.534,0.833
2007-09-06,3.957294561495717,5.24323072235102,6.315,,4.08,4.25,2.587,0.827
2007-09-07,3.884115606063674,5.147979014156849,,,3.9,4.14,2.607,0.817
2007-09-10,3.845561373707679,5.071121389948536,6.22,,3.87,4.14,2.519,0.777
2007-09-11,3.859822717299295,5.008287184622119,6.24,,3.95,4.21,2.455,0.787
2007-09-12,3.904316046712774,4.994286975422266,6.255,,3.95,4.22,2.483,0.787
2007-09-13,3.95883501186462,5.076682660044937,6.24,,4.08,4.25,2.469,0.787
2007-09-14,3.934248122557121,5.009875698225824,6.26,,4.05,4.25,2.501,0.793
2007-09-17,3.967947793790695,4.988663756796265,6.245,,4.08,4.27,2.488,
2007-09-18,4.009802528257734,5.113025727482133,6.27,,4.0,4.19,2.505,0.778
2007-09-19,4.012071777155313,5.095720561416916,6.275,,4.0,4.25,2.512,0.798
2007-09-20,4.052372469025631,5.135620717727391,6.345,,4.1,4.33,2.468,0.803
2007-09-21,4.023999522524881,5.173018342369672,6.41,,4.06,4.14,2.468,0.843
2007-09-24,4.018116764234643,5.1558707499224585,6.45,,4.05,4.15,2.497,
2007-09-25,3.99075087620668,5.073763218005033,6.43,,4.0,4.14,2.454,0.864
2007-09-26,4.047355085399502,5.067707440625111,6.41,,3.97,4.16,2.446,0.863
2007-09-27,4.058791703220607,5.081538381612979,6.43,,3.95,4.15,2.463,0.881
2007-09-28,4.031737696353095,5.0069143799531055,6.43,,3.97,4.07,2.413,0.856
2007-10-01,3.999922096429356,4.975661126461038,6.46,,4.02,4.07,2.524,0.836
2007-10-02,4.001088242276372,4.979981389279309,6.47,,3.98,4.1,2.541,0.847
2007-10-03,3.97057961457231,4.9719273235091235,6.505,,4.02,4.14,2.508,0.855
2007-10-04,3.970367631311496,4.988664447096722,6.505,,4.0,4.13,2.611,0.875
2007-10-05,3.9969540692992975,5.006455597907368,6.515,,4.08,4.3,2.561,0.861
2007-10-08,4.007154905632998,5.026738189609896,6.575,,,,2.466,
2007-10-09,4.0102155583362915,5.021236323854424,6.585,,4.15,4.39,2.615,0.882
2007-10-10,4.055404814544445,5.167588083175017,6.585,,4.15,4.36,2.605,0.897
2007-10-11,4.082108983787047,5.158055935655572,6.59,,4.13,4.31,2.663,0.898
2007-10-12,4.135462602082177,5.19633400770734,6.585,,4.23,4.36,2.618,0.873
2007-10-15,4.191742057359716,5.226814417254628,6.615,,4.22,4.36,2.649,0.89
2007-10-16,4.16355190576715,5.180114073769534,6.635,,4.12,4.31,2.607,0.88
2007-10-17,4.139501223682392,5.136159538251343,6.595,,4.0,4.28,2.62,0.855
2007-10-18,4.0615022269011245,5.079992329169771,6.57,,3.93,4.22,2.564,0.839
2007-10-19,4.008722204455061,5.021251568138185,6.515,,3.8,4.13,2.548,0.799
2007-10-22,3.9715638790809695,4.990575898964209,6.535,,3.85,4.17,2.5,0.788
2007-10-23,3.9884208716702494,5.0155459046381905,6.57,,3.81,4.16,2.482,0.793
2007-10-24,3.934977741537499,4.96972651736536,6.635,,3.74,4.12,2.46,0.782
2007-10-25,3.912820511276455,4.9714817778558995,6.595,,3.74,4.15,2.474,0.767
2007-10-26,3.942059257235225,4.955401974822065,6.615,,3.77,4.13,2.481,0.783
2007-10-29,3.945669967309353,4.960242858786137,6.645,,3.79,4.1,2.434,0.772
2007-10-30,3.9881637589568935,5.004573610071949,6.67,,3.82,4.08,2.544,0.77
2007-10-31,4.05807275552149,5.058733223700217,6.72,,3.94,4.17,2.536,0.775
2007-11-01,4.0204568974454675,5.05302985655353,6.82,,3.77,4.07,2.472,0.815
2007-11-02,3.964267615253447,4.9829389457992415,6.77,,3.66,4.11,2.55,0.772
2007-11-05,3.9542180475363886,4.954143343801597,6.835,,3.69,4.1,2.497,0.781
2007-11-06,3.9832017801053254,4.942650476665831,6.8,,3.7,4.1,2.502,0.771
2007-11-07,3.938144181120508,4.899091945086985,6.81,,3.61,3.98,2.52,0.771
2007-11-08,3.9000412042737778,4.816406235611093,6.735,,3.47,3.95,2.51,0.766
2007-11-09,3.838475218283411,4.740898033653979,6.755,,3.42,3.91,2.447,0.766
2007-11-12,3.859179199327503,4.740150318964726,6.665,,,,2.473,0.767
2007-11-13,3.8631863758074094,4.734754861286533,6.71,,3.54,3.96,2.452,0.753
2007-11-14,3.921583377456835,4.7007745730280694,6.79,,3.57,3.92,2.467,0.763
2007-11-15,3.87420222870196,4.613272553739251,6.785,,3.35,3.82,2.448,0.75
2007-11-16,3.8428082984779746,4.541633502743801,6.695,,3.33,3.83,2.427,0.739
2007-11-19,3.807309726782674,4.516286568747656,6.7,,3.18,3.62,2.374,0.735
2007-11-20,3.792077350169726,4.513023902054877,6.61,,3.14,3.65,2.408,0.74
2007-11-21,3.731564813275713,4.44019334624749,6.55,,2.99,3.55,2.393,0.73
2007-11-22,3.7128321554157977,4.383472401060671,6.46,,,3.54,2.385,0.73
2007-11-23,3.734275889195934,4.383287558411667,6.465,,3.07,3.58,2.259,
2007-11-26,3.748755713739816,4.4035175899896615,6.55,,2.92,3.48,2.288,0.752
2007-11-27,3.7170225666823455,4.4689978625323485,6.5,,3.05,3.65,2.299,0.767
2007-11-28,3.785827187836212,4.601527379608379,6.53,,3.17,3.76,2.362,0.767
2007-11-29,3.7702369928570096,4.477637037100872,6.55,,3.06,3.65,2.323,0.767
2007-11-30,3.8208513344591175,4.540613542096416,6.555,,3.04,3.65,2.249,0.757
2007-12-03,3.783816717574743,4.50641895956798,6.54,,2.9,3.55,2.251,0.737
2007-12-04,3.743811365803366,4.453895304955874,6.52,,2.9,3.48,2.337,0.707
2007-12-05,3.756654975003032,4.386729350985434,6.455,,2.9,3.55,2.301,0.711
2007-12-06,3.7990541214019338,4.431302061622404,6.485,,3.03,3.61,2.261,0.741
2007-12-07,3.8916665833212503,4.502246727161882,6.515,,3.12,3.7,2.26,0.738
2007-12-10,3.936002865968723,4.5180353618183124,6.61,,3.17,3.75,2.288,0.733
2007-12-11,3.949047634405939,4.4839779853083686,6.71,,2.94,3.62,2.374,0.738
2007-12-12,3.9807971863401,4.6328017279964495,6.65,,3.07,3.78,2.374,0.714
2007-12-13,4.008101495668672,4.608995637995341,6.74,,3.21,3.92,2.426,0.739
2007-12-14,4.004791827913885,4.644611004224931,6.775,,3.31,3.94,2.37,0.734
2007-12-17,3.996457749219199,4.609939336793455,6.795,,3.24,3.87,2.31,0.72
2007-12-18,4.011940020195954,4.604982613418626,6.8,,3.19,3.82,2.46,0.714
2007-12-19,3.971310166177618,4.527838576812775,6.83,,3.12,3.76,2.517,0.714
2007-12-20,3.9788435290241937,4.444478006151704,6.82,,3.09,3.77,2.518,0.715
2007-12-21,3.986953585177517,4.486798178424826,6.85,,3.19,3.85,2.512,0.715
2007-12-24,3.991296397732306,4.441615036842326,6.905,,3.24,3.87,,
2007-12-25,,,,,,,,0.736
2007-12-26,,,,,3.31,,,0.735
2007-12-27,4.035315875226671,4.452429342279849,6.905,,3.24,3.85,2.521,0.73
2007-12-28,4.016561864971293,4.385132580191703,6.895,,3.12,3.77,2.43,0.705
2007-12-31,4.0142926206861205,4.336463092237804,6.855,,3.05,3.74,,
2008-01-02,3.929657788000105,4.285569029820641,6.86,,2.88,3.61,,
2008-01-03,3.853391382254771,4.27813496916153,6.705,,2.83,3.61,2.266,
2008-01-04,3.7923273855001183,4.244553721505563,6.68,,2.74,3.55,2.288,0.685
2008-01-07,3.820811581177058,4.238755942656135,6.6,,2.76,3.54,2.291,0.678
2008-01-08,3.8589414131410886,4.277366030304245,6.67,,2.76,3.47,2.333,0.673
2008-01-09,3.797863009049697,4.22240111887998,6.68,,2.69,3.48,2.315,0.663
2008-01-10,3.8207441855116273,4.225004884124148,6.69,,2.71,3.4,2.304,0.638
2008-01-11,3.787421080327423,4.225327386765383,6.645,,2.59,3.23,2.37,0.607
2008-01-14,3.743256929983101,4.17273416403268,6.58,,2.58,3.25,2.162,
2008-01-15,3.705219241989009,4.1885980245264856,6.57,,2.53,3.23,2.161,0.609
2008-01-16,3.6694272367210345,4.208282117896279,6.54,,2.51,3.28,2.17,0.589
2008-01-17,3.6007372352760836,4.247785164097142,6.565,,2.44,3.23,2.173,0.584
2008-01-18,3.5496157368045083,4.255887145643632,6.55,,2.36,3.23,2.119,0.579
2008-01-21,3.4475552427732445,4.170101886579372,6.56,,,3.07,2.066,0.569
2008-01-22,3.3926150838797913,4.225056379033565,6.37,,2.08,3.08,1.926,0.527
2008-01-23,3.3452215862376837,4.1638278724703515,6.415,,2.09,3.19,1.995,0.497
2008-01-24,3.522776852623422,4.301096080574544,6.535,,2.25,3.3,1.936,0.507
2008-01-25,3.5942309297486883,4.354485295353753,6.675,,2.23,3.22,2.095,0.564
2008-01-28,3.4698515996979484,4.300078808426842,,,2.2,3.2,2.068,0.524
2008-01-29,3.505096104340224,4.386885370709276,6.615,,2.29,3.29,2.128,0.55
2008-01-30,3.533491894380197,4.363973887526778,6.6,,2.3,3.17,2.135,0.549
2008-01-31,3.423041482779869,4.2356523552992265,6.63,,2.17,3.17,2.106,0.549
2008-02-01,3.436603154582052,4.2063093072634885,6.675,,2.09,3.13,2.083,0.55
2008-02-04,3.4350604319416416,4.2317684266417475,6.755,,2.08,3.15,2.066,0.584
2008-02-05,3.308740014241675,4.131702518832156,6.71,,1.93,3.03,2.109,0.611
2008-02-06,3.302894732128258,4.093460872390329,6.635,,1.96,3.04,2.025,0.573
2008-02-07,3.201679022085894,4.029010790761855,6.635,,1.99,3.08,2.104,0.574
2008-02-08,3.155189966177481,4.026563078555717,6.67,,1.93,3.06,2.155,0.549
2008-02-11,3.125337563655205,4.092616740941312,6.77,,1.93,3.04,2.067,
2008-02-12,3.185293985173515,4.220187856601885,6.785,,1.94,3.09,2.119,0.549
2008-02-13,3.2090590357548896,4.231249334343983,6.785,,1.91,3.08,2.094,0.559
2008-02-14,3.259439942883749,4.216493857349584,6.895,,1.93,3.04,2.043,0.585
2008-02-15,3.20005870590064,4.1417751648780525,6.87,,1.91,2.99,2.115,0.581
2008-02-18,3.275941863480473,4.185868321331367,6.91,,,,2.193,0.581
2008-02-19,3.2826979066368143,4.1839056772361785,7.0,,2.06,3.11,2.046,0.586
2008-02-20,3.3192510686929477,4.191386971317378,6.925,,2.14,3.15,2.104,0.571
2008-02-21,3.421385397053723,4.2383045323742365,6.93,,1.98,3.1,2.179,0.597
2008-02-22,3.396157736163381,4.240833656549534,6.885,,1.98,3.14,2.116,0.582
2008-02-25,3.3822554750634306,4.2720459887350595,6.95,,2.13,3.18,2.211,0.608
2008-02-26,3.4311194529892,4.264377461032817,6.935,,2.04,3.08,2.251,0.623
2008-02-27,3.3716308141475015,4.266858888979245,6.93,,2.01,3.05,2.195,0.623
2008-02-28,3.324568125467479,4.168576129325781,6.9,,1.87,2.92,2.186,0.594
2008-02-29,3.202318596602991,4.032266901774559,6.705,,1.65,2.77,2.13,0.553
2008-03-03,3.2155378702929247,4.020221162639077,6.66,,1.61,2.71,2.125,0.523
2008-03-04,3.256127677622037,3.9821711177796604,6.525,,1.65,2.68,2.091,0.549
2008-03-05,3.2746670000944613,4.008281223846088,6.495,,1.66,2.65,2.093,0.534
2008-03-06,3.2967456145148013,3.873129288477263,6.51,,1.53,2.52,2.114,0.524
2008-03-07,3.2913744464011216,3.7542634435334543,6.33,,1.53,2.56,2.098,0.509
2008-03-10,3.2561076574462433,3.673847200301703,6.255,,1.47,2.54,2.136,0.519
2008-03-11,3.357820703104185,3.770111274688939,6.295,,1.74,2.66,2.039,0.55
2008-03-12,3.369600443089335,3.968349495215528,6.24,,1.63,2.61,2.083,0.579
2008-03-13,3.295037571781475,3.8706441770073674,6.265,,1.63,2.54,1.981,0.56
2008-03-14,3.3234275445370596,3.8290945903070157,6.255,,1.47,2.43,1.987,0.565
2008-03-17,3.223790804939426,3.679878833629503,6.095,,1.35,2.3,1.661,0.56
2008-03-18,3.315790154611523,3.7602588534935326,6.155,,1.58,2.49,1.694,0.575
2008-03-19,3.388472576983804,3.7117438279444928,6.235,,1.54,2.52,1.662,0.565
2008-03-20,3.4830006138351,3.77366558292046,6.15,,1.59,2.56,1.738,
2008-03-21,,,,,,,,0.57
2008-03-24,,,,,1.84,2.73,,0.571
2008-03-25,3.586924273434211,4.038591015243297,6.29,,1.79,2.7,1.869,0.566
2008-03-26,3.6012892408192925,4.053711000302905,6.245,,1.71,2.6,1.903,0.571
2008-03-27,3.5752916502342313,4.114015298902817,6.215,,1.73,2.57,1.91,0.575
2008-03-28,3.609927105482069,4.008787924081576,6.305,,1.67,2.58,2.12,0.572
2008-03-31,3.5955453032314653,3.8564416644655877,6.23,,1.62,2.62,2.0,0.564
2008-04-01,3.6480304465012097,3.995524045092087,6.135,,1.8,2.77,2.199,0.579
2008-04-02,3.650998444914145,4.0084114462920715,6.285,,1.88,2.9,2.057,0.585
2008-04-03,3.642309271444028,3.978783114868566,6.29,,1.91,2.82,2.058,0.574
2008-04-04,3.6149163220507456,3.958757777944823,6.31,,1.83,2.75,2.093,0.559
2008-04-07,3.6664616014944538,4.012020313119327,6.26,,1.95,2.8,2.188,0.564
2008-04-08,3.665186177505424,3.9985894029101003,6.305,,1.87,2.77,1.993,0.569
2008-04-09,3.6485843676360257,3.991605854935548,6.26,,1.77,2.69,1.986,0.589
2008-04-10,3.5996254298401804,3.954464931888748,6.21,,1.84,2.74,1.943,0.599
2008-04-11,3.568277504654142,3.9061524627926754,6.26,,1.76,2.67,2.151,0.605
2008-04-14,3.5976389213206863,3.931259515515849,6.145,,1.78,2.65,2.1,0.6
2008-04-15,3.6552990486369152,3.9052247641361,6.16,,1.84,2.71,2.048,0.6
2008-04-16,3.6918694495288937,3.983221289215183,6.19,,1.98,2.77,2.112,0.62
2008-04-17,3.755204473522962,4.118506520663449,6.25,,2.13,2.83,2.186,0.646
2008-04-18,3.8773668245907422,4.338598487372081,6.3,,2.19,2.85,2.117,0.646
2008-04-21,3.857903072161313,4.30231771659767,6.465,,2.2,2.84,2.165,0.662
2008-04-22,4.003971060937189,4.411722830452126,6.435,,2.24,2.8,2.175,0.683
2008-04-23,3.9351673513859113,4.410400814374931,6.565,,2.22,2.78,2.133,0.689
2008-04-24,3.91822738107968,4.480352688778813,6.555,,2.41,2.87,2.056,0.72
2008-04-25,3.920173373840616,4.50046121400492,,,2.44,2.92,2.1,0.818
2008-04-28,3.905611834497548,4.449423921343996,6.545,,2.36,2.87,2.179,0.824
2008-04-29,3.862542569007775,4.388371650380893,6.54,,2.35,2.86,2.172,
2008-04-30,3.856624053714866,4.353518936501668,6.5,,2.29,2.73,2.107,0.775
2008-05-01,,4.3314563037132805,6.425,,2.37,2.73,,0.735
2008-05-02,3.906987020269593,4.431310204720233,6.46,,2.47,2.78,2.197,0.753
2008-05-05,3.896489142526709,,6.565,,2.42,2.78,2.107,
2008-05-06,3.810820271731741,4.353074568294934,6.535,,2.38,2.81,2.098,
2008-05-07,3.8409912497292735,4.378253734527602,6.54,,2.31,2.8,2.097,0.753
2008-05-08,3.8027537474343287,4.252508868240589,6.46,,2.25,2.76,2.072,0.738
2008-05-09,3.7395117512094735,4.242705965765318,6.38,,2.25,2.72,2.051,0.724
2008-05-12,3.79072659380224,4.311762855974244,6.37,,2.3,2.73,,0.74
2008-05-13,3.886722213258217,4.470193503235305,6.395,,2.47,2.81,2.141,0.756
2008-05-14,3.949224798738351,4.624130788850526,6.46,,2.53,2.83,2.174,0.811
2008-05-15,4.018135229028566,4.694509006333421,6.495,,2.45,2.77,2.169,0.841
2008-05-16,4.033534065997581,4.672523246749752,6.49,,2.47,2.8,2.156,0.837
2008-05-19,4.019257027114115,4.748769246979141,6.46,,2.42,,2.123,0.829
2008-05-20,4.03416808123111,4.71818285816804,6.62,,2.34,2.77,2.172,0.814
2008-05-21,4.120240686137047,4.7810628261549954,6.61,,2.41,2.9,2.172,0.784
2008-05-22,4.183687258778352,4.918288438432277,6.745,,2.56,3.01,2.151,0.795
2008-05-23,4.204835845115998,4.923336135952899,6.845,,2.46,2.99,2.161,0.837
2008-05-26,4.203011208666298,,6.79,,,3.02,2.154,0.839
2008-05-27,4.195409203384551,4.930696622155372,6.875,,2.55,3.06,2.183,0.861
2008-05-28,4.223127997569507,4.961993245766202,6.88,,2.62,3.09,2.171,0.856
2008-05-29,4.307342015011799,5.037561964390313,6.94,,2.67,3.1,2.288,0.899
2008-05-30,4.281174106483883,4.999139419203822,6.855,,2.66,3.01,2.298,0.9
2008-06-02,4.248272920164446,4.8960557899303385,6.825,,2.51,2.9,2.23,0.919
2008-06-03,4.32546644195712,4.926020460380055,6.765,,2.45,2.83,2.281,0.857
2008-06-04,4.269095924494285,4.844316255081522,6.89,,2.47,2.85,2.303,0.863
2008-06-05,4.501077157114809,4.986953838641398,6.885,,2.52,2.88,2.355,0.828
2008-06-06,4.587073185042647,5.018064906836549,6.995,,2.4,2.87,2.523,0.874
2008-06-09,4.655862747169787,5.324165766554664,,,2.73,3.07,2.5,0.846
2008-06-10,4.590927115856964,5.310825437898868,7.19,,2.91,3.39,2.687,0.942
2008-06-11,4.53546390426725,5.239087618672541,7.17,,2.83,3.28,2.613,0.993
2008-06-12,4.574346637611254,5.34229282979989,7.02,,3.03,3.4,2.605,0.983
2008-06-13,4.604433195539016,5.482934365158601,7.16,,3.05,3.39,2.638,1.009
2008-06-16,4.713763744066501,5.4714579189738854,7.14,,3.02,3.36,2.632,0.961
2008-06-17,4.645706671611431,5.300710711731765,6.99,,2.94,3.27,2.594,0.916
2008-06-18,4.636510521778339,5.309033313616041,6.925,,2.89,3.25,2.603,0.875
2008-06-19,4.69254937843155,5.458567025489127,6.955,,2.99,3.35,2.569,0.901
2008-06-20,4.622248444021901,5.3398668434682826,7.025,,2.88,3.3,2.576,0.881
2008-06-23,4.583726701999321,5.281084460757334,6.965,,2.98,3.33,2.544,0.852
2008-06-24,4.5401792962007725,5.250647717677713,6.985,,2.87,3.24,2.577,0.858
2008-06-25,4.583702787892584,5.169736258344513,6.915,,2.82,3.23,2.539,0.832
2008-06-26,4.538368018593172,5.062518979667775,6.91,,2.68,3.15,2.542,0.803
2008-06-27,4.4986231439560305,5.0827601959075235,6.835,,2.65,3.17,2.527,0.781
2008-06-30,4.619391970344079,5.156911305139652,6.83,,2.63,3.24,2.502,0.781
2008-07-01,4.575076562631095,5.158349724919946,6.865,,2.63,,2.537,0.808
2008-07-02,4.644998310867589,5.099797422386648,6.925,,2.6,3.22,2.527,0.809
2008-07-03,4.512146917081721,5.013732933405978,6.885,,2.54,3.21,2.547,0.825
2008-07-04,4.471853689918234,4.946837294390941,6.825,,,3.18,2.487,0.823
2008-07-07,4.431633744627096,4.891690086054315,6.77,,2.47,3.15,2.494,0.853
2008-07-08,4.42588650515577,4.863609015236173,6.72,,2.47,3.2,2.458,0.825
2008-07-09,4.4550400643564885,4.869965163706447,6.705,,2.41,3.18,2.462,0.806
2008-07-10,4.429284708518429,4.842013393309307,6.68,,2.44,3.15,2.418,0.772
2008-07-11,4.405612421488973,4.861312902615886,6.71,,2.59,3.18,2.405,0.773
2008-07-14,4.393893384990228,4.884773603966551,6.71,,2.47,3.12,2.4,0.769
2008-07-15,4.321495756986529,4.835155322123298,6.62,,2.39,3.06,2.35,0.759
2008-07-16,4.356205607434846,4.894928054353409,6.56,,2.44,3.07,2.315,0.749
2008-07-17,4.398676237097996,4.930945733651557,6.57,,2.58,3.11,2.337,0.759
2008-07-18,4.500624761238413,5.066443525098588,6.6,,2.66,3.18,2.331,0.759
2008-07-21,4.613105263637472,5.069282103272439,6.635,,2.66,3.16,2.387,
2008-07-22,4.565582372739627,5.006378349440988,6.68,,2.74,3.21,2.413,0.784
2008-07-23,4.591811423535669,5.064866018565629,6.665,,2.81,3.22,2.413,0.795
2008-07-24,4.459284036718529,4.933615577271701,6.575,,2.61,3.12,2.401,0.806
2008-07-25,4.443596773046596,4.946418280408541,6.455,,2.7,3.14,2.317,0.78
2008-07-28,4.394474220177009,4.898384760560431,6.425,,2.59,3.06,2.315,0.796
2008-07-29,4.379401294954143,4.854973319143117,6.425,,2.65,3.05,2.301,0.785
2008-07-30,4.351400256445103,4.816180468532978,6.38,,2.64,3.05,2.313,0.773
2008-07-31,4.313970614539645,4.798352717452903,6.325,,2.52,2.94,2.312,0.771
2008-08-01,4.307986127522716,4.8397523561037685,6.21,,2.51,2.88,,0.751
2008-08-04,4.29465553907621,4.788291349894072,,,2.53,,2.219,0.733
2008-08-05,4.2778647737888225,4.742507488876594,5.98,,2.54,2.89,2.563,0.747
2008-08-06,4.277865095879216,4.702936915952469,5.995,,2.56,2.85,2.537,0.733
2008-08-07,4.135145240076662,4.640846790331126,5.955,,2.43,2.77,2.572,0.718
2008-08-08,4.09620669219427,4.663299235489734,5.925,,2.51,2.71,2.495,0.696
2008-08-11,4.122201608342043,4.746489621788884,5.93,,2.56,2.74,2.485,0.703
2008-08-12,4.0930503227694475,4.662140334450133,5.84,,2.45,2.72,2.485,0.703
2008-08-13,4.061094987049099,4.497322055255057,5.82,,2.5,2.76,2.443,0.699
2008-08-14,4.045177901398365,4.5514777054996856,5.815,,2.45,2.77,2.38,0.694
2008-08-15,4.0566085217035095,4.528641364249043,5.78,,2.4,2.76,2.347,0.689
2008-08-18,4.026674629772687,4.5428511407058165,5.765,,2.35,2.73,2.316,0.675
2008-08-19,3.964004031281205,4.547605554203045,5.76,,2.32,2.74,2.312,0.675
2008-08-20,3.997706010917928,4.5418442225918625,5.81,,2.25,2.8,2.25,0.69
2008-08-21,4.0930323849742996,4.57278144554841,5.685,,2.33,2.86,2.342,0.68
2008-08-22,4.141580529661992,4.59934241510997,5.75,,2.42,2.93,2.387,0.691
2008-08-25,4.064642064979905,,5.745,,2.33,2.87,2.377,0.691
2008-08-26,4.002370724442574,4.4907448038407045,5.685,,2.35,2.83,2.334,0.695
2008-08-27,4.118394076338495,4.509743148334093,5.675,,2.31,2.75,2.322,0.716
2008-08-28,4.181019428344739,4.495248844052034,5.735,,2.37,2.74,2.369,0.716
2008-08-29,4.133201985617549,4.4773614481733395,5.695,,2.36,2.71,2.408,0.709
2008-09-01,4.045467518837324,4.404230404247509,5.68,,,,2.335,0.731
2008-09-02,4.11791986446672,4.428004593972325,5.675,,2.26,2.67,2.406,0.721
2008-09-03,4.091423456564536,4.391206970953157,5.645,,2.26,2.71,2.379,0.717
2008-09-04,4.069691983294857,4.3659116891162055,5.68,,2.2,2.68,2.411,0.739
2008-09-05,3.9695230117624103,4.303708324677562,5.56,,2.23,2.73,2.325,0.72
2008-09-08,4.022709041830825,4.432452161270431,5.675,,2.3,2.74,2.328,0.746
2008-09-09,4.025413607674739,4.388729651196213,5.575,,2.23,2.69,2.345,0.736
2008-09-10,4.00621491708429,4.3878269879604375,5.565,,2.22,2.71,2.331,0.732
2008-09-11,3.94940718673163,4.374301831927334,5.585,,2.18,2.73,2.302,0.732
2008-09-12,3.99557849407291,4.489664628682824,5.635,,2.23,2.78,2.292,0.738
2008-09-15,3.825532838307889,4.280099101473948,5.43,,1.78,2.44,2.197,
2008-09-16,3.747823556420789,4.196856434976076,5.36,,1.89,2.57,2.183,0.706
2008-09-17,3.8324084348114504,4.188042662442628,5.485,,1.64,2.56,1.908,0.737
2008-09-18,3.863050683335708,4.103187963763292,5.35,,1.78,2.59,1.648,0.798
2008-09-19,4.002952234852318,4.323646527084337,5.415,,2.16,2.88,1.855,0.789
2008-09-22,4.104286386762482,4.419365008147912,5.6,,2.13,2.84,1.852,0.786
2008-09-23,4.0357957806433395,4.3371979205856945,5.54,,2.11,2.87,1.983,
2008-09-24,3.924702022200388,4.236135040228939,5.525,,2.03,2.85,2.007,0.801
2008-09-25,3.930835394171251,4.280522173305575,5.495,,2.16,2.89,2.071,0.803
2008-09-26,3.833298921026225,4.1968020571970195,5.355,,2.11,2.83,1.97,0.807
2008-09-29,3.650186350078678,3.96246791180929,5.345,,1.7,2.54,1.702,0.811
2008-09-30,3.5866077675233203,3.9704480824953334,5.095,,2.0,2.78,1.607,0.748
2008-10-01,3.567885703977451,3.93445640738281,5.125,,1.82,2.7,1.593,0.764
2008-10-02,3.4654836211503905,3.8984322396630047,5.025,,1.62,2.59,1.482,0.764
2008-10-03,3.294346960442284,3.9558316843769132,4.9,,1.6,2.51,1.552,0.726
2008-10-06,3.1339875029076447,3.6270811636272215,,,1.43,2.25,1.6,0.682
2008-10-07,3.0799757610792744,3.5720474948296226,4.35,,1.47,2.27,1.481,0.707
2008-10-08,3.004103474850694,3.5122123895178308,4.115,,1.65,2.16,1.419,0.746
2008-10-09,3.0445969125297045,3.638983669007176,4.21,,1.65,2.11,1.357,0.797
2008-10-10,2.9797433170860304,3.569724952493426,4.04,,1.62,2.21,1.354,0.843
2008-10-13,3.086868598945411,3.7818816583390378,4.425,,,,1.414,
2008-10-14,3.1757722011931886,3.9576205910997606,4.51,,1.82,2.34,1.591,0.84
2008-10-15,3.2013560773299967,3.9047726893326833,4.385,,1.64,2.26,1.709,0.8
2008-10-16,3.109009727327017,3.8510787149448715,4.18,,1.61,2.3,1.63,0.795
2008-10-17,2.9111668479483503,3.720149632010787,4.2,,1.64,2.27,1.662,0.786
2008-10-20,2.976643255783906,3.609229270820486,4.25,,1.71,2.2,1.696,0.777
2008-10-21,2.9452938390404166,3.549466444476988,4.295,,1.58,2.16,1.801,0.762
2008-10-22,2.8519616415114943,3.2952505545572937,4.215,,1.53,2.09,1.667,0.732
2008-10-23,2.829118817243598,3.3575364161075254,4.195,,1.54,2.12,1.638,0.717
2008-10-24,2.7720730176252113,3.192852166806754,4.065,,1.57,2.09,1.682,0.717
2008-10-27,2.701886202165225,3.213148237615503,4.095,,1.59,2.06,1.564,0.696
2008-10-28,2.6451854910049235,3.234245535192624,4.245,,1.65,2.09,1.515,0.706
2008-10-29,2.675992468343116,3.151725207634908,4.24,,1.58,2.07,1.503,0.609
2008-10-30,2.714049817553987,3.0654792921529674,4.325,,1.59,2.02,1.515,0.584
2008-10-31,2.675773159235401,3.0590895312336137,4.325,,1.56,2.01,1.522,0.539
2008-11-03,2.7348355429389297,3.0141657988037855,4.38,,1.45,2.01,1.639,
2008-11-04,2.71316943117201,2.957718003911628,4.05,,1.39,1.97,1.732,0.538
2008-11-05,2.7347044482932374,2.877424736502365,4.09,,1.36,1.97,1.937,0.545
2008-11-06,2.7266731803207755,2.7115479790080097,3.915,,1.28,1.89,1.996,0.544
2008-11-07,2.644836856593315,2.657455929205849,3.885,,1.33,1.9,1.949,0.568
2008-11-10,2.6464263311915985,2.7224284293967234,3.925,,1.27,1.92,1.864,0.597
2008-11-11,2.609879779820514,2.7322935745889576,3.735,,,,1.857,0.593
2008-11-12,2.5396631780725296,2.5185431287632176,3.685,,1.19,1.84,1.826,0.593
2008-11-13,2.498134923404866,2.471607855525078,3.53,,1.24,1.92,1.741,0.573
2008-11-14,2.562697925683422,2.420926745182765,3.59,,1.22,1.9,1.819,0.549
2008-11-17,2.5042577848671748,2.3676421696434864,3.535,,1.22,1.89,1.698,0.525
2008-11-18,2.4872318005232774,2.350266469781835,3.575,,1.15,1.92,1.616,0.535
2008-11-19,2.44486883934003,2.3952851889356954,3.49,,1.09,1.91,1.611,0.546
2008-11-20,2.3207846423574,2.2594175245323522,3.425,,1.0,1.77,1.508,0.536
2008-11-21,2.3566050660655185,2.237615916717721,3.265,,1.09,1.8,1.031,0.556
2008-11-24,2.3490617845591535,2.317769042017752,3.275,,1.31,1.82,1.178,
2008-11-25,2.4315593916870153,2.4274088231565685,3.345,,1.15,1.77,1.32,0.587
2008-11-26,2.420697894883505,2.458360472611457,3.335,,1.09,1.73,1.312,0.603
2008-11-27,2.433308250568804,2.6036234371274416,3.385,,,1.72,1.262,0.599
2008-11-28,2.3758833385913034,2.461757664772149,3.31,,1.0,1.7,1.285,0.586
2008-12-01,2.3421903722185093,2.2752192034719303,3.27,,0.9,1.58,1.252,0.579
2008-12-02,2.342847835984947,2.0414298610976513,3.21,,0.9,1.58,1.146,0.544
2008-12-03,2.3069988536732673,1.9490966612972853,3.245,,0.87,1.6,1.06,0.544
2008-12-04,2.2986761573102603,2.076940377828568,3.195,,0.82,1.52,1.063,0.549
2008-12-05,2.392703304266762,2.1272981691075903,3.235,,0.93,1.57,1.103,0.564
2008-12-08,2.4679348152901843,2.253958806659992,3.275,,0.97,1.58,1.021,0.578
2008-12-09,2.560310999806296,2.226151568070982,3.245,,0.84,1.54,1.028,0.583
2008-12-10,2.5428078121767967,2.2187429683683146,3.235,,0.86,1.53,0.977,0.584
2008-12-11,2.496050090929702,2.2032132787093386,3.055,,0.79,1.5,0.823,0.579
2008-12-12,2.4586443160749765,2.129673567493294,2.91,,0.78,1.48,0.737,0.534
2008-12-15,2.469463289047267,2.0879019323543813,3.075,,0.75,1.46,0.854,0.535
2008-12-16,2.435050038965261,2.0251326370296057,3.005,,0.65,1.28,0.899,0.51
2008-12-17,2.261720665311201,1.8461927371927134,2.935,,0.73,1.28,0.792,0.46
2008-12-18,2.2343585298138144,1.7202669627205531,2.935,,0.68,1.19,0.751,0.454
2008-12-19,2.180806472850501,1.7307987359560304,2.9,,0.74,1.26,0.728,0.414
2008-12-22,2.1660527809341774,1.6885228941572632,2.99,,0.87,1.25,0.845,0.394
2008-12-23,2.1666691584873843,1.681312736179009,2.98,,0.9,1.21,0.782,
2008-12-24,2.158969867598572,1.6232808826022624,3.005,,0.9,1.2,,0.393
2008-12-25,,,,,,,,0.399
2008-12-26,,,,,0.89,,,0.403
2008-12-29,2.1347616620278735,1.6622740899822366,2.945,,0.78,1.1,0.75,0.388
2008-12-30,2.1422049182456604,1.5970291074096994,2.975,,0.75,1.08,0.691,0.37
2008-12-31,2.137652319032287,1.511384328471427,2.87,,0.76,1.09,,
2009-01-02,2.1017091083446244,1.4943642194948163,2.875,,0.88,1.15,,
2009-01-05,2.063825805115163,1.568432068089641,3.145,,0.78,1.16,0.797,0.358
2009-01-06,2.1067216536368076,1.5738311776457206,3.16,,0.8,1.15,0.785,0.374
2009-01-07,2.023337517932728,1.5593237606465338,3.14,,0.82,1.14,0.795,0.364
2009-01-08,1.9630295217649123,1.4710121922364392,3.04,,0.83,1.14,0.787,0.369
2009-01-09,1.8606154842971572,1.424487342563484,3.015,,0.75,1.09,0.77,0.369
2009-01-12,1.8587757296947165,1.4063002385814707,2.895,,0.74,1.03,0.671,
2009-01-13,1.838591000911554,1.455421205717354,2.775,,0.76,1.02,0.63,0.368
2009-01-14,1.825018175640769,1.444671660604613,2.775,,0.73,0.92,0.604,0.374
2009-01-15,1.8397664650151684,1.4442653543022843,2.65,,0.73,0.96,0.635,0.374
2009-01-16,1.8719079153716964,1.5133044931650494,2.765,,0.73,0.95,0.599,0.364
2009-01-19,1.871544269817439,1.5227853806267868,2.835,,,0.99,0.604,0.355
2009-01-20,1.8456400885956912,1.4690575146324016,2.745,,0.73,1.04,0.619,0.35
2009-01-21,1.827291654813521,1.3592116443664937,2.755,,0.78,1.08,0.549,0.365
2009-01-22,1.771341449269253,1.3795132070958007,2.83,,0.75,1.15,0.58,0.36
2009-01-23,1.7308058753596307,1.3993685677609533,2.695,,0.83,1.24,0.541,0.364
2009-01-26,1.9530935713583208,1.3868783584453523,,,0.85,1.31,0.524,0.385
2009-01-27,1.9831806318194356,1.4189841615121528,2.7,,0.87,1.31,0.575,0.402
2009-01-28,1.9055974392575177,1.4053798856845512,2.66,,0.89,1.37,0.512,0.411
2009-01-29,1.8487130497443505,1.3841766079788496,2.61,,0.95,1.4,0.508,0.403
2009-01-30,1.7872565045746085,1.4279702722472938,2.545,,0.94,1.41,0.449,0.403
2009-02-02,1.7492421730186667,1.4451987968699282,2.515,,0.89,1.32,0.561,0.396
2009-02-03,1.6937568951688535,1.5382619622544607,2.625,,0.96,1.33,0.582,0.409
2009-02-04,1.7535262097099067,1.5580765747593892,2.71,,0.98,1.33,0.573,0.425
2009-02-05,1.6479579859647029,1.5211226172073462,2.815,,0.98,1.23,0.578,0.423
2009-02-06,1.6496450713438624,1.5474131513108105,3.005,,0.99,1.14,0.516,0.41
2009-02-09,1.6902629258798507,1.5290456629006732,2.97,,1.05,1.18,0.474,0.393
2009-02-10,1.664999076823018,1.506789271078303,2.92,,0.92,1.15,0.469,0.409
2009-02-11,1.6052124084069883,1.2088664195917729,2.76,,0.93,1.16,0.418,
2009-02-12,1.559577453992815,1.0718464160003476,2.71,,0.89,1.15,0.395,0.399
2009-02-13,1.5802061930413358,1.193188695226476,2.805,,0.97,1.2,0.399,0.389
2009-02-16,1.5083747406068255,1.2166905524667806,2.945,,,,0.422,0.395
2009-02-17,1.462526365754862,1.2222527190089725,2.79,,0.87,1.18,0.386,0.385
2009-02-18,1.4828658150188367,1.3410099348522604,2.675,,0.97,1.25,0.384,0.37
2009-02-19,1.6279962667184078,1.3615045666648868,2.8,,1.01,1.25,0.371,0.38
2009-02-20,1.575182113261187,1.3516649935350071,2.795,,0.96,1.22,0.399,0.381
2009-02-23,1.5865609386113158,1.393130433628919,2.79,,0.96,1.16,0.386,0.385
2009-02-24,1.5238704625447963,1.3211045776075923,2.77,,1.03,1.19,0.455,0.405
2009-02-25,1.4922514045930042,1.2902702917045274,2.89,,1.09,1.25,0.537,0.41
2009-02-26,1.600294717712327,1.362823386701085,2.875,,1.08,1.21,0.565,0.392
2009-02-27,1.5568905412475926,1.3152735734205556,2.9,,1.0,1.15,0.52,0.392
2009-03-02,1.491865892065321,1.252288207491803,2.87,,0.89,1.04,0.572,0.393
2009-03-03,1.4731584297043223,1.1714077270191046,2.93,,0.91,0.98,0.525,0.393
2009-03-04,1.446070877279752,1.1801104846273225,2.855,,0.97,0.97,0.562,0.393
2009-03-05,1.4480660117490876,1.160389223652422,2.85,,0.9,0.93,0.544,0.399
2009-03-06,1.4651317638173045,1.2029181831200344,2.745,,0.91,0.96,0.494,0.399
2009-03-09,1.5381162137947562,1.320539357798216,2.65,,0.96,0.95,0.501,0.399
2009-03-10,1.5576785836912546,1.3026061510815505,2.715,,1.01,0.98,0.536,0.41
2009-03-11,1.6266667145123463,1.3659059817699435,2.75,,1.03,0.99,0.589,0.41
2009-03-12,1.5650275537792986,1.359691269553656,2.675,,1.03,0.99,0.594,0.41
2009-03-13,1.5863776605436604,1.3903501453822131,2.75,,0.98,0.97,0.526,0.41
2009-03-16,1.5739832358796475,1.468622702918552,2.795,,1.0,0.99,0.539,0.405
2009-03-17,1.597308645780126,1.4845560821051065,2.86,,1.05,1.02,0.522,0.406
2009-03-18,1.6125352833154754,1.4811335296824581,2.855,,0.82,0.95,0.553,0.406
2009-03-19,1.6073071357060782,1.4108309725384987,2.7,,0.87,0.99,0.528,0.396
2009-03-20,1.5206123294293583,1.379241837900909,2.765,,0.89,1.02,0.486,
2009-03-23,1.5431507268237263,1.3924101468721144,2.91,,0.93,1.03,0.486,0.403
2009-03-24,1.602728163730499,1.3478734395660648,2.985,,0.93,1.09,0.534,0.403
2009-03-25,1.620144140965146,1.3215327038526983,3.055,,0.96,1.12,0.555,0.403
2009-03-26,1.628757926922272,1.3675467818316824,3.17,,0.9,1.17,0.532,0.409
2009-03-27,1.524796341554677,1.376010544665805,3.175,,0.9,1.17,0.541,0.409
2009-03-30,1.4802095913520985,1.2819976962227477,3.09,,0.84,1.11,0.478,0.407
2009-03-31,1.461562374259633,1.2766686937864518,3.03,,0.81,1.07,0.523,0.408
2009-04-01,1.4509317214647146,1.2458241444097213,3.015,,0.83,1.08,0.527,0.398
2009-04-02,1.5780602312690468,1.469646736435698,3.055,,0.88,1.12,0.556,0.398
2009-04-03,1.658081243397216,1.5013910914751487,3.165,,0.96,1.14,0.6,0.396
2009-04-06,1.69861096524276,1.613177581209592,3.23,,0.94,1.14,0.577,0.416
2009-04-07,1.6460171201504878,1.5857378186237021,3.285,,0.91,1.12,0.56,0.421
2009-04-08,1.6291264517266069,1.5241304379270262,3.235,,0.93,1.09,0.547,0.432
2009-04-09,1.627832149342022,1.5015761132827574,3.22,,0.96,1.12,0.561,0.458
2009-04-10,,,,,,,,0.454
2009-04-13,,,,,0.89,1.1,,0.45
2009-04-14,1.5809208741055427,1.457319777421302,3.26,,0.86,1.09,0.529,0.445
2009-04-15,1.5341318588162995,1.5261842406965769,3.23,,0.86,1.12,0.503,0.42
2009-04-16,1.5902637585157486,1.4738312570116787,3.19,,0.91,1.12,0.474,0.416
2009-04-17,1.6359989041582463,1.596481310871576,3.23,,0.99,1.16,0.484,0.401
2009-04-20,1.600154346753301,1.5034943562600218,3.295,,0.93,1.1,0.48,0.402
2009-04-21,1.5867635870211585,1.610583071210695,3.12,,0.96,1.02,0.458,0.408
2009-04-22,1.63073106785201,1.6114865078119394,3.175,,1.0,1.0,0.487,0.403
2009-04-23,1.6231225934323803,1.4632277048831828,3.165,,0.97,0.98,0.478,0.403
2009-04-24,1.5840308337874736,1.4165219467477053,3.135,,0.99,0.98,0.465,0.406
2009-04-27,1.521417412151115,1.3858056467910056,3.065,,0.9,0.96,0.462,0.406
2009-04-28,1.5162574710589158,1.31096797070909,2.97,,0.95,0.98,0.436,0.39
2009-04-29,1.5021595933046985,1.301564485308841,3.08,,0.94,0.98,0.44,
2009-04-30,1.526532644007114,1.2961768241650768,3.07,,0.91,0.98,0.45,0.375
2009-05-01,,1.3125657617882576,3.13,,0.92,0.98,,0.371
2009-05-04,1.5215942016568729,,3.185,,0.94,1.02,0.462,
2009-05-05,1.521834254344554,1.3399099985623035,3.305,,0.98,1.01,0.481,
2009-05-06,1.4912801388379997,1.4137386653725055,3.29,,0.96,1.03,0.481,
2009-05-07,1.547234014959942,1.4261526059461183,3.48,,1.0,1.07,0.457,0.393
2009-05-08,1.47471183126931,1.4689246580851683,3.49,,1.0,1.12,0.451,0.394
2009-05-11,1.4510045376298162,1.4123763367274011,3.445,,0.92,1.09,0.441,0.399
2009-05-12,1.4914647338107438,1.444523723403787,3.425,,0.9,1.12,0.462,0.39
2009-05-13,1.413924326048332,1.315368227669647,3.45,,0.89,1.11,0.449,0.38
2009-05-14,1.4198608868890434,1.2958340316355568,3.385,,0.87,1.1,0.428,0.371
2009-05-15,1.4133901188897111,1.3520442375138242,3.385,,0.88,1.09,0.416,0.37
2009-05-18,1.3903055277485177,1.298759218197973,3.385,,0.93,,0.44,0.37
2009-05-19,1.4430922720942423,1.3002137663517064,3.535,,0.91,1.1,0.459,0.381
2009-05-20,1.5094874681480328,1.3426944370942042,3.63,,0.87,1.1,0.475,0.371
2009-05-21,1.445250561891804,1.3009754580230004,3.65,,0.89,1.14,,0.361
2009-05-22,1.4810964728346234,1.3547396897655313,3.645,,0.92,1.15,0.466,0.352
2009-05-25,1.5983032714572496,,3.63,,,1.15,0.559,0.362
2009-05-26,1.5715287803229518,1.2808264813060644,3.56,,0.96,1.21,0.436,0.363
2009-05-27,1.5996985559154937,1.3581513847176763,3.605,,0.96,1.27,0.503,0.363
2009-05-28,1.5931917917261922,1.362473429276781,3.575,,0.97,1.27,0.447,0.344
2009-05-29,1.528623404723418,1.3518454495636738,3.47,,0.92,1.23,0.467,0.344
2009-06-01,1.5386797633349216,1.4467502807194799,3.565,,0.97,1.26,,0.345
2009-06-02,1.5054937318001156,1.4452313537309995,3.665,,0.96,1.23,0.441,0.354
2009-06-03,1.4698016033984025,1.3977176827756757,3.675,,0.91,1.15,0.438,0.356
2009-06-04,1.5944314741295795,1.4915818149748992,3.595,,0.96,1.16,0.435,0.346
2009-06-05,1.738508440221514,1.621722244324259,3.725,,1.32,1.28,0.468,0.337
2009-06-08,1.777273254289308,1.7793105420345556,,,1.42,1.4,0.51,0.368
2009-06-09,1.7580513883668945,1.756108042048293,3.895,,1.33,1.35,0.519,0.378
2009-06-10,1.7513203899962926,1.7665406045307575,3.925,,1.38,1.43,0.533,0.373
2009-06-11,1.7945920532831754,1.86039199407184,4.045,,1.35,1.4,0.46,0.374
2009-06-12,1.7395570172316506,1.797587393621729,3.945,,1.3,1.4,0.526,0.374
2009-06-15,1.6964482173433373,1.716841954134298,3.84,,1.26,1.39,0.542,0.375
2009-06-16,1.6760379938430692,1.7694699822027355,3.76,,1.23,1.36,0.512,0.37
2009-06-17,1.6100204714490922,1.683809778409067,3.805,,1.19,1.29,0.516,0.371
2009-06-18,1.6167226933829448,1.6966828259740387,3.89,,1.28,1.33,0.522,0.366
2009-06-19,1.5967052475231416,1.6494282119724286,4.15,,1.25,1.28,0.534,0.356
2009-06-22,1.5438859748525071,1.600780600836104,4.12,,1.17,1.23,0.517,0.357
2009-06-23,1.5726694273223774,1.568044690789734,4.0,,1.14,1.24,0.523,0.347
2009-06-24,1.491239517297123,1.5130228805673913,4.05,,1.19,1.27,0.523,0.333
2009-06-25,1.4437169920745376,1.4929177016345232,4.18,,1.12,1.23,0.508,0.314
2009-06-26,1.4270589856004214,1.5221240731376173,4.125,,1.1,1.2,0.505,0.303
2009-06-29,1.469789012153666,1.611715721060485,4.0,,1.11,1.2,0.491,0.294
2009-06-30,1.501303952617291,1.7212527465361465,4.03,,1.11,1.2,0.509,0.307
2009-07-01,1.4681709489277366,1.7594112569334555,3.965,,1.05,,0.526,0.287
2009-07-02,1.3655778403701522,1.6886022482397862,3.89,,0.98,1.17,0.537,0.27
2009-07-03,1.3617039220219096,1.6598042397919053,3.865,,,1.16,0.502,0.255
2009-07-06,1.3363164941692085,1.6072216960545262,3.83,,0.96,1.15,0.483,0.254
2009-07-07,1.3428103978465478,1.59195983521147,3.875,,0.98,1.16,0.482,0.259
2009-07-08,1.3436997452714703,1.5010366361668592,3.755,,0.91,1.16,0.464,0.254
2009-07-09,1.3688330187038185,1.5903537214332861,3.705,,0.94,1.17,0.474,0.24
2009-07-10,1.3411432039579143,1.5288281346674377,3.735,,0.91,1.16,0.514,0.24
2009-07-13,1.3402810994631489,1.47206964335956,3.705,,0.92,1.18,0.539,0.245
2009-07-14,1.3874131749374508,1.5397357540422845,3.835,,0.97,1.22,0.511,0.25
2009-07-15,1.4206733901882629,1.6005070183964172,3.995,,1.03,1.23,0.512,0.26
2009-07-16,1.3783576210894006,1.5751813802684695,4.02,,1.0,1.2,0.526,0.265
2009-07-17,1.405230524334801,1.6045572650534432,3.975,,1.02,1.21,0.493,0.265
2009-07-20,1.459213765132839,1.6622602199031167,4.105,,0.99,1.21,0.504,
2009-07-21,1.438687299995582,1.6627928134951784,4.09,,0.96,1.19,0.502,0.276
2009-07-22,1.423171660596276,1.6788525186882617,4.215,,0.98,1.2,0.477,0.281
2009-07-23,1.4202438514647426,1.8080991558155521,4.22,,1.08,1.31,0.479,0.276
2009-07-24,1.4619220083249405,1.7790037557865583,4.275,,1.05,1.33,0.451,0.271
2009-07-27,1.528893199754634,1.8205217244366219,4.335,,1.08,1.35,0.469,0.267
2009-07-28,1.488340724044407,1.802203076875439,4.42,,1.12,1.32,0.471,0.266
2009-07-29,1.478346160752584,1.8117990542414577,4.34,,1.17,1.45,0.453,0.271
2009-07-30,1.4857382345088146,1.8104032011322235,4.405,,1.19,1.47,0.445,0.272
2009-07-31,1.433445621490206,1.7020826638010218,4.355,,1.13,1.41,0.453,0.275
2009-08-03,1.472924785870817,1.777529018717446,,,1.18,,0.434,0.275
2009-08-04,1.507536574075064,1.7982030001044524,4.5,,1.2,1.44,0.472,0.27
2009-08-05,1.580300239292347,1.8026690555115399,4.52,,1.23,1.47,0.509,0.265
2009-08-06,1.6132765618758187,1.7682786437421665,4.605,,1.22,1.45,0.509,0.265
2009-08-07,1.6875887089724624,1.8001243900526667,4.58,,1.32,1.47,0.51,0.265
2009-08-10,1.6815994220962802,1.6781811222371092,4.73,,1.24,1.41,0.553,0.275
2009-08-11,1.58896177179349,1.6540566328533166,4.74,,1.21,1.35,0.54,0.27
2009-08-12,1.5872078924097188,1.5615476854147397,4.59,,1.18,1.32,0.508,0.27
2009-08-13,1.5306380108066178,1.5069525988476218,4.645,,1.12,1.33,0.519,0.265
2009-08-14,1.4737668982240235,1.428996773040686,4.7,,1.07,1.31,0.501,0.265
2009-08-17,1.465017143482647,1.4052692211386768,4.53,,1.04,1.28,0.458,0.26
2009-08-18,1.4780112601016264,1.498652790484972,4.495,,1.06,1.29,0.482,0.26
2009-08-19,1.4459836933574075,1.3956754981073332,4.43,,1.01,1.27,0.463,0.255
2009-08-20,1.4536587021940166,1.3864092279887243,4.5,,1.03,1.26,0.471,0.246
2009-08-21,1.5220808640776364,1.3779836858861643,4.455,,1.13,1.35,0.466,0.245
2009-08-24,1.5271615557703786,1.3605494289842355,4.63,,1.05,1.31,0.481,0.246
2009-08-25,1.4830975643274746,1.2874059942568599,4.52,,1.05,1.29,0.465,0.241
2009-08-26,1.4621592851848626,1.3523412529262,4.485,,1.06,1.29,0.44,0.241
2009-08-27,1.4619758089704886,1.389653002028799,4.41,,1.04,1.28,0.444,0.241
2009-08-28,1.4672902758436366,1.3886431580096719,4.685,,1.01,1.28,0.458,0.242
2009-08-31,1.4593973277661634,,4.65,,0.97,1.28,0.466,0.24
2009-09-01,1.4366019138332904,1.4071692700310499,4.52,,0.92,1.24,0.529,0.24
2009-09-02,1.4097905763239804,1.3971272776379158,4.57,,0.89,1.24,0.498,0.235
2009-09-03,1.375544787974698,1.4437303947404116,4.545,,0.91,1.25,0.507,0.23
2009-09-04,1.34395029541113,1.409458368253501,4.57,,0.94,1.28,0.526,0.231
2009-09-07,1.313083717900717,1.4002764965396528,4.655,,,,0.556,0.237
2009-09-08,1.31531507879585,1.4263087152626388,4.56,,0.93,1.27,0.571,0.233
2009-09-09,1.3420573325595833,1.4772144549998707,4.485,,0.93,1.24,0.564,0.223
2009-09-10,1.279506004080969,1.4276801736650682,4.38,,0.9,1.21,0.573,0.209
2009-09-11,1.2695627430619056,1.4009711102732079,4.31,,0.9,1.2,0.559,0.204
2009-09-14,1.2918810083890744,1.4093993254182073,4.29,,0.94,1.23,0.541,0.209
2009-09-15,1.3221317260644028,1.292005040381255,4.25,,0.96,1.24,0.547,0.21
2009-09-16,1.342929286803528,1.3394866272997774,4.295,,1.01,1.28,0.548,0.21
2009-09-17,1.3784636283787746,1.3612953538239023,4.385,,0.98,1.26,0.571,0.215
2009-09-18,1.379095873977772,1.3679265305364414,4.34,,1.03,1.28,0.545,0.225
2009-09-21,1.3421070146853171,1.3844468054972139,4.375,,1.02,1.28,0.539,
2009-09-22,1.344902312305153,1.376087404513159,4.37,,1.02,1.28,0.552,
2009-09-23,1.3472187923290777,1.3790709619780095,4.4,,0.96,1.27,0.577,
2009-09-24,1.2951694845907906,1.2935463882241305,4.375,,0.93,1.26,0.556,0.221
2009-09-25,1.3062689208001894,1.2624357490342348,4.31,,0.98,1.27,0.549,0.211
2009-09-28,1.295176763728168,1.2911361197772397,4.305,,0.98,1.27,0.554,0.227
2009-09-29,1.3283700723173053,1.388523946186079,4.445,,1.0,1.28,0.565,0.228
2009-09-30,1.3271789362654804,1.3811309128379976,4.55,,0.95,1.26,0.567,0.239
2009-10-01,1.3414905311952583,1.28067590896989,4.525,,0.87,1.2,0.57,0.234
2009-10-02,1.299261015683344,1.2664358344585906,4.35,,0.88,1.19,0.55,0.23
2009-10-05,1.2977208089657253,1.2593645461583938,,,0.88,1.18,0.537,0.231
2009-10-06,1.3230169524476378,1.2540340204348035,4.53,,0.91,1.25,0.542,0.231
2009-10-07,1.3281674655378743,1.2403425496948848,4.54,,0.87,1.24,0.539,0.236
2009-10-08,1.317371753704968,1.2072316209282097,4.675,,0.9,1.5,0.527,0.247
2009-10-09,1.4492140152469606,1.3047738457139337,4.655,,0.98,1.7,0.555,0.252
2009-10-12,1.4208696000621257,1.2441242487565487,4.755,,,,0.587,
2009-10-13,1.3772927397920145,1.268425874499364,4.71,,0.91,1.66,0.596,0.249
2009-10-14,1.4077834608762625,1.3232508134338647,4.75,,0.96,1.7,0.579,0.24
2009-10-15,1.4610978164139068,1.3588437840309577,4.92,,0.97,1.68,0.59,0.245
2009-10-16,1.4895880999122602,1.395336927098678,4.965,,0.97,1.6,0.63,0.24
2009-10-19,1.4871722342636036,1.4033850528330425,4.985,,0.99,1.62,0.633,0.246
2009-10-20,1.4532321208987802,1.3447933352948696,5.0,,0.95,1.5,0.624,0.252
2009-10-21,1.4746760611662943,1.5067317720478763,4.97,,1.0,1.51,0.638,0.252
2009-10-22,1.466822290640578,1.5110224672715915,5.04,,0.97,1.49,0.647,0.263
2009-10-23,1.4922349107499335,1.4550997126427954,5.07,,1.04,1.52,0.632,0.273
2009-10-26,1.4851617132709378,1.4607417231796271,5.085,,1.06,1.54,0.626,0.285
2009-10-27,1.4063472554118648,1.3841073713580974,5.045,,0.99,1.47,0.603,0.28
2009-10-28,1.387510142185144,1.390744790454445,5.015,,0.95,1.43,0.601,0.268
2009-10-29,1.465275078515753,1.4505317572936591,4.85,,0.98,1.47,0.554,0.253
2009-10-30,1.4290947232588862,1.4262374458070863,4.835,,0.9,1.38,0.616,0.25
2009-11-02,1.409240832609135,1.4761010696510255,4.825,,0.92,1.41,0.613,0.246
2009-11-03,1.3854257823187737,1.4861273681688876,4.695,,0.92,1.4,0.616,
2009-11-04,1.427345221245402,1.5026547353533932,4.705,,0.91,1.4,0.601,0.267
2009-11-05,1.4317132591021156,1.5090880083934066,4.765,,0.9,1.42,0.6,0.272
2009-11-06,1.4325140293953895,1.4552901583673594,4.84,,0.86,1.4,0.585,0.267
2009-11-09,1.3677666547538516,1.3910843654268374,4.86,,0.87,1.41,0.59,0.268
2009-11-10,1.356148378220367,1.3864221240831611,4.845,,0.85,1.4,0.574,0.259
2009-11-11,1.361653045783459,1.327476906883659,4.825,,,,0.598,0.254
2009-11-12,1.360397405540589,1.316906988754652,4.87,,0.82,1.39,0.575,0.254
2009-11-13,1.3367088642856684,1.3754331635292147,4.835,,0.82,1.38,0.566,0.249
2009-11-16,1.334375436578601,1.381598680534483,4.81,,0.78,1.34,0.583,0.245
2009-11-17,1.3360483494651652,1.3167511107289944,4.71,,0.78,1.31,0.563,0.24
2009-11-18,1.333996897725509,1.3061909931651159,4.735,,0.77,1.31,0.571,0.235
2009-11-19,1.3111087761783895,1.2919332069071134,4.66,,0.73,1.26,0.548,0.236
2009-11-20,1.3709606903591316,1.2882473263902607,4.61,,0.75,1.25,0.528,0.246
2009-11-23,1.395271798043403,1.3050304386107496,4.615,,0.77,1.25,0.546,
2009-11-24,1.3668183059623624,1.3011249864569654,4.605,,0.73,1.18,0.532,0.251
2009-11-25,1.4067896999614289,1.2877498220065795,4.645,,0.73,1.15,0.547,0.24
2009-11-26,1.321875596051452,1.2450052025008531,4.57,,,1.1,0.548,0.24
2009-11-27,1.3228206318334237,1.2758205712756843,4.45,,0.68,1.12,0.486,0.225
2009-11-30,1.3374993162706257,1.255133293655865,4.465,,0.67,1.1,0.47,0.225
2009-12-01,1.316743032242481,1.2240112384565414,4.385,,0.67,1.09,0.479,0.165
2009-12-02,1.3197586956992196,1.219265711232197,4.455,,0.72,1.13,0.471,0.175
2009-12-03,1.3575085104229012,1.2198035794289162,4.505,,0.74,1.12,0.496,0.169
2009-12-04,1.4124156131596493,1.2780680386602328,4.525,,0.84,1.27,0.476,0.169
2009-12-07,1.3786610228615173,1.254327576511655,4.635,,0.78,1.22,0.517,0.174
2009-12-08,1.2898870606899937,1.233328467576103,4.62,,0.73,1.2,0.505,0.18
2009-12-09,1.298267096626427,1.1994336532065868,4.55,,0.76,1.2,0.49,0.179
2009-12-10,1.324203864234751,1.2618497442522483,4.63,,0.78,1.22,0.485,0.179
2009-12-11,1.3557445176646303,1.3188293917367095,4.705,,0.83,1.24,0.491,0.169
2009-12-14,1.33036183123142,1.3016586839782496,4.67,,0.87,1.26,0.51,0.17
2009-12-15,1.3364150207378032,1.3465160896108748,4.595,,0.88,1.28,0.506,0.165
2009-12-16,1.3048383656879612,1.3355956861959688,4.425,,0.85,1.32,0.518,0.165
2009-12-17,1.2428618641135305,1.2923976649463234,4.445,,0.77,1.28,0.491,0.165
2009-12-18,1.2468432332039043,1.2220531652749134,4.39,,0.82,1.3,0.501,0.159
2009-12-21,1.2549047093148704,1.3138835918532696,4.425,,0.89,1.36,0.479,0.155
2009-12-22,1.268600879352255,1.3586345308496228,4.475,,0.95,1.39,0.472,0.155
2009-12-23,1.2710843393532985,1.428511028359347,4.52,,0.96,1.37,0.481,
2009-12-24,1.270305564451749,1.4471640611604941,4.49,,1.0,1.39,,0.155
2009-12-25,,,,,,,,0.155
2009-12-28,1.3200331671718897,,,,1.09,,0.452,0.155
2009-12-29,1.3616959090002678,1.4994295461782519,4.66,,1.09,1.44,0.481,0.146
2009-12-30,1.382050737780384,1.4934945481282031,4.62,,1.08,1.43,0.468,0.136
2009-12-31,1.3788289608893545,1.4418058142648402,4.575,,1.14,1.47,,
2010-01-04,1.445750382301465,1.4501227311139782,4.7,,1.09,1.45,0.491,0.147
2010-01-05,1.4086188706949705,1.487026484440215,4.63,,1.01,1.38,0.518,0.148
2010-01-06,1.4020826371085937,1.4663503166433203,4.655,,1.01,1.38,0.543,0.154
2010-01-07,1.3828672715324446,1.4485773271352502,4.685,,1.03,1.38,0.542,0.154
2010-01-08,1.350297608901346,1.4474740880056403,4.695,,0.96,1.31,0.54,0.164
2010-01-11,1.3188378222776906,1.3871660089609252,4.73,,0.95,1.29,0.547,
2010-01-12,1.312689384042881,1.3656306042174777,4.695,,0.92,1.27,0.509,0.164
2010-01-13,1.3155748721799956,1.3966746155248992,4.62,,0.97,1.34,0.507,0.164
2010-01-14,1.3037890365896556,1.4173848774596285,4.75,,0.94,1.32,0.529,0.159
2010-01-15,1.2610600957648936,1.4011681708112804,4.715,,0.89,1.28,0.504,0.155
2010-01-18,1.282256771634284,1.4062841067270653,4.68,,,1.27,0.496,0.16
2010-01-19,1.305395157829723,1.4959632287624633,4.65,,0.93,1.26,0.484,0.16
2010-01-20,1.2791481637695603,1.5063971829537457,4.67,,0.92,1.2,0.488,0.161
2010-01-21,1.2800295741924848,1.409652277018159,4.68,,0.87,1.18,0.517,0.161
2010-01-22,1.2150696633421465,1.4230983948546634,4.59,,0.84,1.17,0.507,0.161
2010-01-25,1.2399394876104064,1.4081550573506048,4.58,,0.86,1.18,0.507,0.162
2010-01-26,1.231758815468551,1.3700195675786795,,,0.87,1.17,0.51,0.157
2010-01-27,1.2358262873115429,1.3777690941184793,4.54,,0.9,1.22,0.505,0.156
2010-01-28,1.2475131330929412,1.4544008037372471,4.585,,0.87,1.18,0.507,0.155
2010-01-29,1.247835725828413,1.4273937546700064,4.43,,0.82,1.32,0.492,0.155
2010-02-01,1.2589080176881176,1.4027867199076067,4.415,,0.86,1.33,0.499,0.155
2010-02-02,1.2895384474444165,1.3830207721068304,4.31,,0.86,1.29,0.494,0.155
2010-02-03,1.3031671302327543,1.3726369143821566,4.365,,0.88,1.33,0.498,0.155
2010-02-04,1.288193751553741,1.3497248850036174,4.405,,0.8,1.28,0.503,0.155
2010-02-05,1.2458527285907994,1.3262267792156595,4.35,,0.77,1.25,0.457,0.155
2010-02-08,1.1974330166820848,1.3881531990537959,4.34,,0.79,1.25,0.452,0.155
2010-02-09,1.2009196849373756,1.391448876280143,4.375,,0.84,1.28,0.463,0.155
2010-02-10,1.19849564807719,1.308189924061016,4.44,,0.91,1.34,0.464,0.154
2010-02-11,1.228503529963204,1.3709630409595386,4.53,,0.91,1.37,0.436,
2010-02-12,1.181848244099982,1.3523135045714367,4.54,,0.84,1.34,0.44,0.154
2010-02-15,1.1799983832022545,1.377582723620367,4.49,,,,0.415,0.16
2010-02-16,1.187939206656123,1.350556361712713,4.49,,0.82,1.32,0.393,0.16
2010-02-17,1.144834300589771,1.347094237325786,4.525,,0.87,1.34,0.393,0.155
2010-02-18,1.1455584130613994,1.3353615707805235,4.545,,0.9,1.37,0.39,0.155
2010-02-19,1.1807974159447814,1.356267488160614,4.595,,0.95,1.39,0.401,0.155
2010-02-22,1.1754675039377396,1.3488975635969334,4.605,,0.91,1.38,0.401,0.156
2010-02-23,1.0803152247317542,1.3082847235154853,4.6,,0.87,1.33,0.414,0.156
2010-02-24,1.0949768212197273,1.2610536048747112,4.54,,0.87,1.34,0.395,0.156
2010-02-25,1.0458154460215503,1.213390948165447,4.515,,0.82,1.28,0.39,0.155
2010-02-26,1.0247537961082038,1.1877259918857486,4.495,,0.81,1.28,0.376,0.155
2010-03-01,1.0430014068847655,1.2402735469932842,4.535,,0.8,1.35,0.367,0.155
2010-03-02,1.0294662496046152,1.2313442051961847,4.54,,0.8,1.37,0.365,0.155
2010-03-03,1.071947885264941,1.3111096199007188,4.55,,0.82,1.46,0.385,0.155
2010-03-04,1.058625827564359,1.2963134725352436,4.53,,0.86,1.47,0.387,0.145
2010-03-05,1.0852605495858616,1.3636308082536515,4.555,,0.91,1.51,0.395,0.14
2010-03-08,1.0730176516175671,1.3671353459509574,4.68,,0.9,1.54,0.407,0.14
2010-03-09,1.0511781795409956,1.285648158031695,4.695,,0.89,1.52,0.405,0.14
2010-03-10,1.0765120803052957,1.2862514552933142,4.745,,0.92,1.53,0.459,0.14
2010-03-11,1.1040372075033138,1.312353326014639,4.84,,0.97,1.52,0.466,0.14
2010-03-12,1.1412232337883852,1.2882181050678292,4.825,,0.97,1.58,0.496,0.14
2010-03-15,1.1189829254640282,1.2782492465891824,4.845,,0.96,1.56,0.49,0.145
2010-03-16,1.1076894633670082,1.2760471678045464,4.81,,0.93,1.54,0.49,0.145
2010-03-17,1.0407365910074842,1.2915498028276704,4.825,,0.95,1.59,0.496,0.145
2010-03-18,1.072960757014453,1.3296905493822173,4.795,,0.98,1.55,0.48,0.145
2010-03-19,1.0848673333447865,1.3331135775729048,4.84,,1.02,1.64,0.497,0.145
2010-03-22,1.070457067815641,1.297309626826986,4.87,,1.01,1.61,0.476,
2010-03-23,1.0474185047586655,1.273335932401838,4.86,,1.02,1.63,0.483,0.146
2010-03-24,1.0693782015384594,1.2870873772187978,4.91,,1.08,1.69,0.476,0.146
2010-03-25,1.0682095933896187,1.2783237758137134,4.945,,1.1,1.69,0.491,0.152
2010-03-26,1.0859947599848532,1.2810903540949554,4.905,,1.04,1.69,0.484,0.157
2010-03-29,1.0618389307835463,1.2584483527704093,4.96,,1.04,1.71,0.48,0.162
2010-03-30,1.072229148495592,1.284577310591628,4.99,,1.06,1.73,0.479,0.162
2010-03-31,1.052205346378655,1.2462278832833023,4.955,,1.02,1.73,0.472,0.167
2010-04-01,1.0600457367244298,1.2601250517244216,4.915,,1.05,1.72,0.484,0.163
2010-04-02,,,,,1.11,,,0.163
2010-04-05,,,,,1.18,1.83,,0.163
2010-04-06,1.0779342318612513,1.3288826301168397,5.03,,1.14,1.85,0.496,0.159
2010-04-07,1.0647264178683935,1.3184993246084749,5.01,,1.06,1.78,0.526,0.159
2010-04-08,1.0341264639625392,1.2495203471831913,4.955,,1.09,1.85,0.502,0.155
2010-04-09,1.089685681272145,1.276174664533864,4.985,,1.08,1.84,0.538,0.155
2010-04-12,1.1060533487335733,1.2908284584206542,4.985,,1.07,1.86,0.554,0.155
2010-04-13,1.0674425222747732,1.2605551262186108,4.94,,1.07,1.9,0.542,0.16
2010-04-14,1.0609273578366811,1.2649993931727574,4.98,,1.07,1.93,0.521,0.16
2010-04-15,1.056532073355336,1.2743398375222361,5.01,,1.04,1.94,0.512,0.165
2010-04-16,1.017764634050193,1.232154121833743,4.97,,0.98,1.86,0.509,0.165
2010-04-19,1.000345663520423,1.2515791553634874,4.895,,1.01,1.83,0.497,0.16
2010-04-20,1.0281759171237796,1.268267977017235,4.965,,1.05,2.01,0.492,0.16
2010-04-21,1.0299177073214856,1.3088395910534834,5.045,,1.03,2.05,0.498,0.16
2010-04-22,1.0583355569179695,1.3403205810772534,5.025,,1.07,2.02,0.504,0.16
2010-04-23,1.0590752616289325,1.4031409468047702,4.99,,1.1,1.98,0.503,0.16
2010-04-26,1.0942932722671688,1.4052559455265086,,,1.09,1.98,0.496,0.165
2010-04-27,1.0818434706876778,1.3508050659028206,4.985,,1.03,1.91,0.501,0.162
2010-04-28,1.0839866339333493,1.3280827199789984,4.93,,1.03,1.97,0.449,0.16
2010-04-29,1.065499328479545,1.3397604402772816,4.96,,1.01,1.96,0.479,
2010-04-30,1.0114874126529525,1.2580121860369629,4.96,,0.97,1.9,0.478,0.16
2010-05-03,1.0202138921398358,,5.045,,1.0,1.88,0.475,
2010-05-04,0.9822672871531488,1.2284250033467021,5.0,,0.96,1.75,0.461,
2010-05-05,0.8623749489737376,1.2064234050739762,4.94,,0.88,1.72,0.429,
2010-05-06,0.8017168710298794,1.2164452775748,4.84,,0.75,1.76,0.392,0.16
2010-05-07,0.7411237578761241,1.232172051046807,4.715,,0.83,1.81,0.286,0.16
2010-05-10,0.8173862124323876,1.2782544726103808,4.86,,0.87,1.93,0.366,0.16
2010-05-11,0.826316461079752,1.2712518088094176,4.755,,0.85,1.96,0.352,0.16
2010-05-12,0.8146509675595959,1.1988084620231043,4.73,,0.89,2.01,0.343,0.155
2010-05-13,0.8149994325246701,1.1415517683555985,4.81,,0.87,1.94,,0.16
2010-05-14,0.7585432710872233,1.088367942091019,4.76,,0.79,1.82,0.304,0.16
2010-05-17,0.8190142702286023,1.0610153952951462,4.66,,0.81,1.87,0.305,0.16
2010-05-18,0.8752493858117021,1.0761647079646008,4.67,,0.76,1.78,0.32,0.165
2010-05-19,0.8605219815022913,1.0356232840424544,4.55,,0.8,1.75,0.282,0.165
2010-05-20,0.823527582688188,0.9927580677419177,4.53,,0.76,1.63,0.296,0.16
2010-05-21,0.8329076688256707,1.0131500185112714,4.47,,0.76,1.69,0.265,0.155
2010-05-24,0.8265452252062986,1.0286888062795467,4.47,,0.77,,,0.16
2010-05-25,0.8379967703195128,0.9755440063998617,4.345,,0.81,1.59,0.23,0.16
2010-05-26,0.8939709252638386,1.022188982966937,4.41,,0.82,1.62,0.241,0.16
2010-05-27,0.9339568432679386,1.0521692984746251,4.495,,0.87,1.78,0.273,0.16
2010-05-28,0.5774976198012052,1.0479657426023408,4.53,,0.76,1.72,0.284,0.16
2010-05-31,0.5660740246458493,,4.485,,,1.84,0.35,0.16
2010-06-01,0.5609460536667172,1.0646716289064246,4.455,,0.78,1.73,0.323,0.155
2010-06-02,0.5690801835975128,1.044218642284575,4.43,,0.82,1.76,0.352,0.155
2010-06-03,0.6017866605945734,1.0710170767170861,4.555,,0.82,1.76,0.345,0.15
2010-06-04,0.5804960317777108,1.0164677308107153,4.57,,0.72,1.62,0.362,0.145
2010-06-07,0.5908007123652737,0.9849105118167175,4.45,,0.74,1.63,0.321,0.145
2010-06-08,0.5796932975005862,0.9623182498320899,4.495,,0.74,1.67,0.318,0.145
2010-06-09,0.5626673356248979,0.994100099795739,4.515,,0.74,1.72,0.302,0.145
2010-06-10,0.5802606875744245,1.0496811764879386,4.585,,0.79,1.82,0.341,0.145
2010-06-11,0.545571693895941,0.9950512275993924,4.625,,0.75,1.78,0.346,0.15
2010-06-14,0.5700470138303131,1.09406140450449,,,0.77,1.81,0.351,0.155
2010-06-15,0.6048937441916222,1.0560356713246029,4.57,,0.79,1.83,0.342,0.155
2010-06-16,0.5952646911488579,1.0517777245138786,4.67,,0.75,1.77,0.359,0.155
2010-06-17,0.6177452932034289,1.041769530627284,4.62,,0.72,1.72,0.395,0.155
2010-06-18,0.6567241044581649,1.0805123045271758,4.65,,0.74,1.74,0.393,0.155
2010-06-21,0.7003969353219284,1.0562243306307413,4.745,,0.74,1.74,0.45,0.155
2010-06-22,0.6881577636941771,0.9824708117649831,4.69,,0.71,1.69,0.418,0.151
2010-06-23,0.6941932170339511,0.9731157595119106,4.62,,0.66,1.61,0.402,0.15
2010-06-24,0.6587237519966562,0.931956817506594,4.635,,0.67,1.57,0.39,0.15
2010-06-25,0.6890579211137156,0.9325281721181308,4.565,,0.65,1.55,0.378,0.15
2010-06-28,0.6910238738456693,0.9511971575200724,4.525,,0.62,1.5,0.397,0.15
2010-06-29,0.6545374802051667,0.9864213571093841,4.47,,0.61,1.38,0.347,0.145
2010-06-30,0.6931339475492422,0.9362412497366127,4.44,,0.61,1.39,0.347,0.145
2010-07-01,0.7272795680542454,0.9457292216752832,4.415,,0.63,,0.361,0.14
2010-07-02,0.726503118335402,0.9769262667290453,4.43,,0.63,1.43,0.338,0.14
2010-07-05,0.6892848187245066,0.9355511982659577,4.43,,,1.41,0.338,0.14
2010-07-06,0.7264110406789157,0.9402391523989042,4.43,,0.62,1.42,0.343,0.14
2010-07-07,0.7076872105954382,0.9585897704541486,4.42,,0.63,1.49,0.353,0.14
2010-07-08,0.7747291998088117,0.9637306941964802,4.545,,0.63,1.5,0.358,0.14
2010-07-09,0.8006564898064337,0.9282733838555718,4.53,,0.63,1.71,0.357,0.14
2010-07-12,0.7611721351590837,0.936406033017221,4.51,,0.65,1.68,0.362,0.14
2010-07-13,0.7662556534490175,0.9669316379411751,4.475,,0.67,1.72,0.34,0.145
2010-07-14,0.8180246701319913,0.9886215452371737,4.565,,0.62,1.71,0.378,0.145
2010-07-15,0.846244907235477,0.9745516924845107,4.51,,0.61,1.66,0.387,0.145
2010-07-16,0.8365375803303128,0.9538734688514424,4.54,,0.61,1.56,0.379,0.14
2010-07-19,0.8918873497899447,0.9771360670998088,4.525,,0.61,1.52,0.362,
2010-07-20,0.8424413777234694,0.9901942845349889,4.635,,0.61,1.58,0.365,0.145
2010-07-21,0.8028954740758181,0.9949034118135858,4.62,,0.58,1.52,0.362,0.145
2010-07-22,0.790024387302888,0.9988380801527464,4.62,,0.6,1.55,0.354,0.144
2010-07-23,0.8082109123099253,1.0760384415150397,4.68,,0.6,1.59,0.39,0.144
2010-07-26,0.8589280429305566,1.1102871030230113,4.705,,0.62,1.6,0.401,0.145
2010-07-27,0.9293910477012872,1.1516157663991973,4.715,,0.65,1.64,0.433,0.145
2010-07-28,0.8984183266140255,1.117788105885986,4.615,,0.61,1.6,0.436,0.145
2010-07-29,0.9052170980767228,1.0542532229025765,4.64,,0.59,1.53,0.414,0.145
2010-07-30,0.8718460158303822,0.9920984360690868,4.565,,0.55,1.46,0.407,0.145
2010-08-02,0.8920488239601094,1.0171253595515672,,,0.56,,0.418,0.145
2010-08-03,0.8165024050176861,0.9919612541848039,4.565,,0.53,1.44,0.436,0.145
2010-08-04,0.816198168857514,1.009580987053986,4.565,,0.56,1.54,0.403,0.14
2010-08-05,0.8232689495354306,0.9938296132776021,4.595,,0.53,1.52,0.413,0.14
2010-08-06,0.8255562108902437,0.9791577722267951,4.61,,0.5,1.44,0.402,0.14
2010-08-09,0.7989643361021372,0.9910092219325521,4.595,,0.54,1.45,0.388,0.14
2010-08-10,0.7921923376357269,0.9786761933072785,4.59,,0.52,1.44,0.368,0.136
2010-08-11,0.7055474055572986,0.9103443483314989,4.53,,0.54,1.34,0.345,0.136
2010-08-12,0.6808865902311803,0.8934967458578501,4.505,,0.55,1.36,0.348,0.136
2010-08-13,0.680176235984082,0.9107433182941496,4.54,,0.54,1.37,0.378,0.131
2010-08-16,0.6618383356500919,0.8581720265522019,4.5,,0.51,1.35,0.372,0.135
2010-08-17,0.6862256088818275,0.8747815285363691,4.48,,0.52,1.39,0.361,0.13
2010-08-18,0.6650712172844644,0.8554036998022317,4.465,,0.51,1.39,0.366,0.12
2010-08-19,0.6629964114659244,0.8296746682478738,4.44,,0.49,1.37,0.352,0.115
2010-08-20,0.6351193303345752,0.8020533051927133,4.425,,0.49,1.3,0.367,0.114
2010-08-23,0.6424503742430945,0.7984785821200215,4.44,,0.49,1.25,0.354,0.114
2010-08-24,0.5816196474586919,0.7383966405305138,4.38,,0.5,1.2,0.351,0.119
2010-08-25,0.6074341108383785,0.7568244439029448,4.305,,0.53,1.23,0.329,0.125
2010-08-26,0.6311078119585909,0.7741945286403181,4.32,,0.51,1.24,0.347,0.121
2010-08-27,0.6368475375822524,0.7893359743631145,4.325,,0.56,1.3,0.361,0.129
2010-08-30,0.6167223353350599,,4.35,,0.5,1.25,0.375,0.129
2010-08-31,0.6238669481373098,0.7706974731130793,4.245,,0.47,1.21,0.416,0.119
2010-09-01,0.6478878017547554,0.8269867224438238,4.33,,0.5,1.26,0.378,0.119
2010-09-02,0.6437164800549824,0.8535274601179894,4.35,,0.5,1.28,0.398,0.124
2010-09-03,0.6744914024483162,0.8616932850533534,4.38,,0.52,1.37,0.407,0.129
2010-09-06,0.6686786481742517,0.8392781428429754,4.495,,,,0.455,0.149
2010-09-07,0.6219829552948553,0.7928428175973425,4.465,,0.49,1.27,0.441,0.139
2010-09-08,0.6723399802390451,0.8139433494484292,4.44,,0.52,1.41,0.39,0.134
2010-09-09,0.720436578453197,0.8446777154901107,4.565,,0.57,1.47,0.462,0.134
2010-09-10,0.7554651844057481,0.9071263707040811,4.585,,0.58,1.46,0.48,0.144
2010-09-13,0.7803908617217679,0.8957553434824886,4.68,,0.53,1.45,0.511,0.14
2010-09-14,0.7604303493657558,0.836027752918794,4.65,,0.5,1.46,0.516,0.14
2010-09-15,0.7922779204288712,0.8476502000816609,4.685,,0.5,1.49,0.561,0.13
2010-09-16,0.8570688323569902,0.884889208833383,4.66,,0.48,1.51,0.559,0.125
2010-09-17,0.8189263665105146,0.8759038319277916,4.75,,0.48,1.47,0.499,0.125
2010-09-20,0.8468793124856098,0.8986145429644907,4.815,,0.47,1.5,0.493,
2010-09-21,0.8508820661617238,0.8718256001926891,4.84,,0.43,1.45,0.479,0.126
2010-09-22,0.821946784599797,0.7964958962340437,4.845,,0.44,1.41,0.466,0.126
2010-09-23,0.759001778971198,0.7784910698660432,4.845,,0.45,1.41,0.472,
2010-09-24,0.7742141581724353,0.8405321002132362,4.81,,0.45,1.47,0.477,0.131
2010-09-27,0.7732356899317783,0.7989776818746447,4.88,,0.44,1.42,0.448,0.137
2010-09-28,0.7802909817425077,0.7914183895965647,4.825,,0.37,1.39,0.448,0.134
2010-09-29,0.837414674176352,0.7688912882761202,4.845,,0.44,1.39,0.445,0.135
2010-09-30,0.8993213420614998,0.7867177437386229,4.77,,0.42,1.36,0.462,0.132
2010-10-01,0.9292960561209652,0.790633764081309,4.835,,0.42,1.37,0.484,0.128
2010-10-04,0.8756241975951959,0.7661330027943989,,,0.41,1.36,0.456,0.126
2010-10-05,0.8646727400838192,0.8000994204851969,4.705,,0.41,1.36,0.461,0.113
2010-10-06,0.835726863515837,0.7586727992032956,4.78,,0.38,1.35,0.473,0.113
2010-10-07,0.855028381358661,0.7844994252075964,4.925,,0.36,1.33,0.469,0.119
2010-10-08,0.8619759866010623,0.747505861861459,4.865,,0.35,1.31,0.467,0.119
2010-10-11,0.843770051186733,0.7645388350703881,4.855,,,,0.44,
2010-10-12,0.8154666322674067,0.7515450658746227,4.805,,0.37,1.34,0.465,0.12
2010-10-13,0.8262047280419162,0.7665328908295224,4.805,,0.37,1.39,0.46,0.125
2010-10-14,0.8375186700826469,0.7653811552332183,4.795,,0.38,1.4,0.46,0.12
2010-10-15,0.8579904358470165,0.796204640860031,4.84,,0.37,1.4,0.463,0.125
2010-10-18,0.9305297874700424,0.7859392194151674,4.87,,0.38,1.41,0.46,0.125
2010-10-19,0.9589729056487328,0.7720262007923585,4.89,,0.37,1.34,0.476,0.13
2010-10-20,0.9968416346883412,0.7249410622508201,4.855,,0.35,1.37,0.481,0.13
2010-10-21,1.0204166624127613,0.6978729271341153,4.87,,0.37,1.39,0.458,0.13
2010-10-22,1.0510683359087292,0.7398097164117826,4.9,,0.35,1.39,0.452,0.136
2010-10-25,1.0265555468420535,0.7491385637303042,4.97,,0.37,1.39,0.492,0.136
2010-10-26,1.080951325735253,0.8436869971617447,4.95,,0.4,1.42,0.543,0.136
2010-10-27,1.100520274054166,0.8551841303189652,4.85,,0.4,1.45,0.515,0.137
2010-10-28,1.088469481754902,0.8630746576286565,4.855,,0.37,1.43,0.516,0.132
2010-10-29,1.0622926331387073,0.8191575779537072,4.845,,0.34,1.41,0.514,0.137
2010-11-01,1.060206738224588,0.8179706236574034,4.87,,0.34,1.41,0.523,0.138
2010-11-02,1.0598566352112373,0.8187696709334298,4.985,,0.34,1.42,0.503,0.138
2010-11-03,1.0392865482834193,0.8054935439946566,4.975,,0.34,1.42,0.48,
2010-11-04,1.0279130334090183,0.7759474853492222,5.005,,0.33,1.41,0.498,0.135
2010-11-05,0.9984822307343464,0.7901496333814504,5.035,,0.38,1.47,0.475,0.135
2010-11-08,1.000930788276455,0.8224036439329504,5.08,,0.41,1.52,0.46,0.139
2010-11-09,0.9992374781512184,0.8482234865538232,5.06,,0.46,1.6,0.45,0.139
2010-11-10,1.006728868976064,0.9234138456967843,5.095,,0.44,1.57,0.465,0.139
2010-11-11,0.9901973248293948,0.9393261680057319,5.065,,,,0.477,0.14
2010-11-12,1.0379072207373985,0.9787736055497197,5.05,,0.51,1.58,0.483,0.149
2010-11-15,1.0790308076406383,1.002389085068325,5.09,,0.53,1.62,0.465,0.15
2010-11-16,1.0644043532270593,1.0096146693434185,5.065,,0.51,1.57,0.464,0.145
2010-11-17,1.068007708591178,0.9824704037846006,5.065,,0.5,1.58,0.477,0.151
2010-11-18,1.1001675990073183,1.0294193646112193,5.11,,0.52,1.63,0.489,0.161
2010-11-19,1.1173002044429452,1.002744335341076,5.11,,0.52,1.64,0.482,0.156
2010-11-22,1.072033001742664,0.9567170657082148,5.14,,0.49,1.6,0.482,0.161
2010-11-23,0.9892369889822205,0.8907221976195154,5.085,,0.45,1.66,0.45,
2010-11-24,0.999629446370606,0.9289313848087757,5.085,,0.53,1.74,0.462,0.162
2010-11-25,1.0184900423827474,0.9514774674931826,5.125,,,1.73,0.479,0.169
2010-11-26,1.0162773168834516,0.9433153672413209,5.07,,0.51,1.67,0.461,0.189
2010-11-29,0.9992761574148794,0.9251885378525692,5.035,,0.52,1.66,0.441,0.196
2010-11-30,0.9853636444557368,0.8491207482938506,4.98,,0.45,1.62,0.463,0.188
2010-12-01,0.9962801845186664,0.9245017593365794,4.905,,0.53,1.67,0.458,0.179
2010-12-02,0.954148561089041,0.953047773930783,4.895,,0.55,1.68,0.467,0.182
2010-12-03,0.9602289338198332,0.955956007188274,4.955,,0.49,1.63,0.463,0.184
2010-12-06,0.9119056285552134,0.9367212831756432,4.91,,0.42,1.56,0.468,0.174
2010-12-07,0.938903995308184,0.975847861880077,4.915,,0.54,1.62,0.431,0.179
2010-12-08,1.0071608330017665,1.0543153916426207,5.005,,0.63,1.68,0.461,0.208
2010-12-09,1.059150684253269,1.0214369197940265,5.105,,0.64,1.67,0.495,0.224
2010-12-10,1.0841755027803848,1.0444340472685865,5.07,,0.64,1.72,0.464,0.219
2010-12-13,1.0965954990989129,1.1016524906447034,5.18,,0.61,1.66,0.497,0.235
2010-12-14,1.0860566056230647,1.1478435412392523,5.14,,0.66,1.72,0.485,0.23
2010-12-15,1.0921314166216656,1.1471146493314532,5.145,,0.68,1.72,0.543,0.225
2010-12-16,1.1113209385406708,1.162719267246167,5.15,,0.66,1.68,0.519,0.215
2010-12-17,1.1012216243753443,1.132054152100269,5.12,,0.61,1.63,0.576,0.2
2010-12-20,1.0758047302195122,1.0931466325683663,5.085,,0.62,1.63,0.511,0.201
2010-12-21,1.0873115688045631,1.1260394827576787,5.13,,0.63,1.62,0.502,0.206
2010-12-22,1.022103316486249,1.146721492760951,5.17,,0.65,1.66,0.482,0.214
2010-12-23,0.98780528107608,1.1449715337831243,5.205,,0.67,1.69,0.488,
2010-12-24,0.9853774754330388,1.1600856066682506,5.205,,,1.69,,0.214
2010-12-27,1.0068919546740085,,,,0.71,,0.505,0.204
2010-12-28,0.9385299180330892,,,,0.75,,0.484,0.197
2010-12-29,0.9540148573541424,1.1799840889790372,5.22,,0.64,1.69,0.488,0.192
2010-12-30,0.932226222150604,1.0993758996883414,5.155,,0.66,1.71,0.448,0.167
2010-12-31,0.9286900958709948,1.0311694350221434,5.11,,0.61,1.67,,
2011-01-03,0.9023597218375276,,,,0.61,,0.47,
2011-01-04,0.9155394309418649,1.0862059825734842,5.1,,0.63,1.7,0.487,0.173
2011-01-05,0.9485338373372728,1.134551776014981,5.03,,0.71,1.76,0.492,0.168
2011-01-06,0.9810233793605811,1.125547659813227,5.04,,0.68,1.74,0.52,0.178
2011-01-07,0.9550413257360512,1.1377127820204322,5.03,,0.6,1.71,0.518,0.173
2011-01-10,0.9472239154310148,1.1841177428397176,4.985,,0.59,1.7,0.499,
2011-01-11,0.945509807401264,1.238746583939453,4.84,,0.6,1.73,0.507,0.165
2011-01-12,1.0277471069025472,1.2968551075698305,4.89,,0.61,1.75,0.518,0.17
2011-01-13,1.1240949679981938,1.254113571132397,4.995,,0.59,1.77,0.533,0.179
2011-01-14,1.1819352031737338,1.2720336865829642,4.98,,0.59,1.79,0.573,0.185
2011-01-17,1.1910427315754808,1.2775601415213131,4.985,,,1.79,0.572,0.19
2011-01-18,1.25445925501167,1.3085164132643459,4.97,,0.6,1.76,0.588,0.195
2011-01-19,1.2211322905810684,1.241077952216222,5.035,,0.6,1.68,0.572,0.196
2011-01-20,1.314482754212425,1.2847474605326565,4.985,,0.65,1.71,0.554,0.185
2011-01-21,1.3586012379190362,1.2808547368074388,5.04,,0.63,1.72,0.583,0.186
2011-01-24,1.3506951299256904,1.2545109931791176,5.04,,0.65,1.72,0.617,0.197
2011-01-25,1.3457308198063076,1.1328879904364104,4.96,,0.62,1.67,0.583,0.202
2011-01-26,1.388238571191843,1.2058853476261502,,,0.62,1.67,0.593,0.202
2011-01-27,1.4060806704959743,1.219109134341427,4.925,,0.59,1.72,0.595,0.195
2011-01-28,1.5021814735566863,1.2118167972366567,4.88,,0.54,1.67,0.613,0.195
2011-01-31,1.4815746164577306,1.2356955930760853,4.885,,0.58,1.67,0.605,0.195
2011-02-01,1.4796454720798158,1.3307973061490994,4.91,,0.61,1.71,0.633,0.195
2011-02-02,1.4928003052072931,1.4204033562590572,4.915,,0.67,1.74,0.647,0.195
2011-02-03,1.4564847536419654,1.371797484361128,4.975,,0.71,1.77,0.626,0.2
2011-02-04,1.480573595793527,1.4515625035129254,5.095,,0.77,1.84,0.616,0.208
2011-02-07,1.4749775450134026,1.4819924412641914,5.155,,0.78,1.83,0.611,0.213
2011-02-08,1.502813546218753,1.4634197194652971,5.16,,0.86,1.88,0.611,0.222
2011-02-09,1.5267497424919432,1.4945222506243219,5.17,,0.81,1.87,0.631,0.238
2011-02-10,1.542959013332596,1.4873864052139318,5.125,,0.85,1.87,0.618,0.238
2011-02-11,1.5033275816061344,1.4762772066032517,5.075,,0.85,1.9,0.601,
2011-02-14,1.5125437595682367,1.4561083616607844,5.09,,0.87,1.92,0.584,0.23
2011-02-15,1.5223838715579885,1.4883257320477765,5.085,,0.84,1.92,0.62,0.23
2011-02-16,1.4828638305583453,1.456188533042719,5.085,,0.86,1.94,0.627,0.245
2011-02-17,1.445935618564536,1.4134751358153237,5.07,,0.8,1.9,0.624,0.236
2011-02-18,1.4850045025897576,1.4837111139193297,5.045,,0.78,1.88,0.605,0.226
2011-02-21,1.48575231477966,1.4439631855252726,5.045,,,,0.617,0.232
2011-02-22,1.5296359469292395,1.446305126362099,4.975,,0.74,1.79,0.594,0.222
2011-02-23,1.5382565152116303,1.4753923047274295,4.965,,0.74,1.79,0.613,0.222
2011-02-24,1.5152105856262288,1.4202973023066727,5.015,,0.73,1.8,0.631,0.231
2011-02-25,1.5319145335135134,1.3652136687184195,4.975,,0.72,1.78,0.63,0.235
2011-02-28,1.5279470555864516,1.3673428554138336,4.94,,0.69,1.84,0.621,0.237
2011-03-01,1.544762114534315,1.3776226874179596,4.96,,0.66,1.79,0.625,0.238
2011-03-02,1.5343903169307236,1.3733331105570172,4.93,,0.69,1.82,0.61,0.228
2011-03-03,1.7237760780702396,1.4323635691374452,4.96,,0.79,1.88,0.634,0.229
2011-03-04,1.7378690823633345,1.3914408224094312,5.01,,0.68,1.84,0.659,0.229
2011-03-07,1.7486467879978391,1.3687875918346923,4.96,,0.7,1.85,0.668,0.221
2011-03-08,1.720362764872995,1.382632527402922,4.965,,0.73,1.88,0.66,0.222
2011-03-09,1.7214230346008823,1.3898166434425572,4.965,,0.7,1.84,0.698,0.227
2011-03-10,1.6884689047611987,1.3319328006177307,4.91,,0.65,1.78,0.693,0.228
2011-03-11,1.6542024807274331,1.2792108453894417,4.89,,0.64,1.74,0.652,0.214
2011-03-14,1.6406249201723089,1.22829704212287,4.825,,0.61,1.67,0.669,0.175
2011-03-15,1.5537466266774604,1.2072025786650697,4.715,,0.63,1.62,0.57,0.215
2011-03-16,1.518872742316954,1.1714407854859419,4.76,,0.58,1.53,0.58,0.225
2011-03-17,1.5734863257239318,1.255210649330278,4.715,,0.6,1.61,0.56,0.225
2011-03-18,1.6115645061802302,1.2093847639101056,4.78,,0.61,1.6,0.565,0.21
2011-03-21,1.7012925191721755,1.2497021673857072,4.835,,0.67,1.68,0.623,
2011-03-22,1.704393559407935,1.3271042346320425,4.83,,0.68,1.67,0.643,0.211
2011-03-23,1.6866731477576506,1.3138536008197221,4.84,,0.69,1.68,0.687,0.216
2011-03-24,1.6930454984131995,1.3023107736637842,4.815,,0.72,1.71,0.685,0.209
2011-03-25,1.7190619253468475,1.3123214591632768,4.845,,0.79,1.74,0.681,0.2
2011-03-28,1.7549238407854095,1.3172453265821664,4.91,,0.81,1.75,0.715,0.206
2011-03-29,1.7603796120392206,1.3364745440125951,4.895,,0.81,1.79,0.722,0.207
2011-03-30,1.7704255172825571,1.366685549271688,4.93,,0.8,1.77,0.706,0.202
2011-03-31,1.7909984054775985,1.3904979570582368,4.9,,0.8,1.82,0.702,0.208
2011-04-01,1.8303352438779108,1.4366984095236497,4.94,,0.8,1.83,0.732,0.205
2011-04-04,1.8200142088601232,1.4260565771606462,4.93,,0.77,1.81,0.74,0.206
2011-04-05,1.8129744862753483,1.4866252908957498,4.885,,0.84,1.86,0.78,0.207
2011-04-06,1.8372293633540744,1.4542602298962621,4.91,,0.85,1.88,0.814,0.206
2011-04-07,1.848074018777877,1.4307175961087923,4.995,,0.81,1.88,0.818,0.202
2011-04-08,1.9221017259477795,1.4580705506688711,5.035,,0.83,1.9,0.801,0.199
2011-04-11,1.917167695222388,1.45267732614245,5.055,,0.85,1.93,0.849,0.199
2011-04-12,1.8672389152106503,1.3008281088436235,5.005,,0.77,1.86,0.842,0.195
2011-04-13,1.8960698561975864,1.3166723095798794,5.03,,0.75,1.82,0.829,0.199
2011-04-14,1.8624526531125964,1.297733901805294,5.025,,0.77,1.82,0.819,0.2
2011-04-15,1.8780602156443704,1.257307516942409,5.01,,0.71,1.75,0.829,0.205
2011-04-18,1.8075061579974276,1.195310411085995,5.005,,0.69,1.69,0.792,0.2
2011-04-19,1.847987936017556,1.2133153805283798,4.905,,0.68,1.77,0.77,0.201
2011-04-20,1.85991202772538,1.2203806580239398,4.95,,0.69,1.8,0.778,0.201
2011-04-21,1.8248931053880115,1.2003541517713925,4.955,,0.68,1.8,0.755,0.201
2011-04-22,,,,,,,,0.201
2011-04-25,,,,,0.67,1.78,,0.206
2011-04-26,1.8115302169793708,1.1621498217258004,,,0.65,1.74,0.752,0.2
2011-04-27,1.850832725296784,1.2553219609834556,4.97,,0.65,1.78,0.764,0.197
2011-04-28,1.84365284569326,1.179016131568157,4.97,,0.62,1.73,0.756,0.189
2011-04-29,1.8588673879858315,,4.955,,0.61,1.7,0.758,
2011-05-02,1.8711125329630804,,4.975,,0.61,1.7,0.779,0.186
2011-05-03,1.88725073290046,1.09498361282122,4.94,,0.61,1.7,0.739,
2011-05-04,1.966887951411034,1.085573252265737,4.97,,0.6,1.68,0.738,
2011-05-05,1.8398074510161595,1.0961156373108154,4.93,,0.58,1.66,0.737,
2011-05-06,1.827166409126098,1.0934968946776948,5.035,,0.57,1.67,0.697,0.179
2011-05-09,1.7788639513083009,1.0693017661968345,5.06,,0.57,1.66,0.667,0.184
2011-05-10,1.779040234557293,1.0985595132466892,5.01,,0.59,1.72,0.653,0.184
2011-05-11,1.7879269231868649,1.1593729572979463,5.05,,0.56,1.7,0.639,0.185
2011-05-12,1.7494716364744105,1.101249048992201,4.955,,0.57,1.7,0.592,0.18
2011-05-13,1.769183957527665,1.091753301281123,4.955,,0.57,1.69,0.605,0.18
2011-05-16,1.7920365434851433,1.0939559290862568,4.94,,0.54,1.66,0.623,0.18
2011-05-17,1.7846151851709655,1.0873875624344487,4.97,,0.55,1.64,0.635,0.18
2011-05-18,1.7902570280080885,1.1112758410303047,4.915,,0.58,1.68,0.624,0.18
2011-05-19,1.8366529077135112,1.1143617332288234,4.935,,0.55,1.69,0.642,0.18
2011-05-20,1.777187524497822,1.0850338158283364,4.925,,0.55,1.61,0.648,0.18
2011-05-23,1.7270333056284053,1.0415239794009101,4.845,,0.55,,0.588,0.18
2011-05-24,1.7352979229567742,1.0516300620267844,4.85,,0.56,1.6,0.608,0.18
2011-05-25,1.6818058249048633,1.0337940599179358,4.835,,0.54,1.59,0.604,0.175
2011-05-26,1.6616691507598793,1.033980627185438,4.885,,0.48,1.53,0.594,0.181
2011-05-27,1.6279755964783549,1.0347157998938747,4.855,,0.48,1.51,0.587,0.18
2011-05-30,1.6318658483846729,,4.8,,,1.5,0.574,0.175
2011-05-31,1.6715277336245942,1.0498093518689806,4.795,,0.45,1.54,0.588,0.175
2011-06-01,1.6553804903256706,1.007592163585133,4.89,,0.44,1.45,0.595,0.17
2011-06-02,1.66127499247834,0.9909961194282799,4.86,,0.45,1.48,,0.16
2011-06-03,1.6740538747769471,1.0107819624750618,4.87,,0.42,1.44,0.563,0.155
2011-06-06,1.7076123264017284,1.0094187001237613,4.88,,0.43,1.43,0.544,0.16
2011-06-07,1.7391058893625728,1.029393222074314,4.835,,0.39,1.45,0.543,0.17
2011-06-08,1.7241839613247514,0.9908405573170661,4.855,,0.39,1.43,0.535,0.17
2011-06-09,1.672534279254529,0.9843241961725689,4.785,,0.43,1.44,0.519,0.17
2011-06-10,1.635468308375538,0.9362012854094425,4.76,,0.41,1.44,0.472,0.17
2011-06-13,1.6174726452908947,0.9697772314672295,,,0.4,1.46,,0.17
2011-06-14,1.6539556503608313,0.9763565972429035,4.775,,0.45,1.51,0.461,0.17
2011-06-15,1.6235764682657068,0.9328162764762137,4.825,,0.38,1.41,0.461,0.18
2011-06-16,1.5594926841211512,0.8801205527993082,4.685,,0.38,1.37,0.433,0.175
2011-06-17,1.593208456737111,0.9053016644771097,4.7,,0.38,1.49,0.411,0.17
2011-06-20,1.6101553540896971,0.9171913974110145,4.665,,0.38,1.51,0.404,0.17
2011-06-21,1.6073466623874677,0.9342339707841872,4.665,,0.4,1.52,0.424,0.17
2011-06-22,1.5896738466620643,0.8855980637458339,4.7,,0.39,1.51,0.423,0.16
2011-06-23,1.486159885085634,0.8426015978156228,4.675,,0.35,1.45,0.409,0.155
2011-06-24,1.4863638632051803,0.8349499992271514,4.66,,0.35,1.39,0.398,0.155
2011-06-27,1.4883666904766275,0.8683480704607959,4.53,,0.41,1.4,0.374,0.155
2011-06-28,1.570028462839714,0.9255447487171652,4.58,,0.48,1.45,0.392,0.157
2011-06-29,1.6035915186665275,0.9558191968991757,4.69,,0.47,1.56,0.349,0.162
2011-06-30,1.6536397986912832,0.980569224320949,4.735,,0.45,1.59,0.347,0.167
2011-07-01,1.704345863917965,0.9926632134272328,4.815,,0.5,,0.421,0.163
2011-07-04,1.7166663225214196,0.9807483486861325,4.75,,,1.59,0.423,0.16
2011-07-05,1.7096076770038102,0.965067036183375,4.7,,0.44,1.57,0.348,0.16
2011-07-06,1.6483062641979545,0.9155158873962738,4.7,,0.43,1.54,0.336,0.16
2011-07-07,1.671505400082383,0.9369701472902028,4.685,,0.49,1.58,0.346,0.16
2011-07-08,1.5821329857571402,0.8805897790491659,4.7,,0.4,1.51,0.341,0.16
2011-07-11,1.465165436920005,0.8266600040560753,4.57,,0.37,1.42,0.293,0.155
2011-07-12,1.448153780328181,0.8210400006259115,4.41,,0.37,1.45,0.243,0.155
2011-07-13,1.4015933173290942,0.8507339020889045,4.45,,0.37,1.45,0.214,0.155
2011-07-14,1.4125732322731324,0.8479916458407147,4.41,,0.38,1.46,0.225,0.15
2011-07-15,1.3477030886893682,0.8320950644620007,4.33,,0.37,1.41,0.234,0.15
2011-07-18,1.331866243207807,0.8268815115346798,4.275,,0.37,1.39,0.2,
2011-07-19,1.374186574067431,0.8424107762492162,4.29,,0.39,1.48,0.238,0.15
2011-07-20,1.3927849898440503,0.8583896035057388,4.365,,0.4,1.52,0.245,0.15
2011-07-21,1.503713095987106,0.9007666993396574,4.37,,0.4,1.55,0.251,0.161
2011-07-22,1.482426589640711,0.855768111269365,4.415,,0.4,1.5,0.292,0.161
2011-07-25,1.4697954389499743,0.8279185377203884,4.34,,0.42,1.5,0.264,0.161
2011-07-26,1.4583741711818206,0.8469073071402473,4.375,,0.41,1.48,0.286,0.161
2011-07-27,1.376122724447802,0.8139168061488878,4.49,,0.44,1.47,0.236,0.161
2011-07-28,1.3707509460407332,0.7934583360379097,4.485,,0.42,1.48,0.234,0.155
2011-07-29,1.3197972515383596,0.7460355060603828,4.385,,0.36,1.39,0.218,0.155
2011-08-01,1.297536210307116,0.7273794891458423,,,0.38,,,0.155
2011-08-02,1.2436368050795965,0.7192581513558713,4.265,,0.33,1.25,0.166,0.15
2011-08-03,1.2363827641025031,0.7211396407305736,4.075,,0.33,1.25,0.124,0.147
2011-08-04,1.14870522258095,0.690622987248695,4.18,,0.27,1.02,0.118,0.147
2011-08-05,1.0212401908472144,0.6596766181980382,3.665,,0.28,1.08,0.095,0.137
2011-08-08,0.9300490317071852,0.6468169922905502,3.765,,0.27,0.8,0.057,0.135
2011-08-09,0.9200394797784064,0.6849866287418093,3.715,,0.19,0.82,0.129,0.135
2011-08-10,0.7705422678752025,0.575743311183231,3.81,,0.19,0.86,0.042,0.135
2011-08-11,0.7755912258202056,0.61944434916501,3.68,,0.19,0.92,0.075,0.14
2011-08-12,0.8520739501072265,0.6703368299691059,3.67,,0.2,0.93,0.052,0.145
2011-08-15,0.8829993482773735,0.6940289456544881,3.795,,0.19,1.01,0.115,0.15
2011-08-16,0.8800989945518662,0.6943096448544214,3.75,,0.2,0.99,0.075,0.145
2011-08-17,0.8746762741931968,0.6377497176454775,3.75,,0.19,0.96,0.07,0.145
2011-08-18,0.708004347713399,0.5926909911287186,3.64,,0.2,0.86,0.075,0.145
2011-08-19,0.7945711859656006,0.631260012285329,3.54,,0.2,0.87,0.066,0.14
2011-08-22,0.8280856132493726,0.6311429408805969,3.575,,0.22,0.87,0.091,0.129
2011-08-23,0.7910065787250684,0.63815904796518,3.72,,0.22,0.95,0.107,0.129
2011-08-24,0.8580940853160381,0.6734206844621213,3.655,,0.23,1.0,0.081,0.129
2011-08-25,0.8251646885571404,0.6530230343162802,3.745,,0.22,0.99,0.082,0.135
2011-08-26,0.7669905659288756,0.6915283575512318,3.765,,0.2,1.0,0.057,0.134
2011-08-29,0.9099913662558912,,3.805,,0.2,1.06,0.112,0.134
2011-08-30,0.815388252313858,0.6543062171783346,3.79,,0.2,1.03,0.044,0.141
2011-08-31,0.8594407727240168,0.7082356426684027,3.745,,0.2,1.08,0.155,0.136
2011-09-01,0.854494823411678,0.6498160557943404,3.82,,0.19,1.0,0.061,0.142
2011-09-02,0.7362420187231538,0.6344879373736252,3.775,,0.2,0.95,0.094,0.142
2011-09-05,0.6584679220285281,0.5899711647549358,3.625,,,,0.083,0.142
2011-09-06,0.6634122803768139,0.6304789457848435,3.6,,0.21,0.86,0.145,0.137
2011-09-07,0.6765648323743052,0.6366555585250527,3.75,,0.21,0.91,0.096,0.138
2011-09-08,0.6130942044361072,0.6323287988635505,3.64,,0.19,0.89,0.056,0.138
2011-09-09,0.5577893802855027,0.5849593992140676,3.675,,0.17,0.78,0.085,0.138
2011-09-12,0.5873322641040406,0.5667193528021774,3.49,,0.21,0.87,0.068,0.139
2011-09-13,0.6761421556307141,0.5846260753299215,3.515,,0.21,0.94,0.061,0.139
2011-09-14,0.7212099341057328,0.6025961752710475,3.425,,0.19,0.93,0.073,0.135
2011-09-15,0.8289232484643849,0.6001746496690268,3.505,,0.21,1.01,0.058,0.135
2011-09-16,0.7517730710429193,0.5831288440429849,3.635,,0.18,1.03,0.071,0.135
2011-09-19,0.6608027648407,0.5739972604263117,3.53,,0.16,0.93,0.061,
2011-09-20,0.6610356307582927,0.5785086707268462,3.53,,0.18,0.94,0.042,0.13
2011-09-21,0.6681877502882847,0.5794500962845422,3.59,,0.21,0.91,0.046,0.13
2011-09-22,0.6556422866712757,0.5964746415464754,3.485,,0.2,0.83,0.099,0.125
2011-09-23,0.6219613545512498,0.6082130973928284,3.47,,0.23,0.86,0.088,
2011-09-26,0.6286600130152616,0.6344810733712632,3.435,,0.25,0.93,0.069,0.12
2011-09-27,0.7781274225421048,0.6509633802506292,3.595,,0.25,0.95,0.084,0.126
2011-09-28,0.7826625792982571,0.6455850523190184,3.66,,0.27,0.92,0.072,0.126
2011-09-29,0.7859982743407885,0.6558328503005397,3.64,,0.27,0.92,0.094,0.132
2011-09-30,0.7458998687388385,0.6345292034340749,3.625,,0.25,0.88,0.055,0.137
2011-10-03,0.7144812796552028,0.6174960846753046,,,0.24,0.84,0.012,0.139
2011-10-04,0.6586477916383147,0.6288766839209832,3.41,,0.25,0.88,0.024,0.136
2011-10-05,0.7308238350207672,0.643333777913066,3.455,,0.25,0.9,0.055,0.136
2011-10-06,0.7818015318810915,0.6845600168460302,3.545,,0.29,0.94,0.047,0.137
2011-10-07,0.8196152225820095,0.683996224031142,3.61,,0.3,0.97,0.049,0.137
2011-10-10,0.8477528979948554,0.7025848256697769,3.675,,,,0.054,
2011-10-11,0.8423279560106921,0.705408448663037,3.73,,0.32,0.99,0.067,0.139
2011-10-12,0.8876465509365947,0.7205611524335246,3.7,,0.29,1.02,0.028,0.139
2011-10-13,0.8470781576604779,0.6678464685690582,3.875,,0.29,0.98,0.037,0.139
2011-10-14,0.8809419701125075,0.6808558680235604,3.815,,0.28,1.06,0.053,0.135
2011-10-17,0.8070155812369069,0.6677427241845755,3.93,,0.28,0.99,0.045,0.135
2011-10-18,0.838507746834629,0.6484701422095539,3.835,,0.28,1.01,0.075,0.145
2011-10-19,0.86405000222838,0.6647114716205301,3.845,,0.28,1.04,0.039,0.145
2011-10-20,0.9227476564864744,0.6545050299509976,3.815,,0.28,1.04,0.01,0.146
2011-10-21,0.9249860752248832,0.660648956536013,3.875,,0.3,1.08,0.109,0.146
2011-10-24,0.89090384362722,0.6706778203449715,3.925,,0.3,1.1,0.105,0.146
2011-10-25,0.8600583817987613,0.644009430501829,3.945,,0.26,0.99,0.077,0.146
2011-10-26,0.7803082284231773,0.6279052623503687,3.755,,0.28,1.08,0.013,0.142
2011-10-27,0.859690221260278,0.6509028051441088,3.9,,0.31,1.14,0.036,0.141
2011-10-28,0.8654956837164804,0.6408349761773663,3.965,,0.28,1.09,0.024,0.143
2011-10-31,0.8090178255587928,0.5702655881411612,3.905,,0.25,1.0,0.016,0.143
2011-11-01,0.707845702098665,0.5558365438366624,3.805,,0.23,0.92,0.055,0.143
2011-11-02,0.7452982281241083,0.5801221439621175,3.71,,0.23,0.96,0.021,0.139
2011-11-03,0.6907732762295868,0.5807302137266364,3.665,,0.24,1.0,-0.027,
2011-11-04,0.6855013333162897,0.579208834095343,3.74,,0.22,0.93,0.021,0.136
2011-11-07,0.7024431016172913,0.5606064637970678,3.68,,0.25,0.94,0.039,0.134
2011-11-08,0.7120750760643029,0.5484973148310099,3.615,,0.25,0.98,0.006,0.13
2011-11-09,0.7103392476296964,0.5494139161512679,3.645,,0.24,0.9,0.008,0.13
2011-11-10,0.786682469532511,0.5458709149746428,3.455,,0.24,0.93,0.012,0.13
2011-11-11,0.8357139988048069,0.5704066447920653,3.495,,,,0.037,0.125
2011-11-14,0.8431943681693967,0.5152836069938929,3.55,,0.24,0.91,0.005,0.13
2011-11-15,0.92894683298542,0.5142520672930353,3.41,,0.26,0.9,0.024,0.13
2011-11-16,0.969680507128852,0.5283546201505125,3.305,,0.26,0.89,0.038,0.13
2011-11-17,0.964948288982132,0.5605189643907548,3.315,,0.27,0.9,0.035,0.125
2011-11-18,0.9813113235873188,0.5388299634304402,3.215,,0.29,0.91,0.037,0.12
2011-11-21,0.9342657702919004,0.5209223935098845,3.2,,0.27,0.9,0.032,0.125
2011-11-22,0.9511970315056796,0.5051611345398658,3.135,,0.26,0.9,0.019,0.125
2011-11-23,1.0267463277610336,0.5075981926790463,3.085,,0.26,0.89,0.013,
2011-11-24,1.0655430977701457,0.5063713239781111,3.08,,,0.91,0.033,0.129
2011-11-25,1.0722131482763533,0.5010255414405907,3.025,,0.28,0.95,0.007,0.14
2011-11-28,0.986949397201971,0.43057000027048276,3.055,,0.26,0.97,-0.008,0.145
2011-11-29,0.9534337063399712,0.44143273533052296,3.125,,0.27,1.0,0.012,0.145
2011-11-30,0.7427330006655184,0.48579228566458876,3.12,,0.25,1.01,0.003,0.14
2011-12-01,0.6798030353485647,0.3834566818773476,3.22,,0.27,0.93,0.009,0.135
2011-12-02,0.6800655007851826,0.39760166837400485,3.215,,0.25,0.9,0.01,0.13
2011-12-05,0.6753305400846963,0.39860548232191795,3.2,,0.27,0.88,0.013,0.125
2011-12-06,0.7053988119314052,0.3473942547916901,3.075,,0.25,0.92,0.005,0.125
2011-12-07,0.6661526068572456,0.36577001728083997,3.165,,0.24,0.89,0.003,0.13
2011-12-08,0.6464795011276747,0.34812881548724267,3.13,,0.22,0.85,0.001,0.13
2011-12-09,0.666454971280259,0.3922058290025125,3.06,,0.22,0.9,-0.036,0.13
2011-12-12,0.6371075408724041,0.36169827698717455,3.125,,0.24,0.88,-0.013,0.13
2011-12-13,0.6516521971744917,0.3669818872494329,3.075,,0.24,0.87,-0.006,0.13
2011-12-14,0.6227447498876815,0.35406550960401945,3.13,,0.25,0.86,-0.009,0.13
2011-12-15,0.5285656496411982,0.37899659316839035,3.035,,0.26,0.86,-0.001,0.125
2011-12-16,0.4554167998626681,0.3238425034366326,3.08,,0.24,0.85,0.027,0.13
2011-12-19,0.5132696823515015,0.337328099785201,3.015,,0.24,0.84,-0.051,0.13
2011-12-20,0.5120142958145746,0.37200889120093905,3.04,,0.26,0.88,0.012,0.13
2011-12-21,0.5131010981106401,0.35960574691977476,3.135,,0.28,0.89,0.038,0.134
2011-12-22,0.515062613985265,0.3450602342533459,3.135,,0.28,0.9,0.035,0.13
2011-12-23,0.4649620604018265,0.34901730800423086,3.155,,0.28,0.93,0.013,
2011-12-26,,,,,,,,0.13
2011-12-27,0.4234593579820909,,,,0.3,,0.031,0.131
2011-12-28,0.4150197066131567,0.33658434334038473,3.235,,0.28,0.93,-0.001,0.131
2011-12-29,0.3909528516566973,0.30894443651686837,3.185,,0.28,0.95,0.016,0.131
2011-12-30,0.4062171579213949,0.32754528749863154,3.16,,0.25,0.95,0.013,0.131
2012-01-02,0.473965556310765,,,,,,,
2012-01-03,0.4602450963680429,0.35335458895552013,3.315,,0.27,0.98,0.015,
2012-01-04,0.4615639828484366,0.38598847664102265,3.295,,0.25,0.97,0.024,0.132
2012-01-05,0.5126434052915063,0.40363328312951247,3.27,,0.27,0.96,0.007,0.127
2012-01-06,0.5358372984830833,0.4009806558725347,3.24,,0.25,0.93,0.031,0.127
2012-01-09,0.527176238733172,0.38356625652592374,3.18,,0.26,0.94,-0.012,
2012-01-10,0.5340984782910163,0.41683601005620063,3.225,,0.24,0.97,0.033,0.128
2012-01-11,0.4673290891655781,0.3913606993634571,3.235,,0.24,0.95,0.05,0.129
2012-01-12,0.4052069912686731,0.38837341457468255,3.225,,0.22,0.97,0.035,0.129
2012-01-13,0.4220590251669975,0.37805713979616345,3.325,,0.24,0.95,0.038,0.129
2012-01-16,0.4104929715823195,0.38230917995467617,3.155,,,0.96,0.042,0.125
2012-01-17,0.4516065666049409,0.39754361831422974,3.265,,0.21,0.96,0.025,0.125
2012-01-18,0.4689353930754625,0.41678311234644216,3.235,,0.24,0.99,0.069,0.126
2012-01-19,0.4754336655662303,0.3765944365030347,3.205,,0.26,1.02,0.096,0.126
2012-01-20,0.4867367870460894,0.3971531256691425,3.275,,0.26,1.04,0.106,0.126
2012-01-23,0.4966302716538264,0.4225702298504757,3.3,,0.26,1.05,0.113,0.126
2012-01-24,0.5086142549806936,0.44103585878721185,3.29,,0.24,1.04,0.103,0.127
2012-01-25,0.4920991701621175,0.41746518107457703,3.395,,0.22,1.02,0.128,0.127
2012-01-26,0.471317655680199,0.37747429768043544,,,0.22,1.01,0.127,0.127
2012-01-27,0.4606197464727035,0.3727192687670762,3.27,,0.22,1.0,0.115,0.127
2012-01-30,0.4657829582047634,0.3593479759875695,3.2,,0.22,0.98,0.109,0.127
2012-01-31,0.4498906654590446,0.34357759651818737,3.165,,0.22,0.96,0.102,0.127
2012-02-01,0.4233339201368062,0.37854051034556674,3.135,,0.23,0.98,0.083,0.128
2012-02-02,0.3940914377319844,0.37700674897985964,3.21,,0.23,0.99,0.085,0.128
2012-02-03,0.3993153047690225,0.3988113854262772,3.205,,0.23,1.04,0.08,0.128
2012-02-06,0.3819687691110416,0.40837860132756443,3.325,,0.24,1.02,0.081,0.128
2012-02-07,0.3975814827309696,0.4283950860125678,3.495,,0.25,1.04,0.074,0.129
2012-02-08,0.4167944066620501,0.39821368869021306,3.54,,0.27,1.07,0.085,0.129
2012-02-09,0.4321859253094526,0.40700125214660093,3.615,,0.27,1.09,0.077,0.124
2012-02-10,0.4187912251943713,0.3648915545846503,3.535,,0.27,1.07,0.079,0.124
2012-02-13,0.4214992258767562,0.36101993917484965,3.56,,0.29,1.08,0.087,0.125
2012-02-14,0.4316900896451558,0.3606612845529734,3.525,,0.29,1.06,0.086,0.115
2012-02-15,0.4296381806779061,0.36364126592162577,3.59,,0.29,1.05,0.085,0.105
2012-02-16,0.4527999240639149,0.379682359193534,3.535,,0.29,1.07,0.082,0.105
2012-02-17,0.471360713430955,0.4029420207730061,3.645,,0.29,1.09,0.091,0.105
2012-02-20,0.4789465131862656,0.4121575685636047,3.72,,,,0.075,0.105
2012-02-21,0.4784328818608743,0.4070834211442021,3.69,,0.31,1.11,0.075,0.105
2012-02-22,0.4660537581169843,0.383324442290346,3.695,,0.29,1.1,0.065,0.105
2012-02-23,0.4477894803275477,0.3717304172893136,3.655,,0.31,1.09,0.075,0.105
2012-02-24,0.4300836454499044,0.36386435160048974,3.71,,0.31,1.07,0.074,0.104
2012-02-27,0.400480961128578,0.37011755174911637,3.675,,0.3,1.06,0.053,0.104
2012-02-28,0.389421136456848,0.3828778325630174,3.63,,0.3,1.07,0.042,0.11
2012-02-29,0.3727058498823243,0.38294988183681644,3.615,,0.3,1.1,0.056,0.109
2012-03-01,0.3647945621720172,0.4204720680829818,3.705,,0.3,1.1,0.076,0.11
2012-03-02,0.3362836149828734,0.371055703267164,3.76,,0.28,1.1,0.095,0.11
2012-03-05,0.3414298896040293,0.41721072796386016,3.7,,0.31,1.11,0.065,0.111
2012-03-06,0.3446257187327255,0.40141952832018485,3.635,,0.3,1.08,0.083,0.112
2012-03-07,0.3387607012399689,0.41186736818803005,3.555,,0.3,1.12,0.077,0.112
2012-03-08,0.323014445986387,0.41275023140086686,3.565,,0.32,1.17,0.094,0.113
2012-03-09,0.3382687534298361,0.4145660072503637,3.63,,0.33,1.17,0.097,0.113
2012-03-12,0.3357116783419895,0.4111416290108328,3.56,,0.33,1.17,0.095,0.11
2012-03-13,0.356695023854507,0.43908486228025323,3.57,,0.35,1.2,0.091,0.11
2012-03-14,0.3916602304917616,0.47644438879703555,3.65,,0.4,1.24,0.093,0.105
2012-03-15,0.4285827820875676,0.4346234277171674,3.8,,0.37,1.27,0.095,0.11
2012-03-16,0.5014380360253732,0.44904619242591914,3.78,,0.37,1.28,0.135,0.11
2012-03-19,0.4865940857538078,0.456636955862169,3.79,,0.39,1.29,0.128,0.11
2012-03-20,0.4892191885924934,0.4465212012578677,3.76,,0.41,1.29,0.115,
2012-03-21,0.4659379152825207,0.4537027176715308,3.745,,0.39,1.28,0.131,0.111
2012-03-22,0.4443077977859424,0.4434888689923904,3.695,,0.37,1.24,0.111,0.111
2012-03-23,0.4154143957653824,0.4320387119894138,3.67,,0.37,1.23,0.111,0.111
2012-03-26,0.408979188941907,0.46783316564263194,3.67,,0.36,1.24,0.107,0.111
2012-03-27,0.4131385443144664,0.43613034013639035,3.68,,0.33,1.21,0.111,0.11
2012-03-28,0.3928663100435092,0.42687105155506594,3.6,,0.34,1.19,0.113,0.11
2012-03-29,0.3871826430048419,0.4185343908274342,3.505,,0.33,1.18,0.112,0.114
2012-03-30,0.3925908927875978,0.4040643018413841,3.47,,0.33,1.2,0.094,0.115
2012-04-02,0.3676337596146108,0.4114760301902586,3.515,,0.33,1.21,0.097,0.116
2012-04-03,0.3757082000942127,0.3945653698337878,3.44,,0.36,1.26,0.125,0.116
2012-04-04,0.3693711021046093,0.40692205473841825,3.445,,0.35,1.22,0.123,0.116
2012-04-05,0.362300041395625,0.3939226351237325,3.435,,0.35,1.25,0.1,0.117
2012-04-06,,,,,0.32,,,0.113
2012-04-09,,,,,0.32,1.23,,0.114
2012-04-10,0.3526638861451605,0.364577383661853,3.28,,0.28,1.19,0.037,0.114
2012-04-11,0.356461579862934,0.3805799455322225,3.265,,0.3,1.21,0.042,0.114
2012-04-12,0.3392878296790211,0.37303451678661187,3.35,,0.29,1.23,0.046,0.114
2012-04-13,0.3335392206732885,0.3652304985979217,3.26,,0.27,1.2,0.063,0.115
2012-04-16,0.3609292460585207,0.37233684789516497,3.205,,0.27,1.23,0.027,0.11
2012-04-17,0.3746268743337744,0.4001861303507333,3.195,,0.27,1.33,0.047,0.11
2012-04-18,0.3704888593173097,0.4329891073675258,3.26,,0.27,1.32,0.062,0.11
2012-04-19,0.4050052074423789,0.44040573024896057,3.24,,0.27,1.33,0.064,0.105
2012-04-20,0.4041683845250929,0.47145574632482296,3.24,,0.29,1.35,0.076,0.105
2012-04-23,0.4129624917222672,0.44894772696629204,3.17,,0.27,1.36,0.068,0.106
2012-04-24,0.3959189923511461,0.42212089197148706,3.055,,0.27,1.41,0.051,0.106
2012-04-25,0.3722353806187177,0.4159052246858019,,,0.26,1.43,0.05,0.106
2012-04-26,0.3416511401684579,0.39347261680772994,3.095,,0.26,1.37,0.047,0.108
2012-04-27,0.3397193263822853,0.4126131951254884,3.005,,0.26,1.43,0.055,0.109
2012-04-30,0.3185770747288687,0.43857662116093976,3.005,,0.27,1.34,0.039,
2012-05-01,,0.4313359175608354,2.81,,0.27,1.33,,0.108
2012-05-02,0.2955928385536275,0.4125259816487042,2.915,,0.27,1.31,0.043,0.108
2012-05-03,0.3003595585282239,0.4089774319116854,2.865,,0.28,1.3,0.054,
2012-05-04,0.2709537769822221,0.3984273839979572,2.86,,0.27,1.25,0.041,
2012-05-07,0.2569229143406737,,2.705,,0.27,1.27,0.015,0.109
2012-05-08,0.2627630913526273,0.40147177106343584,2.745,,0.27,1.22,0.016,0.109
2012-05-09,0.2849625818619845,0.40026214735070587,2.69,,0.27,1.22,0.017,0.109
2012-05-10,0.2760797266245207,0.41891760631867225,2.735,,0.27,1.24,0.018,0.109
2012-05-11,0.2700408664861795,0.40229373046507505,2.695,,0.27,1.3,0.026,0.109
2012-05-14,0.267993528923574,0.38130811858226354,2.665,,0.29,1.27,-0.003,0.105
2012-05-15,0.2823386715484455,0.3795941711911739,2.665,,0.29,1.29,0.026,0.105
2012-05-16,0.2881349937891082,0.3574353156875605,2.62,,0.3,1.27,0.026,0.1
2012-05-17,0.2487734227891982,0.32667152648639874,2.675,,0.32,1.22,,0.1
2012-05-18,0.2623686982437805,0.30335601761861697,2.45,,0.32,1.22,-0.01,0.1
2012-05-21,0.2536838777392045,0.29461575202236656,2.485,,0.3,,-0.019,0.1
2012-05-22,0.2474953477283845,0.2895947695944903,2.525,,0.3,1.21,-0.029,0.1
2012-05-23,0.2222526891008982,0.2521151458536979,2.435,,0.28,1.16,-0.031,0.1
2012-05-24,0.201082852322183,0.2342044318798033,2.415,,0.29,1.14,-0.048,0.1
2012-05-25,0.1936454377682634,0.2193986512524374,2.45,,0.3,1.07,-0.054,0.1
2012-05-28,0.1798333641094425,0.23161135738722988,2.5,,,1.09,,0.1
2012-05-29,0.1886153356311073,0.27152607210490737,2.44,,0.3,1.16,-0.084,0.1
2012-05-30,0.187194095381332,0.24282603058895658,2.355,,0.27,1.11,-0.09,0.1
2012-05-31,0.1688157885086862,0.22484867902316108,2.215,,0.27,1.06,-0.164,0.1
2012-06-01,0.1367296664267048,0.24437766610047257,2.135,,0.25,0.88,-0.138,0.1
2012-06-04,0.1582545342489094,,2.055,,0.25,0.97,-0.281,0.1
2012-06-05,0.1551449941591149,,2.28,,0.25,0.99,-0.258,0.1
2012-06-06,0.2083894909325208,0.2624235257426906,2.375,,0.26,1.05,-0.26,0.1
2012-06-07,0.2446951683444771,0.26426213628130685,2.48,,0.27,1.04,-0.238,0.1
2012-06-08,0.2155859509521409,0.2337772236247516,2.415,,0.28,1.04,-0.235,0.1
2012-06-11,0.2392396186408873,0.2538171650632231,,,0.27,1.0,-0.286,0.1
2012-06-12,0.2842529802418774,0.2729247654043885,2.39,,0.3,1.02,-0.33,0.1
2012-06-13,0.2896599695977055,0.2767816761256903,2.475,,0.3,1.03,-0.34,0.1
2012-06-14,0.2770488102780888,0.2831367291632911,2.37,,0.3,1.04,-0.331,0.1
2012-06-15,0.2392111034683965,0.21646809701483072,2.4,,0.29,0.96,-0.225,0.1
2012-06-18,0.2224563729728395,0.2267589744719896,2.49,,0.29,0.98,-0.208,0.1
2012-06-19,0.2500387119369085,0.22057364633420606,2.39,,0.3,1.04,-0.192,0.1
2012-06-20,0.3034819488199085,0.27919944322426293,2.545,,0.32,1.09,-0.274,0.1
2012-06-21,0.2722970532177582,0.26140160067942775,2.59,,0.32,1.05,-0.31,0.1
2012-06-22,0.2773716705985531,0.28849784447898164,2.485,,0.31,1.06,-0.345,0.1
2012-06-25,0.2395513963606799,0.2603724537343079,2.445,,0.31,0.99,-0.277,0.1
2012-06-26,0.2564566622308657,0.265515747589305,2.405,,0.31,1.01,-0.292,0.1
2012-06-27,0.2610777912117052,0.26842070502760706,2.425,,0.31,0.99,-0.262,0.1
2012-06-28,0.2547525517764022,0.2534165416934516,2.405,,0.31,0.96,-0.304,0.1
2012-06-29,0.2686377686610068,0.2703152887756661,2.46,,0.33,1.03,-0.344,0.1
2012-07-02,0.2389824127543791,0.2630181655034225,2.525,,0.3,,-0.253,0.1
2012-07-03,0.2023949787112053,0.2997715212655389,2.535,,0.3,1.04,-0.223,0.1
2012-07-04,0.1948259746154068,0.27377791126576745,2.595,,,1.03,-0.275,0.1
2012-07-05,0.1274285940771173,0.2022802655643484,2.5,,0.28,1.02,-0.222,0.1
2012-07-06,0.0458600105088846,0.17612158852430312,2.505,,0.27,0.98,-0.245,0.1
2012-07-09,0.0395124840382816,0.18174929589312597,2.385,,0.27,0.96,-0.226,0.1
2012-07-10,0.0433428151455697,0.19403275011659943,2.38,,0.27,0.97,-0.267,0.1
2012-07-11,0.0129058678901277,0.19241287923594397,2.405,,0.27,0.99,-0.269,0.1
2012-07-12,0.0048448056535166,0.18406997886453752,2.275,,0.25,0.97,-0.261,0.1
2012-07-13,-0.0109128751157232,0.1947881678434577,2.29,,0.25,0.99,-0.295,0.1
2012-07-16,-0.022951784440881,0.17436603310723547,2.325,,0.24,0.96,-0.306,
2012-07-17,-0.0174567287903348,0.1695016100232477,2.345,,0.25,0.97,-0.306,0.1
2012-07-18,-0.0168494769355502,0.12111947106137429,2.345,,0.22,0.96,-0.235,0.1
2012-07-19,-0.0141112724159269,0.10745048951694006,2.42,,0.22,0.98,-0.274,0.1
2012-07-20,-0.0288546553993827,0.0865905487473199,2.41,,0.22,0.95,-0.265,0.1
2012-07-23,0.0150636948094193,0.0691594409738377,2.3,,0.22,0.93,-0.302,0.1
2012-07-24,0.0466652750956422,0.059931113023029836,2.34,,0.22,0.93,-0.319,0.1
2012-07-25,0.0617709667301937,0.04438123810240989,2.325,,0.22,0.96,-0.338,0.1
2012-07-26,0.0324602341009843,0.06871883173835225,2.42,,0.23,1.01,-0.257,0.1
2012-07-27,0.0363776679769163,0.10176769888058675,2.62,,0.25,1.11,-0.303,0.1
2012-07-30,-0.0065599489404801,0.09550590305345238,2.73,,0.23,1.09,-0.325,0.1
2012-07-31,-0.022894358090622,0.0661025460704905,2.72,,0.23,1.08,-0.315,0.097
2012-08-01,-0.0398076024842444,0.07045939808425529,2.755,,0.24,1.1,,0.095
2012-08-02,-0.0350628033450277,0.03089128637716003,2.79,,0.24,1.06,-0.328,0.094
2012-08-03,-0.0034084472596687,0.08763978152857789,2.755,,0.24,1.12,-0.346,0.092
2012-08-06,-0.0187505475627975,0.051308901184809096,2.925,,0.24,,-0.294,0.088
2012-08-07,0.0036421176549437,0.09802572981894794,2.92,,0.27,1.17,-0.293,0.088
2012-08-08,-0.0162495181268411,0.10564192480783734,2.92,,0.29,1.16,-0.251,0.091
2012-08-09,-0.0130949172491856,0.13495540080876897,2.955,,0.29,1.16,-0.284,0.091
2012-08-10,-0.0329149041660548,0.1001544588225387,2.845,,0.27,1.13,-0.274,0.091
2012-08-13,-0.0121551985642103,0.11074992463579009,2.85,,0.27,1.14,-0.272,0.09
2012-08-14,0.0049792965949482,0.1305587739607139,2.89,,0.27,1.18,-0.276,0.095
2012-08-15,0.0182891989370519,0.16828957427684357,2.94,,0.27,1.25,-0.248,0.1
2012-08-16,0.0079510697005176,0.17507082650377284,2.985,,0.29,1.24,-0.22,0.1
2012-08-17,0.0160347352678904,0.14906730878910554,2.97,,0.29,1.2,-0.201,0.1
2012-08-20,0.0210908685657438,0.15468746695807278,2.96,,0.29,1.19,-0.21,0.1
2012-08-21,0.0298354244457064,0.19748562315553603,2.98,,0.31,1.18,-0.206,0.1
2012-08-22,0.0320889710392151,0.16848259778230168,2.895,,0.26,1.12,-0.216,0.1
2012-08-23,0.0170244808949577,0.14834645844216432,2.815,,0.26,1.13,-0.24,0.1
2012-08-24,0.0050561308437666,0.11678017310278974,2.805,,0.28,1.15,-0.253,0.1
2012-08-27,0.0119609230455886,,2.78,,0.28,1.16,-0.362,0.1
2012-08-28,0.0202344723216558,0.1014484582139076,2.785,,0.27,1.17,-0.304,0.099
2012-08-29,0.0302696856999649,0.12213287739049632,2.785,,0.27,1.15,-0.323,0.099
2012-08-30,0.0081525628641339,0.09011102342917925,2.715,,0.27,1.13,-0.333,0.1
2012-08-31,0.0148515904850805,0.07002170464270657,2.675,,0.22,1.15,-0.327,0.097
2012-09-03,0.0229980887051999,0.0742531299608492,2.63,,,,-0.328,0.097
2012-09-04,0.022505228090651,0.07000512181516452,2.645,,0.23,1.12,-0.308,0.097
2012-09-05,0.014185294279942,0.09495460795589918,2.585,,0.25,1.11,-0.317,0.097
2012-09-06,0.0667503228589541,0.12590223357847616,2.64,,0.27,1.16,-0.244,0.096
2012-09-07,0.0753608194304868,0.10680801546688305,2.74,,0.25,1.18,-0.153,0.096
2012-09-10,0.0867802551609524,0.14485501442575754,2.67,,0.25,1.17,-0.146,0.096
2012-09-11,0.0830751021707678,0.16651366815782737,2.675,,0.25,1.17,-0.105,0.095
2012-09-12,0.0981413778766295,0.21323608087002974,2.77,,0.25,1.19,-0.099,0.095
2012-09-13,0.0835780756576616,0.20840893240186034,2.79,,0.24,1.17,-0.136,0.095
2012-09-14,0.1286321856546672,0.28182019602327346,2.86,,0.27,1.2,-0.101,0.1
2012-09-17,0.1306946651162266,0.26009010858657805,2.95,,0.25,1.19,-0.123,
2012-09-18,0.1121868379405417,0.2444357839037129,2.82,,0.25,1.18,-0.116,0.1
2012-09-19,0.1074807729130555,0.24121867923810464,2.835,,0.27,1.17,-0.054,0.1
2012-09-20,0.0983666441428483,0.22935791959371837,2.705,,0.27,1.15,-0.083,0.1
2012-09-21,0.0988582327149534,0.23760261280481562,2.72,,0.27,1.14,-0.1,0.1
2012-09-24,0.0985597942818024,0.2298041630007077,2.635,,0.27,1.12,-0.115,0.1
2012-09-25,0.0976056769539779,0.2249891806913567,2.595,,0.27,1.12,-0.122,0.1
2012-09-26,0.0841163808451956,0.19596959668680536,2.53,,0.26,1.09,-0.098,0.1
2012-09-27,0.07976346980863,0.20123541822091562,2.49,,0.25,1.1,-0.077,0.1
2012-09-28,0.0713007962426099,0.19164322846698092,2.48,,0.23,1.07,-0.095,0.1
2012-10-01,0.089371173291072,0.19407852829950545,2.455,,0.25,1.06,-0.114,0.1
2012-10-02,0.0845828862699273,0.18034491556422788,2.415,,0.23,1.06,-0.097,0.1
2012-10-03,0.0774495090247398,0.16591400471687867,2.375,,0.23,1.06,-0.101,0.1
2012-10-04,0.0791003271203587,0.1711293804050373,2.425,,0.23,1.09,-0.113,0.1
2012-10-05,0.0879043015327121,0.1998330210411829,2.47,,0.27,1.14,-0.127,0.1
2012-10-08,0.0717320575112987,0.1811457121608647,2.455,,,,-0.059,
2012-10-09,0.0759725258816232,0.1813596740870339,2.44,,0.25,1.14,-0.051,0.1
2012-10-10,0.0639468608606477,0.21196003643914743,2.445,,0.27,1.14,-0.052,0.1
2012-10-11,0.0747471470931078,0.2188449381708146,2.425,,0.28,1.15,-0.062,0.1
2012-10-12,0.0611775371252889,0.18762620182478823,2.445,,0.27,1.14,-0.046,0.1
2012-10-15,0.0621474469884599,0.2137220152643441,2.415,,0.27,1.08,-0.077,0.1
2012-10-16,0.0899619182612867,0.24723440011590886,2.435,,0.27,1.08,-0.09,0.1
2012-10-17,0.1126570379316103,0.2735425209457205,2.515,,0.3,1.13,-0.079,0.1
2012-10-18,0.1288380641491833,0.2773367654729801,2.595,,0.29,1.12,-0.058,0.1
2012-10-19,0.1287202969641163,0.2565283977249088,2.56,,0.3,1.09,-0.066,0.1
2012-10-22,0.147915870176122,0.2667785695417169,2.515,,0.32,1.09,-0.083,0.1
2012-10-23,0.1348646585913955,0.23642765778485808,2.565,,0.29,1.14,-0.086,0.1
2012-10-24,0.1203902346709688,0.24141297701569375,2.61,,0.29,1.12,-0.089,0.1
2012-10-25,0.1181411389286846,0.2657410771698321,2.66,,0.31,1.14,-0.078,0.098
2012-10-26,0.0960084200166413,0.24835859451186276,2.62,,0.3,1.12,-0.083,0.098
2012-10-29,0.0879155302482881,0.22436507992104965,2.585,,0.3,1.08,-0.077,0.098
2012-10-30,0.0771323368520624,0.2524166587176723,2.55,,,1.1,-0.081,0.097
2012-10-31,0.085641221772831,0.2593906337678432,2.57,,0.3,1.07,-0.063,0.097
2012-11-01,0.0820305055929511,0.2669735970404866,2.56,,0.3,1.07,-0.074,0.097
2012-11-02,0.0665004505332778,0.254177047423646,2.62,,0.28,1.06,-0.07,0.097
2012-11-05,0.0594114734050679,0.22531299030502525,2.62,,0.28,1.07,-0.037,0.096
2012-11-06,0.0510212565706851,0.22604901486444554,2.69,,0.3,1.11,-0.098,0.096
2012-11-07,0.0189759423556563,0.2085634544068921,2.695,,0.27,1.07,-0.09,0.096
2012-11-08,0.0218686054258729,0.21408093576449239,2.68,,0.27,1.07,-0.092,0.096
2012-11-09,0.0150359133431834,0.22471576227674403,2.67,,0.27,1.08,-0.097,0.096
2012-11-12,0.0172854201446006,0.21904831435631145,2.655,,,,-0.106,0.095
2012-11-13,0.0120803187557574,0.23845612089326634,2.625,,0.27,1.07,-0.108,0.095
2012-11-14,0.0269083246597414,0.23917177041449905,2.65,,0.25,1.07,-0.101,0.1
2012-11-15,0.0184752867509843,0.2330161977591199,2.595,,0.24,1.07,-0.104,0.1
2012-11-16,0.0127345193458712,0.2413618223182602,2.6,,0.24,1.07,-0.107,0.1
2012-11-19,0.021899002743539,0.2649995861072275,2.655,,0.25,1.1,-0.1,0.1
2012-11-20,0.0420100810069623,0.3010158699173241,2.675,,0.27,1.11,-0.129,0.1
2012-11-21,0.0606925182331359,0.30713250350007076,2.69,,0.27,1.11,-0.103,0.1
2012-11-22,0.057291204805062,0.31335267671918143,2.74,,,1.11,-0.082,0.1
2012-11-23,0.050509762161897,0.3132130040794085,2.775,,0.29,1.12,-0.094,
2012-11-26,0.0453161635883985,0.3166477517573985,2.755,,0.27,1.1,-0.083,0.1
2012-11-27,0.0566913894513425,0.3314776575854035,2.78,,0.27,1.09,-0.093,0.098
2012-11-28,0.0264400333851093,0.2830104535271288,2.72,,0.27,1.09,-0.104,0.098
2012-11-29,0.039257108109068,0.28266933542897393,2.725,,0.25,1.08,-0.096,0.098
2012-11-30,0.0364797140971484,0.3138390085742562,2.67,,0.25,1.07,-0.1,0.097
2012-12-03,0.0472007257762343,0.3358892428008063,2.63,,0.25,1.06,-0.106,0.097
2012-12-04,0.0504432236316265,0.31983447537421905,2.645,,0.25,1.06,-0.136,0.097
2012-12-05,0.0293709536772355,0.2996406654038331,2.655,,0.25,1.04,-0.153,0.097
2012-12-06,0.0087066678641432,0.2559812835564884,2.635,,0.25,1.04,-0.142,0.096
2012-12-07,-0.0304089250847567,0.2519446819829647,2.64,,0.25,1.06,-0.165,0.096
2012-12-10,-0.0321375695101431,0.27263381515683427,2.665,,0.24,1.05,-0.164,0.096
2012-12-11,-0.025953295594181,0.2888594720443686,2.64,,0.24,1.07,-0.173,0.096
2012-12-12,-0.0253739283371294,0.2923031427263872,2.71,,0.25,1.09,-0.14,0.095
2012-12-13,-0.026086211516394,0.3172714917524122,2.745,,0.27,1.12,-0.138,0.095
2012-12-14,-0.0249597005375652,0.3289140979229819,2.8,,0.24,1.12,-0.116,0.1
2012-12-17,-0.0055362090904891,0.3507299496469782,2.765,,0.25,1.15,-0.129,0.1
2012-12-18,0.0091410691613309,0.376104112462054,2.77,,0.28,1.15,-0.135,0.1
2012-12-19,0.0198436156563643,0.3794348332585346,2.75,,0.28,1.14,-0.121,0.1
2012-12-20,0.0078688362378205,0.374676992326096,2.72,,0.28,1.13,-0.124,0.1
2012-12-21,0.0047949337682573,0.33147992750449606,2.69,,0.26,1.12,-0.117,0.1
2012-12-24,-0.0012962017913817,0.3406777136045015,2.705,,0.26,1.12,,
2012-12-25,,,,,,,,0.099
2012-12-26,,,,,0.26,,,0.098
2012-12-27,0.0047158787235659,0.2877944641516494,2.705,,0.26,1.14,-0.109,0.098
2012-12-28,-0.0104175273747038,0.31353187429989954,2.68,,0.27,1.13,-0.116,0.098
2012-12-31,-0.0130237684373786,0.31521999473124945,2.645,,0.25,1.14,,
2013-01-02,0.027952111825142,0.3960991378709982,2.76,,0.27,1.17,,
2013-01-03,0.0547676608729297,0.44373460687835414,2.72,,0.27,1.19,-0.121,
2013-01-04,0.098205372676003,0.4610728370163927,2.795,,0.27,1.21,-0.106,0.097
2013-01-07,0.0978278120842492,0.43348731034241245,2.775,,0.27,1.2,-0.111,0.096
2013-01-08,0.0836874430702701,0.3888814343608399,2.78,,0.25,1.17,-0.1,0.096
2013-01-09,0.0740492001656627,0.38013225303132975,2.745,,0.24,1.17,-0.095,0.096
2013-01-10,0.1055643121106686,0.4031723472838101,2.785,,0.26,1.19,-0.07,0.096
2013-01-11,0.1319494153951619,0.3983968843840794,2.805,,0.26,1.19,-0.063,0.08
2013-01-14,0.1312905682224849,0.38296391111552475,2.79,,0.26,1.19,-0.065,
2013-01-15,0.1350511711398438,0.36929395346400473,2.76,,0.26,1.18,-0.07,0.08
2013-01-16,0.1357079397052087,0.3527205213690568,2.72,,0.26,1.17,-0.031,0.08
2013-01-17,0.1971506784726044,0.3826739631427826,2.66,,0.28,1.2,-0.011,0.08
2013-01-18,0.2069915177820003,0.3692597502178097,2.76,,0.26,1.18,0.074,0.075
2013-01-21,0.200438539936933,0.4064526388629927,2.72,,,1.19,0.049,0.075
2013-01-22,0.1864453789194287,0.3939183804078246,2.725,,0.26,1.17,0.045,0.075
2013-01-23,0.1744197167353887,0.35760108027319454,2.67,,0.26,1.12,0.033,0.085
2013-01-24,0.173073549985919,0.3590522736061181,2.635,,0.23,1.12,0.036,0.085
2013-01-25,0.2742903082637027,0.3651532043978196,2.665,,0.28,1.14,0.05,0.079
2013-01-28,0.3279453544698656,0.3851251828376403,,,0.29,1.15,0.049,0.08
2013-01-29,0.2993718721381295,0.3783564527543093,2.8,,0.3,1.17,0.053,0.08
2013-01-30,0.3339817640896507,0.37948863592779064,2.805,,0.27,1.16,0.078,0.08
2013-01-31,0.3152915375658032,0.37724823025726795,2.76,,0.27,1.16,0.093,0.067
2013-02-01,0.2615271127350991,0.34945332535563056,2.81,,0.27,1.19,0.073,0.067
2013-02-04,0.2577726221131127,0.3121600397049042,2.87,,0.25,1.15,0.06,0.067
2013-02-05,0.2751855869857831,0.3343107702254118,2.79,,0.27,1.17,0.053,0.067
2013-02-06,0.2642325444689879,0.3161375252777649,2.78,,0.27,1.16,0.071,0.051
2013-02-07,0.224765720330323,0.3128623819132004,2.74,,0.25,1.15,0.051,0.032
2013-02-08,0.218822785910703,0.3041604720239327,2.765,,0.25,1.1,0.056,0.032
2013-02-11,0.2169748789756869,0.30501162304873214,2.715,,0.27,1.11,0.03,
2013-02-12,0.2347398728592096,0.3003529706942615,2.72,,0.29,1.12,0.037,0.031
2013-02-13,0.2492650171773109,0.34211886509360095,2.775,,0.29,1.15,0.045,0.03
2013-02-14,0.2192795214408383,0.28579557408870493,2.84,,0.27,1.13,0.037,0.04
2013-02-15,0.2161113737674176,0.2939007464630178,2.79,,0.29,1.13,0.034,0.045
2013-02-18,0.2136248955877908,0.2919655837938134,2.82,,,,0.041,0.045
2013-02-19,0.2162630927697435,0.2770017770834969,2.82,,0.29,1.13,0.02,0.045
2013-02-20,0.2329190789031745,0.23962779362678804,2.82,,0.27,1.12,0.052,0.045
2013-02-21,0.2040633078959079,0.21137007038200822,2.775,,0.26,1.11,0.052,0.045
2013-02-22,0.1654057059208047,0.22865417788602427,2.8,,0.27,1.07,0.034,0.045
2013-02-25,0.1914101375764887,0.2007087814572779,2.77,,0.25,1.01,0.026,0.045
2013-02-26,0.1301622050646953,0.17178469370276261,2.655,,0.25,1.0,0.019,0.045
2013-02-27,0.1020543962529307,0.20506013834864859,2.625,,0.27,1.0,0.01,0.045
2013-02-28,0.1023372457842355,0.21859390023962252,2.665,,0.25,0.96,0.029,0.045
2013-03-01,0.081328518377298,0.1707809007292761,2.665,,0.25,0.94,0.005,0.045
2013-03-04,0.0848603072323541,0.19045645001610748,2.635,,0.24,0.94,0.005,0.04
2013-03-05,0.0978331671887611,0.19169325573985635,2.715,,0.25,0.95,0.01,0.04
2013-03-06,0.0919894678126445,0.16213027467561375,2.77,,0.25,0.93,0.028,0.04
2013-03-07,0.1241055031007878,0.1880172381478086,2.8,,0.25,0.96,0.031,0.04
2013-03-08,0.1366065254396016,0.21115631209238672,2.86,,0.27,0.98,0.049,0.04
2013-03-11,0.1215589272276504,0.17921034551176213,2.895,,0.27,0.98,0.036,0.04
2013-03-12,0.1149138093502286,0.16011353122990912,2.93,,0.27,0.96,0.043,0.04
2013-03-13,0.1109933178173041,0.177786457148928,2.915,,0.27,0.97,0.04,0.04
2013-03-14,0.1118020218650164,0.17911087061608413,3.06,,0.27,1.0,0.046,0.04
2013-03-15,0.100354712583067,0.1752437626807655,3.025,,0.25,0.99,0.054,0.045
2013-03-18,0.0781277259574984,0.15781556933238308,2.89,,0.26,0.98,0.021,0.045
2013-03-19,0.0729814242973865,0.1456954695883436,2.955,,0.24,0.97,0.015,0.045
2013-03-20,0.0808717210739033,0.15155186490843603,2.905,,0.26,0.98,0.008,
2013-03-21,0.084993643680959,0.16461263979783647,2.97,,0.27,0.98,-0.007,0.045
2013-03-22,0.0925643460593144,0.18049627563278953,2.94,,0.26,0.99,0.009,0.045
2013-03-25,0.080152844200489,0.15174810040871195,3.01,,0.24,1.0,0.011,0.039
2013-03-26,0.0851504517847967,0.16271725242262394,2.97,,0.25,1.01,0.019,0.039
2013-03-27,0.0637544366635114,0.1399832978994832,2.905,,0.25,1.0,0.005,0.039
2013-03-28,0.0665872863952619,0.1707552568504914,2.825,,0.25,1.0,-0.012,0.046
2013-03-29,,,,,,,,0.057
2013-04-01,,,,,0.23,0.99,,0.055
2013-04-02,0.0879838440623514,0.17307259176817766,2.84,,0.25,1.0,-0.029,0.056
2013-04-03,0.0759599211116164,0.1572404226987371,2.875,,0.24,0.99,-0.031,0.056
2013-04-04,0.0575649166259202,0.16296710074065338,2.86,,0.22,0.99,-0.043,0.058
2013-04-05,0.0523479491477063,0.14814324306349677,2.825,,0.24,0.98,-0.04,0.082
2013-04-08,0.0585547612555683,0.18664517568928288,2.79,,0.24,0.99,-0.08,0.094
2013-04-09,0.0746798868560709,0.19697737588816838,2.8,,0.24,1.0,-0.037,0.108
2013-04-10,0.0966012953090924,0.2111685639127517,2.83,,0.24,0.99,-0.032,0.123
2013-04-11,0.087317697224043,0.18665472430926547,2.8,,0.24,0.98,-0.021,0.119
2013-04-12,0.0766081281668698,0.17292873370354117,2.805,,0.22,0.95,-0.031,0.129
2013-04-15,0.0773429019402645,0.17083708345786597,2.73,,0.22,0.93,-0.047,0.13
2013-04-16,0.080937684945535,0.1858934673639083,2.725,,0.24,0.94,-0.054,0.13
2013-04-17,0.0700559584230151,0.17353151412109558,2.75,,0.24,0.93,-0.059,0.13
2013-04-18,0.060249803375795,0.16457426736112188,2.695,,0.24,0.94,-0.074,0.13
2013-04-19,0.0760057707043135,0.1931110175522412,2.7,,0.24,0.94,-0.071,0.125
2013-04-22,0.0540156731464569,0.19204303507625237,2.715,,0.24,0.94,-0.069,0.125
2013-04-23,0.0594065207813967,0.2282028884033978,2.65,,0.23,0.94,-0.099,0.12
2013-04-24,0.0471932215814878,0.20792486771009439,2.605,,0.23,0.94,-0.072,0.12
2013-04-25,0.0532393824671197,0.2266701202983438,,,0.23,0.95,-0.055,0.123
2013-04-26,0.0479047663329015,0.2077777810440693,2.605,,0.22,0.93,-0.075,0.124
2013-04-29,0.0423920716144703,0.19457813754360612,2.59,,0.2,0.93,-0.085,
2013-04-30,0.0428256217003126,0.20302117330732725,2.575,,0.22,0.92,-0.079,0.122
2013-05-01,,0.1885037507785055,2.575,,0.2,0.91,,0.115
2013-05-02,0.0216280699387345,0.17410723453645444,2.51,,0.2,0.91,-0.074,0.111
2013-05-03,0.0226878285772214,0.23494891703761944,2.505,,0.22,0.96,-0.068,
2013-05-06,0.0390413986150814,,2.535,,0.22,0.97,-0.085,
2013-05-07,0.051806291057113,0.2547963149501055,2.45,,0.22,0.98,-0.065,0.112
2013-05-08,0.0514750494028346,0.24115099979518675,2.45,,0.22,0.97,-0.057,0.113
2013-05-09,0.0403572135238392,0.24993756218130092,2.505,,0.22,0.97,,0.113
2013-05-10,0.0699005322730799,0.28695804646429,2.575,,0.26,1.0,-0.057,0.113
2013-05-13,0.065094669776053,0.276792150468235,2.535,,0.24,1.01,-0.067,0.125
2013-05-14,0.0630670596013236,0.2874218279724536,2.52,,0.26,1.04,-0.062,0.135
2013-05-15,0.0622383040592002,0.3096560804441649,2.535,,0.26,1.03,-0.038,0.135
2013-05-16,0.041985659704097,0.2775999558499512,2.495,,0.23,1.01,-0.04,0.13
2013-05-17,0.0279512921523701,0.2963839636781461,2.455,,0.26,1.01,-0.075,0.13
2013-05-20,0.0378095328426097,0.3109331905179038,,,0.26,,,0.131
2013-05-21,0.0579248063091908,0.3188215812916871,,,0.26,1.01,-0.071,0.131
2013-05-22,0.0401850717152498,0.29968295109011833,,,0.26,1.03,-0.069,0.125
2013-05-23,0.0573620007299129,0.3057060197048652,,,0.26,1.04,-0.062,0.12
2013-05-24,0.0752098141847956,0.30826606273386137,,,0.26,1.03,-0.055,0.125
2013-05-27,0.0791229766822079,,,,,1.04,-0.072,0.125
2013-05-28,0.0813334871680209,0.340752134259698,,,0.29,1.07,-0.074,0.131
2013-05-29,0.1252781776061948,0.35469223823454116,,,0.3,1.07,-0.067,0.142
2013-05-30,0.1378510406283708,0.3425004566289821,,,0.31,1.08,-0.003,0.143
2013-05-31,0.1278335009536828,0.357478126797342,,,0.3,1.08,-0.06,0.139
2013-06-03,0.1488621685745279,0.34253789940025353,,,0.3,1.07,-0.037,0.129
2013-06-04,0.158832789100503,0.3677913387653072,,,0.32,1.07,-0.049,0.124
2013-06-05,0.1558095864344855,0.3507816737419683,,,0.3,1.05,-0.016,0.119
2013-06-06,0.2025777790295122,0.36289564622175235,,,0.3,1.05,-0.013,0.119
2013-06-07,0.2134486281554188,0.3902279581043979,,,0.32,1.13,-0.033,0.12
2013-06-10,0.2292713486318676,0.42332356795718235,,,0.32,1.16,0.055,0.125
2013-06-11,0.2811996152240046,0.4763181029602601,,,0.34,1.15,-0.005,0.125
2013-06-12,0.2590111344102679,0.44506637884980516,,,0.34,1.15,0.021,0.125
2013-06-13,0.2241357006171429,0.4319209542997959,,,0.32,1.12,-0.03,0.13
2013-06-14,0.1965227718054123,0.401541452721332,,,0.29,1.1,-0.044,0.13
2013-06-17,0.1921459087835604,0.4092183148758722,,,0.27,1.11,-0.029,0.13
2013-06-18,0.2217903844943327,0.4438498023441719,,,0.27,1.11,-0.051,0.13
2013-06-19,0.2153270955688095,0.43744276621187833,,,0.31,1.17,-0.038,0.13
2013-06-20,0.3166024741197075,0.5179572882720949,,,0.33,1.18,-0.013,0.129
2013-06-21,0.3302874728296237,0.5332022512778476,,,0.38,1.23,0.023,0.134
2013-06-24,0.4125432812806329,0.6087285738144647,,,0.42,1.24,0.035,0.134
2013-06-25,0.3727712617871148,0.5412212822478142,,,0.43,1.25,0.04,0.134
2013-06-26,0.3124204089903672,0.4484101197291416,,,0.39,1.23,0.026,0.139
2013-06-27,0.2787013921775694,0.4526971684054578,,,0.36,1.2,-0.01,0.142
2013-06-28,0.2995856986837757,0.42384303169265997,,,0.36,1.22,-0.006,0.137
2013-07-01,0.2771933312113437,0.4110370203153063,,,0.34,,-0.001,0.138
2013-07-02,0.248376189470389,0.400776018980695,,,0.34,1.2,-0.014,0.138
2013-07-03,0.2450717996689269,0.4415649431333788,,,0.36,1.19,-0.023,0.133
2013-07-04,0.1835125109952686,0.4074056641471797,,,,1.18,-0.029,0.133
2013-07-05,0.1926575799821632,0.42573925265978096,,,0.4,1.23,-0.055,0.133
2013-07-08,0.1558341450514153,0.40670424914579895,,,0.37,1.16,-0.047,0.134
2013-07-09,0.1504488443298886,0.3602720987969486,,,0.37,1.15,-0.034,0.129
2013-07-10,0.154571511171266,0.38324126993558266,,,0.38,1.16,-0.019,0.129
2013-07-11,0.1727886209496776,0.3746619681653361,,,0.34,1.13,-0.031,0.125
2013-07-12,0.1555360821788802,0.3588882979202859,,,0.37,1.14,-0.034,0.125
2013-07-15,0.1341544193672907,0.3720630969840821,,,0.34,1.13,-0.029,
2013-07-16,0.1217680661650537,0.3276013605412448,,,0.34,1.12,-0.017,0.13
2013-07-17,0.1104451445241077,0.31407685649781236,,,0.32,1.09,-0.008,0.13
2013-07-18,0.1030118954163898,0.2873527163106758,,,0.32,1.09,-0.035,0.13
2013-07-19,0.093335160389639,0.334928282652896,,,0.32,1.08,-0.02,0.13
2013-07-22,0.1105500801905057,0.33627360328966943,,,0.32,1.09,-0.03,0.13
2013-07-23,0.1592138372495912,0.3587092527004176,,,0.33,1.11,-0.027,0.13
2013-07-24,0.1815801744712843,0.3840320996926149,,,0.34,1.15,-0.02,0.13
2013-07-25,0.1780292343782483,0.3639354386179175,,,0.32,1.15,-0.004,0.129
2013-07-26,0.1754975779734859,0.32043530550629096,,,0.31,1.15,-0.029,0.129
2013-07-29,0.1801948431840543,0.33501831147034994,,,0.33,1.16,-0.028,0.129
2013-07-30,0.1766707083223262,0.33752796055844364,,,0.33,1.18,-0.033,0.119
2013-07-31,0.1845091969484911,0.3341005069971611,,,0.31,1.15,-0.013,0.119
2013-08-01,0.1847222585528207,0.34150821482730437,,,0.35,1.19,,0.119
2013-08-02,0.1758203821205777,0.3692908512987205,,,0.3,1.16,0.001,0.119
2013-08-05,0.1812642470785141,0.4115917787762509,,,0.32,,-0.006,0.114
2013-08-06,0.1946178822372344,0.4052058681631694,,,0.32,1.15,0.008,0.114
2013-08-07,0.1941656576465971,0.412320171690077,,,0.32,1.14,0.005,0.109
2013-08-08,0.1927641461900631,0.39574102642561354,,,0.3,1.14,0.006,0.109
2013-08-09,0.1915237453950338,0.3743239555569219,,,0.32,1.13,0.028,0.109
2013-08-12,0.1899554837866346,0.39469763688129966,,,0.32,1.14,0.014,0.11
2013-08-13,0.2377063533499388,0.4606310490934102,,,0.34,1.2,0.011,0.11
2013-08-14,0.2451887954747609,0.4819644895956279,,,0.34,1.2,0.047,0.11
2013-08-15,0.2637292522677437,0.48929014828227413,,,0.36,1.21,0.039,0.11
2013-08-16,0.250979489158313,0.4879330417411732,,,0.36,1.22,0.033,0.11
2013-08-19,0.2701363795902893,0.49913217741278487,,,0.36,1.22,0.047,0.11
2013-08-20,0.2544150478066531,0.4431447787668577,,,0.36,1.19,0.032,0.11
2013-08-21,0.2712726774633949,0.47094415706481413,,,0.38,1.22,0.027,0.11
2013-08-22,0.2739923487433273,0.4746904160575952,,,0.42,1.2,0.035,0.111
2013-08-23,0.3208533958845132,0.5060559177588557,,,0.4,1.19,0.047,0.111
2013-08-26,0.2807134782494498,,,,0.41,1.18,0.041,0.111
2013-08-27,0.2720560712355855,0.4630818814395636,,,0.38,1.16,0.014,0.111
2013-08-28,0.2759354908311997,0.501468485763571,,,0.4,1.2,0.03,0.111
2013-08-29,0.268217176407747,0.4687283422630463,,,0.39,1.19,0.023,0.114
2013-08-30,0.2727822960707846,0.4746451638490916,,,0.39,1.19,-0.008,0.115
2013-09-02,0.2906189133475063,0.5065817539887338,2.594,,,,0.012,0.116
2013-09-03,0.2894088801644279,0.5332837212533625,2.652,,0.43,1.22,0.007,0.116
2013-09-04,0.299443307086217,0.5360601347582656,2.714,,0.46,1.23,0.011,0.116
2013-09-05,0.3533788970112552,0.6229061287555363,2.752,,0.52,1.29,0.021,0.117
2013-09-06,0.2973915331011283,0.5733415841754143,2.79,,0.46,1.29,-0.007,0.117
2013-09-09,0.2996166729265836,0.5866674423690578,2.734,,0.45,1.28,0.005,0.118
2013-09-10,0.327256662502184,0.6034219233102648,2.814,,0.5,1.31,0.013,0.118
2013-09-11,0.3016324215569881,0.5855974588861673,2.805,,0.47,1.29,0.022,0.119
2013-09-12,0.2736557179583503,0.5593171786480171,2.699,,0.45,1.28,0.016,0.119
2013-09-13,0.2790740752924878,0.5483814894103244,2.739,,0.45,1.28,0.008,0.119
2013-09-16,0.2639610326516042,0.5515285363820661,2.69,,0.41,1.26,-0.005,
2013-09-17,0.2736660620503444,0.579887328025042,2.736,,0.39,1.26,-0.008,0.115
2013-09-18,0.2879263320140524,0.6313519256940504,2.745,,0.34,1.23,-0.006,0.115
2013-09-19,0.2411584383465137,0.5660876254359608,2.622,,0.34,1.22,0.003,0.11
2013-09-20,0.2569191924984459,0.5712642442126518,2.66,,0.34,1.22,0.003,0.1
2013-09-23,0.2351542109673823,0.5582182798030128,2.68,,0.35,1.21,0.011,
2013-09-24,0.2219595253045341,0.5002085201174021,2.631,,0.35,1.21,-0.008,0.096
2013-09-25,0.2354831449091885,0.5008186492333087,2.602,,0.36,1.21,0.002,0.101
2013-09-26,0.2346666756139739,0.514559878035831,2.613,,0.34,1.22,0.021,0.101
2013-09-27,0.2104915848129795,0.4997392697690968,2.607,,0.34,1.2,0.008,0.1
2013-09-30,0.219325764165057,0.5095807278082445,2.57,,0.33,1.19,-0.024,0.107
2013-10-01,0.2132588616350794,0.5089845491771876,2.637,,0.33,1.19,-0.019,0.108
2013-10-02,0.2123663669138658,0.48939786768073107,2.639,,0.31,1.18,-0.007,0.1
2013-10-03,0.2161506580607479,0.48854539684168513,2.635,,0.33,1.18,-0.007,0.097
2013-10-04,0.2189390134565747,0.5237781275952675,2.68,,0.33,1.19,-0.018,0.097
2013-10-07,0.2030730798711344,0.5018411037210109,,,0.37,1.19,-0.044,0.096
2013-10-08,0.222744945327026,0.5020185265264376,2.714,,0.4,1.19,-0.034,0.096
2013-10-09,0.2216549635709324,0.4899580886803316,2.737,,0.37,1.2,-0.026,0.096
2013-10-10,0.2310383370312898,0.4975344838061139,2.798,,0.35,1.21,-0.06,0.091
2013-10-11,0.2220445309277834,0.5022819253727647,2.784,,0.35,1.21,-0.065,0.091
2013-10-14,0.2213240546501254,0.5191160800527082,2.756,,,,-0.058,
2013-10-15,0.2291317898843758,0.565163376591607,2.816,,0.37,1.23,-0.039,0.095
2013-10-16,0.2623143676516357,0.5737605338881102,2.82,,0.34,1.21,-0.027,0.095
2013-10-17,0.2286105102928632,0.5457639245287493,2.731,,0.33,1.18,-0.02,0.1
2013-10-18,0.2087903111484799,0.537218449525826,2.723,,0.33,1.18,-0.032,0.1
2013-10-21,0.2147330354931389,0.557329560898495,2.711,,0.33,1.2,-0.034,0.1
2013-10-22,0.1936556173645445,0.4912670768818207,2.736,,0.31,1.17,-0.032,0.101
2013-10-23,0.1878319402775443,0.476889943862317,2.679,,0.31,1.11,-0.042,0.101
2013-10-24,0.1955266283998344,0.5129094068173194,2.678,,0.33,1.09,-0.042,0.101
2013-10-25,0.212379801880759,0.5044010906921439,2.675,,0.32,1.08,-0.045,0.102
2013-10-28,0.210344333785251,0.512903870676551,2.685,,0.32,1.08,-0.024,0.102
2013-10-29,0.2099352281476489,0.4884610520705332,2.65,,0.31,1.09,-0.029,0.098
2013-10-30,0.1856831357148278,0.46280898939219284,2.617,,0.33,1.1,-0.021,0.097
2013-10-31,0.148712521112095,0.49352997405964094,2.682,,0.31,1.1,0.0,0.097
2013-11-01,0.1388034668993945,0.49717817996253866,2.722,,0.33,1.13,-0.012,0.097
2013-11-04,0.1358649543742487,0.48221152282532403,2.803,,0.32,1.12,-0.018,
2013-11-05,0.1774067975877322,0.544238156933465,2.798,,0.32,1.13,-0.028,0.096
2013-11-06,0.1749262969602423,0.531029522143728,2.825,,0.3,1.12,-0.015,0.096
2013-11-07,0.1136431034026683,0.4804361621966831,2.776,,0.29,1.1,-0.026,0.091
2013-11-08,0.1426435636319123,0.5487511833553805,2.753,,0.32,1.13,-0.049,0.091
2013-11-11,0.1404817155207971,0.5668060572318111,2.803,,,,-0.048,0.09
2013-11-12,0.1317226116017713,0.5405403017625565,2.838,,0.34,1.14,-0.038,0.09
2013-11-13,0.1123485227659246,0.5447041415246381,2.799,,0.32,1.12,-0.033,0.09
2013-11-14,0.1180882577405255,0.5239646203751226,2.764,,0.29,1.1,-0.048,0.095
2013-11-15,0.1262480072273284,0.49729880768338547,2.748,,0.31,1.12,-0.036,0.095
2013-11-18,0.1219137777018675,0.5021498319121116,2.748,,0.31,1.1,-0.051,0.095
2013-11-19,0.1285453443494111,0.5277923288369957,2.768,,0.29,1.12,-0.045,0.095
2013-11-20,0.1335583287206168,0.5210655349002187,2.787,,0.28,1.12,-0.036,0.095
2013-11-21,0.1369851944341791,0.5352372480462545,2.808,,0.29,1.08,-0.055,0.095
2013-11-22,0.1515011872938361,0.5232832540032832,2.786,,0.31,1.08,-0.061,0.095
2013-11-25,0.1473285604093517,0.5144466145901804,2.772,,0.3,1.1,-0.084,0.095
2013-11-26,0.1408993428195031,0.5113307888513893,2.74,,0.29,1.1,-0.076,0.095
2013-11-27,0.1449526780929506,0.5312085367176321,2.721,,0.28,1.1,-0.08,0.096
2013-11-28,0.1413852602534868,0.5199582479083896,2.759,,,1.09,-0.068,0.088
2013-11-29,0.1425077566575052,0.5399451538916036,2.735,,0.28,1.1,-0.076,0.083
2013-12-02,0.1517112918867278,0.5857650979007614,2.79,,0.3,1.11,-0.077,0.082
2013-12-03,0.1502850902175305,0.5701303383300113,2.809,,0.28,1.07,-0.087,0.082
2013-12-04,0.171137437668595,0.5964255394053168,2.762,,0.3,1.06,-0.076,0.082
2013-12-05,0.2125215597453187,0.5947263020476152,2.786,,0.3,1.08,-0.09,0.082
2013-12-06,0.2256740092133995,0.5967848060511258,2.805,,0.3,1.09,-0.065,0.086
2013-12-09,0.2261715397388553,0.6036042000967139,2.764,,0.3,1.08,-0.076,0.086
2013-12-10,0.226637693830042,0.577172620059336,2.769,,0.3,1.08,-0.08,0.086
2013-12-11,0.2400453333779308,0.5676524143474294,2.72,,0.31,1.09,-0.082,0.091
2013-12-12,0.2604608161469102,0.5910511410683285,2.692,,0.34,1.1,-0.087,0.09
2013-12-13,0.261790556709045,0.580039812390506,2.676,,0.34,1.1,-0.091,0.095
2013-12-16,0.2602428243761689,0.568350750841412,2.632,,0.34,1.11,-0.097,0.095
2013-12-17,0.2504815644959386,0.5538156075249999,2.637,,0.34,1.11,-0.102,0.095
2013-12-18,0.2531631371111982,0.5858199895398034,2.627,,0.32,1.11,-0.083,0.1
2013-12-19,0.2574269176333685,0.650128907379945,2.667,,0.35,1.14,-0.085,0.1
2013-12-20,0.2601366284257311,0.6530132351540994,2.667,,0.37,1.11,-0.089,0.1
2013-12-23,0.2519541118329451,0.690005548226138,2.67,,0.38,1.13,-0.084,
2013-12-24,0.250463398178808,0.7099988920301428,2.658,,0.38,1.13,,0.1
2013-12-25,,,,,,,,0.098
2013-12-26,,,,,0.42,,,0.098
2013-12-27,0.2720007568628118,0.7748751842214421,2.709,,0.4,1.15,-0.071,0.098
2013-12-30,0.2540546121730385,0.7129695248167126,2.7,,0.39,1.13,-0.071,0.098
2013-12-31,0.2482694912188021,0.716431714555458,2.676,,0.38,1.13,,
2014-01-02,0.2541735149590778,0.6799130242352175,2.739,,0.39,1.13,,
2014-01-03,0.2493429255966885,0.6842355369000298,,,0.41,1.14,-0.066,
2014-01-06,0.240272391043641,0.6511283507406591,2.755,,0.4,1.13,-0.082,0.091
2014-01-07,0.2436146136617489,0.6632448448029721,2.72,,0.4,1.11,-0.083,0.091
2014-01-08,0.2461059738793487,0.7152773773165169,2.713,,0.43,1.11,-0.09,0.091
2014-01-09,0.247340866454957,0.719493111885106,2.762,,0.44,1.1,-0.089,0.091
2014-01-10,0.2214768746335282,0.6702208718038257,2.734,,0.39,1.02,-0.088,0.091
2014-01-13,0.2150492669731596,0.6284762617156905,2.713,,0.39,1.04,-0.116,
2014-01-14,0.2282490342670691,0.6503180091990673,2.688,,0.39,1.05,-0.092,0.09
2014-01-15,0.2465700728848006,0.6714141644160919,2.713,,0.41,1.06,-0.074,0.09
2014-01-16,0.2220829823394234,0.6416240746343906,2.635,,0.41,1.04,-0.064,0.09
2014-01-17,0.2061207199541916,0.667583539319934,2.573,,0.4,1.02,-0.075,0.09
2014-01-20,0.2003644847578876,0.67955539748291,2.566,,,1.02,-0.082,0.091
2014-01-21,0.1983559609182785,0.6898240590845799,2.604,,0.4,1.03,-0.085,0.091
2014-01-22,0.2078992409172833,0.7418947777042806,2.72,,0.44,1.01,-0.088,0.091
2014-01-23,0.1987189960530395,0.6993793332050281,2.688,,0.39,0.97,-0.085,0.091
2014-01-24,0.1730981676970806,0.6793832469631677,2.558,,0.37,0.97,-0.109,0.091
2014-01-27,0.1834622723055656,0.6949728497238582,,,0.37,0.99,-0.093,0.091
2014-01-28,0.1789498579464474,0.7084658554825006,2.559,,0.38,0.97,-0.094,0.091
2014-01-29,0.1643540454413079,0.6541711256348054,2.637,,0.36,0.96,-0.094,0.091
2014-01-30,0.1403023580507452,0.6624414899558829,2.57,,0.36,0.97,-0.113,0.088
2014-01-31,0.1075917425352668,0.6400128300772526,2.581,,0.34,0.95,-0.109,0.085
2014-02-03,0.1059171707134249,0.6201789677153422,2.595,,0.3,0.93,-0.122,0.082
2014-02-04,0.1076109028482834,0.617081844902481,2.635,,0.31,0.96,-0.119,0.082
2014-02-05,0.1096821592033574,0.6110561508872919,2.651,,0.32,0.98,-0.095,0.082
2014-02-06,0.1542773659145728,0.6364956907572594,2.695,,0.33,0.98,-0.081,0.081
2014-02-07,0.1238674107544679,0.6071960815067395,2.738,,0.3,0.98,-0.071,0.076
2014-02-10,0.1340463076509741,0.6090351438632966,2.729,,0.32,0.98,-0.077,0.071
2014-02-11,0.1360091442200328,0.630069263029649,2.764,,0.35,1.01,-0.071,
2014-02-12,0.1296222900001251,0.7129447556955916,2.78,,0.35,1.03,-0.065,0.07
2014-02-13,0.1156591401488973,0.6801215681738362,2.722,,0.32,1.02,-0.064,0.07
2014-02-14,0.1275318077119447,0.6910608087753065,2.694,,0.32,1.01,-0.079,0.075
2014-02-17,0.1273280413545761,0.6665525207457855,2.734,,,,-0.087,0.07
2014-02-18,0.1295156211938821,0.6460449421196984,2.751,,0.31,1.0,-0.07,0.075
2014-02-19,0.1204131042185121,0.63110265417041,2.715,,0.33,1.0,-0.08,0.085
2014-02-20,0.1330460353127875,0.6803488446420731,2.707,,0.34,1.0,-0.073,0.08
2014-02-21,0.1290578422176054,0.6599930243697273,2.758,,0.33,1.01,-0.079,0.08
2014-02-24,0.1412346984224464,0.6535419219321318,2.714,,0.35,1.03,-0.073,0.08
2014-02-25,0.1386314577582292,0.6651100353501654,2.713,,0.34,1.02,-0.067,0.08
2014-02-26,0.115010379158579,0.6695294716393583,2.687,,0.33,1.0,-0.058,0.08
2014-02-27,0.0961266176767847,0.6501807688199404,2.617,,0.33,0.99,-0.06,0.073
2014-02-28,0.1554750532464797,0.6561903162803515,2.598,,0.33,1.0,-0.074,0.073
2014-03-03,0.1335660669356491,0.6356727827397602,2.561,,0.32,0.99,-0.075,0.072
2014-03-04,0.1237309061048206,0.6509460530601967,2.614,,0.33,1.03,-0.077,0.072
2014-03-05,0.1319035076904682,0.6523438053475494,2.674,,0.33,1.03,-0.05,0.072
2014-03-06,0.1739469783626015,0.6631727974699965,2.722,,0.37,1.05,-0.051,0.072
2014-03-07,0.1914344404242554,0.65930022845896,2.747,,0.38,1.05,-0.038,0.072
2014-03-10,0.1781051231361123,0.673249169691644,2.756,,0.37,1.04,0.005,0.071
2014-03-11,0.179734509217146,0.6700283171771616,2.735,,0.37,1.03,-0.006,0.071
2014-03-12,0.1662084306515603,0.6679448010525224,2.723,,0.37,1.02,-0.021,0.076
2014-03-13,0.1605218081213162,0.6351804257440159,2.78,,0.34,1.01,-0.024,0.081
2014-03-14,0.1493733532375447,0.6414799630165108,2.682,,0.36,1.01,-0.021,0.08
2014-03-17,0.1618114824798788,0.6583152407083809,2.715,,0.38,1.03,-0.028,0.08
2014-03-18,0.1678601943924151,0.6637923058690824,2.748,,0.36,1.0,-0.026,0.08
2014-03-19,0.1792655713644539,0.66711998145055,2.737,,0.47,1.06,-0.042,0.075
2014-03-20,0.2237131706092068,0.7024048515360583,2.778,,0.45,1.07,-0.019,0.075
2014-03-21,0.2207849223799232,0.7029426679084169,2.801,,0.45,1.07,-0.024,
2014-03-24,0.2032457105493983,0.6867233858594504,2.807,,0.47,1.07,-0.024,0.074
2014-03-25,0.1818032652959815,0.708218017095001,2.766,,0.47,1.07,-0.034,0.074
2014-03-26,0.1630278402725231,0.7096144799701238,2.785,,0.45,1.06,-0.024,0.079
2014-03-27,0.141661418454793,0.7132378465707359,2.779,,0.45,1.06,-0.03,0.08
2014-03-28,0.1518692874135343,0.7590058044140303,2.761,,0.45,1.07,-0.043,0.088
2014-03-31,0.1717926110965528,0.760141167295398,2.782,,0.44,1.07,-0.031,0.087
2014-04-01,0.1773126315198685,0.7473121337325769,2.81,,0.44,1.07,-0.033,0.082
2014-04-02,0.1898221416696195,0.761616174799379,2.821,,0.47,1.1,-0.025,0.082
2014-04-03,0.1892768692139976,0.7419581484133316,2.829,,0.46,1.1,-0.02,0.082
2014-04-04,0.1684693596151061,0.7081164004655917,2.809,,0.43,1.09,-0.024,0.082
2014-04-07,0.1575481446568631,0.6990206185997471,2.763,,0.41,1.08,-0.036,0.081
2014-04-08,0.1715860462640943,0.7192412458526661,2.765,,0.4,1.08,-0.041,0.081
2014-04-09,0.187303455486417,0.7190056736598683,2.762,,0.37,1.07,-0.033,0.081
2014-04-10,0.1685462312404611,0.6751166723450914,2.789,,0.37,1.05,-0.04,0.081
2014-04-11,0.1594431031206973,0.6884822473764589,2.762,,0.37,1.04,-0.024,0.081
2014-04-14,0.1599222177366051,0.7057326909212831,2.732,,0.37,1.05,-0.048,0.09
2014-04-15,0.1535168912205171,0.6871893546642347,2.755,,0.39,1.04,-0.023,0.09
2014-04-16,0.1464901078468501,0.7261318225796375,2.751,,0.39,1.05,-0.023,0.09
2014-04-17,0.1653160616415463,0.7707597919355308,2.739,,0.43,1.07,-0.019,0.09
2014-04-18,,,,,,,,0.09
2014-04-21,,,,,0.42,1.07,,0.09
2014-04-22,0.1846907685482341,0.8111763559343081,2.774,,0.45,1.07,-0.024,0.09
2014-04-23,0.1924935320662086,0.7642627862478554,2.727,,0.43,1.06,-0.006,0.09
2014-04-24,0.1896396999170324,0.7857922292665309,2.711,,0.43,1.07,-0.005,0.089
2014-04-25,0.1835522530291196,0.7569974493613848,,,0.43,1.06,-0.004,0.088
2014-04-28,0.1953905932829509,0.7699850342273825,2.7,,0.44,1.07,-0.017,0.088
2014-04-29,0.1739222055400282,0.7778752147590716,,,0.44,1.08,0.021,
2014-04-30,0.1575993413145648,0.7691452060290378,2.732,,0.42,1.06,0.005,0.088
2014-05-01,,0.75703006992717,2.727,,0.41,1.05,,0.085
2014-05-02,0.1475326018555391,0.775537558280856,2.722,,0.42,1.07,0.017,0.085
2014-05-05,0.1386184565922317,,,,0.43,1.07,0.007,
2014-05-06,0.155778652546207,0.830081351506301,2.696,,0.43,1.07,0.022,
2014-05-07,0.1667285653820251,0.8310134176944004,2.675,,0.41,1.07,0.026,0.085
2014-05-08,0.1368925954844972,0.8024211271643203,2.703,,0.4,1.07,0.023,0.085
2014-05-09,0.1261004379288532,0.8287241258795597,2.686,,0.4,1.06,0.007,0.081
2014-05-12,0.1344186171047665,0.8683458890279119,2.698,,0.41,1.07,-0.002,0.081
2014-05-13,0.1075221882258912,0.8302306100316423,2.704,,0.39,1.06,-0.003,0.08
2014-05-14,0.0867069864965626,0.7627788644865318,2.686,,0.39,1.04,-0.012,0.085
2014-05-15,0.0663519556758545,0.7375280180824338,2.672,,0.38,1.03,-0.013,0.085
2014-05-16,0.0828256233602084,0.7780031748394202,2.667,,0.38,1.04,0.008,0.085
2014-05-19,0.0790554411868345,0.7832507851329097,2.657,,0.36,,-0.005,0.085
2014-05-20,0.0786626876573737,0.7952144179615983,2.67,,0.35,1.04,-0.001,0.085
2014-05-21,0.0880553684102158,0.8228582389153496,2.6,,0.37,1.05,0.002,0.085
2014-05-22,0.0721075593980926,0.8211219745058892,2.645,,0.37,1.05,0.002,0.085
2014-05-23,0.0683052993764987,0.7995369050810993,2.658,,0.37,1.05,0.0,0.085
2014-05-26,0.0604421950302782,,2.638,,,1.06,-0.004,0.085
2014-05-27,0.0520424230520202,0.8041491233878973,2.66,,0.39,1.05,-0.014,0.085
2014-05-28,0.0445448971522388,0.7533889906572391,2.653,,0.37,1.04,-0.007,0.091
2014-05-29,0.0508309574071206,0.7580692957493282,2.617,,0.37,1.05,,0.088
2014-05-30,0.0638350763972521,0.7789888567521873,2.623,,0.37,1.05,-0.027,0.088
2014-06-02,0.0509106008221325,0.8025753143681514,2.626,,0.39,1.06,-0.026,0.087
2014-06-03,0.0684268854270615,0.8210986332716005,2.644,,0.41,1.07,-0.05,0.087
2014-06-04,0.0569611914026433,0.8391572625423648,2.687,,0.41,1.06,-0.033,0.087
2014-06-05,0.0487144499024352,0.8062791700024565,2.68,,0.4,1.06,-0.045,0.087
2014-06-06,0.020977410784865,0.8114417579461514,2.685,,0.41,1.06,-0.054,0.086
2014-06-09,0.0350881077151656,0.8401786248031181,,,0.43,1.07,,0.086
2014-06-10,0.042803845899225,0.8680092731679714,2.694,,0.45,1.08,-0.054,0.086
2014-06-11,0.0299748481679009,0.8572015919305257,2.727,,0.44,1.07,-0.029,0.081
2014-06-12,0.0169525883356693,0.8702547239441246,2.69,,0.42,1.07,-0.049,0.081
2014-06-13,0.0127356189521408,0.9961787708073425,2.686,,0.45,1.09,-0.045,0.081
2014-06-16,0.0096981057443938,1.0304197809241342,2.673,,0.49,1.1,-0.041,0.085
2014-06-17,0.0228198145952891,1.048562947557739,2.614,,0.51,1.11,-0.043,0.085
2014-06-18,0.0198297853704163,1.0085105500565485,2.631,,0.48,1.1,-0.015,0.085
2014-06-19,0.0075921940126608,1.021850242802281,2.576,,0.48,1.07,-0.021,0.085
2014-06-20,0.0228791299088975,1.039575584042358,2.585,,0.5,1.14,-0.012,0.085
2014-06-23,0.0108687561492319,1.0174868499637744,2.603,,0.48,1.14,-0.016,0.084
2014-06-24,0.0152369102731069,1.0172061034719915,2.559,,0.49,1.12,-0.009,0.084
2014-06-25,0.0037925193007604,0.9702456541622132,2.53,,0.48,1.11,0.025,0.084
2014-06-26,0.0021943269757711,0.9779344340689329,2.53,,0.46,1.11,0.033,0.083
2014-06-27,0.015370152214988,0.9880430503604367,2.512,,0.45,1.12,0.036,0.075
2014-06-30,0.016415252528116,1.0163488241645813,2.531,,0.47,1.1,0.032,0.073
2014-07-01,0.0012467245288907,1.0479415256965312,2.567,,0.47,,0.031,0.067
2014-07-02,0.0096847532671517,1.083303176652221,2.544,,0.49,1.13,0.037,0.072
2014-07-03,0.002060123826741,1.0642305276048198,2.499,,0.52,1.13,0.04,0.072
2014-07-04,-0.0074855369309672,1.0749230944696937,2.531,,,1.13,0.043,0.072
2014-07-07,-0.0036564196774606,1.0635846526733068,2.545,,0.52,1.13,0.031,0.071
2014-07-08,-0.010569212085508,1.0203131329791346,2.56,,0.51,1.11,0.017,0.065
2014-07-09,-0.0068372771341631,1.0499955658984037,2.534,,0.51,1.12,0.024,0.061
2014-07-10,-0.0120032424632645,1.037005097864618,2.49,,0.46,1.12,0.034,0.061
2014-07-11,-0.0103150380198155,1.010228926120645,2.459,,0.48,1.1,0.023,0.061
2014-07-14,-0.0037722716389505,1.005809733953853,2.489,,0.48,1.09,0.026,0.06
2014-07-15,-0.0128010304999683,1.0602010300899996,2.471,,0.49,1.1,0.029,0.065
2014-07-16,-0.0074118336128865,1.0580812956716472,2.464,,0.5,1.09,0.043,0.065
2014-07-17,-0.0108531271572203,1.0120663897125688,2.476,,0.47,1.07,0.021,0.065
2014-07-18,-0.0056607479640464,1.0285822771619177,2.471,,0.51,1.08,0.019,0.065
2014-07-21,-0.0038723973420666,1.0121411519584034,2.518,,0.51,1.08,0.006,
2014-07-22,0.0024982995032023,1.0339425086430356,2.527,,0.49,1.08,0.002,0.07
2014-07-23,-0.002230724028029,1.0139217610534734,2.566,,0.5,1.08,0.001,0.07
2014-07-24,0.0027256470098158,1.0498623128630324,2.58,,0.53,1.1,0.013,0.07
2014-07-25,-0.0061203340424174,1.029551848683634,2.576,,0.53,1.08,0.017,0.07
2014-07-28,-0.0019713981644229,1.0433820905819005,2.569,,0.54,1.09,0.019,0.075
2014-07-29,-0.0047377499964609,1.0306874527185534,2.593,,0.54,1.08,0.024,0.068
2014-07-30,0.00233109462823,1.0592610806845988,2.568,,0.56,1.1,0.016,0.068
2014-07-31,0.0056386898885172,1.0433395168717063,2.603,,0.53,1.1,0.033,0.067
2014-08-01,-0.005863682096113,1.0059641263135972,2.623,,0.47,1.07,,0.067
2014-08-04,-0.0051649296774027,1.0010801868575607,,,0.47,,0.008,0.067
2014-08-05,0.0049305195408004,1.0288509783538726,2.606,,0.47,1.07,0.021,0.067
2014-08-06,-0.0151303640202717,1.0151943853529513,2.634,,0.48,1.08,0.051,0.066
2014-08-07,-0.012322050897807,1.001156989756549,2.536,,0.44,1.07,0.018,0.066
2014-08-08,-0.0151757737490565,0.993010446771712,2.445,,0.45,1.05,0.033,0.066
2014-08-11,-0.0187197727669747,1.0188576509484257,2.529,,0.47,1.06,0.035,0.066
2014-08-12,-0.0167397583543484,1.0106838761972432,2.547,,0.45,1.08,0.03,0.066
2014-08-13,-0.0217928831441058,0.9222051413483807,2.564,,0.43,1.07,0.036,0.065
2014-08-14,-0.0233872667110248,0.9117179374922706,2.508,,0.42,1.06,0.039,0.065
2014-08-15,-0.0238665211122826,0.8785001387392368,,,0.42,1.05,0.035,0.07
2014-08-18,-0.0244165351673837,0.931035462358327,2.501,,0.44,1.07,0.033,0.07
2014-08-19,-0.0291691302302425,0.8978911326742449,2.527,,0.46,1.07,0.03,0.07
2014-08-20,-0.0351419806886768,0.9343736598914385,2.552,,0.49,1.09,0.043,0.075
2014-08-21,-0.0304699696645283,0.9116243687204238,2.588,,0.49,1.09,0.044,0.075
2014-08-22,-0.0231021924326402,0.9291325723418162,2.605,,0.53,1.09,0.038,0.081
2014-08-25,-0.0616782062488852,,2.597,,0.53,1.09,0.023,0.081
2014-08-26,-0.0458402576226575,0.9039935071502555,2.55,,0.52,1.1,0.03,0.081
2014-08-27,-0.0565417743537386,0.8700010644776836,2.533,,0.51,1.1,0.026,0.081
2014-08-28,-0.0456866587391115,0.8846927950689555,2.553,,0.5,1.1,0.011,0.073
2014-08-29,-0.0473967107675532,0.8800704248952106,2.544,,0.48,1.1,0.001,0.073
2014-09-01,-0.0615991438754828,0.8904900776414079,2.555,,,,-0.009,0.072
2014-09-02,-0.0536016685010647,0.8982011711609782,2.585,,0.53,1.12,-0.004,0.072
2014-09-03,-0.0475523967673496,0.9142763052344206,2.616,,0.52,1.12,0.017,0.077
2014-09-04,-0.0978001663553964,0.9156771290344459,2.609,,0.54,1.12,0.014,0.077
2014-09-05,-0.1039730634904638,0.8705184623488447,2.634,,0.52,1.11,0.006,0.076
2014-09-08,-0.1046675991114423,0.8340588890480317,2.628,,0.54,1.12,-0.007,0.072
2014-09-09,-0.097539630445246,0.8532608543231216,2.691,,0.56,1.14,-0.01,0.071
2014-09-10,-0.0902472404855374,0.86212453334305,2.694,,0.58,1.15,-0.001,0.071
2014-09-11,-0.0911994986267723,0.8749292702752884,2.725,,0.58,1.14,-0.019,0.075
2014-09-12,-0.0725965913227399,0.9040455029897622,2.712,,0.58,1.16,-0.017,0.075
2014-09-15,-0.0870099932571002,0.9017496496127774,,,0.58,1.15,-0.027,
2014-09-16,-0.0777497029410723,0.8960766203644134,2.693,,0.55,1.15,-0.028,0.08
2014-09-17,-0.0900588688259178,0.9181114374071424,2.709,,0.59,1.16,-0.029,0.075
2014-09-18,-0.0669291348569229,0.9520649337090998,2.758,,0.59,1.17,-0.026,0.075
2014-09-19,-0.0837295255921461,0.9550227993720591,2.765,,0.59,1.17,-0.015,0.07
2014-09-22,-0.0889171022880508,0.9531731049334864,2.711,,0.58,1.15,-0.023,0.069
2014-09-23,-0.0676634389948822,0.9412692269915683,2.64,,0.57,1.12,-0.024,
2014-09-24,-0.0769941681516268,0.9519572479922167,2.687,,0.59,1.14,-0.018,0.064
2014-09-25,-0.0901707520006849,0.9323189880414116,2.662,,0.56,1.12,-0.005,0.064
2014-09-26,-0.0942846850941911,0.933807222366444,2.625,,0.59,1.13,-0.001,0.064
2014-09-29,-0.0922217562804594,0.9229437857912355,2.618,,0.58,1.12,-0.014,0.08
2014-09-30,-0.0965022800761432,0.9157938253262808,2.602,,0.58,1.13,-0.009,0.078
2014-10-01,-0.1059627800261151,0.8800909553959585,2.607,,0.53,1.1,-0.015,0.07
2014-10-02,-0.0966497354415407,0.8499382380722372,2.584,,0.53,1.1,-0.014,0.065
2014-10-03,-0.0779789095431975,0.8882067012233692,2.616,,0.57,1.13,-0.003,0.06
2014-10-06,-0.086584127544727,0.8664387351525141,,,0.54,1.11,-0.009,0.06
2014-10-07,-0.0877690283081604,0.8330529268645082,2.591,,0.52,1.08,-0.011,0.059
2014-10-08,-0.0869696347226067,0.8097265066864687,2.581,,0.46,1.05,-0.007,0.05
2014-10-09,-0.099361839274533,0.8037034597194619,2.568,,0.46,1.06,0.0,0.049
2014-10-10,-0.0856488895963658,0.7803238238013357,2.541,,0.45,1.05,0.002,0.049
2014-10-13,-0.0715204288284803,0.7290772074795532,2.521,,,,-0.001,
2014-10-14,-0.0846027622470901,0.6927806641920927,2.522,,0.39,0.98,-0.007,0.045
2014-10-15,-0.0946436037744784,0.5858943950117012,2.558,,0.34,0.91,-0.023,0.045
2014-10-16,-0.0719161520790945,0.6886135149900404,2.484,,0.35,0.92,-0.03,0.045
2014-10-17,-0.0626273708252416,0.7575026821908829,2.514,,0.39,0.97,-0.012,0.015
2014-10-20,-0.0730473158596121,0.7335015960468118,2.53,,0.37,0.96,-0.017,0.025
2014-10-21,-0.0657296646366396,0.7399456898456397,2.455,,0.38,0.97,-0.032,0.025
2014-10-22,-0.0636410780250762,0.7435721389290799,2.475,,0.41,0.99,-0.038,0.03
2014-10-23,-0.065295882048276,0.7499921642742817,2.478,,0.41,1.0,-0.029,0.03
2014-10-24,-0.0652286989699124,0.7576895340527164,2.487,,0.41,1.0,-0.024,0.019
2014-10-27,-0.0595127840021336,0.7305196045406976,2.51,,0.41,1.0,-0.036,0.024
2014-10-28,-0.0639671087545257,0.733170144791735,2.472,,0.42,1.01,-0.043,0.018
2014-10-29,-0.0605834357779087,0.7244148633066608,2.51,,0.48,1.04,-0.038,0.02
2014-10-30,-0.0779384077526401,0.7181718898518552,2.524,,0.48,1.04,-0.042,0.02
2014-10-31,-0.0826690687449698,0.7426267203887144,2.5,,0.5,1.02,-0.042,0.03
2014-11-03,-0.0786524595747577,0.7820889590273119,2.481,,0.52,0.99,-0.048,
2014-11-04,-0.0776693318663475,0.7522887130432847,2.508,,0.52,0.98,-0.052,0.02
2014-11-05,-0.0821962963296334,0.771009344862731,2.493,,0.52,1.0,-0.062,0.02
2014-11-06,-0.0872766534648827,0.7586916585758439,2.495,,0.54,1.02,-0.068,0.03
2014-11-07,-0.0886650127680819,0.730786621425908,2.542,,0.51,1.02,-0.081,0.03
2014-11-10,-0.0831299309479853,0.7270904008932713,2.514,,0.55,1.03,-0.088,0.025
2014-11-11,-0.080708330029743,0.7583187254454591,2.539,,,,-0.101,0.03
2014-11-12,-0.0840209364572466,0.7152656986652749,2.551,,0.55,1.01,-0.136,0.045
2014-11-13,-0.0815239638960556,0.7012652525898262,2.558,,0.53,1.01,-0.134,0.03
2014-11-14,-0.0834741019077225,0.6745675445939068,2.554,,0.54,1.01,-0.143,0.02
2014-11-17,-0.0730568064581378,0.6532099339323291,2.535,,0.54,1.0,-0.143,0.015
2014-11-18,-0.0752249968063596,0.6681626409124218,2.541,,0.53,1.0,-0.155,0.015
2014-11-19,-0.0458306275497291,0.6839026801294104,2.522,,0.54,1.02,-0.148,0.01
2014-11-20,-0.0558231583775308,0.6620955805070141,2.523,,0.53,1.01,-0.14,0.009
2014-11-21,-0.0679493513680351,0.6270627477779855,2.523,,0.53,1.03,-0.141,0.009
2014-11-24,-0.0704477347813306,0.6365528411204163,2.519,,0.53,1.02,-0.152,
2014-11-25,-0.0726130962495035,0.6181583989527257,2.492,,0.51,1.01,-0.146,0.009
2014-11-26,-0.0709917761949028,0.5948708069906676,2.449,,0.53,1.0,-0.148,0.008
2014-11-27,-0.0748038326726319,0.5747749888218707,2.455,,,0.99,-0.128,0.008
2014-11-28,-0.0667006797005105,0.5956525715300202,2.424,,0.47,0.95,-0.134,0.01
2014-12-01,-0.0585325333820647,0.5713423304524949,2.383,,0.49,0.95,-0.139,0.007
2014-12-02,-0.0514599609062331,0.626885073231257,2.44,,0.55,1.01,-0.13,0.002
2014-12-03,-0.0617956699173101,0.660854077147335,2.385,,0.57,1.03,-0.113,-0.003
2014-12-04,-0.0610599386427632,0.6359555753447612,2.369,,0.55,1.01,-0.098,-0.003
2014-12-05,-0.056357774284768,0.6728351932965725,2.312,,0.65,1.04,-0.078,-0.003
2014-12-08,-0.0638372157580215,0.6507079240000773,2.344,,0.64,1.02,-0.096,-0.004
2014-12-09,-0.0615561461388685,0.6056039649461326,2.307,,0.64,1.02,-0.108,-0.004
2014-12-10,-0.0601446429641279,0.6192434345243094,2.277,,0.59,0.99,-0.094,0.001
2014-12-11,-0.0616723782355475,0.6245359092458342,2.246,,0.62,1.02,-0.081,0.001
2014-12-12,-0.06673375497685,0.557944748265846,2.31,,0.56,0.97,-0.062,0.005
2014-12-15,-0.0648555882157948,0.5557713686956078,2.28,,0.6,0.98,-0.077,0.01
2014-12-16,-0.0697392670211427,0.5500715510456652,2.284,,0.58,0.95,-0.081,0.005
2014-12-17,-0.0748951113534874,0.5464376877080871,2.243,,0.62,1.0,-0.091,0.005
2014-12-18,-0.080096370326252,0.6105565210366661,2.267,,0.67,1.02,-0.182,-0.01
2014-12-19,-0.0873057683319236,0.5852336995233766,2.32,,0.67,1.01,-0.196,-0.035
2014-12-22,-0.0901097248538951,0.5688480164227885,2.269,,0.71,1.02,-0.223,-0.031
2014-12-23,-0.0932660807162206,0.5846930386096479,2.271,,0.73,1.05,-0.219,
2014-12-24,-0.0957752260596063,0.5995744316843926,2.285,,0.73,1.06,,-0.036
2014-12-25,,,,,,,,-0.026
2014-12-26,,,,,0.73,,,-0.028
2014-12-29,-0.1035949295957125,0.5439064843267521,2.262,,0.72,1.03,-0.249,-0.033
2014-12-30,-0.1136337042352924,0.5385638873760594,2.214,,0.69,1.02,-0.259,-0.028
2014-12-31,-0.1162599667172621,0.51611290364821,2.191,,0.67,1.01,,
2015-01-02,-0.1159417169391758,0.5021873210088708,2.224,,0.66,1.0,,
2015-01-05,-0.1136904946764816,0.4771265690352632,2.198,,0.68,0.98,-0.287,-0.027
2015-01-06,-0.1076053677063701,0.45760814929261695,2.196,,0.65,0.96,-0.259,-0.026
2015-01-07,-0.1167920912234565,0.47663427532428065,2.159,,0.62,0.97,-0.298,-0.025
2015-01-08,-0.1182212538996978,0.5036236586818804,2.204,,0.62,0.98,-0.285,-0.02
2015-01-09,-0.1264501051782476,0.4591468194247347,2.203,,0.59,0.95,-0.304,-0.029
2015-01-12,-0.1279719574150135,0.46240190518703067,2.195,,0.56,0.92,-0.331,
2015-01-13,-0.1310157509565424,0.4896537337948023,2.157,,0.54,0.91,-0.329,-0.03
2015-01-14,-0.1356224659371396,0.4716277572443214,2.146,,0.51,0.88,-0.344,-0.03
2015-01-15,-0.1612619141350202,0.47665107186075695,2.21,,0.44,0.81,-0.357,-0.025
2015-01-16,-0.1646247357850478,0.49450460728607504,2.129,,0.49,0.87,-0.608,-0.025
2015-01-19,-0.1674097951036328,0.48013345536521423,2.161,,,0.86,-0.738,-0.026
2015-01-20,-0.1502237123274383,0.48716466643824624,2.18,,0.53,0.85,-0.848,-0.031
2015-01-21,-0.1122389197494431,0.44071632898150015,2.144,,0.53,0.56,-0.835,-0.031
2015-01-22,-0.1534603599926254,0.44042742812096136,2.108,,0.53,0.55,-0.897,-0.02
2015-01-23,-0.1431751844696015,0.41152807594003793,2.119,,0.52,0.54,-1.138,-0.015
2015-01-26,-0.1231669908270289,0.4551317260879946,,,0.54,0.52,-1.163,-0.016
2015-01-27,-0.1180745230679589,0.4529343002144623,2.092,,0.54,0.49,-0.919,-0.005
2015-01-28,-0.1272113072234366,0.45289398931549263,2.154,,0.5,0.44,-0.812,0.003
2015-01-29,-0.145216604205804,0.4428458858448744,1.993,,0.51,0.45,-0.806,0.005
2015-01-30,-0.1420980107298464,0.41790971000092797,1.963,,0.47,0.39,-0.702,0.01
2015-02-02,-0.1542298879030115,0.45012766925879966,1.989,,0.49,0.39,-0.777,0.01
2015-02-03,-0.1593573289183394,0.49295913530730806,1.836,,0.52,0.43,-0.915,0.02
2015-02-04,-0.1709638050429393,0.5068716619876813,1.94,,0.52,0.4,-0.839,0.03
2015-02-05,-0.1685579383922515,0.5115819029706452,1.903,,0.52,0.43,-0.867,0.043
2015-02-06,-0.1779871963982288,0.5709523859006032,1.937,,0.65,0.49,-0.873,0.035
2015-02-09,-0.170895123023629,0.5372497126288704,1.972,,0.65,0.48,-0.886,0.045
2015-02-10,-0.1763123241047375,0.549450569850311,1.966,,0.67,0.43,-0.929,0.045
2015-02-11,-0.1735606690941047,0.5429293219635055,1.965,,0.67,0.43,-0.933,
2015-02-12,-0.1819430883312873,0.5024922723514823,1.876,,0.61,0.42,-0.89,0.04
2015-02-13,-0.1874567646667271,0.49680720846992305,1.861,,0.66,0.43,-0.954,0.04
2015-02-16,-0.1885987868444323,0.5061605264442438,1.879,,,,-0.971,0.045
2015-02-17,-0.1775887671017317,0.5384692081304834,1.872,,0.7,0.46,-0.971,0.035
2015-02-18,-0.1855126001225484,0.5835215560232438,1.901,,0.62,0.42,-0.871,0.04
2015-02-19,-0.1851740109489035,0.5563018806407832,1.849,,0.67,0.42,-0.872,0.035
2015-02-20,-0.1889554971223837,0.5397371846436805,1.872,,0.67,0.41,-0.895,0.034
2015-02-23,-0.1827884203536802,0.5562934164136623,1.88,,0.64,0.39,-0.89,0.033
2015-02-24,-0.1747800252721574,0.5455460726821021,1.87,,0.6,0.46,-0.838,0.029
2015-02-25,-0.1885157880819123,0.5293138959846564,1.864,,0.61,0.47,-0.803,0.023
2015-02-26,-0.2067671927064989,0.537455530878896,1.8,,0.66,0.5,-0.779,0.025
2015-02-27,-0.2010120048677314,0.5860701701449225,1.785,,0.63,0.47,-0.8,0.015
2015-03-02,-0.1860227618669232,0.5931077311959382,1.803,,0.66,0.49,-0.831,0.015
2015-03-03,-0.1815655884101954,0.6233437181593897,1.865,,0.68,0.5,-0.813,0.02
2015-03-04,-0.1744663742214082,0.628982843192221,1.909,,0.66,0.61,-0.798,0.015
2015-03-05,-0.1774210298950514,0.6076995252508288,1.921,,0.65,0.62,-0.758,0.007
2015-03-06,-0.1861277071337647,0.6514241854638837,1.908,,0.73,0.62,-0.681,0.007
2015-03-09,-0.1919520379084163,0.6477977861834018,1.961,,0.7,0.6,-0.709,0.016
2015-03-10,-0.2108014720431157,0.5829902474194095,1.934,,0.7,0.59,-0.751,0.03
2015-03-11,-0.2067221939761641,0.5900313092133915,1.866,,0.7,0.58,-0.765,0.03
2015-03-12,-0.2122770537875463,0.5553936886999101,1.824,,0.67,0.57,-0.775,0.016
2015-03-13,-0.2104870986177632,0.519245147135765,1.876,,0.68,0.55,-0.713,0.016
2015-03-16,-0.2009054681345352,0.5068543065839346,1.827,,0.66,0.54,-0.74,0.015
2015-03-17,-0.1781305760359247,0.5092818262190568,1.853,,0.7,0.54,-0.736,0.015
2015-03-18,-0.2051128307749669,0.4625973509031786,1.848,,0.57,0.49,-0.74,0.005
2015-03-19,-0.2126192576172207,0.43313155298960615,1.784,,0.63,0.48,-0.74,0.004
2015-03-20,-0.2143199236104517,0.4262293897620297,1.765,,0.6,0.46,-0.711,0.01
2015-03-23,-0.1972612535228263,0.4084793643000874,1.776,,0.6,0.45,-0.739,0.019
2015-03-24,-0.1956491082270998,0.41077558849954754,1.777,,0.58,0.46,-0.746,0.024
2015-03-25,-0.201750693500046,0.40224782790772284,1.747,,0.59,0.49,-0.755,0.03
2015-03-26,-0.2241479472175986,0.44073106346740054,1.751,,0.61,0.58,-0.727,0.03
2015-03-27,-0.2238468568540319,0.4092851376656786,1.787,,0.58,0.52,-0.734,0.035
2015-03-30,-0.2166273895230797,0.423740619751159,1.74,,0.58,0.51,-0.784,0.035
2015-03-31,-0.2243697700188303,0.4338406687401656,1.718,,0.56,0.51,-0.795,0.037
2015-04-01,-0.2309630186338053,0.41647992906595194,1.737,,0.55,0.49,-0.743,0.025
2015-04-02,-0.2271598415518857,0.4516361387490522,1.699,,0.55,0.49,-0.729,0.02
2015-04-03,,,,,0.49,,,0.015
2015-04-06,,,,,0.51,0.5,,0.015
2015-04-07,-0.2276459526367769,0.4512488180849036,1.774,,0.52,0.5,-0.765,0.015
2015-04-08,-0.2562334065087719,0.4628466968192255,1.765,,0.54,0.5,-0.76,0.015
2015-04-09,-0.2429611973163681,0.461167341469761,1.766,,0.56,0.51,-0.768,0.011
2015-04-10,-0.2418979200363386,0.4613193724701262,1.795,,0.57,0.52,-0.76,0.006
2015-04-13,-0.2387911957662684,0.46530802013205846,1.755,,0.54,0.52,-0.782,0.005
2015-04-14,-0.2377004472117725,0.4324900503721132,1.725,,0.53,0.51,-0.814,0.005
2015-04-15,-0.2389721289170749,0.45810015879171206,1.706,,0.51,0.56,-0.8,0.005
2015-04-16,-0.2426191488612529,0.4852089789421371,1.831,,0.5,0.58,-0.802,0.005
2015-04-17,-0.23919360764877,0.48525921743167105,1.832,,0.51,0.62,-0.808,0.005
2015-04-20,-0.227710009294351,0.47764525776355693,1.866,,0.55,0.64,-0.85,0.004
2015-04-21,-0.233015221016145,0.4846794755765997,1.856,,0.55,0.64,-0.862,0.004
2015-04-22,-0.2221565955152651,0.5645294134595145,1.911,,0.57,0.67,-0.87,-0.001
2015-04-23,-0.2533728477419401,0.5386566906943482,1.942,,0.55,0.66,-0.872,-0.001
2015-04-24,-0.2480600827247552,0.5155093297523387,1.946,,0.54,0.63,-0.864,-0.016
2015-04-27,-0.246189207626944,0.5419606532419409,1.904,,0.54,0.64,-0.869,-0.001
2015-04-28,-0.2583175905191692,0.5346233705821688,1.958,,0.56,0.67,-0.866,0.0
2015-04-29,-0.2297789128412901,0.5851706174159953,1.956,,0.56,0.68,-0.829,
2015-04-30,-0.2066047888869402,0.5721048283106006,1.95,,0.58,0.68,-0.774,0.0
2015-05-01,,0.5865263081937034,1.921,,0.6,0.71,,0.002
2015-05-04,-0.2000631283330729,,1.912,,0.6,0.71,-0.783,
2015-05-05,-0.200934016722603,0.6368959636365842,1.989,,0.62,0.69,-0.782,
2015-05-06,-0.204930267634277,0.6240954480482886,2.059,,0.65,0.69,-0.765,
2015-05-07,-0.2045708562871209,0.6077958701905644,2.065,,0.63,0.68,-0.738,0.016
2015-05-08,-0.2119405329840011,0.5747493864619252,2.019,,0.59,0.66,-0.722,0.006
2015-05-11,-0.2072730527196868,0.62087201049479,2.032,,0.62,0.7,-0.752,0.001
2015-05-12,-0.1932700030890772,0.6394850311455643,2.115,,0.61,0.69,-0.752,0.001
2015-05-13,-0.1914572585854959,0.6254070809480005,2.063,,0.59,0.69,-0.742,0.001
2015-05-14,-0.1850300078831688,0.6173021405915838,2.046,,0.56,0.67,,-0.005
2015-05-15,-0.1924563173386315,0.5736029570699483,1.987,,0.55,0.64,-0.746,-0.01
2015-05-18,-0.192069556397382,0.5975230195355095,1.994,,0.58,,-0.765,-0.01
2015-05-19,-0.2029762934947017,0.5957959368119976,2.024,,0.63,0.69,-0.751,-0.01
2015-05-20,-0.2103386826286259,0.595574592973396,2.024,,0.6,0.68,-0.78,-0.011
2015-05-21,-0.2182421499845954,0.6010788488868761,1.994,,0.6,0.67,-0.764,-0.006
2015-05-22,-0.2129426469731725,0.5934141439503995,1.993,,0.64,0.68,-0.785,-0.006
2015-05-25,-0.2124344000671345,,1.995,,,0.67,,-0.001
2015-05-26,-0.2203318969332559,0.5854773112253779,2.002,,0.64,0.65,-0.808,-0.001
2015-05-27,-0.2164861509024296,0.6030279733001321,1.985,,0.64,0.63,-0.804,-0.001
2015-05-28,-0.227272843818453,0.5773681584944692,1.934,,0.62,0.62,-0.815,-0.008
2015-05-29,-0.2268033169818473,0.5526032192741553,1.875,,0.61,0.57,-0.811,-0.008
2015-06-01,-0.2282004532156978,0.5656453845266279,1.862,,0.64,0.56,-0.837,-0.007
2015-06-02,-0.2000370288833297,0.6066530399727942,1.924,,0.64,0.59,-0.857,-0.007
2015-06-03,-0.1755933361055766,0.6408490396086897,2.002,,0.69,0.61,-0.842,-0.002
2015-06-04,-0.1980051506648352,0.6044889346922445,2.036,,0.66,0.57,-0.762,-0.002
2015-06-05,-0.1860264093005172,0.6313958086662451,2.036,,0.73,0.64,-0.784,-0.005
2015-06-08,-0.1818876893625096,0.6020462163282112,,,0.7,0.63,-0.783,-0.005
2015-06-09,-0.1633009483921341,0.63003634192839,2.003,,0.72,0.66,-0.793,-0.005
2015-06-10,-0.1791834578301598,0.6468541441482072,2.028,,0.75,0.68,-0.794,-0.005
2015-06-11,-0.1866227197991656,0.6073651327633631,2.085,,0.73,0.66,-0.79,-0.005
2015-06-12,-0.196859631080672,0.5812805285052867,2.042,,0.74,0.64,-0.808,-0.004
2015-06-15,-0.190340665764805,0.6049168249832119,2.022,,0.72,0.62,-0.837,-0.005
2015-06-16,-0.1963852631315004,0.6026047056839542,1.999,,0.71,0.61,-0.851,0.0
2015-06-17,-0.1940205685838985,0.6587675395018471,1.982,,0.67,0.61,-0.867,0.0
2015-06-18,-0.2065563302692641,0.6406310460846804,1.903,,0.66,0.62,-0.847,0.005
2015-06-19,-0.2062361148384213,0.6262514817501177,1.888,,0.65,0.59,-0.869,0.005
2015-06-22,-0.1935208746153482,0.667503808808328,1.948,,0.68,0.62,-0.845,0.005
2015-06-23,-0.2023818526341718,0.6854405006603798,2.03,,0.7,0.63,-0.849,0.005
2015-06-24,-0.208747654689172,0.7207733184416961,2.018,,0.68,0.6,-0.842,0.004
2015-06-25,-0.210862013615269,0.7478236631159108,2.031,,0.68,0.62,-0.84,0.003
2015-06-26,-0.2095391441907286,0.7622233900731303,2.034,,0.72,0.63,-0.822,-0.002
2015-06-29,-0.2150425071665971,0.683885192549805,1.984,,0.64,0.56,-0.888,-0.002
2015-06-30,-0.2282906410996241,0.6592669956686246,2.004,,0.64,0.49,-0.879,-0.003
2015-07-01,-0.2334664815093523,0.6988237476680764,1.97,,0.69,,-0.892,-0.003
2015-07-02,-0.2554172114077973,0.6960296472891766,2.011,,0.64,0.48,-0.865,0.0
2015-07-03,-0.266919610787713,0.6620220817303748,1.958,,,0.48,-0.867,0.01
2015-07-06,-0.2668487583900072,0.6620270360793223,1.886,,0.6,0.46,-0.899,0.01
2015-07-07,-0.2683120059607122,0.5724834824045562,1.885,,0.58,0.47,-0.91,0.005
2015-07-08,-0.2666777612899154,0.5950746252554268,1.821,,0.55,0.43,-0.916,0.005
2015-07-09,-0.2636724543351212,0.6257919139760312,1.877,,0.6,0.46,-0.913,0.009
2015-07-10,-0.2265040359021097,0.6652430678450785,1.926,,0.65,0.5,-0.868,0.005
2015-07-13,-0.2260332907121121,0.6876591554966169,1.944,,0.69,0.47,-0.802,0.005
2015-07-14,-0.2349619220356733,0.7024607737343609,1.971,,0.66,0.45,-0.844,0.005
2015-07-15,-0.2516386919765743,0.7318754145682661,1.981,,0.64,0.39,-0.829,0.01
2015-07-16,-0.2326919861351117,0.706963985839134,1.943,,0.67,0.41,-0.818,0.005
2015-07-17,-0.2426821390429585,0.7309512243070325,1.952,,0.68,0.42,-0.803,0.005
2015-07-20,-0.2381686853804745,0.7344523029589121,1.954,,0.71,0.42,-0.787,
2015-07-21,-0.2355860987549496,0.7346784282446533,1.951,,0.71,0.43,-0.799,0.005
2015-07-22,-0.2388041216162029,0.7433895205575519,1.927,,0.75,0.43,-0.782,0.004
2015-07-23,-0.2397407641785272,0.7486863461553376,1.907,,0.71,0.42,-0.785,0.004
2015-07-24,-0.2490858411671821,0.7165572478232693,1.867,,0.7,0.43,-0.796,0.004
2015-07-27,-0.2464628863016578,0.6976320262710141,1.834,,0.68,0.41,-0.801,0.004
2015-07-28,-0.2478856934584599,0.6990183160858368,1.861,,0.69,0.44,-0.799,0.005
2015-07-29,-0.2515054625339772,0.710545123406352,1.864,,0.7,0.46,-0.792,0.005
2015-07-30,-0.2623903068150588,0.7347853066404646,1.904,,0.72,0.45,-0.79,0.005
2015-07-31,-0.2559746368224578,0.6782395352381545,1.874,,0.67,0.41,-0.795,0.005
2015-08-03,-0.2582786657904565,0.6786262531919126,,,0.68,,-0.799,0.005
2015-08-04,-0.2592443215851514,0.6738813835891108,1.896,,0.74,0.4,-0.821,0.005
2015-08-05,-0.2484276642423579,0.7403126118712097,1.947,,0.73,0.43,-0.803,0.005
2015-08-06,-0.2553208382848175,0.7100062434148169,1.947,,0.71,0.44,-0.781,0.005
2015-08-07,-0.2732564055479578,0.6913043973221153,1.958,,0.73,0.44,-0.8,0.005
2015-08-10,-0.2718277392941759,0.7293964712149414,1.955,,0.73,0.46,-0.8,0.005
2015-08-11,-0.2750638225251469,0.6705124605523213,1.946,,0.68,0.42,-0.8,0.001
2015-08-12,-0.2808004620790525,0.638465247831604,1.888,,0.67,0.42,-0.816,0.001
2015-08-13,-0.2739934136366648,0.6523351084480078,1.93,,0.72,0.41,-0.801,0.001
2015-08-14,-0.2702203431280827,0.6710175967783701,1.95,,0.73,0.41,-0.8,0.0
2015-08-17,-0.2659437424844122,0.645801020744362,1.947,,0.72,0.41,-0.813,0.005
2015-08-18,-0.2516881716010013,0.6791775169899471,1.921,,0.74,0.41,-0.798,0.005
2015-08-19,-0.2492054413369659,0.6563615665363073,1.918,,0.67,0.37,-0.809,0.004
2015-08-20,-0.2641433179850962,0.6191648008745204,1.879,,0.69,0.35,-0.794,0.004
2015-08-21,-0.2579606270131471,0.5929648635265938,1.826,,0.64,0.33,-0.799,0.004
2015-08-24,-0.2597144344129025,0.5811285274786345,1.741,,0.59,0.32,-0.821,0.004
2015-08-25,-0.2345069280257201,0.6416270411638844,1.771,,0.67,0.36,-0.79,0.004
2015-08-26,-0.2284324642895721,0.6321372196681381,1.783,,0.67,0.39,-0.775,0.004
2015-08-27,-0.2295354805476319,0.6345082599390063,1.784,,0.68,0.4,-0.749,0.008
2015-08-28,-0.2301201681300648,0.6412175625793181,1.811,,0.72,0.42,-0.76,0.008
2015-08-31,-0.218853389635659,,1.766,,0.74,0.44,-0.757,0.007
2015-09-01,-0.2088921795318707,0.6481868702880725,1.768,,0.7,0.42,-0.74,0.007
2015-09-02,-0.2162792822187533,0.6455886834737632,1.796,,0.72,0.42,-0.737,0.01
2015-09-03,-0.2454451802612651,0.6206899998853972,1.777,,0.71,0.43,-0.738,0.012
2015-09-04,-0.2493959051507062,0.5804928940660428,1.741,,0.71,0.44,-0.756,0.012
2015-09-07,-0.2463184749770848,0.5707316742092204,1.776,,,,-0.762,0.011
2015-09-08,-0.2385557811337095,0.5914158392315054,1.799,,0.74,0.44,-0.759,0.011
2015-09-09,-0.2431834387265121,0.6089086530038915,1.854,,0.75,0.46,-0.766,0.011
2015-09-10,-0.2457873294970887,0.6040762775010791,1.868,,0.75,0.46,-0.764,0.011
2015-09-11,-0.2505472149715135,0.5671292450699866,1.881,,0.71,0.46,-0.758,0.01
2015-09-14,-0.2522012645267337,0.584982908741757,1.871,,0.73,0.45,-0.762,0.01
2015-09-15,-0.2443341510800907,0.6158813734888521,1.869,,0.82,0.49,-0.771,0.02
2015-09-16,-0.2379263315794346,0.6531036616044528,1.92,,0.82,0.52,-0.74,0.02
2015-09-17,-0.2200187229861716,0.6684177856682174,1.962,,0.7,0.48,-0.721,0.015
2015-09-18,-0.2527291689283564,0.5876684001235393,1.91,,0.69,0.46,-0.744,0.014
2015-09-21,-0.2440196560044414,0.6133366000991889,1.901,,0.72,0.52,-0.756,
2015-09-22,-0.271899768858967,0.5366206532411388,1.917,,0.69,0.5,-0.76,
2015-09-23,-0.2633803344938412,0.5658929832653632,1.88,,0.7,0.51,-0.768,
2015-09-24,-0.2573197604401349,0.5198332457321647,1.857,,0.67,0.51,-0.759,0.013
2015-09-25,-0.2523846658624924,0.5931926425471952,1.887,,0.7,0.54,-0.75,0.009
2015-09-28,-0.262562906200078,0.5526807138535159,1.886,,0.67,0.5,-0.772,0.008
2015-09-29,-0.2716460658344157,0.5437430143181012,1.8,,0.64,0.5,-0.782,0.012
2015-09-30,-0.2369035150266789,0.5432137362132835,1.807,,0.64,0.53,-0.795,0.015
2015-10-01,-0.2663562227013738,0.5425530412934706,1.824,,0.64,0.52,-0.803,0.007
2015-10-02,-0.2768160387868628,0.5128187241529454,1.827,,0.58,0.5,-0.797,0.002
2015-10-05,-0.2627378284744459,0.557738971550033,,,0.61,0.51,-0.829,0.002
2015-10-06,-0.2466176015391381,0.5557616797312926,1.813,,0.61,0.51,-0.812,0.001
2015-10-07,-0.2488159294456062,0.5745220030319871,1.836,,0.65,0.53,-0.8,0.001
2015-10-08,-0.257908100017179,0.5618269032295121,1.816,,0.65,0.55,-0.803,0.005
2015-10-09,-0.2538149709180519,0.5815214884283492,1.872,,0.65,0.56,-0.792,0.005
2015-10-12,-0.2607401494524639,0.550263704508884,1.874,,,,-0.802,
2015-10-13,-0.2578514340226023,0.55319275215283,1.844,,0.64,0.54,-0.801,0.005
2015-10-14,-0.2622569927354279,0.49842520758855874,1.782,,0.57,0.52,-0.801,0.005
2015-10-15,-0.2719218459659513,0.5011948637661177,1.784,,0.61,0.53,-0.814,0.01
2015-10-16,-0.2700408159782688,0.5148041764151957,1.782,,0.61,0.53,-0.809,0.01
2015-10-19,-0.2703072973190021,0.5318334984437768,1.774,,0.61,0.52,-0.812,0.009
2015-10-20,-0.2430973657142363,0.5486169208296927,1.784,,0.66,0.55,-0.822,0.009
2015-10-21,-0.256546390994993,0.5078507206352285,1.811,,0.64,0.53,-0.825,0.014
2015-10-22,-0.339282607056278,0.5038934006641524,1.801,,0.61,0.52,-0.826,0.01
2015-10-23,-0.3195918155510844,0.5416878547743835,1.778,,0.66,0.53,-0.864,0.009
2015-10-26,-0.3271515088476295,0.5215189520977032,1.809,,0.66,0.52,-0.887,0.013
2015-10-27,-0.3393779121967633,0.48984994725475123,1.799,,0.65,0.49,-0.898,0.008
2015-10-28,-0.3370569823714104,0.5105920366462693,1.73,,0.73,0.54,-0.917,0.003
2015-10-29,-0.3255687237708908,0.6093362234635531,1.745,,0.75,0.57,-0.91,0.003
2015-10-30,-0.3134306329592951,0.5999091394523242,1.74,,0.75,0.57,-0.89,0.002
2015-11-02,-0.3011078925995116,0.6310489605645854,1.748,,0.77,0.58,-0.881,0.002
2015-11-03,-0.3092907731140997,0.6632413536762972,1.817,,0.8,0.59,-0.895,
2015-11-04,-0.3212483298691939,0.6931192842884785,1.838,,0.84,0.62,-0.889,0.002
2015-11-05,-0.3148318953690836,0.6582730209920169,1.892,,0.85,0.63,-0.901,0.001
2015-11-06,-0.2923013308047464,0.7233579571612875,1.91,,0.9,0.67,-0.939,0.0
2015-11-09,-0.3102295651204398,0.7153806732690233,1.995,,0.89,0.67,-0.97,-0.004
2015-11-10,-0.337890101900097,0.6851195667557681,1.982,,0.87,0.66,-1.005,-0.004
2015-11-11,-0.3442071457022342,0.7011185375918593,1.968,,,,-1.011,-0.005
2015-11-12,-0.3465440863992342,0.6804701618672702,2.07,,0.89,0.65,-1.026,-0.005
2015-11-13,-0.3590512165161508,0.6570889481652473,2.074,,0.86,0.61,-1.032,-0.005
2015-11-16,-0.3603345109024154,0.6171367393378016,2.023,,0.88,0.61,-1.044,-0.005
2015-11-17,-0.3666338683490435,0.6496231372207002,2.06,,0.86,0.62,-1.034,-0.01
2015-11-18,-0.3652064627187199,0.6302581542457629,2.043,,0.9,0.64,-1.041,-0.015
2015-11-19,-0.3640835804573328,0.6069575579561378,2.061,,0.91,0.62,-1.028,-0.021
2015-11-20,-0.3778022516955648,0.5884449517076192,2.074,,0.93,0.61,-1.031,-0.026
2015-11-23,-0.3803247858083995,0.5935505863662324,2.103,,0.94,0.62,-1.027,
2015-11-24,-0.3692845430685398,0.5846267710185052,2.076,,0.93,0.62,-1.031,-0.001
2015-11-25,-0.4034745285444003,0.6065896436286792,2.043,,0.93,0.63,-1.013,-0.006
2015-11-26,-0.4024209114362218,0.5788160881566781,2.009,,,0.62,-1.028,-0.006
2015-11-27,-0.4084282689489589,0.5734992269443195,2.029,,0.92,0.63,-1.033,-0.008
2015-11-30,-0.4029375934540686,0.5918194916570871,2.04,,0.94,0.63,-1.048,-0.008
2015-12-01,-0.4151533267784195,0.5499481451273767,2.049,,0.91,0.6,-1.109,-0.012
2015-12-02,-0.4238947049376405,0.5461292383621305,2.039,,0.94,0.62,-1.149,-0.015
2015-12-03,-0.3107490979157594,0.6379344098182766,2.062,,0.96,0.65,-1.139,-0.02
2015-12-04,-0.2898968517119593,0.6468556827292997,2.116,,0.96,0.62,-0.981,-0.025
2015-12-07,-0.3013985001624606,0.5715960935384674,2.118,,0.94,0.6,-0.956,-0.025
2015-12-08,-0.3107648158997618,0.5719557974411345,2.064,,0.94,0.57,-0.957,-0.03
2015-12-09,-0.3231682646421721,0.6067600879695735,2.049,,0.93,0.54,-1.0,-0.035
2015-12-10,-0.3355199236130941,0.5949743014595948,2.131,,0.95,0.54,-0.935,-0.035
2015-12-11,-0.3515328543086333,0.5676905507770684,2.112,,0.88,0.48,-0.906,-0.03
2015-12-14,-0.3374421919074004,0.5759360393114897,2.076,,0.97,0.5,-0.896,-0.03
2015-12-15,-0.3331874519814715,0.6444376024280809,2.065,,0.98,0.52,-0.875,-0.03
2015-12-16,-0.335827803423995,0.6346017086165127,2.096,,1.02,0.55,-0.853,-0.025
2015-12-17,-0.3466937161796881,0.5996742148901097,2.067,,1.0,0.52,-0.862,-0.03
2015-12-18,-0.3597672803075467,0.6012150663149691,2.014,,0.97,0.5,-0.845,-0.05
2015-12-21,-0.3640305244257931,0.5941637632339916,2.02,,0.96,0.49,-0.858,-0.035
2015-12-22,-0.3474814447387437,0.6283036358096362,2.004,,0.99,0.52,-0.85,-0.042
2015-12-23,-0.3395482924225463,0.641403542083493,2.02,,1.01,0.5,-0.821,
2015-12-24,,0.6301832508139859,2.024,,1.03,0.49,,-0.04
2015-12-25,,,,,,,,-0.039
2015-12-28,-0.3395235966541774,,,,1.05,,-0.812,-0.036
2015-12-29,-0.3330933020074171,0.6483982529665494,1.968,,1.09,0.5,-0.809,-0.035
2015-12-30,-0.3462793725268485,0.6965989694302374,1.983,,1.08,0.48,-0.786,-0.033
2015-12-31,,0.6757778338896737,2.016,,1.06,0.48,,
2016-01-04,-0.3665054273992991,0.611093332035403,1.977,,1.02,0.46,-0.794,-0.028
2016-01-05,-0.3753815263722542,0.5933389258473052,1.982,,1.04,0.45,-0.797,-0.03
2016-01-06,-0.386431902166759,0.5349824678585277,1.985,,0.99,0.41,-0.825,-0.029
2016-01-07,-0.3846199368024878,0.5409978811384614,1.945,,0.96,0.41,-0.841,-0.028
2016-01-08,-0.3932920890135101,0.5181281776209944,1.999,,0.94,0.42,-0.804,-0.031
2016-01-11,-0.3848407865944878,0.5121120565883037,1.979,,0.94,0.39,-0.833,
2016-01-12,-0.3759553399233164,0.5030028702045003,1.998,,0.93,0.34,-0.823,-0.028
2016-01-13,-0.383544619910019,0.49189659161937443,1.992,,0.91,0.3,-0.834,-0.036
2016-01-14,-0.3927776239134743,0.4843620120981511,1.944,,0.9,0.31,-0.846,-0.031
2016-01-15,-0.3953311055147646,0.42157617027984096,1.951,,0.85,0.28,-0.857,-0.03
2016-01-18,-0.3901011001073016,0.45023276396034256,1.924,,,0.31,-0.858,-0.025
2016-01-19,-0.3817129452273011,0.46748854573490517,1.932,,0.88,0.29,-0.859,-0.02
2016-01-20,-0.4000462522212711,0.4194600244247421,1.897,,0.85,0.38,-0.872,-0.011
2016-01-21,-0.440355356567105,0.44183333720204526,1.926,,0.84,0.44,-0.867,-0.011
2016-01-22,-0.4335734587356485,0.4596180910231205,1.951,,0.88,0.45,-0.883,-0.021
2016-01-25,-0.4309698092067409,0.4293684796290075,1.945,,0.88,0.42,-0.894,-0.026
2016-01-26,-0.4409029947348681,0.43828275328606314,,,0.85,0.43,-0.919,-0.026
2016-01-27,-0.4281538124661717,0.4342458667115172,1.93,,0.84,0.42,-0.899,-0.027
2016-01-28,-0.4358156486621043,0.41779929891228207,1.934,,0.83,0.43,-0.871,-0.026
2016-01-29,-0.4661021702851506,0.34357474605982374,1.889,,0.76,0.42,-0.88,-0.083
2016-02-01,-0.4537572371646048,0.40487197345875325,1.878,,0.81,0.42,-0.909,-0.16
2016-02-02,-0.4621372559289272,0.36676248702813313,1.874,,0.75,0.38,-0.893,-0.152
2016-02-03,-0.4685358892794129,0.33933252984960743,1.809,,0.72,0.4,-0.91,-0.182
2016-02-04,-0.4713468540548042,0.35956794267108544,1.855,,0.7,0.39,-0.886,-0.178
2016-02-05,-0.4719466723785555,0.3700910897821766,1.846,,0.74,0.37,-0.89,-0.193
2016-02-08,-0.4936818509244407,0.274863061371732,1.87,,0.66,0.34,-0.878,-0.192
2016-02-09,-0.4926171345341155,0.29678769469898847,1.746,,0.69,0.35,-0.913,-0.241
2016-02-10,-0.4934598243074708,0.3218090516494719,1.755,,0.71,0.35,-0.904,-0.217
2016-02-11,-0.5085326176533576,0.23322267989580664,1.745,,0.64,0.36,-0.943,
2016-02-12,-0.4978669940923081,0.340927255772859,1.79,,0.71,0.44,-0.945,-0.164
2016-02-15,-0.4919851594606443,0.3379940552088651,1.86,,,,-0.93,-0.145
2016-02-16,-0.4850931935000266,0.31855363494004446,1.879,,0.74,0.46,-0.942,-0.16
2016-02-17,-0.4855414334916066,0.34215360922699883,1.853,,0.74,0.48,-0.965,-0.151
2016-02-18,-0.4921240964040727,0.32207364172312797,1.87,,0.71,0.43,-0.942,-0.186
2016-02-19,-0.5033983518023968,0.3110801230019148,1.803,,0.76,0.45,-0.942,-0.212
2016-02-22,-0.5047193538657204,0.29883753244997935,1.832,,0.78,0.45,-0.957,-0.213
2016-02-23,-0.4897095113223528,0.2972034814561628,1.8,,0.76,0.47,-0.986,-0.204
2016-02-24,-0.499815126844731,0.2645452574832281,1.783,,0.75,0.49,-1.002,-0.214
2016-02-25,-0.5034167979053024,0.2577182043055963,1.775,,0.72,0.49,-1.006,-0.212
2016-02-26,-0.5200343755168992,0.28678643032282175,1.755,,0.8,0.51,-1.017,-0.236
2016-02-29,-0.5356489751050475,0.25125174710910225,1.762,,0.78,0.51,-1.027,-0.245
2016-03-01,-0.5346495724235156,0.2939819827959012,1.725,,0.85,0.53,-1.055,-0.236
2016-03-02,-0.5242208515373328,0.3369987883074003,1.837,,0.85,0.54,-1.027,-0.226
2016-03-03,-0.5464682441460171,0.3379817965110072,1.905,,0.85,0.51,-1.003,-0.211
2016-03-04,-0.5303135145160294,0.36079443058489774,1.92,,0.88,0.52,-1.012,-0.203
2016-03-07,-0.521627209723416,0.35176124572325884,1.95,,0.91,0.53,-0.992,-0.212
2016-03-08,-0.5440898626954027,0.31562540276168016,1.949,,0.88,0.5,-1.006,-0.23
2016-03-09,-0.5174358211491041,0.3590224841784406,1.967,,0.9,0.53,-0.984,-0.183
2016-03-10,-0.5145390299961488,0.42212558618743085,1.96,,0.93,0.56,-0.978,-0.173
2016-03-11,-0.4580612509924933,0.4634427572963849,2.023,,0.97,0.58,-0.912,-0.163
2016-03-14,-0.4615943454177369,0.4469625549694743,2.058,,0.97,0.58,-0.901,-0.169
2016-03-15,-0.4503382127007063,0.4269241302662251,2.021,,0.98,0.58,-0.907,-0.155
2016-03-16,-0.4555384064560908,0.4101723483581958,2.007,,0.87,0.55,-0.887,-0.175
2016-03-17,-0.4658045281798131,0.37753256693023773,1.932,,0.87,0.53,-0.898,-0.199
2016-03-18,-0.4810107254449249,0.38188367690666825,1.936,,0.84,0.54,-0.892,-0.22
2016-03-21,-0.475869113295106,0.39185777885243145,1.935,,0.87,0.56,-0.897,
2016-03-22,-0.4807904351438905,0.374138304068055,1.97,,0.91,0.56,-0.905,-0.215
2016-03-23,-0.4828451188003777,0.35947109065586913,2.002,,0.87,0.56,-0.882,-0.224
2016-03-24,-0.4841943637289869,0.39070805929884045,1.961,,0.89,0.56,-0.876,-0.214
2016-03-25,,,,,,,,-0.224
2016-03-28,,,,,0.89,0.56,,-0.226
2016-03-29,-0.4971309158504207,0.3672235733566094,1.962,,0.78,0.51,-0.878,-0.224
2016-03-30,-0.4898750814466135,0.3837422001182336,1.905,,0.76,0.53,-0.867,-0.226
2016-03-31,-0.4904551380587385,0.3411131529695381,1.891,,0.73,0.54,-0.865,-0.206
2016-04-01,-0.4910320002159452,0.3356393340172672,1.939,,0.76,0.54,-0.856,-0.214
2016-04-04,-0.4817720703171373,0.3291648456312773,1.876,,0.75,0.55,-0.865,-0.225
2016-04-05,-0.493525104431443,0.30553321440822234,1.871,,0.72,0.52,-0.867,-0.22
2016-04-06,-0.4810990205211145,0.2968508209966752,1.865,,0.73,0.54,-0.884,-0.232
2016-04-07,-0.503008250674136,0.26655804213905776,1.866,,0.7,0.53,-0.872,-0.236
2016-04-08,-0.5065399004788673,0.298383543869354,1.842,,0.7,0.56,-0.867,-0.241
2016-04-11,-0.5030699903519061,0.32067435414634654,1.846,,0.7,0.56,-0.864,-0.247
2016-04-12,-0.506718494249293,0.35299951826294124,1.895,,0.74,0.58,-0.849,-0.252
2016-04-13,-0.5079610628156558,0.3495286054874001,1.931,,0.75,0.57,-0.852,-0.243
2016-04-14,-0.5013686073112589,0.35846238385050855,1.967,,0.77,0.6,-0.854,-0.258
2016-04-15,-0.5148788033244784,0.3460623601152749,2.002,,0.74,0.59,-0.855,-0.254
2016-04-18,-0.5059509973949958,0.3770503442556415,1.958,,0.75,0.6,-0.872,-0.254
2016-04-19,-0.5097153708671964,0.3923225614781893,2.009,,0.77,0.61,-0.871,-0.259
2016-04-20,-0.5083897206151331,0.3649034432805008,1.984,,0.8,0.62,-0.873,-0.264
2016-04-21,-0.4947556758609434,0.41378450928195376,2.018,,0.82,0.63,-0.865,-0.265
2016-04-22,-0.4956804457562203,0.4221562899198241,2.045,,0.84,0.67,-0.853,-0.28
2016-04-25,-0.4966422345391441,0.43896469888688483,,,0.85,0.7,-0.827,-0.27
2016-04-26,-0.4903056239766952,0.474697097303483,2.051,,0.86,0.7,-0.826,-0.265
2016-04-27,-0.4916760076465265,0.46272122214759387,1.934,,0.83,0.68,-0.825,-0.249
2016-04-28,-0.5024612185860039,0.4535827252510151,1.866,,0.78,0.67,-0.826,-0.244
2016-04-29,-0.5024367071229285,0.45147484912240265,1.857,,0.77,0.68,-0.809,
2016-05-02,-0.4920232008417931,,1.868,,0.8,0.69,-0.82,-0.244
2016-05-03,-0.5137137199148838,0.41176756268036263,1.736,,0.75,0.64,-0.819,
2016-05-04,-0.5131077379910756,0.39355172655781817,1.717,,0.75,0.58,-0.816,
2016-05-05,-0.5272480022322288,0.36385266369710995,1.685,,0.72,0.57,,
2016-05-06,-0.5313993619148887,0.3392864486955125,1.576,,0.74,0.56,-0.843,-0.247
2016-05-09,-0.5306091888960514,0.3288806042631774,1.572,,0.72,0.53,-0.85,-0.248
2016-05-10,-0.5278352861141742,0.31443856069608994,1.583,,0.72,0.52,-0.854,-0.248
2016-05-11,-0.5310315452067593,0.3143243266271768,1.594,,0.74,0.53,-0.851,-0.248
2016-05-12,-0.5356264412634619,0.32406081242049917,1.576,,0.76,0.56,-0.837,-0.253
2016-05-13,-0.5328394602687903,0.3139004070041454,1.585,,0.76,0.55,-0.82,-0.253
2016-05-16,-0.5300966500595052,0.3309828087839243,1.568,,0.79,0.56,,-0.254
2016-05-17,-0.5292399141432229,0.31786503296268687,1.63,,0.82,0.58,-0.85,-0.255
2016-05-18,-0.5256699144400327,0.37054474141847,1.618,,0.9,0.63,-0.845,-0.246
2016-05-19,-0.5263922306341104,0.3733438640466018,1.646,,0.89,0.62,-0.82,-0.226
2016-05-20,-0.5237914049151096,0.3955782322453772,1.628,,0.89,0.62,-0.816,-0.236
2016-05-23,-0.5242486095121834,0.3972483102124436,1.639,,0.91,,-0.832,-0.238
2016-05-24,-0.5264285163856997,0.4293649830090268,1.628,,0.92,0.63,-0.825,-0.239
2016-05-25,-0.5367448751853288,0.41867997681328917,1.642,,0.92,0.63,-0.816,-0.234
2016-05-26,-0.5404244512651246,0.39034453549077797,1.623,,0.87,0.62,-0.798,-0.239
2016-05-27,-0.5418359231201775,0.4140808663487273,1.62,,0.9,0.65,-0.822,-0.24
2016-05-30,-0.5303685695230418,,1.639,,,0.65,-0.806,-0.231
2016-05-31,-0.5254433705933028,0.3935299075458868,1.669,,0.87,0.61,-0.804,-0.239
2016-06-01,-0.5407720036540709,0.35577290914297793,1.671,,0.91,0.59,-0.82,-0.242
2016-06-02,-0.536377272587913,0.33003833548950184,1.646,,0.89,0.57,-0.807,-0.24
2016-06-03,-0.549558650981524,0.2889133376058199,1.631,,0.78,0.5,-0.834,-0.24
2016-06-06,-0.557753467030274,0.29626825263113765,1.576,,0.8,0.54,-0.851,-0.251
2016-06-07,-0.55381735905324,0.30545924479502007,1.653,,0.78,0.52,-0.858,-0.25
2016-06-08,-0.5536256500052579,0.327180557175347,1.625,,0.78,0.52,-0.874,-0.241
2016-06-09,-0.5627771275088973,0.32887943117600577,1.612,,0.77,0.51,-0.857,-0.246
2016-06-10,-0.5638358134706216,0.3371256260777376,1.641,,0.73,0.49,-0.907,-0.271
2016-06-13,-0.5572569867817996,0.32870279659509616,,,0.73,0.49,-0.938,-0.277
2016-06-14,-0.5834278612943815,0.28408780159372604,1.609,,0.74,0.5,-0.951,-0.278
2016-06-15,-0.5926883302677055,0.27418918218399163,1.599,,0.69,0.48,-0.948,-0.284
2016-06-16,-0.6042915572665621,0.27153286327067994,1.552,,0.7,0.51,-0.98,-0.284
2016-06-17,-0.6071444282841783,0.3148072810088004,1.6,,0.7,0.52,-1.003,-0.255
2016-06-20,-0.5920622314807407,0.40246385472961316,1.626,,0.74,0.57,-0.946,-0.251
2016-06-21,-0.5948912212276736,0.43068288054393733,1.664,,0.76,0.6,-0.963,-0.247
2016-06-22,-0.5880203918010172,0.4346477631280816,1.709,,0.75,0.6,-0.953,-0.242
2016-06-23,-0.5787020366839126,0.44623723196604453,1.727,,0.78,0.62,-0.933,-0.238
2016-06-24,-0.6609153406995811,0.20863449586176117,1.543,,0.64,0.54,-0.952,-0.289
2016-06-27,-0.6538958459647999,0.09000947058016179,1.584,,0.61,0.49,-1.013,-0.284
2016-06-28,-0.6510635395449369,0.11387216699668921,1.558,,0.61,0.49,-0.998,-0.293
2016-06-29,-0.6586551404377134,0.13369086591055462,1.586,,0.62,0.54,-0.997,-0.298
2016-06-30,-0.6609447949233811,0.07895836377320975,1.582,,0.58,0.52,-0.998,-0.299
2016-07-01,-0.6624122274277164,0.1172146868790747,1.556,,0.59,,-1.046,-0.329
2016-07-04,-0.670603642691999,0.10084821232569639,1.611,,,0.51,-1.057,-0.325
2016-07-05,-0.6794336473104918,0.07541293747742166,1.586,,0.56,0.49,-1.064,-0.32
2016-07-06,-0.6943759723719176,0.09585326826321222,1.552,,0.58,0.48,-1.061,-0.334
2016-07-07,-0.6924999137866767,0.09985256523851396,1.556,,0.58,0.47,-1.024,-0.343
2016-07-08,-0.6989374873134402,0.0873546873837002,1.576,,0.61,0.47,-1.026,-0.354
2016-07-11,-0.6974204352197781,0.10789533290545206,1.598,,0.66,0.47,-1.045,-0.351
2016-07-12,-0.6803150915887661,0.13129244826758676,1.623,,0.69,0.5,-1.048,-0.351
2016-07-13,-0.6887036162706339,0.07270803400718553,1.627,,0.68,0.5,-1.035,-0.357
2016-07-14,-0.6732482791569057,0.10547846743510193,1.618,,0.68,0.54,-0.976,-0.357
2016-07-15,-0.6698337843273543,0.12599244470782403,1.62,,0.71,0.58,-0.98,-0.333
2016-07-18,-0.6727876809601403,0.12208358972665541,1.61,,0.68,0.58,-0.956,
2016-07-19,-0.6628779827609343,0.1257878495471928,1.552,,0.7,0.57,-0.949,-0.331
2016-07-20,-0.6503627600622153,0.12161578108954059,1.543,,0.73,0.6,-0.947,-0.327
2016-07-21,-0.6421905251339513,0.1137466709623276,1.523,,0.7,0.57,-0.922,-0.327
2016-07-22,-0.6421943131982442,0.07307255205602037,1.514,,0.71,0.56,-0.919,-0.333
2016-07-25,-0.6386635725054512,0.06923741977083192,1.525,,0.72,0.58,-0.958,-0.335
2016-07-26,-0.6372741351974329,0.10016462747087718,1.545,,0.75,0.59,-0.938,-0.336
2016-07-27,-0.649851686447064,0.05369990978925485,1.573,,0.73,0.58,-0.912,-0.372
2016-07-28,-0.646781163784647,0.05844621794835063,1.521,,0.72,0.58,-0.902,-0.345
2016-07-29,-0.6532821141232463,0.04132394972316398,1.508,,0.67,0.54,-0.902,-0.251
2016-08-01,-0.6500928240134591,0.10406252440611734,,,0.67,,,-0.237
2016-08-02,-0.6365865391266756,0.13094769833521896,1.424,,0.67,0.55,-0.925,-0.165
2016-08-03,-0.6342446810831244,0.1220451088579497,1.469,,0.67,0.56,-0.907,-0.177
2016-08-04,-0.6496641019468421,0.03912498891486872,1.474,,0.64,0.54,-0.889,-0.178
2016-08-05,-0.6536273124392098,0.05908550333089971,1.463,,0.72,0.52,-0.894,-0.193
2016-08-08,-0.6522922004469391,0.028385913476566837,1.489,,0.74,0.51,-0.89,-0.172
2016-08-09,-0.6556834647013332,0.01513382527157024,1.469,,0.71,0.5,-0.887,-0.187
2016-08-10,-0.6644386922797696,0.03756543838854057,1.429,,0.69,0.5,-0.916,-0.202
2016-08-11,-0.6641990788521488,0.08061973123524782,1.426,,0.76,0.54,-0.899,
2016-08-12,-0.6619079013333562,0.07220336830144546,1.453,,0.71,0.52,-0.911,-0.197
2016-08-15,-0.6439503562590003,0.08058007133291432,1.43,,0.72,0.54,-0.906,-0.184
2016-08-16,-0.6417337325884587,0.11569821555275822,1.415,,0.76,0.56,-0.89,-0.19
2016-08-17,-0.6461065522724851,0.0887584888844325,1.432,,0.74,0.57,-0.887,-0.185
2016-08-18,-0.6507581921760859,0.0884708158225892,1.421,,0.71,0.57,-0.882,-0.196
2016-08-19,-0.6415643576607724,0.09437243265701324,1.409,,0.76,0.57,-0.892,-0.206
2016-08-22,-0.6516948367836761,0.0730938278094769,1.439,,0.76,0.55,-0.891,-0.202
2016-08-23,-0.6522142973538569,0.06800897665335312,1.409,,0.74,0.55,-0.895,-0.207
2016-08-24,-0.649624281719166,0.08439423031846084,1.409,,0.76,0.57,-0.887,-0.193
2016-08-25,-0.6422940389610345,0.08752400996947964,1.421,,0.78,0.58,-0.879,-0.188
2016-08-26,-0.6407491335888471,0.08134248085622094,1.432,,0.84,0.6,-0.877,-0.178
2016-08-29,-0.644183166649531,,1.459,,0.81,0.59,-0.879,-0.185
2016-08-30,-0.6485674383724378,0.09712276008751769,1.444,,0.8,0.59,-0.879,-0.197
2016-08-31,-0.6527914235767716,0.08934760959501237,1.435,,0.8,0.58,-0.865,-0.197
2016-09-01,-0.6471059011554274,0.06686808806730836,1.458,,0.78,0.56,-0.87,-0.187
2016-09-02,-0.6557528142814091,0.08927888535282874,1.478,,0.8,0.59,-0.874,-0.187
2016-09-05,-0.6565403917215455,0.0740952629452706,1.49,,,,-0.884,-0.193
2016-09-06,-0.674031655159951,0.04528248139284013,1.5,,0.74,0.57,-0.891,-0.189
2016-09-07,-0.6875109298048265,0.03148892499533667,1.467,,0.74,0.54,-0.91,-0.199
2016-09-08,-0.6640109294850696,0.0896238729956219,1.503,,0.78,0.57,-0.878,-0.199
2016-09-09,-0.6507076544593997,0.1255246478912696,1.551,,0.79,0.58,-0.88,-0.204
2016-09-12,-0.643232465522602,0.11077270904378014,1.591,,0.79,0.58,-0.858,-0.249
2016-09-13,-0.6425776372344636,0.1330948480955745,1.579,,0.8,0.6,-0.864,-0.244
2016-09-14,-0.6590481108366331,0.11975003441423582,1.584,,0.77,0.58,-0.871,-0.274
2016-09-15,-0.6564382717051118,0.09928435397274332,1.59,,0.74,0.57,-0.863,-0.274
2016-09-16,-0.664504168247575,0.08269537031827802,1.573,,0.77,0.58,-0.869,-0.269
2016-09-19,-0.6609658230670212,0.09203207698346864,1.615,,0.79,0.58,-0.896,
2016-09-20,-0.6694116939841024,0.0613994725332073,1.624,,0.79,0.57,-0.865,-0.266
2016-09-21,-0.6681860055833031,0.06372813452168974,1.612,,0.79,0.57,-0.872,-0.226
2016-09-22,-0.6822984144645581,0.04466664587649987,1.587,,0.79,0.57,-0.884,
2016-09-23,-0.687223056837464,0.05332403100520813,1.601,,0.77,0.52,-0.892,-0.222
2016-09-26,-0.6957096931962274,0.039423486243931806,1.593,,0.76,0.5,-0.904,-0.229
2016-09-27,-0.7205943365916183,0.029663088424211788,1.604,,0.75,0.49,-0.923,-0.268
2016-09-28,-0.7258134720783356,0.02001508349568908,1.57,,0.75,0.51,-0.917,-0.293
2016-09-29,-0.7203597138866451,0.025029206123664813,1.58,,0.73,0.49,-0.907,-0.275
2016-09-30,-0.7197846188872381,0.07373245109160424,1.543,,0.77,0.52,-0.92,-0.289
2016-10-03,-0.7156544803140741,0.04742486526047143,,,0.8,0.53,-0.92,-0.281
2016-10-04,-0.7174527414999319,0.06076739829174438,1.6,,0.82,0.55,-0.914,-0.281
2016-10-05,-0.7093548690091929,0.06838982538185437,1.626,,0.85,0.58,-0.896,-0.285
2016-10-06,-0.7031509682518169,0.08034866732939025,1.645,,0.86,0.58,-0.892,-0.28
2016-10-07,-0.706597431400052,0.12361768531235962,1.664,,0.83,0.59,-0.895,-0.28
2016-10-10,-0.695485465366191,0.16327721564989955,1.675,,,,-0.758,
2016-10-11,-0.691527779023767,0.143340237532485,1.702,,0.87,0.6,-0.798,-0.264
2016-10-12,-0.6915697548976358,0.16214970267378537,1.74,,0.87,0.6,-0.792,-0.263
2016-10-13,-0.6988370672175064,0.15563624453511535,1.707,,0.85,0.6,-0.824,-0.263
2016-10-14,-0.6973447773321304,0.18281741817730296,1.727,,0.84,0.62,-0.778,-0.273
2016-10-17,-0.6944750821078376,0.1692965238404464,1.726,,0.81,0.6,-0.765,-0.275
2016-10-18,-0.7076693260262203,0.17077555817859097,1.722,,0.82,0.59,-0.794,-0.275
2016-10-19,-0.7040522038450092,0.1782632231362561,1.704,,0.81,0.56,-0.792,-0.27
2016-10-20,-0.7081551731138709,0.18238033875006127,1.652,,0.84,0.55,-0.785,-0.266
2016-10-21,-0.6994689532118197,0.1976574454878978,1.655,,0.84,0.52,-0.789,-0.256
2016-10-24,-0.6972122649129755,0.2088917546107277,1.639,,0.84,0.53,-0.79,-0.248
2016-10-25,-0.6947690295808528,0.20347443189583173,1.656,,0.86,0.54,-0.792,-0.254
2016-10-26,-0.6790019742784144,0.24801349163026334,1.686,,0.86,0.56,-0.792,-0.254
2016-10-27,-0.6688664074947273,0.25712999369359324,1.693,,0.87,0.58,-0.783,-0.254
2016-10-28,-0.6653667918461434,0.26346189357051086,1.682,,0.86,0.57,-0.784,-0.248
2016-10-31,-0.6629803169261805,0.23364254186660546,1.644,,0.86,0.55,-0.787,-0.247
2016-11-01,-0.6475454835193584,0.23919605826056903,1.673,,0.83,0.55,-0.783,-0.249
2016-11-02,-0.6631184170969004,0.17257968638045557,1.643,,0.81,0.54,-0.794,-0.259
2016-11-03,-0.6735995280682472,0.18249285608370514,1.629,,0.81,0.54,-0.783,
2016-11-04,-0.6891673915738252,0.14626225059737322,1.648,,0.8,0.52,-0.793,-0.264
2016-11-07,-0.6806284562241189,0.1689324104385455,1.657,,0.82,0.55,-0.801,-0.259
2016-11-08,-0.6798056226614557,0.20377090318267393,1.658,,0.87,0.58,-0.802,-0.263
2016-11-09,-0.6977241472657165,0.19057999118036034,1.558,,0.9,0.59,-0.8,-0.278
2016-11-10,-0.6685426835553541,0.23084851787757202,1.682,,0.92,0.62,-0.788,-0.263
2016-11-11,-0.6570324399554854,0.23397910241746148,1.711,,,,-0.779,-0.248
2016-11-14,-0.6538070509001983,0.23910242102946805,1.758,,1.0,0.66,-0.768,-0.219
2016-11-15,-0.6692183650718859,0.21395831651897942,1.769,,1.02,0.66,-0.763,-0.184
2016-11-16,-0.6679589606131167,0.22539553136794152,1.755,,1.0,0.66,-0.766,-0.11
2016-11-17,-0.6737146476780875,0.2041843487542332,1.713,,1.04,0.67,-0.768,-0.155
2016-11-18,-0.698246164791307,0.2248679341839607,1.754,,1.07,0.67,-0.789,-0.166
2016-11-21,-0.7066063366200623,0.20383690561475057,1.742,,1.08,0.67,-0.787,-0.171
2016-11-22,-0.7483185639955732,0.18387230092041537,1.733,,1.07,0.65,-0.817,-0.162
2016-11-23,-0.7186396891929281,0.17247057929741974,1.752,,1.12,0.67,-0.815,
2016-11-24,-0.7592772761545308,0.14683825875593173,1.786,,,0.68,-0.795,-0.162
2016-11-25,-0.775099033982614,0.12399643198245447,1.784,,1.12,0.67,-0.829,-0.142
2016-11-28,-0.7858398017334745,0.1008330472148583,1.754,,1.11,0.66,-0.826,-0.153
2016-11-29,-0.7799167720645501,0.1029064421090714,1.773,,1.09,0.67,-0.823,-0.164
2016-11-30,-0.7791404456553979,0.12463948951919897,1.777,,1.11,0.7,-0.82,-0.167
2016-12-01,-0.7724161910996514,0.14397596950750283,1.809,,1.14,0.75,-0.804,-0.174
2016-12-02,-0.7561872370416554,0.11525634092611983,1.825,,1.11,0.73,-0.811,-0.179
2016-12-05,-0.7332628116584026,0.11453356309822095,1.797,,1.13,0.74,-0.806,-0.189
2016-12-06,-0.7280016893689427,0.13333115440891244,1.807,,1.12,0.72,-0.81,-0.189
2016-12-07,-0.7145498301492923,0.12225079105455493,1.763,,1.1,0.7,-0.801,-0.194
2016-12-08,-0.720715106995522,0.11509911585277154,1.759,,1.12,0.72,-0.787,-0.189
2016-12-09,-0.7790583505233455,0.1391477692740411,1.794,,1.15,0.74,-0.792,-0.189
2016-12-12,-0.7660997047938514,0.14772033042032504,1.822,,1.15,0.76,-0.787,-0.189
2016-12-13,-0.756701277912601,0.1332288981020433,1.805,,1.17,0.77,-0.799,-0.184
2016-12-14,-0.7589732836867444,0.11324552830176948,1.787,,1.27,0.8,-0.811,-0.199
2016-12-15,-0.7798733009101593,0.16665694193810468,1.845,,1.29,0.82,-0.768,-0.199
2016-12-16,-0.8023620972778533,0.14767761784733022,1.833,,1.28,0.82,-0.783,-0.18
2016-12-19,-0.8020961600495555,0.11437170128960496,1.879,,1.24,0.8,-0.784,-0.181
2016-12-20,-0.8021165211760279,0.10719872540957721,1.899,,1.25,0.82,-0.796,-0.186
2016-12-21,-0.7981067804568953,0.08303612207961329,1.905,,1.21,0.83,-0.785,-0.181
2016-12-22,-0.8091624505208079,0.0753942254591489,1.914,,1.22,0.83,-0.772,-0.181
2016-12-23,-0.8132278638262234,0.06424364716416878,1.944,,1.22,0.79,-0.788,
2016-12-26,,,,,,,,-0.178
2016-12-27,-0.8218313382605946,,,,1.28,,-0.797,-0.169
2016-12-28,-0.8315431519420957,0.056640105387351605,1.944,,1.26,0.78,-0.805,-0.174
2016-12-29,-0.8038552902505653,0.047345566428226724,1.89,,1.22,0.76,-0.779,-0.182
2016-12-30,-0.8000982626405939,0.04375582281492022,1.865,,1.2,0.74,-0.793,-0.187
2017-01-02,-0.8181670896921829,,,,,,,
2017-01-03,-0.7987262447253185,0.12868159471503252,1.852,,1.22,0.77,-0.796,
2017-01-04,-0.796285835508109,0.1341778445874277,1.885,,1.24,0.75,-0.824,-0.193
2017-01-05,-0.7652190708344948,0.14211703311558407,1.85,,1.17,0.72,-0.814,-0.203
2017-01-06,-0.7393404161948007,0.18890845185726426,1.813,,1.22,0.76,-0.827,-0.213
2017-01-09,-0.7525120315583012,0.1795092983117469,1.866,,1.21,0.75,-0.835,
2017-01-10,-0.7596324357319775,0.18901935523427552,1.83,,1.19,0.75,-0.829,-0.243
2017-01-11,-0.7419533435486549,0.1763379008830266,1.829,,1.2,0.75,-0.823,-0.248
2017-01-12,-0.7451465108175364,0.1498718267046636,1.798,,1.18,0.77,-0.815,-0.223
2017-01-13,-0.7506443323557175,0.1762363518997237,1.826,,1.21,0.79,-0.818,-0.224
2017-01-16,-0.7565141688465564,0.15244760372674115,1.824,,,0.79,-0.825,-0.224
2017-01-17,-0.7625813638965355,0.15918949115768774,1.833,,1.17,0.78,-0.821,-0.23
2017-01-18,-0.737065805358665,0.17913695353411366,1.832,,1.23,0.76,-0.823,-0.235
2017-01-19,-0.7333933734327163,0.20810452412616748,1.86,,1.25,0.79,-0.785,-0.23
2017-01-20,-0.7097726064369283,0.21509381874517167,1.865,,1.2,0.77,-0.802,-0.235
2017-01-23,-0.6855649827730188,0.18376525604641827,1.85,,1.16,0.75,-0.806,-0.241
2017-01-24,-0.685996877326958,0.17874295190348696,1.809,,1.21,0.78,-0.806,-0.246
2017-01-25,-0.6653688800020543,0.19601932738347316,1.81,,1.23,0.82,-0.82,-0.216
2017-01-26,-0.6712029991276816,0.2214953375507547,,,1.21,0.81,-0.808,-0.201
2017-01-27,-0.672522497480518,0.19527519075659408,1.812,,1.22,0.8,-0.817,-0.2
2017-01-30,-0.677531441817492,0.18569815841422938,1.79,,1.22,0.79,-0.831,-0.209
2017-01-31,-0.6920974197856666,0.17421699018612982,1.761,,1.19,0.77,-0.835,-0.209
2017-02-01,-0.7146369609704131,0.1966817410873833,1.787,,1.22,0.77,-0.803,-0.227
2017-02-02,-0.7505927552112399,0.15102185126907955,1.803,,1.21,0.77,-0.797,-0.226
2017-02-03,-0.7588422284229477,0.13378274950212363,1.827,,1.21,0.77,-0.811,-0.231
2017-02-06,-0.7777718685984447,0.11759478333808521,1.811,,1.16,0.74,-0.731,-0.221
2017-02-07,-0.7822619182723862,0.10902066860865023,1.789,,1.16,0.74,-0.849,-0.221
2017-02-08,-0.8131281606106309,0.11208671938474285,1.784,,1.15,0.72,-0.84,-0.21
2017-02-09,-0.8053079347424195,0.11866601688397736,1.76,,1.2,0.75,-0.832,-0.209
2017-02-10,-0.7931039360966139,0.13276013611680978,1.8,,1.2,0.77,-0.831,-0.214
2017-02-13,-0.8020430442656616,0.14324213240913392,1.786,,1.2,0.78,-0.857,-0.214
2017-02-14,-0.8041668456169067,0.14058849096911122,1.805,,1.25,0.8,-0.835,-0.224
2017-02-15,-0.7959800892380877,0.12869599326181094,1.838,,1.27,0.81,-0.84,-0.234
2017-02-16,-0.7884900718255752,0.09429556284506947,1.828,,1.22,0.79,-0.841,-0.239
2017-02-17,-0.816393799380029,0.08036334699099043,1.83,,1.21,0.77,-0.84,-0.244
2017-02-20,-0.8400944040936063,0.08936313720280517,1.813,,,,-0.851,-0.239
2017-02-21,-0.8469779787736988,0.10507012525075553,1.825,,1.22,0.78,-0.846,-0.24
2017-02-22,-0.8960195704154796,0.07923525367658928,1.842,,1.22,0.78,-0.844,-0.26
2017-02-23,-0.8982817730464179,0.06892170728045993,1.807,,1.18,0.76,-0.861,-0.26
2017-02-24,-0.930352620503653,0.05832081088687578,1.778,,1.12,0.75,-0.863,-0.265
2017-02-27,-0.9177140263756982,0.049310889305674836,1.784,,1.2,0.76,-0.873,-0.264
2017-02-28,-0.8952173566631316,0.04603418641325677,1.791,,1.22,0.74,-0.874,-0.262
2017-03-01,-0.858238491163811,0.06973344320269183,1.825,,1.29,0.76,-0.863,-0.259
2017-03-02,-0.8591896552341876,0.07277204261270734,1.804,,1.32,0.78,-0.851,-0.276
2017-03-03,-0.8345048895204883,0.05433508325026741,1.808,,1.32,0.76,-0.861,-0.291
2017-03-06,-0.8342528240896661,0.0629742915501905,1.82,,1.31,0.76,-0.843,-0.295
2017-03-07,-0.8760784543091953,0.05078012073168338,1.841,,1.32,0.79,-0.828,-0.295
2017-03-08,-0.8562834172676519,0.05834777894217682,1.868,,1.36,0.82,-0.83,-0.29
2017-03-09,-0.8525922698015567,0.06456193459734397,1.89,,1.37,0.82,-0.832,-0.269
2017-03-10,-0.8460082687163366,0.06881342412401013,1.915,,1.36,0.84,-0.804,-0.264
2017-03-13,-0.8183605500553632,0.061541268711779125,1.891,,1.4,0.87,-0.799,-0.259
2017-03-14,-0.8067374517648407,0.0415278686815647,1.875,,1.4,0.85,-0.795,-0.259
2017-03-15,-0.8214102776950005,0.010269404065333354,1.879,,1.33,0.8,-0.809,-0.254
2017-03-16,-0.7950855603332143,0.041590289902978486,1.813,,1.35,0.82,-0.793,-0.264
2017-03-17,-0.7881153749701673,0.038715056419853865,1.821,,1.33,0.8,-0.777,-0.265
2017-03-20,-0.7709211107769978,0.04515741058202268,1.794,,1.3,0.79,-0.791,
2017-03-21,-0.735123021518203,0.10645098994944371,1.789,,1.27,0.79,-0.767,-0.263
2017-03-22,-0.771164167529363,0.07991469582337765,1.782,,1.27,0.77,-0.776,-0.268
2017-03-23,-0.7583462619413535,0.12377623038343875,1.767,,1.26,0.76,-0.767,-0.273
2017-03-24,-0.7370195780931019,0.13921726335780954,1.755,,1.26,0.74,-0.758,-0.264
2017-03-27,-0.7149242528069428,0.1468696460427777,1.74,,1.27,0.73,-0.773,-0.265
2017-03-28,-0.7179055957654068,0.14610829506376652,1.737,,1.3,0.74,-0.781,-0.26
2017-03-29,-0.7612406832210281,0.11614092914159704,1.756,,1.26,0.72,-0.78,-0.25
2017-03-30,-0.7436793606031067,0.07937577796882983,1.749,,1.28,0.74,-0.776,-0.215
2017-03-31,-0.7283535794793483,0.08716529927411314,1.757,,1.27,0.75,-0.773,-0.204
2017-04-03,-0.7873725092199209,0.07760390390185205,1.741,,1.24,0.73,-0.8,-0.175
2017-04-04,-0.8082878916815699,0.09376556674788888,1.716,,1.25,0.74,-0.787,-0.188
2017-04-05,-0.8052422419393412,0.09688413361981484,1.705,,1.24,0.72,-0.798,-0.201
2017-04-06,-0.7964778087425497,0.10156138318114862,1.686,,1.24,0.72,-0.795,-0.211
2017-04-07,-0.8155957220479637,0.08518330024968854,1.656,,1.29,0.76,-0.789,-0.219
2017-04-10,-0.8326779504899378,0.07119467588948834,1.658,,1.29,0.76,-0.814,-0.219
2017-04-11,-0.8434475701797961,0.055093158418324656,1.657,,1.24,0.73,-0.825,-0.224
2017-04-12,-0.8420067405528631,0.06085279855855521,1.644,,1.24,0.73,-0.811,-0.229
2017-04-13,-0.8572238046867451,0.06780502040117217,1.636,,1.21,0.73,-0.815,-0.224
2017-04-14,,,,,,,,-0.224
2017-04-17,,,,,1.21,0.73,,-0.22
2017-04-18,-0.8461778135959754,0.06876649372947918,1.635,,1.18,0.69,-0.836,-0.215
2017-04-19,-0.8057916346824627,0.08909960539701986,1.625,,1.19,0.7,-0.832,-0.221
2017-04-20,-0.7858766049869113,0.07796192040531283,1.651,,1.21,0.74,-0.823,-0.221
2017-04-21,-0.7857265720098505,0.04828906558901562,1.663,,1.2,0.71,-0.829,-0.222
2017-04-24,-0.6992764493428401,0.051607226692715696,1.671,,1.25,0.74,-0.805,-0.212
2017-04-25,-0.7018313864199337,0.061881530009225055,,,1.29,0.76,-0.796,-0.208
2017-04-26,-0.7062749360115932,0.05132574806491949,1.703,,1.28,0.74,-0.776,-0.203
2017-04-27,-0.7268340139093548,0.030610639231211545,1.689,,1.25,0.73,-0.787,-0.193
2017-04-28,-0.7320803590402449,0.03505185299787228,1.666,,1.28,0.72,-0.772,-0.207
2017-05-01,,,1.673,,1.28,0.72,,-0.207
2017-05-02,-0.7383887936898423,0.04548756449235662,1.685,,1.27,0.67,-0.786,-0.202
2017-05-03,-0.7323488098328292,0.042938889371642724,1.681,,1.3,0.7,-0.774,
2017-05-04,-0.7207511610100701,0.06926017966145927,1.73,,1.32,0.68,-0.778,
2017-05-05,-0.6977623405115079,0.09855371625398639,1.726,,1.32,0.68,-0.769,
2017-05-08,-0.68914782305741,0.10905958026361656,1.741,,1.33,0.7,-0.768,-0.198
2017-05-09,-0.6756781996966628,0.1200963725949716,1.741,,1.37,0.72,-0.764,-0.188
2017-05-10,-0.6880337256432947,0.10101796284180226,1.712,,1.35,0.71,-0.743,-0.183
2017-05-11,-0.6724458729226326,0.08781736048262147,1.699,,1.35,0.7,-0.756,-0.182
2017-05-12,-0.6886235556510507,0.07028899318370736,1.688,,1.29,0.68,-0.753,-0.178
2017-05-15,-0.6748691147678381,0.08514340674161332,1.664,,1.31,0.69,-0.762,-0.174
2017-05-16,-0.662512507396138,0.08402788022149343,1.662,,1.29,0.7,-0.757,-0.17
2017-05-17,-0.6883640253095722,0.07936357899763266,1.631,,1.26,0.66,-0.778,-0.16
2017-05-18,-0.6941479229733769,0.0725611271524758,1.646,,1.27,0.67,-0.788,-0.151
2017-05-19,-0.679065299362259,0.0711916253564944,1.627,,1.28,0.68,-0.789,-0.161
2017-05-22,-0.6754649506161332,0.0570967255683415,1.63,,1.29,,-0.788,-0.168
2017-05-23,-0.6626976395150592,0.05698382448061976,1.616,,1.31,0.69,-0.788,-0.167
2017-05-24,-0.6798279837873018,0.05918319605775376,1.621,,1.29,0.72,-0.772,-0.163
2017-05-25,-0.6938281072316945,0.05851592222233119,1.599,,1.3,0.72,,-0.168
2017-05-26,-0.7041108110412706,0.0583464383500124,1.582,,1.3,0.71,-0.772,-0.168
2017-05-29,-0.7289786695733911,,1.592,,,0.71,-0.774,-0.171
2017-05-30,-0.7357365401249103,0.05136288222777743,1.577,,1.28,0.7,-0.788,-0.165
2017-05-31,-0.7359024097670401,0.07771945391157535,1.558,,1.28,0.69,-0.8,-0.162
2017-06-01,-0.7329104343205337,0.09272411805389502,1.568,,1.28,0.7,-0.79,-0.16
2017-06-02,-0.7480126616172376,0.08570345891152854,1.585,,1.28,0.69,-0.788,-0.155
2017-06-05,-0.731554756714436,0.077596650418039,1.589,,1.32,0.71,,-0.146
2017-06-06,-0.7499016623670762,0.062484825825813606,1.57,,1.3,0.71,-0.801,-0.142
2017-06-07,-0.7559794884731783,0.06541366176827235,1.608,,1.32,0.71,-0.797,-0.117
2017-06-08,-0.746443367553991,0.08142361814767143,1.615,,1.33,0.71,-0.771,-0.103
2017-06-09,-0.754912508617716,0.06169117600880481,1.626,,1.35,0.74,-0.819,-0.108
2017-06-12,-0.7515382195343854,0.051511190799658116,,,1.35,0.83,-0.82,-0.114
2017-06-13,-0.7212299234350379,0.09868757877399133,1.625,,1.38,0.91,-0.834,-0.109
2017-06-14,-0.7163713027236174,0.05758882028618054,1.64,,1.35,0.88,-0.815,-0.114
2017-06-15,-0.6591979497150158,0.13827371349721257,1.654,,1.35,0.91,-0.81,-0.12
2017-06-16,-0.6830524726628502,0.11957882451646078,1.683,,1.32,0.89,-0.807,-0.12
2017-06-19,-0.6696802639782211,0.13525088700458435,1.693,,1.36,0.94,-0.811,-0.116
2017-06-20,-0.6718376793094594,0.1014723949653756,1.709,,1.36,0.91,-0.803,-0.112
2017-06-21,-0.6599404815177126,0.1551540776554491,1.688,,1.36,0.91,-0.805,-0.102
2017-06-22,-0.6651717008279006,0.1616073857053435,1.679,,1.34,0.93,-0.795,-0.102
2017-06-23,-0.65032843183561,0.18879084980989935,1.68,,1.34,0.9,-0.787,-0.103
2017-06-26,-0.6557621455971772,0.19483180789799082,1.683,,1.36,0.9,-0.793,-0.104
2017-06-27,-0.610612879172467,0.2119164499675273,1.672,,1.38,0.96,-0.793,-0.117
2017-06-28,-0.6107385664629907,0.24909508457107324,1.714,,1.34,1.04,-0.78,-0.12
2017-06-29,-0.5982272964863675,0.3150929379694885,1.726,,1.38,1.08,-0.76,-0.12
2017-06-30,-0.5860358511646915,0.30740964444709745,1.776,,1.38,1.09,-0.719,-0.115
2017-07-03,-0.6063645902190862,0.31401785074628497,1.773,,1.41,,-0.738,-0.121
2017-07-04,-0.6157263751251545,0.29492983957253255,1.723,,,1.13,-0.729,-0.126
2017-07-05,-0.6023523562677431,0.26824965716837174,1.734,,1.41,1.13,-0.732,-0.116
2017-07-06,-0.5923981635402251,0.32260897373816866,1.748,,1.4,1.13,-0.725,-0.102
2017-07-07,-0.606108602539706,0.292693587169346,1.79,,1.4,1.16,-0.743,-0.102
2017-07-10,-0.6168116260072152,0.2600319650096763,1.789,,1.4,1.15,-0.719,-0.099
2017-07-11,-0.6064346718529503,0.27024710925819256,1.812,,1.37,1.12,-0.712,-0.104
2017-07-12,-0.6190180632922981,0.2697363820841055,1.798,,1.35,1.19,-0.718,-0.109
2017-07-13,-0.6253842576283519,0.28793313859540837,1.771,,1.37,1.22,-0.707,-0.114
2017-07-14,-0.6325131195366183,0.29304255930077616,1.777,,1.35,1.19,-0.717,-0.109
2017-07-17,-0.6323908836858951,0.2736333044770111,1.79,,1.36,1.19,-0.705,
2017-07-18,-0.6392138720623652,0.24008559198202148,1.845,,1.36,1.19,-0.708,-0.106
2017-07-19,-0.6402525016168976,0.2269487550634208,1.842,,1.37,1.22,-0.703,-0.111
2017-07-20,-0.6436986689765849,0.2530917306369552,1.843,,1.37,1.24,-0.699,-0.111
2017-07-21,-0.6437726489582252,0.22754665620950926,1.776,,1.36,1.25,-0.706,-0.116
2017-07-24,-0.6556850816749629,0.23482184200970926,1.764,,1.37,1.27,-0.718,-0.118
2017-07-25,-0.6475712765100603,0.26540426006405093,1.772,,1.4,1.32,-0.718,-0.112
2017-07-26,-0.6528243823934616,0.23191116400496128,1.778,,1.36,1.28,-0.723,-0.107
2017-07-27,-0.664467069663166,0.20038397365263544,1.753,,1.36,1.3,-0.72,-0.115
2017-07-28,-0.658818577416131,0.20883466245335985,1.756,,1.34,1.33,-0.687,-0.117
2017-07-31,-0.6677879301542609,0.22895436119353682,1.739,,1.34,1.31,-0.698,-0.117
2017-08-01,-0.6708553997478397,0.21760897205121923,1.759,,1.34,1.26,,-0.117
2017-08-02,-0.6821703054825203,0.23624129410208347,1.753,,1.36,1.25,-0.704,-0.118
2017-08-03,-0.6764010134952034,0.18730490781797485,1.736,,1.34,1.24,-0.695,-0.118
2017-08-04,-0.6729454984207317,0.20326017202206306,1.73,,1.36,1.24,-0.709,-0.113
2017-08-07,-0.6753310028481394,0.17527942311816924,,,1.36,,-0.726,-0.108
2017-08-08,-0.6670214425523993,0.18590406345502047,1.742,,1.36,1.25,-0.727,-0.109
2017-08-09,-0.6814680212885964,0.16994093165226362,1.759,,1.33,1.24,-0.737,-0.119
2017-08-10,-0.6801208922186017,0.1737895346676627,1.767,,1.33,1.22,-0.742,-0.114
2017-08-11,-0.7031796004310147,0.16580274667614525,1.726,,1.3,1.21,-0.76,
2017-08-14,-0.7055315635241621,0.1762799675101946,1.746,,1.33,1.22,-0.755,-0.114
2017-08-15,-0.6890506176624234,0.18292469395878477,1.765,,1.35,1.24,-0.754,-0.115
2017-08-16,-0.6884724269699971,0.19323123540553816,1.781,,1.33,1.23,-0.749,-0.12
2017-08-17,-0.6805273178986448,0.18701180783905713,1.773,,1.32,1.23,-0.733,-0.115
2017-08-18,-0.7000984391392837,0.17892843620909324,1.758,,1.33,1.24,-0.733,-0.131
2017-08-21,-0.7020942395337286,0.17621475011977233,1.778,,1.32,1.24,-0.748,-0.131
2017-08-22,-0.7032135755090767,0.16926406597519886,1.788,,1.33,1.27,-0.741,-0.131
2017-08-23,-0.7185161811870229,0.15164901607285158,1.807,,1.32,1.26,-0.742,-0.132
2017-08-24,-0.7229737250576296,0.14953721503368747,1.785,,1.33,1.27,-0.734,-0.143
2017-08-25,-0.7114144011382173,0.13510397082179476,1.795,,1.35,1.26,-0.73,-0.157
2017-08-28,-0.7332824075870761,,1.823,,1.33,1.26,-0.736,-0.158
2017-08-29,-0.742497940722588,0.11862755368537216,1.805,,1.33,1.24,-0.745,-0.158
2017-08-30,-0.7244493855285317,0.1340203015669116,1.84,,1.33,1.24,-0.749,-0.155
2017-08-31,-0.7341663992199683,0.1270234578909281,1.848,,1.33,1.27,-0.745,-0.162
2017-09-01,-0.7264870387794229,0.1396792062506367,1.82,,1.35,1.34,-0.756,-0.165
2017-09-04,-0.7413051187851529,0.1409688816538638,1.799,,,,-0.76,-0.161
2017-09-05,-0.759554124330533,0.12969760316125054,1.847,,1.3,1.34,-0.746,-0.156
2017-09-06,-0.7471465701505293,0.1191522974170504,1.804,,1.3,1.44,-0.762,-0.152
2017-09-07,-0.7604467254267897,0.09847189149107564,1.843,,1.27,1.47,-0.763,-0.157
2017-09-08,-0.7633127457827316,0.13209357953378442,1.825,,1.27,1.52,-0.767,-0.162
2017-09-11,-0.7604673544174894,0.17633303605121042,1.835,,1.32,1.54,-0.736,-0.158
2017-09-12,-0.7399262933260928,0.25025636541109475,1.843,,1.33,1.54,-0.758,-0.144
2017-09-13,-0.7299451431121495,0.2536450375439373,1.863,,1.35,1.56,-0.764,-0.144
2017-09-14,-0.7206202211901234,0.33506844535581365,1.887,,1.37,1.58,-0.742,-0.139
2017-09-15,-0.7056445173470882,0.4157589565203143,1.914,,1.39,1.6,-0.738,-0.15
2017-09-18,-0.699522557437696,0.39125647110285194,1.953,,1.4,1.57,-0.74,
2017-09-19,-0.696656984425676,0.3893813320223427,1.969,,1.4,1.55,-0.734,-0.141
2017-09-20,-0.6986707373204375,0.4092074413279513,1.974,,1.45,1.58,-0.734,-0.131
2017-09-21,-0.6957818218409795,0.4298661887979256,1.957,,1.45,1.59,-0.711,-0.126
2017-09-22,-0.691673029154046,0.43042885644040474,1.94,,1.46,1.6,-0.72,-0.137
2017-09-25,-0.6778882429689128,0.41234397250313853,1.941,,1.44,1.59,-0.737,-0.138
2017-09-26,-0.7190046396221828,0.42572548381105985,1.926,,1.45,1.6,-0.742,-0.138
2017-09-27,-0.7024221582565922,0.4447179656618266,1.927,,1.47,1.58,-0.744,-0.129
2017-09-28,-0.7101638978835298,0.4408353799063992,1.96,,1.45,1.54,-0.735,-0.115
2017-09-29,-0.6999581196698683,0.43372563839206996,1.939,,1.47,1.52,-0.737,-0.12
2017-10-02,-0.7155326883760775,0.4128519504187836,,,1.49,1.53,-0.742,-0.11
2017-10-03,-0.7122918772976821,0.4329421318422454,1.941,,1.47,1.52,-0.736,-0.115
2017-10-04,-0.7163426843514076,0.4336196035275359,1.927,,1.47,1.53,-0.741,-0.135
2017-10-05,-0.7033956093803466,0.4444597756685977,1.895,,1.49,1.52,-0.729,-0.14
2017-10-06,-0.6824731304138671,0.407134257739826,1.917,,1.54,1.55,-0.728,-0.14
2017-10-09,-0.7063305132387336,0.40721947518227586,1.908,,,,-0.742,
2017-10-10,-0.70152675313693,0.42707677523992005,1.932,,1.51,1.55,-0.745,-0.145
2017-10-11,-0.6953399454251183,0.4443124327738491,1.935,,1.51,1.55,-0.741,-0.144
2017-10-12,-0.7124039816193077,0.4565980974226364,1.93,,1.51,1.56,-0.732,-0.144
2017-10-13,-0.7286280098888733,0.4602342662963106,1.92,,1.51,1.54,-0.724,-0.144
2017-10-16,-0.7462403070737462,0.4441154908263212,1.898,,1.54,1.52,-0.75,-0.145
2017-10-17,-0.7417228057703538,0.4031487606218961,1.905,,1.54,1.51,-0.748,-0.14
2017-10-18,-0.73042909406528,0.42832129615680664,1.889,,1.59,1.51,-0.756,-0.13
2017-10-19,-0.737267316936185,0.4012597674750092,1.926,,1.58,1.49,-0.746,-0.141
2017-10-20,-0.7184527558678964,0.43030026495661206,1.936,,1.6,1.47,-0.737,-0.136
2017-10-23,-0.7300149644696567,0.4213864910415116,1.943,,1.58,1.47,-0.743,-0.137
2017-10-24,-0.705378641506881,0.45166000967008,1.929,,1.6,1.49,-0.747,-0.137
2017-10-25,-0.6973443201031024,0.4978153678949709,1.882,,1.61,1.46,-0.743,-0.137
2017-10-26,-0.7292970915131098,0.48352028586992674,1.863,,1.63,1.45,-0.736,-0.147
2017-10-27,-0.7485892550545188,0.4556754371546943,1.872,,1.59,1.42,-0.767,-0.149
2017-10-30,-0.7574911601902539,0.4385247641972184,1.848,,1.58,1.4,-0.788,-0.155
2017-10-31,-0.744982685394139,0.4507906582225921,1.819,,1.6,1.39,-0.779,-0.16
2017-11-01,-0.751392239768693,0.48075515227369386,1.837,,1.61,1.41,-0.779,-0.16
2017-11-02,-0.7437468896640738,0.392006515914236,1.82,,1.61,1.41,-0.771,-0.163
2017-11-03,-0.756691930637797,0.4291282947622548,1.768,,1.63,1.44,-0.777,
2017-11-06,-0.7455083994131231,0.4265008750007725,1.775,,1.61,1.42,-0.79,-0.183
2017-11-07,-0.762951060536615,0.421891129143995,1.784,,1.63,1.4,-0.77,-0.193
2017-11-08,-0.7658246034695289,0.4156306509666542,1.794,,1.65,1.42,-0.782,-0.207
2017-11-09,-0.7460245445267688,0.4438614220269201,1.799,,1.63,1.45,-0.773,-0.198
2017-11-10,-0.7476946647973985,0.47007563131520697,1.797,,1.67,1.46,-0.771,-0.179
2017-11-13,-0.7407622829979061,0.4698063726584956,1.797,,1.7,,-0.78,-0.174
2017-11-14,-0.7331121895200834,0.4521942255938508,1.839,,1.68,1.46,-0.779,-0.184
2017-11-15,-0.7490579389949721,0.4517557210555706,1.787,,1.68,1.44,-0.786,-0.189
2017-11-16,-0.7371355963390904,0.4671953565076239,1.795,,1.72,1.48,-0.784,-0.19
2017-11-17,-0.7377633952978107,0.4632381837795807,1.785,,1.73,1.45,-0.784,-0.195
2017-11-20,-0.7402381427402762,0.4552804917191169,1.776,,1.77,1.47,-0.79,-0.196
2017-11-21,-0.739479472011026,0.4592992517471421,1.778,,1.77,1.46,-0.797,-0.196
2017-11-22,-0.718180875602509,0.44591457801005707,1.782,,1.74,1.45,-0.787,-0.197
2017-11-23,-0.7157607499590934,0.43190419285327125,1.772,,,1.43,-0.803,
2017-11-24,-0.7118833481682696,0.4365759574573639,1.775,,1.75,1.44,-0.849,-0.188
2017-11-27,-0.7128897828242948,0.4472189393991846,1.775,,1.74,1.43,-0.776,-0.179
2017-11-28,-0.7223276691038363,0.4492953634960897,1.751,,1.75,1.42,-0.789,-0.175
2017-11-29,-0.7053485898847152,0.5070460037567376,1.73,,1.78,1.43,-0.76,-0.174
2017-11-30,-0.7021452827025936,0.4952891537286021,1.751,,1.78,1.43,-0.753,-0.16
2017-12-01,-0.7155631335293915,0.4192488598735547,1.78,,1.78,1.52,-0.752,-0.16
2017-12-04,-0.7215488853837471,0.4838903125286238,1.798,,1.8,1.55,-0.775,-0.148
2017-12-05,-0.7326212614239145,0.4795869870346601,1.854,,1.83,1.54,-0.772,-0.138
2017-12-06,-0.7551588157729876,0.4703767219182799,1.796,,1.78,1.49,-0.787,-0.143
2017-12-07,-0.767450613558939,0.48426381009842495,1.792,,1.8,1.49,-0.767,-0.143
2017-12-08,-0.7623042108258975,0.4807597642355633,1.814,,1.8,1.5,-0.78,-0.153
2017-12-11,-0.7478797616125608,0.4380761275738326,1.842,,1.82,1.51,-0.78,-0.154
2017-12-12,-0.743906845655637,0.4475173979996036,1.839,,1.83,1.52,-0.775,-0.154
2017-12-13,-0.7469175968417172,0.46232353650611885,1.859,,1.79,1.5,-0.774,-0.159
2017-12-14,-0.738588411901115,0.42973211740180534,1.925,,1.82,1.57,-0.769,-0.159
2017-12-15,-0.7382827626242525,0.4334092220063958,1.906,,1.84,1.55,-0.772,-0.155
2017-12-18,-0.7240255516569718,0.4262980668273564,1.926,,1.84,1.57,-0.788,-0.15
2017-12-19,-0.7105696042059124,0.44695438792254294,1.951,,1.87,1.6,-0.794,-0.151
2017-12-20,-0.6913950787301859,0.46843781090938735,1.972,,1.87,1.63,-0.782,-0.146
2017-12-21,-0.6699112092740309,0.45678030208180576,1.992,,1.89,1.68,-0.767,-0.146
2017-12-22,-0.6649866952696035,0.4380081166852235,2.018,,1.91,1.66,-0.752,-0.147
2017-12-25,,,,,,,,-0.147
2017-12-26,,,,,1.92,,,-0.145
2017-12-27,-0.6731523010616778,0.40981646595742066,2.029,,1.89,1.66,-0.766,-0.143
2017-12-28,-0.637618189823689,0.4291048407851497,2.027,,1.91,1.69,-0.769,-0.138
2017-12-29,-0.6352172241188692,0.42498385702752023,1.995,,1.89,1.68,-0.761,-0.14
2018-01-02,-0.6184492733985723,0.49064940348940195,2.007,,1.92,1.7,,
2018-01-03,-0.6258495135872177,0.4599242136879003,2.003,,1.94,1.68,-0.765,
2018-01-04,-0.6092078650348185,0.4863523372624118,1.968,,1.96,1.7,-0.81,-0.138
2018-01-05,-0.610466326997031,0.4898136190407221,1.905,,1.96,1.77,-0.815,-0.138
2018-01-08,-0.6202436117552228,0.4935978867905138,1.921,,1.96,1.78,-0.83,
2018-01-09,-0.6158303015402957,0.5249609912302153,1.944,,1.98,1.79,-0.85,-0.139
2018-01-10,-0.6151396804484026,0.533245473228577,1.954,,1.98,1.73,-0.839,-0.129
2018-01-11,-0.5646616875077592,0.561485755903381,1.974,,1.98,1.76,-0.832,-0.134
2018-01-12,-0.5597776646191157,0.5968783817436685,1.96,,1.99,1.76,-0.819,-0.134
2018-01-15,-0.5778057363459306,0.599295498206331,1.976,,,1.77,-0.811,-0.14
2018-01-16,-0.5749339861922129,0.5890099401430229,1.991,,2.03,1.78,-0.813,-0.14
2018-01-17,-0.5706399095357986,0.5750259004056087,2.0,,2.05,1.78,-0.836,-0.13
2018-01-18,-0.5762719550166233,0.6098004564741736,1.989,,2.05,1.81,-0.82,-0.13
2018-01-19,-0.5854912862391126,0.5889005901780363,2.021,,2.06,1.8,-0.822,-0.136
2018-01-22,-0.5915804785073462,0.5882266237610815,2.018,,2.08,1.8,-0.838,-0.136
2018-01-23,-0.5833259436548168,0.595835482179985,2.004,,2.06,1.8,-0.845,-0.142
2018-01-24,-0.5807932699295382,0.6263263970300973,2.002,,2.08,1.81,-0.833,-0.137
2018-01-25,-0.5451433564393389,0.6345842525466073,2.001,,2.08,1.8,-0.815,-0.132
2018-01-26,-0.5387041960601016,0.6612547508408803,,,2.13,1.81,-0.819,-0.132
2018-01-29,-0.5075764573764943,0.6707081643241248,2.012,,2.11,1.82,-0.822,-0.128
2018-01-30,-0.5176578097556845,0.6578984225982711,2.019,,2.13,1.83,-0.825,-0.13
2018-01-31,-0.5247320548608307,0.6883112379764961,1.963,,2.14,1.84,-0.833,-0.137
2018-02-01,-0.5327598288112059,0.705306475316479,1.941,,2.16,1.86,-0.812,-0.128
2018-02-02,-0.521751105664789,0.7133030217082277,1.947,,2.15,1.85,-0.812,-0.131
2018-02-05,-0.543226240574679,0.6974506886854659,1.999,,2.08,1.81,-0.84,-0.137
2018-02-06,-0.547235753362938,0.6485644283472515,1.956,,2.1,1.83,-0.863,-0.142
2018-02-07,-0.5448470227649107,0.6691800785401596,1.937,,2.15,1.85,-0.837,-0.144
2018-02-08,-0.5146026909352956,0.7481894143719224,1.957,,2.13,1.83,-0.824,-0.148
2018-02-09,-0.5456359457166666,0.7332489680595146,1.926,,2.05,1.78,-0.838,-0.149
2018-02-12,-0.5592832426489274,0.7356019198822369,1.952,,2.09,1.78,-0.751,
2018-02-13,-0.5624755786788898,0.7547522548597629,1.945,,2.1,1.78,-0.762,-0.154
2018-02-14,-0.5479182527473743,0.7560421201264799,1.948,,2.17,1.82,-0.756,-0.154
2018-02-15,-0.5396199499448961,0.7569788914690254,1.967,,2.19,1.84,-0.738,-0.159
2018-02-16,-0.5552945117676398,0.7123547952088746,1.983,,2.21,1.82,-0.735,-0.16
2018-02-19,-0.5495560353561562,0.7223635118859988,1.985,,,,-0.746,-0.151
2018-02-20,-0.556576740817512,0.7139173380378269,2.006,,2.25,1.82,-0.74,-0.151
2018-02-21,-0.5484844626377612,0.7191376784878846,1.977,,2.26,1.84,-0.733,-0.151
2018-02-22,-0.5560946036786856,0.7260414515504202,1.969,,2.25,1.8,-0.737,-0.151
2018-02-23,-0.5701424029787718,0.7344730752728191,1.946,,2.25,1.78,-0.743,-0.153
2018-02-26,-0.5725897805717945,0.7383209112594531,1.929,,2.22,1.79,-0.756,-0.154
2018-02-27,-0.5642931916123333,0.7632719612774892,1.926,,2.27,1.8,-0.76,-0.162
2018-02-28,-0.572716156433839,0.730496281669378,1.97,,2.25,1.78,-0.77,-0.16
2018-03-01,-0.5817057429596186,0.7131574990591962,1.953,,2.22,1.76,-0.774,-0.16
2018-03-02,-0.5804957664433212,0.7193912955730292,1.94,,2.25,1.77,-0.775,-0.155
2018-03-05,-0.5803534240144961,0.74199546678497,1.947,,2.24,1.75,-0.787,-0.173
2018-03-06,-0.5622852014496118,0.7469933506364489,1.986,,2.25,1.77,-0.774,-0.166
2018-03-07,-0.5585202152058821,0.7432324129657605,1.968,,2.25,1.77,-0.775,-0.162
2018-03-08,-0.5671559401157857,0.7439063079033541,1.971,,2.25,1.78,-0.776,-0.157
2018-03-09,-0.5715420545818306,0.77407712834142,1.985,,2.27,1.83,-0.779,-0.157
2018-03-12,-0.5800019062003967,0.7774576612318478,2.014,,2.27,1.83,-0.78,-0.153
2018-03-13,-0.5890634617310768,0.7773124947172643,2.011,,2.26,1.79,-0.768,-0.154
2018-03-14,-0.5793483600312781,0.7411526322053101,1.974,,2.26,1.77,-0.773,-0.149
2018-03-15,-0.5862981806561312,0.7492517379607049,1.95,,2.29,1.75,-0.77,-0.145
2018-03-16,-0.591061555091895,0.7580131351907671,1.953,,2.31,1.76,-0.78,-0.15
2018-03-19,-0.5854879794608339,0.7741119758228472,1.964,,2.31,1.78,-0.794,-0.151
2018-03-20,-0.5876399456870267,0.8239953150049754,1.977,,2.34,1.81,-0.787,-0.156
2018-03-21,-0.5867594890438408,0.8678078114665426,2.002,,2.31,1.86,-0.791,
2018-03-22,-0.614247893129682,0.8210293749339751,2.04,,2.29,1.82,-0.79,-0.157
2018-03-23,-0.6017288877753648,0.8374442724230855,2.011,,2.28,1.85,-0.812,-0.157
2018-03-26,-0.5983788171555,0.8385935491464935,2.031,,2.33,1.88,-0.798,-0.158
2018-03-27,-0.6073070106820992,0.8232150869626264,2.023,,2.26,1.83,-0.797,-0.153
2018-03-28,-0.6083209264391796,0.7733664374540096,1.967,,2.28,1.8,-0.804,-0.154
2018-03-29,-0.609956169598294,0.7692530983385364,2.001,,2.27,1.77,-0.791,-0.14
2018-03-30,,,,,,,,-0.137
2018-04-02,,,,,2.25,1.77,,-0.135
2018-04-03,-0.6016023872693204,0.7806660945731263,2.027,,2.28,1.8,-0.811,-0.141
2018-04-04,-0.6032334389107241,0.7896588314288042,2.054,,2.28,1.81,-0.818,-0.136
2018-04-05,-0.5873391172779057,0.8163081285336405,2.035,,2.3,1.81,-0.809,-0.133
2018-04-06,-0.5904540552122226,0.8081757879935431,2.021,,2.27,1.79,-0.806,-0.143
2018-04-09,-0.5836820000940577,0.8204611917481581,2.018,,2.29,1.79,-0.812,-0.147
2018-04-10,-0.5702934950496834,0.8361798978817484,2.033,,2.32,1.82,-0.819,-0.154
2018-04-11,-0.5714193834071057,0.8304013041855576,2.025,,2.32,1.85,-0.802,-0.158
2018-04-12,-0.5755119500336336,0.8546407754579002,2.026,,2.34,1.88,-0.774,-0.158
2018-04-13,-0.5807393396290177,0.8498807442367003,2.071,,2.37,1.86,-0.765,-0.159
2018-04-16,-0.5792179391803032,0.8642265712473461,2.092,,2.39,1.87,-0.767,-0.155
2018-04-17,-0.5853195319813924,0.8364416621389276,2.118,,2.41,1.88,-0.748,-0.155
2018-04-18,-0.5753764775743457,0.7968400639540553,2.114,,2.42,1.88,-0.733,-0.15
2018-04-19,-0.556253014385411,0.8425813245361742,2.11,,2.44,1.91,-0.695,-0.141
2018-04-20,-0.5570122067315166,0.7856892871833188,2.098,,2.46,1.93,-0.688,-0.131
2018-04-23,-0.5498127375869091,0.7920703783717711,2.129,,2.49,1.92,-0.674,-0.132
2018-04-24,-0.5458236716106368,0.8174392761406725,2.103,,2.48,1.91,-0.69,-0.136
2018-04-25,-0.5505285972836571,0.83198629205222,,,2.49,1.93,-0.684,-0.135
2018-04-26,-0.5530571321939126,0.831065141574418,2.11,,2.49,1.91,-0.655,-0.131
2018-04-27,-0.571883621723801,0.7505559687483842,2.083,,2.49,1.89,-0.668,-0.137
2018-04-30,-0.5709839086652089,0.7227124915468571,2.047,,2.49,1.89,-0.686,
2018-05-01,,0.7241123823408008,2.048,,2.5,1.93,,-0.142
2018-05-02,-0.5717191943072839,0.7693539210988632,2.052,,2.49,1.94,-0.702,-0.138
2018-05-03,-0.5778050843609961,0.7096555430066839,2.051,,2.49,1.91,-0.687,
2018-05-04,-0.5725845064516379,0.7256437113239946,2.032,,2.51,1.91,-0.698,
2018-05-07,-0.5769564920763957,,2.019,,2.49,1.91,-0.69,-0.137
2018-05-08,-0.5715153182288937,0.7520696259642013,2.016,,2.51,1.93,-0.67,-0.132
2018-05-09,-0.5645516371075718,0.7724591570393752,2.021,,2.54,1.95,-0.647,-0.133
2018-05-10,-0.5793114878060175,0.7249658505830162,2.019,,2.54,1.97,,-0.138
2018-05-11,-0.5679627449180273,0.7422353698429579,2.016,,2.54,1.96,-0.665,-0.138
2018-05-14,-0.5470994881826616,0.7604758513808957,2.001,,2.55,1.99,-0.662,-0.139
2018-05-15,-0.5379548794872218,0.7812184079342718,2.041,,2.58,2.04,-0.661,-0.135
2018-05-16,-0.5581990429113333,0.7651826643176631,2.061,,2.58,2.05,-0.664,-0.14
2018-05-17,-0.5595473370335631,0.8030743853500207,2.065,,2.57,2.06,-0.649,-0.14
2018-05-18,-0.5640119899574643,0.7590306023915682,2.059,,2.55,2.03,-0.649,-0.135
2018-05-21,-0.5909289594640343,0.7505436949496749,2.051,,2.58,,,-0.136
2018-05-22,-0.5874825958606325,0.7734250588305295,2.049,,2.59,2.04,-0.678,-0.141
2018-05-23,-0.6045871736800219,0.7116664364084944,2.047,,2.53,2.02,-0.684,-0.141
2018-05-24,-0.6162522611573111,0.6898313624905144,2.034,,2.5,1.99,-0.678,-0.142
2018-05-25,-0.652919977306734,0.6521111769503309,2.018,,2.48,1.96,-0.692,-0.143
2018-05-28,-0.6925742478333854,,2.007,,,1.93,-0.7,-0.144
2018-05-29,-0.7060217742182573,0.5779480122364531,1.993,,2.32,1.84,-0.73,-0.144
2018-05-30,-0.704692734567586,0.562741383213989,1.98,,2.42,1.92,-0.772,-0.148
2018-05-31,-0.6913572167228086,0.5550936252226332,1.992,,2.4,1.9,-0.742,-0.144
2018-06-01,-0.6366566110034633,0.5862674018360146,2.025,,2.47,1.92,-0.733,-0.145
2018-06-04,-0.6318401252723831,0.6154572493424664,2.069,,2.52,1.93,-0.723,-0.135
2018-06-05,-0.6563043077504824,0.623704398959339,2.056,,2.49,1.91,-0.694,-0.131
2018-06-06,-0.6225627072227509,0.6866084737298795,2.088,,2.52,1.94,-0.682,-0.131
2018-06-07,-0.6179630992906064,0.7041961830319156,2.113,,2.5,1.9,-0.659,-0.131
2018-06-08,-0.659559588167423,0.7045281694205116,2.069,,2.5,1.92,-0.679,-0.127
2018-06-11,-0.6234215982829872,0.7009484556625097,,,2.52,1.9,-0.673,-0.133
2018-06-12,-0.6083517892430201,0.6980666263915584,2.087,,2.54,1.9,-0.668,-0.133
2018-06-13,-0.6121423826484209,0.6893095546488398,2.073,,2.59,1.94,-0.677,-0.133
2018-06-14,-0.6339709690008899,0.677279918733986,2.049,,2.59,1.93,-0.673,-0.138
2018-06-15,-0.6442975094533487,0.6680972014922056,2.034,,2.55,1.89,-0.706,-0.138
2018-06-18,-0.6479226792752373,0.674986158450798,2.021,,2.56,1.87,-0.706,-0.14
2018-06-19,-0.6616324852662947,0.6584031146292985,2.017,,2.54,1.84,-0.71,-0.135
2018-06-20,-0.6630035381399217,0.6670703463377673,2.055,,2.56,1.85,-0.701,-0.135
2018-06-21,-0.6857809034324696,0.6802141678997162,2.067,,2.56,1.82,-0.697,-0.136
2018-06-22,-0.6927997127879078,0.7177522407367893,2.039,,2.56,1.79,-0.677,-0.136
2018-06-25,-0.6862412487397576,0.6992557280464515,2.036,,2.54,1.77,-0.681,-0.137
2018-06-26,-0.6928244295043928,0.6942355247444348,2.034,,2.53,1.8,-0.667,-0.137
2018-06-27,-0.6871671533591153,0.6687493757515273,2.022,,2.52,1.77,-0.678,-0.133
2018-06-28,-0.6946496105669633,0.6624322701059027,2.003,,2.52,1.85,-0.676,-0.128
2018-06-29,-0.682019234848231,0.6860578424714247,2.001,,2.52,1.91,-0.665,-0.129
2018-07-02,-0.6966512530881479,0.6682886179897731,1.969,,2.57,,-0.67,-0.135
2018-07-03,-0.6813203491243645,0.6586826378300034,1.982,,2.53,1.89,-0.666,-0.13
2018-07-04,-0.6718174626355884,0.6929478582410901,1.978,,,1.91,-0.658,-0.131
2018-07-05,-0.6660347230530146,0.6891047890872236,1.975,,2.55,1.91,-0.645,-0.131
2018-07-06,-0.673036848684081,0.7104576471713877,1.994,,2.53,1.91,-0.645,-0.132
2018-07-09,-0.6566104998315749,0.6997452501819349,1.992,,2.57,1.94,-0.676,-0.132
2018-07-10,-0.6524142834464843,0.7271780817656787,2.021,,2.59,1.94,-0.676,-0.127
2018-07-11,-0.6467465672300445,0.7282957346917397,1.99,,2.58,1.95,-0.678,-0.133
2018-07-12,-0.655334751555313,0.7059635632558666,2.0,,2.6,1.94,-0.665,-0.133
2018-07-13,-0.6618555300797784,0.7147441781312387,2.011,,2.59,1.92,-0.665,-0.133
2018-07-16,-0.650205693134212,0.7334593370983313,2.015,,2.59,1.93,-0.654,
2018-07-17,-0.6527641140919949,0.7220493323642373,2.037,,2.62,1.92,-0.66,-0.135
2018-07-18,-0.6527274226924966,0.7046944502943612,2.038,,2.6,1.93,-0.67,-0.13
2018-07-19,-0.6547338028622907,0.690776927032111,2.074,,2.6,1.93,-0.653,-0.13
2018-07-20,-0.6452680474940049,0.701399013006229,2.05,,2.6,1.97,-0.655,-0.127
2018-07-23,-0.6318103241985362,0.7219483619667383,2.069,,2.64,2.0,-0.654,-0.107
2018-07-24,-0.6318903230625184,0.7198243238477088,2.086,,2.63,2.0,-0.65,-0.123
2018-07-25,-0.6271391784464617,0.7244000144876133,2.058,,2.66,2.05,-0.647,-0.126
2018-07-26,-0.6314733313781504,0.7289667247729622,2.036,,2.69,2.05,-0.637,-0.119
2018-07-27,-0.6283917353300756,0.7327835122774283,2.016,,2.67,2.06,-0.642,-0.118
2018-07-30,-0.6057251019936878,0.7581174054174408,2.027,,2.66,2.05,-0.64,-0.119
2018-07-31,-0.5930745643892292,0.7418891283710783,2.037,,2.67,2.07,-0.634,-0.119
2018-08-01,-0.578957669965229,0.7715822333838376,2.05,,2.67,2.08,,-0.09
2018-08-02,-0.5881901903912095,0.7675708100053846,2.063,,2.66,2.08,-0.623,-0.105
2018-08-03,-0.6141770125733528,0.7224335506068561,2.07,,2.63,2.09,-0.633,-0.11
2018-08-06,-0.6123697411858489,0.6996930817332825,,,2.64,,-0.637,-0.111
2018-08-07,-0.6109920554088202,0.7102157230203288,2.033,,2.68,2.13,-0.643,-0.112
2018-08-08,-0.613145263544622,0.7174218356978034,2.041,,2.68,2.13,-0.639,-0.107
2018-08-09,-0.6331357353538092,0.715163659825028,2.016,,2.64,2.11,-0.638,-0.112
2018-08-10,-0.6573601351896077,0.6787439825854776,1.976,,2.61,2.1,-0.646,-0.117
2018-08-13,-0.6609658761325345,0.6939791132694938,1.983,,2.61,2.11,-0.683,-0.118
2018-08-14,-0.6547490261678375,0.6951616776343462,1.983,,2.63,2.12,-0.663,-0.118
2018-08-15,-0.6619919479459782,0.6721155068218033,1.984,,2.61,2.09,-0.669,-0.118
2018-08-16,-0.6580970738561627,0.6813089784376621,1.978,,2.63,2.08,-0.674,-0.124
2018-08-17,-0.6614776800260342,0.694089893193502,1.976,,2.61,2.11,-0.677,-0.129
2018-08-20,-0.6625850716289747,0.6897934991826737,1.976,,2.6,2.1,-0.697,-0.127
2018-08-21,-0.6438010338448379,0.7109417409972918,1.991,,2.61,2.1,-0.69,-0.127
2018-08-22,-0.6324920242080339,0.7186565377932994,1.988,,2.6,2.11,-0.689,-0.12
2018-08-23,-0.6246828570218801,0.7200996662003872,1.968,,2.61,2.12,-0.682,-0.123
2018-08-24,-0.6169822173052131,0.7166327830925397,1.976,,2.63,2.13,-0.679,-0.116
2018-08-27,-0.6102311458994647,,1.986,,2.67,2.14,-0.683,-0.116
2018-08-28,-0.6043309385367692,0.7314577335147533,1.988,,2.67,2.14,-0.673,-0.116
2018-08-29,-0.5944592993412714,0.768381063891323,1.964,,2.67,2.14,-0.68,-0.117
2018-08-30,-0.6236487301149181,0.7459395663856255,1.982,,2.64,2.11,-0.661,-0.114
2018-08-31,-0.6269550761316642,0.7329233623272777,1.96,,2.62,2.06,-0.668,-0.119
2018-09-03,-0.629976479303914,0.7274079912002875,1.959,,,,-0.674,-0.11
2018-09-04,-0.6108075097067847,0.7383521182399907,1.973,,2.66,2.05,-0.663,-0.116
2018-09-05,-0.5853458554141948,0.7619816974647313,1.99,,2.66,2.05,-0.674,-0.116
2018-09-06,-0.5929825361389325,0.7308570011832701,1.986,,2.64,2.06,-0.648,-0.116
2018-09-07,-0.5826719640489433,0.7523812245064975,1.975,,2.71,2.11,-0.66,-0.112
2018-09-10,-0.5722089711839828,0.7633459181423841,1.993,,2.73,2.11,-0.659,-0.112
2018-09-11,-0.561004628760049,0.7933966328693952,1.997,,2.76,2.13,-0.644,-0.112
2018-09-12,-0.5725057998482903,0.7950236766182293,1.996,,2.74,2.14,-0.652,-0.112
2018-09-13,-0.5679983741827668,0.8065608225563616,2.021,,2.76,2.14,-0.646,-0.113
2018-09-14,-0.5605720978127957,0.8166731109067427,2.011,,2.78,2.13,-0.648,-0.113
2018-09-17,-0.5514205114784421,0.8199395573927173,2.015,,2.78,2.13,-0.651,
2018-09-18,-0.5480354212514795,0.816736376989858,2.051,,2.81,2.15,-0.656,-0.114
2018-09-19,-0.5453190145078155,0.848272923170752,2.098,,2.81,2.17,-0.647,-0.109
2018-09-20,-0.5463463582445698,0.8416119193795378,2.096,,2.81,2.18,-0.654,-0.104
2018-09-21,-0.5571499695156126,0.8175732121321763,2.074,,2.81,2.18,-0.642,-0.104
2018-09-24,-0.5290102733464952,0.8381749261414136,2.074,,2.83,2.19,-0.646,
2018-09-25,-0.5211293884071297,0.8479744140398692,2.09,,2.83,2.2,-0.641,-0.105
2018-09-26,-0.5157521617244587,0.8257154256527823,2.068,,2.83,2.19,-0.633,-0.11
2018-09-27,-0.5171137323607828,0.8407551025073405,2.033,,2.83,2.19,-0.631,-0.118
2018-09-28,-0.5451433434200164,0.8357393476015431,2.017,,2.81,2.21,-0.619,-0.114
2018-10-01,-0.5466704212058655,0.8304556713076572,,,2.82,2.29,-0.641,-0.115
2018-10-02,-0.5704635753485761,0.8099701645088516,1.993,,2.82,2.27,-0.652,-0.115
2018-10-03,-0.5572971496887638,0.8299842304473785,1.957,,2.85,2.3,-0.657,-0.115
2018-10-04,-0.5297809212467302,0.886115262405548,1.981,,2.87,2.3,-0.624,-0.11
2018-10-05,-0.5300351284536937,0.9196567218503187,1.977,,2.88,2.32,-0.629,-0.121
2018-10-08,-0.5500029298457063,0.9014305857453043,2.008,,,,-0.625,
2018-10-09,-0.5508205539154529,0.9015565319094622,2.024,,2.88,2.31,-0.644,-0.116
2018-10-10,-0.534916618210934,0.918892993724443,2.024,,2.88,2.29,-0.638,-0.117
2018-10-11,-0.5539960487259332,0.885767589042187,2.014,,2.85,2.27,-0.635,-0.117
2018-10-12,-0.5687641720501739,0.8474301425662081,2.038,,2.85,2.27,-0.63,-0.117
2018-10-15,-0.5833541936704076,0.8204657162408396,2.022,,2.85,2.3,-0.646,-0.118
2018-10-16,-0.5852766797722095,0.8266007999900989,2.027,,2.87,2.3,-0.649,-0.118
2018-10-17,-0.5947330359118119,0.7984405570509334,2.014,,2.89,2.31,-0.648,-0.12
2018-10-18,-0.6061157247970304,0.7872470933153761,2.035,,2.87,2.31,-0.648,-0.12
2018-10-19,-0.6247621572754296,0.7999326423900777,2.016,,2.92,2.29,-0.672,-0.119
2018-10-22,-0.6096870309051292,0.7648253324624317,2.022,,2.92,2.29,-0.663,-0.114
2018-10-23,-0.619352158791024,0.7562537142576354,2.006,,2.89,2.27,-0.667,-0.114
2018-10-24,-0.6341105563889098,0.7446210764792258,1.998,,2.84,2.3,-0.677,-0.115
2018-10-25,-0.6350254888267433,0.7380957203517284,1.981,,2.86,2.31,-0.669,-0.119
2018-10-26,-0.6481863012177884,0.6994922398774736,1.984,,2.81,2.26,-0.672,-0.124
2018-10-29,-0.6344201329319574,0.7082568775423929,1.967,,2.81,2.26,-0.694,-0.124
2018-10-30,-0.6438386102317661,0.7190840557241351,1.961,,2.84,2.3,-0.682,-0.125
2018-10-31,-0.6299003250758028,0.7453874846024475,1.97,,2.87,2.33,-0.677,-0.125
2018-11-01,-0.6266445653498973,0.7651414023489914,1.996,,2.84,2.32,-0.67,-0.125
2018-11-02,-0.6241776021057177,0.7989468571919661,2.018,,2.91,2.35,-0.659,-0.13
2018-11-05,-0.6213209064226781,0.8023397801564567,2.044,,2.91,2.34,-0.682,-0.131
2018-11-06,-0.6182093225577026,0.8149432696187442,2.039,,2.93,2.35,-0.679,-0.131
2018-11-07,-0.5962768519598081,0.818222820598654,2.039,,2.96,2.35,-0.679,-0.126
2018-11-08,-0.5985169949965838,0.8483602049355573,2.069,,2.98,2.36,-0.664,-0.132
2018-11-09,-0.6106086090793141,0.7965440965969256,2.076,,2.94,2.33,-0.668,-0.137
2018-11-12,-0.6206777931295688,0.7463381896711444,2.072,,,,-0.68,-0.138
2018-11-13,-0.6130013629351634,0.7957937769837719,2.063,,2.89,2.31,-0.678,-0.137
2018-11-14,-0.6117279331919923,0.7872450607682192,2.049,,2.86,2.27,-0.682,-0.143
2018-11-15,-0.6371934039544875,0.695025956646035,2.073,,2.86,2.24,-0.679,-0.138
2018-11-16,-0.6331055645632961,0.7208428307379667,2.052,,2.81,2.22,-0.691,-0.144
2018-11-19,-0.6191972026062453,0.6859774241926692,2.04,,2.79,2.21,-0.69,-0.145
2018-11-20,-0.6307478425139985,0.7055076800613603,2.055,,2.79,2.21,-0.698,-0.142
2018-11-21,-0.6206905403776748,0.729772957548026,2.046,,2.81,2.23,-0.708,-0.142
2018-11-22,-0.6150929514665568,0.7562179170071807,2.038,,,2.24,-0.705,-0.142
2018-11-23,-0.6247578415630235,0.7347365197382852,2.031,,2.81,2.23,-0.693,
2018-11-26,-0.6116244687822103,0.7671026248181779,2.019,,2.84,2.24,-0.712,-0.142
2018-11-27,-0.624315731971878,0.7640221304844176,2.021,,2.83,2.22,-0.715,-0.142
2018-11-28,-0.6209453830514065,0.7460393057765476,2.018,,2.81,2.21,-0.724,-0.132
2018-11-29,-0.6346030542044003,0.7297572644394595,2.005,,2.81,2.19,-0.708,-0.139
2018-11-30,-0.6361893579852991,0.7462964556551022,1.992,,2.8,2.16,-0.723,-0.135
2018-12-03,-0.6340272104831399,0.7185378704198798,1.999,,2.83,2.16,-0.723,-0.13
2018-12-04,-0.6435197543158413,0.7164337447936141,1.975,,2.8,2.12,-0.717,-0.13
2018-12-05,-0.644105177996507,0.7427241211853052,1.96,,,2.05,-0.723,-0.136
2018-12-06,-0.6593980870196914,0.7070213422837673,1.92,,2.75,1.99,-0.709,-0.151
2018-12-07,-0.6348795403011307,0.7215659185132716,1.913,,2.72,2.0,-0.711,-0.141
2018-12-10,-0.6109071935660184,0.6465868207066416,1.92,,2.72,2.01,-0.716,-0.147
2018-12-11,-0.6346566482785274,0.6779772283565042,1.942,,2.78,2.03,-0.716,-0.142
2018-12-12,-0.6178571174571239,0.7165878696251747,1.946,,2.77,2.06,-0.691,-0.142
2018-12-13,-0.6284936718746907,0.7343831021421109,1.985,,2.75,2.06,-0.705,-0.147
2018-12-14,-0.6441758730400409,0.69929295979986,1.978,,2.73,2.02,-0.702,-0.153
2018-12-17,-0.6459667389600536,0.7286718061441323,1.969,,2.7,1.96,-0.728,-0.157
2018-12-18,-0.6482181008316523,0.7472447654641802,1.946,,2.65,1.92,-0.736,-0.157
2018-12-19,-0.6410470086646924,0.7175441484011124,1.937,,2.63,1.89,-0.742,-0.151
2018-12-20,-0.6411363859472017,0.7132958326480122,1.921,,2.67,1.91,-0.737,-0.146
2018-12-21,-0.6503375628094847,0.7549811577588438,1.964,,2.63,1.94,-0.733,-0.143
2018-12-24,,0.7096924726864032,1.932,,2.55,1.91,,
2018-12-25,,,,,,,,-0.147
2018-12-26,,,,,2.61,,,-0.124
2018-12-27,-0.6574296853226222,0.7483145273379199,1.941,,2.56,1.9,-0.751,-0.124
2018-12-28,-0.6582477614142714,0.7284606322347371,1.924,,2.52,1.86,-0.738,-0.139
2018-12-31,,0.7302385526705246,1.885,,2.48,1.86,,
2019-01-02,-0.6696859306575575,0.7024925472986102,1.852,,2.5,1.86,,
2019-01-03,-0.6550761563498511,0.681726735007638,1.791,,2.39,1.77,-0.756,
2019-01-04,-0.6349525512673866,0.7357067161289151,1.834,,2.5,1.84,-0.748,-0.176
2019-01-07,-0.6210712528190978,0.7299383221750064,1.849,,2.53,1.88,-0.765,-0.166
2019-01-08,-0.6101836216718608,0.738071918480818,1.87,,2.58,1.89,-0.744,-0.147
2019-01-09,-0.6082947462457859,0.7198139493313872,1.884,,2.56,1.91,-0.733,-0.147
2019-01-10,-0.6188518735302635,0.7488807200769496,1.875,,2.56,1.91,-0.731,-0.148
2019-01-11,-0.6194097620120438,0.7827437711327591,1.869,,2.55,1.89,-0.739,-0.153
2019-01-14,-0.6226261163658182,0.7897146155041548,1.846,,2.53,1.88,-0.745,
2019-01-15,-0.6336027071066317,0.7782577420868769,1.859,,2.53,1.89,-0.755,-0.153
2019-01-16,-0.6230697436777972,0.8066249473407199,1.845,,2.55,1.92,-0.748,-0.164
2019-01-17,-0.6143232553539337,0.806695018771294,1.846,,2.56,1.9,-0.736,-0.169
2019-01-18,-0.613590144100681,0.8002104400074715,1.867,,2.62,1.94,-0.721,-0.17
2019-01-21,-0.6073630554484319,0.7829605434315284,1.869,,,1.93,-0.743,-0.167
2019-01-22,-0.6105981297848508,0.7828965144203894,1.867,,2.58,1.89,-0.746,-0.167
2019-01-23,-0.6079165653292922,0.7915280085104629,1.853,,2.58,1.9,-0.746,-0.168
2019-01-24,-0.6023392609377192,0.7582220860402723,1.823,,2.56,1.86,-0.751,-0.162
2019-01-25,-0.601070274898146,0.7904652283595965,1.784,,2.6,1.88,-0.746,-0.168
2019-01-28,-0.5952243820277361,0.7632342277906328,,,2.6,1.87,-0.767,-0.164
2019-01-29,-0.5861937996465953,0.7639042693670636,1.793,,2.56,1.85,-0.739,-0.159
2019-01-30,-0.5781267653727178,0.7662071225554313,1.826,,2.52,1.82,-0.749,-0.159
2019-01-31,-0.5821824089825123,0.7444745484199898,1.819,,2.45,1.77,-0.742,-0.169
2019-02-01,-0.5921860987815881,0.7506647198282254,1.805,,2.52,1.83,-0.77,-0.179
2019-02-04,-0.5841666235759129,0.7704977210928139,1.818,,2.53,1.84,-0.749,-0.171
2019-02-05,-0.5793725945467001,0.7315932594298017,1.828,,2.53,1.83,-0.731,-0.166
2019-02-06,-0.5629819355965702,0.7217661358999563,1.745,,2.52,1.81,-0.746,-0.161
2019-02-07,-0.5821738291663858,0.6978742284862135,1.73,,2.48,1.76,-0.735,-0.156
2019-02-08,-0.5855405727967122,0.686135652753544,1.694,,2.45,1.77,-0.733,-0.166
2019-02-11,-0.573459333790034,0.7022947327351872,1.699,,2.48,1.79,-0.742,
2019-02-12,-0.5699058679892293,0.7151854871947444,1.729,,2.5,1.8,-0.72,-0.163
2019-02-13,-0.5612781598970478,0.7182062181492394,1.755,,2.53,1.81,-0.722,-0.168
2019-02-14,-0.5687409542526516,0.7038098588360706,1.76,,2.5,1.77,-0.731,-0.168
2019-02-15,-0.5658124695924203,0.706673104653689,1.733,,2.52,1.78,-0.725,-0.169
2019-02-18,-0.5690430417543038,0.7103449417087919,1.764,,,,-0.735,-0.176
2019-02-19,-0.578161372798073,0.7209291853843665,1.759,,2.5,1.77,-0.726,-0.183
2019-02-20,-0.5771470192903712,0.7240576188088302,1.721,,2.5,1.77,-0.733,-0.182
2019-02-21,-0.5618157659136149,0.7408374966835625,1.667,,2.53,1.79,-0.732,-0.182
2019-02-22,-0.5726652988338716,0.7243315826217466,1.706,,2.48,1.78,-0.731,-0.178
2019-02-25,-0.5596982557421413,0.7394697483716909,1.722,,2.51,1.78,-0.739,-0.174
2019-02-26,-0.5590257924509894,0.7725662117964925,1.721,,2.48,1.75,-0.732,-0.169
2019-02-27,-0.5475179026440604,0.8259296977090609,1.701,,2.5,1.77,-0.727,-0.164
2019-02-28,-0.5375636107662469,0.8058386168252263,1.697,,2.52,1.78,-0.727,-0.154
2019-03-01,-0.5281549818304465,0.7819277151963574,1.738,,2.55,1.77,-0.727,-0.15
2019-03-04,-0.5293991956781183,0.7650016383748933,1.751,,2.55,1.74,-0.743,-0.146
2019-03-05,-0.5352326889352756,0.7878445212669647,1.726,,2.55,1.74,-0.723,-0.141
2019-03-06,-0.5397265467853938,0.7353641785212398,1.666,,2.52,1.68,-0.719,-0.146
2019-03-07,-0.5657996321784897,0.7033087439925653,1.676,,2.47,1.62,-0.727,-0.147
2019-03-08,-0.5576015844075011,0.7329716513804374,1.658,,2.45,1.65,-0.746,-0.147
2019-03-11,-0.5593234469016841,0.7155366460815215,1.664,,2.47,1.66,-0.737,-0.147
2019-03-12,-0.561621327692805,0.7115324566726995,1.665,,2.45,1.65,-0.737,-0.153
2019-03-13,-0.5616213276928064,0.7371436539388316,1.6,,2.45,1.67,-0.736,-0.158
2019-03-14,-0.5587616361413779,0.7565606979352861,1.587,,2.46,1.66,-0.727,-0.163
2019-03-15,-0.5528089609832247,0.7460232079164845,1.595,,2.43,1.62,-0.724,-0.165
2019-03-18,-0.5482613798499969,0.7315575331879867,1.606,,2.45,1.63,-0.737,-0.161
2019-03-19,-0.5403502936584386,0.7370653770780385,1.567,,2.46,1.64,-0.737,-0.161
2019-03-20,-0.5414183288135965,0.7140126391123687,1.553,,2.4,1.6,-0.717,-0.162
2019-03-21,-0.5566675169529183,0.666967381222855,1.534,,2.41,1.6,-0.734,
2019-03-22,-0.5797742010773383,0.6314400686034451,1.503,,2.31,1.54,-0.736,-0.178
2019-03-25,-0.5810348851975733,0.6170279088231462,1.477,,2.26,1.48,-0.728,-0.182
2019-03-26,-0.5744096676841375,0.6391754322746959,1.517,,2.24,1.5,-0.721,-0.169
2019-03-27,-0.6336362484205966,0.6437977763225933,1.483,,2.22,1.46,-0.726,-0.17
2019-03-28,-0.60881203630281,0.642256859997133,1.462,,2.23,1.49,-0.74,-0.178
2019-03-29,-0.6201085047184351,0.6212605264179596,1.469,,2.27,1.55,-0.723,-0.183
2019-04-01,-0.6139492555569634,0.6458131315672114,1.485,,2.33,1.6,-0.734,-0.174
2019-04-02,-0.621512317049774,0.6148828636557089,1.452,,2.3,1.56,-0.722,-0.16
2019-04-03,-0.6019632851818493,0.6713636996522092,1.462,,2.33,1.59,-0.735,-0.16
2019-04-04,-0.6002265099541892,0.6846243682475651,1.494,,2.33,1.58,-0.741,-0.156
2019-04-05,-0.5931159299003705,0.7058361938951688,1.506,,2.35,1.59,-0.726,-0.156
2019-04-08,-0.5932649584687408,0.6889140458619601,1.48,,2.36,1.61,-0.707,-0.157
2019-04-09,-0.5902739541121611,0.6865541329907843,1.487,,2.35,1.6,-0.699,-0.163
2019-04-10,-0.6076042713492416,0.6774074223263653,1.491,,2.31,1.58,-0.696,-0.168
2019-04-11,-0.6042465766231917,0.7194002444434697,1.489,,2.35,1.59,-0.712,-0.168
2019-04-12,-0.5805791328098193,0.7695083230669968,1.496,,2.4,1.63,-0.703,-0.169
2019-04-15,-0.5770669927346144,0.76975197387415,1.528,,2.4,1.6,-0.69,-0.165
2019-04-16,-0.5842043868016122,0.774473577567812,1.502,,2.41,1.63,-0.699,-0.155
2019-04-17,-0.5839549638138495,0.7660170280616783,1.507,,2.4,1.66,-0.674,-0.15
2019-04-18,-0.5878664128337632,0.7369883153667038,1.514,,2.38,1.62,-0.678,-0.156
2019-04-19,,,,,,,,-0.151
2019-04-22,,,,,2.38,1.62,,-0.152
2019-04-23,-0.5904133871070396,0.7633595977729817,1.475,,2.36,1.57,-0.692,-0.148
2019-04-24,-0.6041421139434373,0.723142860338841,1.323,,2.32,1.51,-0.701,-0.152
2019-04-25,-0.6082967786443816,0.7112571342251832,,,2.33,1.55,-0.697,-0.147
2019-04-26,-0.6100129958848033,0.7001524234573334,1.337,,2.28,1.55,-0.694,-0.153
2019-04-29,-0.5964239875759829,0.7087655269606369,1.341,,2.3,1.56,-0.695,
2019-04-30,-0.5937872516143656,0.7324653156669549,1.324,,2.27,1.56,-0.681,
2019-05-01,,0.7126470444825665,1.319,,2.31,1.57,,
2019-05-02,-0.6000873403312013,0.742870609245032,1.32,,2.35,1.62,-0.686,
2019-05-03,-0.6028842045558651,0.7735370700307593,1.317,,2.33,1.64,-0.681,
2019-05-06,-0.6005925396898464,,1.284,,2.31,1.62,-0.696,
2019-05-07,-0.6171764733071079,0.7342719713326938,1.363,,2.28,1.58,-0.7,-0.156
2019-05-08,-0.6301406076350231,0.7168005624541595,1.329,,2.3,1.59,-0.7,-0.156
2019-05-09,-0.6421989520516163,0.7091901285072151,1.309,,2.26,1.58,-0.699,-0.158
2019-05-10,-0.6284218376719939,0.7082003950887228,1.315,,2.26,1.64,-0.702,-0.158
2019-05-13,-0.6372164634621154,0.6902088949631251,1.305,,2.18,1.58,-0.717,-0.159
2019-05-14,-0.6491186024216993,0.6897456591266146,1.281,,2.2,1.6,-0.719,-0.159
2019-05-15,-0.6673523159222938,0.6903415498013546,1.279,,2.16,1.58,-0.728,-0.16
2019-05-16,-0.6460994567228195,0.6948919566226132,1.224,,2.2,1.59,-0.726,-0.166
2019-05-17,-0.6435465505444342,0.6789717397801175,1.21,,2.2,1.6,-0.723,-0.164
2019-05-20,-0.6415190254485661,0.7015412442091691,1.253,,2.21,,-0.723,-0.154
2019-05-21,-0.6325419084004626,0.7296148944476079,1.199,,2.26,1.67,-0.717,-0.154
2019-05-22,-0.6300315355357142,0.6823003562006175,1.195,,2.23,1.66,-0.722,-0.152
2019-05-23,-0.644911171010798,0.6323082144807977,1.15,,2.12,1.58,-0.721,-0.153
2019-05-24,-0.6418244069969896,0.6127595852248424,1.105,,2.16,1.56,-0.738,-0.155
2019-05-27,-0.6526119193943036,,1.136,,,1.55,-0.743,-0.156
2019-05-28,-0.6538724293326363,0.5852966835429994,1.127,,2.12,1.53,-0.751,-0.162
2019-05-29,-0.6589632586906573,0.5784471472476967,1.106,,2.09,1.53,-0.728,-0.173
2019-05-30,-0.6581493656620232,0.5856499728759262,1.141,,2.06,1.52,,-0.169
2019-05-31,-0.6869487790477953,0.5773486939203321,1.111,,1.95,1.43,-0.742,-0.179
2019-06-03,-0.667744133849427,0.5456571478623579,1.129,,1.82,1.37,-0.751,-0.18
2019-06-04,-0.6636206038230048,0.572454552033655,1.121,,1.88,1.38,-0.762,-0.186
2019-06-05,-0.6789673458475405,0.5455211472428672,1.083,,1.83,1.34,-0.764,-0.221
2019-06-06,-0.6556330284016649,0.5208205378215088,1.061,,1.88,1.38,-0.765,-0.207
2019-06-07,-0.6753562063710934,0.4991855728493751,1.075,,1.85,1.4,-0.769,-0.197
2019-06-10,-0.6677216345315791,0.5200962489505478,,,1.9,1.45,,-0.199
2019-06-11,-0.6726396598228512,0.5493996059974982,1.06,,1.93,1.48,-0.767,-0.194
2019-06-12,-0.6767997131658738,0.5844347473768012,1.04,,1.88,1.44,-0.759,-0.195
2019-06-13,-0.6771850818141538,0.562641500676972,1.008,,1.83,1.4,-0.765,-0.2
2019-06-14,-0.6909511889344255,0.5737781200072146,0.997,,1.84,1.39,-0.781,-0.206
2019-06-17,-0.6861968373592258,0.5797691138352912,1.03,,1.86,1.4,-0.788,-0.196
2019-06-18,-0.7513282858665682,0.5383477787033523,1.01,,1.86,1.4,-0.797,-0.203
2019-06-19,-0.7325850418517139,0.585008483791821,0.976,,1.74,1.4,-0.816,-0.214
2019-06-20,-0.7502258130218227,0.5431179985803968,0.931,,1.72,1.4,-0.808,-0.235
2019-06-21,-0.730615147065802,0.5833472695749233,0.906,,1.77,1.43,-0.803,-0.239
2019-06-24,-0.7344230257871969,0.5493873150252565,0.912,,1.72,1.4,-0.808,-0.232
2019-06-25,-0.7418314167036799,0.5420209930977244,0.905,,1.71,1.4,-0.825,-0.228
2019-06-26,-0.7391389710948935,0.562182724766266,0.945,,1.77,1.46,-0.816,-0.217
2019-06-27,-0.7327475266939798,0.5705754736273446,0.984,,1.74,1.44,-0.808,-0.213
2019-06-28,-0.7454175604950399,0.5903119128780914,0.973,,1.75,1.47,-0.791,-0.222
2019-07-01,-0.7547355156908018,0.5636575393584669,0.982,,1.78,,-0.804,-0.224
2019-07-02,-0.7659637314981933,0.4924619276540596,0.969,,1.77,1.48,-0.83,-0.22
2019-07-03,-0.7594465380483784,0.4609844010177155,0.928,,1.77,1.49,-0.845,-0.225
2019-07-04,-0.7615317014728036,0.46785804103141426,0.94,,,1.52,-0.83,-0.221
2019-07-05,-0.7496887024846921,0.5316638797767894,0.94,,1.87,1.62,-0.827,-0.211
2019-07-08,-0.7537460779182013,0.5017728090299131,0.961,,1.88,1.68,-0.824,-0.202
2019-07-09,-0.7425618028663559,0.5079492057847101,0.957,,1.92,1.64,-0.823,-0.197
2019-07-10,-0.7354994723079602,0.5309760381248627,0.982,,1.82,1.58,-0.807,-0.188
2019-07-11,-0.7346504795854418,0.5792634288856812,0.946,,1.85,1.6,-0.815,-0.194
2019-07-12,-0.7394963071486664,0.5636870075372484,0.989,,1.84,1.58,-0.816,-0.184
2019-07-15,-0.7454693392032277,0.5333443577876658,0.998,,1.83,1.56,-0.83,
2019-07-16,-0.7497546605014906,0.5461859106768782,0.963,,1.87,1.56,-0.839,-0.191
2019-07-17,-0.7659429269211433,0.5021811070462348,0.948,,1.83,1.52,-0.842,-0.186
2019-07-18,-0.7678624129190514,0.4915907710004545,0.941,,1.77,1.45,-0.858,-0.197
2019-07-19,-0.783085288170112,0.46970640672874525,0.956,,1.8,1.46,-0.874,-0.203
2019-07-22,-0.7918250690954336,0.455277631244756,0.946,,1.8,1.43,-0.888,-0.204
2019-07-23,-0.7968590379065397,0.4374307272831234,0.94,,1.83,1.45,-0.889,-0.205
2019-07-24,-0.7968210860509282,0.4297885514071702,0.907,,1.83,1.43,-0.901,-0.206
2019-07-25,-0.774022497114065,0.4568023938928729,0.865,,1.86,1.44,-0.897,-0.207
2019-07-26,-0.7732641794652628,0.4396932584683528,0.87,,1.86,1.47,-0.884,-0.212
2019-07-29,-0.7849729329031381,0.4179152441202021,0.852,,1.85,1.48,-0.889,-0.213
2019-07-30,-0.7764827989718261,0.4006770394537966,0.842,,1.85,1.52,-0.892,-0.213
2019-07-31,-0.793812569790453,0.3859595136746817,0.83,,1.89,1.55,-0.896,-0.209
2019-08-01,-0.7942923763353744,0.37059531023237985,0.863,,1.73,1.47,,-0.189
2019-08-02,-0.8046557741769287,0.3789914455094461,0.782,,1.72,1.46,-0.915,-0.205
2019-08-05,-0.8265067536357802,0.3624360566408703,0.746,,1.59,,-0.988,-0.216
2019-08-06,-0.8337863947965345,0.37456395347850974,0.749,,1.6,1.34,-0.985,-0.221
2019-08-07,-0.8749885468596319,0.3876759449491246,0.704,,1.59,1.33,-1.0,-0.237
2019-08-08,-0.8693430437286427,0.4164456190805753,0.733,,1.62,1.36,-0.987,-0.243
2019-08-09,-0.8837306213328278,0.3882814419095707,0.716,,1.63,1.38,-0.995,-0.273
2019-08-12,-0.8930121348809403,0.37804639179538463,0.714,,1.58,1.33,-0.997,
2019-08-13,-0.8829760411957253,0.3930701170392138,0.707,,1.66,1.38,-1.004,-0.291
2019-08-14,-0.8895514990202948,0.3895257424338376,0.712,,1.58,1.35,-1.005,-0.277
2019-08-15,-0.9112549679728984,0.38543124451849914,0.714,,1.48,1.29,-1.01,-0.282
2019-08-16,-0.9233985204038322,0.44623179587954986,0.719,,1.48,1.33,-1.028,-0.279
2019-08-19,-0.9198765383693944,0.4402028982050656,0.729,,1.53,1.35,-1.034,-0.285
2019-08-20,-0.9336762119452442,0.43008231907302225,0.728,,1.5,1.34,-1.032,-0.295
2019-08-21,-0.9172898449955555,0.42263753597133275,0.722,,1.56,1.4,-1.035,-0.305
2019-08-22,-0.8866665054327787,0.45438400902204157,0.719,,1.61,1.46,-1.03,-0.313
2019-08-23,-0.9063060981700016,0.4138733277288051,0.743,,1.51,1.37,-0.989,-0.301
2019-08-26,-0.9080950831648344,,0.698,,1.54,1.39,-1.026,-0.323
2019-08-27,-0.9082361719830448,0.365072023351837,0.727,,1.53,1.34,-1.017,-0.303
2019-08-28,-0.9171996584278236,0.33511813502199045,0.716,,1.5,1.33,-1.054,-0.304
2019-08-29,-0.9289429480154778,0.3474234155834922,0.708,,1.53,1.34,-1.044,-0.317
2019-08-30,-0.929722253152978,0.38269462756623945,0.706,,1.5,1.35,-1.064,-0.307
2019-09-02,-0.939790864671418,0.3322115167614563,0.723,,,,-1.066,-0.299
2019-09-03,-0.919734134055394,0.31142988669057187,0.732,,1.47,1.32,-1.068,-0.295
2019-09-04,-0.9117660578706808,0.35855688045933165,0.754,,1.43,1.33,-1.062,-0.305
2019-09-05,-0.896788555859112,0.43742375754121615,0.785,,1.55,1.45,-1.066,-0.296
2019-09-06,-0.8925224468590356,0.36810475069522025,0.851,,1.53,1.49,-1.036,-0.302
2019-09-09,-0.8739493652758625,0.4355935466601815,0.841,,1.58,1.55,-1.023,-0.319
2019-09-10,-0.866242826033917,0.46031806713698475,0.864,,1.67,1.6,-1.036,-0.294
2019-09-11,-0.8641644733314164,0.48399242104114426,0.896,,1.68,1.58,-1.022,-0.279
2019-09-12,-0.7856719125011047,0.4989032197833102,0.897,,1.72,1.6,-0.956,-0.285
2019-09-13,-0.7562898890602785,0.5641897126109973,0.903,,1.79,1.64,-0.918,-0.251
2019-09-16,-0.7572722837819343,0.5029826254642998,0.923,,1.74,1.62,-0.876,
2019-09-17,-0.7510507801912754,0.5139104985659184,0.869,,1.72,1.61,-0.911,-0.248
2019-09-18,-0.7647269014829745,0.5021958377206273,0.872,,1.77,1.6,-0.904,-0.269
2019-09-19,-0.7431638861604459,0.49404356314255216,0.79,,1.74,1.6,-0.869,-0.305
2019-09-20,-0.7485352443119453,0.5071351159405916,0.757,,1.69,1.57,-0.844,-0.31
2019-09-23,-0.7694007196870327,0.442490077994888,0.753,,1.68,1.56,-0.853,
2019-09-24,-0.7688752505711265,0.43205686200559945,0.739,,1.6,1.52,-0.852,-0.324
2019-09-25,-0.7692103101581722,0.42735736686935677,0.731,,1.68,1.58,-0.871,-0.346
2019-09-26,-0.7805072195703793,0.4183630536588197,0.725,,1.66,1.57,-0.861,-0.331
2019-09-27,-0.7995267563221717,0.36831192045481964,0.725,,1.63,1.57,-0.85,-0.321
2019-09-30,-0.8056211899408283,0.347946168844389,0.757,,1.63,1.58,-0.847,-0.323
2019-10-01,-0.7908502089447293,0.31599395358510957,0.68,,1.56,1.53,-0.833,-0.294
2019-10-02,-0.7977470724138405,0.35429625467585324,0.649,,1.48,1.49,-0.853,-0.309
2019-10-03,-0.8089466329546409,0.3483593234783494,0.63,,1.39,1.41,-0.853,-0.325
2019-10-04,-0.8054539697497898,0.3187009418706445,0.618,,1.4,1.41,-0.871,-0.335
2019-10-07,-0.8026056136446131,0.3215078583671992,,,1.46,1.45,-0.889,-0.338
2019-10-08,-0.8153982141973222,0.28880060530963364,0.624,,1.42,1.44,-0.891,-0.323
2019-10-09,-0.79568940013993,0.33944183656466825,0.622,,1.47,1.47,-0.869,-0.324
2019-10-10,-0.7433487035419826,0.4110947415601575,0.618,,1.53,1.53,-0.862,-0.315
2019-10-11,-0.7365868934982363,0.5415363658013885,0.688,,1.63,1.65,-0.828,-0.295
2019-10-14,-0.7294032806181376,0.498826617118224,0.707,,,,-0.828,
2019-10-15,-0.7188253751634717,0.5370283931048742,0.692,,1.61,1.69,-0.823,-0.281
2019-10-16,-0.700096586960687,0.5199785275113551,0.711,,1.58,1.67,-0.815,-0.267
2019-10-17,-0.6954869015318756,0.5101449185664163,0.756,,1.6,1.65,-0.792,-0.254
2019-10-18,-0.688731026668131,0.5265144797861948,0.767,,1.58,1.64,-0.787,-0.244
2019-10-21,-0.6885392435502777,0.5415827247045083,0.786,,1.62,1.65,-0.764,-0.245
2019-10-22,-0.6870855340117163,0.5010122658884457,0.79,,1.6,1.62,-0.766,
2019-10-23,-0.6892220858086979,0.5043267667462178,0.757,,1.58,1.62,-0.773,-0.252
2019-10-24,-0.6957795420716368,0.4598665928404825,0.744,,1.58,1.63,-0.771,-0.256
2019-10-25,-0.6896229144774986,0.4851590157987809,0.732,,1.63,1.66,-0.764,-0.243
2019-10-28,-0.6757013588316405,0.5266554566277324,0.754,,1.64,1.71,-0.758,-0.219
2019-10-29,-0.6705850708257928,0.5321790531724393,0.823,,1.64,1.7,-0.732,-0.208
2019-10-30,-0.663673282193824,0.5028629455692485,0.797,,1.61,1.56,-0.736,-0.218
2019-10-31,-0.6935057375135303,0.48317159208106647,0.824,,1.52,1.52,-0.74,-0.239
2019-11-01,-0.6943884298448246,0.5113473655412917,0.805,,1.56,1.55,-0.691,-0.274
2019-11-04,-0.6838892992027494,0.5269975341761524,0.846,,1.6,1.6,-0.692,
2019-11-05,-0.6684360365112432,0.559546848184689,0.873,,1.63,1.63,-0.703,-0.241
2019-11-06,-0.6520705963560758,0.5418157890189146,0.895,,1.61,1.59,-0.689,-0.192
2019-11-07,-0.6444771707563213,0.5084233827246141,0.858,,1.68,1.63,-0.695,-0.192
2019-11-08,-0.639568231114851,0.5426636053202396,0.887,,1.68,1.58,-0.677,-0.177
2019-11-11,-0.6326553811899371,0.5558005289417819,0.872,,,,-0.697,-0.194
2019-11-12,-0.6421888344386075,0.5622097604036583,0.852,,1.66,1.59,-0.695,-0.174
2019-11-13,-0.6508297236343275,0.5386628779161858,0.837,,1.63,1.57,-0.705,-0.195
2019-11-14,-0.6634103828386069,0.5156680930141049,0.766,,1.58,1.53,-0.717,-0.205
2019-11-15,-0.6658398740645128,0.525859789279685,0.778,,1.61,1.54,-0.739,-0.2
2019-11-18,-0.6598604158383816,0.55409004942768,0.778,,1.6,1.54,-0.736,-0.206
2019-11-19,-0.6576599099355032,0.5492745206884838,0.751,,1.6,1.52,-0.734,-0.208
2019-11-20,-0.6663496258436856,0.553642057077073,0.746,,1.56,1.51,-0.748,-0.214
2019-11-21,-0.659114962768844,0.5656231414957167,0.754,,1.6,1.56,-0.748,-0.199
2019-11-22,-0.6534085838875634,0.513830822958249,0.761,,1.61,1.58,-0.736,-0.191
2019-11-25,-0.6590246526423176,0.5061466201116279,0.764,,1.61,1.59,-0.748,-0.191
2019-11-26,-0.6618538463010482,0.4727136514874735,0.764,,1.58,1.57,-0.757,-0.194
2019-11-27,-0.656612184574175,0.5053472729948807,0.683,,1.63,1.6,-0.765,-0.2
2019-11-28,-0.6581720303034269,0.5060155370701567,0.655,,,1.59,-0.757,-0.179
2019-11-29,-0.6469481468626892,0.539866700627893,0.679,,1.61,1.58,-0.755,-0.179
2019-12-02,-0.6348347399855161,0.5510353890857314,0.711,,1.61,1.61,-0.757,-0.17
2019-12-03,-0.6585722948169708,0.5048331057920742,0.786,,1.53,1.55,-0.75,-0.156
2019-12-04,-0.6623989149549878,0.5632269572735282,0.708,,1.58,1.63,-0.761,-0.156
2019-12-05,-0.639008102096422,0.5810934556902135,0.713,,1.58,1.68,-0.746,-0.152
2019-12-06,-0.6483586454217605,0.5745530127433734,0.731,,1.61,1.65,-0.732,-0.132
2019-12-09,-0.6539890539904865,0.5646638612345583,0.746,,1.63,1.67,-0.728,-0.117
2019-12-10,-0.6606419318015728,0.578274480098538,0.725,,1.65,1.67,-0.727,-0.118
2019-12-11,-0.6646086953768018,0.5661431206970899,0.759,,1.61,1.66,-0.705,-0.108
2019-12-12,-0.6567774680092646,0.5855271330728176,0.745,,1.66,1.7,-0.717,-0.129
2019-12-13,-0.6450026729331788,0.5507218917001396,0.818,,1.61,1.66,-0.71,-0.13
2019-12-16,-0.6527907450943649,0.597715070355207,0.77,,1.65,1.69,-0.724,-0.137
2019-12-17,-0.6573393547190531,0.5350859750610005,0.746,,1.63,1.7,-0.718,-0.125
2019-12-18,-0.6525160695004875,0.5247974614758677,0.78,,1.63,1.73,-0.719,-0.127
2019-12-19,-0.6457612611659065,0.545505013489874,0.84,,1.62,1.69,-0.705,-0.113
2019-12-20,-0.6482873831644915,0.5282151899567075,0.876,,1.63,1.65,-0.702,-0.103
2019-12-23,-0.6588257442690719,0.5396974732625878,0.888,,1.64,1.68,-0.711,-0.098
2019-12-24,,0.5250726041975936,0.903,,1.62,1.67,,-0.097
2019-12-25,,,,,,,,-0.113
2019-12-26,,,,,1.64,,,-0.119
2019-12-27,-0.6525141428086135,0.5232274774479829,0.91,,1.59,1.66,-0.711,-0.124
2019-12-30,-0.6183938631328096,0.5780028656561822,0.9,,1.58,1.68,-0.711,-0.134
2019-12-31,,0.5293010933412117,0.922,,1.58,1.69,,
2020-01-02,-0.6221803698032793,0.5412188698675087,0.876,,1.58,1.66,,
2020-01-03,-0.6383653293695475,0.5269484914440148,0.822,,1.53,1.61,-0.709,
2020-01-06,-0.6510860521593411,0.5640427548836594,0.794,,1.54,1.63,-0.74,-0.136
2020-01-07,-0.6505532481170522,0.5789906333502127,0.792,,1.54,1.64,-0.726,-0.121
2020-01-08,-0.6411880962933689,0.5836853215562128,0.772,,1.58,1.66,-0.735,-0.127
2020-01-09,-0.6147477149325238,0.5733319717715829,0.802,,1.58,1.63,-0.713,-0.132
2020-01-10,-0.6072432136451567,0.5173893334300038,0.813,,1.56,1.65,-0.709,-0.137
2020-01-13,-0.5963014988721551,0.4692948431899618,0.8,,1.58,1.66,-0.715,
2020-01-14,-0.5965589246791683,0.46986046917095453,0.818,,1.58,1.66,-0.715,-0.129
2020-01-15,-0.6072709181834575,0.4232234636012231,0.804,,1.56,1.63,-0.716,-0.124
2020-01-16,-0.6072732513273458,0.4219538705661608,0.78,,1.58,1.64,-0.724,-0.128
2020-01-17,-0.6070145348750962,0.402786727857235,0.771,,1.58,1.64,-0.724,-0.135
2020-01-20,-0.6016910254530634,0.409083664864303,0.76,,,1.65,-0.733,-0.126
2020-01-21,-0.5939891079141244,0.4062584219329445,0.75,,1.53,1.62,-0.735,-0.126
2020-01-22,-0.6065684002724598,0.42471157054747427,0.715,,1.53,1.54,-0.735,-0.121
2020-01-23,-0.6241419985009498,0.3963503591973435,0.742,,1.51,1.51,-0.718,-0.132
2020-01-24,-0.6229442013081781,0.4004051921700262,0.751,,1.49,1.49,-0.732,-0.133
2020-01-27,-0.6435231090442168,0.36697242289403426,,,1.44,1.44,-0.742,-0.144
2020-01-28,-0.6436538235766602,0.410364417476539,0.66,,1.45,1.48,-0.713,-0.136
2020-01-29,-0.6541296067031421,0.41008101987480405,0.698,,1.42,1.47,-0.703,-0.134
2020-01-30,-0.6676917210795912,0.4681887750069789,0.652,,1.41,1.47,-0.704,-0.149
2020-01-31,-0.6798593217539244,0.46119777805117745,0.648,,1.33,1.43,-0.707,-0.159
2020-02-03,-0.6906003411458501,0.44821000531468913,0.62,,1.36,1.42,-0.728,-0.165
2020-02-04,-0.6558862861675152,0.45006050714735485,0.647,,1.41,1.47,-0.706,-0.15
2020-02-05,-0.647463688502329,0.46296741114891216,0.741,,1.44,1.5,-0.691,-0.141
2020-02-06,-0.6346901988929821,0.46100690451704135,0.786,,1.44,1.49,-0.676,-0.131
2020-02-07,-0.6511721804718329,0.45820466970163615,0.745,,1.41,1.47,-0.679,-0.147
2020-02-10,-0.6469573872707652,0.44752549005643283,0.726,,1.37,1.44,-0.689,-0.158
2020-02-11,-0.651099247761572,0.4711438648812576,0.735,,1.41,1.47,-0.694,
2020-02-12,-0.6459643682086207,0.5145292327766923,0.764,,1.44,1.51,-0.691,-0.153
2020-02-13,-0.6475079488225117,0.5231131487328201,0.758,,1.44,1.51,-0.695,-0.154
2020-02-14,-0.6600926043809632,0.5062182155438137,0.75,,1.42,1.49,-0.712,-0.144
2020-02-17,-0.6583096943690774,0.5206875580542262,0.756,,,,-0.732,-0.147
2020-02-18,-0.6482447810286645,0.49947323107172814,0.743,,1.41,1.46,-0.73,-0.151
2020-02-19,-0.6484782267427902,0.4942647875758318,0.744,,1.42,1.48,-0.743,-0.156
2020-02-20,-0.6490679272752273,0.4841840710975041,0.703,,1.39,1.45,-0.753,-0.153
2020-02-21,-0.6462501480417564,0.473509844239727,0.663,,1.34,1.42,-0.754,-0.165
2020-02-24,-0.6820501428721668,0.4405052353418729,0.648,,1.26,1.34,-0.773,
2020-02-25,-0.6956320790141417,0.41259147024920056,0.657,,1.2,1.32,-0.767,-0.201
2020-02-26,-0.7011596309382404,0.40398754912066615,0.635,,1.16,1.32,-0.784,-0.201
2020-02-27,-0.749303372629412,0.35947419402671305,0.591,,1.11,1.25,-0.77,-0.21
2020-02-28,-0.7861478169195122,0.33530406598113155,0.534,,0.86,1.14,-0.785,-0.258
2020-03-02,-0.8215655385193132,0.294098061527588,0.468,,0.84,1.17,-0.813,-0.264
2020-03-03,-0.7838295142001317,0.2532796057073014,0.457,,0.71,0.97,-0.797,-0.25
2020-03-04,-0.8230179240736515,0.21407610344674097,0.387,,0.67,0.92,-0.769,-0.28
2020-03-05,-0.8476439465657775,0.16920847354581484,0.42,,0.59,0.79,-0.832,-0.251
2020-03-06,-0.8666062985750864,0.09370512322262292,0.388,,0.49,0.7,-0.858,-0.287
2020-03-09,-0.965892055861969,0.11105096188343343,0.413,,0.38,0.53,-0.835,-0.314
2020-03-10,-0.922700962705394,0.15581747503952958,0.496,,0.5,0.55,-0.892,-0.248
2020-03-11,-0.9329277246060133,0.15310836453568072,0.422,,0.5,0.5,-0.884,-0.234
2020-03-12,-0.970606922563824,0.21878652463549353,0.433,,0.5,0.47,-0.939,-0.225
2020-03-13,-0.8904430244853283,0.2798476492482443,0.566,,0.49,0.49,-0.889,-0.205
2020-03-16,-0.8795889964768757,0.30788069111113076,0.504,,0.36,0.46,-0.89,-0.195
2020-03-17,-0.8658485462104912,0.30873461442736655,0.525,,0.47,0.63,-0.892,-0.191
2020-03-18,-0.7806965930970904,0.3332501089362305,0.515,,0.54,0.69,-0.888,-0.165
2020-03-19,-0.6634403533860915,0.2337839333439269,0.334,,0.44,0.63,-0.917,-0.165
2020-03-20,-0.6730640480236776,0.10333374498800085,0.282,,0.37,0.56,-0.936,
2020-03-23,-0.693319650247664,0.053452171065663856,0.287,,0.28,0.51,-0.791,-0.21
2020-03-24,-0.6334731439789434,0.10711791388576446,0.285,,0.38,0.59,-0.761,-0.23
2020-03-25,-0.5993216209389316,0.0980301002030964,0.288,,0.34,0.62,-0.725,-0.241
2020-03-26,-0.6317141147442435,0.11096963970342548,0.268,,0.3,0.59,-0.703,-0.241
2020-03-27,-0.7038356498954514,0.1190529438955174,0.254,,0.25,0.44,-0.674,-0.177
2020-03-30,-0.7174471893752639,0.11371023138908092,0.255,,0.23,0.44,-0.7,-0.174
2020-03-31,-0.7059234486470767,0.13957062022728087,0.244,,0.23,0.42,-0.625,-0.13
2020-04-01,-0.665138699425512,0.11405506996233775,0.212,,0.23,0.4,-0.599,-0.14
2020-04-02,-0.6550555449894486,0.11326971416892816,0.219,,0.23,0.42,-0.58,-0.135
2020-04-03,-0.6712101764223846,0.09682721631969013,0.212,,0.23,0.41,-0.586,-0.14
2020-04-06,-0.6552170503534307,0.10524003167001442,0.22,,0.27,0.44,-0.607,-0.131
2020-04-07,-0.6369650402703493,0.1519847097661498,0.224,,0.28,0.45,-0.589,-0.132
2020-04-08,-0.6138826232155159,0.11701957700701378,0.219,,0.27,0.43,-0.56,-0.132
2020-04-09,-0.6173872304145536,0.050924786157707715,0.231,,0.23,0.39,-0.562,-0.147
2020-04-10,,,,,,,,-0.177
2020-04-13,,,,,0.25,0.38,,-0.18
2020-04-14,-0.6430845078796787,0.07618852530732495,0.226,,0.23,0.37,-0.609,-0.17
2020-04-15,-0.6794089942236203,0.0483450608249624,0.231,,0.2,0.33,-0.612,-0.16
2020-04-16,-0.6599298182853839,0.07704911691170761,0.221,,0.2,0.33,-0.61,-0.16
2020-04-17,-0.6723165964832725,0.09818796686800446,0.225,,0.2,0.35,-0.634,-0.146
2020-04-20,-0.6669710606973567,0.10468604572545445,0.228,,0.2,0.34,-0.67,-0.135
2020-04-21,-0.6617669205882204,0.07719223524608362,0.224,,0.2,0.32,-0.657,-0.133
2020-04-22,-0.650390677601651,0.089546736325101,0.222,,0.22,0.33,-0.654,-0.142
2020-04-23,-0.6676112189220427,0.07600317498464244,0.227,,0.22,0.33,-0.619,-0.148
2020-04-24,-0.6682177948354715,0.07960769921066689,0.228,,0.22,0.33,-0.619,-0.168
2020-04-27,-0.6416350624830867,0.09187962123177572,0.231,,0.24,0.34,-0.672,-0.174
2020-04-28,-0.6541156860866337,0.07151826318261965,0.228,,0.2,0.32,-0.647,-0.179
2020-04-29,-0.6790565189826618,0.06782215746836798,0.227,,0.2,0.32,-0.644,
2020-04-30,-0.7058396567979206,0.034725119243241696,0.222,,0.2,0.3,-0.652,-0.184
2020-05-01,,0.06918311677409279,0.221,,0.2,0.3,,-0.164
2020-05-04,-0.7092814585835292,0.053457748568348666,0.22,,0.19,0.31,-0.657,
2020-05-05,-0.7527758897815877,0.030323534352945932,0.218,,0.19,0.31,-0.652,
2020-05-06,-0.719573123700052,0.03970519222858806,0.228,,0.17,0.3,-0.649,
2020-05-07,-0.7150154073900183,0.022805995969875387,0.226,,0.13,0.27,-0.65,-0.152
2020-05-08,-0.7466045888742747,,0.219,,0.16,0.27,-0.658,-0.172
2020-05-11,-0.7121788490017025,0.028688124526263483,0.219,,0.17,0.28,-0.646,-0.173
2020-05-12,-0.6826620179294967,0.013026393813382005,0.228,,0.17,0.27,-0.637,-0.169
2020-05-13,-0.6975558077060944,0.01043175596776881,0.237,,0.16,0.28,-0.654,-0.169
2020-05-14,-0.7078179430104155,0.013355590995303134,0.251,,0.16,0.27,-0.539,-0.17
2020-05-15,-0.7105097153222082,0.028344161440611818,0.251,,0.16,0.28,-0.647,-0.169
2020-05-18,-0.6913245072891558,0.03193676468696427,0.255,,0.18,,-0.665,-0.176
2020-05-19,-0.6449528129106095,0.007635317894881823,0.262,,0.17,0.3,-0.643,-0.161
2020-05-20,-0.6475184191636343,0.013695383134926773,0.259,,0.16,0.3,-0.656,-0.166
2020-05-21,-0.6610860130870044,-0.02515709678410935,0.256,,0.17,0.3,,-0.176
2020-05-22,-0.6552363031244828,-0.035733299836473435,0.257,,0.17,0.29,-0.673,-0.181
2020-05-25,-0.6513080173611852,,0.26,,,0.28,-0.669,-0.172
2020-05-26,-0.6171328118959343,-0.001792663866620912,0.263,,0.18,0.3,-0.663,-0.162
2020-05-27,-0.6143435370732875,-0.013432877444526455,0.262,,0.19,0.3,-0.652,-0.155
2020-05-28,-0.6172633936910596,-0.009881738594022487,0.263,,0.17,0.3,-0.645,-0.169
2020-05-29,-0.6337230426563956,-0.026462557773778785,0.264,,0.16,0.28,-0.639,-0.164
2020-06-01,-0.636926342500955,0.014975304329020975,0.268,,0.14,0.29,,-0.169
2020-06-02,-0.6513272615767693,-0.006239224439100742,0.266,,0.17,0.29,-0.646,-0.17
2020-06-03,-0.6273690668711129,0.027927468906573254,0.274,,0.19,0.32,-0.64,-0.17
2020-06-04,-0.6180316230037084,0.02827188603091972,0.282,,0.19,0.32,-0.616,-0.166
2020-06-05,-0.5984499871525037,0.029266043120416748,0.284,,0.22,0.35,-0.621,-0.151
2020-06-08,-0.6128359099966412,0.02599637555161732,,,0.22,0.32,-0.604,-0.152
2020-06-09,-0.6151070036826876,0.019564899949078906,0.281,,0.2,0.3,-0.587,-0.162
2020-06-10,-0.6147581696238213,-0.02263443653105631,0.281,,0.17,0.28,-0.627,-0.157
2020-06-11,-0.6478117604524893,-0.030634005976454687,0.271,,0.19,0.27,-0.633,-0.162
2020-06-12,-0.6616308323007627,-0.0162054150470022,0.27,,0.19,0.28,-0.657,-0.158
2020-06-15,-0.6664748502730378,-0.012297273534188965,0.265,,0.19,0.29,-0.656,-0.17
2020-06-16,-0.6501666319103525,-0.03056063596408589,0.264,,0.21,0.29,-0.632,-0.165
2020-06-17,-0.6562934664673015,-0.038885865038063905,0.264,,0.19,0.29,-0.632,-0.165
2020-06-18,-0.6602239852784004,-0.019639813439150597,0.26,,0.19,0.3,-0.621,-0.165
2020-06-19,-0.6688961946656087,-0.023849304826610903,0.263,,0.19,0.3,-0.622,-0.161
2020-06-22,-0.6903409395805253,-0.049456539342664224,0.261,,0.19,0.3,-0.649,-0.162
2020-06-23,-0.6572914915588717,-0.04211303295818004,0.259,,0.18,0.3,-0.623,-0.157
2020-06-24,-0.6553657173748944,-0.055804051363667055,0.252,,0.19,0.3,-0.634,-0.152
2020-06-25,-0.6889523960585144,-0.05117922176906081,0.25,,0.17,0.3,-0.634,-0.145
2020-06-26,-0.6960943723733961,-0.05342151726899615,0.248,,0.17,0.29,-0.628,-0.142
2020-06-29,-0.6934760210081872,-0.07260484684008939,0.25,,0.16,0.29,-0.637,-0.148
2020-06-30,-0.6942297983987724,-0.06967880829468764,0.249,,0.16,0.28,-0.652,-0.14
2020-07-01,-0.6584992734458543,-0.05012875828968564,0.253,,0.17,,-0.649,-0.145
2020-07-02,-0.6747187033441113,-0.07701999251148318,0.25,,0.16,0.29,-0.669,-0.14
2020-07-03,-0.6827828420219215,-0.07188504741090897,0.252,,,0.29,-0.664,-0.145
2020-07-06,-0.6779290664820081,-0.0578343904759552,0.254,,0.16,0.29,-0.653,-0.137
2020-07-07,-0.6731331202297737,-0.05870116127137266,0.253,,0.16,0.28,-0.661,-0.132
2020-07-08,-0.6728094094578125,-0.06350683906680048,0.249,,0.16,0.29,-0.668,-0.133
2020-07-09,-0.6770666968528376,-0.07718690819990667,0.251,,0.16,0.28,-0.694,-0.138
2020-07-10,-0.6963104976438417,-0.09597093615712907,0.25,,0.16,0.28,-0.717,-0.143
2020-07-13,-0.6635464906987121,-0.08366447500878818,0.257,,0.16,0.28,-0.739,-0.139
2020-07-14,-0.6685730411318072,-0.09030385816602965,0.261,,0.14,0.28,-0.732,-0.145
2020-07-15,-0.671516638463522,-0.07021279142670402,0.257,,0.16,0.27,-0.738,-0.144
2020-07-16,-0.675547954251309,-0.09551272045894585,0.256,,0.16,0.27,-0.731,-0.15
2020-07-17,-0.6759281047052594,-0.0815666992974408,0.261,,0.14,0.27,-0.758,-0.15
2020-07-20,-0.6758834454521039,-0.09243058516440311,0.265,,0.16,0.27,-0.737,-0.142
2020-07-21,-0.6694610728333728,-0.1016643643829179,0.265,,0.14,0.27,-0.744,-0.143
2020-07-22,-0.6975974188849956,-0.11019631268617892,0.279,,0.14,0.27,-0.745,-0.136
2020-07-23,-0.6803464039477767,-0.10270270337679145,0.269,,0.16,0.27,-0.761,
2020-07-24,-0.6668192375330984,-0.08809414000650893,0.26,,0.14,0.27,-0.748,
2020-07-27,-0.6819841002242155,-0.10894027251581287,0.268,,0.15,0.28,-0.761,-0.135
2020-07-28,-0.6986608397616418,-0.10598131266323059,0.274,,0.14,0.27,-0.76,-0.135
2020-07-29,-0.6936667462740904,-0.08946419227353948,0.271,,0.12,0.26,-0.765,-0.133
2020-07-30,-0.7141933390597379,-0.10240503127223649,0.275,,0.11,0.26,-0.76,-0.134
2020-07-31,-0.7097444067189911,-0.09372689586131852,0.28,,0.11,0.26,-0.76,-0.144
2020-08-03,-0.7069000697945236,-0.09044499778776885,0.281,,0.11,,-0.771,-0.14
2020-08-04,-0.7204382253910993,-0.09069886261875293,0.257,,0.11,0.25,-0.768,-0.136
2020-08-05,-0.7035286924436002,-0.07306301417222517,0.258,,0.11,0.27,-0.776,-0.131
2020-08-06,-0.7086619960564051,-0.05876480645764634,0.26,,0.11,0.26,-0.761,-0.126
2020-08-07,-0.7023407019846868,-0.039313816214338784,0.259,,0.13,0.27,-0.77,-0.126
2020-08-10,-0.7096670453421101,-0.049766149667145015,0.262,,0.14,0.27,-0.797,
2020-08-11,-0.6907066614492665,-0.014999686018129238,0.27,,0.16,0.28,-0.775,-0.118
2020-08-12,-0.6835634223700748,-0.008958730705525289,0.274,,0.16,0.29,-0.771,-0.112
2020-08-13,-0.6557476684377557,-0.02120677180094919,0.268,,0.16,0.31,-0.762,-0.123
2020-08-14,-0.6615559944976579,-0.03283110921465001,0.27,,0.14,0.3,-0.755,-0.117
2020-08-17,-0.6700849628487395,-0.06170153423323724,0.269,,0.14,0.29,-0.763,-0.119
2020-08-18,-0.6764247452921381,-0.057877637197767236,0.273,,0.14,0.28,-0.761,-0.124
2020-08-19,-0.6860944725252001,-0.04722345298585849,0.273,,0.14,0.29,-0.765,-0.119
2020-08-20,-0.6949218318372963,-0.05500485397285876,0.269,,0.13,0.28,-0.761,-0.115
2020-08-21,-0.695657779501436,-0.06617797537219978,0.27,,0.16,0.28,-0.773,-0.115
2020-08-24,-0.6886536875812794,-0.06908573318465795,0.272,,0.14,0.28,-0.77,-0.117
2020-08-25,-0.6587081357356639,-0.03638527124357862,0.267,,0.15,0.29,-0.776,-0.114
2020-08-26,-0.6536152799640225,-0.034164454331664026,0.27,,0.16,0.29,-0.767,-0.112
2020-08-27,-0.6663003729000545,-0.0338295215266773,0.267,,0.16,0.29,-0.769,-0.115
2020-08-28,-0.6766281646341272,-0.0726825303143053,0.274,,0.14,0.28,-0.764,-0.115
2020-08-31,-0.6632123237944327,,0.277,,0.14,0.28,-0.774,-0.115
2020-09-01,-0.6730447631906848,-0.08821510911037238,0.273,,0.13,0.27,-0.754,-0.12
2020-09-02,-0.6908161699978574,-0.10774545830329099,0.272,,0.14,0.26,-0.776,-0.12
2020-09-03,-0.7023198837018443,-0.10223300335415286,0.269,,0.13,0.26,-0.774,-0.12
2020-09-04,-0.6971325409071865,-0.08665891973920492,0.272,,0.14,0.27,-0.781,-0.125
2020-09-07,-0.6932453054227774,-0.09278927708703123,0.274,,,,-0.785,-0.126
2020-09-08,-0.7061839973069444,-0.14195644475290797,0.275,,0.14,0.27,-0.774,-0.131
2020-09-09,-0.6883831453323834,-0.08601541339826932,0.259,,0.14,0.27,-0.791,-0.131
2020-09-10,-0.6734190916740923,-0.10171763983070826,0.256,,0.14,0.26,-0.785,-0.132
2020-09-11,-0.6867271057710385,-0.13663248738323389,0.254,,0.13,0.26,-0.782,-0.142
2020-09-14,-0.6993147118871432,-0.10854348903124876,0.24,,0.14,0.26,-0.791,-0.143
2020-09-15,-0.6893081639340832,-0.08562816770873988,0.225,,0.14,0.26,-0.788,-0.143
2020-09-16,-0.6925687769256501,-0.07365515067093072,0.219,,0.14,0.26,-0.788,-0.143
2020-09-17,-0.6950089271802438,-0.13193896031229108,0.209,,0.13,0.26,-0.785,-0.144
2020-09-18,-0.697591278074245,-0.13567210325792545,0.212,,0.14,0.26,-0.788,-0.144
2020-09-21,-0.7156354765967787,-0.1371424895467811,0.213,,0.14,0.26,-0.798,
2020-09-22,-0.7070263420946312,-0.08007492253861051,0.21,,0.13,0.26,-0.797,
2020-09-23,-0.7063736602813764,-0.06680868219377215,0.162,,0.14,0.26,-0.793,-0.148
2020-09-24,-0.7115182035786951,-0.07768398748173039,0.165,,0.14,0.25,-0.783,-0.148
2020-09-25,-0.7067599440102943,-0.09530873508531446,0.168,,0.12,0.25,-0.788,-0.156
2020-09-28,-0.696150785703308,-0.08118435216693566,0.165,,0.14,0.25,-0.806,-0.145
2020-09-29,-0.690446026952444,-0.07734061331515085,0.17,,0.11,0.24,-0.797,-0.144
2020-09-30,-0.6921246168744761,-0.053845449104778946,0.172,,0.13,0.25,-0.807,-0.14
2020-10-01,-0.6887157551400662,-0.06974302287373726,0.176,,0.14,0.24,-0.792,-0.13
2020-10-02,-0.7067746747247261,-0.054644497422641415,0.175,,0.13,0.24,-0.794,-0.14
2020-10-05,-0.7054195357254387,-0.04827134990007286,,,0.14,0.24,-0.82,-0.136
2020-10-06,-0.7100388401972095,-0.04630404465307376,0.184,,0.14,0.23,-0.802,-0.126
2020-10-07,-0.7019875406924472,-0.03888874796044283,0.146,,0.16,0.24,-0.807,-0.126
2020-10-08,-0.7107742524282807,-0.04314969759695341,0.155,,0.13,0.27,-0.79,-0.132
2020-10-09,-0.7302197510565054,-0.04724184912752937,0.155,,0.16,0.26,-0.79,-0.127
2020-10-12,-0.7322134698874851,-0.04683994866322502,0.15,,,,-0.803,-0.138
2020-10-13,-0.743718257612342,-0.0663335849537764,0.149,,0.16,0.25,-0.799,-0.144
2020-10-14,-0.751626703919682,-0.06272941414250367,0.154,,0.14,0.24,-0.8,-0.139
2020-10-15,-0.773528045369551,-0.07650631080962372,0.14,,0.14,0.23,-0.799,-0.145
2020-10-16,-0.7803508864852851,-0.08156655283061252,0.143,,0.14,0.23,-0.804,-0.145
2020-10-19,-0.7825839639081602,-0.08956793590585128,0.146,,0.16,0.23,-0.819,-0.141
2020-10-20,-0.7850874671091104,-0.0831994955060574,0.129,,0.14,0.23,-0.814,-0.141
2020-10-21,-0.7758851605865535,-0.07418886515108304,0.125,,0.14,0.23,-0.813,-0.131
2020-10-22,-0.7756552065739117,-0.04636529584636537,0.124,,0.16,0.24,-0.811,-0.137
2020-10-23,-0.7601686577485949,-0.05313194715341448,0.128,,0.18,0.24,-0.81,-0.131
2020-10-26,-0.7567698810945278,-0.051736622803004784,0.112,,0.16,0.24,-0.815,-0.133
2020-10-27,-0.7708681554496883,-0.06892060126780586,0.114,,0.16,0.24,-0.83,-0.13
2020-10-28,-0.7943203358755464,-0.08139038278442352,0.109,,0.16,0.24,-0.82,-0.13
2020-10-29,-0.80504037784128,-0.0831769685077371,0.111,,0.16,0.25,-0.812,-0.13
2020-10-30,-0.8008034978971357,-0.053193753051301244,0.109,,0.14,0.26,-0.802,-0.125
2020-11-02,-0.8054736234685094,-0.08272045251553331,0.113,,0.16,0.26,-0.826,-0.125
2020-11-03,-0.7994413028228724,-0.05507608970127425,0.093,,0.17,0.27,-0.806,
2020-11-04,-0.8057136727021157,-0.08745070232106616,0.108,,0.14,0.26,-0.803,-0.121
2020-11-05,-0.7930464989380024,-0.06414905688196766,0.097,,0.14,0.25,-0.792,-0.136
2020-11-06,-0.7880797655559721,-0.05008998141108172,0.096,,0.16,0.26,-0.789,-0.146
2020-11-09,-0.7465241242931913,-0.01505975509133676,0.094,,0.17,0.28,-0.793,-0.147
2020-11-10,-0.7300985466098062,-0.013134714899581222,0.099,,0.19,0.27,-0.806,-0.143
2020-11-11,-0.733034870688483,-0.005455467154359151,0.1,,,,-0.791,-0.138
2020-11-12,-0.7372659569746034,-0.03740998562934313,0.097,,0.17,0.26,-0.768,-0.143
2020-11-13,-0.749401561496517,-0.03604040085388156,0.102,,0.17,0.27,-0.777,-0.149
2020-11-16,-0.7474879750544052,-0.03168651186872163,0.099,,0.19,0.27,-0.774,-0.149
2020-11-17,-0.7423284693877119,-0.036262814000231874,0.097,,0.18,0.27,-0.775,-0.15
2020-11-18,-0.7440414497289098,-0.03321583302837502,0.095,,0.16,0.27,-0.774,-0.15
2020-11-19,-0.7444025300446278,-0.033016971226376014,0.095,,0.18,0.27,-0.772,-0.145
2020-11-20,-0.7596681481204786,-0.04694423400761897,0.097,,0.16,0.27,-0.758,-0.151
2020-11-23,-0.7626826268025471,-0.0290183076033479,0.092,,0.16,0.27,-0.779,
2020-11-24,-0.7645298227871775,-0.025036033354137698,0.093,,0.16,0.27,-0.768,-0.145
2020-11-25,-0.7596652389051024,-0.030304947075288934,0.093,,0.17,0.27,-0.769,-0.148
2020-11-26,-0.7626370414464843,-0.04454957306136817,0.089,,,0.26,-0.765,-0.153
2020-11-27,-0.7617949438589022,-0.03562461127329569,0.088,,0.16,0.25,-0.763,-0.13
2020-11-30,-0.7521799828321072,-0.020028291079586643,0.089,,0.16,0.25,-0.778,-0.13
2020-12-01,-0.7370835011639971,-0.0018395856635929986,0.094,,0.17,0.26,-0.809,-0.13
2020-12-02,-0.7320714788885962,-0.022101251811199814,0.098,,0.16,0.27,-0.788,-0.13
2020-12-03,-0.7488252382529592,-0.03212217169926216,0.1,,0.16,0.26,-0.786,-0.125
2020-12-04,-0.757104528119632,-0.03305859860548275,0.1,,0.16,0.28,-0.793,-0.131
2020-12-07,-0.7768755045591593,-0.07394103834583492,0.1,,0.14,0.28,-0.798,-0.137
2020-12-08,-0.7883969369893653,-0.07570790506446934,0.099,,0.14,0.27,-0.789,-0.137
2020-12-09,-0.7931897989571532,-0.07927579241670749,0.097,,0.16,0.27,-0.789,-0.137
2020-12-10,-0.7888186029013537,-0.10912701813767794,0.087,,0.14,0.26,-0.812,-0.137
2020-12-11,-0.8057528242707397,-0.11995635984628826,0.09,,0.11,0.25,-0.8,-0.142
2020-12-14,-0.7899959302693511,-0.08740071205958418,0.092,,0.13,0.25,-0.809,-0.143
2020-12-15,-0.7899227791623034,-0.05512918630537647,0.092,,0.11,0.25,-0.811,-0.144
2020-12-16,-0.7588096560766533,-0.06158173299319823,0.099,,0.13,0.25,-0.801,-0.134
2020-12-17,-0.7666777777195573,-0.0521755918972986,0.103,,0.13,0.25,-0.735,-0.134
2020-12-18,-0.7578680392703783,-0.08378101840322603,0.104,,0.13,0.24,-0.792,-0.139
2020-12-21,-0.767790808723678,-0.10440305792899027,0.09,,0.13,0.23,-0.81,-0.132
2020-12-22,-0.7651329987554898,-0.1314125890363031,0.087,,0.13,0.22,-0.81,-0.137
2020-12-23,-0.7451138523536369,-0.07370690183203203,0.086,,0.13,0.23,-0.799,-0.138
2020-12-24,,-0.10323618962514482,0.081,,0.13,0.22,,-0.13
2020-12-25,,,,,,,,-0.13
2020-12-28,-0.7607145936435282,,,,0.13,,-0.792,-0.13
2020-12-29,-0.7662432882365278,-0.1258021861230957,0.08,,0.12,0.21,-0.798,-0.124
2020-12-30,-0.7668552891848657,-0.11955797880866645,0.077,,0.12,0.2,-0.782,-0.125
2020-12-31,,-0.1352522352519561,0.074,,0.13,0.2,,
2021-01-04,-0.7422394441399152,-0.12765025996253473,0.076,,0.11,0.2,-0.823,-0.121
2021-01-05,-0.7456423623157782,-0.1283684407287057,0.075,,0.13,0.19,-0.814,-0.126
2021-01-06,-0.7348771089019743,-0.1249910830384849,0.076,,0.14,0.18,-0.813,-0.121
2021-01-07,-0.7427578696020181,-0.10948273377467539,0.077,,0.14,0.18,-0.804,-0.117
2021-01-08,-0.7455574290583582,-0.10625895658636605,0.077,,0.14,0.19,-0.799,-0.122
2021-01-11,-0.7329546122070121,-0.1015602555526128,0.076,,0.14,0.19,-0.8,
2021-01-12,-0.7233943040983397,-0.058737393720534825,0.079,,0.14,0.18,-0.785,-0.128
2021-01-13,-0.7308742014281062,-0.08569018102297303,0.082,,0.14,0.16,-0.77,-0.13
2021-01-14,-0.7526998030332808,-0.10424107314804679,0.078,,0.16,0.16,-0.759,-0.124
2021-01-15,-0.7446876313381345,-0.11561906183562358,0.078,,0.13,0.15,-0.761,-0.129
2021-01-18,-0.7379967843328563,-0.1155060904247231,0.079,,,0.15,-0.774,-0.13
2021-01-19,-0.7319806833671101,-0.11262497144582216,0.079,,0.14,0.15,-0.765,-0.125
2021-01-20,-0.7353937463970546,-0.1005136677597056,0.079,,0.13,0.16,-0.782,-0.131
2021-01-21,-0.7264983768377415,-0.09035576672476209,0.078,,0.13,0.17,-0.76,-0.136
2021-01-22,-0.7322325991152114,-0.09993335500642991,0.083,,0.13,0.18,-0.763,-0.137
2021-01-25,-0.7473031319762802,-0.1180221694282222,0.079,,0.13,0.18,-0.775,-0.138
2021-01-26,-0.7483315433446636,-0.1174207857970575,,,0.11,0.17,-0.775,-0.138
2021-01-27,-0.7587020519042351,-0.11733659362122471,0.084,,0.12,0.16,-0.777,-0.133
2021-01-28,-0.7606500372131193,-0.10725684257306063,0.083,,0.12,0.16,-0.782,-0.129
2021-01-29,-0.7531842013786023,-0.09563940142738334,0.085,,0.11,0.15,-0.78,-0.129
2021-02-01,-0.7442385932230553,-0.09610075448714694,0.088,,0.11,0.15,-0.791,-0.125
2021-02-02,-0.7348878390152893,-0.07724289510592781,0.092,,0.11,0.16,-0.774,-0.125
2021-02-03,-0.7293314927043273,-0.06852518304863439,0.093,,0.11,0.17,-0.781,-0.125
2021-02-04,-0.7218316035840808,-0.01852246417449281,0.097,,0.11,0.19,-0.77,-0.131
2021-02-05,-0.7257777707833111,-0.002712061793229537,0.092,,0.09,0.2,-0.768,-0.131
2021-02-08,-0.7232050986792229,-0.00970518974718998,0.09,,0.11,0.2,-0.764,-0.127
2021-02-09,-0.7249517101563305,-0.019387140323965497,0.088,,0.11,0.19,-0.764,-0.127
2021-02-10,-0.7294806093539137,-0.016983915119923074,0.088,,0.11,0.19,-0.774,-0.123
2021-02-11,-0.7388284026215386,-0.027692943912333165,0.087,,0.11,0.19,-0.781,
2021-02-12,-0.7272253572387539,-0.02261125215856812,0.088,,0.11,0.19,-0.77,-0.133
2021-02-15,-0.7156542064911571,-0.015254069970845266,0.09,,,,-0.784,-0.13
2021-02-16,-0.7135362140709551,-0.00951604654062371,0.093,,0.13,0.21,-0.782,-0.131
2021-02-17,-0.710528011852297,-0.02993336942183414,0.1,,0.11,0.21,-0.775,-0.119
2021-02-18,-0.6969385365043188,-0.011546359410187442,0.104,,0.11,0.22,-0.77,-0.126
2021-02-19,-0.6998427108397194,0.01750389840840614,0.111,,0.11,0.23,-0.752,-0.12
2021-02-22,-0.7052711762255905,0.00968450313945161,0.119,,0.11,0.23,-0.772,-0.112
2021-02-23,-0.6987419029727815,-0.001267804711965431,0.116,,0.11,0.23,-0.775,
2021-02-24,-0.694219232187862,0.0019124713120680877,0.115,,0.12,0.23,-0.781,-0.113
2021-02-25,-0.6687169702088356,0.06301105974638888,0.112,,0.17,0.32,-0.768,-0.1
2021-02-26,-0.6666728489905649,0.09428207510176986,0.108,,0.14,0.3,-0.761,-0.114
2021-03-01,-0.7057485428150709,0.06750158716921481,0.113,,0.13,0.25,-0.774,-0.12
2021-03-02,-0.7048713615158655,0.025853929230836646,0.106,,0.13,0.24,-0.773,-0.125
2021-03-03,-0.7006932664966667,0.04681404236970941,0.106,,0.14,0.26,-0.774,-0.115
2021-03-04,-0.706431353310335,0.04440770206388861,0.116,,0.14,0.28,-0.771,-0.121
2021-03-05,-0.699934851527928,0.071694016588211,0.12,,0.14,0.29,-0.77,-0.131
2021-03-08,-0.695112845113318,0.05570675706203732,0.122,,0.17,0.29,-0.774,-0.122
2021-03-09,-0.7030933783724569,0.046967885167825116,0.104,,0.17,0.27,-0.773,-0.118
2021-03-10,-0.6946252913217204,0.0341092791865174,0.097,,0.16,0.24,-0.771,-0.117
2021-03-11,-0.7061148334143348,0.046949699720474185,0.089,,0.14,0.25,-0.779,-0.124
2021-03-12,-0.69881274728571,0.06253127865975132,0.1,,0.14,0.31,-0.765,-0.128
2021-03-15,-0.7107793190902008,0.05482791793611572,0.084,,0.14,0.31,-0.773,-0.139
2021-03-16,-0.7188370507015471,0.05622507691831625,0.083,,0.15,0.31,-0.769,-0.15
2021-03-17,-0.7114903339865102,0.0731132986410968,0.08,,0.13,0.27,-0.787,-0.145
2021-03-18,-0.7061214287039854,0.06423663720533458,0.086,,0.16,0.27,-0.76,-0.14
2021-03-19,-0.7192259415197968,0.05250837070065551,0.086,,0.16,0.26,-0.77,-0.136
2021-03-22,-0.7285539909807512,0.04490594361864474,0.084,,0.15,0.26,-0.775,-0.142
2021-03-23,-0.7361175091270953,0.022796999377646725,0.079,,0.15,0.25,-0.799,-0.137
2021-03-24,-0.7380452675540978,0.027720987438542597,0.078,,0.14,0.24,-0.798,-0.141
2021-03-25,-0.7475971077974899,0.015849337625951195,0.074,,0.14,0.23,-0.792,-0.133
2021-03-26,-0.7446467063569162,0.0267326405772581,0.072,,0.14,0.23,-0.796,-0.138
2021-03-29,-0.7419210841683452,0.0364489040830313,0.071,,0.14,0.23,-0.803,-0.139
2021-03-30,-0.7116457151088644,0.05725634072531213,0.073,,0.16,0.23,-0.795,-0.126
2021-03-31,-0.7218383025045352,0.0725176625459196,0.074,,0.16,0.22,-0.776,-0.13
2021-04-01,-0.7351040088646468,0.05455247531280509,0.076,,0.17,0.22,-0.781,-0.125
2021-04-02,,,,,0.19,,,-0.125
2021-04-05,,,,,0.17,0.24,,-0.12
2021-04-06,-0.7295479763020196,0.05701326572579575,0.075,,0.16,0.23,-0.791,-0.121
2021-04-07,-0.7359563137227567,0.05601592865562013,0.075,,0.16,0.23,-0.789,-0.121
2021-04-08,-0.7441287853895631,0.03999612628682943,0.075,,0.14,0.22,-0.787,-0.126
2021-04-09,-0.7230008683670881,0.04256563140736558,0.074,,0.16,0.24,-0.778,-0.126
2021-04-12,-0.7285855777413879,0.043144478509625946,0.075,,0.18,0.25,-0.779,-0.126
2021-04-13,-0.7280082829898502,0.040836161263209984,0.074,,0.16,0.24,-0.773,-0.132
2021-04-14,-0.723509506194471,0.05239829632857551,0.074,,0.16,0.24,-0.768,-0.132
2021-04-15,-0.7237446225488942,0.022682949357545328,0.075,,0.16,0.24,-0.772,-0.133
2021-04-16,-0.7244369445405097,0.03537891182856088,0.074,,0.16,0.29,-0.779,-0.133
2021-04-19,-0.702425126686308,0.032888009899263014,0.074,,0.16,0.31,-0.784,-0.132
2021-04-20,-0.7089520307639328,0.0324058814153607,0.074,,0.15,0.29,-0.776,-0.129
2021-04-21,-0.7188459139666592,0.03583693782925377,0.072,,0.15,0.3,-0.788,-0.134
2021-04-22,-0.7174951081828183,0.03243865621341423,0.072,,0.16,0.31,-0.781,-0.135
2021-04-23,-0.7161519393624745,0.03547748329308036,0.071,,0.16,0.32,-0.776,-0.135
2021-04-26,-0.7144762985788389,0.0457990609459919,0.072,,0.18,0.33,-0.782,-0.136
2021-04-27,-0.7143457268612363,0.057564301197127174,0.074,,0.17,0.33,-0.782,-0.136
2021-04-28,-0.710662420411257,0.05644768242274764,0.074,,0.17,0.31,-0.781,-0.13
2021-04-29,-0.6957146059585582,0.07322501535817387,0.074,,0.16,0.31,-0.771,
2021-04-30,-0.7046917694532093,0.07590688199026327,0.077,,0.16,0.3,-0.773,-0.13
2021-05-03,-0.703688586478338,,0.079,,0.16,0.3,-0.77,
2021-05-04,-0.7157312980522623,0.042685493048245524,0.083,,0.16,0.3,-0.777,
2021-05-05,-0.7148311349423206,0.048529220847995026,0.085,,0.16,0.3,-0.769,
2021-05-06,-0.717496654021955,0.025120727016270446,0.088,,0.16,0.31,-0.745,-0.126
2021-05-07,-0.7124529378611264,0.016760576988295844,0.082,,0.14,0.29,-0.755,-0.131
2021-05-10,-0.7103027281080596,0.02626327679130765,0.079,,0.16,0.29,-0.767,-0.132
2021-05-11,-0.6947408312320396,0.05416697550386904,0.074,,0.16,0.3,-0.75,-0.132
2021-05-12,-0.6811335779388028,0.09349130719041204,0.078,,0.16,0.33,-0.743,-0.127
2021-05-13,-0.6783972290018521,0.09497574211887926,0.077,,0.16,0.32,,-0.127
2021-05-14,-0.675530282453942,0.07993846459721483,0.077,,0.16,0.32,-0.746,-0.128
2021-05-17,-0.6716553080918322,0.07515094605557851,0.077,,0.16,0.33,-0.753,-0.13
2021-05-18,-0.6738621824869879,0.07638587987009732,0.074,,0.16,0.32,-0.748,-0.129
2021-05-19,-0.6773940143272392,0.06198194118488177,0.071,,0.16,0.33,-0.751,-0.129
2021-05-20,-0.6697850970383399,0.05331413404880003,0.069,,0.15,0.33,-0.746,-0.129
2021-05-21,-0.6812941980176412,0.04726411949173468,0.07,,0.17,0.33,-0.75,-0.129
2021-05-24,-0.678837356995694,0.03770216413865097,0.069,,0.15,,,-0.13
2021-05-25,-0.6912817136223088,0.027127750874019536,0.066,,0.15,0.3,-0.764,-0.13
2021-05-26,-0.702084447086821,0.02890654405490375,0.061,,0.14,0.31,-0.766,-0.13
2021-05-27,-0.6939145552232271,0.06068084874602029,0.057,,0.14,0.32,-0.76,-0.136
2021-05-28,-0.698541340121489,0.058251092706518834,0.059,,0.14,0.32,-0.749,-0.136
2021-05-31,-0.6935810688240931,,0.055,,,0.32,-0.761,-0.125
2021-06-01,-0.6958247265916453,0.07188539792936419,0.046,,0.16,0.32,-0.755,-0.125
2021-06-02,-0.704789031314917,0.05708301702695013,0.046,,0.13,0.32,-0.753,-0.125
2021-06-03,-0.7046650890332393,0.07481057173508379,0.039,,0.16,0.32,-0.747,-0.12
2021-06-04,-0.7121918928032871,0.06292684992426624,0.043,,0.14,0.31,-0.743,-0.12
2021-06-07,-0.7077222363758577,0.07773435079769904,0.044,,0.16,0.32,-0.754,-0.12
2021-06-08,-0.7088261248071954,0.06359417961243675,0.047,,0.14,0.32,-0.745,-0.121
2021-06-09,-0.7259153206945892,0.054227227794133546,0.034,,0.16,0.32,-0.745,-0.121
2021-06-10,-0.7213565619919637,0.06851496459650593,0.012,,0.14,0.31,-0.75,-0.126
2021-06-11,-0.7254201057063727,0.05121789077365522,-0.001,,0.16,0.31,-0.758,-0.126
2021-06-14,-0.719710533902524,0.061400412217512454,,,0.16,0.32,-0.781,-0.126
2021-06-15,-0.7144775363760896,0.07922013033222475,0.004,,0.16,0.32,-0.767,-0.127
2021-06-16,-0.7169604049320211,0.07951502445050891,0.005,,0.21,0.36,-0.77,-0.128
2021-06-17,-0.7071526445436853,0.1253081197786799,0.018,,0.23,0.38,-0.751,-0.123
2021-06-18,-0.704005557819039,0.13395855456035327,0.066,,0.26,0.45,-0.763,-0.123
2021-06-21,-0.6882652226017199,0.13355569610133133,0.084,,0.27,0.44,-0.757,-0.121
2021-06-22,-0.6916945045152081,0.13279932752931223,0.074,,0.25,0.42,-0.749,-0.115
2021-06-23,-0.6963474035699209,0.11610232100818921,0.076,,0.26,0.42,-0.752,-0.116
2021-06-24,-0.6975785065062854,0.09083723770483407,0.07,,0.26,0.42,-0.748,-0.116
2021-06-25,-0.6903543421324105,0.10395984813406167,0.072,,0.28,0.44,-0.759,-0.116
2021-06-28,-0.6926208447854767,0.09451089836967524,0.07,,0.25,0.44,-0.762,-0.115
2021-06-29,-0.6915549458226322,0.08424518524736019,0.068,,0.27,0.44,-0.754,-0.114
2021-06-30,-0.6975142228883702,0.08157667472756047,0.065,,0.25,0.45,-0.758,-0.115
2021-07-01,-0.7051665737873147,0.08079554219103696,0.058,,0.25,,-0.754,-0.12
2021-07-02,-0.7118871514456897,0.07255946115517897,0.057,,0.24,0.45,-0.754,-0.12
2021-07-05,-0.7041627841966973,0.07058983186702568,0.058,,,0.46,-0.767,-0.116
2021-07-06,-0.7150367268257831,0.055049765798163786,0.067,,0.22,0.46,-0.761,-0.111
2021-07-07,-0.7246165740793096,0.05856268101533424,0.066,,0.22,0.48,-0.775,-0.111
2021-07-08,-0.7311877311064714,0.0680530669756515,0.064,,0.19,0.48,-0.778,-0.117
2021-07-09,-0.7218079162157296,0.08981388491057142,0.062,,0.23,0.48,-0.778,-0.117
2021-07-12,-0.7205715462822535,0.08707478976918515,0.056,,0.23,0.48,-0.804,-0.117
2021-07-13,-0.7178384880520152,0.08324073398614935,0.058,,0.26,0.48,-0.79,-0.122
2021-07-14,-0.7215853209086713,0.08783514892622445,0.047,,0.23,0.45,-0.791,-0.128
2021-07-15,-0.7310942023705036,0.15920872381167794,0.047,,0.23,0.44,-0.795,-0.128
2021-07-16,-0.7369927435850301,0.12890831826652308,0.045,,0.25,0.43,-0.786,-0.128
2021-07-19,-0.739063183118831,0.08013436262063113,0.039,,0.21,0.47,-0.798,-0.134
2021-07-20,-0.7664669255325203,0.09303334238065081,0.029,,0.2,0.46,-0.807,-0.134
2021-07-21,-0.763884906546648,0.11527254258150821,0.03,,0.22,0.46,-0.811,-0.134
2021-07-22,-0.7689008862518654,0.08434957516743714,0.028,,0.2,0.45,-0.792,
2021-07-23,-0.7747967285703887,0.09583510227770348,0.028,,0.22,0.45,-0.794,
2021-07-26,-0.7771063595863219,0.09685086043577111,0.031,,0.22,0.46,-0.805,-0.135
2021-07-27,-0.7923405478388634,0.09571033775010257,0.029,,0.2,0.44,-0.808,-0.13
2021-07-28,-0.8001788723696266,0.09557815873194299,0.025,,0.2,0.45,-0.798,-0.13
2021-07-29,-0.8002441383034964,0.08248336641578875,0.021,,0.2,0.45,-0.791,-0.125
2021-07-30,-0.803462493440618,0.07109842048853053,0.022,,0.19,0.45,-0.8,-0.125
2021-08-02,-0.8073620982997873,0.05933453086167653,,,0.17,,-0.799,-0.13
2021-08-03,-0.8173601293124746,0.057353398776469944,0.024,,0.17,0.42,-0.804,-0.125
2021-08-04,-0.8219306018635972,0.08000773711408644,0.024,,0.17,0.44,-0.808,-0.13
2021-08-05,-0.8263499844486377,0.08801853986902283,0.029,,0.21,0.47,-0.802,-0.136
2021-08-06,-0.802592480076969,0.14999916152546025,0.04,,0.21,0.48,-0.794,-0.136
2021-08-09,-0.799762347164197,0.13725842825722154,0.039,,0.23,0.48,-0.816,
2021-08-10,-0.7989362832154403,0.15519712466811333,0.04,,0.24,0.48,-0.793,-0.131
2021-08-11,-0.7905221279810342,0.13488813242664305,0.041,,0.23,0.47,-0.796,-0.131
2021-08-12,-0.7905877030814996,0.15643524475823214,0.04,,0.23,0.46,-0.801,-0.131
2021-08-13,-0.7862938428774973,0.14839637663438954,0.039,,0.23,0.45,-0.798,-0.136
2021-08-16,-0.7902665669077913,0.14482419280814607,0.033,,0.21,0.43,-0.794,-0.136
2021-08-17,-0.7900480548947515,0.1550178909444665,0.029,,0.23,0.44,-0.787,-0.142
2021-08-18,-0.793723179344918,0.14624008261437477,0.027,,0.23,0.45,-0.79,-0.142
2021-08-19,-0.79183616417973,0.12346341034972907,0.025,,0.22,0.44,-0.779,-0.142
2021-08-20,-0.7960151546551062,0.10467876346607974,0.011,,0.23,0.44,-0.773,-0.142
2021-08-23,-0.7940994190893744,0.12248345895442979,0.011,,0.23,0.44,-0.777,-0.139
2021-08-24,-0.7896935209390508,0.13202691505182454,0.013,,0.24,0.45,-0.782,-0.139
2021-08-25,-0.7824657141663569,0.15392594510955013,0.017,,0.23,0.45,-0.779,-0.138
2021-08-26,-0.7752687412144037,0.1440659488294463,0.017,,0.25,0.45,-0.766,-0.133
2021-08-27,-0.7723546007914206,0.13187413660083927,0.018,,0.22,0.44,-0.772,-0.133
2021-08-30,-0.7751859443485756,,0.016,,0.2,0.43,-0.786,-0.128
2021-08-31,-0.7652988842901691,0.15816803921340958,0.009,,0.2,0.43,-0.771,-0.13
2021-09-01,-0.7647790566397767,0.13658622379961968,0.009,,0.2,0.41,-0.774,-0.13
2021-09-02,-0.7693184055061459,0.12657790085816242,0.008,,0.2,0.4,-0.762,-0.13
2021-09-03,-0.7600206032738288,0.12585963820922466,0.008,,0.21,0.39,-0.768,-0.125
2021-09-06,-0.7602533513244918,0.11207439737255215,0.008,,,,-0.766,-0.12
2021-09-07,-0.7457248689891807,0.1284132752383134,0.009,,0.22,0.4,-0.76,-0.125
2021-09-08,-0.7406805964332168,0.12942296525269037,0.01,,0.22,0.39,-0.737,-0.125
2021-09-09,-0.7544410981945318,0.15193749403747164,0.01,,0.23,0.4,-0.747,-0.125
2021-09-10,-0.7504663276541699,0.14907545322611973,0.008,,0.23,0.41,-0.751,-0.125
2021-09-13,-0.7526492760982915,0.15818285626100104,0.006,,0.21,0.41,-0.756,-0.126
2021-09-14,-0.7558236026865965,0.1608709419645422,0.002,,0.21,0.4,-0.75,-0.126
2021-09-15,-0.7483624846221291,0.1764234016291905,0.007,,0.21,0.42,-0.748,-0.131
2021-09-16,-0.7451800822588832,0.1999154002006401,0.008,,0.23,0.44,-0.726,-0.127
2021-09-17,-0.7385584218867942,0.21349019823173448,0.008,,0.23,0.46,-0.726,-0.127
2021-09-20,-0.7587669192190343,0.18493973472097353,0.008,,0.23,0.44,-0.748,
2021-09-21,-0.7598248127680034,0.1933062907447784,0.008,,0.22,0.44,-0.748,-0.133
2021-09-22,-0.753264230809602,0.20019138301499248,0.009,,0.25,0.45,-0.752,-0.133
2021-09-23,-0.7364293694205342,0.29801309406093296,0.009,,0.27,0.48,-0.731,
2021-09-24,-0.7235101398658355,0.3011119581697789,0.013,,0.29,0.5,-0.697,-0.128
2021-09-27,-0.7231632600328715,0.2954792859409003,0.016,,0.31,0.5,-0.713,-0.129
2021-09-28,-0.7139845543304291,0.3094724377787321,0.024,,0.31,0.5,-0.717,-0.129
2021-09-29,-0.7270764135142707,0.30531859568207126,0.026,,0.3,0.53,-0.718,-0.125
2021-09-30,-0.7205593344489154,0.3317623539713899,0.035,,0.28,,-0.713,-0.115
2021-10-01,-0.7405819279765105,0.3298697371480313,0.039,,0.27,0.51,-0.715,-0.125
2021-10-04,-0.7358192666038468,0.31716122168165656,,,0.27,0.51,-0.733,-0.12
2021-10-05,-0.7373154832039166,0.3758157835338722,0.068,,0.28,0.52,-0.736,-0.12
2021-10-06,-0.7288828921281862,0.3935218873469616,0.084,,0.3,0.6,-0.717,-0.116
2021-10-07,-0.7365661190874833,0.40082188413544484,0.086,,0.32,0.63,-0.715,-0.121
2021-10-08,-0.7279963923448021,0.4684742314069126,0.086,,0.32,0.68,-0.704,-0.116
2021-10-11,-0.7115130776491747,0.5090301255755436,0.203,,,,-0.7,-0.116
2021-10-12,-0.7002512420270901,0.4909523866105707,0.096,,0.35,0.74,-0.697,-0.116
2021-10-13,-0.6993801393907397,0.4919064088948566,0.097,,0.37,0.77,-0.682,-0.117
2021-10-14,-0.7152465809094655,0.4524921587061718,0.098,,0.36,0.72,-0.682,-0.117
2021-10-15,-0.7063158942470058,0.49958648573134445,0.102,,0.41,0.76,-0.694,-0.117
2021-10-18,-0.6747413381272667,0.6590627116426853,0.13,,0.44,0.82,-0.666,-0.119
2021-10-19,-0.6482065625887967,0.6624648755783733,0.137,,0.41,0.83,-0.676,-0.12
2021-10-20,-0.6792518114238382,0.625956030202972,0.144,,0.4,0.79,-0.653,-0.114
2021-10-21,-0.6670748661422958,0.6480288558720515,0.155,,0.45,0.86,-0.653,-0.114
2021-10-22,-0.6539529747519657,0.6278289613939193,0.121,,0.48,0.87,-0.624,-0.114
2021-10-25,-0.673690917616621,0.587301000693861,0.126,,0.47,0.86,-0.647,-0.108
2021-10-26,-0.678387108637974,0.5693927310192293,0.144,,0.47,0.86,-0.658,-0.11
2021-10-27,-0.6844507927586461,0.5052659278132244,0.2,,0.5,1.07,-0.646,-0.101
2021-10-28,-0.6567131604234899,0.5650293079783841,0.496,,0.5,1.0,-0.602,-0.105
2021-10-29,-0.6204530610444323,0.6502985838449687,0.68,,0.48,1.08,-0.559,-0.105
2021-11-01,-0.6268713299752195,0.6054723965811729,0.64,,0.5,1.07,-0.574,-0.105
2021-11-02,-0.694802224707137,0.5734300107367768,0.619,,0.46,1.04,-0.623,-0.105
2021-11-03,-0.6875023296438476,0.6103944142164186,0.57,,0.47,1.03,-0.64,
2021-11-04,-0.7610705963060755,0.4007384076820247,0.585,,0.41,0.98,-0.649,-0.1
2021-11-05,-0.7678611814891549,0.33246246439605104,0.545,,0.39,0.92,-0.678,-0.11
2021-11-08,-0.7699792844479969,0.3509688644634734,0.51,,0.45,0.95,-0.69,-0.117
2021-11-09,-0.7839397339261898,0.40003160844595953,0.506,,0.41,0.92,-0.682,-0.116
2021-11-10,-0.7741501294737438,0.5191919388409841,0.514,,0.51,1.0,-0.672,-0.116
2021-11-11,-0.7588925586573714,0.5050917238255862,0.6,,,,-0.62,-0.116
2021-11-12,-0.79376272801374,0.4667247817654922,0.606,,0.53,0.98,-0.61,-0.116
2021-11-15,-0.7783003925566612,0.4926297421744052,0.577,,0.53,1.0,-0.665,-0.123
2021-11-16,-0.7989809301312487,0.5259247049321351,0.608,,0.54,1.05,-0.668,-0.125
2021-11-17,-0.7954490169719501,0.5126771253101482,0.58,,0.52,1.0,-0.679,-0.128
2021-11-18,-0.8053769728093692,0.4743784833669126,0.561,,0.52,0.98,-0.664,-0.125
2021-11-19,-0.8352859173976488,0.42989653979983167,0.567,,0.52,0.97,-0.666,-0.129
2021-11-22,-0.8266478396747017,0.46729364925296757,0.568,,0.63,1.04,-0.694,-0.135
2021-11-23,-0.8066083178652383,0.5109483343007523,0.607,,0.6,1.04,-0.695,
2021-11-24,-0.8137260172293082,0.5301038423748731,0.557,,0.64,1.05,-0.657,-0.13
2021-11-25,-0.7937782644770848,0.5058143607648607,0.567,,,1.05,-0.686,-0.125
2021-11-26,-0.8236519019145954,0.3853500710807119,0.541,,0.5,0.93,-0.717,-0.132
2021-11-29,-0.8007803859707749,0.4257599339354245,0.526,,0.51,0.95,-0.725,-0.131
2021-11-30,-0.815302296062935,0.43333208766710685,0.511,,0.52,0.98,-0.732,-0.12
2021-12-01,-0.7706538701269614,0.46801375392264916,0.545,,0.56,0.95,-0.693,-0.12
2021-12-02,-0.7970025266751781,0.4466675913404343,0.555,,0.63,0.96,-0.691,-0.12
2021-12-03,-0.7777108271390292,0.4176540883951935,0.543,,0.6,1.01,-0.697,-0.115
2021-12-06,-0.7801502046549125,0.3916814456133698,0.527,,0.65,1.06,-0.715,-0.116
2021-12-07,-0.754293113426014,0.38440960778311845,0.552,,0.7,1.14,-0.726,-0.116
2021-12-08,-0.7338073859538166,0.367460638247566,0.562,,0.68,1.07,-0.705,-0.111
2021-12-09,-0.7488531122231881,0.3425831931898125,0.546,,0.7,1.0,-0.678,-0.106
2021-12-10,-0.738370332543218,0.3310816190870904,0.531,,0.67,0.97,-0.686,-0.107
2021-12-13,-0.7294249648180999,0.32202131754939156,0.521,,0.66,0.92,-0.709,-0.107
2021-12-14,,0.35833489498803434,0.508,,0.67,0.95,-0.717,-0.112
2021-12-15,-0.7188150970830582,0.39795003745274676,0.528,,0.69,0.95,-0.691,-0.112
2021-12-16,-0.7273367449934716,0.42736625969330005,0.577,,0.64,0.9,-0.664,-0.113
2021-12-17,-0.7485385643052411,0.4463011950372457,0.577,,0.66,0.91,-0.665,-0.112
2021-12-20,-0.7525318798806149,0.4670434987195015,0.534,,0.65,0.93,-0.702,-0.113
2021-12-21,-0.7359855489969354,0.5518467622017457,0.53,,0.7,0.98,-0.702,-0.107
2021-12-22,-0.7231278751523309,0.5840082559771071,0.475,,0.68,0.96,-0.668,-0.103
2021-12-23,-0.7059900726584725,0.6132816313570528,0.483,,0.71,0.98,-0.652,-0.097
2021-12-24,-0.7093807846341704,0.6008065066390812,0.487,,,0.98,,-0.099
2021-12-27,-0.6975704336495276,,,,0.76,,-0.678,-0.095
2021-12-28,-0.6924155424668954,,,,0.74,,-0.677,-0.095
2021-12-29,-0.6908961536381781,0.6473721562725301,0.477,,0.75,0.99,-0.65,-0.1
2021-12-30,-0.6769596447303683,0.6233937227557115,0.501,,0.73,0.98,-0.623,-0.095
2021-12-31,-0.6791412595704998,0.6246235923538719,0.509,,0.73,0.95,,
2022-01-03,-0.6559376363513905,,,,0.78,,-0.626,
2022-01-04,-0.6638086099788518,0.7087385604972334,0.561,,0.77,1.01,-0.615,-0.085
2022-01-05,-0.6475092857009637,0.706157326881985,0.575,,0.83,1.04,-0.613,-0.086
2022-01-06,-0.6312339595900811,0.7545898237907565,0.625,,0.88,1.07,-0.586,-0.081
2022-01-07,-0.6250582636624391,0.7709842953570921,0.615,,0.87,1.07,-0.583,-0.076
2022-01-10,-0.6135119868152241,0.7854897827180255,0.622,,0.92,1.08,-0.553,
2022-01-11,-0.6066184538571995,0.7861834024811588,0.62,,0.9,1.07,-0.556,-0.078
2022-01-12,-0.62531946325656,0.7717978454040264,0.607,,0.92,1.11,-0.551,-0.083
2022-01-13,-0.6248821468324515,0.728309203699823,0.636,,0.91,1.11,-0.553,-0.083
2022-01-14,-0.6235704044869905,0.7570800415299709,0.664,,0.99,1.15,-0.555,-0.073
2022-01-17,-0.602419054430118,0.8027757137588732,0.715,,,1.22,-0.541,-0.074
2022-01-18,-0.6091201808607027,0.829408452145426,0.766,,1.06,1.27,-0.539,-0.075
2022-01-19,-0.6046993836195562,0.8773760548222329,0.797,,1.04,1.27,-0.541,-0.08
2022-01-20,-0.6159522652135672,0.8585460200274161,0.821,,1.08,1.28,-0.515,-0.075
2022-01-21,-0.6414681604292305,0.8384426312568652,0.773,,1.01,1.24,-0.54,-0.076
2022-01-24,-0.6679475437076472,0.8317573347209276,0.799,,0.99,1.24,-0.564,-0.071
2022-01-25,-0.6759778570166484,0.8476656817919254,0.848,,1.02,1.24,-0.542,-0.071
2022-01-26,-0.6603936121848029,0.8826690800183495,,,1.13,1.26,-0.576,-0.071
2022-01-27,-0.6361883070775249,0.9280439050986453,0.916,,1.18,1.27,-0.545,-0.055
2022-01-28,-0.6226717661571399,0.929209580903291,0.876,,1.15,1.25,-0.515,-0.055
2022-01-31,-0.5723570248265979,1.0075014427206224,0.812,,1.18,1.28,-0.524,-0.055
2022-02-01,-0.5669112734354598,1.0239683264877921,0.797,,1.18,1.28,-0.518,-0.05
2022-02-02,-0.5529669060560485,0.9848296667807488,0.804,,1.16,1.24,-0.48,-0.05
2022-02-03,-0.4645218830392759,1.1128847309171621,0.791,,1.19,1.29,-0.462,-0.05
2022-02-04,-0.3622726529045721,1.2247538618530716,0.864,,1.31,1.36,-0.34,-0.045
2022-02-07,-0.3527596155932522,1.240885804683132,0.93,,1.3,1.34,-0.301,-0.045
2022-02-08,-0.365077130763598,1.2940975249892923,0.993,,1.35,1.35,-0.307,-0.04
2022-02-09,-0.4123902532709222,1.2395228967360747,0.985,,1.36,1.36,-0.389,-0.04
2022-02-10,-0.396698395106084,1.3240093539185347,0.978,,1.61,1.5,-0.375,-0.031
2022-02-11,-0.3828441414670824,1.3754333692424674,1.084,,1.5,1.46,-0.312,
2022-02-14,-0.4279352906222389,1.4507788289604064,1.049,,1.58,1.51,-0.34,-0.029
2022-02-15,-0.4013934968713242,1.4877338868351955,1.116,,1.58,1.55,-0.313,-0.024
2022-02-16,-0.4308901631136352,1.3588627836865506,1.136,,1.52,1.53,-0.373,-0.019
2022-02-17,-0.4602262721458929,1.2962637994491366,1.09,,1.49,1.51,-0.405,-0.008
2022-02-18,-0.5043540215882567,1.2371738072228073,1.105,,1.47,1.49,-0.422,-0.008
2022-02-21,-0.5051736215441771,1.2427656484381906,1.094,,,,-0.466,-0.015
2022-02-22,-0.4204507238064412,1.3015106816424564,1.107,,1.56,1.53,-0.459,-0.026
2022-02-23,-0.4055933888167344,1.2554644762328633,1.161,,1.58,1.57,-0.413,
2022-02-24,-0.4694515593699333,1.223348594937675,1.088,,1.54,1.52,-0.439,-0.026
2022-02-25,-0.4437749480296711,1.1739841952523893,1.127,,1.55,1.53,-0.418,-0.025
2022-02-28,-0.5354174156368479,1.0529084438385476,1.022,,1.44,1.45,-0.449,-0.035
2022-03-01,-0.6965438763221039,0.8226964506764609,1.021,,1.31,1.33,-0.517,-0.035
2022-03-02,-0.6395848138375584,1.0665468863665168,0.939,,1.5,1.47,-0.566,-0.045
2022-03-03,-0.5785847097316048,1.1243045426714886,1.016,,1.53,1.48,-0.502,-0.035
2022-03-04,-0.7239300362136691,1.0583454986599543,1.049,,1.5,1.38,-0.514,-0.04
2022-03-07,-0.6800927184720482,1.1672412192303925,1.061,,1.55,1.41,-0.567,-0.05
2022-03-08,-0.6115725485694394,1.3068604844205474,1.142,,1.63,1.46,-0.534,-0.045
2022-03-09,-0.5363091734110639,1.3996545246297396,1.193,,1.68,1.5,-0.524,-0.04
2022-03-10,-0.4584350707006255,1.3448864349474048,1.215,,1.72,1.55,-0.494,-0.03
2022-03-11,-0.419282412037874,1.3411917295356475,1.244,,1.75,1.66,-0.424,-0.03
2022-03-14,-0.3906481102744199,1.3993171150166615,1.278,,1.87,1.77,-0.388,-0.03
2022-03-15,-0.4377377466646663,1.3556253798939697,1.28,,1.85,1.8,-0.391,-0.025
2022-03-16,-0.4145261895389907,1.4132418100382866,1.233,,1.95,1.89,-0.403,-0.025
2022-03-17,-0.3920460641525141,1.3047704950223529,1.288,,1.94,1.89,-0.379,-0.025
2022-03-18,-0.4079214777089608,1.204737235834865,1.338,,1.97,1.89,-0.415,-0.018
2022-03-21,-0.3695621731778926,1.296739242840744,1.349,,2.14,2.03,-0.417,
2022-03-22,-0.2940145162542533,1.40468550687717,1.506,,2.18,2.09,-0.365,-0.018
2022-03-23,-0.3092066847639731,1.379387043077022,1.521,,2.13,2.06,-0.385,-0.023
2022-03-24,-0.2676303768150232,1.3443388375255263,1.451,,2.13,2.13,-0.369,-0.023
2022-03-25,-0.2104403926610665,1.406470667298369,1.533,,2.3,2.34,-0.338,-0.023
2022-03-28,-0.1562310508688047,1.368378139671949,1.747,,2.35,2.35,-0.248,-0.018
2022-03-29,-0.0952709192134473,1.3708780622127126,1.864,,2.35,2.34,-0.245,-0.021
2022-03-30,0.0026723205705239,1.382507748077779,1.777,,2.31,2.31,-0.187,-0.031
2022-03-31,-0.0860211316812611,1.3749607729327844,1.761,,2.28,2.27,-0.204,-0.03
2022-04-01,-0.073710986535096,1.4050138166963155,1.791,,2.44,2.34,-0.218,-0.04
2022-04-04,-0.1206523183830432,1.3938794667247343,1.809,,2.43,2.31,-0.268,-0.04
2022-04-05,-0.0881039062184485,1.4824250601387117,1.93,,2.51,2.37,-0.245,-0.04
2022-04-06,-0.0504010465983206,1.4913668729347467,2.073,,2.5,2.37,-0.206,-0.035
2022-04-07,-0.0248235337778313,1.479622464567627,2.077,,2.47,2.36,-0.223,-0.04
2022-04-08,0.0002118141201652,1.4923832829094534,2.097,,2.53,2.43,-0.195,-0.08
2022-04-11,0.0924968811126158,1.5549252960855167,2.107,,2.5,2.43,-0.151,-0.086
2022-04-12,0.0425049816843396,1.5081271502649756,2.142,,2.39,2.34,-0.085,-0.08
2022-04-13,0.0333275134807315,1.4973218095071121,2.101,,2.37,2.34,-0.098,-0.065
2022-04-14,-0.0050763138180855,1.5475798625901462,2.005,,2.47,2.42,-0.168,-0.061
2022-04-15,,,,,,,,-0.061
2022-04-18,,,,,2.46,2.43,,-0.056
2022-04-19,0.0326801585745299,1.6053309912042026,2.112,,2.61,2.52,-0.172,-0.046
2022-04-20,0.0191201643846334,1.58192330638453,2.188,,2.6,2.58,-0.202,-0.046
2022-04-21,0.1113868881802422,1.7239149792473403,2.251,,2.68,2.63,-0.144,-0.049
2022-04-22,0.2271535268389248,1.710666255966391,2.38,,2.72,2.65,-0.105,-0.057
2022-04-25,0.129554306960502,1.562866359599712,,,2.63,2.55,-0.117,-0.052
2022-04-26,0.1133224484371844,1.502771718934301,2.351,,2.54,2.47,-0.144,-0.057
2022-04-27,0.0595690481821526,1.5047389680203083,2.383,,2.58,2.5,-0.157,-0.056
2022-04-28,0.1433436300236419,1.5498585719536302,2.408,,2.63,2.53,-0.166,-0.06
2022-04-29,0.2135319527189509,1.6111221095509725,2.451,,2.7,2.63,-0.091,
2022-05-02,0.1837790842289686,,2.56,,2.73,2.66,-0.122,-0.05
2022-05-03,0.1832622380517965,1.6482933879196977,2.764,,2.78,2.71,-0.107,
2022-05-04,0.2522903406876478,1.6611116726312394,2.896,,2.66,2.61,-0.069,
2022-05-05,0.2256145394788817,1.5438801550376002,2.725,,2.71,2.69,-0.101,
2022-05-06,0.3034313573916782,1.5185571531543147,2.757,,2.72,2.69,-0.075,-0.045
2022-05-09,0.2224448579596809,1.4019874583804988,2.77,,2.61,2.6,-0.085,-0.046
2022-05-10,0.1459363740167569,1.3346364776791977,2.714,,2.62,2.67,-0.137,-0.046
2022-05-11,0.1285399082983644,1.3351549794964561,2.679,,2.66,2.73,-0.19,-0.046
2022-05-12,0.0199708637280027,1.223256523730811,2.636,,2.56,2.64,-0.277,-0.051
2022-05-13,0.098476436729582,1.260303029853137,2.564,,2.61,2.66,-0.315,-0.057
2022-05-16,0.095722798602015,1.2608607948441934,2.58,,2.58,2.64,-0.245,-0.056
2022-05-17,0.2332090002313305,1.4556092857058212,2.603,,2.71,2.75,-0.216,-0.056
2022-05-18,0.3009662686947734,1.4684891611581474,2.624,,2.68,2.76,-0.199,-0.056
2022-05-19,0.2310551635921518,1.502158930271144,2.564,,2.63,2.7,-0.223,-0.056
2022-05-20,0.2043525727801238,1.5156935297910847,2.514,,2.6,2.64,-0.153,-0.056
2022-05-23,0.222211310998305,1.5879534268094866,2.533,,2.65,,-0.248,-0.062
2022-05-24,0.2481674748256792,1.4433811767596372,2.531,,2.5,2.57,-0.214,-0.067
2022-05-25,0.1828944249145099,1.445729426539663,2.423,,2.48,2.53,-0.239,-0.075
2022-05-26,0.138385089835455,1.4754778620607498,2.413,,2.46,2.55,,-0.062
2022-05-27,0.1698534526565822,1.4645518520249237,2.445,,2.47,2.55,-0.191,-0.067
2022-05-30,0.2800903120292579,1.5016289917260688,2.438,,,2.6,-0.159,-0.068
2022-05-31,0.3577958329266786,1.6206589266610185,2.519,,2.53,2.67,-0.128,-0.07
2022-06-01,0.3255372202075079,1.6831188399543489,2.572,,2.66,2.79,-0.038,-0.075
2022-06-02,0.4658892760065525,,2.677,,2.65,2.84,0.042,-0.07
2022-06-03,0.4967912223999766,,2.652,,2.66,2.91,0.088,-0.07
2022-06-06,0.5317709717792423,1.8126188631840119,2.669,,2.73,3.02,,-0.065
2022-06-07,0.521797901802723,1.7683341439608153,2.834,,2.75,3.04,0.096,-0.07
2022-06-08,0.6079255148787319,1.8027838368280005,2.781,,2.78,3.1,0.111,-0.07
2022-06-09,0.7529191688977015,1.8873310930871257,2.773,,2.83,3.07,0.004,-0.075
2022-06-10,0.8736798606327709,2.067577707142255,2.791,,3.06,3.25,0.184,-0.081
2022-06-13,1.0517982973762572,2.140162000417733,,,3.4,3.39,0.319,-0.051
2022-06-14,1.107925929014396,2.138044354933455,3.132,,3.45,3.46,0.46,-0.05
2022-06-15,1.0673652802534512,1.9853615439355605,3.365,,3.2,3.28,0.465,-0.06
2022-06-16,1.1474280494847655,2.1453924431424585,3.234,,3.14,3.24,0.432,-0.084
2022-06-17,1.075471824739418,2.2343534545344728,3.358,,3.17,3.24,0.45,-0.071
2022-06-20,1.1034486636097345,2.3237678344252455,3.327,,,3.3,0.406,-0.059
2022-06-21,1.0812423879450916,2.331721090801165,3.222,,3.21,3.35,0.478,-0.066
2022-06-22,0.9802818496975902,2.1532656478317307,3.086,,3.06,3.25,0.424,-0.079
2022-06-23,0.782891247822028,1.948130989870695,2.985,,3.01,3.1,0.237,-0.085
2022-06-24,0.8394502349136217,1.9655638249177136,2.831,,3.04,3.12,0.172,-0.079
2022-06-27,0.8496721081427552,2.03541273223887,2.902,,3.08,3.17,0.204,-0.066
2022-06-28,0.9224681847355996,2.149400625796038,2.877,,3.1,3.16,0.328,-0.045
2022-06-29,0.8995320097198638,2.0690408807803737,2.81,,3.06,3.14,0.223,-0.05
2022-06-30,0.6429685731460477,1.9115909657166388,2.729,,2.92,3.1,0.104,-0.065
2022-07-01,0.5038708023308338,1.6863659138865794,2.588,,2.84,,-0.017,-0.07
2022-07-04,0.6098044569218812,1.8467485851406518,2.56,,,3.06,-0.109,-0.065
2022-07-05,0.4374668734716946,1.7374515928091312,2.581,,2.82,3.0,-0.088,-0.06
2022-07-06,0.3569876804532379,1.7681939176520993,2.534,,2.97,3.12,-0.165,-0.065
2022-07-07,0.4927924924942291,1.843346949393383,2.589,,3.03,3.19,-0.094,-0.071
2022-07-08,0.4718698969210767,1.947296381608337,2.648,,3.12,3.27,-0.068,-0.07
2022-07-11,0.4038580007337751,1.9047874561022484,2.68,,3.07,3.25,-0.113,-0.07
2022-07-12,0.293818994727552,1.8188390437037874,2.587,,3.03,3.19,-0.182,-0.07
2022-07-13,0.3857500826295407,1.8366063150493463,2.57,,3.13,3.3,-0.193,-0.076
2022-07-14,0.5023355094984915,1.9645811826255695,2.678,,3.15,3.27,0.03,-0.06
2022-07-15,0.445794826058272,1.944743384047286,2.671,,3.13,3.2,-0.039,-0.061
2022-07-18,0.4887826033157134,2.0073871851208387,2.754,,3.15,3.22,0.009,
2022-07-19,0.5716304530668107,2.0767863708156287,2.856,,3.23,3.29,0.091,-0.077
2022-07-20,0.5409764075454857,2.0929553039915265,2.907,,3.25,3.3,0.107,-0.077
2022-07-21,0.5829219344370368,2.002880943698471,2.917,,3.1,3.19,0.165,-0.075
2022-07-22,0.3877630066190698,1.8656377434721507,2.831,,2.98,3.06,0.045,-0.077
2022-07-25,0.4241851904738203,1.8551480480467306,2.775,,3.0,3.11,-0.038,-0.075
2022-07-26,0.3092699120763464,1.8314489488048054,2.799,,3.02,3.11,-0.045,-0.077
2022-07-27,0.351422958683389,1.8610416498421296,2.687,,2.96,3.08,-0.063,-0.078
2022-07-28,0.2279899572195516,1.7013780024841405,2.643,,2.85,2.92,-0.054,-0.076
2022-07-29,0.2543910607748882,1.7259754009842248,2.485,,2.89,2.96,-0.04,-0.09
2022-08-01,0.206210462690846,1.6722222281020778,2.514,,2.9,,,-0.09
2022-08-02,0.2346754247057516,1.738846739803825,2.512,,3.06,3.1,-0.111,-0.09
2022-08-03,0.3457380873305089,1.884781361687891,2.638,,3.1,3.18,0.047,-0.085
2022-08-04,0.3159630846369179,1.8590162615617067,2.712,,3.03,3.14,0.074,-0.095
2022-08-05,0.430584908970558,1.975795396508083,2.677,,3.24,3.25,0.039,-0.1
2022-08-08,0.3925202181585741,1.8827275709167508,2.777,,3.21,3.23,0.044,-0.101
2022-08-09,0.4593522948865773,1.9394561621560218,2.792,,3.28,3.28,0.049,-0.101
2022-08-10,0.4009288006593223,1.9231288286009558,2.846,,3.23,3.18,0.084,-0.09
2022-08-11,0.4297783408322031,1.9998674400035306,2.865,,3.23,3.25,0.064,
2022-08-12,0.4472355062487843,2.0369071861799544,2.948,,3.25,3.24,0.084,-0.086
2022-08-15,0.4368989823936386,1.9855873292459871,2.906,,3.2,3.21,0.075,-0.085
2022-08-16,0.4741722948702058,2.117831445953897,2.782,,3.25,3.32,0.057,-0.09
2022-08-17,0.6364130651496627,2.340769094232839,2.836,,3.28,3.4,0.139,-0.09
2022-08-18,0.667685743619475,2.363502274402075,2.883,,3.22,3.38,0.224,-0.086
2022-08-19,0.7322906271220644,2.4527298920241725,2.939,,3.25,3.42,0.268,-0.086
2022-08-22,0.7977765397950236,2.539531770003633,3.041,,3.32,3.48,0.266,-0.081
2022-08-23,0.824596071427095,2.6235324900223675,3.114,,3.29,3.48,0.391,-0.086
2022-08-24,0.8442686900836867,2.855443205886096,3.089,,3.36,3.51,0.377,-0.086
2022-08-25,0.7731331466604079,2.73975640461838,3.121,,3.35,3.5,0.392,-0.087
2022-08-26,0.8822836426417826,2.758863368725401,3.041,,3.37,3.54,0.422,-0.087
2022-08-29,0.9687377921993434,,3.18,,3.42,3.59,0.569,-0.079
2022-08-30,0.9910933484952588,2.8809836258182524,3.091,,3.46,3.63,0.497,-0.09
2022-08-31,1.0755895221438925,2.9716011868468373,3.062,,3.45,3.64,0.557,-0.085
2022-09-01,1.071420116302356,3.0431622955183824,3.135,,3.51,3.66,0.62,-0.08
2022-09-02,0.978366094840494,3.025671318988866,3.108,,3.4,3.58,0.585,-0.085
2022-09-05,1.006273521657424,3.1170575803409966,3.103,,,,0.597,-0.085
2022-09-06,1.001828262410104,3.0871817612671575,3.096,,3.5,3.6,0.601,-0.081
2022-09-07,0.8827529867824424,2.958175864276944,3.134,,3.45,3.6,0.573,-0.081
2022-09-08,1.0085898110864164,3.0356899170202394,2.988,,3.48,3.66,0.553,-0.081
2022-09-09,1.1944739168797565,3.0401923167135334,3.013,,3.56,3.61,0.746,-0.081
2022-09-12,1.2029409655619787,2.9826392308333087,3.084,,3.58,3.61,0.732,-0.076
2022-09-13,1.2885520518595577,3.0807059412937448,3.035,,3.75,3.72,0.777,-0.076
2022-09-14,1.3030152924592215,3.0550088725168627,3.134,,3.78,3.75,0.888,-0.076
2022-09-15,1.3754707982924606,3.0802377485249925,3.215,,3.87,3.82,0.909,-0.076
2022-09-16,1.4520247492905076,3.1337070392499458,3.295,,3.85,3.79,0.942,-0.071
2022-09-19,1.4609124317361897,,3.257,,3.95,3.8,0.882,
2022-09-20,1.6138090171454076,3.2962235652691727,3.218,,3.96,3.76,1.002,-0.07
2022-09-21,1.62103824867088,3.3773029189936445,3.218,,4.02,3.77,0.967,-0.055
2022-09-22,1.747941824640474,3.517354476730853,,,4.11,3.78,1.022,-0.066
2022-09-23,1.8146768785320344,3.9700840553554775,3.477,,4.2,3.77,0.905,
2022-09-26,1.868977705683478,4.411440377851073,3.614,,4.27,3.83,0.95,-0.056
2022-09-27,1.8867192043588563,4.532578529357137,3.575,,4.3,3.89,0.897,-0.045
2022-09-28,1.778489176985148,4.281449733627421,3.572,,4.07,3.75,0.853,-0.04
2022-09-29,1.7967836028619484,4.362985439037215,3.484,,4.16,3.79,0.695,-0.05
2022-09-30,1.6662186292632288,4.323497968477215,3.422,,4.22,,0.629,-0.05
2022-10-03,1.6021755567912894,4.107242893465295,,,4.12,3.76,0.634,-0.055
2022-10-04,1.4885984061504232,3.9963556487388225,3.114,,4.1,3.74,0.368,-0.06
2022-10-05,1.55954502423572,4.087090117463959,3.064,,4.15,3.85,0.432,-0.065
2022-10-06,1.7044343200207606,4.211603071254537,3.18,,4.23,3.99,0.549,-0.07
2022-10-07,1.795358400889012,4.235440689336855,3.228,,4.3,4.05,0.596,-0.065
2022-10-10,1.7649356967305192,4.450279711366927,3.228,,,,0.602,
2022-10-11,1.8418460361551312,4.311400543071222,3.337,,4.3,4.1,0.674,-0.054
2022-10-12,1.808553386016209,4.146734244100062,3.265,,4.28,4.04,0.676,-0.054
2022-10-13,1.8664951735060964,3.931465481574244,3.258,,4.47,4.11,0.547,-0.05
2022-10-14,1.8322400829438272,3.9532500287311243,3.349,,4.48,4.14,0.534,-0.05
2022-10-17,1.8506720095265785,3.6226474852872435,3.351,,4.45,4.11,0.528,-0.05
2022-10-18,1.9037067953834337,3.549808191410908,3.294,,4.43,4.02,0.514,-0.05
2022-10-19,2.038661790069524,3.5224461384490464,3.366,,4.55,4.18,0.556,-0.034
2022-10-20,2.095670331544454,3.54895736311333,3.488,,4.62,4.28,0.65,-0.021
2022-10-21,2.058615316587561,3.7627015070655965,3.617,,4.49,4.16,0.641,-0.003
2022-10-24,1.992367967609861,3.4584530832692604,3.488,,4.5,4.15,0.54,0.001
2022-10-25,1.9410446671701629,3.3932686461024626,3.442,,4.42,4.15,0.543,-0.008
2022-10-26,1.940309370631436,3.3340793068230417,3.365,,4.39,3.87,0.518,-0.019
2022-10-27,1.8644542593872964,3.2084509903038945,3.284,,4.3,3.82,0.586,-0.044
2022-10-28,1.8698075731858244,3.2378945933218937,3.198,,4.41,3.84,0.463,-0.049
2022-10-31,1.9202924618193091,3.3360435537577295,3.22,,4.51,3.92,0.533,-0.045
2022-11-01,1.8869579955011613,3.195352230897418,3.183,,4.54,3.91,0.525,-0.045
2022-11-02,1.8972637618865544,3.0821765901785896,3.265,,4.61,3.94,0.54,-0.04
2022-11-03,1.9661528533413088,3.0903806254703077,3.37,,4.71,4.05,0.571,
2022-11-04,2.0325129604837144,3.096973409209338,3.261,,4.66,4.13,0.544,-0.04
2022-11-07,2.103372136231835,3.2400157927825317,3.271,,4.72,4.18,0.559,-0.04
2022-11-08,2.130112955056374,3.267530925523733,3.398,,4.67,4.15,0.528,-0.04
2022-11-09,2.130112955056365,3.2409172904880648,3.298,,4.61,4.1,0.559,-0.05
2022-11-10,1.972352941690963,3.099455538425132,3.158,,4.34,3.83,0.597,-0.05
2022-11-11,2.1101425624250028,3.1713893221305205,3.08,,,,0.591,-0.056
2022-11-14,2.087091098942852,3.163948782500718,3.171,,4.4,3.87,0.693,-0.05
2022-11-15,2.1014146577584576,3.1361916514775565,3.19,,4.37,3.86,0.782,-0.047
2022-11-16,2.084008661499306,3.028566913605404,3.162,,4.35,3.84,0.744,-0.042
2022-11-17,2.0612989488610167,3.115554939346452,3.102,,4.43,3.93,0.76,-0.041
2022-11-18,2.018950084966263,3.185330248479945,3.118,,4.51,3.97,0.758,-0.019
2022-11-21,2.0047775559055783,3.1884108932853152,3.104,,4.48,3.93,0.776,-0.014
2022-11-22,2.0457049057857546,3.148861088666795,3.132,,4.47,3.93,0.762,-0.019
2022-11-23,2.0584494834149383,3.12356473019886,3.195,,4.46,3.92,0.765,
2022-11-24,2.004722711900357,3.164424323970304,3.169,,,3.88,0.762,-0.024
2022-11-25,2.0954918863775633,3.2648511396897626,3.204,,4.42,3.88,0.847,-0.018
2022-11-28,2.078470592703055,3.244968987469506,3.137,,4.46,3.91,0.878,-0.019
2022-11-29,2.000685294735888,3.212305905517337,3.175,,4.48,3.95,0.841,-0.03
2022-11-30,2.0378229449647427,3.280354316953793,3.107,,4.38,3.89,0.892,-0.03
2022-12-01,1.922140242759317,3.2555082586331716,3.024,,4.25,3.79,0.848,-0.03
2022-12-02,1.957771136629288,3.328231204308813,2.96,,4.28,3.76,0.827,-0.025
2022-12-05,1.990850016047067,3.2918860000634793,2.956,,4.41,3.81,0.868,-0.02
2022-12-06,1.9406936410728113,3.258969051743868,3.013,,4.34,3.78,0.847,-0.01
2022-12-07,1.9062551009806157,3.2411360807960437,2.998,,4.26,3.78,0.863,-0.009
2022-12-08,1.929789257221064,3.274138914347308,2.982,,4.31,3.81,0.887,-0.009
2022-12-09,2.031453341217061,3.3508465802063383,2.935,,4.33,3.85,0.889,-0.015
2022-12-12,2.035024669781803,3.422489863000258,2.971,,4.39,3.87,0.886,-0.014
2022-12-13,1.9767289639652827,3.438496442443147,3.011,,4.22,3.76,0.963,-0.015
2022-12-14,1.9879907657421152,3.4013444485243856,2.963,,4.23,3.72,0.902,-0.015
2022-12-15,2.15306390863348,3.3180889991380607,3.067,,4.23,3.68,0.935,-0.015
2022-12-16,2.353045986264086,3.44274823126543,3.057,,4.17,3.66,1.025,-0.019
2022-12-19,2.3176650153673837,3.5557628568522848,3.11,,4.25,3.67,1.009,-0.009
2022-12-20,2.384269099925167,3.639167005537378,3.223,,4.25,3.71,1.042,0.011
2022-12-21,2.3820105554882285,3.6038576096045785,3.148,,4.21,3.72,1.116,-0.009
2022-12-22,2.4496776493245087,3.599101091500541,3.213,,4.24,3.82,1.202,0.002
2022-12-23,2.4879402870114675,3.62413345310755,3.263,,4.31,3.93,1.235,0.014
2022-12-26,,,,,,,,0.033
2022-12-27,2.4920564331104176,,,,4.32,,1.285,0.038
2022-12-28,2.4961170374074646,3.623707618140333,3.429,,4.31,4.02,1.314,0.039
2022-12-29,2.511002322187056,3.6163852672382117,3.422,,4.34,4.01,1.215,0.039
2022-12-30,2.565336451215762,3.578744492962955,3.42,,4.41,4.06,1.245,0.03
2023-01-02,2.5829542998750057,,,,,,,
2023-01-03,2.546283778786453,3.5788823422913154,3.397,,4.4,4.02,1.197,
2023-01-04,2.483008964506129,3.455951835148447,3.357,,4.36,3.99,1.094,0.025
2023-01-05,2.5383481512088126,3.5111180888567204,3.363,,4.45,4.03,1.184,0.015
2023-01-06,2.51956357950473,3.40964209074391,3.389,,4.24,3.97,1.209,0.011
2023-01-09,2.4683140364569285,3.4288598263865446,3.266,,4.19,3.93,1.154,
2023-01-10,2.516520986693499,3.4335225384845582,3.257,,4.24,3.93,1.149,0.026
2023-01-11,2.490685499222022,3.3985424726846984,3.263,,4.2,3.87,1.094,0.026
2023-01-12,2.4353470700411144,3.327000540162846,3.132,,4.12,3.79,1.038,0.041
2023-01-13,2.417843795472366,3.3581775284352147,3.128,,4.22,3.67,0.957,0.032
2023-01-16,2.433451054475837,3.392696531952158,3.142,,,3.57,1.022,0.032
2023-01-17,2.418051341047806,3.3646305591199335,3.134,,4.18,3.56,1.008,0.041
2023-01-18,2.284162711099747,3.3557135556321005,3.083,,4.06,3.47,0.958,0.006
2023-01-19,2.3732918577247273,3.3705764365807314,2.893,,4.09,3.51,0.94,-0.001
2023-01-20,2.4418335055022475,3.3475304689496483,2.93,,4.14,3.59,1.001,-0.004
2023-01-23,2.4509491157903196,3.340921647036621,2.97,,4.21,3.66,0.998,-0.015
2023-01-24,2.468910902801844,3.260323785188689,2.972,,4.12,3.64,1.007,-0.005
2023-01-25,2.383698149213637,3.255177119222684,3.081,,4.11,3.56,0.952,-0.01
2023-01-26,2.4300652628996877,3.283036411587527,,,4.17,3.62,0.978,-0.009
2023-01-27,2.471055684076287,3.3051708261710213,3.145,,4.19,3.68,0.995,0.001
2023-01-30,2.543510404967572,3.2899475228070907,3.12,,4.25,3.74,1.025,-0.004
2023-01-31,2.5071773696943893,3.2922113466579472,3.105,,4.21,3.76,0.996,-0.01
2023-02-01,2.523092110729766,3.2851358620961135,3.123,,4.09,3.66,0.992,-0.02
2023-02-02,2.4115555678889424,2.9912535489256307,3.07,,4.09,3.66,1.0,-0.02
2023-02-03,2.4148278319108263,3.043977352442583,2.944,,4.3,3.81,0.959,-0.03
2023-02-06,2.4683538902568105,3.2319751057896813,3.025,,4.44,3.94,1.033,-0.025
2023-02-07,2.4972408966526087,3.2796155198221544,3.179,,4.47,3.96,1.099,-0.029
2023-02-08,2.5893589029066173,3.2588149610410637,3.204,,4.45,3.92,1.078,-0.029
2023-02-09,2.5508368316472145,3.306803248819435,3.273,,4.48,3.98,1.046,-0.035
2023-02-10,2.6244977897457047,3.4177227174672824,3.353,,4.5,4.09,1.083,-0.045
2023-02-13,2.675666502704129,3.448105852850223,3.406,,4.52,4.07,1.1,-0.055
2023-02-14,2.7505892299672565,3.595474962879297,3.402,,4.6,4.19,1.1,-0.056
2023-02-15,2.7467068493087465,3.516622265013141,3.407,,4.62,4.17,1.107,-0.051
2023-02-16,2.7819962242555727,3.5347288703225512,3.402,,4.62,4.14,1.098,-0.047
2023-02-17,2.753165841778893,3.556304962796481,3.452,,4.6,4.15,1.177,-0.047
2023-02-20,2.756359997525653,3.50174921649017,3.493,,,,1.152,-0.043
2023-02-21,2.8502222654765177,3.670522089318816,3.52,,4.67,4.23,1.236,-0.029
2023-02-22,2.8201186090686052,3.661462834938483,3.539,,4.66,4.2,1.185,-0.029
2023-02-23,2.812225332855386,3.6805421140797323,3.56,,4.66,4.2,1.142,
2023-02-24,2.9392259172414485,3.768189351794151,3.534,,4.78,4.28,1.24,-0.029
2023-02-27,2.955940428720977,3.823507317422022,3.602,,4.78,4.26,1.183,-0.028
2023-02-28,3.0819028976254854,3.858901380279698,3.558,,4.81,4.21,1.245,-0.026
2023-03-01,3.107496639510386,3.859020162121661,3.469,,4.89,4.27,1.275,-0.035
2023-03-02,3.092462369186412,3.8686373131386986,3.528,,4.89,4.3,1.332,-0.035
2023-03-03,3.1235908566897423,3.8945789874381957,3.563,,4.86,4.22,1.375,-0.04
2023-03-06,3.21255737471705,3.925477387918039,3.477,,4.89,4.25,1.433,-0.039
2023-03-07,3.165240311941172,3.9649995057739202,3.346,,5.0,4.32,1.572,-0.039
2023-03-08,3.1939231086350777,3.942003465162905,3.435,,5.05,4.29,1.638,-0.04
2023-03-09,3.1669737211522246,3.977303241885037,3.407,,4.9,4.15,1.532,-0.019
2023-03-10,2.9391974219533576,3.777544145116517,3.307,,4.6,3.97,1.475,-0.03
2023-03-13,2.582924545124204,3.555148348484257,3.182,,4.03,3.54,1.176,-0.025
2023-03-14,2.850468326166118,3.678847265578905,3.026,,4.2,3.72,0.98,-0.04
2023-03-15,2.4157954055747446,3.4900697511958465,3.049,,3.93,3.5,1.06,-0.051
2023-03-16,2.4729174732066603,3.521675712936833,2.783,,4.14,3.73,0.817,-0.07
2023-03-17,2.369973346543386,3.398262266389635,2.95,,3.81,3.54,0.666,-0.075
2023-03-20,2.2723030397636004,3.4012166868350695,2.759,,3.92,3.62,0.511,-0.077
2023-03-21,2.455111966123495,3.4690929685938143,2.739,,4.17,3.7,0.858,
2023-03-22,2.637997598353074,3.7154881794362904,2.92,,3.96,3.49,0.943,-0.056
2023-03-23,2.4841834609511033,3.5068107998296223,2.847,,3.76,3.43,0.963,-0.063
2023-03-24,2.3040471855891553,3.437700951443385,2.783,,3.76,3.42,0.901,-0.067
2023-03-27,2.4779187277228067,3.54909559573522,2.735,,3.94,3.61,0.844,-0.067
2023-03-28,2.485753086842742,3.5926275559629324,2.846,,4.02,3.69,0.944,-0.059
2023-03-29,2.54143094329267,3.6254117015218976,2.842,,4.08,3.75,1.059,-0.07
2023-03-30,2.665786479413865,3.6889256508621244,2.921,,4.1,3.76,0.979,-0.061
2023-03-31,2.6178698624258403,3.7106896870245896,2.866,,4.06,3.74,1.059,-0.061
2023-04-03,2.6273474139960062,3.5988661694147654,2.902,,3.97,3.65,1.099,-0.04
2023-04-04,2.6356119444608193,3.584899144108047,2.819,,3.84,3.55,1.107,-0.025
2023-04-05,2.501501831047471,3.580368203012127,2.818,,3.79,3.54,1.092,-0.03
2023-04-06,2.4693855880900273,3.60271771855699,2.741,,3.82,3.61,0.972,-0.045
2023-04-07,,,,,3.97,,,-0.06
2023-04-10,,,,,4.0,3.76,,-0.045
2023-04-11,2.621938679621374,3.7168219514268546,2.794,,4.03,3.78,1.006,-0.046
2023-04-12,2.6898515579233964,3.745725411940885,2.828,,3.95,3.78,1.103,-0.045
2023-04-13,2.6758730124022394,3.7396363365848617,2.868,,3.96,3.81,0.953,-0.05
2023-04-14,2.7721003136868423,3.8409489810047424,2.873,,4.08,3.81,0.973,-0.04
2023-04-17,2.7942991253006495,3.862807171646791,2.912,,4.18,3.88,0.966,-0.035
2023-04-18,2.8027190806913023,3.9260783374674526,3.008,,4.19,3.86,1.047,-0.04
2023-04-19,2.876840210382918,4.060058203625556,3.086,,4.24,3.88,1.02,-0.04
2023-04-20,2.8369815110996783,3.9823318715364895,3.078,,4.14,3.79,1.011,-0.04
2023-04-21,2.8448744048913435,3.989405664474806,3.029,,4.17,3.73,0.981,-0.035
2023-04-24,2.873230652667898,3.9962161139593935,3.036,,4.12,3.73,0.973,-0.038
2023-04-25,2.765111287626422,3.9203676551576874,,,3.86,3.57,1.007,-0.035
2023-04-26,2.6950072587995644,3.9080418276244013,2.861,,3.9,3.62,0.925,-0.04
2023-04-27,2.7512450355515217,3.9718455346878274,2.932,,4.07,3.73,1.004,-0.04
2023-04-28,2.6848043965691053,3.9543387886881884,2.932,,4.04,3.65,0.975,-0.045
2023-05-01,,,2.94,,4.14,3.78,,-0.045
2023-05-02,2.6927415498791043,3.9094223139259303,3.153,,3.97,3.63,0.96,-0.035
2023-05-03,2.563151661274414,3.943502149138798,3.119,,3.89,3.56,0.944,
2023-05-04,2.5553335300283497,3.8780506961015897,2.975,,3.75,3.55,1.004,
2023-05-05,2.5031414451536937,3.941495300568773,2.957,,3.92,3.7,0.913,
2023-05-08,2.5678561174972647,,3.06,,4.0,3.76,1.009,-0.035
2023-05-09,2.572856405963255,4.010245661406737,3.093,,4.01,3.77,0.918,-0.03
2023-05-10,2.51295480231844,3.9854976996592337,3.129,,3.9,3.68,0.936,-0.04
2023-05-11,2.46253122937565,3.9054611303393516,3.072,,3.89,3.65,0.849,-0.045
2023-05-12,2.515572701659631,3.9562843167662294,3.033,,3.98,3.73,0.895,-0.055
2023-05-15,2.5446029134814303,3.9888084507081203,3.137,,3.99,3.8,0.863,-0.049
2023-05-16,2.561432719568333,3.973401174847076,3.146,,4.06,3.95,0.868,-0.054
2023-05-17,2.6000707891195223,4.0112129125765525,3.169,,4.12,4.04,0.843,-0.066
2023-05-18,2.67928689239477,4.113918707698913,3.268,,4.24,4.08,,-0.061
2023-05-19,2.7471737737,4.125978268670219,3.374,,4.28,3.99,0.894,-0.061
2023-05-22,2.7279288532,4.192448896455644,3.365,,4.29,,0.875,-0.066
2023-05-23,2.7872740983,4.292463413005343,3.425,,4.26,4.11,0.943,-0.061
2023-05-24,2.7467516756,4.488243318217892,3.386,,4.31,4.16,0.955,-0.066
2023-05-25,2.8093492376,4.668692090934248,3.481,,4.5,4.23,0.955,-0.066
2023-05-26,2.8494210987,4.646479398687512,3.51,,4.54,4.3,1.013,-0.066
2023-05-29,2.8356765135,,3.5,,,4.32,,-0.061
2023-05-30,2.7775186808,4.575932158745486,3.495,,4.46,4.24,0.952,-0.055
2023-05-31,2.6441031237,4.468054744915945,3.449,,4.4,4.22,0.892,-0.06
2023-06-01,2.621862071,4.4373338849755735,3.48,,4.33,4.2,0.912,-0.065
2023-06-02,2.7101764811,4.493239338782719,3.557,,4.5,4.29,0.873,-0.075
2023-06-05,2.8103150572,4.583932788646289,3.671,,4.46,4.33,0.954,-0.065
2023-06-06,2.7772506474,4.610963649986067,3.757,,4.51,4.38,0.938,-0.065
2023-06-07,2.814904492,4.673194612337264,3.803,,4.56,4.6,0.96,-0.06
2023-06-08,2.8156737674,4.641349435318895,3.959,,4.52,4.53,0.961,-0.06
2023-06-09,2.851706748,4.650003575085048,3.926,,4.59,4.49,1.046,-0.065
2023-06-12,2.8282479493,4.740670231453976,,,4.55,4.45,1.079,-0.07
2023-06-13,2.879761289,4.971436861014941,3.93,,4.67,4.56,1.063,-0.075
2023-06-14,2.9274793648,4.916545867803761,4.001,,4.74,4.55,1.18,-0.071
2023-06-15,2.9810342345,4.961667936237166,4.105,,4.62,4.49,1.213,-0.064
2023-06-16,3.0461809705,4.980776507930983,4.123,,4.7,4.56,1.29,-0.065
2023-06-19,3.0491716145,5.111089289195714,4.103,,,4.62,1.286,-0.066
2023-06-20,3.0586385717,4.972557102592852,4.082,,4.68,4.58,1.274,-0.066
2023-06-21,3.0874790329,5.07383553421333,4.043,,4.68,4.63,1.263,-0.069
2023-06-22,3.1331520191,5.099979539310046,4.074,,4.77,4.74,1.198,-0.071
2023-06-23,3.0262011384,5.176108777484108,4.13,,4.71,4.66,1.168,-0.074
2023-06-26,3.0240954207,5.160656530548153,4.053,,4.65,4.61,1.124,-0.077
2023-06-27,3.0181871169,5.283130239309557,4.032,,4.74,4.59,1.142,-0.074
2023-06-28,3.0438746421,5.167493255257013,3.97,,4.71,4.52,1.216,-0.064
2023-06-29,3.0941406989,5.2093376715052555,4.024,,4.87,4.66,1.229,-0.07
2023-06-30,3.1194082381,5.262085797703536,4.146,,4.87,4.58,1.26,-0.075
2023-07-03,3.1278154899,5.313512807411182,4.088,,4.94,,1.237,-0.065
2023-07-04,3.1379404893,5.282398357419672,4.11,,,4.63,1.235,-0.07
2023-07-05,3.1022951761,5.337830503007388,4.115,,4.94,4.68,1.193,-0.07
2023-07-06,3.2281563247,5.454428735776583,4.242,,4.99,4.75,1.23,-0.06
2023-07-07,3.1791189338,5.353967564593541,4.355,,4.94,4.79,1.29,-0.039
2023-07-10,3.1796892627,5.330654017963857,4.332,,4.85,4.74,1.308,-0.029
2023-07-11,3.2061389059,5.357673132365195,4.229,,4.88,4.8,1.29,-0.039
2023-07-12,3.1939926581,5.197800414882576,4.171,,4.72,4.66,1.292,-0.034
2023-07-13,3.0970746443,5.119208451055069,4.058,,4.59,4.57,1.194,-0.034
2023-07-14,3.0844499382,5.1360571536783635,4.003,,4.74,4.64,1.229,-0.038
2023-07-17,3.1144875226,5.119654692971029,4.011,,4.74,4.67,1.199,
2023-07-18,2.9994428532,5.027790646995836,3.98,,4.74,4.64,1.146,-0.033
2023-07-19,3.0135869229,4.816861264457717,3.891,,4.74,4.63,1.108,-0.037
2023-07-20,3.1096135054,4.914247276854982,4.005,,4.8,4.62,1.17,-0.037
2023-07-21,3.0692936148,4.874426228482225,4.035,,4.82,4.58,1.226,-0.026
2023-07-24,3.0134729353,4.859431751041646,4.008,,4.81,4.68,1.18,-0.036
2023-07-25,3.0261300338,4.9033382569256,4.05,,4.85,4.72,1.158,-0.038
2023-07-26,3.1032051396,4.974748593861377,3.981,,4.82,4.65,1.197,-0.038
2023-07-27,3.0132001128,4.9575565096813525,3.904,,4.91,4.77,1.255,-0.04
2023-07-28,3.0319643724,4.914911472880124,3.969,,4.87,4.68,1.223,-0.015
2023-07-31,3.0155475324,4.9053706482452455,3.973,,4.88,4.67,1.222,0.0
2023-08-01,3.0373738202,4.971441694621335,3.85,,4.92,4.72,,0.0
2023-08-02,2.9597561893,4.922371582229243,3.84,,4.88,4.69,1.2,0.01
2023-08-03,2.9364916411,4.88764757518689,3.856,,4.9,4.72,1.139,0.02
2023-08-04,2.9998271575,4.82405136372463,3.942,,4.78,4.57,1.182,0.021
2023-08-07,2.9500983445,4.868255514271507,3.89,,4.76,,1.17,0.017
2023-08-08,2.8769242493,4.867089006187686,3.809,,4.74,4.53,1.131,0.012
2023-08-09,2.9263636467,4.868401446684613,3.808,,4.79,4.59,1.106,0.006
2023-08-10,2.9381063931,4.8367208246514855,3.849,,4.82,4.63,1.132,0.012
2023-08-11,2.968814151,4.960702930235167,3.889,,4.89,4.67,1.139,
2023-08-14,3.0002788884,5.000714771920307,3.963,,4.96,4.72,1.178,0.017
2023-08-15,3.0593355164,5.057206617360619,4.007,,4.92,4.78,1.194,0.016
2023-08-16,3.0305812298,5.085511155908072,3.962,,4.97,4.8,1.1,0.017
2023-08-17,3.0497014785,5.173226110392651,4.011,,4.94,4.78,1.114,0.028
2023-08-18,2.963525779,5.127419507368793,3.936,,4.92,4.76,1.141,0.022
2023-08-21,3.0394879713,5.162950117002492,3.941,,4.97,4.79,1.084,0.029
2023-08-22,3.0446173245,5.099766198364634,3.939,,5.02,4.83,1.118,0.025
2023-08-23,2.934804265,4.9094227107564805,3.896,,4.95,4.7,1.064,0.024
2023-08-24,2.9513054486,4.903182461470667,3.843,,4.98,4.76,1.089,0.01
2023-08-25,2.9918215004,4.961289036637754,3.893,,5.03,4.78,1.09,0.01
2023-08-28,3.0095787621,,3.919,,4.98,4.78,1.115,0.011
2023-08-29,3.0461419089,4.918524622612656,3.909,,4.87,4.68,1.102,0.019
2023-08-30,3.0078964075,4.885470496336804,3.864,,4.9,4.65,1.077,0.029
2023-08-31,2.9548772685,4.803940935833786,3.821,,4.85,4.64,1.082,0.025
2023-09-01,2.9158876556,4.813279567762296,3.81,,4.87,4.55,1.095,0.02
2023-09-04,2.96216615,4.863395642416121,3.85,,,,1.032,0.016
2023-09-05,2.9756205578,4.913410675583743,3.851,,4.94,4.66,1.09,0.016
2023-09-06,3.0172667986,4.9083740748482105,3.84,,5.01,4.68,1.038,0.017
2023-09-07,3.0539134053,4.824757229545148,3.883,,4.94,4.62,1.088,0.012
2023-09-08,3.0298050404,4.741111542286264,3.836,,4.98,4.66,1.11,0.007
2023-09-11,3.0247079348,4.790028147125246,3.873,,4.97,4.67,1.107,0.043
2023-09-12,3.0456917307,4.734822663114549,3.876,,4.98,4.7,1.201,0.033
2023-09-13,3.0857729928,4.679573262674899,3.883,,4.96,4.69,1.265,0.028
2023-09-14,3.0858386268,4.626450117852949,3.874,,5.0,4.69,1.26,0.029
2023-09-15,3.1408985551,4.684064314998125,3.869,,5.02,4.73,1.198,0.03
2023-09-18,3.1933303353,4.724497123568354,3.935,,5.05,4.77,1.262,
2023-09-19,3.2157679102,4.688701292022343,3.92,,5.08,4.91,1.249,0.035
2023-09-20,3.1974932651,4.542034436027016,3.973,,5.12,4.95,1.299,0.026
2023-09-21,3.2096075111,4.531879871652737,4.069,,5.12,4.95,1.198,0.035
2023-09-22,3.1857524853,4.496130555854679,4.059,,5.1,4.92,1.145,0.035
2023-09-25,3.1999134289,4.5036084408498125,4.034,,5.09,4.94,1.183,0.033
2023-09-26,3.1883778339,4.4959928634347275,4.076,,5.04,4.93,1.158,0.034
2023-09-27,3.1735727157,4.561314004078695,4.047,,5.1,4.96,1.117,0.034
2023-09-28,3.2565522841,4.692333075212864,4.104,,5.04,4.91,1.114,0.044
2023-09-29,3.1572218833,4.587340472897246,4.083,,5.03,4.87,1.162,0.044
2023-10-02,3.1711296866,4.665290558553808,,,5.12,,1.25,0.055
2023-10-03,3.1649616523,4.683295534271071,4.099,,5.15,4.97,1.182,0.051
2023-10-04,3.1955840764,4.670321124703211,4.144,,5.05,4.9,1.18,0.061
2023-10-05,3.1187784649,4.592017574713183,4.06,,5.03,4.79,1.179,0.061
2023-10-06,3.1028853198,4.612610700547498,4.023,,5.08,4.85,1.206,0.061
2023-10-09,3.0521526217,4.552445598593055,3.982,,,,1.151,
2023-10-10,3.0514113255,4.514298159000277,3.954,,4.96,4.72,1.155,0.058
2023-10-11,3.0614074113,4.499467635776798,4.006,,4.99,4.75,1.149,0.058
2023-10-12,3.0935073995,4.569204523856891,3.996,,5.06,4.82,1.216,0.047
2023-10-13,3.0527420436,4.572488063670586,4.049,,5.04,4.85,1.134,0.044
2023-10-16,3.08895947,4.627266076713771,4.054,,5.09,4.89,1.198,0.043
2023-10-17,3.1621624987,4.61700997098065,4.187,,5.19,4.89,1.172,0.059
2023-10-18,3.1703723649,4.7402694555258815,4.275,,5.19,4.9,1.192,0.07
2023-10-19,3.200917778,4.732323711424017,4.316,,5.14,4.88,1.27,0.081
2023-10-20,3.1165339022,4.639519277415551,4.291,,5.07,4.79,1.139,0.075
2023-10-23,3.1484631297,4.60727165065198,4.293,,5.05,4.72,1.172,0.087
2023-10-24,3.0950318402,4.566218085198287,4.225,,5.02,4.7,1.198,0.082
2023-10-25,3.1016687815,4.606654442420264,4.345,,5.08,4.73,1.171,0.077
2023-10-26,3.0572836914,4.576607034769417,4.405,,5.02,4.64,1.194,0.093
2023-10-27,3.0392520295,4.509490266820029,4.386,,4.99,4.58,1.073,0.094
2023-10-30,3.0290351186,4.540809918510917,4.439,,5.03,4.65,1.144,0.119
2023-10-31,2.9879266452,4.532510499366115,4.468,,5.07,4.63,1.15,0.149
2023-11-01,2.9764181668,4.5337328468926135,4.467,,4.95,4.53,1.195,0.155
2023-11-02,2.9532301252,4.486335250359683,4.371,,4.98,4.55,1.163,0.135
2023-11-03,2.9533432273,4.433119875898452,4.35,,4.83,4.38,1.189,
2023-11-06,3.0049265289,4.46534490725858,4.342,,4.93,4.45,1.233,0.127
2023-11-07,3.0134784955,4.401806845138945,4.308,,4.91,4.44,1.171,0.127
2023-11-08,2.9855487514,4.392525465091412,4.228,,4.93,4.47,1.241,0.117
2023-11-09,3.0000366509,4.396952977969784,4.23,,5.03,4.57,1.243,0.107
2023-11-10,3.0472267959,4.438208917122206,4.3,,5.04,4.56,1.205,0.108
2023-11-13,3.0713345527,4.455159504094199,4.346,,5.02,,1.271,0.103
2023-11-14,3.0162404941,4.339739267912644,4.347,,4.8,4.39,1.254,0.093
2023-11-15,2.9767360733,4.362250142295569,4.241,,4.9,4.51,1.212,0.069
2023-11-16,2.9380674081,4.282632130483644,4.234,,4.83,4.45,1.244,0.057
2023-11-17,2.9253266084,4.320507346343815,4.16,,4.88,4.47,1.212,0.046
2023-11-20,2.9716816978,4.306263577095371,4.189,,4.89,4.41,1.228,0.046
2023-11-21,2.9623133778,4.326650355571661,4.159,,4.86,4.39,1.225,0.036
2023-11-22,2.9477727578,4.396273405866941,4.152,,4.89,4.4,1.226,0.052
2023-11-23,2.9941343536,4.48894054072852,4.207,,,4.43,1.25,
2023-11-24,3.0207169197,4.505723172451578,4.25,,4.92,4.45,1.285,0.068
2023-11-27,2.9748875466,4.428881790227973,4.274,,4.84,4.4,1.261,0.068
2023-11-28,2.9113210465,4.395174802219037,4.227,,4.73,4.29,1.217,0.065
2023-11-29,2.7922998704,4.319554590672241,4.096,,4.64,4.17,1.19,0.048
2023-11-30,2.8061242815,4.374739339198896,4.103,,4.73,4.2,1.152,0.049
2023-12-01,2.7018369649,4.32098255899835,4.153,,4.56,4.07,1.101,0.04
2023-12-04,2.6382268674,4.368414541344804,4.112,,4.64,4.12,0.935,0.031
2023-12-05,2.6304272202,4.265150066949776,4.073,,4.57,4.07,0.991,0.036
2023-12-06,2.6400281518,4.26225884567031,3.974,,4.6,4.07,1.018,0.036
2023-12-07,2.6109618289,4.282113301097336,4.01,,4.58,4.05,0.985,0.087
2023-12-08,2.6870166383,4.32634226088289,3.99,,4.71,4.15,1.049,0.092
2023-12-11,2.6808021842,4.385178003707878,4.034,,4.71,4.19,1.033,0.088
2023-12-12,2.6846527347,4.298474370018625,4.023,,4.73,4.22,1.032,0.067
2023-12-13,2.6676521659,4.158435968242707,4.019,,4.46,3.97,1.023,0.048
2023-12-14,2.5793904722,4.094646896112925,3.844,,4.37,3.91,0.912,0.057
2023-12-15,2.5667243104,4.054313087283246,3.868,,4.44,3.94,0.931,0.087
2023-12-18,2.5722233274,4.069302255006138,3.789,,4.43,3.99,0.904,0.079
2023-12-19,2.5350216439,4.015122940635866,3.838,,4.41,3.99,0.959,0.068
2023-12-20,2.5144620976,3.859961931415154,3.784,,4.34,3.91,0.953,0.033
2023-12-21,2.4790505151,3.813345397937122,3.746,,4.33,3.94,1.001,0.037
2023-12-22,2.4243853894,3.7743417515363267,3.737,,4.31,3.99,0.999,0.046
2023-12-25,,,,,,,,0.038
2023-12-26,,,,,4.26,,,0.065
2023-12-27,2.424210111,3.7286775761869477,3.693,,4.2,3.91,0.986,0.05
2023-12-28,2.4143239472,3.7320913852744395,3.652,,4.26,3.92,0.976,0.037
2023-12-29,2.4363455063,3.725379885072095,3.691,,4.23,3.88,0.992,0.048
2024-01-02,2.4381982119,3.7987541387695445,3.724,,4.33,3.96,,
2024-01-03,2.4464644861,3.871364799847038,3.795,,4.33,3.96,1.024,
2024-01-04,2.4951679082,3.9205939332465864,3.793,,4.38,4.04,1.038,0.05
2024-01-05,2.57754173,3.9573301528619944,3.854,,4.4,4.06,1.137,0.035
2024-01-08,2.5624614331,3.971632817988211,3.892,,4.36,4.03,1.108,
2024-01-09,2.5599655325,3.9771508854101736,3.828,,4.36,4.01,1.107,0.025
2024-01-10,2.5780494152,3.9670565486725873,3.838,,4.37,4.04,1.099,0.025
2024-01-11,2.5647437386,3.992102969593605,3.829,,4.26,3.99,1.107,0.015
2024-01-12,2.5251907164,3.9104363417926913,3.775,,4.14,3.79,1.029,0.005
2024-01-15,2.5544563312,3.9150157618705035,3.755,,,3.79,1.022,-0.001
2024-01-16,2.5579114471,3.9226812287345023,3.814,,4.22,3.91,1.018,0.02
2024-01-17,2.6661449844,4.120489636957421,3.862,,4.34,4.04,1.024,0.025
2024-01-18,2.6768131019,4.067845698412718,3.915,,4.34,4.05,1.054,0.036
2024-01-19,2.6601461212,4.06218779478533,3.93,,4.39,4.09,1.011,0.031
2024-01-22,2.6444992404,4.063493102209604,3.905,,4.37,4.07,1.025,0.025
2024-01-23,2.6721226703,4.151364183809893,3.862,,4.31,4.06,1.039,0.025
2024-01-24,2.663037387,4.184301944233266,3.873,,4.34,4.02,1.036,0.07
2024-01-25,2.5950024031,4.1458407355828415,3.874,,4.28,4.01,1.092,0.067
2024-01-26,2.5873884106,4.124117110274537,,,4.34,4.06,1.01,0.052
2024-01-29,2.530533517,4.073312875102245,3.822,,4.29,4.02,0.977,0.063
2024-01-30,2.5229616619,4.122974036342788,3.791,,4.36,4.04,0.94,0.074
2024-01-31,2.4737329487,3.992645440774381,3.642,,4.27,4.0,0.983,0.094
2024-02-01,2.4718578156,3.9628490987677227,3.646,,4.2,3.93,0.964,0.085
2024-02-02,2.5665608501,4.165950259877213,3.628,,4.36,4.06,0.944,0.1
2024-02-05,2.6225322873,4.278419433823675,3.744,,4.46,4.15,0.965,0.111
2024-02-06,2.6304437348,4.1995291560941235,3.763,,4.39,4.07,1.076,0.106
2024-02-07,2.6142635533,4.194724292601866,3.719,,4.41,4.12,1.059,0.101
2024-02-08,2.6703657991,4.2787750933585,3.738,,4.46,4.19,1.075,0.101
2024-02-09,2.7200920439,4.338985257039283,3.763,,4.48,4.2,1.111,0.116
2024-02-12,2.7150454203,4.3034541499164565,3.82,,4.46,4.24,1.104,
2024-02-13,2.7570764919,4.414477875017289,3.828,,4.64,4.35,1.006,0.128
2024-02-14,2.7822301815,4.315221165455856,3.913,,4.56,4.25,0.952,0.143
2024-02-15,2.7610694685,4.302245031535264,3.784,,4.56,4.24,1.016,0.137
2024-02-16,2.8339608318,4.362561281465798,3.833,,4.64,4.29,0.997,0.143
2024-02-19,2.836763829,4.361358912883091,3.814,,,,1.027,0.15
2024-02-20,2.7955100414,4.29262432537333,3.802,,4.59,4.16,1.012,0.151
2024-02-21,2.8245174859,4.33927803496497,3.78,,4.64,4.18,1.015,0.155
2024-02-22,2.8704212885,4.325822132078824,3.79,,4.69,4.22,1.045,0.158
2024-02-23,2.8509066911,4.280386618698635,3.835,,4.67,4.17,1.045,
2024-02-26,2.9029634891,4.316834685727148,3.767,,4.69,4.2,1.025,0.159
2024-02-27,2.9063723664,4.361177775096822,3.774,,4.7,4.23,1.073,0.173
2024-02-28,2.9113834927,4.37810635857135,3.781,,4.64,4.19,1.029,0.166
2024-02-29,2.9012443273,4.324701885013255,3.754,,4.64,4.18,1.047,0.19
2024-03-01,2.8997453122,4.303675777404453,3.764,,4.54,4.1,1.017,0.18
2024-03-04,2.8804907504,4.3604229401024845,3.732,,4.61,4.13,0.973,0.176
2024-03-05,2.8523626568,4.311955974822922,3.732,,4.54,4.04,0.971,0.175
2024-03-06,2.8473304056,4.297217185091037,3.677,,4.55,4.07,0.959,0.186
2024-03-07,2.8529528524,4.328680692212066,3.696,,4.5,4.08,0.949,0.191
2024-03-08,2.7745423427,4.285108237636732,3.666,,4.48,4.03,0.961,0.202
2024-03-11,2.8039501177,4.2544521971783436,3.648,,4.51,4.06,0.957,0.202
2024-03-12,2.842023547,4.226689223365713,3.643,,4.58,4.11,0.966,0.197
2024-03-13,2.8389592329,4.271175735080711,3.706,,4.61,4.14,0.975,0.197
2024-03-14,2.8719249526,4.312233706508435,3.74,,4.68,4.22,0.969,0.198
2024-03-15,2.9044036442,4.330449632939979,3.803,,4.72,4.25,1.062,0.193
2024-03-18,2.9015674337,4.304334104672915,3.797,,4.73,4.29,1.013,0.188
2024-03-19,2.8799697964,4.262606757969433,3.738,,4.68,4.18,1.05,0.178
2024-03-20,2.8888368353,4.239111024992102,3.725,,4.59,4.12,1.017,
2024-03-21,2.8619899929,4.1806950688290785,3.778,,4.62,4.15,0.841,0.205
2024-03-22,2.8142077684,4.140088106546414,3.747,,4.59,4.1,0.864,0.206
2024-03-25,2.8436140029,4.192226617052908,3.714,,4.54,4.13,0.854,0.206
2024-03-26,2.8446520188,4.19280289322547,3.717,,4.56,4.16,0.863,0.207
2024-03-27,2.7940012216,4.167156034715345,3.697,,4.54,4.13,0.849,0.204
2024-03-28,2.7981962094,4.1695707030863485,3.666,,4.59,4.17,0.838,0.196
2024-03-29,,,,,,,,0.189
2024-04-01,,,,,4.72,4.27,,0.195
2024-04-02,2.8169937607,4.245285182922247,3.714,,4.7,4.24,0.872,0.2
2024-04-03,2.8340042643,4.236725986330031,3.772,,4.68,4.22,0.872,0.191
2024-04-04,2.8021367279,4.196220594358694,3.803,,4.65,4.19,0.86,0.196
2024-04-05,2.8304301161,4.246638827331417,3.75,,4.73,4.21,0.88,0.211
2024-04-08,2.8453378402,4.26084746127938,3.817,,4.78,4.23,0.82,0.228
2024-04-09,2.844529147,4.2226081261068105,3.788,,4.74,4.2,0.849,0.223
2024-04-10,2.890368268,4.347335227819199,3.762,,4.97,4.35,0.807,0.233
2024-04-11,2.900117997,4.428540825165194,3.888,,4.93,4.24,0.892,0.27
2024-04-12,2.8092030862,4.35966965487546,3.904,,4.88,4.17,0.859,0.281
2024-04-15,2.8315737776,4.427516511615314,3.896,,4.93,4.23,0.857,0.275
2024-04-16,2.8579131238,4.491143712171658,3.941,,4.97,4.21,0.906,0.281
2024-04-17,2.8689112024,4.499670297379918,3.993,,4.93,4.19,0.929,0.288
2024-04-18,2.8823985611,4.47768246747102,3.916,,4.98,4.24,0.851,0.278
2024-04-19,2.920971954,4.4235719495365675,3.878,,4.97,4.24,0.889,0.263
2024-04-22,2.8859431272,4.343895212701358,3.931,,4.97,4.25,0.891,0.29
2024-04-23,2.8798383983,4.394206495656066,3.894,,4.86,4.26,0.886,0.297
2024-04-24,2.9343412144,4.470738521735559,4.077,,4.89,4.27,0.875,0.298
2024-04-25,2.9873046997,4.506218554741864,,,4.96,4.34,0.862,0.298
2024-04-26,2.9516982017,4.50042561102428,4.183,,4.96,4.33,0.903,0.298
2024-04-29,2.9228527419,4.465413497431931,4.157,,4.97,4.3,0.885,
2024-04-30,2.9967567161,4.5331700187847614,4.094,,5.04,4.34,0.891,0.275
2024-05-01,,4.542361748296521,4.171,,4.96,4.3,,0.29
2024-05-02,2.9691102147,4.4654678581711975,4.121,,4.87,4.24,0.903,0.29
2024-05-03,2.9053014011,4.400496376916445,4.092,,4.81,4.16,0.945,
2024-05-06,2.909517873,,4.082,,4.82,4.15,0.899,
2024-05-07,2.8988787532,4.342803823360223,3.974,,4.82,4.15,0.902,0.282
2024-05-08,2.915182553,4.333469749150216,3.995,,4.84,4.19,0.912,0.288
2024-05-09,2.9257582575,4.297339898958672,4.038,,4.8,4.2,,0.313
2024-05-10,2.9442451164,4.3340389195019675,4.017,,4.87,4.29,0.904,0.319
2024-05-13,2.9305148009,4.339005593680408,4.018,,4.85,4.29,0.924,0.335
2024-05-14,2.9395315903,4.338067390611943,4.009,,4.81,4.27,0.942,0.346
2024-05-15,2.8943669893,4.26121854450585,4.011,,4.73,4.18,0.934,0.341
2024-05-16,2.8959022268,4.267622337612408,3.895,,4.78,4.19,0.891,0.326
2024-05-17,2.9387147944,4.324134242339451,3.9,,4.83,4.23,0.927,0.337
2024-05-20,2.9329042182,4.354004704206503,3.93,,4.82,,,0.349
2024-05-21,2.91930996,4.332091021462045,3.949,,4.82,4.16,0.913,0.349
2024-05-22,2.9535232779,4.45542060944743,3.991,,4.86,4.19,0.947,0.356
2024-05-23,3.0028329815,4.522474610570996,3.99,,4.91,4.21,1.006,0.345
2024-05-24,3.0330994089,4.510306485463113,4.038,,4.93,4.24,1.067,0.345
2024-05-27,2.9737393125,,4.018,,,4.26,1.073,0.357
2024-05-28,2.9725027088,4.50913560895069,4.012,,4.94,4.28,1.032,0.357
2024-05-29,3.0272376639,4.578423275897158,4.124,,4.96,4.31,1.024,0.387
2024-05-30,3.0169714126,4.524510314209397,4.135,,4.92,4.26,1.09,0.399
2024-05-31,3.0193484923,4.4726355399825755,4.107,,4.89,4.17,1.154,0.399
2024-06-03,2.9779859652,4.429543897276276,4.078,,4.82,4.11,1.069,0.401
2024-06-04,2.9277644372,4.422138914704502,4.03,,4.77,4.05,1.036,0.386
2024-06-05,2.935561114,4.431155851641333,3.993,,4.72,3.93,1.071,0.356
2024-06-06,2.9664368423,4.386370330330883,3.973,,4.72,3.93,1.036,0.336
2024-06-07,3.0231188867,4.4490066486078685,3.962,,4.87,3.99,0.995,0.351
2024-06-10,3.0191670638,4.4848837899269,,,4.87,3.99,1.018,0.383
2024-06-11,2.9634554635,4.432431461373172,4.039,,4.81,3.97,1.002,0.372
2024-06-12,2.9281543851,4.330332436151401,4.007,,4.75,3.91,0.981,0.343
2024-06-13,2.8987005515,4.350439071743107,3.949,,4.68,3.86,1.012,0.332
2024-06-14,2.7627458678,4.279423739748565,3.888,,4.67,3.83,0.945,0.302
2024-06-17,2.7914537869,4.3154487068564,3.865,,4.75,3.87,0.864,0.291
2024-06-18,2.7938622283,4.266048520508018,3.919,,4.69,3.82,0.927,0.288
2024-06-19,2.8108394712,4.285697612388887,3.968,,,3.85,0.906,0.286
2024-06-20,2.8161233418,4.238465346181827,3.987,,4.7,3.89,0.927,0.292
2024-06-21,2.7675013428,4.252970670079661,3.989,,4.7,3.9,0.791,0.313
2024-06-24,2.8073327872,4.271592167648983,4.006,,4.71,3.91,0.782,0.309
2024-06-25,2.7992322474,4.2700410554828645,3.997,,4.65,3.97,0.841,0.306
2024-06-26,2.8076536727,4.327835360824252,4.175,,4.71,4.04,0.782,0.312
2024-06-27,2.809586269,4.324075981524569,4.238,,4.7,4.02,0.787,0.372
2024-06-28,2.7993707466,4.329072117635262,4.145,,4.71,3.99,0.742,0.353
2024-07-01,2.8738448081,4.362691758849834,4.185,,4.77,,0.753,0.36
2024-07-02,2.8849534405,4.359908366671282,4.194,,4.74,4.05,0.786,0.365
2024-07-03,2.9017080189,4.308778730781295,4.215,,4.71,4.03,0.817,0.35
2024-07-04,2.8941333562,4.336982381693866,4.217,,,4.04,0.811,0.34
2024-07-05,2.8742369158,4.277988179561887,4.216,,4.6,3.94,0.818,0.346
2024-07-08,2.843711286,4.267358120072369,4.182,,4.62,3.93,0.812,0.362
2024-07-09,2.8615695202,4.29131948582603,4.174,,4.62,3.93,0.809,0.353
2024-07-10,2.8584445118,4.275579801859362,4.146,,4.62,3.92,0.79,0.343
2024-07-11,2.7946898478,4.216767226229316,4.175,,4.5,3.85,0.736,0.343
2024-07-12,2.8310235521,4.229851348645517,4.121,,4.45,3.82,0.738,0.333
2024-07-15,2.7754653648,4.21175088478611,4.111,,4.44,3.8,0.739,
2024-07-16,2.7614783971,4.177392284767563,4.042,,4.43,3.77,0.7,0.32
2024-07-17,2.7626279177,4.206090233063151,4.047,,4.42,3.79,0.701,0.33
2024-07-18,2.7456871835,4.160490736506344,4.065,,4.46,3.7,0.688,0.347
2024-07-19,2.7681083283,4.192847057429768,4.083,,4.49,3.72,0.677,0.352
2024-07-22,2.7666766314,4.2327021048109845,4.093,,4.5,3.74,0.726,0.348
2024-07-23,2.7539063343,4.220353644076159,4.132,,4.4,3.7,0.725,0.362
2024-07-24,2.721389585,4.167605662294445,4.121,,4.37,3.63,0.7,0.379
2024-07-25,2.7027505058,4.137120079168262,4.064,,4.41,3.63,0.619,0.403
2024-07-26,2.6906245201,4.118884770366528,4.059,,4.36,3.6,0.637,0.408
2024-07-29,2.6688958534,4.077925837347165,4.049,,4.36,3.57,0.616,0.394
2024-07-30,2.6109896462,4.074911440446624,4.055,,4.35,3.5,0.685,0.374
2024-07-31,2.5822152139,4.02481079083434,3.831,,4.29,3.46,0.611,0.45
2024-08-01,2.5606727906,3.924872227312054,3.81,,4.16,3.36,,0.46
2024-08-02,2.4705683801,3.8498418281363183,3.753,,3.88,3.18,0.555,0.41
2024-08-05,2.3095484768,3.8367233529801954,3.64,,3.89,,0.455,0.265
2024-08-06,2.3366425227,3.8928548725180665,3.706,,3.99,3.27,0.485,0.29
2024-08-07,2.4235840543,3.909029846962638,3.751,,4.0,3.31,0.574,0.27
2024-08-08,2.4313380332,3.904281848552486,3.717,,4.04,3.35,0.545,0.269
2024-08-09,2.4002093268,3.8992743091571547,3.723,,4.05,3.33,0.519,0.301
2024-08-12,2.4018433469,3.9033849333900186,3.729,,4.01,3.3,0.512,
2024-08-13,2.3682264916,3.8530162397372036,3.689,,3.93,3.24,0.498,0.3
2024-08-14,2.3650988634,3.814132156080675,3.592,,3.94,3.23,0.495,0.296
2024-08-15,2.4398204079,3.9076229241124465,3.56,,4.08,3.31,0.516,0.321
2024-08-16,2.4216635162,3.935175481159133,3.626,,4.06,3.31,0.558,0.357
2024-08-19,2.4232229273,3.9696191522788684,3.611,,4.06,3.33,0.514,0.374
2024-08-20,2.3907306734,3.945451528934586,3.645,,3.99,3.27,0.502,0.363
2024-08-21,2.3497079812,3.9290678959094785,3.587,,3.92,3.25,0.518,0.352
2024-08-22,2.3542595388,3.978321777191053,3.566,,3.99,3.3,0.504,0.363
2024-08-23,2.381168929,3.92820991350143,3.595,,3.9,3.23,0.536,0.372
2024-08-26,2.369541087,,3.503,,3.91,3.25,0.508,0.364
2024-08-27,2.3926134933,3.968483853701436,3.56,,3.83,3.24,0.539,0.367
2024-08-28,2.3545063473,3.9748679416617154,3.601,,3.83,3.27,0.518,0.38
2024-08-29,2.3180484558,3.97525297293966,3.611,,3.87,3.31,0.5,0.368
2024-08-30,2.3591456102,3.9569924842588797,3.616,,3.91,3.33,0.507,0.363
2024-09-02,2.3984183282,3.973631950005242,3.675,,,,0.546,0.37
2024-09-03,2.381162134,3.9428177630883563,3.665,,3.88,3.25,0.52,0.39
2024-09-04,2.3375777023,3.885196250763274,3.637,,3.76,3.15,0.506,0.375
2024-09-05,2.2623239828,3.871920729421737,3.609,,3.75,3.13,0.518,0.375
2024-09-06,2.2812464132,3.8152981545217526,3.568,,3.66,3.05,0.5,0.38
2024-09-09,2.2272159765,3.7557124673043654,3.615,,3.68,3.02,0.515,0.396
2024-09-10,2.2133271902,3.747489065594376,3.591,,3.59,2.98,0.533,0.396
2024-09-11,2.1390237934,3.6597268151633964,3.548,,3.62,3.02,0.462,0.38
2024-09-12,2.1754847132,3.702182147828432,3.573,,3.64,3.0,0.485,0.391
2024-09-13,2.1629372456,3.6844316337814784,3.503,,3.57,2.94,0.453,0.392
2024-09-16,2.1777910624,3.661031552125385,3.476,,3.56,2.88,0.479,
2024-09-17,2.1607422865,3.6981623658021343,3.494,,3.59,2.92,0.448,0.387
2024-09-18,2.2050798971,3.7685770046549756,3.519,,3.61,2.93,0.465,0.38
2024-09-19,2.1915578525,3.785665272382239,3.59,,3.59,2.9,0.527,0.389
2024-09-20,2.2099509708,3.8038043865586317,3.569,,3.55,2.92,0.515,0.395
2024-09-23,2.1511405872,3.7983740773784254,3.6,,3.57,2.91,0.521,
2024-09-24,2.0943300472,3.7754379702902123,3.485,,3.49,2.9,0.488,0.35
2024-09-25,2.0974194602,3.8192902553600296,3.51,,3.53,2.95,0.454,0.355
2024-09-26,2.0416181686,3.794238318357353,3.547,,3.6,2.97,0.43,0.349
2024-09-27,2.0119940033,3.8038965259395505,3.574,,3.55,2.91,0.371,0.323
2024-09-30,2.0342844512,3.845248991631068,3.583,,3.66,,0.361,0.394
2024-10-01,1.9456250509,3.8154605917193574,3.606,,3.61,2.93,0.381,0.39
2024-10-02,2.0007264821,3.8734333267018113,3.557,,3.63,2.98,0.348,0.365
2024-10-03,2.0212892241,3.807047924842072,3.598,,3.7,3.05,0.377,0.365
2024-10-04,2.1022005749,3.9631221658443976,3.657,,3.93,3.22,0.381,0.37
2024-10-07,2.1576127679,4.032203288141198,,,3.99,3.28,0.386,0.407
2024-10-08,2.1763718703,3.999668547886711,3.777,,3.98,3.27,0.432,0.402
2024-10-09,2.1768275104,3.996570330662726,3.79,,3.99,3.25,0.412,0.402
2024-10-10,2.1884832799,3.9952085721699406,3.834,,3.98,3.19,0.459,0.412
2024-10-11,2.1920214757,3.9755235799110964,3.819,,3.95,3.07,0.471,0.412
2024-10-14,2.1784237067,3.9659474245196344,3.85,,,,0.403,
2024-10-15,2.1480490822,3.9160867708932754,3.837,,3.95,3.01,0.401,0.423
2024-10-16,2.1075010731,3.798277913306082,3.797,,3.93,2.97,0.357,0.423
2024-10-17,2.1011632395,3.8279030166085297,3.849,,3.96,3.01,0.377,0.434
2024-10-18,2.0328800201,3.800024363893611,3.886,,3.95,2.97,0.3,0.438
2024-10-21,2.1254694639,3.835340675284058,3.854,,4.02,3.03,0.298,0.433
2024-10-22,2.1273525065,3.8620677285093192,3.967,,4.03,3.02,0.352,0.454
2024-10-23,2.0778460531,3.884624018049703,3.984,,4.07,3.05,0.348,0.449
2024-10-24,2.0604909137,3.9068125082277416,3.959,,4.07,3.07,0.286,0.449
2024-10-25,2.0891054524,3.936170184569209,3.928,,4.11,3.09,0.341,0.449
2024-10-28,2.047174035,4.0016165450443175,3.995,,4.12,3.09,0.266,0.461
2024-10-29,2.0905380679,4.050073547832589,3.969,,4.11,3.08,0.282,0.453
2024-10-30,2.1631326224,4.122719601596487,3.987,,4.15,3.09,0.266,0.443
2024-10-31,2.2433129773,4.242022305967943,4.038,,4.16,3.07,0.305,0.434
2024-11-01,2.1952562375,4.2492393198261365,4.056,,4.21,3.09,0.277,0.465
2024-11-04,2.2221182741,4.242031244877461,4.053,,4.17,3.09,0.248,
2024-11-05,2.2263637944,4.3148037028541015,4.077,,4.19,3.14,0.265,0.455
2024-11-06,2.1549863148,4.309963585238451,4.122,,4.27,3.16,0.249,0.48
2024-11-07,2.1580280616,4.250237460525145,4.119,,4.21,3.07,0.238,0.501
2024-11-08,2.1485568177,4.231184222900907,4.078,,4.26,3.08,0.236,0.501
2024-11-11,2.0986940577,4.2167742046821175,4.098,,,,0.208,0.501
2024-11-12,2.0692720316,4.272307778150064,4.107,,4.34,3.17,0.227,0.501
2024-11-13,2.0985880386,4.281463924105732,4.214,,4.27,3.17,0.246,0.527
2024-11-14,2.0649425177,4.221790660787188,4.202,,4.34,3.18,0.224,0.532
2024-11-15,2.087979243,4.201108928480825,4.151,,4.31,3.15,0.204,0.552
2024-11-18,2.1396008737,4.2211484259092416,4.105,,4.29,3.16,0.215,0.553
2024-11-19,2.100254494,4.210149205573844,4.068,,4.27,3.21,0.187,0.554
2024-11-20,2.1028413895,4.2226104198330265,4.069,,4.31,3.27,0.223,0.554
2024-11-21,2.0626525434,4.196141551301887,4.092,,4.34,3.39,0.231,0.58
2024-11-22,1.9917460703,4.155916330785611,4.063,,4.37,3.37,0.191,0.59
2024-11-25,1.9688081202,4.138257460764744,4.027,,4.21,3.26,0.185,0.59
2024-11-26,2.0073401995,4.154686518463068,3.986,,4.21,3.23,0.158,0.592
2024-11-27,1.9921060501,4.146294263448242,3.976,,4.19,3.2,0.17,0.596
2024-11-28,1.971644599,4.113689038513433,3.922,,,3.18,0.161,0.581
2024-11-29,1.9120084184,4.070196219850807,3.923,,4.13,3.02,0.172,0.599
2024-12-02,1.8564459333,4.041840856048265,3.944,,4.17,3.04,0.052,0.62
2024-12-03,1.8753282922,4.057501376869671,3.925,,4.17,3.07,0.085,0.61
2024-12-04,1.9043105134,4.040215174736687,3.846,,4.13,3.01,0.11,0.585
2024-12-05,1.9630802353,4.084914059027639,3.833,,4.15,3.03,0.1,0.6
2024-12-06,1.9622855999,4.0920038305436846,3.834,,4.1,2.89,0.105,0.59
2024-12-09,1.9488705956,4.062700071212546,3.814,,4.13,2.91,0.136,0.575
2024-12-10,1.9444423681,4.085706723067542,3.734,,4.15,2.89,0.115,0.585
2024-12-11,1.9140376769,4.0633602315266995,3.755,,4.15,2.94,0.119,0.591
2024-12-12,1.9672665227,4.055179978244898,3.861,,4.18,2.98,0.181,0.579
2024-12-13,1.9997336276,4.100385775110955,3.872,,4.25,3.01,0.109,0.564
2024-12-16,2.000605868,4.142689851830234,3.897,,4.25,3.01,0.017,0.585
2024-12-17,1.9851802289,4.246354977884611,3.873,,4.25,3.0,0.069,0.595
2024-12-18,1.9759524375,4.2575582050228284,3.841,,4.35,3.05,0.063,0.589
2024-12-19,2.0137551282,4.225345681155283,3.968,,4.32,3.08,0.11,0.606
2024-12-20,1.960729092,4.1674101273035475,3.986,,4.3,3.05,0.064,0.576
2024-12-23,1.9977993063,4.20947187010297,3.915,,4.3,3.03,0.026,0.588
2024-12-24,2.0031476754,4.241383494572546,3.908,,4.29,3.03,,0.588
2024-12-25,,,,,,,,0.588
2024-12-26,,,,,4.3,,,0.602
2024-12-27,2.0076965659,4.2566194357204195,3.848,,4.31,3.0,-0.019,0.602
2024-12-30,2.0111511629,4.232091247868001,3.901,,4.24,2.96,0.004,0.599
2024-12-31,,4.19833635145777,3.826,,4.25,2.93,,
2025-01-02,2.0076200899,4.1981924699423505,3.87,,4.25,2.93,,
2025-01-03,2.0886587479,4.221993276597095,3.839,,4.28,2.93,-0.035,
2025-01-06,2.1595698444,4.2403405994409615,3.912,,4.28,2.91,0.037,0.626
2025-01-07,2.103299616,4.260181322960912,3.921,,4.3,2.94,0.05,0.632
2025-01-08,2.1490938371,4.305807154444652,3.897,,4.28,2.94,0.08,0.648
2025-01-09,2.1646834993,4.296660480732965,3.872,,4.27,2.94,0.098,0.643
2025-01-10,2.2202151764,4.331783704634733,3.902,,4.4,3.07,0.098,0.649
2025-01-13,2.2442257115,4.378089755589535,4.01,,4.4,3.14,0.12,
2025-01-14,2.2686086924,4.392246471965379,3.994,,4.37,3.15,0.137,0.687
2025-01-15,2.2012399722,4.252076455657193,3.992,,4.27,3.03,0.147,0.707
2025-01-16,2.235734602,4.182217834345947,3.901,,4.23,2.95,0.128,0.698
2025-01-17,2.2064343832,4.172694005546288,3.913,,4.27,2.93,0.083,0.693
2025-01-20,2.2057366848,4.187137397563779,3.884,,,2.92,0.076,0.683
2025-01-21,2.1747840711,4.14911783154779,3.857,,4.29,2.92,0.091,0.677
2025-01-22,2.1747840711,4.150303504651977,3.906,,4.29,2.96,0.08,0.698
2025-01-23,2.1875774122,4.131681279576461,3.901,,4.29,2.95,0.116,0.704
2025-01-24,2.2401136815,4.139940780043226,3.888,,4.27,2.91,0.194,0.718
2025-01-27,2.2016690685,4.104148848815101,,,4.17,2.86,0.161,0.705
2025-01-28,2.2021654345,4.126853364976015,3.835,,4.19,2.83,0.196,0.695
2025-01-29,2.1948520403,4.133480361196618,3.771,,4.21,2.79,0.182,0.704
2025-01-30,2.1240844937,4.061935982260953,3.782,,4.18,2.73,0.158,0.718
2025-01-31,2.0552152666,4.011695717948448,3.794,,4.22,2.66,0.121,0.729
2025-02-03,1.9872366835,3.9544206829165365,3.729,,4.26,2.56,0.068,0.72
2025-02-04,1.9974569542,3.989262589359157,3.749,,4.21,2.61,0.09,0.741
2025-02-05,1.9988268412,3.9471191344890593,3.722,,4.17,2.59,0.075,0.756
2025-02-06,2.0061366048,3.9381616951136658,3.711,,4.21,2.59,0.126,0.762
2025-02-07,2.0135594267,3.9592468427934313,3.755,,4.29,2.69,0.09,0.798
2025-02-10,1.9758389315,3.9264132180303397,3.793,,4.28,2.66,0.075,0.798
2025-02-11,2.0216543109,3.9777329944758244,3.783,,4.29,2.7,0.083,
2025-02-12,2.0731938112,4.00217743776101,3.839,,4.36,2.77,0.091,0.799
2025-02-13,2.0349752962,3.9679706470593192,3.837,,4.31,2.73,0.161,0.794
2025-02-14,2.0624994984,3.9876747122070335,3.811,,4.26,2.72,0.127,0.794
2025-02-17,2.0773110811,3.9887871704816917,3.852,,,,0.182,0.809
2025-02-18,2.0741708107,4.027376439643867,3.906,,4.29,2.8,0.187,0.827
2025-02-19,2.1285716169,4.060606872559988,3.914,,4.28,2.8,0.208,0.82
2025-02-20,2.1062244707,4.062076380254969,3.918,,4.28,2.82,0.233,0.821
2025-02-21,2.0427070281,4.028273580880853,3.898,,4.19,2.73,0.238,0.818
2025-02-24,2.026742961,4.008795741683811,3.831,,4.13,2.69,0.199,
2025-02-25,2.015339264,3.9630993269389814,3.793,,4.07,2.64,0.192,0.803
2025-02-26,2.0144299849,3.971292304163318,3.777,,4.05,2.65,0.194,0.801
2025-02-27,1.992752704,3.9758318412006464,3.769,,4.07,2.63,0.156,0.826
2025-02-28,1.974536006,3.9499984876257126,3.727,,3.99,2.57,0.134,0.806
2025-03-03,2.0318952758,4.005037372588318,3.758,,3.96,2.46,0.149,0.825
2025-03-04,1.9743120874,3.9366232631059317,3.704,,3.96,2.46,0.136,0.831
2025-03-05,2.1420782115,4.052559965548134,3.75,,3.99,2.54,0.172,0.831
2025-03-06,2.2259304935,4.038759995880847,3.832,,3.96,2.63,0.251,0.852
2025-03-07,2.180223707,4.005636720138247,3.764,,3.99,2.59,0.291,0.848
2025-03-10,2.1478681152,3.9737476960011864,3.803,,3.89,2.53,0.282,0.875
2025-03-11,2.1484797044,3.9590874807349725,3.735,,3.94,2.53,0.284,0.834
2025-03-12,2.1770756347,4.013108000606209,3.754,,4.01,2.58,0.316,0.85
2025-03-13,2.1416020912,3.986570359172682,3.75,,3.94,2.56,0.345,0.861
2025-03-14,2.1719678102,3.969277840322808,3.748,,4.02,2.57,0.315,0.84
2025-03-17,2.1424126111,3.9734886928074387,3.745,,4.06,2.55,0.287,0.811
2025-03-18,2.1649719311,3.989278475239227,3.752,,4.04,2.54,0.286,0.815
2025-03-19,2.1373179128,3.990627279977272,3.774,,3.99,2.51,0.311,0.842
2025-03-20,2.1097935149,4.041367073623912,3.724,,3.95,2.53,0.229,
2025-03-21,2.1078266368,4.041874171591382,3.733,,3.94,2.51,0.237,0.854
2025-03-24,2.1035268227,4.0533278279196,3.723,,4.04,2.54,0.204,0.871
2025-03-25,2.1131294674,4.08006261960826,3.726,,3.96,2.56,0.218,0.887
2025-03-26,2.0864188814,4.060652117663374,3.77,,3.98,2.61,0.206,0.892
2025-03-27,2.0491543401,4.055616153827643,3.769,,3.97,2.55,0.167,0.893
2025-03-28,2.0213322345,4.0015299050794075,3.732,,3.89,2.49,0.132,0.877
2025-03-31,1.9946853961,3.9881133873102965,3.674,,3.89,2.46,0.103,0.854
2025-04-01,1.9946997438,3.9729466075876982,3.665,,3.87,2.43,0.094,0.855
2025-04-02,1.9895064102,3.9582847710544877,3.689,,3.91,2.44,0.106,0.834
2025-04-03,1.9439000041,3.8020964241480297,3.527,,3.71,2.4,0.094,0.754
2025-04-04,1.8215221075,3.7406785518629317,3.394,,3.68,2.37,0.03,0.612
2025-04-07,1.7878631774,3.7854097075271076,3.252,,3.73,2.46,-0.018,0.586
2025-04-08,1.9048767912,3.758920052039642,3.312,,3.71,2.45,0.027,0.647
2025-04-09,1.7508397125,3.7435922812365936,3.218,,3.91,2.62,-0.023,0.611
2025-04-10,1.8313708594,3.700876870532859,3.305,,3.84,2.62,0.049,0.676
2025-04-11,1.7300159396,3.829853221230326,3.25,,3.96,2.68,-0.023,0.611
2025-04-14,1.7391264376,3.803770223483683,3.296,,3.84,2.58,-0.003,0.589
2025-04-15,1.7747438536,3.7443162756527446,3.285,,3.84,2.53,-0.02,0.646
2025-04-16,1.7290503897,3.7459099247278473,3.289,,3.77,2.52,-0.037,0.615
2025-04-17,1.7046384892,3.698402810528541,3.288,,3.81,2.52,0.026,0.65
2025-04-18,,,,,,,,0.636
2025-04-21,,,,,3.75,2.55,,0.649
2025-04-22,1.6718726322,3.6262758987138524,3.214,,3.76,2.54,-0.042,0.67
2025-04-23,1.7433495911,3.7067307949307784,3.287,,3.81,2.62,-0.017,0.684
2025-04-24,1.6777609946,3.659374976962208,3.277,,3.77,2.59,0.006,0.679
2025-04-25,1.715780973,3.6581110553509424,,,3.74,2.59,-0.013,0.689
2025-04-28,1.7363224447,3.654955132959186,3.247,,3.67,2.56,-0.025,0.686
2025-04-29,1.745149545,3.6322309948013514,3.264,,3.65,2.54,-0.036,
2025-04-30,1.6995058817,3.6010137761317043,3.271,,3.6,2.47,-0.04,0.676
2025-05-01,,3.5881127245916278,3.261,,3.7,2.5,,0.629
2025-05-02,1.7503686787,3.624038081930932,3.287,,3.83,2.54,-0.071,0.609
2025-05-05,1.7418307971,,3.343,,3.83,2.55,-0.127,
2025-05-06,1.7671821893,3.616496172413155,3.38,,3.78,2.53,-0.147,
2025-05-07,1.7320107645,3.592536213043303,3.32,,3.78,2.51,-0.165,0.609
2025-05-08,1.7413589325,3.6920769317631623,3.315,,3.9,2.58,-0.161,0.619
2025-05-09,1.773598502,3.695734830330024,3.373,,3.88,2.52,-0.072,0.634
2025-05-12,1.8797796809,3.794673744079107,3.44,,3.98,2.59,-0.05,0.66
2025-05-13,1.8788957042,3.772115362634776,3.529,,4.02,2.59,-0.038,0.718
2025-05-14,1.8873503967,3.826648504244986,3.556,,4.05,2.59,-0.072,0.706
2025-05-15,1.8674987143,3.793285235665083,3.606,,3.96,2.53,-0.077,0.717
2025-05-16,1.8362162012,3.8004624392502655,3.554,,3.98,2.53,-0.114,0.707
2025-05-19,1.8145949522,3.8043721502046393,3.591,,3.97,,-0.141,0.718
2025-05-20,1.8402949154,3.8440864574867284,3.427,,3.97,2.63,-0.154,0.728
2025-05-21,1.8425789682,3.8843098010069945,3.421,,4.0,2.7,-0.123,0.72
2025-05-22,1.8221230663,3.8462922307224936,3.414,,4.0,2.7,-0.137,0.737
2025-05-23,1.7386811942,3.8100000546155455,3.395,,4.0,2.69,-0.185,0.731
2025-05-26,1.7792641337,,3.366,,,2.68,-0.216,0.728
2025-05-27,1.7746946262,3.840787112196003,3.33,,3.92,2.64,-0.216,0.739
2025-05-28,1.7958959811,3.873958213079678,3.362,,3.96,2.62,-0.178,0.753
2025-05-29,1.7724631081,3.8182518185417598,3.379,,3.92,2.6,,0.758
2025-05-30,1.780577865,3.8540618384896015,3.278,,3.89,2.59,-0.187,0.75
2025-06-02,1.8072703241,3.824665234075597,3.284,,3.94,2.58,-0.216,0.755
2025-06-03,1.7609713344,3.8197444928588284,3.271,,3.96,2.61,-0.25,0.755
2025-06-04,1.7934058136,3.838300956788443,3.282,,3.87,2.59,-0.244,0.765
2025-06-05,1.8250862266,3.840285182085236,3.293,,3.92,2.62,-0.197,0.755
2025-06-06,1.8622240107,3.826785853808158,3.321,,4.04,2.69,-0.128,0.76
2025-06-09,1.8561998473,3.832136805055376,,,4.01,2.7,,0.775
2025-06-10,1.8336509094,3.7476024383386535,3.312,,4.01,2.69,-0.163,0.771
2025-06-11,1.8054730197,3.7449615453447835,3.364,,3.94,2.67,-0.149,0.756
2025-06-12,1.7980167692,3.700118087961813,3.313,,3.9,2.68,-0.175,0.756
2025-06-13,1.8343448481,3.7661315031035194,3.26,,3.96,2.71,-0.178,0.736
2025-06-16,1.8311404697,3.7318688333875647,3.3,,3.97,2.72,-0.131,0.758
2025-06-17,1.8499896246,3.7463285158022277,3.318,,3.94,2.7,-0.141,0.769
2025-06-18,1.8339061542,3.7264471653431905,3.311,,3.94,2.68,-0.156,0.755
2025-06-19,1.8271326556,3.7406847889226555,3.299,,,2.68,-0.13,0.728
2025-06-20,1.836071063,3.747525065548659,3.27,,3.9,2.64,-0.053,0.728
2025-06-23,1.8549831431,3.725329825113493,3.282,,3.84,2.61,-0.024,0.738
2025-06-24,1.8486111052,3.692837023659333,3.223,,3.75,2.61,-0.069,0.738
2025-06-25,1.8509723862,3.6976654838876617,3.186,,3.74,2.65,-0.074,0.724
2025-06-26,1.816880051,3.6662754759939036,3.186,,3.7,2.62,-0.086,0.735
2025-06-27,1.8455372589,3.6866260459529,3.196,,3.73,2.6,-0.07,0.74
2025-06-30,1.8448999837,3.669415843435629,3.212,,3.72,2.59,-0.061,0.746
2025-07-01,1.8239814624,3.657474249450744,3.182,,3.78,,-0.075,0.735
2025-07-02,1.8483808664,3.70796975460079,3.219,,3.78,2.66,-0.074,0.741
2025-07-03,1.8348212146,3.684775757612799,3.239,,3.88,2.69,-0.072,0.746
2025-07-04,1.8059469442,3.6978971897196304,3.254,,,2.67,-0.071,0.736
2025-07-07,1.83026981,3.708627196346513,3.236,,3.9,2.69,-0.055,0.732
2025-07-08,1.8665369634,3.724460920120709,3.352,,3.9,2.7,-0.044,0.733
2025-07-09,1.8470333959,3.7200871464804712,3.398,,3.86,2.66,-0.049,0.754
2025-07-10,1.8672876318,3.7146126724019473,3.365,,3.86,2.69,-0.051,0.76
2025-07-11,1.903209113,3.721788921076419,3.391,,3.9,2.74,-0.058,0.764
2025-07-14,1.8699459982,3.673816303897227,3.411,,3.9,2.76,-0.041,0.781
2025-07-15,1.8413199979,3.69820156256358,3.425,,3.95,2.83,-0.049,0.792
2025-07-16,1.8309948522,3.727442564765519,3.428,,3.88,2.81,-0.053,0.793
2025-07-17,1.827158467,3.7489427391676045,3.343,,3.91,2.81,-0.057,0.788
2025-07-18,1.8421399825,3.7658298951580016,3.323,,3.88,2.82,-0.045,0.772
2025-07-21,1.8098318192,3.7216190808491296,3.321,,3.85,2.79,-0.064,
2025-07-22,1.7986465081,3.688773869822193,3.326,,3.83,2.78,-0.095,0.76
2025-07-23,1.7905376433,3.6977523405457973,3.332,,3.88,2.82,-0.101,0.838
2025-07-24,1.8858153399,3.707009466341042,3.393,,3.91,2.83,-0.086,0.854
2025-07-25,1.9267637335,3.735326738841311,3.403,,3.91,2.81,-0.075,0.863
2025-07-28,1.8843251375,3.7540300870745833,3.405,,3.91,2.81,-0.129,0.849
2025-07-29,1.9076732152,3.728979865781286,3.38,,3.86,2.77,-0.12,0.835
2025-07-30,1.9284117853,3.720936799600489,3.316,,3.94,2.79,-0.118,0.826
2025-07-31,1.9362248244,3.7029451016995245,3.344,,3.94,2.76,-0.083,0.826
2025-08-01,1.8822516117,3.65640361747495,3.388,,3.69,2.69,,0.814
2025-08-04,1.8777986574,3.648122322657526,3.357,,3.69,,,0.764
2025-08-05,1.8794618579,3.6537025046783174,3.314,,3.72,2.69,,0.754
2025-08-06,1.8796763767,3.6568373181119,3.343,,3.69,2.69,,0.774
2025-08-07,1.8910557398,3.7212217281515887,3.329,,3.72,2.69,,0.77
2025-08-08,1.9353984474,3.7380862707826097,3.343,,3.76,2.66,,0.77
2025-08-11,1.9399036004,3.7043508822728257,3.342,,3.76,2.68,,
2025-08-12,1.9512619362,3.7369337598785366,3.331,,3.72,2.7,,0.775
2025-08-13,1.9143562536,3.703814828290601,3.301,,3.67,2.68,,0.785
2025-08-14,1.9217794248,3.7490811275216434,3.288,,3.74,2.69,,0.822
2025-08-15,1.9296540424,3.7633655035272224,3.293,,3.75,2.72,,0.826
2025-08-18,1.9361723298,3.8139004757970754,3.316,,3.77,2.74,,0.833
2025-08-19,1.9299063054,3.8172603848845044,3.363,,3.75,2.7,,0.849
2025-08-20,1.9028262007,3.7690093387987957,3.331,,3.74,2.69,,0.858
2025-08-21,1.9395964645,3.8161723228613416,3.325,,3.79,2.73,,0.862
2025-08-22,1.9473188478,3.7825825639835777,3.348,,3.68,2.69,,0.873
2025-08-25,1.9578977321,,3.32,,3.73,2.72,,0.869
2025-08-26,1.9200470906,3.816553573707259,3.332,,3.61,2.69,,0.874
2025-08-27,1.9044242003,3.799260440676342,3.358,,3.59,2.69,,0.869
2025-08-28,1.914518753,3.7844360932876997,3.323,,3.62,2.69,,0.871
2025-08-29,1.9213686405,3.789291576427135,3.333,,3.59,2.64,,0.871
2025-09-01,1.928922292,3.810498907101541,3.342,,,,,0.88
2025-09-02,1.9547879495,3.8344299454292132,3.373,,3.66,2.66,,0.87
2025-09-03,1.9325486542,3.802728592644881,3.435,,3.61,2.62,,0.87
2025-09-04,1.9264749155,3.80666168827999,3.4,,3.59,2.62,,0.855
2025-09-05,1.9033183028,3.7582585313423635,3.396,,3.51,2.54,,0.841
2025-09-08,1.895973612,3.7443720050899665,3.354,,3.49,2.5,,0.831
2025-09-09,1.9051122605,3.762150642415486,3.364,,3.54,2.52,,0.842
2025-09-10,1.9141822433,3.785172920976463,3.372,,3.54,2.5,,0.857
2025-09-11,1.9532167861,3.777792816574325,3.355,,3.52,2.5,,0.862
2025-09-12,1.9790847728,3.810427345388443,3.374,,3.56,2.5,,0.873
2025-09-15,1.9720407965,3.792380604732689,3.398,,3.54,2.49,,
2025-09-16,1.9778896988,3.809589199146949,3.361,,3.51,2.46,,0.884
2025-09-17,1.9643942273,3.801666463902938,3.356,,3.52,2.49,,0.883
2025-09-18,1.9780242937,3.7975251277469813,3.322,,3.57,2.48,,0.888
2025-09-19,1.9896402238,3.824195616675878,3.361,,3.57,2.46,,0.918
2025-09-22,1.9852879818,3.8165358534153997,3.379,,3.61,2.45,,0.935
2025-09-23,1.9956466397,3.813000526511984,3.383,,3.53,2.45,,
2025-09-24,1.9873716479,3.800193083071942,3.448,,3.57,2.45,,0.932
2025-09-25,2.0094562374,3.8523068970893823,3.49,,3.64,2.49,,0.936
2025-09-26,1.9994178834,3.8673224469490273,3.521,,3.63,2.5,,0.931
2025-09-29,1.9956701695,3.8404826297505865,3.475,,3.63,2.47,,0.931
2025-09-30,1.9908238068,3.845779690135916,3.487,,3.6,,,0.958
2025-10-01,1.9761886629,3.81816912589885,3.519,,3.55,2.46,,0.954
2025-10-02,1.9917023576,3.839720321968491,3.485,,3.55,2.45,,0.955
2025-10-03,1.9939644259,3.822687270031954,3.493,,3.58,2.45,,0.945
2025-10-06,1.98083288,3.8391262453044446,,,3.6,2.47,,0.899
2025-10-07,1.9857003252,3.8506786693129977,3.511,,3.57,2.45,,0.909
2025-10-08,1.9630022754,3.853064826219893,3.504,,3.58,2.46,,0.93
2025-10-09,1.9726228378,3.8666572600085845,3.509,,3.6,2.47,,0.93
2025-10-10,1.9587396731,3.8177086550329427,3.528,,3.52,2.47,,0.925
2025-10-13,1.9306945555,3.8054751244689005,3.468,,,,,
2025-10-14,1.9168815171,3.7477362040798505,3.421,,3.48,2.43,,0.895
2025-10-15,1.9001731195,3.7226704020770796,3.433,,3.5,2.42,,0.9
2025-10-16,1.9037734982,3.704985716083828,3.345,,3.41,2.38,,0.92
2025-10-17,1.8984483024,3.7220186319998163,3.282,,3.46,2.37,,0.909
2025-10-20,1.8984182214,3.700022967419478,3.336,,3.46,2.36,,0.95
2025-10-21,1.8885775465,3.7032894399475125,3.313,,3.45,2.39,,0.94
2025-10-22,1.8988944421,3.612386833029352,3.321,,3.45,2.38,,0.929
2025-10-23,1.9077101748,3.621211760798931,3.334,,3.48,2.39,,0.933
2025-10-24,1.9492572548,3.642608554453084,3.341,,3.48,2.37,,0.932
2025-10-27,1.9525802229,3.6355159009024285,3.38,,3.48,2.36,,0.943
2025-10-28,1.9502180776,3.6250997803587257,3.423,,3.47,2.36,,0.94
2025-10-29,1.9449959952,3.624863420944309,3.54,,3.59,2.43,,0.943
2025-10-30,1.966546382,3.644561253595699,3.572,,3.61,2.42,,0.929
2025-10-31,1.9496455975,3.633542279073549,3.553,,3.6,2.4,,0.928
2025-11-03,1.9601849719,3.660872495604533,3.586,,3.6,2.42,,
2025-11-04,1.9545242785,3.6354664185111742,3.611,,3.58,2.43,,0.945
2025-11-05,1.9539552601,3.6783639732979703,3.571,,3.63,2.42,,0.93
2025-11-06,1.9634247745,3.654364987249635,3.594,,3.57,2.39,,0.941
2025-11-07,1.9723170296,3.6643799592645174,3.579,,3.55,2.44,,0.941
2025-11-10,1.9713384534,3.67222821731011,3.628,,3.58,2.45,,0.948
2025-11-11,1.9708878517,3.5980353646557433,3.635,,,,,0.937
2025-11-12,1.9757924828,3.607187270583333,3.635,,3.56,2.45,,0.942
2025-11-13,1.9946614329,3.633165255584292,3.725,,3.58,2.47,,0.932
2025-11-14,1.9897807117,3.71166690554017,3.69,,3.62,2.48,,0.932
2025-11-17,2.001966068,3.6777989769398043,3.701,,3.6,2.49,,0.938
2025-11-18,1.9800858891,3.6708278083431245,3.664,,3.58,2.49,,0.928
2025-11-19,1.9897453776,3.6871937264823185,3.646,,3.58,2.49,,0.934
2025-11-20,2.0067656218,3.6687054520949567,3.693,,3.55,2.47,,0.965
2025-11-21,1.9777959808,3.646026487469639,3.688,,3.51,2.44,,0.959
2025-11-24,1.9981241414,3.670527633228085,3.673,,3.46,2.43,,
2025-11-25,1.9924426405,3.6316811735378165,3.673,,3.43,2.4,,0.975
2025-11-26,1.9959402407,3.6006154504020116,3.804,,3.45,2.4,,0.985
2025-11-27,1.9992870109,3.629269396978475,3.775,,,2.4,,0.977
2025-11-28,2.0086159249,3.617701653900203,3.805,,3.47,2.41,,0.992
2025-12-01,2.0361617384,3.6219920992923593,3.826,,3.54,2.48,,1.02
2025-12-02,2.0262999062,3.6177377726986713,3.853,,3.51,2.46,,1.005
2025-12-03,2.0245242654,3.6078123360168903,3.912,,3.49,2.43,,1.016
2025-12-04,2.0453654549,3.5971763860359727,3.987,,3.52,2.46,,1.021
2025-12-05,2.052909768,3.6438308672724093,3.948,,3.56,2.64,,1.052
2025-12-08,2.1127957698,3.7037074967510457,3.973,,3.57,2.64,,1.063
2025-12-09,2.1151576926,3.6802885634613163,4.07,,3.61,2.69,,1.069
2025-12-10,2.1334987566,3.6917118339371227,4.124,,3.54,2.63,,1.074
2025-12-11,2.1223183223,3.6636910509819645,4.035,,3.52,2.62,,1.054
2025-12-12,2.1260062539,3.654261633596243,4.03,,3.52,2.62,,1.07
2025-12-15,2.1145348663,3.6449467238960467,3.998,,3.51,2.58,,1.071
2025-12-16,2.1131495875,3.669213699963519,4.02,,3.48,2.58,,1.067
2025-12-17,2.1027460322,3.6168605921182357,4.044,,3.49,2.6,,1.077
2025-12-18,2.100313418,3.6501604642021985,4.012,,3.46,2.59,,1.073
2025-12-19,2.1198446236,3.667270474462747,4.033,,3.48,2.61,,1.101
2025-12-22,2.1227241736,3.6702497767296762,4.078,,3.44,2.6,,1.129
2025-12-23,2.1201323564,3.665034288689949,4.032,,3.48,2.57,,1.111
2025-12-24,2.1214520268,3.671558977555938,4.031,,3.47,2.57,,1.111
2025-12-25,,,,,,,,1.147
2025-12-26,,,,,3.46,,,1.141
2025-12-29,2.0890805136,3.6476152232516545,4.056,,3.45,2.56,,1.15
2025-12-30,2.1004409369,3.6459747801345808,4.047,,3.45,2.58,,1.167
2025-12-31,2.108454926,3.63252597532319,4.059,,3.47,2.58,,
2026-01-02,2.1097118774,3.6536316772290363,4.106,,3.47,2.61,,
2026-01-05,2.1166888082,3.637220836520467,4.05,,3.46,2.57,,1.194
2026-01-06,2.0811808209,3.6164407439965456,4.058,,3.47,2.59,,1.185
2026-01-07,2.0676284816,3.5763630227601686,4.053,,3.47,2.56,,1.17
2026-01-08,2.0789036096,3.572072193869809,3.98,,3.49,2.57,,1.129
2026-01-09,2.0896572574,3.552861510393347,3.994,,3.54,2.55,,1.151
2026-01-12,2.0774595775,3.563844244455019,4.01,,3.54,2.56,,
2026-01-13,2.0777781125,3.564001588248737,4.019,,3.53,2.55,,1.164
2026-01-14,2.0614395345,3.5349307508297083,4.019,,3.51,2.53,,1.186
2026-01-15,2.0696657104,3.575688485198969,3.996,,3.56,2.53,,1.19
2026-01-16,2.0876313209,3.598123412870629,4.014,,3.59,2.54,,1.205
2026-01-19,2.0600532983,3.5817282252478178,4.045,,,2.54,,1.23
2026-01-20,2.0547042686,3.597578432581968,4.083,,3.6,2.55,,1.22
2026-01-21,2.0537035653,3.590635191649395,4.073,,3.6,2.56,,1.235
2026-01-22,2.0855734238,3.5982529650046677,4.142,,3.61,2.56,,1.224
2026-01-23,2.1048870037,3.6397893880713057,4.166,,3.6,2.6,,1.262
2026-01-26,2.0873579681,3.64777918970264,,,3.56,2.57,,1.277
2026-01-27,2.0805342608,3.6560119619258113,4.213,,3.53,2.58,,1.284
2026-01-28,2.0530366858,3.658825028283442,4.18,,3.56,2.58,,1.257
2026-01-29,2.036202589,3.623432962336283,4.197,,3.53,2.57,,1.264
2026-01-30,2.0495671759,3.6281963510005224,4.195,,3.52,2.56,,1.251
2026-02-02,2.0631603149,3.6228669023878854,4.174,,3.57,2.57,,1.265
2026-02-03,2.0813185732,3.6300530920406207,4.248,,3.57,2.58,,1.286
2026-02-04,2.0624879741,3.6381401946001874,4.287,,3.57,2.58,,1.276
2026-02-05,2.0587574086,3.58740216129676,4.278,,3.47,2.55,,1.276
2026-02-06,2.043146305,3.561347888016026,4.246,,3.5,2.55,,1.281
2026-02-09,2.032594875,3.5553884456613485,4.276,,3.48,2.54,,1.313
2026-02-10,2.0294694015,3.5595222501689823,4.255,,3.45,2.53,,1.303
2026-02-11,2.0353981842,3.5589622732967543,4.224,,3.52,2.52,,
2026-02-12,2.0269946228,3.527749781775201,4.266,,3.47,2.49,,1.305
2026-02-13,1.9972761628,3.5044560882140514,4.228,,3.4,2.47,,1.289
2026-02-16,2.0047470579,3.5016826399258427,4.21,,,,,1.275
2026-02-17,2.0029126282,3.4940439795744336,4.174,,3.43,2.45,,1.233
2026-02-18,2.0125980441,3.4965222483261,4.206,,3.47,2.44,,1.242
2026-02-19,2.0165098289,3.484184978439089,4.277,,3.47,2.44,,1.265
2026-02-20,2.0134776273,3.484919448009011,4.226,,3.48,2.44,,1.26
2026-02-23,2.0077993115,3.468039886072453,4.206,,3.43,2.43,,
2026-02-24,2.0065503018,3.48027642106254,4.195,,3.43,2.44,,1.251
2026-02-25,2.0088303801,3.486397373913098,4.231,,3.45,2.46,,1.224
2026-02-26,2.0032308997,3.457733189358372,4.213,,3.42,2.43,,1.246
2026-02-27,1.9805043076,3.42368876916733,4.184,,3.38,2.39,,1.25
2026-03-02,2.030707584,3.52803251797695,4.161,,3.47,2.49,,1.219
2026-03-03,2.133731533,3.6619978072053883,4.302,,3.51,2.51,,1.25
2026-03-04,2.098893153,3.5960401201697754,4.264,,3.54,2.52,,1.235
2026-03-05,2.1676114472,3.684286653526586,4.313,,3.57,2.58,,1.256
2026-03-06,2.2233174688,3.782134067271127,4.372,,3.56,2.63,,1.246
2026-03-09,2.2505716678,3.8494143862027075,4.486,,3.56,2.63,,1.242
2026-03-10,2.1757420376,3.7496188579764627,4.421,,3.57,2.65,,1.258
2026-03-11,2.3138180443,3.9017942600018958,4.423,,3.64,2.72,,1.253
2026-03-12,2.3517295137,3.9679262636671826,4.5,,3.76,2.82,,1.263
2026-03-13,2.3632504207,3.9911725126287863,4.524,,3.73,2.79,,1.289
2026-03-16,2.340172575,3.9620176315675835,4.553,,3.68,2.71,,1.287
2026-03-17,2.3318529669,3.923501269567732,4.531,,3.68,2.67,,1.28
2026-03-18,2.4052936167,3.9900210730192245,4.509,,3.76,2.75,,1.261
2026-03-19,2.4681846638,4.273285483111014,4.615,,3.79,2.84,,1.277
2026-03-20,2.5854170099,4.432754856190243,4.781,,3.88,3.07,,
2026-03-23,2.5182150027,4.306899300459014,4.808,,3.83,2.95,,1.311
2026-03-24,2.5894585133,4.31769498667436,4.726,,3.9,2.99,,1.311
2026-03-25,2.5571657133,4.266643331184702,4.625,,3.84,2.89,,1.317
2026-03-26,2.6236868951,4.366305441604295,4.726,,3.96,2.98,,1.348
2026-03-27,2.6447072056,4.3574650636742875,4.803,,3.88,2.95,,1.393
2026-03-30,2.6005623576,4.31763679513874,4.707,,3.82,2.88,,1.369
2026-03-31,2.5889838861,4.282973901327042,4.66,,3.79,2.82,,1.375
2026-04-01,2.5482024884,4.176060344509667,4.601,,3.81,2.82,,1.349
2026-04-02,2.5948155184,4.195223703043542,4.732,,3.79,2.82,,1.39
2026-04-03,,,,,3.84,,,1.391
2026-04-06,,,,,3.84,2.83,,1.402
2026-04-07,2.6592217899,4.3005846234794625,4.675,,3.81,2.86,,1.387
2026-04-08,2.4414899676,4.052170324304939,4.583,,3.79,2.79,,1.382
2026-04-09,2.5237103254,4.1019225855300485,4.628,,3.78,2.79,,1.394
2026-04-10,2.5310621219,4.108457020413666,4.673,,3.81,2.78,,1.405
2026-04-13,2.5855339022,4.179364104623526,4.709,,3.78,2.79,,1.401
2026-04-14,2.5445231091,4.093079630147593,4.644,,3.76,2.76,,1.382
2026-04-15,2.4953056634,4.088073517701223,4.621,,3.76,2.79,,1.382
2026-04-16,2.4885726292,4.096330122945741,4.641,,3.78,2.8,,1.366
2026-04-17,2.4099992558,3.9935100362843645,4.665,,3.71,2.77,,1.372
2026-04-20,2.4209588043,4.065794712153951,4.602,,3.72,2.76,,1.369
2026-04-21,2.4560076038,4.134438775048963,4.581,,3.78,2.84,,1.359
2026-04-22,2.4912944573,4.19608599699176,4.629,,3.79,2.83,,1.362
2026-04-23,2.5376409998,4.232863719417891,4.692,,3.83,2.85,,1.365
2026-04-24,2.5420491489,4.250592077641359,4.694,,3.78,2.82,,1.363
2026-04-27,2.530043291,4.27349241411326,4.695,,3.78,2.83,,1.375
2026-04-28,2.601788104,4.305060643163004,4.733,,3.84,2.88,,1.389
2026-04-29,2.665172473,4.40208856536848,4.693,,3.92,3.03,,
2026-04-30,2.6058943243,4.317840852648349,4.771,,3.88,2.96,,1.402
2026-05-01,,4.294894546448157,4.724,,3.88,2.94,,1.385
2026-05-04,2.6404350044,,4.687,,3.95,3.05,,
2026-05-05,2.6390993225,4.388836115440038,4.666,,3.93,3.01,,
2026-05-06,2.5384893356,4.252265124198725,4.665,,3.87,2.91,,
2026-05-07,2.5130682789,4.2379116937979076,4.642,,3.92,2.94,,1.372
2026-05-08,2.5402702863,4.2581130067297845,4.692,,3.9,2.86,,1.378
2026-05-11,2.5923630642,4.341890836603376,4.706,,3.95,2.93,,1.395
2026-05-12,2.6582573787,4.400766458052246,4.733,,4.0,2.97,,1.401
2026-05-13,2.6562503742,4.360958704631585,4.739,,3.98,2.96,,1.401
2026-05-14,2.6059369849,4.314990659981407,4.703,,4.0,2.96,,1.407
2026-05-15,2.6867609973,4.417798970368128,4.744,,4.09,3.07,,1.413
2026-05-18,2.6399098709,4.3918465021633954,4.752,,4.07,,,1.431
2026-05-19,2.6893209753,4.38019964273059,4.693,,4.13,3.04,,1.452
2026-05-20,2.6729796871,4.255215458341153,4.706,,4.04,2.93,,1.464
2026-05-21,2.6286870284,4.251506780529133,4.618,,4.08,2.91,,1.453
2026-05-22,2.5735265749,4.213917445908072,4.579,,4.13,2.92,,1.443
2026-05-25,2.4784887624,,4.562,,,2.84,,1.42
2026-05-26,2.5304227883,4.184239994581914,4.588,,4.01,2.84,,1.421
2026-05-27,2.5242753911,4.157572371040567,4.539,,4.0,2.86,,1.399
2026-05-28,2.5253148055,4.12912246624347,4.566,,3.99,2.84,,1.366
2026-05-29,2.5006714674,4.090468839227259,4.52,,3.98,2.77,,1.393
2026-06-01,2.5777190557,4.2108756141818455,4.558,,4.05,2.81,,1.4
2026-06-02,2.5557837052,4.193959655143443,4.571,,4.05,2.8,,1.38
2026-06-03,2.5889111082,4.242430508662584,4.598,,4.08,2.81,,1.401
2026-06-04,2.5816369773,4.223145658672069,4.598,,4.05,2.8,,1.417
2026-06-05,2.6015235946,4.222903171271351,4.595,,4.17,2.87,,1.412
2026-06-08,2.623581458,4.2565900472908815,,,4.15,2.87,,1.42
2026-06-09,2.6189683991,4.222532723323907,4.579,,4.13,2.85,,1.42
2026-06-10,2.6354295416,4.242775960604432,4.539,,4.13,2.83,,1.426
2026-06-11,2.6089401632,4.22574758930818,4.531,,4.05,2.77,,1.427
2026-06-12,2.5775819706,4.1325368108666005,4.467,,4.09,2.76,,1.417
2026-06-15,2.5184709728,4.0720958420846225,4.476,,4.07,2.76,,1.409
2026-06-16,2.5154495371,4.095484768269294,4.472,,4.05,2.75,,1.414
2026-06-17,2.5267491655,4.0526178577075065,4.437,,4.2,2.82,,1.398
2026-06-18,2.5543756811,4.065800867870528,4.467,,4.19,2.78,,1.4
2026-06-19,2.5758917711,4.144556605103053,4.501,,,2.78,,1.409
2026-06-22,2.5451244434,4.100207696858227,4.491,,4.24,2.81,,1.415
2026-06-23,2.5038709417,4.058134608440271,4.442,,4.16,2.78,,1.426
2026-06-24,2.4861849189,4.029011236832931,4.444,,4.11,2.73,,1.432
2026-06-25,2.4756991249,4.012348586561525,4.413,,4.09,2.75,,1.421
2026-06-26,2.4528794927,4.017240447282394,4.406,,4.07,2.75,,1.409
2026-06-29,2.476732268,4.0215495428830845,4.43,,4.1,2.73,,1.411
2026-06-30,2.4760833371,4.048496397183161,4.413,,4.14,2.74,,1.382
2026-07-01,2.4738910102,4.023306434611807,4.458,,4.17,,,1.4
2026-07-02,2.4543322029,4.002580640272512,4.47,,4.14,2.76,,1.395
2026-07-03,2.4707016791,4.016434639704916,4.444,,,2.75,,1.39
2026-07-06,2.484644142,4.013775037124268,4.428,,4.13,2.72,,1.396
2026-07-07,2.5291403048,4.050602211399644,4.442,,4.19,2.8,,1.402
2026-07-08,2.6192816299,4.207763301217807,4.487,,4.21,2.85,,1.433
2026-07-09,2.6146246593,4.13725526795426,4.483,,4.16,2.8,,1.444
2026-07-10,2.5992991792,4.120412262796372,4.443,,4.21,2.82,,1.434
2026-07-13,2.6446073262,4.23097189203075,4.468,,4.26,2.88,,1.451
2026-07-14,2.6874859602,4.211552022110643,4.514,,4.18,2.86,,1.435
2026-07-15,2.6761872416,4.213406414526219,4.501,,4.13,2.82,,1.436
2026-07-16,2.6989120043,4.240251682440775,4.487,,4.16,2.83,,1.44
2026-07-17,2.6977042564,4.238958142991435,4.5,,4.18,2.86,,1.436
2026-07-20,2.7099382231,4.296143907807179,4.566,,4.21,2.84,,
2026-07-21,2.7373771255,4.291527554847961,4.539,,4.26,2.82,,1.441
2026-07-22,2.7617110552,4.3293533493665795,4.561,,4.31,2.89,,1.45
2026-07-23,2.8005546841,4.389995088523126,4.607,,4.37,2.96,,1.499
2026-07-24,2.7719528205,4.321041273541144,4.715,,4.33,2.9,,1.531
2026-07-27,2.7295925773,4.271428807353065,4.625,,4.31,2.87,,1.513
2026-07-28,2.7075644189,4.23854097302667,4.574,,4.26,2.84,,1.504
2026-07-29,2.7319809842,4.325468244874113,4.506,,4.22,2.85,,1.488
2026-07-30,2.7130737913,4.261328145286431,4.559,,4.23,2.85,,1.497
2026-07-31,2.7607858384,4.299102499557623,4.509,,4.28,2.91,,1.507
2026-08-03,2.7020530741,,4.517,,4.25,,,
2026-08-04,2.662325091,,4.542,,4.2,2.83,,
2026-08-05,2.6703142615,,4.489,,4.18,2.82,,
2026-08-06,2.6725142222,,,,4.25,2.92,,
2026-08-07,,,,,4.19,,,
