date,open,high,low,close,volume,suspect
2004-06-01,0.910830,0.910830,0.910830,0.910830,4,False
2004-06-02,0.918230,0.918230,0.918230,0.918230,4,False
2004-06-03,0.917180,0.917180,0.917180,0.917180,4,False
2004-06-04,0.917260,0.917260,0.917260,0.917260,4,False
2004-06-07,0.918480,0.918480,0.918480,0.918480,4,False
2004-06-08,0.917350,0.917350,0.917350,0.917350,4,False
2004-06-09,0.922510,0.922510,0.922510,0.922510,4,False
2004-06-10,0.915540,0.915540,0.915540,0.915540,4,False
2004-06-11,0.923700,0.923700,0.923700,0.923700,4,False
2004-06-14,0.913660,0.913660,0.913660,0.913660,4,False
2004-06-15,0.913080,0.913080,0.913080,0.913080,4,False
2004-06-16,0.922420,0.922420,0.922420,0.922420,4,False
2004-06-17,0.913450,0.913450,0.913450,0.913450,4,False
2004-06-18,0.913320,0.913320,0.913320,0.913320,4,False
2004-06-21,0.912740,0.912740,0.912740,0.912740,4,False
2004-06-22,0.920390,0.920390,0.920390,0.920390,4,False
2004-06-23,0.921320,0.921320,0.921320,0.921320,4,False
2004-06-24,0.925410,0.925410,0.925410,0.925410,4,False
2004-06-25,0.923700,0.923700,0.923700,0.923700,4,False
2004-06-28,0.926440,0.926440,0.926440,0.926440,4,False
2004-06-29,0.941660,0.941660,0.941660,0.941660,4,False
2004-06-30,0.936810,0.936810,0.936810,0.936810,4,False
2004-07-01,0.937300,0.937300,0.937300,0.937300,4,False
2004-07-02,0.931540,0.931540,0.931540,0.931540,4,False
2004-07-05,0.932140,0.932140,0.932140,0.932140,4,False
2004-07-06,0.931360,0.931360,0.931360,0.931360,4,False
2004-07-07,0.929200,0.929200,0.929200,0.929200,4,False
2004-07-08,0.929720,0.929720,0.929720,0.929720,4,False
2004-07-09,0.927820,0.927820,0.927820,0.927820,4,False
2004-07-12,0.929620,0.929620,0.929620,0.929620,4,False
2004-07-13,0.937470,0.937470,0.937470,0.937470,4,False
2004-07-14,0.929760,0.929760,0.929760,0.929760,4,False
2004-07-15,0.934320,0.934320,0.934320,0.934320,4,False
2004-07-16,0.934230,0.934230,0.934230,0.934230,4,False
2004-07-19,0.938880,0.938880,0.938880,0.938880,4,False
2004-07-20,0.947150,0.947150,0.947150,0.947150,4,False
2004-07-21,0.945900,0.945900,0.945900,0.945900,4,False
2004-07-22,0.947820,0.947820,0.947820,0.947820,4,False
2004-07-23,0.959320,0.959320,0.959320,0.959320,4,False
2004-07-26,0.948770,0.948770,0.948770,0.948770,4,False
2004-07-27,0.957940,0.957940,0.957940,0.957940,4,False
2004-07-28,0.959880,0.959880,0.959880,0.959880,4,False
2004-07-29,0.966510,0.966510,0.966510,0.966510,4,False
2004-07-30,0.962840,0.962840,0.962840,0.962840,4,False
2004-08-02,0.960160,0.960160,0.960160,0.960160,4,False
2004-08-03,0.970020,0.970020,0.970020,0.970020,4,False
2004-08-04,0.969880,0.969880,0.969880,0.969880,4,False
2004-08-05,0.967360,0.967360,0.967360,0.967360,4,False
2004-08-06,0.952840,0.952840,0.952840,0.952840,4,False
2004-08-09,0.951840,0.951840,0.951840,0.951840,4,False
2004-08-10,0.955480,0.955480,0.955480,0.955480,4,False
2004-08-11,0.952290,0.952290,0.952290,0.952290,4,False
2004-08-12,0.943440,0.943440,0.943440,0.943440,4,False
2004-08-13,0.945800,0.945800,0.945800,0.945800,4,False
2004-08-16,0.949310,0.949310,0.949310,0.949310,4,False
2004-08-17,0.950930,0.950930,0.950930,0.950930,4,False
2004-08-18,0.954290,0.954290,0.954290,0.954290,4,False
2004-08-19,0.958540,0.958540,0.958540,0.958540,4,False
2004-08-20,0.963300,0.963300,0.963300,0.963300,4,False
2004-08-23,0.971200,0.971200,0.971200,0.971200,4,False
2004-08-24,0.973900,0.973900,0.973900,0.973900,4,False
2004-08-25,0.975800,0.975800,0.975800,0.975800,4,False
2004-08-26,0.973520,0.973520,0.973520,0.973520,4,False
2004-08-27,0.976560,0.976560,0.976560,0.976560,4,False
2004-08-30,0.971250,0.971250,0.971250,0.971250,4,False
2004-08-31,0.964700,0.964700,0.964700,0.964700,4,False
2004-09-01,0.963900,0.963900,0.963900,0.963900,4,False
2004-09-02,0.970680,0.970680,0.970680,0.970680,4,False
2004-09-03,0.977710,0.977710,0.977710,0.977710,4,False
2004-09-06,0.978710,0.978710,0.978710,0.978710,4,False
2004-09-07,0.984500,0.984500,0.984500,0.984500,4,False
2004-09-08,0.976900,0.976900,0.976900,0.976900,4,False
2004-09-09,0.979100,0.979100,0.979100,0.979100,4,False
2004-09-10,0.974380,0.974380,0.974380,0.974380,4,False
2004-09-13,0.967120,0.967120,0.967120,0.967120,4,False
2004-09-14,0.973240,0.973240,0.973240,0.973240,4,False
2004-09-15,0.979620,0.979620,0.979620,0.979620,4,False
2004-09-16,0.983240,0.983240,0.983240,0.983240,4,False
2004-09-17,0.977230,0.977230,0.977230,0.977230,4,False
2004-09-20,0.982220,0.982220,0.982220,0.982220,4,False
2004-09-21,0.973710,0.973710,0.973710,0.973710,4,False
2004-09-22,0.982600,0.982600,0.982600,0.982600,4,False
2004-09-23,0.984840,0.984840,0.984840,0.984840,4,False
2004-09-24,0.990000,0.990000,0.990000,0.990000,4,False
2004-09-27,0.991080,0.991080,0.991080,0.991080,4,False
2004-09-28,0.990000,0.990000,0.990000,0.990000,4,False
2004-09-29,0.990780,0.990780,0.990780,0.990780,4,False
2004-09-30,0.987940,0.987940,0.987940,0.987940,4,False
2004-10-01,0.990590,0.990590,0.990590,0.990590,4,False
2004-10-04,0.994330,0.994330,0.994330,0.994330,4,False
2004-10-05,1.000600,1.000600,1.000600,1.000600,4,False
2004-10-06,1.004520,1.004520,1.004520,1.004520,4,False
2004-10-07,1.003010,1.003010,1.003010,1.003010,4,False
2004-10-08,0.999400,0.999400,0.999400,0.999400,4,False
2004-10-11,0.996460,0.996460,0.996460,0.996460,4,False
2004-10-12,1.000200,1.000200,1.000200,1.000200,4,False
2004-10-13,0.996220,0.996220,0.996220,0.996220,4,False
2004-10-14,0.990440,0.990440,0.990440,0.990440,4,False
2004-10-15,0.984940,0.984940,0.984940,0.984940,4,False
2004-10-18,0.979720,0.979720,0.979720,0.979720,4,False
2004-10-19,0.976940,0.976940,0.976940,0.976940,4,False
2004-10-20,0.980490,0.980490,0.980490,0.980490,4,False
2004-10-21,0.979050,0.979050,0.979050,0.979050,4,False
2004-10-22,0.981260,0.981260,0.981260,0.981260,4,False
2004-10-25,0.979770,0.979770,0.979770,0.979770,4,False
2004-10-26,0.980440,0.980440,0.980440,0.980440,4,False
2004-10-27,0.984350,0.984350,0.984350,0.984350,4,False
2004-10-28,0.981400,0.981400,0.981400,0.981400,4,False
2004-10-29,0.980870,0.980870,0.980870,0.980870,4,False
2004-11-01,0.982850,0.982850,0.982850,0.982850,4,False
2004-11-02,0.983720,0.983720,0.983720,0.983720,4,False
2004-11-03,0.987220,0.987220,0.987220,0.987220,4,False
2004-11-04,0.983620,0.983620,0.983620,0.983620,4,False
2004-11-05,0.983090,0.983090,0.983090,0.983090,4,False
2004-11-08,0.989860,0.989860,0.989860,0.989860,4,False
2004-11-09,0.986140,0.986140,0.986140,0.986140,4,False
2004-11-10,0.988920,0.988920,0.988920,0.988920,4,False
2004-11-11,0.985180,0.985180,0.985180,0.985180,4,False
2004-11-12,0.982220,0.982220,0.982220,0.982220,4,False
2004-11-15,0.982370,0.982370,0.982370,0.982370,4,False
2004-11-16,0.984100,0.984100,0.984100,0.984100,4,False
2004-11-17,0.974520,0.974520,0.974520,0.974520,4,False
2004-11-18,0.970640,0.970640,0.970640,0.970640,4,False
2004-11-19,0.973710,0.973710,0.973710,0.973710,4,False
2004-11-22,0.979960,0.979960,0.979960,0.979960,4,False
2004-11-23,0.976990,0.976990,0.976990,0.976990,4,False
2004-11-24,0.970540,0.970540,0.970540,0.970540,4,False
2004-11-25,0.968760,0.968760,0.968760,0.968760,4,False
2004-11-26,0.968520,0.968520,0.968520,0.968520,4,False
2004-11-29,0.962980,0.962980,0.962980,0.962980,4,False
2004-11-30,0.960940,0.960940,0.960940,0.960940,4,False
2004-12-01,0.964280,0.964280,0.964280,0.964280,4,False
2004-12-02,0.964090,0.964090,0.964090,0.964090,4,False
2004-12-03,0.948590,0.948590,0.948590,0.948590,4,False
2004-12-06,0.950620,0.950620,0.950620,0.950620,4,False
2004-12-07,0.944160,0.944160,0.944160,0.944160,4,False
2004-12-08,0.945220,0.945220,0.945220,0.945220,4,False
2004-12-09,0.942200,0.942200,0.942200,0.942200,4,False
2004-12-10,0.947690,0.947690,0.947690,0.947690,4,False
2004-12-13,0.939630,0.939630,0.939630,0.939630,4,False
2004-12-14,0.933920,0.933920,0.933920,0.933920,4,False
2004-12-15,0.931580,0.931580,0.931580,0.931580,4,False
2004-12-16,0.938660,0.938660,0.938660,0.938660,4,False
2004-12-17,0.943760,0.943760,0.943760,0.943760,4,False
2004-12-20,0.934710,0.934710,0.934710,0.934710,4,False
2004-12-21,0.936810,0.936810,0.936810,0.936810,4,False
2004-12-22,0.928460,0.928460,0.928460,0.928460,4,False
2004-12-23,0.928330,0.928330,0.928330,0.928330,4,False
2004-12-24,0.928850,0.928850,0.928850,0.928850,4,False
2004-12-27,0.931790,0.931790,0.931790,0.931790,4,False
2004-12-28,0.932490,0.932490,0.932490,0.932490,4,False
2004-12-29,0.936940,0.936940,0.936940,0.936940,4,False
2004-12-30,0.939400,0.939400,0.939400,0.939400,4,False
2004-12-31,0.949940,0.949940,0.949940,0.949940,4,False
2005-01-03,0.948410,0.957260,0.943660,0.950660,43404,False
2005-01-04,0.950570,0.957170,0.948100,0.953600,62163,False
2005-01-05,0.953520,0.957170,0.950980,0.953340,64033,False
2005-01-06,0.953340,0.957260,0.947560,0.951160,61294,False
2005-01-07,0.951160,0.963620,0.947460,0.961820,56849,False
2005-01-10,0.960430,0.969880,0.959920,0.966790,51423,False
2005-01-11,0.966700,0.971860,0.962420,0.970640,59675,False
2005-01-12,0.970450,0.975840,0.967080,0.972060,58210,False
2005-01-13,0.972060,0.977280,0.970160,0.974320,57175,False
2005-01-14,0.974320,0.978620,0.967720,0.968990,67314,False
2005-01-17,0.970030,0.973190,0.968430,0.971860,32599,False
2005-01-18,0.971960,0.974320,0.964920,0.969700,59266,False
2005-01-19,0.969800,0.971160,0.962140,0.965950,59403,False
2005-01-20,0.965950,0.968860,0.962320,0.964180,61971,False
2005-01-21,0.964180,0.974990,0.964180,0.970030,56180,False
2005-01-24,0.970680,0.972810,0.965020,0.965760,50540,False
2005-01-25,0.965760,0.970640,0.957720,0.965200,60911,False
2005-01-26,0.965200,0.967360,0.957620,0.960750,60826,False
2005-01-27,0.960480,0.960840,0.954880,0.956800,60892,False
2005-01-28,0.956710,0.958540,0.953740,0.957760,53792,False
2005-01-31,0.958040,0.961860,0.955520,0.958820,57526,False
2005-02-01,0.958820,0.966040,0.957080,0.963160,55157,False
2005-02-02,0.962980,0.967360,0.959280,0.963440,55935,False
2005-02-03,0.963340,0.969600,0.962140,0.968760,55983,False
2005-02-04,0.968660,0.971400,0.963250,0.969370,57990,False
2005-02-07,0.970030,0.975900,0.965900,0.975610,55367,False
2005-02-08,0.975610,0.980580,0.972100,0.980100,53573,False
2005-02-09,0.980100,0.980100,0.972100,0.975230,51104,False
2005-02-10,0.975320,0.976850,0.970970,0.972760,55844,False
2005-02-11,0.972670,0.979820,0.971250,0.979340,45170,False
2005-02-14,0.978090,0.979720,0.968860,0.971580,52117,False
2005-02-15,0.971580,0.973190,0.963900,0.966980,56311,False
2005-02-16,0.966980,0.968760,0.956800,0.959920,64191,False
2005-02-17,0.959650,0.965390,0.957080,0.962600,56748,False
2005-02-18,0.962600,0.965300,0.959830,0.960710,47582,False
2005-02-21,0.962280,0.963340,0.956980,0.958450,32334,False
2005-02-22,0.958450,0.959460,0.942900,0.945400,68576,False
2005-02-23,0.945320,0.948460,0.933320,0.934450,66498,False
2005-02-24,0.934360,0.943800,0.930450,0.943710,71407,False
2005-02-25,0.943710,0.945140,0.937430,0.938170,58873,False
2005-02-28,0.937650,0.944860,0.936330,0.942460,56614,False
2005-03-01,0.942550,0.946200,0.936990,0.938840,61962,False
2005-03-02,0.938750,0.948540,0.938220,0.947100,61533,False
2005-03-03,0.947100,0.949980,0.943620,0.949360,57547,False
2005-03-04,0.949360,0.951790,0.947280,0.949850,53945,False
2005-03-07,0.949220,0.957440,0.948050,0.955520,49214,False
2005-03-08,0.955520,0.959000,0.952060,0.957720,57355,False
2005-03-09,0.957810,0.965110,0.956710,0.960110,61300,False
2005-03-10,0.960110,0.962880,0.956800,0.957620,67182,False
2005-03-11,0.957620,0.961310,0.952600,0.953380,53010,False
2005-03-14,0.953920,0.963160,0.953660,0.960480,54013,False
2005-03-15,0.960480,0.969140,0.959370,0.965440,55619,False
2005-03-16,0.965340,0.966560,0.955880,0.956710,58342,False
2005-03-17,0.956710,0.964740,0.954700,0.962980,56079,False
2005-03-18,0.962980,0.970260,0.961960,0.967680,53178,False
2005-03-21,0.967490,0.974700,0.967160,0.973000,58807,False
2005-03-22,0.973000,0.986240,0.971960,0.982750,61346,False
2005-03-23,0.982750,0.987700,0.980440,0.984200,67401,False
2005-03-24,0.984100,0.990060,0.980540,0.989860,56712,False
2005-03-25,0.989860,0.989960,0.984440,0.984940,12528,False
2005-03-28,0.984440,0.989610,0.983960,0.987940,40225,False
2005-03-29,0.987940,0.994380,0.984980,0.992900,58736,False
2005-03-30,0.993000,0.993200,0.980630,0.986340,60957,False
2005-03-31,0.986340,0.989660,0.981690,0.988380,58324,False
2005-04-01,0.988380,0.992900,0.984200,0.990390,59005,False
2005-04-04,0.991180,0.993240,0.987900,0.990000,50188,False
2005-04-05,0.990000,0.992560,0.987700,0.989560,55999,False
2005-04-06,0.989560,0.991480,0.985020,0.986340,57899,False
2005-04-07,0.986340,0.988040,0.981500,0.987060,60176,False
2005-04-08,0.987060,0.990140,0.974090,0.974380,60766,False
2005-04-11,0.974280,0.977560,0.963250,0.967720,53174,False
2005-04-12,0.967440,0.975460,0.965580,0.968660,58498,False
2005-04-13,0.968760,0.975040,0.967720,0.969140,58080,False
2005-04-14,0.969140,0.979910,0.968760,0.977560,59969,False
2005-04-15,0.977660,0.979340,0.962100,0.963020,60875,False
2005-04-18,0.964220,0.965760,0.949000,0.951800,60661,False
2005-04-19,0.951800,0.955340,0.949620,0.954420,60836,False
2005-04-20,0.954610,0.957900,0.948180,0.948540,61250,False
2005-04-21,0.948460,0.956340,0.947200,0.954880,65099,False
2005-04-22,0.954880,0.959370,0.952970,0.956480,55176,False
2005-04-25,0.957760,0.962510,0.956250,0.959460,56715,False
2005-04-26,0.959370,0.960700,0.952420,0.953290,55274,False
2005-04-27,0.953290,0.959000,0.952420,0.954840,63335,False
2005-04-28,0.954920,0.955340,0.950160,0.952700,62684,False
2005-04-29,0.952700,0.953060,0.945580,0.949940,62774,False
2005-05-02,0.950120,0.956800,0.947560,0.955020,44088,False
2005-05-03,0.955020,0.957810,0.952340,0.957580,56311,False
2005-05-04,0.957480,0.957680,0.949940,0.956890,59725,False
2005-05-05,0.956890,0.961860,0.954610,0.958180,56142,False
2005-05-06,0.958180,0.973710,0.957720,0.971440,54614,False
2005-05-09,0.971630,0.975510,0.970080,0.973940,45507,False
2005-05-10,0.973940,0.975610,0.969420,0.971200,46816,False
2005-05-11,0.971200,0.971680,0.963340,0.965580,53523,False
2005-05-12,0.965670,0.973520,0.965390,0.971630,53951,False
2005-05-13,0.971630,0.976560,0.966840,0.966930,59738,False
2005-05-16,0.967300,0.970780,0.960980,0.962180,51509,False
2005-05-17,0.962180,0.969080,0.959500,0.968620,52764,False
2005-05-18,0.968620,0.969650,0.964220,0.966840,49991,False
2005-05-19,0.966930,0.971160,0.963900,0.970310,41024,False
2005-05-20,0.970310,0.978090,0.970160,0.974560,44990,False
2005-05-23,0.975040,0.979720,0.974280,0.978280,43926,False
2005-05-24,0.978280,0.979240,0.971910,0.975660,55537,False
2005-05-25,0.975560,0.977230,0.968710,0.970220,52895,False
2005-05-26,0.969930,0.976280,0.969740,0.975700,52495,False
2005-05-27,0.975700,0.983380,0.974280,0.981060,49978,False
2005-05-30,0.980300,0.987060,0.979620,0.986000,31834,False
2005-05-31,0.986100,0.996460,0.984690,0.994780,66782,False
2005-06-01,0.994780,1.008370,0.992800,1.007460,58126,False
2005-06-02,1.007460,1.009240,0.996810,1.002810,64080,False
2005-06-03,1.002810,1.007560,0.999950,1.004620,46968,False
2005-06-06,1.004920,1.005640,0.999200,1.003720,50628,False
2005-06-07,1.003720,1.005330,0.997800,0.999700,52083,False
2005-06-08,0.999700,1.004020,0.995620,1.003110,58947,False
2005-06-09,1.003110,1.003310,0.996810,0.998100,57487,False
2005-06-10,0.998100,1.016980,0.996320,1.013890,58183,False
2005-06-13,1.014720,1.016880,1.011320,1.012360,57514,False
2005-06-14,1.012360,1.020510,1.009080,1.019890,60910,False
2005-06-15,1.019680,1.028910,1.017710,1.028170,64376,False
2005-06-16,1.028170,1.031560,1.024070,1.029230,64061,False
2005-06-17,1.029230,1.030080,1.020820,1.023220,63413,False
2005-06-20,1.026430,1.034020,1.024120,1.028490,56877,False
2005-06-21,1.028600,1.034440,1.025430,1.027540,68463,False
2005-06-22,1.027430,1.033060,1.023750,1.030290,65504,False
2005-06-23,1.030290,1.039940,1.027120,1.038000,64380,False
2005-06-24,1.038000,1.042100,1.032100,1.032840,61068,False
2005-06-27,1.032420,1.033270,1.023440,1.031040,58371,False
2005-06-28,1.031040,1.041880,1.027860,1.039940,64254,False
2005-06-29,1.039940,1.046680,1.037460,1.043950,61132,False
2005-06-30,1.043950,1.048440,1.039610,1.045970,69687,False
2005-07-01,1.046080,1.051080,1.041660,1.043740,62046,False
2005-07-04,1.042860,1.051800,1.040580,1.050920,44999,False
2005-07-05,1.050920,1.053520,1.045760,1.048600,63776,False
2005-07-06,1.048500,1.055740,1.046240,1.052410,57211,False
2005-07-07,1.052410,1.058590,1.041400,1.056800,60556,False
2005-07-08,1.056800,1.069630,1.055240,1.065980,67775,False
2005-07-11,1.065640,1.068720,1.056800,1.057030,60427,False
2005-07-12,1.057030,1.061000,1.051860,1.056190,70669,False
2005-07-13,1.056190,1.070720,1.054960,1.067800,62360,False
2005-07-14,1.067800,1.073770,1.063380,1.063830,65294,False
2005-07-15,1.063830,1.068600,1.059540,1.061570,60073,False
2005-07-18,1.061680,1.065640,1.057080,1.064510,54073,False
2005-07-19,1.064510,1.071580,1.061900,1.065640,61242,False
2005-07-20,1.065640,1.067010,1.050480,1.054350,69225,False
2005-07-21,1.054240,1.060440,1.048280,1.056130,74412,False
2005-07-22,1.056130,1.066210,1.052630,1.063260,62373,False
2005-07-25,1.063940,1.066900,1.060680,1.063830,54919,False
2005-07-26,1.063830,1.066320,1.054960,1.056420,63506,False
2005-07-27,1.056420,1.059660,1.045700,1.047450,65733,False
2005-07-28,1.047450,1.052960,1.041240,1.045150,64149,False
2005-07-29,1.045260,1.054520,1.043570,1.054080,64643,False
2005-08-01,1.054860,1.056520,1.045040,1.055520,68187,False
2005-08-02,1.055520,1.056520,1.048110,1.048220,69811,False
2005-08-03,1.048220,1.053850,1.036380,1.036600,71656,False
2005-08-04,1.036600,1.042640,1.035200,1.036700,66205,False
2005-08-05,1.036700,1.041560,1.030020,1.037670,61713,False
2005-08-08,1.038420,1.041340,1.036480,1.038100,55752,False
2005-08-09,1.038100,1.040150,1.032310,1.039060,53824,False
2005-08-10,1.039060,1.041240,1.030720,1.038000,52175,False
2005-08-11,1.038000,1.041240,1.034660,1.037880,53514,False
2005-08-12,1.037880,1.046680,1.034440,1.041880,48752,False
2005-08-15,1.040040,1.049540,1.039930,1.045700,40129,False
2005-08-16,1.045920,1.051970,1.043900,1.046570,50338,False
2005-08-17,1.046570,1.050530,1.039940,1.040150,54945,False
2005-08-18,1.040040,1.044770,1.038530,1.042970,53672,False
2005-08-19,1.042970,1.053400,1.041780,1.053180,46028,False
2005-08-22,1.051960,1.057420,1.049100,1.056640,44930,False
2005-08-23,1.056640,1.063940,1.054960,1.060440,47247,False
2005-08-24,1.060440,1.065080,1.058320,1.061800,52518,False
2005-08-25,1.061900,1.063720,1.053080,1.053960,54262,False
2005-08-26,1.053960,1.055960,1.047450,1.049100,48964,False
2005-08-29,1.050860,1.060160,1.049210,1.057700,44058,False
2005-08-30,1.057590,1.067240,1.055460,1.065420,53411,False
2005-08-31,1.065300,1.066780,1.054410,1.054850,58015,False
2005-09-01,1.054850,1.056300,1.042100,1.042970,58127,False
2005-09-02,1.042860,1.045480,1.032840,1.035620,55829,False
2005-09-05,1.034120,1.038740,1.031140,1.035520,33543,False
2005-09-06,1.035620,1.042640,1.035360,1.041340,55115,False
2005-09-07,1.041240,1.047560,1.037400,1.045920,57875,False
2005-09-08,1.046020,1.054410,1.044060,1.053740,49233,False
2005-09-09,1.053740,1.059100,1.049320,1.055520,54298,False
2005-09-12,1.056970,1.062580,1.056300,1.059440,49007,False
2005-09-13,1.059540,1.070320,1.057080,1.067460,54458,False
2005-09-14,1.067460,1.068950,1.062020,1.065530,51016,False
2005-09-15,1.065530,1.071410,1.064740,1.069750,53962,False
2005-09-16,1.069520,1.077470,1.064620,1.076770,52234,False
2005-09-19,1.078400,1.094810,1.077700,1.094450,51345,False
2005-09-20,1.094450,1.096730,1.089680,1.095170,53864,False
2005-09-21,1.095170,1.096730,1.084840,1.088020,53975,False
2005-09-22,1.088020,1.096730,1.085420,1.091340,56125,False
2005-09-23,1.091340,1.105220,1.089680,1.104360,52461,False
2005-09-26,1.102540,1.104980,1.095050,1.099500,53657,False
2005-09-27,1.099500,1.106920,1.098660,1.100350,58052,False
2005-09-28,1.100350,1.103260,1.095410,1.100720,58926,False
2005-09-29,1.100720,1.107540,1.097940,1.104360,51378,False
2005-09-30,1.104360,1.116070,1.101680,1.112350,55378,False
2005-10-03,1.112220,1.120570,1.110860,1.116320,51614,False
2005-10-04,1.116440,1.119950,1.108900,1.109760,50490,False
2005-10-05,1.109760,1.110860,1.092900,1.093730,53055,False
2005-10-06,1.093730,1.093730,1.073880,1.075960,67750,False
2005-10-07,1.075960,1.091110,1.075500,1.088260,55112,False
2005-10-10,1.089680,1.096850,1.084480,1.091220,41321,False
2005-10-11,1.091220,1.098060,1.088970,1.096370,53668,False
2005-10-12,1.096250,1.103260,1.095770,1.099750,55121,False
2005-10-13,1.099750,1.105460,1.087430,1.089320,60369,False
2005-10-14,1.089320,1.093970,1.078280,1.082720,54715,False
2005-10-17,1.082360,1.097450,1.080380,1.095410,50600,False
2005-10-18,1.095410,1.104480,1.094690,1.102660,54788,False
2005-10-19,1.102660,1.107060,1.098900,1.101440,59556,False
2005-10-20,1.101440,1.106800,1.092780,1.092900,56171,False
2005-10-21,1.092900,1.094930,1.085180,1.087550,58227,False
2005-10-24,1.088730,1.092540,1.080260,1.084960,51829,False
2005-10-25,1.084960,1.089440,1.081540,1.086600,44392,False
2005-10-26,1.086600,1.097210,1.082020,1.096610,60171,False
2005-10-27,1.096610,1.097820,1.085420,1.085780,62219,False
2005-10-28,1.085660,1.091340,1.083540,1.087780,53815,False
2005-10-31,1.088020,1.096970,1.086250,1.090040,56838,False
2005-11-01,1.090040,1.098420,1.087900,1.096130,58455,False
2005-11-02,1.096010,1.096370,1.081440,1.083300,54857,False
2005-11-03,1.083300,1.094930,1.082360,1.093490,51366,False
2005-11-04,1.093380,1.111240,1.091700,1.104730,58175,False
2005-11-07,1.104730,1.107180,1.098060,1.099990,57390,False
2005-11-08,1.099990,1.107660,1.096370,1.106680,64364,False
2005-11-09,1.106680,1.108280,1.099990,1.104360,56820,False
2005-11-10,1.104360,1.107180,1.099500,1.104480,54791,False
2005-11-11,1.104480,1.106800,1.101200,1.101930,40452,False
2005-11-14,1.103140,1.105460,1.096370,1.104850,59405,False
2005-11-15,1.104850,1.107660,1.102660,1.104000,57469,False
2005-11-16,1.104120,1.112960,1.102900,1.110370,55804,False
2005-11-17,1.110240,1.114760,1.108520,1.109380,53311,False
2005-11-18,1.109380,1.115950,1.104000,1.105700,50154,False
2005-11-21,1.106320,1.116940,1.100960,1.116200,53308,False
2005-11-22,1.116200,1.122340,1.113340,1.116700,55677,False
2005-11-23,1.116570,1.122840,1.113340,1.118440,51092,False
2005-11-24,1.118570,1.124800,1.117820,1.122400,33046,False
2005-11-25,1.122400,1.130710,1.121960,1.127140,43430,False
2005-11-28,1.129300,1.132380,1.114580,1.117940,55489,False
2005-11-29,1.117940,1.128160,1.115570,1.123720,54581,False
2005-11-30,1.123720,1.130710,1.122460,1.128160,52328,False
2005-12-01,1.128160,1.133530,1.124860,1.129820,55875,False
2005-12-02,1.129560,1.136940,1.129560,1.133140,48986,False
2005-12-05,1.134560,1.137780,1.126120,1.129180,51422,False
2005-12-06,1.129060,1.135330,1.127260,1.129300,50944,False
2005-12-07,1.129560,1.136360,1.127020,1.132380,50003,False
2005-12-08,1.132500,1.134680,1.118940,1.121960,50549,False
2005-12-09,1.121960,1.127260,1.121080,1.125620,43186,False
2005-12-12,1.128420,1.128670,1.116570,1.120570,53853,False
2005-12-13,1.120570,1.125620,1.118440,1.124220,54324,False
2005-12-14,1.124220,1.125620,1.108520,1.112840,60955,False
2005-12-15,1.112840,1.116320,1.107540,1.112840,60594,False
2005-12-16,1.112840,1.117820,1.110500,1.113090,48282,False
2005-12-19,1.111360,1.114830,1.104720,1.105580,50292,False
2005-12-20,1.105580,1.118570,1.104360,1.116700,55965,False
2005-12-21,1.116440,1.128160,1.113220,1.126760,52168,False
2005-12-22,1.126880,1.128540,1.119950,1.124980,46316,False
2005-12-23,1.125120,1.128800,1.122710,1.125620,33358,False
2005-12-26,1.126260,1.127460,1.123220,1.126060,6079,False
2005-12-27,1.125940,1.127260,1.118690,1.121830,32929,False
2005-12-28,1.121830,1.132240,1.115200,1.130070,49498,False
2005-12-29,1.129820,1.130710,1.124480,1.129440,44911,False
2005-12-30,1.129440,1.133920,1.125620,1.130460,45867,False
2006-01-02,1.130200,1.133020,1.126880,1.129690,8474,False
2006-01-03,1.129690,1.131030,1.115200,1.116070,64819,False
2006-01-04,1.116070,1.116820,1.109260,1.112470,66971,False
2006-01-05,1.112470,1.116570,1.096010,1.097940,63411,False
2006-01-06,1.097940,1.100960,1.086240,1.089680,57536,False
2006-01-09,1.090040,1.094930,1.086480,1.092060,50911,False
2006-01-10,1.091940,1.101620,1.090280,1.098600,56631,False
2006-01-11,1.098600,1.103380,1.095590,1.100840,58598,False
2006-01-12,1.100960,1.108160,1.098180,1.105340,58506,False
2006-01-13,1.105340,1.109760,1.098180,1.100240,56855,False
2006-01-16,1.100480,1.105820,1.097700,1.103880,34296,False
2006-01-17,1.104000,1.109200,1.098900,1.100350,17908,False
2006-01-18,1.100350,1.104600,1.087200,1.093140,26009,False
2006-01-19,1.093260,1.104720,1.089440,1.103760,21901,False
2006-01-20,1.103760,1.114580,1.101440,1.107540,20440,False
2006-01-23,1.106440,1.106680,1.092540,1.093380,22227,False
2006-01-24,1.093260,1.097520,1.088730,1.095170,19810,False
2006-01-25,1.095170,1.101440,1.091820,1.099620,21196,False
2006-01-26,1.099620,1.105340,1.094450,1.103020,18065,False
2006-01-27,1.103020,1.119570,1.102300,1.117560,23071,False
2006-01-30,1.116820,1.127650,1.114950,1.124100,17349,False
2006-01-31,1.123980,1.124480,1.114830,1.122080,19120,False
2006-02-01,1.122080,1.131740,1.119820,1.129560,17991,False
2006-02-02,1.129560,1.132120,1.121830,1.123470,17703,False
2006-02-03,1.123470,1.131740,1.121700,1.131220,18006,False
2006-02-06,1.130200,1.138180,1.128800,1.134560,16564,False
2006-02-07,1.134820,1.136360,1.124220,1.125120,17891,False
2006-02-08,1.125120,1.134430,1.122210,1.130580,17532,False
2006-02-09,1.130960,1.138180,1.126880,1.134560,16920,False
2006-02-10,1.134560,1.135590,1.125620,1.133780,21151,False
2006-02-13,1.133530,1.134680,1.129940,1.132500,15257,False
2006-02-14,1.132630,1.137660,1.128800,1.134430,17244,False
2006-02-15,1.134560,1.137270,1.129060,1.133400,18005,False
2006-02-16,1.133530,1.135260,1.130460,1.131860,15978,False
2006-02-17,1.131990,1.142070,1.130710,1.138950,18627,False
2006-02-20,1.139340,1.140510,1.135080,1.139210,11488,False
2006-02-21,1.139210,1.143640,1.138690,1.140770,15160,False
2006-02-22,1.140770,1.145740,1.137270,1.140900,16422,False
2006-02-23,1.141290,1.143250,1.131860,1.135980,18789,False
2006-02-24,1.136100,1.148240,1.134430,1.146790,18332,False
2006-02-27,1.146260,1.160090,1.145740,1.159280,17698,False
2006-02-28,1.159420,1.160770,1.151140,1.153660,17987,False
2006-03-01,1.153940,1.159820,1.145870,1.156740,18647,False
2006-03-02,1.157280,1.157940,1.146400,1.147320,19098,False
2006-03-03,1.147320,1.150880,1.141810,1.143250,17380,False
2006-03-06,1.143510,1.143780,1.137140,1.139990,17971,False
2006-03-07,1.139990,1.148760,1.138690,1.142070,20714,False
2006-03-08,1.142340,1.143640,1.129060,1.131480,19226,False
2006-03-09,1.132120,1.136360,1.128920,1.132630,18522,False
2006-03-10,1.132760,1.138430,1.129060,1.135340,18258,False
2006-03-13,1.135080,1.135590,1.130710,1.133280,15276,False
2006-03-14,1.133140,1.133920,1.125120,1.125740,17801,False
2006-03-15,1.125620,1.128920,1.120700,1.122210,17491,False
2006-03-16,1.122210,1.125120,1.116570,1.119070,19877,False
2006-03-17,1.119070,1.120070,1.111980,1.113090,19262,False
2006-03-20,1.113960,1.117570,1.104360,1.112340,24747,False
2006-03-21,1.112220,1.121580,1.111480,1.117320,28955,False
2006-03-22,1.117320,1.121200,1.111860,1.118820,27590,False
2006-03-23,1.118820,1.132240,1.117690,1.130580,26084,False
2006-03-24,1.130580,1.130840,1.121450,1.123090,24170,False
2006-03-27,1.121700,1.123470,1.114700,1.119950,16250,False
2006-03-28,1.120200,1.123090,1.110620,1.118690,28831,False
2006-03-29,1.118690,1.120070,1.114950,1.118190,26091,False
2006-03-30,1.118190,1.124740,1.115080,1.118190,24435,False
2006-03-31,1.118440,1.124740,1.114700,1.116070,22970,False
2006-04-03,1.116320,1.122840,1.111360,1.113840,19835,False
2006-04-04,1.113840,1.114460,1.100600,1.109260,25654,False
2006-04-05,1.109500,1.110740,1.103630,1.104720,22838,False
2006-04-06,1.104720,1.120570,1.104000,1.118820,25442,False
2006-04-07,1.118940,1.136750,1.117190,1.132380,26355,False
2006-04-10,1.132250,1.139080,1.130580,1.134300,18145,False
2006-04-11,1.134430,1.138820,1.132380,1.135720,19462,False
2006-04-12,1.135460,1.137270,1.129680,1.132630,20423,False
2006-04-13,1.132630,1.133530,1.124800,1.127580,21083,False
2006-04-14,1.127720,1.130320,1.126760,1.127140,8527,False
2006-04-17,1.127520,1.127520,1.113960,1.117320,17578,False
2006-04-18,1.117070,1.119570,1.110370,1.112470,22407,False
2006-04-19,1.112340,1.119820,1.110000,1.115700,23101,False
2006-04-20,1.115700,1.124220,1.115320,1.122460,19018,False
2006-04-21,1.122460,1.126120,1.118570,1.120950,19612,False
2006-04-24,1.120010,1.121140,1.114020,1.115140,22635,False
2006-04-25,1.115140,1.122900,1.111720,1.120880,18872,False
2006-04-26,1.120880,1.128800,1.119440,1.126260,20035,False
2006-04-27,1.126260,1.129750,1.119640,1.121390,19268,False
2006-04-28,1.121390,1.122640,1.105950,1.109140,20052,False
2006-05-01,1.109380,1.116260,1.103080,1.114390,17258,False
2006-05-02,1.114640,1.119380,1.112410,1.119000,18935,False
2006-05-03,1.119130,1.121520,1.114270,1.115510,19566,False
2006-05-04,1.115510,1.118760,1.106080,1.110000,20225,False
2006-05-05,1.110120,1.111850,1.103570,1.109260,17177,False
2006-05-08,1.107420,1.109640,1.099930,1.104420,17264,False
2006-05-09,1.104540,1.113400,1.101020,1.110180,19162,False
2006-05-10,1.110180,1.110920,1.102780,1.107420,27575,False
2006-05-11,1.107420,1.113340,1.099200,1.100290,37332,False
2006-05-12,1.100290,1.102360,1.078980,1.079450,43712,False
2006-05-15,1.078860,1.089980,1.075900,1.088680,40495,False
2006-05-16,1.088560,1.091880,1.084070,1.090690,35805,False
2006-05-17,1.090690,1.096430,1.086900,1.089860,41406,False
2006-05-18,1.090220,1.093080,1.075560,1.076720,39324,False
2006-05-19,1.076720,1.089080,1.074290,1.088260,39875,False
2006-05-22,1.085420,1.088790,1.075560,1.079500,35741,False
2006-05-23,1.079740,1.085600,1.074170,1.074630,35525,False
2006-05-24,1.075210,1.087600,1.072790,1.087260,45436,False
2006-05-25,1.087480,1.101740,1.084180,1.099560,35882,False
2006-05-26,1.099680,1.110560,1.095590,1.108160,34659,False
2006-05-29,1.108040,1.112350,1.104720,1.107300,15663,False
2006-05-30,1.107300,1.109630,1.098360,1.102720,36825,False
2006-05-31,1.102720,1.108830,1.100660,1.106740,35993,False
2006-06-01,1.107360,1.111860,1.103260,1.107420,36370,False
2006-06-02,1.107660,1.107660,1.096070,1.097340,32068,False
2006-06-05,1.095650,1.097520,1.089800,1.090280,29143,False
2006-06-06,1.090280,1.095650,1.087600,1.091460,32078,False
2006-06-07,1.091460,1.099500,1.090990,1.097450,29652,False
2006-06-08,1.097330,1.103510,1.093610,1.096970,38160,False
2006-06-09,1.097090,1.115320,1.096850,1.112720,33573,False
2006-06-12,1.114830,1.124480,1.112720,1.122460,27806,False
2006-06-13,1.122460,1.125360,1.111730,1.113710,37288,False
2006-06-14,1.113710,1.114460,1.103020,1.105580,33225,False
2006-06-15,1.105460,1.108340,1.099870,1.107480,30843,False
2006-06-16,1.107480,1.108220,1.095050,1.096730,27259,False
2006-06-19,1.096730,1.109380,1.095650,1.107420,27327,False
2006-06-20,1.107300,1.112470,1.103760,1.107920,27078,False
2006-06-21,1.107780,1.118190,1.106560,1.113090,26029,False
2006-06-22,1.112470,1.117940,1.109760,1.112600,29379,False
2006-06-23,1.112340,1.116070,1.107540,1.112720,28847,False
2006-06-26,1.115820,1.115940,1.104000,1.106200,27181,False
2006-06-27,1.106440,1.112600,1.103880,1.106920,27372,False
2006-06-28,1.106920,1.112960,1.105340,1.108770,26285,False
2006-06-29,1.109020,1.121700,1.108520,1.113580,31324,False
2006-06-30,1.113580,1.115450,1.094690,1.095530,33004,False
2006-07-03,1.097820,1.104480,1.093260,1.101200,26768,False
2006-07-04,1.101320,1.108640,1.098960,1.106930,17992,False
2006-07-05,1.107050,1.113090,1.103380,1.108040,31545,False
2006-07-06,1.108520,1.109760,1.102780,1.103260,27103,False
2006-07-07,1.103380,1.106920,1.096550,1.098420,26455,False
2006-07-10,1.097090,1.099870,1.090750,1.095050,27179,False
2006-07-11,1.095290,1.095530,1.081900,1.082480,27424,False
2006-07-12,1.082600,1.088440,1.081660,1.087540,28879,False
2006-07-13,1.087540,1.089800,1.084020,1.087200,29440,False
2006-07-14,1.087310,1.097090,1.085900,1.093740,29144,False
2006-07-17,1.093020,1.105950,1.092660,1.098180,26783,False
2006-07-18,1.098180,1.107180,1.097580,1.102300,31103,False
2006-07-19,1.102050,1.106440,1.097580,1.100480,31395,False
2006-07-20,1.100480,1.101680,1.094690,1.098540,27893,False
2006-07-21,1.098420,1.100350,1.085540,1.086720,27185,False
2006-07-24,1.086720,1.094570,1.085420,1.091340,27640,False
2006-07-25,1.091460,1.098900,1.090040,1.098060,29060,False
2006-07-26,1.098060,1.102420,1.092420,1.093140,28096,False
2006-07-27,1.093140,1.094930,1.087900,1.090870,33126,False
2006-07-28,1.090990,1.093850,1.088440,1.089200,29904,False
2006-07-31,1.089920,1.097700,1.086840,1.088500,28492,False
2006-08-01,1.088620,1.092780,1.083780,1.084360,29167,False
2006-08-02,1.084360,1.093970,1.083180,1.092540,27294,False
2006-08-03,1.091940,1.098660,1.089680,1.094090,30472,False
2006-08-04,1.094090,1.097450,1.079330,1.085190,28847,False
2006-08-07,1.084950,1.096610,1.083420,1.094690,23742,False
2006-08-08,1.094690,1.098660,1.089200,1.090990,28453,False
2006-08-09,1.090990,1.096490,1.090280,1.094690,28300,False
2006-08-10,1.094690,1.099870,1.088260,1.094450,32501,False
2006-08-11,1.094450,1.108520,1.094030,1.105100,30498,False
2006-08-14,1.103140,1.105820,1.100350,1.102050,25403,False
2006-08-15,1.102050,1.103380,1.096190,1.102900,28450,False
2006-08-16,1.102780,1.103510,1.098180,1.098660,24879,False
2006-08-17,1.098660,1.101200,1.093970,1.098900,26527,False
2006-08-18,1.098660,1.102170,1.094810,1.095650,24568,False
2006-08-21,1.095530,1.096010,1.089620,1.095650,27053,False
2006-08-22,1.095650,1.108160,1.094090,1.106260,27943,False
2006-08-23,1.106260,1.115450,1.105400,1.110120,26331,False
2006-08-24,1.110120,1.117690,1.107920,1.116570,25882,False
2006-08-25,1.116700,1.121260,1.115390,1.117820,24832,False
2006-08-28,1.117200,1.118070,1.110500,1.112340,18225,False
2006-08-29,1.112340,1.114950,1.108040,1.109500,29077,False
2006-08-30,1.109260,1.112900,1.105340,1.106440,25521,False
2006-08-31,1.105950,1.115950,1.103260,1.115140,29161,False
2006-09-01,1.115140,1.120200,1.111670,1.114330,28145,False
2006-09-04,1.113590,1.113960,1.108830,1.109200,16704,False
2006-09-05,1.109320,1.112960,1.107420,1.109820,24295,False
2006-09-06,1.109570,1.120950,1.108900,1.117260,26598,False
2006-09-07,1.117260,1.126380,1.114830,1.119640,30940,False
2006-09-08,1.119380,1.121330,1.112470,1.113460,26961,False
2006-09-11,1.113590,1.115200,1.107780,1.109700,27123,False
2006-09-12,1.109700,1.119190,1.108100,1.116820,28436,False
2006-09-13,1.116570,1.120570,1.114460,1.116940,27244,False
2006-09-14,1.116440,1.125050,1.113960,1.120820,29616,False
2006-09-15,1.120820,1.126380,1.118320,1.121830,29322,False
2006-09-18,1.122840,1.124480,1.116440,1.118820,24140,False
2006-09-19,1.118820,1.123220,1.109140,1.110500,28986,False
2006-09-20,1.110740,1.113090,1.106800,1.110120,24313,False
2006-09-21,1.110370,1.119760,1.106320,1.109760,30284,False
2006-09-22,1.109880,1.111980,1.103260,1.105950,30555,False
2006-09-25,1.105580,1.110860,1.100230,1.109380,23988,False
2006-09-26,1.109380,1.117440,1.107660,1.115820,28212,False
2006-09-27,1.115700,1.121960,1.114330,1.119700,27036,False
2006-09-28,1.119700,1.125120,1.117190,1.122210,29975,False
2006-09-29,1.122210,1.126120,1.117690,1.118560,35156,False
2006-10-02,1.118940,1.120070,1.111480,1.114580,26775,False
2006-10-03,1.114330,1.115570,1.109500,1.109760,23176,False
2006-10-04,1.109760,1.114200,1.107180,1.108160,27468,False
2006-10-05,1.108160,1.113220,1.107920,1.112720,24376,False
2006-10-06,1.112720,1.121900,1.110620,1.119700,27238,False
2006-10-09,1.119570,1.124600,1.117940,1.122960,18371,False
2006-10-10,1.122960,1.125880,1.119070,1.121080,30864,False
2006-10-11,1.121080,1.122080,1.116820,1.118190,30292,False
2006-10-12,1.118440,1.120820,1.116200,1.119320,22918,False
2006-10-13,1.119190,1.122580,1.116630,1.118700,22686,False
2006-10-16,1.119820,1.121450,1.116320,1.117190,23511,False
2006-10-17,1.117190,1.118190,1.110620,1.111480,25330,False
2006-10-18,1.111480,1.119950,1.110000,1.117690,21368,False
2006-10-19,1.117820,1.118570,1.109880,1.115700,26942,False
2006-10-20,1.115570,1.122080,1.112220,1.118560,21158,False
2006-10-23,1.117820,1.126120,1.117700,1.122340,21999,False
2006-10-24,1.122340,1.125620,1.121330,1.124480,20797,False
2006-10-25,1.124480,1.126120,1.120450,1.125740,22665,False
2006-10-26,1.125740,1.126120,1.111860,1.115950,27433,False
2006-10-27,1.115950,1.118190,1.113460,1.115200,24185,False
2006-10-30,1.115450,1.117570,1.107780,1.109260,20779,False
2006-10-31,1.109260,1.113090,1.105700,1.108640,22775,False
2006-11-01,1.108520,1.109500,1.096610,1.100350,27457,False
2006-11-02,1.100350,1.103020,1.094330,1.098780,23246,False
2006-11-03,1.098780,1.112600,1.097210,1.109640,21314,False
2006-11-06,1.109640,1.112960,1.105700,1.111480,17960,False
2006-11-07,1.111360,1.112220,1.103630,1.105950,23224,False
2006-11-08,1.105950,1.109140,1.101560,1.107660,21567,False
2006-11-09,1.107920,1.108520,1.098060,1.100840,25327,False
2006-11-10,1.100840,1.101080,1.093260,1.096850,27162,False
2006-11-13,1.095770,1.096610,1.091220,1.094330,23136,False
2006-11-14,1.094210,1.095050,1.089500,1.093380,29185,False
2006-11-15,1.093380,1.099260,1.092060,1.094090,26547,False
2006-11-16,1.094090,1.097450,1.092060,1.092420,25139,False
2006-11-17,1.092180,1.095890,1.083780,1.084840,30389,False
2006-11-20,1.084950,1.087310,1.081780,1.084960,22278,False
2006-11-21,1.084960,1.086480,1.080030,1.082720,22209,False
2006-11-22,1.082720,1.083300,1.074110,1.074230,27657,False
2006-11-23,1.074460,1.075500,1.069060,1.072620,19071,False
2006-11-24,1.072620,1.073650,1.063490,1.065760,25894,False
2006-11-27,1.062980,1.069060,1.062300,1.064620,24179,False
2006-11-28,1.064510,1.069400,1.062980,1.063880,29375,False
2006-11-29,1.063660,1.065760,1.059380,1.062920,35994,False
2006-11-30,1.062920,1.063600,1.047620,1.050360,36854,False
2006-12-01,1.050360,1.052910,1.040100,1.042100,32186,False
2006-12-04,1.042320,1.048600,1.040200,1.045970,28209,False
2006-12-05,1.046080,1.049380,1.042810,1.043780,28397,False
2006-12-06,1.043780,1.049040,1.039230,1.041940,28030,False
2006-12-07,1.042160,1.043350,1.037510,1.039770,27476,False
2006-12-08,1.039770,1.049100,1.035040,1.048330,40446,False
2006-12-11,1.050530,1.052580,1.045640,1.047840,29093,False
2006-12-12,1.047840,1.048820,1.039230,1.040740,34231,False
2006-12-13,1.040960,1.047560,1.039880,1.042700,31183,False
2006-12-14,1.042700,1.051520,1.040850,1.049760,38574,False
2006-12-15,1.049760,1.056190,1.048440,1.054960,40598,False
2006-12-18,1.055080,1.060680,1.052410,1.056420,28558,False
2006-12-19,1.056190,1.058650,1.050530,1.053520,37545,False
2006-12-20,1.053300,1.062240,1.050700,1.060100,36620,False
2006-12-21,1.059880,1.060780,1.052960,1.053300,35780,False
2006-12-22,1.053300,1.056420,1.049870,1.053300,31936,False
2006-12-25,1.053300,1.054960,1.051640,1.051960,5792,False
2006-12-26,1.052860,1.054680,1.051520,1.053300,13220,False
2006-12-27,1.053300,1.056360,1.047940,1.055740,28405,False
2006-12-28,1.055520,1.057030,1.049870,1.053080,30443,False
2006-12-29,1.053080,1.053960,1.044600,1.045800,27867,False
2007-01-01,1.045700,1.046020,1.045260,1.045260,76,False
2007-01-02,1.045260,1.046790,1.039400,1.041340,27212,False
2007-01-03,1.041240,1.049980,1.040150,1.044820,36195,False
2007-01-04,1.044380,1.050860,1.044060,1.047230,37707,False
2007-01-05,1.047010,1.054860,1.042640,1.054080,40738,False
2007-01-08,1.052640,1.055080,1.048770,1.052080,29604,False
2007-01-09,1.052080,1.056190,1.050860,1.054520,34524,False
2007-01-10,1.054630,1.061900,1.053740,1.061340,37672,False
2007-01-11,1.061580,1.065640,1.052960,1.060780,42744,False
2007-01-12,1.060780,1.068380,1.059880,1.065530,38786,False
2007-01-15,1.066550,1.071010,1.064510,1.068720,25497,False
2007-01-16,1.068720,1.069860,1.059540,1.061580,48061,False
2007-01-17,1.061580,1.064960,1.059440,1.063490,42695,False
2007-01-18,1.063490,1.066780,1.059660,1.062020,51666,False
2007-01-19,1.062020,1.067240,1.060000,1.065080,42637,False
2007-01-22,1.064510,1.065760,1.055860,1.056640,37446,False
2007-01-23,1.056640,1.059210,1.046680,1.052520,48211,False
2007-01-24,1.052520,1.060000,1.050420,1.058320,54109,False
2007-01-25,1.058320,1.063040,1.052960,1.055180,54732,False
2007-01-26,1.055180,1.063830,1.054180,1.062580,47599,False
2007-01-29,1.062480,1.064850,1.058650,1.059320,26839,False
2007-01-30,1.059210,1.061680,1.057080,1.060780,42741,False
2007-01-31,1.060900,1.065760,1.053740,1.056860,52109,False
2007-02-01,1.056860,1.059100,1.053520,1.055410,47592,False
2007-02-02,1.055410,1.056420,1.046960,1.053740,43276,False
2007-02-05,1.053860,1.057080,1.051640,1.055740,33808,False
2007-02-06,1.055740,1.057080,1.048110,1.049210,35333,False
2007-02-07,1.049210,1.050860,1.045370,1.048330,33398,False
2007-02-08,1.048550,1.054630,1.046460,1.053300,40494,False
2007-02-09,1.053300,1.065530,1.052960,1.064060,37700,False
2007-02-12,1.064280,1.070890,1.061680,1.066560,36036,False
2007-02-13,1.066660,1.070090,1.062580,1.068720,42284,False
2007-02-14,1.068720,1.069180,1.061340,1.063160,46364,False
2007-02-15,1.063040,1.065080,1.059440,1.061580,47991,False
2007-02-16,1.061580,1.064060,1.058980,1.061680,39386,False
2007-02-19,1.058870,1.061340,1.057980,1.058540,26933,False
2007-02-20,1.058540,1.063600,1.055180,1.056640,29727,False
2007-02-21,1.056640,1.068040,1.054520,1.067120,34014,False
2007-02-22,1.067120,1.072620,1.065190,1.065190,30664,False
2007-02-23,1.065190,1.070320,1.061120,1.062480,34430,False
2007-02-26,1.062820,1.064170,1.059440,1.059880,26281,False
2007-02-27,1.059880,1.061240,1.041450,1.043190,37377,False
2007-02-28,1.043190,1.048770,1.040150,1.042540,38019,False
2007-03-01,1.042540,1.045040,1.034340,1.042210,36410,False
2007-03-02,1.041780,1.046460,1.033160,1.033380,36910,False
2007-03-05,1.034120,1.037340,1.027330,1.033700,51223,False
2007-03-06,1.033700,1.042760,1.032520,1.039610,39958,False
2007-03-07,1.039610,1.042100,1.032310,1.032740,34681,False
2007-03-08,1.032740,1.041880,1.032100,1.040150,37958,False
2007-03-09,1.040150,1.055520,1.038690,1.053180,39915,False
2007-03-12,1.049870,1.054350,1.044600,1.044930,30866,False
2007-03-13,1.044930,1.048660,1.035940,1.036160,32247,False
2007-03-14,1.036160,1.038860,1.028170,1.034120,33937,False
2007-03-15,1.034240,1.039500,1.032520,1.034240,31345,False
2007-03-16,1.034240,1.035200,1.024540,1.026480,32853,False
2007-03-19,1.024380,1.033160,1.023800,1.029660,26300,False
2007-03-20,1.029660,1.044600,1.028910,1.042970,29327,False
2007-03-21,1.042970,1.050640,1.042540,1.046790,30163,False
2007-03-22,1.046790,1.051860,1.044170,1.049210,29288,False
2007-03-23,1.049210,1.052190,1.046460,1.050090,28539,False
2007-03-26,1.050420,1.052740,1.044170,1.046680,34734,False
2007-03-27,1.046680,1.052460,1.045700,1.048110,30164,False
2007-03-28,1.048220,1.051080,1.042860,1.049210,38605,False
2007-03-29,1.049100,1.052960,1.046020,1.050530,33239,False
2007-03-30,1.050530,1.062140,1.049380,1.053300,38988,False
2007-04-02,1.053600,1.056380,1.048830,1.051060,31183,False
2007-04-03,1.051060,1.055810,1.050130,1.055330,36749,False
2007-04-04,1.055380,1.057220,1.051670,1.052460,32319,False
2007-04-05,1.052460,1.059140,1.051800,1.055520,29572,False
2007-04-06,1.055510,1.062370,1.054700,1.061180,20795,False
2007-04-09,1.061820,1.066340,1.060980,1.064540,21430,False
2007-04-10,1.064570,1.065090,1.058720,1.060220,38489,False
2007-04-11,1.060220,1.071650,1.060020,1.071340,29099,False
2007-04-12,1.071340,1.073930,1.067900,1.072600,34070,False
2007-04-13,1.072600,1.072890,1.062740,1.067660,37763,False
2007-04-16,1.067010,1.073870,1.066920,1.072940,38790,False
2007-04-17,1.073050,1.073820,1.067670,1.068670,39012,False
2007-04-18,1.068810,1.069800,1.062480,1.067460,31863,False
2007-04-19,1.067860,1.071840,1.062700,1.066160,36618,False
2007-04-20,1.066160,1.076890,1.065780,1.075370,30595,False
2007-04-23,1.075500,1.079960,1.073920,1.078110,25805,False
2007-04-24,1.078110,1.078600,1.070220,1.071320,39762,False
2007-04-25,1.071320,1.081520,1.070080,1.080340,37744,False
2007-04-26,1.080340,1.081660,1.076010,1.077720,33443,False
2007-04-27,1.077720,1.084020,1.075490,1.080080,42218,False
2007-04-30,1.079840,1.092200,1.077860,1.088100,40173,False
2007-05-01,1.088040,1.097130,1.086650,1.093300,40438,False
2007-05-02,1.093260,1.096740,1.090520,1.094210,33640,False
2007-05-03,1.094250,1.099960,1.091870,1.097670,38355,False
2007-05-04,1.097880,1.102320,1.092500,1.093940,38451,False
2007-05-07,1.093240,1.099820,1.092280,1.099220,21328,False
2007-05-08,1.099230,1.104620,1.098260,1.102700,37953,False
2007-05-09,1.102700,1.103320,1.097700,1.103040,36313,False
2007-05-10,1.103100,1.103790,1.096850,1.097850,39733,False
2007-05-11,1.097850,1.100450,1.090680,1.097640,37385,False
2007-05-14,1.096240,1.102950,1.094770,1.102440,32572,False
2007-05-15,1.102560,1.111040,1.099220,1.106440,38671,False
2007-05-16,1.106480,1.109520,1.104040,1.107700,40710,False
2007-05-17,1.107740,1.118300,1.104120,1.115770,33264,False
2007-05-18,1.115770,1.127780,1.115390,1.127400,34155,False
2007-05-21,1.125660,1.136300,1.125600,1.134540,36350,False
2007-05-22,1.134540,1.136940,1.130340,1.132130,34921,False
2007-05-23,1.132130,1.135040,1.127600,1.134400,40284,False
2007-05-24,1.134380,1.138440,1.131350,1.132980,38106,False
2007-05-25,1.132960,1.138220,1.129420,1.137050,37421,False
2007-05-28,1.137100,1.138110,1.134940,1.137820,10273,False
2007-05-29,1.137820,1.141960,1.127590,1.141440,44014,False
2007-05-30,1.141440,1.146940,1.138860,1.140930,39621,False
2007-05-31,1.141020,1.147520,1.140450,1.146420,35736,False
2007-06-01,1.146420,1.160680,1.143890,1.159300,38522,False
2007-06-04,1.159140,1.163620,1.154710,1.155870,33874,False
2007-06-05,1.155720,1.157140,1.144310,1.145260,37639,False
2007-06-06,1.145110,1.152580,1.144420,1.149100,33824,False
2007-06-07,1.148640,1.157440,1.148640,1.149640,39203,False
2007-06-08,1.149660,1.166000,1.147560,1.164300,40718,False
2007-06-11,1.163460,1.168520,1.163060,1.168180,28419,False
2007-06-12,1.168000,1.170500,1.163430,1.163560,32454,False
2007-06-13,1.163560,1.168240,1.159180,1.167700,40434,False
2007-06-14,1.167790,1.168580,1.163970,1.166540,39864,False
2007-06-15,1.166500,1.173750,1.162260,1.162480,31741,False
2007-06-18,1.163920,1.165480,1.153000,1.159700,30224,False
2007-06-19,1.159700,1.168640,1.156390,1.167900,34698,False
2007-06-20,1.167900,1.168100,1.156560,1.160420,41680,False
2007-06-21,1.160420,1.166330,1.154210,1.155420,35452,False
2007-06-22,1.155430,1.157260,1.148240,1.151020,42093,False
2007-06-25,1.149480,1.150750,1.143820,1.147940,30540,False
2007-06-26,1.147980,1.151060,1.144570,1.148370,31319,False
2007-06-27,1.148370,1.149280,1.144640,1.148410,39512,False
2007-06-28,1.148250,1.164700,1.146940,1.162130,36139,False
2007-06-29,1.162130,1.174020,1.146480,1.146720,41168,False
2007-07-02,1.148420,1.151140,1.143480,1.146840,33103,False
2007-07-03,1.146720,1.151450,1.143200,1.145490,30523,False
2007-07-04,1.145490,1.151960,1.145060,1.150120,18268,False
2007-07-05,1.150120,1.152900,1.144080,1.152440,33322,False
2007-07-06,1.152440,1.163500,1.151960,1.160590,33210,False
2007-07-09,1.160310,1.165240,1.158200,1.158910,26353,False
2007-07-10,1.158900,1.161020,1.139770,1.140420,37253,False
2007-07-11,1.140360,1.144740,1.132640,1.144190,39399,False
2007-07-12,1.144120,1.151840,1.141620,1.150270,39884,False
2007-07-13,1.150360,1.152040,1.143590,1.147990,33397,False
2007-07-16,1.146710,1.154440,1.146540,1.152990,32069,False
2007-07-17,1.152990,1.153790,1.147580,1.152350,31047,False
2007-07-18,1.152350,1.153960,1.147090,1.150550,35242,False
2007-07-19,1.150550,1.154850,1.147240,1.153470,31148,False
2007-07-20,1.153470,1.155830,1.143890,1.145060,33233,False
2007-07-23,1.145720,1.156020,1.143620,1.152010,29418,False
2007-07-24,1.152010,1.166040,1.149320,1.161320,34477,False
2007-07-25,1.161320,1.169960,1.158980,1.164770,38390,False
2007-07-26,1.164730,1.165920,1.140060,1.142660,39868,False
2007-07-27,1.142680,1.150520,1.133940,1.135440,53969,False
2007-07-30,1.135700,1.136400,1.123320,1.127100,41295,False
2007-07-31,1.127330,1.138440,1.125660,1.126260,38956,False
2007-08-01,1.126290,1.141700,1.120060,1.140340,44885,False
2007-08-02,1.140340,1.147300,1.135720,1.144800,41825,False
2007-08-03,1.144800,1.145220,1.125860,1.126600,40654,False
2007-08-06,1.122310,1.134240,1.118200,1.132080,41804,False
2007-08-07,1.132080,1.137560,1.127050,1.134760,42417,False
2007-08-08,1.134760,1.142000,1.133080,1.141000,36605,False
2007-08-09,1.141080,1.142220,1.126220,1.130940,41276,False
2007-08-10,1.130850,1.140520,1.126050,1.138300,45221,False
2007-08-13,1.137640,1.148600,1.134400,1.143720,38742,False
2007-08-14,1.143620,1.144960,1.133340,1.134790,52295,False
2007-08-15,1.134740,1.135800,1.125890,1.130000,53450,False
2007-08-16,1.129940,1.140070,1.119740,1.130440,66379,False
2007-08-17,1.130390,1.144610,1.117500,1.139820,53074,False
2007-08-20,1.138260,1.144690,1.134680,1.142660,39292,False
2007-08-21,1.142600,1.143730,1.131850,1.135700,40798,False
2007-08-22,1.135700,1.143960,1.128600,1.135940,38435,False
2007-08-23,1.135940,1.152520,1.134510,1.146400,44333,False
2007-08-24,1.146400,1.147480,1.139700,1.141330,42815,False
2007-08-27,1.141490,1.149260,1.140060,1.140700,27450,False
2007-08-28,1.140700,1.141360,1.127340,1.128280,39479,False
2007-08-29,1.128180,1.135480,1.126600,1.131680,32705,False
2007-08-30,1.132000,1.141480,1.127860,1.138110,38270,False
2007-08-31,1.138040,1.146440,1.135720,1.144620,39132,False
2007-09-03,1.144400,1.149980,1.143380,1.147700,21119,False
2007-09-04,1.147700,1.155760,1.143780,1.155760,36441,False
2007-09-05,1.155520,1.156040,1.141440,1.142610,37280,False
2007-09-06,1.142560,1.146540,1.137300,1.141900,38255,False
2007-09-07,1.142160,1.145910,1.122690,1.126480,41290,False
2007-09-10,1.125660,1.129440,1.119540,1.127840,33802,False
2007-09-11,1.127800,1.142800,1.126400,1.140620,40730,False
2007-09-12,1.140600,1.144040,1.134180,1.142910,42497,False
2007-09-13,1.142780,1.151480,1.141440,1.146960,48136,False
2007-09-14,1.146840,1.158680,1.143590,1.155260,49016,False
2007-09-17,1.154980,1.160280,1.149940,1.154980,42864,False
2007-09-18,1.154980,1.167740,1.153340,1.166480,43399,False
2007-09-19,1.166510,1.171730,1.161220,1.166630,49933,False
2007-09-20,1.166670,1.173100,1.158510,1.169770,43105,False
2007-09-21,1.169840,1.178260,1.168760,1.171520,44182,False
2007-09-24,1.172180,1.174280,1.168280,1.170100,33939,False
2007-09-25,1.170100,1.171280,1.160960,1.162100,39156,False
2007-09-26,1.162100,1.167440,1.157720,1.166140,39966,False
2007-09-27,1.166220,1.172740,1.163010,1.172040,42828,False
2007-09-28,1.172030,1.177100,1.168160,1.172820,42415,False
2007-10-01,1.170020,1.180430,1.170000,1.178220,35881,False
2007-10-02,1.178190,1.180320,1.174040,1.177780,37749,False
2007-10-03,1.177690,1.185040,1.175740,1.182410,38288,False
2007-10-04,1.182410,1.183010,1.175850,1.178300,36702,False
2007-10-05,1.178300,1.202820,1.177340,1.201810,38454,False
2007-10-08,1.199620,1.205370,1.197290,1.202210,30438,False
2007-10-09,1.202210,1.207060,1.200160,1.205560,42995,False
2007-10-10,1.205560,1.208600,1.199340,1.205210,36348,False
2007-10-11,1.205160,1.215540,1.202790,1.210170,42230,False
2007-10-12,1.210170,1.220040,1.205690,1.218940,41265,False
2007-10-15,1.218800,1.219780,1.207160,1.209100,37591,False
2007-10-16,1.209040,1.212870,1.205880,1.207720,44333,False
2007-10-17,1.207680,1.214600,1.200760,1.210980,45912,False
2007-10-18,1.210840,1.211820,1.194120,1.201430,49563,False
2007-10-19,1.201450,1.217050,1.196780,1.206120,38972,False
2007-10-22,1.203000,1.205160,1.193300,1.202920,57453,False
2007-10-23,1.202840,1.218020,1.202460,1.213890,54774,False
2007-10-24,1.213870,1.216290,1.205000,1.209840,55311,False
2007-10-25,1.209620,1.212390,1.204470,1.205680,65628,False
2007-10-26,1.205680,1.214170,1.205140,1.210010,53248,False
2007-10-29,1.209320,1.224600,1.208430,1.220620,54034,False
2007-10-30,1.220600,1.222680,1.214580,1.214670,54155,False
2007-10-31,1.214600,1.230740,1.211200,1.228220,59431,False
2007-11-01,1.228240,1.232200,1.216430,1.218160,67546,False
2007-11-02,1.218200,1.238420,1.215390,1.235060,62537,False
2007-11-05,1.233300,1.240660,1.229460,1.236260,54831,False
2007-11-06,1.236260,1.244680,1.230520,1.243540,57261,False
2007-11-07,1.243540,1.252500,1.217600,1.217830,71210,False
2007-11-08,1.217830,1.224820,1.199440,1.206240,67291,False
2007-11-09,1.206200,1.214670,1.187920,1.187920,65154,False
2007-11-12,1.186600,1.192280,1.163080,1.164920,62508,False
2007-11-13,1.164860,1.181920,1.160620,1.175840,64886,False
2007-11-14,1.175780,1.178600,1.161680,1.162180,66797,False
2007-11-15,1.162180,1.167640,1.138240,1.139300,65969,False
2007-11-16,1.139290,1.151060,1.135220,1.148300,57649,False
2007-11-19,1.143000,1.153040,1.132340,1.133600,59281,False
2007-11-20,1.133610,1.140320,1.123750,1.129230,73027,False
2007-11-21,1.129180,1.131280,1.112480,1.116410,78698,False
2007-11-22,1.116380,1.124920,1.114310,1.116980,36997,False
2007-11-23,1.116960,1.120500,1.109340,1.113900,53661,False
2007-11-26,1.117960,1.126220,1.106020,1.107800,53025,False
2007-11-27,1.107840,1.118940,1.099710,1.109320,71960,False
2007-11-28,1.109340,1.131920,1.107500,1.127160,66726,False
2007-11-29,1.127300,1.137000,1.117260,1.119740,62455,False
2007-11-30,1.119760,1.133820,1.119130,1.133350,61155,False
2007-12-03,1.130970,1.132840,1.123200,1.128040,56752,False
2007-12-04,1.127960,1.128850,1.100980,1.105180,68480,False
2007-12-05,1.105160,1.114500,1.095510,1.114500,51742,False
2007-12-06,1.114480,1.122100,1.109540,1.120660,68061,False
2007-12-07,1.120650,1.130200,1.113180,1.122650,57334,False
2007-12-10,1.123140,1.126570,1.113880,1.120000,45390,False
2007-12-11,1.119880,1.128180,1.111400,1.114030,63983,False
2007-12-12,1.114010,1.129440,1.112470,1.120680,66022,False
2007-12-13,1.120640,1.125320,1.115710,1.117700,54895,False
2007-12-14,1.117660,1.138260,1.116540,1.133280,60792,False
2007-12-17,1.135600,1.152280,1.129360,1.143100,65393,False
2007-12-18,1.143100,1.150780,1.135850,1.145060,58547,False
2007-12-19,1.145040,1.154560,1.142160,1.152420,59324,False
2007-12-20,1.152590,1.163220,1.150430,1.156470,53803,False
2007-12-21,1.156430,1.166460,1.153580,1.164390,49735,False
2007-12-24,1.165680,1.175970,1.163620,1.175900,26816,False
2007-12-25,1.175970,1.176690,1.172340,1.175450,1246,False
2007-12-26,1.175240,1.176200,1.168990,1.173180,23395,False
2007-12-27,1.173200,1.174920,1.159720,1.161900,48265,False
2007-12-28,1.161900,1.163980,1.147140,1.147320,52956,False
2007-12-31,1.150400,1.153140,1.135080,1.135340,32713,False
2008-01-01,1.135100,1.143250,1.135040,1.141640,835,False
2008-01-02,1.141790,1.144240,1.121280,1.126710,50583,False
2008-01-03,1.126660,1.128250,1.115600,1.122550,59005,False
2008-01-04,1.122650,1.130850,1.102920,1.105290,65662,False
2008-01-07,1.104970,1.116970,1.104030,1.111310,64341,False
2008-01-08,1.111150,1.119020,1.104040,1.105520,55375,False
2008-01-09,1.105540,1.110920,1.100920,1.105420,67969,False
2008-01-10,1.105440,1.106480,1.088200,1.092550,72552,False
2008-01-11,1.092320,1.095830,1.078600,1.081100,69117,False
2008-01-14,1.079640,1.080920,1.070170,1.074750,59880,False
2008-01-15,1.074800,1.078080,1.066620,1.073060,60205,False
2008-01-16,1.073040,1.079000,1.060190,1.073520,82731,False
2008-01-17,1.073420,1.086620,1.065870,1.069560,75432,False
2008-01-18,1.069660,1.077320,1.068340,1.069310,59826,False
2008-01-21,1.071570,1.077360,1.066200,1.070640,52687,False
2008-01-22,1.070600,1.077140,1.061080,1.063630,74021,False
2008-01-23,1.063600,1.070580,1.055720,1.065840,82455,False
2008-01-24,1.066040,1.085360,1.061680,1.083980,76951,False
2008-01-25,1.083980,1.094210,1.079610,1.087860,74696,False
2008-01-28,1.085530,1.087000,1.080080,1.085500,58592,False
2008-01-29,1.085560,1.101760,1.082540,1.095590,52852,False
2008-01-30,1.095600,1.101460,1.089340,1.090750,58225,False
2008-01-31,1.090750,1.091610,1.071700,1.078320,80502,False
2008-02-01,1.078390,1.098620,1.072080,1.094750,71649,False
2008-02-04,1.094720,1.098820,1.088770,1.095370,58889,False
2008-02-05,1.095310,1.105560,1.089900,1.090960,72160,False
2008-02-06,1.090860,1.096020,1.086080,1.091570,67855,False
2008-02-07,1.091570,1.098740,1.083020,1.094680,69707,False
2008-02-08,1.094730,1.111300,1.092290,1.104550,64201,False
2008-02-11,1.102300,1.104570,1.094660,1.100500,58182,False
2008-02-12,1.100480,1.108230,1.096430,1.100200,62327,False
2008-02-13,1.100200,1.112200,1.099560,1.111440,64496,False
2008-02-14,1.111500,1.114060,1.096580,1.097370,59261,False
2008-02-15,1.097370,1.103790,1.081220,1.085800,65630,False
2008-02-18,1.083350,1.097620,1.083350,1.093730,41783,False
2008-02-19,1.093660,1.094800,1.075140,1.075740,60184,False
2008-02-20,1.075740,1.086500,1.075320,1.085560,63777,False
2008-02-21,1.085560,1.090500,1.074440,1.077580,63330,False
2008-02-22,1.077680,1.079340,1.066580,1.071580,59295,False
2008-02-25,1.071330,1.095180,1.071330,1.093530,56825,False
2008-02-26,1.093530,1.101830,1.090220,1.095950,66467,False
2008-02-27,1.095930,1.097200,1.081360,1.084660,76847,False
2008-02-28,1.084460,1.087860,1.074610,1.078780,67536,False
2008-02-29,1.078840,1.078950,1.051710,1.053780,72114,False
2008-03-03,1.055100,1.058060,1.045880,1.052560,63670,False
2008-03-04,1.052580,1.055080,1.037380,1.044480,63474,False
2008-03-05,1.044430,1.053620,1.043320,1.053280,58353,False
2008-03-06,1.053220,1.053500,1.034370,1.037530,61157,False
2008-03-07,1.037480,1.046660,1.032180,1.034800,63537,False
2008-03-10,1.033510,1.037520,1.019760,1.022880,57077,False
2008-03-11,1.022850,1.042040,1.021240,1.041540,72280,False
2008-03-12,1.041540,1.045490,1.023220,1.025320,73101,False
2008-03-13,1.025260,1.034210,1.017100,1.026240,82840,False
2008-03-14,1.026210,1.029340,1.008210,1.009140,82441,False
2008-03-17,1.008470,1.008600,0.970450,0.986590,88454,False
2008-03-18,0.986600,1.010580,0.983260,1.010320,75342,False
2008-03-19,1.010320,1.014860,0.983140,0.984450,78248,False
2008-03-20,0.984450,0.992740,0.980420,0.986240,71263,False
2008-03-21,0.986520,0.987730,0.981900,0.986220,16110,False
2008-03-24,0.984240,1.006780,0.983780,1.003000,41210,False
2008-03-25,1.003050,1.003980,0.986640,0.988880,61773,False
2008-03-26,0.988880,0.992970,0.970540,0.971360,66446,False
2008-03-27,0.971380,0.982440,0.970180,0.975840,74534,False
2008-03-28,0.975720,0.983130,0.972660,0.973110,67561,False
2008-03-31,0.972130,0.976690,0.961040,0.968640,67756,False
2008-04-01,0.968640,0.992390,0.967320,0.991280,72917,False
2008-04-02,0.991260,0.998340,0.987870,0.992540,83981,False
2008-04-03,0.992440,1.008480,0.992160,1.005420,75183,False
2008-04-04,1.005520,1.008680,0.994300,0.997320,69517,False
2008-04-07,0.996910,1.011740,0.996520,0.999000,59926,False
2008-04-08,0.998970,1.001930,0.990420,1.000780,71757,False
2008-04-09,1.000770,1.002940,0.980890,0.983780,69268,False
2008-04-10,0.983780,0.991630,0.971000,0.988980,72531,False
2008-04-11,0.988980,0.991630,0.975220,0.978540,68907,False
2008-04-14,0.978730,0.983240,0.970580,0.980140,69431,False
2008-04-15,0.980250,0.989980,0.973960,0.988460,65992,False
2008-04-16,0.988440,1.000180,0.985400,0.999400,75659,False
2008-04-17,0.999400,1.007920,0.989860,0.995710,74753,False
2008-04-18,0.995710,1.021140,0.994460,1.013910,62820,False
2008-04-21,1.012720,1.015380,0.999230,1.002730,62271,False
2008-04-22,1.003550,1.005020,0.993280,0.995140,70409,False
2008-04-23,0.995140,1.001220,0.988280,0.998220,61858,False
2008-04-24,0.998200,1.022720,0.996800,1.021050,77058,False
2008-04-25,1.021350,1.023530,1.015220,1.020290,72758,False
2008-04-28,1.021020,1.028620,1.014740,1.020930,60104,False
2008-04-29,1.020940,1.026360,1.017120,1.024830,68297,False
2008-04-30,1.024830,1.036200,1.019340,1.026320,69063,False
2008-05-01,1.026320,1.035970,1.024300,1.028960,53624,False
2008-05-02,1.028960,1.040320,1.025560,1.037060,70678,False
2008-05-05,1.035390,1.042090,1.033140,1.040550,45245,False
2008-05-06,1.040550,1.050560,1.031850,1.049480,66063,False
2008-05-07,1.049570,1.056740,1.044620,1.045560,67068,False
2008-05-08,1.045440,1.050530,1.032840,1.033360,77135,False
2008-05-09,1.033360,1.040580,1.029140,1.035740,65043,False
2008-05-12,1.035780,1.045800,1.033920,1.039120,62577,False
2008-05-13,1.039440,1.050450,1.034700,1.048780,71744,False
2008-05-14,1.048840,1.059650,1.047140,1.050880,70156,False
2008-05-15,1.050880,1.057820,1.046960,1.057360,69318,False
2008-05-16,1.057360,1.061020,1.044480,1.048520,67050,False
2008-05-19,1.045690,1.065680,1.045030,1.062360,61518,False
2008-05-20,1.062440,1.063750,1.041560,1.045610,71723,False
2008-05-21,1.045610,1.049760,1.041080,1.042140,63218,False
2008-05-22,1.042180,1.050860,1.039290,1.046540,70926,False
2008-05-23,1.046560,1.048260,1.033410,1.034540,56510,False
2008-05-26,1.035880,1.039250,1.031650,1.033670,23958,False
2008-05-27,1.033690,1.041640,1.032060,1.040160,57763,False
2008-05-28,1.040140,1.049840,1.032450,1.048480,64803,False
2008-05-29,1.048590,1.065290,1.047400,1.062430,68341,False
2008-05-30,1.062440,1.063690,1.046650,1.049240,68388,False
2008-06-02,1.046720,1.049480,1.030850,1.036020,65669,False
2008-06-03,1.036080,1.041600,1.029060,1.033000,73774,False
2008-06-04,1.032960,1.034120,1.023130,1.025460,72848,False
2008-06-05,1.025540,1.032920,1.015920,1.019760,75708,False
2008-06-06,1.019800,1.023200,0.998860,0.999140,75900,False
2008-06-09,0.999720,1.007080,0.995300,1.003980,69425,False
2008-06-10,1.004000,1.020660,1.001680,1.019340,74428,False
2008-06-11,1.019340,1.023310,1.010760,1.011500,69732,False
2008-06-12,1.011520,1.024060,1.009840,1.017160,68842,False
2008-06-13,1.017170,1.028000,1.014950,1.017160,71545,False
2008-06-16,1.016060,1.024040,1.012900,1.020540,63803,False
2008-06-17,1.020490,1.026560,1.015440,1.022500,65057,False
2008-06-18,1.022480,1.026740,1.017070,1.018770,68703,False
2008-06-19,1.018720,1.033840,1.014560,1.029380,79621,False
2008-06-20,1.029380,1.029620,1.012820,1.018980,64367,False
2008-06-23,1.017040,1.032340,1.016280,1.029180,65920,False
2008-06-24,1.029220,1.030490,1.020840,1.030160,68232,False
2008-06-25,1.030160,1.031630,1.023620,1.025360,63304,False
2008-06-26,1.025360,1.028140,1.008900,1.009660,64922,False
2008-06-27,1.009640,1.016220,1.004620,1.007770,69261,False
2008-06-30,1.007770,1.010880,0.998590,0.999370,61964,False
2008-07-01,0.999410,1.004480,0.992310,0.997600,63979,False
2008-07-02,0.997510,1.005690,0.995750,1.001570,66484,False
2008-07-03,1.001570,1.009070,0.995790,1.008180,64355,False
2008-07-04,1.008080,1.012220,1.003800,1.005570,42326,False
2008-07-07,1.006790,1.016100,1.004800,1.009940,61285,False
2008-07-08,1.009960,1.015900,1.003050,1.014250,64809,False
2008-07-09,1.014230,1.021560,1.009380,1.016330,66995,False
2008-07-10,1.016370,1.022340,1.015380,1.019160,63476,False
2008-07-11,1.019090,1.020170,1.004570,1.006900,68838,False
2008-07-14,1.005620,1.017580,1.005420,1.009760,69634,False
2008-07-15,1.009740,1.011280,1.001400,1.007500,80352,False
2008-07-16,1.007520,1.016460,1.002240,1.015260,72096,False
2008-07-17,1.015140,1.020620,1.011890,1.013500,96208,False
2008-07-18,1.013500,1.020480,1.012580,1.016920,84434,False
2008-07-21,1.016940,1.020400,1.013440,1.017760,83530,False
2008-07-22,1.017760,1.023640,1.011360,1.022620,77450,False
2008-07-23,1.022620,1.030510,1.020560,1.026900,84007,False
2008-07-24,1.026900,1.030230,1.021180,1.021990,95025,False
2008-07-25,1.021990,1.025120,1.015480,1.016220,91016,False
2008-07-28,1.016460,1.019440,1.008200,1.011720,89632,False
2008-07-29,1.011720,1.022980,1.009860,1.022570,89679,False
2008-07-30,1.022570,1.026220,1.019920,1.024460,94851,False
2008-07-31,1.024440,1.026050,1.014820,1.021830,84231,False
2008-08-01,1.021830,1.025590,1.018930,1.021780,92730,False
2008-08-04,1.022180,1.022240,1.010180,1.011260,88101,False
2008-08-05,1.011260,1.013720,1.007260,1.010620,101306,False
2008-08-06,1.010620,1.013220,1.007060,1.010280,101998,False
2008-08-07,1.010280,1.012120,1.005560,1.009010,95875,False
2008-08-08,1.008990,1.018220,1.007120,1.014720,105104,False
2008-08-11,1.016340,1.017800,1.009120,1.015760,108438,False
2008-08-12,1.015760,1.025230,1.014220,1.021670,93929,False
2008-08-13,1.021710,1.022350,1.016290,1.021280,102134,False
2008-08-14,1.021280,1.031500,1.020020,1.027420,92813,False
2008-08-15,1.027420,1.037320,1.026360,1.034780,91159,False
2008-08-18,1.035000,1.040050,1.029890,1.030850,95928,False
2008-08-19,1.030850,1.035050,1.027080,1.028980,96647,False
2008-08-20,1.028980,1.038430,1.026820,1.036920,86051,False
2008-08-21,1.036920,1.042180,1.032220,1.041200,89369,False
2008-08-22,1.041200,1.051600,1.039820,1.049150,72724,False
2008-08-25,1.047230,1.051300,1.041160,1.042400,60518,False
2008-08-26,1.042400,1.057040,1.041660,1.048550,96285,False
2008-08-27,1.048550,1.052060,1.045490,1.049180,86723,False
2008-08-28,1.049180,1.049200,1.041280,1.045300,90333,False
2008-08-29,1.045300,1.048040,1.033760,1.035160,89147,False
2008-09-01,1.034560,1.038120,1.028090,1.032350,56267,False
2008-09-02,1.032350,1.040550,1.030520,1.036860,96257,False
2008-09-03,1.036850,1.048180,1.033610,1.041020,114106,False
2008-09-04,1.041020,1.047200,1.035880,1.036860,109059,False
2008-09-05,1.037250,1.053400,1.035110,1.052940,112554,False
2008-09-08,1.058360,1.064490,1.053010,1.062630,118159,False
2008-09-09,1.062630,1.065020,1.050780,1.051920,112938,False
2008-09-10,1.051920,1.062730,1.050460,1.060940,98453,False
2008-09-11,1.060940,1.063730,1.054440,1.058290,113525,False
2008-09-12,1.058290,1.070180,1.056420,1.066110,127116,False
2008-09-15,1.052660,1.055630,1.037280,1.042350,134203,False
2008-09-16,1.042350,1.054000,1.032150,1.051200,128662,False
2008-09-17,1.051340,1.054660,1.025830,1.027590,139370,False
2008-09-18,1.027590,1.044500,1.020580,1.041520,128755,False
2008-09-19,1.041520,1.062840,1.041220,1.056840,94137,False
2008-09-22,1.055760,1.056000,1.035130,1.037340,131110,False
2008-09-23,1.037340,1.049280,1.035560,1.046240,107934,False
2008-09-24,1.046240,1.054210,1.045760,1.051170,106130,False
2008-09-25,1.051170,1.057660,1.043560,1.054330,120244,False
2008-09-26,1.054330,1.056640,1.047250,1.055120,115854,False
2008-09-29,1.057120,1.064290,1.040060,1.042080,122328,False
2008-09-30,1.042080,1.059760,1.040030,1.054100,108352,False
2008-10-01,1.054030,1.064660,1.050040,1.059210,126337,False
2008-10-02,1.059180,1.066740,1.050390,1.052420,133604,False
2008-10-03,1.052420,1.054380,1.040700,1.042940,134699,False
2008-10-06,1.048670,1.054040,1.031970,1.044260,129970,False
2008-10-07,1.044300,1.047180,1.026610,1.030180,129259,False
2008-10-08,1.030180,1.034910,0.998120,0.998260,125220,False
2008-10-09,0.998160,1.007460,0.981320,0.981900,111777,False
2008-10-10,0.981900,0.985420,0.936000,0.970420,132646,False
2008-10-13,0.965860,0.992780,0.958810,0.991190,114046,False
2008-10-14,0.991190,0.998470,0.974540,0.978200,132099,False
2008-10-15,0.978320,0.985220,0.949500,0.949920,132950,False
2008-10-16,0.949920,0.965860,0.942730,0.965860,170277,False
2008-10-17,0.965860,0.966790,0.949540,0.961620,126604,False
2008-10-20,0.961080,0.967850,0.957380,0.965010,127378,False
2008-10-21,0.965010,0.966730,0.946250,0.947980,123173,False
2008-10-22,0.947980,0.953540,0.920980,0.927490,179289,False
2008-10-23,0.927490,0.931700,0.915400,0.928940,148054,False
2008-10-24,0.928940,0.935920,0.898770,0.913480,138294,False
2008-10-27,0.916130,0.917780,0.891630,0.892000,101234,False
2008-10-28,0.892000,0.911300,0.889820,0.910720,142608,False
2008-10-29,0.910720,0.936460,0.894270,0.924490,147600,False
2008-10-30,0.924490,0.950920,0.919340,0.949140,121048,False
2008-10-31,0.949190,0.970310,0.929760,0.955920,116359,False
2008-11-03,0.957180,0.995620,0.953680,0.994590,109374,False
2008-11-04,0.994590,1.012760,0.984990,1.010880,131344,False
2008-11-05,1.010880,1.017490,0.989280,0.990100,128238,False
2008-11-06,0.990100,1.008860,0.982310,0.983580,124254,False
2008-11-07,0.983580,1.004820,0.975760,0.990920,110209,False
2008-11-10,0.996420,1.006060,0.983750,0.987080,112556,False
2008-11-11,0.987080,0.990020,0.979060,0.983480,101643,False
2008-11-12,0.983480,0.989130,0.953040,0.958590,99146,False
2008-11-13,0.958590,0.980990,0.955480,0.980470,152535,False
2008-11-14,0.980520,0.983420,0.965620,0.966350,135904,False
2008-11-17,0.968920,0.987580,0.963780,0.977810,133431,False
2008-11-18,0.977800,0.984650,0.971880,0.977560,133232,False
2008-11-19,0.977520,0.980000,0.965150,0.967490,103265,False
2008-11-20,0.967330,0.970780,0.942460,0.944560,131615,False
2008-11-21,0.944560,0.965800,0.942340,0.965420,131951,False
2008-11-24,0.964520,0.980470,0.953380,0.968640,146448,False
2008-11-25,0.968640,0.978600,0.960640,0.966510,131511,False
2008-11-26,0.966510,0.983360,0.962220,0.976830,122389,False
2008-11-27,0.976830,0.981100,0.967040,0.974700,51904,False
2008-11-28,0.974470,0.985250,0.968080,0.978870,68211,False
2008-12-01,0.980540,0.982320,0.965980,0.965980,113411,False
2008-12-02,0.965980,0.973510,0.959360,0.967800,125620,False
2008-12-03,0.967800,0.970500,0.959090,0.965660,133853,False
2008-12-04,0.965660,0.967830,0.933090,0.936970,126132,False
2008-12-05,0.936940,0.963680,0.933970,0.959940,120776,False
2008-12-08,0.959090,0.972580,0.953540,0.962360,123205,False
2008-12-09,0.962360,0.968520,0.951500,0.954760,139154,False
2008-12-10,0.954760,0.961730,0.945700,0.953700,136568,False
2008-12-11,0.953720,0.975170,0.949250,0.957660,200869,False
2008-12-12,0.957660,0.963810,0.940200,0.943370,138835,False
2008-12-15,0.944450,0.955700,0.933140,0.939940,103283,False
2008-12-16,0.939840,0.940520,0.927530,0.935860,105629,False
2008-12-17,0.935860,0.937610,0.893540,0.899840,126319,False
2008-12-18,0.899840,0.905740,0.875860,0.899540,110766,False
2008-12-19,0.899540,0.914080,0.882540,0.908330,119237,False
2008-12-22,0.906300,0.917570,0.893970,0.895540,89789,False
2008-12-23,0.895540,0.903800,0.888170,0.892860,81601,False
2008-12-24,0.893100,0.894620,0.878720,0.884230,45304,False
2008-12-25,0.884240,0.887770,0.881100,0.887770,2494,False
2008-12-26,0.887770,0.888100,0.873240,0.876250,23966,False
2008-12-29,0.875420,0.877930,0.850040,0.870220,117214,False
2008-12-30,0.870220,0.871520,0.852490,0.871520,105547,False
2008-12-31,0.871520,0.883310,0.859040,0.876140,80595,False
2009-01-01,0.876140,0.876140,0.869660,0.869950,488,False
2009-01-02,0.869950,0.897180,0.867230,0.896200,65199,False
2009-01-05,0.895300,0.935600,0.884970,0.932700,105992,False
2009-01-06,0.932700,0.956740,0.929820,0.940900,138347,False
2009-01-07,0.940900,0.945200,0.917900,0.922390,123691,False
2009-01-08,0.922390,0.928300,0.911540,0.926200,137053,False
2009-01-09,0.926200,0.942220,0.918100,0.938900,137359,False
2009-01-12,0.936350,0.940170,0.913140,0.914890,136856,False
2009-01-13,0.914890,0.920220,0.907800,0.914020,164821,False
2009-01-14,0.914020,0.921020,0.893340,0.893510,153754,False
2009-01-15,0.893510,0.904080,0.888220,0.897620,153316,False
2009-01-16,0.897620,0.907760,0.887990,0.900080,165462,False
2009-01-19,0.896560,0.906350,0.896080,0.904900,108199,False
2009-01-20,0.904900,0.913070,0.900390,0.904830,165467,False
2009-01-21,0.904830,0.920920,0.897200,0.918800,148727,False
2009-01-22,0.918800,0.924220,0.907860,0.918400,121846,False
2009-01-23,0.918400,0.941080,0.917880,0.936810,142607,False
2009-01-26,0.937130,0.953270,0.927900,0.930060,121957,False
2009-01-27,0.930060,0.934620,0.923680,0.928460,120393,False
2009-01-28,0.928460,0.952060,0.925200,0.950900,107501,False
2009-01-29,0.950900,0.952940,0.935430,0.940040,99785,False
2009-01-30,0.940040,0.948340,0.933760,0.943560,110263,False
2009-02-02,0.946430,0.948580,0.929670,0.932880,94049,False
2009-02-03,0.932880,0.936840,0.922020,0.929080,109199,False
2009-02-04,0.929080,0.945980,0.923310,0.940080,144932,False
2009-02-05,0.940080,0.954620,0.937450,0.949750,141247,False
2009-02-06,0.949750,0.953200,0.933970,0.952360,154656,False
2009-02-09,0.949170,0.957880,0.940830,0.956180,108374,False
2009-02-10,0.956200,0.962780,0.927820,0.929840,109620,False
2009-02-11,0.929840,0.935750,0.922460,0.935320,113653,False
2009-02-12,0.935320,0.939510,0.927720,0.935190,129558,False
2009-02-13,0.935190,0.945690,0.929440,0.939470,102621,False
2009-02-16,0.938810,0.942310,0.931000,0.933290,78754,False
2009-02-17,0.933290,0.940220,0.922970,0.924050,111243,False
2009-02-18,0.924050,0.939960,0.923000,0.934400,117448,False
2009-02-19,0.934400,0.945000,0.930900,0.932860,114508,False
2009-02-20,0.932860,0.943980,0.914590,0.923500,157375,False
2009-02-23,0.926920,0.936100,0.920460,0.934740,120553,False
2009-02-24,0.934740,0.941100,0.923000,0.933840,108815,False
2009-02-25,0.933840,0.937680,0.924610,0.930600,110368,False
2009-02-26,0.930600,0.940580,0.927200,0.928780,106099,False
2009-02-27,0.928780,0.936190,0.915940,0.916790,152920,False
2009-03-02,0.916900,0.921930,0.908160,0.909120,111934,False
2009-03-03,0.908970,0.915700,0.904020,0.909320,117813,False
2009-03-04,0.909320,0.922140,0.907780,0.917260,110677,False
2009-03-05,0.917300,0.920120,0.906020,0.906920,90175,False
2009-03-06,0.906920,0.910180,0.893850,0.899700,106633,False
2009-03-09,0.901220,0.903900,0.889880,0.890120,90364,False
2009-03-10,0.890120,0.907520,0.887920,0.907450,99588,False
2009-03-11,0.907450,0.909000,0.895410,0.897260,108005,False
2009-03-12,0.897260,0.930040,0.893260,0.927280,110813,False
2009-03-13,0.927280,0.941560,0.925340,0.931940,103737,False
2009-03-16,0.934420,0.938460,0.928560,0.931590,84599,False
2009-03-17,0.931590,0.936770,0.927400,0.930950,92535,False
2009-03-18,0.930800,0.932020,0.907290,0.915400,99804,False
2009-03-19,0.915400,0.924340,0.905320,0.906470,162961,False
2009-03-20,0.906470,0.912540,0.903160,0.908740,119373,False
2009-03-23,0.907560,0.921860,0.906610,0.920660,82970,False
2009-03-24,0.920660,0.922860,0.916660,0.918600,95968,False
2009-03-25,0.918540,0.921060,0.906540,0.910390,101865,False
2009-03-26,0.910390,0.918680,0.909110,0.916020,99713,False
2009-03-27,0.916010,0.926600,0.914400,0.921090,84475,False
2009-03-30,0.925820,0.927060,0.909060,0.909760,83144,False
2009-03-31,0.909760,0.914800,0.901600,0.904030,94341,False
2009-04-01,0.904030,0.911920,0.897220,0.908910,102587,False
2009-04-02,0.908910,0.917950,0.907800,0.916110,113466,False
2009-04-03,0.916110,0.921560,0.911760,0.919710,80263,False
2009-04-06,0.919240,0.923070,0.912650,0.917680,78352,False
2009-04-07,0.917680,0.928380,0.911540,0.923440,89119,False
2009-04-08,0.923440,0.931100,0.921620,0.927460,103065,False
2009-04-09,0.927460,0.945500,0.926540,0.944870,98098,False
2009-04-10,0.944870,0.948760,0.940530,0.941920,31750,False
2009-04-13,0.942220,0.945030,0.926290,0.928970,43967,False
2009-04-14,0.928970,0.944340,0.926990,0.936900,126303,False
2009-04-15,0.936900,0.952660,0.934880,0.949840,97320,False
2009-04-16,0.949840,0.955780,0.944780,0.949700,89152,False
2009-04-17,0.949700,0.965100,0.946820,0.960580,88133,False
2009-04-20,0.959870,0.963380,0.942880,0.943220,97283,False
2009-04-21,0.943220,0.947220,0.933360,0.944830,114135,False
2009-04-22,0.944830,0.945690,0.935520,0.938560,110690,False
2009-04-23,0.938560,0.947720,0.934650,0.940780,94017,False
2009-04-24,0.940780,0.943340,0.932500,0.941660,105330,False
2009-04-27,0.940040,0.950520,0.937440,0.946500,91153,False
2009-04-28,0.946500,0.950700,0.936080,0.936880,84378,False
2009-04-29,0.936880,0.947370,0.936220,0.944820,85001,False
2009-04-30,0.944800,0.960890,0.943220,0.956420,126240,False
2009-05-01,0.956420,0.961140,0.951760,0.957980,86618,False
2009-05-04,0.956470,0.965280,0.954760,0.960920,70495,False
2009-05-05,0.960920,0.966320,0.958760,0.963580,98488,False
2009-05-06,0.963580,0.971270,0.958860,0.970560,119859,False
2009-05-07,0.970560,0.977910,0.961700,0.966330,114676,False
2009-05-08,0.966330,0.975420,0.960550,0.962180,127197,False
2009-05-11,0.960040,0.964600,0.950300,0.950750,88710,False
2009-05-12,0.950750,0.955100,0.946060,0.950950,105732,False
2009-05-13,0.950950,0.955660,0.940480,0.942640,122021,False
2009-05-14,0.942640,0.947160,0.940360,0.944560,129610,False
2009-05-15,0.944560,0.953540,0.942300,0.952290,123776,False
2009-05-18,0.952740,0.962080,0.951360,0.957520,88080,False
2009-05-19,0.957520,0.964360,0.956500,0.959640,108713,False
2009-05-20,0.959640,0.967200,0.956710,0.963780,117158,False
2009-05-21,0.963780,0.967980,0.958510,0.961300,124295,False
2009-05-22,0.961300,0.970340,0.959580,0.969600,96572,False
2009-05-25,0.966260,0.968040,0.961200,0.963100,36765,False
2009-05-26,0.963100,0.971540,0.960580,0.970820,81972,False
2009-05-27,0.970820,0.979340,0.969470,0.973060,118586,False
2009-05-28,0.973060,0.976160,0.969970,0.973950,120786,False
2009-05-29,0.973950,0.980400,0.970400,0.977360,142321,False
2009-06-01,0.978920,0.988220,0.977340,0.978500,131772,False
2009-06-02,0.978500,0.984140,0.977440,0.982200,133306,False
2009-06-03,0.982200,0.984690,0.963020,0.963530,157871,False
2009-06-04,0.963530,0.976330,0.959300,0.974480,151522,False
2009-06-05,0.974480,0.977560,0.968560,0.970260,138785,False
2009-06-08,0.969880,0.978740,0.969620,0.978240,116345,False
2009-06-09,0.978460,0.987180,0.975870,0.976620,72188,False
2009-06-10,0.976590,0.981490,0.971020,0.974480,79095,False
2009-06-11,0.974520,0.981000,0.969780,0.970820,74737,False
2009-06-12,0.970760,0.971960,0.959600,0.964330,66693,False
2009-06-15,0.965080,0.968260,0.961340,0.962860,67848,False
2009-06-16,0.962880,0.966100,0.956980,0.958440,69675,False
2009-06-17,0.958740,0.962150,0.949380,0.954230,72003,False
2009-06-18,0.954270,0.961800,0.949460,0.959360,72075,False
2009-06-19,0.959320,0.964000,0.950520,0.953280,50680,False
2009-06-22,0.951440,0.954980,0.939240,0.940540,57181,False
2009-06-23,0.940560,0.942870,0.924330,0.927880,68033,False
2009-06-24,0.927620,0.958720,0.926820,0.948580,81789,False
2009-06-25,0.948460,0.953220,0.943980,0.947650,68398,False
2009-06-26,0.947640,0.949860,0.936520,0.939900,57716,False
2009-06-29,0.939330,0.944360,0.934240,0.936060,45562,False
2009-06-30,0.935970,0.938550,0.933600,0.934600,53869,False
2009-07-01,0.934560,0.941280,0.933430,0.935340,52544,False
2009-07-02,0.935360,0.942230,0.931800,0.932480,56657,False
2009-07-03,0.932390,0.940760,0.932360,0.936140,32702,False
2009-07-06,0.936900,0.940360,0.932240,0.935400,51680,False
2009-07-07,0.935480,0.940000,0.932410,0.933410,52700,False
2009-07-08,0.933380,0.939520,0.931350,0.933780,67124,False
2009-07-09,0.933720,0.937820,0.926340,0.927930,58352,False
2009-07-10,0.927900,0.939160,0.927460,0.933540,54030,False
2009-07-13,0.933440,0.941440,0.930080,0.941400,54705,False
2009-07-14,0.941370,0.962560,0.939270,0.961160,65662,False
2009-07-15,0.961100,0.966240,0.953460,0.965620,53471,False
2009-07-16,0.965640,0.966400,0.957680,0.960480,59371,False
2009-07-17,0.960570,0.968680,0.959760,0.967110,49998,False
2009-07-20,0.964990,0.970940,0.963180,0.965420,44469,False
2009-07-21,0.965460,0.971470,0.960790,0.965600,48974,False
2009-07-22,0.965720,0.972060,0.963700,0.969100,50204,False
2009-07-23,0.969060,0.989220,0.968090,0.987410,53545,False
2009-07-24,0.987380,0.992370,0.981860,0.986510,43283,False
2009-07-27,0.985610,0.991880,0.984980,0.990490,40895,False
2009-07-28,0.990600,0.994960,0.987900,0.994560,46735,False
2009-07-29,0.994540,1.000830,0.988700,0.997800,60311,False
2009-07-30,0.997860,1.009640,0.995780,1.003820,51649,False
2009-07-31,1.003780,1.007560,0.988080,0.991460,55561,False
2009-08-03,0.991760,0.999680,0.990240,0.993920,54422,False
2009-08-04,0.993880,0.997620,0.985500,0.988210,50546,False
2009-08-05,0.988100,0.993540,0.985160,0.991920,48775,False
2009-08-06,0.991900,0.994940,0.987020,0.988720,49333,False
2009-08-07,0.988650,1.001730,0.979960,0.999790,56757,False
2009-08-10,0.999040,1.002450,0.995280,0.996990,43418,False
2009-08-11,0.997080,0.998170,0.979320,0.982010,41419,False
2009-08-12,0.981950,0.992130,0.975970,0.989720,53483,False
2009-08-13,0.989780,0.994720,0.982120,0.983900,51946,False
2009-08-14,0.984040,0.989160,0.974690,0.976040,47027,False
2009-08-17,0.976420,0.977700,0.971180,0.972380,50026,False
2009-08-18,0.972360,0.977560,0.972100,0.977040,46137,False
2009-08-19,0.977070,0.977120,0.965280,0.973320,49143,False
2009-08-20,0.973280,0.980280,0.970320,0.977930,44277,False
2009-08-21,0.977820,0.983800,0.973120,0.978970,49594,False
2009-08-24,0.978000,0.989860,0.977640,0.986180,40290,False
2009-08-25,0.986140,0.986860,0.975460,0.976760,47393,False
2009-08-26,0.976680,0.979730,0.970740,0.973000,47638,False
2009-08-27,0.973040,0.980140,0.970400,0.974140,48692,False
2009-08-28,0.974250,0.978480,0.969620,0.970900,44280,False
2009-08-31,0.970480,0.972290,0.957230,0.968170,44070,False
2009-09-01,0.968220,0.971590,0.964160,0.964870,56448,False
2009-09-02,0.964940,0.968360,0.957940,0.960000,50871,False
2009-09-03,0.960020,0.964400,0.958160,0.964400,44657,False
2009-09-04,0.964430,0.979220,0.962620,0.974180,47372,False
2009-09-07,0.975860,0.985910,0.974400,0.983150,24991,False
2009-09-08,0.983160,0.984600,0.966700,0.971160,45750,False
2009-09-09,0.971180,0.972270,0.961790,0.965270,45223,False
2009-09-10,0.965240,0.966180,0.956240,0.964140,47136,False
2009-09-11,0.964170,0.966620,0.961390,0.964440,45317,False
2009-09-14,0.961600,0.962640,0.951200,0.955440,50169,False
2009-09-15,0.955460,0.965400,0.953690,0.965000,47460,False
2009-09-16,0.965020,0.970620,0.963240,0.968160,46529,False
2009-09-17,0.968180,0.972520,0.964400,0.965790,45006,False
2009-09-18,0.965740,0.966300,0.958640,0.962980,41631,False
2009-09-21,0.962760,0.964630,0.954100,0.956690,42155,False
2009-09-22,0.956750,0.961040,0.954410,0.957340,42203,False
2009-09-23,0.957360,0.959040,0.953040,0.955610,48235,False
2009-09-24,0.955580,0.956800,0.942010,0.945320,54930,False
2009-09-25,0.945350,0.946270,0.940340,0.941780,61022,False
2009-09-28,0.941260,0.951940,0.937410,0.951930,52203,False
2009-09-29,0.952030,0.957360,0.949830,0.955400,61288,False
2009-09-30,0.955330,0.971540,0.954940,0.968880,68947,False
2009-10-01,0.968740,0.975080,0.960200,0.960220,56418,False
2009-10-02,0.960190,0.962040,0.951130,0.958760,62637,False
2009-10-05,0.956590,0.965140,0.955500,0.965120,41585,False
2009-10-06,0.965160,0.971790,0.960160,0.969240,48565,False
2009-10-07,0.969260,0.975970,0.968180,0.973330,49928,False
2009-10-08,0.973280,0.977360,0.969060,0.975300,49274,False
2009-10-09,0.975320,0.991260,0.974440,0.989500,48734,False
2009-10-12,0.988330,0.996420,0.987700,0.992310,34634,False
2009-10-13,0.992340,0.994520,0.986290,0.989920,44970,False
2009-10-14,0.989940,0.992760,0.986940,0.991540,47563,False
2009-10-15,0.991500,0.992870,0.980040,0.981370,46572,False
2009-10-16,0.981390,0.988460,0.979200,0.981840,49500,False
2009-10-19,0.981080,0.985080,0.977340,0.983480,40782,False
2009-10-20,0.983520,0.984600,0.963530,0.963970,48324,False
2009-10-21,0.964020,0.967930,0.956760,0.964610,55214,False
2009-10-22,0.964630,0.965390,0.957250,0.958980,50106,False
2009-10-23,0.958940,0.960880,0.954820,0.957300,51439,False
2009-10-26,0.958970,0.959660,0.950480,0.952290,49373,False
2009-10-27,0.952260,0.962620,0.950110,0.959700,55576,False
2009-10-28,0.959660,0.960320,0.949440,0.950080,64950,False
2009-10-29,0.950020,0.955630,0.949260,0.955500,55271,False
2009-10-30,0.955580,0.958250,0.945530,0.946140,64749,False
2009-11-02,0.945890,0.950700,0.943380,0.948770,63400,False
2009-11-03,0.948800,0.964250,0.946930,0.962260,58259,False
2009-11-04,0.962420,0.966300,0.954480,0.956150,58252,False
2009-11-05,0.956100,0.958060,0.952740,0.954160,45104,False
2009-11-06,0.954120,0.956690,0.944300,0.946010,47621,False
2009-11-09,0.946480,0.956300,0.945920,0.954790,45885,False
2009-11-10,0.954820,0.961660,0.951300,0.959980,41924,False
2009-11-11,0.959880,0.964940,0.958900,0.964520,38906,False
2009-11-12,0.964570,0.968400,0.960410,0.963690,46363,False
2009-11-13,0.963620,0.967160,0.961980,0.963000,40885,False
2009-11-16,0.960360,0.966440,0.959460,0.961880,37981,False
2009-11-17,0.961800,0.967750,0.956570,0.966810,46379,False
2009-11-18,0.966760,0.967500,0.955730,0.957500,41723,False
2009-11-19,0.957480,0.961050,0.951440,0.952340,44433,False
2009-11-20,0.952360,0.954100,0.949470,0.950900,42761,False
2009-11-23,0.951460,0.957340,0.949640,0.956800,39302,False
2009-11-24,0.956820,0.957000,0.951720,0.953500,39392,False
2009-11-25,0.953480,0.958010,0.951760,0.953300,42365,False
2009-11-26,0.953220,0.954490,0.944700,0.946920,45449,False
2009-11-27,0.946970,0.950240,0.941120,0.947120,69942,False
2009-11-30,0.949240,0.953320,0.945590,0.951800,58210,False
2009-12-01,0.951760,0.959180,0.950800,0.955340,42324,False
2009-12-02,0.955380,0.957100,0.952680,0.953360,38686,False
2009-12-03,0.953320,0.953990,0.944880,0.946840,40320,False
2009-12-04,0.946830,0.966580,0.945920,0.960890,49680,False
2009-12-07,0.962520,0.970760,0.960470,0.969790,47276,False
2009-12-08,0.969820,0.970810,0.963630,0.965360,48851,False
2009-12-09,0.965340,0.975520,0.962900,0.973700,44972,False
2009-12-10,0.973480,0.978460,0.970720,0.975600,38326,False
2009-12-11,0.975640,0.982830,0.973700,0.975920,40392,False
2009-12-14,0.975520,0.978280,0.969020,0.974340,39671,False
2009-12-15,0.974300,0.982180,0.973510,0.980400,37362,False
2009-12-16,0.980440,0.982460,0.977200,0.978580,40634,False
2009-12-17,0.978620,0.981880,0.976080,0.978130,45477,False
2009-12-18,0.978100,0.981320,0.972280,0.977700,45718,False
2009-12-21,0.974330,0.989260,0.973480,0.985010,36073,False
2009-12-22,0.985140,0.994370,0.983540,0.992200,36790,False
2009-12-23,0.992220,0.995290,0.987320,0.990620,29102,False
2009-12-24,0.990550,0.991820,0.986160,0.988190,19492,False
2009-12-25,0.988120,0.989840,0.986050,0.986070,2024,False
2009-12-28,0.986820,0.993240,0.985340,0.992180,16706,False
2009-12-29,0.992200,0.996620,0.988300,0.993650,25199,False
2009-12-30,0.993750,0.994240,0.981320,0.982270,28339,False
2009-12-31,0.982180,0.990360,0.978640,0.982860,27829,False
2010-01-01,0.982760,0.982800,0.982760,0.982800,2,False
2010-01-04,0.986000,0.997020,0.985730,0.988680,39588,False
2010-01-05,0.989100,0.996240,0.987860,0.994760,39282,False
2010-01-06,0.994800,0.998460,0.993440,0.995500,37322,False
2010-01-07,0.995470,1.003920,0.992910,0.999510,38044,False
2010-01-08,0.999440,1.005540,0.991440,0.994260,42072,False
2010-01-11,0.994380,0.995200,0.982420,0.983630,37459,False
2010-01-12,0.983600,0.986800,0.977840,0.980500,38283,False
2010-01-13,0.980540,0.989000,0.979310,0.987660,37066,False
2010-01-14,0.987720,0.996120,0.986080,0.995400,34751,False
2010-01-15,0.995480,1.002400,0.994610,0.996420,34805,False
2010-01-18,0.997660,1.000440,0.996870,0.998790,18924,False
2010-01-19,0.998710,1.004690,0.997360,1.001260,32713,False
2010-01-20,1.001220,1.005100,0.996100,0.997720,44239,False
2010-01-21,0.997760,1.000440,0.990280,0.990780,50345,False
2010-01-22,0.990760,0.993740,0.982700,0.984500,47475,False
2010-01-25,0.982870,0.988120,0.980880,0.983030,36345,False
2010-01-26,0.983100,0.987090,0.978840,0.984590,47528,False
2010-01-27,0.984570,0.987020,0.981240,0.986800,47035,False
2010-01-28,0.986750,0.995570,0.985940,0.986760,46472,False
2010-01-29,0.986700,0.997520,0.982520,0.991000,50554,False
2010-02-01,0.990400,0.996000,0.987850,0.996000,37804,False
2010-02-02,0.996020,1.000110,0.993180,0.998060,37262,False
2010-02-03,0.997880,1.000400,0.993300,0.997110,36775,False
2010-02-04,0.997080,1.000410,0.991720,0.993060,43944,False
2010-02-05,0.993100,1.006940,0.991320,1.000740,70508,False
2010-02-08,1.005480,1.007080,0.997680,0.997800,43195,False
2010-02-09,0.997880,1.001620,0.994060,0.998190,53515,False
2010-02-10,0.998140,1.007360,0.996840,1.005160,49420,False
2010-02-11,1.004960,1.022640,1.003600,1.019500,48070,False
2010-02-12,1.019540,1.027520,1.018650,1.023920,51770,False
2010-02-15,1.024460,1.030520,1.023100,1.026990,19594,False
2010-02-16,1.026940,1.029720,1.020500,1.022060,32532,False
2010-02-17,1.021930,1.032120,1.020000,1.030600,33855,False
2010-02-18,1.030680,1.038410,1.029620,1.035020,42030,False
2010-02-19,1.035080,1.039350,1.029890,1.035040,54049,False
2010-02-22,1.034700,1.037680,1.031700,1.031830,7233,False
2010-02-23,1.031760,1.037200,1.023530,1.026000,10576,False
2010-02-24,1.025510,1.026680,1.020320,1.026000,9975,False
2010-02-25,1.026080,1.029560,1.014180,1.018360,10960,False
2010-02-26,1.018420,1.021640,1.013360,1.020540,11007,False
2010-03-01,1.018270,1.039610,1.018130,1.036440,11378,False
2010-03-02,1.036330,1.047710,1.034870,1.037860,11712,False
2010-03-03,1.037780,1.040870,1.033950,1.034900,10195,False
2010-03-04,1.035000,1.047860,1.034180,1.044120,9910,False
2010-03-05,1.044020,1.051010,1.041060,1.044120,8010,False
2010-03-08,1.043690,1.045580,1.039310,1.044940,6915,False
2010-03-09,1.045000,1.051900,1.043580,1.047590,8424,False
2010-03-10,1.047710,1.049720,1.042340,1.044260,7441,False
2010-03-11,1.044380,1.045760,1.038840,1.043400,7734,False
2010-03-12,1.043470,1.044040,1.034940,1.037860,9116,False
2010-03-15,1.038700,1.042480,1.038700,1.041840,35777,False
2010-03-16,1.041800,1.042840,1.038670,1.040060,35716,False
2010-03-17,1.040000,1.045180,1.038000,1.043220,32724,False
2010-03-18,1.043260,1.049820,1.040520,1.043420,35001,False
2010-03-19,1.043340,1.053620,1.036300,1.043440,39812,False
2010-03-22,1.044520,1.045820,1.035800,1.038450,34618,False
2010-03-23,1.038410,1.042580,1.036240,1.040840,34893,False
2010-03-24,1.040800,1.049480,1.039000,1.044900,50085,False
2010-03-25,1.044880,1.052180,1.044770,1.049160,45948,False
2010-03-26,1.049060,1.050040,1.033520,1.037550,48071,False
2010-03-29,1.032290,1.044920,1.031940,1.040360,34195,False
2010-03-30,1.040310,1.049020,1.038710,1.045620,33202,False
2010-03-31,1.045600,1.049550,1.032700,1.038240,41723,False
2010-04-01,1.038200,1.053480,1.035320,1.045080,40251,False
2010-04-02,1.045040,1.054020,1.043060,1.049380,16822,False
2010-04-05,1.052380,1.061080,1.050940,1.059900,19927,False
2010-04-06,1.059860,1.071470,1.059340,1.067200,33655,False
2010-04-07,1.066960,1.073360,1.066230,1.067000,34576,False
2010-04-08,1.067280,1.071620,1.064040,1.070420,34011,False
2010-04-09,1.070280,1.072460,1.059440,1.062940,36782,False
2010-04-12,1.050940,1.058950,1.049190,1.056480,39692,False
2010-04-13,1.056440,1.057220,1.050870,1.052600,31482,False
2010-04-14,1.052660,1.059370,1.050950,1.053260,34209,False
2010-04-15,1.053240,1.061520,1.052540,1.054240,32469,False
2010-04-16,1.054180,1.058220,1.044960,1.047920,45768,False
2010-04-19,1.048280,1.050740,1.043340,1.047920,9235,False
2010-04-20,1.048060,1.071420,1.046820,1.070250,9630,False
2010-04-21,1.070310,1.076120,1.068730,1.070770,9495,False
2010-04-22,1.070710,1.078740,1.070120,1.077750,9706,False
2010-04-23,1.077820,1.082220,1.068960,1.073350,12825,False
2010-04-26,1.075070,1.079000,1.070900,1.071910,8394,False
2010-04-27,1.071850,1.077500,1.064580,1.069140,12535,False
2010-04-28,1.069000,1.079150,1.067100,1.074120,16410,False
2010-04-29,1.074040,1.082060,1.073120,1.078260,10557,False
2010-04-30,1.078180,1.079800,1.057830,1.058730,11495,False
2010-05-03,1.055020,1.074800,1.054720,1.074240,7563,False
2010-05-04,1.074300,1.077520,1.070010,1.076430,11698,False
2010-05-05,1.076490,1.085460,1.075360,1.084810,16034,False
2010-05-06,1.084970,1.086990,1.036600,1.058340,38799,False
2010-05-07,1.058420,1.074230,1.054880,1.061460,44202,False
2010-05-10,1.064180,1.085520,1.061940,1.084730,31722,False
2010-05-11,1.084800,1.092080,1.079200,1.087840,21445,False
2010-05-12,1.088120,1.093740,1.085400,1.090560,17436,False
2010-05-13,1.090660,1.100660,1.088980,1.095660,15912,False
2010-05-14,1.095720,1.098640,1.088420,1.094560,19933,False
2010-05-17,1.097900,1.100020,1.090650,1.095500,22024,False
2010-05-18,1.095600,1.107120,1.094060,1.104280,23958,False
2010-05-19,1.104150,1.107060,1.092350,1.102310,36692,False
2010-05-20,1.101860,1.106860,1.074150,1.075270,36900,False
2010-05-21,1.075190,1.089660,1.068100,1.084840,41229,False
2010-05-24,1.084660,1.097200,1.079580,1.090780,20919,False
2010-05-25,1.090840,1.092560,1.074060,1.083940,28257,False
2010-05-26,1.084040,1.094220,1.079270,1.083500,23357,False
2010-05-27,1.083600,1.105480,1.081750,1.098100,24251,False
2010-05-28,1.098240,1.103440,1.096440,1.099100,21914,False
2010-05-31,1.101040,1.109840,1.096830,1.105580,11758,False
2010-06-01,1.105660,1.114460,1.095440,1.096490,24872,False
2010-06-02,1.096090,1.114420,1.094900,1.112260,21604,False
2010-06-03,1.112150,1.114910,1.105520,1.111800,17548,False
2010-06-04,1.111720,1.112700,1.093520,1.094100,24993,False
2010-06-07,1.095760,1.104040,1.090780,1.095580,21857,False
2010-06-08,1.095820,1.104420,1.087600,1.100360,22056,False
2010-06-09,1.100280,1.103140,1.095730,1.099420,16192,False
2010-06-10,1.099560,1.111430,1.098390,1.108980,18355,False
2010-06-11,1.108920,1.115540,1.104180,1.113800,18292,False
2010-06-14,1.112770,1.113070,1.101940,1.104690,16286,False
2010-06-15,1.104590,1.112700,1.096880,1.105080,16523,False
2010-06-16,1.105240,1.106040,1.095580,1.104300,14015,False
2010-06-17,1.104240,1.104620,1.076680,1.081340,16298,False
2010-06-18,1.081490,1.086940,1.076780,1.084900,12164,False
2010-06-21,1.083950,1.094230,1.077070,1.085910,16855,False
2010-06-22,1.085970,1.088340,1.075460,1.075640,14938,False
2010-06-23,1.075720,1.078360,1.061050,1.062980,17508,False
2010-06-24,1.062900,1.065000,1.053240,1.057500,14681,False
2010-06-25,1.057200,1.060940,1.052600,1.055760,14912,False
2010-06-28,1.057660,1.057660,1.043700,1.049190,11601,False
2010-06-29,1.049260,1.051520,1.021820,1.024680,15648,False
2010-06-30,1.024480,1.033720,1.012020,1.012630,15795,False
2010-07-01,1.012730,1.014760,0.995030,0.999520,19932,False
2010-07-02,0.999320,1.009200,0.997670,1.000380,16753,False
2010-07-05,1.001600,1.006500,0.995720,1.001180,8026,False
2010-07-06,1.001240,1.011280,0.995570,1.004490,13721,False
2010-07-07,1.004390,1.007260,0.998560,1.004900,12140,False
2010-07-08,1.004980,1.012350,1.001100,1.006900,11531,False
2010-07-09,1.006960,1.026970,1.005480,1.023130,10047,False
2010-07-12,1.024460,1.034020,1.021080,1.021540,8921,False
2010-07-13,1.022730,1.029420,1.015800,1.023980,9805,False
2010-07-14,1.023840,1.029370,1.017740,1.019320,10720,False
2010-07-15,1.019380,1.020580,0.997860,1.002570,13682,False
2010-07-16,1.002510,1.004360,0.990140,0.992820,12339,False
2010-07-19,0.994020,1.001400,0.990890,1.000090,10224,False
2010-07-20,1.000150,1.009500,0.991880,1.008960,12050,False
2010-07-21,1.008900,1.015540,1.001180,1.002350,13373,False
2010-07-22,1.002450,1.006460,0.996100,1.005540,12706,False
2010-07-23,1.006120,1.018480,0.998570,1.018180,14269,False
2010-07-26,1.016170,1.017720,1.012760,1.015840,10541,False
2010-07-27,1.015980,1.031600,1.015220,1.024390,11538,False
2010-07-28,1.024190,1.029610,1.016100,1.017260,11701,False
2010-07-29,1.017180,1.021080,1.000650,1.004220,11040,False
2010-07-30,1.005520,1.016230,1.001110,1.011180,13851,False
2010-08-02,1.011360,1.024190,1.010390,1.015680,9321,False
2010-08-03,1.015600,1.016740,1.010000,1.015400,9160,False
2010-08-04,1.015480,1.036440,1.013840,1.034240,9912,False
2010-08-05,1.034170,1.038700,1.027460,1.028980,10071,False
2010-08-06,1.028850,1.033480,1.005040,1.011460,11289,False
2010-08-09,1.010550,1.022240,1.009210,1.021720,6741,False
2010-08-10,1.021660,1.023900,1.012060,1.016630,12242,False
2010-08-11,1.016700,1.020960,1.006780,1.013140,12603,False
2010-08-12,1.013240,1.015140,1.000560,1.007360,12348,False
2010-08-13,1.007040,1.017580,1.006080,1.008800,10318,False
2010-08-16,1.009200,1.011350,0.992760,0.996100,10750,False
2010-08-17,0.996200,1.012190,0.994010,1.011000,11478,False
2010-08-18,1.011100,1.014280,1.006970,1.012630,9340,False
2010-08-19,1.012720,1.016030,0.989260,0.991980,12882,False
2010-08-20,0.992180,0.994720,0.984880,0.987140,10856,False
2010-08-23,0.986200,0.992000,0.983880,0.989270,8814,False
2010-08-24,0.989410,0.990450,0.970480,0.973040,13625,False
2010-08-25,0.972970,0.974220,0.962880,0.972500,13682,False
2010-08-26,0.972600,0.978320,0.967970,0.967970,11745,False
2010-08-27,0.967770,0.979630,0.962960,0.978240,12910,False
2010-08-30,0.979300,0.983700,0.967650,0.968040,7842,False
2010-08-31,0.967830,0.968570,0.950430,0.952660,12624,False
2010-09-01,0.952740,0.969610,0.951020,0.967840,12155,False
2010-09-02,0.967720,0.968150,0.959800,0.962360,10847,False
2010-09-03,0.962300,0.983290,0.959390,0.978530,11294,False
2010-09-06,0.977500,0.981850,0.976100,0.977880,4744,False
2010-09-07,0.978040,0.978220,0.963640,0.965180,9845,False
2010-09-08,0.965120,0.977120,0.959670,0.974940,10526,False
2010-09-09,0.975050,0.984380,0.972100,0.981750,9227,False
2010-09-10,0.981610,0.996380,0.980420,0.983340,11694,False
2010-09-13,0.987020,0.988730,0.979060,0.980760,9469,False
2010-09-14,0.980880,0.981220,0.968520,0.969360,12019,False
2010-09-15,0.969430,0.978600,0.968340,0.977640,11649,False
2010-09-16,0.977700,0.990000,0.972870,0.989400,10961,False
2010-09-17,0.989480,0.996260,0.974940,0.977560,10823,False
2010-09-20,0.977610,0.980430,0.971920,0.977400,6945,False
2010-09-21,0.977340,0.979400,0.969900,0.970300,11445,False
2010-09-22,0.970390,0.975540,0.952010,0.956760,11960,False
2010-09-23,0.956910,0.960040,0.945820,0.952920,10433,False
2010-09-24,0.952840,0.962130,0.948060,0.959920,12311,False
2010-09-27,0.958550,0.964330,0.955320,0.957350,8530,False
2010-09-28,0.957270,0.958290,0.943350,0.947620,11861,False
2010-09-29,0.947540,0.954450,0.944240,0.946200,11054,False
2010-09-30,0.946360,0.956280,0.941740,0.954620,13636,False
2010-10-01,0.954680,0.958710,0.949290,0.954970,13161,False
2010-10-04,0.955400,0.960140,0.948720,0.948780,9800,False
2010-10-05,0.948910,0.952970,0.944800,0.951180,11109,False
2010-10-06,0.951120,0.955600,0.948270,0.951000,11126,False
2010-10-07,0.950740,0.953880,0.946680,0.949610,11685,False
2010-10-08,0.949680,0.954930,0.942310,0.952080,13889,False
2010-10-11,0.951160,0.954500,0.948820,0.951780,7321,False
2010-10-12,0.951860,0.955910,0.945580,0.947260,11061,False
2010-10-13,0.947200,0.961520,0.945760,0.955140,8690,False
2010-10-14,0.955020,0.955800,0.945120,0.949160,10869,False
2010-10-15,0.949080,0.951920,0.944720,0.949080,13305,False
2010-10-18,0.946820,0.947210,0.937360,0.943260,10197,False
2010-10-19,0.943830,0.945500,0.937220,0.940200,15178,False
2010-10-20,0.940300,0.942620,0.933640,0.941900,12244,False
2010-10-21,0.941720,0.947180,0.938420,0.942660,14873,False
2010-10-22,0.942740,0.954790,0.941960,0.952410,11335,False
2010-10-25,0.950280,0.954900,0.948760,0.951970,9217,False
2010-10-26,0.952040,0.965390,0.950940,0.961400,11042,False
2010-10-27,0.961250,0.964310,0.957520,0.963360,11933,False
2010-10-28,0.963300,0.965300,0.957480,0.963080,10094,False
2010-10-29,0.963020,0.970580,0.961700,0.963660,12065,False
2010-11-01,0.963900,0.981460,0.963580,0.977010,10409,False
2010-11-02,0.976840,0.980990,0.967080,0.971470,9321,False
2010-11-03,0.971550,0.974720,0.962560,0.965650,15460,False
2010-11-04,0.965720,0.967480,0.954200,0.956370,12363,False
2010-11-05,0.956230,0.962530,0.948870,0.961090,13390,False
2010-11-08,0.961310,0.965760,0.958600,0.962640,9554,False
2010-11-09,0.962550,0.965280,0.957100,0.960480,12142,False
2010-11-10,0.960380,0.973750,0.959220,0.969910,14289,False
2010-11-11,0.969750,0.972990,0.965530,0.971960,10750,False
2010-11-12,0.971840,0.973760,0.960020,0.968940,16533,False
2010-11-15,0.967720,0.978790,0.966910,0.975030,11263,False
2010-11-16,0.974970,0.977560,0.965850,0.974220,13903,False
2010-11-17,0.974120,0.976320,0.967080,0.967740,10783,False
2010-11-18,0.967800,0.981500,0.966870,0.977260,10532,False
2010-11-19,0.976880,0.980830,0.969180,0.975840,9200,False
2010-11-22,0.975880,0.980270,0.969860,0.971340,9421,False
2010-11-23,0.971840,0.974580,0.966260,0.973500,14175,False
2010-11-24,0.973400,0.986620,0.973400,0.986120,12145,False
2010-11-25,0.985560,0.992660,0.984150,0.991500,8362,False
2010-11-26,0.991560,0.991780,0.978510,0.982380,11021,False
2010-11-29,0.986270,0.986750,0.976500,0.982330,11104,False
2010-11-30,0.982400,0.983170,0.967680,0.977680,14844,False
2010-12-01,0.977580,0.989170,0.976140,0.985630,13240,False
2010-12-02,0.985740,0.992980,0.983990,0.990200,14227,False
2010-12-03,0.990140,0.993080,0.969330,0.969680,12826,False
2010-12-06,0.972050,0.981220,0.968650,0.976140,9563,False
2010-12-07,0.975940,0.978740,0.972960,0.975540,10363,False
2010-12-08,0.975610,0.979980,0.974820,0.975220,11073,False
2010-12-09,0.975340,0.978500,0.972440,0.973200,10806,False
2010-12-10,0.973270,0.974920,0.969220,0.972300,7535,False
2010-12-13,0.974110,0.975860,0.958780,0.960680,7279,False
2010-12-14,0.960840,0.962160,0.950960,0.953700,10869,False
2010-12-15,0.953620,0.966090,0.952040,0.963430,11680,False
2010-12-16,0.963280,0.967800,0.958080,0.958420,9934,False
2010-12-17,0.958500,0.960800,0.949500,0.955500,10183,False
2010-12-20,0.956120,0.959500,0.945220,0.948970,8136,False
2010-12-21,0.949090,0.949570,0.938950,0.942100,8626,False
2010-12-22,0.941600,0.942900,0.936500,0.939660,8196,False
2010-12-23,0.939590,0.957680,0.938230,0.949940,8117,False
2010-12-24,0.949720,0.957830,0.946320,0.954250,6456,False
2010-12-27,0.953900,0.957960,0.951340,0.953250,5332,False
2010-12-28,0.953760,0.954330,0.940370,0.951720,9201,False
2010-12-29,0.951640,0.955400,0.944440,0.944960,7256,False
2010-12-30,0.944880,0.946080,0.935100,0.935120,7320,False
2010-12-31,0.935360,0.942900,0.933710,0.936440,8624,False
2011-01-03,0.939620,0.946260,0.938130,0.939160,6517,False
2011-01-04,0.939080,0.953820,0.938920,0.950130,10289,False
2011-01-05,0.950050,0.972880,0.947900,0.970100,11897,False
2011-01-06,0.970180,0.976450,0.964360,0.968800,10082,False
2011-01-07,0.968720,0.976340,0.962330,0.973540,12989,False
2011-01-10,0.975360,0.976380,0.967060,0.973880,9607,False
2011-01-11,0.974040,0.985940,0.973040,0.983110,10899,False
2011-01-12,0.983180,0.988380,0.977440,0.980760,12732,False
2011-01-13,0.980680,0.988770,0.972480,0.974380,12018,False
2011-01-14,0.974460,0.976560,0.966460,0.972360,11892,False
2011-01-17,0.974300,0.979270,0.974220,0.977290,7935,False
2011-01-18,0.977160,0.977880,0.966250,0.971860,10944,False
2011-01-19,0.972020,0.973620,0.956800,0.958860,10569,False
2011-01-20,0.958950,0.970690,0.954420,0.969960,13343,False
2011-01-21,0.970040,0.971530,0.961740,0.964910,10454,False
2011-01-24,0.962380,0.967320,0.952280,0.955410,8673,False
2011-01-25,0.955310,0.958660,0.942160,0.945380,10933,False
2011-01-26,0.945440,0.950860,0.943720,0.947100,10404,False
2011-01-27,0.947020,0.954110,0.943700,0.951680,11166,False
2011-01-28,0.951750,0.952570,0.940510,0.940820,9740,False
2011-01-31,0.939810,0.945040,0.936530,0.943060,9385,False
2011-02-01,0.943140,0.949460,0.941380,0.944240,9426,False
2011-02-02,0.944300,0.954180,0.943380,0.951580,8544,False
2011-02-03,0.951660,0.963000,0.950720,0.954080,8947,False
2011-02-04,0.954000,0.971360,0.948120,0.967420,10597,False
2011-02-07,0.969160,0.971700,0.963880,0.964360,8339,False
2011-02-08,0.964280,0.969980,0.961950,0.967980,9168,False
2011-02-09,0.968040,0.971320,0.961760,0.963780,7968,False
2011-02-10,0.963880,0.974660,0.962560,0.973700,8430,False
2011-02-11,0.973620,0.987440,0.971620,0.985480,8338,False
2011-02-14,0.984870,0.989760,0.979380,0.980700,7141,False
2011-02-15,0.980620,0.986880,0.976000,0.977030,7751,False
2011-02-16,0.977120,0.986330,0.969580,0.974240,9369,False
2011-02-17,0.974140,0.975600,0.963340,0.964840,8378,False
2011-02-18,0.964920,0.970240,0.955980,0.957320,7584,False
2011-02-21,0.957370,0.965460,0.957370,0.963190,4686,False
2011-02-22,0.963120,0.964600,0.946120,0.947500,10738,False
2011-02-23,0.947600,0.949860,0.936040,0.942910,8350,False
2011-02-24,0.942840,0.944410,0.936910,0.942800,10581,False
2011-02-25,0.942880,0.950550,0.939830,0.949620,7444,False
2011-02-28,0.948860,0.957060,0.947230,0.955870,7340,False
2011-03-01,0.955950,0.960080,0.951790,0.952580,7313,False
2011-03-02,0.952510,0.953760,0.946720,0.948880,6890,False
2011-03-03,0.948990,0.959060,0.948480,0.958440,7137,False
2011-03-04,0.958360,0.959180,0.949360,0.949830,7203,False
2011-03-07,0.950850,0.955660,0.950080,0.952100,4550,False
2011-03-08,0.952020,0.963650,0.951180,0.962710,5709,False
2011-03-09,0.962630,0.965000,0.956540,0.959750,4957,False
2011-03-10,0.959830,0.963800,0.953540,0.954860,7034,False
2011-03-11,0.955000,0.960820,0.949100,0.955320,8023,False
2011-03-14,0.953020,0.957680,0.946100,0.949220,7005,False
2011-03-15,0.949280,0.949580,0.922920,0.929590,14339,False
2011-03-16,0.929670,0.936640,0.911100,0.915960,12436,False
2011-03-17,0.916020,0.918710,0.900870,0.912420,19150,False
2011-03-18,0.912340,0.924580,0.909520,0.914920,12056,False
2011-03-21,0.913480,0.929220,0.913140,0.924900,6630,False
2011-03-22,0.925140,0.927520,0.920480,0.921010,6421,False
2011-03-23,0.921210,0.927540,0.914840,0.925580,6578,False
2011-03-24,0.925640,0.933020,0.924630,0.931680,7367,False
2011-03-25,0.931560,0.939300,0.929220,0.937140,6820,False
2011-03-28,0.940220,0.942200,0.935730,0.937460,5817,False
2011-03-29,0.937400,0.945860,0.936300,0.944260,6027,False
2011-03-30,0.944340,0.954900,0.944180,0.945860,6236,False
2011-03-31,0.945980,0.947740,0.940310,0.947060,5970,False
2011-04-01,0.946960,0.968030,0.946590,0.959360,8507,False
2011-04-04,0.958980,0.961320,0.949900,0.954650,5174,False
2011-04-05,0.954580,0.961210,0.950080,0.960020,6196,False
2011-04-06,0.960080,0.965380,0.952540,0.956460,6693,False
2011-04-07,0.956360,0.959460,0.951780,0.956250,7470,False
2011-04-08,0.956340,0.960340,0.948220,0.948730,7690,False
2011-04-11,0.949880,0.952680,0.946480,0.947760,5370,False
2011-04-12,0.947820,0.949000,0.927120,0.931000,9757,False
2011-04-13,0.931180,0.935630,0.926900,0.931540,7793,False
2011-04-14,0.931480,0.931810,0.923120,0.928610,8388,False
2011-04-15,0.928540,0.931680,0.925170,0.930120,6320,False
2011-04-18,0.930920,0.932360,0.924140,0.929700,9175,False
2011-04-19,0.929440,0.942150,0.926880,0.941180,7447,False
2011-04-20,0.941300,0.942660,0.929670,0.932190,7819,False
2011-04-21,0.932270,0.936720,0.923540,0.929660,8076,False
2011-04-22,0.929520,0.931880,0.927400,0.928070,2815,False
2011-04-25,0.929820,0.931010,0.921870,0.923210,5267,False
2011-04-26,0.923290,0.927400,0.918460,0.919740,6854,False
2011-04-27,0.919670,0.924450,0.912220,0.920860,9092,False
2011-04-28,0.920940,0.922080,0.917120,0.918990,7729,False
2011-04-29,0.919060,0.919360,0.907300,0.915580,6993,False
2011-05-02,0.915580,0.917450,0.908180,0.910300,7212,False
2011-05-03,0.910240,0.915220,0.902660,0.904160,7880,False
2011-05-04,0.904220,0.906780,0.893580,0.898260,9408,False
2011-05-05,0.898340,0.901700,0.887480,0.900350,12137,False
2011-05-06,0.900250,0.917340,0.898640,0.909530,16843,False
2011-05-09,0.908840,0.911900,0.904060,0.906370,10431,False
2011-05-10,0.906280,0.919680,0.903320,0.919540,9915,False
2011-05-11,0.919650,0.926320,0.918750,0.922800,9981,False
2011-05-12,0.922900,0.923630,0.913960,0.918360,11170,False
2011-05-13,0.918280,0.923980,0.915280,0.921810,10501,False
2011-05-16,0.921620,0.922860,0.906140,0.906410,9931,False
2011-05-17,0.906500,0.912100,0.903600,0.905320,10381,False
2011-05-18,0.905560,0.908850,0.902740,0.908130,8316,False
2011-05-19,0.908360,0.917740,0.905280,0.910260,8684,False
2011-05-20,0.910340,0.914300,0.897660,0.901000,9828,False
2011-05-23,0.902600,0.904640,0.897830,0.903780,9434,False
2011-05-24,0.903880,0.908680,0.897800,0.901010,8811,False
2011-05-25,0.900930,0.901580,0.891160,0.893230,8081,False
2011-05-26,0.893370,0.893800,0.882830,0.885240,8071,False
2011-05-27,0.885320,0.885410,0.866000,0.870140,9406,False
2011-05-30,0.868240,0.874210,0.867860,0.872290,8984,False
2011-05-31,0.872220,0.884720,0.867920,0.881800,17250,False
2011-06-01,0.881760,0.882160,0.861400,0.861440,18520,False
2011-06-02,0.861520,0.864410,0.858190,0.863280,17002,False
2011-06-03,0.863320,0.864780,0.847340,0.852240,17158,False
2011-06-06,0.853740,0.856270,0.850440,0.850950,14927,False
2011-06-07,0.850890,0.860980,0.850740,0.858060,14354,False
2011-06-08,0.858020,0.859130,0.851560,0.853620,15208,False
2011-06-09,0.853540,0.865420,0.852100,0.864810,15589,False
2011-06-10,0.864780,0.867220,0.859380,0.860420,16336,False
2011-06-13,0.860980,0.866500,0.854780,0.857840,13773,False
2011-06-14,0.857800,0.873920,0.854520,0.873180,14646,False
2011-06-15,0.873130,0.879070,0.866960,0.871150,18440,False
2011-06-16,0.871120,0.872630,0.857440,0.863840,23055,False
2011-06-17,0.863700,0.867300,0.859180,0.865220,18987,False
2011-06-20,0.864960,0.866750,0.858000,0.863680,15029,False
2011-06-21,0.863700,0.868390,0.860080,0.865540,13766,False
2011-06-22,0.865500,0.867280,0.857820,0.861740,16215,False
2011-06-23,0.861680,0.866570,0.852750,0.856760,19969,False
2011-06-24,0.856810,0.857950,0.842180,0.842760,16604,False
2011-06-27,0.843980,0.849240,0.841790,0.846980,15020,False
2011-06-28,0.846940,0.847940,0.841250,0.847850,15414,False
2011-06-29,0.847800,0.862070,0.846410,0.860440,17303,False
2011-06-30,0.860380,0.877800,0.858160,0.872450,15041,False
2011-07-01,0.872400,0.886460,0.871580,0.883040,14235,False
2011-07-04,0.884160,0.885620,0.881720,0.882360,8286,False
2011-07-05,0.882420,0.884840,0.871270,0.872470,13244,False
2011-07-06,0.872540,0.875300,0.864190,0.869580,14050,False
2011-07-07,0.869640,0.885360,0.867460,0.880660,13710,False
2011-07-08,0.880700,0.889280,0.867220,0.869620,16205,False
2011-07-11,0.872000,0.872040,0.859400,0.862720,14880,False
2011-07-12,0.862760,0.864880,0.853230,0.859200,26114,False
2011-07-13,0.859280,0.866580,0.851650,0.853460,20496,False
2011-07-14,0.853390,0.855190,0.844580,0.849510,26081,False
2011-07-15,0.849550,0.856820,0.846340,0.854880,17146,False
2011-07-18,0.847800,0.853640,0.847140,0.851960,16335,False
2011-07-19,0.852020,0.870920,0.850880,0.867380,17554,False
2011-07-20,0.867320,0.868790,0.862550,0.865180,13982,False
2011-07-21,0.865140,0.871440,0.861160,0.864110,20347,False
2011-07-22,0.864070,0.873640,0.857300,0.864040,15964,False
2011-07-25,0.855370,0.858340,0.845760,0.851020,13788,False
2011-07-26,0.851060,0.853680,0.846660,0.848550,15095,False
2011-07-27,0.848500,0.851900,0.843580,0.843990,13044,False
2011-07-28,0.844060,0.848410,0.841430,0.843980,12822,False
2011-07-29,0.843940,0.844660,0.820450,0.822580,19021,False
2011-08-01,0.830600,0.836200,0.806570,0.818660,25411,False
2011-08-02,0.818700,0.822200,0.792990,0.792990,22826,False
2011-08-03,0.793030,0.811760,0.791650,0.800720,26900,False
2011-08-04,0.800680,0.807840,0.777370,0.778140,33774,False
2011-08-05,0.778180,0.789860,0.771270,0.781080,43338,False
2011-08-08,0.773200,0.781440,0.756560,0.759200,43776,False
2011-08-09,0.759270,0.765500,0.711440,0.737640,62517,False
2011-08-10,0.737680,0.746910,0.730200,0.730300,48174,False
2011-08-11,0.730360,0.775440,0.729140,0.773480,51876,False
2011-08-12,0.773520,0.788480,0.762220,0.787860,35913,False
2011-08-15,0.793370,0.809740,0.791020,0.800890,30230,False
2011-08-16,0.800820,0.810540,0.787990,0.810540,26883,False
2011-08-17,0.810580,0.816290,0.796000,0.805680,35737,False
2011-08-18,0.805750,0.813620,0.791110,0.801750,31356,False
2011-08-19,0.801790,0.803530,0.791700,0.792800,28478,False
2011-08-22,0.798210,0.802030,0.792760,0.797860,22689,False
2011-08-23,0.797900,0.802680,0.795400,0.802420,18681,False
2011-08-24,0.802480,0.806260,0.797910,0.806260,17789,False
2011-08-25,0.806320,0.813210,0.802060,0.802420,18713,False
2011-08-26,0.802460,0.824580,0.799730,0.821690,23622,False
2011-08-29,0.823670,0.844220,0.820770,0.835040,17857,False
2011-08-30,0.834980,0.842360,0.829300,0.838620,18299,False
2011-08-31,0.838660,0.838840,0.818920,0.824320,22000,False
2011-09-01,0.824280,0.827270,0.811820,0.814390,22825,False
2011-09-02,0.814440,0.815720,0.787100,0.800360,28283,False
2011-09-05,0.797970,0.801460,0.788480,0.794580,21172,False
2011-09-06,0.794620,0.872160,0.790330,0.870320,41694,False
2011-09-07,0.870360,0.872160,0.865440,0.872020,19999,False
2011-09-08,0.871980,0.887100,0.870620,0.884920,21009,False
2011-09-09,0.884980,0.889360,0.880360,0.886720,26234,False
2011-09-12,0.890370,0.892960,0.880760,0.886700,26715,False
2011-09-13,0.886640,0.893180,0.884280,0.893130,26998,False
2011-09-14,0.893090,0.894220,0.881800,0.885420,23884,False
2011-09-15,0.885340,0.886480,0.878860,0.883940,20492,False
2011-09-16,0.883870,0.896460,0.883270,0.895200,18072,False
2011-09-19,0.897820,0.900340,0.889060,0.890360,17611,False
2011-09-20,0.890260,0.899220,0.887690,0.894300,23884,False
2011-09-21,0.894240,0.905220,0.876940,0.892680,26718,False
2011-09-22,0.892750,0.895140,0.877490,0.883520,39598,False
2011-09-23,0.883650,0.886050,0.876620,0.881440,32238,False
2011-09-26,0.879600,0.883120,0.870640,0.879370,28868,False
2011-09-27,0.879420,0.883860,0.875390,0.879000,22754,False
2011-09-28,0.879040,0.879670,0.870640,0.871000,22006,False
2011-09-29,0.870940,0.872320,0.864060,0.865970,22298,False
2011-09-30,0.866040,0.872740,0.861490,0.864630,21629,False
2011-10-03,0.868100,0.876860,0.865160,0.873850,25315,False
2011-10-04,0.873900,0.875440,0.865860,0.871740,31416,False
2011-10-05,0.871780,0.888760,0.870100,0.887460,27357,False
2011-10-06,0.887440,0.894680,0.880500,0.887600,32179,False
2011-10-07,0.887660,0.895500,0.884420,0.891840,25910,False
2011-10-10,0.892540,0.895540,0.876820,0.880900,21732,False
2011-10-11,0.880720,0.885890,0.875500,0.882290,20590,False
2011-10-12,0.882350,0.886140,0.877590,0.879950,22460,False
2011-10-13,0.879810,0.883030,0.877480,0.879730,21397,False
2011-10-14,0.879810,0.886600,0.878570,0.883030,19406,False
2011-10-17,0.882340,0.888260,0.878310,0.878620,19732,False
2011-10-18,0.878700,0.887940,0.875550,0.886120,25663,False
2011-10-19,0.886200,0.892460,0.884120,0.884660,23081,False
2011-10-20,0.884560,0.888060,0.876740,0.880180,28626,False
2011-10-21,0.880100,0.882240,0.871870,0.876610,21932,False
2011-10-24,0.876400,0.881960,0.874160,0.877520,18870,False
2011-10-25,0.877420,0.881950,0.863500,0.863500,22888,False
2011-10-26,0.863540,0.878380,0.858880,0.877340,21700,False
2011-10-27,0.877260,0.879780,0.862510,0.867890,23600,False
2011-10-28,0.867800,0.872500,0.864920,0.870540,16924,False
2011-10-31,0.870080,0.881740,0.867450,0.876240,22723,False
2011-11-01,0.876640,0.881280,0.868380,0.869440,30980,False
2011-11-02,0.869380,0.873080,0.866800,0.872300,23873,False
2011-11-03,0.872380,0.878320,0.868420,0.872000,29149,False
2011-11-04,0.872080,0.875160,0.865200,0.868460,21640,False
2011-11-07,0.872720,0.889790,0.872480,0.889360,20464,False
2011-11-08,0.889270,0.892860,0.879880,0.887170,20029,False
2011-11-09,0.887120,0.893410,0.883920,0.887740,23411,False
2011-11-10,0.887880,0.894130,0.884500,0.891080,23417,False
2011-11-11,0.891240,0.892060,0.883780,0.890740,17204,False
2011-11-14,0.891320,0.894140,0.882440,0.893310,18302,False
2011-11-15,0.893260,0.898140,0.892840,0.896180,19347,False
2011-11-16,0.896080,0.899980,0.892580,0.897460,22404,False
2011-11-17,0.897560,0.901900,0.894140,0.895840,25434,False
2011-11-18,0.895760,0.896540,0.887280,0.891880,20122,False
2011-11-21,0.893240,0.893240,0.880220,0.882030,17964,False
2011-11-22,0.882100,0.884280,0.877790,0.880470,15880,False
2011-11-23,0.880410,0.882240,0.876340,0.877360,19224,False
2011-11-24,0.877440,0.880760,0.876500,0.878220,11665,False
2011-11-25,0.878260,0.892180,0.877630,0.887800,17198,False
2011-11-28,0.889990,0.895220,0.887940,0.891960,16986,False
2011-11-29,0.891880,0.895810,0.889090,0.892180,17621,False
2011-11-30,0.892260,0.898940,0.890380,0.897560,24413,False
2011-12-01,0.897500,0.903890,0.891300,0.903190,17425,False
2011-12-02,0.903110,0.909130,0.899860,0.903720,15470,False
2011-12-05,0.905880,0.908130,0.903810,0.905800,13886,False
2011-12-06,0.905720,0.917810,0.904310,0.916800,15950,False
2011-12-07,0.916870,0.919460,0.913640,0.914560,14527,False
2011-12-08,0.914620,0.916840,0.905010,0.905120,16847,False
2011-12-09,0.905210,0.909400,0.899650,0.907630,17420,False
2011-12-12,0.908220,0.914020,0.904460,0.912490,13750,False
2011-12-13,0.912300,0.917480,0.911080,0.914420,19632,False
2011-12-14,0.914340,0.917620,0.910760,0.917180,17429,False
2011-12-15,0.917100,0.918960,0.907260,0.908180,19382,False
2011-12-16,0.907900,0.912080,0.901020,0.901870,14574,False
2011-12-19,0.903270,0.905780,0.900600,0.902300,12498,False
2011-12-20,0.902240,0.906120,0.899720,0.904740,11701,False
2011-12-21,0.904800,0.913000,0.903860,0.911400,16102,False
2011-12-22,0.911460,0.917910,0.908660,0.917460,10926,False
2011-12-23,0.917380,0.921440,0.915060,0.917670,7406,False
2011-12-26,0.917600,0.919660,0.914820,0.917320,3038,False
2011-12-27,0.917700,0.920110,0.913960,0.917020,7404,False
2011-12-28,0.916920,0.924340,0.915380,0.920140,10564,False
2011-12-29,0.920220,0.925360,0.919580,0.921820,10879,False
2011-12-30,0.921740,0.924240,0.917750,0.917750,11290,False
2012-01-02,0.919490,0.923460,0.919020,0.922400,4249,False
2012-01-03,0.922340,0.927010,0.920050,0.922540,14556,False
2012-01-04,0.922600,0.931760,0.920540,0.929880,12387,False
2012-01-05,0.929830,0.937200,0.928760,0.934000,17786,False
2012-01-06,0.933920,0.937690,0.928520,0.928790,13526,False
2012-01-09,0.931520,0.932120,0.924420,0.927740,14196,False
2012-01-10,0.927820,0.934850,0.926800,0.934650,12081,False
2012-01-11,0.934720,0.939860,0.933040,0.935810,13614,False
2012-01-12,0.935750,0.936940,0.924310,0.926840,13228,False
2012-01-13,0.926780,0.932840,0.924780,0.930420,18361,False
2012-01-16,0.932140,0.938640,0.930820,0.937440,10514,False
2012-01-17,0.937540,0.940300,0.932350,0.935260,14479,False
2012-01-18,0.935350,0.935430,0.926750,0.929070,16259,False
2012-01-19,0.929140,0.931390,0.921240,0.922140,14379,False
2012-01-20,0.922090,0.923820,0.919120,0.922270,10783,False
2012-01-23,0.924120,0.925500,0.918040,0.919740,12072,False
2012-01-24,0.919670,0.921140,0.915040,0.919320,11698,False
2012-01-25,0.919390,0.920860,0.916080,0.917580,14866,False
2012-01-26,0.917650,0.920400,0.915280,0.918890,11959,False
2012-01-27,0.918840,0.920450,0.909960,0.911180,14422,False
2012-01-30,0.910960,0.916220,0.910850,0.915720,10597,False
2012-01-31,0.915620,0.918840,0.912710,0.917820,12926,False
2012-02-01,0.917740,0.920840,0.914190,0.916540,12091,False
2012-02-02,0.916490,0.920130,0.915510,0.917450,12483,False
2012-02-03,0.917380,0.926570,0.912170,0.924170,13175,False
2012-02-06,0.925400,0.928440,0.921460,0.922420,11394,False
2012-02-07,0.922380,0.924260,0.915940,0.916740,13210,False
2012-02-08,0.916700,0.918970,0.914380,0.916120,10948,False
2012-02-09,0.916180,0.918060,0.913890,0.916820,13417,False
2012-02-10,0.916900,0.917770,0.912440,0.915400,10886,False
2012-02-13,0.914360,0.917600,0.912140,0.916750,9151,False
2012-02-14,0.916650,0.921580,0.915580,0.920260,11693,False
2012-02-15,0.920180,0.926880,0.919500,0.923620,13109,False
2012-02-16,0.923540,0.927020,0.921320,0.922320,14621,False
2012-02-17,0.922240,0.924060,0.920080,0.922400,10756,False
2012-02-20,0.923920,0.924130,0.915600,0.917600,7642,False
2012-02-21,0.917520,0.918640,0.913920,0.915280,12997,False
2012-02-22,0.915360,0.916370,0.910120,0.910260,11238,False
2012-02-23,0.910330,0.910960,0.903200,0.903670,10578,False
2012-02-24,0.903750,0.904420,0.894540,0.896690,8994,False
2012-02-27,0.896140,0.901160,0.893760,0.900300,9585,False
2012-02-28,0.900230,0.902600,0.898140,0.899700,10054,False
2012-02-29,0.899640,0.915700,0.899210,0.913700,14775,False
2012-03-01,0.913620,0.920320,0.912740,0.919370,12041,False
2012-03-02,0.919440,0.926080,0.918240,0.924020,9505,False
2012-03-05,0.924240,0.924800,0.916100,0.917160,9676,False
2012-03-06,0.917080,0.919010,0.915770,0.917170,11437,False
2012-03-07,0.917250,0.919020,0.915620,0.918980,9143,False
2012-03-08,0.919060,0.920020,0.912400,0.917120,10559,False
2012-03-09,0.917080,0.930570,0.916460,0.927360,11106,False
2012-03-12,0.928160,0.928860,0.921840,0.923520,8317,False
2012-03-13,0.923440,0.934390,0.922570,0.933760,10305,False
2012-03-14,0.933710,0.940470,0.932480,0.937480,10275,False
2012-03-15,0.937570,0.938650,0.927920,0.930620,11354,False
2012-03-16,0.930700,0.931320,0.921930,0.923790,9576,False
2012-03-19,0.923920,0.926000,0.920340,0.923350,6534,False
2012-03-20,0.923400,0.923790,0.915720,0.919480,7876,False
2012-03-21,0.919520,0.921670,0.917570,0.919420,9112,False
2012-03-22,0.919500,0.921560,0.913100,0.913990,10289,False
2012-03-23,0.914060,0.914940,0.906920,0.910050,10075,False
2012-03-26,0.909500,0.914620,0.908950,0.911480,8674,False
2012-03-27,0.911380,0.913160,0.908740,0.909890,7399,False
2012-03-28,0.909840,0.911120,0.905290,0.906640,9655,False
2012-03-29,0.906570,0.910000,0.905030,0.909470,10246,False
2012-03-30,0.909370,0.909740,0.902980,0.903580,9695,False
2012-04-02,0.904790,0.913420,0.903380,0.912340,8725,False
2012-04-03,0.912380,0.919340,0.908740,0.918020,10551,False
2012-04-04,0.917960,0.921560,0.917540,0.919200,12159,False
2012-04-05,0.919120,0.928530,0.917480,0.926160,10002,False
2012-04-06,0.926100,0.927420,0.918390,0.920420,5081,False
2012-04-09,0.919180,0.924520,0.918000,0.919380,5085,False
2012-04-10,0.919460,0.921770,0.914200,0.914450,11080,False
2012-04-11,0.914370,0.915510,0.911710,0.913920,10667,False
2012-04-12,0.913850,0.917200,0.913100,0.916420,10962,False
2012-04-13,0.916360,0.922100,0.915500,0.919880,9893,False
2012-04-16,0.921380,0.924670,0.914020,0.915160,11518,False
2012-04-17,0.915080,0.927870,0.914530,0.924220,9790,False
2012-04-18,0.924120,0.929780,0.923560,0.924020,10203,False
2012-04-19,0.923940,0.927020,0.919060,0.919120,11740,False
2012-04-20,0.919180,0.919840,0.915240,0.915990,8525,False
2012-04-23,0.918530,0.922240,0.915600,0.921480,7780,False
2012-04-24,0.921540,0.923240,0.919400,0.922360,7421,False
2012-04-25,0.922410,0.926810,0.920430,0.924550,9162,False
2012-04-26,0.924600,0.926980,0.921930,0.923330,7455,False
2012-04-27,0.923400,0.925850,0.921230,0.924320,8842,False
2012-04-30,0.925120,0.926380,0.917670,0.919260,6499,False
2012-05-01,0.919300,0.924040,0.914370,0.921300,4686,False
2012-05-02,0.921390,0.927690,0.920540,0.925700,7711,False
2012-05-03,0.925780,0.932130,0.923700,0.924120,7253,False
2012-05-04,0.924190,0.927660,0.918300,0.921880,8148,False
2012-05-07,0.926820,0.929270,0.923950,0.926900,8550,False
2012-05-08,0.926980,0.928100,0.922200,0.924800,8537,False
2012-05-09,0.924880,0.927310,0.921080,0.926580,11837,False
2012-05-10,0.926500,0.928540,0.924620,0.926600,8908,False
2012-05-11,0.926540,0.932560,0.923280,0.929380,9071,False
2012-05-14,0.930810,0.933920,0.928280,0.933280,9033,False
2012-05-15,0.933360,0.939400,0.932660,0.936840,10589,False
2012-05-16,0.936900,0.937650,0.932360,0.933130,14023,False
2012-05-17,0.933190,0.934390,0.927660,0.927740,12742,False
2012-05-18,0.927580,0.931290,0.919010,0.919330,13670,False
2012-05-21,0.920150,0.923460,0.919440,0.921120,10706,False
2012-05-22,0.921020,0.928060,0.920820,0.927920,10077,False
2012-05-23,0.928000,0.932940,0.926120,0.931060,16808,False
2012-05-24,0.930840,0.936020,0.929680,0.933520,17020,False
2012-05-25,0.933460,0.934840,0.930200,0.932130,12257,False
2012-05-28,0.931480,0.936600,0.930550,0.936070,7177,False
2012-05-29,0.936000,0.940150,0.935000,0.939830,11991,False
2012-05-30,0.939700,0.943360,0.937840,0.942640,14670,False
2012-05-31,0.942580,0.943380,0.937900,0.940140,14222,False
2012-06-01,0.940060,0.941700,0.927670,0.927930,18988,False
2012-06-04,0.931040,0.931240,0.921160,0.924520,12336,False
2012-06-05,0.924570,0.930390,0.923590,0.928960,13468,False
2012-06-06,0.928890,0.931660,0.928420,0.928800,14881,False
2012-06-07,0.928860,0.934280,0.928040,0.930260,15374,False
2012-06-08,0.930180,0.935680,0.929480,0.934380,15126,False
2012-06-11,0.929860,0.934920,0.927480,0.932580,14083,False
2012-06-12,0.932620,0.937760,0.931880,0.935840,14546,False
2012-06-13,0.935740,0.936720,0.927480,0.928320,14064,False
2012-06-14,0.928380,0.932060,0.927920,0.929640,14012,False
2012-06-15,0.929580,0.931410,0.926860,0.930100,10332,False
2012-06-18,0.926580,0.932880,0.923370,0.932340,15567,False
2012-06-19,0.932420,0.933240,0.927060,0.930140,13065,False
2012-06-20,0.930210,0.930740,0.926060,0.928160,15343,False
2012-06-21,0.928080,0.932260,0.926880,0.929950,16044,False
2012-06-22,0.929890,0.933920,0.929510,0.932360,12768,False
2012-06-25,0.931680,0.936100,0.931680,0.933200,9805,False
2012-06-26,0.933080,0.939090,0.932810,0.938980,11995,False
2012-06-27,0.938900,0.940280,0.936550,0.939760,9315,False
2012-06-28,0.939830,0.942180,0.933330,0.934160,14234,False
2012-06-29,0.934240,0.935140,0.925540,0.933060,19785,False
2012-07-02,0.932300,0.939060,0.932060,0.938640,11202,False
2012-07-03,0.938740,0.942740,0.938280,0.941400,8407,False
2012-07-04,0.941520,0.948700,0.940870,0.946280,6917,False
2012-07-05,0.946140,0.958520,0.945640,0.955840,14313,False
2012-07-06,0.955760,0.960620,0.954490,0.958780,12295,False
2012-07-09,0.959660,0.961480,0.955420,0.957020,9404,False
2012-07-10,0.956940,0.961160,0.956040,0.958740,9539,False
2012-07-11,0.958660,0.963060,0.957880,0.962100,10329,False
2012-07-12,0.962180,0.967090,0.960970,0.965600,11306,False
2012-07-13,0.965680,0.970120,0.965060,0.967090,10544,False
2012-07-16,0.965990,0.971280,0.963300,0.964160,8143,False
2012-07-17,0.964200,0.969040,0.960780,0.965520,11259,False
2012-07-18,0.965480,0.969500,0.964760,0.967920,9830,False
2012-07-19,0.967960,0.974560,0.965780,0.970820,11118,False
2012-07-20,0.970860,0.977060,0.970300,0.975550,11063,False
2012-07-23,0.977220,0.978200,0.972200,0.972800,13730,False
2012-07-24,0.972760,0.977200,0.972000,0.974300,13036,False
2012-07-25,0.974240,0.975440,0.969530,0.972740,15142,False
2012-07-26,0.972770,0.975810,0.965880,0.967910,16037,False
2012-07-27,0.967880,0.972800,0.964480,0.971900,15265,False
2012-07-30,0.972410,0.978840,0.971580,0.978120,9906,False
2012-07-31,0.978060,0.978660,0.972460,0.973480,11448,False
2012-08-01,0.973520,0.978500,0.972800,0.977520,11151,False
2012-08-02,0.977570,0.984840,0.968920,0.978880,19461,False
2012-08-03,0.978820,0.981480,0.968320,0.968860,13672,False
2012-08-06,0.967300,0.974410,0.965600,0.968590,10205,False
2012-08-07,0.968650,0.972160,0.967960,0.971840,8923,False
2012-08-08,0.971780,0.977850,0.971320,0.977080,9061,False
2012-08-09,0.976960,0.986600,0.975300,0.984730,10232,False
2012-08-10,0.984770,0.986380,0.982400,0.985720,9423,False
2012-08-13,0.985350,0.987500,0.977660,0.981120,7768,False
2012-08-14,0.981080,0.983100,0.977640,0.982340,8435,False
2012-08-15,0.982380,0.988920,0.980240,0.987740,7649,False
2012-08-16,0.987810,0.990230,0.982300,0.985310,8212,False
2012-08-17,0.985360,0.988380,0.982020,0.984280,8349,False
2012-08-20,0.983200,0.987640,0.982250,0.984380,6887,False
2012-08-21,0.984440,0.985040,0.973340,0.973360,8705,False
2012-08-22,0.973400,0.973900,0.965660,0.967040,10315,False
2012-08-23,0.966960,0.968640,0.960790,0.961740,9566,False
2012-08-24,0.961700,0.968360,0.961290,0.967360,9371,False
2012-08-27,0.967120,0.970320,0.967040,0.969920,5608,False
2012-08-28,0.969960,0.971920,0.966740,0.967090,8330,False
2012-08-29,0.967150,0.971670,0.966140,0.968600,6947,False
2012-08-30,0.968560,0.969140,0.964260,0.967590,7105,False
2012-08-31,0.967660,0.969340,0.961080,0.968300,12988,False
2012-09-03,0.967030,0.969780,0.965600,0.967340,5586,False
2012-09-04,0.967410,0.970630,0.965000,0.969600,8125,False
2012-09-05,0.969560,0.972400,0.961820,0.964890,11720,False
2012-09-06,0.964830,0.973900,0.963440,0.970440,12664,False
2012-09-07,0.970400,0.976730,0.964240,0.964600,11705,False
2012-09-10,0.965240,0.970570,0.964980,0.967920,6955,False
2012-09-11,0.967980,0.972120,0.964460,0.964840,9579,False
2012-09-12,0.964780,0.966580,0.959900,0.960080,12211,False
2012-09-13,0.960020,0.968180,0.958100,0.965780,13206,False
2012-09-14,0.965840,0.968190,0.952660,0.953640,10990,False
2012-09-17,0.954980,0.956830,0.950920,0.951580,8787,False
2012-09-18,0.951480,0.954100,0.947930,0.953120,9600,False
2012-09-19,0.953220,0.954660,0.949590,0.951620,9344,False
2012-09-20,0.951580,0.955860,0.949900,0.955320,10635,False
2012-09-21,0.955240,0.958240,0.952820,0.955620,10553,False
2012-09-24,0.955580,0.957420,0.953560,0.956080,8601,False
2012-09-25,0.956150,0.958180,0.953320,0.956270,10398,False
2012-09-26,0.956420,0.958460,0.952940,0.953360,10296,False
2012-09-27,0.953460,0.957340,0.952360,0.955860,11378,False
2012-09-28,0.955770,0.957350,0.952800,0.955480,12097,False
2012-10-01,0.955680,0.958800,0.953030,0.955120,10907,False
2012-10-02,0.955070,0.956000,0.950190,0.951410,9429,False
2012-10-03,0.951450,0.952820,0.948360,0.950320,9720,False
2012-10-04,0.950230,0.951340,0.946330,0.948960,10887,False
2012-10-05,0.949050,0.955680,0.948380,0.949760,8950,False
2012-10-08,0.951260,0.956860,0.950350,0.955500,7206,False
2012-10-09,0.955540,0.962400,0.954960,0.961160,10214,False
2012-10-10,0.961200,0.962900,0.955810,0.956850,9423,False
2012-10-11,0.956910,0.958750,0.953940,0.955660,9922,False
2012-10-12,0.955720,0.956360,0.951110,0.952290,7980,False
2012-10-15,0.953370,0.955640,0.951400,0.951490,7412,False
2012-10-16,0.951570,0.952070,0.937970,0.938620,9556,False
2012-10-17,0.938700,0.943360,0.934680,0.943180,8831,False
2012-10-18,0.943140,0.945420,0.937860,0.938570,9038,False
2012-10-19,0.938610,0.939620,0.933890,0.934120,8010,False
2012-10-22,0.933420,0.934730,0.929660,0.934200,7114,False
2012-10-23,0.934260,0.942480,0.931940,0.939800,8987,False
2012-10-24,0.939920,0.945040,0.937350,0.938560,10017,False
2012-10-25,0.938500,0.940750,0.936500,0.940240,9404,False
2012-10-26,0.940180,0.941600,0.935620,0.937680,10272,False
2012-10-29,0.936300,0.938470,0.935520,0.935840,4946,False
2012-10-30,0.935780,0.936400,0.930700,0.932880,4817,False
2012-10-31,0.933000,0.933860,0.927500,0.932080,7579,False
2012-11-01,0.932020,0.935890,0.930200,0.935220,6899,False
2012-11-02,0.935140,0.947010,0.934570,0.944330,9843,False
2012-11-05,0.945590,0.947940,0.944230,0.947020,6343,False
2012-11-06,0.946980,0.951010,0.946480,0.950260,7337,False
2012-11-07,0.950200,0.954320,0.946980,0.947890,14682,False
2012-11-08,0.947950,0.951360,0.945220,0.945560,11353,False
2012-11-09,0.945680,0.948790,0.944090,0.947180,10990,False
2012-11-12,0.948390,0.950210,0.946720,0.948360,2601,False
2012-11-13,0.948440,0.950460,0.945100,0.945200,9680,False
2012-11-14,0.945260,0.946490,0.940340,0.941360,8274,False
2012-11-15,0.941420,0.943320,0.938520,0.941180,8452,False
2012-11-16,0.941260,0.946620,0.941100,0.944300,8214,False
2012-11-19,0.944280,0.946630,0.942970,0.943460,6725,False
2012-11-20,0.943580,0.946030,0.941750,0.942980,8780,False
2012-11-21,0.943060,0.946920,0.940780,0.942120,7419,False
2012-11-22,0.942040,0.942540,0.936560,0.937680,6611,False
2012-11-23,0.937600,0.938080,0.934140,0.934640,6322,False
2012-11-26,0.935400,0.936910,0.932460,0.933740,6279,False
2012-11-27,0.933820,0.939080,0.932140,0.935620,7905,False
2012-11-28,0.935560,0.938540,0.935350,0.936600,5387,False
2012-11-29,0.936640,0.937660,0.932820,0.934540,6809,False
2012-11-30,0.934600,0.935280,0.931080,0.933430,7899,False
2012-12-03,0.933430,0.934100,0.929660,0.930200,6782,False
2012-12-04,0.930000,0.935000,0.929320,0.933180,7215,False
2012-12-05,0.933260,0.937300,0.932540,0.934080,6745,False
2012-12-06,0.934140,0.942420,0.933360,0.940440,7873,False
2012-12-07,0.940400,0.949540,0.940090,0.945780,7586,False
2012-12-10,0.949210,0.949680,0.944180,0.946360,5871,False
2012-12-11,0.946280,0.949580,0.943370,0.945340,6335,False
2012-12-12,0.945240,0.946020,0.939880,0.940880,6378,False
2012-12-13,0.941050,0.942720,0.937430,0.937860,7198,False
2012-12-14,0.937870,0.939360,0.929940,0.931010,33132,False
2012-12-17,0.929410,0.933300,0.928600,0.932990,4597,False
2012-12-18,0.932940,0.933920,0.925940,0.926200,3077,False
2012-12-19,0.926130,0.926710,0.920530,0.923830,27198,False
2012-12-20,0.923800,0.925580,0.919220,0.922980,31480,False
2012-12-21,0.922940,0.925160,0.920660,0.921570,37765,False
2012-12-24,0.922420,0.924490,0.919160,0.923620,20452,False
2012-12-26,0.923620,0.923620,0.917160,0.918500,8970,False
2012-12-27,0.918520,0.921280,0.916220,0.917720,29914,False
2012-12-28,0.917710,0.922850,0.916000,0.916580,31306,False
2012-12-31,0.917060,0.923760,0.916410,0.919400,28306,False
2013-01-02,0.921190,0.932510,0.918700,0.931920,49685,False
2013-01-03,0.931990,0.938510,0.930650,0.938250,36104,False
2013-01-04,0.938240,0.941350,0.935440,0.936620,41025,False
2013-01-07,0.937130,0.940400,0.934130,0.934380,31485,False
2013-01-08,0.934410,0.937630,0.932520,0.936540,34097,False
2013-01-09,0.936560,0.940160,0.935730,0.936910,32014,False
2013-01-10,0.936930,0.938980,0.926860,0.929860,39667,False
2013-01-11,0.929860,0.933910,0.926300,0.927780,43955,False
2013-01-14,0.927080,0.938120,0.927010,0.937220,38921,False
2013-01-15,0.937220,0.947490,0.936380,0.946860,53566,False
2013-01-16,0.946860,0.947290,0.941540,0.944220,46723,False
2013-01-17,0.944240,0.949920,0.941470,0.946100,49178,False
2013-01-18,0.946100,0.951470,0.936310,0.941920,60371,False
2013-01-21,0.942480,0.943140,0.936980,0.939180,34477,False
2013-01-22,0.939200,0.941580,0.933720,0.936890,55458,False
2013-01-23,0.936900,0.939700,0.928760,0.930180,45110,False
2013-01-24,0.930180,0.932440,0.925030,0.926430,48707,False
2013-01-25,0.926450,0.928080,0.914580,0.920960,53485,False
2013-01-28,0.921030,0.922260,0.916730,0.920660,40545,False
2013-01-29,0.920620,0.921800,0.914960,0.920500,39700,False
2013-01-30,0.920490,0.921300,0.907690,0.909640,42952,False
2013-01-31,0.909600,0.913790,0.906090,0.912540,38527,False
2013-02-01,0.912560,0.913270,0.902500,0.911270,50389,False
2013-02-04,0.911360,0.915880,0.908460,0.909410,36016,False
2013-02-05,0.909420,0.912540,0.908860,0.912380,43285,False
2013-02-06,0.912350,0.917360,0.909000,0.914160,42425,False
2013-02-07,0.914120,0.921780,0.910560,0.920280,44981,False
2013-02-08,0.920260,0.921650,0.913860,0.915790,39462,False
2013-02-11,0.915510,0.916320,0.909500,0.915850,83069,False
2013-02-12,0.915860,0.916960,0.908410,0.915010,100341,False
2013-02-13,0.915020,0.917510,0.911780,0.915180,79308,False
2013-02-14,0.915220,0.923560,0.915220,0.920240,89387,False
2013-02-15,0.920240,0.922120,0.914450,0.916020,96764,False
2013-02-18,0.915940,0.919040,0.912210,0.913700,72780,False
2013-02-19,0.913720,0.914380,0.910040,0.912250,72498,False
2013-02-20,0.912270,0.912620,0.907200,0.911900,90426,False
2013-02-21,0.911890,0.915700,0.911540,0.914020,106572,False
2013-02-22,0.914000,0.915420,0.908760,0.909840,104253,False
2013-02-25,0.909340,0.911040,0.902960,0.908460,152339,False
2013-02-26,0.908150,0.909790,0.905150,0.908220,172732,False
2013-02-27,0.908210,0.910260,0.904990,0.908740,120194,False
2013-02-28,0.908720,0.910340,0.905420,0.908940,111510,False
2013-03-01,0.908980,0.919740,0.907700,0.918360,131408,False
2013-03-04,0.917280,0.917770,0.913770,0.916000,87517,False
2013-03-05,0.915990,0.918200,0.915020,0.916260,88186,False
2013-03-06,0.916270,0.919580,0.914700,0.919360,88453,False
2013-03-07,0.919360,0.920280,0.913820,0.915720,115002,False
2013-03-08,0.915730,0.931440,0.913640,0.925120,114942,False
2013-03-11,0.925680,0.926610,0.922700,0.923180,82922,False
2013-03-12,0.923180,0.925470,0.919660,0.923400,98566,False
2013-03-13,0.923380,0.927540,0.919220,0.926860,103941,False
2013-03-14,0.926840,0.932660,0.924120,0.926550,117252,False
2013-03-15,0.926540,0.927040,0.919330,0.920840,114808,False
2013-03-18,0.923560,0.926780,0.920120,0.925600,149856,False
2013-03-19,0.925600,0.927070,0.918780,0.922260,142837,False
2013-03-20,0.922250,0.924060,0.918700,0.921260,110690,False
2013-03-21,0.921260,0.927670,0.920200,0.923340,82031,False
2013-03-22,0.923340,0.925010,0.918670,0.919600,61139,False
2013-03-25,0.922260,0.929010,0.914840,0.928720,75739,False
2013-03-26,0.928700,0.934260,0.928080,0.933120,61512,False
2013-03-27,0.933130,0.939920,0.932200,0.938780,56254,False
2013-03-28,0.938780,0.939100,0.932020,0.934660,56070,False
2013-03-29,0.934670,0.935770,0.932230,0.933080,46798,False
2013-04-01,0.933790,0.936020,0.930010,0.930950,30931,False
2013-04-02,0.930940,0.936700,0.929820,0.935030,51659,False
2013-04-03,0.935000,0.938590,0.930800,0.931540,48595,False
2013-04-04,0.931540,0.937420,0.927020,0.928030,73737,False
2013-04-05,0.927980,0.930420,0.911930,0.918560,69754,False
2013-04-08,0.918660,0.920290,0.915040,0.919860,49756,False
2013-04-09,0.919830,0.922000,0.915820,0.917520,56228,False
2013-04-10,0.917520,0.919990,0.915880,0.919560,46399,False
2013-04-11,0.919560,0.922780,0.918290,0.921250,51362,False
2013-04-12,0.921240,0.921950,0.913610,0.915000,54992,False
2013-04-15,0.913940,0.916000,0.907680,0.908120,80007,False
2013-04-16,0.908160,0.910380,0.901560,0.903550,76499,False
2013-04-17,0.903560,0.909420,0.898590,0.908680,80805,False
2013-04-18,0.908680,0.910800,0.905930,0.908900,71134,False
2013-04-19,0.908900,0.910380,0.904680,0.909840,62145,False
2013-04-22,0.908470,0.912240,0.908420,0.910870,52337,False
2013-04-23,0.910880,0.921840,0.908380,0.921600,66597,False
2013-04-24,0.921560,0.924880,0.920020,0.923240,58409,False
2013-04-25,0.923230,0.929220,0.921600,0.926310,60569,False
2013-04-26,0.926320,0.927940,0.921390,0.927390,63670,False
2013-04-29,0.925700,0.927700,0.922400,0.926080,52381,False
2013-04-30,0.926080,0.927300,0.919840,0.922640,58159,False
2013-05-01,0.922660,0.925060,0.917500,0.919780,52849,False
2013-05-02,0.919800,0.928810,0.919120,0.925240,72726,False
2013-05-03,0.925260,0.930310,0.920160,0.928160,64900,False
2013-05-06,0.928150,0.932480,0.926900,0.932010,41128,False
2013-05-07,0.932020,0.937220,0.929970,0.936310,49017,False
2013-05-08,0.936310,0.936430,0.930240,0.932940,49195,False
2013-05-09,0.932940,0.945980,0.931440,0.941680,60576,False
2013-05-10,0.941680,0.951580,0.939960,0.947370,92520,False
2013-05-13,0.948060,0.949680,0.944080,0.947560,62952,False
2013-05-14,0.947550,0.950840,0.941510,0.949960,73568,False
2013-05-15,0.949960,0.954360,0.946700,0.949920,82745,False
2013-05-16,0.949880,0.953440,0.943500,0.946460,80243,False
2013-05-17,0.946480,0.948720,0.940100,0.946030,75361,False
2013-05-20,0.943500,0.945670,0.940060,0.944430,61198,False
2013-05-21,0.944460,0.945980,0.939540,0.944820,72377,False
2013-05-22,0.944820,0.950560,0.941640,0.943660,112489,False
2013-05-23,0.943660,0.945520,0.929940,0.940280,115343,False
2013-05-24,0.940270,0.941280,0.928060,0.931620,83856,False
2013-05-27,0.933260,0.934120,0.929120,0.931350,45533,False
2013-05-28,0.931330,0.940730,0.930800,0.939500,79448,False
2013-05-29,0.939520,0.939800,0.924160,0.928800,101441,False
2013-05-30,0.928780,0.930570,0.921170,0.925520,105071,False
2013-05-31,0.925520,0.930000,0.919100,0.920610,104993,False
2013-06-03,0.921550,0.929720,0.914300,0.921640,100044,False
2013-06-04,0.921680,0.922760,0.914740,0.915500,84350,False
2013-06-05,0.915510,0.917540,0.907750,0.910820,97497,False
2013-06-06,0.910810,0.913700,0.903080,0.905400,119900,False
2013-06-07,0.905400,0.918600,0.900380,0.917880,123766,False
2013-06-10,0.916980,0.923520,0.914740,0.916000,79026,False
2013-06-11,0.916060,0.916620,0.903600,0.907600,104686,False
2013-06-12,0.907610,0.913800,0.899180,0.901720,87302,False
2013-06-13,0.901730,0.910800,0.894010,0.907440,100678,False
2013-06-14,0.907450,0.911310,0.904060,0.905680,80373,False
2013-06-17,0.905990,0.911130,0.905220,0.905830,52064,False
2013-06-18,0.905840,0.908990,0.899040,0.901140,64595,False
2013-06-19,0.901130,0.907680,0.898860,0.903600,79173,False
2013-06-20,0.903610,0.904760,0.892440,0.893040,117059,False
2013-06-21,0.893020,0.896080,0.888220,0.893620,92429,False
2013-06-24,0.893580,0.894040,0.884720,0.888860,94704,False
2013-06-25,0.888840,0.894560,0.886830,0.892420,83825,False
2013-06-26,0.892460,0.901750,0.891640,0.900700,78939,False
2013-06-27,0.900660,0.907280,0.899650,0.902200,71219,False
2013-06-28,0.902180,0.904060,0.896300,0.898080,82504,False
2013-07-01,0.897900,0.904440,0.896770,0.900480,62277,False
2013-07-02,0.900480,0.903100,0.897170,0.901590,65827,False
2013-07-03,0.901560,0.903300,0.898000,0.900960,74826,False
2013-07-04,0.900960,0.913580,0.898930,0.909800,69831,False
2013-07-05,0.909800,0.913170,0.907260,0.911040,82272,False
2013-07-08,0.912200,0.915030,0.910520,0.912660,50729,False
2013-07-09,0.912640,0.925690,0.912100,0.923970,66012,False
2013-07-10,0.923950,0.925440,0.914720,0.915800,84121,False
2013-07-11,0.915790,0.918060,0.905820,0.913590,132456,False
2013-07-12,0.913600,0.917420,0.908980,0.910360,70242,False
2013-07-15,0.910420,0.914320,0.909340,0.909560,59038,False
2013-07-16,0.909570,0.910100,0.902950,0.905620,69071,False
2013-07-17,0.905620,0.906860,0.899960,0.904430,75864,False
2013-07-18,0.904440,0.911500,0.903550,0.910180,56978,False
2013-07-19,0.910180,0.910770,0.906200,0.907560,56017,False
2013-07-22,0.908110,0.909410,0.901960,0.906020,50289,False
2013-07-23,0.906030,0.911690,0.905180,0.908800,52711,False
2013-07-24,0.909080,0.912820,0.906840,0.909000,62473,False
2013-07-25,0.909050,0.911310,0.903160,0.904460,64766,False
2013-07-26,0.904480,0.905110,0.901640,0.903360,52330,False
2013-07-29,0.902590,0.908110,0.902480,0.907040,47682,False
2013-07-30,0.907040,0.908040,0.901060,0.902260,52809,False
2013-07-31,0.902240,0.905040,0.899020,0.901280,78386,False
2013-08-01,0.901290,0.905980,0.900080,0.905520,67866,False
2013-08-02,0.905500,0.906720,0.893180,0.894360,66296,False
2013-08-05,0.894210,0.897910,0.893240,0.895080,51176,False
2013-08-06,0.895100,0.896880,0.890210,0.892360,48842,False
2013-08-07,0.892360,0.892920,0.883730,0.884210,59162,False
2013-08-08,0.884180,0.891950,0.883140,0.891020,54541,False
2013-08-09,0.891000,0.897640,0.889400,0.896460,45758,False
2013-08-12,0.897360,0.901260,0.895480,0.898230,45063,False
2013-08-13,0.898240,0.904300,0.897570,0.902100,50906,False
2013-08-14,0.902100,0.907560,0.900980,0.904560,50755,False
2013-08-15,0.904640,0.908450,0.897100,0.898600,74010,False
2013-08-16,0.898610,0.900960,0.891650,0.896360,54937,False
2013-08-19,0.895580,0.898610,0.892290,0.893360,46372,False
2013-08-20,0.893350,0.894210,0.880780,0.882780,59754,False
2013-08-21,0.882780,0.882860,0.879300,0.880620,63670,False
2013-08-22,0.880620,0.885200,0.876820,0.877980,58401,False
2013-08-23,0.877980,0.878770,0.873200,0.877980,60965,False
2013-08-26,0.876480,0.879630,0.875520,0.879000,35636,False
2013-08-27,0.879000,0.879030,0.872320,0.876040,53556,False
2013-08-28,0.876020,0.880850,0.873680,0.879400,57069,False
2013-08-29,0.879400,0.887220,0.878900,0.883900,51913,False
2013-08-30,0.883920,0.885600,0.881680,0.882500,51879,False
2013-09-02,0.884830,0.887020,0.883740,0.885860,40352,False
2013-09-03,0.885860,0.891040,0.885140,0.889060,50566,False
2013-09-04,0.889070,0.894460,0.888280,0.891160,44633,False
2013-09-05,0.891170,0.899800,0.891160,0.899580,52405,False
2013-09-06,0.899580,0.906640,0.898860,0.900940,56151,False
2013-09-09,0.901830,0.903640,0.897240,0.899220,36486,False
2013-09-10,0.899140,0.906530,0.898320,0.903260,41579,False
2013-09-11,0.903280,0.904600,0.899620,0.901630,40910,False
2013-09-12,0.901660,0.904000,0.898500,0.901530,43077,False
2013-09-13,0.901540,0.903820,0.897540,0.898060,41964,False
2013-09-16,0.895160,0.901060,0.894680,0.898230,43584,False
2013-09-17,0.898220,0.902580,0.896340,0.899350,34124,False
2013-09-18,0.899360,0.900400,0.891270,0.892300,58713,False
2013-09-19,0.892300,0.894460,0.886720,0.887070,55412,False
2013-09-20,0.887070,0.887480,0.883100,0.883460,40859,False
2013-09-23,0.881390,0.886930,0.881390,0.885680,41909,False
2013-09-24,0.885710,0.888490,0.884340,0.886220,35957,False
2013-09-25,0.886220,0.886860,0.881140,0.881600,35746,False
2013-09-26,0.881600,0.884060,0.880600,0.883040,36533,False
2013-09-27,0.883040,0.883160,0.874430,0.879090,36620,False
2013-09-30,0.878380,0.880600,0.877120,0.877770,42617,False
2013-10-01,0.877760,0.879280,0.873580,0.877180,49622,False
2013-10-02,0.877170,0.877910,0.869800,0.873360,43932,False
2013-10-03,0.873370,0.874720,0.868840,0.870480,44254,False
2013-10-04,0.870470,0.881840,0.869620,0.881150,37572,False
2013-10-07,0.880600,0.881100,0.873490,0.875540,30531,False
2013-10-08,0.875560,0.878100,0.871320,0.871780,36522,False
2013-10-09,0.871780,0.879380,0.870520,0.875500,46369,False
2013-10-10,0.875520,0.878260,0.874510,0.876760,37082,False
2013-10-11,0.876770,0.881280,0.872430,0.880670,37353,False
2013-10-14,0.876600,0.881320,0.875520,0.879220,28113,False
2013-10-15,0.879220,0.885930,0.878020,0.878860,42385,False
2013-10-16,0.878860,0.886720,0.877120,0.884480,45026,False
2013-10-17,0.884480,0.885610,0.875120,0.876980,47707,False
2013-10-18,0.877010,0.878320,0.875140,0.876650,33836,False
2013-10-21,0.876400,0.878500,0.874650,0.875380,28350,False
2013-10-22,0.875380,0.878060,0.868950,0.869920,34596,False
2013-10-23,0.869910,0.870060,0.857800,0.859430,42913,False
2013-10-24,0.859420,0.859960,0.854380,0.856200,40176,False
2013-10-25,0.856190,0.859020,0.852840,0.854270,38381,False
2013-10-28,0.854370,0.858160,0.853930,0.857520,29197,False
2013-10-29,0.857520,0.861420,0.856920,0.858660,39743,False
2013-10-30,0.858650,0.861020,0.856020,0.858100,45668,False
2013-10-31,0.858100,0.870760,0.858000,0.869420,49818,False
2013-11-01,0.869440,0.875820,0.868730,0.875320,45983,False
2013-11-04,0.875400,0.877820,0.872510,0.872820,31680,False
2013-11-05,0.872800,0.875300,0.871550,0.873780,37275,False
2013-11-06,0.873760,0.875580,0.871640,0.875550,33994,False
2013-11-07,0.875560,0.885810,0.874180,0.875430,59831,False
2013-11-08,0.875340,0.881200,0.875040,0.879380,53622,False
2013-11-11,0.880190,0.880980,0.877020,0.877660,30227,False
2013-11-12,0.877600,0.879460,0.873180,0.874250,43587,False
2013-11-13,0.874250,0.877330,0.872320,0.873510,40854,False
2013-11-14,0.873520,0.875860,0.870530,0.875700,50057,False
2013-11-15,0.875640,0.877660,0.872160,0.876530,37177,False
2013-11-18,0.876360,0.877540,0.872470,0.875420,34188,False
2013-11-19,0.875400,0.875670,0.868800,0.870120,40963,False
2013-11-20,0.870100,0.879900,0.868250,0.876550,55492,False
2013-11-21,0.876500,0.877600,0.867580,0.867990,48579,False
2013-11-22,0.868000,0.869250,0.860290,0.862220,41387,False
2013-11-25,0.861720,0.865240,0.858360,0.864860,38580,False
2013-11-26,0.864880,0.865480,0.859140,0.859910,40264,False
2013-11-27,0.859900,0.860660,0.854920,0.856620,42120,False
2013-11-28,0.856600,0.858700,0.854000,0.855800,30606,False
2013-11-29,0.855850,0.856270,0.851310,0.853670,45992,False
2013-12-02,0.852920,0.856540,0.851270,0.853660,42013,False
2013-12-03,0.853680,0.854870,0.846140,0.849300,42041,False
2013-12-04,0.849310,0.851520,0.842600,0.844660,56632,False
2013-12-05,0.844640,0.849140,0.840240,0.841680,60937,False
2013-12-06,0.841660,0.843700,0.836520,0.838200,55629,False
2013-12-09,0.837540,0.838680,0.835610,0.837900,32250,False
2013-12-10,0.837910,0.838000,0.833680,0.837040,36110,False
2013-12-11,0.837040,0.838670,0.833480,0.837140,36741,False
2013-12-12,0.837140,0.841040,0.833820,0.835760,49772,False
2013-12-13,0.835760,0.841360,0.833940,0.840170,40051,False
2013-12-16,0.840460,0.840900,0.835220,0.837260,34312,False
2013-12-17,0.837280,0.839520,0.832840,0.834260,35272,False
2013-12-18,0.834260,0.838240,0.831200,0.835350,65059,False
2013-12-19,0.835370,0.842760,0.833390,0.842120,47393,False
2013-12-20,0.842120,0.843180,0.835380,0.842640,48721,False
2013-12-23,0.842150,0.845140,0.840760,0.842820,30307,False
2013-12-24,0.842830,0.845640,0.839060,0.843870,22408,False
2013-12-26,0.842320,0.844320,0.841500,0.842000,36887,False
2013-12-27,0.842010,0.842260,0.825040,0.832490,43247,False
2013-12-30,0.832220,0.834600,0.829870,0.833640,33456,False
2013-12-31,0.833540,0.839130,0.832630,0.836280,26048,False
2014-01-02,0.837670,0.851660,0.837190,0.842540,70100,False
2014-01-03,0.842530,0.853160,0.842460,0.851240,43840,False
2014-01-06,0.851060,0.853860,0.846250,0.848480,41444,False
2014-01-07,0.848470,0.850060,0.843200,0.844430,44997,False
2014-01-08,0.844420,0.844900,0.839850,0.842180,51481,False
2014-01-09,0.842170,0.842600,0.835040,0.836480,47880,False
2014-01-10,0.836440,0.837320,0.824820,0.828490,59394,False
2014-01-13,0.826420,0.831580,0.825940,0.827590,39675,False
2014-01-14,0.827580,0.829230,0.823160,0.824520,42480,False
2014-01-15,0.824520,0.832400,0.823580,0.831220,44448,False
2014-01-16,0.831240,0.831680,0.827420,0.827880,44267,False
2014-01-17,0.827880,0.831350,0.827040,0.830220,39526,False
2014-01-20,0.830120,0.833980,0.828820,0.831110,29798,False
2014-01-21,0.831040,0.833040,0.827920,0.830120,43415,False
2014-01-22,0.830120,0.831760,0.821750,0.822240,42479,False
2014-01-23,0.822240,0.822540,0.804190,0.808410,67564,False
2014-01-24,0.808420,0.811920,0.803560,0.806760,62771,False
2014-01-27,0.808960,0.814010,0.806240,0.806560,48480,False
2014-01-28,0.806490,0.810300,0.802050,0.804490,43014,False
2014-01-29,0.804480,0.809050,0.800420,0.800740,63349,False
2014-01-30,0.800740,0.810450,0.799760,0.809190,49367,False
2014-01-31,0.809200,0.816500,0.804520,0.814350,57082,False
2014-02-03,0.815560,0.819300,0.810300,0.810300,49458,False
2014-02-04,0.810300,0.819240,0.810170,0.815520,46768,False
2014-02-05,0.815500,0.819780,0.811360,0.815240,47287,False
2014-02-06,0.815260,0.819780,0.806520,0.813970,46781,False
2014-02-07,0.813980,0.821480,0.810560,0.813880,46555,False
2014-02-10,0.814200,0.815460,0.810900,0.811160,28895,False
2014-02-11,0.811160,0.816320,0.806760,0.816000,40147,False
2014-02-12,0.815870,0.822120,0.814940,0.818580,35792,False
2014-02-13,0.818720,0.819720,0.809980,0.813870,39848,False
2014-02-14,0.813980,0.815840,0.811480,0.812700,35907,False
2014-02-17,0.811330,0.814600,0.811130,0.813120,25195,False
2014-02-18,0.813050,0.815300,0.808640,0.810860,37181,False
2014-02-19,0.810840,0.814380,0.800740,0.802020,38765,False
2014-02-20,0.801920,0.805460,0.799650,0.801240,40528,False
2014-02-21,0.801300,0.801970,0.794540,0.798990,39621,False
2014-02-24,0.799340,0.804430,0.796180,0.803680,31708,False
2014-02-25,0.803660,0.804120,0.798960,0.800050,30003,False
2014-02-26,0.800000,0.804700,0.799360,0.800380,36239,False
2014-02-27,0.800440,0.801800,0.796400,0.798710,31046,False
2014-02-28,0.798500,0.799240,0.789570,0.795580,50023,False
2014-03-03,0.795000,0.797740,0.792520,0.797320,41865,False
2014-03-04,0.797220,0.800180,0.795820,0.799980,36111,False
2014-03-05,0.800020,0.804620,0.799730,0.804380,36761,False
2014-03-06,0.804350,0.805880,0.800480,0.801360,45699,False
2014-03-07,0.801460,0.801620,0.790290,0.791760,39854,False
2014-03-10,0.790800,0.791880,0.787330,0.790300,26626,False
2014-03-11,0.790380,0.793020,0.789360,0.790780,28397,False
2014-03-12,0.790740,0.791290,0.784400,0.785960,34564,False
2014-03-13,0.785940,0.792740,0.785420,0.789950,45197,False
2014-03-14,0.789910,0.790520,0.784560,0.785900,38440,False
2014-03-17,0.785920,0.792760,0.785390,0.789970,30011,False
2014-03-18,0.789890,0.793480,0.783600,0.784100,39143,False
2014-03-19,0.783860,0.785880,0.780700,0.783630,48849,False
2014-03-20,0.783690,0.787160,0.782050,0.786060,39419,False
2014-03-21,0.786130,0.790540,0.784400,0.786540,35023,False
2014-03-24,0.786780,0.790660,0.784280,0.787020,34039,False
2014-03-25,0.786940,0.794620,0.785570,0.790480,40339,False
2014-03-26,0.790680,0.798060,0.790140,0.797160,40319,False
2014-03-27,0.797100,0.804900,0.796700,0.803720,44297,False
2014-03-28,0.803860,0.808880,0.800640,0.801830,37692,False
2014-03-31,0.800570,0.803700,0.798930,0.800640,41952,False
2014-04-01,0.800600,0.801590,0.797330,0.801220,35092,False
2014-04-02,0.801360,0.805020,0.799400,0.803600,31654,False
2014-04-03,0.803560,0.811000,0.802280,0.807360,43724,False
2014-04-04,0.807300,0.815950,0.807000,0.812600,45748,False
2014-04-07,0.813040,0.813250,0.807070,0.809160,30933,False
2014-04-08,0.809160,0.811450,0.807420,0.808630,40836,False
2014-04-09,0.808690,0.810920,0.805940,0.808450,40534,False
2014-04-10,0.808500,0.809060,0.801400,0.801500,39659,False
2014-04-11,0.801580,0.802220,0.797020,0.797820,38663,False
2014-04-14,0.799920,0.803440,0.797790,0.802540,29157,False
2014-04-15,0.802620,0.802980,0.798800,0.801620,35941,False
2014-04-16,0.801680,0.803300,0.798720,0.800840,40691,False
2014-04-17,0.800640,0.803030,0.797060,0.802720,30107,False
2014-04-18,0.802670,0.803110,0.800880,0.801410,24415,False
2014-04-21,0.801340,0.804060,0.800060,0.803820,16641,False
2014-04-22,0.803760,0.803850,0.801720,0.802640,28305,False
2014-04-23,0.802580,0.802580,0.797660,0.800730,32517,False
2014-04-24,0.800730,0.803320,0.798820,0.799920,28340,False
2014-04-25,0.800040,0.800220,0.797520,0.798560,25146,False
2014-04-28,0.797540,0.800210,0.795670,0.798160,27302,False
2014-04-29,0.798100,0.807600,0.797660,0.807260,34550,False
2014-04-30,0.807160,0.808300,0.801600,0.803190,42451,False
2014-05-01,0.803350,0.803800,0.799040,0.802460,25237,False
2014-05-02,0.802450,0.804980,0.799220,0.800160,40560,False
2014-05-05,0.798490,0.801560,0.797760,0.801260,24188,False
2014-05-06,0.801360,0.803740,0.797880,0.802840,34121,False
2014-05-07,0.802620,0.804480,0.801980,0.803980,33032,False
2014-05-08,0.803950,0.813200,0.799340,0.812540,43720,False
2014-05-09,0.812700,0.817210,0.809940,0.813200,41414,False
2014-05-12,0.813380,0.815870,0.812720,0.814880,24917,False
2014-05-13,0.814760,0.818000,0.811740,0.816380,34123,False
2014-05-14,0.816340,0.819080,0.813630,0.817180,29970,False
2014-05-15,0.817340,0.824290,0.816000,0.818580,41807,False
2014-05-16,0.818680,0.822020,0.817500,0.821830,27467,False
2014-05-19,0.821590,0.821930,0.819540,0.820580,25503,False
2014-05-20,0.820520,0.822180,0.816920,0.817810,27331,False
2014-05-21,0.817920,0.820540,0.816020,0.818560,33072,False
2014-05-22,0.818320,0.821990,0.817280,0.821000,31270,False
2014-05-23,0.821140,0.824800,0.820630,0.824360,30953,False
2014-05-26,0.824390,0.825620,0.823200,0.823860,17941,False
2014-05-27,0.823820,0.827110,0.823580,0.825870,28097,False
2014-05-28,0.825980,0.828040,0.825180,0.825960,28092,False
2014-05-29,0.826230,0.828660,0.824500,0.828490,29476,False
2014-05-30,0.828600,0.829160,0.822950,0.825050,33640,False
2014-06-02,0.825240,0.827760,0.822490,0.824540,29654,False
2014-06-03,0.824680,0.825220,0.820020,0.821900,27362,False
2014-06-04,0.821940,0.822040,0.817760,0.820030,31782,False
2014-06-05,0.820020,0.826560,0.815040,0.815740,52092,False
2014-06-06,0.815840,0.819020,0.815050,0.817500,36871,False
2014-06-09,0.817620,0.823330,0.816430,0.822720,22533,False
2014-06-10,0.822650,0.825380,0.822400,0.824680,28154,False
2014-06-11,0.824660,0.828420,0.824440,0.828090,27576,False
2014-06-12,0.828120,0.830060,0.826240,0.827570,30043,False
2014-06-13,0.827500,0.829680,0.825540,0.828980,29178,False
2014-06-16,0.828580,0.830270,0.825720,0.827160,26888,False
2014-06-17,0.827340,0.829460,0.826360,0.828000,25050,False
2014-06-18,0.828290,0.828290,0.824100,0.826550,35459,False
2014-06-19,0.826440,0.828240,0.823020,0.826260,28888,False
2014-06-20,0.826550,0.834160,0.824980,0.831740,27828,False
2014-06-23,0.832100,0.836100,0.831780,0.833230,25742,False
2014-06-24,0.833580,0.835060,0.831730,0.831740,25533,False
2014-06-25,0.832060,0.833010,0.830720,0.832480,26769,False
2014-06-26,0.832420,0.836520,0.832260,0.836240,24611,False
2014-06-27,0.836100,0.836280,0.833760,0.835320,23177,False
2014-06-30,0.835580,0.835820,0.830380,0.831120,26131,False
2014-07-01,0.831190,0.834940,0.830580,0.834900,23852,False
2014-07-02,0.834640,0.836230,0.833050,0.833420,25542,False
2014-07-03,0.833360,0.841500,0.833100,0.839990,34654,False
2014-07-04,0.839960,0.842040,0.839120,0.839300,22481,False
2014-07-07,0.839950,0.840950,0.836060,0.836410,22365,False
2014-07-08,0.836420,0.838060,0.835580,0.836340,22144,False
2014-07-09,0.836620,0.838200,0.835340,0.836520,27605,False
2014-07-10,0.836500,0.838530,0.835100,0.837950,28773,False
2014-07-11,0.837800,0.839620,0.830800,0.831130,28986,False
2014-07-14,0.831510,0.833260,0.828500,0.832450,23601,False
2014-07-15,0.832340,0.833220,0.830540,0.832440,33053,False
2014-07-16,0.832380,0.837830,0.832120,0.836400,31397,False
2014-07-17,0.836230,0.837440,0.833620,0.833740,28534,False
2014-07-18,0.833940,0.838980,0.833640,0.836860,30895,False
2014-07-21,0.836540,0.837420,0.835120,0.836160,19793,False
2014-07-22,0.836210,0.840820,0.835810,0.840360,26225,False
2014-07-23,0.840500,0.842860,0.839420,0.840880,22972,False
2014-07-24,0.840880,0.841740,0.839320,0.839950,24927,False
2014-07-25,0.840270,0.841020,0.836060,0.836800,29968,False
2014-07-28,0.836320,0.837830,0.835780,0.837100,21528,False
2014-07-29,0.837210,0.837920,0.834880,0.835760,27945,False
2014-07-30,0.835860,0.835920,0.833420,0.833480,39474,False
2014-07-31,0.833240,0.835780,0.831760,0.833420,31672,False
2014-08-01,0.833600,0.833600,0.828550,0.829920,43102,False
2014-08-04,0.829370,0.831480,0.828800,0.831380,20596,False
2014-08-05,0.831390,0.832460,0.828740,0.829360,27942,False
2014-08-06,0.829470,0.832700,0.828580,0.831350,28696,False
2014-08-07,0.831560,0.834080,0.829920,0.831940,30380,False
2014-08-08,0.831940,0.832350,0.823720,0.825200,35153,False
2014-08-11,0.825860,0.830330,0.825130,0.830080,4973,False
2014-08-12,0.829970,0.831760,0.829360,0.830840,5614,False
2014-08-13,0.830760,0.833270,0.828280,0.831370,7275,False
2014-08-14,0.831550,0.832540,0.828750,0.831520,6388,False
2014-08-15,0.831360,0.832790,0.826860,0.828180,9513,False
2014-08-18,0.829030,0.832920,0.828700,0.832580,4479,False
2014-08-19,0.832600,0.833240,0.830280,0.831040,6895,False
2014-08-20,0.831110,0.833500,0.830820,0.832640,9456,False
2014-08-21,0.832800,0.833740,0.831170,0.832970,6420,False
2014-08-22,0.833040,0.835940,0.830320,0.835070,10926,False
2014-08-25,0.836740,0.837780,0.832710,0.833420,7296,False
2014-08-26,0.833330,0.838160,0.833020,0.837780,7522,False
2014-08-27,0.837860,0.844720,0.837400,0.841940,11312,False
2014-08-28,0.842000,0.844450,0.840920,0.842610,10147,False
2014-08-29,0.842760,0.846170,0.840980,0.844060,9846,False
2014-09-01,0.845360,0.846580,0.844490,0.845960,4531,False
2014-09-02,0.845800,0.846040,0.840660,0.840890,8444,False
2014-09-03,0.841100,0.845140,0.840400,0.842900,10692,False
2014-09-04,0.842820,0.859020,0.841680,0.857060,15722,False
2014-09-05,0.856820,0.857690,0.852440,0.855740,13745,False
2014-09-08,0.855380,0.856400,0.850600,0.852640,10153,False
2014-09-09,0.852740,0.853060,0.847930,0.849370,16086,False
2014-09-10,0.849650,0.857620,0.847750,0.856340,18403,False
2014-09-11,0.856310,0.856800,0.846020,0.847960,17316,False
2014-09-12,0.848210,0.848500,0.841280,0.841500,14730,False
2014-09-15,0.840760,0.847720,0.840480,0.846100,10840,False
2014-09-16,0.846200,0.850550,0.843100,0.849940,16289,False
2014-09-17,0.849660,0.856160,0.849630,0.855740,24486,False
2014-09-18,0.855700,0.856060,0.851460,0.853870,17196,False
2014-09-19,0.853710,0.861000,0.852080,0.857970,18704,False
2014-09-22,0.857600,0.859160,0.850920,0.850920,12058,False
2014-09-23,0.851180,0.853100,0.847400,0.848320,15753,False
2014-09-24,0.848360,0.855260,0.847600,0.854960,14851,False
2014-09-25,0.855150,0.856900,0.851960,0.852020,19649,False
2014-09-26,0.852210,0.854400,0.850920,0.852800,15967,False
2014-09-29,0.853260,0.854520,0.850790,0.852110,16104,False
2014-09-30,0.852000,0.858660,0.851420,0.852940,20593,False
2014-10-01,0.853030,0.857300,0.851940,0.856360,19816,False
2014-10-02,0.855980,0.861580,0.853360,0.855160,30019,False
2014-10-03,0.855000,0.860420,0.854060,0.860320,20796,False
2014-10-06,0.861180,0.863780,0.859090,0.860840,18023,False
2014-10-07,0.860780,0.862160,0.855980,0.856220,26258,False
2014-10-08,0.856160,0.858780,0.853620,0.856800,28910,False
2014-10-09,0.856940,0.858200,0.853000,0.853420,28530,False
2014-10-10,0.853350,0.857870,0.851040,0.854920,24813,False
2014-10-13,0.855820,0.855920,0.846210,0.846610,19006,False
2014-10-14,0.846440,0.850650,0.843480,0.844250,21151,False
2014-10-15,0.844370,0.845180,0.833260,0.835360,46516,False
2014-10-16,0.835640,0.839440,0.831840,0.837260,40993,False
2014-10-17,0.837350,0.843020,0.836670,0.839020,22502,False
2014-10-20,0.839060,0.840970,0.834700,0.835440,15225,False
2014-10-21,0.835360,0.845920,0.834700,0.845760,20306,False
2014-10-22,0.845590,0.851840,0.843300,0.848760,22885,False
2014-10-23,0.848860,0.850240,0.846500,0.849520,17810,False
2014-10-24,0.849420,0.851040,0.846860,0.847260,14994,False
2014-10-27,0.847120,0.847540,0.842980,0.844220,21635,False
2014-10-28,0.844140,0.848380,0.842960,0.848200,25637,False
2014-10-29,0.848080,0.853930,0.847450,0.853900,30566,False
2014-10-30,0.853500,0.857800,0.852800,0.854440,33830,False
2014-10-31,0.854500,0.858220,0.851160,0.854550,46150,False
2014-11-03,0.854680,0.858280,0.848180,0.850490,38845,False
2014-11-04,0.850280,0.850600,0.840090,0.841200,33365,False
2014-11-05,0.841580,0.847920,0.840200,0.846720,35705,False
2014-11-06,0.846780,0.852470,0.842860,0.851960,48525,False
2014-11-07,0.852080,0.856540,0.848480,0.852680,45838,False
2014-11-10,0.851630,0.854540,0.850360,0.850820,29950,False
2014-11-11,0.850730,0.854080,0.849600,0.850950,15267,False
2014-11-12,0.851040,0.856420,0.849430,0.853800,18805,False
2014-11-13,0.854000,0.854580,0.845700,0.847550,14499,False
2014-11-14,0.847370,0.853840,0.846540,0.849510,25585,False
2014-11-17,0.850080,0.854520,0.847520,0.853300,17721,False
2014-11-18,0.853700,0.855120,0.846380,0.848300,17472,False
2014-11-19,0.848220,0.848380,0.842260,0.843900,21767,False
2014-11-20,0.843900,0.849030,0.842160,0.847800,23356,False
2014-11-21,0.847730,0.864340,0.846380,0.863440,29084,False
2014-11-24,0.865980,0.865980,0.855260,0.856660,16583,False
2014-11-25,0.856590,0.860060,0.854560,0.856240,21624,False
2014-11-26,0.856160,0.857900,0.853360,0.854630,18897,False
2014-11-27,0.854740,0.857080,0.847980,0.850860,16440,False
2014-11-28,0.850760,0.851300,0.842100,0.845700,20964,False
2014-12-01,0.845110,0.852270,0.844250,0.851670,25108,False
2014-12-02,0.851570,0.854010,0.850030,0.852280,17719,False
2014-12-03,0.852310,0.861220,0.851880,0.860040,20392,False
2014-12-04,0.859940,0.862440,0.848300,0.853380,27351,False
2014-12-05,0.853180,0.857280,0.851660,0.855960,23892,False
2014-12-08,0.855360,0.858430,0.849810,0.850420,16029,False
2014-12-09,0.850710,0.850920,0.846300,0.848640,27112,False
2014-12-10,0.848640,0.849010,0.841020,0.841590,23583,False
2014-12-11,0.841860,0.844580,0.839030,0.840150,33620,False
2014-12-12,0.840460,0.841020,0.831930,0.832500,27168,False
2014-12-15,0.830380,0.835900,0.827090,0.827250,28639,False
2014-12-16,0.827480,0.829680,0.819960,0.825640,40605,False
2014-12-17,0.825550,0.836490,0.824880,0.836400,44808,False
2014-12-18,0.836280,0.846470,0.835270,0.846470,34263,False
2014-12-19,0.845810,0.848790,0.841600,0.848060,24117,False
2014-12-22,0.847720,0.848440,0.842240,0.846200,12811,False
2014-12-23,0.846180,0.851220,0.845290,0.850490,16326,False
2014-12-24,0.850280,0.850730,0.847260,0.847740,12197,False
2014-12-26,0.846320,0.851420,0.846040,0.849460,27797,False
2014-12-29,0.850040,0.851360,0.846560,0.850540,15786,False
2014-12-30,0.850530,0.852940,0.848830,0.851800,14525,False
2014-12-31,0.851850,0.859160,0.851460,0.855640,8674,False
2015-01-02,0.855670,0.857720,0.849660,0.849980,16058,False
2015-01-05,0.853440,0.872190,0.850270,0.856290,21075,False
2015-01-06,0.856110,0.858410,0.851020,0.853380,26704,False
2015-01-07,0.853300,0.859270,0.852200,0.858520,31974,False
2015-01-08,0.858780,0.865090,0.857930,0.860820,21306,False
2015-01-09,0.860580,0.862480,0.853880,0.854840,30207,False
2015-01-12,0.854440,0.857580,0.847500,0.847550,21396,False
2015-01-13,0.847370,0.855590,0.846340,0.853140,25094,False
2015-01-14,0.853400,0.854350,0.848060,0.852520,35570,False
2015-01-15,0.852720,0.854870,0.698740,0.701840,69527,False
2015-01-16,0.701660,0.736440,0.700370,0.714700,48936,False
2015-01-19,0.719200,0.737130,0.714620,0.736610,21772,False
2015-01-20,0.736720,0.738060,0.719760,0.722940,24068,False
2015-01-21,0.722580,0.726020,0.694180,0.696770,34751,False
2015-01-22,0.696680,0.706660,0.690700,0.703480,35101,False
2015-01-23,0.703480,0.709810,0.701260,0.708580,32188,False
2015-01-26,0.707120,0.725840,0.703760,0.723890,24947,False
2015-01-27,0.723970,0.735920,0.716080,0.728180,32535,False
2015-01-28,0.728170,0.731950,0.719240,0.722220,29723,False
2015-01-29,0.722160,0.736800,0.721890,0.732110,29216,False
2015-01-30,0.731920,0.734260,0.720880,0.723510,37526,False
2015-02-02,0.729450,0.739300,0.725000,0.738500,35430,False
2015-02-03,0.738400,0.746150,0.731140,0.744140,44313,False
2015-02-04,0.744080,0.746950,0.733200,0.736140,36996,False
2015-02-05,0.736710,0.745460,0.734130,0.740760,34241,False
2015-02-06,0.740770,0.745480,0.737050,0.739840,32699,False
2015-02-09,0.739200,0.743940,0.737070,0.740860,24678,False
2015-02-10,0.740860,0.743840,0.734120,0.735890,25644,False
2015-02-11,0.736090,0.737730,0.730580,0.735100,26160,False
2015-02-12,0.735160,0.747620,0.733280,0.744220,34870,False
2015-02-13,0.744200,0.749780,0.740380,0.748700,27958,False
2015-02-16,0.748630,0.749700,0.744520,0.747600,22732,False
2015-02-17,0.747660,0.757220,0.747160,0.756180,29352,False
2015-02-18,0.756180,0.760920,0.752340,0.756600,27819,False
2015-02-19,0.756600,0.760500,0.752290,0.759900,26279,False
2015-02-20,0.759820,0.765800,0.747700,0.748580,35197,False
2015-02-23,0.750980,0.758320,0.749200,0.755620,22574,False
2015-02-24,0.755370,0.761730,0.750250,0.761150,31451,False
2015-02-25,0.761020,0.765960,0.760190,0.762640,25922,False
2015-02-26,0.762670,0.765430,0.759700,0.761210,31974,False
2015-02-27,0.761300,0.763960,0.757940,0.762800,28216,False
2015-03-02,0.762680,0.766400,0.761240,0.764520,21103,False
2015-03-03,0.763900,0.772730,0.762690,0.769230,23738,False
2015-03-04,0.769310,0.777070,0.765040,0.775400,29822,False
2015-03-05,0.775050,0.780800,0.774660,0.780060,25876,False
2015-03-06,0.780060,0.784740,0.776680,0.781100,32858,False
2015-03-09,0.782120,0.784170,0.779940,0.781940,20681,False
2015-03-10,0.782180,0.791620,0.780990,0.787830,36221,False
2015-03-11,0.787780,0.795030,0.786480,0.791510,40862,False
2015-03-12,0.791660,0.794310,0.788260,0.790020,40716,False
2015-03-13,0.789870,0.791860,0.784540,0.786620,41718,False
2015-03-16,0.787280,0.789540,0.784220,0.788660,32439,False
2015-03-17,0.788730,0.789670,0.783280,0.786800,27383,False
2015-03-18,0.786870,0.787150,0.773190,0.778360,55253,False
2015-03-19,0.778360,0.787920,0.776300,0.778700,61187,False
2015-03-20,0.778700,0.781080,0.771440,0.776960,42780,False
2015-03-23,0.776790,0.779140,0.771300,0.771560,45569,False
2015-03-24,0.771520,0.773230,0.762660,0.767040,43878,False
2015-03-25,0.766740,0.768470,0.763700,0.766700,35546,False
2015-03-26,0.766830,0.773260,0.764020,0.771500,43412,False
2015-03-27,0.771820,0.774320,0.760280,0.762380,36634,False
2015-03-30,0.763180,0.764840,0.760860,0.762940,27652,False
2015-03-31,0.762220,0.768330,0.759640,0.766720,34437,False
2015-04-01,0.766640,0.767760,0.763490,0.766080,34341,False
2015-04-02,0.766220,0.766980,0.759040,0.764130,33888,False
2015-04-03,0.764280,0.764920,0.760020,0.762340,26214,False
2015-04-06,0.763080,0.768300,0.761660,0.768050,21976,False
2015-04-07,0.767730,0.773200,0.766560,0.772510,31283,False
2015-04-08,0.772510,0.774860,0.768930,0.770350,38537,False
2015-04-09,0.770250,0.777180,0.769990,0.777130,31443,False
2015-04-10,0.776600,0.779840,0.774190,0.779180,31550,False
2015-04-13,0.779810,0.780540,0.774760,0.776430,33614,False
2015-04-14,0.776320,0.779540,0.775400,0.778900,38219,False
2015-04-15,0.779060,0.786330,0.773670,0.784680,49669,False
2015-04-16,0.784880,0.789640,0.781910,0.784260,57100,False
2015-04-17,0.784640,0.788900,0.776550,0.777940,49654,False
2015-04-20,0.778550,0.785530,0.777550,0.781780,34030,False
2015-04-21,0.782040,0.785880,0.775280,0.777640,33575,False
2015-04-22,0.777460,0.794200,0.777060,0.793840,35843,False
2015-04-23,0.793520,0.793780,0.784930,0.786120,37720,False
2015-04-24,0.785920,0.789380,0.782370,0.783330,40944,False
2015-04-27,0.783500,0.790870,0.782760,0.790120,30904,False
2015-04-28,0.790130,0.795550,0.788390,0.794330,39969,False
2015-04-29,0.793980,0.795860,0.780330,0.781660,54771,False
2015-04-30,0.781670,0.783040,0.769940,0.772240,50055,False
2015-05-01,0.772570,0.773640,0.763950,0.767000,34334,False
2015-05-04,0.768820,0.773420,0.766160,0.772080,27421,False
2015-05-05,0.771990,0.776520,0.767070,0.767740,36928,False
2015-05-06,0.768000,0.770050,0.758750,0.760610,43795,False
2015-05-07,0.760960,0.761500,0.751560,0.759920,38991,False
2015-05-08,0.760160,0.771880,0.759430,0.770540,51917,False
2015-05-11,0.771510,0.773620,0.766380,0.772040,27720,False
2015-05-12,0.772120,0.774930,0.763980,0.773200,30870,False
2015-05-13,0.773160,0.775560,0.765360,0.766670,34624,False
2015-05-14,0.766600,0.767880,0.759880,0.761240,34838,False
2015-05-15,0.761060,0.768520,0.760100,0.762560,34870,False
2015-05-18,0.762820,0.765140,0.758840,0.761800,25427,False
2015-05-19,0.761720,0.768640,0.760940,0.765980,38349,False
2015-05-20,0.765760,0.769800,0.765280,0.767580,43571,False
2015-05-21,0.767970,0.769660,0.763220,0.767900,35236,False
2015-05-22,0.767980,0.770020,0.761480,0.767390,37560,False
2015-05-25,0.768040,0.768900,0.765410,0.767580,17212,False
2015-05-26,0.767400,0.771080,0.762760,0.766820,38545,False
2015-05-27,0.766700,0.767580,0.760250,0.762420,39131,False
2015-05-28,0.762360,0.763100,0.756160,0.759080,43047,False
2015-05-29,0.758760,0.761800,0.749160,0.755160,44564,False
2015-06-01,0.756040,0.759660,0.752610,0.755460,33962,False
2015-06-02,0.755140,0.755880,0.748760,0.752440,44247,False
2015-06-03,0.752200,0.755120,0.748430,0.749990,43615,False
2015-06-04,0.749920,0.750880,0.745420,0.746870,36640,False
2015-06-05,0.746710,0.760240,0.742860,0.755480,42212,False
2015-06-08,0.757600,0.758180,0.746770,0.747360,33110,False
2015-06-09,0.747440,0.756190,0.744280,0.754540,34696,False
2015-06-10,0.754550,0.760380,0.752580,0.759940,44134,False
2015-06-11,0.760000,0.762500,0.757250,0.759180,39705,False
2015-06-12,0.758580,0.761960,0.751620,0.754580,31841,False
2015-06-15,0.755420,0.760190,0.753060,0.754160,27225,False
2015-06-16,0.754100,0.758840,0.752660,0.758160,20355,False
2015-06-17,0.758280,0.758920,0.749220,0.754050,32878,False
2015-06-18,0.753820,0.756160,0.752000,0.753800,31447,False
2015-06-19,0.753640,0.756180,0.746920,0.748370,24352,False
2015-06-22,0.747940,0.754240,0.745880,0.748450,26948,False
2015-06-23,0.748780,0.760160,0.747530,0.757620,27574,False
2015-06-24,0.757740,0.758850,0.752890,0.754000,25955,False
2015-06-25,0.754140,0.760940,0.752700,0.759940,24168,False
2015-06-26,0.759600,0.760240,0.753670,0.757550,21414,False
2015-06-29,0.760210,0.765060,0.745660,0.745760,41211,False
2015-06-30,0.745880,0.753150,0.745570,0.748600,33632,False
2015-07-01,0.748770,0.754060,0.748180,0.753340,24676,False
2015-07-02,0.753280,0.754270,0.749100,0.752280,28989,False
2015-07-03,0.752330,0.752440,0.746740,0.748050,20738,False
2015-07-06,0.748780,0.750540,0.743800,0.744990,30568,False
2015-07-07,0.745220,0.746950,0.742360,0.744930,33380,False
2015-07-08,0.744860,0.748080,0.739590,0.741740,36937,False
2015-07-09,0.741970,0.750490,0.741740,0.745890,31087,False
2015-07-10,0.745940,0.747160,0.734900,0.741720,35342,False
2015-07-13,0.741160,0.746210,0.738120,0.745750,27547,False
2015-07-14,0.745780,0.747080,0.737200,0.742360,29558,False
2015-07-15,0.742130,0.745160,0.735260,0.737100,37726,False
2015-07-16,0.737200,0.741350,0.736320,0.739050,29470,False
2015-07-17,0.738680,0.741570,0.737120,0.741460,22772,False
2015-07-20,0.740670,0.743010,0.739960,0.742350,20376,False
2015-07-21,0.742120,0.742290,0.738140,0.740180,28767,False
2015-07-22,0.739980,0.740690,0.736200,0.736480,25685,False
2015-07-23,0.736490,0.739280,0.732760,0.736400,29364,False
2015-07-24,0.735720,0.738920,0.733510,0.738080,26966,False
2015-07-27,0.738190,0.739630,0.732880,0.738480,28270,False
2015-07-28,0.738020,0.745520,0.736920,0.744850,26834,False
2015-07-29,0.744720,0.748400,0.741750,0.747720,31807,False
2015-07-30,0.747460,0.749280,0.743280,0.745440,30324,False
2015-07-31,0.745570,0.745780,0.733030,0.737940,45356,False
2015-08-03,0.738690,0.739360,0.733980,0.736730,26816,False
2015-08-04,0.736600,0.742780,0.735740,0.741720,31272,False
2015-08-05,0.741620,0.746320,0.740410,0.742950,32428,False
2015-08-06,0.742990,0.748520,0.742100,0.748280,25322,False
2015-08-07,0.748130,0.752960,0.747140,0.749090,34809,False
2015-08-10,0.748200,0.756740,0.745160,0.756500,25845,False
2015-08-11,0.756310,0.756680,0.748500,0.753470,37180,False
2015-08-12,0.753360,0.755160,0.746080,0.751400,45173,False
2015-08-13,0.751640,0.753690,0.745740,0.747580,31481,False
2015-08-14,0.747480,0.749090,0.744180,0.745220,24272,False
2015-08-17,0.745740,0.748310,0.742670,0.748310,21023,False
2015-08-18,0.748140,0.749450,0.743470,0.748460,21745,False
2015-08-19,0.748350,0.749170,0.735540,0.735550,31946,False
2015-08-20,0.735640,0.738620,0.730540,0.732520,33821,False
2015-08-21,0.732840,0.733630,0.717350,0.717600,38287,False
2015-08-24,0.717900,0.719340,0.697080,0.700110,75079,False
2015-08-25,0.700300,0.717120,0.700080,0.704150,58184,False
2015-08-26,0.704150,0.718240,0.703240,0.718220,52597,False
2015-08-27,0.718350,0.733480,0.715340,0.732230,39168,False
2015-08-28,0.732240,0.733540,0.720660,0.729180,40347,False
2015-08-31,0.728900,0.737370,0.723970,0.736160,33775,False
2015-09-01,0.736250,0.736420,0.723130,0.723140,47641,False
2015-09-02,0.722540,0.733400,0.722350,0.730680,40854,False
2015-09-03,0.730800,0.742510,0.729560,0.738600,38336,False
2015-09-04,0.738460,0.740760,0.731630,0.731860,36129,False
2015-09-07,0.732810,0.735350,0.731100,0.732640,21496,False
2015-09-08,0.732580,0.743880,0.729570,0.741220,24832,False
2015-09-09,0.741140,0.744880,0.734820,0.735770,30463,False
2015-09-10,0.735820,0.741300,0.731880,0.734310,40710,False
2015-09-11,0.734740,0.740010,0.730180,0.730800,26562,False
2015-09-14,0.731440,0.734190,0.728560,0.730120,19523,False
2015-09-15,0.730130,0.736860,0.729240,0.735020,19541,False
2015-09-16,0.735300,0.737680,0.731700,0.737440,22752,False
2015-09-17,0.737560,0.737780,0.727770,0.727870,39226,False
2015-09-18,0.728250,0.734480,0.727900,0.732560,38178,False
2015-09-21,0.733080,0.736160,0.729880,0.733260,24052,False
2015-09-22,0.733100,0.736700,0.731460,0.734640,23112,False
2015-09-23,0.734870,0.738000,0.732160,0.735560,30415,False
2015-09-24,0.735160,0.736540,0.723900,0.732980,34042,False
2015-09-25,0.732480,0.738520,0.731220,0.734390,34683,False
2015-09-28,0.733720,0.736940,0.726830,0.726920,22710,False
2015-09-29,0.726780,0.727880,0.721200,0.724040,29050,False
2015-09-30,0.724250,0.731830,0.723080,0.731220,30248,False
2015-10-01,0.730440,0.739480,0.730160,0.736400,27375,False
2015-10-02,0.736630,0.740130,0.728750,0.738680,31319,False
2015-10-05,0.738620,0.746420,0.737340,0.745630,30849,False
2015-10-06,0.745420,0.747220,0.740650,0.741750,24071,False
2015-10-07,0.741840,0.750010,0.740800,0.745700,30379,False
2015-10-08,0.745350,0.745870,0.740060,0.742320,29252,False
2015-10-09,0.742590,0.746220,0.739500,0.743190,30949,False
2015-10-12,0.741760,0.745260,0.739470,0.740700,20679,False
2015-10-13,0.740690,0.741400,0.732220,0.734630,25764,False
2015-10-14,0.734680,0.737320,0.731360,0.733900,28366,False
2015-10-15,0.734230,0.741580,0.733640,0.738940,29729,False
2015-10-16,0.738750,0.741200,0.735310,0.738580,25028,False
2015-10-19,0.737580,0.741380,0.733620,0.734380,24155,False
2015-10-20,0.735010,0.738160,0.729540,0.736740,24707,False
2015-10-21,0.736560,0.739490,0.728600,0.730280,26866,False
2015-10-22,0.730530,0.743540,0.729760,0.743540,31747,False
2015-10-23,0.743320,0.748280,0.739460,0.743300,33418,False
2015-10-26,0.743640,0.749020,0.741490,0.747760,21991,False
2015-10-27,0.747840,0.747840,0.742460,0.743740,21841,False
2015-10-28,0.743660,0.755330,0.742410,0.753740,33849,False
2015-10-29,0.753420,0.754600,0.747660,0.751210,27452,False
2015-10-30,0.751300,0.756520,0.749600,0.755420,30483,False
2015-11-02,0.753770,0.755640,0.751480,0.753830,22444,False
2015-11-03,0.753080,0.760510,0.751870,0.758700,24535,False
2015-11-04,0.758890,0.760760,0.753980,0.755350,27738,False
2015-11-05,0.755440,0.758080,0.753530,0.755840,26190,False
2015-11-06,0.755730,0.759240,0.753920,0.755880,32778,False
2015-11-09,0.755580,0.758220,0.752930,0.755230,21282,False
2015-11-10,0.755540,0.760500,0.754840,0.758230,22581,False
2015-11-11,0.758330,0.759760,0.755580,0.757240,20195,False
2015-11-12,0.757380,0.760280,0.751220,0.752540,30014,False
2015-11-13,0.752760,0.757540,0.752490,0.755140,26552,False
2015-11-16,0.756460,0.758200,0.753220,0.757420,26790,False
2015-11-17,0.757490,0.763430,0.757070,0.761660,23833,False
2015-11-18,0.761880,0.766780,0.761040,0.766680,24046,False
2015-11-19,0.766580,0.768700,0.761260,0.762340,24862,False
2015-11-20,0.762130,0.765440,0.761020,0.763340,24731,False
2015-11-23,0.764640,0.765100,0.759500,0.761800,26253,False
2015-11-24,0.761700,0.764670,0.760430,0.764080,26893,False
2015-11-25,0.764240,0.769940,0.762640,0.768940,30814,False
2015-11-26,0.768880,0.770920,0.767390,0.770080,28384,False
2015-11-27,0.769820,0.774240,0.767680,0.770400,24122,False
2015-11-30,0.770880,0.772680,0.768980,0.770050,22472,False
2015-12-01,0.770130,0.772900,0.767330,0.767900,27055,False
2015-12-02,0.768070,0.773440,0.761880,0.763290,31451,False
2015-12-03,0.763180,0.769860,0.740280,0.743840,56855,False
2015-12-04,0.743920,0.750540,0.742330,0.745540,46970,False
2015-12-07,0.745960,0.746920,0.739520,0.740880,25650,False
2015-12-08,0.740700,0.741090,0.729040,0.730560,32878,False
2015-12-09,0.730740,0.732480,0.722900,0.724060,33748,False
2015-12-10,0.724240,0.730980,0.724100,0.725120,27302,False
2015-12-11,0.724980,0.725310,0.714190,0.714820,32295,False
2015-12-14,0.717000,0.720170,0.711790,0.717500,35945,False
2015-12-15,0.717750,0.724440,0.714600,0.721930,29904,False
2015-12-16,0.722060,0.722130,0.711380,0.718440,45475,False
2015-12-17,0.717490,0.722720,0.711460,0.714760,33594,False
2015-12-18,0.714840,0.717570,0.710220,0.710750,37390,False
2015-12-21,0.712300,0.715820,0.707590,0.710880,23634,False
2015-12-22,0.710700,0.713460,0.707250,0.709240,18143,False
2015-12-23,0.709060,0.718660,0.708860,0.715290,21665,False
2015-12-24,0.715480,0.715850,0.710860,0.712240,18709,False
2015-12-28,0.712240,0.714460,0.710200,0.710730,16222,False
2015-12-29,0.710850,0.717840,0.708740,0.717480,18324,False
2015-12-30,0.717320,0.717650,0.709430,0.712310,19140,False
2015-12-31,0.712710,0.724660,0.711660,0.722750,21278,False
2016-01-04,0.724520,0.724620,0.712220,0.718240,38695,False
2016-01-05,0.718300,0.725940,0.718000,0.720600,29564,False
2016-01-06,0.720860,0.721660,0.713490,0.715620,36394,False
2016-01-07,0.715600,0.716200,0.703560,0.703560,49036,False
2016-01-08,0.703620,0.713670,0.701440,0.702220,48775,False
2016-01-11,0.702500,0.709700,0.696790,0.704440,39036,False
2016-01-12,0.704540,0.706580,0.698920,0.702720,38374,False
2016-01-13,0.702820,0.711360,0.699490,0.701580,41304,False
2016-01-14,0.701360,0.703550,0.695670,0.699500,45201,False
2016-01-15,0.699700,0.701100,0.685720,0.688910,55436,False
2016-01-18,0.685870,0.694640,0.685750,0.690540,35684,False
2016-01-19,0.690380,0.697940,0.686910,0.688220,43064,False
2016-01-20,0.688070,0.694890,0.680400,0.692460,66757,False
2016-01-21,0.692660,0.710760,0.688920,0.706220,74298,False
2016-01-22,0.706150,0.719710,0.704280,0.719510,52836,False
2016-01-25,0.718080,0.719160,0.708660,0.708680,42328,False
2016-01-26,0.708760,0.725890,0.706770,0.720180,50646,False
2016-01-27,0.720260,0.725630,0.716290,0.720100,62620,False
2016-01-28,0.720260,0.726860,0.717700,0.722700,63481,False
2016-01-29,0.722440,0.732980,0.721560,0.732250,70616,False
2016-02-01,0.731360,0.733390,0.722480,0.731090,47828,False
2016-02-02,0.731240,0.731730,0.722360,0.724740,44225,False
2016-02-03,0.725020,0.733080,0.721660,0.728800,66661,False
2016-02-04,0.729020,0.734180,0.721350,0.722090,63448,False
2016-02-05,0.722140,0.725470,0.711880,0.711970,58736,False
2016-02-08,0.713790,0.717400,0.705960,0.708670,55889,False
2016-02-09,0.708570,0.710800,0.698640,0.701580,67689,False
2016-02-10,0.701360,0.709180,0.697380,0.698600,71810,False
2016-02-11,0.698980,0.700600,0.690460,0.697820,91420,False
2016-02-12,0.697700,0.707770,0.697500,0.705480,61515,False
2016-02-15,0.705410,0.715020,0.704640,0.713500,32841,False
2016-02-16,0.713280,0.720080,0.709960,0.713160,55731,False
2016-02-17,0.712980,0.726140,0.709400,0.726000,55534,False
2016-02-18,0.725920,0.728760,0.722130,0.723420,47597,False
2016-02-19,0.723490,0.724630,0.715410,0.718980,45673,False
2016-02-22,0.718280,0.730900,0.717750,0.729300,39123,False
2016-02-23,0.729420,0.729930,0.716480,0.718600,40583,False
2016-02-24,0.718940,0.722840,0.713100,0.721550,44595,False
2016-02-25,0.721720,0.732740,0.719730,0.731910,44271,False
2016-02-26,0.731740,0.738890,0.729000,0.737640,43979,False
2016-02-29,0.738100,0.741340,0.734270,0.737220,41353,False
2016-03-01,0.737100,0.746240,0.736090,0.743870,40801,False
2016-03-02,0.743620,0.745040,0.739640,0.742860,34926,False
2016-03-03,0.742650,0.744350,0.737080,0.740240,33772,False
2016-03-04,0.740080,0.746920,0.736870,0.745670,41712,False
2016-03-07,0.744960,0.751710,0.744440,0.749400,29991,False
2016-03-08,0.749340,0.749680,0.739200,0.742570,32766,False
2016-03-09,0.742000,0.753590,0.741300,0.752860,41478,False
2016-03-10,0.752720,0.759570,0.733460,0.738190,75236,False
2016-03-11,0.737950,0.746980,0.736820,0.743520,44658,False
2016-03-14,0.743390,0.746460,0.741140,0.744480,34072,False
2016-03-15,0.744310,0.744550,0.736400,0.739180,31394,False
2016-03-16,0.739090,0.746440,0.737900,0.745840,46860,False
2016-03-17,0.745700,0.751740,0.741160,0.745630,46296,False
2016-03-18,0.745780,0.748540,0.742810,0.745480,37985,False
2016-03-21,0.744870,0.745620,0.740110,0.740340,34518,False
2016-03-22,0.740240,0.746640,0.739620,0.745490,34075,False
2016-03-23,0.745380,0.746960,0.736480,0.738520,36501,False
2016-03-24,0.738780,0.738870,0.733420,0.736570,32009,False
2016-03-25,0.736440,0.739430,0.735660,0.737000,36598,False
2016-03-28,0.736280,0.739360,0.735520,0.738550,20261,False
2016-03-29,0.738550,0.742840,0.737090,0.739340,39456,False
2016-03-30,0.739500,0.745320,0.738570,0.744220,45809,False
2016-03-31,0.744180,0.745760,0.737230,0.739650,47488,False
2016-04-01,0.739590,0.741030,0.730190,0.736440,49810,False
2016-04-04,0.734880,0.736800,0.732680,0.732680,29094,False
2016-04-05,0.732780,0.733720,0.724540,0.727780,37247,False
2016-04-06,0.727740,0.731420,0.725530,0.730100,40382,False
2016-04-07,0.730010,0.732480,0.724100,0.727140,39110,False
2016-04-08,0.726940,0.736150,0.726340,0.734210,37722,False
2016-04-11,0.734130,0.740560,0.731720,0.739820,38882,False
2016-04-12,0.740030,0.749260,0.737560,0.748380,40867,False
2016-04-13,0.748260,0.757560,0.747730,0.754380,51141,False
2016-04-14,0.754340,0.754950,0.750300,0.752600,38992,False
2016-04-15,0.752740,0.756440,0.748010,0.754940,35098,False
2016-04-18,0.745020,0.754890,0.743640,0.754340,44409,False
2016-04-19,0.754240,0.760060,0.753420,0.759200,37675,False
2016-04-20,0.759250,0.770300,0.755520,0.768380,37743,False
2016-04-21,0.768400,0.769150,0.761560,0.765780,43413,False
2016-04-22,0.765830,0.773640,0.765260,0.772450,42999,False
2016-04-25,0.773340,0.773740,0.767140,0.769120,33043,False
2016-04-26,0.768920,0.773210,0.767410,0.772360,33335,False
2016-04-27,0.772500,0.773420,0.767180,0.770730,44711,False
2016-04-28,0.770820,0.773620,0.766640,0.770040,43863,False
2016-04-29,0.770040,0.770590,0.762610,0.764140,42632,False
2016-05-02,0.763150,0.766000,0.760540,0.761740,34676,False
2016-05-03,0.761880,0.763650,0.748760,0.750220,40240,False
2016-05-04,0.749830,0.752490,0.742080,0.744140,46310,False
2016-05-05,0.744270,0.754620,0.743810,0.752900,36432,False
2016-05-06,0.752980,0.754270,0.748500,0.753480,42447,False
2016-05-09,0.750580,0.752740,0.745860,0.749280,34427,False
2016-05-10,0.749200,0.756120,0.747830,0.756050,29964,False
2016-05-11,0.756020,0.757230,0.751980,0.755500,30620,False
2016-05-12,0.755860,0.759280,0.753560,0.755480,32209,False
2016-05-13,0.755650,0.757510,0.753060,0.753880,30929,False
2016-05-16,0.753290,0.758700,0.752460,0.758150,21933,False
2016-05-17,0.758100,0.761340,0.753880,0.759580,28927,False
2016-05-18,0.759680,0.761420,0.755880,0.757880,38542,False
2016-05-19,0.757920,0.759190,0.751900,0.756590,40041,False
2016-05-20,0.756420,0.758220,0.753560,0.755100,26305,False
2016-05-23,0.755790,0.755820,0.752100,0.752790,22978,False
2016-05-24,0.752610,0.758380,0.751240,0.756900,29623,False
2016-05-25,0.756710,0.761710,0.754640,0.761400,30772,False
2016-05-26,0.761600,0.767340,0.759770,0.762360,29437,False
2016-05-27,0.762420,0.764030,0.758680,0.763680,26608,False
2016-05-30,0.763420,0.763560,0.758860,0.760440,24072,False
2016-05-31,0.760560,0.762330,0.756100,0.759080,30091,False
2016-06-01,0.758960,0.761860,0.753090,0.755580,31939,False
2016-06-02,0.755140,0.757340,0.752260,0.756260,32183,False
2016-06-03,0.756020,0.758740,0.752980,0.754350,38654,False
2016-06-06,0.754530,0.758200,0.751890,0.757260,29654,False
2016-06-07,0.757000,0.758500,0.754600,0.757880,25770,False
2016-06-08,0.757790,0.759280,0.753500,0.755700,25961,False
2016-06-09,0.755700,0.759250,0.753720,0.758300,28045,False
2016-06-10,0.758430,0.759800,0.754020,0.754700,29822,False
2016-06-13,0.754020,0.757560,0.751060,0.751270,31786,False
2016-06-14,0.750950,0.752840,0.747980,0.748420,31975,False
2016-06-15,0.748380,0.752480,0.743850,0.744520,39201,False
2016-06-16,0.744710,0.747000,0.738500,0.744030,48033,False
2016-06-17,0.744300,0.749180,0.743700,0.744360,36211,False
2016-06-20,0.746730,0.752280,0.745450,0.751160,30434,False
2016-06-21,0.751200,0.752320,0.747180,0.750720,32841,False
2016-06-22,0.750830,0.753220,0.746040,0.746380,34081,False
2016-06-23,0.746280,0.753800,0.745230,0.751680,64475,False
2016-06-24,0.751840,0.757490,0.742080,0.747720,203614,False
2016-06-27,0.747540,0.750920,0.744540,0.748560,71227,False
2016-06-28,0.748500,0.755930,0.747100,0.753880,38391,False
2016-06-29,0.754040,0.757590,0.751920,0.757440,37861,False
2016-06-30,0.757290,0.757520,0.748980,0.755210,45280,False
2016-07-01,0.755030,0.756940,0.751700,0.753840,31018,False
2016-07-04,0.753900,0.757800,0.753140,0.755480,24491,False
2016-07-05,0.755290,0.756320,0.749100,0.752640,29671,False
2016-07-06,0.752360,0.755160,0.748320,0.752190,42795,False
2016-07-07,0.752350,0.757650,0.751300,0.753060,34458,False
2016-07-08,0.752930,0.757460,0.750240,0.753980,41354,False
2016-07-11,0.752720,0.754410,0.747560,0.749340,32421,False
2016-07-12,0.749280,0.759850,0.748580,0.758320,30278,False
2016-07-13,0.758220,0.760280,0.752830,0.759300,36604,False
2016-07-14,0.759170,0.762220,0.754740,0.760920,33730,False
2016-07-15,0.760760,0.762530,0.756960,0.757460,33000,False
2016-07-18,0.758830,0.761120,0.755300,0.758960,27060,False
2016-07-19,0.758890,0.759240,0.754480,0.756920,25343,False
2016-07-20,0.757100,0.758150,0.754140,0.756020,22856,False
2016-07-21,0.755800,0.759460,0.752720,0.753260,28705,False
2016-07-22,0.753340,0.755360,0.748890,0.751860,26672,False
2016-07-25,0.752250,0.753130,0.745280,0.745780,18188,False
2016-07-26,0.745940,0.753160,0.744310,0.752600,22077,False
2016-07-27,0.752500,0.754910,0.747400,0.747760,30993,False
2016-07-28,0.747540,0.750960,0.743520,0.745570,22534,False
2016-07-29,0.745400,0.745950,0.738600,0.743430,34269,False
2016-08-01,0.743620,0.744180,0.737530,0.737960,19308,False
2016-08-02,0.738220,0.741860,0.735100,0.735440,25409,False
2016-08-03,0.735530,0.744860,0.734820,0.744800,22536,False
2016-08-04,0.744660,0.749250,0.743690,0.748300,21383,False
2016-08-05,0.748060,0.749500,0.742700,0.744590,23189,False
2016-08-08,0.743500,0.748660,0.742960,0.746760,16216,False
2016-08-09,0.746960,0.749530,0.745320,0.748120,19051,False
2016-08-10,0.747960,0.751220,0.746340,0.746780,25316,False
2016-08-11,0.746790,0.752740,0.745420,0.750980,22434,False
2016-08-12,0.750750,0.753160,0.749490,0.752340,22045,False
2016-08-15,0.751880,0.754240,0.751420,0.752720,15471,False
2016-08-16,0.752840,0.753460,0.746940,0.747820,30418,False
2016-08-17,0.748040,0.749330,0.745720,0.748980,27983,False
2016-08-18,0.748770,0.750120,0.746600,0.746670,28395,False
2016-08-19,0.746540,0.747670,0.743000,0.746290,24597,False
2016-08-22,0.746330,0.747380,0.741730,0.743310,23137,False
2016-08-23,0.743480,0.747300,0.743070,0.745900,23540,False
2016-08-24,0.746020,0.749420,0.744440,0.747980,23248,False
2016-08-25,0.748210,0.749220,0.746540,0.748770,17297,False
2016-08-26,0.748900,0.753440,0.747980,0.752080,40643,False
2016-08-29,0.753080,0.753390,0.750520,0.751860,23781,False
2016-08-30,0.751610,0.753090,0.750160,0.751140,22185,False
2016-08-31,0.750760,0.752110,0.747800,0.750770,27673,False
2016-09-01,0.750560,0.753020,0.746680,0.748060,27659,False
2016-09-02,0.747950,0.755120,0.747090,0.754890,34644,False
2016-09-05,0.754860,0.759080,0.754000,0.758000,19076,False
2016-09-06,0.757890,0.760260,0.754700,0.754940,23442,False
2016-09-07,0.754660,0.755480,0.750390,0.752690,24561,False
2016-09-08,0.752560,0.753840,0.748880,0.751720,28964,False
2016-09-09,0.751960,0.752780,0.747400,0.747600,26739,False
2016-09-12,0.746640,0.748020,0.741810,0.745350,34834,False
2016-09-13,0.745140,0.745880,0.737800,0.741040,33490,False
2016-09-14,0.741320,0.744530,0.735690,0.737720,29063,False
2016-09-15,0.737820,0.740490,0.735360,0.738740,32877,False
2016-09-16,0.738540,0.742950,0.736940,0.741840,28301,False
2016-09-19,0.741350,0.746520,0.740770,0.742380,20159,False
2016-09-20,0.742300,0.743280,0.738690,0.742380,22771,False
2016-09-21,0.742500,0.744340,0.738840,0.743300,42727,False
2016-09-22,0.743360,0.745100,0.741060,0.742880,26376,False
2016-09-23,0.742710,0.744920,0.735520,0.736740,27019,False
2016-09-26,0.736990,0.737260,0.731460,0.732720,23647,False
2016-09-27,0.732820,0.736780,0.730580,0.735620,28972,False
2016-09-28,0.735370,0.742680,0.732600,0.742360,32910,False
2016-09-29,0.741940,0.743920,0.733670,0.734870,35121,False
2016-09-30,0.734700,0.742690,0.733030,0.739860,35993,False
2016-10-03,0.740720,0.743440,0.739020,0.742040,24053,False
2016-10-04,0.742150,0.747020,0.741220,0.742030,32359,False
2016-10-05,0.742320,0.742730,0.738930,0.739380,23484,False
2016-10-06,0.739210,0.742900,0.738500,0.741940,22464,False
2016-10-07,0.742180,0.744840,0.735140,0.735160,44206,False
2016-10-10,0.739320,0.748100,0.737100,0.745750,23226,False
2016-10-11,0.745850,0.747990,0.744540,0.745470,28957,False
2016-10-12,0.745750,0.748810,0.744800,0.746220,28584,False
2016-10-13,0.745470,0.748020,0.742280,0.747480,29293,False
2016-10-14,0.747360,0.754520,0.746560,0.753760,29638,False
2016-10-17,0.754750,0.754870,0.750360,0.753360,21529,False
2016-10-18,0.753880,0.757840,0.752570,0.755100,20998,False
2016-10-19,0.754910,0.760860,0.752960,0.754200,26921,False
2016-10-20,0.754120,0.754600,0.745500,0.750310,28014,False
2016-10-21,0.750420,0.752020,0.744740,0.744960,22972,False
2016-10-24,0.746360,0.747880,0.740740,0.747880,20941,False
2016-10-25,0.747980,0.750880,0.743800,0.744880,27349,False
2016-10-26,0.744760,0.745790,0.741000,0.742460,25167,False
2016-10-27,0.742620,0.743680,0.741100,0.742260,24097,False
2016-10-28,0.742380,0.743760,0.734900,0.737240,33624,False
2016-10-31,0.735180,0.739420,0.735180,0.737670,23124,False
2016-11-01,0.737550,0.738620,0.726640,0.728460,27390,False
2016-11-02,0.728520,0.728630,0.723020,0.726700,31288,False
2016-11-03,0.726710,0.729320,0.724010,0.727000,25491,False
2016-11-04,0.727000,0.728340,0.721320,0.722480,28122,False
2016-11-07,0.732740,0.732820,0.726680,0.729080,24443,False
2016-11-08,0.728960,0.736590,0.727680,0.735870,20382,False
2016-11-09,0.735950,0.741040,0.706140,0.733420,123021,False
2016-11-10,0.733480,0.736370,0.730930,0.732720,52775,False
2016-11-11,0.732560,0.733690,0.727370,0.729670,60145,False
2016-11-14,0.732860,0.737620,0.730680,0.735830,49299,False
2016-11-15,0.735540,0.745100,0.734800,0.744960,43768,False
2016-11-16,0.744920,0.749080,0.743320,0.745140,39665,False
2016-11-17,0.745000,0.748750,0.744400,0.744780,37889,False
2016-11-18,0.744920,0.749460,0.743660,0.747870,43358,False
2016-11-21,0.748770,0.754290,0.747860,0.751850,41395,False
2016-11-22,0.751580,0.755060,0.750180,0.752420,32964,False
2016-11-23,0.752460,0.755140,0.750330,0.753770,31695,False
2016-11-24,0.753580,0.754680,0.751220,0.753330,28433,False
2016-11-25,0.753810,0.754300,0.748840,0.749910,40292,False
2016-11-28,0.749290,0.758270,0.747710,0.755420,34218,False
2016-11-29,0.755060,0.756420,0.752620,0.753350,29854,False
2016-11-30,0.753190,0.760680,0.752520,0.757140,45790,False
2016-12-01,0.756730,0.761920,0.754050,0.758680,39332,False
2016-12-02,0.758540,0.761390,0.757980,0.760380,36893,False
2016-12-05,0.761140,0.763290,0.757540,0.758310,58457,False
2016-12-06,0.758500,0.761340,0.757530,0.760900,26844,False
2016-12-07,0.761100,0.761950,0.758820,0.761040,23370,False
2016-12-08,0.761140,0.771290,0.758940,0.770520,44518,False
2016-12-09,0.770360,0.775690,0.769510,0.771520,24892,False
2016-12-12,0.775380,0.776620,0.770800,0.771810,29029,False
2016-12-13,0.772000,0.773040,0.769980,0.770800,27823,False
2016-12-14,0.770940,0.771740,0.767460,0.768080,41671,False
2016-12-15,0.767860,0.773800,0.767680,0.772400,52335,False
2016-12-16,0.772250,0.772740,0.767930,0.769540,38814,False
2016-12-19,0.769740,0.770540,0.762780,0.766020,28578,False
2016-12-20,0.766220,0.770360,0.765440,0.769520,24482,False
2016-12-21,0.769620,0.770000,0.764020,0.765570,22128,False
2016-12-22,0.765480,0.765680,0.757220,0.760720,27266,False
2016-12-23,0.760340,0.761280,0.757140,0.758320,19252,False
2016-12-27,0.759590,0.761180,0.757020,0.757270,20604,False
2016-12-28,0.757160,0.760840,0.756320,0.758430,17854,False
2016-12-29,0.758530,0.759360,0.755520,0.757700,25278,False
2016-12-30,0.757550,0.759210,0.745900,0.758000,58998,False
2017-01-03,0.761440,0.769000,0.760540,0.765060,28924,False
2017-01-04,0.765180,0.771150,0.763760,0.767700,38500,False
2017-01-05,0.768060,0.768360,0.762520,0.763590,48990,False
2017-01-06,0.763400,0.770000,0.762330,0.769000,42924,False
2017-01-09,0.767840,0.769990,0.766700,0.768270,27730,False
2017-01-10,0.767940,0.770200,0.765020,0.768480,34518,False
2017-01-11,0.768600,0.773360,0.767160,0.769580,60249,False
2017-01-12,0.769400,0.773880,0.766110,0.769060,47662,False
2017-01-13,0.769000,0.770060,0.765420,0.769080,37580,False
2017-01-16,0.769140,0.771110,0.766800,0.768010,31540,False
2017-01-17,0.768230,0.769940,0.765740,0.768040,45421,False
2017-01-18,0.768180,0.768480,0.757820,0.759200,41560,False
2017-01-19,0.759120,0.761070,0.755410,0.755470,45580,False
2017-01-20,0.755560,0.756220,0.751680,0.752130,49518,False
2017-01-23,0.752130,0.754100,0.749930,0.752920,38940,False
2017-01-24,0.752710,0.762260,0.751640,0.760720,36891,False
2017-01-25,0.760520,0.766160,0.759770,0.764640,35411,False
2017-01-26,0.764440,0.765140,0.759960,0.763680,35542,False
2017-01-27,0.763860,0.764550,0.759500,0.759850,32478,False
2017-01-30,0.758980,0.763640,0.758300,0.758660,31325,False
2017-01-31,0.758600,0.761680,0.756400,0.759260,44157,False
2017-02-01,0.759330,0.761900,0.756400,0.760960,39065,False
2017-02-02,0.761120,0.762520,0.758460,0.762040,32888,False
2017-02-03,0.761920,0.764710,0.761210,0.762320,35366,False
2017-02-06,0.761180,0.765300,0.756220,0.757260,29735,False
2017-02-07,0.757580,0.759380,0.755980,0.756480,29999,False
2017-02-08,0.756630,0.759910,0.754280,0.756750,27525,False
2017-02-09,0.756270,0.763580,0.756270,0.761920,27973,False
2017-02-10,0.762000,0.769100,0.761490,0.765980,29493,False
2017-02-13,0.766540,0.769960,0.764940,0.769490,23722,False
2017-02-14,0.769280,0.771380,0.768500,0.769800,25978,False
2017-02-15,0.769520,0.772400,0.768420,0.768480,26398,False
2017-02-16,0.768620,0.769730,0.762430,0.762780,26131,False
2017-02-17,0.762890,0.766300,0.762360,0.765720,20938,False
2017-02-20,0.765740,0.767080,0.764220,0.765090,18047,False
2017-02-21,0.765230,0.768980,0.764920,0.768330,18984,False
2017-02-22,0.768160,0.770440,0.765950,0.767540,23675,False
2017-02-23,0.767410,0.769840,0.767080,0.767960,19983,False
2017-02-24,0.767780,0.769720,0.765020,0.769420,21393,False
2017-02-27,0.768970,0.769440,0.765600,0.765820,22646,False
2017-02-28,0.766040,0.766160,0.754550,0.756300,52681,False
2017-03-01,0.756180,0.760940,0.754410,0.757180,60588,False
2017-03-02,0.757190,0.758780,0.755400,0.756600,42619,False
2017-03-03,0.756780,0.757210,0.752920,0.753240,54355,False
2017-03-06,0.753540,0.755260,0.752180,0.754720,44423,False
2017-03-07,0.754840,0.758320,0.754230,0.755440,35273,False
2017-03-08,0.755800,0.756270,0.751550,0.751980,39638,False
2017-03-09,0.751960,0.753070,0.746930,0.749200,56908,False
2017-03-10,0.748840,0.753090,0.748380,0.750200,54802,False
2017-03-13,0.751300,0.752460,0.748290,0.749120,42247,False
2017-03-14,0.749180,0.750380,0.746950,0.749410,38413,False
2017-03-15,0.749320,0.751900,0.748380,0.751760,63471,False
2017-03-16,0.751620,0.753230,0.745960,0.748220,48939,False
2017-03-17,0.748070,0.749020,0.746020,0.748140,37563,False
2017-03-20,0.747780,0.748790,0.745200,0.747880,31326,False
2017-03-21,0.747490,0.749540,0.743920,0.744420,44230,False
2017-03-22,0.744210,0.744540,0.737920,0.743780,39091,False
2017-03-23,0.743660,0.745540,0.743340,0.744020,35851,False
2017-03-24,0.743990,0.744880,0.739410,0.741100,32624,False
2017-03-27,0.739950,0.741690,0.733080,0.736750,41467,False
2017-03-28,0.736830,0.742960,0.734540,0.741530,32522,False
2017-03-29,0.741800,0.748120,0.740540,0.747700,34634,False
2017-03-30,0.747450,0.752090,0.745980,0.750640,40284,False
2017-03-31,0.750740,0.753740,0.749040,0.753260,41945,False
2017-04-03,0.752920,0.753900,0.747580,0.748360,29844,False
2017-04-04,0.748560,0.749120,0.744200,0.747640,29690,False
2017-04-05,0.747460,0.750680,0.747160,0.747940,33999,False
2017-04-06,0.748110,0.749800,0.746170,0.749320,30250,False
2017-04-07,0.749340,0.754040,0.748040,0.752820,48559,False
2017-04-10,0.752700,0.757140,0.751500,0.756770,27509,False
2017-04-11,0.757400,0.757720,0.753000,0.755900,28355,False
2017-04-12,0.756260,0.759140,0.754960,0.757050,45301,False
2017-04-13,0.756720,0.760390,0.753890,0.754560,36850,False
2017-04-14,0.754920,0.755120,0.752980,0.754580,58790,False
2017-04-17,0.753690,0.755600,0.753120,0.754520,31824,False
2017-04-18,0.754320,0.754770,0.743420,0.744410,44717,False
2017-04-19,0.744600,0.744830,0.739480,0.740190,29917,False
2017-04-20,0.740280,0.741540,0.736880,0.741440,33419,False
2017-04-21,0.741160,0.742580,0.737510,0.738030,34395,False
2017-04-24,0.735320,0.742210,0.735030,0.737490,49626,False
2017-04-25,0.737300,0.737700,0.728360,0.732210,39337,False
2017-04-26,0.732770,0.734260,0.729020,0.729190,49822,False
2017-04-27,0.729500,0.734050,0.727600,0.729340,52816,False
2017-04-28,0.729500,0.729880,0.724950,0.729140,42411,False
2017-05-01,0.727590,0.729570,0.726600,0.728380,31684,False
2017-05-02,0.728520,0.729300,0.721060,0.723320,30798,False
2017-05-03,0.724100,0.725720,0.720290,0.724480,37558,False
2017-05-04,0.724980,0.725440,0.716660,0.717260,47560,False
2017-05-05,0.717380,0.724080,0.715130,0.723460,55267,False
2017-05-08,0.723460,0.729650,0.722570,0.729420,43585,False
2017-05-09,0.729520,0.735510,0.728630,0.734340,41686,False
2017-05-10,0.734240,0.739380,0.732580,0.738840,41827,False
2017-05-11,0.738850,0.739100,0.732740,0.735860,41812,False
2017-05-12,0.735900,0.736470,0.728120,0.730140,37571,False
2017-05-15,0.730220,0.734400,0.729170,0.730980,41245,False
2017-05-16,0.730960,0.731240,0.724180,0.724560,36676,False
2017-05-17,0.724500,0.724840,0.717520,0.719650,50755,False
2017-05-18,0.719650,0.721140,0.715640,0.720240,66361,False
2017-05-19,0.720360,0.721570,0.717600,0.719900,42115,False
2017-05-22,0.720010,0.722740,0.717730,0.721000,33340,False
2017-05-23,0.721190,0.722720,0.719660,0.722320,40436,False
2017-05-24,0.722150,0.727290,0.720840,0.725660,49490,False
2017-05-25,0.725460,0.726500,0.720960,0.721580,45699,False
2017-05-26,0.720960,0.725240,0.720100,0.724520,38746,False
2017-05-29,0.725480,0.726920,0.723310,0.726430,23615,False
2017-05-30,0.726790,0.727900,0.722100,0.724120,31707,False
2017-05-31,0.724140,0.725610,0.715340,0.716920,37982,False
2017-06-01,0.717020,0.720640,0.716560,0.718860,38110,False
2017-06-02,0.718620,0.719100,0.712500,0.713760,38095,False
2017-06-05,0.714860,0.716980,0.713260,0.716180,28836,False
2017-06-06,0.716400,0.717470,0.713760,0.714920,31597,False
2017-06-07,0.715060,0.719850,0.712910,0.714230,33680,False
2017-06-08,0.714980,0.717990,0.713170,0.715990,39316,False
2017-06-09,0.716210,0.722920,0.714140,0.719550,47745,False
2017-06-12,0.719800,0.727320,0.718820,0.727090,30272,False
2017-06-13,0.726760,0.733280,0.726260,0.731660,34953,False
2017-06-14,0.731430,0.735760,0.729810,0.733000,62476,False
2017-06-15,0.733090,0.735640,0.732180,0.735080,42320,False
2017-06-16,0.735180,0.737350,0.733800,0.736780,30705,False
2017-06-19,0.736100,0.738560,0.732980,0.737980,29730,False
2017-06-20,0.738150,0.738410,0.732280,0.734900,28315,False
2017-06-21,0.735000,0.735480,0.729210,0.729220,31877,False
2017-06-22,0.729220,0.736070,0.728660,0.734280,30445,False
2017-06-23,0.735000,0.735400,0.729500,0.730280,27773,False
2017-06-26,0.731140,0.735700,0.729960,0.734030,25861,False
2017-06-27,0.734310,0.735200,0.727260,0.727580,35911,False
2017-06-28,0.727720,0.737300,0.727390,0.736050,55023,False
2017-06-29,0.735820,0.737420,0.733780,0.735120,40214,False
2017-06-30,0.735220,0.740420,0.734430,0.739610,38581,False
2017-07-03,0.738760,0.742410,0.738220,0.740880,24490,False
2017-07-04,0.740580,0.747620,0.740160,0.746380,32871,False
2017-07-05,0.746100,0.747420,0.742420,0.744040,38829,False
2017-07-06,0.744300,0.746720,0.740000,0.740120,36365,False
2017-07-07,0.740120,0.750010,0.739480,0.748640,42921,False
2017-07-10,0.747960,0.751160,0.746970,0.749110,28709,False
2017-07-11,0.749220,0.750630,0.745040,0.746260,29120,False
2017-07-12,0.746220,0.760340,0.743580,0.757080,59776,False
2017-07-13,0.757280,0.760600,0.754790,0.760280,41365,False
2017-07-14,0.760120,0.763000,0.756870,0.761770,39495,False
2017-07-17,0.761480,0.762760,0.757750,0.757890,37430,False
2017-07-18,0.758370,0.759860,0.751720,0.756220,50755,False
2017-07-19,0.756300,0.759190,0.754160,0.757940,33515,False
2017-07-20,0.758220,0.762960,0.753510,0.755460,54839,False
2017-07-21,0.755310,0.756940,0.752880,0.753770,45108,False
2017-07-24,0.753500,0.757820,0.752740,0.756540,40988,False
2017-07-25,0.756080,0.761860,0.755880,0.761440,45955,False
2017-07-26,0.761180,0.767180,0.761080,0.764030,63292,False
2017-07-27,0.763510,0.771590,0.763260,0.768620,61371,False
2017-07-28,0.768340,0.780610,0.767840,0.779220,75360,False
2017-07-31,0.779280,0.779920,0.770650,0.774820,59267,False
2017-08-01,0.775200,0.776260,0.769220,0.770230,60016,False
2017-08-02,0.770340,0.773010,0.766940,0.772500,56468,False
2017-08-03,0.772440,0.772690,0.767080,0.769510,51165,False
2017-08-04,0.769800,0.772940,0.767800,0.768740,51906,False
2017-08-07,0.768940,0.770460,0.765160,0.767620,44386,False
2017-08-08,0.767880,0.771700,0.765390,0.769180,39441,False
2017-08-09,0.769500,0.769750,0.757160,0.759090,54531,False
2017-08-10,0.759090,0.762150,0.755030,0.755300,44324,False
2017-08-11,0.755430,0.760100,0.753200,0.758510,51405,False
2017-08-14,0.759310,0.765780,0.758500,0.764090,33797,False
2017-08-15,0.763940,0.766020,0.761870,0.762400,41099,False
2017-08-16,0.762030,0.768220,0.761720,0.765360,45062,False
2017-08-17,0.765280,0.767720,0.758960,0.759310,45846,False
2017-08-18,0.759590,0.769970,0.758340,0.766580,51850,False
2017-08-21,0.767870,0.768740,0.762960,0.766060,33675,False
2017-08-22,0.765660,0.772680,0.765380,0.770570,36345,False
2017-08-23,0.770560,0.771200,0.765690,0.769060,45666,False
2017-08-24,0.768620,0.771580,0.767130,0.771300,38438,False
2017-08-25,0.771340,0.772220,0.765230,0.766160,57327,False
2017-08-28,0.765030,0.767720,0.763600,0.763740,30765,False
2017-08-29,0.763610,0.764000,0.755950,0.763480,58793,False
2017-08-30,0.763780,0.764880,0.759300,0.763520,49834,False
2017-08-31,0.763300,0.770850,0.760740,0.768130,56816,False
2017-09-01,0.768130,0.779360,0.767020,0.778640,65576,False
2017-09-04,0.772160,0.776740,0.769250,0.771480,39614,False
2017-09-05,0.771440,0.775880,0.769950,0.771900,52939,False
2017-09-06,0.771900,0.787080,0.769570,0.782640,67597,False
2017-09-07,0.782640,0.785770,0.780020,0.784640,75475,False
2017-09-08,0.784640,0.784640,0.776320,0.776380,69646,False
2017-09-11,0.778990,0.789910,0.778380,0.789660,44636,False
2017-09-12,0.789660,0.791780,0.786960,0.788080,56868,False
2017-09-13,0.788080,0.792080,0.787450,0.791920,50381,False
2017-09-14,0.791580,0.795920,0.789580,0.791920,75896,False
2017-09-15,0.791910,0.792920,0.786020,0.786560,57968,False
2017-09-18,0.788160,0.789720,0.780220,0.782260,49338,False
2017-09-19,0.781890,0.785910,0.780030,0.782910,51650,False
2017-09-20,0.783260,0.787460,0.782020,0.787090,81122,False
2017-09-21,0.786820,0.789220,0.785560,0.787540,51581,False
2017-09-22,0.787540,0.791040,0.784670,0.785970,52777,False
2017-09-25,0.787200,0.791200,0.779780,0.781340,42635,False
2017-09-26,0.781340,0.786720,0.779500,0.784840,48523,False
2017-09-27,0.784520,0.790180,0.778550,0.779040,64657,False
2017-09-28,0.778940,0.781840,0.778020,0.780560,55286,False
2017-09-29,0.780590,0.781790,0.772900,0.776030,52649,False
2017-10-02,0.776000,0.780060,0.775050,0.779120,42794,False
2017-10-03,0.778980,0.781040,0.778010,0.779800,43415,False
2017-10-04,0.780070,0.782080,0.778560,0.781400,38965,False
2017-10-05,0.781800,0.783450,0.778050,0.778500,39537,False
2017-10-06,0.778820,0.782560,0.777720,0.780140,54196,False
2017-10-09,0.780820,0.781960,0.779520,0.780470,26576,False
2017-10-10,0.780790,0.782060,0.778800,0.779300,42164,False
2017-10-11,0.779090,0.781370,0.776760,0.781140,42852,False
2017-10-12,0.781690,0.783160,0.780120,0.781840,47625,False
2017-10-13,0.781550,0.783230,0.778040,0.781660,46220,False
2017-10-16,0.781440,0.783020,0.776160,0.779110,36973,False
2017-10-17,0.779200,0.781700,0.778280,0.781160,37894,False
2017-10-18,0.781140,0.787750,0.780770,0.787400,44282,False
2017-10-19,0.787190,0.788080,0.780220,0.782080,58124,False
2017-10-20,0.781930,0.787140,0.779000,0.779690,61928,False
2017-10-23,0.780210,0.782230,0.778510,0.778720,36246,False
2017-10-24,0.778720,0.782220,0.777990,0.782020,47229,False
2017-10-25,0.782120,0.784000,0.770750,0.773310,64693,False
2017-10-26,0.773520,0.777320,0.772020,0.776680,59878,False
2017-10-27,0.776360,0.779720,0.774440,0.779340,66460,False
2017-10-30,0.778360,0.779140,0.774720,0.774720,38413,False
2017-10-31,0.774900,0.777940,0.771870,0.774120,42018,False
2017-11-01,0.773760,0.780670,0.773040,0.779880,50461,False
2017-11-02,0.779780,0.780520,0.776260,0.780300,49610,False
2017-11-03,0.780060,0.785480,0.776060,0.784120,46528,False
2017-11-06,0.783170,0.785900,0.782400,0.785290,39437,False
2017-11-07,0.785070,0.786370,0.779430,0.782480,47750,False
2017-11-08,0.782340,0.786580,0.781820,0.785920,35327,False
2017-11-09,0.785770,0.787470,0.782180,0.783400,49103,False
2017-11-10,0.783180,0.785860,0.782710,0.785160,41670,False
2017-11-13,0.785410,0.785980,0.781410,0.782560,24101,False
2017-11-14,0.782460,0.782700,0.776080,0.776800,43784,False
2017-11-15,0.776860,0.777310,0.770740,0.774140,51542,False
2017-11-16,0.774600,0.780290,0.773810,0.779410,53217,False
2017-11-17,0.779120,0.779760,0.772320,0.774620,62475,False
2017-11-20,0.774900,0.776400,0.772060,0.774900,55607,False
2017-11-21,0.775080,0.777780,0.773490,0.775920,48530,False
2017-11-22,0.775620,0.776250,0.771780,0.773400,49020,False
2017-11-23,0.773400,0.774600,0.770550,0.772360,119256,False
2017-11-24,0.772000,0.772570,0.769580,0.770650,107028,False
2017-11-27,0.770990,0.773840,0.768480,0.768620,44976,False
2017-11-28,0.768500,0.770220,0.766720,0.767780,51467,False
2017-11-29,0.768150,0.769740,0.764790,0.765330,57453,False
2017-11-30,0.765270,0.766580,0.761600,0.762730,62326,False
2017-12-01,0.762860,0.774800,0.762110,0.769780,102296,False
2017-12-04,0.772520,0.777600,0.770650,0.777090,49503,False
2017-12-05,0.776900,0.780650,0.776220,0.778200,44741,False
2017-12-06,0.777920,0.782220,0.773470,0.774260,50518,False
2017-12-07,0.773960,0.774620,0.770660,0.773480,39371,False
2017-12-08,0.773480,0.777240,0.771020,0.772620,43747,False
2017-12-11,0.773100,0.773810,0.769570,0.771320,33775,False
2017-12-12,0.771340,0.773620,0.768880,0.770640,38390,False
2017-12-13,0.770540,0.772170,0.766120,0.768980,58460,False
2017-12-14,0.768880,0.777120,0.767140,0.772820,69654,False
2017-12-15,0.773090,0.776460,0.767420,0.770270,66301,False
2017-12-18,0.768730,0.770800,0.765610,0.766460,52538,False
2017-12-19,0.766220,0.766940,0.763640,0.764740,51223,False
2017-12-20,0.764440,0.770240,0.764440,0.768820,43415,False
2017-12-21,0.769220,0.779140,0.768140,0.775960,50246,False
2017-12-22,0.775710,0.779810,0.773460,0.777590,51652,False
2017-12-26,0.776790,0.780100,0.776220,0.779740,24920,False
2017-12-27,0.780020,0.783540,0.779230,0.779440,41298,False
2017-12-28,0.778870,0.780100,0.776260,0.778290,52286,False
2017-12-29,0.778680,0.779720,0.774060,0.774450,60470,False
2018-01-02,0.777540,0.778010,0.773790,0.776550,45961,False
2018-01-03,0.776460,0.781720,0.775990,0.779420,49800,False
2018-01-04,0.779210,0.780860,0.777480,0.780500,48379,False
2018-01-05,0.780740,0.790280,0.779720,0.785440,58202,False
2018-01-08,0.785260,0.789140,0.784740,0.786820,36317,False
2018-01-09,0.786350,0.791330,0.786120,0.788920,41454,False
2018-01-10,0.789240,0.789700,0.777480,0.779540,71054,False
2018-01-11,0.779680,0.781660,0.775420,0.779340,61601,False
2018-01-12,0.779160,0.780260,0.774260,0.776300,67046,False
2018-01-15,0.777120,0.778100,0.772380,0.774920,74204,False
2018-01-16,0.775000,0.778100,0.770660,0.771620,53376,False
2018-01-17,0.771950,0.778040,0.767380,0.776830,94395,False
2018-01-18,0.776370,0.776950,0.768280,0.772460,68147,False
2018-01-19,0.772140,0.773130,0.768520,0.771470,66641,False
2018-01-22,0.770360,0.773490,0.769240,0.772780,44079,False
2018-01-23,0.772550,0.773300,0.768170,0.771110,57239,False
2018-01-24,0.771120,0.771690,0.763890,0.765260,69145,False
2018-01-25,0.765740,0.767390,0.754860,0.760190,135174,False
2018-01-26,0.760100,0.761580,0.757040,0.758380,93012,False
2018-01-29,0.758200,0.760720,0.756760,0.759880,73884,False
2018-01-30,0.759920,0.760400,0.755080,0.757160,64130,False
2018-01-31,0.757360,0.762460,0.755260,0.756010,85383,False
2018-02-01,0.755990,0.758510,0.754470,0.755380,71860,False
2018-02-02,0.755320,0.756480,0.748940,0.749820,99529,False
2018-02-05,0.749840,0.751640,0.742080,0.742900,104371,False
2018-02-06,0.743160,0.751300,0.741500,0.749320,126629,False
2018-02-07,0.749400,0.753820,0.746680,0.750620,72327,False
2018-02-08,0.751050,0.752220,0.741680,0.742680,101676,False
2018-02-09,0.742560,0.747310,0.739040,0.746640,102378,False
2018-02-12,0.746420,0.747240,0.743440,0.746800,52284,False
2018-02-13,0.746610,0.747060,0.739660,0.742440,51537,False
2018-02-14,0.742040,0.744220,0.739540,0.743840,77868,False
2018-02-15,0.743730,0.744180,0.736500,0.738800,70390,False
2018-02-16,0.738180,0.740320,0.736710,0.738540,63503,False
2018-02-19,0.738980,0.741120,0.737840,0.739840,52682,False
2018-02-20,0.739670,0.742760,0.739220,0.740190,49671,False
2018-02-21,0.740610,0.741210,0.738730,0.739120,61451,False
2018-02-22,0.739200,0.741040,0.733560,0.734270,54025,False
2018-02-23,0.734260,0.741870,0.733680,0.740610,49982,False
2018-02-26,0.740310,0.741540,0.737910,0.739440,44027,False
2018-02-27,0.739820,0.740120,0.734930,0.735040,57253,False
2018-02-28,0.734830,0.739180,0.734660,0.736200,50729,False
2018-03-01,0.736390,0.738920,0.733480,0.733480,72638,False
2018-03-02,0.733880,0.734730,0.725270,0.728110,59610,False
2018-03-05,0.727550,0.728140,0.722440,0.724940,65076,False
2018-03-06,0.724610,0.730660,0.723180,0.730440,58369,False
2018-03-07,0.730670,0.731870,0.723940,0.730750,75422,False
2018-03-08,0.731040,0.738100,0.730180,0.737460,67610,False
2018-03-09,0.737570,0.742780,0.736660,0.742320,63826,False
2018-03-12,0.742140,0.742820,0.737470,0.737740,34800,False
2018-03-13,0.737840,0.738720,0.726920,0.728020,52893,False
2018-03-14,0.728210,0.732250,0.727880,0.729370,47461,False
2018-03-15,0.729570,0.730460,0.726000,0.728820,46039,False
2018-03-16,0.728960,0.729820,0.725320,0.727220,41712,False
2018-03-19,0.727180,0.729620,0.725250,0.727220,45229,False
2018-03-20,0.727220,0.731870,0.726670,0.731780,43080,False
2018-03-21,0.731940,0.737540,0.730250,0.736120,70219,False
2018-03-22,0.735760,0.738080,0.732540,0.733540,67707,False
2018-03-23,0.733940,0.739780,0.731220,0.734510,66970,False
2018-03-26,0.734440,0.738100,0.730590,0.736180,43636,False
2018-03-27,0.736510,0.738750,0.734170,0.734400,47578,False
2018-03-28,0.734720,0.741860,0.734220,0.740210,55403,False
2018-03-29,0.740380,0.743260,0.738980,0.742420,47507,False
2018-03-30,0.742580,0.742600,0.738640,0.739530,43296,False
2018-04-02,0.738840,0.741140,0.737220,0.739630,34482,False
2018-04-03,0.739220,0.750540,0.738590,0.748660,44249,False
2018-04-04,0.748500,0.753000,0.744590,0.752610,48948,False
2018-04-05,0.752300,0.756060,0.751120,0.755500,43775,False
2018-04-06,0.755820,0.756820,0.749740,0.750710,58488,False
2018-04-09,0.750510,0.754680,0.748300,0.752960,44805,False
2018-04-10,0.752750,0.760060,0.751860,0.759420,45002,False
2018-04-11,0.759260,0.762880,0.757940,0.761040,45088,False
2018-04-12,0.761840,0.765840,0.760640,0.764380,45749,False
2018-04-13,0.764080,0.766780,0.762220,0.762800,35398,False
2018-04-16,0.763720,0.764800,0.760840,0.763980,32244,False
2018-04-17,0.763740,0.771600,0.763000,0.769820,34242,False
2018-04-18,0.769800,0.770410,0.763770,0.767140,48118,False
2018-04-19,0.766890,0.769920,0.766140,0.766440,47220,False
2018-04-20,0.766400,0.770160,0.763320,0.763590,48690,False
2018-04-23,0.764720,0.765360,0.760530,0.761420,48455,False
2018-04-24,0.761260,0.764950,0.760940,0.762820,41594,False
2018-04-25,0.762300,0.765870,0.762300,0.765460,41966,False
2018-04-26,0.765880,0.768750,0.763860,0.768300,53481,False
2018-04-27,0.767860,0.770600,0.767720,0.769980,41535,False
2018-04-30,0.769400,0.773640,0.768540,0.771450,41586,False
2018-05-01,0.770870,0.776040,0.770580,0.775440,53923,False
2018-05-02,0.775680,0.777400,0.774900,0.775460,58453,False
2018-05-03,0.775380,0.778050,0.773980,0.776360,62924,False
2018-05-04,0.776820,0.779400,0.774920,0.778380,46987,False
2018-05-07,0.778640,0.780900,0.777080,0.778410,36976,False
2018-05-08,0.778140,0.779060,0.770850,0.773500,56862,False
2018-05-09,0.773530,0.783180,0.773020,0.781770,49200,False
2018-05-10,0.781800,0.786540,0.781220,0.785420,65012,False
2018-05-11,0.785860,0.786740,0.781120,0.781580,47133,False
2018-05-14,0.782700,0.783320,0.779920,0.780880,34300,False
2018-05-15,0.781140,0.782570,0.776020,0.777520,55931,False
2018-05-16,0.777840,0.783280,0.776580,0.782640,57910,False
2018-05-17,0.783040,0.785560,0.780890,0.781800,51219,False
2018-05-18,0.781750,0.782570,0.771680,0.774240,49141,False
2018-05-21,0.774500,0.780120,0.774230,0.779840,41447,False
2018-05-22,0.779600,0.781880,0.773940,0.774440,44251,False
2018-05-23,0.774200,0.776880,0.766800,0.775740,64500,False
2018-05-24,0.775540,0.776040,0.765250,0.769960,64765,False
2018-05-25,0.770040,0.770480,0.762540,0.763240,56818,False
2018-05-28,0.764340,0.766670,0.762880,0.764660,41080,False
2018-05-29,0.764570,0.766160,0.756580,0.761330,66037,False
2018-05-30,0.761340,0.770980,0.758890,0.768140,69374,False
2018-05-31,0.768480,0.769120,0.757290,0.760900,64925,False
2018-06-01,0.760670,0.764570,0.760090,0.762680,58340,False
2018-06-04,0.762680,0.765250,0.761100,0.763980,47228,False
2018-06-05,0.763760,0.764920,0.756780,0.759320,53162,False
2018-06-06,0.759780,0.768380,0.758680,0.762060,55221,False
2018-06-07,0.762340,0.762400,0.753470,0.755850,56596,False
2018-06-08,0.755700,0.762370,0.753380,0.762010,53393,False
2018-06-11,0.757280,0.761260,0.756460,0.759240,36770,False
2018-06-12,0.758930,0.760360,0.756060,0.758250,50694,False
2018-06-13,0.758020,0.760380,0.757080,0.758800,56174,False
2018-06-14,0.759230,0.764580,0.757180,0.761030,59880,False
2018-06-15,0.761260,0.761260,0.753600,0.757450,51190,False
2018-06-18,0.756460,0.757800,0.751620,0.753880,36073,False
2018-06-19,0.753980,0.754560,0.747760,0.748060,58108,False
2018-06-20,0.748520,0.750930,0.747450,0.748300,45842,False
2018-06-21,0.748230,0.750100,0.744080,0.744910,57859,False
2018-06-22,0.745020,0.746360,0.739540,0.744400,57312,False
2018-06-25,0.744300,0.745260,0.740600,0.742520,46748,False
2018-06-26,0.742740,0.745630,0.741420,0.744830,48659,False
2018-06-27,0.744870,0.750360,0.743080,0.747580,61063,False
2018-06-28,0.747600,0.753580,0.746620,0.752480,61191,False
2018-06-29,0.752420,0.756070,0.748300,0.754120,69808,False
2018-07-02,0.752700,0.755270,0.751960,0.753380,46567,False
2018-07-03,0.753040,0.756650,0.752800,0.755200,41628,False
2018-07-04,0.755170,0.756260,0.753580,0.755380,65768,False
2018-07-05,0.755630,0.757320,0.754270,0.756330,41614,False
2018-07-06,0.756730,0.758410,0.753000,0.756100,72706,False
2018-07-09,0.756880,0.757500,0.753620,0.756310,36670,False
2018-07-10,0.756660,0.758000,0.755030,0.756380,38718,False
2018-07-11,0.756140,0.759160,0.753800,0.753820,64388,False
2018-07-12,0.753820,0.762130,0.752840,0.761860,50958,False
2018-07-13,0.761720,0.763300,0.760220,0.761260,43136,False
2018-07-16,0.760940,0.762140,0.758000,0.758880,35797,False
2018-07-17,0.758500,0.759580,0.755340,0.758200,43018,False
2018-07-18,0.758020,0.759020,0.753760,0.758700,41711,False
2018-07-19,0.758520,0.759240,0.752400,0.753140,57938,False
2018-07-20,0.752980,0.758380,0.752380,0.755500,66174,False
2018-07-23,0.755320,0.756010,0.753330,0.753580,41005,False
2018-07-24,0.754070,0.756000,0.753240,0.755320,53697,False
2018-07-25,0.755240,0.761140,0.754520,0.760100,54772,False
2018-07-26,0.760190,0.762500,0.758670,0.760220,48569,False
2018-07-27,0.760350,0.764190,0.759800,0.761610,40625,False
2018-07-30,0.761800,0.762230,0.757990,0.758190,25491,False
2018-07-31,0.757980,0.762520,0.754400,0.761300,45869,False
2018-08-01,0.760980,0.765280,0.760470,0.762980,40962,False
2018-08-02,0.762720,0.765370,0.762060,0.764320,33961,False
2018-08-03,0.764060,0.766200,0.763370,0.764980,41200,False
2018-08-06,0.764680,0.766850,0.763880,0.766570,23056,False
2018-08-07,0.766080,0.767850,0.761480,0.762820,30717,False
2018-08-08,0.762820,0.763590,0.759840,0.762960,35544,False
2018-08-09,0.763100,0.764460,0.759180,0.761290,38301,False
2018-08-10,0.761380,0.763140,0.756890,0.757260,67905,False
2018-08-13,0.754720,0.758400,0.754000,0.756120,50420,False
2018-08-14,0.756680,0.761470,0.755720,0.761350,38865,False
2018-08-15,0.761500,0.763110,0.754580,0.756180,42136,False
2018-08-16,0.756450,0.758360,0.754860,0.757660,43993,False
2018-08-17,0.757460,0.762600,0.756640,0.762270,42389,False
2018-08-20,0.761600,0.762700,0.759440,0.760060,30958,False
2018-08-21,0.760140,0.760700,0.754880,0.755780,38389,False
2018-08-22,0.756100,0.756680,0.752240,0.756580,40271,False
2018-08-23,0.756250,0.756850,0.752310,0.753990,35223,False
2018-08-24,0.754030,0.755300,0.752120,0.755030,42674,False
2018-08-27,0.755470,0.757360,0.752420,0.755680,37726,False
2018-08-28,0.755320,0.757000,0.754080,0.754930,36342,False
2018-08-29,0.754570,0.756900,0.750140,0.751760,41909,False
2018-08-30,0.751740,0.752490,0.745920,0.746560,41604,False
2018-08-31,0.746890,0.747640,0.740540,0.742700,55299,False
2018-09-03,0.742080,0.743800,0.739570,0.740150,27617,False
2018-09-04,0.740130,0.741280,0.738350,0.738700,36474,False
2018-09-05,0.739110,0.740060,0.735460,0.737340,46238,False
2018-09-06,0.737560,0.737920,0.731540,0.734160,42952,False
2018-09-07,0.734460,0.736960,0.733300,0.736700,50566,False
2018-09-10,0.736300,0.741200,0.734940,0.740760,26031,False
2018-09-11,0.741090,0.745500,0.739460,0.744040,34210,False
2018-09-12,0.743970,0.747930,0.743960,0.746660,40701,False
2018-09-13,0.746420,0.747370,0.742060,0.742740,35180,False
2018-09-14,0.743170,0.743560,0.740780,0.742200,34938,False
2018-09-17,0.742320,0.742660,0.737640,0.738200,23804,False
2018-09-18,0.738380,0.743680,0.736820,0.743360,38748,False
2018-09-19,0.742960,0.750000,0.742440,0.748520,38679,False
2018-09-20,0.748240,0.749430,0.742760,0.742980,45117,False
2018-09-21,0.742780,0.743560,0.738420,0.742120,40766,False
2018-09-24,0.742070,0.745320,0.740320,0.744680,26157,False
2018-09-25,0.744370,0.746280,0.744000,0.744980,27785,False
2018-09-26,0.744890,0.748520,0.741410,0.742070,40240,False
2018-09-27,0.742060,0.750860,0.739760,0.749400,39686,False
2018-09-28,0.749300,0.760980,0.747960,0.760210,35261,False
2018-10-01,0.762780,0.769800,0.761270,0.768010,38533,False
2018-10-02,0.768220,0.769620,0.765680,0.767220,30415,False
2018-10-03,0.766970,0.772040,0.766680,0.771230,37062,False
2018-10-04,0.771100,0.771380,0.766650,0.767360,36752,False
2018-10-05,0.767240,0.771200,0.765720,0.766680,39074,False
2018-10-08,0.765770,0.767240,0.762500,0.765790,27711,False
2018-10-09,0.765720,0.767540,0.764860,0.766060,41218,False
2018-10-10,0.766230,0.766860,0.757590,0.757740,35441,False
2018-10-11,0.758090,0.762040,0.755120,0.759120,60389,False
2018-10-12,0.759340,0.762690,0.758840,0.761860,42249,False
2018-10-15,0.761220,0.762480,0.755280,0.759920,41760,False
2018-10-16,0.760690,0.766640,0.759520,0.766020,33884,False
2018-10-17,0.765880,0.766510,0.763060,0.764180,41311,False
2018-10-18,0.763640,0.764680,0.760390,0.760920,42774,False
2018-10-19,0.761020,0.764580,0.758950,0.760220,44470,False
2018-10-22,0.760390,0.762710,0.759300,0.760200,36470,False
2018-10-23,0.760130,0.761440,0.758360,0.760340,41810,False
2018-10-24,0.760350,0.769300,0.759880,0.764260,52767,False
2018-10-25,0.764140,0.767320,0.762760,0.764500,45910,False
2018-10-26,0.764680,0.765280,0.759840,0.760650,57097,False
2018-10-29,0.761420,0.764420,0.761020,0.762780,45852,False
2018-10-30,0.762920,0.766900,0.761820,0.766710,51247,False
2018-10-31,0.766900,0.767460,0.764640,0.766520,42172,False
2018-11-01,0.766640,0.768060,0.764040,0.765700,52397,False
2018-11-02,0.765810,0.767330,0.762180,0.765700,54309,False
2018-11-05,0.766440,0.768820,0.764920,0.766160,46027,False
2018-11-06,0.766110,0.767200,0.763330,0.763920,34180,False
2018-11-07,0.764030,0.764740,0.760960,0.764280,61038,False
2018-11-08,0.764110,0.767200,0.763200,0.764560,53885,False
2018-11-09,0.765000,0.765580,0.760060,0.761500,51909,False
2018-11-12,0.761640,0.765120,0.761070,0.763060,50534,False
2018-11-13,0.763100,0.764900,0.760240,0.760740,58353,False
2018-11-14,0.760940,0.763980,0.758730,0.759840,62957,False
2018-11-15,0.759940,0.764650,0.758880,0.764100,63880,False
2018-11-16,0.763790,0.765700,0.759040,0.760720,52138,False
2018-11-19,0.760940,0.760940,0.752460,0.754380,38060,False
2018-11-20,0.754420,0.755080,0.747140,0.747860,51320,False
2018-11-21,0.748280,0.751970,0.747150,0.751970,40439,False
2018-11-22,0.751810,0.754980,0.750160,0.754510,46816,False
2018-11-23,0.754140,0.756500,0.751620,0.753160,55395,False
2018-11-26,0.753730,0.756330,0.753260,0.753460,40222,False
2018-11-27,0.753020,0.754600,0.749970,0.751160,42200,False
2018-11-28,0.751320,0.751670,0.747870,0.748700,49844,False
2018-11-29,0.748980,0.751910,0.747230,0.749460,47417,False
2018-11-30,0.749410,0.752380,0.747830,0.751820,46741,False
2018-12-03,0.754740,0.758800,0.752340,0.755980,49011,False
2018-12-04,0.755760,0.756840,0.751820,0.751980,54547,False
2018-12-05,0.752420,0.752930,0.745010,0.747060,40022,False
2018-12-06,0.746890,0.747200,0.737580,0.741720,59071,False
2018-12-07,0.741560,0.748330,0.740600,0.743830,55166,False
2018-12-10,0.743100,0.743760,0.737580,0.739180,47864,False
2018-12-11,0.738920,0.742010,0.735220,0.741910,43186,False
2018-12-12,0.741780,0.745340,0.741240,0.744280,47325,False
2018-12-13,0.744000,0.745040,0.741380,0.744130,45289,False
2018-12-14,0.744400,0.746360,0.742480,0.745610,43945,False
2018-12-17,0.744860,0.746330,0.739420,0.740690,87602,False
2018-12-18,0.740440,0.741550,0.735280,0.737040,46010,False
2018-12-19,0.736740,0.740100,0.735460,0.737860,60410,False
2018-12-20,0.737550,0.738360,0.727650,0.731520,63450,False
2018-12-21,0.731400,0.734560,0.730140,0.731460,65659,False
2018-12-24,0.731400,0.733100,0.724160,0.724940,53348,False
2018-12-26,0.725520,0.734110,0.724120,0.733590,41300,False
2018-12-27,0.733710,0.733870,0.721290,0.725490,64689,False
2018-12-28,0.725640,0.727220,0.717690,0.722040,54634,False
2018-12-31,0.721680,0.724500,0.718850,0.719440,52718,False
2019-01-02,0.719820,0.730180,0.719590,0.728640,52608,False
2019-01-03,0.728540,0.734680,0.722340,0.731680,83714,False
2019-01-04,0.731540,0.738020,0.730530,0.737700,58798,False
2019-01-07,0.737900,0.738340,0.733100,0.736640,38573,False
2019-01-08,0.736640,0.739760,0.735980,0.739440,39061,False
2019-01-09,0.739300,0.742160,0.735600,0.737760,59058,False
2019-01-10,0.737640,0.744300,0.734610,0.744050,42335,False
2019-01-11,0.743800,0.745640,0.740570,0.741640,40318,False
2019-01-14,0.742640,0.743000,0.738220,0.738580,36792,False
2019-01-15,0.738460,0.745400,0.737980,0.744680,43029,False
2019-01-16,0.744700,0.748540,0.743840,0.747260,34680,False
2019-01-17,0.747020,0.750100,0.744940,0.748870,40296,False
2019-01-18,0.748670,0.751860,0.748070,0.750480,34296,False
2019-01-21,0.749720,0.751080,0.749120,0.749780,39796,False
2019-01-22,0.749910,0.750660,0.746240,0.746670,31940,False
2019-01-23,0.746790,0.750260,0.744040,0.745540,33447,False
2019-01-24,0.745420,0.747100,0.744020,0.746140,45298,False
2019-01-25,0.746200,0.751830,0.745520,0.751410,50605,False
2019-01-28,0.751480,0.751800,0.746260,0.747990,29095,False
2019-01-29,0.747910,0.751050,0.747040,0.749800,37183,False
2019-01-30,0.749600,0.758140,0.749080,0.756080,33216,False
2019-01-31,0.756040,0.757900,0.754300,0.757600,14195,False
2019-02-01,0.757210,0.761040,0.754780,0.759920,13997,False
2019-02-04,0.759560,0.762130,0.759160,0.761130,9189,False
2019-02-05,0.760990,0.764390,0.760470,0.761740,8859,False
2019-02-06,0.761620,0.761840,0.757500,0.758680,10106,False
2019-02-07,0.758320,0.758920,0.751780,0.753240,10377,False
2019-02-08,0.753560,0.756610,0.751660,0.753400,11470,False
2019-02-11,0.753860,0.761040,0.751960,0.754800,9601,False
2019-02-12,0.755020,0.761260,0.754280,0.760380,9786,False
2019-02-13,0.760600,0.762230,0.758840,0.761380,9935,False
2019-02-14,0.761460,0.762100,0.754360,0.755820,13054,False
2019-02-15,0.755960,0.759680,0.755320,0.758810,9900,False
2019-02-18,0.758420,0.759300,0.757280,0.758600,6369,False
2019-02-19,0.758740,0.759520,0.754260,0.757640,10573,False
2019-02-20,0.757540,0.760440,0.757220,0.759620,11585,False
2019-02-21,0.759340,0.760810,0.756430,0.756700,15160,False
2019-02-22,0.756900,0.761720,0.756110,0.761560,11906,False
2019-02-25,0.761590,0.761900,0.757980,0.758800,10354,False
2019-02-26,0.758600,0.759650,0.755840,0.759300,10360,False
2019-02-27,0.759400,0.761880,0.757810,0.761260,24006,False
2019-02-28,0.761360,0.761560,0.753140,0.757580,14020,False
2019-03-01,0.757900,0.761760,0.750810,0.751360,14168,False
2019-03-04,0.751780,0.753860,0.749240,0.750920,9822,False
2019-03-05,0.750880,0.753240,0.749400,0.752220,10896,False
2019-03-06,0.752080,0.752530,0.745940,0.747680,13483,False
2019-03-07,0.747640,0.753310,0.746840,0.751600,12298,False
2019-03-08,0.751960,0.753120,0.749580,0.751430,12948,False
2019-03-11,0.750980,0.754700,0.750440,0.754570,9087,False
2019-03-12,0.754530,0.754900,0.751600,0.754680,10701,False
2019-03-13,0.754620,0.755680,0.752280,0.754800,9991,False
2019-03-14,0.754720,0.754940,0.752620,0.752760,10222,False
2019-03-15,0.752840,0.754920,0.749760,0.751380,10302,False
2019-03-18,0.751880,0.752900,0.749170,0.750700,8405,False
2019-03-19,0.750800,0.754540,0.749660,0.749900,10041,False
2019-03-20,0.750020,0.750570,0.745290,0.746060,13667,False
2019-03-21,0.746000,0.746880,0.741280,0.742160,14684,False
2019-03-22,0.742460,0.745340,0.739760,0.739840,18539,False
2019-03-25,0.740320,0.741740,0.738340,0.740460,12486,False
2019-03-26,0.740520,0.743830,0.739660,0.743230,10999,False
2019-03-27,0.743150,0.744210,0.739520,0.741780,14772,False
2019-03-28,0.741700,0.743720,0.740360,0.740760,13624,False
2019-03-29,0.740800,0.746780,0.740140,0.745440,12794,False
2019-04-01,0.745400,0.751340,0.743540,0.750650,12090,False
2019-04-02,0.750130,0.751020,0.746700,0.748360,9678,False
2019-04-03,0.748400,0.750620,0.746240,0.747940,9454,False
2019-04-04,0.748060,0.749150,0.746870,0.748560,7906,False
2019-04-05,0.748490,0.749050,0.746270,0.747330,9128,False
2019-04-08,0.747050,0.750880,0.746220,0.750360,6836,False
2019-04-09,0.750420,0.752420,0.749060,0.750040,7582,False
2019-04-10,0.750280,0.753120,0.749540,0.752820,8268,False
2019-04-11,0.752920,0.753100,0.748980,0.749640,7518,False
2019-04-12,0.749500,0.752510,0.749200,0.752380,8021,False
2019-04-15,0.751340,0.754280,0.749080,0.751140,7885,False
2019-04-16,0.751100,0.754970,0.749160,0.754970,8758,False
2019-04-17,0.754910,0.759580,0.753520,0.757500,10302,False
2019-04-18,0.757410,0.759320,0.755400,0.759010,10206,False
2019-04-19,0.759120,0.759490,0.756980,0.757590,5608,False
2019-04-22,0.757190,0.761480,0.757130,0.760940,5025,False
2019-04-23,0.760750,0.763310,0.758900,0.759900,8006,False
2019-04-24,0.760280,0.760360,0.752960,0.756150,13859,False
2019-04-25,0.755820,0.757200,0.754830,0.756620,8747,False
2019-04-26,0.756500,0.759000,0.755860,0.757870,11197,False
2019-04-29,0.757410,0.759050,0.756020,0.757740,6364,False
2019-04-30,0.757680,0.761240,0.755980,0.761180,11479,False
2019-05-01,0.761420,0.762100,0.754960,0.757580,12772,False
2019-05-02,0.757520,0.758900,0.755520,0.756480,9351,False
2019-05-03,0.756800,0.759270,0.756280,0.757340,9845,False
2019-05-06,0.754660,0.757420,0.752980,0.756880,10832,False
2019-05-07,0.756960,0.759060,0.755570,0.756680,11511,False
2019-05-08,0.756800,0.757640,0.754230,0.757020,11525,False
2019-05-09,0.757120,0.757680,0.750220,0.753240,12387,False
2019-05-10,0.753240,0.756490,0.751460,0.754150,16143,False
2019-05-13,0.753450,0.753770,0.745890,0.746380,11720,False
2019-05-14,0.746640,0.749980,0.745190,0.749180,9094,False
2019-05-15,0.749240,0.751620,0.746380,0.750640,10154,False
2019-05-16,0.750600,0.753040,0.749480,0.750320,7773,False
2019-05-17,0.750150,0.752560,0.747600,0.750880,10825,False
2019-05-20,0.752020,0.753600,0.750250,0.751080,7665,False
2019-05-21,0.750960,0.754800,0.750680,0.754220,9342,False
2019-05-22,0.754290,0.754960,0.750720,0.751390,9312,False
2019-05-23,0.751450,0.751640,0.743280,0.744660,11861,False
2019-05-24,0.744610,0.746400,0.743360,0.745460,9184,False
2019-05-27,0.745120,0.748420,0.745100,0.746690,4924,False
2019-05-28,0.746560,0.749310,0.744840,0.746720,9285,False
2019-05-29,0.746660,0.747020,0.743410,0.745670,11741,False
2019-05-30,0.745460,0.748500,0.745180,0.746600,8376,False
2019-05-31,0.746460,0.746720,0.739380,0.740460,15684,False
2019-06-03,0.740770,0.742490,0.736330,0.738510,14577,False
2019-06-04,0.738380,0.741420,0.737590,0.740730,13391,False
2019-06-05,0.740770,0.742240,0.736530,0.741380,14553,False
2019-06-06,0.741460,0.742980,0.738560,0.741880,13731,False
2019-06-07,0.741660,0.744840,0.741320,0.744430,13610,False
2019-06-10,0.747240,0.747600,0.744900,0.746040,8546,False
2019-06-11,0.746000,0.749380,0.745500,0.747050,9062,False
2019-06-12,0.747090,0.749160,0.745000,0.746060,10076,False
2019-06-13,0.746140,0.747700,0.744690,0.745860,9254,False
2019-06-14,0.745880,0.748020,0.743840,0.744640,10347,False
2019-06-17,0.744600,0.746180,0.743490,0.744850,7343,False
2019-06-18,0.744940,0.747780,0.742420,0.747720,13111,False
2019-06-19,0.747480,0.748940,0.744880,0.748620,15943,False
2019-06-20,0.748840,0.749120,0.741820,0.744220,16201,False
2019-06-21,0.744080,0.746100,0.738300,0.738420,13502,False
2019-06-24,0.738960,0.741630,0.735780,0.737400,9333,False
2019-06-25,0.737360,0.741700,0.735280,0.740780,15185,False
2019-06-26,0.740720,0.745860,0.739450,0.744980,12209,False
2019-06-27,0.745030,0.747360,0.743840,0.745720,10010,False
2019-06-28,0.745580,0.746990,0.743600,0.745640,11201,False
2019-07-01,0.748660,0.752160,0.747340,0.752030,10515,False
2019-07-02,0.752000,0.753760,0.750360,0.752540,9687,False
2019-07-03,0.752600,0.755840,0.750480,0.755450,9091,False
2019-07-04,0.755550,0.756120,0.753670,0.754690,6128,False
2019-07-05,0.754600,0.758920,0.754180,0.758260,11615,False
2019-07-08,0.758630,0.761150,0.756980,0.758920,7577,False
2019-07-09,0.758800,0.759440,0.755780,0.756820,7824,False
2019-07-10,0.756860,0.757570,0.753660,0.756480,13608,False
2019-07-11,0.756380,0.758300,0.754240,0.757600,11622,False
2019-07-12,0.757320,0.759440,0.754080,0.755420,9942,False
2019-07-15,0.755480,0.756080,0.753310,0.754460,6915,False
2019-07-16,0.754510,0.758660,0.753400,0.754830,9326,False
2019-07-17,0.755060,0.758780,0.754680,0.756460,8104,False
2019-07-18,0.756520,0.757400,0.752490,0.753400,11944,False
2019-07-19,0.753270,0.755320,0.749840,0.751700,12525,False
2019-07-22,0.752440,0.753320,0.747820,0.748490,7792,False
2019-07-23,0.748570,0.750690,0.747040,0.750200,8505,False
2019-07-24,0.750260,0.751640,0.749100,0.749420,8741,False
2019-07-25,0.749380,0.754480,0.749150,0.752660,12853,False
2019-07-26,0.752760,0.754890,0.752010,0.754500,8385,False
2019-07-29,0.754540,0.754780,0.752180,0.753360,5587,False
2019-07-30,0.753320,0.753560,0.750580,0.752850,7894,False
2019-07-31,0.752960,0.755570,0.752030,0.753500,20234,False
2019-08-01,0.753560,0.755040,0.747540,0.749680,19950,False
2019-08-02,0.749600,0.749820,0.742020,0.743900,19590,False
2019-08-05,0.744410,0.744800,0.735710,0.736760,18944,False
2019-08-06,0.737340,0.740560,0.734320,0.735350,18128,False
2019-08-07,0.735260,0.737340,0.726560,0.733200,24494,False
2019-08-08,0.733140,0.737410,0.732080,0.736900,14919,False
2019-08-09,0.736660,0.737780,0.732720,0.735730,15039,False
2019-08-12,0.737260,0.737420,0.731270,0.732040,12424,False
2019-08-13,0.732230,0.740080,0.727000,0.738540,21513,False
2019-08-14,0.738580,0.739110,0.729600,0.730760,19766,False
2019-08-15,0.730860,0.734230,0.729440,0.733420,23513,False
2019-08-16,0.733320,0.738260,0.732960,0.737440,11530,False
2019-08-19,0.738270,0.740620,0.735760,0.736820,10564,False
2019-08-20,0.736740,0.737080,0.733860,0.734240,8963,False
2019-08-21,0.734280,0.739870,0.733860,0.739120,9912,False
2019-08-22,0.739340,0.741340,0.737420,0.739510,10789,False
2019-08-23,0.739460,0.741680,0.731560,0.733790,19631,False
2019-08-26,0.731740,0.739600,0.729740,0.738550,24720,False
2019-08-27,0.738620,0.742660,0.737730,0.738780,12592,False
2019-08-28,0.738840,0.739020,0.736480,0.737660,11261,False
2019-08-29,0.737560,0.742480,0.736020,0.742410,11609,False
2019-08-30,0.742300,0.746270,0.741760,0.743640,13461,False
2019-09-02,0.743160,0.744560,0.742140,0.743500,6041,False
2019-09-03,0.743440,0.744580,0.738750,0.739860,12297,False
2019-09-04,0.740220,0.742040,0.737860,0.741860,12279,False
2019-09-05,0.741570,0.746430,0.741000,0.745400,11349,False
2019-09-06,0.745190,0.751480,0.744960,0.749800,12383,False
2019-09-09,0.749670,0.754180,0.749310,0.753340,7818,False
2019-09-10,0.753460,0.754840,0.750880,0.754300,8599,False
2019-09-11,0.754430,0.756380,0.751460,0.752490,7926,False
2019-09-12,0.752450,0.754250,0.748480,0.749720,16148,False
2019-09-13,0.749940,0.750180,0.745000,0.745290,9145,False
2019-09-16,0.746900,0.750080,0.745580,0.749760,13003,False
2019-09-17,0.749390,0.751210,0.748070,0.749820,11657,False
2019-09-18,0.749480,0.751750,0.748700,0.750490,12384,False
2019-09-19,0.750410,0.750780,0.745150,0.748520,10604,False
2019-09-20,0.748290,0.749240,0.745520,0.747180,9310,False
2019-09-23,0.747820,0.748160,0.743770,0.746350,8435,False
2019-09-24,0.746480,0.748130,0.743140,0.744290,9523,False
2019-09-25,0.744130,0.748630,0.742920,0.747750,9394,False
2019-09-26,0.747970,0.750650,0.747160,0.749100,9048,False
2019-09-27,0.749040,0.750420,0.746600,0.748160,10573,False
2019-09-30,0.748480,0.754340,0.747880,0.753700,8911,False
2019-10-01,0.753510,0.754940,0.750320,0.751050,12233,False
2019-10-02,0.750820,0.757040,0.748040,0.748140,9763,False
2019-10-03,0.748080,0.752840,0.746700,0.749000,13883,False
2019-10-04,0.748920,0.750760,0.745330,0.747800,12373,False
2019-10-07,0.746150,0.748780,0.745460,0.747470,8622,False
2019-10-08,0.747440,0.748950,0.743400,0.745200,11473,False
2019-10-09,0.744940,0.748260,0.744680,0.746940,8299,False
2019-10-10,0.747220,0.750480,0.743610,0.749950,12343,False
2019-10-11,0.750120,0.756980,0.749240,0.755030,15336,False
2019-10-14,0.755340,0.756520,0.752280,0.753490,7110,False
2019-10-15,0.753750,0.756950,0.752840,0.756740,9669,False
2019-10-16,0.756780,0.756930,0.752840,0.753820,10135,False
2019-10-17,0.753700,0.755100,0.750340,0.752060,10486,False
2019-10-18,0.752000,0.752820,0.749580,0.749900,7121,False
2019-10-21,0.749850,0.753760,0.749850,0.753220,5979,False
2019-10-22,0.753340,0.756180,0.752800,0.755800,8348,False
2019-10-23,0.755620,0.758220,0.754760,0.757950,6286,False
2019-10-24,0.757890,0.759380,0.756560,0.759100,7490,False
2019-10-25,0.758980,0.761840,0.758410,0.761600,6246,False
2019-10-28,0.761690,0.763750,0.760670,0.761810,5479,False
2019-10-29,0.761910,0.763080,0.758640,0.759540,6409,False
2019-10-30,0.759440,0.759750,0.750940,0.751880,12802,False
2019-10-31,0.751820,0.751820,0.748520,0.749380,10497,False
2019-11-01,0.749250,0.750860,0.748800,0.750070,9383,False
2019-11-04,0.750680,0.751760,0.749840,0.751180,6178,False
2019-11-05,0.751220,0.755740,0.750850,0.754580,8415,False
2019-11-06,0.754620,0.755440,0.751730,0.753180,6735,False
2019-11-07,0.752740,0.757070,0.751810,0.755220,9296,False
2019-11-08,0.755320,0.755940,0.752280,0.753860,7516,False
2019-11-11,0.753840,0.754250,0.750680,0.750680,4272,False
2019-11-12,0.750720,0.752720,0.749770,0.750380,6679,False
2019-11-13,0.750460,0.750870,0.745770,0.747040,7164,False
2019-11-14,0.747150,0.747580,0.744090,0.745770,6738,False
2019-11-15,0.745720,0.749170,0.745720,0.748560,5980,False
2019-11-18,0.748200,0.750230,0.746660,0.749440,5822,False
2019-11-19,0.749320,0.751200,0.746300,0.746610,7634,False
2019-11-20,0.746570,0.747940,0.742940,0.744940,8834,False
2019-11-21,0.744760,0.748040,0.742530,0.747620,9161,False
2019-11-22,0.747600,0.750650,0.747150,0.749860,7309,False
2019-11-25,0.750460,0.750760,0.748360,0.749430,5884,False
2019-11-26,0.749240,0.751660,0.748440,0.751420,6406,False
2019-11-27,0.751360,0.753510,0.751300,0.752480,5730,False
2019-11-28,0.752370,0.752620,0.750780,0.751960,3216,False
2019-11-29,0.751990,0.753480,0.751210,0.753120,7016,False
2019-12-02,0.753420,0.753690,0.744800,0.744800,7085,False
2019-12-03,0.745210,0.746160,0.741000,0.742500,7312,False
2019-12-04,0.742550,0.750020,0.741470,0.749000,9265,False
2019-12-05,0.748830,0.751720,0.748580,0.749340,6659,False
2019-12-06,0.749400,0.750660,0.746300,0.747200,7123,False
2019-12-09,0.747160,0.747830,0.746070,0.746160,4505,False
2019-12-10,0.746270,0.746880,0.743100,0.744030,5770,False
2019-12-11,0.744100,0.747930,0.743520,0.746180,6647,False
2019-12-12,0.746140,0.749040,0.744400,0.746940,9714,False
2019-12-13,0.746870,0.749280,0.743980,0.747360,14255,False
2019-12-16,0.746520,0.749320,0.745960,0.746580,7343,False
2019-12-17,0.746460,0.747330,0.744200,0.744700,7133,False
2019-12-18,0.744740,0.748760,0.744180,0.747550,6528,False
2019-12-19,0.747620,0.748090,0.744430,0.745510,6007,False
2019-12-20,0.745540,0.747680,0.744260,0.747320,6839,False
2019-12-23,0.746810,0.747700,0.744680,0.747020,5562,False
2019-12-24,0.746720,0.747180,0.744190,0.744620,3892,False
2019-12-26,0.744400,0.748900,0.744400,0.748310,2677,False
2019-12-27,0.748230,0.748920,0.744230,0.745080,6766,False
2019-12-30,0.745380,0.746620,0.740720,0.741750,7285,False
2019-12-31,0.741930,0.747600,0.741220,0.744960,8870,False
2020-01-02,0.745210,0.749080,0.744260,0.748090,8182,False
2020-01-03,0.748250,0.750460,0.745730,0.748000,10600,False
2020-01-06,0.747250,0.748660,0.746360,0.746600,7619,False
2020-01-07,0.746520,0.748780,0.745040,0.746160,8727,False
2020-01-08,0.746100,0.748190,0.743500,0.746900,13318,False
2020-01-09,0.746800,0.747640,0.742340,0.745520,8157,False
2020-01-10,0.745420,0.748580,0.744500,0.745340,8506,False
2020-01-13,0.745160,0.745900,0.742950,0.743600,6055,False
2020-01-14,0.743540,0.743960,0.739600,0.740670,7568,False
2020-01-15,0.740620,0.741290,0.736860,0.739200,6948,False
2020-01-16,0.739160,0.740260,0.737180,0.739900,5982,False
2020-01-17,0.739980,0.742520,0.739240,0.740760,6042,False
2020-01-20,0.740980,0.742860,0.740510,0.742060,3536,False
2020-01-21,0.742150,0.742420,0.739820,0.741080,6359,False
2020-01-22,0.741160,0.744070,0.736540,0.736880,10545,False
2020-01-23,0.736820,0.738880,0.734620,0.738150,8200,False
2020-01-24,0.738080,0.739620,0.737740,0.738780,6962,False
2020-01-27,0.737900,0.738220,0.733740,0.734830,9054,False
2020-01-28,0.734760,0.739720,0.733100,0.739700,6785,False
2020-01-29,0.739660,0.740710,0.737170,0.737360,6798,False
2020-01-30,0.737420,0.737910,0.731970,0.734000,9289,False
2020-01-31,0.734100,0.735240,0.727250,0.727890,10193,False
2020-02-03,0.727880,0.730540,0.725320,0.727090,9677,False
2020-02-04,0.726970,0.731390,0.726040,0.730100,7688,False
2020-02-05,0.730010,0.733280,0.728020,0.732980,10142,False
2020-02-06,0.732880,0.734420,0.732380,0.733690,7307,False
2020-02-07,0.733770,0.735340,0.731540,0.734710,9650,False
2020-02-10,0.734340,0.736100,0.733060,0.733920,8301,False
2020-02-11,0.733840,0.736340,0.733650,0.734440,7010,False
2020-02-12,0.734340,0.738520,0.733820,0.738260,6876,False
2020-02-13,0.738300,0.739280,0.735840,0.738240,8417,False
2020-02-14,0.738020,0.741280,0.737760,0.741200,6014,False
2020-02-17,0.740770,0.742440,0.740770,0.741060,3107,False
2020-02-18,0.741140,0.741980,0.738760,0.741470,6806,False
2020-02-19,0.741420,0.744450,0.741110,0.744330,6990,False
2020-02-20,0.744260,0.744320,0.740500,0.742290,9981,False
2020-02-21,0.741940,0.742700,0.738000,0.739740,10215,False
2020-02-24,0.739900,0.739980,0.735730,0.736590,12854,False
2020-02-25,0.736530,0.737740,0.733720,0.735100,13883,False
2020-02-26,0.734960,0.736440,0.731100,0.732640,15402,False
2020-02-27,0.732600,0.732840,0.722370,0.722570,19342,False
2020-02-28,0.722620,0.724060,0.714680,0.720640,31140,False
2020-03-02,0.716420,0.724960,0.713720,0.720080,30949,False
2020-03-03,0.720000,0.720000,0.712250,0.714470,33357,False
2020-03-04,0.714580,0.718470,0.711280,0.714940,19771,False
2020-03-05,0.714500,0.715060,0.704880,0.705020,15838,False
2020-03-06,0.704850,0.706940,0.694100,0.698490,32072,False
2020-03-09,0.687940,0.688870,0.667360,0.675240,67861,False
2020-03-10,0.675240,0.688440,0.674220,0.684820,51588,False
2020-03-11,0.684820,0.685380,0.678440,0.681010,37120,False
2020-03-12,0.681010,0.691710,0.674900,0.677860,70176,False
2020-03-13,0.677860,0.690920,0.676710,0.689400,73096,False
2020-03-16,0.687050,0.688960,0.674680,0.675580,113288,False
2020-03-17,0.675580,0.682740,0.673720,0.676860,63009,False
2020-03-18,0.676860,0.677510,0.663700,0.667300,83729,False
2020-03-19,0.667200,0.682600,0.660540,0.679380,101905,False
2020-03-20,0.679460,0.692400,0.679460,0.686820,89472,False
2020-03-23,0.685480,0.686420,0.674600,0.679480,95862,False
2020-03-24,0.679480,0.680390,0.670660,0.678660,62448,False
2020-03-25,0.678660,0.689890,0.678160,0.688600,58149,False
2020-03-26,0.688600,0.690070,0.682020,0.687050,57374,False
2020-03-27,0.687050,0.688250,0.678680,0.680010,61875,False
2020-03-30,0.680480,0.681900,0.674380,0.676700,44574,False
2020-03-31,0.676700,0.686900,0.672770,0.683480,58795,False
2020-04-01,0.683480,0.683850,0.676540,0.680500,44488,False
2020-04-02,0.680500,0.689800,0.679260,0.688660,47776,False
2020-04-03,0.688720,0.693660,0.686080,0.688220,38947,False
2020-04-06,0.686520,0.694080,0.684740,0.693660,34585,False
2020-04-07,0.693660,0.695780,0.691520,0.692850,36433,False
2020-04-08,0.692850,0.694300,0.689850,0.693510,30763,False
2020-04-09,0.693510,0.694580,0.688560,0.691300,38103,False
2020-04-10,0.691300,0.692840,0.690060,0.692300,7368,False
2020-04-13,0.692940,0.698060,0.689590,0.695840,23143,False
2020-04-14,0.695840,0.697060,0.689880,0.691800,23543,False
2020-04-15,0.691800,0.691930,0.682810,0.683440,27883,False
2020-04-16,0.683440,0.688880,0.683400,0.688860,27361,False
2020-04-17,0.688860,0.691190,0.687140,0.690560,28255,False
2020-04-20,0.688540,0.690700,0.683990,0.684080,26454,False
2020-04-21,0.684000,0.686300,0.680440,0.682360,40804,False
2020-04-22,0.682260,0.687310,0.681380,0.686100,26727,False
2020-04-23,0.686040,0.695100,0.684960,0.693480,28312,False
2020-04-24,0.693270,0.695690,0.689880,0.690120,22906,False
2020-04-27,0.689970,0.695610,0.689670,0.695020,19078,False
2020-04-28,0.695100,0.698480,0.693660,0.696420,22146,False
2020-04-29,0.696820,0.702340,0.696040,0.701660,19127,False
2020-04-30,0.701620,0.703240,0.691960,0.692410,27525,False
2020-05-01,0.692260,0.693430,0.680320,0.682340,20498,False
2020-05-04,0.682840,0.686420,0.680740,0.685240,19210,False
2020-05-05,0.685320,0.694220,0.685140,0.692530,19659,False
2020-05-06,0.692330,0.694160,0.688600,0.689180,19638,False
2020-05-07,0.689120,0.698650,0.687780,0.696440,20299,False
2020-05-08,0.696320,0.697960,0.694900,0.697130,15855,False
2020-05-11,0.697030,0.698740,0.692580,0.694580,18931,False
2020-05-12,0.694520,0.694700,0.688540,0.688600,16654,False
2020-05-13,0.688480,0.692060,0.688220,0.689480,20833,False
2020-05-14,0.689540,0.693700,0.688320,0.692620,19311,False
2020-05-15,0.692710,0.693810,0.688520,0.688600,18550,False
2020-05-18,0.689710,0.699040,0.688100,0.696700,16107,False
2020-05-19,0.696740,0.700960,0.696040,0.696820,17823,False
2020-05-20,0.696540,0.697690,0.693290,0.694140,14808,False
2020-05-21,0.694210,0.697040,0.692800,0.695450,16030,False
2020-05-22,0.695310,0.696340,0.691530,0.693640,14800,False
2020-05-25,0.695160,0.695980,0.693660,0.694840,10362,False
2020-05-26,0.694920,0.701540,0.694820,0.700940,16614,False
2020-05-27,0.700850,0.706720,0.699550,0.704000,24291,False
2020-05-28,0.704500,0.705420,0.699340,0.700410,21455,False
2020-05-29,0.700690,0.701580,0.694600,0.697780,28098,False
2020-06-01,0.698000,0.709180,0.696480,0.707860,21775,False
2020-06-02,0.707700,0.712860,0.707460,0.711840,21350,False
2020-06-03,0.711710,0.713720,0.710260,0.712220,26957,False
2020-06-04,0.712140,0.712720,0.706740,0.707820,25250,False
2020-06-05,0.707740,0.720240,0.707060,0.717020,27843,False
2020-06-08,0.716970,0.719000,0.713420,0.715620,18958,False
2020-06-09,0.715730,0.716440,0.705960,0.708700,21166,False
2020-06-10,0.708070,0.710190,0.703120,0.703820,30530,False
2020-06-11,0.703750,0.704840,0.690580,0.692780,37674,False
2020-06-12,0.692900,0.702310,0.691240,0.700980,37846,False
2020-06-15,0.701250,0.701250,0.695120,0.699290,33826,False
2020-06-16,0.699530,0.703600,0.697480,0.702560,32435,False
2020-06-17,0.702380,0.703200,0.698890,0.699380,24811,False
2020-06-18,0.699180,0.702020,0.697640,0.699610,22867,False
2020-06-19,0.699520,0.702540,0.698680,0.699820,20887,False
2020-06-22,0.699280,0.701020,0.698590,0.700790,17757,False
2020-06-23,0.700660,0.701840,0.697000,0.697260,23557,False
2020-06-24,0.697340,0.698880,0.695020,0.695070,21835,False
2020-06-25,0.695200,0.697180,0.694080,0.695420,20056,False
2020-06-26,0.695560,0.695820,0.691600,0.692570,15647,False
2020-06-29,0.692540,0.696420,0.691480,0.696310,16377,False
2020-06-30,0.696820,0.698160,0.693580,0.697780,17534,False
2020-07-01,0.697730,0.699200,0.695300,0.696080,15079,False
2020-07-02,0.696170,0.696950,0.693700,0.696950,15050,False
2020-07-03,0.697000,0.698260,0.695780,0.697520,9827,False
2020-07-06,0.696910,0.697640,0.692780,0.695810,12085,False
2020-07-07,0.696000,0.696270,0.692460,0.692800,13918,False
2020-07-08,0.692850,0.695240,0.691880,0.694430,16802,False
2020-07-09,0.694490,0.695540,0.691780,0.691960,19049,False
2020-07-10,0.691840,0.693290,0.690220,0.692400,17170,False
2020-07-13,0.692390,0.695860,0.691560,0.692010,14599,False
2020-07-14,0.692030,0.692560,0.688760,0.690360,17192,False
2020-07-15,0.690300,0.700170,0.689920,0.699070,15143,False
2020-07-16,0.699000,0.700300,0.695920,0.696720,14072,False
2020-07-17,0.696760,0.697160,0.690690,0.691220,9920,False
2020-07-20,0.692870,0.694900,0.690990,0.693780,12318,False
2020-07-21,0.693690,0.698100,0.693110,0.693340,13705,False
2020-07-22,0.693240,0.694200,0.691730,0.692900,16101,False
2020-07-23,0.692860,0.694560,0.690110,0.690110,17678,False
2020-07-24,0.689730,0.690820,0.685900,0.686080,18421,False
2020-07-27,0.686180,0.689780,0.684660,0.688800,17756,False
2020-07-28,0.688880,0.690100,0.683540,0.686040,17210,False
2020-07-29,0.686100,0.687560,0.682840,0.684400,16957,False
2020-07-30,0.684180,0.684820,0.676010,0.677210,20134,False
2020-07-31,0.677140,0.683240,0.674660,0.681060,26056,False
2020-08-03,0.681220,0.688560,0.681220,0.685280,17903,False
2020-08-04,0.684800,0.686880,0.681560,0.685730,15250,False
2020-08-05,0.685800,0.687160,0.682620,0.684800,16938,False
2020-08-06,0.684540,0.686350,0.682700,0.683660,20409,False
2020-08-07,0.684000,0.686140,0.681600,0.681750,20421,False
2020-08-10,0.681580,0.686600,0.681480,0.685860,12711,False
2020-08-11,0.686020,0.690580,0.685200,0.689360,17973,False
2020-08-12,0.689200,0.690240,0.686640,0.688460,19549,False
2020-08-13,0.688930,0.689880,0.686580,0.687880,16788,False
2020-08-14,0.688260,0.689020,0.685120,0.685160,14333,False
2020-08-17,0.687020,0.687020,0.685010,0.686100,11917,False
2020-08-18,0.686160,0.688680,0.684230,0.686380,15170,False
2020-08-19,0.686420,0.693340,0.685660,0.692250,18094,False
2020-08-20,0.692340,0.692850,0.687830,0.688320,19868,False
2020-08-21,0.688660,0.692400,0.687940,0.691850,16602,False
2020-08-24,0.692220,0.693600,0.688220,0.689960,13797,False
2020-08-25,0.690100,0.690100,0.687300,0.689160,14536,False
2020-08-26,0.689280,0.691610,0.688730,0.690980,13663,False
2020-08-27,0.690560,0.693940,0.689340,0.692480,28583,False
2020-08-28,0.692540,0.693110,0.689240,0.690320,23948,False
2020-08-31,0.690960,0.693720,0.689900,0.692670,19842,False
2020-09-01,0.692820,0.697010,0.691880,0.695920,22210,False
2020-09-02,0.695820,0.698960,0.695580,0.698040,19465,False
2020-09-03,0.698100,0.699020,0.691820,0.692840,23414,False
2020-09-04,0.692740,0.699750,0.692420,0.699330,24009,False
2020-09-07,0.700020,0.700240,0.695900,0.699340,9830,False
2020-09-08,0.699480,0.700880,0.693340,0.693380,20161,False
2020-09-09,0.693460,0.694840,0.692290,0.694090,18495,False
2020-09-10,0.694040,0.694590,0.688300,0.690220,22001,False
2020-09-11,0.690060,0.691900,0.688740,0.689680,14064,False
2020-09-14,0.689920,0.690780,0.687670,0.689520,12440,False
2020-09-15,0.689440,0.689990,0.688060,0.688660,13040,False
2020-09-16,0.688800,0.691770,0.687220,0.690100,22613,False
2020-09-17,0.690130,0.691120,0.688180,0.690060,21782,False
2020-09-18,0.690180,0.691250,0.689120,0.690320,15891,False
2020-09-21,0.689810,0.692150,0.686900,0.687360,22851,False
2020-09-22,0.687090,0.691580,0.686460,0.691460,21362,False
2020-09-23,0.691560,0.692540,0.689740,0.690180,20259,False
2020-09-24,0.690370,0.694280,0.688620,0.693620,22461,False
2020-09-25,0.693790,0.695120,0.692510,0.693890,17388,False
2020-09-28,0.693980,0.694880,0.690620,0.691350,14682,False
2020-09-29,0.691470,0.691790,0.685980,0.686570,13877,False
2020-09-30,0.686990,0.692560,0.686280,0.691210,23694,False
2020-10-01,0.691140,0.692620,0.689340,0.691200,18185,False
2020-10-02,0.691140,0.692640,0.689380,0.691620,20937,False
2020-10-05,0.691420,0.691800,0.689080,0.690320,12294,False
2020-10-06,0.689870,0.690660,0.688480,0.689340,15608,False
2020-10-07,0.689420,0.691960,0.688150,0.691920,11666,False
2020-10-08,0.692000,0.695170,0.691220,0.694930,10391,False
2020-10-09,0.694870,0.695460,0.692390,0.693900,10987,False
2020-10-12,0.693600,0.694750,0.692780,0.693340,8976,False
2020-10-13,0.693260,0.696980,0.692280,0.696330,11939,False
2020-10-14,0.696580,0.697620,0.693520,0.694540,10978,False
2020-10-15,0.694690,0.695040,0.689510,0.691340,15023,False
2020-10-16,0.691480,0.694580,0.690800,0.693500,13956,False
2020-10-19,0.693580,0.695230,0.689980,0.689990,11244,False
2020-10-20,0.689920,0.691900,0.688030,0.690990,12487,False
2020-10-21,0.690940,0.692490,0.687990,0.688720,14250,False
2020-10-22,0.688760,0.691120,0.688190,0.690530,13750,False
2020-10-23,0.690690,0.691530,0.687870,0.689000,12316,False
2020-10-26,0.689560,0.689560,0.686060,0.687080,14011,False
2020-10-27,0.687140,0.690470,0.687020,0.689280,11306,False
2020-10-28,0.689150,0.689940,0.682740,0.683440,19815,False
2020-10-29,0.683320,0.688000,0.681800,0.687320,21248,False
2020-10-30,0.686940,0.689040,0.685180,0.688320,21835,False
2020-11-02,0.688180,0.695600,0.686040,0.695510,18212,False
2020-11-03,0.695300,0.697270,0.692740,0.694800,15827,False
2020-11-04,0.694650,0.696320,0.689170,0.694600,59914,False
2020-11-05,0.694070,0.696330,0.690950,0.693060,30273,False
2020-11-06,0.693480,0.693640,0.687970,0.689380,27032,False
2020-11-09,0.689620,0.704020,0.688920,0.702480,38815,False
2020-11-10,0.702360,0.704550,0.700780,0.702070,26701,False
2020-11-11,0.701690,0.705080,0.701300,0.702020,16383,False
2020-11-12,0.702210,0.702430,0.695740,0.696280,15208,False
2020-11-13,0.695900,0.697200,0.693160,0.694820,11891,False
2020-11-16,0.695190,0.699510,0.694440,0.698010,14762,False
2020-11-17,0.698220,0.698340,0.693480,0.695500,12595,False
2020-11-18,0.695580,0.698140,0.694900,0.696310,13636,False
2020-11-19,0.696560,0.698220,0.695500,0.696580,13629,False
2020-11-20,0.696700,0.698740,0.695500,0.695820,12188,False
2020-11-23,0.696340,0.698070,0.694680,0.697220,14471,False
2020-11-24,0.697260,0.701310,0.697260,0.701080,15863,False
2020-11-25,0.701160,0.702380,0.698260,0.698360,13537,False
2020-11-26,0.698300,0.699010,0.696060,0.696540,8682,False
2020-11-27,0.696430,0.698860,0.695760,0.696500,8986,False
2020-11-30,0.695500,0.700220,0.694690,0.698760,15689,False
2020-12-01,0.699100,0.700060,0.694560,0.695780,14404,False
2020-12-02,0.695580,0.697380,0.691660,0.692660,14576,False
2020-12-03,0.692600,0.693930,0.689500,0.692460,13122,False
2020-12-04,0.692680,0.698050,0.691310,0.697690,15219,False
2020-12-07,0.697280,0.697880,0.693430,0.695980,13514,False
2020-12-08,0.695800,0.696900,0.692790,0.693440,12234,False
2020-12-09,0.693480,0.696500,0.693240,0.693880,12656,False
2020-12-10,0.693920,0.698520,0.693200,0.695320,17124,False
2020-12-11,0.695360,0.698180,0.694650,0.696760,13325,False
2020-12-14,0.696550,0.697350,0.693360,0.694920,12138,False
2020-12-15,0.694520,0.697970,0.693880,0.697380,11710,False
2020-12-16,0.697270,0.697560,0.692240,0.694800,17327,False
2020-12-17,0.695000,0.696710,0.694310,0.695170,12007,False
2020-12-18,0.695700,0.695700,0.690520,0.690700,13225,False
2020-12-21,0.690940,0.692020,0.686940,0.688840,28064,False
2020-12-22,0.689020,0.690020,0.686250,0.689040,17972,False
2020-12-23,0.689200,0.692470,0.688380,0.691490,16488,False
2020-12-24,0.691740,0.695880,0.690480,0.692680,10576,False
2020-12-28,0.691960,0.694380,0.690700,0.691780,14147,False
2020-12-29,0.691400,0.693050,0.689480,0.689540,13265,False
2020-12-30,0.689590,0.692820,0.688820,0.691260,14838,False
2020-12-31,0.691000,0.696060,0.690380,0.694880,14606,False
2021-01-04,0.694600,0.696340,0.688650,0.689640,23289,False
2021-01-05,0.689760,0.693790,0.688910,0.693200,21417,False
2021-01-06,0.693320,0.695360,0.690580,0.692860,33440,False
2021-01-07,0.692980,0.698580,0.692560,0.697840,23070,False
2021-01-08,0.697660,0.699500,0.695240,0.697700,29051,False
2021-01-11,0.697310,0.697720,0.694240,0.696420,21822,False
2021-01-12,0.696520,0.698800,0.696370,0.697240,18668,False
2021-01-13,0.697280,0.699990,0.696120,0.699070,16714,False
2021-01-14,0.699020,0.703250,0.698500,0.702480,18913,False
2021-01-15,0.702640,0.702840,0.697110,0.699940,18558,False
2021-01-18,0.699340,0.700020,0.696510,0.698300,13796,False
2021-01-19,0.698340,0.700350,0.695840,0.697850,13648,False
2021-01-20,0.697900,0.705660,0.697340,0.704120,17522,False
2021-01-21,0.704200,0.705060,0.700090,0.700360,18158,False
2021-01-22,0.700460,0.700580,0.694860,0.695440,16721,False
2021-01-25,0.696560,0.698460,0.694820,0.697200,18682,False
2021-01-26,0.697400,0.699260,0.695540,0.698650,14337,False
2021-01-27,0.698430,0.698760,0.693380,0.694190,25114,False
2021-01-28,0.694250,0.694940,0.690600,0.692700,25610,False
2021-01-29,0.692320,0.698100,0.690880,0.697120,29593,False
2021-02-01,0.696140,0.700330,0.695540,0.698000,19528,False
2021-02-02,0.698100,0.702420,0.697490,0.702070,16317,False
2021-02-03,0.701900,0.704510,0.701430,0.703160,13277,False
2021-02-04,0.703340,0.706130,0.702640,0.705060,12610,False
2021-02-05,0.704980,0.706060,0.703420,0.704820,13447,False
2021-02-08,0.704940,0.706020,0.704110,0.705420,11470,False
2021-02-09,0.705500,0.705740,0.700180,0.702950,11812,False
2021-02-10,0.702470,0.703150,0.700670,0.701020,12925,False
2021-02-11,0.700960,0.702740,0.700380,0.700560,9379,False
2021-02-12,0.700780,0.702960,0.699140,0.702590,8679,False
2021-02-15,0.703100,0.704700,0.702300,0.704420,6561,False
2021-02-16,0.704340,0.704900,0.702250,0.703470,10333,False
2021-02-17,0.703180,0.708040,0.702700,0.707720,12883,False
2021-02-18,0.707480,0.708080,0.704750,0.706670,11128,False
2021-02-19,0.706620,0.711150,0.705110,0.710440,12251,False
2021-02-22,0.711050,0.713460,0.708600,0.710290,13758,False
2021-02-23,0.710140,0.719600,0.710030,0.719050,14312,False
2021-02-24,0.719170,0.725060,0.718000,0.724500,17415,False
2021-02-25,0.724300,0.727380,0.717380,0.717840,22589,False
2021-02-26,0.717750,0.718820,0.712710,0.713310,33494,False
2021-03-01,0.713420,0.723740,0.713060,0.723480,17012,False
2021-03-02,0.723630,0.726230,0.721840,0.723630,17403,False
2021-03-03,0.723740,0.728020,0.723520,0.726840,17411,False
2021-03-04,0.726780,0.735880,0.725600,0.733140,28502,False
2021-03-05,0.733420,0.736410,0.728720,0.735300,28380,False
2021-03-08,0.734400,0.739760,0.733640,0.739500,23079,False
2021-03-09,0.737980,0.740870,0.733620,0.733950,20195,False
2021-03-10,0.734150,0.737340,0.732970,0.736800,18451,False
2021-03-11,0.736680,0.738220,0.734670,0.737550,16018,False
2021-03-12,0.737780,0.745840,0.737290,0.745440,15644,False
2021-03-15,0.745270,0.747620,0.742540,0.743560,13818,False
2021-03-16,0.744090,0.744340,0.741110,0.742930,12878,False
2021-03-17,0.742880,0.745560,0.742110,0.743800,16348,False
2021-03-18,0.743730,0.747360,0.741100,0.742760,20337,False
2021-03-19,0.742600,0.744640,0.741220,0.743220,17370,False
2021-03-22,0.743160,0.744600,0.736490,0.737340,11972,False
2021-03-23,0.737140,0.745040,0.736400,0.741880,14531,False
2021-03-24,0.742080,0.746100,0.741340,0.743520,13781,False
2021-03-25,0.743580,0.746040,0.742000,0.745350,16199,False
2021-03-26,0.744680,0.749200,0.744640,0.746720,11650,False
2021-03-29,0.746780,0.747200,0.743080,0.746100,11901,False
2021-03-30,0.745380,0.748880,0.745180,0.745880,12369,False
2021-03-31,0.746160,0.752590,0.745800,0.751100,13579,False
2021-04-01,0.751060,0.752900,0.748620,0.750700,13191,False
2021-04-02,0.751420,0.751860,0.748600,0.749940,7261,False
2021-04-05,0.749160,0.751480,0.746760,0.747670,8575,False
2021-04-06,0.747990,0.748740,0.739950,0.740680,10342,False
2021-04-07,0.740520,0.742170,0.734400,0.737190,12945,False
2021-04-08,0.738140,0.738260,0.734070,0.735820,12300,False
2021-04-09,0.735690,0.739070,0.733120,0.737760,11640,False
2021-04-12,0.737000,0.738820,0.733530,0.734130,11005,False
2021-04-13,0.734390,0.735720,0.731700,0.734580,12737,False
2021-04-14,0.734630,0.737980,0.732520,0.737200,11566,False
2021-04-15,0.737340,0.739360,0.734500,0.735280,12608,False
2021-04-16,0.735400,0.736400,0.733380,0.735520,10760,False
2021-04-19,0.735440,0.736410,0.729330,0.729690,12419,False
2021-04-20,0.729820,0.732720,0.725800,0.726510,13684,False
2021-04-21,0.726370,0.736080,0.725940,0.733700,15685,False
2021-04-22,0.733520,0.736420,0.731460,0.732840,14561,False
2021-04-23,0.733160,0.735220,0.731070,0.732390,12848,False
2021-04-26,0.732180,0.738590,0.731620,0.737560,12678,False
2021-04-27,0.737940,0.739080,0.735410,0.736820,11351,False
2021-04-28,0.736700,0.740280,0.736380,0.738900,15609,False
2021-04-29,0.738540,0.741380,0.737840,0.740110,13513,False
2021-04-30,0.739760,0.744170,0.739080,0.742820,14942,False
2021-05-03,0.742240,0.744220,0.740250,0.741920,11836,False
2021-05-04,0.742040,0.744140,0.739760,0.742300,23196,False
2021-05-05,0.742120,0.746190,0.742000,0.744140,10619,False
2021-05-06,0.743930,0.747670,0.741540,0.746880,13052,False
2021-05-07,0.746840,0.747260,0.740510,0.742280,17110,False
2021-05-10,0.743420,0.745300,0.741620,0.744690,20322,False
2021-05-11,0.744610,0.747780,0.743640,0.746760,17234,False
2021-05-12,0.746800,0.752280,0.746390,0.749350,23995,False
2021-05-13,0.749480,0.750270,0.743120,0.745000,22120,False
2021-05-14,0.745240,0.747140,0.742520,0.744550,14873,False
2021-05-17,0.744560,0.748630,0.743080,0.748460,12989,False
2021-05-18,0.748430,0.749700,0.743320,0.744180,13152,False
2021-05-19,0.744130,0.748520,0.742870,0.744800,24807,False
2021-05-20,0.745120,0.746800,0.742280,0.744120,14355,False
2021-05-21,0.744020,0.747030,0.740940,0.744020,15924,False
2021-05-24,0.744180,0.745200,0.742340,0.744620,13239,False
2021-05-25,0.744260,0.744820,0.741500,0.741850,16053,False
2021-05-26,0.741990,0.743100,0.739500,0.740620,15602,False
2021-05-27,0.739960,0.746020,0.739660,0.743310,16003,False
2021-05-28,0.743050,0.746300,0.742580,0.745140,15539,False
2021-05-31,0.745260,0.746700,0.743800,0.745200,11226,False
2021-06-01,0.745300,0.747670,0.742580,0.743390,12749,False
2021-06-02,0.742450,0.746900,0.742230,0.746120,10867,False
2021-06-03,0.746010,0.747930,0.744840,0.746230,13267,False
2021-06-04,0.746190,0.747110,0.743160,0.743970,14842,False
2021-06-07,0.744340,0.745280,0.742480,0.742900,9405,False
2021-06-08,0.743030,0.743380,0.739930,0.740440,11307,False
2021-06-09,0.740480,0.741860,0.739460,0.739700,9469,False
2021-06-10,0.739340,0.742280,0.739140,0.739520,14851,False
2021-06-11,0.739590,0.741540,0.738110,0.738590,10114,False
2021-06-14,0.739180,0.741310,0.737900,0.740560,10221,False
2021-06-15,0.740760,0.741420,0.736220,0.737080,10977,False
2021-06-16,0.736790,0.741480,0.736700,0.740220,21753,False
2021-06-17,0.740140,0.744100,0.739260,0.742920,21203,False
2021-06-18,0.741960,0.744780,0.739120,0.740320,23208,False
2021-06-21,0.739350,0.743200,0.738730,0.742620,19339,False
2021-06-22,0.742360,0.746580,0.741950,0.746120,15030,False
2021-06-23,0.745840,0.747980,0.745560,0.746190,14209,False
2021-06-24,0.747160,0.748160,0.744460,0.745010,12792,False
2021-06-25,0.744620,0.746480,0.744330,0.745900,10842,False
2021-06-28,0.746960,0.747100,0.744380,0.745460,12042,False
2021-06-29,0.745200,0.746430,0.742630,0.742800,12162,False
2021-06-30,0.742690,0.748420,0.742520,0.746030,15158,False
2021-07-01,0.745970,0.747560,0.744040,0.744340,14553,False
2021-07-02,0.743920,0.747740,0.743670,0.747160,18095,False
2021-07-05,0.748060,0.748300,0.745200,0.747460,9750,False
2021-07-06,0.747340,0.748300,0.739690,0.742220,19402,False
2021-07-07,0.741820,0.744140,0.739580,0.741670,20028,False
2021-07-08,0.741610,0.742280,0.727940,0.730060,23918,False
2021-07-09,0.730480,0.734600,0.729100,0.734450,16706,False
2021-07-12,0.734130,0.735180,0.731780,0.734820,13045,False
2021-07-13,0.734760,0.736040,0.731000,0.734060,16283,False
2021-07-14,0.734020,0.737320,0.730620,0.730980,17873,False
2021-07-15,0.730910,0.732090,0.727870,0.728760,17121,False
2021-07-16,0.728820,0.731880,0.728310,0.729080,14809,False
2021-07-19,0.729480,0.729480,0.717330,0.720020,25178,False
2021-07-20,0.720250,0.726860,0.718700,0.726620,20398,False
2021-07-21,0.726850,0.732880,0.724180,0.730800,17318,False
2021-07-22,0.730930,0.732940,0.727760,0.731540,17433,False
2021-07-23,0.731310,0.733460,0.730540,0.732060,11440,False
2021-07-26,0.732260,0.732550,0.728960,0.730080,14070,False
2021-07-27,0.730380,0.730640,0.725500,0.725600,17576,False
2021-07-28,0.725710,0.728640,0.725220,0.726700,24917,False
2021-07-29,0.726460,0.729260,0.726230,0.727980,13515,False
2021-07-30,0.728220,0.729350,0.725650,0.725670,15753,False
2021-08-02,0.725880,0.727140,0.723370,0.723780,12122,False
2021-08-03,0.723710,0.724890,0.718720,0.721200,14026,False
2021-08-04,0.720820,0.723660,0.719000,0.723030,13017,False
2021-08-05,0.723260,0.726940,0.722340,0.725220,11900,False
2021-08-06,0.725510,0.729110,0.725120,0.728740,14361,False
2021-08-09,0.728570,0.732100,0.727820,0.731960,13471,False
2021-08-10,0.731370,0.737160,0.730940,0.737140,11661,False
2021-08-11,0.737140,0.737700,0.735910,0.737180,13257,False
2021-08-12,0.737220,0.738470,0.736120,0.737330,9854,False
2021-08-13,0.737080,0.737850,0.731020,0.731320,8653,False
2021-08-16,0.731940,0.732020,0.724130,0.725740,12079,False
2021-08-17,0.725520,0.726080,0.721300,0.724360,16134,False
2021-08-18,0.724040,0.727730,0.723240,0.724400,18015,False
2021-08-19,0.724380,0.725200,0.715830,0.716050,25612,False
2021-08-20,0.716230,0.716580,0.708840,0.715450,21881,False
2021-08-23,0.714600,0.721760,0.714080,0.721350,17054,False
2021-08-24,0.721430,0.725290,0.720720,0.725020,12904,False
2021-08-25,0.724420,0.726200,0.722970,0.725760,13430,False
2021-08-26,0.725810,0.728280,0.723240,0.723460,15699,False
2021-08-27,0.723320,0.724810,0.721940,0.722040,18395,False
2021-08-30,0.722050,0.728650,0.721040,0.727600,11550,False
2021-08-31,0.726880,0.728000,0.722140,0.725520,19273,False
2021-09-01,0.725320,0.729380,0.724240,0.725560,15362,False
2021-09-02,0.725500,0.729440,0.724240,0.728410,12707,False
2021-09-03,0.728500,0.731160,0.727400,0.729680,19182,False
2021-09-06,0.729280,0.731840,0.729020,0.730220,8655,False
2021-09-07,0.730120,0.730590,0.725910,0.727130,15728,False
2021-09-08,0.727090,0.728650,0.723120,0.726530,22141,False
2021-09-09,0.726200,0.726710,0.722560,0.723900,20779,False
2021-09-10,0.724210,0.729090,0.723120,0.723220,17095,False
2021-09-13,0.723270,0.729580,0.723120,0.729260,43560,False
2021-09-14,0.729180,0.729820,0.724380,0.724880,18602,False
2021-09-15,0.724370,0.728640,0.722220,0.728320,17940,False
2021-09-16,0.728460,0.733160,0.727580,0.731580,16974,False
2021-09-17,0.731640,0.733700,0.729480,0.730140,17627,False
2021-09-20,0.730260,0.730700,0.720340,0.723520,22183,False
2021-09-21,0.723560,0.727680,0.718240,0.720600,21840,False
2021-09-22,0.720540,0.726680,0.719740,0.725300,33142,False
2021-09-23,0.724820,0.730980,0.724250,0.730560,21853,False
2021-09-24,0.730160,0.731440,0.726420,0.730790,15945,False
2021-09-27,0.731000,0.735200,0.729670,0.733130,18611,False
2021-09-28,0.733040,0.735980,0.730480,0.732660,27557,False
2021-09-29,0.732700,0.733620,0.731070,0.732920,24568,False
2021-09-30,0.732630,0.738340,0.732310,0.734660,27445,False
2021-10-01,0.734850,0.736900,0.730380,0.735940,27119,False
2021-10-04,0.735570,0.738040,0.732780,0.734730,22028,False
2021-10-05,0.734860,0.739520,0.733520,0.737660,17479,False
2021-10-06,0.737820,0.738320,0.733890,0.736520,24465,False
2021-10-07,0.736580,0.740850,0.735430,0.740150,15408,False
2021-10-08,0.740100,0.744240,0.739320,0.743530,20728,False
2021-10-11,0.743700,0.745560,0.742410,0.743200,13437,False
2021-10-12,0.743080,0.748280,0.741640,0.746460,15966,False
2021-10-13,0.746690,0.747180,0.742320,0.742560,17093,False
2021-10-14,0.742710,0.747280,0.741940,0.746700,13105,False
2021-10-15,0.746760,0.749040,0.744860,0.746740,15112,False
2021-10-18,0.747620,0.748040,0.744560,0.746240,15062,False
2021-10-19,0.746400,0.747480,0.743360,0.746440,13426,False
2021-10-20,0.746600,0.749530,0.745280,0.745860,14656,False
2021-10-21,0.745740,0.747560,0.741660,0.742250,15080,False
2021-10-22,0.742250,0.744220,0.739900,0.740940,16450,False
2021-10-25,0.740820,0.744230,0.740350,0.742820,15530,False
2021-10-26,0.742730,0.745430,0.741420,0.742380,13165,False
2021-10-27,0.742800,0.745980,0.737620,0.742770,22870,False
2021-10-28,0.743210,0.744340,0.738040,0.738690,20698,False
2021-10-29,0.738450,0.740460,0.736030,0.739480,20261,False
2021-11-01,0.739560,0.740620,0.734640,0.735060,13273,False
2021-11-02,0.735000,0.737860,0.733360,0.736920,13290,False
2021-11-03,0.736760,0.737350,0.733300,0.736030,23064,False
2021-11-04,0.736240,0.737680,0.731760,0.732530,15593,False
2021-11-05,0.732820,0.736640,0.731570,0.732360,17018,False
2021-11-08,0.733090,0.735880,0.732230,0.734150,11658,False
2021-11-09,0.734220,0.735970,0.731520,0.732600,14846,False
2021-11-10,0.732520,0.737980,0.732000,0.734900,21800,False
2021-11-11,0.735080,0.735720,0.730700,0.732280,15462,False
2021-11-12,0.732320,0.734450,0.731210,0.733920,13020,False
2021-11-15,0.734080,0.739580,0.732520,0.739290,12437,False
2021-11-16,0.739260,0.741380,0.738420,0.740720,14422,False
2021-11-17,0.740450,0.742460,0.735600,0.736140,15028,False
2021-11-18,0.736510,0.737030,0.732160,0.734520,15111,False
2021-11-19,0.734480,0.736450,0.731610,0.734650,18415,False
2021-11-22,0.734300,0.735980,0.732900,0.734660,15566,False
2021-11-23,0.734020,0.737490,0.730520,0.736470,18180,False
2021-11-24,0.736160,0.739280,0.735620,0.737350,16896,False
2021-11-25,0.737280,0.740210,0.736560,0.739940,8317,False
2021-11-26,0.740180,0.740280,0.720490,0.721980,33207,False
2021-11-29,0.724520,0.728220,0.722740,0.724400,20524,False
2021-11-30,0.724240,0.724850,0.716600,0.718740,34152,False
2021-12-01,0.720040,0.723410,0.716800,0.718180,24487,False
2021-12-02,0.717580,0.721320,0.715670,0.718710,23684,False
2021-12-03,0.718600,0.721560,0.714260,0.714560,25969,False
2021-12-06,0.715740,0.726200,0.714980,0.725500,16720,False
2021-12-07,0.725460,0.733190,0.724650,0.731650,13919,False
2021-12-08,0.732010,0.733100,0.726670,0.727640,20724,False
2021-12-09,0.727720,0.729400,0.726100,0.726560,13241,False
2021-12-10,0.726620,0.728480,0.723300,0.723390,13605,False
2021-12-13,0.723840,0.726240,0.719190,0.720080,12299,False
2021-12-14,0.720600,0.721600,0.716320,0.718420,12491,False
2021-12-15,0.718110,0.720590,0.716380,0.720400,21972,False
2021-12-16,0.720880,0.724880,0.718190,0.719660,21725,False
2021-12-17,0.719090,0.720280,0.715880,0.716980,17466,False
2021-12-20,0.716920,0.717380,0.709750,0.711860,17984,False
2021-12-21,0.711900,0.715740,0.710390,0.715050,12476,False
2021-12-22,0.715430,0.716880,0.713520,0.716060,10439,False
2021-12-23,0.716490,0.718910,0.715180,0.717140,9257,False
2021-12-24,0.717120,0.718890,0.714800,0.717240,27330,False
2021-12-27,0.717420,0.718380,0.715160,0.717580,6568,False
2021-12-28,0.717720,0.718300,0.714700,0.715750,6407,False
2021-12-29,0.715800,0.717400,0.712870,0.715100,9272,False
2021-12-30,0.715050,0.717780,0.713990,0.717440,9141,False
2021-12-31,0.716960,0.721930,0.716320,0.721560,13999,False
2022-01-03,0.721140,0.722200,0.718800,0.720930,12742,False
2022-01-04,0.720980,0.722370,0.719300,0.721120,12435,False
2022-01-05,0.721260,0.721850,0.718870,0.719340,13956,False
2022-01-06,0.718640,0.724650,0.716980,0.723980,17148,False
2022-01-07,0.723820,0.727420,0.723100,0.726460,15851,False
2022-01-10,0.726620,0.731670,0.726040,0.731500,16650,False
2022-01-11,0.731800,0.735160,0.730780,0.734660,15505,False
2022-01-12,0.734460,0.736920,0.729980,0.731060,15997,False
2022-01-13,0.731240,0.732420,0.727800,0.727800,14596,False
2022-01-14,0.728100,0.730660,0.726690,0.728130,17986,False
2022-01-17,0.728020,0.731340,0.727210,0.730260,10861,False
2022-01-18,0.730260,0.733420,0.729920,0.733160,19489,False
2022-01-19,0.733100,0.734820,0.731220,0.731780,17028,False
2022-01-20,0.732280,0.736420,0.731090,0.733550,15487,False
2022-01-21,0.733200,0.733720,0.724520,0.724780,20506,False
2022-01-24,0.725180,0.727860,0.719660,0.723620,24558,False
2022-01-25,0.722860,0.729240,0.722800,0.726900,23159,False
2022-01-26,0.726620,0.733140,0.726380,0.729630,33660,False
2022-01-27,0.729360,0.735560,0.726680,0.730720,26875,False
2022-01-28,0.730580,0.731720,0.727770,0.728910,22439,False
2022-01-31,0.729120,0.733660,0.728400,0.729340,18386,False
2022-02-01,0.729920,0.730010,0.724860,0.726190,16858,False
2022-02-02,0.726540,0.726780,0.723300,0.725600,13958,False
2022-02-03,0.725090,0.727000,0.723670,0.726020,21681,False
2022-02-04,0.725480,0.726520,0.722520,0.725070,20906,False
2022-02-07,0.726080,0.729610,0.725040,0.729040,14646,False
2022-02-08,0.729470,0.730020,0.726340,0.728330,13116,False
2022-02-09,0.727870,0.729680,0.726420,0.729300,9572,False
2022-02-10,0.729540,0.731910,0.727240,0.727370,23156,False
2022-02-11,0.727080,0.731040,0.725100,0.726100,31852,False
2022-02-14,0.726660,0.728070,0.722700,0.726600,102352,False
2022-02-15,0.726220,0.729000,0.724320,0.727610,73919,False
2022-02-16,0.727370,0.730640,0.725920,0.726490,68800,False
2022-02-17,0.726850,0.726920,0.723680,0.724100,108734,False
2022-02-18,0.724170,0.727260,0.721950,0.722410,78710,False
2022-02-21,0.722700,0.723680,0.717760,0.718040,66719,False
2022-02-22,0.718260,0.724950,0.717060,0.721760,95412,False
2022-02-23,0.721120,0.725240,0.720160,0.721030,58922,False
2022-02-24,0.720800,0.723080,0.717180,0.721890,191829,False
2022-02-25,0.722380,0.729220,0.721400,0.728740,100242,False
2022-02-28,0.726740,0.727560,0.721400,0.723730,131339,False
2022-03-01,0.723560,0.726460,0.720570,0.721020,91989,False
2022-03-02,0.720940,0.729040,0.720640,0.728500,133068,False
2022-03-03,0.728540,0.731000,0.723320,0.723350,82691,False
2022-03-04,0.723440,0.724940,0.718660,0.720540,115436,False
2022-03-07,0.720760,0.728380,0.719620,0.721920,143297,False
2022-03-08,0.722110,0.724380,0.720150,0.721000,134523,False
2022-03-09,0.720600,0.724810,0.720220,0.723470,91288,False
2022-03-10,0.723350,0.729560,0.721550,0.728600,98913,False
2022-03-11,0.728160,0.735460,0.727120,0.733020,90995,False
2022-03-14,0.733700,0.734840,0.730480,0.731910,88104,False
2022-03-15,0.731780,0.737740,0.728920,0.737600,84200,False
2022-03-16,0.737080,0.742160,0.735720,0.742010,106811,False
2022-03-17,0.741620,0.743560,0.738750,0.742080,79767,False
2022-03-18,0.742170,0.744100,0.738220,0.739340,65145,False
2022-03-21,0.739660,0.741720,0.736840,0.741420,62446,False
2022-03-22,0.741700,0.744300,0.738950,0.742160,66542,False
2022-03-23,0.742000,0.744090,0.740060,0.740640,64700,False
2022-03-24,0.740580,0.744360,0.740260,0.742400,72151,False
2022-03-25,0.742480,0.746610,0.738160,0.745640,73777,False
2022-03-28,0.745570,0.751230,0.742640,0.746580,86239,False
2022-03-29,0.746100,0.750050,0.742930,0.744550,98074,False
2022-03-30,0.745040,0.745600,0.738520,0.739750,84301,False
2022-03-31,0.739500,0.739940,0.736000,0.737860,82323,False
2022-04-01,0.737720,0.741920,0.736340,0.739640,70177,False
2022-04-04,0.739860,0.742800,0.738280,0.742100,52387,False
2022-04-05,0.742030,0.747370,0.741030,0.744380,61755,False
2022-04-06,0.744420,0.747700,0.743690,0.743880,81255,False
2022-04-07,0.744060,0.744340,0.739660,0.741770,72683,False
2022-04-08,0.741770,0.743580,0.741180,0.742970,60228,False
2022-04-11,0.741840,0.743580,0.736720,0.737060,66264,False
2022-04-12,0.736960,0.739140,0.735900,0.737800,73036,False
2022-04-13,0.737930,0.744160,0.736680,0.743900,68323,False
2022-04-14,0.743430,0.749790,0.742660,0.747740,77337,False
2022-04-15,0.747580,0.749280,0.746780,0.747570,244868,False
2022-04-18,0.748350,0.749420,0.745460,0.749360,54805,False
2022-04-19,0.748640,0.754880,0.747180,0.754410,82572,False
2022-04-20,0.754430,0.759870,0.754040,0.759210,87412,False
2022-04-21,0.759140,0.762160,0.757040,0.757760,90312,False
2022-04-22,0.757560,0.758760,0.751780,0.752860,89325,False
2022-04-25,0.752020,0.753940,0.748090,0.753380,104581,False
2022-04-26,0.753010,0.755900,0.747210,0.750500,88077,False
2022-04-27,0.750280,0.756880,0.749860,0.756100,100116,False
2022-04-28,0.754080,0.759720,0.754080,0.758910,113144,False
2022-04-29,0.758860,0.764660,0.755990,0.757060,101737,False
2022-05-02,0.755900,0.759820,0.754320,0.759180,78302,False
2022-05-03,0.759340,0.762790,0.756280,0.762340,80695,False
2022-05-04,0.761880,0.773620,0.761860,0.773380,78903,False
2022-05-05,0.772980,0.774400,0.763380,0.767260,105423,False
2022-05-06,0.767340,0.769480,0.763380,0.765820,124373,False
2022-05-09,0.765120,0.769060,0.763140,0.763760,110778,False
2022-05-10,0.763600,0.767580,0.761340,0.764480,116789,False
2022-05-11,0.764500,0.766050,0.761620,0.765000,138068,False
2022-05-12,0.765320,0.770200,0.763400,0.768920,116293,False
2022-05-13,0.769560,0.777440,0.768340,0.776240,103384,False
2022-05-16,0.775840,0.780650,0.772690,0.779880,107634,False
2022-05-17,0.780380,0.781260,0.772040,0.775620,98196,False
2022-05-18,0.775700,0.778920,0.766560,0.766800,92082,False
2022-05-19,0.766950,0.769060,0.757380,0.758760,133226,False
2022-05-20,0.759680,0.761830,0.756420,0.759200,100542,False
2022-05-23,0.759040,0.761040,0.753160,0.756140,83601,False
2022-05-24,0.756560,0.756730,0.745760,0.749270,97381,False
2022-05-25,0.748680,0.751460,0.746520,0.750700,102430,False
2022-05-26,0.750570,0.752080,0.747360,0.750830,87563,False
2022-05-27,0.750480,0.753500,0.749300,0.752730,74965,False
2022-05-30,0.751650,0.757780,0.751050,0.756520,55336,False
2022-05-31,0.756980,0.759980,0.755620,0.758540,95079,False
2022-06-01,0.758040,0.764420,0.757480,0.761040,88424,False
2022-06-02,0.760970,0.762880,0.756140,0.761940,82520,False
2022-06-03,0.762140,0.766460,0.760600,0.764560,73383,False
2022-06-06,0.764080,0.773360,0.763860,0.771660,67716,False
2022-06-07,0.771750,0.776830,0.770760,0.776210,85448,False
2022-06-08,0.776360,0.779930,0.775810,0.779340,81403,False
2022-06-09,0.778680,0.779980,0.771250,0.771900,99519,False
2022-06-10,0.772010,0.774900,0.768880,0.772820,112786,False
2022-06-13,0.772920,0.776180,0.770920,0.773000,153504,False
2022-06-14,0.773170,0.775290,0.764960,0.772980,154627,False
2022-06-15,0.772820,0.774240,0.769520,0.770960,171884,False
2022-06-16,0.771360,0.774600,0.745210,0.746620,152576,False
2022-06-17,0.746240,0.749810,0.739540,0.744490,121183,False
2022-06-20,0.744910,0.746300,0.740460,0.745460,84873,False
2022-06-21,0.745360,0.748750,0.744620,0.748020,84442,False
2022-06-22,0.747560,0.748020,0.740850,0.742340,103432,False
2022-06-23,0.742260,0.745690,0.737660,0.739890,117635,False
2022-06-24,0.739410,0.743860,0.735760,0.743470,97804,False
2022-06-27,0.742560,0.745180,0.741140,0.742800,93218,False
2022-06-28,0.742560,0.746360,0.741850,0.743690,95005,False
2022-06-29,0.743420,0.744040,0.738070,0.740390,107012,False
2022-06-30,0.740850,0.743580,0.738790,0.741720,120063,False
2022-07-01,0.741950,0.746220,0.738650,0.744880,116068,False
2022-07-04,0.746120,0.747960,0.742860,0.747580,57958,False
2022-07-05,0.747500,0.748240,0.740340,0.743380,109792,False
2022-07-06,0.743260,0.746890,0.741020,0.744600,134292,False
2022-07-07,0.744240,0.751280,0.742680,0.751160,102381,False
2022-07-08,0.750160,0.755530,0.747860,0.754880,111956,False
2022-07-11,0.754060,0.756360,0.752730,0.756120,97401,False
2022-07-12,0.755750,0.756570,0.752560,0.753760,112421,False
2022-07-13,0.754460,0.758640,0.749900,0.754160,141978,False
2022-07-14,0.754080,0.757020,0.746680,0.750120,135202,False
2022-07-15,0.750470,0.752650,0.747030,0.749450,107212,False
2022-07-18,0.750340,0.755970,0.748780,0.752810,93759,False
2022-07-19,0.753280,0.754080,0.746600,0.752720,102511,False
2022-07-20,0.752750,0.755950,0.751480,0.754070,96258,False
2022-07-21,0.753860,0.756040,0.749820,0.751370,120904,False
2022-07-22,0.751250,0.752720,0.744090,0.744410,101182,False
2022-07-25,0.745390,0.751690,0.743840,0.750730,86291,False
2022-07-26,0.750380,0.752720,0.746360,0.747510,74540,False
2022-07-27,0.747080,0.749670,0.745860,0.748300,94984,False
2022-07-28,0.748290,0.751380,0.743350,0.745680,101447,False
2022-07-29,0.746150,0.746690,0.741500,0.743440,96448,False
2022-08-01,0.743370,0.744660,0.739100,0.739880,78242,False
2022-08-02,0.739530,0.744660,0.737520,0.743360,107895,False
2022-08-03,0.743640,0.750380,0.742200,0.747900,89600,False
2022-08-04,0.747900,0.749100,0.742200,0.742450,74927,False
2022-08-05,0.742300,0.745560,0.740210,0.743340,84035,False
2022-08-08,0.743660,0.745100,0.741220,0.743110,66397,False
2022-08-09,0.743000,0.743540,0.738940,0.740370,58185,False
2022-08-10,0.739730,0.740620,0.732520,0.737800,74840,False
2022-08-11,0.738040,0.738660,0.734950,0.737320,70833,False
2022-08-12,0.737800,0.739600,0.736060,0.736860,69084,False
2022-08-15,0.736960,0.737430,0.729080,0.733450,59094,False
2022-08-16,0.732680,0.740270,0.732240,0.739270,72800,False
2022-08-17,0.739060,0.740890,0.736380,0.736820,85230,False
2022-08-18,0.737120,0.739900,0.735340,0.739110,67813,False
2022-08-19,0.738640,0.740240,0.735820,0.738140,65469,False
2022-08-22,0.738440,0.740580,0.735920,0.738870,67860,False
2022-08-23,0.738640,0.744780,0.738160,0.744160,83990,False
2022-08-24,0.743880,0.745990,0.740680,0.745480,74074,False
2022-08-25,0.745160,0.746770,0.744100,0.745410,77429,False
2022-08-26,0.745200,0.745860,0.740340,0.741020,81988,False
2022-08-29,0.741450,0.745700,0.739060,0.744140,75250,False
2022-08-30,0.744200,0.748630,0.742860,0.744260,89258,False
2022-08-31,0.743920,0.748280,0.743180,0.744540,92910,False
2022-09-01,0.744180,0.747820,0.739660,0.746340,96415,False
2022-09-02,0.746320,0.750320,0.744240,0.747180,89898,False
2022-09-05,0.747840,0.748440,0.745010,0.745420,70894,False
2022-09-06,0.745640,0.750750,0.744770,0.748420,97325,False
2022-09-07,0.747710,0.748860,0.743710,0.744250,97717,False
2022-09-08,0.744560,0.744960,0.738660,0.741260,111156,False
2022-09-09,0.741320,0.741800,0.735300,0.737860,89452,False
2022-09-12,0.735470,0.737800,0.732360,0.734660,78885,False
2022-09-13,0.734260,0.735940,0.729630,0.730130,95448,False
2022-09-14,0.730020,0.731580,0.728340,0.730850,102475,False
2022-09-15,0.730760,0.731890,0.724820,0.726950,73780,False
2022-09-16,0.727080,0.727340,0.723420,0.727240,86927,False
2022-09-19,0.726740,0.728580,0.724480,0.727680,68208,False
2022-09-20,0.727760,0.729140,0.720760,0.721280,87217,False
2022-09-21,0.721940,0.723920,0.717660,0.717710,121932,False
2022-09-22,0.717560,0.730770,0.711630,0.724520,148492,False
2022-09-23,0.725040,0.726230,0.719530,0.722040,112563,False
2022-09-26,0.723270,0.727060,0.719600,0.723030,176384,False
2022-09-27,0.723520,0.724920,0.718720,0.722840,130810,False
2022-09-28,0.722000,0.723240,0.714160,0.717510,161359,False
2022-09-29,0.717500,0.718980,0.712600,0.712900,149236,False
2022-09-30,0.713100,0.717450,0.711340,0.714000,153575,False
2022-10-03,0.713240,0.729000,0.712680,0.728500,135881,False
2022-10-04,0.728080,0.729500,0.720790,0.724910,137014,False
2022-10-05,0.726480,0.726720,0.719090,0.722160,119878,False
2022-10-06,0.721880,0.722700,0.718820,0.720480,129127,False
2022-10-07,0.719880,0.726140,0.718900,0.724290,116926,False
2022-10-10,0.723870,0.728760,0.722640,0.725560,98735,False
2022-10-11,0.725300,0.725940,0.720990,0.722720,141892,False
2022-10-12,0.722990,0.725730,0.719400,0.721980,134332,False
2022-10-13,0.722560,0.728210,0.720200,0.728090,142542,False
2022-10-14,0.726960,0.728540,0.722700,0.724480,148082,False
2022-10-17,0.724370,0.727000,0.723470,0.726100,115538,False
2022-10-18,0.726070,0.726980,0.721880,0.723780,112924,False
2022-10-19,0.723820,0.730100,0.722970,0.729920,116985,False
2022-10-20,0.729930,0.733500,0.728360,0.728570,127500,False
2022-10-21,0.729300,0.733920,0.728020,0.731340,179754,False
2022-10-24,0.730560,0.733600,0.726990,0.730080,168555,False
2022-10-25,0.730570,0.731820,0.728400,0.730920,106443,False
2022-10-26,0.731180,0.732160,0.724120,0.727520,124558,False
2022-10-27,0.727110,0.732750,0.726320,0.730260,140417,False
2022-10-28,0.730750,0.732980,0.729980,0.732060,122349,False
2022-10-31,0.731870,0.735730,0.731530,0.735340,100005,False
2022-11-01,0.734800,0.736920,0.731240,0.733780,114059,False
2022-11-02,0.732960,0.735000,0.730560,0.731660,131665,False
2022-11-03,0.731640,0.738160,0.730150,0.737260,126678,False
2022-11-04,0.737580,0.742420,0.736710,0.737600,142954,False
2022-11-07,0.737800,0.737880,0.731920,0.732540,113229,False
2022-11-08,0.732920,0.735430,0.731840,0.734250,93423,False
2022-11-09,0.732680,0.734240,0.727390,0.727420,120496,False
2022-11-10,0.728140,0.730500,0.723080,0.723380,142241,False
2022-11-11,0.723150,0.725180,0.709190,0.710240,134082,False
2022-11-14,0.709780,0.714320,0.707500,0.708400,116894,False
2022-11-15,0.709850,0.711900,0.706960,0.711460,159050,False
2022-11-16,0.710160,0.711840,0.707720,0.708840,132548,False
2022-11-17,0.709100,0.715620,0.708000,0.714520,111569,False
2022-11-18,0.714760,0.715340,0.710160,0.713190,93499,False
2022-11-21,0.713240,0.714460,0.710060,0.712870,94309,False
2022-11-22,0.713040,0.713790,0.709540,0.711950,82146,False
2022-11-23,0.711760,0.712180,0.703050,0.705840,94994,False
2022-11-24,0.705940,0.708770,0.703900,0.707240,64819,False
2022-11-25,0.707660,0.709860,0.705890,0.707020,83970,False
2022-11-28,0.706880,0.707560,0.699480,0.703180,103482,False
2022-11-29,0.703280,0.708400,0.696960,0.702470,102977,False
2022-11-30,0.701440,0.705220,0.699940,0.704320,121443,False
2022-12-01,0.704620,0.704800,0.696020,0.697740,127542,False
2022-12-02,0.697620,0.700040,0.694250,0.695380,116474,False
2022-12-05,0.696840,0.698620,0.692980,0.693740,97734,False
2022-12-06,0.692700,0.695220,0.688020,0.690080,93390,False
2022-12-07,0.689660,0.691080,0.686330,0.689100,104688,False
2022-12-08,0.689010,0.692140,0.687020,0.688860,84396,False
2022-12-09,0.689160,0.689460,0.683440,0.685040,95227,False
2022-12-12,0.685300,0.687520,0.681720,0.686640,76911,False
2022-12-13,0.686340,0.688760,0.681880,0.685600,113400,False
2022-12-14,0.685230,0.685940,0.679080,0.682560,120682,False
2022-12-15,0.681500,0.685460,0.678710,0.679800,101866,False
2022-12-16,0.679720,0.682260,0.678480,0.682100,94529,False
2022-12-19,0.682420,0.684240,0.680320,0.680480,79552,False
2022-12-20,0.680420,0.682440,0.677500,0.680520,117838,False
2022-12-21,0.680600,0.682660,0.678570,0.681020,90709,False
2022-12-22,0.681020,0.682740,0.678540,0.682220,83924,False
2022-12-23,0.681900,0.687920,0.681670,0.686520,90448,False
2022-12-27,0.685940,0.689400,0.685150,0.687220,69328,False
2022-12-28,0.686500,0.687820,0.681500,0.682960,75423,False
2022-12-29,0.682320,0.682980,0.679360,0.681530,70270,False
2022-12-30,0.680870,0.683960,0.679770,0.682600,84475,False
2023-01-02,0.681620,0.683560,0.680160,0.681440,87913,False
2023-01-03,0.681880,0.689590,0.678760,0.684630,109276,False
2023-01-04,0.684680,0.690140,0.680920,0.689780,112535,False
2023-01-05,0.689870,0.691240,0.685700,0.689900,100411,False
2023-01-06,0.690120,0.694180,0.687520,0.690140,107436,False
2023-01-09,0.690020,0.691100,0.685290,0.688160,88959,False
2023-01-10,0.688220,0.689660,0.686570,0.687350,88898,False
2023-01-11,0.687080,0.694720,0.685980,0.693790,77985,False
2023-01-12,0.693630,0.697350,0.691680,0.693750,125373,False
2023-01-13,0.694440,0.697300,0.690460,0.691680,88239,False
2023-01-16,0.692540,0.692560,0.690000,0.690810,66781,False
2023-01-17,0.690900,0.691420,0.685530,0.688510,96827,False
2023-01-18,0.688520,0.690350,0.678720,0.679200,122382,False
2023-01-19,0.678740,0.681560,0.677160,0.680260,98856,False
2023-01-20,0.679930,0.688200,0.679820,0.687710,80764,False
2023-01-23,0.686980,0.690560,0.685860,0.689640,84019,False
2023-01-24,0.689710,0.693140,0.687630,0.690020,72392,False
2023-01-25,0.689950,0.691670,0.684420,0.685220,82830,False
2023-01-26,0.685300,0.691060,0.683990,0.690800,81922,False
2023-01-27,0.690280,0.693540,0.689900,0.691980,67800,False
2023-01-30,0.691620,0.692690,0.689320,0.690940,71953,False
2023-01-31,0.690700,0.691480,0.687210,0.688440,76497,False
2023-02-01,0.688290,0.689710,0.683140,0.683610,91665,False
2023-02-02,0.684080,0.686660,0.682420,0.685800,97631,False
2023-02-03,0.685740,0.691620,0.683050,0.690960,92375,False
2023-02-06,0.692060,0.692120,0.687000,0.690300,77257,False
2023-02-07,0.690040,0.691340,0.686300,0.688110,105201,False
2023-02-08,0.688440,0.689020,0.684360,0.684910,73873,False
2023-02-09,0.685020,0.686280,0.683950,0.685410,73184,False
2023-02-10,0.685540,0.692800,0.684660,0.692130,86116,False
2023-02-13,0.692240,0.692570,0.689180,0.689610,69525,False
2023-02-14,0.690080,0.691140,0.686660,0.691080,115259,False
2023-02-15,0.690700,0.691360,0.687680,0.689660,90743,False
2023-02-16,0.690340,0.690340,0.687320,0.687900,91604,False
2023-02-17,0.688020,0.690720,0.685800,0.685880,82515,False
2023-02-20,0.686500,0.687140,0.684820,0.686220,63230,False
2023-02-21,0.686440,0.687830,0.684660,0.685340,84756,False
2023-02-22,0.684960,0.687480,0.683460,0.687220,85169,False
2023-02-23,0.686770,0.689940,0.686650,0.689370,73864,False
2023-02-24,0.689240,0.691810,0.686980,0.691670,85075,False
2023-02-27,0.690800,0.693500,0.689020,0.689310,68722,False
2023-02-28,0.689440,0.691980,0.686780,0.690380,67966,False
2023-03-01,0.690370,0.691450,0.687450,0.691360,83658,False
2023-03-02,0.690380,0.693350,0.690360,0.693170,81636,False
2023-03-03,0.692750,0.693250,0.687620,0.688520,78394,False
2023-03-06,0.688500,0.689000,0.683660,0.683720,68973,False
2023-03-07,0.683630,0.685610,0.682190,0.684960,84014,False
2023-03-08,0.684040,0.685920,0.681160,0.682100,68168,False
2023-03-09,0.682240,0.682740,0.674020,0.674470,63936,False
2023-03-10,0.675520,0.675580,0.665020,0.666460,125715,False
2023-03-13,0.666410,0.668280,0.659560,0.664220,184488,False
2023-03-14,0.663640,0.670700,0.662740,0.667950,130791,False
2023-03-15,0.667660,0.678300,0.667220,0.678100,166160,False
2023-03-16,0.678340,0.679010,0.672200,0.677340,160759,False
2023-03-17,0.677340,0.677720,0.673660,0.674480,106780,False
2023-03-20,0.675240,0.680320,0.673100,0.680060,111153,False
2023-03-21,0.678780,0.680800,0.670860,0.672600,85305,False
2023-03-22,0.672500,0.674440,0.668060,0.668080,95003,False
2023-03-23,0.668420,0.671370,0.666780,0.668400,94180,False
2023-03-24,0.668520,0.669820,0.665140,0.669100,105127,False
2023-03-27,0.668280,0.671500,0.666960,0.670260,75356,False
2023-03-28,0.670730,0.676620,0.669680,0.676360,62949,False
2023-03-29,0.676420,0.678520,0.674400,0.677300,60965,False
2023-03-30,0.678010,0.678230,0.674000,0.675480,58873,False
2023-03-31,0.675030,0.677570,0.673500,0.677100,64375,False
2023-04-03,0.678820,0.681090,0.676480,0.679200,75115,False
2023-04-04,0.680740,0.681090,0.672490,0.674000,67278,False
2023-04-05,0.673900,0.674540,0.670570,0.673720,53251,False
2023-04-06,0.672840,0.673920,0.670370,0.670480,50328,False
2023-04-07,0.671040,0.671540,0.668780,0.670430,48005,False
2023-04-10,0.669020,0.673690,0.669000,0.673160,50968,False
2023-04-11,0.671660,0.673500,0.669320,0.670880,50266,False
2023-04-12,0.670960,0.671160,0.664960,0.666840,57818,False
2023-04-13,0.666280,0.668360,0.662220,0.666930,49502,False
2023-04-14,0.667020,0.669800,0.665740,0.669170,55432,False
2023-04-17,0.668960,0.671390,0.668080,0.671060,50325,False
2023-04-18,0.670730,0.671740,0.669300,0.669380,49369,False
2023-04-19,0.669440,0.670340,0.666560,0.666880,53247,False
2023-04-20,0.667250,0.667260,0.662060,0.662160,47868,False
2023-04-21,0.662770,0.662770,0.658180,0.659060,49024,False
2023-04-24,0.659480,0.659830,0.655320,0.655540,40334,False
2023-04-25,0.655740,0.656020,0.652560,0.654680,42633,False
2023-04-26,0.653900,0.655200,0.649960,0.653540,51684,False
2023-04-27,0.653520,0.659500,0.652840,0.657980,52029,False
2023-04-28,0.658390,0.660660,0.654430,0.660180,60655,False
2023-05-01,0.659700,0.662310,0.657260,0.661200,48321,False
2023-05-02,0.661380,0.662840,0.654960,0.655580,54914,False
2023-05-03,0.655300,0.655540,0.649500,0.649500,63208,False
2023-05-04,0.650200,0.654800,0.647670,0.654260,74150,False
2023-05-05,0.654160,0.666080,0.653940,0.666060,59667,False
2023-05-08,0.665110,0.667680,0.664060,0.665240,34765,False
2023-05-09,0.665520,0.667540,0.664390,0.665420,41995,False
2023-05-10,0.665460,0.667240,0.663920,0.665460,51216,False
2023-05-11,0.664710,0.667490,0.662520,0.662920,53861,False
2023-05-12,0.662880,0.664380,0.659800,0.662750,45340,False
2023-05-15,0.662660,0.665080,0.661990,0.665040,46587,False
2023-05-16,0.665100,0.667540,0.662710,0.664950,49983,False
2023-05-17,0.665520,0.670120,0.663680,0.667780,50296,False
2023-05-18,0.667940,0.671970,0.666800,0.670360,52912,False
2023-05-19,0.670690,0.670980,0.664000,0.666360,57239,False
2023-05-22,0.666240,0.666240,0.662200,0.664800,50129,False
2023-05-23,0.665240,0.668620,0.664600,0.667520,53341,False
2023-05-24,0.667070,0.668020,0.664840,0.665820,55183,False
2023-05-25,0.665600,0.666800,0.663350,0.663920,54750,False
2023-05-26,0.664090,0.665600,0.661900,0.664380,53347,False
2023-05-29,0.665380,0.665940,0.663780,0.665560,31763,False
2023-05-30,0.665360,0.667960,0.663320,0.666120,49918,False
2023-05-31,0.666220,0.673050,0.665180,0.670760,52547,False
2023-06-01,0.671320,0.675380,0.668980,0.673420,55052,False
2023-06-02,0.673750,0.677240,0.672920,0.676920,55830,False
2023-06-05,0.676840,0.678900,0.673110,0.674060,51600,False
2023-06-06,0.673670,0.678190,0.673540,0.677280,43396,False
2023-06-07,0.677160,0.681010,0.675410,0.680680,45671,False
2023-06-08,0.680140,0.682210,0.672500,0.673100,47527,False
2023-06-09,0.673040,0.677700,0.672390,0.677090,43563,False
2023-06-12,0.676960,0.680890,0.676760,0.679940,37100,False
2023-06-13,0.679540,0.681680,0.676540,0.679880,49949,False
2023-06-14,0.680150,0.680740,0.674670,0.676360,52625,False
2023-06-15,0.676280,0.678640,0.673220,0.674480,31778,False
2023-06-16,0.675080,0.678210,0.673050,0.677160,31470,False
2023-06-19,0.677640,0.679900,0.676150,0.678040,29378,False
2023-06-20,0.678780,0.679610,0.677370,0.678280,32506,False
2023-06-21,0.678700,0.680810,0.677620,0.678400,37434,False
2023-06-22,0.678360,0.682020,0.677030,0.680400,37149,False
2023-06-23,0.680240,0.683230,0.677280,0.680500,42458,False
2023-06-26,0.680200,0.681540,0.677240,0.680780,32739,False
2023-06-27,0.680300,0.682770,0.677340,0.677460,37659,False
2023-06-28,0.677790,0.678160,0.675240,0.676560,46908,False
2023-06-29,0.676880,0.679370,0.674530,0.678640,41188,False
2023-06-30,0.679040,0.680360,0.675180,0.675600,46631,False
2023-07-03,0.675390,0.679010,0.675190,0.676380,34463,False
2023-07-04,0.676500,0.678860,0.675850,0.678520,24718,False
2023-07-05,0.678270,0.678640,0.675610,0.676680,38958,False
2023-07-06,0.676800,0.676920,0.669590,0.669680,47884,False
2023-07-07,0.670210,0.671420,0.668720,0.669720,44257,False
2023-07-10,0.669370,0.670980,0.666580,0.666710,34851,False
2023-07-11,0.667260,0.667440,0.663720,0.664750,34511,False
2023-07-12,0.664680,0.665280,0.657140,0.658020,47083,False
2023-07-13,0.657760,0.658020,0.653690,0.655110,44524,False
2023-07-14,0.655590,0.657010,0.651680,0.652360,38071,False
2023-07-17,0.651980,0.653920,0.648920,0.651730,47226,False
2023-07-18,0.651860,0.652240,0.648100,0.651320,57810,False
2023-07-19,0.651520,0.654050,0.650550,0.652060,62761,False
2023-07-20,0.652400,0.659250,0.651340,0.657960,56584,False
2023-07-21,0.658220,0.658740,0.654260,0.654740,55118,False
2023-07-24,0.655100,0.660540,0.654740,0.660400,63289,False
2023-07-25,0.660860,0.660900,0.655420,0.655880,56341,False
2023-07-26,0.656330,0.656430,0.651180,0.651860,66751,False
2023-07-27,0.651770,0.658840,0.648660,0.657300,77114,False
2023-07-28,0.657180,0.659720,0.654700,0.656980,72003,False
2023-07-31,0.656430,0.661860,0.656100,0.660960,60457,False
2023-08-01,0.660670,0.661600,0.658390,0.658960,58294,False
2023-08-02,0.658870,0.661010,0.656640,0.657220,70823,False
2023-08-03,0.657470,0.658520,0.653920,0.654600,77439,False
2023-08-04,0.655210,0.656980,0.651450,0.652370,69290,False
2023-08-07,0.652650,0.655710,0.652030,0.652920,53646,False
2023-08-08,0.653000,0.653520,0.649560,0.652760,72477,False
2023-08-09,0.652560,0.654340,0.651040,0.653500,73193,False
2023-08-10,0.653520,0.654080,0.649840,0.652020,79190,False
2023-08-11,0.652380,0.653080,0.649460,0.651900,62207,False
2023-08-14,0.652100,0.655120,0.650370,0.652460,70208,False
2023-08-15,0.652100,0.652900,0.648580,0.650740,66188,False
2023-08-16,0.650780,0.652720,0.649460,0.650320,74238,False
2023-08-17,0.650320,0.650880,0.648360,0.648580,76773,False
2023-08-18,0.648640,0.651500,0.648120,0.651160,40642,False
2023-08-21,0.651040,0.651680,0.647820,0.648650,35318,False
2023-08-22,0.648320,0.650640,0.647880,0.649770,38441,False
2023-08-23,0.649690,0.650360,0.645970,0.649120,46742,False
2023-08-24,0.649430,0.652030,0.648070,0.651220,47370,False
2023-08-25,0.651490,0.652820,0.649200,0.650180,44494,False
2023-08-28,0.651550,0.652020,0.648640,0.649860,32674,False
2023-08-29,0.650250,0.650670,0.646620,0.648280,43689,False
2023-08-30,0.648480,0.649530,0.645960,0.649200,49508,False
2023-08-31,0.649330,0.654040,0.648540,0.653970,43228,False
2023-09-01,0.653130,0.654540,0.649540,0.651550,42012,False
2023-09-04,0.651400,0.651730,0.649900,0.650740,16902,False
2023-09-05,0.650610,0.653620,0.649160,0.652070,35437,False
2023-09-06,0.651790,0.655490,0.650850,0.653520,40844,False
2023-09-07,0.654290,0.654480,0.651780,0.652300,35098,False
2023-09-08,0.652570,0.655650,0.651280,0.654640,35168,False
2023-09-11,0.654050,0.657230,0.653830,0.656330,36094,False
2023-09-12,0.656420,0.659220,0.655180,0.657780,32375,False
2023-09-13,0.657380,0.660120,0.656880,0.659630,40235,False
2023-09-14,0.659230,0.664190,0.658800,0.663180,44026,False
2023-09-15,0.662860,0.663860,0.661680,0.663520,35197,False
2023-09-18,0.663020,0.665960,0.662810,0.665140,24023,False
2023-09-19,0.665130,0.670400,0.664840,0.667610,38863,False
2023-09-20,0.667760,0.668620,0.666260,0.667600,45929,False
2023-09-21,0.667710,0.672820,0.665890,0.670930,53573,False
2023-09-22,0.671120,0.674970,0.670700,0.672600,39448,False
2023-09-25,0.672630,0.677960,0.672630,0.677890,37745,False
2023-09-26,0.677690,0.678640,0.675400,0.677540,45261,False
2023-09-27,0.677610,0.682690,0.676800,0.682520,43790,False
2023-09-28,0.682020,0.682960,0.677820,0.678400,50540,False
2023-09-29,0.678890,0.680090,0.673480,0.673660,50136,False
2023-10-02,0.674560,0.675070,0.670220,0.671480,43539,False
2023-10-03,0.671690,0.673820,0.670330,0.671880,64717,False
2023-10-04,0.671920,0.673050,0.666020,0.667280,46387,False
2023-10-05,0.667580,0.667680,0.664480,0.665820,51249,False
2023-10-06,0.666070,0.668900,0.664200,0.665960,51989,False
2023-10-09,0.665180,0.667370,0.664720,0.667190,43607,False
2023-10-10,0.666440,0.667620,0.664700,0.666120,47594,False
2023-10-11,0.665840,0.666600,0.662480,0.663460,49437,False
2023-10-12,0.663470,0.664880,0.661760,0.663590,45342,False
2023-10-13,0.663690,0.664030,0.658810,0.660710,39581,False
2023-10-16,0.660630,0.663360,0.660170,0.661450,33413,False
2023-10-17,0.661460,0.662260,0.658480,0.659710,36349,False
2023-10-18,0.659580,0.660340,0.655040,0.655520,41081,False
2023-10-19,0.655500,0.656060,0.649380,0.649790,50330,False
2023-10-20,0.649380,0.652860,0.649380,0.650780,40909,False
2023-10-23,0.650770,0.653170,0.649520,0.650840,37229,False
2023-10-24,0.650870,0.652820,0.649560,0.649960,39552,False
2023-10-25,0.650040,0.651370,0.648700,0.649910,37653,False
2023-10-26,0.650140,0.652440,0.648880,0.649900,42627,False
2023-10-27,0.649930,0.653280,0.649420,0.650400,29079,False
2023-10-30,0.650410,0.653960,0.649680,0.652380,22558,False
2023-10-31,0.652380,0.656320,0.651380,0.656160,28917,False
2023-11-01,0.656160,0.656360,0.654120,0.655160,33266,False
2023-11-02,0.655220,0.659600,0.652540,0.659480,25734,False
2023-11-03,0.659440,0.660060,0.655760,0.658530,26840,False
2023-11-06,0.658300,0.658600,0.655890,0.656560,19136,False
2023-11-07,0.656540,0.656730,0.653680,0.653880,21917,False
2023-11-08,0.653720,0.654980,0.650430,0.652060,22253,False
2023-11-09,0.652050,0.654640,0.651600,0.653890,21218,False
2023-11-10,0.653930,0.655490,0.651860,0.654060,24716,False
2023-11-13,0.654100,0.654860,0.652840,0.653080,17272,False
2023-11-14,0.653080,0.653690,0.648580,0.649360,24146,False
2023-11-15,0.649310,0.650440,0.647880,0.649020,26394,False
2023-11-16,0.649040,0.649530,0.644130,0.646120,26601,False
2023-11-17,0.646110,0.647680,0.645260,0.645650,27311,False
2023-11-20,0.645610,0.645940,0.642660,0.644840,23964,False
2023-11-21,0.644780,0.645900,0.643350,0.644880,28652,False
2023-11-22,0.645000,0.645880,0.642580,0.645760,26555,False
2023-11-23,0.645780,0.646650,0.644370,0.645550,13371,False
2023-11-24,0.645730,0.648720,0.644600,0.647220,23064,False
2023-11-27,0.647040,0.647480,0.644600,0.646580,22139,False
2023-11-28,0.646400,0.649200,0.645640,0.646960,29711,False
2023-11-29,0.646950,0.647620,0.642500,0.643060,30618,False
2023-11-30,0.643100,0.646190,0.640540,0.645520,38800,False
2023-12-01,0.645430,0.649000,0.642960,0.643870,34000,False
2023-12-04,0.644500,0.646900,0.642910,0.644750,32663,False
2023-12-05,0.644740,0.645430,0.642650,0.643720,28676,False
2023-12-06,0.643720,0.645520,0.643020,0.643480,27821,False
2023-12-07,0.643540,0.645620,0.642330,0.643560,32796,False
2023-12-08,0.643560,0.648400,0.643480,0.647960,33083,False
2023-12-11,0.647960,0.649640,0.646150,0.647080,23475,False
2023-12-12,0.647040,0.647410,0.643180,0.644040,26569,False
2023-12-13,0.643970,0.646300,0.643620,0.644800,33780,False
2023-12-14,0.644770,0.649080,0.643660,0.647160,42335,False
2023-12-15,0.647200,0.651360,0.646260,0.650380,32978,False
2023-12-18,0.650290,0.651080,0.646780,0.647120,25503,False
2023-12-19,0.647100,0.647990,0.644110,0.645760,26230,False
2023-12-20,0.645800,0.648200,0.644490,0.645380,23210,False
2023-12-21,0.645280,0.647090,0.642280,0.644630,33593,False
2023-12-22,0.644780,0.646240,0.642060,0.644890,29920,False
2023-12-26,0.644890,0.647980,0.644890,0.647020,8208,False
2023-12-27,0.647040,0.648020,0.637100,0.638250,20431,False
2023-12-28,0.638460,0.639100,0.631150,0.638740,23052,False
2023-12-29,0.638730,0.639520,0.630380,0.634930,20574,False
2024-01-02,0.635240,0.640980,0.634620,0.638400,32833,False
2024-01-03,0.638340,0.641180,0.635800,0.635860,40673,False
2024-01-04,0.635920,0.638820,0.635620,0.636920,37882,False
2024-01-05,0.636940,0.640560,0.634840,0.636480,39254,False
2024-01-08,0.636480,0.637210,0.632570,0.635420,28838,False
2024-01-09,0.635640,0.637770,0.634120,0.636560,28813,False
2024-01-10,0.636550,0.637960,0.635800,0.635930,25771,False
2024-01-11,0.635930,0.638780,0.635510,0.636000,37246,False
2024-01-12,0.636270,0.639370,0.635520,0.635970,35433,False
2024-01-15,0.635920,0.637550,0.635580,0.637330,16091,False
2024-01-16,0.637420,0.639780,0.636540,0.638540,42590,False
2024-01-17,0.638440,0.642440,0.636820,0.640020,39133,False
2024-01-18,0.640220,0.643930,0.639850,0.643620,34350,False
2024-01-19,0.643790,0.646950,0.643320,0.646390,33853,False
2024-01-22,0.646380,0.647240,0.644420,0.644780,29571,False
2024-01-23,0.644810,0.647480,0.642900,0.646400,32630,False
2024-01-24,0.646500,0.646500,0.637960,0.638010,38078,False
2024-01-25,0.638000,0.643920,0.637800,0.643420,38115,False
2024-01-26,0.643240,0.644370,0.640880,0.642120,32678,False
2024-01-29,0.642180,0.643080,0.640470,0.642200,29684,False
2024-01-30,0.642180,0.644580,0.641520,0.643180,36196,False
2024-01-31,0.643140,0.643900,0.639220,0.641140,54770,False
2024-02-01,0.641220,0.643250,0.640220,0.640860,45408,False
2024-02-02,0.640800,0.644820,0.639460,0.643900,38294,False
2024-02-05,0.644060,0.645460,0.642640,0.642970,36142,False
2024-02-06,0.643050,0.645900,0.642610,0.644600,35513,False
2024-02-07,0.644660,0.649660,0.644580,0.649660,36564,False
2024-02-08,0.649660,0.650340,0.647930,0.649120,37359,False
2024-02-09,0.649260,0.652040,0.648640,0.649900,30550,False
2024-02-12,0.649790,0.652000,0.648700,0.651040,23057,False
2024-02-13,0.651020,0.655940,0.650860,0.653920,39988,False
2024-02-14,0.653990,0.655910,0.652980,0.653980,35075,False
2024-02-15,0.653980,0.654240,0.651060,0.653550,33599,False
2024-02-16,0.653520,0.654680,0.652780,0.653320,30936,False
2024-02-19,0.653150,0.654410,0.652980,0.654060,16352,False
2024-02-20,0.654230,0.654580,0.650230,0.652160,32410,False
2024-02-21,0.651700,0.652430,0.650360,0.651340,31785,False
2024-02-22,0.651320,0.653630,0.650160,0.652940,40420,False
2024-02-23,0.652760,0.653620,0.651770,0.652270,30929,False
2024-02-26,0.652180,0.652720,0.650220,0.651580,26193,False
2024-02-27,0.651580,0.652580,0.649310,0.649410,31090,False
2024-02-28,0.649410,0.650160,0.647120,0.647260,31336,False
2024-02-29,0.647280,0.651810,0.646280,0.651480,39046,False
2024-03-01,0.651600,0.653960,0.651040,0.651290,31403,False
2024-03-04,0.651280,0.653000,0.649340,0.651920,30217,False
2024-03-05,0.651940,0.652660,0.649450,0.649960,32668,False
2024-03-06,0.649980,0.653180,0.649800,0.652740,32557,False
2024-03-07,0.652760,0.652930,0.651240,0.652100,33547,False
2024-03-08,0.652170,0.652840,0.650080,0.650960,35031,False
2024-03-11,0.651010,0.651620,0.649630,0.650820,30847,False
2024-03-12,0.650930,0.651450,0.649190,0.650300,35476,False
2024-03-13,0.650300,0.652570,0.649980,0.652470,26542,False
2024-03-14,0.652780,0.653720,0.652100,0.653080,29486,False
2024-03-15,0.653060,0.653890,0.651720,0.652540,30554,False
2024-03-18,0.652460,0.656440,0.651520,0.655990,25110,False
2024-03-19,0.656000,0.656200,0.651640,0.654740,32275,False
2024-03-20,0.654660,0.658320,0.654300,0.657260,36702,False
2024-03-21,0.657260,0.665530,0.656300,0.663370,42507,False
2024-03-22,0.663280,0.664660,0.658930,0.659760,31103,False
2024-03-25,0.659880,0.662140,0.659220,0.662040,26237,False
2024-03-26,0.661830,0.667130,0.661810,0.665480,28945,False
2024-03-27,0.665540,0.667620,0.664700,0.666180,28546,False
2024-03-28,0.666180,0.667030,0.664760,0.665930,33045,False
2024-03-29,0.665980,0.666740,0.664650,0.665660,48542,False
2024-04-01,0.665660,0.667220,0.665040,0.666410,19995,False
2024-04-02,0.666410,0.670480,0.665920,0.669280,30840,False
2024-04-03,0.668940,0.670770,0.667320,0.667480,29204,False
2024-04-04,0.667610,0.672160,0.664880,0.665560,28278,False
2024-04-05,0.665610,0.667700,0.661880,0.663850,35330,False
2024-04-08,0.663840,0.667340,0.663300,0.667080,33092,False
2024-04-09,0.667080,0.667320,0.664420,0.665760,26788,False
2024-04-10,0.665780,0.668500,0.665330,0.667230,37095,False
2024-04-11,0.667240,0.668360,0.663920,0.664810,39532,False
2024-04-12,0.664810,0.665320,0.661480,0.663960,33865,False
2024-04-15,0.661780,0.665690,0.661020,0.661130,37550,False
2024-04-16,0.661110,0.662570,0.659180,0.660200,40379,False
2024-04-17,0.660200,0.661640,0.658760,0.661300,36352,False
2024-04-18,0.661310,0.663280,0.660250,0.662740,32734,False
2024-04-19,0.662440,0.663020,0.653000,0.662200,46972,False
2024-04-22,0.662200,0.665800,0.662100,0.665760,30172,False
2024-04-23,0.665800,0.667550,0.664550,0.667440,31667,False
2024-04-24,0.667520,0.668680,0.664830,0.667840,31053,False
2024-04-25,0.667790,0.668280,0.666320,0.667970,33535,False
2024-04-26,0.667920,0.669370,0.666840,0.669150,37087,False
2024-04-29,0.669140,0.670420,0.665800,0.666500,36712,False
2024-04-30,0.666520,0.668120,0.664360,0.667320,36065,False
2024-05-01,0.667300,0.669420,0.665820,0.666660,33287,False
2024-05-02,0.666440,0.668300,0.663520,0.665940,34535,False
2024-05-03,0.665990,0.666060,0.660840,0.661420,37995,False
2024-05-06,0.661380,0.663480,0.661080,0.663160,19064,False
2024-05-07,0.663180,0.663880,0.661320,0.661810,26508,False
2024-05-08,0.661800,0.662060,0.660090,0.661650,24867,False
2024-05-09,0.661820,0.662940,0.661220,0.662400,23590,False
2024-05-10,0.662460,0.665540,0.662020,0.663120,24698,False
2024-05-13,0.663120,0.664840,0.661760,0.664610,24382,False
2024-05-14,0.664240,0.665370,0.663440,0.664110,29878,False
2024-05-15,0.664120,0.664500,0.662720,0.663300,34896,False
2024-05-16,0.663340,0.665570,0.660810,0.665480,30754,False
2024-05-17,0.665510,0.668020,0.665240,0.667960,24672,False
2024-05-20,0.667560,0.668630,0.666800,0.668380,19633,False
2024-05-21,0.668140,0.668530,0.665890,0.667170,29345,False
2024-05-22,0.667600,0.670010,0.667280,0.668730,28590,False
2024-05-23,0.668750,0.669030,0.665630,0.666010,37314,False
2024-05-24,0.666010,0.670020,0.665520,0.669420,45060,False
2024-05-27,0.669420,0.670600,0.668800,0.670020,14578,False
2024-05-28,0.670040,0.670600,0.667020,0.668720,32734,False
2024-05-29,0.668720,0.669110,0.665620,0.665780,34969,False
2024-05-30,0.665730,0.666300,0.660030,0.660300,36393,False
2024-05-31,0.660170,0.664840,0.659590,0.662290,40315,False
2024-06-03,0.662440,0.662440,0.655680,0.657300,34372,False
2024-06-04,0.656710,0.657740,0.649480,0.650910,37381,False
2024-06-05,0.650390,0.653180,0.650390,0.652480,32995,False
2024-06-06,0.652420,0.652980,0.650240,0.650660,32660,False
2024-06-07,0.650660,0.653660,0.649660,0.651340,38025,False
2024-06-10,0.651920,0.652680,0.650520,0.651700,27847,False
2024-06-11,0.651640,0.653000,0.650560,0.652460,32003,False
2024-06-12,0.652440,0.653080,0.649010,0.651720,44273,False
2024-06-13,0.651700,0.652360,0.649320,0.650680,35719,False
2024-06-14,0.650600,0.650900,0.646750,0.648220,34614,False
2024-06-17,0.648210,0.649700,0.647380,0.648200,30641,False
2024-06-18,0.648180,0.648750,0.643590,0.644520,35226,False
2024-06-19,0.644560,0.645780,0.643960,0.645360,18504,False
2024-06-20,0.645180,0.651860,0.644080,0.651250,36634,False
2024-06-21,0.651220,0.653140,0.650240,0.652750,33290,False
2024-06-24,0.653100,0.654820,0.652000,0.653800,30442,False
2024-06-25,0.653820,0.655900,0.653040,0.655180,29178,False
2024-06-26,0.655160,0.656780,0.654220,0.654950,29645,False
2024-06-27,0.654660,0.656450,0.654270,0.656070,32996,False
2024-06-28,0.656070,0.657720,0.654960,0.656980,34189,False
2024-07-01,0.657040,0.659100,0.657020,0.657250,31440,False
2024-07-02,0.657200,0.661280,0.657020,0.660890,32736,False
2024-07-03,0.660600,0.661860,0.659760,0.660940,27790,False
2024-07-04,0.660980,0.663380,0.660360,0.661200,18864,False
2024-07-05,0.661300,0.661490,0.656580,0.656620,31161,False
2024-07-08,0.656710,0.658440,0.655580,0.658360,28487,False
2024-07-09,0.658360,0.659290,0.657700,0.658490,23949,False
2024-07-10,0.658240,0.660900,0.657450,0.660550,24237,False
2024-07-11,0.660570,0.660700,0.655340,0.657640,40125,False
2024-07-12,0.657640,0.658460,0.655420,0.655990,36816,False
2024-07-15,0.655400,0.657360,0.654140,0.654740,29941,False
2024-07-16,0.654750,0.655960,0.653420,0.653740,36000,False
2024-07-17,0.653600,0.654060,0.645070,0.645670,39672,False
2024-07-18,0.645640,0.647850,0.644780,0.647740,42111,False
2024-07-19,0.647720,0.649060,0.646880,0.647590,34797,False
2024-07-22,0.647870,0.648000,0.645480,0.646720,35391,False
2024-07-23,0.646640,0.648220,0.645800,0.646640,32857,False
2024-07-24,0.646460,0.647240,0.640020,0.641040,41377,False
2024-07-25,0.641080,0.641360,0.634200,0.637720,47206,False
2024-07-26,0.637740,0.640030,0.637080,0.638600,33343,False
2024-07-29,0.638650,0.640270,0.638230,0.639680,36647,False
2024-07-30,0.639960,0.641120,0.637300,0.637300,42654,False
2024-07-31,0.637770,0.638160,0.634760,0.635840,56385,False
2024-08-01,0.635920,0.636370,0.628380,0.629180,54030,False
2024-08-02,0.629190,0.629800,0.618060,0.618520,55216,False
2024-08-05,0.618270,0.619490,0.606030,0.616480,81651,False
2024-08-06,0.616570,0.620540,0.615200,0.617600,75816,False
2024-08-07,0.617720,0.631240,0.617720,0.626410,52477,False
2024-08-08,0.626300,0.631420,0.622600,0.631100,56574,False
2024-08-09,0.631180,0.631720,0.628170,0.630160,38279,False
2024-08-12,0.630220,0.634500,0.629050,0.629660,31906,False
2024-08-13,0.629580,0.632100,0.629200,0.631020,38868,False
2024-08-14,0.631060,0.631600,0.628820,0.630860,43208,False
2024-08-15,0.630860,0.637120,0.630480,0.635540,34128,False
2024-08-16,0.635700,0.635890,0.631000,0.633320,29800,False
2024-08-19,0.633290,0.634660,0.630300,0.632930,32877,False
2024-08-20,0.632880,0.633350,0.627060,0.627080,38285,False
2024-08-21,0.627000,0.629360,0.625280,0.626520,34386,False
2024-08-22,0.626520,0.627800,0.625480,0.626030,38926,False
2024-08-23,0.626000,0.629120,0.625480,0.627530,30440,False
2024-08-26,0.627540,0.629310,0.626180,0.628340,25504,False
2024-08-27,0.628270,0.629440,0.625160,0.626040,30280,False
2024-08-28,0.626060,0.627560,0.624240,0.624860,36231,False
2024-08-29,0.624780,0.630120,0.624130,0.628510,41764,False
2024-08-30,0.628480,0.631200,0.627860,0.629820,36948,False
2024-09-02,0.629850,0.632200,0.628670,0.631010,17883,False
2024-09-03,0.630890,0.631990,0.625860,0.627550,44067,False
2024-09-04,0.627080,0.629400,0.625380,0.626820,42666,False
2024-09-05,0.626740,0.628410,0.624100,0.625160,41128,False
2024-09-06,0.625080,0.627840,0.620570,0.621120,44686,False
2024-09-09,0.620840,0.626550,0.620840,0.626420,38386,False
2024-09-10,0.626410,0.626770,0.621410,0.622360,35725,False
2024-09-11,0.622350,0.628690,0.619430,0.627760,48022,False
2024-09-12,0.627760,0.630070,0.626480,0.626780,42228,False
2024-09-13,0.626820,0.627120,0.621960,0.624980,37590,False
2024-09-16,0.625070,0.625070,0.620920,0.621770,30457,False
2024-09-17,0.621790,0.623280,0.620500,0.623040,37994,False
2024-09-18,0.623080,0.623380,0.619290,0.622000,50284,False
2024-09-19,0.621990,0.626980,0.621650,0.625300,57608,False
2024-09-20,0.625320,0.628000,0.623530,0.626620,42253,False
2024-09-23,0.627150,0.629310,0.625690,0.625880,35658,False
2024-09-24,0.625940,0.628940,0.625770,0.627930,38911,False
2024-09-25,0.627890,0.632640,0.626440,0.630640,39031,False
2024-09-26,0.630610,0.632210,0.627400,0.628440,48904,False
2024-09-27,0.628260,0.629420,0.621480,0.621920,53580,False
2024-09-30,0.621960,0.626380,0.621900,0.625200,52043,False
2024-10-01,0.625230,0.628540,0.624140,0.627560,55433,False
2024-10-02,0.627580,0.631000,0.626380,0.629420,44127,False
2024-10-03,0.629310,0.631960,0.627340,0.629200,53217,False
2024-10-04,0.629220,0.633500,0.626880,0.632070,48859,False
2024-10-07,0.632100,0.633240,0.626140,0.627290,42351,False
2024-10-08,0.627250,0.628680,0.625430,0.628240,45505,False
2024-10-09,0.628560,0.628710,0.626620,0.627800,35072,False
2024-10-10,0.627830,0.628260,0.622340,0.623160,45967,False
2024-10-11,0.623170,0.624720,0.621860,0.623060,30149,False
2024-10-14,0.622950,0.626450,0.622470,0.625180,23428,False
2024-10-15,0.625260,0.626160,0.622520,0.625900,32515,False
2024-10-16,0.625880,0.629500,0.624780,0.629460,33177,False
2024-10-17,0.629420,0.629860,0.626270,0.627800,37735,False
2024-10-18,0.627800,0.628630,0.626130,0.626650,31866,False
2024-10-21,0.626600,0.627030,0.624550,0.626240,32029,False
2024-10-22,0.626020,0.626660,0.625080,0.626300,35320,False
2024-10-23,0.626340,0.628440,0.625460,0.626160,35333,False
2024-10-24,0.626200,0.627420,0.624620,0.624940,36791,False
2024-10-25,0.624670,0.626350,0.623180,0.623960,32626,False
2024-10-28,0.624650,0.626060,0.622300,0.623010,33066,False
2024-10-29,0.623020,0.625590,0.622200,0.623280,34458,False
2024-10-30,0.623340,0.624090,0.622060,0.623350,37626,False
2024-10-31,0.623100,0.623460,0.619600,0.619720,40686,False
2024-11-01,0.619770,0.625150,0.619600,0.623460,44166,False
2024-11-04,0.623060,0.623600,0.620100,0.621580,39531,False
2024-11-05,0.621600,0.624540,0.620640,0.624420,32162,False
2024-11-06,0.624390,0.630750,0.623120,0.628910,93157,False
2024-11-07,0.628530,0.631720,0.627890,0.629500,51834,False
2024-11-08,0.629470,0.629770,0.626400,0.629520,42888,False
2024-11-11,0.629600,0.632700,0.628940,0.632610,25651,False
2024-11-12,0.632590,0.633600,0.630720,0.632310,41153,False
2024-11-13,0.632260,0.633660,0.631000,0.632950,39703,False
2024-11-14,0.633010,0.635660,0.632340,0.633320,47974,False
2024-11-15,0.633300,0.633410,0.629060,0.630430,45516,False
2024-11-18,0.630420,0.631290,0.628590,0.630200,37291,False
2024-11-19,0.630180,0.632650,0.628600,0.632280,44319,False
2024-11-20,0.632240,0.633880,0.630690,0.632700,32291,False
2024-11-21,0.632700,0.635380,0.631800,0.634600,42485,False
2024-11-22,0.634600,0.640720,0.633920,0.639600,50456,False
2024-11-25,0.638750,0.639520,0.633460,0.633700,49510,False
2024-11-26,0.633660,0.634000,0.626650,0.630840,56629,False
2024-11-27,0.630840,0.630960,0.627060,0.628600,45503,False
2024-11-28,0.628640,0.631790,0.628440,0.630110,22124,False
2024-11-29,0.630170,0.630300,0.627200,0.629330,47258,False
2024-12-02,0.629730,0.632010,0.629320,0.631170,46421,False
2024-12-03,0.631130,0.632720,0.628940,0.630050,39915,False
2024-12-04,0.630060,0.631040,0.627320,0.628420,40848,False
2024-12-05,0.628400,0.629800,0.625630,0.626450,29653,False
2024-12-06,0.626480,0.626970,0.619840,0.620620,33918,False
2024-12-09,0.620720,0.623600,0.620040,0.620130,26017,False
2024-12-10,0.620130,0.623460,0.618780,0.622580,28379,False
2024-12-11,0.622580,0.625670,0.621320,0.624500,35753,False
2024-12-12,0.624550,0.629040,0.623420,0.627480,33772,False
2024-12-13,0.627520,0.629020,0.626660,0.627160,29578,False
2024-12-16,0.627160,0.628620,0.625580,0.628060,26152,False
2024-12-17,0.628040,0.628580,0.623080,0.623860,29882,False
2024-12-18,0.623860,0.624980,0.622440,0.623760,29280,False
2024-12-19,0.623820,0.626180,0.622300,0.624220,40321,False
2024-12-20,0.624280,0.624640,0.620780,0.621300,35409,False
2024-12-23,0.621280,0.625760,0.620840,0.625260,25347,False
2024-12-24,0.625430,0.627720,0.624170,0.627020,18333,False
2024-12-26,0.626410,0.627060,0.623560,0.623840,12679,False
2024-12-27,0.623860,0.626540,0.623500,0.625560,20517,False
2024-12-30,0.625480,0.630920,0.625230,0.629600,24172,False
2024-12-31,0.629620,0.631540,0.628030,0.631100,25621,False
2025-01-02,0.631040,0.634100,0.627280,0.633530,30853,False
2025-01-03,0.633560,0.634220,0.628410,0.628770,27982,False
2025-01-06,0.628760,0.632680,0.628740,0.631160,39039,False
2025-01-07,0.631200,0.634120,0.630440,0.633080,29661,False
2025-01-08,0.633210,0.635210,0.632180,0.633900,34907,False
2025-01-09,0.633820,0.634380,0.632730,0.633800,26617,False
2025-01-10,0.633800,0.637240,0.632720,0.635460,36688,False
2025-01-13,0.635290,0.638170,0.634700,0.637720,38691,False
2025-01-14,0.637760,0.638540,0.635050,0.635730,35998,False
2025-01-15,0.635860,0.637220,0.634060,0.636470,38022,False
2025-01-16,0.636480,0.637120,0.632580,0.632880,38234,False
2025-01-17,0.632810,0.634720,0.631450,0.631800,33883,False
2025-01-20,0.631540,0.636230,0.630940,0.633610,41161,False
2025-01-21,0.633590,0.634100,0.625950,0.632380,53249,False
2025-01-22,0.632380,0.633040,0.630060,0.630760,33553,False
2025-01-23,0.630700,0.632800,0.629270,0.630880,41987,False
2025-01-24,0.630820,0.633300,0.630130,0.631560,42388,False
2025-01-27,0.630420,0.631100,0.624440,0.627420,46974,False
2025-01-28,0.627480,0.629920,0.627120,0.627680,39464,False
2025-01-29,0.627720,0.630020,0.627000,0.628940,41628,False
2025-01-30,0.628900,0.631220,0.623530,0.627750,52904,False
2025-01-31,0.627740,0.631560,0.625770,0.627280,62414,False
2025-02-03,0.621290,0.632680,0.619430,0.631040,105654,False
2025-02-04,0.631180,0.632820,0.629220,0.632020,50694,False
2025-02-05,0.632000,0.633240,0.629010,0.630040,39860,False
2025-02-06,0.630000,0.632800,0.628850,0.632410,35990,False
2025-02-07,0.632340,0.637460,0.632180,0.636670,43807,False
2025-02-10,0.634740,0.637090,0.633420,0.636640,35723,False
2025-02-11,0.636640,0.639550,0.635450,0.639300,39905,False
2025-02-12,0.639320,0.639830,0.636120,0.638460,45265,False
2025-02-13,0.638440,0.639440,0.634280,0.636380,52799,False
2025-02-14,0.636310,0.638860,0.633420,0.634440,43530,False
2025-02-17,0.633680,0.635720,0.633680,0.635040,29436,False
2025-02-18,0.635010,0.637240,0.634120,0.636400,38632,False
2025-02-19,0.636410,0.637780,0.634660,0.635320,35615,False
2025-02-20,0.635540,0.635800,0.633190,0.633510,39394,False
2025-02-21,0.633840,0.634780,0.630220,0.631110,43019,False
2025-02-24,0.630820,0.633190,0.628600,0.629090,50736,False
2025-02-25,0.629120,0.629960,0.623480,0.623700,47585,False
2025-02-26,0.624450,0.624940,0.622020,0.624000,45367,False
2025-02-27,0.623960,0.626940,0.622380,0.623260,49807,False
2025-02-28,0.623340,0.626740,0.622040,0.623940,48151,False
2025-03-03,0.624980,0.625380,0.616420,0.619320,56123,False
2025-03-04,0.619260,0.619580,0.611500,0.617640,64338,False
2025-03-05,0.617670,0.621800,0.615600,0.621320,65099,False
2025-03-06,0.621220,0.623020,0.615300,0.618380,64647,False
2025-03-07,0.618360,0.618360,0.608300,0.612200,57303,False
2025-03-10,0.612710,0.613130,0.607580,0.610290,57446,False
2025-03-11,0.610300,0.613560,0.605460,0.611380,59367,False
2025-03-12,0.611460,0.614810,0.609160,0.613640,45340,False
2025-03-13,0.613690,0.615200,0.610780,0.610880,46377,False
2025-03-14,0.610860,0.616500,0.610470,0.616240,40547,False
2025-03-17,0.615420,0.617060,0.614260,0.616500,31915,False
2025-03-18,0.616380,0.617260,0.611980,0.613500,31682,False
2025-03-19,0.613300,0.615200,0.612100,0.612560,35860,False
2025-03-20,0.612530,0.616800,0.610850,0.615760,37155,False
2025-03-21,0.615700,0.617360,0.613280,0.615730,27914,False
2025-03-24,0.615200,0.619020,0.614480,0.616720,29050,False
2025-03-25,0.616740,0.618410,0.615300,0.618200,26119,False
2025-03-26,0.618130,0.621140,0.617890,0.619450,27297,False
2025-03-27,0.619420,0.619700,0.615610,0.616500,34905,False
2025-03-28,0.616510,0.617380,0.614570,0.615320,32060,False
2025-03-31,0.615300,0.616060,0.612700,0.614680,32150,False
2025-04-01,0.614680,0.618030,0.612430,0.617800,30035,False
2025-04-02,0.617860,0.620020,0.614410,0.618530,36033,False
2025-04-03,0.619380,0.620880,0.608230,0.609560,78308,False
2025-04-04,0.609570,0.610740,0.597440,0.605120,88396,False
2025-04-07,0.599850,0.611500,0.593520,0.603940,157816,False
2025-04-08,0.603720,0.606580,0.593560,0.593970,62953,False
2025-04-09,0.594000,0.609580,0.589200,0.609420,111503,False
2025-04-10,0.608970,0.609860,0.588980,0.589060,100557,False
2025-04-11,0.589080,0.590980,0.583100,0.587950,139037,False
2025-04-14,0.590600,0.595150,0.584920,0.587240,64689,False
2025-04-15,0.587320,0.590540,0.586150,0.589740,38293,False
2025-04-16,0.589910,0.590030,0.583990,0.587100,55913,False
2025-04-17,0.587050,0.594410,0.586070,0.592500,36124,False
2025-04-18,0.592340,0.592340,0.589290,0.589970,249224,False
2025-04-21,0.589970,0.590320,0.582780,0.584610,26818,False
2025-04-22,0.584420,0.593260,0.583690,0.592860,31682,False
2025-04-23,0.592900,0.598820,0.592760,0.598070,44619,False
2025-04-24,0.598610,0.598610,0.594890,0.596940,27412,False
2025-04-25,0.597030,0.600440,0.596120,0.597570,24850,False
2025-04-28,0.597540,0.599220,0.592160,0.592940,21934,False
2025-04-29,0.592920,0.596980,0.592880,0.595660,30029,False
2025-04-30,0.595740,0.599920,0.593880,0.598990,32583,False
2025-05-01,0.598620,0.602860,0.597880,0.598840,24176,False
2025-05-02,0.598750,0.600880,0.594220,0.598620,30740,False
2025-05-05,0.597800,0.599240,0.594280,0.594720,23493,False
2025-05-06,0.594690,0.599150,0.594150,0.596880,28015,False
2025-05-07,0.596720,0.600400,0.593350,0.595330,36367,False
2025-05-08,0.595220,0.598540,0.593220,0.597480,37944,False
2025-05-09,0.597500,0.598360,0.593760,0.596550,31514,False
2025-05-12,0.600580,0.606020,0.597840,0.605140,59434,False
2025-05-13,0.605180,0.605460,0.600300,0.602460,37664,False
2025-05-14,0.602480,0.603550,0.598700,0.602300,45091,False
2025-05-15,0.602340,0.603070,0.596800,0.598850,39668,False
2025-05-16,0.598950,0.600720,0.596860,0.599620,31929,False
2025-05-19,0.598470,0.599330,0.596440,0.598310,40645,False
2025-05-20,0.598310,0.599180,0.595230,0.595260,34317,False
2025-05-21,0.595110,0.597420,0.591410,0.595530,49853,False
2025-05-22,0.595520,0.598990,0.594680,0.598310,39143,False
2025-05-23,0.598310,0.599110,0.594380,0.598080,44553,False
2025-05-26,0.598020,0.600110,0.597190,0.597690,29458,False
2025-05-27,0.597690,0.601220,0.596380,0.598980,39746,False
2025-05-28,0.599020,0.599940,0.596640,0.597780,38880,False
2025-05-29,0.597800,0.602470,0.595520,0.596170,54354,False
2025-05-30,0.596040,0.599840,0.594000,0.598870,41950,False
2025-06-02,0.598860,0.599870,0.595450,0.595960,40448,False
2025-06-03,0.596890,0.600880,0.595010,0.600520,35021,False
2025-06-04,0.600400,0.601130,0.597530,0.598400,34895,False
2025-06-05,0.598280,0.601760,0.597850,0.599740,43095,False
2025-06-06,0.600520,0.602480,0.598550,0.600710,35553,False
2025-06-09,0.600340,0.600830,0.599020,0.599870,25362,False
2025-06-10,0.599870,0.602010,0.598800,0.601780,38003,False
2025-06-11,0.601910,0.602080,0.599500,0.599960,40728,False
2025-06-12,0.600170,0.600600,0.594920,0.595770,46625,False
2025-06-13,0.595750,0.598240,0.591260,0.597270,60623,False
2025-06-16,0.597790,0.600400,0.596470,0.599600,47387,False
2025-06-17,0.599600,0.600510,0.596500,0.597080,43740,False
2025-06-18,0.597060,0.599090,0.595760,0.597910,47385,False
2025-06-19,0.597910,0.598840,0.595100,0.596100,33020,False
2025-06-20,0.596180,0.596640,0.594540,0.595390,33017,False
2025-06-23,0.594080,0.595610,0.590240,0.591700,52547,False
2025-06-24,0.591690,0.592380,0.585930,0.586740,45939,False
2025-06-25,0.586740,0.588400,0.585660,0.586400,30986,False
2025-06-26,0.586180,0.587330,0.583380,0.586750,37444,False
2025-06-27,0.586680,0.587540,0.581670,0.584200,38793,False
2025-06-30,0.583530,0.584610,0.581700,0.582850,38923,False
2025-07-01,0.582940,0.583620,0.578680,0.579900,37495,False
2025-07-02,0.579760,0.582990,0.579360,0.582910,33257,False
2025-07-03,0.583050,0.586980,0.581160,0.585490,33042,False
2025-07-04,0.586010,0.586070,0.582640,0.584030,68869,False
2025-07-07,0.583910,0.584960,0.582400,0.583500,25762,False
2025-07-08,0.583620,0.584840,0.581360,0.582480,22042,False
2025-07-09,0.582580,0.583720,0.580200,0.580420,21831,False
2025-07-10,0.580400,0.583940,0.578920,0.583760,18304,False
2025-07-11,0.583770,0.583770,0.580680,0.581590,17979,False
2025-07-14,0.582040,0.583130,0.581210,0.582170,13207,False
2025-07-15,0.582590,0.585030,0.580720,0.584040,11821,False
2025-07-16,0.583690,0.586380,0.580810,0.585360,22395,False
2025-07-17,0.585360,0.586620,0.584030,0.584980,15864,False
2025-07-18,0.585540,0.585540,0.582560,0.584170,9670,False
2025-07-21,0.583620,0.584300,0.582220,0.583440,9882,False
2025-07-22,0.583930,0.584180,0.581830,0.582320,14111,False
2025-07-23,0.582320,0.584540,0.582120,0.582910,13322,False
2025-07-24,0.582770,0.584420,0.581960,0.583340,14824,False
2025-07-25,0.583320,0.583680,0.579680,0.580540,15676,False
2025-07-28,0.580660,0.585440,0.580140,0.584700,14424,False
2025-07-29,0.583850,0.586940,0.583850,0.585410,12652,False
2025-07-30,0.585420,0.589400,0.583740,0.589200,18442,False
2025-07-31,0.588610,0.589320,0.585980,0.586350,19207,False
2025-08-01,0.586420,0.588990,0.582770,0.583020,26706,False
2025-08-04,0.583110,0.587360,0.582480,0.586480,17096,False
2025-08-05,0.586480,0.587940,0.585220,0.586360,12651,False
2025-08-06,0.585910,0.587700,0.585630,0.586840,15099,False
2025-08-07,0.587190,0.588760,0.586140,0.586760,14257,False
2025-08-08,0.586840,0.588890,0.586110,0.587600,12085,False
2025-08-11,0.587800,0.589800,0.586280,0.589690,11038,False
2025-08-12,0.589020,0.589900,0.585160,0.585790,17834,False
2025-08-13,0.586140,0.586170,0.583180,0.585540,11357,False
2025-08-14,0.584180,0.586010,0.584140,0.584620,16521,False
2025-08-15,0.584670,0.585490,0.583000,0.583800,8585,False
2025-08-18,0.583310,0.586040,0.582900,0.585020,11254,False
2025-08-19,0.585220,0.585260,0.581720,0.582420,11758,False
2025-08-20,0.582180,0.583410,0.579020,0.579640,12958,False
2025-08-21,0.579500,0.582140,0.579240,0.581460,15983,False
2025-08-22,0.580880,0.582420,0.578300,0.579560,14687,False
2025-08-25,0.579730,0.582280,0.579060,0.581340,10287,False
2025-08-26,0.581570,0.582440,0.579900,0.580520,13134,False
2025-08-27,0.580960,0.582900,0.580410,0.581760,10755,False
2025-08-28,0.581880,0.583360,0.580960,0.582960,16317,False
2025-08-29,0.582960,0.584190,0.581500,0.582500,14048,False
2025-09-01,0.581910,0.583200,0.581020,0.582210,7304,False
2025-09-02,0.582320,0.584910,0.581800,0.583800,15088,False
2025-09-03,0.583330,0.584400,0.582220,0.583080,11119,False
2025-09-04,0.582720,0.583640,0.582180,0.583060,15738,False
2025-09-05,0.583160,0.583160,0.575560,0.577120,14768,False
2025-09-08,0.577120,0.577770,0.573700,0.574800,13086,False
2025-09-09,0.575120,0.576300,0.573600,0.575980,11727,False
2025-09-10,0.576010,0.576660,0.574550,0.576580,11113,False
2025-09-11,0.576360,0.576650,0.574520,0.575360,14528,False
2025-09-12,0.574970,0.576520,0.574770,0.575440,11086,False
2025-09-15,0.575940,0.577020,0.574470,0.576750,9176,False
2025-09-16,0.576880,0.577040,0.571800,0.571960,11077,False
2025-09-17,0.572350,0.573030,0.570080,0.572750,15609,False
2025-09-18,0.572500,0.575130,0.571700,0.574480,14659,False
2025-09-19,0.574500,0.577720,0.573440,0.577320,12716,False
2025-09-22,0.577320,0.578140,0.572860,0.573500,11352,False
2025-09-23,0.574110,0.574110,0.571480,0.571950,11040,False
2025-09-24,0.572370,0.573160,0.571740,0.572180,14426,False
2025-09-25,0.571680,0.575100,0.571680,0.573640,15234,False
2025-09-26,0.574570,0.574790,0.572000,0.572380,18906,False
2025-09-29,0.572920,0.573340,0.571330,0.573330,11211,False
2025-09-30,0.573370,0.573440,0.570340,0.572200,12419,False
2025-10-01,0.571780,0.573400,0.569970,0.572030,15425,False
2025-10-02,0.572040,0.572240,0.570400,0.571260,11830,False
2025-10-03,0.571360,0.571540,0.569800,0.570120,9961,False
2025-10-06,0.570660,0.572850,0.569780,0.570210,17127,False
2025-10-07,0.570930,0.572500,0.569940,0.572130,13002,False
2025-10-08,0.572120,0.575170,0.571800,0.574780,11557,False
2025-10-09,0.574550,0.576180,0.573940,0.575100,15768,False
2025-10-10,0.575460,0.576300,0.570510,0.570670,13395,False
2025-10-13,0.572550,0.574560,0.571560,0.572880,11419,False
2025-10-14,0.572880,0.573520,0.570040,0.570310,14298,False
2025-10-15,0.570370,0.570850,0.566740,0.567470,12691,False
2025-10-16,0.567260,0.568550,0.563840,0.564270,18576,False
2025-10-17,0.564500,0.566200,0.560180,0.565930,21554,False
2025-10-20,0.565030,0.566760,0.563360,0.564580,14535,False
2025-10-21,0.564230,0.568240,0.563440,0.567970,18023,False
2025-10-22,0.567760,0.569600,0.567460,0.568840,17592,False
2025-10-23,0.568850,0.570670,0.568280,0.568380,17162,False
2025-10-24,0.568770,0.568960,0.566360,0.568520,17785,False
2025-10-27,0.568740,0.570450,0.568160,0.568580,16627,False
2025-10-28,0.568660,0.569420,0.566750,0.568960,21469,False
2025-10-29,0.569120,0.575060,0.568700,0.573860,27636,False
2025-10-30,0.573420,0.574290,0.572100,0.573440,28528,False
2025-10-31,0.573420,0.574740,0.572280,0.574280,18723,False
2025-11-03,0.574230,0.575460,0.573700,0.574960,20109,False
2025-11-04,0.574770,0.575660,0.573670,0.574700,19529,False
2025-11-05,0.574510,0.574900,0.572440,0.574360,16358,False
2025-11-06,0.574100,0.574620,0.570900,0.571200,18433,False
2025-11-07,0.571610,0.574010,0.570680,0.573220,21869,False
2025-11-10,0.573270,0.575430,0.572540,0.574100,19267,False
2025-11-11,0.574140,0.575150,0.570160,0.571080,12726,False
2025-11-12,0.571100,0.571780,0.568800,0.569540,18616,False
2025-11-13,0.569500,0.570640,0.564040,0.564960,16863,False
2025-11-14,0.564960,0.566790,0.561880,0.566100,22637,False
2025-11-17,0.565770,0.567500,0.565770,0.566460,17250,False
2025-11-18,0.566360,0.572340,0.564850,0.571780,20232,False
2025-11-19,0.571490,0.574100,0.570680,0.573300,19654,False
2025-11-20,0.573360,0.574380,0.570940,0.571660,19415,False
2025-11-21,0.571710,0.574070,0.569960,0.573240,18391,False
2025-11-24,0.572860,0.574440,0.571340,0.573050,13535,False
2025-11-25,0.573280,0.574070,0.571460,0.572840,18749,False
2025-11-26,0.572890,0.573580,0.571470,0.572740,16742,False
2025-11-27,0.572830,0.574280,0.572120,0.573760,12969,False
2025-11-28,0.573660,0.576820,0.573160,0.575260,80326,False
2025-12-01,0.575600,0.575600,0.573010,0.574960,25220,False
2025-12-02,0.574400,0.575820,0.574040,0.574850,16465,False
2025-12-03,0.574980,0.575100,0.572940,0.573260,18363,False
2025-12-04,0.573450,0.576100,0.572380,0.575940,30890,False
2025-12-05,0.575740,0.582430,0.575160,0.582320,19013,False
2025-12-08,0.581400,0.584760,0.580920,0.582270,23135,False
2025-12-09,0.582640,0.583730,0.581190,0.582280,22238,False
2025-12-10,0.582510,0.582720,0.579020,0.580040,26751,False
2025-12-11,0.580090,0.580200,0.575720,0.577660,29135,False
2025-12-12,0.577760,0.578690,0.576400,0.578000,18770,False
2025-12-15,0.575940,0.579450,0.575940,0.578340,23817,False
2025-12-16,0.578010,0.578920,0.576920,0.578200,20610,False
2025-12-17,0.577760,0.579900,0.576060,0.577100,20760,False
2025-12-18,0.576890,0.578180,0.575660,0.576470,41336,False
2025-12-19,0.576830,0.578180,0.576120,0.576560,18925,False
2025-12-22,0.576390,0.577040,0.575760,0.576080,20588,False
2025-12-23,0.576430,0.576680,0.574240,0.575620,28951,False
2025-12-24,0.576140,0.577400,0.574660,0.576490,15994,False
2025-12-26,0.575060,0.578220,0.575060,0.577400,17782,False
2025-12-29,0.577710,0.578130,0.575660,0.576620,21295,False
2025-12-30,0.576540,0.578690,0.575760,0.578280,14832,False
2025-12-31,0.577940,0.579460,0.577000,0.577640,17290,False
2026-01-02,0.577760,0.579300,0.575740,0.576940,10114,False
2026-01-05,0.575980,0.578380,0.574640,0.574720,16125,False
2026-01-06,0.575030,0.577240,0.574620,0.576010,16298,False
2026-01-07,0.575940,0.577400,0.575020,0.575660,17405,False
2026-01-08,0.575260,0.576920,0.574280,0.576140,23600,False
2026-01-09,0.576140,0.577220,0.575540,0.575900,16541,False
2026-01-12,0.575330,0.576360,0.573500,0.574430,12957,False
2026-01-13,0.574300,0.577050,0.574100,0.576800,18703,False
2026-01-14,0.576580,0.577930,0.575220,0.576160,19073,False
2026-01-15,0.576040,0.578690,0.575520,0.578200,23680,False
2026-01-16,0.578080,0.578520,0.576200,0.577100,13229,False
2026-01-19,0.576590,0.576680,0.573960,0.575060,15801,False
2026-01-20,0.575060,0.575400,0.570110,0.570840,26344,False
2026-01-21,0.570660,0.576040,0.570650,0.575100,25715,False
2026-01-22,0.575260,0.575600,0.572270,0.572340,35656,False
2026-01-23,0.572940,0.575040,0.568620,0.569500,22751,False
2026-01-26,0.566360,0.569180,0.565320,0.566830,25064,False
2026-01-27,0.566760,0.566990,0.560130,0.560680,28534,False
2026-01-28,0.560660,0.568660,0.560440,0.566690,34706,False
2026-01-29,0.566680,0.568450,0.565080,0.566680,33340,False
2026-01-30,0.567110,0.569290,0.565680,0.567560,36511,False
2026-02-02,0.567270,0.571760,0.565390,0.569890,24396,False
2026-02-03,0.569960,0.570340,0.567460,0.568320,28872,False
2026-02-04,0.568280,0.569530,0.567440,0.569080,19161,False
2026-02-05,0.568830,0.569390,0.566490,0.567670,28832,False
2026-02-06,0.567600,0.569840,0.566720,0.567300,19855,False
2026-02-09,0.567370,0.568500,0.564380,0.565330,16952,False
2026-02-10,0.565220,0.567200,0.563780,0.566820,18137,False
2026-02-11,0.566830,0.568740,0.565580,0.568440,20704,False
2026-02-12,0.568100,0.568620,0.564040,0.565400,21017,False
2026-02-13,0.564640,0.566250,0.563540,0.563770,14856,False
2026-02-16,0.564840,0.565710,0.563500,0.564360,6828,False
2026-02-17,0.564440,0.565780,0.563480,0.564830,12779,False
2026-02-18,0.565180,0.565370,0.564030,0.564520,9686,False
2026-02-19,0.564590,0.566920,0.563990,0.566650,11200,False
2026-02-20,0.566660,0.567500,0.565320,0.567120,18922,False
2026-02-23,0.566100,0.567380,0.564440,0.565700,13178,False
2026-02-24,0.565300,0.566720,0.564040,0.565060,13909,False
2026-02-25,0.565130,0.566080,0.564260,0.565020,16127,False
2026-02-26,0.565020,0.566800,0.564050,0.565860,17299,False
2026-02-27,0.565870,0.566100,0.562380,0.563700,17402,False
2026-03-02,0.562180,0.570340,0.562100,0.569860,26177,False
2026-03-03,0.569850,0.574450,0.569240,0.571770,30275,False
2026-03-04,0.572560,0.572960,0.570100,0.571160,24349,False
2026-03-05,0.571260,0.573200,0.570640,0.571200,46218,False
2026-03-06,0.571270,0.573180,0.570620,0.572040,29733,False
2026-03-09,0.573120,0.576340,0.572010,0.572150,31548,False
2026-03-10,0.572440,0.573740,0.570940,0.573400,27165,False
2026-03-11,0.573080,0.574560,0.572470,0.574370,19392,False
2026-03-12,0.573620,0.577040,0.573620,0.576490,18547,False
2026-03-13,0.575720,0.577730,0.573640,0.576690,15955,False
2026-03-16,0.575540,0.577680,0.575020,0.575580,16909,False
2026-03-17,0.575350,0.576850,0.572700,0.573290,13068,False
2026-03-18,0.573200,0.577860,0.572840,0.577680,21382,False
2026-03-19,0.577640,0.579400,0.572940,0.573540,32612,False
2026-03-20,0.573860,0.575830,0.572890,0.574180,18954,False
2026-03-23,0.574210,0.577490,0.571970,0.572920,54387,False
2026-03-24,0.572780,0.575640,0.571940,0.572620,23181,False
2026-03-25,0.572820,0.574640,0.571560,0.573160,19092,False
2026-03-26,0.573360,0.574520,0.572220,0.573810,21260,False
2026-03-27,0.573900,0.575940,0.573080,0.575020,17211,False
2026-03-30,0.575840,0.576030,0.573800,0.574140,17912,False
2026-03-31,0.573570,0.576280,0.572920,0.574580,20730,False
2026-04-01,0.575270,0.575330,0.569430,0.572550,27264,False
2026-04-02,0.572810,0.575320,0.571660,0.573860,22200,False
2026-04-03,0.573910,0.575000,0.572960,0.573780,14617,False
2026-04-06,0.573780,0.574940,0.572380,0.573760,11597,False
2026-04-07,0.573830,0.575700,0.573140,0.574480,14953,False
2026-04-08,0.574720,0.575170,0.568250,0.571620,23692,False
2026-04-09,0.571980,0.572420,0.570410,0.572140,21827,False
2026-04-10,0.572100,0.572460,0.569140,0.570120,16704,False
2026-04-13,0.570410,0.571880,0.567880,0.568320,12876,False
2026-04-14,0.567980,0.568540,0.566660,0.567300,9882,False
2026-04-15,0.567420,0.569680,0.566710,0.569060,11493,False
2026-04-16,0.569570,0.572500,0.568760,0.571940,16433,False
2026-04-17,0.572160,0.572880,0.569230,0.570980,11942,False
2026-04-20,0.571120,0.572020,0.569640,0.570520,13477,False
2026-04-21,0.570490,0.572370,0.570200,0.571500,17633,False
2026-04-22,0.571410,0.574180,0.570820,0.574050,14371,False
2026-04-23,0.573860,0.574800,0.572760,0.574210,21247,False
2026-04-24,0.573430,0.575050,0.573140,0.574260,16029,False
2026-04-27,0.575340,0.577040,0.573980,0.576520,11923,False
2026-04-28,0.576480,0.579020,0.575950,0.576900,13382,False
2026-04-29,0.576980,0.578940,0.576340,0.578510,24211,False
2026-04-30,0.578130,0.578980,0.573160,0.575490,36538,False
2026-05-01,0.575110,0.576330,0.573430,0.575400,17109,False
2026-05-04,0.575540,0.576420,0.573540,0.575400,21102,False
2026-05-05,0.575000,0.576080,0.573900,0.574980,13922,False
2026-05-06,0.574860,0.575360,0.570860,0.571300,16085,False
2026-05-07,0.570950,0.571810,0.569640,0.571320,18242,False
2026-05-08,0.571080,0.571620,0.566860,0.567860,16568,False
2026-05-11,0.568520,0.570010,0.567740,0.568930,16023,False
2026-05-12,0.568780,0.570400,0.568580,0.569910,14427,False
2026-05-13,0.570130,0.571720,0.569670,0.570400,17388,False
2026-05-14,0.570470,0.571480,0.569460,0.571280,18137,False
2026-05-15,0.570820,0.572790,0.570640,0.572360,13613,False
2026-05-18,0.571900,0.572560,0.570760,0.570950,22072,False
2026-05-19,0.571100,0.574360,0.570620,0.574080,20601,False
2026-05-20,0.574070,0.574620,0.572180,0.572760,20500,False
2026-05-21,0.572590,0.573340,0.570460,0.571120,35628,False
2026-05-22,0.571000,0.571440,0.567640,0.568080,13747,False
2026-05-25,0.568040,0.568100,0.565520,0.567020,7229,False
2026-05-26,0.567050,0.569540,0.566960,0.568910,17180,False
2026-05-27,0.569260,0.569320,0.567460,0.568720,20179,False
2026-05-28,0.568580,0.569920,0.567580,0.568880,30470,False
2026-05-29,0.569030,0.569230,0.565360,0.566100,20520,False
2026-06-01,0.566170,0.569520,0.565870,0.568440,22176,False
2026-06-02,0.568090,0.569700,0.566860,0.568930,18858,False
2026-06-03,0.569050,0.570440,0.568440,0.570040,13318,False
2026-06-04,0.569640,0.570280,0.566410,0.567720,17878,False
2026-06-05,0.567860,0.571450,0.566900,0.571240,17230,False
2026-06-08,0.571000,0.572420,0.570050,0.571740,16301,False
2026-06-09,0.571760,0.572640,0.570690,0.572260,15782,False
2026-06-10,0.572080,0.573980,0.571970,0.573800,17935,False
2026-06-11,0.572850,0.574040,0.568960,0.569220,24428,False
2026-06-12,0.570040,0.570540,0.568620,0.569810,14252,False
2026-06-15,0.569340,0.569880,0.566660,0.568010,16759,False
2026-06-16,0.567700,0.568210,0.566540,0.566790,12709,False
2026-06-17,0.566700,0.567890,0.564940,0.567320,22839,False
2026-06-18,0.567260,0.570020,0.566080,0.569190,17305,False
2026-06-19,0.569610,0.571500,0.568920,0.570220,14003,False
2026-06-22,0.569880,0.571700,0.569320,0.571120,16735,False
2026-06-23,0.571360,0.571500,0.569530,0.569820,14000,False
2026-06-24,0.569980,0.571480,0.569470,0.570780,11978,False
2026-06-25,0.570730,0.571230,0.569690,0.570580,15066,False
2026-06-26,0.569910,0.571160,0.569160,0.570480,13159,False
2026-06-29,0.570740,0.571120,0.568120,0.568320,17363,False
2026-06-30,0.568790,0.569860,0.567940,0.569500,12401,False
2026-07-01,0.569240,0.570500,0.568880,0.569470,12994,False
2026-07-02,0.569490,0.569940,0.565470,0.566700,21123,False
2026-07-03,0.566670,0.566940,0.565130,0.565750,11612,False
2026-07-06,0.565970,0.567480,0.565590,0.566860,9120,False
2026-07-07,0.566620,0.569450,0.566320,0.569360,10012,False
2026-07-08,0.569050,0.571360,0.568860,0.570420,12912,False
2026-07-09,0.570400,0.570780,0.568260,0.569660,11964,False
2026-07-10,0.569200,0.571600,0.568080,0.571010,11015,False
2026-07-13,0.571020,0.575790,0.570160,0.575590,13819,False
2026-07-14,0.575560,0.577220,0.573190,0.575620,18294,False
2026-07-15,0.575600,0.576810,0.572820,0.573540,10732,False
2026-07-16,0.573260,0.576750,0.572900,0.575980,20245,False
2026-07-17,0.575950,0.576580,0.574820,0.575960,13445,False
2026-07-20,0.577020,0.577180,0.575090,0.575930,12075,False
2026-07-21,0.575270,0.576740,0.574950,0.576110,10851,False
2026-07-22,0.575850,0.578450,0.575740,0.578140,9160,False
2026-07-23,0.578200,0.580680,0.578020,0.580080,24734,False
2026-07-24,0.579740,0.580680,0.579600,0.580540,12287,False
2026-07-27,0.579220,0.580480,0.577440,0.580080,10675,False
2026-07-28,0.579610,0.581400,0.579320,0.580760,9511,False
2026-07-29,0.580800,0.582300,0.578980,0.579270,16281,False
2026-07-30,0.579200,0.581180,0.574030,0.574660,34638,False
2026-07-31,0.574620,0.578890,0.574350,0.575840,17225,False
2026-08-03,0.575690,0.577910,0.575050,0.577020,15718,False
2026-08-04,0.576870,0.577320,0.574640,0.575340,17468,False
2026-08-05,0.575560,0.576380,0.573880,0.576040,13242,False
2026-08-06,0.576210,0.580060,0.575520,0.579730,16304,False
2026-08-07,0.579800,0.580180,0.577320,0.579700,13390,False
2026-08-10,0.579500,0.581440,0.578440,0.581300,13150,False
2026-08-11,0.581200,0.583300,0.581000,0.582330,9734,False
2026-08-12,0.582370,0.583780,0.581640,0.583700,11547,False
2026-08-13,0.582740,0.584960,0.581980,0.584480,16926,False
2026-08-14,0.583880,0.586450,0.583880,0.586220,11196,False
