date,open,high,low,close,volume,suspect
2002-06-03,0.940900,0.940900,0.940900,0.940900,1,False
2002-06-04,0.939200,0.939200,0.939200,0.939200,1,False
2002-06-05,0.939200,0.939200,0.939200,0.939200,1,False
2002-06-06,0.947500,0.947500,0.947500,0.947500,1,False
2002-06-07,0.943500,0.943500,0.943500,0.943500,1,False
2002-06-10,0.944400,0.944400,0.944400,0.944400,1,False
2002-06-11,0.948100,0.948100,0.948100,0.948100,1,False
2002-06-12,0.943800,0.943800,0.943800,0.943800,1,False
2002-06-13,0.943300,0.943300,0.943300,0.943300,1,False
2002-06-14,0.945100,0.945100,0.945100,0.945100,1,False
2002-06-17,0.944300,0.944300,0.944300,0.944300,1,False
2002-06-18,0.951700,0.951700,0.951700,0.951700,1,False
2002-06-19,0.957300,0.957300,0.957300,0.957300,1,False
2002-06-20,0.964900,0.964900,0.964900,0.964900,1,False
2002-06-21,0.970600,0.970600,0.970600,0.970600,1,False
2002-06-24,0.970300,0.970300,0.970300,0.970300,1,False
2002-06-25,0.979200,0.979200,0.979200,0.979200,1,False
2002-06-26,0.980500,0.980500,0.980500,0.980500,1,False
2002-06-27,0.988500,0.988500,0.988500,0.988500,1,False
2002-06-28,0.991400,0.991400,0.991400,0.991400,1,False
2002-07-01,0.991000,0.991000,0.991000,0.991000,1,False
2002-07-02,0.986200,0.986200,0.986200,0.986200,1,False
2002-07-03,0.980500,0.980500,0.980500,0.980500,1,False
2002-07-04,0.979300,0.979300,0.979300,0.979300,1,False
2002-07-05,0.972600,0.972600,0.972600,0.972600,1,False
2002-07-08,0.990600,0.990600,0.990600,0.990600,1,False
2002-07-09,0.993400,0.993400,0.993400,0.993400,1,False
2002-07-10,0.988400,0.988400,0.988400,0.988400,1,False
2002-07-11,0.989000,0.989000,0.989000,0.989000,1,False
2002-07-12,0.991000,0.991000,0.991000,0.991000,1,False
2002-07-15,1.003400,1.003400,1.003400,1.003400,1,False
2002-07-16,1.011800,1.011800,1.011800,1.011800,1,False
2002-07-17,1.006900,1.006900,1.006900,1.006900,1,False
2002-07-18,1.011100,1.011100,1.011100,1.011100,1,False
2002-07-19,1.011200,1.011200,1.011200,1.011200,1,False
2002-07-22,1.008500,1.008500,1.008500,1.008500,1,False
2002-07-23,0.988700,0.988700,0.988700,0.988700,1,False
2002-07-24,0.995000,0.995000,0.995000,0.995000,1,False
2002-07-25,1.004300,1.004300,1.004300,1.004300,1,False
2002-07-26,0.986600,0.986600,0.986600,0.986600,1,False
2002-07-29,0.980600,0.980600,0.980600,0.980600,1,False
2002-07-30,0.983200,0.983200,0.983200,0.983200,1,False
2002-07-31,0.977300,0.977300,0.977300,0.977300,1,False
2002-08-01,0.984300,0.984300,0.984300,0.984300,1,False
2002-08-02,0.986100,0.986100,0.986100,0.986100,1,False
2002-08-05,0.980000,0.980000,0.980000,0.980000,1,False
2002-08-06,0.966200,0.966200,0.966200,0.966200,1,False
2002-08-07,0.974700,0.974700,0.974700,0.974700,1,False
2002-08-08,0.967000,0.967000,0.967000,0.967000,1,False
2002-08-09,0.969900,0.969900,0.969900,0.969900,1,False
2002-08-12,0.978800,0.978800,0.978800,0.978800,1,False
2002-08-13,0.983700,0.983700,0.983700,0.983700,1,False
2002-08-14,0.979600,0.979600,0.979600,0.979600,1,False
2002-08-15,0.981900,0.981900,0.981900,0.981900,1,False
2002-08-16,0.984600,0.984600,0.984600,0.984600,1,False
2002-08-19,0.976100,0.976100,0.976100,0.976100,1,False
2002-08-20,0.979000,0.979000,0.979000,0.979000,1,False
2002-08-21,0.980500,0.980500,0.980500,0.980500,1,False
2002-08-22,0.969000,0.969000,0.969000,0.969000,1,False
2002-08-23,0.972500,0.972500,0.972500,0.972500,1,False
2002-08-26,0.971800,0.971800,0.971800,0.971800,1,False
2002-08-27,0.983200,0.983200,0.983200,0.983200,1,False
2002-08-28,0.979100,0.979100,0.979100,0.979100,1,False
2002-08-29,0.984700,0.984700,0.984700,0.984700,1,False
2002-08-30,0.981700,0.981700,0.981700,0.981700,1,False
2002-09-02,0.983600,0.983600,0.983600,0.983600,1,False
2002-09-03,0.996800,0.996800,0.996800,0.996800,1,False
2002-09-04,0.992800,0.992800,0.992800,0.992800,1,False
2002-09-05,0.991500,0.991500,0.991500,0.991500,1,False
2002-09-09,0.979400,0.979400,0.979400,0.979400,1,False
2002-09-10,0.975400,0.975400,0.975400,0.975400,1,False
2002-09-12,0.981800,0.981800,0.981800,0.981800,1,False
2002-09-13,0.971200,0.971200,0.971200,0.971200,1,False
2002-09-16,0.969100,0.969100,0.969100,0.969100,1,False
2002-09-17,0.974500,0.974500,0.974500,0.974500,1,False
2002-09-18,0.977800,0.977800,0.977800,0.977800,1,False
2002-09-19,0.986500,0.986500,0.986500,0.986500,1,False
2002-09-20,0.981800,0.981800,0.981800,0.981800,1,False
2002-09-23,0.978000,0.978000,0.978000,0.978000,1,False
2002-09-24,0.981400,0.981400,0.981400,0.981400,1,False
2002-09-25,0.976100,0.976100,0.976100,0.976100,1,False
2002-09-26,0.976500,0.976500,0.976500,0.976500,1,False
2002-09-27,0.980000,0.980000,0.980000,0.980000,1,False
2002-09-30,0.987400,0.987400,0.987400,0.987400,1,False
2002-10-01,0.982800,0.982800,0.982800,0.982800,1,False
2002-10-02,0.986800,0.986800,0.986800,0.986800,1,False
2002-10-03,0.987800,0.987800,0.987800,0.987800,1,False
2002-10-04,0.978800,0.978800,0.978800,0.978800,1,False
2002-10-07,0.983400,0.983400,0.983400,0.983400,1,False
2002-10-08,0.978700,0.978700,0.978700,0.978700,1,False
2002-10-09,0.989600,0.989600,0.989600,0.989600,1,False
2002-10-10,0.986200,0.986200,0.986200,0.986200,1,False
2002-10-11,0.986800,0.986800,0.986800,0.986800,1,False
2002-10-14,0.987000,0.987000,0.987000,0.987000,1,False
2002-10-15,0.981600,0.981600,0.981600,0.981600,1,False
2002-10-16,0.981300,0.981300,0.981300,0.981300,1,False
2002-10-17,0.970800,0.970800,0.970800,0.970800,1,False
2002-10-18,0.971800,0.971800,0.971800,0.971800,1,False
2002-10-21,0.973200,0.973200,0.973200,0.973200,1,False
2002-10-22,0.977500,0.977500,0.977500,0.977500,1,False
2002-10-23,0.976400,0.976400,0.976400,0.976400,1,False
2002-10-24,0.977900,0.977900,0.977900,0.977900,1,False
2002-10-25,0.975600,0.975600,0.975600,0.975600,1,False
2002-10-28,0.984300,0.984300,0.984300,0.984300,1,False
2002-10-29,0.983500,0.983500,0.983500,0.983500,1,False
2002-10-30,0.984200,0.984200,0.984200,0.984200,1,False
2002-10-31,0.989700,0.989700,0.989700,0.989700,1,False
2002-11-01,0.996200,0.996200,0.996200,0.996200,1,False
2002-11-04,0.997600,0.997600,0.997600,0.997600,1,False
2002-11-05,1.000200,1.000200,1.000200,1.000200,1,False
2002-11-06,1.002800,1.002800,1.002800,1.002800,1,False
2002-11-07,1.009200,1.009200,1.009200,1.009200,1,False
2002-11-08,1.012500,1.012500,1.012500,1.012500,1,False
2002-11-11,1.010500,1.010500,1.010500,1.010500,1,False
2002-11-12,1.012200,1.012200,1.012200,1.012200,1,False
2002-11-13,1.006700,1.006700,1.006700,1.006700,1,False
2002-11-14,1.004200,1.004200,1.004200,1.004200,1,False
2002-11-15,1.008800,1.008800,1.008800,1.008800,1,False
2002-11-18,1.007900,1.007900,1.007900,1.007900,1,False
2002-11-19,1.003300,1.003300,1.003300,1.003300,1,False
2002-11-20,1.001400,1.001400,1.001400,1.001400,1,False
2002-11-21,1.001300,1.001300,1.001300,1.001300,1,False
2002-11-22,0.996700,0.996700,0.996700,0.996700,1,False
2002-11-25,0.991100,0.991100,0.991100,0.991100,1,False
2002-11-26,0.993400,0.993400,0.993400,0.993400,1,False
2002-11-27,0.990400,0.990400,0.990400,0.990400,1,False
2002-11-28,0.994500,0.994500,0.994500,0.994500,1,False
2002-11-29,0.993900,0.993900,0.993900,0.993900,1,False
2002-12-02,0.996600,0.996600,0.996600,0.996600,1,False
2002-12-03,0.996500,0.996500,0.996500,0.996500,1,False
2002-12-04,1.000400,1.000400,1.000400,1.000400,1,False
2002-12-05,1.000700,1.000700,1.000700,1.000700,1,False
2002-12-06,1.009300,1.009300,1.009300,1.009300,1,False
2002-12-09,1.010500,1.010500,1.010500,1.010500,1,False
2002-12-10,1.008300,1.008300,1.008300,1.008300,1,False
2002-12-11,1.008200,1.008200,1.008200,1.008200,1,False
2002-12-12,1.018300,1.018300,1.018300,1.018300,1,False
2002-12-13,1.022400,1.022400,1.022400,1.022400,1,False
2002-12-16,1.022800,1.022800,1.022800,1.022800,1,False
2002-12-17,1.028300,1.028300,1.028300,1.028300,1,False
2002-12-18,1.026300,1.026300,1.026300,1.026300,1,False
2002-12-19,1.027300,1.027300,1.027300,1.027300,1,False
2002-12-20,1.026300,1.026300,1.026300,1.026300,1,False
2002-12-23,1.026200,1.026200,1.026200,1.026200,1,False
2002-12-24,1.029600,1.029600,1.029600,1.029600,1,False
2002-12-25,1.031500,1.031500,1.031500,1.031500,1,False
2002-12-26,1.036900,1.036900,1.036900,1.036900,1,False
2002-12-27,1.043400,1.043400,1.043400,1.043400,1,False
2002-12-30,1.043200,1.043200,1.043200,1.043200,1,False
2003-01-01,1.048800,1.048800,1.048800,1.048800,2,False
2003-01-02,1.036000,1.036000,1.036000,1.036000,1,False
2003-01-03,1.041000,1.041000,1.041000,1.041000,1,False
2003-01-06,1.046700,1.046700,1.046700,1.046700,1,False
2003-01-07,1.041700,1.041700,1.041700,1.041700,1,False
2003-01-08,1.049200,1.049200,1.049200,1.049200,1,False
2003-01-09,1.048700,1.048700,1.048700,1.048700,1,False
2003-01-10,1.057400,1.057400,1.057400,1.057400,1,False
2003-01-13,1.054400,1.054400,1.054400,1.054400,1,False
2003-01-14,1.055100,1.055100,1.055100,1.055100,1,False
2003-01-15,1.054900,1.054900,1.054900,1.054900,1,False
2003-01-16,1.061700,1.061700,1.061700,1.061700,1,False
2003-01-17,1.066400,1.066400,1.066400,1.066400,1,False
2003-01-20,1.067900,1.067900,1.067900,1.067900,1,False
2003-01-21,1.072100,1.072100,1.072100,1.072100,1,False
2003-01-22,1.073000,1.073000,1.073000,1.073000,1,False
2003-01-23,1.075000,1.075000,1.075000,1.075000,1,False
2003-01-24,1.082500,1.082500,1.082500,1.082500,1,False
2003-01-27,1.085500,1.085500,1.085500,1.085500,1,False
2003-01-28,1.082000,1.082000,1.082000,1.082000,1,False
2003-01-29,1.083200,1.083200,1.083200,1.083200,1,False
2003-01-30,1.081400,1.081400,1.081400,1.081400,1,False
2003-01-31,1.076000,1.076000,1.076000,1.076000,1,False
2003-02-03,1.078000,1.078000,1.078000,1.078000,1,False
2003-02-04,1.088200,1.088200,1.088200,1.088200,1,False
2003-02-05,1.079300,1.079300,1.079300,1.079300,1,False
2003-02-06,1.083300,1.083300,1.083300,1.083300,1,False
2003-02-07,1.082200,1.082200,1.082200,1.082200,1,False
2003-02-10,1.073800,1.073800,1.073800,1.073800,1,False
2003-02-11,1.073200,1.073200,1.073200,1.073200,1,False
2003-02-12,1.071700,1.071700,1.071700,1.071700,1,False
2003-02-13,1.083400,1.083400,1.083400,1.083400,1,False
2003-02-14,1.078900,1.078900,1.078900,1.078900,1,False
2003-02-17,1.073100,1.073100,1.073100,1.073100,1,False
2003-02-18,1.069000,1.069000,1.069000,1.069000,1,False
2003-02-19,1.074500,1.074500,1.074500,1.074500,1,False
2003-02-20,1.081700,1.081700,1.081700,1.081700,1,False
2003-02-21,1.075700,1.075700,1.075700,1.075700,1,False
2003-02-24,1.079600,1.079600,1.079600,1.079600,1,False
2003-02-25,1.076300,1.076300,1.076300,1.076300,1,False
2003-02-26,1.078400,1.078400,1.078400,1.078400,1,False
2003-02-27,1.075700,1.075700,1.075700,1.075700,1,False
2003-02-28,1.079500,1.079500,1.079500,1.079500,1,False
2003-03-03,1.089400,1.089400,1.089400,1.089400,1,False
2003-03-04,1.088500,1.088500,1.088500,1.088500,1,False
2003-03-05,1.095900,1.095900,1.095900,1.095900,1,False
2003-03-06,1.097200,1.097200,1.097200,1.097200,1,False
2003-03-07,1.100000,1.100000,1.100000,1.100000,1,False
2003-03-10,1.105700,1.105700,1.105700,1.105700,1,False
2003-03-11,1.103600,1.103600,1.103600,1.103600,1,False
2003-03-12,1.100300,1.100300,1.100300,1.100300,1,False
2003-03-13,1.080600,1.080600,1.080600,1.080600,1,False
2003-03-14,1.073700,1.073700,1.073700,1.073700,1,False
2003-03-17,1.063700,1.063700,1.063700,1.063700,1,False
2003-03-18,1.063300,1.063300,1.063300,1.063300,1,False
2003-03-19,1.055800,1.055800,1.055800,1.055800,1,False
2003-03-20,1.061600,1.061600,1.061600,1.061600,1,False
2003-03-21,1.052000,1.052000,1.052000,1.052000,1,False
2003-03-24,1.063200,1.063200,1.063200,1.063200,1,False
2003-03-25,1.065300,1.065300,1.065300,1.065300,1,False
2003-03-26,1.068600,1.068600,1.068600,1.068600,1,False
2003-03-27,1.069500,1.069500,1.069500,1.069500,1,False
2003-03-28,1.077600,1.077600,1.077600,1.077600,1,False
2003-03-31,1.092500,1.092500,1.092500,1.092500,1,False
2003-04-01,1.090700,1.090700,1.090700,1.090700,1,False
2003-04-02,1.076600,1.076600,1.076600,1.076600,1,False
2003-04-03,1.075400,1.075400,1.075400,1.075400,1,False
2003-04-04,1.072600,1.072600,1.072600,1.072600,1,False
2003-04-07,1.069400,1.069400,1.069400,1.069400,1,False
2003-04-08,1.070600,1.070600,1.070600,1.070600,1,False
2003-04-09,1.077100,1.077100,1.077100,1.077100,1,False
2003-04-10,1.078900,1.078900,1.078900,1.078900,1,False
2003-04-11,1.075200,1.075200,1.075200,1.075200,1,False
2003-04-14,1.077100,1.077100,1.077100,1.077100,1,False
2003-04-15,1.079700,1.079700,1.079700,1.079700,1,False
2003-04-16,1.091400,1.091400,1.091400,1.091400,1,False
2003-04-17,1.087500,1.087500,1.087500,1.087500,1,False
2003-04-18,1.087300,1.087300,1.087300,1.087300,1,False
2003-04-21,1.086900,1.086900,1.086900,1.086900,1,False
2003-04-22,1.096800,1.096800,1.096800,1.096800,1,False
2003-04-23,1.097400,1.097400,1.097400,1.097400,1,False
2003-04-24,1.103100,1.103100,1.103100,1.103100,1,False
2003-04-25,1.103100,1.103100,1.103100,1.103100,1,False
2003-04-28,1.098500,1.098500,1.098500,1.098500,1,False
2003-04-29,1.108200,1.108200,1.108200,1.108200,1,False
2003-04-30,1.117300,1.117300,1.117300,1.117300,1,False
2003-05-01,1.123600,1.123600,1.123600,1.123600,1,False
2003-05-02,1.122500,1.122500,1.122500,1.122500,1,False
2003-05-05,1.128900,1.128900,1.128900,1.128900,1,False
2003-05-06,1.142700,1.142700,1.142700,1.142700,1,False
2003-05-07,1.135600,1.135600,1.135600,1.135600,1,False
2003-05-08,1.149700,1.149700,1.149700,1.149700,1,False
2003-05-09,1.148200,1.148200,1.148200,1.148200,1,False
2003-05-12,1.156100,1.156100,1.156100,1.156100,1,False
2003-05-13,1.152800,1.152800,1.152800,1.152800,1,False
2003-05-14,1.149100,1.149100,1.149100,1.149100,1,False
2003-05-15,1.138400,1.138400,1.138400,1.138400,1,False
2003-05-16,1.157700,1.157700,1.157700,1.157700,1,False
2003-05-19,1.165300,1.165300,1.165300,1.165300,1,False
2003-05-20,1.170600,1.170600,1.170600,1.170600,1,False
2003-05-21,1.163500,1.163500,1.163500,1.163500,1,False
2003-05-22,1.169900,1.169900,1.169900,1.169900,1,False
2003-05-23,1.182900,1.182900,1.182900,1.182900,1,False
2003-05-26,1.187100,1.187100,1.187100,1.187100,1,False
2003-05-27,1.181200,1.181200,1.181200,1.181200,1,False
2003-05-28,1.176200,1.176200,1.176200,1.176200,1,False
2003-05-29,1.190500,1.190500,1.190500,1.190500,1,False
2003-05-30,1.177800,1.177800,1.177800,1.177800,1,False
2003-06-02,1.175200,1.175200,1.175200,1.175200,1,False
2003-06-03,1.173300,1.173300,1.173300,1.173300,1,False
2003-06-04,1.164100,1.164100,1.164100,1.164100,1,False
2003-06-05,1.183600,1.183600,1.183600,1.183600,1,False
2003-06-06,1.169400,1.169400,1.169400,1.169400,1,False
2003-06-09,1.171200,1.171200,1.171200,1.171200,1,False
2003-06-10,1.167200,1.167200,1.167200,1.167200,1,False
2003-06-11,1.175500,1.175500,1.175500,1.175500,1,False
2003-06-12,1.177000,1.177000,1.177000,1.177000,1,False
2003-06-13,1.185600,1.185600,1.185600,1.185600,1,False
2003-06-16,1.182500,1.182500,1.182500,1.182500,1,False
2003-06-17,1.178200,1.178200,1.178200,1.178200,1,False
2003-06-18,1.169200,1.169200,1.169200,1.169200,1,False
2003-06-19,1.172400,1.172400,1.172400,1.172400,1,False
2003-06-20,1.159700,1.159700,1.159700,1.159700,1,False
2003-06-23,1.155400,1.155400,1.155400,1.155400,1,False
2003-06-24,1.150900,1.150900,1.150900,1.150900,1,False
2003-06-25,1.154200,1.154200,1.154200,1.154200,1,False
2003-06-26,1.142400,1.142400,1.142400,1.142400,1,False
2003-06-27,1.142800,1.142800,1.142800,1.142800,1,False
2003-06-30,1.150500,1.150500,1.150500,1.150500,1,False
2003-07-01,1.156100,1.156100,1.156100,1.156100,1,False
2003-07-02,1.154200,1.154200,1.154200,1.154200,1,False
2003-07-03,1.149600,1.149600,1.149600,1.149600,1,False
2003-07-04,1.148400,1.148400,1.148400,1.148400,1,False
2003-07-07,1.131700,1.131700,1.131700,1.131700,1,False
2003-07-08,1.131800,1.131800,1.131800,1.131800,1,False
2003-07-09,1.134600,1.134600,1.134600,1.134600,1,False
2003-07-10,1.138000,1.138000,1.138000,1.138000,1,False
2003-07-11,1.129200,1.129200,1.129200,1.129200,1,False
2003-07-14,1.127200,1.127200,1.127200,1.127200,1,False
2003-07-15,1.117300,1.117300,1.117300,1.117300,1,False
2003-07-16,1.121500,1.121500,1.121500,1.121500,1,False
2003-07-17,1.120400,1.120400,1.120400,1.120400,1,False
2003-07-18,1.127000,1.127000,1.127000,1.127000,1,False
2003-07-21,1.135200,1.135200,1.135200,1.135200,1,False
2003-07-22,1.132500,1.132500,1.132500,1.132500,1,False
2003-07-23,1.148600,1.148600,1.148600,1.148600,1,False
2003-07-24,1.147600,1.147600,1.147600,1.147600,1,False
2003-07-25,1.150700,1.150700,1.150700,1.150700,1,False
2003-07-28,1.149400,1.149400,1.149400,1.149400,1,False
2003-07-29,1.144000,1.144000,1.144000,1.144000,1,False
2003-07-30,1.134400,1.134400,1.134400,1.134400,1,False
2003-07-31,1.123100,1.123100,1.123100,1.123100,1,False
2003-08-01,1.127000,1.127000,1.127000,1.127000,1,False
2003-08-04,1.136000,1.136000,1.136000,1.136000,1,False
2003-08-05,1.138600,1.138600,1.138600,1.138600,1,False
2003-08-06,1.133300,1.133300,1.133300,1.133300,1,False
2003-08-07,1.137200,1.137200,1.137200,1.137200,1,False
2003-08-08,1.130400,1.130400,1.130400,1.130400,1,False
2003-08-11,1.135800,1.135800,1.135800,1.135800,1,False
2003-08-12,1.128300,1.128300,1.128300,1.128300,1,False
2003-08-13,1.132200,1.132200,1.132200,1.132200,1,False
2003-08-14,1.126100,1.126100,1.126100,1.126100,1,False
2003-08-15,1.126100,1.126100,1.126100,1.126100,1,False
2003-08-18,1.114600,1.114600,1.114600,1.114600,1,False
2003-08-19,1.114000,1.114000,1.114000,1.114000,1,False
2003-08-20,1.112000,1.112000,1.112000,1.112000,1,False
2003-08-21,1.092200,1.092200,1.092200,1.092200,1,False
2003-08-22,1.087200,1.087200,1.087200,1.087200,1,False
2003-08-25,1.087300,1.087300,1.087300,1.087300,1,False
2003-08-26,1.085700,1.085700,1.085700,1.085700,1,False
2003-08-27,1.088600,1.088600,1.088600,1.088600,1,False
2003-08-28,1.088200,1.088200,1.088200,1.088200,1,False
2003-08-29,1.097900,1.097900,1.097900,1.097900,1,False
2003-09-01,1.096800,1.096800,1.096800,1.096800,1,False
2003-09-02,1.080800,1.080800,1.080800,1.080800,1,False
2003-09-03,1.084800,1.084800,1.084800,1.084800,1,False
2003-09-04,1.094400,1.094400,1.094400,1.094400,1,False
2003-09-05,1.110000,1.110000,1.110000,1.110000,1,False
2003-09-08,1.106700,1.106700,1.106700,1.106700,1,False
2003-09-09,1.122400,1.122400,1.122400,1.122400,1,False
2003-09-10,1.120800,1.120800,1.120800,1.120800,1,False
2003-09-11,1.120700,1.120700,1.120700,1.120700,1,False
2003-09-12,1.128600,1.128600,1.128600,1.128600,1,False
2003-09-15,1.128200,1.128200,1.128200,1.128200,1,False
2003-09-16,1.117600,1.117600,1.117600,1.117600,1,False
2003-09-17,1.128300,1.128300,1.128300,1.128300,1,False
2003-09-18,1.125400,1.125400,1.125400,1.125400,1,False
2003-09-19,1.136600,1.136600,1.136600,1.136600,1,False
2003-09-22,1.146000,1.146000,1.146000,1.146000,1,False
2003-09-23,1.144300,1.144300,1.144300,1.144300,1,False
2003-09-24,1.149500,1.149500,1.149500,1.149500,1,False
2003-09-25,1.148900,1.148900,1.148900,1.148900,1,False
2003-09-26,1.145800,1.145800,1.145800,1.145800,1,False
2003-09-29,1.159800,1.159800,1.159800,1.159800,1,False
2003-09-30,1.165600,1.165600,1.165600,1.165600,1,False
2003-10-01,1.171500,1.171500,1.171500,1.171500,1,False
2003-10-02,1.169300,1.169300,1.169300,1.169300,1,False
2003-10-03,1.157500,1.157500,1.157500,1.157500,1,False
2003-10-06,1.170900,1.170900,1.170900,1.170900,1,False
2003-10-07,1.176000,1.176000,1.176000,1.176000,1,False
2003-10-08,1.181000,1.181000,1.181000,1.181000,1,False
2003-10-09,1.174700,1.174700,1.174700,1.174700,1,False
2003-10-10,1.179300,1.179300,1.179300,1.179300,1,False
2003-10-13,1.170400,1.170400,1.170400,1.170400,1,False
2003-10-14,1.172100,1.172100,1.172100,1.172100,1,False
2003-10-15,1.163400,1.163400,1.163400,1.163400,1,False
2003-10-16,1.158400,1.158400,1.158400,1.158400,1,False
2003-10-17,1.167400,1.167400,1.167400,1.167400,1,False
2003-10-20,1.163500,1.163500,1.163500,1.163500,1,False
2003-10-21,1.166600,1.166600,1.166600,1.166600,1,False
2003-10-22,1.180300,1.180300,1.180300,1.180300,1,False
2003-10-23,1.179000,1.179000,1.179000,1.179000,1,False
2003-10-24,1.177600,1.177600,1.177600,1.177600,1,False
2003-10-27,1.174600,1.174600,1.174600,1.174600,1,False
2003-10-28,1.166700,1.166700,1.166700,1.166700,1,False
2003-10-29,1.166700,1.166700,1.166700,1.166700,1,False
2003-10-30,1.163500,1.163500,1.163500,1.163500,1,False
2003-10-31,1.157800,1.157800,1.157800,1.157800,1,False
2003-11-03,1.145000,1.145000,1.145000,1.145000,1,False
2003-11-04,1.149300,1.149300,1.149300,1.149300,1,False
2003-11-05,1.143600,1.143600,1.143600,1.143600,1,False
2003-11-06,1.140700,1.140700,1.140700,1.140700,1,False
2003-11-07,1.153000,1.153000,1.153000,1.153000,1,False
2003-11-10,1.149100,1.149100,1.149100,1.149100,1,False
2003-11-11,1.150600,1.150600,1.150600,1.150600,1,False
2003-11-12,1.163700,1.163700,1.163700,1.163700,1,False
2003-11-13,1.172900,1.172900,1.172900,1.172900,1,False
2003-11-14,1.177700,1.177700,1.177700,1.177700,1,False
2003-11-17,1.175200,1.175200,1.175200,1.175200,1,False
2003-11-18,1.194800,1.194800,1.194800,1.194800,1,False
2003-11-19,1.188400,1.188400,1.188400,1.188400,1,False
2003-11-20,1.191200,1.191200,1.191200,1.191200,1,False
2003-11-21,1.191200,1.191200,1.191200,1.191200,1,False
2003-11-24,1.176000,1.176000,1.176000,1.176000,1,False
2003-11-25,1.178300,1.178300,1.178300,1.178300,1,False
2003-11-26,1.193900,1.193900,1.193900,1.193900,1,False
2003-11-27,1.190700,1.190700,1.190700,1.190700,1,False
2003-11-28,1.198800,1.198800,1.198800,1.198800,1,False
2003-12-01,1.197500,1.197500,1.197500,1.197500,1,False
2003-12-02,1.207600,1.207600,1.207600,1.207600,1,False
2003-12-03,1.211100,1.211100,1.211100,1.211100,1,False
2003-12-04,1.207400,1.207400,1.207400,1.207400,1,False
2003-12-05,1.216100,1.216100,1.216100,1.216100,1,False
2003-12-08,1.222400,1.222400,1.222400,1.222400,1,False
2003-12-09,1.225300,1.225300,1.225300,1.225300,1,False
2003-12-10,1.221500,1.221500,1.221500,1.221500,1,False
2003-12-11,1.220700,1.220700,1.220700,1.220700,1,False
2003-12-12,1.228900,1.228900,1.228900,1.228900,1,False
2003-12-15,1.230900,1.230900,1.230900,1.230900,1,False
2003-12-16,1.232200,1.232200,1.232200,1.232200,1,False
2003-12-17,1.240300,1.240300,1.240300,1.240300,1,False
2003-12-18,1.243400,1.243400,1.243400,1.243400,1,False
2003-12-19,1.237300,1.237300,1.237300,1.237300,1,False
2003-12-22,1.240300,1.240300,1.240300,1.240300,1,False
2003-12-23,1.239200,1.239200,1.239200,1.239200,1,False
2003-12-24,1.244800,1.244800,1.244800,1.244800,1,False
2003-12-25,1.244600,1.244600,1.244600,1.244600,1,False
2003-12-26,1.242500,1.242500,1.242500,1.242500,1,False
2003-12-29,1.248500,1.248500,1.248500,1.248500,1,False
2003-12-30,1.255200,1.255200,1.255200,1.255200,1,False
2003-12-31,1.257600,1.257600,1.257600,1.257600,1,False
2004-01-01,1.254400,1.254400,1.254400,1.254400,3,False
2004-01-02,1.258800,1.258800,1.258800,1.258800,2,False
2004-01-05,1.265600,1.265600,1.265600,1.265600,2,False
2004-01-06,1.273900,1.273900,1.273900,1.273900,2,False
2004-01-07,1.263800,1.263800,1.263800,1.263800,2,False
2004-01-08,1.276700,1.276700,1.276700,1.276700,2,False
2004-01-09,1.283600,1.283600,1.283600,1.283600,2,False
2004-01-12,1.274400,1.274400,1.274400,1.274400,2,False
2004-01-13,1.276400,1.276400,1.276400,1.276400,2,False
2004-01-14,1.265200,1.265200,1.265200,1.265200,2,False
2004-01-15,1.256600,1.256600,1.256600,1.256600,2,False
2004-01-16,1.236800,1.236800,1.236800,1.236800,2,False
2004-01-19,1.235100,1.235100,1.235100,1.235100,2,False
2004-01-20,1.257700,1.257700,1.257700,1.257700,2,False
2004-01-21,1.263000,1.263000,1.263000,1.263000,2,False
2004-01-22,1.270900,1.270900,1.270900,1.270900,2,False
2004-01-23,1.258300,1.258300,1.258300,1.258300,2,False
2004-01-26,1.247100,1.247100,1.247100,1.247100,2,False
2004-01-27,1.263800,1.263800,1.263800,1.263800,2,False
2004-01-28,1.248800,1.248800,1.248800,1.248800,2,False
2004-01-29,1.241300,1.241300,1.241300,1.241300,2,False
2004-01-30,1.247000,1.247000,1.247000,1.247000,2,False
2004-02-02,1.242600,1.242600,1.242600,1.242600,2,False
2004-02-03,1.253200,1.253200,1.253200,1.253200,2,False
2004-02-04,1.253000,1.253000,1.253000,1.253000,2,False
2004-02-05,1.253900,1.253900,1.253900,1.253900,2,False
2004-02-06,1.269700,1.269700,1.269700,1.269700,2,False
2004-02-09,1.268300,1.268300,1.268300,1.268300,2,False
2004-02-10,1.269800,1.269800,1.269800,1.269800,2,False
2004-02-11,1.282500,1.282500,1.282500,1.282500,2,False
2004-02-12,1.280300,1.280300,1.280300,1.280300,2,False
2004-02-13,1.273700,1.273700,1.273700,1.273700,2,False
2004-02-16,1.277000,1.277000,1.277000,1.277000,2,False
2004-02-17,1.283600,1.283600,1.283600,1.283600,2,False
2004-02-18,1.266200,1.266200,1.266200,1.266200,2,False
2004-02-19,1.270700,1.270700,1.270700,1.270700,2,False
2004-02-20,1.252200,1.252200,1.252200,1.252200,2,False
2004-02-23,1.255400,1.255400,1.255400,1.255400,2,False
2004-02-24,1.268400,1.268400,1.268400,1.268400,2,False
2004-02-25,1.249300,1.249300,1.249300,1.249300,2,False
2004-02-26,1.243200,1.243200,1.243200,1.243200,2,False
2004-02-27,1.248900,1.248900,1.248900,1.248900,2,False
2004-03-01,1.244300,1.244300,1.244300,1.244300,2,False
2004-03-02,1.221600,1.221600,1.221600,1.221600,2,False
2004-03-03,1.219700,1.219700,1.219700,1.219700,2,False
2004-03-04,1.219100,1.219100,1.219100,1.219100,2,False
2004-03-05,1.237000,1.237000,1.237000,1.237000,2,False
2004-03-08,1.240700,1.240700,1.240700,1.240700,2,False
2004-03-09,1.231200,1.231200,1.231200,1.231200,2,False
2004-03-10,1.224200,1.224200,1.224200,1.224200,2,False
2004-03-11,1.233600,1.233600,1.233600,1.233600,2,False
2004-03-12,1.221700,1.221700,1.221700,1.221700,2,False
2004-03-15,1.226900,1.226900,1.226900,1.226900,2,False
2004-03-16,1.226300,1.226300,1.226300,1.226300,2,False
2004-03-17,1.223500,1.223500,1.223500,1.223500,2,False
2004-03-18,1.238900,1.238900,1.238900,1.238900,2,False
2004-03-19,1.227100,1.227100,1.227100,1.227100,2,False
2004-03-22,1.233200,1.233200,1.233200,1.233200,2,False
2004-03-23,1.232700,1.232700,1.232700,1.232700,2,False
2004-03-24,1.212600,1.212600,1.212600,1.212600,2,False
2004-03-25,1.213500,1.213500,1.213500,1.213500,2,False
2004-03-26,1.212200,1.212200,1.212200,1.212200,2,False
2004-03-29,1.215700,1.215700,1.215700,1.215700,2,False
2004-03-30,1.216800,1.216800,1.216800,1.216800,2,False
2004-03-31,1.231500,1.231500,1.231500,1.231500,2,False
2004-04-01,1.236200,1.236200,1.236200,1.236200,2,False
2004-04-02,1.213100,1.213100,1.213100,1.213100,2,False
2004-04-05,1.201700,1.201700,1.201700,1.201700,2,False
2004-04-06,1.211700,1.211700,1.211700,1.211700,2,False
2004-04-07,1.217200,1.217200,1.217200,1.217200,2,False
2004-04-08,1.208500,1.208500,1.208500,1.208500,2,False
2004-04-09,1.208800,1.208800,1.208800,1.208800,2,False
2004-04-12,1.207700,1.207700,1.207700,1.207700,2,False
2004-04-13,1.194500,1.194500,1.194500,1.194500,2,False
2004-04-14,1.195900,1.195900,1.195900,1.195900,2,False
2004-04-15,1.198300,1.198300,1.198300,1.198300,2,False
2004-04-16,1.198900,1.198900,1.198900,1.198900,2,False
2004-04-19,1.202300,1.202300,1.202300,1.202300,2,False
2004-04-20,1.186600,1.186600,1.186600,1.186600,2,False
2004-04-21,1.184100,1.184100,1.184100,1.184100,2,False
2004-04-22,1.190300,1.190300,1.190300,1.190300,2,False
2004-04-23,1.184200,1.184200,1.184200,1.184200,2,False
2004-04-26,1.186600,1.186600,1.186600,1.186600,2,False
2004-04-27,1.192500,1.192500,1.192500,1.192500,2,False
2004-04-28,1.183900,1.183900,1.183900,1.183900,2,False
2004-04-29,1.195900,1.195900,1.195900,1.195900,2,False
2004-04-30,1.197600,1.197600,1.197600,1.197600,2,False
2004-05-03,1.194500,1.194500,1.194500,1.194500,2,False
2004-05-04,1.209900,1.209900,1.209900,1.209900,2,False
2004-05-05,1.217400,1.217400,1.217400,1.217400,2,False
2004-05-06,1.208200,1.208200,1.208200,1.208200,2,False
2004-05-07,1.187600,1.187600,1.187600,1.187600,2,False
2004-05-10,1.184900,1.184900,1.184900,1.184900,2,False
2004-05-11,1.187000,1.187000,1.187000,1.187000,2,False
2004-05-12,1.190000,1.190000,1.190000,1.190000,2,False
2004-05-13,1.181900,1.181900,1.181900,1.181900,2,False
2004-05-14,1.188200,1.188200,1.188200,1.188200,2,False
2004-05-17,1.202600,1.202600,1.202600,1.202600,2,False
2004-05-18,1.195000,1.195000,1.195000,1.195000,2,False
2004-05-19,1.200800,1.200800,1.200800,1.200800,2,False
2004-05-20,1.196300,1.196300,1.196300,1.196300,2,False
2004-05-21,1.197400,1.197400,1.197400,1.197400,2,False
2004-05-24,1.200200,1.200200,1.200200,1.200200,2,False
2004-05-25,1.210600,1.210600,1.210600,1.210600,2,False
2004-05-26,1.210600,1.210600,1.210600,1.210600,2,False
2004-05-27,1.226200,1.226200,1.226200,1.226200,2,False
2004-05-28,1.221600,1.221600,1.221600,1.221600,2,False
2004-05-31,1.218600,1.218600,1.218600,1.218600,2,False
2004-06-01,1.224600,1.224600,1.224600,1.224600,2,False
2004-06-02,1.221400,1.221400,1.221400,1.221400,2,False
2004-06-03,1.222600,1.222600,1.222600,1.222600,2,False
2004-06-04,1.227500,1.227500,1.227500,1.227500,2,False
2004-06-07,1.232000,1.232000,1.232000,1.232000,2,False
2004-06-08,1.226900,1.226900,1.226900,1.226900,2,False
2004-06-09,1.204800,1.204800,1.204800,1.204800,2,False
2004-06-10,1.210400,1.210400,1.210400,1.210400,2,False
2004-06-11,1.200000,1.200000,1.200000,1.200000,2,False
2004-06-14,1.205800,1.205800,1.205800,1.205800,2,False
2004-06-15,1.216100,1.216100,1.216100,1.216100,2,False
2004-06-16,1.201100,1.201100,1.201100,1.201100,2,False
2004-06-17,1.205100,1.205100,1.205100,1.205100,2,False
2004-06-18,1.213200,1.213200,1.213200,1.213200,2,False
2004-06-21,1.211300,1.211300,1.211300,1.211300,2,False
2004-06-22,1.210500,1.210500,1.210500,1.210500,2,False
2004-06-23,1.209200,1.209200,1.209200,1.209200,2,False
2004-06-24,1.216900,1.216900,1.216900,1.216900,2,False
2004-06-25,1.217200,1.217200,1.217200,1.217200,2,False
2004-06-28,1.218400,1.218400,1.218400,1.218400,2,False
2004-06-29,1.208000,1.208000,1.208000,1.208000,2,False
2004-06-30,1.219800,1.219800,1.219800,1.219800,2,False
2004-07-01,1.216000,1.216000,1.216000,1.216000,2,False
2004-07-02,1.231100,1.231100,1.231100,1.231100,2,False
2004-07-05,1.228900,1.228900,1.228900,1.228900,2,False
2004-07-06,1.228200,1.228200,1.228200,1.228200,2,False
2004-07-07,1.237200,1.237200,1.237200,1.237200,2,False
2004-07-08,1.238400,1.238400,1.238400,1.238400,2,False
2004-07-09,1.240900,1.240900,1.240900,1.240900,2,False
2004-07-12,1.240700,1.240700,1.240700,1.240700,2,False
2004-07-13,1.232600,1.232600,1.232600,1.232600,2,False
2004-07-14,1.237980,1.237980,1.237980,1.237980,2,False
2004-07-15,1.235300,1.235300,1.235300,1.235300,2,False
2004-07-16,1.244600,1.244600,1.244600,1.244600,2,False
2004-07-19,1.244200,1.244200,1.244200,1.244200,2,False
2004-07-20,1.232900,1.232900,1.232900,1.232900,2,False
2004-07-21,1.225880,1.225880,1.225880,1.225880,2,False
2004-07-22,1.225650,1.225650,1.225650,1.225650,2,False
2004-07-23,1.208500,1.208500,1.208500,1.208500,2,False
2004-07-26,1.214100,1.214100,1.214100,1.214100,2,False
2004-07-27,1.205650,1.205650,1.205650,1.205650,2,False
2004-07-28,1.205490,1.205490,1.205490,1.205490,2,False
2004-07-29,1.204500,1.204500,1.204500,1.204500,2,False
2004-07-30,1.201450,1.201450,1.201450,1.201450,2,False
2004-08-02,1.202520,1.202520,1.202520,1.202520,2,False
2004-08-03,1.206000,1.206000,1.206000,1.206000,2,False
2004-08-04,1.205050,1.205050,1.205050,1.205050,2,False
2004-08-05,1.205210,1.205210,1.205210,1.205210,2,False
2004-08-06,1.227500,1.227500,1.227500,1.227500,2,False
2004-08-09,1.227200,1.227200,1.227200,1.227200,2,False
2004-08-10,1.223580,1.223580,1.223580,1.223580,2,False
2004-08-11,1.221800,1.221800,1.221800,1.221800,2,False
2004-08-12,1.225000,1.225000,1.225000,1.225000,2,False
2004-08-13,1.236900,1.236900,1.236900,1.236900,2,False
2004-08-16,1.236150,1.236150,1.236150,1.236150,2,False
2004-08-17,1.235350,1.235350,1.235350,1.235350,2,False
2004-08-18,1.233500,1.233500,1.233500,1.233500,2,False
2004-08-19,1.236300,1.236300,1.236300,1.236300,2,False
2004-08-20,1.231500,1.231500,1.231500,1.231500,2,False
2004-08-23,1.214200,1.214200,1.214200,1.214200,2,False
2004-08-24,1.208100,1.208100,1.208100,1.208100,2,False
2004-08-25,1.208160,1.208160,1.208160,1.208160,2,False
2004-08-26,1.210110,1.210110,1.210110,1.210110,2,False
2004-08-27,1.200800,1.200800,1.200800,1.200800,2,False
2004-08-30,1.204700,1.204700,1.204700,1.204700,2,False
2004-08-31,1.218210,1.218210,1.218210,1.218210,2,False
2004-09-01,1.218800,1.218800,1.218800,1.218800,2,False
2004-09-02,1.217400,1.217400,1.217400,1.217400,2,False
2004-09-03,1.205400,1.205400,1.205400,1.205400,2,False
2004-09-06,1.206310,1.206310,1.206310,1.206310,2,False
2004-09-07,1.210780,1.210780,1.210780,1.210780,2,False
2004-09-08,1.218190,1.218190,1.218190,1.218190,2,False
2004-09-09,1.221150,1.221150,1.221150,1.221150,2,False
2004-09-10,1.225800,1.225800,1.225800,1.225800,2,False
2004-09-13,1.226110,1.226110,1.226110,1.226110,2,False
2004-09-14,1.225420,1.225420,1.225420,1.225420,2,False
2004-09-15,1.214950,1.214950,1.214950,1.214950,2,False
2004-09-16,1.218250,1.218250,1.218250,1.218250,2,False
2004-09-17,1.218300,1.218300,1.218300,1.218300,2,False
2004-09-20,1.217560,1.217560,1.217560,1.217560,2,False
2004-09-21,1.233520,1.233520,1.233520,1.233520,2,False
2004-09-22,1.226810,1.226810,1.226810,1.226810,2,False
2004-09-23,1.227100,1.227100,1.227100,1.227100,2,False
2004-09-24,1.227000,1.227000,1.227000,1.227000,2,False
2004-09-27,1.229210,1.229210,1.229210,1.229210,2,False
2004-09-28,1.232610,1.232610,1.232610,1.232610,2,False
2004-09-29,1.233110,1.233110,1.233110,1.233110,2,False
2004-09-30,1.243300,1.243300,1.243300,1.243300,2,False
2004-10-01,1.241100,1.241100,1.241100,1.241100,2,False
2004-10-04,1.228760,1.228760,1.228760,1.228760,2,False
2004-10-05,1.231110,1.231110,1.231110,1.231110,2,False
2004-10-06,1.228610,1.228610,1.228610,1.228610,2,False
2004-10-07,1.228360,1.228360,1.228360,1.228360,2,False
2004-10-08,1.240400,1.240400,1.240400,1.240400,2,False
2004-10-11,1.238710,1.238710,1.238710,1.238710,2,False
2004-10-12,1.232680,1.232680,1.232680,1.232680,2,False
2004-10-13,1.234600,1.234600,1.234600,1.234600,2,False
2004-10-14,1.238910,1.238910,1.238910,1.238910,2,False
2004-10-15,1.246200,1.246200,1.246200,1.246200,2,False
2004-10-18,1.249350,1.249350,1.249350,1.249350,2,False
2004-10-19,1.251140,1.251140,1.251140,1.251140,2,False
2004-10-20,1.259010,1.259010,1.259010,1.259010,2,False
2004-10-21,1.261400,1.261400,1.261400,1.261400,2,False
2004-10-22,1.267800,1.267800,1.267800,1.267800,2,False
2004-10-25,1.280570,1.280570,1.280570,1.280570,2,False
2004-10-26,1.276710,1.276710,1.276710,1.276710,2,False
2004-10-27,1.271310,1.271310,1.271310,1.271310,2,False
2004-10-28,1.274310,1.274310,1.274310,1.274310,2,False
2004-11-01,1.275380,1.275380,1.275380,1.275380,2,False
2004-11-02,1.272600,1.272600,1.272600,1.272600,2,False
2004-11-03,1.281950,1.281950,1.281950,1.281950,2,False
2004-11-04,1.287010,1.287010,1.287010,1.287010,2,False
2004-11-05,1.296100,1.296100,1.296100,1.296100,2,False
2004-11-08,1.291690,1.291690,1.291690,1.291690,2,False
2004-11-09,1.289800,1.289800,1.289800,1.289800,2,False
2004-11-10,1.289300,1.289300,1.289300,1.289300,2,False
2004-11-11,1.290300,1.290300,1.290300,1.290300,2,False
2004-11-12,1.297200,1.297200,1.297200,1.297200,2,False
2004-11-15,1.294410,1.294410,1.294410,1.294410,2,False
2004-11-16,1.295660,1.295660,1.295660,1.295660,2,False
2004-11-17,1.303160,1.303160,1.303160,1.303160,2,False
2004-11-18,1.296210,1.296210,1.296210,1.296210,2,False
2004-11-19,1.302100,1.302100,1.302100,1.302100,2,False
2004-11-22,1.304160,1.304160,1.304160,1.304160,2,False
2004-11-23,1.307860,1.307860,1.307860,1.307860,2,False
2004-11-24,1.317410,1.317410,1.317410,1.317410,2,False
2004-11-25,1.324530,1.324530,1.324530,1.324530,2,False
2004-11-26,1.329000,1.329000,1.329000,1.329000,2,False
2004-11-29,1.327030,1.327030,1.327030,1.327030,2,False
2004-11-30,1.329430,1.329430,1.329430,1.329430,2,False
2004-12-01,1.332190,1.332190,1.332190,1.332190,2,False
2004-12-02,1.326910,1.326910,1.326910,1.326910,2,False
2004-12-03,1.345200,1.345200,1.345200,1.345200,2,False
2004-12-06,1.339910,1.339910,1.339910,1.339910,2,False
2004-12-07,1.342710,1.342710,1.342710,1.342710,2,False
2004-12-08,1.332960,1.332960,1.332960,1.332960,2,False
2004-12-09,1.331600,1.331600,1.331600,1.331600,2,False
2004-12-10,1.322100,1.322100,1.322100,1.322100,2,False
2004-12-13,1.330510,1.330510,1.330510,1.330510,2,False
2004-12-14,1.330200,1.330200,1.330200,1.330200,2,False
2004-12-15,1.340450,1.340450,1.340450,1.340450,2,False
2004-12-16,1.324500,1.324500,1.324500,1.324500,2,False
2004-12-17,1.328200,1.328200,1.328200,1.328200,2,False
2004-12-20,1.338800,1.338800,1.338800,1.338800,2,False
2004-12-21,1.337220,1.337220,1.337220,1.337220,2,False
2004-12-22,1.338800,1.338800,1.338800,1.338800,2,False
2004-12-23,1.350900,1.350900,1.350900,1.350900,2,False
2004-12-24,1.352650,1.352650,1.352650,1.352650,2,False
2004-12-27,1.361450,1.361450,1.361450,1.361450,2,False
2004-12-28,1.360700,1.360700,1.360700,1.360700,2,False
2004-12-29,1.359800,1.359800,1.359800,1.359800,2,False
2004-12-30,1.364100,1.364100,1.364100,1.364100,2,False
2004-12-31,1.356300,1.356300,1.356300,1.356300,2,False
2005-01-03,1.354850,1.357850,1.338400,1.346400,38042,False
2005-01-04,1.346400,1.349500,1.324800,1.327930,42165,False
2005-01-05,1.327830,1.330200,1.321450,1.326010,40233,False
2005-01-06,1.326010,1.328180,1.315550,1.317250,38037,False
2005-01-07,1.317150,1.325000,1.302400,1.304900,37339,False
2005-01-10,1.305500,1.312300,1.304700,1.307250,34912,False
2005-01-11,1.307350,1.317100,1.306650,1.310600,36616,False
2005-01-12,1.310700,1.329250,1.308250,1.325450,36713,False
2005-01-13,1.325550,1.326600,1.319250,1.322530,35692,False
2005-01-14,1.322330,1.322430,1.305680,1.310600,47348,False
2005-01-17,1.310000,1.312730,1.306050,1.306650,24472,False
2005-01-18,1.306650,1.307400,1.299470,1.301800,38846,False
2005-01-19,1.301700,1.311780,1.296290,1.301000,39297,False
2005-01-20,1.301000,1.302250,1.291900,1.296330,39082,False
2005-01-21,1.296230,1.306800,1.293300,1.303400,36972,False
2005-01-24,1.303700,1.309900,1.302750,1.305950,35263,False
2005-01-25,1.305950,1.307480,1.294300,1.297400,39719,False
2005-01-26,1.297500,1.310830,1.296530,1.307070,35596,False
2005-01-27,1.307170,1.312300,1.301160,1.304500,36238,False
2005-01-28,1.304300,1.307900,1.298400,1.303200,33890,False
2005-01-31,1.302700,1.305730,1.297470,1.303780,34938,False
2005-02-01,1.303780,1.306600,1.300060,1.304500,35536,False
2005-02-02,1.304600,1.309300,1.300950,1.302630,35680,False
2005-02-03,1.302730,1.303730,1.294060,1.297430,30838,False
2005-02-04,1.297330,1.304100,1.286000,1.286400,32592,False
2005-02-07,1.285600,1.286350,1.273250,1.275660,34636,False
2005-02-08,1.275660,1.279680,1.273350,1.276130,32491,False
2005-02-09,1.276130,1.281110,1.273950,1.280510,33427,False
2005-02-10,1.280410,1.290430,1.274000,1.287430,32834,False
2005-02-11,1.287430,1.289530,1.284650,1.286100,27373,False
2005-02-14,1.287300,1.298900,1.287300,1.297530,30568,False
2005-02-15,1.297530,1.304900,1.295430,1.302510,34574,False
2005-02-16,1.302510,1.306190,1.296100,1.302930,35378,False
2005-02-17,1.302930,1.308760,1.301310,1.307160,34276,False
2005-02-18,1.307160,1.308110,1.301630,1.306700,27755,False
2005-02-21,1.304200,1.307800,1.303150,1.306700,17949,False
2005-02-22,1.306700,1.326080,1.305490,1.325880,35604,False
2005-02-23,1.325880,1.327240,1.318520,1.321470,34622,False
2005-02-24,1.321470,1.326890,1.317600,1.319760,35835,False
2005-02-25,1.319760,1.324410,1.314530,1.324030,34013,False
2005-02-28,1.323630,1.327830,1.322180,1.322780,33787,False
2005-03-01,1.322880,1.323160,1.316980,1.318760,33444,False
2005-03-02,1.318760,1.318760,1.308860,1.314060,34016,False
2005-03-03,1.314060,1.316300,1.309760,1.311010,31779,False
2005-03-04,1.311010,1.325360,1.308760,1.323100,28856,False
2005-03-07,1.323100,1.324600,1.317960,1.321350,29002,False
2005-03-08,1.321450,1.336030,1.320750,1.334360,31227,False
2005-03-09,1.334360,1.342230,1.333070,1.339180,33807,False
2005-03-10,1.339180,1.345300,1.337080,1.341930,38690,False
2005-03-11,1.341930,1.347930,1.339350,1.345200,29155,False
2005-03-14,1.345700,1.347300,1.333480,1.336830,32092,False
2005-03-15,1.336930,1.340840,1.329690,1.330470,32520,False
2005-03-16,1.330470,1.343830,1.329170,1.341570,33707,False
2005-03-17,1.341570,1.342070,1.334250,1.337760,33253,False
2005-03-18,1.337760,1.338560,1.326450,1.332000,29860,False
2005-03-21,1.330800,1.331200,1.314130,1.315650,33031,False
2005-03-22,1.315750,1.322010,1.305400,1.308650,34020,False
2005-03-23,1.308750,1.308750,1.296230,1.298530,37066,False
2005-03-24,1.298530,1.303180,1.293530,1.293930,32096,False
2005-03-25,1.293930,1.296770,1.292880,1.295250,3941,False
2005-03-28,1.295800,1.295800,1.285730,1.289700,14239,False
2005-03-29,1.289700,1.295650,1.287830,1.292100,33739,False
2005-03-30,1.292000,1.298300,1.291150,1.291450,36971,False
2005-03-31,1.291450,1.301730,1.291150,1.296230,36787,False
2005-04-01,1.296230,1.305470,1.287000,1.290800,33655,False
2005-04-04,1.288850,1.290400,1.281780,1.284680,33917,False
2005-04-05,1.284680,1.287660,1.280050,1.286880,31639,False
2005-04-06,1.286780,1.290900,1.283900,1.287030,32497,False
2005-04-07,1.287130,1.293850,1.284630,1.285530,34990,False
2005-04-08,1.285530,1.292980,1.280850,1.292800,31930,False
2005-04-11,1.292750,1.300280,1.290600,1.297250,31006,False
2005-04-12,1.297150,1.301420,1.286280,1.292090,34915,False
2005-04-13,1.291990,1.295350,1.284890,1.291310,33639,False
2005-04-14,1.291410,1.291910,1.276590,1.281100,35577,False
2005-04-15,1.281100,1.293900,1.277910,1.291700,34034,False
2005-04-18,1.290800,1.304330,1.287690,1.302330,35425,False
2005-04-19,1.302330,1.307630,1.298030,1.306300,35120,False
2005-04-20,1.306200,1.310230,1.299160,1.308530,34507,False
2005-04-21,1.308530,1.312430,1.302530,1.304730,35865,False
2005-04-22,1.304930,1.309330,1.302130,1.306000,32507,False
2005-04-25,1.306050,1.306500,1.295460,1.300630,33776,False
2005-04-26,1.300530,1.301360,1.294460,1.298430,32745,False
2005-04-27,1.298530,1.299330,1.290460,1.293030,34467,False
2005-04-28,1.293030,1.294150,1.288230,1.289230,35905,False
2005-04-29,1.289130,1.297900,1.285330,1.286700,36658,False
2005-05-02,1.285700,1.287400,1.283670,1.286300,11726,False
2005-05-03,1.286300,1.291350,1.283000,1.287130,31522,False
2005-05-04,1.287130,1.297330,1.286730,1.294530,34548,False
2005-05-05,1.294630,1.298850,1.292630,1.295630,33636,False
2005-05-06,1.295730,1.296300,1.281030,1.281400,29186,False
2005-05-09,1.281250,1.284600,1.278930,1.284100,31363,False
2005-05-10,1.284200,1.288930,1.281600,1.287950,31056,False
2005-05-11,1.287950,1.291150,1.277660,1.281530,30805,False
2005-05-12,1.281430,1.281530,1.268430,1.269330,26651,False
2005-05-13,1.269330,1.269580,1.260930,1.262800,23914,False
2005-05-16,1.262500,1.265060,1.257650,1.264060,30732,False
2005-05-17,1.264160,1.266300,1.259530,1.260530,32176,False
2005-05-18,1.260530,1.268830,1.258490,1.267730,30847,False
2005-05-19,1.267730,1.269030,1.260330,1.264330,24942,False
2005-05-20,1.264330,1.265350,1.253530,1.255400,26779,False
2005-05-23,1.254650,1.259700,1.253550,1.257710,30365,False
2005-05-24,1.257810,1.262650,1.255610,1.258330,34151,False
2005-05-25,1.258330,1.261850,1.255100,1.260000,32643,False
2005-05-26,1.260000,1.261280,1.249530,1.251330,32647,False
2005-05-27,1.251330,1.258730,1.250650,1.258000,28101,False
2005-05-30,1.252000,1.254450,1.246500,1.247500,19143,False
2005-05-31,1.247500,1.248600,1.229560,1.230260,36785,False
2005-06-01,1.230260,1.234000,1.216030,1.217930,31757,False
2005-06-02,1.217930,1.229630,1.217830,1.226530,37912,False
2005-06-03,1.226630,1.233350,1.220430,1.223100,25540,False
2005-06-06,1.222000,1.229220,1.221200,1.225870,30134,False
2005-06-07,1.225870,1.231400,1.223830,1.228400,31169,False
2005-06-08,1.228500,1.235180,1.220560,1.223250,35652,False
2005-06-09,1.223250,1.225530,1.217730,1.222930,35576,False
2005-06-10,1.223030,1.224730,1.210730,1.211400,35023,False
2005-06-13,1.210600,1.212030,1.202850,1.210700,36223,False
2005-06-14,1.210900,1.215100,1.202200,1.203100,37173,False
2005-06-15,1.203300,1.213210,1.201650,1.211400,37175,False
2005-06-16,1.211400,1.216850,1.205650,1.210680,37765,False
2005-06-17,1.210680,1.228400,1.209080,1.228100,37236,False
2005-06-20,1.221950,1.223900,1.212530,1.215450,35056,False
2005-06-21,1.215250,1.218530,1.207030,1.218130,38169,False
2005-06-22,1.218230,1.220430,1.209780,1.212630,37510,False
2005-06-23,1.212630,1.214330,1.201800,1.203750,37551,False
2005-06-24,1.203750,1.210650,1.198230,1.208600,38213,False
2005-06-27,1.208650,1.218500,1.208600,1.216130,36036,False
2005-06-28,1.216130,1.217330,1.205030,1.205230,39303,False
2005-06-29,1.205230,1.211100,1.201450,1.206850,45885,False
2005-06-30,1.206850,1.212000,1.204300,1.210730,41420,False
2005-07-01,1.210730,1.210730,1.193800,1.195300,35367,False
2005-07-04,1.193750,1.194850,1.188800,1.189980,27731,False
2005-07-05,1.190080,1.193850,1.186850,1.191130,38202,False
2005-07-06,1.191230,1.195300,1.189200,1.193200,35314,False
2005-07-07,1.193200,1.204150,1.190930,1.195070,28290,False
2005-07-08,1.195170,1.198570,1.187250,1.196100,40348,False
2005-07-11,1.196550,1.208520,1.195300,1.207150,40993,False
2005-07-12,1.207150,1.225430,1.205330,1.224080,50811,False
2005-07-13,1.224080,1.224380,1.207180,1.209300,36836,False
2005-07-14,1.209400,1.212350,1.205660,1.208350,36755,False
2005-07-15,1.208350,1.213610,1.202150,1.203000,33503,False
2005-07-18,1.202450,1.208850,1.201650,1.204950,31612,False
2005-07-19,1.205150,1.206660,1.195300,1.203300,36046,False
2005-07-20,1.203300,1.218550,1.199600,1.213850,40192,False
2005-07-21,1.213950,1.225350,1.209800,1.217180,44513,False
2005-07-22,1.217180,1.218800,1.205100,1.206000,39860,False
2005-07-25,1.206200,1.208650,1.202650,1.205900,34779,False
2005-07-26,1.205900,1.206830,1.198100,1.201350,37950,False
2005-07-27,1.201350,1.208300,1.196410,1.206480,37266,False
2005-07-28,1.206480,1.214750,1.203600,1.213800,38000,False
2005-07-29,1.213700,1.215930,1.207550,1.211700,36493,False
2005-08-01,1.211800,1.224880,1.211400,1.217980,40199,False
2005-08-02,1.217880,1.225280,1.217280,1.218950,38519,False
2005-08-03,1.219050,1.234380,1.214930,1.233580,40365,False
2005-08-04,1.233580,1.240200,1.229980,1.238350,41605,False
2005-08-05,1.238450,1.239480,1.231180,1.235400,37801,False
2005-08-08,1.234200,1.238880,1.231500,1.235200,36895,False
2005-08-09,1.235200,1.241430,1.233050,1.237030,39755,False
2005-08-10,1.237130,1.242480,1.233630,1.238080,40756,False
2005-08-11,1.238080,1.247550,1.237680,1.247050,41810,False
2005-08-12,1.246950,1.248580,1.238300,1.243800,36780,False
2005-08-15,1.245600,1.245800,1.234500,1.236750,31662,False
2005-08-16,1.236750,1.237250,1.229550,1.236300,34860,False
2005-08-17,1.236300,1.236730,1.226240,1.227140,37714,False
2005-08-18,1.227140,1.229400,1.215800,1.217430,36514,False
2005-08-19,1.217380,1.219350,1.212500,1.214800,32955,False
2005-08-22,1.216050,1.224320,1.215200,1.222800,33907,False
2005-08-23,1.222800,1.225450,1.219130,1.223480,35018,False
2005-08-24,1.223480,1.227930,1.216180,1.227240,35432,False
2005-08-25,1.227240,1.232610,1.225630,1.230130,37131,False
2005-08-26,1.230130,1.234160,1.227200,1.228470,33890,False
2005-08-29,1.229330,1.234400,1.221570,1.223310,25330,False
2005-08-30,1.223310,1.223810,1.217100,1.222000,37862,False
2005-08-31,1.222000,1.235650,1.218810,1.234600,39490,False
2005-09-01,1.234500,1.252600,1.232680,1.250080,39703,False
2005-09-02,1.250280,1.258850,1.246580,1.252600,36322,False
2005-09-05,1.253450,1.258380,1.251380,1.254150,28255,False
2005-09-06,1.254050,1.254410,1.244350,1.246430,38075,False
2005-09-07,1.246530,1.253500,1.240730,1.241550,39429,False
2005-09-08,1.241550,1.245080,1.238330,1.239630,37079,False
2005-09-09,1.239530,1.245860,1.237580,1.240400,37133,False
2005-09-12,1.239850,1.241500,1.227080,1.228730,36435,False
2005-09-13,1.228630,1.231730,1.224550,1.226560,37970,False
2005-09-14,1.226660,1.233120,1.225630,1.228380,37627,False
2005-09-15,1.228380,1.228880,1.219250,1.222230,37624,False
2005-09-16,1.222230,1.230810,1.220080,1.223200,35068,False
2005-09-19,1.216400,1.217300,1.209950,1.214050,36006,False
2005-09-20,1.213950,1.218880,1.211080,1.211480,38570,False
2005-09-21,1.211380,1.223850,1.211130,1.221280,38587,False
2005-09-22,1.221280,1.226830,1.213200,1.215330,39060,False
2005-09-23,1.215330,1.217050,1.203400,1.203400,36602,False
2005-09-26,1.202100,1.208010,1.200900,1.207130,37631,False
2005-09-27,1.207130,1.208330,1.197880,1.201180,39254,False
2005-09-28,1.201180,1.205480,1.199230,1.203630,40071,False
2005-09-29,1.203630,1.207480,1.200630,1.203130,36934,False
2005-09-30,1.203130,1.208950,1.199650,1.202200,37559,False
2005-10-03,1.202000,1.203100,1.190230,1.191800,34359,False
2005-10-04,1.191700,1.194680,1.190130,1.191680,36233,False
2005-10-05,1.191780,1.198480,1.191430,1.197230,34050,False
2005-10-06,1.197130,1.220300,1.197030,1.217830,42008,False
2005-10-07,1.217830,1.218930,1.209160,1.212300,33801,False
2005-10-10,1.211000,1.215250,1.204050,1.206610,32011,False
2005-10-11,1.206610,1.207130,1.197530,1.199260,36909,False
2005-10-12,1.199260,1.205360,1.195320,1.202330,37461,False
2005-10-13,1.202330,1.204030,1.191400,1.202530,38900,False
2005-10-14,1.202530,1.210750,1.197580,1.207000,38027,False
2005-10-17,1.207600,1.212000,1.201200,1.202330,35896,False
2005-10-18,1.202430,1.202630,1.191550,1.195830,37962,False
2005-10-19,1.195730,1.200280,1.187490,1.199080,40239,False
2005-10-20,1.199180,1.202330,1.194800,1.202130,36113,False
2005-10-21,1.202130,1.207680,1.192930,1.194800,37825,False
2005-10-24,1.193150,1.202030,1.192250,1.198430,33992,False
2005-10-25,1.198430,1.211630,1.193550,1.210540,38892,False
2005-10-26,1.210440,1.213560,1.204810,1.206840,38650,False
2005-10-27,1.206840,1.217240,1.204340,1.214040,39373,False
2005-10-28,1.214040,1.216960,1.204900,1.206500,35244,False
2005-10-31,1.205600,1.208850,1.196810,1.199140,35805,False
2005-11-01,1.199140,1.203060,1.197280,1.201760,37804,False
2005-11-02,1.201760,1.208380,1.198810,1.207300,35827,False
2005-11-03,1.207300,1.208150,1.193530,1.194430,35934,False
2005-11-04,1.194430,1.199300,1.180250,1.180750,36324,False
2005-11-07,1.180900,1.197680,1.177630,1.180430,36843,False
2005-11-08,1.180430,1.180430,1.170930,1.177980,39756,False
2005-11-09,1.177980,1.179230,1.171750,1.176430,38135,False
2005-11-10,1.176430,1.179570,1.167730,1.168630,36427,False
2005-11-11,1.168530,1.172900,1.167030,1.172900,28404,False
2005-11-14,1.171600,1.177200,1.166030,1.168760,36725,False
2005-11-15,1.168760,1.172760,1.163950,1.171800,37714,False
2005-11-16,1.171800,1.173630,1.164610,1.166860,37507,False
2005-11-17,1.166960,1.176230,1.164250,1.174830,38979,False
2005-11-18,1.174830,1.179450,1.166300,1.176900,36535,False
2005-11-21,1.176500,1.183580,1.171850,1.172650,37034,False
2005-11-22,1.172650,1.182330,1.168510,1.181300,39149,False
2005-11-23,1.181400,1.186530,1.176300,1.182130,32554,False
2005-11-24,1.182130,1.182330,1.177130,1.178850,24427,False
2005-11-25,1.178750,1.179000,1.171130,1.171900,28752,False
2005-11-28,1.170900,1.190130,1.168050,1.185060,35903,False
2005-11-29,1.184930,1.186130,1.173880,1.177800,36674,False
2005-11-30,1.177800,1.180180,1.175400,1.178700,35046,False
2005-12-01,1.178700,1.180530,1.169050,1.173730,34627,False
2005-12-02,1.173630,1.175050,1.166000,1.171300,31393,False
2005-12-05,1.169500,1.181900,1.168800,1.178730,35358,False
2005-12-06,1.178730,1.180630,1.175600,1.177930,35596,False
2005-12-07,1.177930,1.180130,1.170350,1.172430,33666,False
2005-12-08,1.172330,1.184800,1.170430,1.181580,34878,False
2005-12-09,1.181580,1.183650,1.176650,1.180700,33079,False
2005-12-12,1.177800,1.198170,1.177500,1.195200,35907,False
2005-12-13,1.195300,1.198650,1.190600,1.194280,37595,False
2005-12-14,1.194280,1.206060,1.192980,1.200030,38617,False
2005-12-15,1.199930,1.203900,1.193550,1.197730,38053,False
2005-12-16,1.197730,1.202650,1.193680,1.200800,35195,False
2005-12-19,1.201900,1.203400,1.197550,1.200530,33197,False
2005-12-20,1.200530,1.201130,1.183930,1.185930,35285,False
2005-12-21,1.185830,1.191050,1.180020,1.183510,35147,False
2005-12-22,1.183510,1.189620,1.180950,1.186710,31092,False
2005-12-23,1.186710,1.188390,1.182950,1.186300,23023,False
2005-12-26,1.185700,1.186900,1.183100,1.184350,3998,False
2005-12-27,1.184350,1.187700,1.182600,1.182600,27251,False
2005-12-28,1.182600,1.193120,1.181310,1.183260,40669,False
2005-12-29,1.183260,1.188100,1.181930,1.183900,38440,False
2005-12-30,1.184000,1.188750,1.177750,1.184300,29958,False
2006-01-02,1.184000,1.186400,1.179900,1.181950,3054,False
2006-01-03,1.181950,1.202930,1.181050,1.201700,37669,False
2006-01-04,1.201700,1.214300,1.200530,1.211930,39583,False
2006-01-05,1.211930,1.212130,1.206600,1.210930,37709,False
2006-01-06,1.210930,1.217990,1.207980,1.214700,31208,False
2006-01-09,1.214400,1.215400,1.205310,1.208630,33081,False
2006-01-10,1.208630,1.210800,1.203550,1.206230,34664,False
2006-01-11,1.206330,1.214330,1.204500,1.212700,34757,False
2006-01-12,1.212600,1.216250,1.200620,1.203400,35042,False
2006-01-13,1.203300,1.214150,1.202600,1.213800,33926,False
2006-01-16,1.214400,1.217000,1.210650,1.212600,24249,False
2006-01-17,1.212700,1.213950,1.205100,1.210630,10673,False
2006-01-18,1.210730,1.215950,1.207100,1.211030,14112,False
2006-01-19,1.210980,1.212530,1.205300,1.209680,11405,False
2006-01-20,1.209730,1.213980,1.204000,1.212900,10720,False
2006-01-23,1.213600,1.231030,1.213200,1.230330,13619,False
2006-01-24,1.230330,1.232130,1.225650,1.227960,11433,False
2006-01-25,1.228060,1.232250,1.223550,1.223930,12917,False
2006-01-26,1.223930,1.226800,1.220130,1.220630,10626,False
2006-01-27,1.220530,1.223450,1.208680,1.208900,13569,False
2006-01-30,1.210050,1.211400,1.206300,1.208880,9500,False
2006-01-31,1.208980,1.218730,1.207930,1.215510,11211,False
2006-02-01,1.215510,1.216280,1.204700,1.206430,10796,False
2006-02-02,1.206430,1.210630,1.203230,1.209030,10584,False
2006-02-03,1.209030,1.211280,1.196750,1.201900,10570,False
2006-02-06,1.203400,1.204200,1.194650,1.196700,9389,False
2006-02-07,1.196600,1.201600,1.194230,1.197850,9869,False
2006-02-08,1.197950,1.199300,1.192300,1.196100,9451,False
2006-02-09,1.196200,1.199500,1.194600,1.197900,9033,False
2006-02-10,1.198000,1.202450,1.188930,1.190100,11340,False
2006-02-13,1.189500,1.191900,1.187700,1.189600,8405,False
2006-02-14,1.189600,1.192370,1.185900,1.191430,8990,False
2006-02-15,1.191430,1.195330,1.187030,1.188980,10036,False
2006-02-16,1.189080,1.190700,1.184950,1.190450,8700,False
2006-02-17,1.190450,1.194300,1.185830,1.193400,9878,False
2006-02-20,1.192500,1.197300,1.191900,1.193700,6430,False
2006-02-21,1.193600,1.194100,1.189130,1.191100,7860,False
2006-02-22,1.191050,1.192830,1.186120,1.191200,8596,False
2006-02-23,1.191200,1.196850,1.189230,1.191730,10307,False
2006-02-24,1.191680,1.193230,1.185900,1.187180,9794,False
2006-02-27,1.186800,1.187680,1.182200,1.184680,9337,False
2006-02-28,1.184680,1.193930,1.183480,1.192060,9250,False
2006-03-01,1.192160,1.197350,1.189080,1.192200,10655,False
2006-03-02,1.192150,1.204450,1.191330,1.203750,10326,False
2006-03-03,1.203750,1.205200,1.199570,1.204000,9788,False
2006-03-06,1.204100,1.208900,1.199060,1.201700,9685,False
2006-03-07,1.201700,1.202130,1.186860,1.188700,11348,False
2006-03-08,1.188600,1.193950,1.187430,1.192300,9433,False
2006-03-09,1.192400,1.195130,1.190300,1.191130,9669,False
2006-03-10,1.190930,1.192650,1.186060,1.190400,9409,False
2006-03-13,1.190850,1.196800,1.190600,1.196300,8459,False
2006-03-14,1.196300,1.203080,1.194050,1.201180,10176,False
2006-03-15,1.201130,1.207300,1.200660,1.206800,9797,False
2006-03-16,1.206750,1.218830,1.203630,1.218230,11407,False
2006-03-17,1.218230,1.220580,1.214120,1.218600,11077,False
2006-03-20,1.217700,1.219550,1.214830,1.216360,11038,False
2006-03-21,1.216260,1.216500,1.207610,1.209450,10754,False
2006-03-22,1.209450,1.211400,1.206550,1.207660,9536,False
2006-03-23,1.207660,1.208130,1.195630,1.197030,10073,False
2006-03-24,1.196930,1.204550,1.195100,1.202900,9262,False
2006-03-27,1.203400,1.205800,1.200590,1.201580,7533,False
2006-03-28,1.201480,1.210730,1.199280,1.199930,11356,False
2006-03-29,1.199930,1.204750,1.198000,1.202310,9533,False
2006-03-30,1.202210,1.217200,1.202110,1.216600,11687,False
2006-03-31,1.216600,1.217430,1.208260,1.211300,11606,False
2006-04-03,1.210950,1.214730,1.203350,1.213700,11178,False
2006-04-04,1.213700,1.227630,1.212000,1.225650,12541,False
2006-04-05,1.225650,1.230500,1.224450,1.228750,11554,False
2006-04-06,1.228750,1.233120,1.219600,1.222830,13161,False
2006-04-07,1.222830,1.223230,1.208600,1.208800,12840,False
2006-04-10,1.210050,1.212800,1.207660,1.210980,8419,False
2006-04-11,1.210980,1.215330,1.209130,1.214430,9231,False
2006-04-12,1.214630,1.216830,1.206600,1.210280,9825,False
2006-04-13,1.210380,1.213220,1.206950,1.210880,9778,False
2006-04-14,1.210980,1.211780,1.209830,1.210500,3961,False
2006-04-17,1.211900,1.228700,1.211800,1.225060,9609,False
2006-04-18,1.224860,1.236000,1.222350,1.235000,11353,False
2006-04-19,1.235000,1.239330,1.228530,1.238160,12721,False
2006-04-20,1.238060,1.238360,1.228680,1.231780,10533,False
2006-04-21,1.231780,1.235930,1.226600,1.233500,11300,False
2006-04-24,1.236500,1.241330,1.233340,1.238710,10874,False
2006-04-25,1.238610,1.243850,1.236680,1.242980,11002,False
2006-04-26,1.242880,1.247000,1.238400,1.245230,11734,False
2006-04-27,1.245130,1.254700,1.240520,1.253330,10468,False
2006-04-28,1.253230,1.263600,1.252130,1.262900,12022,False
2006-05-01,1.262100,1.268800,1.255600,1.258700,10116,False
2006-05-02,1.258600,1.266800,1.255850,1.261290,11402,False
2006-05-03,1.261190,1.266800,1.259010,1.263180,11611,False
2006-05-04,1.263080,1.272330,1.257050,1.269230,12816,False
2006-05-05,1.269230,1.276450,1.267450,1.272220,10863,False
2006-05-08,1.273100,1.278620,1.269180,1.271180,10272,False
2006-05-09,1.271080,1.278290,1.266140,1.275730,11199,False
2006-05-10,1.275830,1.283250,1.275180,1.278250,16521,False
2006-05-11,1.278250,1.287210,1.268500,1.283430,20686,False
2006-05-12,1.283530,1.295710,1.282980,1.292250,22334,False
2006-05-15,1.293900,1.296470,1.277880,1.279630,21412,False
2006-05-16,1.279630,1.286690,1.277000,1.285730,20432,False
2006-05-17,1.285780,1.291920,1.270140,1.274150,22383,False
2006-05-18,1.274150,1.285780,1.272280,1.284260,19594,False
2006-05-19,1.284260,1.287180,1.269360,1.277300,21230,False
2006-05-22,1.275650,1.288470,1.269380,1.286550,19333,False
2006-05-23,1.286350,1.287700,1.280680,1.281510,18623,False
2006-05-24,1.281560,1.289010,1.272990,1.275430,24512,False
2006-05-25,1.275430,1.281760,1.274680,1.279680,18187,False
2006-05-26,1.279680,1.283200,1.270030,1.273290,18747,False
2006-05-29,1.273140,1.276730,1.271290,1.274870,8227,False
2006-05-30,1.274970,1.290780,1.274250,1.286910,19691,False
2006-05-31,1.286910,1.290320,1.280630,1.280940,19624,False
2006-06-01,1.280790,1.282350,1.272140,1.280280,19393,False
2006-06-02,1.280330,1.293940,1.279590,1.291270,17471,False
2006-06-05,1.292900,1.297830,1.290510,1.290580,15779,False
2006-06-06,1.290630,1.293340,1.280840,1.283150,17495,False
2006-06-07,1.283100,1.283660,1.275990,1.278530,16579,False
2006-06-08,1.278530,1.280680,1.262660,1.265110,19760,False
2006-06-09,1.265060,1.268340,1.259580,1.263370,16604,False
2006-06-12,1.261550,1.265090,1.256520,1.258590,13600,False
2006-06-13,1.258540,1.261560,1.253010,1.253330,18900,False
2006-06-14,1.253280,1.264650,1.253280,1.259590,17792,False
2006-06-15,1.259540,1.265710,1.258040,1.263550,16035,False
2006-06-16,1.263550,1.267120,1.261780,1.263750,14389,False
2006-06-19,1.264250,1.264800,1.255110,1.257650,13600,False
2006-06-20,1.257650,1.261550,1.253730,1.257810,13318,False
2006-06-21,1.257710,1.267580,1.257610,1.265930,12331,False
2006-06-22,1.265980,1.267810,1.255030,1.257850,14622,False
2006-06-23,1.257750,1.258730,1.247820,1.250150,14608,False
2006-06-26,1.251050,1.260200,1.249950,1.258030,14384,False
2006-06-27,1.258180,1.261740,1.256120,1.257710,14974,False
2006-06-28,1.257760,1.258480,1.251650,1.255540,13202,False
2006-06-29,1.255590,1.266600,1.251970,1.266460,16037,False
2006-06-30,1.266410,1.278930,1.265730,1.278600,17505,False
2006-07-03,1.277850,1.282130,1.276190,1.280180,13983,False
2006-07-04,1.280180,1.282080,1.278590,1.279930,10212,False
2006-07-05,1.280030,1.283730,1.270700,1.272350,16477,False
2006-07-06,1.272350,1.278280,1.271600,1.277940,13568,False
2006-07-07,1.277840,1.286580,1.276590,1.280550,13153,False
2006-07-10,1.281250,1.281640,1.272050,1.272750,13330,False
2006-07-11,1.272700,1.277650,1.270540,1.277290,13194,False
2006-07-12,1.277290,1.277840,1.267570,1.270360,13659,False
2006-07-13,1.270310,1.272960,1.266490,1.268930,14014,False
2006-07-14,1.268930,1.269730,1.262570,1.264650,14684,False
2006-07-17,1.264350,1.264850,1.251050,1.251730,13373,False
2006-07-18,1.251730,1.255890,1.247280,1.250380,15974,False
2006-07-19,1.250330,1.260820,1.245590,1.258600,16141,False
2006-07-20,1.258750,1.265250,1.258650,1.262680,14718,False
2006-07-21,1.262780,1.269530,1.262340,1.269000,13111,False
2006-07-24,1.270600,1.270950,1.260970,1.263480,12917,False
2006-07-25,1.263380,1.267010,1.256350,1.257830,14127,False
2006-07-26,1.257880,1.271830,1.255830,1.271680,14539,False
2006-07-27,1.271630,1.277080,1.268160,1.269730,16390,False
2006-07-28,1.269680,1.276840,1.265960,1.275350,14836,False
2006-07-31,1.276000,1.278160,1.273950,1.276610,13550,False
2006-08-01,1.276410,1.282780,1.272030,1.282530,14420,False
2006-08-02,1.282430,1.283410,1.277490,1.278730,13601,False
2006-08-03,1.278780,1.283260,1.274210,1.280140,15969,False
2006-08-04,1.280280,1.290750,1.277530,1.286950,14015,False
2006-08-07,1.286750,1.288800,1.283050,1.284080,10687,False
2006-08-08,1.283980,1.289100,1.280680,1.283180,13772,False
2006-08-09,1.283280,1.290180,1.276310,1.285980,15171,False
2006-08-10,1.285980,1.291210,1.274740,1.279330,16761,False
2006-08-11,1.279330,1.279890,1.271280,1.271430,14163,False
2006-08-14,1.271950,1.276140,1.270550,1.271480,11612,False
2006-08-15,1.271430,1.280420,1.269380,1.278280,13413,False
2006-08-16,1.278280,1.286310,1.276970,1.283930,11591,False
2006-08-17,1.284030,1.288680,1.281330,1.282680,12470,False
2006-08-18,1.282780,1.284430,1.278110,1.281950,11409,False
2006-08-21,1.282100,1.293730,1.281900,1.289200,12720,False
2006-08-22,1.289200,1.289600,1.278380,1.280260,14283,False
2006-08-23,1.280310,1.284900,1.277550,1.278680,12032,False
2006-08-24,1.278680,1.283730,1.274250,1.276340,13608,False
2006-08-25,1.276390,1.278280,1.272600,1.274750,12385,False
2006-08-28,1.276100,1.282010,1.275050,1.277910,8438,False
2006-08-29,1.277910,1.283820,1.275050,1.282190,14296,False
2006-08-30,1.282140,1.285190,1.281110,1.283280,12891,False
2006-08-31,1.283530,1.287910,1.278480,1.281200,14191,False
2006-09-01,1.281100,1.284480,1.275510,1.282900,13574,False
2006-09-04,1.283750,1.287310,1.283550,1.287200,9526,False
2006-09-05,1.287150,1.287280,1.279590,1.281480,11770,False
2006-09-06,1.281480,1.283170,1.277060,1.280440,12359,False
2006-09-07,1.280390,1.282920,1.270630,1.273080,15655,False
2006-09-08,1.273180,1.274050,1.265130,1.266820,13084,False
2006-09-11,1.266750,1.273990,1.264800,1.270100,12640,False
2006-09-12,1.270050,1.273050,1.267060,1.268690,13741,False
2006-09-13,1.268690,1.271710,1.266450,1.268980,12003,False
2006-09-14,1.268980,1.275180,1.267460,1.272280,12873,False
2006-09-15,1.272330,1.273390,1.263070,1.265900,12782,False
2006-09-18,1.263700,1.270930,1.262650,1.270280,11804,False
2006-09-19,1.270230,1.272510,1.264730,1.267710,13633,False
2006-09-20,1.267810,1.272650,1.266440,1.268510,11545,False
2006-09-21,1.268510,1.279750,1.268330,1.277990,15078,False
2006-09-22,1.277980,1.282970,1.277600,1.277900,13293,False
2006-09-25,1.278150,1.281880,1.273160,1.274490,11213,False
2006-09-26,1.274490,1.276130,1.266260,1.268950,13271,False
2006-09-27,1.268950,1.271690,1.267090,1.269980,12351,False
2006-09-28,1.269930,1.273240,1.267830,1.270280,21629,False
2006-09-29,1.270230,1.271330,1.263870,1.266850,22174,False
2006-10-02,1.267950,1.275680,1.266200,1.273700,11636,False
2006-10-03,1.273750,1.276430,1.272050,1.273100,10772,False
2006-10-04,1.273150,1.273840,1.266710,1.271420,12203,False
2006-10-05,1.271370,1.272460,1.267100,1.269310,12020,False
2006-10-06,1.269210,1.271220,1.257230,1.259590,12668,False
2006-10-09,1.259000,1.261360,1.258190,1.259410,11746,False
2006-10-10,1.259510,1.261260,1.251640,1.253640,23902,False
2006-10-11,1.253590,1.255630,1.250210,1.251500,25049,False
2006-10-12,1.251550,1.256630,1.251340,1.255390,14860,False
2006-10-13,1.255390,1.257650,1.248230,1.250850,11797,False
2006-10-16,1.250050,1.253650,1.248920,1.253250,14924,False
2006-10-17,1.253310,1.256480,1.250510,1.254410,16398,False
2006-10-18,1.254460,1.255820,1.250150,1.253200,10871,False
2006-10-19,1.253150,1.264080,1.252650,1.262390,12827,False
2006-10-20,1.262440,1.263930,1.259730,1.261290,10199,False
2006-10-23,1.261250,1.262070,1.253610,1.255050,10880,False
2006-10-24,1.255100,1.257530,1.252450,1.255690,12411,False
2006-10-25,1.255590,1.262120,1.255010,1.260200,15827,False
2006-10-26,1.260150,1.270120,1.259930,1.269280,18314,False
2006-10-27,1.269280,1.274930,1.266300,1.273590,15243,False
2006-10-30,1.272900,1.273520,1.269860,1.272300,13385,False
2006-10-31,1.272310,1.278220,1.267830,1.276110,14230,False
2006-11-01,1.276110,1.279830,1.274250,1.275630,14943,False
2006-11-02,1.275630,1.278430,1.273720,1.277680,15123,False
2006-11-03,1.277680,1.278400,1.268280,1.271250,12582,False
2006-11-06,1.271450,1.272410,1.268950,1.272240,9459,False
2006-11-07,1.272240,1.281830,1.272090,1.277610,12457,False
2006-11-08,1.277560,1.280710,1.274630,1.275680,11661,False
2006-11-09,1.275730,1.284650,1.274980,1.282730,13297,False
2006-11-10,1.282680,1.290000,1.282620,1.283560,16920,False
2006-11-13,1.284100,1.287730,1.279680,1.280510,16177,False
2006-11-14,1.280460,1.286980,1.279030,1.281030,20082,False
2006-11-15,1.281030,1.283320,1.277300,1.282650,16395,False
2006-11-16,1.282730,1.283570,1.278430,1.279490,14833,False
2006-11-17,1.279570,1.284400,1.276230,1.282250,18549,False
2006-11-20,1.282400,1.285060,1.280500,1.281450,10998,False
2006-11-21,1.281400,1.285280,1.279810,1.284430,11574,False
2006-11-22,1.284430,1.295650,1.283930,1.294280,16093,False
2006-11-23,1.294180,1.297450,1.292720,1.294330,11558,False
2006-11-24,1.294280,1.310920,1.294230,1.308900,16137,False
2006-11-27,1.316350,1.316650,1.308490,1.313380,16327,False
2006-11-28,1.313420,1.320750,1.311980,1.319910,20577,False
2006-11-29,1.319930,1.321780,1.312640,1.315370,26675,False
2006-11-30,1.315330,1.327360,1.314210,1.324200,25232,False
2006-12-01,1.324150,1.334700,1.322010,1.333350,20833,False
2006-12-04,1.332900,1.336450,1.328250,1.334090,18815,False
2006-12-05,1.334090,1.336230,1.328750,1.331520,19369,False
2006-12-06,1.331570,1.333980,1.325540,1.328650,18881,False
2006-12-07,1.328700,1.332330,1.327480,1.328590,18033,False
2006-12-08,1.328710,1.336250,1.319160,1.319750,30687,False
2006-12-11,1.317500,1.326210,1.313030,1.323620,21464,False
2006-12-12,1.323630,1.328980,1.320750,1.328410,24812,False
2006-12-13,1.328480,1.328790,1.319150,1.321230,21923,False
2006-12-14,1.321130,1.325230,1.314060,1.314210,26190,False
2006-12-15,1.314260,1.318510,1.305980,1.307550,33287,False
2006-12-18,1.307890,1.311750,1.305220,1.309620,21026,False
2006-12-19,1.309620,1.321360,1.308300,1.319580,31051,False
2006-12-20,1.319600,1.324510,1.316000,1.317250,30617,False
2006-12-21,1.317150,1.321280,1.314050,1.317530,29989,False
2006-12-22,1.317530,1.321210,1.310860,1.312300,26282,False
2006-12-25,1.311200,1.314220,1.310250,1.313830,2783,False
2006-12-26,1.313930,1.313930,1.308900,1.309730,8952,False
2006-12-27,1.309730,1.317710,1.309490,1.311320,24695,False
2006-12-28,1.311320,1.320050,1.310510,1.314760,26843,False
2006-12-29,1.314740,1.320410,1.313610,1.319270,23154,False
2007-01-01,1.319450,1.319550,1.318700,1.319350,58,False
2007-01-02,1.319350,1.329570,1.319250,1.327260,21658,False
2007-01-03,1.327220,1.328950,1.314610,1.316810,29627,False
2007-01-04,1.316910,1.317840,1.307470,1.308370,33237,False
2007-01-05,1.308420,1.310490,1.298120,1.299750,35441,False
2007-01-08,1.301110,1.303480,1.297230,1.302310,27235,False
2007-01-09,1.302210,1.302910,1.299790,1.300030,615,False
2007-01-10,1.300040,1.300440,1.293100,1.293710,32377,False
2007-01-11,1.293710,1.301550,1.288250,1.289280,36143,False
2007-01-12,1.289280,1.294440,1.286160,1.291850,32259,False
2007-01-15,1.291960,1.295660,1.291180,1.293650,16957,False
2007-01-16,1.293650,1.298840,1.290860,1.291700,29776,False
2007-01-17,1.291750,1.294980,1.289730,1.293720,27949,False
2007-01-18,1.293720,1.297560,1.289620,1.296310,35949,False
2007-01-19,1.296360,1.300060,1.291360,1.295210,26950,False
2007-01-22,1.295910,1.297790,1.292300,1.294920,22096,False
2007-01-23,1.294870,1.304360,1.292860,1.302580,30587,False
2007-01-24,1.302630,1.303610,1.294870,1.297040,33459,False
2007-01-25,1.296990,1.300180,1.291550,1.293160,35854,False
2007-01-26,1.293160,1.294450,1.286690,1.291200,33471,False
2007-01-29,1.291410,1.296600,1.289860,1.295610,22656,False
2007-01-30,1.295610,1.298030,1.294480,1.296900,27473,False
2007-01-31,1.296900,1.303590,1.292510,1.303170,31207,False
2007-02-01,1.303150,1.305160,1.300210,1.302150,29502,False
2007-02-02,1.302250,1.306360,1.295080,1.295660,28518,False
2007-02-05,1.295560,1.296580,1.291400,1.292740,23309,False
2007-02-06,1.292730,1.298940,1.291330,1.298410,26091,False
2007-02-07,1.298500,1.302320,1.297280,1.301060,23426,False
2007-02-08,1.301060,1.304140,1.297570,1.304060,26414,False
2007-02-09,1.304060,1.304360,1.298400,1.300350,24067,False
2007-02-12,1.298600,1.303610,1.294110,1.296510,21729,False
2007-02-13,1.296560,1.304350,1.295540,1.303750,25347,False
2007-02-14,1.303750,1.314980,1.302400,1.313030,31041,False
2007-02-15,1.313030,1.317220,1.311860,1.314140,30876,False
2007-02-16,1.314120,1.314500,1.309400,1.313320,25832,False
2007-02-19,1.315270,1.316070,1.312250,1.315540,13600,False
2007-02-20,1.315510,1.318900,1.313020,1.313770,19040,False
2007-02-21,1.313770,1.316570,1.311160,1.313910,23167,False
2007-02-22,1.314010,1.314360,1.308060,1.312550,14146,False
2007-02-23,1.312560,1.318690,1.310240,1.316150,17621,False
2007-02-26,1.316300,1.319650,1.315110,1.318710,10891,False
2007-02-27,1.318710,1.325840,1.316140,1.324160,19956,False
2007-02-28,1.324160,1.324160,1.317930,1.322840,19622,False
2007-03-01,1.322740,1.323970,1.315550,1.318630,21234,False
2007-03-02,1.318630,1.320050,1.314300,1.318700,24974,False
2007-03-05,1.319650,1.320750,1.307190,1.308880,31185,False
2007-03-06,1.308830,1.313050,1.308140,1.312720,27276,False
2007-03-07,1.312630,1.318390,1.310970,1.317610,21887,False
2007-03-08,1.317640,1.318160,1.311660,1.313340,17514,False
2007-03-09,1.313390,1.315840,1.308730,1.311050,21482,False
2007-03-12,1.313550,1.319940,1.310400,1.318860,14296,False
2007-03-13,1.318840,1.322050,1.315520,1.319620,14629,False
2007-03-14,1.319530,1.324440,1.317710,1.322140,15912,False
2007-03-15,1.322140,1.325120,1.319270,1.323620,14811,False
2007-03-16,1.323570,1.333910,1.323310,1.331290,16466,False
2007-03-19,1.331100,1.332450,1.327970,1.330220,11122,False
2007-03-20,1.330270,1.332090,1.327110,1.331590,13112,False
2007-03-21,1.331590,1.338890,1.328900,1.338490,12869,False
2007-03-22,1.338460,1.341060,1.331170,1.333080,16371,False
2007-03-23,1.333130,1.334240,1.327700,1.327850,17021,False
2007-03-26,1.327950,1.334590,1.325350,1.332960,20915,False
2007-03-27,1.332960,1.336290,1.332180,1.335210,20115,False
2007-03-28,1.335210,1.337300,1.330900,1.331310,26756,False
2007-03-29,1.331310,1.335330,1.330260,1.333150,21068,False
2007-03-30,1.333160,1.339880,1.328800,1.334950,25895,False
2007-04-02,1.336850,1.338340,1.333160,1.336520,25590,False
2007-04-03,1.336520,1.338110,1.331920,1.333010,22250,False
2007-04-04,1.333110,1.338000,1.331910,1.336650,14230,False
2007-04-05,1.336660,1.343990,1.335330,1.342920,13488,False
2007-04-06,1.342920,1.343120,1.336380,1.337250,11626,False
2007-04-09,1.337050,1.337880,1.334000,1.335430,11556,False
2007-04-10,1.335430,1.345420,1.334890,1.343840,26244,False
2007-04-11,1.343840,1.344040,1.340760,1.343070,15631,False
2007-04-12,1.343020,1.350330,1.342850,1.348040,15923,False
2007-04-13,1.348030,1.354880,1.348030,1.352250,23565,False
2007-04-16,1.354850,1.357440,1.353190,1.353410,25974,False
2007-04-17,1.353410,1.359330,1.352520,1.356510,23425,False
2007-04-18,1.356510,1.361610,1.355730,1.360810,14474,False
2007-04-19,1.360800,1.361830,1.356140,1.361140,19354,False
2007-04-20,1.361190,1.363710,1.358200,1.358530,18770,False
2007-04-23,1.359450,1.360250,1.354140,1.357530,13248,False
2007-04-24,1.357480,1.364260,1.354740,1.363830,22330,False
2007-04-25,1.363840,1.366480,1.362210,1.363740,21994,False
2007-04-26,1.363740,1.365290,1.358440,1.360040,18052,False
2007-04-27,1.360090,1.367800,1.358600,1.364720,29925,False
2007-04-30,1.362650,1.367760,1.358930,1.364740,24079,False
2007-05-01,1.364620,1.367250,1.359040,1.360370,26108,False
2007-05-02,1.360390,1.361140,1.356090,1.359210,18756,False
2007-05-03,1.359210,1.362270,1.354660,1.354940,27287,False
2007-05-04,1.354990,1.361080,1.353530,1.358600,26133,False
2007-05-07,1.359850,1.362710,1.358600,1.360110,16019,False
2007-05-08,1.360090,1.362090,1.351600,1.354180,26993,False
2007-05-09,1.354230,1.356610,1.351960,1.352710,24725,False
2007-05-10,1.352710,1.356340,1.346530,1.348360,30114,False
2007-05-11,1.348310,1.352860,1.346090,1.351950,23282,False
2007-05-14,1.353150,1.355740,1.352400,1.354560,21609,False
2007-05-15,1.354580,1.360860,1.352710,1.359020,23507,False
2007-05-16,1.359070,1.360860,1.350420,1.351510,28482,False
2007-05-17,1.351410,1.354370,1.347640,1.349350,21792,False
2007-05-18,1.349360,1.352060,1.346460,1.350340,21454,False
2007-05-21,1.351450,1.352600,1.343630,1.346840,24697,False
2007-05-22,1.346820,1.347560,1.343860,1.344800,19823,False
2007-05-23,1.344800,1.350080,1.341600,1.345830,29564,False
2007-05-24,1.345840,1.346220,1.341530,1.342870,21645,False
2007-05-25,1.342940,1.347180,1.340940,1.343640,25442,False
2007-05-28,1.344350,1.345830,1.344000,1.345230,5631,False
2007-05-29,1.345260,1.352060,1.341930,1.344790,27887,False
2007-05-30,1.344880,1.345590,1.340700,1.342890,26739,False
2007-05-31,1.342920,1.347250,1.342340,1.345260,19802,False
2007-06-01,1.345240,1.346280,1.339130,1.344590,24690,False
2007-06-04,1.343550,1.349860,1.343150,1.348860,12554,False
2007-06-05,1.348860,1.355360,1.348730,1.352370,14404,False
2007-06-06,1.352420,1.353770,1.348540,1.350360,12884,False
2007-06-07,1.350340,1.351170,1.342240,1.343340,20602,False
2007-06-08,1.343310,1.343540,1.331980,1.336840,19916,False
2007-06-11,1.336750,1.336800,1.333280,1.335680,12946,False
2007-06-12,1.335730,1.336870,1.330120,1.330160,13974,False
2007-06-13,1.330110,1.331490,1.326100,1.331040,21223,False
2007-06-14,1.331140,1.332310,1.327960,1.331080,18294,False
2007-06-15,1.331060,1.338590,1.330450,1.338370,18892,False
2007-06-18,1.337350,1.341820,1.337100,1.341360,15457,False
2007-06-19,1.341410,1.343580,1.338360,1.342650,17161,False
2007-06-20,1.342650,1.343690,1.339620,1.340420,17731,False
2007-06-21,1.340370,1.340840,1.337220,1.338920,17371,False
2007-06-22,1.338910,1.346850,1.338180,1.346400,22962,False
2007-06-25,1.346350,1.347260,1.343920,1.346170,10790,False
2007-06-26,1.346140,1.347740,1.343180,1.345380,11843,False
2007-06-27,1.345340,1.345840,1.341510,1.345310,17661,False
2007-06-28,1.345260,1.348170,1.342340,1.344770,16642,False
2007-06-29,1.344820,1.353960,1.343040,1.353600,19036,False
2007-07-02,1.353650,1.363770,1.352780,1.362290,12645,False
2007-07-03,1.362210,1.363410,1.358430,1.360770,12960,False
2007-07-04,1.360750,1.363050,1.360520,1.361260,9371,False
2007-07-05,1.361260,1.365850,1.357940,1.359790,17105,False
2007-07-06,1.359790,1.364020,1.356770,1.362280,15946,False
2007-07-09,1.362850,1.363760,1.361010,1.362610,9991,False
2007-07-10,1.362610,1.374760,1.359370,1.374660,16909,False
2007-07-11,1.374680,1.378510,1.373140,1.374490,19176,False
2007-07-12,1.374500,1.379770,1.374070,1.378870,16021,False
2007-07-13,1.378870,1.381270,1.376280,1.377850,15301,False
2007-07-16,1.378200,1.380300,1.375900,1.377220,11844,False
2007-07-17,1.377190,1.379860,1.375670,1.378090,10398,False
2007-07-18,1.378120,1.383260,1.375220,1.380270,15063,False
2007-07-19,1.380320,1.383010,1.378620,1.380380,15700,False
2007-07-20,1.380330,1.384310,1.377920,1.382220,18640,False
2007-07-23,1.383050,1.384290,1.379470,1.380680,14907,False
2007-07-24,1.380660,1.385160,1.379830,1.382270,15490,False
2007-07-25,1.382270,1.383240,1.369610,1.372060,20426,False
2007-07-26,1.372030,1.377040,1.369200,1.374610,21212,False
2007-07-27,1.374570,1.375280,1.362220,1.363020,34070,False
2007-07-30,1.361450,1.370450,1.360430,1.369610,21529,False
2007-07-31,1.369690,1.372640,1.367880,1.368340,19218,False
2007-08-01,1.368190,1.370870,1.363710,1.366700,23621,False
2007-08-02,1.366700,1.370460,1.365120,1.370240,28713,False
2007-08-03,1.370290,1.381830,1.368260,1.376850,29145,False
2007-08-06,1.380200,1.383800,1.377980,1.379280,29117,False
2007-08-07,1.379290,1.381570,1.373210,1.373640,28988,False
2007-08-08,1.373620,1.382560,1.372110,1.379720,17709,False
2007-08-09,1.379670,1.381670,1.365420,1.367770,18419,False
2007-08-10,1.367920,1.370480,1.364130,1.368890,21656,False
2007-08-13,1.368330,1.370770,1.360360,1.361250,17811,False
2007-08-14,1.361110,1.362550,1.353110,1.353250,31159,False
2007-08-15,1.353270,1.353930,1.343950,1.344190,33774,False
2007-08-16,1.344140,1.344630,1.336060,1.342530,42816,False
2007-08-17,1.342530,1.354590,1.337170,1.346950,32423,False
2007-08-20,1.347800,1.350760,1.346030,1.347450,19263,False
2007-08-21,1.347430,1.351950,1.345570,1.346590,18961,False
2007-08-22,1.346590,1.355050,1.345060,1.354160,18490,False
2007-08-23,1.354210,1.358650,1.353310,1.356470,19797,False
2007-08-24,1.356370,1.368110,1.355350,1.367040,19695,False
2007-08-27,1.367090,1.368330,1.363530,1.364680,11836,False
2007-08-28,1.364680,1.368020,1.360190,1.360340,18898,False
2007-08-29,1.360340,1.367970,1.356240,1.367640,16153,False
2007-08-30,1.367670,1.367970,1.359210,1.362480,18584,False
2007-08-31,1.362490,1.371900,1.361550,1.362450,19143,False
2007-09-03,1.362750,1.365390,1.360550,1.362390,10892,False
2007-09-04,1.362390,1.362610,1.355110,1.360440,17052,False
2007-09-05,1.360440,1.367060,1.356920,1.364590,18311,False
2007-09-06,1.364600,1.370940,1.363500,1.369110,17626,False
2007-09-07,1.369060,1.379840,1.366330,1.376300,20696,False
2007-09-10,1.376550,1.381530,1.376530,1.380220,14711,False
2007-09-11,1.380220,1.384820,1.377820,1.383870,16039,False
2007-09-12,1.383870,1.391340,1.382430,1.390190,18765,False
2007-09-13,1.390160,1.392690,1.386300,1.388460,21810,False
2007-09-14,1.388410,1.389540,1.384340,1.386950,25097,False
2007-09-17,1.386250,1.388810,1.384880,1.386740,18585,False
2007-09-18,1.386720,1.398750,1.382820,1.398300,18867,False
2007-09-19,1.398250,1.398710,1.393620,1.395710,21518,False
2007-09-20,1.395760,1.409800,1.395570,1.406420,19745,False
2007-09-21,1.406420,1.412000,1.404210,1.408600,18340,False
2007-09-24,1.408750,1.412910,1.406740,1.408640,15108,False
2007-09-25,1.408580,1.415400,1.406110,1.413760,18818,False
2007-09-26,1.413760,1.416200,1.411100,1.412760,18270,False
2007-09-27,1.412770,1.418900,1.412330,1.415190,19897,False
2007-09-28,1.415240,1.427820,1.414540,1.426200,19802,False
2007-10-01,1.427050,1.427650,1.421040,1.423130,15370,False
2007-10-02,1.423130,1.423730,1.413830,1.415410,17259,False
2007-10-03,1.415380,1.420040,1.408330,1.409030,18183,False
2007-10-04,1.409030,1.415030,1.406730,1.413830,17008,False
2007-10-05,1.413830,1.415850,1.403130,1.413030,16948,False
2007-10-08,1.413540,1.414890,1.403640,1.404810,15868,False
2007-10-09,1.404840,1.411410,1.401470,1.410610,21611,False
2007-10-10,1.410560,1.417110,1.409340,1.414530,17574,False
2007-10-11,1.414510,1.424080,1.413480,1.419590,20469,False
2007-10-12,1.419590,1.421280,1.415480,1.417370,20820,False
2007-10-15,1.417100,1.424310,1.416000,1.420460,16300,False
2007-10-16,1.420410,1.422590,1.414430,1.417270,20733,False
2007-10-17,1.417350,1.423010,1.415730,1.420720,21365,False
2007-10-18,1.420680,1.431040,1.419580,1.429260,24317,False
2007-10-19,1.429280,1.431920,1.424490,1.429610,21558,False
2007-10-22,1.432650,1.434270,1.412610,1.418130,30675,False
2007-10-23,1.418130,1.427890,1.417070,1.426280,32101,False
2007-10-24,1.426260,1.426740,1.418790,1.426560,27012,False
2007-10-25,1.426560,1.434400,1.424730,1.432370,31089,False
2007-10-26,1.432380,1.439300,1.431750,1.438790,18784,False
2007-10-29,1.441600,1.443820,1.437740,1.442460,18260,False
2007-10-30,1.442370,1.444080,1.437440,1.443190,17277,False
2007-10-31,1.443190,1.450370,1.441950,1.448650,19276,False
2007-11-01,1.448710,1.448710,1.440380,1.442470,22905,False
2007-11-02,1.442470,1.452790,1.441520,1.449930,24130,False
2007-11-05,1.451320,1.452220,1.444300,1.446880,19347,False
2007-11-06,1.446880,1.457010,1.446580,1.455600,19569,False
2007-11-07,1.455570,1.473030,1.455440,1.463680,27929,False
2007-11-08,1.463680,1.470320,1.461330,1.467540,29914,False
2007-11-09,1.467640,1.475220,1.463190,1.467330,29569,False
2007-11-12,1.466630,1.466980,1.452610,1.453210,31687,False
2007-11-13,1.453210,1.463280,1.452010,1.460200,26219,False
2007-11-14,1.460190,1.472490,1.460040,1.465030,28578,False
2007-11-15,1.465080,1.470370,1.460550,1.461200,36566,False
2007-11-16,1.461180,1.467220,1.458140,1.465720,29125,False
2007-11-19,1.466700,1.468650,1.462130,1.466440,29105,False
2007-11-20,1.466440,1.485390,1.463530,1.484130,39504,False
2007-11-21,1.483980,1.486970,1.477540,1.485840,35705,False
2007-11-22,1.485840,1.487400,1.482240,1.484880,20344,False
2007-11-23,1.484930,1.496750,1.478340,1.483250,32174,False
2007-11-26,1.481800,1.488620,1.480450,1.487130,30631,False
2007-11-27,1.487090,1.490780,1.480890,1.482840,37890,False
2007-11-28,1.482840,1.485810,1.471200,1.484110,36038,False
2007-11-29,1.484010,1.484340,1.472320,1.474330,32309,False
2007-11-30,1.474340,1.478420,1.462350,1.462850,32922,False
2007-12-03,1.463450,1.470860,1.462050,1.466700,24215,False
2007-12-04,1.466690,1.476710,1.463530,1.475780,34695,False
2007-12-05,1.475780,1.477050,1.459210,1.461110,23053,False
2007-12-06,1.461060,1.465260,1.452730,1.463760,36863,False
2007-12-07,1.463760,1.467320,1.459880,1.465280,27792,False
2007-12-10,1.465030,1.473590,1.463780,1.471090,15540,False
2007-12-11,1.471090,1.474990,1.463960,1.465480,31035,False
2007-12-12,1.465480,1.474930,1.464980,1.470600,34432,False
2007-12-13,1.470510,1.473740,1.457670,1.463350,32648,False
2007-12-14,1.463400,1.465580,1.441130,1.442470,33624,False
2007-12-17,1.438800,1.445300,1.433050,1.440030,32366,False
2007-12-18,1.440030,1.443610,1.436640,1.441340,25890,False
2007-12-19,1.441390,1.442320,1.432520,1.438330,29341,False
2007-12-20,1.438380,1.439390,1.431010,1.432940,26067,False
2007-12-21,1.432940,1.440980,1.431640,1.437700,21275,False
2007-12-24,1.437000,1.441310,1.436150,1.438850,11002,False
2007-12-25,1.438900,1.439630,1.438710,1.439250,729,False
2007-12-26,1.439250,1.450460,1.438960,1.448890,11035,False
2007-12-27,1.448970,1.463960,1.446940,1.462640,23334,False
2007-12-28,1.462640,1.472640,1.459200,1.471830,23174,False
2007-12-31,1.471200,1.474660,1.456650,1.458700,18228,False
2008-01-01,1.458650,1.460300,1.456750,1.458700,632,False
2008-01-02,1.458550,1.474970,1.458350,1.471420,29922,False
2008-01-03,1.471420,1.478070,1.468710,1.475050,34779,False
2008-01-04,1.475000,1.482500,1.469530,1.473790,35214,False
2008-01-07,1.474150,1.475100,1.465780,1.469490,32443,False
2008-01-08,1.469490,1.473940,1.467990,1.470730,23706,False
2008-01-09,1.470690,1.474220,1.463900,1.465890,35611,False
2008-01-10,1.465940,1.481270,1.464030,1.480340,39507,False
2008-01-11,1.480260,1.481900,1.476130,1.477170,35034,False
2008-01-14,1.477730,1.491440,1.477730,1.486870,28053,False
2008-01-15,1.486920,1.492200,1.480010,1.480380,34081,False
2008-01-16,1.480330,1.485860,1.459400,1.465220,38197,False
2008-01-17,1.465230,1.471500,1.458910,1.464170,39623,False
2008-01-18,1.464240,1.469520,1.459770,1.461620,26539,False
2008-01-21,1.459900,1.459960,1.442130,1.445390,31370,False
2008-01-22,1.445340,1.464290,1.436590,1.462890,43836,False
2008-01-23,1.462880,1.468400,1.451100,1.462990,48324,False
2008-01-24,1.462940,1.477890,1.459070,1.475510,39540,False
2008-01-25,1.475410,1.477740,1.466040,1.467630,34369,False
2008-01-28,1.467520,1.479780,1.465840,1.478080,35460,False
2008-01-29,1.478230,1.479700,1.473730,1.477590,27191,False
2008-01-30,1.477590,1.490640,1.475490,1.486130,35711,False
2008-01-31,1.486190,1.491410,1.480200,1.485990,45640,False
2008-02-01,1.485990,1.494840,1.478600,1.479750,39802,False
2008-02-04,1.480050,1.484870,1.478950,1.482880,33428,False
2008-02-05,1.482880,1.483390,1.462210,1.464730,43342,False
2008-02-06,1.464780,1.467120,1.459150,1.463190,36300,False
2008-02-07,1.463180,1.465140,1.443880,1.448460,43354,False
2008-02-08,1.448370,1.454660,1.445030,1.450060,36281,False
2008-02-11,1.451250,1.457690,1.448140,1.451790,33083,False
2008-02-12,1.451840,1.461450,1.449580,1.458390,37567,False
2008-02-13,1.458390,1.459910,1.453130,1.457290,32651,False
2008-02-14,1.457290,1.464660,1.454790,1.464240,24327,False
2008-02-15,1.464190,1.470910,1.463070,1.467700,32831,False
2008-02-18,1.467500,1.468950,1.461080,1.465780,23149,False
2008-02-19,1.465680,1.475620,1.464180,1.472530,29483,False
2008-02-20,1.472580,1.473130,1.461380,1.471440,33721,False
2008-02-21,1.471440,1.483710,1.470210,1.481360,32849,False
2008-02-22,1.481410,1.486310,1.478810,1.482170,25831,False
2008-02-25,1.483450,1.484380,1.479430,1.482980,26762,False
2008-02-26,1.482980,1.498600,1.477730,1.497390,30341,False
2008-02-27,1.497390,1.514340,1.497090,1.511990,41600,False
2008-02-28,1.511940,1.522960,1.507380,1.519290,37949,False
2008-02-29,1.519090,1.523860,1.514310,1.517360,37422,False
2008-03-03,1.518920,1.527590,1.515730,1.520360,32377,False
2008-03-04,1.520310,1.524910,1.517330,1.521610,26582,False
2008-03-05,1.521610,1.530180,1.514540,1.526460,26907,False
2008-03-06,1.526460,1.539390,1.526110,1.538030,30660,False
2008-03-07,1.537930,1.545750,1.531430,1.535070,30719,False
2008-03-10,1.535820,1.540060,1.531300,1.534310,23927,False
2008-03-11,1.534300,1.549520,1.528250,1.533760,41982,False
2008-03-12,1.533710,1.557160,1.533110,1.555080,41663,False
2008-03-13,1.555070,1.564520,1.552210,1.563530,45918,False
2008-03-14,1.563530,1.568720,1.553210,1.566870,48968,False
2008-03-17,1.567650,1.590350,1.567500,1.572830,56419,False
2008-03-18,1.572830,1.583180,1.561670,1.562340,47517,False
2008-03-19,1.562410,1.578470,1.558180,1.562540,45978,False
2008-03-20,1.562540,1.565050,1.539630,1.542750,41048,False
2008-03-21,1.542740,1.547250,1.540420,1.542890,9381,False
2008-03-24,1.543650,1.545450,1.534050,1.542180,23762,False
2008-03-25,1.542240,1.565860,1.540720,1.564980,35238,False
2008-03-26,1.564930,1.585890,1.558380,1.584510,42149,False
2008-03-27,1.584560,1.584690,1.572600,1.577740,40727,False
2008-03-28,1.577740,1.583880,1.574100,1.578960,42703,False
2008-03-31,1.579700,1.589650,1.575960,1.578790,37754,False
2008-04-01,1.578740,1.578830,1.556280,1.561380,44709,False
2008-04-02,1.561390,1.570170,1.553330,1.568540,45823,False
2008-04-03,1.568530,1.569700,1.551030,1.568450,43483,False
2008-04-04,1.568350,1.577380,1.563750,1.573250,34565,False
2008-04-07,1.572620,1.573220,1.562660,1.570990,29379,False
2008-04-08,1.571040,1.579800,1.567400,1.571110,39046,False
2008-04-09,1.571210,1.586490,1.568290,1.583120,31356,False
2008-04-10,1.583120,1.591270,1.572480,1.574230,37214,False
2008-04-11,1.574230,1.585490,1.573860,1.580230,35015,False
2008-04-14,1.569350,1.588580,1.567010,1.583170,36534,False
2008-04-15,1.583180,1.587510,1.575150,1.578890,35517,False
2008-04-16,1.578810,1.597860,1.575860,1.594690,39252,False
2008-04-17,1.594690,1.598400,1.584610,1.590780,39881,False
2008-04-18,1.590780,1.595580,1.571030,1.581220,35708,False
2008-04-21,1.580100,1.594700,1.578890,1.591170,30931,False
2008-04-22,1.591190,1.601900,1.583420,1.599090,37756,False
2008-04-23,1.599240,1.600320,1.586000,1.588910,33606,False
2008-04-24,1.588960,1.589700,1.563810,1.568160,41458,False
2008-04-25,1.568060,1.570680,1.555520,1.562520,38776,False
2008-04-28,1.560800,1.569280,1.559200,1.565750,31311,False
2008-04-29,1.565740,1.566350,1.554000,1.557170,34964,False
2008-04-30,1.557180,1.564390,1.551150,1.562210,37974,False
2008-05-01,1.562110,1.564270,1.543040,1.547490,31838,False
2008-05-02,1.547570,1.549790,1.535990,1.541900,35149,False
2008-05-05,1.543150,1.551860,1.541800,1.549600,22346,False
2008-05-06,1.549650,1.559380,1.545230,1.553180,29948,False
2008-05-07,1.553190,1.553880,1.536640,1.539120,33107,False
2008-05-08,1.539120,1.544180,1.528470,1.539280,37650,False
2008-05-09,1.539290,1.548890,1.539160,1.547790,30532,False
2008-05-12,1.545050,1.556950,1.536480,1.555260,33128,False
2008-05-13,1.555270,1.556590,1.543060,1.547350,35897,False
2008-05-14,1.547370,1.548690,1.539610,1.547340,33304,False
2008-05-15,1.547340,1.554590,1.541990,1.544710,36127,False
2008-05-16,1.544710,1.560050,1.543570,1.557170,33731,False
2008-05-19,1.558850,1.563320,1.548560,1.550950,36605,False
2008-05-20,1.550900,1.568120,1.550250,1.564530,38037,False
2008-05-21,1.564530,1.579550,1.563130,1.579400,33009,False
2008-05-22,1.579400,1.581320,1.569300,1.573360,33851,False
2008-05-23,1.573360,1.579360,1.569640,1.575710,27034,False
2008-05-26,1.576270,1.579150,1.574130,1.576940,14181,False
2008-05-27,1.576920,1.581760,1.568170,1.569050,30545,False
2008-05-28,1.569050,1.575990,1.560840,1.563760,34787,False
2008-05-29,1.563960,1.566370,1.548460,1.551780,34288,False
2008-05-30,1.551780,1.556860,1.546170,1.554890,35088,False
2008-06-02,1.556100,1.558860,1.548640,1.553630,32086,False
2008-06-03,1.553580,1.562790,1.541010,1.544330,31702,False
2008-06-04,1.544340,1.548280,1.541950,1.543970,36417,False
2008-06-05,1.543970,1.560110,1.536500,1.559340,38816,False
2008-06-06,1.559330,1.577460,1.557230,1.577270,36625,False
2008-06-09,1.577700,1.584280,1.561880,1.564500,36969,False
2008-06-10,1.564510,1.565320,1.544040,1.546650,42860,False
2008-06-11,1.546600,1.558680,1.544910,1.555200,34784,False
2008-06-12,1.555150,1.556530,1.537690,1.543840,37938,False
2008-06-13,1.543800,1.548340,1.530340,1.537480,42063,False
2008-06-16,1.540050,1.551880,1.534560,1.547700,34065,False
2008-06-17,1.547700,1.555220,1.546040,1.551050,34444,False
2008-06-18,1.551050,1.553740,1.546300,1.553410,34466,False
2008-06-19,1.553370,1.558610,1.546650,1.550390,48129,False
2008-06-20,1.550410,1.565080,1.549170,1.560190,35169,False
2008-06-23,1.561830,1.563180,1.546830,1.551700,42165,False
2008-06-24,1.551650,1.562190,1.549160,1.556720,42012,False
2008-06-25,1.556770,1.568640,1.553470,1.566610,27910,False
2008-06-26,1.566510,1.576690,1.562770,1.575670,31780,False
2008-06-27,1.575710,1.579140,1.571930,1.578930,34057,False
2008-06-30,1.577330,1.583550,1.573080,1.575530,30560,False
2008-07-01,1.575460,1.582660,1.572280,1.579180,32769,False
2008-07-02,1.579130,1.588790,1.577740,1.588170,34008,False
2008-07-03,1.588210,1.590910,1.568150,1.570280,37428,False
2008-07-04,1.570380,1.572680,1.565490,1.570440,25108,False
2008-07-07,1.569320,1.575300,1.561120,1.572480,42392,False
2008-07-08,1.572530,1.573930,1.563550,1.566990,37254,False
2008-07-09,1.567030,1.574940,1.564930,1.574210,42909,False
2008-07-10,1.574220,1.580120,1.569140,1.578780,38306,False
2008-07-11,1.578800,1.594680,1.576470,1.593330,45115,False
2008-07-14,1.596450,1.596770,1.584130,1.590690,44700,False
2008-07-15,1.590750,1.603840,1.586540,1.591060,45704,False
2008-07-16,1.591150,1.594820,1.580060,1.582580,38583,False
2008-07-17,1.582530,1.589280,1.578360,1.586200,41385,False
2008-07-18,1.586200,1.588720,1.580710,1.584270,41313,False
2008-07-21,1.583870,1.592980,1.582370,1.592180,35374,False
2008-07-22,1.592180,1.594480,1.575740,1.578250,35822,False
2008-07-23,1.578250,1.579780,1.567030,1.569720,45415,False
2008-07-24,1.569720,1.571400,1.562840,1.567680,44163,False
2008-07-25,1.567680,1.575300,1.566220,1.570450,41347,False
2008-07-28,1.570450,1.576770,1.568110,1.574080,36419,False
2008-07-29,1.574080,1.575780,1.555350,1.558780,39548,False
2008-07-30,1.558780,1.561610,1.552150,1.557480,44715,False
2008-07-31,1.557530,1.569960,1.556890,1.560320,41091,False
2008-08-01,1.560320,1.560370,1.551440,1.555840,42727,False
2008-08-04,1.556180,1.563070,1.555410,1.557560,37988,False
2008-08-05,1.557560,1.557800,1.544450,1.545320,49285,False
2008-08-06,1.545320,1.551610,1.539790,1.540630,46687,False
2008-08-07,1.540630,1.550230,1.531050,1.532450,47106,False
2008-08-08,1.532450,1.533450,1.499730,1.500020,62840,False
2008-08-11,1.492540,1.508360,1.488000,1.490820,54465,False
2008-08-12,1.490820,1.496360,1.481490,1.492510,54519,False
2008-08-13,1.492510,1.498020,1.484280,1.491840,55706,False
2008-08-14,1.491840,1.494890,1.477770,1.482520,47677,False
2008-08-15,1.482510,1.482510,1.465870,1.468070,46550,False
2008-08-18,1.467140,1.476760,1.466510,1.469440,40745,False
2008-08-19,1.469440,1.479270,1.463000,1.477460,41944,False
2008-08-20,1.477490,1.480580,1.467230,1.474730,39884,False
2008-08-21,1.474730,1.490340,1.473100,1.489960,42268,False
2008-08-22,1.490010,1.490770,1.475830,1.478810,40308,False
2008-08-25,1.477900,1.480830,1.469620,1.475410,30319,False
2008-08-26,1.475410,1.475960,1.457130,1.465290,49502,False
2008-08-27,1.465290,1.477680,1.463240,1.472690,43823,False
2008-08-28,1.472690,1.481090,1.467180,1.470620,51274,False
2008-08-29,1.470670,1.476690,1.463990,1.466850,36188,False
2008-09-01,1.468700,1.471300,1.458160,1.461750,30574,False
2008-09-02,1.461750,1.461750,1.446650,1.451860,43808,False
2008-09-03,1.451890,1.453110,1.438470,1.449770,44022,False
2008-09-04,1.449770,1.454390,1.431520,1.432510,46016,False
2008-09-05,1.432510,1.434830,1.419540,1.426300,54397,False
2008-09-08,1.433000,1.442850,1.405360,1.412860,52213,False
2008-09-09,1.412860,1.422590,1.404640,1.413130,56533,False
2008-09-10,1.413130,1.417860,1.398860,1.399770,53137,False
2008-09-11,1.399770,1.399970,1.388230,1.399640,54817,False
2008-09-12,1.399640,1.422760,1.397270,1.422100,48171,False
2008-09-15,1.433950,1.447950,1.408440,1.424090,70805,False
2008-09-16,1.424090,1.430840,1.406900,1.412970,63039,False
2008-09-17,1.412850,1.438360,1.407430,1.432510,63333,False
2008-09-18,1.432510,1.454100,1.427730,1.434790,63436,False
2008-09-19,1.434790,1.449320,1.415100,1.446230,57102,False
2008-09-22,1.448050,1.486580,1.443450,1.477530,55133,False
2008-09-23,1.477530,1.482480,1.462210,1.464770,57130,False
2008-09-24,1.464770,1.474580,1.461010,1.462050,50955,False
2008-09-25,1.462050,1.476760,1.456070,1.460830,55961,False
2008-09-26,1.460830,1.467820,1.455330,1.460710,49044,False
2008-09-29,1.455120,1.457030,1.430260,1.442970,58943,False
2008-09-30,1.442970,1.443270,1.400900,1.409090,57038,False
2008-10-01,1.409090,1.417340,1.397420,1.400770,59481,False
2008-10-02,1.400770,1.403120,1.374670,1.381910,66303,False
2008-10-03,1.381910,1.390700,1.370070,1.376800,66288,False
2008-10-06,1.366650,1.370390,1.344210,1.349750,67755,False
2008-10-07,1.349750,1.374100,1.347880,1.358740,69716,False
2008-10-08,1.358740,1.375470,1.354300,1.365150,77257,False
2008-10-09,1.365150,1.378390,1.357940,1.360290,65146,False
2008-10-10,1.360490,1.364930,1.325410,1.339770,76636,False
2008-10-13,1.356960,1.368210,1.345650,1.358180,69110,False
2008-10-14,1.358180,1.376860,1.357370,1.361740,82913,False
2008-10-15,1.361740,1.368760,1.348300,1.349770,82789,False
2008-10-16,1.349770,1.353910,1.334390,1.345430,87211,False
2008-10-17,1.345430,1.351670,1.338650,1.340330,110190,False
2008-10-20,1.342380,1.352910,1.328760,1.334250,97195,False
2008-10-21,1.334250,1.335750,1.305070,1.306180,102697,False
2008-10-22,1.306180,1.307650,1.274210,1.285460,142841,False
2008-10-23,1.285750,1.293520,1.272770,1.293290,149917,False
2008-10-24,1.293270,1.300320,1.249620,1.261600,182742,False
2008-10-27,1.255250,1.268530,1.233400,1.249290,104315,False
2008-10-28,1.249290,1.274360,1.232880,1.268090,133631,False
2008-10-29,1.267910,1.299150,1.262450,1.295890,175574,False
2008-10-30,1.296340,1.329570,1.280410,1.291290,160929,False
2008-10-31,1.291290,1.292010,1.266560,1.271630,152674,False
2008-11-03,1.274340,1.289680,1.259510,1.264210,96488,False
2008-11-04,1.264210,1.304720,1.252600,1.297950,120004,False
2008-11-05,1.298000,1.311560,1.279210,1.295420,135355,False
2008-11-06,1.295420,1.295520,1.267920,1.271440,131053,False
2008-11-07,1.271290,1.285040,1.265160,1.271340,115625,False
2008-11-10,1.281250,1.292660,1.271790,1.274980,114612,False
2008-11-11,1.274980,1.279970,1.250670,1.252200,108687,False
2008-11-12,1.252200,1.263110,1.246450,1.250450,129339,False
2008-11-13,1.250450,1.285550,1.238780,1.276750,167741,False
2008-11-14,1.276750,1.282920,1.256740,1.259970,160998,False
2008-11-17,1.253160,1.274180,1.251100,1.264980,119564,False
2008-11-18,1.264980,1.270020,1.256650,1.261730,114657,False
2008-11-19,1.261710,1.281410,1.248270,1.248790,123038,False
2008-11-20,1.248740,1.259310,1.243130,1.245220,127664,False
2008-11-21,1.245220,1.263750,1.242020,1.258230,122467,False
2008-11-24,1.258580,1.295610,1.256420,1.295600,124579,False
2008-11-25,1.295420,1.308140,1.280380,1.306350,120577,False
2008-11-26,1.306630,1.306960,1.281810,1.287820,116095,False
2008-11-27,1.287820,1.296800,1.285940,1.290270,81362,False
2008-11-28,1.290350,1.295580,1.264550,1.268590,100966,False
2008-12-01,1.271050,1.271430,1.258200,1.260890,98387,False
2008-12-02,1.261000,1.276620,1.256180,1.271310,113621,False
2008-12-03,1.270840,1.274120,1.260160,1.271460,120548,False
2008-12-04,1.271480,1.284820,1.254900,1.277560,107643,False
2008-12-05,1.277570,1.280600,1.262710,1.271120,128334,False
2008-12-08,1.272510,1.296560,1.271300,1.296250,87606,False
2008-12-09,1.295580,1.300060,1.279840,1.292510,105481,False
2008-12-10,1.292510,1.306980,1.290270,1.302160,96746,False
2008-12-11,1.302170,1.340590,1.299480,1.335080,131835,False
2008-12-12,1.335080,1.341480,1.324990,1.336240,121706,False
2008-12-15,1.336460,1.372010,1.336450,1.368700,92534,False
2008-12-16,1.368700,1.414900,1.362860,1.399820,85590,False
2008-12-17,1.399720,1.443760,1.399100,1.441800,96592,False
2008-12-18,1.441800,1.471910,1.418340,1.424480,184086,False
2008-12-19,1.424480,1.430780,1.382450,1.390780,114721,False
2008-12-22,1.393280,1.412420,1.390080,1.394430,89064,False
2008-12-23,1.394430,1.402020,1.391880,1.392500,68623,False
2008-12-24,1.392500,1.401910,1.391300,1.400770,34199,False
2008-12-25,1.400700,1.402200,1.397500,1.401240,2428,False
2008-12-26,1.400320,1.411840,1.397830,1.402530,26606,False
2008-12-29,1.406000,1.436280,1.391960,1.392610,84093,False
2008-12-30,1.392610,1.422110,1.391510,1.405690,81155,False
2008-12-31,1.405690,1.414700,1.384770,1.397090,61054,False
2009-01-01,1.397450,1.403940,1.395810,1.403900,330,False
2009-01-02,1.403900,1.405150,1.383840,1.391610,68939,False
2009-01-05,1.390300,1.396150,1.354530,1.363420,135147,False
2009-01-06,1.363420,1.366010,1.331100,1.353530,89221,False
2009-01-07,1.353230,1.374660,1.343110,1.364280,89295,False
2009-01-08,1.364280,1.379950,1.353380,1.370150,87721,False
2009-01-09,1.370070,1.374960,1.341380,1.347170,86190,False
2009-01-12,1.347100,1.347210,1.328890,1.336080,74381,False
2009-01-13,1.336080,1.337270,1.314000,1.318060,107227,False
2009-01-14,1.318060,1.333640,1.309290,1.319060,86717,False
2009-01-15,1.319090,1.324140,1.302540,1.311580,139013,False
2009-01-16,1.310970,1.334370,1.310970,1.326170,88779,False
2009-01-19,1.333600,1.338450,1.306600,1.306750,73877,False
2009-01-20,1.306750,1.310310,1.285640,1.290550,100305,False
2009-01-21,1.288760,1.308610,1.282390,1.302280,104378,False
2009-01-22,1.302310,1.308310,1.290820,1.300130,110085,False
2009-01-23,1.300100,1.303470,1.276610,1.298290,89862,False
2009-01-26,1.296090,1.320820,1.286230,1.318730,98587,False
2009-01-27,1.318730,1.332880,1.311790,1.315950,94459,False
2009-01-28,1.315950,1.332990,1.310220,1.316530,86393,False
2009-01-29,1.316530,1.317890,1.293270,1.295250,106505,False
2009-01-30,1.295250,1.295800,1.275830,1.280770,97428,False
2009-02-02,1.276500,1.289860,1.270290,1.284260,81465,False
2009-02-03,1.284260,1.305690,1.280120,1.303960,88441,False
2009-02-04,1.303960,1.306880,1.280890,1.284780,106236,False
2009-02-05,1.285020,1.290500,1.275950,1.279030,94287,False
2009-02-06,1.279030,1.299260,1.274720,1.293520,89717,False
2009-02-09,1.296150,1.309350,1.287330,1.300180,53604,False
2009-02-10,1.300180,1.307480,1.280850,1.291280,107298,False
2009-02-11,1.291080,1.299660,1.283350,1.290570,98749,False
2009-02-12,1.290570,1.294320,1.272100,1.286050,94620,False
2009-02-13,1.286300,1.294180,1.282120,1.285740,88161,False
2009-02-16,1.277780,1.282420,1.272600,1.280140,54770,False
2009-02-17,1.280140,1.280480,1.256230,1.258200,101850,False
2009-02-18,1.258200,1.264040,1.251280,1.252930,87525,False
2009-02-19,1.252980,1.275990,1.252640,1.267220,93776,False
2009-02-20,1.267230,1.288320,1.255720,1.282140,92633,False
2009-02-23,1.280000,1.299120,1.269070,1.269380,91703,False
2009-02-24,1.269280,1.287630,1.266180,1.284530,101157,False
2009-02-25,1.284530,1.289910,1.268970,1.272210,91482,False
2009-02-26,1.272210,1.281020,1.268200,1.274330,85592,False
2009-02-27,1.274330,1.275110,1.259970,1.266360,92167,False
2009-03-02,1.262800,1.263290,1.254450,1.257650,81439,False
2009-03-03,1.256890,1.267760,1.252160,1.256090,89482,False
2009-03-04,1.256000,1.266280,1.245550,1.265990,78340,False
2009-03-05,1.265780,1.266320,1.248110,1.253880,79390,False
2009-03-06,1.253880,1.275400,1.252910,1.264940,118610,False
2009-03-09,1.265000,1.272600,1.255570,1.261030,61746,False
2009-03-10,1.261030,1.282210,1.257780,1.268140,86223,False
2009-03-11,1.268140,1.286400,1.261660,1.283590,74545,False
2009-03-12,1.283590,1.294450,1.273220,1.291340,88241,False
2009-03-13,1.291340,1.295710,1.286230,1.292440,71781,False
2009-03-16,1.288550,1.307100,1.283200,1.296610,89979,False
2009-03-17,1.296610,1.303290,1.293100,1.301610,85597,False
2009-03-18,1.301130,1.349760,1.298550,1.347200,77906,False
2009-03-19,1.347200,1.373840,1.341640,1.366350,143204,False
2009-03-20,1.366360,1.372630,1.351660,1.357650,81702,False
2009-03-23,1.361970,1.373490,1.348480,1.363080,77479,False
2009-03-24,1.363150,1.367850,1.343120,1.346710,105634,False
2009-03-25,1.346720,1.365050,1.341800,1.358050,102415,False
2009-03-26,1.358130,1.364040,1.349350,1.352520,104032,False
2009-03-27,1.352520,1.359100,1.325700,1.328300,85209,False
2009-03-30,1.322270,1.328430,1.311250,1.319800,81030,False
2009-03-31,1.319790,1.334220,1.317330,1.324960,75826,False
2009-04-01,1.324830,1.328590,1.316560,1.324780,79179,False
2009-04-02,1.324780,1.351640,1.322130,1.345980,82082,False
2009-04-03,1.346020,1.349410,1.336450,1.347950,73679,False
2009-04-06,1.349370,1.358160,1.335730,1.341530,74341,False
2009-04-07,1.341530,1.341780,1.322670,1.327110,76198,False
2009-04-08,1.327060,1.330800,1.314700,1.328080,82485,False
2009-04-09,1.328080,1.333540,1.312570,1.316800,74362,False
2009-04-10,1.316750,1.318300,1.309100,1.318050,25795,False
2009-04-13,1.318500,1.339090,1.312480,1.336600,47899,False
2009-04-14,1.336580,1.338090,1.322610,1.325830,73027,False
2009-04-15,1.325770,1.329700,1.314630,1.322550,84145,False
2009-04-16,1.322550,1.326810,1.312510,1.318530,79107,False
2009-04-17,1.318530,1.319650,1.301700,1.303970,62459,False
2009-04-20,1.305720,1.305720,1.288750,1.291880,65523,False
2009-04-21,1.291880,1.299400,1.289580,1.294860,69812,False
2009-04-22,1.294860,1.303680,1.288480,1.300490,75756,False
2009-04-23,1.300490,1.316160,1.297940,1.314230,62835,False
2009-04-24,1.314230,1.330040,1.311250,1.323700,68332,False
2009-04-27,1.324170,1.324620,1.299950,1.303690,69372,False
2009-04-28,1.303690,1.316490,1.296430,1.314780,75063,False
2009-04-29,1.314770,1.333860,1.311980,1.327300,83994,False
2009-04-30,1.327300,1.338520,1.319060,1.322860,99356,False
2009-05-01,1.322790,1.332720,1.321580,1.326950,57398,False
2009-05-04,1.326550,1.342510,1.321180,1.340530,74812,False
2009-05-05,1.340480,1.343740,1.328240,1.332830,92585,False
2009-05-06,1.332830,1.337440,1.324520,1.333360,98862,False
2009-05-07,1.333360,1.346890,1.325150,1.338600,110094,False
2009-05-08,1.338600,1.364580,1.334160,1.362830,96060,False
2009-05-11,1.364130,1.366780,1.355700,1.358110,87236,False
2009-05-12,1.358110,1.370760,1.356260,1.364730,83982,False
2009-05-13,1.364730,1.372150,1.356620,1.359900,112773,False
2009-05-14,1.359900,1.366460,1.352490,1.363830,89800,False
2009-05-15,1.363830,1.365060,1.346080,1.349030,83078,False
2009-05-18,1.347450,1.356310,1.342280,1.356070,65528,False
2009-05-19,1.356120,1.366740,1.353000,1.362850,78711,False
2009-05-20,1.363150,1.383040,1.358280,1.377930,91667,False
2009-05-21,1.377930,1.392250,1.372720,1.388910,95093,False
2009-05-22,1.388970,1.405030,1.388840,1.399320,86299,False
2009-05-25,1.401860,1.404520,1.395740,1.401620,36585,False
2009-05-26,1.401620,1.402120,1.385870,1.398480,63510,False
2009-05-27,1.398410,1.400060,1.382420,1.382640,70814,False
2009-05-28,1.382640,1.398310,1.379210,1.393900,80006,False
2009-05-29,1.394100,1.416860,1.392470,1.415250,82589,False
2009-06-01,1.414200,1.424590,1.409850,1.415810,74621,False
2009-06-02,1.415810,1.433110,1.410120,1.430150,80536,False
2009-06-03,1.430150,1.433820,1.410850,1.416180,94153,False
2009-06-04,1.416180,1.424200,1.406990,1.418360,89865,False
2009-06-05,1.417980,1.426500,1.393210,1.396330,85933,False
2009-06-08,1.396580,1.400240,1.380540,1.389940,84774,False
2009-06-09,1.389600,1.410190,1.385180,1.406290,71317,False
2009-06-10,1.406400,1.414340,1.391460,1.398290,80439,False
2009-06-11,1.398130,1.417720,1.394440,1.410700,73236,False
2009-06-12,1.410840,1.412800,1.393540,1.401150,69841,False
2009-06-15,1.399260,1.400110,1.375550,1.380140,70295,False
2009-06-16,1.380200,1.393260,1.374740,1.383580,78716,False
2009-06-17,1.383730,1.398520,1.380560,1.394140,75179,False
2009-06-18,1.394050,1.400090,1.387130,1.389960,67433,False
2009-06-19,1.389920,1.401280,1.388200,1.393150,57001,False
2009-06-22,1.394750,1.395470,1.382630,1.386440,59913,False
2009-06-23,1.386380,1.410890,1.382710,1.407610,68996,False
2009-06-24,1.407480,1.413790,1.388700,1.392810,78191,False
2009-06-25,1.392770,1.401300,1.388950,1.398710,58823,False
2009-06-26,1.398750,1.411780,1.398210,1.405050,53104,False
2009-06-29,1.406250,1.410290,1.398170,1.408130,46966,False
2009-06-30,1.408190,1.415170,1.400100,1.403170,56860,False
2009-07-01,1.403280,1.420060,1.400050,1.414070,59962,False
2009-07-02,1.414050,1.415380,1.398870,1.400230,62035,False
2009-07-03,1.400250,1.402710,1.392670,1.397510,34057,False
2009-07-06,1.395720,1.399790,1.387630,1.398250,49541,False
2009-07-07,1.398210,1.405010,1.390380,1.392290,54616,False
2009-07-08,1.392170,1.393770,1.383230,1.388180,59994,False
2009-07-09,1.388080,1.407250,1.385800,1.401850,58745,False
2009-07-10,1.401870,1.402980,1.387800,1.393180,54337,False
2009-07-13,1.394580,1.400090,1.389710,1.397670,54994,False
2009-07-14,1.397710,1.401400,1.391170,1.396470,58307,False
2009-07-15,1.396560,1.413440,1.396260,1.410550,50191,False
2009-07-16,1.410710,1.416570,1.405580,1.414720,58756,False
2009-07-17,1.414670,1.414980,1.406320,1.409650,49954,False
2009-07-20,1.409450,1.424860,1.409100,1.423050,48697,False
2009-07-21,1.423010,1.427680,1.416340,1.422420,52399,False
2009-07-22,1.422360,1.425720,1.415540,1.421840,49163,False
2009-07-23,1.421870,1.429090,1.411790,1.414100,56045,False
2009-07-24,1.414130,1.425330,1.413500,1.419710,43520,False
2009-07-27,1.422270,1.429790,1.417130,1.423010,43134,False
2009-07-28,1.422970,1.430370,1.413060,1.416590,48670,False
2009-07-29,1.416550,1.419410,1.400740,1.404880,56265,False
2009-07-30,1.404820,1.409500,1.400830,1.407410,52596,False
2009-07-31,1.407600,1.427910,1.406440,1.425210,53140,False
2009-08-03,1.426540,1.444450,1.420630,1.441140,66611,False
2009-08-04,1.441180,1.443150,1.436730,1.440680,57648,False
2009-08-05,1.440620,1.444720,1.435480,1.440340,53368,False
2009-08-06,1.440270,1.443120,1.432930,1.434430,55823,False
2009-08-07,1.434560,1.440910,1.415400,1.417450,56101,False
2009-08-10,1.417650,1.421810,1.410450,1.413890,52309,False
2009-08-11,1.413710,1.418500,1.411060,1.414900,42073,False
2009-08-12,1.414870,1.424700,1.408700,1.418500,56440,False
2009-08-13,1.418430,1.432730,1.418030,1.429160,54518,False
2009-08-14,1.428860,1.430620,1.416040,1.419780,45323,False
2009-08-17,1.418150,1.419160,1.404520,1.408170,53476,False
2009-08-18,1.408100,1.415030,1.406660,1.413510,50402,False
2009-08-19,1.413540,1.426640,1.408450,1.422270,48150,False
2009-08-20,1.422300,1.427520,1.420060,1.425310,44070,False
2009-08-21,1.425370,1.437580,1.420830,1.432100,49537,False
2009-08-24,1.432950,1.435740,1.428040,1.430270,43662,False
2009-08-25,1.430200,1.436080,1.425250,1.429620,47127,False
2009-08-26,1.429600,1.435220,1.420670,1.425370,47398,False
2009-08-27,1.425300,1.440560,1.421960,1.434060,48588,False
2009-08-28,1.434040,1.438880,1.428110,1.429790,43456,False
2009-08-31,1.430690,1.436730,1.425640,1.433290,35882,False
2009-09-01,1.433450,1.437760,1.417740,1.422260,52262,False
2009-09-02,1.422240,1.429400,1.418870,1.426290,53681,False
2009-09-03,1.426240,1.434330,1.423630,1.425110,47011,False
2009-09-04,1.425080,1.432650,1.419090,1.429100,44980,False
2009-09-07,1.429750,1.436150,1.429510,1.433090,26543,False
2009-09-08,1.433060,1.453510,1.432790,1.447700,54899,False
2009-09-09,1.447650,1.459990,1.446690,1.455610,50973,False
2009-09-10,1.455720,1.461280,1.450280,1.458050,53515,False
2009-09-11,1.458080,1.463480,1.455290,1.456590,52099,False
2009-09-14,1.459690,1.465250,1.451560,1.461770,51219,False
2009-09-15,1.461850,1.468510,1.456150,1.465710,53762,False
2009-09-16,1.465770,1.473730,1.464130,1.470890,54873,False
2009-09-17,1.470930,1.476660,1.468820,1.474100,49511,False
2009-09-18,1.473970,1.474720,1.464780,1.470610,45011,False
2009-09-21,1.470350,1.471340,1.461150,1.467910,48842,False
2009-09-22,1.467870,1.482200,1.467080,1.479030,45636,False
2009-09-23,1.479050,1.484400,1.472780,1.473410,55923,False
2009-09-24,1.473470,1.480190,1.462760,1.466470,58181,False
2009-09-25,1.466310,1.472430,1.461460,1.468430,61820,False
2009-09-28,1.470030,1.471810,1.456330,1.462180,60837,False
2009-09-29,1.462040,1.464490,1.452580,1.458730,66857,False
2009-09-30,1.458770,1.467290,1.457480,1.464200,71821,False
2009-10-01,1.464290,1.466800,1.451750,1.454480,65287,False
2009-10-02,1.454460,1.464740,1.447930,1.457110,68429,False
2009-10-05,1.461330,1.466920,1.457930,1.464700,54858,False
2009-10-06,1.464650,1.476220,1.464540,1.472200,58258,False
2009-10-07,1.472040,1.473640,1.464920,1.468980,55813,False
2009-10-08,1.469000,1.481730,1.468170,1.479420,62921,False
2009-10-09,1.479440,1.479840,1.467280,1.472700,62233,False
2009-10-12,1.471810,1.481250,1.467610,1.477260,39586,False
2009-10-13,1.477210,1.487570,1.476230,1.485320,55883,False
2009-10-14,1.485270,1.494650,1.483720,1.492590,60435,False
2009-10-15,1.492520,1.496710,1.484310,1.494690,58086,False
2009-10-16,1.494750,1.496690,1.484780,1.490000,59949,False
2009-10-19,1.488550,1.496490,1.482770,1.496270,51600,False
2009-10-20,1.496240,1.499400,1.488250,1.494430,52177,False
2009-10-21,1.494250,1.504550,1.488750,1.501530,59364,False
2009-10-22,1.501570,1.503660,1.494400,1.503200,54681,False
2009-10-23,1.503300,1.505880,1.498550,1.500320,59682,False
2009-10-26,1.499160,1.506270,1.484490,1.487500,52023,False
2009-10-27,1.487460,1.492590,1.477040,1.480290,61298,False
2009-10-28,1.480350,1.484000,1.469050,1.470480,66346,False
2009-10-29,1.470540,1.485840,1.468280,1.482140,58384,False
2009-10-30,1.482090,1.485740,1.469900,1.471430,60651,False
2009-11-02,1.471500,1.484520,1.467850,1.477570,63588,False
2009-11-03,1.477540,1.481070,1.462630,1.472300,66496,False
2009-11-04,1.472270,1.490850,1.470190,1.486020,59928,False
2009-11-05,1.485990,1.491740,1.481120,1.486980,49426,False
2009-11-06,1.486950,1.491370,1.481310,1.484240,46491,False
2009-11-09,1.488030,1.502030,1.485180,1.499830,43467,False
2009-11-10,1.499760,1.501980,1.493830,1.499250,45635,False
2009-11-11,1.499300,1.504790,1.495340,1.498620,40816,False
2009-11-12,1.498650,1.501620,1.482100,1.484990,48757,False
2009-11-13,1.485120,1.493810,1.482450,1.489760,40728,False
2009-11-16,1.491750,1.501500,1.488000,1.496960,42255,False
2009-11-17,1.497010,1.499880,1.480770,1.487510,49602,False
2009-11-18,1.487480,1.499030,1.485810,1.496330,44161,False
2009-11-19,1.496350,1.496550,1.484300,1.492470,45508,False
2009-11-20,1.492450,1.493470,1.480090,1.485660,45860,False
2009-11-23,1.485320,1.499910,1.483130,1.495980,36500,False
2009-11-24,1.495960,1.498790,1.488850,1.496750,44683,False
2009-11-25,1.496780,1.514360,1.495550,1.513320,44348,False
2009-11-26,1.513350,1.514110,1.495920,1.501840,45611,False
2009-11-27,1.501820,1.501820,1.482800,1.498380,70396,False
2009-11-30,1.500910,1.508320,1.495950,1.500370,54587,False
2009-12-01,1.500320,1.511660,1.497080,1.508000,41363,False
2009-12-02,1.507960,1.510930,1.503220,1.504380,37237,False
2009-12-03,1.504430,1.514040,1.504170,1.505170,41214,False
2009-12-04,1.505130,1.509100,1.482140,1.485280,46932,False
2009-12-07,1.485560,1.490420,1.475620,1.482600,51968,False
2009-12-08,1.482490,1.486660,1.468030,1.470240,52526,False
2009-12-09,1.470270,1.478140,1.466780,1.472390,53214,False
2009-12-10,1.472610,1.475950,1.468300,1.473090,43860,False
2009-12-11,1.473210,1.477560,1.458550,1.461000,44016,False
2009-12-14,1.462200,1.468480,1.459780,1.465530,41673,False
2009-12-15,1.465640,1.466290,1.450340,1.453700,40506,False
2009-12-16,1.453670,1.459060,1.450530,1.453060,47465,False
2009-12-17,1.453020,1.453590,1.430340,1.433700,53239,False
2009-12-18,1.433730,1.441100,1.426080,1.433260,48084,False
2009-12-21,1.431070,1.437280,1.426740,1.427620,33698,False
2009-12-22,1.427560,1.433110,1.421670,1.424790,31545,False
2009-12-23,1.424750,1.436590,1.423400,1.433600,24727,False
2009-12-24,1.433680,1.441770,1.432250,1.437520,16876,False
2009-12-25,1.437550,1.439070,1.435470,1.438300,3151,False
2009-12-28,1.438460,1.441310,1.435260,1.437840,15829,False
2009-12-29,1.437900,1.445770,1.433190,1.435260,27639,False
2009-12-30,1.435230,1.436090,1.427350,1.433810,29766,False
2009-12-31,1.433740,1.443960,1.430640,1.432020,23957,False
2010-01-01,1.430700,1.430700,1.430700,1.430700,1,False
2010-01-04,1.430100,1.445560,1.425690,1.441180,42031,False
2010-01-05,1.441140,1.448330,1.434640,1.436400,45159,False
2010-01-06,1.436550,1.443410,1.428240,1.440690,45142,False
2010-01-07,1.440650,1.444510,1.429920,1.430690,42005,False
2010-01-08,1.430790,1.443840,1.426350,1.440050,47542,False
2010-01-11,1.442560,1.455640,1.440800,1.451230,46226,False
2010-01-12,1.451200,1.454580,1.445310,1.448490,49170,False
2010-01-13,1.448460,1.457870,1.445590,1.450960,49252,False
2010-01-14,1.450870,1.455510,1.444610,1.449870,45506,False
2010-01-15,1.449800,1.451100,1.433620,1.438130,49541,False
2010-01-18,1.435320,1.439940,1.433460,1.438210,23512,False
2010-01-19,1.438180,1.441350,1.425250,1.428640,42955,False
2010-01-20,1.428660,1.429460,1.407980,1.410520,56305,False
2010-01-21,1.410490,1.414270,1.402880,1.408330,60476,False
2010-01-22,1.408540,1.418140,1.406580,1.413120,56921,False
2010-01-25,1.415650,1.419370,1.412850,1.415040,40792,False
2010-01-26,1.415020,1.417880,1.404200,1.407090,54486,False
2010-01-27,1.407130,1.409650,1.399280,1.402300,55150,False
2010-01-28,1.402340,1.405170,1.393270,1.396980,52401,False
2010-01-29,1.397020,1.398700,1.385730,1.385740,54446,False
2010-02-01,1.386410,1.393760,1.385290,1.392970,43619,False
2010-02-02,1.393000,1.397430,1.388590,1.396350,43941,False
2010-02-03,1.396320,1.402600,1.388520,1.389270,43351,False
2010-02-04,1.389230,1.390250,1.372190,1.372220,51306,False
2010-02-05,1.372270,1.374620,1.358530,1.367400,73738,False
2010-02-08,1.365790,1.371320,1.362050,1.364790,50210,False
2010-02-09,1.364830,1.383870,1.364270,1.379640,64063,False
2010-02-10,1.379700,1.381200,1.367580,1.373640,60712,False
2010-02-11,1.373700,1.380060,1.359470,1.369230,59374,False
2010-02-12,1.369170,1.369470,1.353140,1.362680,56700,False
2010-02-15,1.362440,1.363340,1.357870,1.359720,27473,False
2010-02-16,1.359750,1.377920,1.358770,1.376970,42767,False
2010-02-17,1.377040,1.378790,1.358480,1.360570,45574,False
2010-02-18,1.360520,1.365410,1.349670,1.352580,53792,False
2010-02-19,1.352490,1.361340,1.344290,1.360740,61939,False
2010-02-22,1.363570,1.365340,1.357330,1.359490,41459,False
2010-02-23,1.359610,1.369160,1.349670,1.350640,55057,False
2010-02-24,1.350610,1.362670,1.350200,1.353890,50679,False
2010-02-25,1.353920,1.357030,1.345160,1.354750,58309,False
2010-02-26,1.354710,1.368270,1.353020,1.362680,54211,False
2010-03-01,1.362340,1.365380,1.346050,1.355910,58777,False
2010-03-02,1.356020,1.362180,1.343420,1.361400,58609,False
2010-03-03,1.361360,1.373570,1.359240,1.369560,60020,False
2010-03-04,1.369670,1.371210,1.355100,1.358040,51973,False
2010-03-05,1.358060,1.362990,1.352990,1.362000,40106,False
2010-03-08,1.363050,1.370380,1.360540,1.363340,39220,False
2010-03-09,1.363300,1.363490,1.353740,1.360050,43827,False
2010-03-10,1.359930,1.367940,1.354430,1.365570,43043,False
2010-03-11,1.365410,1.368650,1.362050,1.368040,37571,False
2010-03-12,1.367950,1.379570,1.366900,1.376360,42840,False
2010-03-15,1.377200,1.377540,1.363950,1.367600,36262,False
2010-03-16,1.367560,1.378300,1.365670,1.376500,41500,False
2010-03-17,1.376470,1.381770,1.372610,1.373680,40139,False
2010-03-18,1.373710,1.374030,1.358630,1.360700,42222,False
2010-03-19,1.360780,1.362630,1.350250,1.352430,39078,False
2010-03-22,1.353340,1.356800,1.346320,1.355760,36398,False
2010-03-23,1.355680,1.356870,1.347550,1.349710,41265,False
2010-03-24,1.349820,1.350550,1.331100,1.331240,55359,False
2010-03-25,1.331390,1.338670,1.326730,1.327020,51256,False
2010-03-26,1.327210,1.342040,1.326600,1.340490,49930,False
2010-03-29,1.346050,1.350570,1.341870,1.348150,38795,False
2010-03-30,1.348200,1.353680,1.339550,1.341240,39958,False
2010-03-31,1.341200,1.354830,1.338430,1.350820,43027,False
2010-04-01,1.350850,1.359010,1.346020,1.358760,40911,False
2010-04-02,1.358780,1.359030,1.347500,1.349890,19123,False
2010-04-05,1.349650,1.353720,1.346020,1.348290,19311,False
2010-04-06,1.348260,1.349640,1.335540,1.339780,39123,False
2010-04-07,1.339810,1.340800,1.332590,1.334330,36504,False
2010-04-08,1.334360,1.336600,1.328220,1.335960,39416,False
2010-04-09,1.335930,1.349430,1.334170,1.349410,41082,False
2010-04-12,1.365520,1.369150,1.356550,1.359090,48086,False
2010-04-13,1.359180,1.362730,1.354500,1.361270,42358,False
2010-04-14,1.361370,1.367810,1.359470,1.365250,43282,False
2010-04-15,1.365280,1.366660,1.352140,1.357200,39977,False
2010-04-16,1.357080,1.358420,1.347210,1.349780,47184,False
2010-04-19,1.346910,1.349820,1.341580,1.348890,39469,False
2010-04-20,1.348870,1.352470,1.342860,1.343370,36915,False
2010-04-21,1.343410,1.344700,1.335770,1.338890,40868,False
2010-04-22,1.338810,1.342110,1.325830,1.329350,44555,False
2010-04-23,1.329160,1.339970,1.320140,1.337920,57933,False
2010-04-26,1.334300,1.339710,1.329150,1.338080,42419,False
2010-04-27,1.338050,1.341530,1.316530,1.317390,58945,False
2010-04-28,1.317320,1.326560,1.311380,1.321920,70308,False
2010-04-29,1.321890,1.327820,1.318370,1.323290,53205,False
2010-04-30,1.323380,1.334200,1.322340,1.328950,47044,False
2010-05-03,1.335120,1.335560,1.315400,1.319380,33227,False
2010-05-04,1.319410,1.321360,1.298070,1.298580,55468,False
2010-05-05,1.298610,1.299600,1.280340,1.281260,71104,False
2010-05-06,1.281310,1.285640,1.251480,1.261820,118570,False
2010-05-07,1.261730,1.279770,1.258520,1.274780,130918,False
2010-05-10,1.291260,1.309360,1.275820,1.278640,115860,False
2010-05-11,1.278670,1.280260,1.265620,1.266120,87569,False
2010-05-12,1.265920,1.273860,1.260540,1.261300,75579,False
2010-05-13,1.261330,1.268310,1.251790,1.253400,63814,False
2010-05-14,1.253460,1.257520,1.234920,1.235350,82689,False
2010-05-17,1.234030,1.241390,1.223390,1.239450,81963,False
2010-05-18,1.239400,1.244350,1.216040,1.220160,93434,False
2010-05-19,1.220320,1.242360,1.214380,1.241440,113957,False
2010-05-20,1.241530,1.259670,1.229540,1.248540,120460,False
2010-05-21,1.248580,1.267200,1.245460,1.256670,117113,False
2010-05-24,1.253420,1.256240,1.234360,1.237110,72363,False
2010-05-25,1.237080,1.237200,1.217720,1.234400,95233,False
2010-05-26,1.234490,1.238750,1.216620,1.217780,83714,False
2010-05-27,1.217590,1.239440,1.215350,1.236080,91415,False
2010-05-28,1.235990,1.245270,1.226080,1.226810,76948,False
2010-05-31,1.226570,1.233390,1.225730,1.230430,38146,False
2010-06-01,1.230490,1.235330,1.211080,1.222800,82565,False
2010-06-02,1.222700,1.227320,1.217520,1.224820,80734,False
2010-06-03,1.224980,1.232590,1.215210,1.216120,68141,False
2010-06-04,1.216150,1.221510,1.195250,1.196230,76081,False
2010-06-07,1.192490,1.199120,1.187600,1.192270,76054,False
2010-06-08,1.192300,1.200880,1.190140,1.197220,67840,False
2010-06-09,1.197310,1.207300,1.192380,1.197740,59439,False
2010-06-10,1.197650,1.214180,1.195670,1.212560,70196,False
2010-06-11,1.212710,1.215200,1.204470,1.210730,62504,False
2010-06-14,1.212550,1.229810,1.211560,1.222000,55807,False
2010-06-15,1.221910,1.234900,1.216810,1.233190,60695,False
2010-06-16,1.233160,1.235290,1.225380,1.231000,52207,False
2010-06-17,1.230900,1.241120,1.224170,1.238800,56673,False
2010-06-18,1.238840,1.241600,1.235320,1.238350,38278,False
2010-06-21,1.244280,1.246660,1.230370,1.231150,52489,False
2010-06-22,1.231090,1.235410,1.225100,1.226980,55278,False
2010-06-23,1.226720,1.234390,1.220870,1.230970,53308,False
2010-06-24,1.230930,1.238740,1.226160,1.233250,49756,False
2010-06-25,1.233210,1.239480,1.225390,1.236440,51149,False
2010-06-28,1.236820,1.239670,1.226510,1.227590,44455,False
2010-06-29,1.227540,1.229040,1.215110,1.218720,51600,False
2010-06-30,1.218660,1.230370,1.216610,1.223630,57203,False
2010-07-01,1.223530,1.254040,1.219310,1.252650,69270,False
2010-07-02,1.252700,1.261060,1.248210,1.256100,56250,False
2010-07-05,1.256030,1.256230,1.250900,1.253660,27875,False
2010-07-06,1.253620,1.266170,1.247990,1.262550,57317,False
2010-07-07,1.262530,1.266400,1.255310,1.263700,50544,False
2010-07-08,1.263760,1.271120,1.262020,1.269670,48350,False
2010-07-09,1.269650,1.272180,1.260840,1.263590,38753,False
2010-07-12,1.263480,1.264640,1.255120,1.259650,32003,False
2010-07-13,1.259530,1.273840,1.252220,1.272330,45473,False
2010-07-14,1.272250,1.277790,1.268210,1.274290,44813,False
2010-07-15,1.274210,1.295420,1.270760,1.294920,53732,False
2010-07-16,1.294880,1.300650,1.288930,1.292940,51723,False
2010-07-19,1.290290,1.299180,1.287010,1.294100,39931,False
2010-07-20,1.294130,1.302800,1.283850,1.287920,43750,False
2010-07-21,1.288010,1.291260,1.273220,1.275290,50224,False
2010-07-22,1.275250,1.292450,1.273690,1.289200,50361,False
2010-07-23,1.289160,1.296470,1.279310,1.290550,61065,False
2010-07-26,1.288830,1.300490,1.287370,1.299390,45545,False
2010-07-27,1.299480,1.304570,1.295190,1.299510,51801,False
2010-07-28,1.299560,1.304160,1.296520,1.299280,49033,False
2010-07-29,1.299360,1.310600,1.297740,1.307770,45800,False
2010-07-30,1.307290,1.309320,1.298050,1.304560,50502,False
2010-08-02,1.306080,1.319430,1.305110,1.317870,39344,False
2010-08-03,1.317850,1.326140,1.314700,1.322910,40001,False
2010-08-04,1.322960,1.323940,1.313130,1.316110,37576,False
2010-08-05,1.316140,1.323510,1.311910,1.318740,40446,False
2010-08-06,1.318710,1.333460,1.315750,1.327450,39691,False
2010-08-09,1.329130,1.330710,1.321670,1.322070,27476,False
2010-08-10,1.322100,1.323440,1.307390,1.317460,47495,False
2010-08-11,1.317380,1.318580,1.286090,1.286230,56376,False
2010-08-12,1.286300,1.293220,1.278000,1.282830,57072,False
2010-08-13,1.282860,1.290540,1.274540,1.274900,48418,False
2010-08-16,1.275610,1.287070,1.273370,1.282550,44098,False
2010-08-17,1.282410,1.291520,1.280430,1.288380,48323,False
2010-08-18,1.288610,1.292180,1.282390,1.285190,45775,False
2010-08-19,1.285060,1.290180,1.277210,1.282200,60351,False
2010-08-20,1.282240,1.283270,1.266300,1.270650,49179,False
2010-08-23,1.270060,1.272920,1.264730,1.265650,39788,False
2010-08-24,1.265570,1.271820,1.258740,1.262720,52760,False
2010-08-25,1.262680,1.272570,1.260840,1.265740,54385,False
2010-08-26,1.265660,1.276380,1.265000,1.271490,51970,False
2010-08-27,1.271520,1.277860,1.267530,1.275810,46380,False
2010-08-30,1.275800,1.276770,1.265900,1.266190,31244,False
2010-08-31,1.266080,1.274200,1.262530,1.267900,47081,False
2010-09-01,1.267960,1.285530,1.266260,1.280840,44749,False
2010-09-02,1.280890,1.284750,1.277630,1.282450,40964,False
2010-09-03,1.282320,1.289690,1.280830,1.289100,36129,False
2010-09-06,1.288710,1.291810,1.286660,1.287480,21230,False
2010-09-07,1.287460,1.287560,1.267670,1.268100,46397,False
2010-09-08,1.268210,1.276330,1.265890,1.271950,43943,False
2010-09-09,1.272070,1.276550,1.266460,1.269420,41114,False
2010-09-10,1.269440,1.274660,1.264390,1.267470,40169,False
2010-09-13,1.271290,1.289230,1.270160,1.288180,39493,False
2010-09-14,1.288140,1.303270,1.282900,1.299680,48877,False
2010-09-15,1.299590,1.303670,1.295510,1.301020,51455,False
2010-09-16,1.301050,1.311590,1.297550,1.307660,46902,False
2010-09-17,1.307640,1.315820,1.301970,1.304450,47311,False
2010-09-20,1.305870,1.312040,1.302900,1.306040,32475,False
2010-09-21,1.306020,1.328580,1.305790,1.326370,45959,False
2010-09-22,1.326310,1.343970,1.324770,1.340470,59041,False
2010-09-23,1.340530,1.341360,1.330370,1.331340,55073,False
2010-09-24,1.331310,1.349180,1.328610,1.348630,58436,False
2010-09-27,1.348490,1.350580,1.342560,1.345350,42385,False
2010-09-28,1.345330,1.359490,1.338090,1.358440,58933,False
2010-09-29,1.358560,1.364590,1.356600,1.362550,54118,False
2010-09-30,1.362570,1.368320,1.355920,1.363410,65683,False
2010-10-01,1.363450,1.378740,1.361880,1.378660,50333,False
2010-10-04,1.379950,1.380390,1.366620,1.368460,42440,False
2010-10-05,1.368400,1.385860,1.363710,1.383810,55856,False
2010-10-06,1.383840,1.394730,1.379830,1.392920,52988,False
2010-10-07,1.392860,1.402900,1.385710,1.392530,57243,False
2010-10-08,1.392420,1.398270,1.383190,1.393600,59617,False
2010-10-11,1.399210,1.401090,1.386630,1.387560,39758,False
2010-10-12,1.387520,1.393560,1.377500,1.392400,63008,False
2010-10-13,1.392440,1.400090,1.391200,1.396050,54220,False
2010-10-14,1.396100,1.412140,1.395390,1.408340,58466,False
2010-10-15,1.408320,1.415860,1.393640,1.397220,73101,False
2010-10-18,1.398640,1.399780,1.383060,1.393360,60531,False
2010-10-19,1.393320,1.400370,1.371240,1.372560,89831,False
2010-10-20,1.372540,1.399060,1.369730,1.396350,71204,False
2010-10-21,1.396310,1.404960,1.387100,1.391920,77840,False
2010-10-22,1.391900,1.397230,1.385710,1.394850,61513,False
2010-10-25,1.396660,1.407960,1.393400,1.396340,55278,False
2010-10-26,1.396110,1.398170,1.382530,1.385810,64741,False
2010-10-27,1.385830,1.387800,1.373380,1.376810,72466,False
2010-10-28,1.376780,1.394470,1.376300,1.392970,56359,False
2010-10-29,1.393000,1.395100,1.380670,1.394170,61082,False
2010-11-01,1.395870,1.401100,1.386390,1.389180,55639,False
2010-11-02,1.389240,1.405770,1.388120,1.403260,51851,False
2010-11-03,1.403240,1.417990,1.399160,1.413770,74320,False
2010-11-04,1.413650,1.428180,1.410220,1.420650,67133,False
2010-11-05,1.420680,1.424830,1.402280,1.402730,68471,False
2010-11-08,1.405500,1.408500,1.388700,1.391910,62432,False
2010-11-09,1.391930,1.397300,1.375050,1.377190,75689,False
2010-11-10,1.377160,1.382470,1.367020,1.378190,86325,False
2010-11-11,1.378150,1.382060,1.363680,1.366630,70169,False
2010-11-12,1.366600,1.377640,1.357330,1.368580,90766,False
2010-11-15,1.370250,1.375040,1.356310,1.358630,62759,False
2010-11-16,1.358650,1.365530,1.344650,1.348830,83624,False
2010-11-17,1.348810,1.356560,1.346020,1.352810,60720,False
2010-11-18,1.352710,1.366670,1.352450,1.364190,59335,False
2010-11-19,1.364130,1.373100,1.360810,1.366750,51747,False
2010-11-22,1.371740,1.378570,1.357640,1.362580,60723,False
2010-11-23,1.362610,1.363250,1.336120,1.336640,81533,False
2010-11-24,1.336790,1.342060,1.328400,1.333440,79926,False
2010-11-25,1.333380,1.338710,1.328690,1.335840,46488,False
2010-11-26,1.336040,1.336190,1.320050,1.323670,66456,False
2010-11-29,1.327930,1.330140,1.306330,1.312430,67991,False
2010-11-30,1.312460,1.314980,1.296810,1.298110,73593,False
2010-12-01,1.298150,1.318090,1.297080,1.313770,68209,False
2010-12-02,1.313800,1.324680,1.305980,1.320810,67803,False
2010-12-03,1.320880,1.343380,1.319300,1.340990,62232,False
2010-12-06,1.337460,1.342130,1.324620,1.330700,61451,False
2010-12-07,1.330720,1.340020,1.325680,1.326020,61678,False
2010-12-08,1.325920,1.327990,1.317980,1.326080,64236,False
2010-12-09,1.326050,1.332200,1.316420,1.323790,53835,False
2010-12-10,1.323760,1.328200,1.317810,1.322100,44708,False
2010-12-13,1.319560,1.343320,1.318230,1.339000,45036,False
2010-12-14,1.338980,1.349760,1.336250,1.337690,56741,False
2010-12-15,1.337340,1.338090,1.320800,1.321190,61428,False
2010-12-16,1.321240,1.326570,1.318110,1.324300,51688,False
2010-12-17,1.324350,1.335850,1.313280,1.318290,46978,False
2010-12-20,1.318220,1.318400,1.309400,1.313030,42187,False
2010-12-21,1.312460,1.320130,1.307340,1.309930,41626,False
2010-12-22,1.309970,1.318060,1.307810,1.309930,43109,False
2010-12-23,1.309890,1.315050,1.305490,1.311340,35621,False
2010-12-24,1.311430,1.314730,1.308630,1.311650,18302,False
2010-12-27,1.311170,1.316980,1.307130,1.316360,24984,False
2010-12-28,1.316400,1.327350,1.309380,1.311390,39152,False
2010-12-29,1.311420,1.323840,1.308270,1.322450,35526,False
2010-12-30,1.322410,1.331390,1.321530,1.328980,33939,False
2010-12-31,1.329380,1.342340,1.328450,1.337860,35337,False
2011-01-03,1.334280,1.339460,1.325040,1.336030,38418,False
2011-01-04,1.336000,1.343340,1.329130,1.330660,60719,False
2011-01-05,1.330610,1.332470,1.312530,1.314890,66237,False
2011-01-06,1.314910,1.317010,1.299720,1.300240,57427,False
2011-01-07,1.300220,1.302060,1.290070,1.290230,70514,False
2011-01-10,1.287490,1.296400,1.287290,1.295050,58300,False
2011-01-11,1.295030,1.299250,1.290440,1.297320,62189,False
2011-01-12,1.297300,1.314410,1.296160,1.312990,66678,False
2011-01-13,1.313290,1.338240,1.308860,1.336260,63799,False
2011-01-14,1.336210,1.345630,1.331390,1.338300,69146,False
2011-01-17,1.338270,1.338270,1.324370,1.329280,46863,False
2011-01-18,1.329430,1.346610,1.325300,1.338590,64553,False
2011-01-19,1.338560,1.353820,1.336770,1.347270,65165,False
2011-01-20,1.347290,1.352240,1.339570,1.347170,64158,False
2011-01-21,1.347190,1.362400,1.344840,1.361630,63070,False
2011-01-24,1.363840,1.368530,1.354020,1.363760,52688,False
2011-01-25,1.363810,1.370360,1.357240,1.368060,64348,False
2011-01-26,1.368100,1.372070,1.364020,1.371200,57597,False
2011-01-27,1.371220,1.375810,1.363700,1.373200,52362,False
2011-01-28,1.373250,1.374570,1.358310,1.360610,50477,False
2011-01-31,1.358620,1.373860,1.357040,1.369280,49398,False
2011-02-01,1.369310,1.384230,1.368940,1.382780,48384,False
2011-02-02,1.382760,1.386100,1.376730,1.380910,43877,False
2011-02-03,1.380770,1.382540,1.360930,1.363300,46721,False
2011-02-04,1.363260,1.367450,1.354320,1.357630,40340,False
2011-02-07,1.356170,1.362600,1.350810,1.358150,38415,False
2011-02-08,1.358180,1.368800,1.357210,1.362450,44461,False
2011-02-09,1.362470,1.374370,1.361090,1.373150,41850,False
2011-02-10,1.373130,1.373550,1.357710,1.360090,41010,False
2011-02-11,1.360130,1.362030,1.349710,1.355240,38567,False
2011-02-14,1.350620,1.355780,1.342860,1.348800,37884,False
2011-02-15,1.348770,1.355000,1.346080,1.348620,43952,False
2011-02-16,1.348590,1.358730,1.346190,1.356770,47491,False
2011-02-17,1.356750,1.361830,1.353640,1.360840,42709,False
2011-02-18,1.360870,1.371450,1.354520,1.368810,41332,False
2011-02-21,1.369780,1.371490,1.364730,1.367720,23105,False
2011-02-22,1.367750,1.370290,1.352500,1.364960,50796,False
2011-02-23,1.364940,1.378590,1.364760,1.374770,43672,False
2011-02-24,1.374870,1.382010,1.370420,1.379930,45642,False
2011-02-25,1.379910,1.383740,1.372340,1.374860,35791,False
2011-02-28,1.375580,1.385500,1.371090,1.380560,41857,False
2011-03-01,1.380540,1.385380,1.376240,1.377610,40024,False
2011-03-02,1.377580,1.389000,1.374280,1.386440,38244,False
2011-03-03,1.386390,1.397510,1.383290,1.396830,43007,False
2011-03-04,1.396790,1.400660,1.394040,1.398200,39440,False
2011-03-07,1.399220,1.403540,1.395500,1.396760,30741,False
2011-03-08,1.396790,1.398830,1.386210,1.390390,30722,False
2011-03-09,1.390370,1.394090,1.385560,1.390670,30021,False
2011-03-10,1.390650,1.392390,1.377500,1.379630,37621,False
2011-03-11,1.379600,1.391030,1.375170,1.389790,40306,False
2011-03-14,1.396180,1.400260,1.390410,1.399120,39980,False
2011-03-15,1.399090,1.401230,1.385510,1.399670,56213,False
2011-03-16,1.399720,1.400150,1.386650,1.389850,47714,False
2011-03-17,1.389830,1.405110,1.386800,1.402060,61948,False
2011-03-18,1.402110,1.418310,1.397960,1.417690,51208,False
2011-03-21,1.419370,1.423940,1.413810,1.422380,32848,False
2011-03-22,1.422310,1.424800,1.417890,1.419530,32349,False
2011-03-23,1.419680,1.421400,1.408440,1.408670,38231,False
2011-03-24,1.408600,1.421950,1.405340,1.417610,37182,False
2011-03-25,1.417630,1.419310,1.405490,1.408320,38201,False
2011-03-28,1.403870,1.411500,1.402040,1.408620,32670,False
2011-03-29,1.408590,1.414840,1.404660,1.411230,36633,False
2011-03-30,1.411260,1.414710,1.405190,1.412630,37288,False
2011-03-31,1.412660,1.423270,1.411580,1.415590,38091,False
2011-04-01,1.415610,1.424490,1.406150,1.422890,35967,False
2011-04-04,1.422850,1.426800,1.419260,1.421970,28362,False
2011-04-05,1.421950,1.424520,1.415130,1.422170,31488,False
2011-04-06,1.422150,1.434900,1.420790,1.433090,38410,False
2011-04-07,1.433060,1.433620,1.424210,1.430690,42732,False
2011-04-08,1.430710,1.448320,1.429090,1.447860,39013,False
2011-04-11,1.447000,1.448320,1.442050,1.443490,32128,False
2011-04-12,1.443460,1.451870,1.437720,1.447630,47913,False
2011-04-13,1.447670,1.451980,1.441330,1.444200,40087,False
2011-04-14,1.444180,1.451370,1.436510,1.448710,45492,False
2011-04-15,1.448760,1.450260,1.439030,1.442530,36982,False
2011-04-18,1.440730,1.441980,1.415630,1.423340,47930,False
2011-04-19,1.423320,1.435260,1.420510,1.433380,42219,False
2011-04-20,1.433420,1.454620,1.432760,1.452200,44750,False
2011-04-21,1.452160,1.464800,1.450500,1.455150,42431,False
2011-04-22,1.455190,1.458790,1.453340,1.456220,14871,False
2011-04-25,1.455890,1.462620,1.452510,1.458010,25415,False
2011-04-26,1.457970,1.465700,1.449320,1.464300,36536,False
2011-04-27,1.464320,1.479400,1.462820,1.478640,48228,False
2011-04-28,1.478610,1.488130,1.476840,1.482140,44034,False
2011-04-29,1.482160,1.487740,1.479990,1.480240,23916,False
2011-05-02,1.480390,1.490110,1.476210,1.482920,39026,False
2011-05-03,1.482900,1.488960,1.475390,1.482470,46718,False
2011-05-04,1.482440,1.493980,1.477450,1.482670,49927,False
2011-05-05,1.482640,1.489880,1.450990,1.453780,58035,False
2011-05-06,1.453850,1.458730,1.430520,1.430900,86375,False
2011-05-09,1.435940,1.444180,1.425390,1.436430,63053,False
2011-05-10,1.436460,1.441170,1.427010,1.440820,57986,False
2011-05-11,1.440850,1.442270,1.417230,1.419100,55996,False
2011-05-12,1.419120,1.427600,1.412250,1.424500,63763,False
2011-05-13,1.424480,1.433920,1.406590,1.411340,62082,False
2011-05-16,1.408860,1.424400,1.404780,1.415500,56503,False
2011-05-17,1.415540,1.423740,1.412040,1.423630,62075,False
2011-05-18,1.423600,1.428630,1.419470,1.424820,51631,False
2011-05-19,1.424800,1.432500,1.420620,1.430820,61200,False
2011-05-20,1.430860,1.434500,1.412850,1.415110,56152,False
2011-05-23,1.412240,1.414360,1.396910,1.404690,61677,False
2011-05-24,1.404660,1.413270,1.400140,1.409880,61514,False
2011-05-25,1.409910,1.411770,1.401320,1.408700,60272,False
2011-05-26,1.408680,1.420630,1.406750,1.414340,62712,False
2011-05-27,1.414310,1.431920,1.412440,1.431250,64551,False
2011-05-30,1.431930,1.431930,1.425670,1.428120,30288,False
2011-05-31,1.428210,1.442380,1.427820,1.439560,53979,False
2011-06-01,1.439580,1.445810,1.432030,1.432740,56197,False
2011-06-02,1.432720,1.451340,1.430640,1.449080,53252,False
2011-06-03,1.449060,1.464180,1.445050,1.463030,52834,False
2011-06-06,1.460880,1.465740,1.455690,1.457510,49895,False
2011-06-07,1.457480,1.469570,1.456310,1.469030,49586,False
2011-06-08,1.469060,1.469440,1.456390,1.458210,50499,False
2011-06-09,1.458290,1.465110,1.447690,1.450970,54907,False
2011-06-10,1.450930,1.455020,1.432180,1.434200,57071,False
2011-06-13,1.432360,1.442950,1.431990,1.441210,50113,False
2011-06-14,1.441230,1.449650,1.437810,1.443950,47280,False
2011-06-15,1.443930,1.445080,1.415570,1.417830,56083,False
2011-06-16,1.417850,1.422090,1.407330,1.420360,77622,False
2011-06-17,1.420340,1.433880,1.412710,1.430800,63227,False
2011-06-20,1.427370,1.432720,1.419100,1.430310,52042,False
2011-06-21,1.430330,1.442180,1.430260,1.441030,50853,False
2011-06-22,1.441010,1.444140,1.434080,1.435400,57880,False
2011-06-23,1.435380,1.435640,1.412590,1.425580,59407,False
2011-06-24,1.425550,1.430600,1.414140,1.418280,54264,False
2011-06-27,1.419080,1.429360,1.410200,1.428640,53288,False
2011-06-28,1.428660,1.439670,1.423720,1.437010,59641,False
2011-06-29,1.436990,1.444750,1.432800,1.443410,57293,False
2011-06-30,1.443460,1.453730,1.442650,1.450080,49671,False
2011-07-01,1.450060,1.455130,1.443600,1.452030,47486,False
2011-07-04,1.453310,1.457730,1.449530,1.453810,30164,False
2011-07-05,1.453790,1.455260,1.439600,1.442770,45120,False
2011-07-06,1.442750,1.446580,1.428570,1.431830,47418,False
2011-07-07,1.431870,1.437370,1.421970,1.436210,47559,False
2011-07-08,1.436240,1.436860,1.420480,1.425920,50204,False
2011-07-11,1.420050,1.422700,1.398590,1.402860,61972,False
2011-07-12,1.402890,1.406130,1.383660,1.397520,90528,False
2011-07-13,1.397550,1.419200,1.395060,1.416660,68552,False
2011-07-14,1.416690,1.428160,1.411500,1.414170,73512,False
2011-07-15,1.414190,1.419840,1.408890,1.415500,54746,False
2011-07-18,1.410960,1.413320,1.401390,1.411170,57499,False
2011-07-19,1.411150,1.421680,1.406850,1.415400,55073,False
2011-07-20,1.415380,1.423890,1.413300,1.421410,49982,False
2011-07-21,1.421430,1.443270,1.413870,1.442290,68336,False
2011-07-22,1.442360,1.443650,1.432350,1.435480,48859,False
2011-07-25,1.438410,1.441560,1.432460,1.437590,43761,False
2011-07-26,1.437560,1.452490,1.435690,1.451040,49217,False
2011-07-27,1.451010,1.453540,1.433860,1.436760,50774,False
2011-07-28,1.436790,1.439980,1.425390,1.433270,51524,False
2011-07-29,1.433250,1.441280,1.422920,1.439100,60943,False
2011-08-01,1.437860,1.445310,1.418450,1.424910,65460,False
2011-08-02,1.424930,1.428230,1.415110,1.420220,71405,False
2011-08-03,1.420180,1.434410,1.414280,1.432240,66424,False
2011-08-04,1.432210,1.437170,1.408790,1.409160,87280,False
2011-08-05,1.409200,1.429720,1.405460,1.427500,101308,False
2011-08-08,1.441590,1.442840,1.412910,1.417740,103482,False
2011-08-09,1.417700,1.437510,1.415200,1.437400,122354,False
2011-08-10,1.437370,1.440000,1.416180,1.417650,85238,False
2011-08-11,1.417680,1.429340,1.410290,1.423950,95867,False
2011-08-12,1.423930,1.429100,1.414910,1.424350,61293,False
2011-08-15,1.426330,1.447680,1.424480,1.444320,50502,False
2011-08-16,1.444340,1.447090,1.435390,1.440600,54007,False
2011-08-17,1.440630,1.451680,1.432420,1.442520,50492,False
2011-08-18,1.442500,1.445090,1.427080,1.433170,54936,False
2011-08-19,1.433200,1.445190,1.425870,1.439100,59889,False
2011-08-22,1.437780,1.443380,1.434680,1.435750,39661,False
2011-08-23,1.435780,1.449940,1.435330,1.444040,43358,False
2011-08-24,1.444060,1.448070,1.437700,1.441330,43412,False
2011-08-25,1.441300,1.447400,1.432750,1.437800,44631,False
2011-08-26,1.437770,1.450110,1.432820,1.449390,53723,False
2011-08-29,1.449560,1.454800,1.446540,1.450990,32736,False
2011-08-30,1.451020,1.453240,1.438410,1.444060,40512,False
2011-08-31,1.444120,1.446860,1.435830,1.436870,37508,False
2011-09-01,1.436900,1.438520,1.422620,1.425830,40933,False
2011-09-02,1.425850,1.428700,1.418380,1.420070,44529,False
2011-09-05,1.416030,1.417240,1.406010,1.409660,36021,False
2011-09-06,1.409610,1.428320,1.397190,1.399680,69205,False
2011-09-07,1.399650,1.414920,1.399170,1.409710,46507,False
2011-09-08,1.409690,1.409980,1.387190,1.388080,49047,False
2011-09-09,1.388120,1.393590,1.362600,1.364810,64759,False
2011-09-12,1.358210,1.369360,1.349510,1.367780,76918,False
2011-09-13,1.367800,1.373860,1.355770,1.367740,69460,False
2011-09-14,1.367720,1.378270,1.359100,1.375340,66674,False
2011-09-15,1.375370,1.393570,1.370300,1.387540,59860,False
2011-09-16,1.387570,1.389240,1.375330,1.379630,48107,False
2011-09-19,1.368570,1.372000,1.358580,1.368400,52240,False
2011-09-20,1.368380,1.374390,1.359300,1.369960,62923,False
2011-09-21,1.370000,1.379320,1.356190,1.357070,73341,False
2011-09-22,1.357110,1.360020,1.338460,1.346260,89991,False
2011-09-23,1.346230,1.356630,1.341840,1.349520,79743,False
2011-09-26,1.351590,1.354870,1.336190,1.353160,80310,False
2011-09-27,1.353140,1.366780,1.347890,1.358150,67940,False
2011-09-28,1.358200,1.368940,1.353240,1.354120,59330,False
2011-09-29,1.354090,1.367830,1.351940,1.359580,63502,False
2011-09-30,1.359550,1.360020,1.337910,1.338000,55677,False
2011-10-03,1.334190,1.338060,1.316690,1.317490,64679,False
2011-10-04,1.317520,1.336830,1.314530,1.334580,75842,False
2011-10-05,1.334630,1.338340,1.326010,1.334740,68489,False
2011-10-06,1.334720,1.345010,1.324160,1.343650,76364,False
2011-10-07,1.343600,1.352430,1.336040,1.337210,63431,False
2011-10-10,1.338840,1.369770,1.337750,1.364110,51675,False
2011-10-11,1.364150,1.368320,1.356520,1.363910,61782,False
2011-10-12,1.363950,1.383270,1.358250,1.379010,63625,False
2011-10-13,1.378990,1.382560,1.368510,1.377660,66608,False
2011-10-14,1.377640,1.389350,1.372320,1.387630,53403,False
2011-10-17,1.386410,1.391370,1.372490,1.373630,53777,False
2011-10-18,1.373610,1.381680,1.365270,1.375160,66533,False
2011-10-19,1.375130,1.386890,1.372460,1.375840,62788,False
2011-10-20,1.375800,1.384220,1.365550,1.377870,74719,False
2011-10-21,1.377890,1.389980,1.370340,1.389000,57101,False
2011-10-24,1.384130,1.395610,1.382180,1.392840,52057,False
2011-10-25,1.392820,1.395990,1.384860,1.390650,65407,False
2011-10-26,1.390670,1.397410,1.379750,1.390450,64965,False
2011-10-27,1.390410,1.424670,1.386360,1.418610,70709,False
2011-10-28,1.418650,1.419990,1.413330,1.414450,53723,False
2011-10-31,1.413950,1.417110,1.382790,1.385670,72016,False
2011-11-01,1.385710,1.387070,1.360790,1.370200,88402,False
2011-11-02,1.370230,1.382830,1.363640,1.374600,72912,False
2011-11-03,1.374550,1.385420,1.365630,1.382180,85839,False
2011-11-04,1.382160,1.386710,1.371060,1.378430,67600,False
2011-11-07,1.382530,1.382830,1.368120,1.377500,56771,False
2011-11-08,1.377470,1.384630,1.372430,1.383260,52251,False
2011-11-09,1.383210,1.385820,1.352290,1.353950,71062,False
2011-11-10,1.353990,1.365240,1.348330,1.360420,69126,False
2011-11-11,1.360490,1.379450,1.357780,1.374660,50509,False
2011-11-14,1.380810,1.380840,1.359160,1.363230,50350,False
2011-11-15,1.363180,1.364030,1.349620,1.353840,57281,False
2011-11-16,1.353860,1.355640,1.342870,1.346240,62015,False
2011-11-17,1.346210,1.353920,1.342150,1.345670,69801,False
2011-11-18,1.345700,1.361320,1.344660,1.352050,56227,False
2011-11-21,1.351020,1.354010,1.343000,1.348760,52097,False
2011-11-22,1.348780,1.356810,1.346830,1.350350,46876,False
2011-11-23,1.350320,1.353040,1.331950,1.334100,52820,False
2011-11-24,1.334120,1.341100,1.331580,1.334560,33752,False
2011-11-25,1.334580,1.335060,1.321170,1.323750,43076,False
2011-11-28,1.332000,1.339830,1.327230,1.331800,46918,False
2011-11-29,1.331830,1.344190,1.328560,1.331490,48618,False
2011-11-30,1.331460,1.353250,1.325720,1.344470,61430,False
2011-12-01,1.344440,1.352070,1.341700,1.346060,46668,False
2011-12-02,1.346130,1.354360,1.336250,1.338890,41410,False
2011-12-05,1.342320,1.348530,1.337470,1.340000,37086,False
2011-12-06,1.339940,1.342770,1.333300,1.340040,40281,False
2011-12-07,1.340070,1.345270,1.335030,1.341040,37552,False
2011-12-08,1.341070,1.345860,1.328860,1.333910,46862,False
2011-12-09,1.333960,1.343340,1.328150,1.338240,45839,False
2011-12-12,1.337940,1.337940,1.316280,1.318640,39502,False
2011-12-13,1.318670,1.323630,1.300830,1.303550,48164,False
2011-12-14,1.303520,1.306340,1.294500,1.298150,45757,False
2011-12-15,1.298050,1.304920,1.295690,1.301480,39761,False
2011-12-16,1.301500,1.308360,1.299470,1.303850,34265,False
2011-12-19,1.304080,1.304310,1.298250,1.299580,29130,False
2011-12-20,1.299540,1.313090,1.299290,1.308050,27940,False
2011-12-21,1.308080,1.319760,1.302460,1.304540,38362,False
2011-12-22,1.304600,1.311810,1.301640,1.304880,26878,False
2011-12-23,1.304910,1.309520,1.302530,1.303820,21490,False
2011-12-26,1.303670,1.308020,1.302770,1.305860,5309,False
2011-12-27,1.305700,1.308240,1.304180,1.306970,16772,False
2011-12-28,1.306940,1.307960,1.291150,1.293970,24074,False
2011-12-29,1.294010,1.296400,1.285780,1.296030,31066,False
2011-12-30,1.296070,1.299830,1.290340,1.295690,26555,False
2012-01-02,1.293590,1.296920,1.291670,1.293320,11550,False
2012-01-03,1.293350,1.307600,1.293110,1.304920,31860,False
2012-01-04,1.304890,1.307180,1.289690,1.294190,32283,False
2012-01-05,1.294170,1.294590,1.276940,1.278780,41981,False
2012-01-06,1.278760,1.281190,1.269680,1.271440,32165,False
2012-01-09,1.269320,1.278510,1.266560,1.276420,34035,False
2012-01-10,1.276390,1.281740,1.274230,1.277690,30285,False
2012-01-11,1.277660,1.278920,1.266100,1.270550,35564,False
2012-01-12,1.270530,1.284450,1.269890,1.281330,33298,False
2012-01-13,1.281310,1.287760,1.262360,1.267610,44537,False
2012-01-16,1.263470,1.268680,1.262570,1.266620,25358,False
2012-01-17,1.266600,1.280790,1.264850,1.273550,34653,False
2012-01-18,1.273570,1.286720,1.273340,1.286270,40070,False
2012-01-19,1.286250,1.297040,1.283890,1.296700,36405,False
2012-01-20,1.296720,1.298510,1.288690,1.292700,29293,False
2012-01-23,1.287590,1.305180,1.287500,1.301470,32436,False
2012-01-24,1.301490,1.306200,1.295320,1.303510,34628,False
2012-01-25,1.303480,1.312000,1.293070,1.310570,38829,False
2012-01-26,1.310540,1.318330,1.308980,1.310790,34296,False
2012-01-27,1.310810,1.322920,1.307740,1.321480,38964,False
2012-01-30,1.322480,1.322680,1.307640,1.314270,31049,False
2012-01-31,1.314300,1.321280,1.304160,1.308280,35512,False
2012-02-01,1.308250,1.321720,1.302570,1.315970,36594,False
2012-02-02,1.316000,1.319560,1.308540,1.314310,36353,False
2012-02-03,1.314330,1.320450,1.306570,1.315270,36938,False
2012-02-06,1.311280,1.314070,1.302730,1.312880,33575,False
2012-02-07,1.312910,1.326950,1.308880,1.325930,39013,False
2012-02-08,1.325960,1.328800,1.322080,1.325970,34365,False
2012-02-09,1.326000,1.332120,1.321430,1.328470,43652,False
2012-02-10,1.328450,1.329040,1.315520,1.319210,31308,False
2012-02-13,1.320560,1.328340,1.318570,1.318570,31312,False
2012-02-14,1.318590,1.321560,1.307960,1.313300,38849,False
2012-02-15,1.313280,1.318990,1.304330,1.306460,42230,False
2012-02-16,1.306500,1.315860,1.297330,1.312960,44938,False
2012-02-17,1.312990,1.319730,1.311480,1.313460,30248,False
2012-02-20,1.317870,1.327610,1.317110,1.324200,26848,False
2012-02-21,1.324230,1.329220,1.318630,1.323280,42114,False
2012-02-22,1.323260,1.326630,1.321080,1.324770,34173,False
2012-02-23,1.324740,1.337750,1.323080,1.337170,32857,False
2012-02-24,1.337190,1.348590,1.335640,1.344400,29398,False
2012-02-27,1.346280,1.347800,1.336630,1.339650,33466,False
2012-02-28,1.339620,1.347050,1.338890,1.345710,32362,False
2012-02-29,1.345690,1.348500,1.331440,1.332340,41202,False
2012-03-01,1.332320,1.335560,1.328190,1.331050,36546,False
2012-03-02,1.331030,1.333210,1.318660,1.319330,29537,False
2012-03-05,1.319090,1.324070,1.316010,1.321580,29510,False
2012-03-06,1.321600,1.322510,1.310300,1.311140,32298,False
2012-03-07,1.311110,1.316340,1.309620,1.314820,27985,False
2012-03-08,1.314800,1.329050,1.313450,1.327330,32585,False
2012-03-09,1.327310,1.327720,1.309610,1.311870,33018,False
2012-03-12,1.310350,1.315790,1.307860,1.315350,24043,False
2012-03-13,1.315330,1.319090,1.305180,1.308300,31618,False
2012-03-14,1.308280,1.308990,1.301080,1.303170,27621,False
2012-03-15,1.303140,1.311900,1.300370,1.307930,28509,False
2012-03-16,1.307950,1.318640,1.304860,1.317050,25935,False
2012-03-19,1.317390,1.325520,1.314150,1.323750,20298,False
2012-03-20,1.323730,1.325140,1.317210,1.322390,25602,False
2012-03-21,1.322360,1.328460,1.317850,1.321510,26639,False
2012-03-22,1.321490,1.325390,1.313340,1.319970,32589,False
2012-03-23,1.319950,1.329280,1.318970,1.326470,32945,False
2012-03-26,1.326770,1.336700,1.319170,1.335800,26828,False
2012-03-27,1.335820,1.338490,1.331190,1.331280,23771,False
2012-03-28,1.331310,1.337290,1.327710,1.331620,29538,False
2012-03-29,1.331590,1.334480,1.324990,1.330110,32144,False
2012-03-30,1.330090,1.337620,1.329350,1.333740,28854,False
2012-04-02,1.335850,1.337970,1.327780,1.331970,25327,False
2012-04-03,1.331950,1.336680,1.321310,1.323250,31212,False
2012-04-04,1.323270,1.323820,1.310660,1.314140,35140,False
2012-04-05,1.314120,1.316370,1.303450,1.306450,26027,False
2012-04-06,1.306470,1.311180,1.304650,1.309140,14221,False
2012-04-09,1.309750,1.313320,1.303300,1.310490,14904,False
2012-04-10,1.310460,1.314400,1.305370,1.308090,32729,False
2012-04-11,1.308110,1.315630,1.306600,1.310860,29997,False
2012-04-12,1.310880,1.321210,1.310190,1.318670,30665,False
2012-04-13,1.318650,1.320040,1.306760,1.307240,27230,False
2012-04-16,1.306260,1.314720,1.299450,1.314100,33538,False
2012-04-17,1.314130,1.317200,1.309010,1.312560,28248,False
2012-04-18,1.312580,1.314060,1.305750,1.312210,28819,False
2012-04-19,1.312230,1.316540,1.306940,1.313680,34534,False
2012-04-20,1.313650,1.322400,1.312830,1.321420,27748,False
2012-04-23,1.318170,1.320950,1.310430,1.315590,26668,False
2012-04-24,1.315610,1.321760,1.314460,1.319630,25999,False
2012-04-25,1.319610,1.323600,1.317300,1.321610,31660,False
2012-04-26,1.321580,1.326230,1.319820,1.321850,26413,False
2012-04-27,1.321870,1.326970,1.315710,1.325010,34296,False
2012-04-30,1.323410,1.326620,1.320780,1.323830,24192,False
2012-05-01,1.323860,1.328330,1.320390,1.323610,15923,False
2012-05-02,1.323630,1.324070,1.312080,1.315770,28324,False
2012-05-03,1.315740,1.317990,1.309490,1.315190,24865,False
2012-05-04,1.315170,1.317770,1.307640,1.307870,22732,False
2012-05-07,1.301140,1.306480,1.295460,1.305010,31154,False
2012-05-08,1.305030,1.306460,1.298230,1.300490,30966,False
2012-05-09,1.300510,1.300680,1.291100,1.292850,39150,False
2012-05-10,1.292880,1.297870,1.292390,1.293500,29924,False
2012-05-11,1.293480,1.295710,1.290470,1.291190,31307,False
2012-05-14,1.289960,1.290380,1.282050,1.282220,33808,False
2012-05-15,1.282240,1.286870,1.272140,1.272870,35418,False
2012-05-16,1.272840,1.275840,1.268100,1.271530,42884,False
2012-05-17,1.271510,1.274880,1.266640,1.269720,37884,False
2012-05-18,1.269700,1.278950,1.264220,1.277650,40436,False
2012-05-21,1.276010,1.282370,1.272500,1.281660,35716,False
2012-05-22,1.281710,1.281890,1.265780,1.268290,34351,False
2012-05-23,1.268310,1.268770,1.254500,1.258140,47772,False
2012-05-24,1.258200,1.261900,1.251510,1.253150,45994,False
2012-05-25,1.253180,1.260230,1.249580,1.251440,36523,False
2012-05-28,1.257220,1.262380,1.252450,1.254030,24086,False
2012-05-29,1.254000,1.257410,1.246040,1.250190,38033,False
2012-05-30,1.250170,1.250440,1.236130,1.236580,43151,False
2012-05-31,1.236560,1.242820,1.233590,1.236420,40120,False
2012-06-01,1.236440,1.245780,1.228780,1.242960,52084,False
2012-06-04,1.241370,1.250910,1.238550,1.249860,35264,False
2012-06-05,1.249840,1.254190,1.240990,1.245160,36669,False
2012-06-06,1.245190,1.258460,1.244040,1.258030,44044,False
2012-06-07,1.258000,1.262480,1.253980,1.255920,44308,False
2012-06-08,1.255950,1.257420,1.243510,1.251180,41660,False
2012-06-11,1.263570,1.266740,1.248020,1.248160,42865,False
2012-06-12,1.248190,1.252890,1.244230,1.250230,43668,False
2012-06-13,1.250200,1.260990,1.247330,1.255610,42146,False
2012-06-14,1.255590,1.263630,1.254190,1.263190,43037,False
2012-06-15,1.263170,1.265960,1.259180,1.263330,34202,False
2012-06-18,1.269440,1.274680,1.255660,1.257520,51957,False
2012-06-19,1.257490,1.273010,1.256850,1.268390,45977,False
2012-06-20,1.268360,1.274230,1.263700,1.270570,49295,False
2012-06-21,1.270540,1.270680,1.253090,1.253880,51399,False
2012-06-22,1.253850,1.258280,1.251900,1.256480,39384,False
2012-06-25,1.254460,1.255820,1.247100,1.250290,30601,False
2012-06-26,1.250260,1.253000,1.244110,1.249050,37601,False
2012-06-27,1.249030,1.250790,1.244510,1.246770,31424,False
2012-06-28,1.246740,1.252380,1.240700,1.244260,42108,False
2012-06-29,1.244280,1.269240,1.243230,1.265930,57856,False
2012-07-02,1.267340,1.267600,1.256780,1.257550,34510,False
2012-07-03,1.257480,1.262680,1.255890,1.260700,27765,False
2012-07-04,1.260680,1.260700,1.250770,1.252690,22363,False
2012-07-05,1.252740,1.253820,1.236360,1.238990,43423,False
2012-07-06,1.239010,1.240100,1.225990,1.228400,36305,False
2012-07-09,1.226150,1.232370,1.225520,1.231180,29359,False
2012-07-10,1.231200,1.233330,1.223510,1.224920,30149,False
2012-07-11,1.224950,1.229640,1.221220,1.223840,30949,False
2012-07-12,1.223900,1.224810,1.216650,1.220270,31344,False
2012-07-13,1.220240,1.225620,1.216210,1.224680,29644,False
2012-07-16,1.226580,1.228950,1.217530,1.227180,24971,False
2012-07-17,1.227200,1.231640,1.218870,1.229330,33051,False
2012-07-18,1.229350,1.230590,1.221650,1.228250,31651,False
2012-07-19,1.228220,1.232370,1.222870,1.228000,38557,False
2012-07-20,1.227970,1.228230,1.214350,1.215400,35589,False
2012-07-23,1.211920,1.214440,1.206690,1.211650,40306,False
2012-07-24,1.211620,1.213770,1.204190,1.205920,41753,False
2012-07-25,1.205940,1.217040,1.205290,1.215700,46687,False
2012-07-26,1.215680,1.232890,1.211690,1.228160,50265,False
2012-07-27,1.228190,1.238910,1.224090,1.231760,53588,False
2012-07-30,1.229520,1.230980,1.222500,1.225960,32537,False
2012-07-31,1.225980,1.232950,1.224840,1.230320,38656,False
2012-08-01,1.230300,1.233570,1.221770,1.222430,36355,False
2012-08-02,1.222400,1.240280,1.213320,1.217920,61706,False
2012-08-03,1.217940,1.239220,1.216590,1.238380,50494,False
2012-08-06,1.239530,1.244270,1.234140,1.239950,39917,False
2012-08-07,1.239910,1.244150,1.237530,1.239790,34935,False
2012-08-08,1.239760,1.240190,1.232630,1.236420,33998,False
2012-08-09,1.236400,1.238690,1.226650,1.230500,36197,False
2012-08-10,1.230460,1.231600,1.224080,1.228640,31203,False
2012-08-13,1.228930,1.237300,1.226050,1.233130,102879,False
2012-08-14,1.233150,1.238500,1.231680,1.232140,29591,False
2012-08-15,1.232160,1.234320,1.226380,1.228950,29073,False
2012-08-16,1.228920,1.237240,1.225560,1.235470,34918,False
2012-08-17,1.235450,1.238180,1.228860,1.233110,32957,False
2012-08-20,1.235020,1.236860,1.229490,1.234440,31639,False
2012-08-21,1.234460,1.248700,1.234210,1.247170,36890,False
2012-08-22,1.247140,1.253790,1.243090,1.252800,40519,False
2012-08-23,1.252820,1.258930,1.252330,1.256330,41287,False
2012-08-24,1.256350,1.256910,1.248120,1.250960,37697,False
2012-08-27,1.251000,1.253540,1.248970,1.249800,23895,False
2012-08-28,1.249780,1.257640,1.246480,1.256400,34558,False
2012-08-29,1.256370,1.257320,1.251840,1.252890,30216,False
2012-08-30,1.252870,1.256320,1.248690,1.250570,29155,False
2012-08-31,1.250550,1.263690,1.249350,1.257350,47263,False
2012-09-03,1.257010,1.261070,1.255960,1.259180,22146,False
2012-09-04,1.259150,1.262760,1.255460,1.256500,34796,False
2012-09-05,1.256550,1.262380,1.250130,1.260030,44411,False
2012-09-06,1.260010,1.265060,1.256110,1.263020,49285,False
2012-09-07,1.263050,1.281490,1.262600,1.281360,45608,False
2012-09-10,1.280730,1.281000,1.275540,1.275760,29892,False
2012-09-11,1.275790,1.287070,1.275440,1.285410,41152,False
2012-09-12,1.285380,1.293620,1.281460,1.289820,49355,False
2012-09-13,1.289850,1.300130,1.285250,1.298870,51026,False
2012-09-14,1.298900,1.316820,1.297980,1.312580,50264,False
2012-09-17,1.311770,1.317150,1.308310,1.311610,38834,False
2012-09-18,1.311590,1.312090,1.302880,1.304660,40592,False
2012-09-19,1.304630,1.308470,1.299270,1.304770,41122,False
2012-09-20,1.304750,1.305850,1.291880,1.296760,46988,False
2012-09-21,1.296800,1.304710,1.295490,1.297740,47809,False
2012-09-24,1.297520,1.298880,1.289070,1.292980,36367,False
2012-09-25,1.293000,1.297030,1.288580,1.289920,41746,False
2012-09-26,1.289900,1.291260,1.283480,1.287240,39959,False
2012-09-27,1.287270,1.292800,1.282830,1.291250,44634,False
2012-09-28,1.291280,1.295920,1.283820,1.285540,46587,False
2012-10-01,1.284560,1.293840,1.280340,1.288750,43215,False
2012-10-02,1.288730,1.296740,1.287980,1.291870,37227,False
2012-10-03,1.291850,1.293660,1.287700,1.290440,36403,False
2012-10-04,1.290460,1.303090,1.290090,1.301720,42634,False
2012-10-05,1.301700,1.307090,1.299350,1.303640,34342,False
2012-10-08,1.302370,1.302510,1.293710,1.296700,28137,False
2012-10-09,1.296730,1.299020,1.285820,1.288390,39458,False
2012-10-10,1.288360,1.291300,1.283490,1.287320,36781,False
2012-10-11,1.287290,1.295140,1.282480,1.292670,37877,False
2012-10-12,1.292650,1.299130,1.292200,1.295040,32211,False
2012-10-15,1.295110,1.297830,1.289070,1.294790,32646,False
2012-10-16,1.294770,1.306030,1.294230,1.305270,37089,False
2012-10-17,1.305290,1.313890,1.305220,1.311800,38865,False
2012-10-18,1.311830,1.312810,1.305510,1.306570,35839,False
2012-10-19,1.306590,1.307650,1.301270,1.302190,31017,False
2012-10-22,1.302050,1.308290,1.301530,1.305890,29993,False
2012-10-23,1.305860,1.307510,1.295160,1.298560,33869,False
2012-10-24,1.298530,1.299620,1.291970,1.297290,37097,False
2012-10-25,1.297270,1.302300,1.292670,1.293300,36397,False
2012-10-26,1.293320,1.295560,1.288220,1.293460,38981,False
2012-10-29,1.294030,1.294520,1.288460,1.290300,23504,False
2012-10-30,1.290320,1.298300,1.288530,1.295850,22273,False
2012-10-31,1.295870,1.302000,1.294610,1.295920,31809,False
2012-11-01,1.295940,1.298220,1.292440,1.294220,28991,False
2012-11-02,1.294190,1.295020,1.282070,1.283500,38585,False
2012-11-05,1.281470,1.284170,1.276690,1.279480,31165,False
2012-11-06,1.279460,1.282610,1.276310,1.281310,32327,False
2012-11-07,1.281330,1.287600,1.273600,1.277050,53542,False
2012-11-08,1.277020,1.278030,1.271670,1.274580,44246,False
2012-11-09,1.274560,1.278960,1.268970,1.271100,41703,False
2012-11-12,1.271070,1.273860,1.269730,1.270870,24788,False
2012-11-13,1.270850,1.272790,1.265670,1.270340,40687,False
2012-11-14,1.270320,1.277470,1.270000,1.273430,37281,False
2012-11-15,1.273450,1.280160,1.271690,1.278000,35926,False
2012-11-16,1.277980,1.278440,1.269000,1.274020,34219,False
2012-11-19,1.274760,1.281950,1.273950,1.281230,29744,False
2012-11-20,1.281210,1.282940,1.276440,1.281610,37842,False
2012-11-21,1.281630,1.283310,1.273620,1.282890,36785,False
2012-11-22,1.282870,1.289850,1.282390,1.288310,28653,False
2012-11-23,1.288290,1.299060,1.286810,1.297300,30874,False
2012-11-26,1.296650,1.298410,1.294380,1.297070,27624,False
2012-11-27,1.296890,1.300860,1.291520,1.294190,40074,False
2012-11-28,1.294170,1.295380,1.287980,1.295200,36020,False
2012-11-29,1.295180,1.301380,1.293850,1.297810,33828,False
2012-11-30,1.297770,1.302700,1.296760,1.298260,35382,False
2012-12-03,1.298260,1.307530,1.298260,1.305200,31644,False
2012-12-04,1.305230,1.310800,1.304520,1.309340,31150,False
2012-12-05,1.309310,1.312620,1.305980,1.306700,32022,False
2012-12-06,1.306670,1.308620,1.294980,1.296830,37208,False
2012-12-07,1.296860,1.297280,1.287560,1.292440,33656,False
2012-12-10,1.288870,1.294600,1.288510,1.293980,26680,False
2012-12-11,1.294000,1.301440,1.292830,1.300420,27326,False
2012-12-12,1.300400,1.309730,1.299520,1.307320,29287,False
2012-12-13,1.307300,1.310000,1.304060,1.307660,28964,False
2012-12-14,1.307640,1.317320,1.306580,1.316050,61918,False
2012-12-17,1.316860,1.318720,1.314360,1.316320,51699,False
2012-12-18,1.316300,1.323790,1.315520,1.322790,47596,False
2012-12-19,1.322790,1.330710,1.322240,1.322630,56741,False
2012-12-20,1.322600,1.329480,1.318760,1.324340,59811,False
2012-12-21,1.324340,1.325210,1.315810,1.318660,68929,False
2012-12-24,1.317340,1.323280,1.317070,1.318720,30852,False
2012-12-26,1.318740,1.325360,1.318660,1.322340,15795,False
2012-12-27,1.322360,1.328320,1.320110,1.323470,53160,False
2012-12-28,1.323500,1.325600,1.316520,1.321500,54194,False
2012-12-31,1.321050,1.323400,1.317180,1.319630,41942,False
2013-01-02,1.320640,1.329830,1.315540,1.318580,81347,False
2013-01-03,1.318550,1.319020,1.304620,1.304810,65874,False
2013-01-04,1.304840,1.308900,1.299700,1.306760,70056,False
2013-01-07,1.307510,1.311900,1.301590,1.311520,57102,False
2013-01-08,1.311500,1.313930,1.305560,1.308030,61867,False
2013-01-09,1.308020,1.309550,1.303620,1.306330,59240,False
2013-01-10,1.306350,1.327280,1.303840,1.327130,73375,False
2013-01-11,1.327100,1.336530,1.324800,1.334110,76668,False
2013-01-14,1.336080,1.340350,1.333030,1.338100,70085,False
2013-01-15,1.338040,1.339340,1.326270,1.330450,81463,False
2013-01-16,1.330400,1.332430,1.325610,1.328870,76283,False
2013-01-17,1.328860,1.338690,1.326950,1.337380,75689,False
2013-01-18,1.337420,1.339780,1.327980,1.331850,77901,False
2013-01-21,1.331010,1.333170,1.329940,1.331210,45454,False
2013-01-22,1.331180,1.337120,1.326620,1.332130,77419,False
2013-01-23,1.332130,1.335360,1.326360,1.331740,63293,False
2013-01-24,1.331700,1.339230,1.328550,1.337580,72820,False
2013-01-25,1.337550,1.347860,1.334910,1.346220,79399,False
2013-01-28,1.346480,1.347670,1.342390,1.345440,63110,False
2013-01-29,1.345410,1.349660,1.341370,1.349060,68577,False
2013-01-30,1.348960,1.358630,1.348130,1.356550,70730,False
2013-01-31,1.356530,1.359410,1.354060,1.357660,63411,False
2013-02-01,1.357680,1.371050,1.357210,1.363890,90014,False
2013-02-04,1.365040,1.365910,1.350480,1.351280,69416,False
2013-02-05,1.351250,1.359690,1.345770,1.358240,83422,False
2013-02-06,1.358160,1.359550,1.349280,1.352060,75571,False
2013-02-07,1.352040,1.357710,1.337000,1.339690,90227,False
2013-02-08,1.339640,1.342880,1.335270,1.336060,70418,False
2013-02-11,1.336700,1.342700,1.335670,1.340500,127544,False
2013-02-12,1.340480,1.347490,1.336330,1.345310,143611,False
2013-02-13,1.345310,1.351960,1.342550,1.345070,141743,False
2013-02-14,1.345070,1.345500,1.331430,1.336220,141424,False
2013-02-15,1.336200,1.339310,1.330550,1.335850,152671,False
2013-02-18,1.334880,1.337900,1.332090,1.334980,94462,False
2013-02-19,1.334960,1.339540,1.332830,1.338700,112835,False
2013-02-20,1.338680,1.343360,1.327030,1.328000,152666,False
2013-02-21,1.328000,1.328990,1.316060,1.318880,171810,False
2013-02-22,1.318860,1.324430,1.314450,1.318870,147121,False
2013-02-25,1.321620,1.331840,1.304680,1.306110,232877,False
2013-02-26,1.306110,1.312210,1.301780,1.306040,272239,False
2013-02-27,1.306000,1.314610,1.304070,1.313750,207416,False
2013-02-28,1.313730,1.316110,1.305270,1.305520,169295,False
2013-03-01,1.305530,1.310080,1.296590,1.301840,196114,False
2013-03-04,1.301010,1.303070,1.298140,1.302550,137424,False
2013-03-05,1.302520,1.307500,1.300950,1.305050,144534,False
2013-03-06,1.305030,1.307000,1.296360,1.296560,131637,False
2013-03-07,1.296560,1.311790,1.296430,1.310570,179815,False
2013-03-08,1.310560,1.313390,1.295440,1.300310,158085,False
2013-03-11,1.298470,1.305300,1.297860,1.304520,133039,False
2013-03-12,1.304500,1.307420,1.299030,1.303320,167288,False
2013-03-13,1.303310,1.306420,1.292260,1.296010,187852,False
2013-03-14,1.296000,1.303210,1.291020,1.300400,199681,False
2013-03-15,1.300400,1.310670,1.299830,1.307370,194074,False
2013-03-18,1.290250,1.299510,1.288150,1.295510,239931,False
2013-03-19,1.295530,1.296890,1.284270,1.288070,266938,False
2013-03-20,1.288090,1.297720,1.285600,1.293190,235700,False
2013-03-21,1.293220,1.295470,1.287800,1.289760,226200,False
2013-03-22,1.289750,1.300920,1.288770,1.298550,113437,False
2013-03-25,1.294540,1.304750,1.282880,1.285190,153795,False
2013-03-26,1.285170,1.288920,1.282700,1.286000,114823,False
2013-03-27,1.286000,1.286620,1.275010,1.277870,105153,False
2013-03-28,1.277890,1.284400,1.275450,1.281490,96873,False
2013-03-29,1.281450,1.283630,1.279070,1.281630,48949,False
2013-04-01,1.280180,1.286740,1.277060,1.284750,51764,False
2013-04-02,1.284700,1.287700,1.280800,1.281840,94178,False
2013-04-03,1.281870,1.286390,1.278900,1.284800,88924,False
2013-04-04,1.284830,1.294850,1.274420,1.293480,130919,False
2013-04-05,1.293490,1.303940,1.290000,1.298540,118743,False
2013-04-08,1.297150,1.303700,1.296750,1.300750,91286,False
2013-04-09,1.300730,1.310260,1.300430,1.308160,104066,False
2013-04-10,1.308180,1.312130,1.305200,1.306840,85415,False
2013-04-11,1.306830,1.313780,1.304310,1.309800,92332,False
2013-04-12,1.309800,1.312580,1.303580,1.310770,98688,False
2013-04-15,1.311320,1.311320,1.302080,1.303430,121998,False
2013-04-16,1.303430,1.320090,1.302700,1.317550,126843,False
2013-04-17,1.317540,1.319920,1.300040,1.302980,133059,False
2013-04-18,1.302990,1.309560,1.302040,1.304940,115681,False
2013-04-19,1.304950,1.312820,1.304190,1.304880,103021,False
2013-04-22,1.307190,1.308340,1.301460,1.306520,83284,False
2013-04-23,1.306490,1.308350,1.297240,1.299050,106748,False
2013-04-24,1.298960,1.303330,1.295240,1.301390,93680,False
2013-04-25,1.301360,1.309280,1.298810,1.301050,100117,False
2013-04-26,1.301060,1.304660,1.298990,1.302560,100227,False
2013-04-29,1.304670,1.311600,1.303100,1.309740,83924,False
2013-04-30,1.309750,1.318530,1.305180,1.316560,89925,False
2013-05-01,1.316590,1.324220,1.315910,1.317770,76179,False
2013-05-02,1.317780,1.321720,1.303640,1.306380,126788,False
2013-05-03,1.306380,1.315850,1.303210,1.311250,102359,False
2013-05-06,1.311920,1.314030,1.305290,1.307520,58093,False
2013-05-07,1.307500,1.313120,1.306730,1.307790,68634,False
2013-05-08,1.307800,1.319360,1.307080,1.315150,81525,False
2013-05-09,1.315170,1.317650,1.300950,1.304060,90962,False
2013-05-10,1.304100,1.305040,1.293480,1.298580,120085,False
2013-05-13,1.296740,1.299930,1.294080,1.297400,89577,False
2013-05-14,1.297400,1.302850,1.290670,1.291870,107363,False
2013-05-15,1.291890,1.294200,1.284260,1.288530,104483,False
2013-05-16,1.288560,1.292920,1.284570,1.288060,104940,False
2013-05-17,1.288070,1.288920,1.279560,1.283620,96566,False
2013-05-20,1.284180,1.290040,1.281870,1.288170,79763,False
2013-05-21,1.288170,1.293290,1.284040,1.290540,98614,False
2013-05-22,1.290530,1.299750,1.283290,1.285690,136898,False
2013-05-23,1.285710,1.295610,1.282070,1.293210,136672,False
2013-05-24,1.293200,1.299290,1.290380,1.292750,108786,False
2013-05-27,1.293020,1.294790,1.291450,1.292750,44670,False
2013-05-28,1.292750,1.294890,1.284860,1.285430,96810,False
2013-05-29,1.285400,1.297700,1.283700,1.293870,114186,False
2013-05-30,1.293860,1.306090,1.293290,1.304840,120445,False
2013-05-31,1.304850,1.305860,1.294340,1.299360,118775,False
2013-06-03,1.299190,1.310710,1.295480,1.307520,109851,False
2013-06-04,1.307440,1.310100,1.304150,1.308000,97966,False
2013-06-05,1.307980,1.311430,1.305240,1.309160,115147,False
2013-06-06,1.308890,1.330500,1.307430,1.324420,151557,False
2013-06-07,1.324420,1.328430,1.319080,1.321460,156027,False
2013-06-10,1.318780,1.326850,1.317700,1.325610,104117,False
2013-06-11,1.325630,1.331690,1.323110,1.331180,134237,False
2013-06-12,1.331170,1.335890,1.326500,1.333560,111304,False
2013-06-13,1.333570,1.338950,1.327790,1.337110,131069,False
2013-06-14,1.337100,1.337270,1.329400,1.334220,99119,False
2013-06-17,1.334610,1.338100,1.331800,1.336480,71799,False
2013-06-18,1.336490,1.341530,1.332510,1.339150,95602,False
2013-06-19,1.339130,1.341210,1.326120,1.329330,105368,False
2013-06-20,1.329330,1.330040,1.316070,1.321770,152831,False
2013-06-21,1.321760,1.325360,1.309800,1.311730,116550,False
2013-06-24,1.308900,1.314330,1.305840,1.311850,115210,False
2013-06-25,1.311830,1.315030,1.306430,1.307470,102012,False
2013-06-26,1.307410,1.308650,1.298410,1.301010,101832,False
2013-06-27,1.301010,1.305630,1.299960,1.303660,87223,False
2013-06-28,1.303600,1.310260,1.299070,1.300710,92699,False
2013-07-01,1.300870,1.306610,1.300320,1.306240,68727,False
2013-07-02,1.306240,1.307750,1.296280,1.297760,77723,False
2013-07-03,1.297770,1.303180,1.292230,1.300720,91323,False
2013-07-04,1.300700,1.302270,1.288220,1.291210,88167,False
2013-07-05,1.291120,1.291580,1.280540,1.282510,93655,False
2013-07-08,1.280850,1.288140,1.280800,1.286900,62583,False
2013-07-09,1.286900,1.289770,1.275400,1.277990,84775,False
2013-07-10,1.277980,1.297920,1.276440,1.297230,112076,False
2013-07-11,1.297230,1.320410,1.295600,1.309550,178921,False
2013-07-12,1.309600,1.309960,1.299860,1.306370,90618,False
2013-07-15,1.307420,1.307870,1.299250,1.306080,69273,False
2013-07-16,1.306060,1.317390,1.304510,1.316090,86108,False
2013-07-17,1.316100,1.317690,1.308230,1.312370,103549,False
2013-07-18,1.312350,1.312630,1.306530,1.310770,78267,False
2013-07-19,1.310780,1.315390,1.308880,1.313940,69619,False
2013-07-22,1.313350,1.321760,1.313330,1.318340,64592,False
2013-07-23,1.318340,1.323830,1.316310,1.322330,64364,False
2013-07-24,1.322330,1.325580,1.317580,1.319910,83504,False
2013-07-25,1.319890,1.329510,1.316550,1.327570,86886,False
2013-07-26,1.327570,1.329640,1.325210,1.327640,72868,False
2013-07-29,1.328300,1.329460,1.323840,1.326110,64292,False
2013-07-30,1.326080,1.330130,1.323370,1.326110,67065,False
2013-07-31,1.326080,1.334420,1.320140,1.330040,111011,False
2013-08-01,1.330040,1.331030,1.319120,1.320550,101788,False
2013-08-02,1.320550,1.329350,1.318160,1.327770,91116,False
2013-08-05,1.327540,1.329960,1.323200,1.325740,65434,False
2013-08-06,1.325700,1.332240,1.324550,1.330360,70385,False
2013-08-07,1.330350,1.334480,1.326530,1.333430,82856,False
2013-08-08,1.333270,1.339990,1.332760,1.338000,71052,False
2013-08-09,1.338010,1.338970,1.333200,1.333660,50930,False
2013-08-12,1.331700,1.334340,1.327670,1.329930,52784,False
2013-08-13,1.329940,1.331660,1.323300,1.326150,73543,False
2013-08-14,1.326150,1.327870,1.323850,1.325400,60291,False
2013-08-15,1.325410,1.336240,1.320470,1.334440,97455,False
2013-08-16,1.334450,1.337940,1.331050,1.332430,70392,False
2013-08-19,1.333020,1.337410,1.331460,1.333320,58808,False
2013-08-20,1.333380,1.345120,1.332290,1.341610,76468,False
2013-08-21,1.340900,1.342670,1.333440,1.335310,83615,False
2013-08-22,1.335280,1.337270,1.329780,1.335480,76187,False
2013-08-23,1.335470,1.340920,1.333270,1.337690,69288,False
2013-08-26,1.338190,1.339360,1.335620,1.336530,40514,False
2013-08-27,1.336500,1.339810,1.332100,1.339080,67715,False
2013-08-28,1.339090,1.339710,1.330430,1.333840,71749,False
2013-08-29,1.333840,1.334250,1.321900,1.323950,74644,False
2013-08-30,1.323660,1.325410,1.317230,1.321830,65823,False
2013-09-02,1.320900,1.322650,1.318300,1.319070,51791,False
2013-09-03,1.319070,1.319640,1.313810,1.316860,59916,False
2013-09-04,1.316740,1.321730,1.315620,1.320590,50145,False
2013-09-05,1.320380,1.322240,1.310990,1.311900,77031,False
2013-09-06,1.311900,1.318850,1.310420,1.317790,67523,False
2013-09-09,1.316010,1.328020,1.315540,1.325360,52250,False
2013-09-10,1.325360,1.327510,1.322980,1.326660,51676,False
2013-09-11,1.326670,1.332410,1.324280,1.330990,58391,False
2013-09-12,1.330970,1.332420,1.324950,1.329820,62779,False
2013-09-13,1.329790,1.332100,1.325330,1.329190,62156,False
2013-09-16,1.334780,1.338530,1.332950,1.333290,61356,False
2013-09-17,1.333310,1.336890,1.332460,1.335740,44609,False
2013-09-18,1.335630,1.354100,1.333780,1.352050,83355,False
2013-09-19,1.351950,1.356810,1.350010,1.352810,80009,False
2013-09-20,1.352860,1.354810,1.349740,1.352110,58203,False
2013-09-23,1.354550,1.354570,1.347900,1.349230,60316,False
2013-09-24,1.349200,1.351820,1.346400,1.347270,54204,False
2013-09-25,1.347260,1.353690,1.346110,1.352490,50247,False
2013-09-26,1.352490,1.352840,1.347130,1.348740,52103,False
2013-09-27,1.348770,1.356400,1.347350,1.351530,52419,False
2013-09-30,1.348790,1.355560,1.347330,1.352420,60309,False
2013-10-01,1.352440,1.358760,1.351240,1.352510,67292,False
2013-10-02,1.352510,1.360660,1.350370,1.357700,70268,False
2013-10-03,1.357700,1.364570,1.357300,1.361750,65505,False
2013-10-04,1.361730,1.363120,1.353760,1.355370,54359,False
2013-10-07,1.356210,1.359050,1.354210,1.357960,44378,False
2013-10-08,1.357980,1.360660,1.355680,1.357180,47001,False
2013-10-09,1.357180,1.360400,1.348470,1.352270,74951,False
2013-10-10,1.352260,1.354470,1.348700,1.351830,62486,False
2013-10-11,1.351770,1.358110,1.351050,1.353490,57775,False
2013-10-14,1.355680,1.359730,1.354480,1.356010,41291,False
2013-10-15,1.355990,1.357040,1.347850,1.352250,72150,False
2013-10-16,1.352270,1.356680,1.347140,1.353380,76476,False
2013-10-17,1.353330,1.368150,1.351510,1.367460,86334,False
2013-10-18,1.367460,1.370370,1.365870,1.368390,57287,False
2013-10-21,1.368200,1.368820,1.365050,1.367870,43784,False
2013-10-22,1.367840,1.379150,1.366140,1.377950,64245,False
2013-10-23,1.377930,1.379250,1.374100,1.377470,64728,False
2013-10-24,1.377460,1.382500,1.376360,1.379990,72826,False
2013-10-25,1.379980,1.383200,1.377390,1.380120,67480,False
2013-10-28,1.380440,1.381710,1.377450,1.378390,47496,False
2013-10-29,1.378430,1.381270,1.373570,1.374470,75004,False
2013-10-30,1.374470,1.378440,1.369520,1.373460,81796,False
2013-10-31,1.373460,1.373840,1.357460,1.358260,94846,False
2013-11-01,1.358250,1.358890,1.347940,1.348570,82210,False
2013-11-04,1.348540,1.352400,1.344050,1.351300,60067,False
2013-11-05,1.351300,1.352200,1.344840,1.347370,70322,False
2013-11-06,1.347360,1.354700,1.346700,1.351190,66865,False
2013-11-07,1.351190,1.352850,1.329370,1.341840,125212,False
2013-11-08,1.341860,1.343760,1.331720,1.336180,97468,False
2013-11-11,1.335740,1.341580,1.334430,1.340540,51824,False
2013-11-12,1.340560,1.345590,1.335850,1.343440,83557,False
2013-11-13,1.343400,1.349480,1.338970,1.348570,86703,False
2013-11-14,1.348570,1.349660,1.341790,1.345820,86835,False
2013-11-15,1.345830,1.350500,1.343190,1.349490,62167,False
2013-11-18,1.349530,1.354130,1.347380,1.350440,61627,False
2013-11-19,1.350420,1.354670,1.348730,1.353750,77644,False
2013-11-20,1.353740,1.357650,1.341420,1.343750,102555,False
2013-11-21,1.343680,1.348590,1.339800,1.348100,91274,False
2013-11-22,1.348060,1.355630,1.346150,1.355600,63585,False
2013-11-25,1.354800,1.355930,1.348960,1.351560,59227,False
2013-11-26,1.351560,1.357450,1.351360,1.357110,66817,False
2013-11-27,1.357120,1.361240,1.355740,1.357830,70385,False
2013-11-28,1.357830,1.361740,1.356330,1.360310,49007,False
2013-11-29,1.360200,1.362130,1.357940,1.358950,66236,False
2013-12-02,1.358530,1.361540,1.352460,1.354100,72476,False
2013-12-03,1.354070,1.361330,1.352380,1.358500,64366,False
2013-12-04,1.358480,1.360480,1.352770,1.359200,82314,False
2013-12-05,1.359170,1.367670,1.354230,1.366570,106431,False
2013-12-06,1.366570,1.370600,1.361140,1.370360,81660,False
2013-12-09,1.371290,1.374560,1.369370,1.373750,51416,False
2013-12-10,1.373750,1.379450,1.373150,1.375950,59593,False
2013-12-11,1.375920,1.381030,1.373980,1.378510,64746,False
2013-12-12,1.378490,1.380280,1.373680,1.375190,78122,False
2013-12-13,1.375160,1.376860,1.370860,1.373790,65535,False
2013-12-16,1.372860,1.379810,1.372580,1.375990,62336,False
2013-12-17,1.375970,1.378180,1.372260,1.376710,61551,False
2013-12-18,1.376700,1.381090,1.367360,1.368270,105730,False
2013-12-19,1.368270,1.369330,1.364900,1.366030,75008,False
2013-12-20,1.366020,1.370880,1.362420,1.367060,74244,False
2013-12-23,1.367150,1.371640,1.366340,1.369520,44739,False
2013-12-24,1.369480,1.370740,1.365440,1.368080,30027,False
2013-12-26,1.367910,1.370090,1.366020,1.368980,35835,False
2013-12-27,1.368980,1.389300,1.368280,1.374270,85984,False
2013-12-30,1.375580,1.381860,1.372770,1.379620,57354,False
2013-12-31,1.379630,1.381200,1.375890,1.378700,39586,False
2014-01-02,1.374500,1.377440,1.362900,1.367080,104929,False
2014-01-03,1.367080,1.367140,1.358180,1.358680,70328,False
2014-01-06,1.359120,1.365250,1.357070,1.362720,70288,False
2014-01-07,1.362730,1.365580,1.359620,1.361470,68557,False
2014-01-08,1.361480,1.363460,1.355270,1.357420,78305,False
2014-01-09,1.357440,1.363250,1.354730,1.360670,85773,False
2014-01-10,1.360650,1.368670,1.356390,1.366790,82275,False
2014-01-13,1.367710,1.368430,1.363680,1.367010,61998,False
2014-01-14,1.367000,1.369880,1.364820,1.367780,62906,False
2014-01-15,1.367780,1.367980,1.358050,1.360430,67717,False
2014-01-16,1.360430,1.364910,1.358260,1.361890,71535,False
2014-01-17,1.361860,1.362060,1.351670,1.353990,64022,False
2014-01-20,1.353630,1.356750,1.350700,1.355130,48572,False
2014-01-21,1.355150,1.356870,1.351560,1.356020,65644,False
2014-01-22,1.356020,1.358300,1.353410,1.354640,60926,False
2014-01-23,1.354450,1.369790,1.352920,1.369530,91137,False
2014-01-24,1.369530,1.373920,1.366230,1.367530,82578,False
2014-01-27,1.367680,1.371620,1.365250,1.367180,68587,False
2014-01-28,1.367160,1.368800,1.362800,1.366980,58597,False
2014-01-29,1.366960,1.368420,1.360270,1.366080,96259,False
2014-01-30,1.366080,1.366480,1.354260,1.355370,80976,False
2014-01-31,1.355360,1.357320,1.347840,1.348120,92799,False
2014-02-03,1.348030,1.353510,1.347630,1.352360,90460,False
2014-02-04,1.352350,1.353820,1.349280,1.351710,76124,False
2014-02-05,1.351700,1.355490,1.349820,1.353220,86456,False
2014-02-06,1.353180,1.361860,1.348130,1.358890,99511,False
2014-02-07,1.358890,1.364010,1.355080,1.363340,80833,False
2014-02-10,1.361380,1.365110,1.360590,1.364410,43852,False
2014-02-11,1.364400,1.368270,1.362890,1.363680,63758,False
2014-02-12,1.363700,1.365220,1.356180,1.359240,64152,False
2014-02-13,1.359240,1.369120,1.358340,1.367950,68074,False
2014-02-14,1.367910,1.371440,1.367290,1.368930,55046,False
2014-02-17,1.370620,1.372370,1.369160,1.370450,38951,False
2014-02-18,1.370410,1.376990,1.369370,1.375760,54344,False
2014-02-19,1.375750,1.377260,1.372380,1.373220,46475,False
2014-02-20,1.373250,1.376210,1.368170,1.371590,60798,False
2014-02-21,1.371520,1.375800,1.370150,1.373470,46774,False
2014-02-24,1.373100,1.377030,1.370780,1.373380,48424,False
2014-02-25,1.373380,1.376660,1.371480,1.374380,53658,False
2014-02-26,1.374470,1.375680,1.366100,1.368570,59966,False
2014-02-27,1.368610,1.372620,1.364270,1.370850,51530,False
2014-02-28,1.370900,1.382380,1.369350,1.379890,82381,False
2014-03-03,1.375830,1.379210,1.372570,1.373440,67292,False
2014-03-04,1.373420,1.378120,1.371590,1.374050,57267,False
2014-03-05,1.374070,1.374810,1.370680,1.373200,60295,False
2014-03-06,1.373200,1.387250,1.371580,1.385880,86298,False
2014-03-07,1.385910,1.391470,1.385130,1.387480,64926,False
2014-03-10,1.387330,1.389740,1.386120,1.387570,42245,False
2014-03-11,1.387570,1.387820,1.383330,1.385800,46395,False
2014-03-12,1.385850,1.391380,1.384290,1.390310,52268,False
2014-03-13,1.390300,1.396620,1.384510,1.386830,81457,False
2014-03-14,1.386820,1.393710,1.384700,1.390750,70754,False
2014-03-17,1.390550,1.394710,1.387810,1.392090,50306,False
2014-03-18,1.392130,1.394190,1.387930,1.393260,58790,False
2014-03-19,1.393310,1.393350,1.380900,1.383160,68307,False
2014-03-20,1.383100,1.384460,1.374860,1.377730,68609,False
2014-03-21,1.377730,1.381020,1.376520,1.379070,47504,False
2014-03-24,1.379510,1.387520,1.375990,1.383740,58577,False
2014-03-25,1.383800,1.384660,1.374820,1.382440,76216,False
2014-03-26,1.382430,1.382690,1.377520,1.378190,59901,False
2014-03-27,1.378220,1.379630,1.372790,1.373850,68128,False
2014-03-28,1.373920,1.377280,1.370320,1.375110,57716,False
2014-03-31,1.376150,1.380790,1.371660,1.376780,58032,False
2014-04-01,1.376970,1.381490,1.376850,1.379070,51885,False
2014-04-02,1.379120,1.381980,1.375280,1.376660,49618,False
2014-04-03,1.376600,1.380500,1.369750,1.371870,85439,False
2014-04-04,1.371920,1.373080,1.367210,1.370230,76250,False
2014-04-07,1.369600,1.374810,1.369030,1.374040,46096,False
2014-04-08,1.374040,1.381120,1.373670,1.379560,57724,False
2014-04-09,1.379500,1.386140,1.377930,1.385340,63475,False
2014-04-10,1.385210,1.389880,1.383530,1.388470,61373,False
2014-04-11,1.388520,1.390470,1.386300,1.388260,53186,False
2014-04-14,1.384080,1.386260,1.380780,1.381830,59651,False
2014-04-15,1.381760,1.383300,1.378890,1.381210,56729,False
2014-04-16,1.381300,1.385060,1.380320,1.381410,53221,False
2014-04-17,1.381360,1.386410,1.381040,1.381260,48289,False
2014-04-18,1.381210,1.382190,1.379990,1.380350,12806,False
2014-04-21,1.380960,1.383010,1.378660,1.379190,22392,False
2014-04-22,1.379130,1.382430,1.378430,1.380290,42116,False
2014-04-23,1.380390,1.385410,1.379830,1.381570,55984,False
2014-04-24,1.381570,1.384150,1.379090,1.382920,53042,False
2014-04-25,1.382970,1.384800,1.382630,1.383040,36085,False
2014-04-28,1.384360,1.387920,1.381420,1.385030,49530,False
2014-04-29,1.385140,1.387870,1.380490,1.381150,44294,False
2014-04-30,1.381070,1.387600,1.376900,1.386670,64775,False
2014-05-01,1.386540,1.388870,1.386090,1.386890,24501,False
2014-05-02,1.386770,1.388060,1.380890,1.386920,50739,False
2014-05-05,1.388170,1.388560,1.386390,1.387450,25279,False
2014-05-06,1.387510,1.395080,1.387170,1.392690,44369,False
2014-05-07,1.392780,1.393820,1.390940,1.390940,43016,False
2014-05-08,1.391040,1.399280,1.383190,1.383950,86017,False
2014-05-09,1.383910,1.384400,1.374410,1.375840,50228,False
2014-05-12,1.375180,1.377440,1.374630,1.375620,32659,False
2014-05-13,1.375700,1.377100,1.368850,1.370210,61109,False
2014-05-14,1.370160,1.373040,1.369720,1.371280,46597,False
2014-05-15,1.371350,1.373200,1.364440,1.370830,69832,False
2014-05-16,1.370850,1.372640,1.368510,1.369270,40264,False
2014-05-19,1.369090,1.373380,1.368940,1.370760,39607,False
2014-05-20,1.370560,1.371320,1.367740,1.369980,36994,False
2014-05-21,1.369830,1.372280,1.363050,1.368510,48136,False
2014-05-22,1.368260,1.368710,1.364450,1.365360,46186,False
2014-05-23,1.365180,1.365780,1.361510,1.362380,44111,False
2014-05-26,1.361790,1.365410,1.360640,1.364400,26914,False
2014-05-27,1.364440,1.366800,1.361210,1.363280,41638,False
2014-05-28,1.363370,1.363750,1.358750,1.358880,41979,False
2014-05-29,1.359020,1.362520,1.358560,1.359950,41228,False
2014-05-30,1.360050,1.364950,1.359790,1.362810,43238,False
2014-06-02,1.363460,1.363560,1.358720,1.359550,45009,False
2014-06-03,1.359630,1.364710,1.358250,1.362600,43238,False
2014-06-04,1.362690,1.363830,1.359550,1.359800,46915,False
2014-06-05,1.359930,1.366970,1.350260,1.365980,97121,False
2014-06-06,1.366200,1.367650,1.362030,1.364140,59648,False
2014-06-09,1.364140,1.366840,1.358180,1.359270,37050,False
2014-06-10,1.359090,1.360150,1.353260,1.354500,44660,False
2014-06-11,1.354310,1.355650,1.352120,1.353000,42528,False
2014-06-12,1.353000,1.357150,1.351170,1.354940,54799,False
2014-06-13,1.355110,1.357860,1.352040,1.353740,46632,False
2014-06-16,1.353910,1.357910,1.351240,1.357330,39482,False
2014-06-17,1.357160,1.358660,1.353580,1.354530,35658,False
2014-06-18,1.354380,1.359870,1.354120,1.359380,51223,False
2014-06-19,1.358970,1.364300,1.358360,1.360650,40031,False
2014-06-20,1.360460,1.363320,1.356360,1.359800,31509,False
2014-06-23,1.358690,1.361300,1.357340,1.360340,30953,False
2014-06-24,1.360270,1.362730,1.358300,1.360360,37184,False
2014-06-25,1.360390,1.365050,1.360000,1.362680,34332,False
2014-06-26,1.362850,1.364100,1.357540,1.360940,37283,False
2014-06-27,1.360800,1.364990,1.360770,1.364520,32215,False
2014-06-30,1.364140,1.369740,1.363850,1.369050,35366,False
2014-07-01,1.369060,1.370000,1.367510,1.367730,33823,False
2014-07-02,1.367850,1.368190,1.363590,1.365820,31663,False
2014-07-03,1.365460,1.366370,1.359580,1.360760,46699,False
2014-07-04,1.360920,1.361080,1.358500,1.359310,19973,False
2014-07-07,1.359270,1.360870,1.357560,1.360300,24505,False
2014-07-08,1.360390,1.361700,1.358780,1.360970,25252,False
2014-07-09,1.360870,1.364780,1.360180,1.363930,33687,False
2014-07-10,1.363800,1.365030,1.358870,1.360700,35171,False
2014-07-11,1.360660,1.362420,1.359140,1.360310,27908,False
2014-07-14,1.359720,1.363990,1.359440,1.361670,25308,False
2014-07-15,1.361710,1.362760,1.356140,1.356560,42709,False
2014-07-16,1.356600,1.357150,1.352040,1.352400,31388,False
2014-07-17,1.352360,1.353940,1.351560,1.352410,33786,False
2014-07-18,1.352320,1.353560,1.349050,1.351980,37719,False
2014-07-21,1.352600,1.354860,1.351240,1.352220,26106,False
2014-07-22,1.352080,1.352910,1.345840,1.346380,39317,False
2014-07-23,1.346450,1.347370,1.345440,1.346160,34380,False
2014-07-24,1.346150,1.348460,1.343740,1.346210,35797,False
2014-07-25,1.346110,1.347510,1.342070,1.342840,34395,False
2014-07-28,1.342880,1.344330,1.342360,1.343670,21686,False
2014-07-29,1.343540,1.344400,1.340370,1.340690,29805,False
2014-07-30,1.340690,1.341490,1.336660,1.339490,43598,False
2014-07-31,1.339510,1.340020,1.337090,1.338850,32053,False
2014-08-01,1.338700,1.344430,1.337780,1.342770,43494,False
2014-08-04,1.342790,1.343120,1.340890,1.342000,19211,False
2014-08-05,1.342100,1.342440,1.335780,1.337460,31106,False
2014-08-06,1.337560,1.338640,1.333260,1.338090,39916,False
2014-08-07,1.338150,1.339340,1.333670,1.336220,45020,False
2014-08-08,1.336020,1.343230,1.334270,1.340730,42214,False
2014-08-11,1.340610,1.340960,1.338020,1.338290,6473,False
2014-08-12,1.338030,1.338570,1.333550,1.336770,7989,False
2014-08-13,1.336460,1.341450,1.334170,1.336290,11327,False
2014-08-14,1.336350,1.340730,1.334730,1.336340,11460,False
2014-08-15,1.336440,1.341130,1.335800,1.339600,13852,False
2014-08-18,1.338920,1.339860,1.335240,1.336170,7304,False
2014-08-19,1.336310,1.336330,1.331270,1.331850,10889,False
2014-08-20,1.331990,1.332400,1.325470,1.325750,13287,False
2014-08-21,1.325850,1.328800,1.324140,1.327920,10439,False
2014-08-22,1.328020,1.329640,1.322030,1.323970,16351,False
2014-08-25,1.319300,1.321000,1.318290,1.319010,9181,False
2014-08-26,1.319110,1.321430,1.316390,1.316550,10661,False
2014-08-27,1.316690,1.320930,1.315210,1.319100,12227,False
2014-08-28,1.319200,1.322020,1.315920,1.318000,13147,False
2014-08-29,1.317870,1.319750,1.312990,1.313110,11960,False
2014-09-01,1.312610,1.314480,1.311860,1.312650,5363,False
2014-09-02,1.312750,1.313610,1.310740,1.313140,8666,False
2014-09-03,1.313240,1.315940,1.312180,1.314840,11719,False
2014-09-04,1.314940,1.315340,1.291950,1.294140,26048,False
2014-09-05,1.294400,1.298600,1.292150,1.294850,16679,False
2014-09-08,1.295460,1.295850,1.288080,1.289300,12705,False
2014-09-09,1.289200,1.295680,1.285880,1.293610,15731,False
2014-09-10,1.293800,1.296220,1.288320,1.291520,19310,False
2014-09-11,1.291320,1.295140,1.289640,1.292350,16971,False
2014-09-12,1.291780,1.297860,1.290830,1.296130,17671,False
2014-09-15,1.297040,1.297210,1.290830,1.293820,11482,False
2014-09-16,1.293980,1.299450,1.292160,1.295830,17063,False
2014-09-17,1.296310,1.298080,1.285150,1.286270,29650,False
2014-09-18,1.286350,1.292950,1.283350,1.292060,22721,False
2014-09-19,1.292270,1.292830,1.282650,1.282840,22900,False
2014-09-22,1.283130,1.286730,1.281560,1.284740,14461,False
2014-09-23,1.284620,1.290080,1.284140,1.284510,15852,False
2014-09-24,1.284440,1.286330,1.277360,1.277840,16292,False
2014-09-25,1.277870,1.278270,1.269620,1.274860,23437,False
2014-09-26,1.274750,1.276030,1.267630,1.268150,17881,False
2014-09-29,1.267960,1.271450,1.266300,1.268300,17906,False
2014-09-30,1.268450,1.270200,1.257080,1.262850,25744,False
2014-10-01,1.262680,1.263910,1.258280,1.262160,25093,False
2014-10-02,1.261740,1.269810,1.261330,1.266660,39809,False
2014-10-03,1.266710,1.267440,1.250000,1.251070,26304,False
2014-10-06,1.251010,1.267400,1.250800,1.265290,21653,False
2014-10-07,1.265280,1.268130,1.258310,1.266710,35561,False
2014-10-08,1.266720,1.274850,1.261840,1.273260,38363,False
2014-10-09,1.273330,1.279080,1.266290,1.268920,39468,False
2014-10-10,1.268830,1.271550,1.260490,1.262770,26427,False
2014-10-13,1.262850,1.276050,1.261920,1.275130,24858,False
2014-10-14,1.275220,1.276750,1.263930,1.265610,29415,False
2014-10-15,1.265820,1.288520,1.262420,1.283600,66809,False
2014-10-16,1.283270,1.284450,1.270490,1.280690,59344,False
2014-10-17,1.280740,1.283600,1.274310,1.275560,28856,False
2014-10-20,1.274850,1.281640,1.273080,1.279790,22765,False
2014-10-21,1.279950,1.283960,1.271370,1.271400,28285,False
2014-10-22,1.271530,1.273910,1.263670,1.264710,26126,False
2014-10-23,1.264210,1.267590,1.261310,1.264420,24566,False
2014-10-24,1.264650,1.269530,1.263430,1.266880,20634,False
2014-10-27,1.267450,1.272280,1.266500,1.269600,25655,False
2014-10-28,1.269940,1.276450,1.268440,1.273260,28760,False
2014-10-29,1.273310,1.277000,1.262880,1.262890,33532,False
2014-10-30,1.263000,1.263910,1.254350,1.261140,42724,False
2014-10-31,1.261000,1.261690,1.248470,1.252210,58832,False
2014-11-03,1.250390,1.251310,1.243360,1.247970,46182,False
2014-11-04,1.248200,1.257670,1.247960,1.254450,39920,False
2014-11-05,1.254080,1.256650,1.245660,1.248270,46187,False
2014-11-06,1.248320,1.253250,1.236310,1.237400,67461,False
2014-11-07,1.237020,1.246910,1.235660,1.245300,59896,False
2014-11-10,1.246760,1.250900,1.241740,1.241880,33066,False
2014-11-11,1.241930,1.249860,1.239380,1.247390,29798,False
2014-11-12,1.247150,1.249750,1.241830,1.243610,56339,False
2014-11-13,1.243290,1.249100,1.242550,1.247380,22315,False
2014-11-14,1.247490,1.254550,1.239720,1.252090,33942,False
2014-11-17,1.252800,1.257660,1.244460,1.244800,24865,False
2014-11-18,1.244850,1.254450,1.244210,1.253260,25341,False
2014-11-19,1.253360,1.259740,1.251180,1.255240,29692,False
2014-11-20,1.255150,1.257470,1.250370,1.253700,34925,False
2014-11-21,1.253900,1.256770,1.237430,1.238530,35708,False
2014-11-24,1.236120,1.244400,1.235730,1.244130,21979,False
2014-11-25,1.244110,1.248670,1.239880,1.247370,23281,False
2014-11-26,1.247350,1.253080,1.244300,1.250530,24112,False
2014-11-27,1.250480,1.252300,1.246410,1.246640,12748,False
2014-11-28,1.246590,1.248940,1.242580,1.244670,21924,False
2014-12-01,1.246210,1.250610,1.241870,1.246860,29576,False
2014-12-02,1.246880,1.247540,1.237620,1.238190,19202,False
2014-12-03,1.238090,1.239010,1.230040,1.230980,25967,False
2014-12-04,1.230870,1.245570,1.227540,1.237820,45933,False
2014-12-05,1.237770,1.239220,1.227010,1.228280,33969,False
2014-12-08,1.228660,1.234310,1.224670,1.231640,23571,False
2014-12-09,1.231220,1.244700,1.229130,1.237220,36772,False
2014-12-10,1.236970,1.244750,1.236130,1.244750,32138,False
2014-12-11,1.244760,1.249440,1.236930,1.241000,41483,False
2014-12-12,1.240500,1.248440,1.238370,1.245760,35148,False
2014-12-15,1.247090,1.247800,1.241380,1.243540,34222,False
2014-12-16,1.243590,1.256880,1.243200,1.250920,52319,False
2014-12-17,1.250940,1.251520,1.231930,1.234080,56729,False
2014-12-18,1.234160,1.235170,1.226520,1.228450,38187,False
2014-12-19,1.228480,1.230150,1.221940,1.222530,26918,False
2014-12-22,1.222110,1.227200,1.221590,1.222810,13979,False
2014-12-23,1.222620,1.224490,1.216400,1.217040,15901,False
2014-12-24,1.217080,1.221900,1.216840,1.219260,12119,False
2014-12-26,1.221830,1.222490,1.216740,1.217620,10431,False
2014-12-29,1.217490,1.222020,1.214220,1.214930,17101,False
2014-12-30,1.214980,1.218670,1.212300,1.215340,17697,False
2014-12-31,1.215350,1.216920,1.209680,1.210020,10778,False
2015-01-02,1.210050,1.210560,1.199950,1.200050,24077,False
2015-01-05,1.195160,1.197560,1.186590,1.193050,32038,False
2015-01-06,1.193170,1.196820,1.188370,1.188790,30864,False
2015-01-07,1.188840,1.189600,1.180150,1.183720,38689,False
2015-01-08,1.183600,1.184700,1.175360,1.179030,26100,False
2015-01-09,1.179080,1.184500,1.176160,1.183770,36809,False
2015-01-12,1.184430,1.187030,1.178570,1.183170,24952,False
2015-01-13,1.183060,1.185900,1.175210,1.177030,29751,False
2015-01-14,1.177080,1.184550,1.172680,1.178770,39703,False
2015-01-15,1.178550,1.179170,1.156460,1.162930,122473,False
2015-01-16,1.162930,1.164820,1.145870,1.156040,66769,False
2015-01-19,1.154900,1.163840,1.154860,1.160400,27968,False
2015-01-20,1.160150,1.161380,1.153980,1.154790,26902,False
2015-01-21,1.155120,1.167910,1.154080,1.160840,43331,False
2015-01-22,1.160880,1.164510,1.131450,1.136380,73280,False
2015-01-23,1.136280,1.137220,1.111320,1.119830,70785,False
2015-01-26,1.114800,1.129480,1.109700,1.123510,52017,False
2015-01-27,1.123430,1.142210,1.122310,1.137920,53797,False
2015-01-28,1.137180,1.138160,1.127530,1.128510,50529,False
2015-01-29,1.128550,1.136700,1.126120,1.131810,42483,False
2015-01-30,1.131670,1.136270,1.127430,1.127780,44730,False
2015-02-02,1.130700,1.136130,1.129180,1.133780,35693,False
2015-02-03,1.133760,1.153320,1.131180,1.147600,49541,False
2015-02-04,1.147440,1.148410,1.131430,1.134200,43477,False
2015-02-05,1.134200,1.149780,1.130310,1.147530,45354,False
2015-02-06,1.147480,1.148470,1.130950,1.131190,38926,False
2015-02-09,1.129260,1.135850,1.126970,1.132220,30065,False
2015-02-10,1.132270,1.134490,1.127240,1.131880,33671,False
2015-02-11,1.131850,1.134630,1.127930,1.133340,30234,False
2015-02-12,1.133230,1.142240,1.130050,1.140010,45479,False
2015-02-13,1.139990,1.144230,1.137820,1.138400,28987,False
2015-02-16,1.139410,1.142840,1.131790,1.135140,21781,False
2015-02-17,1.135240,1.144820,1.132110,1.140900,32632,False
2015-02-18,1.140970,1.141550,1.133340,1.139580,31899,False
2015-02-19,1.139560,1.144930,1.135460,1.136590,29178,False
2015-02-20,1.136570,1.142910,1.127740,1.137500,53508,False
2015-02-23,1.138990,1.139440,1.129430,1.133280,25830,False
2015-02-24,1.133470,1.135740,1.128710,1.133700,35117,False
2015-02-25,1.133910,1.138790,1.133470,1.135860,25512,False
2015-02-26,1.135910,1.137900,1.118260,1.119550,35409,False
2015-02-27,1.119710,1.124440,1.117500,1.119120,35230,False
2015-03-02,1.118010,1.123980,1.115920,1.118130,22429,False
2015-03-03,1.117990,1.121690,1.115400,1.117380,20490,False
2015-03-04,1.117430,1.118450,1.106100,1.107670,29374,False
2015-03-05,1.107450,1.111390,1.098650,1.102660,38639,False
2015-03-06,1.102620,1.103180,1.083630,1.083820,42464,False
2015-03-09,1.082790,1.090570,1.082160,1.084990,24594,False
2015-03-10,1.084760,1.085400,1.069200,1.069620,46943,False
2015-03-11,1.069320,1.071620,1.051040,1.054420,53154,False
2015-03-12,1.054470,1.068270,1.049320,1.063340,55461,False
2015-03-13,1.063100,1.063360,1.046140,1.049270,45629,False
2015-03-16,1.046710,1.061880,1.046400,1.056630,38233,False
2015-03-17,1.056500,1.065030,1.055080,1.059540,36132,False
2015-03-18,1.058760,1.104400,1.057950,1.086020,77489,False
2015-03-19,1.086080,1.091870,1.061240,1.065700,84683,False
2015-03-20,1.065390,1.088160,1.064660,1.081740,56579,False
2015-03-23,1.083930,1.097080,1.076660,1.094450,70637,False
2015-03-24,1.094520,1.102840,1.088950,1.092370,61894,False
2015-03-25,1.092110,1.101370,1.089980,1.096840,47617,False
2015-03-26,1.096890,1.105180,1.085560,1.088340,54987,False
2015-03-27,1.088130,1.094750,1.080070,1.088750,53739,False
2015-03-30,1.088530,1.089440,1.080930,1.083350,38306,False
2015-03-31,1.083130,1.084310,1.071210,1.073000,40548,False
2015-04-01,1.073420,1.079910,1.071790,1.076180,45472,False
2015-04-02,1.075970,1.090430,1.074940,1.087930,40330,False
2015-04-03,1.088000,1.102610,1.086310,1.096480,29826,False
2015-04-06,1.100010,1.103490,1.090900,1.091980,22050,False
2015-04-07,1.092210,1.095410,1.080230,1.081290,40115,False
2015-04-08,1.081340,1.088680,1.076150,1.077840,48248,False
2015-04-09,1.077890,1.078820,1.063680,1.065830,38337,False
2015-04-10,1.065520,1.068270,1.056690,1.059730,37899,False
2015-04-13,1.058470,1.061830,1.051980,1.056620,42896,False
2015-04-14,1.056650,1.070670,1.052990,1.065360,50106,False
2015-04-15,1.064930,1.070100,1.056990,1.068330,58732,False
2015-04-16,1.068240,1.081690,1.062360,1.076050,67382,False
2015-04-17,1.076180,1.084810,1.073270,1.080140,61522,False
2015-04-20,1.081760,1.081960,1.071160,1.073630,38801,False
2015-04-21,1.073630,1.078060,1.065920,1.073520,39106,False
2015-04-22,1.073320,1.080000,1.070810,1.072400,42230,False
2015-04-23,1.072360,1.084440,1.066490,1.082300,48633,False
2015-04-24,1.082310,1.089940,1.078400,1.087250,52333,False
2015-04-27,1.086280,1.092600,1.081870,1.088820,37533,False
2015-04-28,1.088520,1.099050,1.085940,1.098080,42838,False
2015-04-29,1.097930,1.118740,1.095880,1.112710,69406,False
2015-04-30,1.112370,1.126560,1.107030,1.122120,72426,False
2015-05-01,1.122210,1.128940,1.117400,1.119320,42925,False
2015-05-04,1.119020,1.122380,1.112230,1.114600,34780,False
2015-05-05,1.114290,1.122250,1.106560,1.118420,48026,False
2015-05-06,1.118440,1.136940,1.117430,1.134630,61225,False
2015-05-07,1.134630,1.139120,1.123640,1.126520,54855,False
2015-05-08,1.126510,1.128500,1.117800,1.119750,65353,False
2015-05-11,1.119400,1.120310,1.112990,1.115420,41009,False
2015-05-12,1.115470,1.127840,1.113370,1.121220,40835,False
2015-05-13,1.121140,1.138240,1.120190,1.135330,45071,False
2015-05-14,1.135280,1.144360,1.133970,1.140890,50048,False
2015-05-15,1.140590,1.146590,1.132320,1.144460,48716,False
2015-05-18,1.144520,1.144810,1.129770,1.131380,37152,False
2015-05-19,1.131400,1.132540,1.111800,1.114860,49268,False
2015-05-20,1.115110,1.115140,1.106180,1.109290,57234,False
2015-05-21,1.109200,1.118060,1.107680,1.111120,47658,False
2015-05-22,1.111020,1.120750,1.100140,1.100790,49189,False
2015-05-25,1.099960,1.100870,1.095830,1.097620,17651,False
2015-05-26,1.097480,1.098020,1.086260,1.087130,48735,False
2015-05-27,1.087400,1.092850,1.081830,1.090270,46691,False
2015-05-28,1.090340,1.095770,1.086620,1.094620,53745,False
2015-05-29,1.094690,1.100570,1.092510,1.098810,47378,False
2015-06-01,1.097670,1.098580,1.088650,1.092500,42872,False
2015-06-02,1.092640,1.119140,1.091310,1.115010,62433,False
2015-06-03,1.114940,1.128450,1.107840,1.127390,62330,False
2015-06-04,1.127220,1.137910,1.121960,1.123730,59657,False
2015-06-05,1.123890,1.127930,1.104840,1.110980,63405,False
2015-06-08,1.109540,1.130610,1.108370,1.129080,51008,False
2015-06-09,1.129000,1.134500,1.121340,1.128140,54515,False
2015-06-10,1.128180,1.138530,1.125880,1.132290,63632,False
2015-06-11,1.132130,1.133010,1.118010,1.125700,52564,False
2015-06-12,1.125630,1.129580,1.115030,1.126230,55367,False
2015-06-15,1.120890,1.129350,1.118850,1.128220,43393,False
2015-06-16,1.128080,1.132920,1.120420,1.124730,37088,False
2015-06-17,1.124260,1.135710,1.119780,1.133520,50580,False
2015-06-18,1.133610,1.143500,1.132970,1.136300,50827,False
2015-06-19,1.136150,1.139370,1.129140,1.134430,35665,False
2015-06-22,1.137450,1.140960,1.131110,1.133920,37578,False
2015-06-23,1.133460,1.134660,1.113400,1.116650,43628,False
2015-06-24,1.116340,1.123420,1.115330,1.120320,42643,False
2015-06-25,1.120190,1.122690,1.115310,1.120350,36154,False
2015-06-26,1.120120,1.121890,1.112920,1.116570,31449,False
2015-06-29,1.099720,1.127710,1.095300,1.123490,73976,False
2015-06-30,1.123700,1.124330,1.111100,1.113580,49692,False
2015-07-01,1.113710,1.116990,1.104200,1.105200,37708,False
2015-07-02,1.105130,1.112020,1.103160,1.108240,34264,False
2015-07-03,1.108010,1.111690,1.106430,1.110620,21333,False
2015-07-06,1.098190,1.109440,1.096780,1.105490,46873,False
2015-07-07,1.105410,1.105710,1.091570,1.100970,48877,False
2015-07-08,1.100800,1.109220,1.097350,1.107510,48088,False
2015-07-09,1.107500,1.112340,1.099090,1.103420,39946,False
2015-07-10,1.103240,1.121490,1.102940,1.114770,50342,False
2015-07-13,1.108960,1.119620,1.099470,1.099960,47482,False
2015-07-14,1.099630,1.107720,1.096440,1.100780,39745,False
2015-07-15,1.100700,1.103500,1.092930,1.094540,37797,False
2015-07-16,1.094710,1.096170,1.085490,1.087300,38946,False
2015-07-17,1.087330,1.090600,1.082670,1.082780,26951,False
2015-07-20,1.082760,1.086940,1.080700,1.082380,23656,False
2015-07-21,1.082100,1.096810,1.081090,1.093600,31506,False
2015-07-22,1.093280,1.096600,1.086860,1.092780,31341,False
2015-07-23,1.092810,1.101720,1.092070,1.097990,35831,False
2015-07-24,1.098090,1.099440,1.092470,1.097480,29105,False
2015-07-27,1.097940,1.112810,1.096810,1.108660,36885,False
2015-07-28,1.108630,1.109880,1.102160,1.105900,27282,False
2015-07-29,1.105910,1.108350,1.096610,1.098240,36158,False
2015-07-30,1.098240,1.098860,1.089250,1.093010,32653,False
2015-07-31,1.093040,1.111290,1.092060,1.098290,45969,False
2015-08-03,1.097000,1.099530,1.094040,1.094890,28997,False
2015-08-04,1.095010,1.098700,1.087820,1.087990,29022,False
2015-08-05,1.088090,1.092670,1.084720,1.090500,34551,False
2015-08-06,1.090240,1.094150,1.087240,1.092370,25559,False
2015-08-07,1.092190,1.097750,1.085450,1.096300,35018,False
2015-08-10,1.096210,1.104060,1.092470,1.101770,25952,False
2015-08-11,1.101900,1.108780,1.095980,1.104080,39484,False
2015-08-12,1.104100,1.121280,1.102330,1.115890,44223,False
2015-08-13,1.115800,1.118830,1.107920,1.115000,34426,False
2015-08-14,1.114820,1.118810,1.109720,1.110650,29548,False
2015-08-17,1.111280,1.112420,1.105790,1.107460,25674,False
2015-08-18,1.107530,1.109310,1.101630,1.102390,21153,False
2015-08-19,1.102120,1.113350,1.101660,1.111830,36042,False
2015-08-20,1.111940,1.124380,1.110640,1.123950,35553,False
2015-08-21,1.123660,1.138690,1.122850,1.138310,46165,False
2015-08-24,1.137290,1.171120,1.136860,1.161740,119664,False
2015-08-25,1.162020,1.162030,1.139510,1.151430,91972,False
2015-08-26,1.151430,1.156050,1.129020,1.131190,83398,False
2015-08-27,1.130910,1.136360,1.120250,1.124390,55009,False
2015-08-28,1.124110,1.130900,1.115520,1.117980,39486,False
2015-08-31,1.116950,1.126160,1.116290,1.120950,31471,False
2015-09-01,1.121050,1.133170,1.120700,1.131260,53282,False
2015-09-02,1.130950,1.131830,1.121590,1.122470,40342,False
2015-09-03,1.122330,1.124260,1.108670,1.112270,43295,False
2015-09-04,1.112270,1.118440,1.108800,1.114140,43978,False
2015-09-07,1.116050,1.117690,1.112070,1.116890,22286,False
2015-09-08,1.116830,1.122870,1.115180,1.120160,30278,False
2015-09-09,1.120050,1.121550,1.113110,1.120610,32604,False
2015-09-10,1.120530,1.129430,1.117090,1.127730,43543,False
2015-09-11,1.127760,1.134860,1.125350,1.133380,33863,False
2015-09-14,1.133000,1.137240,1.128250,1.131540,24231,False
2015-09-15,1.131660,1.132810,1.125800,1.126750,27484,False
2015-09-16,1.126800,1.131960,1.121320,1.128990,25756,False
2015-09-17,1.128910,1.144030,1.128340,1.143340,48808,False
2015-09-18,1.143070,1.145950,1.126790,1.129510,40204,False
2015-09-21,1.128020,1.132940,1.117980,1.118800,28530,False
2015-09-22,1.118880,1.120690,1.111230,1.112570,27779,False
2015-09-23,1.112380,1.121260,1.110470,1.118420,35830,False
2015-09-24,1.118320,1.129540,1.116360,1.123110,40103,False
2015-09-25,1.121030,1.122180,1.111550,1.119100,42162,False
2015-09-28,1.118150,1.124700,1.114600,1.124320,35612,False
2015-09-29,1.124390,1.128080,1.119330,1.124730,37201,False
2015-09-30,1.124680,1.126100,1.115660,1.117590,31009,False
2015-10-01,1.117350,1.120840,1.113410,1.119320,27700,False
2015-10-02,1.119090,1.131750,1.114650,1.120820,45691,False
2015-10-05,1.121770,1.128870,1.117260,1.118640,32139,False
2015-10-06,1.118660,1.127880,1.117140,1.126990,25210,False
2015-10-07,1.126990,1.128320,1.121060,1.123650,30052,False
2015-10-08,1.123550,1.132600,1.123390,1.127450,32166,False
2015-10-09,1.127560,1.138650,1.126650,1.135710,31372,False
2015-10-12,1.136000,1.139600,1.135150,1.135740,16346,False
2015-10-13,1.135710,1.141030,1.134320,1.137760,24045,False
2015-10-14,1.137800,1.148840,1.137610,1.147240,27647,False
2015-10-15,1.147190,1.149440,1.136250,1.138170,34986,False
2015-10-16,1.138690,1.139420,1.133330,1.134290,26374,False
2015-10-19,1.135550,1.137840,1.130490,1.132530,23851,False
2015-10-20,1.132870,1.138590,1.132330,1.134480,19110,False
2015-10-21,1.134360,1.137680,1.133330,1.133760,19680,False
2015-10-22,1.133730,1.135030,1.109900,1.110780,43154,False
2015-10-23,1.110330,1.113910,1.099590,1.101540,40876,False
2015-10-26,1.099650,1.106770,1.099160,1.105760,25187,False
2015-10-27,1.105370,1.107740,1.102960,1.104420,24082,False
2015-10-28,1.104210,1.109500,1.089620,1.092320,38903,False
2015-10-29,1.092280,1.098480,1.090100,1.097550,32124,False
2015-10-30,1.097590,1.107190,1.096450,1.100140,39970,False
2015-11-02,1.103180,1.105170,1.099970,1.101420,23888,False
2015-11-03,1.101230,1.102940,1.093540,1.096260,23113,False
2015-11-04,1.096140,1.096710,1.084290,1.086430,31451,False
2015-11-05,1.086380,1.089640,1.083320,1.088260,30582,False
2015-11-06,1.088070,1.089300,1.070000,1.073570,37207,False
2015-11-09,1.072690,1.078940,1.071860,1.074920,27960,False
2015-11-10,1.074610,1.076350,1.067360,1.072330,28504,False
2015-11-11,1.072180,1.077290,1.070480,1.074150,26025,False
2015-11-12,1.074230,1.083050,1.069030,1.081210,42680,False
2015-11-13,1.080900,1.081610,1.071370,1.076770,34752,False
2015-11-16,1.073780,1.075740,1.067410,1.068530,28947,False
2015-11-17,1.068420,1.068980,1.063030,1.064090,27486,False
2015-11-18,1.064030,1.069190,1.061560,1.065780,26843,False
2015-11-19,1.065900,1.076310,1.065440,1.073260,31365,False
2015-11-20,1.073150,1.073750,1.063920,1.064330,26337,False
2015-11-23,1.063640,1.065630,1.059160,1.063500,26374,False
2015-11-24,1.063430,1.067290,1.061870,1.064160,27341,False
2015-11-25,1.064190,1.068880,1.056560,1.062320,33478,False
2015-11-26,1.062300,1.062670,1.059940,1.060880,14193,False
2015-11-27,1.060700,1.063750,1.056750,1.058760,18482,False
2015-11-30,1.058720,1.059440,1.055720,1.056220,21971,False
2015-12-01,1.056480,1.063670,1.056260,1.063140,24387,False
2015-12-02,1.063360,1.063430,1.055010,1.061290,30657,False
2015-12-03,1.061370,1.098020,1.051870,1.093760,83309,False
2015-12-04,1.094000,1.095550,1.083540,1.087730,57845,False
2015-12-07,1.087030,1.088630,1.079550,1.083630,27740,False
2015-12-08,1.083520,1.090170,1.082960,1.089070,28576,False
2015-12-09,1.089040,1.104210,1.087860,1.102420,41269,False
2015-12-10,1.102290,1.102320,1.092440,1.093980,32082,False
2015-12-11,1.093960,1.103020,1.092590,1.098630,40736,False
2015-12-14,1.098230,1.104810,1.094480,1.099200,40430,False
2015-12-15,1.099130,1.105900,1.090380,1.092880,36816,False
2015-12-16,1.092600,1.101070,1.088590,1.091070,59509,False
2015-12-17,1.091140,1.091240,1.080190,1.082490,36469,False
2015-12-18,1.082450,1.087370,1.080420,1.086070,40360,False
2015-12-21,1.085100,1.093830,1.084460,1.091320,26989,False
2015-12-22,1.091360,1.098340,1.090160,1.095630,23960,False
2015-12-23,1.095400,1.095590,1.086920,1.090960,19191,False
2015-12-24,1.090750,1.096640,1.090070,1.096250,13563,False
2015-12-28,1.096250,1.099180,1.094850,1.096720,13253,False
2015-12-29,1.096670,1.099110,1.089850,1.091910,17286,False
2015-12-30,1.092090,1.094320,1.090120,1.093040,18314,False
2015-12-31,1.093000,1.093620,1.085200,1.086880,14995,False
2016-01-04,1.086990,1.094560,1.078050,1.083130,41687,False
2016-01-05,1.082880,1.083810,1.071000,1.074700,26924,False
2016-01-06,1.074170,1.079840,1.071020,1.077910,37052,False
2016-01-07,1.077780,1.093940,1.077030,1.092910,46403,False
2016-01-08,1.092760,1.093230,1.080210,1.092130,56496,False
2016-01-11,1.091650,1.096870,1.084670,1.085840,37850,False
2016-01-12,1.085570,1.089980,1.081890,1.085670,28924,False
2016-01-13,1.085620,1.088700,1.080420,1.087590,31359,False
2016-01-14,1.087490,1.094250,1.083410,1.086420,40638,False
2016-01-15,1.086410,1.098400,1.085380,1.091030,47728,False
2016-01-18,1.091830,1.092660,1.086840,1.088990,23821,False
2016-01-19,1.089080,1.093840,1.085870,1.090650,28092,False
2016-01-20,1.090100,1.097540,1.087650,1.088930,43445,False
2016-01-21,1.088580,1.092070,1.077640,1.087340,61672,False
2016-01-22,1.087220,1.087580,1.078840,1.079650,34218,False
2016-01-25,1.079060,1.085630,1.078310,1.084830,23284,False
2016-01-26,1.084550,1.087360,1.081810,1.086690,25784,False
2016-01-27,1.086410,1.091580,1.084990,1.089130,36553,False
2016-01-28,1.089260,1.096700,1.086920,1.093890,31173,False
2016-01-29,1.093750,1.094760,1.080930,1.082880,45900,False
2016-02-01,1.082860,1.091220,1.081380,1.088670,24541,False
2016-02-02,1.088400,1.093930,1.088400,1.091680,23766,False
2016-02-03,1.091750,1.114460,1.090320,1.110180,51491,False
2016-02-04,1.110190,1.123810,1.106900,1.120670,54746,False
2016-02-05,1.120510,1.124260,1.110830,1.115270,55892,False
2016-02-08,1.114110,1.121480,1.108600,1.119210,43844,False
2016-02-09,1.119170,1.133740,1.116160,1.129170,64160,False
2016-02-10,1.129070,1.131070,1.115960,1.128960,69406,False
2016-02-11,1.128670,1.137570,1.127330,1.132150,92325,False
2016-02-12,1.131970,1.133270,1.121300,1.125220,48946,False
2016-02-15,1.124630,1.124630,1.112750,1.115310,27628,False
2016-02-16,1.115330,1.119220,1.112330,1.114310,34178,False
2016-02-17,1.114200,1.117840,1.110550,1.112560,34099,False
2016-02-18,1.112300,1.114900,1.107010,1.110540,31660,False
2016-02-19,1.110380,1.113850,1.106590,1.112720,32840,False
2016-02-22,1.110600,1.112380,1.100240,1.102730,27990,False
2016-02-23,1.102750,1.105200,1.098940,1.101800,30436,False
2016-02-24,1.101750,1.104540,1.095650,1.101220,38106,False
2016-02-25,1.101300,1.104910,1.098620,1.101720,30734,False
2016-02-26,1.101730,1.106750,1.091120,1.092750,32931,False
2016-02-29,1.091070,1.096170,1.085850,1.087150,29734,False
2016-03-01,1.087300,1.089290,1.083340,1.086570,33542,False
2016-03-02,1.086590,1.088040,1.082500,1.086700,25885,False
2016-03-03,1.086680,1.097120,1.085300,1.095530,28032,False
2016-03-04,1.095370,1.104270,1.090260,1.099990,46946,False
2016-03-07,1.098540,1.102510,1.093940,1.101190,22117,False
2016-03-08,1.101250,1.105700,1.099270,1.101010,27359,False
2016-03-09,1.100890,1.103410,1.094530,1.099880,25426,False
2016-03-10,1.099810,1.121680,1.082120,1.117730,90850,False
2016-03-11,1.117720,1.120890,1.108000,1.114560,41429,False
2016-03-14,1.113370,1.117560,1.107690,1.110150,27025,False
2016-03-15,1.109980,1.112440,1.107120,1.110750,24737,False
2016-03-16,1.110730,1.124120,1.105700,1.122370,44085,False
2016-03-17,1.122120,1.134170,1.120430,1.131780,43579,False
2016-03-18,1.131440,1.133630,1.125550,1.126880,28410,False
2016-03-21,1.125580,1.128400,1.123390,1.124030,22506,False
2016-03-22,1.123760,1.125920,1.118780,1.121570,29776,False
2016-03-23,1.121620,1.122280,1.115890,1.118030,21189,False
2016-03-24,1.117640,1.118720,1.114340,1.117350,20611,False
2016-03-25,1.117130,1.117850,1.115140,1.116230,7677,False
2016-03-28,1.116090,1.121930,1.115220,1.119350,11876,False
2016-03-29,1.119400,1.130270,1.116830,1.129070,33578,False
2016-03-30,1.128850,1.136470,1.128270,1.133620,34111,False
2016-03-31,1.133590,1.141120,1.130980,1.137820,32017,False
2016-04-01,1.137810,1.143730,1.133400,1.138670,40271,False
2016-04-04,1.139840,1.141170,1.135700,1.138700,23869,False
2016-04-05,1.138430,1.140450,1.133510,1.138290,29119,False
2016-04-06,1.138110,1.143090,1.132630,1.139800,34924,False
2016-04-07,1.139710,1.145350,1.133710,1.137670,39053,False
2016-04-08,1.137620,1.141860,1.134840,1.139290,27367,False
2016-04-11,1.141320,1.144680,1.137120,1.140720,25647,False
2016-04-12,1.140110,1.146430,1.134500,1.138350,29318,False
2016-04-13,1.138280,1.139030,1.126740,1.127340,32235,False
2016-04-14,1.127210,1.129410,1.123330,1.126550,27211,False
2016-04-15,1.126110,1.131640,1.124480,1.128020,22725,False
2016-04-18,1.129780,1.133140,1.127300,1.131110,21606,False
2016-04-19,1.130860,1.138390,1.130280,1.135580,21422,False
2016-04-20,1.135810,1.138720,1.128990,1.129630,22648,False
2016-04-21,1.129540,1.139760,1.126840,1.128640,41220,False
2016-04-22,1.128510,1.130810,1.121750,1.121950,27014,False
2016-04-25,1.121440,1.127760,1.121370,1.126780,22207,False
2016-04-26,1.126900,1.133890,1.125550,1.129820,24495,False
2016-04-27,1.129740,1.135930,1.127050,1.131940,33735,False
2016-04-28,1.131980,1.136740,1.129540,1.135030,34317,False
2016-04-29,1.135300,1.145860,1.134470,1.144470,33546,False
2016-05-02,1.145830,1.153510,1.144780,1.153310,23858,False
2016-05-03,1.152810,1.161570,1.149480,1.149510,30941,False
2016-05-04,1.149510,1.152880,1.146550,1.148490,34146,False
2016-05-05,1.148380,1.149320,1.138540,1.140400,23968,False
2016-05-06,1.140300,1.147690,1.138620,1.140280,31950,False
2016-05-09,1.139180,1.141910,1.137430,1.138070,21184,False
2016-05-10,1.138030,1.140900,1.135800,1.137060,22094,False
2016-05-11,1.136920,1.144600,1.136680,1.142510,18962,False
2016-05-12,1.142440,1.142870,1.136970,1.137540,19304,False
2016-05-13,1.137450,1.137910,1.128230,1.130310,25816,False
2016-05-16,1.130670,1.134160,1.130090,1.131890,15864,False
2016-05-17,1.131980,1.134780,1.129840,1.131200,18546,False
2016-05-18,1.131250,1.131540,1.121350,1.121480,24874,False
2016-05-19,1.121380,1.122950,1.117940,1.120180,24908,False
2016-05-20,1.120210,1.123660,1.119570,1.122160,16706,False
2016-05-23,1.120370,1.124230,1.118700,1.121930,18179,False
2016-05-24,1.121750,1.122640,1.113190,1.113970,21007,False
2016-05-25,1.113890,1.116630,1.112830,1.115370,18219,False
2016-05-26,1.114890,1.121610,1.114890,1.119240,20905,False
2016-05-27,1.119300,1.120010,1.110990,1.111020,20890,False
2016-05-30,1.111010,1.114400,1.109720,1.113580,10954,False
2016-05-31,1.113630,1.117290,1.112150,1.113070,21823,False
2016-06-01,1.113050,1.119330,1.111360,1.118650,24169,False
2016-06-02,1.118680,1.121950,1.114480,1.114970,27817,False
2016-06-03,1.114910,1.137280,1.113620,1.136510,36515,False
2016-06-06,1.135300,1.139190,1.132400,1.135320,29276,False
2016-06-07,1.135280,1.137980,1.133790,1.135650,19976,False
2016-06-08,1.135630,1.140990,1.135390,1.139290,19186,False
2016-06-09,1.139080,1.141500,1.130490,1.131330,23002,False
2016-06-10,1.131490,1.132100,1.124450,1.124800,23792,False
2016-06-13,1.124630,1.130220,1.123120,1.128960,26677,False
2016-06-14,1.129180,1.129760,1.118820,1.120440,26642,False
2016-06-15,1.120400,1.129670,1.118920,1.125900,32548,False
2016-06-16,1.125880,1.129440,1.113020,1.122450,42350,False
2016-06-17,1.122230,1.129580,1.122180,1.127210,28648,False
2016-06-20,1.132760,1.138170,1.130160,1.130950,30729,False
2016-06-21,1.130950,1.134890,1.124070,1.124100,28164,False
2016-06-22,1.124050,1.133710,1.123530,1.129500,27277,False
2016-06-23,1.129530,1.142000,1.129390,1.137930,47533,False
2016-06-24,1.138110,1.142630,1.090830,1.109820,213255,False
2016-06-27,1.100470,1.108310,1.097010,1.102360,72554,False
2016-06-28,1.102220,1.111120,1.100960,1.106370,36868,False
2016-06-29,1.106370,1.112990,1.104850,1.112300,38763,False
2016-06-30,1.112050,1.115370,1.102300,1.110420,52157,False
2016-07-01,1.109410,1.116860,1.107140,1.112840,31989,False
2016-07-04,1.112170,1.115870,1.109720,1.115260,15718,False
2016-07-05,1.115240,1.118560,1.106170,1.107510,27929,False
2016-07-06,1.106970,1.111090,1.102800,1.109890,37513,False
2016-07-07,1.109830,1.110670,1.105180,1.106040,27601,False
2016-07-08,1.105940,1.111940,1.100100,1.104550,34638,False
2016-07-11,1.104520,1.107370,1.101490,1.105540,27690,False
2016-07-12,1.105590,1.112540,1.105150,1.105970,28285,False
2016-07-13,1.105960,1.111910,1.104150,1.108800,25963,False
2016-07-14,1.108670,1.116430,1.108670,1.111790,32023,False
2016-07-15,1.111750,1.114820,1.102090,1.102890,29786,False
2016-07-18,1.104540,1.108340,1.103700,1.107430,22880,False
2016-07-19,1.107460,1.107980,1.099910,1.101940,22825,False
2016-07-20,1.101790,1.102950,1.098100,1.101300,22855,False
2016-07-21,1.101030,1.105830,1.097870,1.102510,36400,False
2016-07-22,1.102420,1.104040,1.095480,1.097360,23685,False
2016-07-25,1.097010,1.099810,1.095160,1.099380,17419,False
2016-07-26,1.099200,1.102930,1.097760,1.098400,18713,False
2016-07-27,1.098410,1.106400,1.095930,1.105810,28431,False
2016-07-28,1.106340,1.111870,1.105120,1.107530,21791,False
2016-07-29,1.107490,1.119690,1.107120,1.116960,30616,False
2016-08-01,1.117100,1.118250,1.115450,1.116070,15432,False
2016-08-02,1.115910,1.123310,1.115680,1.122060,18440,False
2016-08-03,1.121960,1.122570,1.113980,1.114950,15236,False
2016-08-04,1.114660,1.115580,1.111330,1.112780,17270,False
2016-08-05,1.112600,1.116070,1.104520,1.108320,18191,False
2016-08-08,1.107590,1.110430,1.107150,1.108710,11292,False
2016-08-09,1.108410,1.112200,1.106990,1.111590,12391,False
2016-08-10,1.111240,1.118930,1.111080,1.117520,15585,False
2016-08-11,1.117550,1.119060,1.113460,1.113620,14723,False
2016-08-12,1.113270,1.122070,1.113070,1.115710,16738,False
2016-08-15,1.116540,1.120310,1.115260,1.118160,10823,False
2016-08-16,1.118170,1.132160,1.117680,1.127740,24195,False
2016-08-17,1.127710,1.131510,1.123900,1.128740,21794,False
2016-08-18,1.128350,1.136570,1.128130,1.135230,24391,False
2016-08-19,1.134870,1.135840,1.130360,1.132040,20219,False
2016-08-22,1.130610,1.132990,1.127040,1.131990,18662,False
2016-08-23,1.131820,1.135460,1.130270,1.130390,16858,False
2016-08-24,1.130440,1.131080,1.124470,1.126270,17975,False
2016-08-25,1.126260,1.129690,1.125870,1.128430,14361,False
2016-08-26,1.127950,1.134010,1.117980,1.119200,34929,False
2016-08-29,1.117400,1.120720,1.115760,1.118750,18468,False
2016-08-30,1.118720,1.119150,1.113140,1.114150,18285,False
2016-08-31,1.114110,1.116500,1.112260,1.115640,19483,False
2016-09-01,1.115600,1.120440,1.112680,1.119570,21748,False
2016-09-02,1.119590,1.125150,1.114990,1.115200,29889,False
2016-09-05,1.115420,1.118170,1.113850,1.114560,10354,False
2016-09-06,1.114630,1.126240,1.113990,1.125340,20463,False
2016-09-07,1.125350,1.127100,1.122840,1.123860,18372,False
2016-09-08,1.123810,1.132650,1.123380,1.126010,29660,False
2016-09-09,1.125750,1.128430,1.119780,1.122840,22543,False
2016-09-12,1.123420,1.126760,1.120990,1.123400,28277,False
2016-09-13,1.123360,1.125970,1.120330,1.121890,23499,False
2016-09-14,1.121750,1.127320,1.120940,1.124760,20289,False
2016-09-15,1.124600,1.128260,1.121840,1.124270,25365,False
2016-09-16,1.124270,1.124940,1.114900,1.115320,22102,False
2016-09-19,1.115030,1.119740,1.114790,1.117290,13626,False
2016-09-20,1.117300,1.121270,1.114910,1.114980,16807,False
2016-09-21,1.114990,1.119580,1.112250,1.118690,33984,False
2016-09-22,1.118630,1.125670,1.118360,1.120750,19324,False
2016-09-23,1.120650,1.123990,1.119340,1.122100,16068,False
2016-09-26,1.122770,1.127840,1.122040,1.125280,16544,False
2016-09-27,1.125270,1.125840,1.119060,1.121490,17059,False
2016-09-28,1.121300,1.123620,1.118150,1.121630,17915,False
2016-09-29,1.121350,1.124910,1.119630,1.122230,19001,False
2016-09-30,1.121800,1.125000,1.115290,1.123750,27639,False
2016-10-03,1.122720,1.124320,1.120480,1.120940,14782,False
2016-10-04,1.121000,1.123810,1.113720,1.120380,26736,False
2016-10-05,1.119940,1.123270,1.118920,1.120470,18796,False
2016-10-06,1.120330,1.121170,1.113950,1.114930,17766,False
2016-10-07,1.114950,1.120420,1.110380,1.119770,43707,False
2016-10-10,1.117700,1.120110,1.113060,1.113840,16346,False
2016-10-11,1.113460,1.114170,1.104810,1.105270,21766,False
2016-10-12,1.105200,1.106710,1.100390,1.100480,25430,False
2016-10-13,1.100610,1.105690,1.098470,1.105560,23944,False
2016-10-14,1.105630,1.105710,1.096810,1.096880,22131,False
2016-10-17,1.096710,1.100730,1.096320,1.099860,14634,False
2016-10-18,1.099860,1.102580,1.096970,1.097920,16336,False
2016-10-19,1.097760,1.100410,1.095440,1.097290,15843,False
2016-10-20,1.097320,1.103840,1.091530,1.092800,26664,False
2016-10-21,1.092700,1.092910,1.085840,1.087990,15786,False
2016-10-24,1.088180,1.089890,1.085910,1.088060,13139,False
2016-10-25,1.087910,1.090440,1.085040,1.088700,18833,False
2016-10-26,1.088630,1.094610,1.087380,1.090770,19137,False
2016-10-27,1.090250,1.094160,1.088190,1.089550,19405,False
2016-10-28,1.089550,1.099120,1.089210,1.098260,25914,False
2016-10-31,1.099000,1.099010,1.093520,1.098050,16008,False
2016-11-01,1.097860,1.106830,1.095940,1.105390,18446,False
2016-11-02,1.105300,1.112240,1.104910,1.109640,27070,False
2016-11-03,1.109160,1.112530,1.105910,1.110470,22434,False
2016-11-04,1.110330,1.113990,1.107920,1.113660,21233,False
2016-11-07,1.105560,1.110990,1.102670,1.103930,20079,False
2016-11-08,1.103940,1.106640,1.100810,1.102340,15968,False
2016-11-09,1.102520,1.129890,1.090590,1.090680,135442,False
2016-11-10,1.090780,1.095290,1.086430,1.088920,44840,False
2016-11-11,1.089140,1.092280,1.082990,1.085130,41093,False
2016-11-14,1.083050,1.083920,1.070860,1.073580,47305,False
2016-11-15,1.073620,1.081590,1.071350,1.072090,40061,False
2016-11-16,1.072230,1.075910,1.066560,1.068970,36740,False
2016-11-17,1.068880,1.074480,1.061930,1.062270,38769,False
2016-11-18,1.062230,1.064240,1.056850,1.058670,44405,False
2016-11-21,1.059010,1.064840,1.057760,1.062600,34830,False
2016-11-22,1.062280,1.065740,1.058280,1.062630,29852,False
2016-11-23,1.062090,1.064310,1.052540,1.054980,35507,False
2016-11-24,1.054990,1.058460,1.051720,1.054950,29521,False
2016-11-25,1.054690,1.062670,1.053780,1.058830,37993,False
2016-11-28,1.060790,1.068490,1.056290,1.061020,32325,False
2016-11-29,1.060500,1.065380,1.056420,1.064830,28708,False
2016-11-30,1.064570,1.066570,1.055190,1.058820,39317,False
2016-12-01,1.058850,1.066810,1.058380,1.066020,35043,False
2016-12-02,1.065770,1.068930,1.062460,1.066150,32333,False
2016-12-05,1.062510,1.079540,1.050260,1.076300,60841,False
2016-12-06,1.076200,1.078480,1.069770,1.071630,26751,False
2016-12-07,1.071630,1.076760,1.070930,1.075160,19853,False
2016-12-08,1.075240,1.087250,1.059670,1.061260,58060,False
2016-12-09,1.061120,1.062910,1.053040,1.055780,27161,False
2016-12-12,1.052950,1.065110,1.052470,1.063410,28031,False
2016-12-13,1.063230,1.066640,1.060330,1.062490,25228,False
2016-12-14,1.062080,1.066930,1.049530,1.053400,42104,False
2016-12-15,1.052890,1.053850,1.036580,1.041200,52373,False
2016-12-16,1.040980,1.047350,1.040000,1.044630,32732,False
2016-12-19,1.043670,1.047880,1.039190,1.040070,27031,False
2016-12-20,1.039770,1.041740,1.035170,1.038610,23381,False
2016-12-21,1.038510,1.045050,1.038180,1.042260,21350,False
2016-12-22,1.042220,1.049860,1.041980,1.043560,23280,False
2016-12-23,1.043050,1.046840,1.042600,1.045040,13703,False
2016-12-27,1.045080,1.046280,1.043140,1.045530,10337,False
2016-12-28,1.045110,1.047900,1.037160,1.041150,18288,False
2016-12-29,1.041120,1.049340,1.040480,1.048960,24421,False
2016-12-30,1.048700,1.065200,1.048180,1.051480,49452,False
2017-01-03,1.046560,1.048950,1.033980,1.040380,32813,False
2017-01-04,1.040460,1.049920,1.038910,1.048770,34501,False
2017-01-05,1.048630,1.061450,1.048000,1.060550,52627,False
2017-01-06,1.059900,1.061870,1.052430,1.052730,40707,False
2017-01-09,1.052790,1.058210,1.051020,1.056990,29607,False
2017-01-10,1.057450,1.062650,1.055040,1.055310,35745,False
2017-01-11,1.055310,1.062210,1.045300,1.058120,61512,False
2017-01-12,1.057930,1.068420,1.057090,1.061080,49908,False
2017-01-13,1.061130,1.067020,1.059560,1.063840,38956,False
2017-01-16,1.060010,1.063470,1.057870,1.059560,25706,False
2017-01-17,1.059650,1.071850,1.059610,1.071230,49280,False
2017-01-18,1.070920,1.071320,1.062760,1.062810,34142,False
2017-01-19,1.062640,1.067590,1.058840,1.066230,47134,False
2017-01-20,1.066070,1.070870,1.062460,1.069730,43916,False
2017-01-23,1.069760,1.076820,1.069760,1.076210,36443,False
2017-01-24,1.076470,1.077430,1.071970,1.072950,27883,False
2017-01-25,1.072740,1.076910,1.071050,1.074650,28624,False
2017-01-26,1.074640,1.076490,1.065720,1.068070,30854,False
2017-01-27,1.067740,1.072430,1.065760,1.069310,29190,False
2017-01-30,1.071820,1.073960,1.061980,1.069420,28475,False
2017-01-31,1.069310,1.081160,1.068390,1.079660,42940,False
2017-02-01,1.079590,1.080680,1.072630,1.076750,35995,False
2017-02-02,1.076800,1.082820,1.075540,1.075740,32335,False
2017-02-03,1.075640,1.079700,1.070880,1.078000,36782,False
2017-02-06,1.078660,1.078810,1.070470,1.074910,26266,False
2017-02-07,1.074440,1.074860,1.065550,1.068220,24736,False
2017-02-08,1.067720,1.071330,1.064010,1.069750,26680,False
2017-02-09,1.069640,1.070910,1.065040,1.065470,26612,False
2017-02-10,1.065370,1.066710,1.060700,1.063810,25538,False
2017-02-13,1.062660,1.065760,1.059150,1.059570,20639,False
2017-02-14,1.059480,1.063280,1.056050,1.057660,25889,False
2017-02-15,1.057340,1.060860,1.052080,1.059870,27287,False
2017-02-16,1.059840,1.067860,1.058890,1.067250,27144,False
2017-02-17,1.067150,1.067600,1.060430,1.061110,21991,False
2017-02-20,1.060510,1.063210,1.060230,1.061050,14995,False
2017-02-21,1.060840,1.061400,1.052510,1.053510,19722,False
2017-02-22,1.053510,1.057350,1.049320,1.055690,30857,False
2017-02-23,1.055200,1.059480,1.053720,1.058020,23813,False
2017-02-24,1.057610,1.061750,1.055540,1.055630,22654,False
2017-02-27,1.056140,1.063000,1.055100,1.058570,22146,False
2017-02-28,1.058480,1.062960,1.056430,1.057540,26577,False
2017-03-01,1.057420,1.058870,1.051370,1.054570,33472,False
2017-03-02,1.054500,1.055060,1.049440,1.050560,22664,False
2017-03-03,1.050520,1.062360,1.049740,1.061710,31558,False
2017-03-06,1.060750,1.063940,1.057410,1.058090,23697,False
2017-03-07,1.058070,1.060220,1.055740,1.056530,17387,False
2017-03-08,1.056470,1.057360,1.053430,1.053960,20774,False
2017-03-09,1.053770,1.061470,1.052450,1.057590,36123,False
2017-03-10,1.057570,1.069840,1.057010,1.066860,34384,False
2017-03-13,1.067600,1.071350,1.065110,1.065200,39806,False
2017-03-14,1.065290,1.066190,1.059970,1.060380,35839,False
2017-03-15,1.060350,1.073940,1.060140,1.073320,57550,False
2017-03-16,1.072610,1.076970,1.070490,1.076460,52499,False
2017-03-17,1.076360,1.078210,1.072680,1.073630,41942,False
2017-03-20,1.073240,1.077700,1.072430,1.073850,27607,False
2017-03-21,1.073750,1.081880,1.071820,1.080870,44695,False
2017-03-22,1.080830,1.082420,1.077530,1.079640,40500,False
2017-03-23,1.079040,1.080420,1.076740,1.078280,39429,False
2017-03-24,1.078080,1.081750,1.075960,1.079420,35910,False
2017-03-27,1.083730,1.090530,1.082400,1.086190,37214,False
2017-03-28,1.086220,1.087200,1.079830,1.081380,31121,False
2017-03-29,1.080720,1.082590,1.073940,1.076480,39432,False
2017-03-30,1.076450,1.076900,1.067150,1.067310,36543,False
2017-03-31,1.067470,1.070120,1.064640,1.064980,35985,False
2017-04-03,1.065830,1.068040,1.064200,1.066910,28341,False
2017-04-04,1.066890,1.067650,1.063510,1.067240,24598,False
2017-04-05,1.066800,1.068840,1.063330,1.066250,32819,False
2017-04-06,1.066170,1.068370,1.062840,1.064360,31669,False
2017-04-07,1.064240,1.066370,1.058000,1.058720,42961,False
2017-04-10,1.058480,1.060620,1.056930,1.059450,22385,False
2017-04-11,1.059320,1.062950,1.057780,1.060350,24727,False
2017-04-12,1.060390,1.067430,1.058840,1.066450,30818,False
2017-04-13,1.066030,1.067730,1.060830,1.061230,28400,False
2017-04-14,1.061470,1.062920,1.060200,1.060890,23534,False
2017-04-17,1.061250,1.066970,1.060150,1.064110,17623,False
2017-04-18,1.063850,1.073550,1.063430,1.072890,33666,False
2017-04-19,1.072980,1.073640,1.069960,1.070970,24234,False
2017-04-20,1.070960,1.077690,1.070710,1.071590,26345,False
2017-04-21,1.071550,1.073730,1.068180,1.072180,30363,False
2017-04-24,1.088800,1.090320,1.082020,1.086580,32281,False
2017-04-25,1.086730,1.094940,1.085080,1.092520,19534,False
2017-04-26,1.092760,1.095010,1.085520,1.090260,24696,False
2017-04-27,1.090250,1.093220,1.085100,1.087120,26428,False
2017-04-28,1.087070,1.094660,1.085660,1.089120,22867,False
2017-05-01,1.090830,1.092320,1.088350,1.089780,9211,False
2017-05-02,1.089540,1.093240,1.088780,1.092940,14843,False
2017-05-03,1.092580,1.093610,1.088210,1.088290,19717,False
2017-05-04,1.088420,1.098650,1.087420,1.098260,24002,False
2017-05-05,1.098240,1.099850,1.094620,1.099390,23295,False
2017-05-08,1.101840,1.102210,1.091580,1.092280,24891,False
2017-05-09,1.092290,1.093290,1.086300,1.087330,20694,False
2017-05-10,1.087200,1.089750,1.085270,1.086680,18415,False
2017-05-11,1.086620,1.089250,1.083850,1.085990,16213,False
2017-05-12,1.086040,1.093360,1.085510,1.092780,18229,False
2017-05-15,1.092850,1.098880,1.092210,1.097390,15066,False
2017-05-16,1.097280,1.109660,1.097240,1.108090,19873,False
2017-05-17,1.108130,1.116150,1.107790,1.115870,26018,False
2017-05-18,1.115610,1.117130,1.107530,1.110160,34642,False
2017-05-19,1.110090,1.121130,1.109530,1.120270,19221,False
2017-05-22,1.119120,1.126290,1.116100,1.123620,21775,False
2017-05-23,1.123580,1.126780,1.117460,1.118110,30408,False
2017-05-24,1.118170,1.121930,1.116800,1.121770,27000,False
2017-05-25,1.121790,1.124960,1.119290,1.120940,19081,False
2017-05-26,1.120670,1.123390,1.116010,1.117630,20669,False
2017-05-29,1.116880,1.118930,1.116050,1.116150,9159,False
2017-05-30,1.116150,1.120450,1.110890,1.118420,24109,False
2017-05-31,1.118170,1.125170,1.116370,1.124220,23631,False
2017-06-01,1.124490,1.125590,1.120150,1.121160,18108,False
2017-06-02,1.121230,1.128440,1.120470,1.128040,19889,False
2017-06-05,1.126940,1.128230,1.123370,1.125330,15090,False
2017-06-06,1.125300,1.128360,1.123980,1.127610,17004,False
2017-06-07,1.127580,1.128160,1.120370,1.125470,24164,False
2017-06-08,1.125900,1.126860,1.119400,1.121180,32327,False
2017-06-09,1.121040,1.123490,1.116590,1.119330,30075,False
2017-06-12,1.120420,1.123150,1.119140,1.120240,15570,False
2017-06-13,1.120180,1.122440,1.118480,1.120960,14425,False
2017-06-14,1.120480,1.129520,1.119250,1.121710,36727,False
2017-06-15,1.121660,1.122790,1.113170,1.114390,25917,False
2017-06-16,1.114400,1.120100,1.113790,1.119410,15885,False
2017-06-19,1.120380,1.121210,1.114260,1.114730,14550,False
2017-06-20,1.114800,1.116430,1.111840,1.113310,16447,False
2017-06-21,1.113250,1.116830,1.112680,1.116720,14858,False
2017-06-22,1.116690,1.117720,1.113890,1.115050,13944,False
2017-06-23,1.115100,1.120830,1.114480,1.119140,11778,False
2017-06-26,1.119600,1.121910,1.117140,1.118070,16296,False
2017-06-27,1.118140,1.134880,1.117840,1.133730,25792,False
2017-06-28,1.133600,1.139000,1.129060,1.137590,39877,False
2017-06-29,1.137770,1.144470,1.137360,1.143960,27857,False
2017-06-30,1.143910,1.144470,1.139170,1.142110,25529,False
2017-07-03,1.141500,1.142600,1.135450,1.136310,17699,False
2017-07-04,1.136210,1.137630,1.133550,1.134470,14050,False
2017-07-05,1.134060,1.136780,1.131190,1.135060,22237,False
2017-07-06,1.135010,1.142400,1.132930,1.142210,21886,False
2017-07-07,1.142170,1.143900,1.137910,1.139510,23783,False
2017-07-10,1.139570,1.141750,1.138120,1.139850,13366,False
2017-07-11,1.139800,1.147910,1.138230,1.146620,18992,False
2017-07-12,1.146410,1.148880,1.139120,1.141090,31894,False
2017-07-13,1.141170,1.145520,1.136980,1.139710,29081,False
2017-07-14,1.139720,1.147120,1.139110,1.146670,23709,False
2017-07-17,1.147210,1.148650,1.143430,1.147730,16083,False
2017-07-18,1.147670,1.158260,1.147110,1.155300,30473,False
2017-07-19,1.155300,1.155550,1.150950,1.151440,18801,False
2017-07-20,1.151320,1.165720,1.147870,1.163010,45865,False
2017-07-21,1.162780,1.168200,1.161850,1.166080,48243,False
2017-07-24,1.165850,1.168380,1.162500,1.163920,39107,False
2017-07-25,1.163830,1.171170,1.162740,1.164580,51327,False
2017-07-26,1.164770,1.173930,1.161210,1.173240,69360,False
2017-07-27,1.173360,1.177610,1.164960,1.167510,67198,False
2017-07-28,1.167620,1.176340,1.166990,1.174480,60899,False
2017-07-31,1.174500,1.184520,1.172250,1.184140,51321,False
2017-08-01,1.184020,1.184360,1.178390,1.180100,51159,False
2017-08-02,1.180090,1.191000,1.179340,1.185500,55224,False
2017-08-03,1.185470,1.189260,1.182990,1.186810,51130,False
2017-08-04,1.186940,1.188890,1.172770,1.177170,57002,False
2017-08-07,1.177130,1.181340,1.176840,1.179400,33592,False
2017-08-08,1.179210,1.182350,1.171460,1.175100,39825,False
2017-08-09,1.174670,1.176350,1.168820,1.175800,58159,False
2017-08-10,1.175810,1.178430,1.170360,1.177140,47194,False
2017-08-11,1.177190,1.184650,1.174780,1.181980,56900,False
2017-08-14,1.181720,1.183770,1.176920,1.177880,35604,False
2017-08-15,1.177690,1.179210,1.168660,1.173360,46708,False
2017-08-16,1.173340,1.177820,1.168040,1.176640,58174,False
2017-08-17,1.176470,1.178960,1.166130,1.172300,61016,False
2017-08-18,1.172030,1.177410,1.170790,1.175810,59562,False
2017-08-21,1.175000,1.182730,1.173070,1.181350,33113,False
2017-08-22,1.181390,1.182370,1.174470,1.176030,36600,False
2017-08-23,1.175990,1.182260,1.173930,1.180600,39749,False
2017-08-24,1.180720,1.181750,1.178360,1.179910,33085,False
2017-08-25,1.180040,1.194050,1.177290,1.191970,64247,False
2017-08-28,1.194180,1.198330,1.191640,1.197770,32933,False
2017-08-29,1.197620,1.206980,1.194510,1.197090,74252,False
2017-08-30,1.196970,1.198390,1.188000,1.188280,57622,False
2017-08-31,1.188270,1.191190,1.182250,1.190790,60563,False
2017-09-01,1.190780,1.197940,1.184850,1.185720,77544,False
2017-09-04,1.188140,1.192180,1.187160,1.189160,40123,False
2017-09-05,1.189150,1.194040,1.186760,1.191320,57479,False
2017-09-06,1.191310,1.194980,1.190230,1.191650,62239,False
2017-09-07,1.191640,1.205870,1.191310,1.202110,102738,False
2017-09-08,1.202100,1.209200,1.201440,1.203230,79883,False
2017-09-11,1.201340,1.202910,1.194730,1.195260,45286,False
2017-09-12,1.195250,1.197760,1.192580,1.196540,50473,False
2017-09-13,1.196530,1.199430,1.187220,1.188470,52278,False
2017-09-14,1.188460,1.192190,1.183620,1.191710,70092,False
2017-09-15,1.191700,1.198660,1.190010,1.194410,60274,False
2017-09-18,1.191780,1.196860,1.191450,1.195130,41445,False
2017-09-19,1.195120,1.200610,1.194770,1.199370,58008,False
2017-09-20,1.199360,1.203270,1.186080,1.189030,81799,False
2017-09-21,1.189130,1.195310,1.186530,1.193950,54321,False
2017-09-22,1.194100,1.200380,1.193310,1.194440,50733,False
2017-09-25,1.189650,1.193570,1.183100,1.184540,52669,False
2017-09-26,1.184690,1.186100,1.175650,1.179100,56631,False
2017-09-27,1.178960,1.179480,1.171630,1.174260,52634,False
2017-09-28,1.174450,1.180340,1.172000,1.178370,52231,False
2017-09-29,1.178510,1.183230,1.177210,1.180910,50005,False
2017-10-02,1.178510,1.181470,1.172940,1.172980,41406,False
2017-10-03,1.172880,1.177300,1.169540,1.174130,40859,False
2017-10-04,1.173820,1.178720,1.173340,1.175720,38424,False
2017-10-05,1.175870,1.177840,1.169860,1.170810,40059,False
2017-10-06,1.170970,1.173800,1.166850,1.172600,52072,False
2017-10-09,1.172550,1.175560,1.171910,1.173840,19814,False
2017-10-10,1.173700,1.182470,1.173700,1.180590,37143,False
2017-10-11,1.180490,1.186860,1.179430,1.185720,45198,False
2017-10-12,1.185880,1.187930,1.182610,1.182760,36754,False
2017-10-13,1.182450,1.187440,1.180330,1.181640,43502,False
2017-10-16,1.180790,1.185980,1.178000,1.179380,29558,False
2017-10-17,1.179540,1.179920,1.173560,1.176410,29814,False
2017-10-18,1.176570,1.180490,1.172960,1.178400,32147,False
2017-10-19,1.178630,1.185750,1.176770,1.184950,48070,False
2017-10-20,1.184930,1.185750,1.176180,1.177470,48238,False
2017-10-23,1.176190,1.177680,1.172420,1.174740,34338,False
2017-10-24,1.174640,1.179260,1.174220,1.175790,40499,False
2017-10-25,1.175940,1.181730,1.175240,1.181100,48341,False
2017-10-26,1.180980,1.183630,1.163970,1.164940,70766,False
2017-10-27,1.164920,1.165650,1.157350,1.160180,63362,False
2017-10-30,1.160300,1.165720,1.159270,1.164930,39476,False
2017-10-31,1.164680,1.166070,1.162320,1.164340,35794,False
2017-11-01,1.164490,1.165690,1.160580,1.161630,45571,False
2017-11-02,1.161790,1.168700,1.161230,1.165600,56259,False
2017-11-03,1.165520,1.168980,1.159870,1.160450,46202,False
2017-11-06,1.161210,1.162360,1.157980,1.160660,36085,False
2017-11-07,1.160800,1.161470,1.155280,1.158430,42378,False
2017-11-08,1.158560,1.161070,1.157830,1.159190,32644,False
2017-11-09,1.159330,1.165440,1.158480,1.163920,47980,False
2017-11-10,1.163390,1.167740,1.162210,1.165910,31962,False
2017-11-13,1.165480,1.167470,1.163700,1.166450,25887,False
2017-11-14,1.166560,1.180440,1.166060,1.179560,42447,False
2017-11-15,1.178930,1.186010,1.178380,1.178880,55837,False
2017-11-16,1.178850,1.180020,1.175610,1.176680,43766,False
2017-11-17,1.176790,1.182080,1.176460,1.178400,44432,False
2017-11-20,1.178400,1.180770,1.172110,1.173000,50757,False
2017-11-21,1.173160,1.175720,1.171230,1.173620,36675,False
2017-11-22,1.173770,1.182620,1.173070,1.182100,38529,False
2017-11-23,1.182090,1.185500,1.181210,1.184730,28008,False
2017-11-24,1.184480,1.194350,1.183620,1.192550,31729,False
2017-11-27,1.191890,1.196050,1.189500,1.189590,36800,False
2017-11-28,1.189300,1.191940,1.182660,1.183500,50108,False
2017-11-29,1.183490,1.188210,1.181540,1.184530,43097,False
2017-11-30,1.184390,1.193050,1.180780,1.190150,46774,False
2017-12-01,1.190300,1.193980,1.185010,1.189040,87838,False
2017-12-04,1.185870,1.187820,1.182850,1.186270,44233,False
2017-12-05,1.185990,1.187620,1.179990,1.182390,42318,False
2017-12-06,1.182270,1.184790,1.177980,1.179350,39306,False
2017-12-07,1.179190,1.181410,1.177030,1.177030,33352,False
2017-12-08,1.177130,1.177610,1.172910,1.176910,42624,False
2017-12-11,1.176120,1.181120,1.176120,1.176630,27343,False
2017-12-12,1.176960,1.179200,1.171700,1.174000,28916,False
2017-12-13,1.173850,1.183130,1.172890,1.182310,48561,False
2017-12-14,1.182140,1.186200,1.176980,1.177460,55633,False
2017-12-15,1.177520,1.181170,1.174580,1.174730,40497,False
2017-12-18,1.174290,1.183380,1.173580,1.177850,33171,False
2017-12-19,1.177890,1.184830,1.177590,1.183740,37126,False
2017-12-20,1.183730,1.190090,1.182840,1.186880,35018,False
2017-12-21,1.186530,1.188910,1.184850,1.187090,30497,False
2017-12-22,1.187260,1.187460,1.181430,1.185870,35825,False
2017-12-26,1.186580,1.187830,1.184580,1.185580,14259,False
2017-12-27,1.185390,1.190980,1.185390,1.188510,28535,False
2017-12-28,1.189490,1.195840,1.189300,1.194180,23870,False
2017-12-29,1.194020,1.202490,1.193460,1.200090,27286,False
2018-01-02,1.200410,1.208060,1.199750,1.205500,35630,False
2018-01-03,1.205600,1.206580,1.200020,1.201190,31354,False
2018-01-04,1.201190,1.208840,1.200340,1.206560,35187,False
2018-01-05,1.206370,1.208220,1.202000,1.202670,36478,False
2018-01-08,1.202410,1.205150,1.195510,1.196570,27618,False
2018-01-09,1.196610,1.197480,1.191520,1.193430,30682,False
2018-01-10,1.193430,1.201750,1.192280,1.194490,53721,False
2018-01-11,1.194500,1.205850,1.192890,1.202960,56416,False
2018-01-12,1.203030,1.221830,1.202850,1.219380,72621,False
2018-01-15,1.219050,1.229620,1.218710,1.226090,58122,False
2018-01-16,1.226250,1.228230,1.219450,1.225820,62083,False
2018-01-17,1.225610,1.232210,1.217650,1.218240,79900,False
2018-01-18,1.218420,1.226430,1.216420,1.223630,62278,False
2018-01-19,1.223400,1.229470,1.221330,1.221810,63825,False
2018-01-22,1.226860,1.227130,1.221340,1.225870,46154,False
2018-01-23,1.225870,1.230550,1.222240,1.229650,54615,False
2018-01-24,1.229780,1.241460,1.228890,1.240530,77439,False
2018-01-25,1.240770,1.253660,1.236340,1.239500,177246,False
2018-01-26,1.239100,1.249320,1.236840,1.242660,107812,False
2018-01-29,1.242500,1.243160,1.233610,1.237970,75291,False
2018-01-30,1.237800,1.245360,1.233390,1.239980,79856,False
2018-01-31,1.240030,1.247430,1.238630,1.241130,102596,False
2018-02-01,1.240720,1.252220,1.238410,1.250490,83787,False
2018-02-02,1.251050,1.251770,1.240840,1.245360,96966,False
2018-02-05,1.243290,1.247430,1.236140,1.236410,101428,False
2018-02-06,1.236410,1.243370,1.231310,1.237400,133358,False
2018-02-07,1.237330,1.240560,1.224510,1.226000,75446,False
2018-02-08,1.225760,1.229430,1.221150,1.224430,104899,False
2018-02-09,1.224310,1.228630,1.220510,1.224820,98355,False
2018-02-12,1.224650,1.229680,1.223460,1.228870,53579,False
2018-02-13,1.228600,1.237040,1.228360,1.234940,55988,False
2018-02-14,1.234900,1.246450,1.227480,1.244750,93162,False
2018-02-15,1.244900,1.251000,1.244740,1.250380,76999,False
2018-02-16,1.250040,1.255500,1.239280,1.240670,76751,False
2018-02-19,1.239970,1.243460,1.236840,1.240500,48999,False
2018-02-20,1.240250,1.241130,1.231890,1.233480,63494,False
2018-02-21,1.233460,1.235930,1.228040,1.228240,81535,False
2018-02-22,1.228310,1.235170,1.225880,1.232900,63036,False
2018-02-23,1.232660,1.233650,1.227950,1.229270,48786,False
2018-02-26,1.229240,1.235440,1.227680,1.231510,51392,False
2018-02-27,1.231570,1.234560,1.222110,1.223090,68726,False
2018-02-28,1.223090,1.224070,1.218650,1.219230,58761,False
2018-03-01,1.219060,1.227270,1.215350,1.226370,77199,False
2018-03-02,1.225910,1.233540,1.225070,1.231530,68139,False
2018-03-05,1.233060,1.236400,1.226800,1.233350,70397,False
2018-03-06,1.233350,1.241980,1.232760,1.240260,60303,False
2018-03-07,1.240400,1.244220,1.238390,1.240900,66027,False
2018-03-08,1.240900,1.244560,1.229710,1.230950,79137,False
2018-03-09,1.230840,1.233380,1.227210,1.230290,64098,False
2018-03-12,1.231080,1.234490,1.228980,1.233220,37231,False
2018-03-13,1.233650,1.240680,1.231390,1.238790,56176,False
2018-03-14,1.238780,1.241190,1.234640,1.236550,47824,False
2018-03-15,1.236310,1.238320,1.229950,1.230240,45401,False
2018-03-16,1.230240,1.233560,1.225960,1.228650,40632,False
2018-03-19,1.228330,1.235830,1.225720,1.233270,50420,False
2018-03-20,1.233270,1.235400,1.223870,1.223870,45948,False
2018-03-21,1.223870,1.234900,1.223870,1.233510,75552,False
2018-03-22,1.233800,1.238770,1.228450,1.229850,66038,False
2018-03-23,1.229750,1.237310,1.229690,1.234940,56603,False
2018-03-26,1.234700,1.246100,1.234700,1.244250,45028,False
2018-03-27,1.244510,1.247600,1.237140,1.240030,50930,False
2018-03-28,1.240030,1.242100,1.229920,1.230510,53275,False
2018-03-29,1.230560,1.233500,1.228350,1.229720,46145,False
2018-03-30,1.229870,1.233000,1.228500,1.232110,21400,False
2018-04-02,1.231830,1.234430,1.228040,1.229940,26660,False
2018-04-03,1.229940,1.233530,1.225280,1.226780,43925,False
2018-04-04,1.226560,1.231410,1.225620,1.227520,42892,False
2018-04-05,1.227570,1.228950,1.221770,1.223720,39823,False
2018-04-06,1.223720,1.229060,1.221420,1.227810,60781,False
2018-04-09,1.228400,1.233000,1.225970,1.231840,46133,False
2018-04-10,1.231590,1.237680,1.230200,1.235320,54193,False
2018-04-11,1.235130,1.239500,1.234630,1.236480,46190,False
2018-04-12,1.236280,1.237920,1.229830,1.232350,49137,False
2018-04-13,1.232510,1.234550,1.230640,1.232760,37690,False
2018-04-16,1.233120,1.239410,1.232160,1.237630,35426,False
2018-04-17,1.237850,1.241340,1.233550,1.236740,37050,False
2018-04-18,1.237030,1.239670,1.234080,1.237160,43255,False
2018-04-19,1.237160,1.239970,1.232850,1.234260,47499,False
2018-04-20,1.234420,1.235220,1.224890,1.228540,44915,False
2018-04-23,1.227050,1.228900,1.219660,1.220570,43453,False
2018-04-24,1.220570,1.224430,1.218100,1.223000,47020,False
2018-04-25,1.223000,1.223790,1.215830,1.215830,41689,False
2018-04-26,1.215850,1.220940,1.209590,1.210100,65983,False
2018-04-27,1.210280,1.213240,1.205490,1.212730,48798,False
2018-04-30,1.212150,1.213840,1.206320,1.207650,45831,False
2018-05-01,1.207450,1.208350,1.198030,1.198970,41295,False
2018-05-02,1.199000,1.203130,1.193680,1.194760,70551,False
2018-05-03,1.194870,1.200820,1.194650,1.198660,63454,False
2018-05-04,1.198530,1.199490,1.190940,1.195890,55412,False
2018-05-07,1.195510,1.197750,1.189660,1.192020,36386,False
2018-05-08,1.192110,1.193840,1.183730,1.186170,57703,False
2018-05-09,1.185860,1.189640,1.182160,1.184820,50014,False
2018-05-10,1.184650,1.194590,1.184230,1.191300,67964,False
2018-05-11,1.191300,1.196750,1.189050,1.193800,45179,False
2018-05-14,1.194060,1.199570,1.192370,1.192370,40490,False
2018-05-15,1.192030,1.193800,1.181940,1.183490,60566,False
2018-05-16,1.183650,1.185350,1.176250,1.180510,71967,False
2018-05-17,1.180360,1.183680,1.177560,1.179110,61176,False
2018-05-18,1.179180,1.182160,1.174930,1.176640,46549,False
2018-05-21,1.176980,1.179520,1.171570,1.178870,42299,False
2018-05-22,1.178580,1.182940,1.175590,1.177510,51881,False
2018-05-23,1.177820,1.178890,1.167470,1.169480,81175,False
2018-05-24,1.169320,1.175000,1.168970,1.171640,66651,False
2018-05-25,1.171850,1.173320,1.164380,1.164600,64344,False
2018-05-28,1.168380,1.172800,1.160650,1.162110,53511,False
2018-05-29,1.162180,1.163910,1.150920,1.153600,90807,False
2018-05-30,1.153220,1.167570,1.151760,1.166180,92402,False
2018-05-31,1.165980,1.172380,1.164010,1.169110,83092,False
2018-06-01,1.168720,1.171750,1.161660,1.165610,81158,False
2018-06-04,1.165610,1.174400,1.165610,1.169560,54201,False
2018-06-05,1.169390,1.173170,1.165190,1.171580,60668,False
2018-06-06,1.170990,1.179530,1.170990,1.177150,57923,False
2018-06-07,1.177270,1.183920,1.177050,1.179600,62212,False
2018-06-08,1.179840,1.180980,1.172630,1.176600,57780,False
2018-06-11,1.177220,1.181970,1.177010,1.178180,43072,False
2018-06-12,1.177970,1.180830,1.173240,1.174080,56915,False
2018-06-13,1.174320,1.180040,1.172430,1.179010,63126,False
2018-06-14,1.178890,1.185000,1.156110,1.156470,89311,False
2018-06-15,1.156610,1.162650,1.154230,1.160590,69625,False
2018-06-18,1.158540,1.162390,1.156480,1.162060,43908,False
2018-06-19,1.162060,1.164390,1.153030,1.158890,75009,False
2018-06-20,1.158660,1.159960,1.153210,1.157370,60759,False
2018-06-21,1.157000,1.163310,1.150700,1.160040,84865,False
2018-06-22,1.160050,1.167470,1.159770,1.165440,76671,False
2018-06-25,1.166170,1.171270,1.162770,1.170070,65830,False
2018-06-26,1.170120,1.172000,1.163410,1.164350,71193,False
2018-06-27,1.164270,1.167140,1.153960,1.155170,75596,False
2018-06-28,1.155060,1.160020,1.152650,1.156630,80665,False
2018-06-29,1.156360,1.168970,1.155750,1.168170,99816,False
2018-07-02,1.167730,1.168920,1.159070,1.163650,56859,False
2018-07-03,1.163650,1.167240,1.161970,1.165600,50716,False
2018-07-04,1.165400,1.168120,1.162970,1.165330,47730,False
2018-07-05,1.165370,1.171950,1.164930,1.168910,56477,False
2018-07-06,1.168690,1.176710,1.167910,1.174270,53246,False
2018-07-09,1.174140,1.179010,1.173160,1.174790,48280,False
2018-07-10,1.175270,1.176210,1.168950,1.174140,44005,False
2018-07-11,1.173970,1.175810,1.166490,1.167130,66462,False
2018-07-12,1.167010,1.169520,1.164880,1.166890,56354,False
2018-07-13,1.166770,1.168610,1.161190,1.168280,51209,False
2018-07-16,1.168780,1.172500,1.167500,1.170880,44882,False
2018-07-17,1.170670,1.174420,1.164850,1.165930,52923,False
2018-07-18,1.165690,1.166450,1.160120,1.163620,52562,False
2018-07-19,1.163560,1.167780,1.157410,1.163880,80187,False
2018-07-20,1.164230,1.173790,1.162550,1.171970,88988,False
2018-07-23,1.172360,1.175010,1.168290,1.168840,50640,False
2018-07-24,1.168760,1.171620,1.165390,1.168010,56073,False
2018-07-25,1.167840,1.173810,1.166350,1.172690,60380,False
2018-07-26,1.172970,1.174320,1.163910,1.163910,60116,False
2018-07-27,1.163910,1.166370,1.161970,1.165380,45995,False
2018-07-30,1.165400,1.171810,1.164770,1.170230,32520,False
2018-07-31,1.170290,1.174550,1.168160,1.168800,48742,False
2018-08-01,1.169000,1.169900,1.165680,1.165680,46203,False
2018-08-02,1.165590,1.166690,1.158090,1.158290,43238,False
2018-08-03,1.158570,1.161020,1.155850,1.156440,51501,False
2018-08-06,1.156630,1.157010,1.152910,1.155170,31761,False
2018-08-07,1.155260,1.160770,1.154760,1.159720,34180,False
2018-08-08,1.159780,1.162730,1.157250,1.160960,33812,False
2018-08-09,1.160940,1.161850,1.152470,1.152480,36446,False
2018-08-10,1.152640,1.153610,1.138750,1.140890,94064,False
2018-08-13,1.136850,1.143210,1.136450,1.140810,75061,False
2018-08-14,1.140990,1.142870,1.132920,1.134230,54349,False
2018-08-15,1.134450,1.135470,1.130030,1.134510,57188,False
2018-08-16,1.134510,1.140840,1.133510,1.137520,61294,False
2018-08-17,1.137520,1.144430,1.136580,1.143460,50295,False
2018-08-20,1.143650,1.148460,1.139380,1.148060,38513,False
2018-08-21,1.147880,1.160070,1.147790,1.156980,58070,False
2018-08-22,1.156980,1.162240,1.155260,1.159480,49474,False
2018-08-23,1.159260,1.159880,1.152920,1.153910,49313,False
2018-08-24,1.153450,1.163930,1.153370,1.161900,52689,False
2018-08-27,1.161260,1.169320,1.159400,1.167720,41573,False
2018-08-28,1.167770,1.173300,1.166150,1.169340,46904,False
2018-08-29,1.169400,1.170920,1.165140,1.170580,52113,False
2018-08-30,1.170430,1.171780,1.164080,1.166690,51517,False
2018-08-31,1.166380,1.168950,1.158360,1.159890,64060,False
2018-09-03,1.159550,1.162730,1.158860,1.161740,34705,False
2018-09-04,1.161680,1.161880,1.152960,1.158100,46399,False
2018-09-05,1.157760,1.164000,1.154220,1.162980,55753,False
2018-09-06,1.162980,1.165870,1.160450,1.162150,51070,False
2018-09-07,1.162030,1.164900,1.154910,1.154910,62733,False
2018-09-10,1.154470,1.161560,1.152510,1.159190,36646,False
2018-09-11,1.159260,1.164320,1.156480,1.160260,41155,False
2018-09-12,1.160410,1.164930,1.156950,1.162530,45271,False
2018-09-13,1.162490,1.170050,1.160830,1.168920,45321,False
2018-09-14,1.168920,1.172120,1.161880,1.162200,43526,False
2018-09-17,1.162300,1.169730,1.161710,1.168240,31421,False
2018-09-18,1.168300,1.172380,1.165130,1.166500,50868,False
2018-09-19,1.166290,1.171460,1.164920,1.167080,44841,False
2018-09-20,1.167220,1.178380,1.166770,1.177650,54279,False
2018-09-21,1.177650,1.180220,1.173240,1.174520,48982,False
2018-09-24,1.174270,1.181450,1.172330,1.174570,40595,False
2018-09-25,1.174670,1.179190,1.173000,1.176520,41864,False
2018-09-26,1.176480,1.179690,1.172510,1.173900,57517,False
2018-09-27,1.173560,1.175650,1.163820,1.164010,61026,False
2018-09-28,1.164010,1.165070,1.156910,1.159970,50533,False
2018-10-01,1.161570,1.162420,1.156240,1.157680,41330,False
2018-10-02,1.157800,1.157950,1.150450,1.154670,46326,False
2018-10-03,1.154660,1.159330,1.146250,1.147580,63248,False
2018-10-04,1.147150,1.154210,1.146280,1.151320,54718,False
2018-10-05,1.151410,1.154890,1.148300,1.151910,58505,False
2018-10-08,1.152010,1.152910,1.145930,1.149010,37216,False
2018-10-09,1.148490,1.150280,1.143150,1.148950,57076,False
2018-10-10,1.148760,1.154440,1.147910,1.151840,55116,False
2018-10-11,1.151890,1.159880,1.151710,1.159270,84171,False
2018-10-12,1.158430,1.160980,1.153370,1.155670,54772,False
2018-10-15,1.153740,1.160570,1.153670,1.157760,44618,False
2018-10-16,1.157850,1.162010,1.156510,1.157340,44825,False
2018-10-17,1.157090,1.157950,1.149550,1.149910,53878,False
2018-10-18,1.150020,1.152660,1.144890,1.145080,59044,False
2018-10-19,1.145210,1.153410,1.143260,1.151120,62675,False
2018-10-22,1.151410,1.154970,1.145510,1.146310,47072,False
2018-10-23,1.146310,1.148910,1.143900,1.146970,55514,False
2018-10-24,1.147040,1.147640,1.137750,1.139010,64946,False
2018-10-25,1.139120,1.143200,1.135540,1.137370,60657,False
2018-10-26,1.137140,1.141990,1.133500,1.140030,62251,False
2018-10-29,1.139040,1.141580,1.136000,1.137200,53323,False
2018-10-30,1.137190,1.138710,1.133970,1.134400,47796,False
2018-10-31,1.134210,1.135970,1.130130,1.130870,56138,False
2018-11-01,1.130890,1.142370,1.130480,1.140790,58126,False
2018-11-02,1.140630,1.145540,1.137140,1.138450,66612,False
2018-11-05,1.138530,1.142360,1.135190,1.140520,45338,False
2018-11-06,1.140370,1.143750,1.139100,1.142250,43197,False
2018-11-07,1.142550,1.149930,1.139420,1.142430,84820,False
2018-11-08,1.142470,1.144620,1.135070,1.136210,60403,False
2018-11-09,1.136230,1.136860,1.131520,1.133210,58738,False
2018-11-12,1.131820,1.132970,1.121470,1.121600,56937,False
2018-11-13,1.121730,1.129340,1.121470,1.128930,66773,False
2018-11-14,1.128720,1.134720,1.126240,1.130790,88609,False
2018-11-15,1.130590,1.136200,1.127000,1.132710,88462,False
2018-11-16,1.132270,1.141970,1.132100,1.141600,63116,False
2018-11-19,1.141140,1.146410,1.139330,1.145140,42887,False
2018-11-20,1.145300,1.147170,1.135790,1.136890,53042,False
2018-11-21,1.136260,1.142420,1.136260,1.138390,49349,False
2018-11-22,1.138010,1.143300,1.137670,1.139850,41194,False
2018-11-23,1.140080,1.142060,1.132400,1.133090,43358,False
2018-11-26,1.133560,1.138280,1.132430,1.132680,44249,False
2018-11-27,1.132510,1.134340,1.127670,1.129020,54367,False
2018-11-28,1.128600,1.138710,1.126680,1.136580,62236,False
2018-11-29,1.136740,1.140070,1.134860,1.139120,51516,False
2018-11-30,1.138170,1.139990,1.130460,1.131090,46504,False
2018-12-03,1.134900,1.137900,1.131870,1.135190,48806,False
2018-12-04,1.135180,1.141790,1.131760,1.134130,60446,False
2018-12-05,1.134110,1.136080,1.130990,1.134380,37483,False
2018-12-06,1.134360,1.141180,1.132050,1.137330,74113,False
2018-12-07,1.136890,1.142310,1.135970,1.137450,65511,False
2018-12-10,1.138960,1.144200,1.134990,1.135340,68420,False
2018-12-11,1.135330,1.139990,1.130560,1.131640,56356,False
2018-12-12,1.131490,1.138680,1.131400,1.136780,62390,False
2018-12-13,1.136850,1.139280,1.133060,1.135540,58567,False
2018-12-14,1.135830,1.136430,1.126940,1.130020,52626,False
2018-12-17,1.129940,1.135730,1.129500,1.134670,23879,False
2018-12-18,1.134670,1.140170,1.133620,1.136020,26001,False
2018-12-19,1.136360,1.143860,1.135910,1.137500,41716,False
2018-12-20,1.137260,1.148500,1.136550,1.144450,41035,False
2018-12-21,1.144530,1.147350,1.135540,1.136680,35475,False
2018-12-24,1.136920,1.143800,1.135840,1.140170,37197,False
2018-12-26,1.140170,1.141920,1.134240,1.135010,27378,False
2018-12-27,1.135190,1.145340,1.135040,1.142890,40601,False
2018-12-28,1.142680,1.147210,1.142500,1.143980,32071,False
2018-12-31,1.143290,1.146650,1.142080,1.146030,25151,False
2019-01-02,1.146030,1.149620,1.132430,1.134300,35508,False
2019-01-03,1.133880,1.141040,1.130510,1.139220,54135,False
2019-01-04,1.139140,1.141840,1.134490,1.139120,41022,False
2019-01-07,1.139370,1.148200,1.139350,1.147390,25648,False
2019-01-08,1.147280,1.148400,1.142080,1.143950,25474,False
2019-01-09,1.143950,1.155450,1.143200,1.154150,39158,False
2019-01-10,1.154040,1.156940,1.148390,1.149930,32717,False
2019-01-11,1.149840,1.153990,1.145750,1.146370,31499,False
2019-01-14,1.145590,1.148140,1.145010,1.146700,25568,False
2019-01-15,1.146700,1.148910,1.138120,1.141110,37543,False
2019-01-16,1.141030,1.142410,1.137680,1.138960,25310,False
2019-01-17,1.139210,1.140540,1.136940,1.138810,25488,False
2019-01-18,1.138730,1.140980,1.135260,1.135820,22898,False
2019-01-21,1.135880,1.139040,1.135620,1.136390,17356,False
2019-01-22,1.136370,1.137320,1.133520,1.135790,20469,False
2019-01-23,1.135930,1.139390,1.134990,1.137970,20044,False
2019-01-24,1.137970,1.139080,1.128870,1.130250,39217,False
2019-01-25,1.129970,1.141700,1.129880,1.140070,31133,False
2019-01-28,1.139860,1.144330,1.138970,1.142220,20895,False
2019-01-29,1.142540,1.144960,1.141060,1.143050,26093,False
2019-01-30,1.142950,1.150100,1.140560,1.147890,29910,False
2019-01-31,1.147890,1.151370,1.143350,1.144620,23932,False
2019-02-01,1.144530,1.148760,1.143380,1.145210,20845,False
2019-02-04,1.144880,1.145960,1.142370,1.143490,14438,False
2019-02-05,1.143490,1.143960,1.139920,1.139920,14734,False
2019-02-06,1.140170,1.140880,1.136010,1.136060,14020,False
2019-02-07,1.136090,1.136760,1.132320,1.133730,14822,False
2019-02-08,1.133750,1.135020,1.132020,1.132040,12190,False
2019-02-11,1.131800,1.132940,1.126670,1.127450,13044,False
2019-02-12,1.127390,1.133910,1.125720,1.132450,12874,False
2019-02-13,1.132350,1.134080,1.125950,1.125950,15439,False
2019-02-14,1.125750,1.130900,1.124800,1.129360,21092,False
2019-02-15,1.129260,1.130550,1.123360,1.128960,17353,False
2019-02-18,1.129050,1.133320,1.128800,1.130810,9514,False
2019-02-19,1.130890,1.135690,1.127490,1.133650,17461,False
2019-02-20,1.133880,1.137060,1.132430,1.133560,18772,False
2019-02-21,1.133490,1.136570,1.131740,1.132930,21729,False
2019-02-22,1.133350,1.135500,1.131540,1.132920,14898,False
2019-02-25,1.133190,1.136690,1.132480,1.135490,13830,False
2019-02-26,1.135660,1.140220,1.134460,1.138800,17286,False
2019-02-27,1.138830,1.140290,1.136070,1.136870,16900,False
2019-02-28,1.136370,1.141910,1.135890,1.136960,20344,False
2019-03-01,1.136960,1.140800,1.135260,1.136050,17278,False
2019-03-04,1.138080,1.138080,1.130860,1.133880,13541,False
2019-03-05,1.133870,1.133950,1.128900,1.130650,15716,False
2019-03-06,1.130650,1.132400,1.128450,1.130510,14393,False
2019-03-07,1.130270,1.131960,1.117430,1.119280,25478,False
2019-03-08,1.119170,1.124540,1.118460,1.122970,19054,False
2019-03-11,1.122940,1.125790,1.122110,1.124370,13375,False
2019-03-12,1.124350,1.130430,1.124340,1.128500,20105,False
2019-03-13,1.128410,1.133800,1.127690,1.132620,14718,False
2019-03-14,1.132620,1.133670,1.129360,1.130230,16036,False
2019-03-15,1.130090,1.134370,1.129600,1.132350,12998,False
2019-03-18,1.131840,1.135820,1.131840,1.133820,10656,False
2019-03-19,1.133210,1.136100,1.133200,1.134570,10636,False
2019-03-20,1.134830,1.144760,1.133510,1.141170,19452,False
2019-03-21,1.141170,1.143680,1.134210,1.137380,19644,False
2019-03-22,1.137170,1.139000,1.127280,1.129810,25251,False
2019-03-25,1.128800,1.133080,1.128530,1.130780,15789,False
2019-03-26,1.130960,1.132530,1.126270,1.126470,16060,False
2019-03-27,1.126270,1.128500,1.124170,1.124280,21214,False
2019-03-28,1.124370,1.126060,1.121310,1.122290,20207,False
2019-03-29,1.121760,1.124600,1.120940,1.121620,19942,False
2019-04-01,1.122460,1.124910,1.120350,1.120930,16328,False
2019-04-02,1.121120,1.121520,1.118320,1.120370,13928,False
2019-04-03,1.120350,1.125400,1.119790,1.123180,13767,False
2019-04-04,1.123180,1.124700,1.120530,1.121920,11388,False
2019-04-05,1.121860,1.124290,1.120970,1.121120,11740,False
2019-04-08,1.121360,1.127390,1.120950,1.125610,9177,False
2019-04-09,1.125830,1.128350,1.125440,1.126140,11146,False
2019-04-10,1.126140,1.128580,1.122910,1.127270,15079,False
2019-04-11,1.127220,1.128670,1.124910,1.124910,10608,False
2019-04-12,1.125140,1.132330,1.124950,1.129390,12464,False
2019-04-15,1.129960,1.132040,1.129700,1.129940,9631,False
2019-04-16,1.130270,1.131340,1.127870,1.127940,14524,False
2019-04-17,1.128130,1.132310,1.127810,1.129300,12141,False
2019-04-18,1.129270,1.130350,1.122570,1.122710,16438,False
2019-04-19,1.122660,1.124680,1.122590,1.124020,3379,False
2019-04-22,1.123970,1.126140,1.123530,1.125590,4239,False
2019-04-23,1.125590,1.126060,1.119180,1.122600,11482,False
2019-04-24,1.122520,1.122520,1.113990,1.114880,18309,False
2019-04-25,1.114880,1.116190,1.111730,1.112750,15505,False
2019-04-26,1.112750,1.117330,1.110950,1.114220,17895,False
2019-04-29,1.114240,1.118610,1.114240,1.118310,9923,False
2019-04-30,1.118360,1.122850,1.117540,1.121410,15722,False
2019-05-01,1.121410,1.126430,1.118660,1.118990,19826,False
2019-05-02,1.119450,1.121840,1.116760,1.116760,14734,False
2019-05-03,1.116980,1.120400,1.113460,1.119630,18001,False
2019-05-06,1.116880,1.120870,1.116580,1.119780,14192,False
2019-05-07,1.119560,1.121740,1.116600,1.119050,16102,False
2019-05-08,1.118920,1.121300,1.118230,1.118710,18556,False
2019-05-09,1.119000,1.125040,1.117300,1.120820,21220,False
2019-05-10,1.121210,1.125300,1.120930,1.123020,17069,False
2019-05-13,1.123060,1.126290,1.121810,1.121810,14941,False
2019-05-14,1.122110,1.124320,1.120050,1.120260,12471,False
2019-05-15,1.120260,1.122380,1.117720,1.120030,15907,False
2019-05-16,1.120030,1.122350,1.116570,1.117280,12018,False
2019-05-17,1.117050,1.118370,1.115460,1.115480,13348,False
2019-05-20,1.115720,1.117430,1.115010,1.116430,9247,False
2019-05-21,1.116420,1.118740,1.114130,1.115870,12979,False
2019-05-22,1.115790,1.117960,1.114820,1.114970,9933,False
2019-05-23,1.114970,1.118700,1.110640,1.118070,16500,False
2019-05-24,1.117920,1.121150,1.116870,1.119880,11407,False
2019-05-27,1.120860,1.121460,1.118660,1.118840,4665,False
2019-05-28,1.118840,1.119780,1.115860,1.115940,11949,False
2019-05-29,1.115960,1.117180,1.112380,1.113010,13410,False
2019-05-30,1.113050,1.114270,1.111540,1.112800,10043,False
2019-05-31,1.112800,1.117910,1.112460,1.116750,17523,False
2019-06-03,1.116140,1.126140,1.115740,1.124070,17768,False
2019-06-04,1.124070,1.127680,1.122580,1.125110,21230,False
2019-06-05,1.125040,1.130600,1.121920,1.121960,24598,False
2019-06-06,1.122090,1.130830,1.119710,1.127360,27366,False
2019-06-07,1.127500,1.134720,1.125080,1.132960,21464,False
2019-06-10,1.131630,1.132980,1.128950,1.131060,12089,False
2019-06-11,1.131070,1.133700,1.130070,1.132520,15691,False
2019-06-12,1.132530,1.134280,1.128190,1.128650,16707,False
2019-06-13,1.128650,1.130300,1.126790,1.127570,12847,False
2019-06-14,1.127580,1.128870,1.120190,1.120470,17189,False
2019-06-17,1.120770,1.124630,1.120330,1.121680,10145,False
2019-06-18,1.121650,1.124220,1.118090,1.119330,24577,False
2019-06-19,1.119170,1.125320,1.118670,1.122510,23981,False
2019-06-20,1.122500,1.131650,1.122480,1.129070,23056,False
2019-06-21,1.129010,1.137720,1.128250,1.136680,22908,False
2019-06-24,1.136920,1.140350,1.136360,1.139730,14734,False
2019-06-25,1.139690,1.141150,1.134350,1.136500,24429,False
2019-06-26,1.136500,1.139050,1.134600,1.136360,18436,False
2019-06-27,1.136650,1.138090,1.134720,1.136860,16530,False
2019-06-28,1.136740,1.139280,1.135020,1.136710,15968,False
2019-07-01,1.135840,1.137040,1.128050,1.128440,18780,False
2019-07-02,1.128440,1.131980,1.127460,1.128490,15567,False
2019-07-03,1.128490,1.131140,1.126760,1.127420,14593,False
2019-07-04,1.127640,1.129450,1.127260,1.128350,5731,False
2019-07-05,1.128110,1.128700,1.120700,1.122050,15161,False
2019-07-08,1.122120,1.123390,1.120650,1.121370,9091,False
2019-07-09,1.121370,1.121820,1.119290,1.120690,9269,False
2019-07-10,1.120660,1.126360,1.120050,1.124990,16374,False
2019-07-11,1.125020,1.128510,1.124450,1.125130,16576,False
2019-07-12,1.125290,1.127440,1.123760,1.126860,12671,False
2019-07-15,1.126550,1.128330,1.125240,1.125710,9183,False
2019-07-16,1.125710,1.126290,1.120150,1.120830,12021,False
2019-07-17,1.120950,1.123290,1.119920,1.122290,9253,False
2019-07-18,1.122290,1.127970,1.120460,1.127600,17359,False
2019-07-19,1.127600,1.128140,1.120300,1.121720,16321,False
2019-07-22,1.121450,1.122470,1.120570,1.120800,9204,False
2019-07-23,1.120810,1.120860,1.114530,1.115080,10182,False
2019-07-24,1.115050,1.115520,1.112630,1.113850,12158,False
2019-07-25,1.113870,1.118700,1.110070,1.114590,25335,False
2019-07-26,1.114520,1.115050,1.111140,1.112300,12091,False
2019-07-29,1.112290,1.115020,1.111230,1.114390,8828,False
2019-07-30,1.114370,1.116050,1.113150,1.115480,11922,False
2019-07-31,1.115380,1.116140,1.105970,1.107580,29431,False
2019-08-01,1.107580,1.109520,1.102640,1.108390,29981,False
2019-08-02,1.107940,1.111580,1.106910,1.110450,29253,False
2019-08-05,1.109950,1.121250,1.109950,1.120200,24695,False
2019-08-06,1.120270,1.124890,1.116690,1.119970,23369,False
2019-08-07,1.119940,1.124120,1.117780,1.119800,28877,False
2019-08-08,1.119530,1.122790,1.117610,1.117840,23272,False
2019-08-09,1.117930,1.122250,1.117590,1.119530,16422,False
2019-08-12,1.119620,1.123020,1.116140,1.121270,15039,False
2019-08-13,1.121180,1.122790,1.116930,1.117020,24507,False
2019-08-14,1.116980,1.119020,1.113010,1.113670,18516,False
2019-08-15,1.113670,1.115780,1.109070,1.110490,24309,False
2019-08-16,1.110380,1.111150,1.106590,1.108900,15586,False
2019-08-19,1.108980,1.111310,1.107570,1.107710,10531,False
2019-08-20,1.107650,1.110610,1.106510,1.109960,11445,False
2019-08-21,1.109750,1.110660,1.107670,1.108350,9898,False
2019-08-22,1.108390,1.111260,1.106310,1.107890,16385,False
2019-08-23,1.107810,1.115250,1.104930,1.113840,23247,False
2019-08-26,1.114970,1.116320,1.109370,1.109520,25073,False
2019-08-27,1.109860,1.111540,1.108520,1.108920,14568,False
2019-08-28,1.108920,1.109750,1.107270,1.107680,13132,False
2019-08-29,1.107730,1.109120,1.104140,1.105560,15819,False
2019-08-30,1.105560,1.105970,1.096250,1.098550,17510,False
2019-09-02,1.098580,1.099590,1.095740,1.096540,8477,False
2019-09-03,1.096540,1.097820,1.092380,1.097240,18915,False
2019-09-04,1.097170,1.103760,1.096810,1.103360,15373,False
2019-09-05,1.103350,1.108420,1.101610,1.103360,16970,False
2019-09-06,1.103360,1.105680,1.101980,1.102290,16916,False
2019-09-09,1.102230,1.106740,1.101500,1.104490,12563,False
2019-09-10,1.104490,1.105880,1.103000,1.104230,12412,False
2019-09-11,1.104300,1.105490,1.098480,1.100940,12452,False
2019-09-12,1.100860,1.108660,1.092620,1.106260,39606,False
2019-09-13,1.106280,1.110910,1.105490,1.106930,18456,False
2019-09-16,1.107270,1.108570,1.099280,1.099830,16309,False
2019-09-17,1.099590,1.107390,1.098970,1.107130,18085,False
2019-09-18,1.107010,1.107490,1.101320,1.102870,20571,False
2019-09-19,1.102690,1.107290,1.102230,1.103970,16625,False
2019-09-20,1.103980,1.106710,1.099580,1.101320,15976,False
2019-09-23,1.101360,1.102490,1.096560,1.099250,16908,False
2019-09-24,1.099280,1.102360,1.098330,1.101800,15810,False
2019-09-25,1.101680,1.101990,1.093700,1.093810,15524,False
2019-09-26,1.093810,1.096690,1.090820,1.091890,16506,False
2019-09-27,1.091820,1.095800,1.090400,1.093540,15818,False
2019-09-30,1.094040,1.094730,1.088400,1.089710,14130,False
2019-10-01,1.089780,1.094230,1.087870,1.092730,25516,False
2019-10-02,1.093100,1.096310,1.090360,1.095830,14783,False
2019-10-03,1.095930,1.099880,1.094050,1.096240,18688,False
2019-10-04,1.096280,1.099550,1.095660,1.097340,17610,False
2019-10-07,1.097910,1.099990,1.096140,1.096990,12090,False
2019-10-08,1.096990,1.099540,1.094020,1.095160,18019,False
2019-10-09,1.095160,1.098950,1.094840,1.096510,12214,False
2019-10-10,1.096990,1.103310,1.096910,1.100420,20404,False
2019-10-11,1.100340,1.106220,1.100000,1.103340,24920,False
2019-10-14,1.102940,1.104220,1.101210,1.102540,11575,False
2019-10-15,1.102400,1.104540,1.099090,1.103130,21223,False
2019-10-16,1.102550,1.108510,1.102100,1.107090,23068,False
2019-10-17,1.107120,1.113920,1.106450,1.112330,21632,False
2019-10-18,1.112330,1.117100,1.111420,1.116580,13176,False
2019-10-21,1.116580,1.117850,1.113800,1.114850,10038,False
2019-10-22,1.114820,1.115630,1.111700,1.112440,14160,False
2019-10-23,1.112440,1.113930,1.110550,1.112590,9737,False
2019-10-24,1.113000,1.116210,1.109260,1.110380,16393,False
2019-10-25,1.110170,1.112250,1.107240,1.107580,8795,False
2019-10-28,1.107900,1.110600,1.107440,1.109910,8160,False
2019-10-29,1.109790,1.111790,1.107310,1.110950,10538,False
2019-10-30,1.111090,1.115100,1.107950,1.114940,18842,False
2019-10-31,1.114730,1.117490,1.113100,1.114640,17347,False
2019-11-01,1.114640,1.117130,1.112760,1.116370,14603,False
2019-11-04,1.116740,1.117500,1.112420,1.112700,10780,False
2019-11-05,1.112700,1.113970,1.106310,1.107330,15313,False
2019-11-06,1.107370,1.109220,1.106380,1.106550,10889,False
2019-11-07,1.106530,1.109110,1.103530,1.104850,17423,False
2019-11-08,1.104830,1.105490,1.101450,1.101450,11193,False
2019-11-11,1.102150,1.104240,1.101520,1.103200,7152,False
2019-11-12,1.103200,1.103800,1.100200,1.100800,10506,False
2019-11-13,1.100820,1.101980,1.099500,1.100550,11458,False
2019-11-14,1.100130,1.102710,1.098850,1.101950,10363,False
2019-11-15,1.101950,1.105630,1.101410,1.104790,7957,False
2019-11-18,1.104770,1.108940,1.104570,1.106830,8292,False
2019-11-19,1.107050,1.108330,1.106210,1.107770,7294,False
2019-11-20,1.107660,1.108070,1.105260,1.107160,10412,False
2019-11-21,1.107130,1.109650,1.105150,1.105320,9515,False
2019-11-22,1.105700,1.108630,1.101390,1.101590,11765,False
2019-11-25,1.101470,1.103160,1.100290,1.100650,8904,False
2019-11-26,1.101140,1.102510,1.100570,1.102090,9061,False
2019-11-27,1.102040,1.102330,1.099190,1.099780,9158,False
2019-11-28,1.099940,1.101730,1.099580,1.100620,6484,False
2019-11-29,1.100510,1.102780,1.098060,1.101540,7672,False
2019-12-02,1.102280,1.108890,1.100240,1.107840,11033,False
2019-12-03,1.107840,1.109300,1.106540,1.108070,10303,False
2019-12-04,1.108070,1.111550,1.106620,1.107650,13155,False
2019-12-05,1.107650,1.110740,1.107640,1.110340,9141,False
2019-12-06,1.110340,1.110900,1.103940,1.105490,10222,False
2019-12-09,1.105490,1.107740,1.105280,1.106320,5884,False
2019-12-10,1.106250,1.109710,1.106220,1.109090,8015,False
2019-12-11,1.108920,1.114420,1.106990,1.112910,11909,False
2019-12-12,1.112870,1.115380,1.110240,1.112680,16882,False
2019-12-13,1.114900,1.119850,1.111140,1.111710,27846,False
2019-12-16,1.112570,1.115740,1.112220,1.114290,10448,False
2019-12-17,1.114120,1.117400,1.112870,1.114950,11699,False
2019-12-18,1.114680,1.115330,1.110990,1.111250,9511,False
2019-12-19,1.111110,1.114370,1.110670,1.111740,11117,False
2019-12-20,1.111860,1.112420,1.106570,1.107150,9282,False
2019-12-23,1.107900,1.109520,1.106940,1.108880,8254,False
2019-12-24,1.108880,1.109330,1.106840,1.108600,7187,False
2019-12-26,1.108600,1.110840,1.108180,1.109550,3177,False
2019-12-27,1.109430,1.118770,1.109240,1.117080,12157,False
2019-12-30,1.117230,1.122020,1.116680,1.119740,12912,False
2019-12-31,1.119730,1.123860,1.119550,1.120830,12004,False
2020-01-02,1.120830,1.122400,1.116300,1.117210,12704,False
2020-01-03,1.117210,1.117930,1.112430,1.115420,14490,False
2020-01-06,1.116190,1.120510,1.115490,1.119640,10729,False
2020-01-07,1.119260,1.119650,1.113300,1.114620,13260,False
2020-01-08,1.114660,1.116750,1.109990,1.109990,19074,False
2020-01-09,1.110420,1.111980,1.109170,1.110470,11044,False
2020-01-10,1.110060,1.112850,1.108440,1.111550,11269,False
2020-01-13,1.111550,1.114640,1.111190,1.113320,36632,False
2020-01-14,1.113010,1.114400,1.110380,1.112450,44621,False
2020-01-15,1.112350,1.116290,1.111780,1.114870,38985,False
2020-01-16,1.114860,1.117190,1.112720,1.113410,41949,False
2020-01-17,1.113490,1.114190,1.108580,1.108740,38183,False
2020-01-20,1.108830,1.110190,1.107610,1.109370,22822,False
2020-01-21,1.109240,1.111740,1.108020,1.108120,38986,False
2020-01-22,1.108170,1.109780,1.106960,1.109120,41211,False
2020-01-23,1.109100,1.110820,1.103580,1.105130,58325,False
2020-01-24,1.105080,1.106120,1.101880,1.102220,46040,False
2020-01-27,1.102950,1.103700,1.100920,1.101770,42617,False
2020-01-28,1.101770,1.102470,1.099740,1.102130,37630,False
2020-01-29,1.102090,1.102710,1.099170,1.100910,38930,False
2020-01-30,1.100760,1.103880,1.100630,1.103000,47467,False
2020-01-31,1.102990,1.109460,1.101650,1.109040,51966,False
2020-02-03,1.109460,1.109460,1.103060,1.105570,52067,False
2020-02-04,1.105520,1.106360,1.103230,1.104340,46425,False
2020-02-05,1.104330,1.104740,1.099300,1.099750,50768,False
2020-02-06,1.099710,1.101340,1.096380,1.098020,45243,False
2020-02-07,1.097720,1.098440,1.094140,1.094330,55337,False
2020-02-10,1.094320,1.095690,1.090720,1.090970,39485,False
2020-02-11,1.090970,1.092430,1.089040,1.091460,43638,False
2020-02-12,1.091470,1.092510,1.086460,1.087190,44921,False
2020-02-13,1.087130,1.088830,1.083340,1.083880,46598,False
2020-02-14,1.083600,1.086060,1.082650,1.082920,40667,False
2020-02-17,1.083820,1.085050,1.082870,1.083120,24244,False
2020-02-18,1.083050,1.083670,1.078470,1.079050,51028,False
2020-02-19,1.078890,1.081120,1.078150,1.080470,46917,False
2020-02-20,1.080150,1.082070,1.077730,1.078300,61577,False
2020-02-21,1.078300,1.086300,1.078160,1.084590,62556,False
2020-02-24,1.081250,1.087150,1.080450,1.085150,81578,False
2020-02-25,1.084900,1.088970,1.082960,1.087990,89605,False
2020-02-26,1.087990,1.090830,1.085450,1.087940,94587,False
2020-02-27,1.087830,1.100580,1.087410,1.099960,120016,False
2020-02-28,1.099720,1.105250,1.095040,1.102270,154999,False
2020-03-02,1.104040,1.118410,1.103570,1.113150,175716,False
2020-03-03,1.113240,1.121280,1.109470,1.116920,168508,False
2020-03-04,1.116920,1.118700,1.109470,1.113210,108592,False
2020-03-05,1.113120,1.124440,1.111900,1.123550,109486,False
2020-03-06,1.123550,1.135410,1.121040,1.127960,197876,False
2020-03-09,1.134600,1.149180,1.133140,1.143500,237991,False
2020-03-10,1.143500,1.145740,1.127410,1.127790,266055,False
2020-03-11,1.127790,1.136600,1.125680,1.126810,200209,False
2020-03-12,1.126810,1.133300,1.105370,1.118420,251527,False
2020-03-13,1.118420,1.122030,1.105430,1.110040,192719,False
2020-03-16,1.106420,1.123580,1.106420,1.117900,259307,False
2020-03-17,1.117900,1.118840,1.095380,1.099570,223099,False
2020-03-18,1.099570,1.104440,1.080100,1.091080,247909,False
2020-03-19,1.091040,1.098000,1.065410,1.069010,302305,False
2020-03-20,1.068950,1.083000,1.063650,1.069140,261510,False
2020-03-23,1.070270,1.082730,1.063460,1.072180,244301,False
2020-03-24,1.072180,1.088730,1.071870,1.078610,181210,False
2020-03-25,1.078610,1.089330,1.075940,1.088010,170729,False
2020-03-26,1.088010,1.105800,1.086880,1.103110,173865,False
2020-03-27,1.103110,1.114580,1.095280,1.113650,169217,False
2020-03-30,1.111500,1.114370,1.100910,1.104260,135178,False
2020-03-31,1.104260,1.104990,1.092590,1.102860,173820,False
2020-04-01,1.102860,1.103680,1.090210,1.096090,130418,False
2020-04-02,1.096090,1.096660,1.082000,1.085450,133964,False
2020-04-03,1.085400,1.086160,1.077200,1.080060,110597,False
2020-04-06,1.080400,1.083470,1.076770,1.079090,100143,False
2020-04-07,1.079090,1.092490,1.078270,1.089050,111064,False
2020-04-08,1.089050,1.090130,1.082930,1.085380,98504,False
2020-04-09,1.085380,1.095120,1.084040,1.092830,112281,False
2020-04-10,1.092830,1.095130,1.091680,1.093070,16319,False
2020-04-13,1.094740,1.096700,1.089190,1.090610,59415,False
2020-04-14,1.090610,1.098660,1.090110,1.097850,90557,False
2020-04-15,1.097850,1.098870,1.085580,1.090620,92509,False
2020-04-16,1.090620,1.091030,1.081600,1.083670,99349,False
2020-04-17,1.083670,1.089180,1.081140,1.086890,98481,False
2020-04-20,1.086600,1.089610,1.084030,1.086200,76672,False
2020-04-21,1.086200,1.087970,1.081550,1.085480,94433,False
2020-04-22,1.085480,1.088470,1.080260,1.082260,66606,False
2020-04-23,1.082140,1.084600,1.075540,1.077560,104725,False
2020-04-24,1.077420,1.082810,1.072650,1.081820,85765,False
2020-04-27,1.082080,1.085970,1.081060,1.082680,73064,False
2020-04-28,1.082680,1.088780,1.080890,1.081870,77732,False
2020-04-29,1.081580,1.088510,1.081510,1.087080,83074,False
2020-04-30,1.087080,1.097140,1.083220,1.095060,117964,False
2020-05-01,1.095030,1.101760,1.093390,1.097440,71075,False
2020-05-04,1.096650,1.097260,1.089510,1.090040,79410,False
2020-05-05,1.090390,1.092450,1.082430,1.083580,74242,False
2020-05-06,1.083850,1.084400,1.078130,1.079400,78416,False
2020-05-07,1.079100,1.083340,1.076610,1.083090,89541,False
2020-05-08,1.083090,1.087470,1.081440,1.083340,63094,False
2020-05-11,1.082730,1.084980,1.079940,1.080460,76724,False
2020-05-12,1.080330,1.088450,1.078380,1.084640,80891,False
2020-05-13,1.084600,1.089570,1.081100,1.081760,90827,False
2020-05-14,1.081760,1.082340,1.077420,1.080360,82259,False
2020-05-15,1.080360,1.085030,1.078830,1.081470,80077,False
2020-05-18,1.080820,1.092640,1.079910,1.091280,78142,False
2020-05-19,1.091280,1.097560,1.090160,1.092200,81974,False
2020-05-20,1.092130,1.099840,1.091720,1.097800,73646,False
2020-05-21,1.097610,1.100780,1.093630,1.094900,73792,False
2020-05-22,1.094900,1.095310,1.088480,1.089740,65498,False
2020-05-25,1.089620,1.091390,1.086980,1.089440,34234,False
2020-05-26,1.089440,1.099520,1.088910,1.098100,75745,False
2020-05-27,1.098090,1.103030,1.093300,1.100820,118351,False
2020-05-28,1.100080,1.109310,1.099100,1.107550,106298,False
2020-05-29,1.107550,1.114470,1.106750,1.110030,121545,False
2020-06-01,1.110030,1.115340,1.109980,1.113280,97930,False
2020-06-02,1.113450,1.119550,1.111470,1.116810,117118,False
2020-06-03,1.116810,1.125720,1.116580,1.123220,127219,False
2020-06-04,1.123010,1.136180,1.119390,1.133520,138198,False
2020-06-05,1.133610,1.138330,1.127750,1.129040,126671,False
2020-06-08,1.129320,1.131920,1.126760,1.129300,102514,False
2020-06-09,1.129090,1.136320,1.124020,1.133760,116774,False
2020-06-10,1.133590,1.142110,1.131960,1.137130,134159,False
2020-06-11,1.137130,1.140280,1.128530,1.129670,154090,False
2020-06-12,1.129060,1.133990,1.121190,1.125040,152589,False
2020-06-15,1.123160,1.133200,1.122560,1.132190,148242,False
2020-06-16,1.132260,1.135270,1.122670,1.126230,134691,False
2020-06-17,1.125860,1.129340,1.120610,1.124170,121786,False
2020-06-18,1.123980,1.126080,1.118470,1.120360,114201,False
2020-06-19,1.120360,1.125370,1.116730,1.117610,105047,False
2020-06-22,1.117720,1.126920,1.116740,1.125660,90943,False
2020-06-23,1.125750,1.134800,1.123210,1.130780,117253,False
2020-06-24,1.130750,1.132520,1.124760,1.124920,111762,False
2020-06-25,1.124880,1.125910,1.118990,1.121680,118208,False
2020-06-26,1.121680,1.123880,1.119460,1.121640,81999,False
2020-06-29,1.121370,1.128730,1.121300,1.124150,84180,False
2020-06-30,1.123510,1.126140,1.119030,1.123150,99725,False
2020-07-01,1.122930,1.127440,1.118370,1.125010,90252,False
2020-07-02,1.125010,1.130200,1.121880,1.123840,90789,False
2020-07-03,1.123840,1.124920,1.121860,1.124290,59036,False
2020-07-06,1.124230,1.134490,1.123910,1.130760,81756,False
2020-07-07,1.130700,1.133180,1.125810,1.127260,92426,False
2020-07-08,1.127170,1.135050,1.126150,1.132870,89549,False
2020-07-09,1.132870,1.136990,1.127740,1.128370,104729,False
2020-07-10,1.128080,1.132420,1.125400,1.129770,81510,False
2020-07-13,1.130420,1.137440,1.130020,1.134200,86512,False
2020-07-14,1.134200,1.140810,1.132320,1.139850,106478,False
2020-07-15,1.139790,1.145120,1.139010,1.141080,100308,False
2020-07-16,1.141080,1.144110,1.136980,1.138270,102144,False
2020-07-17,1.138270,1.144320,1.137370,1.142520,73024,False
2020-07-20,1.140880,1.146720,1.140170,1.144610,104209,False
2020-07-21,1.144610,1.153910,1.142230,1.152570,111043,False
2020-07-22,1.152570,1.160090,1.150590,1.156870,129890,False
2020-07-23,1.156340,1.162600,1.153970,1.159520,115345,False
2020-07-24,1.159200,1.165710,1.158060,1.165400,115447,False
2020-07-27,1.164200,1.178090,1.163870,1.175020,123653,False
2020-07-28,1.175020,1.177290,1.169800,1.171380,126006,False
2020-07-29,1.171450,1.180540,1.171140,1.179040,121087,False
2020-07-30,1.179040,1.184750,1.173040,1.184650,128163,False
2020-07-31,1.184650,1.190810,1.176020,1.177510,154943,False
2020-08-03,1.177510,1.179620,1.169500,1.176110,112887,False
2020-08-04,1.176110,1.180560,1.172070,1.180140,113901,False
2020-08-05,1.179630,1.190430,1.179210,1.186280,110999,False
2020-08-06,1.186180,1.191540,1.181730,1.187590,129225,False
2020-08-07,1.187590,1.188250,1.175450,1.178350,126613,False
2020-08-10,1.178840,1.180000,1.173510,1.173580,86381,False
2020-08-11,1.173600,1.180690,1.172130,1.173900,122109,False
2020-08-12,1.173930,1.181610,1.171040,1.178340,121309,False
2020-08-13,1.177830,1.186360,1.177640,1.181320,110574,False
2020-08-14,1.181190,1.184980,1.178100,1.184030,98387,False
2020-08-17,1.183750,1.188040,1.182560,1.186920,85623,False
2020-08-18,1.186870,1.196500,1.186270,1.193030,114205,False
2020-08-19,1.193030,1.195220,1.182900,1.183580,120845,False
2020-08-20,1.183510,1.186810,1.180150,1.185900,131704,False
2020-08-21,1.185900,1.188220,1.175350,1.179450,117602,False
2020-08-24,1.178950,1.184900,1.178340,1.178640,90166,False
2020-08-25,1.178730,1.184290,1.178370,1.183330,102615,False
2020-08-26,1.183230,1.183860,1.177170,1.182940,99999,False
2020-08-27,1.182940,1.190100,1.176140,1.182080,164072,False
2020-08-28,1.182080,1.191920,1.181030,1.190320,140754,False
2020-08-31,1.190250,1.196520,1.188340,1.193480,113170,False
2020-09-01,1.193070,1.201050,1.190060,1.191080,143155,False
2020-09-02,1.191080,1.192800,1.182120,1.185400,130698,False
2020-09-03,1.184890,1.186400,1.178830,1.185090,133630,False
2020-09-04,1.184530,1.186480,1.178010,1.183720,138709,False
2020-09-07,1.184250,1.184820,1.180980,1.181090,59603,False
2020-09-08,1.180930,1.182660,1.176470,1.177290,135812,False
2020-09-09,1.177170,1.183320,1.175210,1.180130,119455,False
2020-09-10,1.179730,1.191640,1.179470,1.181330,143601,False
2020-09-11,1.181330,1.187350,1.181000,1.184500,96735,False
2020-09-14,1.183490,1.188730,1.183120,1.186250,77146,False
2020-09-15,1.185910,1.189990,1.183870,1.184600,88030,False
2020-09-16,1.184610,1.188160,1.178660,1.181540,121855,False
2020-09-17,1.181540,1.185180,1.173610,1.184670,129265,False
2020-09-18,1.184670,1.186960,1.182540,1.183760,91778,False
2020-09-21,1.183730,1.187120,1.173060,1.176960,123233,False
2020-09-22,1.176140,1.177090,1.169090,1.170670,127417,False
2020-09-23,1.170350,1.171840,1.165080,1.165920,120646,False
2020-09-24,1.165920,1.168620,1.162580,1.166230,118490,False
2020-09-25,1.166230,1.168460,1.161170,1.162770,101935,False
2020-09-28,1.162100,1.167950,1.161430,1.165910,89041,False
2020-09-29,1.165910,1.174490,1.165760,1.174200,92699,False
2020-09-30,1.174180,1.175440,1.168360,1.171860,116008,False
2020-10-01,1.171860,1.176900,1.171530,1.174510,124490,False
2020-10-02,1.174250,1.174700,1.169500,1.171530,123281,False
2020-10-05,1.170950,1.179690,1.170070,1.178380,80893,False
2020-10-06,1.178380,1.180720,1.173110,1.173290,104266,False
2020-10-07,1.173250,1.178130,1.172440,1.176110,90913,False
2020-10-08,1.175840,1.178110,1.173170,1.175890,75468,False
2020-10-09,1.175890,1.183040,1.174790,1.182330,76464,False
2020-10-12,1.180770,1.182630,1.178600,1.181010,63666,False
2020-10-13,1.181140,1.181460,1.172870,1.174460,81437,False
2020-10-14,1.174460,1.177030,1.171830,1.174470,74252,False
2020-10-15,1.174470,1.175730,1.168780,1.170640,88916,False
2020-10-16,1.170640,1.174550,1.169330,1.171240,78070,False
2020-10-19,1.171640,1.179320,1.170270,1.176930,74904,False
2020-10-20,1.176450,1.184020,1.175930,1.182090,75625,False
2020-10-21,1.182080,1.188020,1.181990,1.185860,92413,False
2020-10-22,1.185390,1.186630,1.181060,1.181790,81358,False
2020-10-23,1.181790,1.186430,1.178600,1.185870,78496,False
2020-10-26,1.184790,1.185770,1.180270,1.180840,79272,False
2020-10-27,1.180840,1.183820,1.179150,1.179430,68202,False
2020-10-28,1.179400,1.179400,1.171710,1.174530,100608,False
2020-10-29,1.174530,1.175810,1.164960,1.167110,105722,False
2020-10-30,1.167280,1.170380,1.163920,1.164300,98590,False
2020-11-02,1.164610,1.165520,1.162140,1.163980,79365,False
2020-11-03,1.163370,1.173930,1.161860,1.171810,74323,False
2020-11-04,1.171280,1.176940,1.160160,1.171890,196249,False
2020-11-05,1.171890,1.185910,1.171020,1.182540,138191,False
2020-11-06,1.182040,1.189040,1.179470,1.186980,129088,False
2020-11-09,1.188920,1.191950,1.179480,1.181270,177845,False
2020-11-10,1.180970,1.184280,1.177890,1.181420,138626,False
2020-11-11,1.181270,1.183220,1.174490,1.177760,86786,False
2020-11-12,1.177230,1.182260,1.175810,1.180370,91078,False
2020-11-13,1.180370,1.183670,1.179830,1.183190,67607,False
2020-11-16,1.183920,1.186820,1.181360,1.185220,91525,False
2020-11-17,1.184850,1.189320,1.184180,1.186020,76151,False
2020-11-18,1.186020,1.189060,1.184860,1.185280,77663,False
2020-11-19,1.185310,1.188190,1.181570,1.187340,80978,False
2020-11-20,1.187340,1.189010,1.184910,1.185490,69687,False
2020-11-23,1.185130,1.190530,1.179940,1.184020,82920,False
2020-11-24,1.184020,1.189520,1.183260,1.189180,81171,False
2020-11-25,1.188860,1.192920,1.188130,1.191220,94044,False
2020-11-26,1.191200,1.194040,1.188480,1.191010,49768,False
2020-11-27,1.190950,1.196230,1.190570,1.196190,59293,False
2020-11-30,1.195930,1.200270,1.192000,1.192250,92137,False
2020-12-01,1.192530,1.207600,1.192350,1.207140,96983,False
2020-12-02,1.206550,1.211800,1.203920,1.211490,102804,False
2020-12-03,1.211220,1.217400,1.210030,1.214690,96215,False
2020-12-04,1.214110,1.217700,1.210920,1.211900,100412,False
2020-12-07,1.212730,1.216560,1.207790,1.210720,95747,False
2020-12-08,1.210770,1.213350,1.209470,1.210300,92325,False
2020-12-09,1.210170,1.214670,1.205780,1.208060,89432,False
2020-12-10,1.207560,1.215830,1.207230,1.214080,114310,False
2020-12-11,1.213710,1.216230,1.210230,1.210720,89437,False
2020-12-14,1.213380,1.217620,1.211490,1.214180,78725,False
2020-12-15,1.214020,1.216830,1.211980,1.215060,79511,False
2020-12-16,1.214990,1.221140,1.212410,1.219810,92925,False
2020-12-17,1.219600,1.227220,1.218850,1.226560,82961,False
2020-12-18,1.226520,1.227050,1.222490,1.225130,74964,False
2020-12-21,1.221710,1.225220,1.212850,1.224220,128650,False
2020-12-22,1.223920,1.225650,1.215160,1.216110,92646,False
2020-12-23,1.216110,1.222040,1.215320,1.218330,91687,False
2020-12-24,1.218230,1.221510,1.217610,1.218280,46438,False
2020-12-28,1.218420,1.224980,1.218040,1.221420,73365,False
2020-12-29,1.220950,1.227450,1.220630,1.224920,72839,False
2020-12-30,1.224890,1.230940,1.224540,1.229840,82647,False
2020-12-31,1.229290,1.230860,1.220760,1.221210,76962,False
2021-01-04,1.223840,1.230890,1.222790,1.225160,112731,False
2021-01-05,1.225160,1.230490,1.224370,1.229690,98960,False
2021-01-06,1.229690,1.234880,1.226460,1.232340,146293,False
2021-01-07,1.232430,1.234370,1.224440,1.226780,116355,False
2021-01-08,1.226790,1.228400,1.219210,1.221650,131402,False
2021-01-11,1.221400,1.222240,1.213150,1.214970,104515,False
2021-01-12,1.215000,1.220910,1.213630,1.220690,98206,False
2021-01-13,1.220590,1.222230,1.213890,1.215710,94061,False
2021-01-14,1.214950,1.217790,1.211010,1.214960,104506,False
2021-01-15,1.215010,1.216190,1.207140,1.207540,91612,False
2021-01-18,1.207920,1.208630,1.205290,1.207490,62934,False
2021-01-19,1.207430,1.214440,1.207330,1.212750,80844,False
2021-01-20,1.212750,1.215770,1.207570,1.210450,88416,False
2021-01-21,1.210400,1.217220,1.210040,1.216660,95713,False
2021-01-22,1.216130,1.218890,1.215090,1.217070,85424,False
2021-01-25,1.216660,1.218270,1.211530,1.214080,100047,False
2021-01-26,1.214080,1.217540,1.210710,1.215900,95546,False
2021-01-27,1.215910,1.216920,1.205760,1.211070,132482,False
2021-01-28,1.211070,1.214150,1.208010,1.212090,134704,False
2021-01-29,1.211790,1.215520,1.209370,1.213560,138233,False
2021-02-01,1.212600,1.213570,1.205540,1.205880,109554,False
2021-02-02,1.205850,1.208710,1.201100,1.204280,102716,False
2021-02-03,1.204170,1.204960,1.200350,1.203420,82243,False
2021-02-04,1.203470,1.204220,1.195670,1.195770,89295,False
2021-02-05,1.196130,1.204940,1.195160,1.204170,90249,False
2021-02-08,1.203610,1.206540,1.201920,1.204750,72560,False
2021-02-09,1.204420,1.212120,1.204420,1.211710,88014,False
2021-02-10,1.211710,1.214350,1.210800,1.211740,87024,False
2021-02-11,1.211710,1.214900,1.211290,1.212810,66382,False
2021-02-12,1.212660,1.213380,1.208090,1.211900,71058,False
2021-02-15,1.212020,1.214460,1.211500,1.212670,47480,False
2021-02-16,1.212750,1.216900,1.209450,1.210380,85863,False
2021-02-17,1.210480,1.210540,1.202260,1.203920,93972,False
2021-02-18,1.203920,1.209410,1.203500,1.209200,82521,False
2021-02-19,1.208780,1.214390,1.208160,1.211720,79900,False
2021-02-22,1.211230,1.216890,1.209040,1.215720,101622,False
2021-02-23,1.215410,1.217940,1.213480,1.214970,98920,False
2021-02-24,1.214500,1.217420,1.210860,1.216970,127979,False
2021-02-25,1.217020,1.224240,1.215530,1.217270,167547,False
2021-02-26,1.217680,1.218240,1.206150,1.207060,196555,False
2021-03-01,1.206630,1.210050,1.202690,1.204860,111507,False
2021-03-02,1.204840,1.209390,1.199120,1.209010,107213,False
2021-03-03,1.208950,1.211280,1.204220,1.206260,109433,False
2021-03-04,1.206160,1.206580,1.196100,1.197030,144769,False
2021-03-05,1.196530,1.197560,1.189270,1.191030,166905,False
2021-03-08,1.191380,1.193170,1.184360,1.184540,131711,False
2021-03-09,1.184550,1.191520,1.183480,1.190080,125416,False
2021-03-10,1.189430,1.192930,1.186830,1.192770,114326,False
2021-03-11,1.192700,1.198940,1.191510,1.198460,113796,False
2021-03-12,1.197730,1.198790,1.190930,1.194810,109181,False
2021-03-15,1.194660,1.196670,1.191060,1.192930,80722,False
2021-03-16,1.192230,1.195140,1.188160,1.190200,85599,False
2021-03-17,1.189790,1.198490,1.188560,1.197840,92193,False
2021-03-18,1.197540,1.198830,1.190570,1.191530,111991,False
2021-03-19,1.190890,1.193650,1.187330,1.190290,93996,False
2021-03-22,1.186900,1.194640,1.186260,1.193190,75715,False
2021-03-23,1.193040,1.194010,1.184160,1.184810,80960,False
2021-03-24,1.184560,1.185190,1.180900,1.181160,82676,False
2021-03-25,1.181170,1.182720,1.176110,1.176350,91422,False
2021-03-26,1.176270,1.180450,1.176260,1.179260,68830,False
2021-03-29,1.179260,1.179320,1.176010,1.176420,75363,False
2021-03-30,1.176290,1.177320,1.171090,1.171480,71458,False
2021-03-31,1.171580,1.175940,1.170350,1.172990,75172,False
2021-04-01,1.172820,1.177940,1.171190,1.177640,72282,False
2021-04-02,1.177490,1.178600,1.174860,1.175520,26808,False
2021-04-05,1.175580,1.181900,1.173690,1.181070,40418,False
2021-04-06,1.181070,1.187720,1.179440,1.187530,64843,False
2021-04-07,1.187320,1.191430,1.186020,1.187080,74967,False
2021-04-08,1.186200,1.192680,1.186000,1.191430,65388,False
2021-04-09,1.191270,1.191950,1.186650,1.189480,64612,False
2021-04-12,1.188690,1.191850,1.187060,1.191060,61617,False
2021-04-13,1.190910,1.195530,1.187660,1.194790,83093,False
2021-04-14,1.194580,1.198690,1.194570,1.197810,68077,False
2021-04-15,1.197530,1.199280,1.195550,1.196550,69014,False
2021-04-16,1.196550,1.199430,1.194990,1.198100,59370,False
2021-04-19,1.197120,1.204730,1.194180,1.203580,76983,False
2021-04-20,1.203660,1.207930,1.202190,1.203460,79484,False
2021-04-21,1.203090,1.204320,1.199780,1.203380,64941,False
2021-04-22,1.202870,1.206910,1.199310,1.201300,87596,False
2021-04-23,1.201310,1.209950,1.201210,1.209510,70313,False
2021-04-26,1.209010,1.211640,1.206060,1.208490,69645,False
2021-04-27,1.208360,1.209220,1.205630,1.209070,64353,False
2021-04-28,1.208830,1.213410,1.205550,1.212320,88080,False
2021-04-29,1.212180,1.214940,1.210180,1.211920,74689,False
2021-04-30,1.211920,1.212600,1.201620,1.201770,77540,False
2021-05-03,1.202960,1.207570,1.201250,1.206240,59003,False
2021-05-04,1.206290,1.206290,1.199840,1.201240,79419,False
2021-05-05,1.201130,1.202590,1.198530,1.200380,63852,False
2021-05-06,1.200240,1.207110,1.199240,1.206420,67438,False
2021-05-07,1.205760,1.217090,1.205230,1.216180,96967,False
2021-05-10,1.215900,1.217770,1.212710,1.212770,87108,False
2021-05-11,1.212800,1.218110,1.212240,1.214750,98344,False
2021-05-12,1.214620,1.215160,1.206490,1.206860,128830,False
2021-05-13,1.206950,1.210560,1.205070,1.207670,118939,False
2021-05-14,1.207780,1.214710,1.207020,1.214440,86658,False
2021-05-17,1.214450,1.216830,1.212550,1.214500,78686,False
2021-05-18,1.214900,1.223340,1.214620,1.222120,81683,False
2021-05-19,1.222070,1.224480,1.215900,1.217510,120899,False
2021-05-20,1.216400,1.222860,1.216400,1.222780,84440,False
2021-05-21,1.222660,1.223930,1.216010,1.218060,94002,False
2021-05-24,1.217180,1.222950,1.217160,1.221580,80950,False
2021-05-25,1.221530,1.226570,1.221090,1.225120,96750,False
2021-05-26,1.225220,1.226230,1.218120,1.219220,90665,False
2021-05-27,1.218840,1.221450,1.217450,1.219320,98538,False
2021-05-28,1.219130,1.220440,1.213190,1.219100,95552,False
2021-05-31,1.219600,1.223080,1.218270,1.222290,49436,False
2021-06-01,1.222290,1.225380,1.221100,1.221310,81745,False
2021-06-02,1.221230,1.222590,1.216340,1.220970,84234,False
2021-06-03,1.220970,1.221350,1.211750,1.212640,95659,False
2021-06-04,1.212590,1.218490,1.210330,1.216580,93352,False
2021-06-07,1.216460,1.220120,1.214420,1.218870,64527,False
2021-06-08,1.218900,1.219330,1.216360,1.217240,76503,False
2021-06-09,1.217220,1.221740,1.217040,1.217870,57010,False
2021-06-10,1.217750,1.219420,1.214260,1.217530,105493,False
2021-06-11,1.216570,1.219240,1.209190,1.210790,70556,False
2021-06-14,1.210790,1.213000,1.209370,1.211940,62923,False
2021-06-15,1.211750,1.214670,1.210070,1.212540,69565,False
2021-06-16,1.212570,1.213420,1.199360,1.199410,111528,False
2021-06-17,1.199370,1.200570,1.189070,1.190620,138674,False
2021-06-18,1.190580,1.192440,1.184670,1.186120,142929,False
2021-06-21,1.185330,1.192070,1.184520,1.191700,118752,False
2021-06-22,1.191650,1.195220,1.188030,1.193980,98700,False
2021-06-23,1.193580,1.196950,1.191090,1.192580,93570,False
2021-06-24,1.192550,1.195580,1.191680,1.193050,87693,False
2021-06-25,1.193030,1.197480,1.192580,1.193480,82177,False
2021-06-28,1.193050,1.194410,1.190170,1.192360,82256,False
2021-06-29,1.192120,1.192930,1.187700,1.189610,80291,False
2021-06-30,1.189590,1.190830,1.184460,1.185550,96414,False
2021-07-01,1.185470,1.188370,1.183680,1.184890,90399,False
2021-07-02,1.184900,1.187360,1.180650,1.186430,98165,False
2021-07-05,1.186150,1.188010,1.185080,1.186010,53122,False
2021-07-06,1.185980,1.189470,1.180620,1.182230,106797,False
2021-07-07,1.182320,1.183560,1.178090,1.179040,98452,False
2021-07-08,1.178950,1.186730,1.178280,1.184520,124471,False
2021-07-09,1.184020,1.188060,1.182430,1.187260,83911,False
2021-07-12,1.187100,1.187950,1.183550,1.185870,70121,False
2021-07-13,1.185850,1.187440,1.177140,1.177550,93029,False
2021-07-14,1.177540,1.183820,1.177080,1.183550,85449,False
2021-07-15,1.183640,1.185010,1.179550,1.180970,83599,False
2021-07-16,1.180970,1.182180,1.179150,1.180410,73820,False
2021-07-19,1.180500,1.182390,1.176310,1.179780,99736,False
2021-07-20,1.179470,1.180190,1.175500,1.178020,97580,False
2021-07-21,1.178020,1.180420,1.175120,1.179410,78374,False
2021-07-22,1.179100,1.183000,1.175670,1.177010,97664,False
2021-07-23,1.176880,1.178590,1.175370,1.177080,63099,False
2021-07-26,1.176850,1.181680,1.176280,1.180200,75444,False
2021-07-27,1.180260,1.184050,1.176940,1.181540,86652,False
2021-07-28,1.181600,1.184910,1.177110,1.184170,108555,False
2021-07-29,1.184210,1.189220,1.183780,1.188610,71678,False
2021-07-30,1.188670,1.190820,1.185090,1.186590,78609,False
2021-08-02,1.185730,1.189650,1.185730,1.187130,64698,False
2021-08-03,1.186660,1.189280,1.185290,1.186380,64721,False
2021-08-04,1.185910,1.189910,1.183210,1.183610,73509,False
2021-08-05,1.183540,1.185670,1.182730,1.183160,67708,False
2021-08-06,1.183090,1.183460,1.175370,1.176050,75434,False
2021-08-09,1.175930,1.176840,1.173410,1.173510,64204,False
2021-08-10,1.173510,1.174220,1.170880,1.171980,69806,False
2021-08-11,1.171690,1.175300,1.170530,1.173850,75228,False
2021-08-12,1.173780,1.174770,1.172310,1.172890,59584,False
2021-08-13,1.172890,1.180430,1.172800,1.179420,55951,False
2021-08-16,1.179300,1.180010,1.176690,1.177550,60508,False
2021-08-17,1.177640,1.178430,1.170720,1.170780,87414,False
2021-08-18,1.170930,1.174170,1.169290,1.170750,84793,False
2021-08-19,1.170730,1.171500,1.166480,1.167550,96835,False
2021-08-20,1.167550,1.170390,1.166340,1.169810,65662,False
2021-08-23,1.169200,1.174980,1.168980,1.174530,62294,False
2021-08-24,1.174390,1.176460,1.172650,1.175650,56347,False
2021-08-25,1.175410,1.177380,1.172540,1.177170,62857,False
2021-08-26,1.177110,1.177850,1.174530,1.175130,67025,False
2021-08-27,1.175100,1.180180,1.173440,1.178940,82778,False
2021-08-30,1.179100,1.180920,1.178220,1.179610,45289,False
2021-08-31,1.179610,1.184460,1.179330,1.180810,80680,False
2021-09-01,1.180830,1.185660,1.179300,1.183920,72453,False
2021-09-02,1.183740,1.187540,1.183370,1.187440,54191,False
2021-09-03,1.187470,1.190850,1.186530,1.187800,79226,False
2021-09-06,1.187520,1.188570,1.185530,1.186890,31814,False
2021-09-07,1.186860,1.188460,1.183670,1.184150,69165,False
2021-09-08,1.183690,1.185040,1.180140,1.181500,75039,False
2021-09-09,1.181160,1.184070,1.180450,1.182300,77555,False
2021-09-10,1.182190,1.185060,1.180870,1.180980,67414,False
2021-09-13,1.181060,1.181640,1.176940,1.180960,64456,False
2021-09-14,1.180930,1.184530,1.179940,1.180330,76763,False
2021-09-15,1.180300,1.183130,1.179860,1.181500,72649,False
2021-09-16,1.181510,1.182010,1.174980,1.176810,77544,False
2021-09-17,1.176560,1.178830,1.172230,1.172330,72387,False
2021-09-20,1.172770,1.173590,1.169960,1.172600,68425,False
2021-09-21,1.172250,1.174800,1.171420,1.172460,74282,False
2021-09-22,1.172460,1.175480,1.168360,1.168730,105085,False
2021-09-23,1.168680,1.174960,1.168270,1.173810,83418,False
2021-09-24,1.173810,1.174700,1.170000,1.171960,60800,False
2021-09-27,1.172470,1.172480,1.168390,1.169440,83802,False
2021-09-28,1.169390,1.170260,1.166740,1.168260,92804,False
2021-09-29,1.168250,1.168960,1.158860,1.159620,89055,False
2021-09-30,1.159680,1.160910,1.156190,1.157620,99241,False
2021-10-01,1.157500,1.160680,1.156230,1.159180,89519,False
2021-10-04,1.159300,1.163960,1.158700,1.161740,83508,False
2021-10-05,1.161700,1.162130,1.158000,1.159630,78186,False
2021-10-06,1.159680,1.160130,1.152840,1.155480,94569,False
2021-10-07,1.155410,1.157170,1.154670,1.155280,73718,False
2021-10-08,1.155170,1.158550,1.154070,1.157040,84777,False
2021-10-11,1.156650,1.158620,1.154840,1.155230,56713,False
2021-10-12,1.155230,1.156960,1.152360,1.152930,72813,False
2021-10-13,1.152870,1.159680,1.152460,1.159500,89177,False
2021-10-14,1.158930,1.162380,1.158330,1.159640,62040,False
2021-10-15,1.159450,1.161820,1.158740,1.159790,75852,False
2021-10-18,1.158980,1.162190,1.157110,1.161040,80282,False
2021-10-19,1.160710,1.166870,1.160670,1.163210,71722,False
2021-10-20,1.163080,1.165800,1.161620,1.165000,75103,False
2021-10-21,1.164820,1.166670,1.161890,1.162400,77336,False
2021-10-22,1.161890,1.165510,1.161850,1.164340,74283,False
2021-10-25,1.163620,1.166470,1.159000,1.160960,69608,False
2021-10-26,1.160260,1.162510,1.158420,1.159550,66896,False
2021-10-27,1.158750,1.162540,1.158410,1.160230,89240,False
2021-10-28,1.160200,1.169160,1.158150,1.168210,106125,False
2021-10-29,1.168210,1.168940,1.153460,1.156060,98677,False
2021-11-01,1.155510,1.160830,1.154540,1.160540,70837,False
2021-11-02,1.160060,1.161300,1.157450,1.157900,63708,False
2021-11-03,1.157670,1.161550,1.156180,1.161070,92169,False
2021-11-04,1.160960,1.161580,1.152750,1.155310,83757,False
2021-11-05,1.155130,1.157250,1.151250,1.156690,90285,False
2021-11-08,1.155400,1.159440,1.154970,1.158630,64327,False
2021-11-09,1.158630,1.160820,1.156910,1.159360,79637,False
2021-11-10,1.159190,1.159450,1.147540,1.147700,108882,False
2021-11-11,1.147730,1.148690,1.144240,1.144840,56698,False
2021-11-12,1.145070,1.146150,1.143230,1.144220,68901,False
2021-11-15,1.144560,1.146330,1.135560,1.136660,75797,False
2021-11-16,1.136790,1.138520,1.130800,1.131950,86523,False
2021-11-17,1.132090,1.133150,1.126270,1.131800,84721,False
2021-11-18,1.131820,1.137350,1.131320,1.137210,72021,False
2021-11-19,1.136600,1.137210,1.124880,1.128080,104035,False
2021-11-22,1.128060,1.128980,1.122830,1.123280,99650,False
2021-11-23,1.123470,1.127440,1.122520,1.124830,98043,False
2021-11-24,1.124610,1.125470,1.118530,1.119970,97936,False
2021-11-25,1.119440,1.122910,1.119430,1.120540,35058,False
2021-11-26,1.120420,1.132930,1.120270,1.130520,130949,False
2021-11-29,1.129810,1.131130,1.125770,1.129150,104402,False
2021-11-30,1.128900,1.138230,1.123350,1.133830,120148,False
2021-12-01,1.133520,1.135920,1.130180,1.131900,85936,False
2021-12-02,1.131680,1.134700,1.129460,1.130010,66364,False
2021-12-03,1.130010,1.133290,1.126590,1.130590,82876,False
2021-12-06,1.129800,1.131040,1.126580,1.128480,56070,False
2021-12-07,1.128220,1.129770,1.122660,1.126780,66463,False
2021-12-08,1.126240,1.135430,1.126170,1.134240,76304,False
2021-12-09,1.134150,1.134470,1.127770,1.129230,60257,False
2021-12-10,1.128840,1.132330,1.126440,1.131660,61479,False
2021-12-13,1.131030,1.131860,1.125950,1.128540,55965,False
2021-12-14,1.128130,1.132320,1.125300,1.125640,55054,False
2021-12-15,1.125490,1.129840,1.122080,1.129390,81687,False
2021-12-16,1.128570,1.135960,1.128050,1.132970,76972,False
2021-12-17,1.132660,1.134830,1.123380,1.123490,61481,False
2021-12-20,1.123300,1.130340,1.123300,1.127570,63918,False
2021-12-21,1.127990,1.130190,1.126020,1.128320,54860,False
2021-12-22,1.128300,1.134180,1.126370,1.132660,52085,False
2021-12-23,1.132150,1.134170,1.128950,1.132640,50018,False
2021-12-24,1.132050,1.134290,1.130120,1.130550,21521,False
2021-12-27,1.131330,1.133390,1.130220,1.132630,28776,False
2021-12-28,1.132590,1.133280,1.128880,1.130750,33197,False
2021-12-29,1.130750,1.136840,1.127300,1.134640,51721,False
2021-12-30,1.134590,1.135920,1.129790,1.132490,47424,False
2021-12-31,1.132040,1.138570,1.130260,1.136800,39738,False
2022-01-03,1.136750,1.137790,1.127900,1.129660,53951,False
2022-01-04,1.129470,1.132190,1.127170,1.128550,62874,False
2022-01-05,1.128130,1.134580,1.127640,1.131210,66217,False
2022-01-06,1.130900,1.133110,1.128390,1.129760,67886,False
2022-01-07,1.129360,1.136420,1.128930,1.136030,60371,False
2022-01-10,1.135580,1.135920,1.128440,1.132710,67355,False
2022-01-11,1.132180,1.137480,1.131240,1.136840,56484,False
2022-01-12,1.136620,1.145210,1.135400,1.144000,65485,False
2022-01-13,1.143840,1.148110,1.143500,1.145320,64389,False
2022-01-14,1.145240,1.148200,1.139770,1.141440,72034,False
2022-01-17,1.141150,1.143370,1.139110,1.140530,38901,False
2022-01-18,1.140550,1.142070,1.131400,1.132690,80534,False
2022-01-19,1.131850,1.135640,1.131810,1.134120,63943,False
2022-01-20,1.134120,1.136820,1.130260,1.130890,64189,False
2022-01-21,1.130990,1.135920,1.130020,1.134310,62656,False
2022-01-24,1.133840,1.134430,1.128970,1.132340,77433,False
2022-01-25,1.132180,1.132760,1.126250,1.130060,66181,False
2022-01-26,1.129840,1.131010,1.123450,1.124010,77647,False
2022-01-27,1.123790,1.124260,1.113080,1.114330,83147,False
2022-01-28,1.114230,1.117310,1.112080,1.114800,84354,False
2022-01-31,1.114070,1.124700,1.113720,1.123200,76946,False
2022-02-01,1.123190,1.127820,1.122030,1.127260,65545,False
2022-02-02,1.126900,1.132950,1.126610,1.130460,55888,False
2022-02-03,1.130090,1.145070,1.126600,1.143830,101687,False
2022-02-04,1.143350,1.148320,1.141100,1.145060,93059,False
2022-02-07,1.145650,1.146100,1.141460,1.144070,67696,False
2022-02-08,1.144090,1.144810,1.139550,1.141590,58939,False
2022-02-09,1.141400,1.144710,1.140190,1.142240,49379,False
2022-02-10,1.142000,1.149430,1.137420,1.142710,98431,False
2022-02-11,1.142650,1.142890,1.132900,1.134540,112263,False
2022-02-14,1.133870,1.136840,1.127910,1.130550,207542,False
2022-02-15,1.130440,1.136770,1.129610,1.135740,148025,False
2022-02-16,1.135530,1.139510,1.134420,1.137260,135186,False
2022-02-17,1.137140,1.138560,1.132240,1.136130,190160,False
2022-02-18,1.135750,1.137640,1.131330,1.132000,139723,False
2022-02-21,1.131710,1.138980,1.130560,1.130900,104958,False
2022-02-22,1.130880,1.136620,1.128710,1.132540,179594,False
2022-02-23,1.132170,1.135840,1.130060,1.130380,125757,False
2022-02-24,1.130300,1.130800,1.110560,1.119280,386009,False
2022-02-25,1.119030,1.127350,1.116510,1.127000,231516,False
2022-02-28,1.127000,1.127000,1.114140,1.121850,288216,False
2022-03-01,1.121320,1.123240,1.108900,1.112220,238815,False
2022-03-02,1.112030,1.114290,1.105670,1.112220,272353,False
2022-03-03,1.111450,1.112080,1.103260,1.106480,193718,False
2022-03-04,1.106210,1.106730,1.088490,1.093340,262980,False
2022-03-07,1.092510,1.093170,1.080510,1.085360,351350,False
2022-03-08,1.085190,1.095750,1.084590,1.089350,342990,False
2022-03-09,1.089600,1.109450,1.088920,1.107580,247216,False
2022-03-10,1.106750,1.112070,1.097530,1.098740,310280,False
2022-03-11,1.098040,1.104270,1.090120,1.090940,241632,False
2022-03-14,1.092020,1.099320,1.089950,1.093910,202367,False
2022-03-15,1.094420,1.101920,1.092530,1.095120,218636,False
2022-03-16,1.095190,1.104610,1.094550,1.103430,279641,False
2022-03-17,1.103370,1.113690,1.100660,1.109010,184186,False
2022-03-18,1.108800,1.111780,1.100230,1.105000,188016,False
2022-03-21,1.105500,1.106960,1.100930,1.101600,144994,False
2022-03-22,1.101420,1.104520,1.096010,1.102880,183097,False
2022-03-23,1.102300,1.104300,1.096320,1.100630,155482,False
2022-03-24,1.100800,1.101300,1.096490,1.099730,174754,False
2022-03-25,1.099350,1.103720,1.098010,1.098300,175439,False
2022-03-28,1.098270,1.099890,1.094380,1.098490,198648,False
2022-03-29,1.097860,1.113650,1.096800,1.108540,271881,False
2022-03-30,1.108530,1.117040,1.107790,1.115810,221741,False
2022-03-31,1.115510,1.118410,1.106010,1.106620,225045,False
2022-04-01,1.106230,1.107550,1.102720,1.104800,184628,False
2022-04-04,1.103720,1.105380,1.095990,1.097040,143836,False
2022-04-05,1.097000,1.098780,1.089920,1.090450,145973,False
2022-04-06,1.090320,1.093730,1.087360,1.089560,208595,False
2022-04-07,1.088950,1.093780,1.086380,1.087850,172519,False
2022-04-08,1.087630,1.089110,1.083560,1.087390,145104,False
2022-04-11,1.091440,1.093250,1.087190,1.088240,152290,False
2022-04-12,1.088190,1.090310,1.082060,1.082570,191032,False
2022-04-13,1.082530,1.089350,1.080820,1.089120,158919,False
2022-04-14,1.087910,1.092270,1.075680,1.082700,217840,False
2022-04-15,1.082650,1.082970,1.079430,1.080990,97196,False
2022-04-18,1.080130,1.082100,1.076910,1.078050,97663,False
2022-04-19,1.077470,1.081360,1.076030,1.078760,149728,False
2022-04-20,1.078620,1.086630,1.078170,1.085410,176886,False
2022-04-21,1.084970,1.093560,1.082290,1.083070,187261,False
2022-04-22,1.083190,1.085090,1.076970,1.079390,183053,False
2022-04-25,1.080290,1.081300,1.069600,1.071010,237827,False
2022-04-26,1.070970,1.073790,1.063460,1.063590,183770,False
2022-04-27,1.063490,1.065390,1.051370,1.055770,218607,False
2022-04-28,1.055680,1.056420,1.047030,1.049800,260891,False
2022-04-29,1.049730,1.059220,1.049040,1.054030,211355,False
2022-05-02,1.054930,1.056750,1.048950,1.050660,171425,False
2022-05-03,1.049790,1.057690,1.049140,1.051920,173480,False
2022-05-04,1.051890,1.063020,1.050520,1.061940,190100,False
2022-05-05,1.061770,1.064100,1.049190,1.053870,243862,False
2022-05-06,1.053770,1.059830,1.048190,1.054310,285992,False
2022-05-09,1.053750,1.059190,1.049450,1.055920,189504,False
2022-05-10,1.055440,1.058470,1.052450,1.052880,201448,False
2022-05-11,1.052480,1.057640,1.050120,1.051270,237061,False
2022-05-12,1.051160,1.052870,1.035290,1.038000,191082,False
2022-05-13,1.037310,1.041890,1.034850,1.040550,157178,False
2022-05-16,1.040080,1.044230,1.038820,1.043320,135770,False
2022-05-17,1.042930,1.055490,1.042730,1.055280,174703,False
2022-05-18,1.054560,1.056300,1.046030,1.046160,154224,False
2022-05-19,1.046100,1.060650,1.045780,1.058320,215518,False
2022-05-20,1.057940,1.059860,1.053220,1.055040,150461,False
2022-05-23,1.056000,1.069680,1.055360,1.069030,152047,False
2022-05-24,1.068900,1.074800,1.066010,1.073490,169228,False
2022-05-25,1.073120,1.073830,1.064100,1.067890,166318,False
2022-05-26,1.067690,1.073080,1.066180,1.072940,135007,False
2022-05-27,1.072070,1.076430,1.069600,1.073200,124909,False
2022-05-30,1.073250,1.078610,1.072370,1.077860,85924,False
2022-05-31,1.077250,1.077800,1.067820,1.073130,172416,False
2022-06-01,1.073050,1.073850,1.062660,1.065070,147099,False
2022-06-02,1.064260,1.074940,1.064260,1.074780,111274,False
2022-06-03,1.074380,1.076390,1.070330,1.071810,104425,False
2022-06-06,1.071720,1.075120,1.068310,1.069470,104089,False
2022-06-07,1.069150,1.071350,1.065100,1.070430,133711,False
2022-06-08,1.069680,1.074780,1.067070,1.071540,127759,False
2022-06-09,1.071480,1.077330,1.061040,1.061790,207770,False
2022-06-10,1.061410,1.064160,1.050510,1.051540,192604,False
2022-06-13,1.051250,1.051940,1.039870,1.040720,234511,False
2022-06-14,1.040500,1.048410,1.039630,1.041600,217314,False
2022-06-15,1.040640,1.050700,1.035820,1.044560,204826,False
2022-06-16,1.043940,1.060050,1.038000,1.055150,183417,False
2022-06-17,1.054490,1.055960,1.044380,1.049100,156233,False
2022-06-20,1.047910,1.054540,1.047360,1.050990,85713,False
2022-06-21,1.050490,1.058190,1.050440,1.053370,101517,False
2022-06-22,1.053080,1.060510,1.046790,1.056770,128826,False
2022-06-23,1.056310,1.058040,1.048200,1.052010,151154,False
2022-06-24,1.051900,1.057060,1.051140,1.055410,104806,False
2022-06-27,1.055640,1.061440,1.054930,1.058130,105537,False
2022-06-28,1.057800,1.060550,1.050260,1.052130,117433,False
2022-06-29,1.051750,1.053480,1.043450,1.044060,130636,False
2022-06-30,1.043610,1.048800,1.038150,1.048240,139865,False
2022-07-01,1.048180,1.048440,1.036470,1.042500,145041,False
2022-07-04,1.041950,1.046210,1.041440,1.042130,66012,False
2022-07-05,1.041840,1.044810,1.023440,1.026420,146797,False
2022-07-06,1.026260,1.027590,1.016070,1.018400,158288,False
2022-07-07,1.017980,1.022040,1.014340,1.016040,122991,False
2022-07-08,1.015890,1.019060,1.007050,1.018380,138828,False
2022-07-11,1.017330,1.018270,1.003290,1.003810,119074,False
2022-07-12,1.003500,1.007330,0.999930,1.003650,140546,False
2022-07-13,1.003520,1.012150,0.999720,1.005680,158173,False
2022-07-14,1.005450,1.005820,0.995150,1.001940,167428,False
2022-07-15,1.001440,1.009730,1.000610,1.008680,127690,False
2022-07-18,1.008170,1.020060,1.007670,1.014340,120545,False
2022-07-19,1.013830,1.026850,1.011890,1.022480,135438,False
2022-07-20,1.022310,1.027230,1.015470,1.018000,126659,False
2022-07-21,1.017470,1.027730,1.015270,1.022900,163593,False
2022-07-22,1.022550,1.025470,1.012900,1.021350,142936,False
2022-07-25,1.021150,1.025720,1.017760,1.022120,127680,False
2022-07-26,1.021470,1.024940,1.010680,1.011630,109878,False
2022-07-27,1.011270,1.022020,1.009600,1.019840,124883,False
2022-07-28,1.019400,1.023380,1.011320,1.019550,151022,False
2022-07-29,1.019460,1.025350,1.014520,1.022540,144389,False
2022-08-01,1.021250,1.027460,1.020470,1.025910,122302,False
2022-08-02,1.025730,1.029330,1.016260,1.016490,150140,False
2022-08-03,1.016200,1.020960,1.012200,1.016820,126623,False
2022-08-04,1.016100,1.025310,1.015330,1.024590,112261,False
2022-08-05,1.024280,1.025140,1.014090,1.017960,119098,False
2022-08-08,1.017100,1.022140,1.015830,1.019240,100665,False
2022-08-09,1.018820,1.024680,1.018790,1.021190,82368,False
2022-08-10,1.021160,1.036780,1.020120,1.029860,123712,False
2022-08-11,1.029870,1.036380,1.027480,1.032300,124217,False
2022-08-12,1.031560,1.032660,1.023760,1.025450,106328,False
2022-08-15,1.025210,1.026750,1.015370,1.015850,92291,False
2022-08-16,1.015720,1.019420,1.012180,1.016990,102800,False
2022-08-17,1.016550,1.020230,1.014470,1.017700,114814,False
2022-08-18,1.017320,1.019250,1.007870,1.008660,103709,False
2022-08-19,1.008340,1.009480,1.003140,1.003990,89121,False
2022-08-22,1.003550,1.004590,0.992540,0.994100,94629,False
2022-08-23,0.993980,1.001770,0.989920,0.996630,105409,False
2022-08-24,0.996700,0.999840,0.990940,0.996720,90931,False
2022-08-25,0.996230,1.003280,0.994850,0.997300,95587,False
2022-08-26,0.997120,1.008930,0.994590,0.996030,111381,False
2022-08-29,0.994490,1.002860,0.991350,0.999710,95567,False
2022-08-30,0.999580,1.005420,0.998130,1.001500,123234,False
2022-08-31,1.001270,1.007860,0.997050,1.005330,118460,False
2022-09-01,1.004920,1.005370,0.991020,0.994590,120034,False
2022-09-02,0.994230,1.003300,0.994000,0.995140,115541,False
2022-09-05,0.992630,0.994360,0.987700,0.992900,89315,False
2022-09-06,0.992340,0.998590,0.986330,0.990500,120395,False
2022-09-07,0.990300,1.001030,0.987480,1.000610,108669,False
2022-09-08,1.000680,1.002870,0.992990,0.999820,139742,False
2022-09-09,0.999420,1.011280,0.999240,1.004400,126134,False
2022-09-12,1.009700,1.019710,1.005890,1.012140,128003,False
2022-09-13,1.012000,1.018660,0.996580,0.996650,129228,False
2022-09-14,0.996570,1.002320,0.995470,0.997810,127389,False
2022-09-15,0.997260,1.001710,0.995510,0.999600,93569,False
2022-09-16,0.999600,1.003580,0.994440,1.001220,107711,False
2022-09-19,1.000720,1.002850,0.996520,1.002420,81493,False
2022-09-20,1.002220,1.005000,0.995450,0.996890,111267,False
2022-09-21,0.997020,0.997450,0.981180,0.983730,156763,False
2022-09-22,0.983550,0.990680,0.980650,0.983360,167217,False
2022-09-23,0.983180,0.985130,0.966730,0.968800,144806,False
2022-09-26,0.967170,0.970900,0.954890,0.960800,227212,False
2022-09-27,0.960790,0.967010,0.956840,0.959240,156393,False
2022-09-28,0.958570,0.975030,0.953520,0.973570,206545,False
2022-09-29,0.973010,0.981410,0.963490,0.981290,177442,False
2022-09-30,0.981180,0.985320,0.973380,0.979920,184011,False
2022-10-03,0.979190,0.984380,0.975220,0.982410,156813,False
2022-10-04,0.982310,0.999900,0.980540,0.998700,160479,False
2022-10-05,0.998450,0.999440,0.983400,0.988430,138774,False
2022-10-06,0.988030,0.992580,0.978750,0.979110,154366,False
2022-10-07,0.978750,0.981630,0.972540,0.973730,151397,False
2022-10-10,0.973120,0.975250,0.968080,0.970370,120130,False
2022-10-11,0.970030,0.977410,0.966940,0.970260,160442,False
2022-10-12,0.970350,0.973400,0.966720,0.970290,145447,False
2022-10-13,0.969820,0.980540,0.963080,0.977800,184471,False
2022-10-14,0.976960,0.980800,0.970610,0.971870,168029,False
2022-10-17,0.972030,0.985150,0.971680,0.984370,134837,False
2022-10-18,0.983620,0.987500,0.981220,0.985780,137618,False
2022-10-19,0.985200,0.987190,0.975650,0.977150,129543,False
2022-10-20,0.977030,0.984470,0.975390,0.978770,142705,False
2022-10-21,0.978160,0.986840,0.970410,0.985550,203176,False
2022-10-24,0.986290,0.989850,0.980610,0.987270,185036,False
2022-10-25,0.987330,0.997610,0.984800,0.996660,112701,False
2022-10-26,0.996220,1.008810,0.994240,1.008380,136232,False
2022-10-27,1.007620,1.009300,0.995690,0.996380,165822,False
2022-10-28,0.996230,0.999750,0.992540,0.996420,128816,False
2022-10-31,0.994980,0.996510,0.987220,0.988190,94532,False
2022-11-01,0.987620,0.995320,0.985220,0.987320,117309,False
2022-11-02,0.987860,0.997540,0.981210,0.981420,139129,False
2022-11-03,0.981440,0.983890,0.972950,0.974890,129112,False
2022-11-04,0.974810,0.996590,0.974150,0.995730,151886,False
2022-11-07,0.990360,1.003380,0.989980,1.002010,127327,False
2022-11-08,1.001590,1.009570,0.997080,1.007220,104484,False
2022-11-09,1.007190,1.008750,0.999210,1.001050,151708,False
2022-11-10,1.000680,1.022130,0.993460,1.020640,174865,False
2022-11-11,1.020130,1.036340,1.016240,1.035250,177951,False
2022-11-14,1.033190,1.035800,1.027080,1.032610,155500,False
2022-11-15,1.032480,1.048060,1.027920,1.034690,215529,False
2022-11-16,1.034700,1.043780,1.032990,1.039340,179041,False
2022-11-17,1.038850,1.040600,1.030460,1.036390,149023,False
2022-11-18,1.035860,1.039540,1.031300,1.032090,124224,False
2022-11-21,1.032150,1.033240,1.022200,1.024070,120867,False
2022-11-22,1.023940,1.030750,1.023420,1.030150,103314,False
2022-11-23,1.030120,1.040450,1.029580,1.039440,122519,False
2022-11-24,1.039420,1.044770,1.038110,1.041040,87087,False
2022-11-25,1.040600,1.042850,1.035410,1.039150,101478,False
2022-11-28,1.037190,1.049600,1.032950,1.033950,145068,False
2022-11-29,1.033680,1.039370,1.031950,1.032790,141495,False
2022-11-30,1.033040,1.042820,1.028960,1.040620,161103,False
2022-12-01,1.040630,1.053300,1.039210,1.052510,173509,False
2022-12-02,1.052060,1.054450,1.042770,1.053930,160645,False
2022-12-05,1.053070,1.059430,1.047950,1.049370,132147,False
2022-12-06,1.048530,1.053220,1.045870,1.046610,124937,False
2022-12-07,1.046210,1.054900,1.044250,1.050530,135700,False
2022-12-08,1.050310,1.056440,1.048890,1.055420,123714,False
2022-12-09,1.055230,1.058750,1.050110,1.053030,134768,False
2022-12-12,1.052830,1.057960,1.050510,1.053670,118400,False
2022-12-13,1.053260,1.067270,1.052740,1.063080,157880,False
2022-12-14,1.063080,1.069440,1.061830,1.068100,167293,False
2022-12-15,1.067900,1.073530,1.059170,1.062520,145081,False
2022-12-16,1.062540,1.066250,1.058270,1.058270,136862,False
2022-12-19,1.058400,1.065730,1.057530,1.060680,114390,False
2022-12-20,1.060360,1.065790,1.057830,1.062010,171040,False
2022-12-21,1.062460,1.064460,1.058950,1.060410,115336,False
2022-12-22,1.060230,1.065880,1.057250,1.059620,115566,False
2022-12-23,1.059220,1.063240,1.058590,1.061410,107436,False
2022-12-27,1.063200,1.066890,1.061070,1.063700,85926,False
2022-12-28,1.063940,1.067390,1.060580,1.061110,100590,False
2022-12-29,1.061080,1.068990,1.060470,1.066010,99003,False
2022-12-30,1.066020,1.071260,1.063790,1.069890,112688,False
2023-01-02,1.069490,1.070650,1.064900,1.065880,24282,False
2023-01-03,1.066420,1.068250,1.051880,1.054800,160925,False
2023-01-04,1.054680,1.063450,1.053960,1.060330,156265,False
2023-01-05,1.060270,1.063080,1.051440,1.052050,142856,False
2023-01-06,1.051960,1.064750,1.048080,1.064280,140908,False
2023-01-09,1.063920,1.076010,1.063450,1.073270,125025,False
2023-01-10,1.072730,1.075870,1.071150,1.073300,128682,False
2023-01-11,1.073200,1.077580,1.072480,1.075670,105773,False
2023-01-12,1.075330,1.086630,1.072800,1.085040,173694,False
2023-01-13,1.084370,1.086730,1.077980,1.083110,133909,False
2023-01-16,1.082740,1.087360,1.080070,1.082270,84117,False
2023-01-17,1.081980,1.086880,1.077370,1.078710,138121,False
2023-01-18,1.078710,1.088680,1.076530,1.079360,172576,False
2023-01-19,1.078700,1.083930,1.078150,1.083020,134741,False
2023-01-20,1.082700,1.085830,1.080150,1.085440,104416,False
2023-01-23,1.086230,1.092610,1.084540,1.087090,120629,False
2023-01-24,1.087020,1.089730,1.083450,1.088720,102998,False
2023-01-25,1.088490,1.092300,1.085660,1.091420,107504,False
2023-01-26,1.091500,1.092880,1.084980,1.089030,110169,False
2023-01-27,1.088850,1.089970,1.083720,1.086640,98738,False
2023-01-30,1.085960,1.091310,1.083860,1.085070,108728,False
2023-01-31,1.084640,1.087420,1.080140,1.086230,115292,False
2023-02-01,1.086080,1.100010,1.085130,1.098860,132388,False
2023-02-02,1.098420,1.103170,1.088470,1.090900,150747,False
2023-02-03,1.090810,1.093960,1.079160,1.079250,140273,False
2023-02-06,1.078210,1.079830,1.070870,1.072410,110382,False
2023-02-07,1.072500,1.076590,1.066850,1.072650,147993,False
2023-02-08,1.072160,1.076020,1.070870,1.071340,102849,False
2023-02-09,1.070970,1.079040,1.070700,1.073800,113684,False
2023-02-10,1.073450,1.075210,1.066550,1.067610,119559,False
2023-02-13,1.067920,1.072940,1.065470,1.072310,96789,False
2023-02-14,1.071860,1.080380,1.070610,1.073480,154919,False
2023-02-15,1.073570,1.074380,1.065980,1.068720,122441,False
2023-02-16,1.068560,1.072180,1.065360,1.067220,135048,False
2023-02-17,1.066930,1.069770,1.061200,1.069250,115350,False
2023-02-20,1.068440,1.070400,1.066940,1.068350,67390,False
2023-02-21,1.068280,1.069760,1.063680,1.064540,119736,False
2023-02-22,1.064550,1.066340,1.059840,1.060360,129980,False
2023-02-23,1.060390,1.062710,1.057630,1.059420,109508,False
2023-02-24,1.059140,1.061350,1.053550,1.054450,127483,False
2023-02-27,1.054600,1.061930,1.053200,1.060890,103143,False
2023-02-28,1.060100,1.064470,1.057320,1.057440,107681,False
2023-03-01,1.057140,1.069080,1.056450,1.066850,137054,False
2023-03-02,1.066690,1.067220,1.057580,1.059590,124860,False
2023-03-03,1.059600,1.063800,1.058760,1.063310,106377,False
2023-03-06,1.062270,1.069370,1.061960,1.068210,101215,False
2023-03-07,1.067270,1.069380,1.054540,1.054830,135849,False
2023-03-08,1.054730,1.057330,1.052360,1.054220,108136,False
2023-03-09,1.054310,1.059060,1.053550,1.058130,98909,False
2023-03-10,1.057660,1.070020,1.057310,1.063700,179102,False
2023-03-13,1.067920,1.074790,1.064960,1.073060,237863,False
2023-03-14,1.072550,1.074890,1.067820,1.073240,180414,False
2023-03-15,1.073320,1.075920,1.051520,1.057450,198477,False
2023-03-16,1.057350,1.063490,1.055000,1.061120,182867,False
2023-03-17,1.060480,1.068470,1.060340,1.066340,138024,False
2023-03-20,1.068640,1.073020,1.063040,1.072300,146084,False
2023-03-21,1.071600,1.078790,1.070320,1.076840,104134,False
2023-03-22,1.076500,1.091160,1.075830,1.085500,121575,False
2023-03-23,1.085630,1.092920,1.082350,1.083120,126293,False
2023-03-24,1.082920,1.083770,1.071250,1.075860,135791,False
2023-03-27,1.077290,1.079950,1.074420,1.079820,94218,False
2023-03-28,1.079450,1.084800,1.079330,1.084450,85974,False
2023-03-29,1.084140,1.087100,1.081700,1.084420,88647,False
2023-03-30,1.084240,1.092570,1.082280,1.090530,92002,False
2023-03-31,1.090430,1.092500,1.083600,1.084090,95760,False
2023-04-03,1.083910,1.091590,1.078740,1.090180,96737,False
2023-04-04,1.089990,1.097280,1.088190,1.095580,95732,False
2023-04-05,1.094710,1.096910,1.089050,1.090670,90445,False
2023-04-06,1.089910,1.093720,1.088380,1.092070,71931,False
2023-04-07,1.091690,1.092340,1.087570,1.089620,24214,False
2023-04-10,1.089760,1.091660,1.083060,1.086050,57017,False
2023-04-11,1.085770,1.092760,1.085680,1.091230,80301,False
2023-04-12,1.090820,1.099980,1.090660,1.098960,88781,False
2023-04-13,1.098920,1.106710,1.097600,1.104630,79259,False
2023-04-14,1.104470,1.107530,1.097170,1.099310,89105,False
2023-04-17,1.098590,1.099920,1.090850,1.092660,81480,False
2023-04-18,1.092010,1.098230,1.091880,1.097300,74183,False
2023-04-19,1.097000,1.098330,1.091650,1.095510,85136,False
2023-04-20,1.095350,1.098920,1.093280,1.096950,84014,False
2023-04-21,1.096350,1.099320,1.093720,1.098830,81372,False
2023-04-24,1.098750,1.104950,1.096530,1.104490,73272,False
2023-04-25,1.104440,1.106640,1.096330,1.097400,88096,False
2023-04-26,1.096820,1.109500,1.096380,1.103960,103751,False
2023-04-27,1.103750,1.106280,1.099140,1.102830,91365,False
2023-04-28,1.102000,1.104440,1.096180,1.101590,114842,False
2023-05-01,1.101570,1.103510,1.096360,1.097610,70228,False
2023-05-02,1.096880,1.100730,1.094130,1.099910,95382,False
2023-05-03,1.099880,1.109110,1.099630,1.106000,102763,False
2023-05-04,1.105440,1.109100,1.098530,1.101230,118432,False
2023-05-05,1.100780,1.104710,1.096600,1.101770,86708,False
2023-05-08,1.102000,1.105300,1.099940,1.100300,65440,False
2023-05-09,1.100140,1.100360,1.094030,1.095970,79864,False
2023-05-10,1.095800,1.100630,1.094070,1.098240,90354,False
2023-05-11,1.097870,1.099760,1.089940,1.091500,99423,False
2023-05-12,1.091450,1.093490,1.084730,1.084840,80086,False
2023-05-15,1.085230,1.089030,1.084240,1.087370,69887,False
2023-05-16,1.087330,1.090410,1.085440,1.086100,78980,False
2023-05-17,1.085860,1.087310,1.080950,1.083810,81125,False
2023-05-18,1.083880,1.084750,1.076170,1.077020,78003,False
2023-05-19,1.076560,1.082820,1.075920,1.080500,91228,False
2023-05-22,1.080390,1.083050,1.079480,1.081210,79266,False
2023-05-23,1.080710,1.081990,1.075960,1.076980,87204,False
2023-05-24,1.076710,1.080070,1.074740,1.074840,93899,False
2023-05-25,1.074860,1.075610,1.070660,1.072420,90798,False
2023-05-26,1.072400,1.075810,1.070110,1.072370,87893,False
2023-05-29,1.071850,1.074290,1.070480,1.070810,33561,False
2023-05-30,1.070680,1.074610,1.067180,1.073330,87205,False
2023-05-31,1.072400,1.073510,1.063450,1.068790,97959,False
2023-06-01,1.068300,1.076780,1.066110,1.076120,93725,False
2023-06-02,1.076040,1.077830,1.070440,1.070660,81141,False
2023-06-05,1.070550,1.072170,1.067390,1.071090,72750,False
2023-06-06,1.071110,1.073210,1.066630,1.069130,74421,False
2023-06-07,1.069180,1.073910,1.066760,1.069750,75391,False
2023-06-08,1.069750,1.078650,1.069110,1.078180,74879,False
2023-06-09,1.078000,1.078460,1.074220,1.074820,69621,False
2023-06-12,1.074540,1.078950,1.073240,1.075710,70025,False
2023-06-13,1.075400,1.082290,1.075120,1.079240,88233,False
2023-06-14,1.079260,1.086370,1.077320,1.083080,89107,False
2023-06-15,1.082700,1.095200,1.080300,1.094440,86593,False
2023-06-16,1.094190,1.097010,1.091710,1.093980,79454,False
2023-06-19,1.094000,1.094560,1.090650,1.091980,50871,False
2023-06-20,1.091780,1.094550,1.089140,1.091680,80057,False
2023-06-21,1.091350,1.099020,1.090500,1.098570,89900,False
2023-06-22,1.098440,1.101120,1.094770,1.095490,84439,False
2023-06-23,1.095510,1.095800,1.084370,1.089420,91040,False
2023-06-26,1.089490,1.091960,1.088670,1.090410,72867,False
2023-06-27,1.090530,1.097590,1.090130,1.096000,82603,False
2023-06-28,1.095690,1.096190,1.089610,1.091180,86260,False
2023-06-29,1.091020,1.094070,1.085950,1.086350,88974,False
2023-06-30,1.086010,1.093120,1.083470,1.090820,88721,False
2023-07-03,1.090790,1.093330,1.086950,1.091330,70638,False
2023-07-04,1.090850,1.091570,1.087580,1.087710,41921,False
2023-07-05,1.087780,1.090730,1.085030,1.085240,77054,False
2023-07-06,1.085240,1.090000,1.083280,1.089130,97570,False
2023-07-07,1.088700,1.097260,1.086620,1.096750,91577,False
2023-07-10,1.095830,1.100080,1.094280,1.100030,76776,False
2023-07-11,1.100040,1.102670,1.097620,1.100780,69116,False
2023-07-12,1.100020,1.113980,1.099850,1.113070,90474,False
2023-07-13,1.112800,1.122730,1.112640,1.122540,88719,False
2023-07-14,1.121030,1.124430,1.120330,1.122450,88321,False
2023-07-17,1.123280,1.124830,1.120250,1.123890,76645,False
2023-07-18,1.123040,1.127490,1.120840,1.122730,105361,False
2023-07-19,1.122290,1.123940,1.117370,1.120190,100803,False
2023-07-20,1.119660,1.122840,1.111770,1.112910,98391,False
2023-07-21,1.112700,1.114430,1.110700,1.112460,86303,False
2023-07-24,1.112250,1.114610,1.105950,1.106370,96311,False
2023-07-25,1.106300,1.108630,1.102000,1.105400,80541,False
2023-07-26,1.104840,1.110610,1.103700,1.108540,110044,False
2023-07-27,1.107750,1.114900,1.096510,1.097540,128487,False
2023-07-28,1.097450,1.104670,1.094270,1.101310,132598,False
2023-07-31,1.101450,1.104510,1.099280,1.099700,95870,False
2023-08-01,1.099420,1.100230,1.095160,1.098390,89229,False
2023-08-02,1.098090,1.101930,1.091710,1.093820,114664,False
2023-08-03,1.093670,1.096220,1.091150,1.094910,116925,False
2023-08-04,1.094070,1.104120,1.093320,1.100460,110846,False
2023-08-07,1.101250,1.101600,1.096470,1.100200,82781,False
2023-08-08,1.100170,1.101050,1.092830,1.095580,96867,False
2023-08-09,1.095050,1.099480,1.094980,1.097290,89611,False
2023-08-10,1.097250,1.106430,1.096670,1.097970,106512,False
2023-08-11,1.097880,1.100430,1.094220,1.094390,92635,False
2023-08-14,1.094830,1.095970,1.087400,1.090620,95050,False
2023-08-15,1.091010,1.095170,1.089560,1.090350,107723,False
2023-08-16,1.090350,1.093400,1.087090,1.087850,103893,False
2023-08-17,1.088530,1.091790,1.085580,1.087150,101357,False
2023-08-18,1.086430,1.089320,1.084420,1.086770,82393,False
2023-08-21,1.086520,1.091310,1.086520,1.089480,74779,False
2023-08-22,1.089010,1.092970,1.083230,1.084520,72190,False
2023-08-23,1.084300,1.087070,1.080170,1.086200,85309,False
2023-08-24,1.086260,1.087600,1.080430,1.080950,77539,False
2023-08-25,1.080870,1.084100,1.076510,1.079290,89602,False
2023-08-28,1.079540,1.082170,1.079260,1.081830,64529,False
2023-08-29,1.081410,1.089130,1.078160,1.087810,80637,False
2023-08-30,1.087210,1.094480,1.085450,1.092250,83569,False
2023-08-31,1.092120,1.093900,1.083430,1.084270,80610,False
2023-09-01,1.083700,1.088140,1.077120,1.077240,85994,False
2023-09-04,1.077600,1.080820,1.077090,1.079550,38102,False
2023-09-05,1.079080,1.079770,1.070580,1.072090,74791,False
2023-09-06,1.072160,1.074820,1.070180,1.072620,77189,False
2023-09-07,1.072140,1.073110,1.068540,1.069500,65067,False
2023-09-08,1.069740,1.074310,1.069330,1.069640,65142,False
2023-09-11,1.071420,1.075860,1.070690,1.074940,69514,False
2023-09-12,1.074420,1.076840,1.070480,1.075570,63645,False
2023-09-13,1.075000,1.076430,1.071050,1.072890,83882,False
2023-09-14,1.072790,1.075160,1.063120,1.064330,88884,False
2023-09-15,1.063380,1.068700,1.063250,1.065700,75731,False
2023-09-18,1.065890,1.069820,1.065400,1.069100,56799,False
2023-09-19,1.068240,1.071730,1.067440,1.067820,60101,False
2023-09-20,1.067670,1.073620,1.064940,1.065920,81606,False
2023-09-21,1.065680,1.067280,1.061600,1.066020,85909,False
2023-09-22,1.065530,1.067110,1.061420,1.064280,74935,False
2023-09-25,1.064960,1.065490,1.057460,1.059230,67655,False
2023-09-26,1.059180,1.060840,1.056140,1.057110,68178,False
2023-09-27,1.056710,1.057360,1.048720,1.050180,80954,False
2023-09-28,1.050450,1.057820,1.049040,1.056550,95552,False
2023-09-29,1.055710,1.061630,1.055620,1.057280,93881,False
2023-10-02,1.056880,1.059120,1.047710,1.047720,82208,False
2023-10-03,1.047720,1.049290,1.044770,1.046600,94171,False
2023-10-04,1.046280,1.053150,1.045080,1.050310,90446,False
2023-10-05,1.050220,1.055110,1.049930,1.055020,93726,False
2023-10-06,1.054640,1.059940,1.048170,1.058490,106252,False
2023-10-09,1.055120,1.057370,1.051870,1.056590,87120,False
2023-10-10,1.055910,1.061920,1.055360,1.060380,103302,False
2023-10-11,1.059940,1.063410,1.058100,1.061760,96936,False
2023-10-12,1.061050,1.063910,1.052510,1.052750,93238,False
2023-10-13,1.052770,1.055790,1.049460,1.050740,97112,False
2023-10-16,1.050820,1.056210,1.050540,1.055830,74351,False
2023-10-17,1.055900,1.059430,1.053210,1.057540,85219,False
2023-10-18,1.057490,1.059380,1.052250,1.053520,89523,False
2023-10-19,1.053190,1.061600,1.052740,1.058040,113152,False
2023-10-20,1.057920,1.060310,1.056430,1.059380,84323,False
2023-10-23,1.059470,1.067730,1.057070,1.066780,80132,False
2023-10-24,1.066530,1.069350,1.058230,1.059010,84733,False
2023-10-25,1.058300,1.060610,1.056500,1.056530,80315,False
2023-10-26,1.056570,1.056850,1.052070,1.056300,92538,False
2023-10-27,1.056140,1.059640,1.053450,1.056410,81905,False
2023-10-30,1.056460,1.062460,1.054650,1.061430,72084,False
2023-10-31,1.061620,1.067430,1.055670,1.057350,93099,False
2023-11-01,1.057090,1.057990,1.051580,1.056820,104635,False
2023-11-02,1.056540,1.066700,1.056360,1.062160,87578,False
2023-11-03,1.061650,1.074610,1.061410,1.072690,92225,False
2023-11-06,1.072130,1.075560,1.071570,1.071680,68230,False
2023-11-07,1.071570,1.072160,1.066340,1.069900,77597,False
2023-11-08,1.069890,1.071550,1.065860,1.070840,77406,False
2023-11-09,1.070590,1.072480,1.065960,1.066740,91185,False
2023-11-10,1.066530,1.069220,1.065550,1.068380,77671,False
2023-11-13,1.068230,1.070550,1.066440,1.069860,65238,False
2023-11-14,1.069230,1.088690,1.069180,1.087830,89665,False
2023-11-15,1.087720,1.088540,1.083080,1.084670,87466,False
2023-11-16,1.084640,1.089490,1.082950,1.085210,82492,False
2023-11-17,1.084420,1.091360,1.082400,1.091170,81702,False
2023-11-20,1.090850,1.095120,1.089670,1.093910,77986,False
2023-11-21,1.093640,1.096440,1.089940,1.090990,82687,False
2023-11-22,1.090740,1.092220,1.085160,1.088780,85732,False
2023-11-23,1.088660,1.093010,1.088130,1.090560,48949,False
2023-11-24,1.090340,1.094810,1.089420,1.093490,66579,False
2023-11-27,1.094360,1.095850,1.092430,1.095390,74099,False
2023-11-28,1.095310,1.100830,1.093380,1.099440,89484,False
2023-11-29,1.099160,1.101650,1.095940,1.096900,95991,False
2023-11-30,1.096850,1.098320,1.087860,1.088770,100729,False
2023-12-01,1.088400,1.091210,1.082800,1.087830,107289,False
2023-12-04,1.087640,1.089420,1.080330,1.083530,100649,False
2023-12-05,1.083460,1.084680,1.077730,1.079750,102469,False
2023-12-06,1.079080,1.080410,1.075790,1.076350,88864,False
2023-12-07,1.076360,1.081700,1.075430,1.079220,107483,False
2023-12-08,1.079180,1.080010,1.072270,1.075600,116256,False
2023-12-11,1.075610,1.077830,1.074080,1.076370,78092,False
2023-12-12,1.076020,1.082750,1.075760,1.079380,90237,False
2023-12-13,1.079230,1.089590,1.077240,1.087440,103451,False
2023-12-14,1.087220,1.100870,1.087170,1.099110,142151,False
2023-12-15,1.099350,1.100300,1.088790,1.089330,115480,False
2023-12-18,1.089480,1.093050,1.089130,1.092270,79615,False
2023-12-19,1.091440,1.098680,1.091090,1.097990,91323,False
2023-12-20,1.098020,1.098310,1.092910,1.094260,87739,False
2023-12-21,1.093570,1.101190,1.093450,1.101140,102195,False
2023-12-22,1.100940,1.103950,1.099300,1.101320,91052,False
2023-12-26,1.100360,1.104440,1.100290,1.104110,46109,False
2023-12-27,1.104130,1.112200,1.102770,1.110570,64404,False
2023-12-28,1.110130,1.113880,1.105450,1.106180,80536,False
2023-12-29,1.106000,1.108360,1.103330,1.103630,79964,False
2024-01-02,1.104160,1.104440,1.093760,1.093990,86969,False
2024-01-03,1.094160,1.096480,1.089220,1.092130,102210,False
2024-01-04,1.091200,1.097170,1.091200,1.094410,89330,False
2024-01-05,1.094370,1.099780,1.087620,1.094060,116525,False
2024-01-08,1.094370,1.097830,1.092180,1.094970,83566,False
2024-01-09,1.095350,1.096570,1.090950,1.093050,87496,False
2024-01-10,1.092770,1.097220,1.092230,1.097190,75021,False
2024-01-11,1.096840,1.099890,1.092950,1.097270,117848,False
2024-01-12,1.096440,1.098630,1.093530,1.094950,96298,False
2024-01-15,1.094630,1.096680,1.093280,1.094950,57279,False
2024-01-16,1.094710,1.095050,1.086130,1.087470,112047,False
2024-01-17,1.087040,1.088390,1.084390,1.088130,100485,False
2024-01-18,1.088130,1.090600,1.084600,1.087540,102050,False
2024-01-19,1.087290,1.089700,1.086490,1.089660,85492,False
2024-01-22,1.089130,1.090900,1.087930,1.088180,73614,False
2024-01-23,1.088320,1.091530,1.082080,1.085280,80879,False
2024-01-24,1.084300,1.093170,1.084300,1.088330,97156,False
2024-01-25,1.088310,1.090100,1.082090,1.084650,99229,False
2024-01-26,1.083990,1.088520,1.081210,1.085220,84960,False
2024-01-29,1.084200,1.084940,1.079530,1.083250,70384,False
2024-01-30,1.083090,1.085670,1.081120,1.084470,81575,False
2024-01-31,1.083750,1.088680,1.079420,1.081680,131464,False
2024-02-01,1.081590,1.087420,1.077920,1.087110,111909,False
2024-02-02,1.087100,1.089690,1.077970,1.078440,94349,False
2024-02-05,1.078490,1.078610,1.072250,1.074120,85149,False
2024-02-06,1.073890,1.076170,1.072200,1.075280,81165,False
2024-02-07,1.075240,1.078330,1.074870,1.077250,80042,False
2024-02-08,1.077030,1.078810,1.074080,1.077740,71966,False
2024-02-09,1.077510,1.079480,1.076140,1.078480,76013,False
2024-02-12,1.078110,1.080500,1.075530,1.077060,59656,False
2024-02-13,1.077210,1.079590,1.069990,1.070870,82048,False
2024-02-14,1.070810,1.073380,1.069420,1.072650,77712,False
2024-02-15,1.072610,1.078430,1.072390,1.077160,75475,False
2024-02-16,1.076890,1.078690,1.073140,1.077530,79032,False
2024-02-19,1.077140,1.078880,1.076120,1.077770,41414,False
2024-02-20,1.077780,1.083820,1.076090,1.080700,79079,False
2024-02-21,1.080610,1.082390,1.078920,1.081880,79883,False
2024-02-22,1.081800,1.088770,1.080200,1.082230,84755,False
2024-02-23,1.082190,1.083890,1.081110,1.081920,75830,False
2024-02-26,1.083000,1.085900,1.081190,1.085060,65117,False
2024-02-27,1.084600,1.086530,1.083220,1.084450,69076,False
2024-02-28,1.084250,1.084640,1.079580,1.083770,73464,False
2024-02-29,1.083650,1.085530,1.079530,1.080400,95937,False
2024-03-01,1.080040,1.084260,1.079750,1.083850,84348,False
2024-03-04,1.083680,1.086620,1.083670,1.085480,63945,False
2024-03-05,1.085490,1.087530,1.083950,1.085610,70433,False
2024-03-06,1.085420,1.091470,1.084140,1.089810,86647,False
2024-03-07,1.089410,1.094850,1.086690,1.094750,83433,False
2024-03-08,1.094400,1.098060,1.091830,1.093790,93962,False
2024-03-11,1.093990,1.094740,1.091390,1.092470,65170,False
2024-03-12,1.092130,1.094330,1.090160,1.092560,79828,False
2024-03-13,1.092550,1.096320,1.091930,1.094740,61667,False
2024-03-14,1.095040,1.095410,1.088000,1.088270,69190,False
2024-03-15,1.088260,1.089900,1.087220,1.088730,66032,False
2024-03-18,1.088920,1.090550,1.086530,1.087180,47494,False
2024-03-19,1.087160,1.087590,1.083400,1.086540,69751,False
2024-03-20,1.086580,1.092220,1.083580,1.092110,76894,False
2024-03-21,1.091910,1.094190,1.085480,1.085910,81777,False
2024-03-22,1.085830,1.086750,1.080100,1.080670,60882,False
2024-03-25,1.080730,1.084190,1.080140,1.083680,46438,False
2024-03-26,1.083680,1.086370,1.082360,1.083040,55670,False
2024-03-27,1.083070,1.083850,1.081010,1.082700,54511,False
2024-03-28,1.082350,1.082670,1.077430,1.078690,59626,False
2024-03-29,1.078640,1.080440,1.076710,1.079160,71426,False
2024-04-01,1.078860,1.079820,1.073020,1.074240,48024,False
2024-04-02,1.073900,1.077860,1.072380,1.076880,55382,False
2024-04-03,1.076920,1.083620,1.076330,1.083530,58389,False
2024-04-04,1.083290,1.087590,1.083120,1.083660,53783,False
2024-04-05,1.083900,1.084720,1.079070,1.083560,73260,False
2024-04-08,1.083560,1.086140,1.082010,1.085850,55742,False
2024-04-09,1.085480,1.088440,1.084700,1.085610,53250,False
2024-04-10,1.085560,1.086580,1.072810,1.074190,84629,False
2024-04-11,1.074180,1.075590,1.069850,1.072540,83575,False
2024-04-12,1.072640,1.072870,1.062200,1.064060,72275,False
2024-04-15,1.063560,1.066460,1.061960,1.062410,78711,False
2024-04-16,1.062270,1.065320,1.060040,1.061790,89346,False
2024-04-17,1.061660,1.067900,1.060540,1.067200,78662,False
2024-04-18,1.067220,1.068940,1.064070,1.064310,67238,False
2024-04-19,1.064270,1.067690,1.060970,1.065540,99058,False
2024-04-22,1.064910,1.067010,1.062330,1.065310,55822,False
2024-04-23,1.065250,1.071070,1.063780,1.070170,65418,False
2024-04-24,1.070200,1.071360,1.067730,1.069830,55043,False
2024-04-25,1.069410,1.073930,1.067760,1.072920,65815,False
2024-04-26,1.072810,1.075230,1.067330,1.069220,66252,False
2024-04-29,1.069130,1.073310,1.068950,1.071910,81579,False
2024-04-30,1.071990,1.073480,1.066400,1.066530,70013,False
2024-05-01,1.066500,1.073210,1.064860,1.071250,75799,False
2024-05-02,1.071130,1.072950,1.067350,1.072440,73145,False
2024-05-03,1.072220,1.081180,1.072220,1.076180,79339,False
2024-05-06,1.076240,1.079020,1.075440,1.076950,43391,False
2024-05-07,1.076500,1.078670,1.074730,1.075410,48540,False
2024-05-08,1.075270,1.075680,1.073420,1.074780,41408,False
2024-05-09,1.074540,1.078400,1.072330,1.078090,46525,False
2024-05-10,1.078010,1.078950,1.075960,1.076900,46318,False
2024-05-13,1.077020,1.080630,1.076500,1.078920,43997,False
2024-05-14,1.078750,1.082500,1.076630,1.081900,48939,False
2024-05-15,1.081790,1.088540,1.081220,1.088310,56830,False
2024-05-16,1.088450,1.089440,1.085380,1.086650,50556,False
2024-05-17,1.086310,1.087790,1.083510,1.086870,42795,False
2024-05-20,1.086540,1.088390,1.085360,1.085610,35611,False
2024-05-21,1.085570,1.087410,1.084200,1.085320,47900,False
2024-05-22,1.085410,1.086290,1.081670,1.082160,49871,False
2024-05-23,1.082060,1.086030,1.080410,1.081490,63490,False
2024-05-24,1.081190,1.085720,1.080480,1.084570,44153,False
2024-05-27,1.084630,1.086680,1.083980,1.085640,27385,False
2024-05-28,1.085680,1.088840,1.085070,1.085590,51614,False
2024-05-29,1.085600,1.085980,1.079920,1.080030,56892,False
2024-05-30,1.080170,1.084450,1.078750,1.083150,55967,False
2024-05-31,1.082840,1.088180,1.081070,1.084760,64466,False
2024-06-03,1.084600,1.090400,1.082710,1.090360,59097,False
2024-06-04,1.090170,1.091530,1.085830,1.087850,66584,False
2024-06-05,1.088050,1.089080,1.085380,1.086850,57261,False
2024-06-06,1.086970,1.090140,1.086120,1.088890,56592,False
2024-06-07,1.089000,1.090160,1.079860,1.080060,69167,False
2024-06-10,1.076820,1.078100,1.073210,1.076510,58584,False
2024-06-11,1.076310,1.077290,1.071890,1.073980,54984,False
2024-06-12,1.073460,1.085170,1.073390,1.080850,87675,False
2024-06-13,1.080660,1.081580,1.073220,1.073750,64324,False
2024-06-14,1.073520,1.074430,1.066680,1.069810,76315,False
2024-06-17,1.070490,1.073710,1.068570,1.073300,58430,False
2024-06-18,1.073180,1.076070,1.070940,1.073850,59177,False
2024-06-19,1.073850,1.075280,1.072410,1.074210,38610,False
2024-06-20,1.074180,1.074810,1.070120,1.070190,55164,False
2024-06-21,1.070130,1.072000,1.067020,1.069160,59949,False
2024-06-24,1.068610,1.074580,1.068290,1.073290,56180,False
2024-06-25,1.073110,1.074360,1.068990,1.071360,51587,False
2024-06-26,1.070880,1.071730,1.066530,1.067940,61050,False
2024-06-27,1.067950,1.072570,1.067630,1.070300,59143,False
2024-06-28,1.070340,1.072410,1.068480,1.071150,75234,False
2024-07-01,1.074220,1.077580,1.071890,1.073930,69224,False
2024-07-02,1.073640,1.074650,1.070920,1.074470,60155,False
2024-07-03,1.074370,1.081610,1.073560,1.078630,57743,False
2024-07-04,1.078410,1.081320,1.078150,1.081020,36202,False
2024-07-05,1.081050,1.084190,1.079840,1.083710,65324,False
2024-07-08,1.080380,1.084430,1.080100,1.082350,61744,False
2024-07-09,1.082390,1.083260,1.080470,1.081300,59774,False
2024-07-10,1.081180,1.083000,1.081020,1.082940,53829,False
2024-07-11,1.082800,1.089930,1.082560,1.086710,95972,False
2024-07-12,1.086510,1.091060,1.086090,1.090550,91617,False
2024-07-15,1.088360,1.092170,1.088250,1.089410,84426,False
2024-07-16,1.089060,1.090490,1.087080,1.089770,80616,False
2024-07-17,1.089760,1.094740,1.089430,1.093880,93470,False
2024-07-18,1.093850,1.094030,1.089280,1.089550,91247,False
2024-07-19,1.089650,1.090110,1.087500,1.087800,85335,False
2024-07-22,1.088200,1.090230,1.087230,1.089000,80609,False
2024-07-23,1.088730,1.089600,1.084310,1.085280,74317,False
2024-07-24,1.085290,1.086580,1.082480,1.083910,90188,False
2024-07-25,1.083930,1.086930,1.082760,1.084440,109531,False
2024-07-26,1.084490,1.086750,1.084140,1.085480,80400,False
2024-07-29,1.085680,1.086930,1.080210,1.082050,79601,False
2024-07-30,1.081910,1.083510,1.079740,1.081430,84034,False
2024-07-31,1.081340,1.084880,1.080110,1.082570,116762,False
2024-08-01,1.082380,1.083470,1.077670,1.079080,117083,False
2024-08-02,1.078910,1.092600,1.078110,1.091010,142445,False
2024-08-05,1.091930,1.100820,1.089170,1.095060,236394,False
2024-08-06,1.094720,1.096230,1.090310,1.093040,164978,False
2024-08-07,1.092500,1.093580,1.090460,1.092260,123359,False
2024-08-08,1.091890,1.094440,1.088070,1.091810,120726,False
2024-08-09,1.091360,1.093060,1.090830,1.091460,92355,False
2024-08-12,1.091400,1.093860,1.090930,1.093130,76072,False
2024-08-13,1.092820,1.099900,1.091300,1.099200,86048,False
2024-08-14,1.098490,1.104670,1.098170,1.101160,86915,False
2024-08-15,1.101140,1.101490,1.094890,1.097080,81685,False
2024-08-16,1.096990,1.102900,1.096990,1.102680,73279,False
2024-08-19,1.102630,1.108590,1.102210,1.108460,80847,False
2024-08-20,1.108130,1.112970,1.107110,1.112890,93028,False
2024-08-21,1.112570,1.117330,1.109830,1.114930,95266,False
2024-08-22,1.114510,1.116410,1.109740,1.111060,91177,False
2024-08-23,1.110920,1.120020,1.110480,1.119150,102172,False
2024-08-26,1.118610,1.120090,1.114930,1.116010,95412,False
2024-08-27,1.115890,1.118990,1.114920,1.118350,83909,False
2024-08-28,1.118050,1.118420,1.110420,1.111930,93726,False
2024-08-29,1.111880,1.113920,1.105490,1.107730,102979,False
2024-08-30,1.107410,1.109430,1.104320,1.104580,97003,False
2024-09-02,1.104490,1.107660,1.104120,1.107180,58144,False
2024-09-03,1.106640,1.107220,1.102560,1.104260,101767,False
2024-09-04,1.104200,1.109440,1.103700,1.108230,100247,False
2024-09-05,1.108210,1.111900,1.107400,1.110990,101712,False
2024-09-06,1.110890,1.115470,1.106490,1.108460,136886,False
2024-09-09,1.107980,1.109030,1.103310,1.103430,82539,False
2024-09-10,1.103400,1.104880,1.101450,1.101860,76047,False
2024-09-11,1.101880,1.105420,1.100120,1.101100,104425,False
2024-09-12,1.101110,1.107440,1.100470,1.107390,90785,False
2024-09-13,1.107310,1.110120,1.106960,1.107450,89868,False
2024-09-16,1.107590,1.113690,1.107350,1.113180,78929,False
2024-09-17,1.113190,1.114550,1.111000,1.111300,92417,False
2024-09-18,1.111290,1.118840,1.109590,1.111690,117447,False
2024-09-19,1.111220,1.117810,1.106780,1.116080,126044,False
2024-09-20,1.116100,1.118120,1.113530,1.116250,107605,False
2024-09-23,1.115780,1.116650,1.108230,1.111000,99083,False
2024-09-24,1.111050,1.118020,1.110280,1.117890,89839,False
2024-09-25,1.117900,1.121330,1.112080,1.113230,92771,False
2024-09-26,1.113040,1.118860,1.112490,1.117580,106658,False
2024-09-27,1.117510,1.120230,1.112400,1.116250,118013,False
2024-09-30,1.115450,1.120810,1.111290,1.113410,110504,False
2024-10-01,1.112930,1.114340,1.104510,1.106690,128195,False
2024-10-02,1.106400,1.108220,1.103190,1.104440,103826,False
2024-10-03,1.104530,1.104890,1.100750,1.102900,113597,False
2024-10-04,1.102990,1.103880,1.095060,1.097370,145178,False
2024-10-07,1.096280,1.098610,1.095340,1.097380,145985,False
2024-10-08,1.097090,1.099650,1.096010,1.097990,136579,False
2024-10-09,1.097270,1.098020,1.093540,1.093930,124069,False
2024-10-10,1.093740,1.095430,1.089940,1.093620,158405,False
2024-10-11,1.092430,1.095300,1.092430,1.093600,99627,False
2024-10-14,1.093190,1.093590,1.088740,1.090850,92600,False
2024-10-15,1.090560,1.091600,1.088110,1.089060,110300,False
2024-10-16,1.088950,1.090080,1.085240,1.086110,108487,False
2024-10-17,1.085810,1.087320,1.081030,1.082990,132161,False
2024-10-18,1.082530,1.086880,1.082460,1.086630,100003,False
2024-10-21,1.085970,1.087090,1.081030,1.081380,101766,False
2024-10-22,1.081400,1.083730,1.079180,1.079810,107934,False
2024-10-23,1.079680,1.080600,1.076050,1.078150,117711,False
2024-10-24,1.078170,1.082920,1.076970,1.082710,133213,False
2024-10-25,1.082560,1.083860,1.079220,1.079510,105179,False
2024-10-28,1.079150,1.082690,1.078130,1.081100,113728,False
2024-10-29,1.081230,1.082560,1.076810,1.081770,140424,False
2024-10-30,1.081310,1.087080,1.080720,1.085590,142476,False
2024-10-31,1.085190,1.088750,1.084330,1.088270,161366,False
2024-11-01,1.088430,1.090510,1.083100,1.083280,142067,False
2024-11-04,1.088020,1.091410,1.086910,1.087620,135549,False
2024-11-05,1.087710,1.093590,1.087180,1.092880,100436,False
2024-11-06,1.092560,1.093650,1.068180,1.072820,398838,False
2024-11-07,1.072860,1.082410,1.071210,1.080250,200127,False
2024-11-08,1.080420,1.080460,1.068600,1.071780,163576,False
2024-11-11,1.070720,1.072720,1.062780,1.065510,122065,False
2024-11-12,1.065110,1.066240,1.059420,1.062290,144282,False
2024-11-13,1.061970,1.065330,1.055490,1.056340,179758,False
2024-11-14,1.056180,1.058170,1.049560,1.052910,179321,False
2024-11-15,1.052780,1.059220,1.051570,1.053890,178903,False
2024-11-18,1.052930,1.060650,1.052850,1.059770,132842,False
2024-11-19,1.059740,1.060050,1.052250,1.059550,175797,False
2024-11-20,1.058980,1.060910,1.050600,1.054280,132463,False
2024-11-21,1.054040,1.055420,1.046130,1.047370,151634,False
2024-11-22,1.047230,1.049730,1.033090,1.041410,197952,False
2024-11-25,1.047620,1.052960,1.044830,1.049560,182192,False
2024-11-26,1.049040,1.054410,1.042420,1.048850,211047,False
2024-11-27,1.048480,1.058700,1.047370,1.056600,184878,False
2024-11-28,1.056300,1.056860,1.052670,1.055320,118021,False
2024-11-29,1.054730,1.059660,1.054070,1.057600,188061,False
2024-12-02,1.056450,1.056930,1.045970,1.049800,224046,False
2024-12-03,1.049780,1.053430,1.047980,1.050880,163342,False
2024-12-04,1.050520,1.054340,1.047150,1.050940,183357,False
2024-12-05,1.050730,1.058890,1.050710,1.058680,144456,False
2024-12-06,1.058750,1.062930,1.054150,1.056620,156813,False
2024-12-09,1.055690,1.059370,1.053140,1.055290,127133,False
2024-12-10,1.055210,1.056750,1.049780,1.052680,128726,False
2024-12-11,1.052630,1.053860,1.047940,1.049500,167050,False
2024-12-12,1.049210,1.053020,1.046310,1.046570,177799,False
2024-12-13,1.046710,1.052360,1.045250,1.050140,138932,False
2024-12-16,1.048530,1.052410,1.047380,1.051010,132411,False
2024-12-17,1.050940,1.053370,1.047840,1.049080,135615,False
2024-12-18,1.049150,1.051220,1.034320,1.034880,173985,False
2024-12-19,1.034890,1.042170,1.034660,1.036270,199843,False
2024-12-20,1.036110,1.044670,1.034220,1.042500,173942,False
2024-12-23,1.042960,1.044470,1.038360,1.040550,109526,False
2024-12-24,1.040460,1.040930,1.038290,1.039180,75060,False
2024-12-26,1.039930,1.042920,1.038970,1.042190,83347,False
2024-12-27,1.041650,1.044340,1.040440,1.042270,94367,False
2024-12-30,1.042920,1.045770,1.037100,1.040600,113857,False
2024-12-31,1.039820,1.042360,1.034320,1.035220,122010,False
2025-01-02,1.035100,1.037520,1.022320,1.026620,162990,False
2025-01-03,1.025500,1.030920,1.025500,1.030810,115944,False
2025-01-06,1.030280,1.043620,1.029460,1.038940,199453,False
2025-01-07,1.038090,1.043380,1.033870,1.033960,159695,False
2025-01-08,1.033890,1.035700,1.027240,1.031800,168443,False
2025-01-09,1.031560,1.032080,1.028280,1.029900,109898,False
2025-01-10,1.029860,1.031130,1.021180,1.024030,178804,False
2025-01-13,1.023540,1.024930,1.017710,1.024030,162314,False
2025-01-14,1.024160,1.030780,1.023770,1.030730,171360,False
2025-01-15,1.030300,1.035380,1.025720,1.028950,155515,False
2025-01-16,1.028460,1.031440,1.025980,1.030120,160175,False
2025-01-17,1.029550,1.033000,1.026450,1.026830,141219,False
2025-01-20,1.027750,1.043380,1.026560,1.041610,187472,False
2025-01-21,1.040930,1.043470,1.034090,1.042440,214932,False
2025-01-22,1.042460,1.045660,1.039140,1.040920,148134,False
2025-01-23,1.040840,1.043730,1.037130,1.041470,165378,False
2025-01-24,1.041270,1.052070,1.041080,1.049030,174843,False
2025-01-27,1.047860,1.053250,1.045310,1.049120,178570,False
2025-01-28,1.049080,1.049270,1.041300,1.042990,166715,False
2025-01-29,1.042720,1.044310,1.038150,1.041920,173910,False
2025-01-30,1.041720,1.046700,1.038540,1.039130,169642,False
2025-01-31,1.039390,1.043320,1.034920,1.035760,217371,False
2025-02-03,1.024310,1.034950,1.020940,1.034180,332786,False
2025-02-04,1.033360,1.038700,1.027100,1.037810,178263,False
2025-02-05,1.037370,1.044230,1.036890,1.040190,156914,False
2025-02-06,1.040330,1.040520,1.035180,1.038200,136702,False
2025-02-07,1.038480,1.041230,1.030440,1.032610,183108,False
2025-02-10,1.028750,1.033580,1.027880,1.030620,112919,False
2025-02-11,1.030730,1.038080,1.029140,1.036040,119270,False
2025-02-12,1.036050,1.042920,1.031620,1.038160,172830,False
2025-02-13,1.038230,1.046650,1.037220,1.046380,194886,False
2025-02-14,1.046280,1.051370,1.044640,1.049110,137049,False
2025-02-17,1.048500,1.050570,1.046630,1.048240,88959,False
2025-02-18,1.047540,1.048560,1.043440,1.044520,115718,False
2025-02-19,1.044550,1.046070,1.040010,1.042170,121370,False
2025-02-20,1.041990,1.050280,1.041790,1.050070,129018,False
2025-02-21,1.049400,1.050510,1.044860,1.045580,136601,False
2025-02-24,1.046700,1.052760,1.045200,1.046740,165350,False
2025-02-25,1.046830,1.051870,1.045550,1.051410,145796,False
2025-02-26,1.051350,1.052810,1.047430,1.048410,160618,False
2025-02-27,1.048110,1.049180,1.039600,1.039800,160237,False
2025-02-28,1.039810,1.041930,1.035930,1.037430,170856,False
2025-03-03,1.040390,1.050330,1.038780,1.048660,189207,False
2025-03-04,1.048730,1.062690,1.047020,1.062490,233057,False
2025-03-05,1.062000,1.079610,1.060120,1.078860,280850,False
2025-03-06,1.078960,1.085290,1.076500,1.078260,265706,False
2025-03-07,1.078270,1.088810,1.077920,1.083110,225815,False
2025-03-10,1.082600,1.087390,1.080420,1.083500,201592,False
2025-03-11,1.083220,1.094640,1.083140,1.091860,203562,False
2025-03-12,1.091780,1.093100,1.087490,1.088680,195928,False
2025-03-13,1.088830,1.089660,1.082180,1.085160,181267,False
2025-03-14,1.084640,1.091190,1.082990,1.087480,168571,False
2025-03-17,1.087800,1.092910,1.086780,1.092180,129251,False
2025-03-18,1.092100,1.095410,1.089180,1.094270,118895,False
2025-03-19,1.094280,1.094540,1.085980,1.090130,143874,False
2025-03-20,1.090180,1.091660,1.081390,1.085270,130656,False
2025-03-21,1.084820,1.086070,1.079620,1.081230,116002,False
2025-03-24,1.081380,1.085760,1.078080,1.080040,136246,False
2025-03-25,1.080040,1.082950,1.077630,1.079050,115335,False
2025-03-26,1.078900,1.080210,1.074320,1.075180,124703,False
2025-03-27,1.075520,1.082050,1.073220,1.080110,131881,False
2025-03-28,1.079760,1.084410,1.076380,1.082820,116731,False
2025-03-31,1.082490,1.084880,1.078320,1.081420,142855,False
2025-04-01,1.081690,1.082930,1.077750,1.079160,129993,False
2025-04-02,1.078970,1.092370,1.077950,1.085580,157743,False
2025-04-03,1.083990,1.114540,1.080450,1.105050,364371,False
2025-04-04,1.105020,1.110700,1.092350,1.096350,469217,False
2025-04-07,1.088910,1.104950,1.087870,1.090330,512444,False
2025-04-08,1.090480,1.099120,1.088750,1.095750,323614,False
2025-04-09,1.095150,1.109450,1.091250,1.094710,562497,False
2025-04-10,1.094810,1.124100,1.094220,1.120090,391092,False
2025-04-11,1.118970,1.147320,1.118630,1.135840,598279,False
2025-04-14,1.131640,1.142390,1.129520,1.134820,320958,False
2025-04-15,1.134290,1.137840,1.126330,1.128090,238236,False
2025-04-16,1.128020,1.141210,1.127870,1.139770,289974,False
2025-04-17,1.139790,1.140860,1.133440,1.136290,255008,False
2025-04-18,1.136230,1.139690,1.135670,1.139020,198710,False
2025-04-21,1.139500,1.157260,1.139370,1.151130,238192,False
2025-04-22,1.150850,1.154670,1.141680,1.141990,267796,False
2025-04-23,1.142120,1.143930,1.130720,1.131430,332523,False
2025-04-24,1.131440,1.139740,1.131350,1.138800,202554,False
2025-04-25,1.138390,1.139110,1.131480,1.136200,181446,False
2025-04-28,1.136160,1.142430,1.132870,1.141990,169161,False
2025-04-29,1.142030,1.142130,1.136950,1.138110,181479,False
2025-04-30,1.138310,1.139900,1.131640,1.132810,192418,False
2025-05-01,1.132800,1.134030,1.126510,1.128820,160024,False
2025-05-02,1.128640,1.138040,1.127350,1.129750,209939,False
2025-05-05,1.130130,1.136430,1.129220,1.131400,161938,False
2025-05-06,1.131270,1.138060,1.127900,1.136710,170685,False
2025-05-07,1.136470,1.137760,1.129120,1.129900,211306,False
2025-05-08,1.130430,1.133570,1.121130,1.122750,207395,False
2025-05-09,1.122180,1.129220,1.119580,1.124590,143761,False
2025-05-12,1.119620,1.124200,1.106460,1.108550,253287,False
2025-05-13,1.108870,1.119420,1.108530,1.118380,168668,False
2025-05-14,1.118410,1.126530,1.116390,1.117040,199684,False
2025-05-15,1.117810,1.122760,1.116960,1.118360,158097,False
2025-05-16,1.118600,1.121890,1.113030,1.116270,144914,False
2025-05-19,1.117380,1.128760,1.116760,1.123940,180118,False
2025-05-20,1.123770,1.128530,1.121720,1.128230,153292,False
2025-05-21,1.128130,1.136210,1.127830,1.133020,184405,False
2025-05-22,1.132490,1.134420,1.125490,1.127840,197626,False
2025-05-23,1.127920,1.137520,1.127820,1.136210,192447,False
2025-05-26,1.136450,1.141820,1.136000,1.138610,111429,False
2025-05-27,1.138060,1.140670,1.132250,1.132680,160089,False
2025-05-28,1.132760,1.134450,1.128310,1.128910,166223,False
2025-05-29,1.129050,1.138400,1.120960,1.136430,216676,False
2025-05-30,1.136870,1.138920,1.131180,1.134650,198995,False
2025-06-02,1.134410,1.144910,1.134310,1.144270,173312,False
2025-06-03,1.143870,1.145400,1.136320,1.136920,154152,False
2025-06-04,1.137100,1.143380,1.135640,1.141590,166047,False
2025-06-05,1.141470,1.149440,1.140380,1.144350,194634,False
2025-06-06,1.144230,1.145660,1.137090,1.139510,163987,False
2025-06-09,1.139420,1.143860,1.138580,1.141980,107065,False
2025-06-10,1.141890,1.144710,1.137220,1.142440,143970,False
2025-06-11,1.142200,1.149890,1.140450,1.148700,159375,False
2025-06-12,1.148480,1.163120,1.148400,1.158420,201200,False
2025-06-13,1.158210,1.161370,1.148810,1.154680,237720,False
2025-06-16,1.153100,1.161400,1.152280,1.155970,181047,False
2025-06-17,1.156030,1.157980,1.147390,1.147980,188435,False
2025-06-18,1.147630,1.152940,1.146000,1.148020,204803,False
2025-06-19,1.147450,1.149940,1.144540,1.149580,148143,False
2025-06-20,1.149070,1.154320,1.149070,1.152110,159062,False
2025-06-23,1.145490,1.158110,1.145170,1.157780,235833,False
2025-06-24,1.157710,1.164090,1.157350,1.160760,208116,False
2025-06-25,1.160640,1.166450,1.158920,1.165900,149471,False
2025-06-26,1.165540,1.174460,1.165270,1.170080,197808,False
2025-06-27,1.169740,1.175310,1.168020,1.171420,177525,False
2025-06-30,1.172910,1.178780,1.170710,1.178720,166463,False
2025-07-01,1.178160,1.182920,1.176050,1.180500,175154,False
2025-07-02,1.180030,1.180920,1.174610,1.179810,164087,False
2025-07-03,1.179520,1.180930,1.171630,1.175670,147275,False
2025-07-04,1.175820,1.178680,1.175130,1.177240,134213,False
2025-07-07,1.178150,1.178950,1.168580,1.170770,142019,False
2025-07-08,1.170680,1.176450,1.168170,1.172480,157878,False
2025-07-09,1.171610,1.172850,1.168890,1.172080,136586,False
2025-07-10,1.171530,1.174900,1.166160,1.169990,119577,False
2025-07-11,1.169730,1.171330,1.166390,1.168950,151481,False
2025-07-14,1.166520,1.169710,1.165340,1.166470,119055,False
2025-07-15,1.166200,1.169200,1.159210,1.160170,129826,False
2025-07-16,1.159870,1.172090,1.156160,1.163910,213996,False
2025-07-17,1.163300,1.164170,1.155590,1.159670,120674,False
2025-07-18,1.158900,1.167120,1.158900,1.162110,116494,False
2025-07-21,1.162470,1.171600,1.161390,1.169220,112781,False
2025-07-22,1.169030,1.176010,1.167800,1.175350,105511,False
2025-07-23,1.175360,1.177450,1.171030,1.177180,152386,False
2025-07-24,1.176740,1.178800,1.172970,1.174830,138711,False
2025-07-25,1.173760,1.176030,1.170230,1.173970,146725,False
2025-07-28,1.175210,1.176990,1.158450,1.158730,166350,False
2025-07-29,1.158870,1.159860,1.151830,1.154460,166722,False
2025-07-30,1.154590,1.157200,1.140010,1.140450,189355,False
2025-07-31,1.140470,1.146010,1.140160,1.141400,156300,False
2025-08-01,1.141530,1.159630,1.139080,1.158640,245375,False
2025-08-04,1.159100,1.159630,1.154870,1.157170,167944,False
2025-08-05,1.156680,1.158730,1.152710,1.157420,139017,False
2025-08-06,1.157200,1.166770,1.156360,1.165930,125522,False
2025-08-07,1.165300,1.169800,1.161020,1.166320,149730,False
2025-08-08,1.166150,1.167850,1.162810,1.163920,124656,False
2025-08-11,1.164460,1.167480,1.158930,1.161520,106961,False
2025-08-12,1.161220,1.169670,1.159800,1.167250,187443,False
2025-08-13,1.167540,1.172950,1.166760,1.170420,119581,False
2025-08-14,1.170090,1.171460,1.163020,1.164770,144502,False
2025-08-15,1.164870,1.171460,1.164540,1.170110,112683,False
2025-08-18,1.170930,1.171530,1.165520,1.166050,101095,False
2025-08-19,1.166020,1.169210,1.163830,1.164560,100264,False
2025-08-20,1.164430,1.167320,1.162130,1.164920,112856,False
2025-08-21,1.165050,1.166220,1.160030,1.160560,120405,False
2025-08-22,1.160260,1.174190,1.158210,1.172080,146755,False
2025-08-25,1.172160,1.172580,1.160190,1.161840,100761,False
2025-08-26,1.161750,1.166460,1.160140,1.163970,146200,False
2025-08-27,1.164360,1.164710,1.157320,1.163680,111719,False
2025-08-28,1.163480,1.169680,1.162820,1.168160,112674,False
2025-08-29,1.167930,1.170820,1.164990,1.168400,117171,False
2025-09-01,1.169440,1.173570,1.168540,1.171060,82695,False
2025-09-02,1.170820,1.171760,1.161210,1.164120,167778,False
2025-09-03,1.163720,1.168140,1.160740,1.166030,127372,False
2025-09-04,1.165770,1.166870,1.162920,1.164970,117119,False
2025-09-05,1.164700,1.175870,1.164560,1.171530,151456,False
2025-09-08,1.171250,1.176510,1.170280,1.176220,121790,False
2025-09-09,1.176080,1.177940,1.170310,1.171010,141483,False
2025-09-10,1.170750,1.173030,1.168150,1.169300,143171,False
2025-09-11,1.169460,1.174530,1.165870,1.173460,154057,False
2025-09-12,1.173060,1.174700,1.170030,1.173550,120291,False
2025-09-15,1.172810,1.177370,1.171540,1.176010,102430,False
2025-09-16,1.176190,1.187760,1.175660,1.186580,154981,False
2025-09-17,1.185690,1.191800,1.180710,1.181160,185865,False
2025-09-18,1.181170,1.184750,1.174930,1.178530,181122,False
2025-09-19,1.178390,1.179190,1.172800,1.174400,158089,False
2025-09-22,1.173350,1.180240,1.172540,1.180150,115233,False
2025-09-23,1.179560,1.181930,1.177770,1.181400,139777,False
2025-09-24,1.181170,1.181850,1.172740,1.173720,145260,False
2025-09-25,1.173850,1.175320,1.164490,1.166520,161287,False
2025-09-26,1.165650,1.170650,1.165490,1.169930,153201,False
2025-09-29,1.169810,1.175380,1.169810,1.172600,131691,False
2025-09-30,1.172320,1.176090,1.171130,1.173290,144958,False
2025-10-01,1.173270,1.177800,1.171470,1.173020,199999,False
2025-10-02,1.172820,1.175760,1.168240,1.171560,138026,False
2025-10-03,1.171380,1.175860,1.171380,1.174170,126796,False
2025-10-06,1.172370,1.173020,1.165100,1.171260,178700,False
2025-10-07,1.170620,1.171380,1.164680,1.165750,137176,False
2025-10-08,1.165380,1.166060,1.159770,1.162640,158224,False
2025-10-09,1.162250,1.164750,1.154130,1.156390,183819,False
2025-10-10,1.155600,1.162990,1.155600,1.161830,178528,False
2025-10-13,1.160860,1.162910,1.155670,1.156970,149486,False
2025-10-14,1.156750,1.161450,1.154170,1.160700,198052,False
2025-10-15,1.160710,1.164690,1.160110,1.164580,164122,False
2025-10-16,1.164410,1.169340,1.164140,1.168670,179410,False
2025-10-17,1.168070,1.172770,1.164930,1.165020,189208,False
2025-10-20,1.166390,1.167490,1.163740,1.164030,136710,False
2025-10-21,1.164080,1.165450,1.159680,1.159910,167884,False
2025-10-22,1.159880,1.162170,1.157620,1.160910,145325,False
2025-10-23,1.160830,1.161950,1.158470,1.161720,111400,False
2025-10-24,1.161480,1.164810,1.160010,1.162380,140613,False
2025-10-27,1.163450,1.165130,1.161700,1.164400,114009,False
2025-10-28,1.164420,1.166790,1.162480,1.165120,126107,False
2025-10-29,1.165030,1.166510,1.157680,1.159970,179062,False
2025-10-30,1.160020,1.163670,1.154620,1.156440,157042,False
2025-10-31,1.156530,1.157670,1.152070,1.153550,122525,False
2025-11-03,1.152900,1.154050,1.150450,1.151820,122620,False
2025-11-04,1.151620,1.153290,1.147240,1.148180,118120,False
2025-11-05,1.148100,1.149730,1.146780,1.149150,115553,False
2025-11-06,1.148990,1.155150,1.148950,1.154600,116101,False
2025-11-07,1.154050,1.159030,1.152870,1.156520,112540,False
2025-11-10,1.155460,1.158230,1.154040,1.155610,110113,False
2025-11-11,1.155140,1.160510,1.154650,1.158170,105547,False
2025-11-12,1.158440,1.159690,1.156220,1.159220,100805,False
2025-11-13,1.159210,1.165530,1.157810,1.163350,124588,False
2025-11-14,1.163510,1.165300,1.160520,1.162070,143187,False
2025-11-17,1.161490,1.162380,1.158120,1.159150,100026,False
2025-11-18,1.159030,1.160710,1.157070,1.157970,117648,False
2025-11-19,1.157680,1.159680,1.151700,1.153720,127761,False
2025-11-20,1.153810,1.154920,1.149860,1.152770,148588,False
2025-11-21,1.152250,1.155170,1.149040,1.151190,149802,False
2025-11-24,1.151430,1.154970,1.150110,1.152060,102703,False
2025-11-25,1.151700,1.158530,1.151080,1.156890,138125,False
2025-11-26,1.156790,1.160010,1.154630,1.159530,149322,False
2025-11-27,1.158850,1.161270,1.157580,1.159500,78895,False
2025-11-28,1.159200,1.160690,1.155460,1.159420,199089,False
2025-12-01,1.158990,1.165190,1.158860,1.160830,139761,False
2025-12-02,1.160790,1.162520,1.159030,1.162460,104878,False
2025-12-03,1.162210,1.167700,1.161950,1.167050,117229,False
2025-12-04,1.167070,1.168120,1.164020,1.164400,118825,False
2025-12-05,1.164450,1.167100,1.162720,1.164270,110151,False
2025-12-08,1.163510,1.167130,1.161560,1.163600,121531,False
2025-12-09,1.163140,1.165650,1.161430,1.162580,109985,False
2025-12-10,1.162250,1.169890,1.162080,1.169490,141026,False
2025-12-11,1.168780,1.176210,1.168150,1.173750,118968,False
2025-12-12,1.173750,1.174900,1.171880,1.173880,101241,False
2025-12-15,1.172800,1.176820,1.172570,1.175300,98719,False
2025-12-16,1.174710,1.180340,1.173350,1.174690,127183,False
2025-12-17,1.174560,1.175730,1.170230,1.173900,115832,False
2025-12-18,1.173710,1.176210,1.171160,1.172270,124570,False
2025-12-19,1.171730,1.173700,1.170160,1.170810,103809,False
2025-12-22,1.171540,1.176860,1.170570,1.176100,88226,False
2025-12-23,1.175300,1.180140,1.175210,1.179240,101718,False
2025-12-24,1.178960,1.180720,1.177180,1.177480,89168,False
2025-12-26,1.177550,1.179590,1.176080,1.176940,120235,False
2025-12-29,1.176300,1.178840,1.174860,1.177170,110313,False
2025-12-30,1.176680,1.177910,1.174260,1.174710,88246,False
2025-12-31,1.174340,1.175870,1.171920,1.174490,98214,False
2026-01-02,1.174480,1.176420,1.171240,1.171870,93337,False
2026-01-05,1.171890,1.172810,1.165830,1.172080,125047,False
2026-01-06,1.171830,1.174210,1.168320,1.168800,108960,False
2026-01-07,1.168510,1.170190,1.167210,1.167520,107532,False
2026-01-08,1.167380,1.168220,1.164180,1.165790,92793,False
2026-01-09,1.165430,1.166150,1.161730,1.163300,112848,False
2026-01-12,1.162800,1.169780,1.162080,1.166590,106474,False
2026-01-13,1.166660,1.167680,1.163340,1.164170,105906,False
2026-01-14,1.164060,1.166090,1.163450,1.164460,98209,False
2026-01-15,1.164580,1.164630,1.159230,1.160850,103044,False
2026-01-16,1.160420,1.162670,1.158370,1.159790,100753,False
2026-01-19,1.157850,1.164810,1.157640,1.164520,96680,False
2026-01-20,1.164090,1.176840,1.163170,1.172580,159136,False
2026-01-21,1.171950,1.174220,1.167530,1.168660,146415,False
2026-01-22,1.168190,1.175580,1.166890,1.175430,109219,False
2026-01-23,1.175070,1.183310,1.172750,1.182530,132460,False
2026-01-26,1.186030,1.190630,1.183410,1.187910,183615,False
2026-01-27,1.187320,1.208210,1.184950,1.203950,210888,False
2026-01-28,1.203670,1.204680,1.189480,1.195290,227691,False
2026-01-29,1.195440,1.199590,1.190540,1.196980,216215,False
2026-01-30,1.196470,1.197400,1.184790,1.184950,272678,False
2026-02-02,1.184710,1.187400,1.177520,1.178950,231634,False
2026-02-03,1.178300,1.182840,1.177930,1.181700,151751,False
2026-02-04,1.181320,1.183720,1.178960,1.180470,151971,False
2026-02-05,1.180230,1.182110,1.177410,1.177830,171251,False
2026-02-06,1.177620,1.182550,1.176480,1.181360,113572,False
2026-02-09,1.181030,1.192600,1.180890,1.191420,147532,False
2026-02-10,1.190680,1.192800,1.188590,1.189400,124946,False
2026-02-11,1.189010,1.192650,1.183220,1.187050,165735,False
2026-02-12,1.186880,1.188930,1.185170,1.187020,146898,False
2026-02-13,1.186540,1.188380,1.184640,1.186670,128381,False
2026-02-16,1.186590,1.186980,1.184550,1.185010,64843,False
2026-02-17,1.184870,1.185390,1.180420,1.185260,118217,False
2026-02-18,1.185110,1.185690,1.178130,1.178280,99772,False
2026-02-19,1.178310,1.180690,1.174130,1.177080,119846,False
2026-02-20,1.176820,1.180670,1.174260,1.178060,170121,False
2026-02-23,1.179130,1.183400,1.177370,1.178440,129335,False
2026-02-24,1.178490,1.179560,1.176540,1.177300,106499,False
2026-02-25,1.177110,1.181360,1.177030,1.180920,107043,False
2026-02-26,1.180650,1.182820,1.177320,1.179670,110939,False
2026-02-27,1.179270,1.182620,1.178820,1.181540,114466,False
2026-03-02,1.176610,1.179510,1.167110,1.168920,200159,False
2026-03-03,1.168420,1.170610,1.152940,1.161170,258949,False
2026-03-04,1.160870,1.165410,1.157390,1.163440,200441,False
2026-03-05,1.162580,1.164670,1.155810,1.160760,233365,False
2026-03-06,1.160640,1.162070,1.154520,1.161560,227134,False
2026-03-09,1.154610,1.163690,1.150620,1.163600,326665,False
2026-03-10,1.163530,1.166650,1.160480,1.160750,227030,False
2026-03-11,1.160780,1.164460,1.155990,1.156610,199018,False
2026-03-12,1.156600,1.157330,1.150890,1.151010,166484,False
2026-03-13,1.151130,1.152890,1.141020,1.141560,175876,False
2026-03-16,1.142080,1.152420,1.141340,1.150490,154131,False
2026-03-17,1.150460,1.154630,1.146510,1.153910,125892,False
2026-03-18,1.153500,1.155450,1.144910,1.145050,162106,False
2026-03-19,1.145000,1.161550,1.144210,1.158810,270415,False
2026-03-20,1.158760,1.159420,1.152370,1.156970,186939,False
2026-03-23,1.153680,1.163910,1.148370,1.161010,386377,False
2026-03-24,1.161020,1.162760,1.155610,1.160660,262964,False
2026-03-25,1.160360,1.162980,1.155460,1.155840,187724,False
2026-03-26,1.155810,1.157160,1.151870,1.152800,154531,False
2026-03-27,1.152820,1.154710,1.150100,1.150840,144646,False
2026-03-30,1.150140,1.152050,1.144240,1.146080,150766,False
2026-03-31,1.145620,1.156270,1.144610,1.155230,225770,False
2026-04-01,1.155200,1.162640,1.155120,1.158990,197195,False
2026-04-02,1.158380,1.160490,1.150840,1.153910,211201,False
2026-04-03,1.153350,1.154850,1.150910,1.151720,52698,False
2026-04-06,1.152190,1.157080,1.150430,1.154250,148271,False
2026-04-07,1.153750,1.160430,1.152330,1.159630,183209,False
2026-04-08,1.159400,1.172100,1.158820,1.166120,309725,False
2026-04-09,1.165650,1.172260,1.164970,1.169790,139036,False
2026-04-10,1.169790,1.173880,1.167650,1.172220,126580,False
2026-04-13,1.166440,1.176530,1.166320,1.175760,140988,False
2026-04-14,1.175380,1.181040,1.175260,1.179480,121455,False
2026-04-15,1.179390,1.180730,1.177110,1.179860,127444,False
2026-04-16,1.179640,1.182310,1.176600,1.178150,117688,False
2026-04-17,1.177460,1.184850,1.175980,1.176300,155946,False
2026-04-20,1.173900,1.178960,1.172770,1.178630,140697,False
2026-04-21,1.178470,1.179030,1.171780,1.174280,162905,False
2026-04-22,1.174600,1.176190,1.170230,1.170540,117485,False
2026-04-23,1.170480,1.171580,1.166830,1.168200,168094,False
2026-04-24,1.167880,1.172260,1.167210,1.171700,130133,False
2026-04-27,1.169610,1.175430,1.169510,1.171910,98006,False
2026-04-28,1.171810,1.172620,1.167670,1.171170,126153,False
2026-04-29,1.171000,1.171990,1.166040,1.167470,144527,False
2026-04-30,1.167390,1.174090,1.165430,1.172850,218533,False
2026-05-01,1.172800,1.178450,1.171460,1.171980,141614,False
2026-05-04,1.174560,1.174840,1.168030,1.169100,170529,False
2026-05-05,1.168780,1.171290,1.167570,1.169200,113238,False
2026-05-06,1.169130,1.179590,1.169080,1.174760,180857,False
2026-05-07,1.174250,1.177750,1.172150,1.172290,157785,False
2026-05-08,1.172390,1.178720,1.172240,1.178380,125163,False
2026-05-11,1.175030,1.178710,1.174330,1.178150,98484,False
2026-05-12,1.177780,1.178700,1.172090,1.173940,123907,False
2026-05-13,1.173480,1.174090,1.169450,1.171280,99104,False
2026-05-14,1.170590,1.172080,1.166490,1.166880,109006,False
2026-05-15,1.166650,1.167250,1.161620,1.162440,140119,False
2026-05-18,1.161610,1.166030,1.160740,1.165540,152248,False
2026-05-19,1.165390,1.166090,1.159130,1.160570,132594,False
2026-05-20,1.160050,1.164450,1.158190,1.162470,150655,False
2026-05-21,1.161920,1.163490,1.157540,1.161640,174269,False
2026-05-22,1.161440,1.162120,1.158750,1.160090,107301,False
2026-05-25,1.163490,1.165200,1.162860,1.164230,67646,False
2026-05-26,1.163640,1.164450,1.161560,1.163080,88768,False
2026-05-27,1.162390,1.166060,1.162140,1.162490,117302,False
2026-05-28,1.162420,1.166060,1.158540,1.164890,124280,False
2026-05-29,1.164880,1.168510,1.162430,1.165980,113591,False
2026-06-01,1.165210,1.166400,1.160600,1.163130,123672,False
2026-06-02,1.162510,1.165500,1.161270,1.163000,84004,False
2026-06-03,1.162490,1.163270,1.159410,1.159780,105799,False
2026-06-04,1.159530,1.164480,1.159380,1.161020,90191,False
2026-06-05,1.161160,1.164380,1.151720,1.151770,131400,False
2026-06-08,1.150900,1.155400,1.149890,1.153140,144995,False
2026-06-09,1.153470,1.157730,1.152620,1.154310,126138,False
2026-06-10,1.154230,1.157240,1.153240,1.153470,150032,False
2026-06-11,1.153450,1.158910,1.150210,1.157820,182751,False
2026-06-12,1.157630,1.158890,1.155630,1.156590,146772,False
2026-06-15,1.157320,1.162140,1.156880,1.158850,103808,False
2026-06-16,1.158890,1.161890,1.157410,1.160760,92683,False
2026-06-17,1.160700,1.161600,1.147700,1.150100,158671,False
2026-06-18,1.150040,1.152750,1.145050,1.145700,149104,False
2026-06-19,1.145970,1.147990,1.141710,1.146700,97012,False
2026-06-22,1.146180,1.147280,1.141820,1.142760,121715,False
2026-06-23,1.142260,1.143820,1.137500,1.138090,110927,False
2026-06-24,1.138280,1.138330,1.132380,1.135770,128937,False
2026-06-25,1.135680,1.138740,1.133270,1.136930,123279,False
2026-06-26,1.136690,1.143310,1.135350,1.138360,125139,False
2026-06-29,1.138470,1.142990,1.137930,1.142330,102520,False
2026-06-30,1.142190,1.143590,1.138190,1.142100,114859,False
2026-07-01,1.141700,1.142200,1.136100,1.137740,126627,False
2026-07-02,1.137550,1.147210,1.137420,1.143260,156369,False
2026-07-03,1.142820,1.146150,1.141990,1.143560,83573,False
2026-07-06,1.143350,1.144420,1.140780,1.144000,87599,False
2026-07-07,1.144100,1.144730,1.140720,1.141050,98316,False
2026-07-08,1.140890,1.143080,1.139040,1.141530,140497,False
2026-07-09,1.141360,1.144870,1.141360,1.142930,87172,False
2026-07-10,1.143030,1.146010,1.141070,1.141410,105553,False
2026-07-13,1.140080,1.144500,1.137670,1.137980,127018,False
2026-07-14,1.137930,1.146180,1.137740,1.142000,149996,False
2026-07-15,1.141860,1.148170,1.140520,1.146280,120202,False
2026-07-16,1.145920,1.147560,1.143030,1.144230,101977,False
2026-07-17,1.143810,1.145140,1.142370,1.143730,91487,False
2026-07-20,1.142460,1.144880,1.140170,1.141330,89812,False
2026-07-21,1.141050,1.142790,1.139640,1.139720,75734,False
2026-07-22,1.139750,1.142090,1.139600,1.141130,83047,False
2026-07-23,1.140550,1.143500,1.136310,1.137680,112516,False
2026-07-24,1.137170,1.140030,1.136420,1.136930,88776,False
2026-07-27,1.139150,1.141760,1.136620,1.136740,96717,False
2026-07-28,1.136690,1.140460,1.135240,1.138560,87145,False
2026-07-29,1.138750,1.147010,1.137380,1.146580,141953,False
2026-07-30,1.145490,1.153620,1.143360,1.152720,166326,False
2026-07-31,1.152110,1.154660,1.145420,1.152880,176597,False
2026-08-03,1.154600,1.155810,1.149960,1.150760,129606,False
2026-08-04,1.150780,1.153340,1.150140,1.153160,101089,False
2026-08-05,1.152750,1.155860,1.152590,1.155260,105319,False
2026-08-06,1.155180,1.155890,1.151390,1.152350,84333,False
2026-08-07,1.152270,1.158010,1.151700,1.155710,109156,False
2026-08-10,1.156330,1.156490,1.153930,1.154170,80315,False
2026-08-11,1.153970,1.154900,1.153060,1.154210,77530,False
2026-08-12,1.153920,1.156230,1.151910,1.152420,95326,False
2026-08-13,1.152240,1.154470,1.151100,1.152860,82627,False
2026-08-14,1.152680,1.158470,1.152540,1.156970,86224,False
