sid,c1,c2,vol,base,slice,mode,ip1,risk1
B|trend|center_of_gravity_signals|fisher_transform_signals|chaikin_volatility_volume_signals|tma_baseline,center_of_gravity_signals,fisher_transform_signals,chaikin_volatility_volume_signals,tma_baseline,trend,B,"{""base"": {""length"": 200}, ""c1"": {""length"": 12, ""signal_length"": 2}, ""c2"": {""length"": 43}, ""exit_ind"": {""adx_smoothing"": 14, ""adx_threshold"": 25, ""di_length"": 14}, ""vol"": {""cvi_len"": 28, ""roc_len"": 79}}","{""atr_len"": 50, ""atr_mult"": 1.0, ""be_pct"": 0.01, ""tp_mult"": 3.0, ""trail_arm"": 2.0, ""trail_mult"": 0.5}"
B|trend|coral_signals|rex_oscillator_signals|variance_volume_signals|frama_baseline,coral_signals,rex_oscillator_signals,variance_volume_signals,frama_baseline,trend,B,"{""base"": {""length"": 19}, ""c1"": {""const_d"": 40, ""smooth_period"": 10}, ""c2"": {""almaOffset"": 0.85, ""almaSigma"": 6, ""framaFast"": 34, ""framaSlow"": 89, ""jurikPhase"": 1, ""jurikPower"": 1, ""lsOffset"": 0, ""modFBW"": 0.5, ""modFilter"": 0.8, ""sigAlmaOff"": 0.85, ""sigAlmaSig"": 6, ""sigFramaFast"": 34, ""sigFramaSlow"": 89, ""sigJurikPhase"": 1, ""sigJurikPower"": 1, ""sigLsOff"": 0, ""sigModFBW"": 0.5, ""sigModFilter"": 0.8, ""sigSmooth"": 220, ""sigVolAdj"": 10, ""smooth"": 40, ""volAdj"": 10}, ""exit_ind"": {""adx_smoothing"": 14, ""adx_threshold"": 25, ""di_length"": 14}, ""vol"": {""ema_len"": 10, ""filter_lookback"": 3, ""hline"": 0, ""lookback"": 16}}","{""atr_len"": 17, ""atr_mult"": 1.5, ""be_pct"": 0.01, ""tp_mult"": 1.85, ""trail_arm"": 1.15, ""trail_mult"": 1.45}"
B|trend|dspo_signals|schaff_trend_cycle_signals|chaikin_volatility_volume_signals|rma_baseline,dspo_signals,schaff_trend_cycle_signals,chaikin_volatility_volume_signals,rma_baseline,trend,B,"{""base"": {""ma_length"": 11}, ""c1"": {""len"": 26}, ""c2"": {""cycleLen"": 10, ""d1"": 3, ""d2"": 3, ""lowerBand"": 25, ""macdFast"": 28, ""macdSlow"": 41, ""stc_midline"": 27, ""upperBand"": 75}, ""exit_ind"": {""adx_smoothing"": 14, ""adx_threshold"": 25, ""di_length"": 14}, ""vol"": {""cvi_len"": 10, ""roc_len"": 10}}","{""atr_len"": 15, ""atr_mult"": 1.0, ""be_pct"": 0.01, ""tp_mult"": 2.75, ""trail_arm"": 1.0, ""trail_mult"": 1.45}"
B|trend|fisher_transform_signals|price_momentum_oscillator_signals|damiani_volatmeter_volume_signals|fantail_vma,fisher_transform_signals,price_momentum_oscillator_signals,damiani_volatmeter_volume_signals,fantail_vma,trend,B,"{""base"": {""fma_adx_length"": 2, ""fma_ma_length"": 7, ""fma_weighting"": 28}, ""c1"": {""length"": 10}, ""c2"": {""s1"": 43, ""s2"": 16, ""sig"": 10}, ""exit_ind"": {""adx_smoothing"": 14, ""adx_threshold"": 25, ""di_length"": 14}, ""vol"": {""lag"": 1.4, ""sedimentation"": 62, ""threshold"": 1.725985, ""viscosity"": 7}}","{""atr_len"": 50, ""atr_mult"": 1.1, ""be_pct"": 0.01, ""tp_mult"": 3.0, ""trail_arm"": 1.0, ""trail_mult"": 1.15}"
B|trend|ichimoku_signals|supertrend_signals|chaikin_volatility_volume_signals|tma_baseline,ichimoku_signals,supertrend_signals,chaikin_volatility_volume_signals,tma_baseline,trend,B,"{""base"": {""length"": 25}, ""c1"": {""base_len"": 14, ""conversion_len"": 9, ""displacement"": 4, ""span_b_len"": 148}, ""c2"": {""atr_period"": 19, ""factor"": 3}, ""exit_ind"": {""adx_smoothing"": 14, ""adx_threshold"": 25, ""di_length"": 14}, ""vol"": {""cvi_len"": 19, ""roc_len"": 15}}","{""atr_len"": 49, ""atr_mult"": 1.25, ""be_pct"": 0.05, ""tp_mult"": 2.85, ""trail_arm"": 1.6, ""trail_mult"": 1.25}"
B|trend|kuskus_starlight_signals|coral_signals|chaikin_volatility_volume_signals|tma_baseline,kuskus_starlight_signals,coral_signals,chaikin_volatility_volume_signals,tma_baseline,trend,B,"{""base"": {""length"": 16}, ""c1"": {""index_smooth"": 0.373569, ""price_smooth"": 0.245783, ""range_periods"": 85}, ""c2"": {""const_d"": 5, ""smooth_period"": 28}, ""exit_ind"": {""adx_smoothing"": 14, ""adx_threshold"": 25, ""di_length"": 14}, ""vol"": {""cvi_len"": 4, ""roc_len"": 12}}","{""atr_len"": 43, ""atr_mult"": 1.5, ""be_pct"": 0.03, ""tp_mult"": 1.4, ""trail_arm"": 1.05, ""trail_mult"": 1.2}"
B|trend|lemantrend_signals|halftrend_signals|damiani_volatmeter_volume_signals|fantail_vma,lemantrend_signals,halftrend_signals,damiani_volatmeter_volume_signals,fantail_vma,trend,B,"{""base"": {""fma_adx_length"": 2, ""fma_ma_length"": 5, ""fma_weighting"": 12}, ""c1"": {""fast_period"": 340, ""medium_period"": 21, ""slow_period"": 24, ""smooth"": 9}, ""c2"": {""amplitude"": 50}, ""exit_ind"": {""adx_smoothing"": 14, ""adx_threshold"": 25, ""di_length"": 14}, ""vol"": {""lag"": 1.4, ""sedimentation"": 18, ""threshold"": 1.4, ""viscosity"": 6}}","{""atr_len"": 50, ""atr_mult"": 1.0, ""be_pct"": 0.05, ""tp_mult"": 2.05, ""trail_arm"": 1.65, ""trail_mult"": 1.2}"
B|trend|parabolic_sar_signals|donchian_breakout_signals|fractal_dimension_volume_signals|tma_baseline,parabolic_sar_signals,donchian_breakout_signals,fractal_dimension_volume_signals,tma_baseline,trend,B,"{""base"": {""length"": 20}, ""c1"": {""sar_increment"": 0.2, ""sar_maximum"": 0.2, ""sar_start"": 0.016223}, ""c2"": {""length"": 57}, ""exit_ind"": {""adx_smoothing"": 14, ""adx_threshold"": 25, ""di_length"": 14}, ""vol"": {""fd_threshold"": 1.5, ""length"": 7}}","{""atr_len"": 2, ""atr_mult"": 1.25, ""be_pct"": 0.16, ""tp_mult"": 2.9, ""trail_arm"": 1.0, ""trail_mult"": 0.8}"
B|trend|relative_vigor_index_signals|chandelier_exit_signals|chaikin_volatility_volume_signals|rma_baseline,relative_vigor_index_signals,chandelier_exit_signals,chaikin_volatility_volume_signals,rma_baseline,trend,B,"{""base"": {""ma_length"": 57}, ""c1"": {""len"": 10}, ""c2"": {""atr_mult"": 4, ""atr_period"": 27}, ""exit_ind"": {""adx_smoothing"": 14, ""adx_threshold"": 25, ""di_length"": 14}, ""vol"": {""cvi_len"": 5, ""roc_len"": 2}}","{""atr_len"": 46, ""atr_mult"": 1.39, ""be_pct"": 0.02, ""tp_mult"": 1.65, ""trail_arm"": 1.3, ""trail_mult"": 0.7}"
B|trend|schaff_trend_cycle_signals|price_momentum_oscillator_signals|choppiness_index_volume_signals|ema_baseline,schaff_trend_cycle_signals,price_momentum_oscillator_signals,choppiness_index_volume_signals,ema_baseline,trend,B,"{""base"": {""ma_length"": 20}, ""c1"": {""cycleLen"": 10, ""d1"": 6, ""d2"": 3, ""lowerBand"": 6, ""macdFast"": 19, ""macdSlow"": 27, ""stc_midline"": 50, ""upperBand"": 7}, ""c2"": {""s1"": 43, ""s2"": 25, ""sig"": 10}, ""exit_ind"": {""adx_smoothing"": 14, ""adx_threshold"": 25, ""di_length"": 14}, ""vol"": {""ci_threshold"": 50.127885, ""length"": 3}}","{""atr_len"": 19, ""atr_mult"": 1.15, ""be_pct"": 0.05, ""tp_mult"": 2.95, ""trail_arm"": 1.35, ""trail_mult"": 1.4}"
B|trend|volatility_quality_signals|laguerre_filter_signals|choppiness_index_volume_signals|sma_baseline,volatility_quality_signals,laguerre_filter_signals,choppiness_index_volume_signals,sma_baseline,trend,B,"{""base"": {""length"": 20}, ""c1"": {""atr_pct"": 0.092464, ""smooth"": 10}, ""c2"": {""alpha"": 0.070224}, ""exit_ind"": {""adx_smoothing"": 14, ""adx_threshold"": 25, ""di_length"": 14}, ""vol"": {""ci_threshold"": 21.699165, ""length"": 2}}","{""atr_len"": 50, ""atr_mult"": 1.25, ""be_pct"": 0.05, ""tp_mult"": 2.75, ""trail_arm"": 1.25, ""trail_mult"": 1.65}"
B|trend|center_of_gravity_signals|ehlers_reverse_ema_signals|waddah_attar_explosion_volume_signals|t3_baseline,center_of_gravity_signals,ehlers_reverse_ema_signals,waddah_attar_explosion_volume_signals,t3_baseline,trend,B,"{""base"": {""length"": 100, ""volume_factor"": 0.7}, ""c1"": {""length"": 10, ""signal_length"": 4}, ""c2"": {""alpha"": 0.1}, ""exit_ind"": {""adx_smoothing"": 14, ""adx_threshold"": 25, ""di_length"": 14}, ""vol"": {""bbLen"": 37, ""bbStd"": 2, ""fastEma"": 7, ""sensitivity"": 80, ""slowEma"": 6}}","{""atr_len"": 36, ""atr_mult"": 1.0, ""be_pct"": 0.05, ""tp_mult"": 2.7, ""trail_arm"": 2.0, ""trail_mult"": 1.9}"
B|trend|coral_signals|price_momentum_oscillator_signals|chaikin_volatility_volume_signals|sma_baseline,coral_signals,price_momentum_oscillator_signals,chaikin_volatility_volume_signals,sma_baseline,trend,B,"{""base"": {""length"": 200}, ""c1"": {""const_d"": 40, ""smooth_period"": 2}, ""c2"": {""s1"": 28, ""s2"": 20, ""sig"": 10}, ""exit_ind"": {""adx_smoothing"": 14, ""adx_threshold"": 25, ""di_length"": 14}, ""vol"": {""cvi_len"": 19, ""roc_len"": 12}}","{""atr_len"": 41, ""atr_mult"": 1.27, ""be_pct"": 0.05, ""tp_mult"": 1.75, ""trail_arm"": 1.9, ""trail_mult"": 1.25}"
B|trend|dspo_signals|parabolic_sar_signals|chaikin_volatility_volume_signals|ema_baseline,dspo_signals,parabolic_sar_signals,chaikin_volatility_volume_signals,ema_baseline,trend,B,"{""base"": {""ma_length"": 20}, ""c1"": {""len"": 14}, ""c2"": {""sar_increment"": 0.016223, ""sar_maximum"": 0.106734, ""sar_start"": 0.037476}, ""exit_ind"": {""adx_smoothing"": 14, ""adx_threshold"": 25, ""di_length"": 14}, ""vol"": {""cvi_len"": 2, ""roc_len"": 22}}","{""atr_len"": 50, ""atr_mult"": 1.0, ""be_pct"": 0.17, ""tp_mult"": 2.7, ""trail_arm"": 1.9, ""trail_mult"": 1.2}"
B|trend|fx_sniper_ergodic_cci_signals|kuskus_starlight_signals|chaikin_volatility_volume_signals|ema_baseline,fx_sniper_ergodic_cci_signals,kuskus_starlight_signals,chaikin_volatility_volume_signals,ema_baseline,trend,B,"{""base"": {""ma_length"": 37}, ""c1"": {""cci_length"": 140, ""ema1_length"": 4, ""ema2_length"": 3, ""trigger_length"": 9}, ""c2"": {""index_smooth"": 0.567792, ""price_smooth"": 0.161709, ""range_periods"": 130}, ""exit_ind"": {""adx_smoothing"": 14, ""adx_threshold"": 25, ""di_length"": 14}, ""vol"": {""cvi_len"": 28, ""roc_len"": 6}}","{""atr_len"": 28, ""atr_mult"": 1.43, ""be_pct"": 0.05, ""tp_mult"": 2.95, ""trail_arm"": 1.2, ""trail_mult"": 0.55}"
B|trend|j_tpo_signals|relative_vigor_index_signals|variance_volume_signals|rma_baseline,j_tpo_signals,relative_vigor_index_signals,variance_volume_signals,rma_baseline,trend,B,"{""base"": {""ma_length"": 25}, ""c1"": {""ema_len"": 200, ""len"": 40}, ""c2"": {""len"": 10}, ""exit_ind"": {""adx_smoothing"": 14, ""adx_threshold"": 25, ""di_length"": 14}, ""vol"": {""ema_len"": 100, ""filter_lookback"": 2, ""hline"": 0, ""lookback"": 3}}","{""atr_len"": 2, ""atr_mult"": 1.1, ""be_pct"": 0.05, ""tp_mult"": 2.8, ""trail_arm"": 1.95, ""trail_mult"": 1.5}"
B|trend|laguerre_filter_signals|price_momentum_oscillator_signals|chaikin_volatility_volume_signals|sma_baseline,laguerre_filter_signals,price_momentum_oscillator_signals,chaikin_volatility_volume_signals,sma_baseline,trend,B,"{""base"": {""length"": 16}, ""c1"": {""alpha"": 0.865752}, ""c2"": {""s1"": 19, ""s2"": 11, ""sig"": 10}, ""exit_ind"": {""adx_smoothing"": 14, ""adx_threshold"": 25, ""di_length"": 14}, ""vol"": {""cvi_len"": 28, ""roc_len"": 2}}","{""atr_len"": 40, ""atr_mult"": 1.45, ""be_pct"": 0.02, ""tp_mult"": 2.9, ""trail_arm"": 1.0, ""trail_mult"": 0.55}"
B|trend|polychromatic_momentum_signals|coral_signals|chaikin_volatility_volume_signals|kama_baseline,polychromatic_momentum_signals,coral_signals,chaikin_volatility_volume_signals,kama_baseline,trend,B,"{""base"": {""fast_length"": 2, ""length"": 100, ""slow_length"": 56}, ""c1"": {""len"": 14}, ""c2"": {""const_d"": 11, ""smooth_period"": 12}, ""exit_ind"": {""adx_smoothing"": 14, ""adx_threshold"": 25, ""di_length"": 14}, ""vol"": {""cvi_len"": 5, ""roc_len"": 10}}","{""atr_len"": 50, ""atr_mult"": 1.05, ""be_pct"": 0.05, ""tp_mult"": 2.95, ""trail_arm"": 1.65, ""trail_mult"": 1.45}"
B|trend|relative_vigor_index_signals|kase_peak_oscillator_signals|chaikin_volatility_volume_signals|sma_baseline,relative_vigor_index_signals,kase_peak_oscillator_signals,chaikin_volatility_volume_signals,sma_baseline,trend,B,"{""base"": {""length"": 132}, ""c1"": {""len"": 28}, ""c2"": {""long_cycle"": 10, ""sharpness"": 40, ""short_cycle"": 8}, ""exit_ind"": {""adx_smoothing"": 14, ""adx_threshold"": 25, ""di_length"": 14}, ""vol"": {""cvi_len"": 12, ""roc_len"": 2}}","{""atr_len"": 23, ""atr_mult"": 1.32, ""be_pct"": 0.01, ""tp_mult"": 2.15, ""trail_arm"": 1.15, ""trail_mult"": 1.5}"
B|trend|trend_direction_force_index_signals|waddah_attar_explosion_signals|damiani_volatmeter_volume_signals|mcginley_dynamic_index,trend_direction_force_index_signals,waddah_attar_explosion_signals,damiani_volatmeter_volume_signals,mcginley_dynamic_index,trend,B,"{""base"": {""mci_length"": 40}, ""c1"": {""fhigh"": 0.5, ""flow"": -0.040557, ""lookback"": 11}, ""c2"": {""bbLen"": 20, ""bbStd"": 2, ""fastEma"": 200, ""sensitivity"": 23, ""slowEma"": 400}, ""exit_ind"": {""adx_smoothing"": 14, ""adx_threshold"": 25, ""di_length"": 14}, ""vol"": {""lag"": 1.4, ""sedimentation"": 62, ""threshold"": 1.4, ""viscosity"": 2}}","{""atr_len"": 50, ""atr_mult"": 1.27, ""be_pct"": 0.01, ""tp_mult"": 1.95, ""trail_arm"": 1.0, ""trail_mult"": 0.5}"
B|trend|bears_bulls_impulse_signals|laguerre_filter_signals|efficiency_ratio_volume_signals|kama_baseline,bears_bulls_impulse_signals,laguerre_filter_signals,efficiency_ratio_volume_signals,kama_baseline,trend,B,"{""base"": {""fast_length"": 2, ""length"": 10, ""slow_length"": 30}, ""c1"": {""length"": 11}, ""c2"": {""alpha"": 0.2}, ""exit_ind"": {""adx_smoothing"": 14, ""adx_threshold"": 25, ""di_length"": 14}, ""vol"": {""er_threshold"": 0.3, ""length"": 66}}","{""atr_len"": 39, ""atr_mult"": 1.0, ""be_pct"": 0.19, ""tp_mult"": 2.75, ""trail_arm"": 1.0, ""trail_mult"": 0.5}"
B|trend|didi_index_signals|qqe_mod_signals|variance_volume_signals|ema_baseline,didi_index_signals,qqe_mod_signals,variance_volume_signals,ema_baseline,trend,B,"{""base"": {""ma_length"": 20}, ""c1"": {""long_p"": 11, ""medium"": 3}, ""c2"": {""fast_factor"": 1.61, ""rsi_len"": 5, ""rsi_period"": 5}, ""exit_ind"": {""adx_smoothing"": 14, ""adx_threshold"": 25, ""di_length"": 14}, ""vol"": {""ema_len"": 10, ""filter_lookback"": 200, ""hline"": 0, ""lookback"": 20}}","{""atr_len"": 45, ""atr_mult"": 1.34, ""be_pct"": 0.05, ""tp_mult"": 3.0, ""trail_arm"": 1.0, ""trail_mult"": 1.75}"
B|trend|ehlers_reverse_ema_signals|ssl_channel_signals|variance_volume_signals|ema_baseline,ehlers_reverse_ema_signals,ssl_channel_signals,variance_volume_signals,ema_baseline,trend,B,"{""base"": {""ma_length"": 25}, ""c1"": {""alpha"": 0.1}, ""c2"": {""len"": 10}, ""exit_ind"": {""adx_smoothing"": 14, ""adx_threshold"": 25, ""di_length"": 14}, ""vol"": {""ema_len"": 28, ""filter_lookback"": 200, ""hline"": 0, ""lookback"": 20}}","{""atr_len"": 6, ""atr_mult"": 1.1, ""be_pct"": 0.03, ""tp_mult"": 2.65, ""trail_arm"": 1.25, ""trail_mult"": 1.1}"
B|trend|hieken_ashi_smoothed_signals|ssl_channel_signals|variance_volume_signals|kama_baseline,hieken_ashi_smoothed_signals,ssl_channel_signals,variance_volume_signals,kama_baseline,trend,B,"{""base"": {""fast_length"": 2, ""length"": 100, ""slow_length"": 30}, ""c1"": {""alma_offset1"": 0.85, ""alma_offset2"": 0.85, ""alma_sigma1"": 6, ""alma_sigma2"": 6, ""ama_smooth1"": 0.181, ""ama_smooth2"": 0.181, ""frama_t1_a"": 1, ""frama_t1_b"": 168, ""frama_t2_a"": 1, ""frama_t2_b"": 168, ""lsma_offset1"": 0, ""lsma_offset2"": 0, ""ma_len1"": 80, ""ma_len2"": 23, ""vol_factor1"": 1.53653, ""vol_factor2"": 0.189431}, ""c2"": {""len"": 12}, ""exit_ind"": {""adx_smoothing"": 14, ""adx_threshold"": 25, ""di_length"": 14}, ""vol"": {""ema_len"": 19, ""filter_lookback"": 7, ""hline"": 0, ""lookback"": 5}}","{""atr_len"": 29, ""atr_mult"": 1.0, ""be_pct"": 0.01, ""tp_mult"": 1.95, ""trail_arm"": 1.0, ""trail_mult"": 1.15}"
B|trend|laguerre_filter_signals|lemantrend_signals|variance_volume_signals|kama_baseline,laguerre_filter_signals,lemantrend_signals,variance_volume_signals,kama_baseline,trend,B,"{""base"": {""fast_length"": 2, ""length"": 100, ""slow_length"": 30}, ""c1"": {""alpha"": 0.246569}, ""c2"": {""fast_period"": 28, ""medium_period"": 210, ""slow_period"": 13, ""smooth"": 3}, ""exit_ind"": {""adx_smoothing"": 14, ""adx_threshold"": 25, ""di_length"": 14}, ""vol"": {""ema_len"": 12, ""filter_lookback"": 57, ""hline"": 0, ""lookback"": 20}}","{""atr_len"": 6, ""atr_mult"": 1.0, ""be_pct"": 0.01, ""tp_mult"": 1.8, ""trail_arm"": 1.0, ""trail_mult"": 0.75}"
B|trend|polychromatic_momentum_signals|kalman_filter_signals|waddah_attar_explosion_volume_signals|tma_baseline,polychromatic_momentum_signals,kalman_filter_signals,waddah_attar_explosion_volume_signals,tma_baseline,trend,B,"{""base"": {""length"": 16}, ""c1"": {""len"": 14}, ""c2"": {""k"": 1, ""sharpness"": 1}, ""exit_ind"": {""adx_smoothing"": 14, ""adx_threshold"": 25, ""di_length"": 14}, ""vol"": {""bbLen"": 132, ""bbStd"": 2, ""fastEma"": 7, ""sensitivity"": 122, ""slowEma"": 14}}","{""atr_len"": 21, ""atr_mult"": 1.38, ""be_pct"": 0.19, ""tp_mult"": 3.0, ""trail_arm"": 2.0, ""trail_mult"": 1.7}"
B|trend|qqe_mod_signals|price_momentum_oscillator_signals|efficiency_ratio_volume_signals|sma_baseline,qqe_mod_signals,price_momentum_oscillator_signals,efficiency_ratio_volume_signals,sma_baseline,trend,B,"{""base"": {""length"": 25}, ""c1"": {""fast_factor"": 1.984883, ""rsi_len"": 5, ""rsi_period"": 3}, ""c2"": {""s1"": 35, ""s2"": 20, ""sig"": 10}, ""exit_ind"": {""adx_smoothing"": 14, ""adx_threshold"": 25, ""di_length"": 14}, ""vol"": {""er_threshold"": 0.243339, ""length"": 43}}","{""atr_len"": 41, ""atr_mult"": 1.25, ""be_pct"": 0.05, ""tp_mult"": 2.55, ""trail_arm"": 1.0, ""trail_mult"": 0.7}"
B|trend|schaff_trend_cycle_signals|kase_peak_oscillator_signals|variance_volume_signals|sma_baseline,schaff_trend_cycle_signals,kase_peak_oscillator_signals,variance_volume_signals,sma_baseline,trend,B,"{""base"": {""length"": 25}, ""c1"": {""cycleLen"": 10, ""d1"": 20, ""d2"": 3, ""lowerBand"": 25, ""macdFast"": 23, ""macdSlow"": 27, ""stc_midline"": 41, ""upperBand"": 75}, ""c2"": {""long_cycle"": 53, ""sharpness"": 40, ""short_cycle"": 8}, ""exit_ind"": {""adx_smoothing"": 14, ""adx_threshold"": 25, ""di_length"": 14}, ""vol"": {""ema_len"": 28, ""filter_lookback"": 20, ""hline"": 0, ""lookback"": 132}}","{""atr_len"": 28, ""atr_mult"": 1.0, ""be_pct"": 0.05, ""tp_mult"": 1.5, ""trail_arm"": 2.0, ""trail_mult"": 1.4}"
B|trend|waddah_attar_explosion_signals|rex_oscillator_signals|williams_vix_fix_volume_signals|sma_baseline,waddah_attar_explosion_signals,rex_oscillator_signals,williams_vix_fix_volume_signals,sma_baseline,trend,B,"{""base"": {""length"": 16}, ""c1"": {""bbLen"": 25, ""bbStd"": 2, ""fastEma"": 37, ""sensitivity"": 53, ""slowEma"": 40}, ""c2"": {""almaOffset"": 0.85, ""almaSigma"": 6, ""framaFast"": 34, ""framaSlow"": 89, ""jurikPhase"": 1, ""jurikPower"": 1, ""lsOffset"": 0, ""modFBW"": 0.5, ""modFilter"": 0.8, ""sigAlmaOff"": 0.85, ""sigAlmaSig"": 6, ""sigFramaFast"": 34, ""sigFramaSlow"": 89, ""sigJurikPhase"": 1, ""sigJurikPower"": 1, ""sigLsOff"": 0, ""sigModFBW"": 0.5, ""sigModFilter"": 0.8, ""sigSmooth"": 95, ""sigVolAdj"": 10, ""smooth"": 14, ""volAdj"": 10}, ""exit_ind"": {""adx_smoothing"": 14, ""adx_threshold"": 25, ""di_length"": 14}, ""vol"": {""bb_length"": 25, ""bb_mult"": 2, ""lookback"": 3}}","{""atr_len"": 17, ""atr_mult"": 1.05, ""be_pct"": 0.01, ""tp_mult"": 1.65, ""trail_arm"": 1.6, ""trail_mult"": 1.85}"
B|trend|center_of_gravity_signals|didi_index_signals|variance_volume_signals|super_smoother_2pole_baseline,center_of_gravity_signals,didi_index_signals,variance_volume_signals,super_smoother_2pole_baseline,trend,B,"{""base"": {""cutoff_period"": 65}, ""c1"": {""length"": 10, ""signal_length"": 4}, ""c2"": {""long_p"": 25, ""medium"": 8}, ""exit_ind"": {""adx_smoothing"": 14, ""adx_threshold"": 25, ""di_length"": 14}, ""vol"": {""ema_len"": 10, ""filter_lookback"": 16, ""hline"": 0, ""lookback"": 132}}","{""atr_len"": 8, ""atr_mult"": 1.37, ""be_pct"": 0.01, ""tp_mult"": 2.65, ""trail_arm"": 1.85, ""trail_mult"": 0.95}"
B|trend|dspo_signals|center_of_gravity_signals|variance_volume_signals|lsma_baseline,dspo_signals,center_of_gravity_signals,variance_volume_signals,lsma_baseline,trend,B,"{""base"": {""length"": 37, ""lsma_offset"": 0}, ""c1"": {""len"": 14}, ""c2"": {""length"": 12, ""signal_length"": 3}, ""exit_ind"": {""adx_smoothing"": 14, ""adx_threshold"": 25, ""di_length"": 14}, ""vol"": {""ema_len"": 100, ""filter_lookback"": 200, ""hline"": 0, ""lookback"": 7}}","{""atr_len"": 7, ""atr_mult"": 1.0, ""be_pct"": 0.05, ""tp_mult"": 2.75, ""trail_arm"": 1.4, ""trail_mult"": 0.95}"
B|trend|fx_sniper_ergodic_cci_signals|trend_direction_force_index_signals|chaikin_volatility_volume_signals|t3_baseline,fx_sniper_ergodic_cci_signals,trend_direction_force_index_signals,chaikin_volatility_volume_signals,t3_baseline,trend,B,"{""base"": {""length"": 10, ""volume_factor"": 0.7}, ""c1"": {""cci_length"": 11, ""ema1_length"": 5, ""ema2_length"": 4, ""trigger_length"": 6}, ""c2"": {""fhigh"": 0.5, ""flow"": -0.05, ""lookback"": 16}, ""exit_ind"": {""adx_smoothing"": 14, ""adx_threshold"": 25, ""di_length"": 14}, ""vol"": {""cvi_len"": 19, ""roc_len"": 10}}","{""atr_len"": 37, ""atr_mult"": 1.0, ""be_pct"": 0.05, ""tp_mult"": 2.6, ""trail_arm"": 1.0, ""trail_mult"": 1.2}"
B|trend|kuskus_starlight_signals|j_tpo_signals|waddah_attar_explosion_volume_signals|sma_baseline,kuskus_starlight_signals,j_tpo_signals,waddah_attar_explosion_volume_signals,sma_baseline,trend,B,"{""base"": {""length"": 20}, ""c1"": {""index_smooth"": 0.245783, ""price_smooth"": 0.106394, ""range_periods"": 3}, ""c2"": {""ema_len"": 200, ""len"": 173}, ""exit_ind"": {""adx_smoothing"": 14, ""adx_threshold"": 25, ""di_length"": 14}, ""vol"": {""bbLen"": 132, ""bbStd"": 2, ""fastEma"": 7, ""sensitivity"": 122, ""slowEma"": 14}}","{""atr_len"": 43, ""atr_mult"": 1.2, ""be_pct"": 0.15, ""tp_mult"": 2.95, ""trail_arm"": 1.0, ""trail_mult"": 1.4}"
B|trend|mama_fama_signals|ssl_channel_signals|fractal_dimension_volume_signals|mcginley_dynamic_index,mama_fama_signals,ssl_channel_signals,fractal_dimension_volume_signals,mcginley_dynamic_index,trend,B,"{""base"": {""mci_length"": 40}, ""c1"": {""fast_limit"": 0.075996, ""slow_limit"": 0.011551}, ""c2"": {""len"": 12}, ""exit_ind"": {""adx_smoothing"": 14, ""adx_threshold"": 25, ""di_length"": 14}, ""vol"": {""fd_threshold"": 1.5, ""length"": 24}}","{""atr_len"": 2, ""atr_mult"": 1.2, ""be_pct"": 0.05, ""tp_mult"": 3.0, ""trail_arm"": 1.0, ""trail_mult"": 1.45}"
B|trend|qqe_mod_signals|laguerre_filter_signals|volatility_ratio_volume_signals|rma_baseline,qqe_mod_signals,laguerre_filter_signals,volatility_ratio_volume_signals,rma_baseline,trend,B,"{""base"": {""ma_length"": 200}, ""c1"": {""fast_factor"": 0.371931, ""rsi_len"": 4, ""rsi_period"": 6}, ""c2"": {""alpha"": 0.162226}, ""exit_ind"": {""adx_smoothing"": 14, ""adx_threshold"": 25, ""di_length"": 14}, ""vol"": {""length"": 11}}","{""atr_len"": 26, ""atr_mult"": 1.0, ""be_pct"": 0.01, ""tp_mult"": 1.85, ""trail_arm"": 2.0, ""trail_mult"": 1.35}"
B|trend|ssl_channel_signals|adx_dmi_signals|variance_volume_signals|wma_baseline,ssl_channel_signals,adx_dmi_signals,variance_volume_signals,wma_baseline,trend,B,"{""base"": {""ma_length"": 200}, ""c1"": {""len"": 8}, ""c2"": {""adx_smoothing"": 11, ""adx_threshold"": 25, ""di_length"": 14}, ""exit_ind"": {""adx_smoothing"": 14, ""adx_threshold"": 25, ""di_length"": 14}, ""vol"": {""ema_len"": 8, ""filter_lookback"": 25, ""hline"": 0, ""lookback"": 25}}","{""atr_len"": 42, ""atr_mult"": 1.0, ""be_pct"": 0.05, ""tp_mult"": 2.5, ""trail_arm"": 1.9, ""trail_mult"": 0.5}"
B|trend|bears_bulls_impulse_signals|coral_signals|efficiency_ratio_volume_signals|mcginley_dynamic_index,bears_bulls_impulse_signals,coral_signals,efficiency_ratio_volume_signals,mcginley_dynamic_index,trend,B,"{""base"": {""mci_length"": 14}, ""c1"": {""length"": 13}, ""c2"": {""const_d"": 61, ""smooth_period"": 10}, ""exit_ind"": {""adx_smoothing"": 14, ""adx_threshold"": 25, ""di_length"": 14}, ""vol"": {""er_threshold"": 0.369854, ""length"": 12}}","{""atr_len"": 19, ""atr_mult"": 1.1, ""be_pct"": 0.05, ""tp_mult"": 2.6, ""trail_arm"": 1.0, ""trail_mult"": 0.7}"
B|trend|center_of_gravity_signals|volatility_quality_signals|efficiency_ratio_volume_signals|frama_baseline,center_of_gravity_signals,volatility_quality_signals,efficiency_ratio_volume_signals,frama_baseline,trend,B,"{""base"": {""length"": 19}, ""c1"": {""length"": 12, ""signal_length"": 3}, ""c2"": {""atr_pct"": 0.092464, ""smooth"": 28}, ""exit_ind"": {""adx_smoothing"": 14, ""adx_threshold"": 25, ""di_length"": 14}, ""vol"": {""er_threshold"": 0.3, ""length"": 43}}","{""atr_len"": 39, ""atr_mult"": 1.34, ""be_pct"": 0.12, ""tp_mult"": 2.35, ""trail_arm"": 1.0, ""trail_mult"": 1.5}"
B|trend|didi_index_signals|donchian_breakout_signals|variance_volume_signals|mcginley_dynamic_index,didi_index_signals,donchian_breakout_signals,variance_volume_signals,mcginley_dynamic_index,trend,B,"{""base"": {""mci_length"": 14}, ""c1"": {""long_p"": 7, ""medium"": 8}, ""c2"": {""length"": 132}, ""exit_ind"": {""adx_smoothing"": 14, ""adx_threshold"": 25, ""di_length"": 14}, ""vol"": {""ema_len"": 10, ""filter_lookback"": 5, ""hline"": 0, ""lookback"": 16}}","{""atr_len"": 50, ""atr_mult"": 1.38, ""be_pct"": 0.02, ""tp_mult"": 3.0, ""trail_arm"": 1.0, ""trail_mult"": 1.5}"
B|trend|ehlers_reverse_ema_signals|coral_signals|chaikin_volatility_volume_signals|rma_baseline,ehlers_reverse_ema_signals,coral_signals,chaikin_volatility_volume_signals,rma_baseline,trend,B,"{""base"": {""ma_length"": 132}, ""c1"": {""alpha"": 0.123285}, ""c2"": {""const_d"": 92, ""smooth_period"": 10}, ""exit_ind"": {""adx_smoothing"": 14, ""adx_threshold"": 25, ""di_length"": 14}, ""vol"": {""cvi_len"": 28, ""roc_len"": 12}}","{""atr_len"": 50, ""atr_mult"": 1.0, ""be_pct"": 0.01, ""tp_mult"": 2.55, ""trail_arm"": 1.45, ""trail_mult"": 0.5}"
B|trend|fx_sniper_ergodic_cci_signals|trend_direction_force_index_signals|variance_volume_signals|frama_baseline,fx_sniper_ergodic_cci_signals,trend_direction_force_index_signals,variance_volume_signals,frama_baseline,trend,B,"{""base"": {""length"": 100}, ""c1"": {""cci_length"": 61, ""ema1_length"": 50, ""ema2_length"": 30, ""trigger_length"": 22}, ""c2"": {""fhigh"": 0.5, ""flow"": -0.05, ""lookback"": 13}, ""exit_ind"": {""adx_smoothing"": 14, ""adx_threshold"": 25, ""di_length"": 14}, ""vol"": {""ema_len"": 2, ""filter_lookback"": 7, ""hline"": 0, ""lookback"": 25}}","{""atr_len"": 50, ""atr_mult"": 1.4, ""be_pct"": 0.17, ""tp_mult"": 3.0, ""trail_arm"": 2.0, ""trail_mult"": 0.7}"
B|trend|j_tpo_signals|mama_fama_signals|efficiency_ratio_volume_signals|t3_baseline,j_tpo_signals,mama_fama_signals,efficiency_ratio_volume_signals,t3_baseline,trend,B,"{""base"": {""length"": 12, ""volume_factor"": 0.7}, ""c1"": {""ema_len"": 200, ""len"": 6}, ""c2"": {""fast_limit"": 0.05, ""slow_limit"": 0.011551}, ""exit_ind"": {""adx_smoothing"": 14, ""adx_threshold"": 25, ""di_length"": 14}, ""vol"": {""er_threshold"": 0.3, ""length"": 66}}","{""atr_len"": 2, ""atr_mult"": 1.2, ""be_pct"": 0.01, ""tp_mult"": 2.0, ""trail_arm"": 1.55, ""trail_mult"": 1.25}"
B|trend|lemantrend_signals|schaff_trend_cycle_signals|variance_volume_signals|mcginley_dynamic_index,lemantrend_signals,schaff_trend_cycle_signals,variance_volume_signals,mcginley_dynamic_index,trend,B,"{""base"": {""mci_length"": 26}, ""c1"": {""fast_period"": 18, ""medium_period"": 21, ""slow_period"": 11, ""smooth"": 3}, ""c2"": {""cycleLen"": 2, ""d1"": 3, ""d2"": 4, ""lowerBand"": 25, ""macdFast"": 19, ""macdSlow"": 50, ""stc_midline"": 5, ""upperBand"": 75}, ""exit_ind"": {""adx_smoothing"": 14, ""adx_threshold"": 25, ""di_length"": 14}, ""vol"": {""ema_len"": 10, ""filter_lookback"": 3, ""hline"": 0, ""lookback"": 132}}","{""atr_len"": 50, ""atr_mult"": 1.41, ""be_pct"": 0.09, ""tp_mult"": 2.95, ""trail_arm"": 1.4, ""trail_mult"": 2.0}"
B|trend|polychromatic_momentum_signals|halftrend_signals|variance_volume_signals|t3_baseline,polychromatic_momentum_signals,halftrend_signals,variance_volume_signals,t3_baseline,trend,B,"{""base"": {""length"": 8, ""volume_factor"": 4.605533}, ""c1"": {""len"": 17}, ""c2"": {""amplitude"": 94}, ""exit_ind"": {""adx_smoothing"": 14, ""adx_threshold"": 25, ""di_length"": 14}, ""vol"": {""ema_len"": 66, ""filter_lookback"": 200, ""hline"": 0, ""lookback"": 7}}","{""atr_len"": 31, ""atr_mult"": 1.47, ""be_pct"": 0.05, ""tp_mult"": 2.25, ""trail_arm"": 2.0, ""trail_mult"": 1.5}"
B|trend|relative_vigor_index_signals|halftrend_signals|variance_volume_signals|mcginley_dynamic_index,relative_vigor_index_signals,halftrend_signals,variance_volume_signals,mcginley_dynamic_index,trend,B,"{""base"": {""mci_length"": 61}, ""c1"": {""len"": 5}, ""c2"": {""amplitude"": 41}, ""exit_ind"": {""adx_smoothing"": 14, ""adx_threshold"": 25, ""di_length"": 14}, ""vol"": {""ema_len"": 10, ""filter_lookback"": 11, ""hline"": 0, ""lookback"": 200}}","{""atr_len"": 3, ""atr_mult"": 1.29, ""be_pct"": 0.05, ""tp_mult"": 2.95, ""trail_arm"": 1.85, ""trail_mult"": 1.9}"
B|trend|vortex_signals|dpo_signals|variance_volume_signals|t3_baseline,vortex_signals,dpo_signals,variance_volume_signals,t3_baseline,trend,B,"{""base"": {""length"": 28, ""volume_factor"": 0.373569}, ""c1"": {""period"": 17}, ""c2"": {""len"": 50}, ""exit_ind"": {""adx_smoothing"": 14, ""adx_threshold"": 25, ""di_length"": 14}, ""vol"": {""ema_len"": 19, ""filter_lookback"": 7, ""hline"": 0, ""lookback"": 200}}","{""atr_len"": 41, ""atr_mult"": 1.32, ""be_pct"": 0.01, ""tp_mult"": 2.05, ""trail_arm"": 1.5, ""trail_mult"": 1.5}"
B|trend|bears_bulls_impulse_signals|fx_sniper_ergodic_cci_signals|chaikin_volatility_volume_signals|sma_baseline,bears_bulls_impulse_signals,fx_sniper_ergodic_cci_signals,chaikin_volatility_volume_signals,sma_baseline,trend,B,"{""base"": {""length"": 200}, ""c1"": {""length"": 7}, ""c2"": {""cci_length"": 11, ""ema1_length"": 6, ""ema2_length"": 3, ""trigger_length"": 9}, ""exit_ind"": {""adx_smoothing"": 14, ""adx_threshold"": 25, ""di_length"": 14}, ""vol"": {""cvi_len"": 19, ""roc_len"": 10}}","{""atr_len"": 49, ""atr_mult"": 1.39, ""be_pct"": 0.05, ""tp_mult"": 3.0, ""trail_arm"": 1.95, ""trail_mult"": 0.5}"
B|trend|donchian_breakout_signals|center_of_gravity_signals|chaikin_volatility_volume_signals|sma_baseline,donchian_breakout_signals,center_of_gravity_signals,chaikin_volatility_volume_signals,sma_baseline,trend,B,"{""base"": {""length"": 16}, ""c1"": {""length"": 16}, ""c2"": {""length"": 12, ""signal_length"": 3}, ""exit_ind"": {""adx_smoothing"": 14, ""adx_threshold"": 25, ""di_length"": 14}, ""vol"": {""cvi_len"": 2, ""roc_len"": 12}}","{""atr_len"": 25, ""atr_mult"": 1.48, ""be_pct"": 0.15, ""tp_mult"": 2.3, ""trail_arm"": 1.0, ""trail_mult"": 0.5}"
B|trend|fx_sniper_ergodic_cci_signals|donchian_breakout_signals|chaikin_volatility_volume_signals|sma_baseline,fx_sniper_ergodic_cci_signals,donchian_breakout_signals,chaikin_volatility_volume_signals,sma_baseline,trend,B,"{""base"": {""length"": 37}, ""c1"": {""cci_length"": 14, ""ema1_length"": 14, ""ema2_length"": 3, ""trigger_length"": 3}, ""c2"": {""length"": 20}, ""exit_ind"": {""adx_smoothing"": 14, ""adx_threshold"": 25, ""di_length"": 14}, ""vol"": {""cvi_len"": 12, ""roc_len"": 3}}","{""atr_len"": 9, ""atr_mult"": 1.15, ""be_pct"": 0.01, ""tp_mult"": 1.8, ""trail_arm"": 1.0, ""trail_mult"": 0.5}"
B|trend|ichimoku_signals|laguerre_filter_signals|chaikin_volatility_volume_signals|ema_baseline,ichimoku_signals,laguerre_filter_signals,chaikin_volatility_volume_signals,ema_baseline,trend,B,"{""base"": {""ma_length"": 132}, ""c1"": {""base_len"": 74, ""conversion_len"": 9, ""displacement"": 32, ""span_b_len"": 64}, ""c2"": {""alpha"": 0.865752}, ""exit_ind"": {""adx_smoothing"": 14, ""adx_threshold"": 25, ""di_length"": 14}, ""vol"": {""cvi_len"": 12, ""roc_len"": 15}}","{""atr_len"": 50, ""atr_mult"": 1.0, ""be_pct"": 0.01, ""tp_mult"": 1.4, ""trail_arm"": 2.0, ""trail_mult"": 0.5}"
B|trend|lemantrend_signals|donchian_breakout_signals|efficiency_ratio_volume_signals|hma_baseline,lemantrend_signals,donchian_breakout_signals,efficiency_ratio_volume_signals,hma_baseline,trend,B,"{""base"": {""ma_length"": 20}, ""c1"": {""fast_period"": 18, ""medium_period"": 210, ""slow_period"": 11, ""smooth"": 3}, ""c2"": {""length"": 20}, ""exit_ind"": {""adx_smoothing"": 14, ""adx_threshold"": 25, ""di_length"": 14}, ""vol"": {""er_threshold"": 0.369854, ""length"": 4}}","{""atr_len"": 2, ""atr_mult"": 1.46, ""be_pct"": 0.05, ""tp_mult"": 2.9, ""trail_arm"": 2.0, ""trail_mult"": 0.75}"
B|trend|price_momentum_oscillator_signals|vortex_signals|variance_volume_signals|rma_baseline,price_momentum_oscillator_signals,vortex_signals,variance_volume_signals,rma_baseline,trend,B,"{""base"": {""ma_length"": 25}, ""c1"": {""s1"": 230, ""s2"": 5, ""sig"": 10}, ""c2"": {""period"": 14}, ""exit_ind"": {""adx_smoothing"": 14, ""adx_threshold"": 25, ""di_length"": 14}, ""vol"": {""ema_len"": 10, ""filter_lookback"": 16, ""hline"": 0, ""lookback"": 132}}","{""atr_len"": 50, ""atr_mult"": 1.47, ""be_pct"": 0.05, ""tp_mult"": 2.9, ""trail_arm"": 1.3, ""trail_mult"": 0.75}"
B|trend|schaff_trend_cycle_signals|hieken_ashi_smoothed_signals|fractal_dimension_volume_signals|sma_baseline,schaff_trend_cycle_signals,hieken_ashi_smoothed_signals,fractal_dimension_volume_signals,sma_baseline,trend,B,"{""base"": {""length"": 25}, ""c1"": {""cycleLen"": 10, ""d1"": 3, ""d2"": 3, ""lowerBand"": 2, ""macdFast"": 8, ""macdSlow"": 27, ""stc_midline"": 62, ""upperBand"": 17}, ""c2"": {""alma_offset1"": 0.85, ""alma_offset2"": 0.85, ""alma_sigma1"": 6, ""alma_sigma2"": 6, ""ama_smooth1"": 0.181, ""ama_smooth2"": 0.181, ""frama_t1_a"": 1, ""frama_t1_b"": 168, ""frama_t2_a"": 1, ""frama_t2_b"": 168, ""lsma_offset1"": 0, ""lsma_offset2"": 0, ""ma_len1"": 53, ""ma_len2"": 2, ""vol_factor1"": 1.010934, ""vol_factor2"": 1.010934}, ""exit_ind"": {""adx_smoothing"": 14, ""adx_threshold"": 25, ""di_length"": 14}, ""vol"": {""fd_threshold"": 1.5, ""length"": 30}}","{""atr_len"": 5, ""atr_mult"": 1.1, ""be_pct"": 0.05, ""tp_mult"": 2.85, ""trail_arm"": 1.0, ""trail_mult"": 0.5}"
B|trend|vortex_signals|dpo_signals|variance_volume_signals|tma_baseline,vortex_signals,dpo_signals,variance_volume_signals,tma_baseline,trend,B,"{""base"": {""length"": 37}, ""c1"": {""period"": 17}, ""c2"": {""len"": 94}, ""exit_ind"": {""adx_smoothing"": 14, ""adx_threshold"": 25, ""di_length"": 14}, ""vol"": {""ema_len"": 19, ""filter_lookback"": 7, ""hline"": 0, ""lookback"": 200}}","{""atr_len"": 48, ""atr_mult"": 1.35, ""be_pct"": 0.01, ""tp_mult"": 2.55, ""trail_arm"": 1.1, ""trail_mult"": 1.5}"
B|trend|center_of_gravity_signals|fisher_transform_signals|williams_vix_fix_volume_signals|vidya,center_of_gravity_signals,fisher_transform_signals,williams_vix_fix_volume_signals,vidya,trend,B,"{""base"": {""vda_length"": 2}, ""c1"": {""length"": 43, ""signal_length"": 9}, ""c2"": {""length"": 4}, ""exit_ind"": {""adx_smoothing"": 14, ""adx_threshold"": 25, ""di_length"": 14}, ""vol"": {""bb_length"": 16, ""bb_mult"": 2, ""lookback"": 95}}","{""atr_len"": 22, ""atr_mult"": 1.0, ""be_pct"": 0.05, ""tp_mult"": 2.9, ""trail_arm"": 2.0, ""trail_mult"": 0.5}"
B|trend|coral_signals|laguerre_filter_signals|damiani_volatmeter_volume_signals|rma_baseline,coral_signals,laguerre_filter_signals,damiani_volatmeter_volume_signals,rma_baseline,trend,B,"{""base"": {""ma_length"": 57}, ""c1"": {""const_d"": 5, ""smooth_period"": 10}, ""c2"": {""alpha"": 0.246569}, ""exit_ind"": {""adx_smoothing"": 14, ""adx_threshold"": 25, ""di_length"": 14}, ""vol"": {""lag"": 1.4, ""sedimentation"": 94, ""threshold"": 1.4, ""viscosity"": 6}}","{""atr_len"": 46, ""atr_mult"": 1.49, ""be_pct"": 0.01, ""tp_mult"": 2.5, ""trail_arm"": 1.95, ""trail_mult"": 0.7}"
B|trend|ehlers_reverse_ema_signals|ichimoku_signals|volatility_ratio_volume_signals|mcginley_dynamic_index,ehlers_reverse_ema_signals,ichimoku_signals,volatility_ratio_volume_signals,mcginley_dynamic_index,trend,B,"{""base"": {""mci_length"": 40}, ""c1"": {""alpha"": 0.035112}, ""c2"": {""base_len"": 14, ""conversion_len"": 9, ""displacement"": 26, ""span_b_len"": 52}, ""exit_ind"": {""adx_smoothing"": 14, ""adx_threshold"": 25, ""di_length"": 14}, ""vol"": {""length"": 11}}","{""atr_len"": 50, ""atr_mult"": 1.5, ""be_pct"": 0.01, ""tp_mult"": 1.95, ""trail_arm"": 1.0, ""trail_mult"": 1.2}"
B|trend|ichimoku_signals|laguerre_filter_signals|chaikin_volatility_volume_signals|fantail_vma,ichimoku_signals,laguerre_filter_signals,chaikin_volatility_volume_signals,fantail_vma,trend,B,"{""base"": {""fma_adx_length"": 6, ""fma_ma_length"": 26, ""fma_weighting"": 66}, ""c1"": {""base_len"": 14, ""conversion_len"": 9, ""displacement"": 32, ""span_b_len"": 97}, ""c2"": {""alpha"": 0.106734}, ""exit_ind"": {""adx_smoothing"": 14, ""adx_threshold"": 25, ""di_length"": 14}, ""vol"": {""cvi_len"": 12, ""roc_len"": 12}}","{""atr_len"": 44, ""atr_mult"": 1.0, ""be_pct"": 0.08, ""tp_mult"": 2.8, ""trail_arm"": 1.55, ""trail_mult"": 1.45}"
B|trend|lemantrend_signals|kuskus_starlight_signals|volatility_ratio_volume_signals|mcginley_dynamic_index,lemantrend_signals,kuskus_starlight_signals,volatility_ratio_volume_signals,mcginley_dynamic_index,trend,B,"{""base"": {""mci_length"": 17}, ""c1"": {""fast_period"": 5, ""medium_period"": 210, ""slow_period"": 7, ""smooth"": 3}, ""c2"": {""index_smooth"": 0.7, ""price_smooth"": 1.311672, ""range_periods"": 85}, ""exit_ind"": {""adx_smoothing"": 14, ""adx_threshold"": 25, ""di_length"": 14}, ""vol"": {""length"": 61}}","{""atr_len"": 39, ""atr_mult"": 1.0, ""be_pct"": 0.03, ""tp_mult"": 2.65, ""trail_arm"": 2.0, ""trail_mult"": 0.55}"
B|trend|price_momentum_oscillator_signals|parabolic_sar_signals|chaikin_volatility_volume_signals|wma_baseline,price_momentum_oscillator_signals,parabolic_sar_signals,chaikin_volatility_volume_signals,wma_baseline,trend,B,"{""base"": {""ma_length"": 200}, ""c1"": {""s1"": 35, ""s2"": 25, ""sig"": 10}, ""c2"": {""sar_increment"": 0.037476, ""sar_maximum"": 0.106734, ""sar_start"": 0.010673}, ""exit_ind"": {""adx_smoothing"": 14, ""adx_threshold"": 25, ""di_length"": 14}, ""vol"": {""cvi_len"": 66, ""roc_len"": 15}}","{""atr_len"": 50, ""atr_mult"": 1.1, ""be_pct"": 0.01, ""tp_mult"": 2.05, ""trail_arm"": 1.2, ""trail_mult"": 0.5}"
B|trend|schaff_trend_cycle_signals|mama_fama_signals|efficiency_ratio_volume_signals|kama_baseline,schaff_trend_cycle_signals,mama_fama_signals,efficiency_ratio_volume_signals,kama_baseline,trend,B,"{""base"": {""fast_length"": 2, ""length"": 12, ""slow_length"": 37}, ""c1"": {""cycleLen"": 19, ""d1"": 2, ""d2"": 2, ""lowerBand"": 25, ""macdFast"": 43, ""macdSlow"": 62, ""stc_midline"": 5, ""upperBand"": 75}, ""c2"": {""fast_limit"": 0.5, ""slow_limit"": 0.061642}, ""exit_ind"": {""adx_smoothing"": 14, ""adx_threshold"": 25, ""di_length"": 14}, ""vol"": {""er_threshold"": 0.562145, ""length"": 4}}","{""atr_len"": 45, ""atr_mult"": 1.1, ""be_pct"": 0.15, ""tp_mult"": 2.65, ""trail_arm"": 1.0, ""trail_mult"": 1.2}"
B|trend|vortex_signals|polychromatic_momentum_signals|variance_volume_signals|kama_baseline,vortex_signals,polychromatic_momentum_signals,variance_volume_signals,kama_baseline,trend,B,"{""base"": {""fast_length"": 9, ""length"": 28, ""slow_length"": 30}, ""c1"": {""period"": 2}, ""c2"": {""len"": 14}, ""exit_ind"": {""adx_smoothing"": 14, ""adx_threshold"": 25, ""di_length"": 14}, ""vol"": {""ema_len"": 100, ""filter_lookback"": 200, ""hline"": 0, ""lookback"": 7}}","{""atr_len"": 50, ""atr_mult"": 1.0, ""be_pct"": 0.05, ""tp_mult"": 2.45, ""trail_arm"": 1.0, ""trail_mult"": 1.25}"
B|trend|center_of_gravity_signals|mama_fama_signals|variance_volume_signals|lsma_baseline,center_of_gravity_signals,mama_fama_signals,variance_volume_signals,lsma_baseline,trend,B,"{""base"": {""length"": 25, ""lsma_offset"": 0}, ""c1"": {""length"": 10, ""signal_length"": 13}, ""c2"": {""fast_limit"": 0.075996, ""slow_limit"": 0.05}, ""exit_ind"": {""adx_smoothing"": 14, ""adx_threshold"": 25, ""di_length"": 14}, ""vol"": {""ema_len"": 100, ""filter_lookback"": 200, ""hline"": 0, ""lookback"": 5}}","{""atr_len"": 50, ""atr_mult"": 1.3, ""be_pct"": 0.06, ""tp_mult"": 3.0, ""trail_arm"": 2.0, ""trail_mult"": 1.55}"
B|trend|donchian_breakout_signals|coral_signals|variance_volume_signals|lsma_baseline,donchian_breakout_signals,coral_signals,variance_volume_signals,lsma_baseline,trend,B,"{""base"": {""length"": 57, ""lsma_offset"": 0}, ""c1"": {""length"": 16}, ""c2"": {""const_d"": 5, ""smooth_period"": 43}, ""exit_ind"": {""adx_smoothing"": 14, ""adx_threshold"": 25, ""di_length"": 14}, ""vol"": {""ema_len"": 10, ""filter_lookback"": 37, ""hline"": 0, ""lookback"": 16}}","{""atr_len"": 34, ""atr_mult"": 1.33, ""be_pct"": 0.05, ""tp_mult"": 3.0, ""trail_arm"": 1.75, ""trail_mult"": 1.35}"
B|trend|halftrend_signals|kuskus_starlight_signals|variance_volume_signals|lsma_baseline,halftrend_signals,kuskus_starlight_signals,variance_volume_signals,lsma_baseline,trend,B,"{""base"": {""length"": 37, ""lsma_offset"": 0}, ""c1"": {""amplitude"": 41}, ""c2"": {""index_smooth"": 0.7, ""price_smooth"": 0.373569, ""range_periods"": 85}, ""exit_ind"": {""adx_smoothing"": 14, ""adx_threshold"": 25, ""di_length"": 14}, ""vol"": {""ema_len"": 28, ""filter_lookback"": 200, ""hline"": 0, ""lookback"": 11}}","{""atr_len"": 9, ""atr_mult"": 1.05, ""be_pct"": 0.01, ""tp_mult"": 3.0, ""trail_arm"": 1.45, ""trail_mult"": 1.35}"
B|trend|kalman_filter_signals|dspo_signals|efficiency_ratio_volume_signals|wma_baseline,kalman_filter_signals,dspo_signals,efficiency_ratio_volume_signals,wma_baseline,trend,B,"{""base"": {""ma_length"": 37}, ""c1"": {""k"": 7, ""sharpness"": 7}, ""c2"": {""len"": 14}, ""exit_ind"": {""adx_smoothing"": 14, ""adx_threshold"": 25, ""di_length"": 14}, ""vol"": {""er_threshold"": 0.243339, ""length"": 43}}","{""atr_len"": 5, ""atr_mult"": 1.2, ""be_pct"": 0.01, ""tp_mult"": 2.65, ""trail_arm"": 1.0, ""trail_mult"": 1.5}"
B|trend|mama_fama_signals|ssl_channel_signals|chaikin_volatility_volume_signals|mcginley_dynamic_index,mama_fama_signals,ssl_channel_signals,chaikin_volatility_volume_signals,mcginley_dynamic_index,trend,B,"{""base"": {""mci_length"": 11}, ""c1"": {""fast_limit"": 0.266835, ""slow_limit"": 0.017556}, ""c2"": {""len"": 12}, ""exit_ind"": {""adx_smoothing"": 14, ""adx_threshold"": 25, ""di_length"": 14}, ""vol"": {""cvi_len"": 12, ""roc_len"": 10}}","{""atr_len"": 50, ""atr_mult"": 1.5, ""be_pct"": 0.18, ""tp_mult"": 3.0, ""trail_arm"": 1.0, ""trail_mult"": 1.45}"
B|trend|relative_vigor_index_signals|bears_bulls_impulse_signals|variance_volume_signals|wma_baseline,relative_vigor_index_signals,bears_bulls_impulse_signals,variance_volume_signals,wma_baseline,trend,B,"{""base"": {""ma_length"": 200}, ""c1"": {""len"": 10}, ""c2"": {""length"": 24}, ""exit_ind"": {""adx_smoothing"": 14, ""adx_threshold"": 25, ""di_length"": 14}, ""vol"": {""ema_len"": 4, ""filter_lookback"": 16, ""hline"": 0, ""lookback"": 37}}","{""atr_len"": 50, ""atr_mult"": 1.0, ""be_pct"": 0.01, ""tp_mult"": 3.0, ""trail_arm"": 1.2, ""trail_mult"": 1.45}"
B|trend|ssl_channel_signals|vortex_signals|variance_volume_signals|wma_baseline,ssl_channel_signals,vortex_signals,variance_volume_signals,wma_baseline,trend,B,"{""base"": {""ma_length"": 200}, ""c1"": {""len"": 4}, ""c2"": {""period"": 17}, ""exit_ind"": {""adx_smoothing"": 14, ""adx_threshold"": 25, ""di_length"": 14}, ""vol"": {""ema_len"": 10, ""filter_lookback"": 25, ""hline"": 0, ""lookback"": 200}}","{""atr_len"": 3, ""atr_mult"": 1.36, ""be_pct"": 0.05, ""tp_mult"": 2.25, ""trail_arm"": 1.1, ""trail_mult"": 1.75}"
B|trend|bears_bulls_impulse_signals|laguerre_filter_signals|efficiency_ratio_volume_signals|t3_baseline,bears_bulls_impulse_signals,laguerre_filter_signals,efficiency_ratio_volume_signals,t3_baseline,trend,B,"{""base"": {""length"": 10, ""volume_factor"": 0.7}, ""c1"": {""length"": 11}, ""c2"": {""alpha"": 0.2}, ""exit_ind"": {""adx_smoothing"": 14, ""adx_threshold"": 25, ""di_length"": 14}, ""vol"": {""er_threshold"": 0.369854, ""length"": 43}}","{""atr_len"": 21, ""atr_mult"": 1.0, ""be_pct"": 0.05, ""tp_mult"": 2.75, ""trail_arm"": 1.95, ""trail_mult"": 0.95}"
B|trend|coral_signals|chandelier_exit_signals|variance_volume_signals|mcginley_dynamic_index,coral_signals,chandelier_exit_signals,variance_volume_signals,mcginley_dynamic_index,trend,B,"{""base"": {""mci_length"": 11}, ""c1"": {""const_d"": 7, ""smooth_period"": 12}, ""c2"": {""atr_mult"": 3, ""atr_period"": 12}, ""exit_ind"": {""adx_smoothing"": 14, ""adx_threshold"": 25, ""di_length"": 14}, ""vol"": {""ema_len"": 100, ""filter_lookback"": 11, ""hline"": 0, ""lookback"": 16}}","{""atr_len"": 40, ""atr_mult"": 1.2, ""be_pct"": 0.13, ""tp_mult"": 3.0, ""trail_arm"": 1.25, ""trail_mult"": 1.55}"
B|trend|dspo_signals|donchian_breakout_signals|variance_volume_signals|mcginley_dynamic_index,dspo_signals,donchian_breakout_signals,variance_volume_signals,mcginley_dynamic_index,trend,B,"{""base"": {""mci_length"": 11}, ""c1"": {""len"": 17}, ""c2"": {""length"": 5}, ""exit_ind"": {""adx_smoothing"": 14, ""adx_threshold"": 25, ""di_length"": 14}, ""vol"": {""ema_len"": 100, ""filter_lookback"": 11, ""hline"": 0, ""lookback"": 87}}","{""atr_len"": 22, ""atr_mult"": 1.0, ""be_pct"": 0.05, ""tp_mult"": 1.95, ""trail_arm"": 1.0, ""trail_mult"": 1.3}"
B|trend|fx_sniper_ergodic_cci_signals|donchian_breakout_signals|variance_volume_signals|frama_baseline,fx_sniper_ergodic_cci_signals,donchian_breakout_signals,variance_volume_signals,frama_baseline,trend,B,"{""base"": {""length"": 19}, ""c1"": {""cci_length"": 14, ""ema1_length"": 5, ""ema2_length"": 3, ""trigger_length"": 5}, ""c2"": {""length"": 16}, ""exit_ind"": {""adx_smoothing"": 14, ""adx_threshold"": 25, ""di_length"": 14}, ""vol"": {""ema_len"": 12, ""filter_lookback"": 132, ""hline"": 0, ""lookback"": 16}}","{""atr_len"": 41, ""atr_mult"": 1.29, ""be_pct"": 0.05, ""tp_mult"": 2.2, ""trail_arm"": 1.0, ""trail_mult"": 1.35}"
B|trend|j_tpo_signals|supertrend_signals|chaikin_volatility_volume_signals|rma_baseline,j_tpo_signals,supertrend_signals,chaikin_volatility_volume_signals,rma_baseline,trend,B,"{""base"": {""ma_length"": 132}, ""c1"": {""ema_len"": 200, ""len"": 14}, ""c2"": {""atr_period"": 12, ""factor"": 6}, ""exit_ind"": {""adx_smoothing"": 14, ""adx_threshold"": 25, ""di_length"": 14}, ""vol"": {""cvi_len"": 28, ""roc_len"": 6}}","{""atr_len"": 50, ""atr_mult"": 1.0, ""be_pct"": 0.01, ""tp_mult"": 2.95, ""trail_arm"": 1.7, ""trail_mult"": 1.15}"
B|trend|linreg_slope_signals|waddah_attar_explosion_signals|variance_volume_signals|mcginley_dynamic_index,linreg_slope_signals,waddah_attar_explosion_signals,variance_volume_signals,mcginley_dynamic_index,trend,B,"{""base"": {""mci_length"": 26}, ""c1"": {""length"": 140, ""r2_floor"": 0.162226}, ""c2"": {""bbLen"": 57, ""bbStd"": 2, ""fastEma"": 20, ""sensitivity"": 150, ""slowEma"": 32}, ""exit_ind"": {""adx_smoothing"": 14, ""adx_threshold"": 25, ""di_length"": 14}, ""vol"": {""ema_len"": 19, ""filter_lookback"": 3, ""hline"": 0, ""lookback"": 57}}","{""atr_len"": 48, ""atr_mult"": 1.37, ""be_pct"": 0.04, ""tp_mult"": 3.0, ""trail_arm"": 1.0, ""trail_mult"": 1.95}"
B|trend|polychromatic_momentum_signals|volatility_quality_signals|variance_volume_signals|t3_baseline,polychromatic_momentum_signals,volatility_quality_signals,variance_volume_signals,t3_baseline,trend,B,"{""base"": {""length"": 100, ""volume_factor"": 0.7}, ""c1"": {""len"": 17}, ""c2"": {""atr_pct"": 0.011399, ""smooth"": 5}, ""exit_ind"": {""adx_smoothing"": 14, ""adx_threshold"": 25, ""di_length"": 14}, ""vol"": {""ema_len"": 100, ""filter_lookback"": 132, ""hline"": 0, ""lookback"": 16}}","{""atr_len"": 43, ""atr_mult"": 1.1, ""be_pct"": 0.05, ""tp_mult"": 3.0, ""trail_arm"": 2.0, ""trail_mult"": 0.7}"
B|trend|relative_vigor_index_signals|price_momentum_oscillator_signals|variance_volume_signals|mcginley_dynamic_index,relative_vigor_index_signals,price_momentum_oscillator_signals,variance_volume_signals,mcginley_dynamic_index,trend,B,"{""base"": {""mci_length"": 14}, ""c1"": {""len"": 4}, ""c2"": {""s1"": 350, ""s2"": 57, ""sig"": 10}, ""exit_ind"": {""adx_smoothing"": 14, ""adx_threshold"": 25, ""di_length"": 14}, ""vol"": {""ema_len"": 2, ""filter_lookback"": 5, ""hline"": 0, ""lookback"": 7}}","{""atr_len"": 32, ""atr_mult"": 1.0, ""be_pct"": 0.01, ""tp_mult"": 2.25, ""trail_arm"": 1.0, ""trail_mult"": 1.4}"
B|trend|schaff_trend_cycle_signals|laguerre_filter_signals|choppiness_index_volume_signals|ema_baseline,schaff_trend_cycle_signals,laguerre_filter_signals,choppiness_index_volume_signals,ema_baseline,trend,B,"{""base"": {""ma_length"": 132}, ""c1"": {""cycleLen"": 5, ""d1"": 2, ""d2"": 3, ""lowerBand"": 25, ""macdFast"": 12, ""macdSlow"": 216, ""stc_midline"": 41, ""upperBand"": 75}, ""c2"": {""alpha"": 0.2}, ""exit_ind"": {""adx_smoothing"": 14, ""adx_threshold"": 25, ""di_length"": 14}, ""vol"": {""ci_threshold"": 61.8, ""length"": 14}}","{""atr_len"": 50, ""atr_mult"": 1.27, ""be_pct"": 0.05, ""tp_mult"": 1.4, ""trail_arm"": 1.1, ""trail_mult"": 0.5}"
B|trend|vortex_signals|kuskus_starlight_signals|chaikin_volatility_volume_signals|rma_baseline,vortex_signals,kuskus_starlight_signals,chaikin_volatility_volume_signals,rma_baseline,trend,B,"{""base"": {""ma_length"": 200}, ""c1"": {""period"": 92}, ""c2"": {""index_smooth"": 0.7, ""price_smooth"": 0.567792, ""range_periods"": 5}, ""exit_ind"": {""adx_smoothing"": 14, ""adx_threshold"": 25, ""di_length"": 14}, ""vol"": {""cvi_len"": 12, ""roc_len"": 10}}","{""atr_len"": 30, ""atr_mult"": 1.05, ""be_pct"": 0.01, ""tp_mult"": 2.45, ""trail_arm"": 1.0, ""trail_mult"": 1.85}"
B|trend|chandelier_exit_signals|dspo_signals|variance_volume_signals|rma_baseline,chandelier_exit_signals,dspo_signals,variance_volume_signals,rma_baseline,trend,B,"{""base"": {""ma_length"": 200}, ""c1"": {""atr_mult"": 6, ""atr_period"": 27}, ""c2"": {""len"": 5}, ""exit_ind"": {""adx_smoothing"": 14, ""adx_threshold"": 25, ""di_length"": 14}, ""vol"": {""ema_len"": 10, ""filter_lookback"": 7, ""hline"": 0, ""lookback"": 25}}","{""atr_len"": 26, ""atr_mult"": 1.0, ""be_pct"": 0.05, ""tp_mult"": 2.9, ""trail_arm"": 2.0, ""trail_mult"": 1.1}"
B|trend|dspo_signals|fisher_transform_signals|chaikin_volatility_volume_signals|ema_baseline,dspo_signals,fisher_transform_signals,chaikin_volatility_volume_signals,ema_baseline,trend,B,"{""base"": {""ma_length"": 20}, ""c1"": {""len"": 26}, ""c2"": {""length"": 43}, ""exit_ind"": {""adx_smoothing"": 14, ""adx_threshold"": 25, ""di_length"": 14}, ""vol"": {""cvi_len"": 12, ""roc_len"": 3}}","{""atr_len"": 36, ""atr_mult"": 1.0, ""be_pct"": 0.01, ""tp_mult"": 2.1, ""trail_arm"": 1.1, ""trail_mult"": 0.5}"
B|trend|fx_sniper_ergodic_cci_signals|price_momentum_oscillator_signals|fractal_dimension_volume_signals|ema_baseline,fx_sniper_ergodic_cci_signals,price_momentum_oscillator_signals,fractal_dimension_volume_signals,ema_baseline,trend,B,"{""base"": {""ma_length"": 25}, ""c1"": {""cci_length"": 14, ""ema1_length"": 5, ""ema2_length"": 2, ""trigger_length"": 9}, ""c2"": {""s1"": 43, ""s2"": 25, ""sig"": 10}, ""exit_ind"": {""adx_smoothing"": 14, ""adx_threshold"": 25, ""di_length"": 14}, ""vol"": {""fd_threshold"": 1.216696, ""length"": 300}}","{""atr_len"": 2, ""atr_mult"": 1.44, ""be_pct"": 0.05, ""tp_mult"": 1.55, ""trail_arm"": 1.25, ""trail_mult"": 0.7}"
B|trend|j_tpo_signals|donchian_breakout_signals|variance_volume_signals|rma_baseline,j_tpo_signals,donchian_breakout_signals,variance_volume_signals,rma_baseline,trend,B,"{""base"": {""ma_length"": 11}, ""c1"": {""ema_len"": 200, ""len"": 9}, ""c2"": {""length"": 20}, ""exit_ind"": {""adx_smoothing"": 14, ""adx_threshold"": 25, ""di_length"": 14}, ""vol"": {""ema_len"": 12, ""filter_lookback"": 87, ""hline"": 0, ""lookback"": 25}}","{""atr_len"": 15, ""atr_mult"": 1.48, ""be_pct"": 0.01, ""tp_mult"": 2.9, ""trail_arm"": 1.0, ""trail_mult"": 1.25}"
B|trend|laguerre_filter_signals|schaff_trend_cycle_signals|chaikin_volatility_volume_signals|ema_baseline,laguerre_filter_signals,schaff_trend_cycle_signals,chaikin_volatility_volume_signals,ema_baseline,trend,B,"{""base"": {""ma_length"": 37}, ""c1"": {""alpha"": 0.070224}, ""c2"": {""cycleLen"": 10, ""d1"": 3, ""d2"": 4, ""lowerBand"": 25, ""macdFast"": 19, ""macdSlow"": 50, ""stc_midline"": 50, ""upperBand"": 75}, ""exit_ind"": {""adx_smoothing"": 14, ""adx_threshold"": 25, ""di_length"": 14}, ""vol"": {""cvi_len"": 8, ""roc_len"": 120}}","{""atr_len"": 38, ""atr_mult"": 1.38, ""be_pct"": 0.14, ""tp_mult"": 2.65, ""trail_arm"": 1.95, ""trail_mult"": 2.0}"
B|trend|polychromatic_momentum_signals|kuskus_starlight_signals|chaikin_volatility_volume_signals|ema_baseline,polychromatic_momentum_signals,kuskus_starlight_signals,chaikin_volatility_volume_signals,ema_baseline,trend,B,"{""base"": {""ma_length"": 132}, ""c1"": {""len"": 3}, ""c2"": {""index_smooth"": 0.567792, ""price_smooth"": 0.161709, ""range_periods"": 85}, ""exit_ind"": {""adx_smoothing"": 14, ""adx_threshold"": 25, ""di_length"": 14}, ""vol"": {""cvi_len"": 12, ""roc_len"": 15}}","{""atr_len"": 29, ""atr_mult"": 1.3, ""be_pct"": 0.05, ""tp_mult"": 2.7, ""trail_arm"": 1.0, ""trail_mult"": 1.35}"
B|trend|rex_oscillator_signals|ehlers_reverse_ema_signals|efficiency_ratio_volume_signals|tma_baseline,rex_oscillator_signals,ehlers_reverse_ema_signals,efficiency_ratio_volume_signals,tma_baseline,trend,B,"{""base"": {""length"": 25}, ""c1"": {""almaOffset"": 0.85, ""almaSigma"": 6, ""framaFast"": 34, ""framaSlow"": 89, ""jurikPhase"": 1, ""jurikPower"": 1, ""lsOffset"": 0, ""modFBW"": 0.5, ""modFilter"": 0.8, ""sigAlmaOff"": 0.85, ""sigAlmaSig"": 6, ""sigFramaFast"": 34, ""sigFramaSlow"": 89, ""sigJurikPhase"": 1, ""sigJurikPower"": 1, ""sigLsOff"": 0, ""sigModFBW"": 0.5, ""sigModFilter"": 0.8, ""sigSmooth"": 22, ""sigVolAdj"": 10, ""smooth"": 14, ""volAdj"": 10}, ""c2"": {""alpha"": 0.1}, ""exit_ind"": {""adx_smoothing"": 14, ""adx_threshold"": 25, ""di_length"": 14}, ""vol"": {""er_threshold"": 0.562145, ""length"": 5}}","{""atr_len"": 50, ""atr_mult"": 1.2, ""be_pct"": 0.05, ""tp_mult"": 3.0, ""trail_arm"": 1.45, ""trail_mult"": 0.6}"
B|trend|trend_direction_force_index_signals|kase_peak_oscillator_signals|variance_volume_signals|tma_baseline,trend_direction_force_index_signals,kase_peak_oscillator_signals,variance_volume_signals,tma_baseline,trend,B,"{""base"": {""length"": 20}, ""c1"": {""fhigh"": 0.05, ""flow"": -0.040557, ""lookback"": 11}, ""c2"": {""long_cycle"": 80, ""sharpness"": 40, ""short_cycle"": 8}, ""exit_ind"": {""adx_smoothing"": 14, ""adx_threshold"": 25, ""di_length"": 14}, ""vol"": {""ema_len"": 43, ""filter_lookback"": 11, ""hline"": 0, ""lookback"": 132}}","{""atr_len"": 13, ""atr_mult"": 1.2, ""be_pct"": 0.01, ""tp_mult"": 2.85, ""trail_arm"": 1.45, ""trail_mult"": 0.9}"
B|trend|bears_bulls_impulse_signals|kuskus_starlight_signals|chaikin_volatility_volume_signals|wma_baseline,bears_bulls_impulse_signals,kuskus_starlight_signals,chaikin_volatility_volume_signals,wma_baseline,trend,B,"{""base"": {""ma_length"": 57}, ""c1"": {""length"": 24}, ""c2"": {""index_smooth"": 0.567792, ""price_smooth"": 0.373569, ""range_periods"": 85}, ""exit_ind"": {""adx_smoothing"": 14, ""adx_threshold"": 25, ""di_length"": 14}, ""vol"": {""cvi_len"": 4, ""roc_len"": 12}}","{""atr_len"": 8, ""atr_mult"": 1.44, ""be_pct"": 0.09, ""tp_mult"": 2.7, ""trail_arm"": 1.1, ""trail_mult"": 1.6}"
B|trend|coral_signals|aroon_signals|volatility_ratio_volume_signals|mcginley_dynamic_index,coral_signals,aroon_signals,volatility_ratio_volume_signals,mcginley_dynamic_index,trend,B,"{""base"": {""mci_length"": 40}, ""c1"": {""const_d"": 40, ""smooth_period"": 28}, ""c2"": {""length"": 164}, ""exit_ind"": {""adx_smoothing"": 14, ""adx_threshold"": 25, ""di_length"": 14}, ""vol"": {""length"": 92}}","{""atr_len"": 33, ""atr_mult"": 1.44, ""be_pct"": 0.01, ""tp_mult"": 2.95, ""trail_arm"": 1.25, ""trail_mult"": 1.95}"
B|trend|ehlers_reverse_ema_signals|waddah_attar_explosion_signals|variance_volume_signals|kama_baseline,ehlers_reverse_ema_signals,waddah_attar_explosion_signals,variance_volume_signals,kama_baseline,trend,B,"{""base"": {""fast_length"": 2, ""length"": 10, ""slow_length"": 5}, ""c1"": {""alpha"": 0.035112}, ""c2"": {""bbLen"": 57, ""bbStd"": 2, ""fastEma"": 20, ""sensitivity"": 150, ""slowEma"": 32}, ""exit_ind"": {""adx_smoothing"": 14, ""adx_threshold"": 25, ""di_length"": 14}, ""vol"": {""ema_len"": 28, ""filter_lookback"": 132, ""hline"": 0, ""lookback"": 2}}","{""atr_len"": 41, ""atr_mult"": 1.0, ""be_pct"": 0.01, ""tp_mult"": 2.4, ""trail_arm"": 1.25, ""trail_mult"": 1.6}"
B|trend|j_tpo_signals|donchian_breakout_signals|efficiency_ratio_volume_signals|kama_baseline,j_tpo_signals,donchian_breakout_signals,efficiency_ratio_volume_signals,kama_baseline,trend,B,"{""base"": {""fast_length"": 2, ""length"": 12, ""slow_length"": 30}, ""c1"": {""ema_len"": 200, ""len"": 114}, ""c2"": {""length"": 20}, ""exit_ind"": {""adx_smoothing"": 14, ""adx_threshold"": 25, ""di_length"": 14}, ""vol"": {""er_threshold"": 0.3, ""length"": 66}}","{""atr_len"": 37, ""atr_mult"": 1.31, ""be_pct"": 0.01, ""tp_mult"": 2.55, ""trail_arm"": 1.35, ""trail_mult"": 1.1}"
B|trend|lemantrend_signals|j_tpo_signals|variance_volume_signals|kama_baseline,lemantrend_signals,j_tpo_signals,variance_volume_signals,kama_baseline,trend,B,"{""base"": {""fast_length"": 2, ""length"": 5, ""slow_length"": 30}, ""c1"": {""fast_period"": 28, ""medium_period"": 210, ""slow_period"": 24, ""smooth"": 4}, ""c2"": {""ema_len"": 200, ""len"": 40}, ""exit_ind"": {""adx_smoothing"": 14, ""adx_threshold"": 25, ""di_length"": 14}, ""vol"": {""ema_len"": 10, ""filter_lookback"": 20, ""hline"": 0, ""lookback"": 20}}","{""atr_len"": 4, ""atr_mult"": 1.27, ""be_pct"": 0.05, ""tp_mult"": 2.05, ""trail_arm"": 1.0, ""trail_mult"": 1.5}"
B|trend|polychromatic_momentum_signals|vortex_signals|waddah_attar_explosion_volume_signals|tma_baseline,polychromatic_momentum_signals,vortex_signals,waddah_attar_explosion_volume_signals,tma_baseline,trend,B,"{""base"": {""length"": 25}, ""c1"": {""len"": 14}, ""c2"": {""period"": 17}, ""exit_ind"": {""adx_smoothing"": 14, ""adx_threshold"": 25, ""di_length"": 14}, ""vol"": {""bbLen"": 20, ""bbStd"": 2, ""fastEma"": 20, ""sensitivity"": 150, ""slowEma"": 21}}","{""atr_len"": 4, ""atr_mult"": 1.47, ""be_pct"": 0.01, ""tp_mult"": 2.65, ""trail_arm"": 1.75, ""trail_mult"": 0.75}"
B|trend|schaff_trend_cycle_signals|dpo_signals|efficiency_ratio_volume_signals|sma_baseline,schaff_trend_cycle_signals,dpo_signals,efficiency_ratio_volume_signals,sma_baseline,trend,B,"{""base"": {""length"": 25}, ""c1"": {""cycleLen"": 10, ""d1"": 9, ""d2"": 2, ""lowerBand"": 2, ""macdFast"": 28, ""macdSlow"": 62, ""stc_midline"": 8, ""upperBand"": 75}, ""c2"": {""len"": 94}, ""exit_ind"": {""adx_smoothing"": 14, ""adx_threshold"": 25, ""di_length"": 14}, ""vol"": {""er_threshold"": 0.243339, ""length"": 10}}","{""atr_len"": 49, ""atr_mult"": 1.25, ""be_pct"": 0.01, ""tp_mult"": 2.45, ""trail_arm"": 2.0, ""trail_mult"": 1.05}"
B|trend|trend_direction_force_index_signals|trend_direction_force_index_signals|variance_volume_signals|ema_baseline,trend_direction_force_index_signals,trend_direction_force_index_signals,variance_volume_signals,ema_baseline,trend,B,"{""base"": {""ma_length"": 20}, ""c1"": {""fhigh"": 0.093691, ""flow"": -0.142402, ""lookback"": 2}, ""c2"": {""fhigh"": 0.040557, ""flow"": -0.05, ""lookback"": 13}, ""exit_ind"": {""adx_smoothing"": 14, ""adx_threshold"": 25, ""di_length"": 14}, ""vol"": {""ema_len"": 100, ""filter_lookback"": 20, ""hline"": 0, ""lookback"": 20}}","{""atr_len"": 36, ""atr_mult"": 1.4, ""be_pct"": 0.01, ""tp_mult"": 1.7, ""trail_arm"": 2.0, ""trail_mult"": 1.35}"
B|trend|adx_dmi_signals|dpo_signals|variance_volume_signals|wma_baseline,adx_dmi_signals,dpo_signals,variance_volume_signals,wma_baseline,trend,B,"{""base"": {""ma_length"": 200}, ""c1"": {""adx_smoothing"": 11, ""adx_threshold"": 25, ""di_length"": 14}, ""c2"": {""len"": 62}, ""exit_ind"": {""adx_smoothing"": 14, ""adx_threshold"": 25, ""di_length"": 14}, ""vol"": {""ema_len"": 12, ""filter_lookback"": 16, ""hline"": 0, ""lookback"": 87}}","{""atr_len"": 42, ""atr_mult"": 1.15, ""be_pct"": 0.01, ""tp_mult"": 1.95, ""trail_arm"": 1.95, ""trail_mult"": 0.5}"
B|trend|coral_signals|laguerre_filter_signals|chaikin_volatility_volume_signals|t3_baseline,coral_signals,laguerre_filter_signals,chaikin_volatility_volume_signals,t3_baseline,trend,B,"{""base"": {""length"": 12, ""volume_factor"": 0.07}, ""c1"": {""const_d"": 11, ""smooth_period"": 28}, ""c2"": {""alpha"": 0.246569}, ""exit_ind"": {""adx_smoothing"": 14, ""adx_threshold"": 25, ""di_length"": 14}, ""vol"": {""cvi_len"": 8, ""roc_len"": 10}}","{""atr_len"": 10, ""atr_mult"": 1.38, ""be_pct"": 0.01, ""tp_mult"": 1.85, ""trail_arm"": 1.05, ""trail_mult"": 1.45}"
B|trend|ehlers_reverse_ema_signals|donchian_breakout_signals|chaikin_volatility_volume_signals|mcginley_dynamic_index,ehlers_reverse_ema_signals,donchian_breakout_signals,chaikin_volatility_volume_signals,mcginley_dynamic_index,trend,B,"{""base"": {""mci_length"": 14}, ""c1"": {""alpha"": 0.023101}, ""c2"": {""length"": 11}, ""exit_ind"": {""adx_smoothing"": 14, ""adx_threshold"": 25, ""di_length"": 14}, ""vol"": {""cvi_len"": 100, ""roc_len"": 6}}","{""atr_len"": 50, ""atr_mult"": 1.46, ""be_pct"": 0.1, ""tp_mult"": 3.0, ""trail_arm"": 1.25, ""trail_mult"": 1.4}"
B|trend|j_tpo_signals|laguerre_filter_signals|efficiency_ratio_volume_signals|wma_baseline,j_tpo_signals,laguerre_filter_signals,efficiency_ratio_volume_signals,wma_baseline,trend,B,"{""base"": {""ma_length"": 37}, ""c1"": {""ema_len"": 200, ""len"": 21}, ""c2"": {""alpha"": 0.2}, ""exit_ind"": {""adx_smoothing"": 14, ""adx_threshold"": 25, ""di_length"": 14}, ""vol"": {""er_threshold"": 0.3, ""length"": 10}}","{""atr_len"": 10, ""atr_mult"": 1.1, ""be_pct"": 0.05, ""tp_mult"": 3.0, ""trail_arm"": 1.0, ""trail_mult"": 1.3}"
B|trend|lemantrend_signals|laguerre_filter_signals|waddah_attar_explosion_volume_signals|sma_baseline,lemantrend_signals,laguerre_filter_signals,waddah_attar_explosion_volume_signals,sma_baseline,trend,B,"{""base"": {""length"": 11}, ""c1"": {""fast_period"": 12, ""medium_period"": 91, ""slow_period"": 16, ""smooth"": 2}, ""c2"": {""alpha"": 0.046203}, ""exit_ind"": {""adx_smoothing"": 14, ""adx_threshold"": 25, ""di_length"": 14}, ""vol"": {""bbLen"": 37, ""bbStd"": 2, ""fastEma"": 7, ""sensitivity"": 185, ""slowEma"": 32}}","{""atr_len"": 2, ""atr_mult"": 1.37, ""be_pct"": 0.05, ""tp_mult"": 2.25, ""trail_arm"": 1.1, ""trail_mult"": 0.75}"
B|trend|polychromatic_momentum_signals|fx_sniper_ergodic_cci_signals|chaikin_volatility_volume_signals|frama_baseline,polychromatic_momentum_signals,fx_sniper_ergodic_cci_signals,chaikin_volatility_volume_signals,frama_baseline,trend,B,"{""base"": {""length"": 19}, ""c1"": {""len"": 14}, ""c2"": {""cci_length"": 17, ""ema1_length"": 6, ""ema2_length"": 4, ""trigger_length"": 4}, ""exit_ind"": {""adx_smoothing"": 14, ""adx_threshold"": 25, ""di_length"": 14}, ""vol"": {""cvi_len"": 66, ""roc_len"": 120}}","{""atr_len"": 12, ""atr_mult"": 1.43, ""be_pct"": 0.01, ""tp_mult"": 2.3, ""trail_arm"": 1.0, ""trail_mult"": 1.35}"
B|trend|ssl_channel_signals|supertrend_signals|variance_volume_signals|wma_baseline,ssl_channel_signals,supertrend_signals,variance_volume_signals,wma_baseline,trend,B,"{""base"": {""ma_length"": 20}, ""c1"": {""len"": 8}, ""c2"": {""atr_period"": 2, ""factor"": 3}, ""exit_ind"": {""adx_smoothing"": 14, ""adx_threshold"": 25, ""di_length"": 14}, ""vol"": {""ema_len"": 100, ""filter_lookback"": 132, ""hline"": 0, ""lookback"": 11}}","{""atr_len"": 11, ""atr_mult"": 1.5, ""be_pct"": 0.05, ""tp_mult"": 3.0, ""trail_arm"": 2.0, ""trail_mult"": 0.9}"
B|trend|vortex_signals|relative_vigor_index_signals|variance_volume_signals|wma_baseline,vortex_signals,relative_vigor_index_signals,variance_volume_signals,wma_baseline,trend,B,"{""base"": {""ma_length"": 37}, ""c1"": {""period"": 3}, ""c2"": {""len"": 43}, ""exit_ind"": {""adx_smoothing"": 14, ""adx_threshold"": 25, ""di_length"": 14}, ""vol"": {""ema_len"": 8, ""filter_lookback"": 7, ""hline"": 0, ""lookback"": 200}}","{""atr_len"": 34, ""atr_mult"": 1.36, ""be_pct"": 0.19, ""tp_mult"": 3.0, ""trail_arm"": 1.0, ""trail_mult"": 1.35}"
B|trend|center_of_gravity_signals|mama_fama_signals|variance_volume_signals|t3_baseline,center_of_gravity_signals,mama_fama_signals,variance_volume_signals,t3_baseline,trend,B,"{""base"": {""length"": 12, ""volume_factor"": 0.106394}, ""c1"": {""length"": 28, ""signal_length"": 2}, ""c2"": {""fast_limit"": 0.115506, ""slow_limit"": 0.05}, ""exit_ind"": {""adx_smoothing"": 14, ""adx_threshold"": 25, ""di_length"": 14}, ""vol"": {""ema_len"": 2, ""filter_lookback"": 132, ""hline"": 0, ""lookback"": 200}}","{""atr_len"": 30, ""atr_mult"": 1.5, ""be_pct"": 0.01, ""tp_mult"": 2.55, ""trail_arm"": 1.2, ""trail_mult"": 1.15}"
B|trend|didi_index_signals|dspo_signals|variance_volume_signals|mcginley_dynamic_index,didi_index_signals,dspo_signals,variance_volume_signals,mcginley_dynamic_index,trend,B,"{""base"": {""mci_length"": 40}, ""c1"": {""long_p"": 20, ""medium"": 80}, ""c2"": {""len"": 14}, ""exit_ind"": {""adx_smoothing"": 14, ""adx_threshold"": 25, ""di_length"": 14}, ""vol"": {""ema_len"": 28, ""filter_lookback"": 200, ""hline"": 0, ""lookback"": 3}}","{""atr_len"": 9, ""atr_mult"": 1.15, ""be_pct"": 0.05, ""tp_mult"": 1.6, ""trail_arm"": 2.0, ""trail_mult"": 2.0}"
B|trend|ehlers_reverse_ema_signals|price_momentum_oscillator_signals|efficiency_ratio_volume_signals|t3_baseline,ehlers_reverse_ema_signals,price_momentum_oscillator_signals,efficiency_ratio_volume_signals,t3_baseline,trend,B,"{""base"": {""length"": 12, ""volume_factor"": 0.7}, ""c1"": {""alpha"": 1.0}, ""c2"": {""s1"": 230, ""s2"": 20, ""sig"": 10}, ""exit_ind"": {""adx_smoothing"": 14, ""adx_threshold"": 25, ""di_length"": 14}, ""vol"": {""er_threshold"": 0.3, ""length"": 66}}","{""atr_len"": 2, ""atr_mult"": 1.2, ""be_pct"": 0.01, ""tp_mult"": 2.0, ""trail_arm"": 2.0, ""trail_mult"": 1.25}"
B|trend|ichimoku_signals|dpo_signals|chaikin_volatility_volume_signals|tma_baseline,ichimoku_signals,dpo_signals,chaikin_volatility_volume_signals,tma_baseline,trend,B,"{""base"": {""length"": 25}, ""c1"": {""base_len"": 21, ""conversion_len"": 3, ""displacement"": 113, ""span_b_len"": 520}, ""c2"": {""len"": 8}, ""exit_ind"": {""adx_smoothing"": 14, ""adx_threshold"": 25, ""di_length"": 14}, ""vol"": {""cvi_len"": 5, ""roc_len"": 4}}","{""atr_len"": 5, ""atr_mult"": 1.15, ""be_pct"": 0.01, ""tp_mult"": 1.8, ""trail_arm"": 1.6, ""trail_mult"": 1.5}"
B|trend|kuskus_starlight_signals|supertrend_signals|chaikin_volatility_volume_signals|rma_baseline,kuskus_starlight_signals,supertrend_signals,chaikin_volatility_volume_signals,rma_baseline,trend,B,"{""base"": {""ma_length"": 37}, ""c1"": {""index_smooth"": 0.7, ""price_smooth"": 0.07, ""range_periods"": 300}, ""c2"": {""atr_period"": 10, ""factor"": 2}, ""exit_ind"": {""adx_smoothing"": 14, ""adx_threshold"": 25, ""di_length"": 14}, ""vol"": {""cvi_len"": 43, ""roc_len"": 52}}","{""atr_len"": 44, ""atr_mult"": 1.2, ""be_pct"": 0.05, ""tp_mult"": 2.85, ""trail_arm"": 1.9, ""trail_mult"": 0.55}"
B|trend|mama_fama_signals|ssl_channel_signals|chaikin_volatility_volume_signals|tma_baseline,mama_fama_signals,ssl_channel_signals,chaikin_volatility_volume_signals,tma_baseline,trend,B,"{""base"": {""length"": 37}, ""c1"": {""fast_limit"": 0.17556, ""slow_limit"": 0.005}, ""c2"": {""len"": 19}, ""exit_ind"": {""adx_smoothing"": 14, ""adx_threshold"": 25, ""di_length"": 14}, ""vol"": {""cvi_len"": 19, ""roc_len"": 10}}","{""atr_len"": 38, ""atr_mult"": 1.31, ""be_pct"": 0.05, ""tp_mult"": 2.85, ""trail_arm"": 1.2, ""trail_mult"": 0.5}"
B|trend|relative_vigor_index_signals|center_of_gravity_signals|fractal_dimension_volume_signals|tma_baseline,relative_vigor_index_signals,center_of_gravity_signals,fractal_dimension_volume_signals,tma_baseline,trend,B,"{""base"": {""length"": 132}, ""c1"": {""len"": 66}, ""c2"": {""length"": 10, ""signal_length"": 6}, ""exit_ind"": {""adx_smoothing"": 14, ""adx_threshold"": 25, ""di_length"": 14}, ""vol"": {""fd_threshold"": 1.5, ""length"": 24}}","{""atr_len"": 20, ""atr_mult"": 1.0, ""be_pct"": 0.01, ""tp_mult"": 2.95, ""trail_arm"": 1.45, ""trail_mult"": 1.95}"
B|trend|ssl_channel_signals|dpo_signals|chaikin_volatility_volume_signals|tma_baseline,ssl_channel_signals,dpo_signals,chaikin_volatility_volume_signals,tma_baseline,trend,B,"{""base"": {""length"": 37}, ""c1"": {""len"": 12}, ""c2"": {""len"": 94}, ""exit_ind"": {""adx_smoothing"": 14, ""adx_threshold"": 25, ""di_length"": 14}, ""vol"": {""cvi_len"": 28, ""roc_len"": 4}}","{""atr_len"": 14, ""atr_mult"": 1.28, ""be_pct"": 0.01, ""tp_mult"": 2.05, ""trail_arm"": 1.8, ""trail_mult"": 0.9}"
B|trend|volatility_quality_signals|price_momentum_oscillator_signals|variance_volume_signals|frama_baseline,volatility_quality_signals,price_momentum_oscillator_signals,variance_volume_signals,frama_baseline,trend,B,"{""base"": {""length"": 10}, ""c1"": {""atr_pct"": 0.075, ""smooth"": 10}, ""c2"": {""s1"": 350, ""s2"": 200, ""sig"": 10}, ""exit_ind"": {""adx_smoothing"": 14, ""adx_threshold"": 25, ""di_length"": 14}, ""vol"": {""ema_len"": 10, ""filter_lookback"": 7, ""hline"": 0, ""lookback"": 25}}","{""atr_len"": 18, ""atr_mult"": 1.05, ""be_pct"": 0.01, ""tp_mult"": 2.1, ""trail_arm"": 1.3, ""trail_mult"": 0.55}"
B|trend|center_of_gravity_signals|schaff_trend_cycle_signals|williams_vix_fix_volume_signals|hma_baseline,center_of_gravity_signals,schaff_trend_cycle_signals,williams_vix_fix_volume_signals,hma_baseline,trend,B,"{""base"": {""ma_length"": 20}, ""c1"": {""length"": 8, ""signal_length"": 4}, ""c2"": {""cycleLen"": 10, ""d1"": 3, ""d2"": 6, ""lowerBand"": 25, ""macdFast"": 23, ""macdSlow"": 41, ""stc_midline"": 27, ""upperBand"": 75}, ""exit_ind"": {""adx_smoothing"": 14, ""adx_threshold"": 25, ""di_length"": 14}, ""vol"": {""bb_length"": 132, ""bb_mult"": 2, ""lookback"": 3}}","{""atr_len"": 50, ""atr_mult"": 1.33, ""be_pct"": 0.05, ""tp_mult"": 2.95, ""trail_arm"": 1.0, ""trail_mult"": 0.55}"
B|trend|didi_index_signals|bears_bulls_impulse_signals|variance_volume_signals|rma_baseline,didi_index_signals,bears_bulls_impulse_signals,variance_volume_signals,rma_baseline,trend,B,"{""base"": {""ma_length"": 20}, ""c1"": {""long_p"": 20, ""medium"": 8}, ""c2"": {""length"": 37}, ""exit_ind"": {""adx_smoothing"": 14, ""adx_threshold"": 25, ""di_length"": 14}, ""vol"": {""ema_len"": 10, ""filter_lookback"": 3, ""hline"": 0, ""lookback"": 132}}","{""atr_len"": 20, ""atr_mult"": 1.2, ""be_pct"": 0.05, ""tp_mult"": 3.0, ""trail_arm"": 2.0, ""trail_mult"": 1.3}"
B|trend|dspo_signals|ssl_channel_signals|chaikin_volatility_volume_signals|ema_baseline,dspo_signals,ssl_channel_signals,chaikin_volatility_volume_signals,ema_baseline,trend,B,"{""base"": {""ma_length"": 20}, ""c1"": {""len"": 14}, ""c2"": {""len"": 10}, ""exit_ind"": {""adx_smoothing"": 14, ""adx_threshold"": 25, ""di_length"": 14}, ""vol"": {""cvi_len"": 66, ""roc_len"": 2}}","{""atr_len"": 22, ""atr_mult"": 1.0, ""be_pct"": 0.05, ""tp_mult"": 2.6, ""trail_arm"": 2.0, ""trail_mult"": 1.25}"
B|trend|fx_sniper_ergodic_cci_signals|supertrend_signals|chaikin_volatility_volume_signals|sma_baseline,fx_sniper_ergodic_cci_signals,supertrend_signals,chaikin_volatility_volume_signals,sma_baseline,trend,B,"{""base"": {""length"": 20}, ""c1"": {""cci_length"": 14, ""ema1_length"": 5, ""ema2_length"": 3, ""trigger_length"": 9}, ""c2"": {""atr_period"": 19, ""factor"": 4}, ""exit_ind"": {""adx_smoothing"": 14, ""adx_threshold"": 25, ""di_length"": 14}, ""vol"": {""cvi_len"": 12, ""roc_len"": 4}}","{""atr_len"": 3, ""atr_mult"": 1.5, ""be_pct"": 0.15, ""tp_mult"": 2.95, ""trail_arm"": 1.15, ""trail_mult"": 0.9}"
B|trend|kase_peak_oscillator_signals|parabolic_sar_signals|variance_volume_signals|tma_baseline,kase_peak_oscillator_signals,parabolic_sar_signals,variance_volume_signals,tma_baseline,trend,B,"{""base"": {""length"": 25}, ""c1"": {""long_cycle"": 122, ""sharpness"": 40, ""short_cycle"": 15}, ""c2"": {""sar_increment"": 0.007022, ""sar_maximum"": 0.070224, ""sar_start"": 0.02}, ""exit_ind"": {""adx_smoothing"": 14, ""adx_threshold"": 25, ""di_length"": 14}, ""vol"": {""ema_len"": 10, ""filter_lookback"": 25, ""hline"": 0, ""lookback"": 200}}","{""atr_len"": 5, ""atr_mult"": 1.0, ""be_pct"": 0.02, ""tp_mult"": 1.85, ""trail_arm"": 1.0, ""trail_mult"": 1.55}"
B|trend|parabolic_sar_signals|ichimoku_signals|fractal_dimension_volume_signals|kama_baseline,parabolic_sar_signals,ichimoku_signals,fractal_dimension_volume_signals,kama_baseline,trend,B,"{""base"": {""fast_length"": 9, ""length"": 28, ""slow_length"": 30}, ""c1"": {""sar_increment"": 0.007022, ""sar_maximum"": 0.070224, ""sar_start"": 0.02}, ""c2"": {""base_len"": 49, ""conversion_len"": 9, ""displacement"": 26, ""span_b_len"": 52}, ""exit_ind"": {""adx_smoothing"": 14, ""adx_threshold"": 25, ""di_length"": 14}, ""vol"": {""fd_threshold"": 1.5, ""length"": 300}}","{""atr_len"": 50, ""atr_mult"": 1.0, ""be_pct"": 0.01, ""tp_mult"": 2.5, ""trail_arm"": 1.7, ""trail_mult"": 0.5}"
B|trend|qqe_mod_signals|kase_peak_oscillator_signals|chaikin_volatility_volume_signals|ema_baseline,qqe_mod_signals,kase_peak_oscillator_signals,chaikin_volatility_volume_signals,ema_baseline,trend,B,"{""base"": {""ma_length"": 132}, ""c1"": {""fast_factor"": 4.585338, ""rsi_len"": 14, ""rsi_period"": 26}, ""c2"": {""long_cycle"": 185, ""sharpness"": 40, ""short_cycle"": 8}, ""exit_ind"": {""adx_smoothing"": 14, ""adx_threshold"": 25, ""di_length"": 14}, ""vol"": {""cvi_len"": 12, ""roc_len"": 15}}","{""atr_len"": 50, ""atr_mult"": 1.2, ""be_pct"": 0.01, ""tp_mult"": 1.7, ""trail_arm"": 1.35, ""trail_mult"": 1.25}"
B|trend|supertrend_signals|dpo_signals|chaikin_volatility_volume_signals|ema_baseline,supertrend_signals,dpo_signals,chaikin_volatility_volume_signals,ema_baseline,trend,B,"{""base"": {""ma_length"": 132}, ""c1"": {""atr_period"": 28, ""factor"": 6}, ""c2"": {""len"": 5}, ""exit_ind"": {""adx_smoothing"": 14, ""adx_threshold"": 25, ""di_length"": 14}, ""vol"": {""cvi_len"": 12, ""roc_len"": 15}}","{""atr_len"": 50, ""atr_mult"": 1.0, ""be_pct"": 0.05, ""tp_mult"": 2.8, ""trail_arm"": 1.8, ""trail_mult"": 0.5}"
B|trend|bears_bulls_impulse_signals|supertrend_signals|chaikin_volatility_volume_signals|wma_baseline,bears_bulls_impulse_signals,supertrend_signals,chaikin_volatility_volume_signals,wma_baseline,trend,B,"{""base"": {""ma_length"": 37}, ""c1"": {""length"": 13}, ""c2"": {""atr_period"": 8, ""factor"": 6}, ""exit_ind"": {""adx_smoothing"": 14, ""adx_threshold"": 25, ""di_length"": 14}, ""vol"": {""cvi_len"": 43, ""roc_len"": 4}}","{""atr_len"": 32, ""atr_mult"": 1.0, ""be_pct"": 0.05, ""tp_mult"": 2.25, ""trail_arm"": 1.35, ""trail_mult"": 1.4}"
B|trend|coppock_curve_signals|dspo_signals|variance_volume_signals|ema_baseline,coppock_curve_signals,dspo_signals,variance_volume_signals,ema_baseline,trend,B,"{""base"": {""ma_length"": 20}, ""c1"": {""long_roc"": 14, ""short_roc"": 11, ""smooth_len"": 8}, ""c2"": {""len"": 26}, ""exit_ind"": {""adx_smoothing"": 14, ""adx_threshold"": 25, ""di_length"": 14}, ""vol"": {""ema_len"": 2, ""filter_lookback"": 200, ""hline"": 0, ""lookback"": 20}}","{""atr_len"": 41, ""atr_mult"": 1.47, ""be_pct"": 0.01, ""tp_mult"": 2.9, ""trail_arm"": 1.15, ""trail_mult"": 1.6}"
B|trend|dpo_signals|waddah_attar_explosion_signals|variance_volume_signals|ema_baseline,dpo_signals,waddah_attar_explosion_signals,variance_volume_signals,ema_baseline,trend,B,"{""base"": {""ma_length"": 16}, ""c1"": {""len"": 50}, ""c2"": {""bbLen"": 132, ""bbStd"": 2, ""fastEma"": 20, ""sensitivity"": 185, ""slowEma"": 32}, ""exit_ind"": {""adx_smoothing"": 14, ""adx_threshold"": 25, ""di_length"": 14}, ""vol"": {""ema_len"": 10, ""filter_lookback"": 200, ""hline"": 0, ""lookback"": 7}}","{""atr_len"": 22, ""atr_mult"": 1.26, ""be_pct"": 0.05, ""tp_mult"": 1.85, ""trail_arm"": 2.0, ""trail_mult"": 1.85}"
B|trend|halftrend_signals|dpo_signals|damiani_volatmeter_volume_signals|rma_baseline,halftrend_signals,dpo_signals,damiani_volatmeter_volume_signals,rma_baseline,trend,B,"{""base"": {""ma_length"": 132}, ""c1"": {""amplitude"": 41}, ""c2"": {""len"": 62}, ""exit_ind"": {""adx_smoothing"": 14, ""adx_threshold"": 25, ""di_length"": 14}, ""vol"": {""lag"": 1.4, ""sedimentation"": 8, ""threshold"": 1.4, ""viscosity"": 4}}","{""atr_len"": 50, ""atr_mult"": 1.5, ""be_pct"": 0.05, ""tp_mult"": 2.5, ""trail_arm"": 1.15, ""trail_mult"": 0.5}"
B|trend|j_tpo_signals|schaff_trend_cycle_signals|choppiness_index_volume_signals|mcginley_dynamic_index,j_tpo_signals,schaff_trend_cycle_signals,choppiness_index_volume_signals,mcginley_dynamic_index,trend,B,"{""base"": {""mci_length"": 11}, ""c1"": {""ema_len"": 200, ""len"": 75}, ""c2"": {""cycleLen"": 10, ""d1"": 4, ""d2"": 3, ""lowerBand"": 25, ""macdFast"": 19, ""macdSlow"": 41, ""stc_midline"": 62, ""upperBand"": 75}, ""exit_ind"": {""adx_smoothing"": 14, ""adx_threshold"": 25, ""di_length"": 14}, ""vol"": {""ci_threshold"": 50.127885, ""length"": 3}}","{""atr_len"": 50, ""atr_mult"": 1.0, ""be_pct"": 0.01, ""tp_mult"": 3.0, ""trail_arm"": 1.55, ""trail_mult"": 1.4}"
B|trend|parabolic_sar_signals|kuskus_starlight_signals|variance_volume_signals|sma_baseline,parabolic_sar_signals,kuskus_starlight_signals,variance_volume_signals,sma_baseline,trend,B,"{""base"": {""length"": 200}, ""c1"": {""sar_increment"": 0.00304, ""sar_maximum"": 0.070224, ""sar_start"": 0.02}, ""c2"": {""index_smooth"": 0.7, ""price_smooth"": 0.7, ""range_periods"": 30}, ""exit_ind"": {""adx_smoothing"": 14, ""adx_threshold"": 25, ""di_length"": 14}, ""vol"": {""ema_len"": 8, ""filter_lookback"": 11, ""hline"": 0, ""lookback"": 132}}","{""atr_len"": 29, ""atr_mult"": 1.15, ""be_pct"": 0.05, ""tp_mult"": 3.0, ""trail_arm"": 1.0, ""trail_mult"": 1.25}"
B|trend|relative_vigor_index_signals|laguerre_filter_signals|chaikin_volatility_volume_signals|wma_baseline,relative_vigor_index_signals,laguerre_filter_signals,chaikin_volatility_volume_signals,wma_baseline,trend,B,"{""base"": {""ma_length"": 200}, ""c1"": {""len"": 10}, ""c2"": {""alpha"": 1.315866}, ""exit_ind"": {""adx_smoothing"": 14, ""adx_threshold"": 25, ""di_length"": 14}, ""vol"": {""cvi_len"": 28, ""roc_len"": 6}}","{""atr_len"": 50, ""atr_mult"": 1.37, ""be_pct"": 0.01, ""tp_mult"": 2.6, ""trail_arm"": 1.0, ""trail_mult"": 0.5}"
B|trend|ssl_channel_signals|ssl_channel_signals|williams_vix_fix_volume_signals|sma_baseline,ssl_channel_signals,ssl_channel_signals,williams_vix_fix_volume_signals,sma_baseline,trend,B,"{""base"": {""length"": 16}, ""c1"": {""len"": 2}, ""c2"": {""len"": 100}, ""exit_ind"": {""adx_smoothing"": 14, ""adx_threshold"": 25, ""di_length"": 14}, ""vol"": {""bb_length"": 25, ""bb_mult"": 2, ""lookback"": 3}}","{""atr_len"": 11, ""atr_mult"": 1.46, ""be_pct"": 0.07, ""tp_mult"": 3.0, ""trail_arm"": 1.6, ""trail_mult"": 1.15}"
B|trend|vortex_signals|fisher_transform_signals|chaikin_volatility_volume_signals|fantail_vma,vortex_signals,fisher_transform_signals,chaikin_volatility_volume_signals,fantail_vma,trend,B,"{""base"": {""fma_adx_length"": 2, ""fma_ma_length"": 39, ""fma_weighting"": 8}, ""c1"": {""period"": 40}, ""c2"": {""length"": 100}, ""exit_ind"": {""adx_smoothing"": 14, ""adx_threshold"": 25, ""di_length"": 14}, ""vol"": {""cvi_len"": 28, ""roc_len"": 6}}","{""atr_len"": 7, ""atr_mult"": 1.43, ""be_pct"": 0.01, ""tp_mult"": 2.3, ""trail_arm"": 1.1, ""trail_mult"": 1.7}"
B|trend|center_of_gravity_signals|ehlers_reverse_ema_signals|variance_volume_signals|lsma_baseline,center_of_gravity_signals,ehlers_reverse_ema_signals,variance_volume_signals,lsma_baseline,trend,B,"{""base"": {""length"": 200, ""lsma_offset"": 0}, ""c1"": {""length"": 5, ""signal_length"": 30}, ""c2"": {""alpha"": 0.035112}, ""exit_ind"": {""adx_smoothing"": 14, ""adx_threshold"": 25, ""di_length"": 14}, ""vol"": {""ema_len"": 66, ""filter_lookback"": 132, ""hline"": 0, ""lookback"": 11}}","{""atr_len"": 9, ""atr_mult"": 1.0, ""be_pct"": 0.05, ""tp_mult"": 3.0, ""trail_arm"": 1.0, ""trail_mult"": 1.6}"
B|trend|dspo_signals|linreg_slope_signals|variance_volume_signals|wma_baseline,dspo_signals,linreg_slope_signals,variance_volume_signals,wma_baseline,trend,B,"{""base"": {""ma_length"": 20}, ""c1"": {""len"": 5}, ""c2"": {""length"": 14, ""r2_floor"": 0.246569}, ""exit_ind"": {""adx_smoothing"": 14, ""adx_threshold"": 25, ""di_length"": 14}, ""vol"": {""ema_len"": 5, ""filter_lookback"": 200, ""hline"": 0, ""lookback"": 16}}","{""atr_len"": 5, ""atr_mult"": 1.0, ""be_pct"": 0.01, ""tp_mult"": 1.65, ""trail_arm"": 1.0, ""trail_mult"": 1.65}"
B|trend|fisher_transform_signals|ichimoku_signals|chaikin_volatility_volume_signals|t3_baseline,fisher_transform_signals,ichimoku_signals,chaikin_volatility_volume_signals,t3_baseline,trend,B,"{""base"": {""length"": 100, ""volume_factor"": 0.7}, ""c1"": {""length"": 66}, ""c2"": {""base_len"": 21, ""conversion_len"": 9, ""displacement"": 26, ""span_b_len"": 28}, ""exit_ind"": {""adx_smoothing"": 14, ""adx_threshold"": 25, ""di_length"": 14}, ""vol"": {""cvi_len"": 12, ""roc_len"": 15}}","{""atr_len"": 50, ""atr_mult"": 1.0, ""be_pct"": 0.05, ""tp_mult"": 2.85, ""trail_arm"": 1.9, ""trail_mult"": 0.7}"
B|trend|kase_peak_oscillator_signals|ichimoku_signals|chaikin_volatility_volume_signals|t3_baseline,kase_peak_oscillator_signals,ichimoku_signals,chaikin_volatility_volume_signals,t3_baseline,trend,B,"{""base"": {""length"": 19, ""volume_factor"": 0.567792}, ""c1"": {""long_cycle"": 10, ""sharpness"": 40, ""short_cycle"": 8}, ""c2"": {""base_len"": 171, ""conversion_len"": 26, ""displacement"": 26, ""span_b_len"": 52}, ""exit_ind"": {""adx_smoothing"": 14, ""adx_threshold"": 25, ""di_length"": 14}, ""vol"": {""cvi_len"": 28, ""roc_len"": 12}}","{""atr_len"": 2, ""atr_mult"": 1.29, ""be_pct"": 0.01, ""tp_mult"": 1.35, ""trail_arm"": 1.3, ""trail_mult"": 1.8}"
B|trend|polychromatic_momentum_signals|dpo_signals|variance_volume_signals|wma_baseline,polychromatic_momentum_signals,dpo_signals,variance_volume_signals,wma_baseline,trend,B,"{""base"": {""ma_length"": 25}, ""c1"": {""len"": 14}, ""c2"": {""len"": 94}, ""exit_ind"": {""adx_smoothing"": 14, ""adx_threshold"": 25, ""di_length"": 14}, ""vol"": {""ema_len"": 12, ""filter_lookback"": 5, ""hline"": 0, ""lookback"": 25}}","{""atr_len"": 11, ""atr_mult"": 1.34, ""be_pct"": 0.05, ""tp_mult"": 2.4, ""trail_arm"": 1.65, ""trail_mult"": 1.65}"
B|trend|rex_oscillator_signals|qqe_mod_signals|variance_volume_signals|wma_baseline,rex_oscillator_signals,qqe_mod_signals,variance_volume_signals,wma_baseline,trend,B,"{""base"": {""ma_length"": 20}, ""c1"": {""almaOffset"": 0.85, ""almaSigma"": 6, ""framaFast"": 34, ""framaSlow"": 89, ""jurikPhase"": 1, ""jurikPower"": 1, ""lsOffset"": 0, ""modFBW"": 0.5, ""modFilter"": 0.8, ""sigAlmaOff"": 0.85, ""sigAlmaSig"": 6, ""sigFramaFast"": 34, ""sigFramaSlow"": 89, ""sigJurikPhase"": 1, ""sigJurikPower"": 1, ""sigLsOff"": 0, ""sigModFBW"": 0.5, ""sigModFilter"": 0.8, ""sigSmooth"": 22, ""sigVolAdj"": 10, ""smooth"": 61, ""volAdj"": 10}, ""c2"": {""fast_factor"": 1.984883, ""rsi_len"": 5, ""rsi_period"": 6}, ""exit_ind"": {""adx_smoothing"": 14, ""adx_threshold"": 25, ""di_length"": 14}, ""vol"": {""ema_len"": 12, ""filter_lookback"": 37, ""hline"": 0, ""lookback"": 200}}","{""atr_len"": 32, ""atr_mult"": 1.25, ""be_pct"": 0.01, ""tp_mult"": 1.45, ""trail_arm"": 1.25, ""trail_mult"": 1.6}"
B|trend|volatility_quality_signals|kuskus_starlight_signals|efficiency_ratio_volume_signals|wma_baseline,volatility_quality_signals,kuskus_starlight_signals,efficiency_ratio_volume_signals,wma_baseline,trend,B,"{""base"": {""ma_length"": 37}, ""c1"": {""atr_pct"": 0.092464, ""smooth"": 10}, ""c2"": {""index_smooth"": 0.373569, ""price_smooth"": 1.993625, ""range_periods"": 300}, ""exit_ind"": {""adx_smoothing"": 14, ""adx_threshold"": 25, ""di_length"": 14}, ""vol"": {""er_threshold"": 0.243339, ""length"": 43}}","{""atr_len"": 14, ""atr_mult"": 1.33, ""be_pct"": 0.2, ""tp_mult"": 2.9, ""trail_arm"": 1.5, ""trail_mult"": 0.65}"
B|trend|center_of_gravity_signals|ehlers_reverse_ema_signals|efficiency_ratio_volume_signals|frama_baseline,center_of_gravity_signals,ehlers_reverse_ema_signals,efficiency_ratio_volume_signals,frama_baseline,trend,B,"{""base"": {""length"": 19}, ""c1"": {""length"": 8, ""signal_length"": 30}, ""c2"": {""alpha"": 0.035112}, ""exit_ind"": {""adx_smoothing"": 14, ""adx_threshold"": 25, ""di_length"": 14}, ""vol"": {""er_threshold"": 0.3, ""length"": 43}}","{""atr_len"": 49, ""atr_mult"": 1.1, ""be_pct"": 0.05, ""tp_mult"": 2.95, ""trail_arm"": 1.0, ""trail_mult"": 2.0}"
B|trend|didi_index_signals|halftrend_signals|variance_volume_signals|mcginley_dynamic_index,didi_index_signals,halftrend_signals,variance_volume_signals,mcginley_dynamic_index,trend,B,"{""base"": {""mci_length"": 11}, ""c1"": {""long_p"": 2, ""medium"": 8}, ""c2"": {""amplitude"": 62}, ""exit_ind"": {""adx_smoothing"": 14, ""adx_threshold"": 25, ""di_length"": 14}, ""vol"": {""ema_len"": 100, ""filter_lookback"": 200, ""hline"": 0, ""lookback"": 3}}","{""atr_len"": 50, ""atr_mult"": 1.32, ""be_pct"": 0.05, ""tp_mult"": 2.65, ""trail_arm"": 1.8, ""trail_mult"": 1.2}"
B|trend|ehlers_reverse_ema_signals|donchian_breakout_signals|chaikin_volatility_volume_signals|tma_baseline,ehlers_reverse_ema_signals,donchian_breakout_signals,chaikin_volatility_volume_signals,tma_baseline,trend,B,"{""base"": {""length"": 20}, ""c1"": {""alpha"": 0.657933}, ""c2"": {""length"": 87}, ""exit_ind"": {""adx_smoothing"": 14, ""adx_threshold"": 25, ""di_length"": 14}, ""vol"": {""cvi_len"": 19, ""roc_len"": 10}}","{""atr_len"": 39, ""atr_mult"": 1.5, ""be_pct"": 0.01, ""tp_mult"": 2.05, ""trail_arm"": 1.05, ""trail_mult"": 1.1}"
B|trend|halftrend_signals|ichimoku_signals|chaikin_volatility_volume_signals|rma_baseline,halftrend_signals,ichimoku_signals,chaikin_volatility_volume_signals,rma_baseline,trend,B,"{""base"": {""ma_length"": 20}, ""c1"": {""amplitude"": 142}, ""c2"": {""base_len"": 26, ""conversion_len"": 7, ""displacement"": 9, ""span_b_len"": 97}, ""exit_ind"": {""adx_smoothing"": 14, ""adx_threshold"": 25, ""di_length"": 14}, ""vol"": {""cvi_len"": 4, ""roc_len"": 6}}","{""atr_len"": 36, ""atr_mult"": 1.2, ""be_pct"": 0.01, ""tp_mult"": 2.35, ""trail_arm"": 2.0, ""trail_mult"": 0.55}"
B|trend|kase_peak_oscillator_signals|dpo_signals|variance_volume_signals|frama_baseline,kase_peak_oscillator_signals,dpo_signals,variance_volume_signals,frama_baseline,trend,B,"{""base"": {""length"": 10}, ""c1"": {""long_cycle"": 65, ""sharpness"": 40, ""short_cycle"": 8}, ""c2"": {""len"": 94}, ""exit_ind"": {""adx_smoothing"": 14, ""adx_threshold"": 25, ""di_length"": 14}, ""vol"": {""ema_len"": 12, ""filter_lookback"": 11, ""hline"": 0, ""lookback"": 25}}","{""atr_len"": 5, ""atr_mult"": 1.48, ""be_pct"": 0.02, ""tp_mult"": 1.65, ""trail_arm"": 1.75, ""trail_mult"": 0.8}"
B|trend|mama_fama_signals|coral_signals|chaikin_volatility_volume_signals|tma_baseline,mama_fama_signals,coral_signals,chaikin_volatility_volume_signals,tma_baseline,trend,B,"{""base"": {""length"": 87}, ""c1"": {""fast_limit"": 0.405565, ""slow_limit"": 0.05}, ""c2"": {""const_d"": 11, ""smooth_period"": 10}, ""exit_ind"": {""adx_smoothing"": 14, ""adx_threshold"": 25, ""di_length"": 14}, ""vol"": {""cvi_len"": 12, ""roc_len"": 12}}","{""atr_len"": 20, ""atr_mult"": 1.48, ""be_pct"": 0.01, ""tp_mult"": 1.8, ""trail_arm"": 2.0, ""trail_mult"": 1.25}"
B|trend|price_momentum_oscillator_signals|mama_fama_signals|chaikin_volatility_volume_signals|tma_baseline,price_momentum_oscillator_signals,mama_fama_signals,chaikin_volatility_volume_signals,tma_baseline,trend,B,"{""base"": {""length"": 200}, ""c1"": {""s1"": 66, ""s2"": 16, ""sig"": 10}, ""c2"": {""fast_limit"": 0.936909, ""slow_limit"": 0.05}, ""exit_ind"": {""adx_smoothing"": 14, ""adx_threshold"": 25, ""di_length"": 14}, ""vol"": {""cvi_len"": 8, ""roc_len"": 15}}","{""atr_len"": 50, ""atr_mult"": 1.0, ""be_pct"": 0.01, ""tp_mult"": 2.55, ""trail_arm"": 2.0, ""trail_mult"": 0.5}"
B|trend|rex_oscillator_signals|bears_bulls_impulse_signals|variance_volume_signals|t3_baseline,rex_oscillator_signals,bears_bulls_impulse_signals,variance_volume_signals,t3_baseline,trend,B,"{""base"": {""length"": 100, ""volume_factor"": 0.7}, ""c1"": {""almaOffset"": 0.85, ""almaSigma"": 6, ""framaFast"": 34, ""framaSlow"": 89, ""jurikPhase"": 1, ""jurikPower"": 1, ""lsOffset"": 0, ""modFBW"": 0.5, ""modFilter"": 0.8, ""sigAlmaOff"": 0.85, ""sigAlmaSig"": 6, ""sigFramaFast"": 34, ""sigFramaSlow"": 89, ""sigJurikPhase"": 1, ""sigJurikPower"": 1, ""sigLsOff"": 0, ""sigModFBW"": 0.5, ""sigModFilter"": 0.8, ""sigSmooth"": 27, ""sigVolAdj"": 10, ""smooth"": 5, ""volAdj"": 10}, ""c2"": {""length"": 56}, ""exit_ind"": {""adx_smoothing"": 14, ""adx_threshold"": 25, ""di_length"": 14}, ""vol"": {""ema_len"": 5, ""filter_lookback"": 132, ""hline"": 0, ""lookback"": 20}}","{""atr_len"": 50, ""atr_mult"": 1.34, ""be_pct"": 0.01, ""tp_mult"": 2.75, ""trail_arm"": 1.15, ""trail_mult"": 1.85}"
B|trend|supertrend_signals|fisher_transform_signals|chaikin_volatility_volume_signals|rma_baseline,supertrend_signals,fisher_transform_signals,chaikin_volatility_volume_signals,rma_baseline,trend,B,"{""base"": {""ma_length"": 200}, ""c1"": {""atr_period"": 12, ""factor"": 6}, ""c2"": {""length"": 28}, ""exit_ind"": {""adx_smoothing"": 14, ""adx_threshold"": 25, ""di_length"": 14}, ""vol"": {""cvi_len"": 43, ""roc_len"": 4}}","{""atr_len"": 36, ""atr_mult"": 1.1, ""be_pct"": 0.05, ""tp_mult"": 2.75, ""trail_arm"": 2.0, ""trail_mult"": 1.05}"
B|trend|vortex_signals|parabolic_sar_signals|variance_volume_signals|frama_baseline,vortex_signals,parabolic_sar_signals,variance_volume_signals,frama_baseline,trend,B,"{""base"": {""length"": 19}, ""c1"": {""period"": 17}, ""c2"": {""sar_increment"": 0.037476, ""sar_maximum"": 0.374763, ""sar_start"": 0.037476}, ""exit_ind"": {""adx_smoothing"": 14, ""adx_threshold"": 25, ""di_length"": 14}, ""vol"": {""ema_len"": 12, ""filter_lookback"": 16, ""hline"": 0, ""lookback"": 132}}","{""atr_len"": 11, ""atr_mult"": 1.48, ""be_pct"": 0.01, ""tp_mult"": 2.15, ""trail_arm"": 1.0, ""trail_mult"": 1.4}"
B|trend|center_of_gravity_signals|polychromatic_momentum_signals|variance_volume_signals|rma_baseline,center_of_gravity_signals,polychromatic_momentum_signals,variance_volume_signals,rma_baseline,trend,B,"{""base"": {""ma_length"": 25}, ""c1"": {""length"": 10, ""signal_length"": 3}, ""c2"": {""len"": 14}, ""exit_ind"": {""adx_smoothing"": 14, ""adx_threshold"": 25, ""di_length"": 14}, ""vol"": {""ema_len"": 2, ""filter_lookback"": 2, ""hline"": 0, ""lookback"": 87}}","{""atr_len"": 17, ""atr_mult"": 1.27, ""be_pct"": 0.05, ""tp_mult"": 2.5, ""trail_arm"": 1.75, ""trail_mult"": 1.6}"
B|trend|didi_index_signals|bears_bulls_impulse_signals|variance_volume_signals|tma_baseline,didi_index_signals,bears_bulls_impulse_signals,variance_volume_signals,tma_baseline,trend,B,"{""base"": {""length"": 132}, ""c1"": {""long_p"": 57, ""medium"": 8}, ""c2"": {""length"": 11}, ""exit_ind"": {""adx_smoothing"": 14, ""adx_threshold"": 25, ""di_length"": 14}, ""vol"": {""ema_len"": 8, ""filter_lookback"": 25, ""hline"": 0, ""lookback"": 87}}","{""atr_len"": 50, ""atr_mult"": 1.49, ""be_pct"": 0.01, ""tp_mult"": 2.75, ""trail_arm"": 2.0, ""trail_mult"": 1.7}"
B|trend|dspo_signals|ssl_channel_signals|chaikin_volatility_volume_signals|kama_baseline,dspo_signals,ssl_channel_signals,chaikin_volatility_volume_signals,kama_baseline,trend,B,"{""base"": {""fast_length"": 2, ""length"": 19, ""slow_length"": 197}, ""c1"": {""len"": 14}, ""c2"": {""len"": 12}, ""exit_ind"": {""adx_smoothing"": 14, ""adx_threshold"": 25, ""di_length"": 14}, ""vol"": {""cvi_len"": 100, ""roc_len"": 2}}","{""atr_len"": 37, ""atr_mult"": 1.0, ""be_pct"": 0.01, ""tp_mult"": 3.0, ""trail_arm"": 1.6, ""trail_mult"": 1.9}"
B|trend|halftrend_signals|dpo_signals|chaikin_volatility_volume_signals|sma_baseline,halftrend_signals,dpo_signals,chaikin_volatility_volume_signals,sma_baseline,trend,B,"{""base"": {""length"": 37}, ""c1"": {""amplitude"": 5}, ""c2"": {""len"": 142}, ""exit_ind"": {""adx_smoothing"": 14, ""adx_threshold"": 25, ""di_length"": 14}, ""vol"": {""cvi_len"": 12, ""roc_len"": 3}}","{""atr_len"": 28, ""atr_mult"": 1.2, ""be_pct"": 0.15, ""tp_mult"": 2.65, ""trail_arm"": 1.85, ""trail_mult"": 0.8}"
B|trend|kuskus_starlight_signals|coppock_curve_signals|variance_volume_signals|rma_baseline,kuskus_starlight_signals,coppock_curve_signals,variance_volume_signals,rma_baseline,trend,B,"{""base"": {""ma_length"": 11}, ""c1"": {""index_smooth"": 0.161709, ""price_smooth"": 0.862993, ""range_periods"": 85}, ""c2"": {""long_roc"": 26, ""short_roc"": 9, ""smooth_len"": 5}, ""exit_ind"": {""adx_smoothing"": 14, ""adx_threshold"": 25, ""di_length"": 14}, ""vol"": {""ema_len"": 19, ""filter_lookback"": 200, ""hline"": 0, ""lookback"": 20}}","{""atr_len"": 26, ""atr_mult"": 1.46, ""be_pct"": 0.05, ""tp_mult"": 3.0, ""trail_arm"": 1.0, ""trail_mult"": 1.25}"
B|trend|polychromatic_momentum_signals|fx_sniper_ergodic_cci_signals|fractal_dimension_volume_signals|vidya,polychromatic_momentum_signals,fx_sniper_ergodic_cci_signals,fractal_dimension_volume_signals,vidya,trend,B,"{""base"": {""vda_length"": 6}, ""c1"": {""len"": 14}, ""c2"": {""cci_length"": 140, ""ema1_length"": 2, ""ema2_length"": 3, ""trigger_length"": 4}, ""exit_ind"": {""adx_smoothing"": 14, ""adx_threshold"": 25, ""di_length"": 14}, ""vol"": {""fd_threshold"": 1.5, ""length"": 5}}","{""atr_len"": 3, ""atr_mult"": 1.25, ""be_pct"": 0.12, ""tp_mult"": 2.9, ""trail_arm"": 1.65, ""trail_mult"": 1.4}"
B|trend|ssl_channel_signals|dspo_signals|fractal_dimension_volume_signals|ema_baseline,ssl_channel_signals,dspo_signals,fractal_dimension_volume_signals,ema_baseline,trend,B,"{""base"": {""ma_length"": 25}, ""c1"": {""len"": 10}, ""c2"": {""len"": 11}, ""exit_ind"": {""adx_smoothing"": 14, ""adx_threshold"": 25, ""di_length"": 14}, ""vol"": {""fd_threshold"": 1.216696, ""length"": 56}}","{""atr_len"": 2, ""atr_mult"": 1.1, ""be_pct"": 0.05, ""tp_mult"": 2.95, ""trail_arm"": 1.05, ""trail_mult"": 1.4}"
B|trend|bears_bulls_impulse_signals|dspo_signals|efficiency_ratio_volume_signals|kama_baseline,bears_bulls_impulse_signals,dspo_signals,efficiency_ratio_volume_signals,kama_baseline,trend,B,"{""base"": {""fast_length"": 2, ""length"": 10, ""slow_length"": 30}, ""c1"": {""length"": 11}, ""c2"": {""len"": 14}, ""exit_ind"": {""adx_smoothing"": 14, ""adx_threshold"": 25, ""di_length"": 14}, ""vol"": {""er_threshold"": 0.3, ""length"": 66}}","{""atr_len"": 39, ""atr_mult"": 1.0, ""be_pct"": 0.19, ""tp_mult"": 2.75, ""trail_arm"": 1.0, ""trail_mult"": 0.5}"
B|trend|coppock_curve_signals|fisher_transform_signals|williams_vix_fix_volume_signals|ema_baseline,coppock_curve_signals,fisher_transform_signals,williams_vix_fix_volume_signals,ema_baseline,trend,B,"{""base"": {""ma_length"": 7}, ""c1"": {""long_roc"": 14, ""short_roc"": 11, ""smooth_len"": 8}, ""c2"": {""length"": 28}, ""exit_ind"": {""adx_smoothing"": 14, ""adx_threshold"": 25, ""di_length"": 14}, ""vol"": {""bb_length"": 20, ""bb_mult"": 2, ""lookback"": 145}}","{""atr_len"": 10, ""atr_mult"": 1.47, ""be_pct"": 0.05, ""tp_mult"": 2.9, ""trail_arm"": 1.0, ""trail_mult"": 0.75}"
B|trend|donchian_breakout_signals|linreg_slope_signals|variance_volume_signals|sma_baseline,donchian_breakout_signals,linreg_slope_signals,variance_volume_signals,sma_baseline,trend,B,"{""base"": {""length"": 37}, ""c1"": {""length"": 20}, ""c2"": {""length"": 14, ""r2_floor"": 0.2}, ""exit_ind"": {""adx_smoothing"": 14, ""adx_threshold"": 25, ""di_length"": 14}, ""vol"": {""ema_len"": 12, ""filter_lookback"": 25, ""hline"": 0, ""lookback"": 25}}","{""atr_len"": 5, ""atr_mult"": 1.48, ""be_pct"": 0.01, ""tp_mult"": 2.0, ""trail_arm"": 1.05, ""trail_mult"": 0.65}"
B|trend|ehlers_reverse_ema_signals|schaff_trend_cycle_signals|variance_volume_signals|kama_baseline,ehlers_reverse_ema_signals,schaff_trend_cycle_signals,variance_volume_signals,kama_baseline,trend,B,"{""base"": {""fast_length"": 13, ""length"": 5, ""slow_length"": 56}, ""c1"": {""alpha"": 0.123285}, ""c2"": {""cycleLen"": 12, ""d1"": 6, ""d2"": 3, ""lowerBand"": 25, ""macdFast"": 8, ""macdSlow"": 12, ""stc_midline"": 8, ""upperBand"": 75}, ""exit_ind"": {""adx_smoothing"": 14, ""adx_threshold"": 25, ""di_length"": 14}, ""vol"": {""ema_len"": 28, ""filter_lookback"": 20, ""hline"": 0, ""lookback"": 5}}","{""atr_len"": 5, ""atr_mult"": 1.25, ""be_pct"": 0.09, ""tp_mult"": 1.7, ""trail_arm"": 1.9, ""trail_mult"": 0.95}"
B|trend|ichimoku_signals|fx_sniper_ergodic_cci_signals|chaikin_volatility_volume_signals|fantail_vma,ichimoku_signals,fx_sniper_ergodic_cci_signals,chaikin_volatility_volume_signals,fantail_vma,trend,B,"{""base"": {""fma_adx_length"": 2, ""fma_ma_length"": 11, ""fma_weighting"": 19}, ""c1"": {""base_len"": 32, ""conversion_len"": 11, ""displacement"": 171, ""span_b_len"": 520}, ""c2"": {""cci_length"": 26, ""ema1_length"": 5, ""ema2_length"": 3, ""trigger_length"": 6}, ""exit_ind"": {""adx_smoothing"": 14, ""adx_threshold"": 25, ""di_length"": 14}, ""vol"": {""cvi_len"": 19, ""roc_len"": 12}}","{""atr_len"": 39, ""atr_mult"": 1.0, ""be_pct"": 0.05, ""tp_mult"": 2.9, ""trail_arm"": 1.0, ""trail_mult"": 1.5}"
B|trend|lemantrend_signals|schaff_trend_cycle_signals|vertical_horizontal_filter_volume_signals|lsma_baseline,lemantrend_signals,schaff_trend_cycle_signals,vertical_horizontal_filter_volume_signals,lsma_baseline,trend,B,"{""base"": {""length"": 20, ""lsma_offset"": 0}, ""c1"": {""fast_period"": 42, ""medium_period"": 210, ""slow_period"": 24, ""smooth"": 3}, ""c2"": {""cycleLen"": 28, ""d1"": 4, ""d2"": 2, ""lowerBand"": 25, ""macdFast"": 19, ""macdSlow"": 329, ""stc_midline"": 62, ""upperBand"": 75}, ""exit_ind"": {""adx_smoothing"": 14, ""adx_threshold"": 25, ""di_length"": 14}, ""vol"": {""length"": 28, ""vhf_threshold"": 0.35}}","{""atr_len"": 43, ""atr_mult"": 1.39, ""be_pct"": 0.05, ""tp_mult"": 2.95, ""trail_arm"": 2.0, ""trail_mult"": 1.85}"
B|trend|price_momentum_oscillator_signals|mama_fama_signals|chaikin_volatility_volume_signals|wma_baseline,price_momentum_oscillator_signals,mama_fama_signals,chaikin_volatility_volume_signals,wma_baseline,trend,B,"{""base"": {""ma_length"": 200}, ""c1"": {""s1"": 5, ""s2"": 37, ""sig"": 10}, ""c2"": {""fast_limit"": 2.164381, ""slow_limit"": 0.061642}, ""exit_ind"": {""adx_smoothing"": 14, ""adx_threshold"": 25, ""di_length"": 14}, ""vol"": {""cvi_len"": 12, ""roc_len"": 10}}","{""atr_len"": 50, ""atr_mult"": 1.1, ""be_pct"": 0.01, ""tp_mult"": 2.85, ""trail_arm"": 2.0, ""trail_mult"": 0.7}"
B|trend|relative_vigor_index_signals|waddah_attar_explosion_signals|variance_volume_signals|sma_baseline,relative_vigor_index_signals,waddah_attar_explosion_signals,variance_volume_signals,sma_baseline,trend,B,"{""base"": {""length"": 20}, ""c1"": {""len"": 66}, ""c2"": {""bbLen"": 200, ""bbStd"": 2, ""fastEma"": 5, ""sensitivity"": 35, ""slowEma"": 40}, ""exit_ind"": {""adx_smoothing"": 14, ""adx_threshold"": 25, ""di_length"": 14}, ""vol"": {""ema_len"": 12, ""filter_lookback"": 16, ""hline"": 0, ""lookback"": 132}}","{""atr_len"": 8, ""atr_mult"": 1.2, ""be_pct"": 0.01, ""tp_mult"": 2.5, ""trail_arm"": 1.0, ""trail_mult"": 1.35}"
B|trend|volatility_quality_signals|chandelier_exit_signals|variance_volume_signals|sma_baseline,volatility_quality_signals,chandelier_exit_signals,variance_volume_signals,sma_baseline,trend,B,"{""base"": {""length"": 25}, ""c1"": {""atr_pct"": 0.075, ""smooth"": 12}, ""c2"": {""atr_mult"": 3, ""atr_period"": 12}, ""exit_ind"": {""adx_smoothing"": 14, ""adx_threshold"": 25, ""di_length"": 14}, ""vol"": {""ema_len"": 8, ""filter_lookback"": 7, ""hline"": 0, ""lookback"": 132}}","{""atr_len"": 42, ""atr_mult"": 1.3, ""be_pct"": 0.08, ""tp_mult"": 3.0, ""trail_arm"": 2.0, ""trail_mult"": 1.65}"
B|trend|adx_dmi_signals|polychromatic_momentum_signals|variance_volume_signals|wma_baseline,adx_dmi_signals,polychromatic_momentum_signals,variance_volume_signals,wma_baseline,trend,B,"{""base"": {""ma_length"": 16}, ""c1"": {""adx_smoothing"": 26, ""adx_threshold"": 25, ""di_length"": 26}, ""c2"": {""len"": 2}, ""exit_ind"": {""adx_smoothing"": 14, ""adx_threshold"": 25, ""di_length"": 14}, ""vol"": {""ema_len"": 66, ""filter_lookback"": 3, ""hline"": 0, ""lookback"": 16}}","{""atr_len"": 25, ""atr_mult"": 1.4, ""be_pct"": 0.05, ""tp_mult"": 2.85, ""trail_arm"": 2.0, ""trail_mult"": 1.8}"
B|trend|center_of_gravity_signals|relative_vigor_index_signals|choppiness_index_volume_signals|rma_baseline,center_of_gravity_signals,relative_vigor_index_signals,choppiness_index_volume_signals,rma_baseline,trend,B,"{""base"": {""ma_length"": 87}, ""c1"": {""length"": 8, ""signal_length"": 4}, ""c2"": {""len"": 2}, ""exit_ind"": {""adx_smoothing"": 14, ""adx_threshold"": 25, ""di_length"": 14}, ""vol"": {""ci_threshold"": 61.8, ""length"": 26}}","{""atr_len"": 8, ""atr_mult"": 1.05, ""be_pct"": 0.01, ""tp_mult"": 1.4, ""trail_arm"": 1.25, ""trail_mult"": 1.25}"
B|trend|ehlers_reverse_ema_signals|coral_signals|choppiness_index_volume_signals|rma_baseline,ehlers_reverse_ema_signals,coral_signals,choppiness_index_volume_signals,rma_baseline,trend,B,"{""base"": {""ma_length"": 11}, ""c1"": {""alpha"": 0.053367}, ""c2"": {""const_d"": 11, ""smooth_period"": 10}, ""exit_ind"": {""adx_smoothing"": 14, ""adx_threshold"": 25, ""di_length"": 14}, ""vol"": {""ci_threshold"": 50.127885, ""length"": 17}}","{""atr_len"": 4, ""atr_mult"": 1.2, ""be_pct"": 0.05, ""tp_mult"": 2.55, ""trail_arm"": 1.0, ""trail_mult"": 0.55}"
B|trend|halftrend_signals|supertrend_signals|choppiness_index_volume_signals|rma_baseline,halftrend_signals,supertrend_signals,choppiness_index_volume_signals,rma_baseline,trend,B,"{""base"": {""ma_length"": 37}, ""c1"": {""amplitude"": 41}, ""c2"": {""atr_period"": 19, ""factor"": 3}, ""exit_ind"": {""adx_smoothing"": 14, ""adx_threshold"": 25, ""di_length"": 14}, ""vol"": {""ci_threshold"": 61.8, ""length"": 14}}","{""atr_len"": 50, ""atr_mult"": 1.43, ""be_pct"": 0.01, ""tp_mult"": 2.95, ""trail_arm"": 2.0, ""trail_mult"": 0.5}"
B|trend|laguerre_filter_signals|volatility_quality_signals|waddah_attar_explosion_volume_signals|kama_baseline,laguerre_filter_signals,volatility_quality_signals,waddah_attar_explosion_volume_signals,kama_baseline,trend,B,"{""base"": {""fast_length"": 2, ""length"": 19, ""slow_length"": 56}, ""c1"": {""alpha"": 0.865752}, ""c2"": {""atr_pct"": 0.060835, ""smooth"": 12}, ""exit_ind"": {""adx_smoothing"": 14, ""adx_threshold"": 25, ""di_length"": 14}, ""vol"": {""bbLen"": 200, ""bbStd"": 2, ""fastEma"": 57, ""sensitivity"": 53, ""slowEma"": 49}}","{""atr_len"": 31, ""atr_mult"": 1.25, ""be_pct"": 0.05, ""tp_mult"": 2.9, ""trail_arm"": 1.85, ""trail_mult"": 1.1}"
B|trend|polychromatic_momentum_signals|mama_fama_signals|efficiency_ratio_volume_signals|wma_baseline,polychromatic_momentum_signals,mama_fama_signals,efficiency_ratio_volume_signals,wma_baseline,trend,B,"{""base"": {""ma_length"": 20}, ""c1"": {""len"": 14}, ""c2"": {""fast_limit"": 0.616423, ""slow_limit"": 0.142402}, ""exit_ind"": {""adx_smoothing"": 14, ""adx_threshold"": 25, ""di_length"": 14}, ""vol"": {""er_threshold"": 0.369854, ""length"": 10}}","{""atr_len"": 17, ""atr_mult"": 1.15, ""be_pct"": 0.01, ""tp_mult"": 1.8, ""trail_arm"": 1.5, ""trail_mult"": 1.15}"
B|trend|schaff_trend_cycle_signals|dspo_signals|chaikin_volatility_volume_signals|t3_baseline,schaff_trend_cycle_signals,dspo_signals,chaikin_volatility_volume_signals,t3_baseline,trend,B,"{""base"": {""length"": 28, ""volume_factor"": 0.7}, ""c1"": {""cycleLen"": 4, ""d1"": 3, ""d2"": 3, ""lowerBand"": 2, ""macdFast"": 43, ""macdSlow"": 50, ""stc_midline"": 50, ""upperBand"": 141}, ""c2"": {""len"": 14}, ""exit_ind"": {""adx_smoothing"": 14, ""adx_threshold"": 25, ""di_length"": 14}, ""vol"": {""cvi_len"": 8, ""roc_len"": 6}}","{""atr_len"": 43, ""atr_mult"": 1.28, ""be_pct"": 0.01, ""tp_mult"": 1.65, ""trail_arm"": 1.65, ""trail_mult"": 1.45}"
B|trend|aroon_signals|waddah_attar_explosion_signals|variance_volume_signals|mcginley_dynamic_index,aroon_signals,waddah_attar_explosion_signals,variance_volume_signals,mcginley_dynamic_index,trend,B,"{""base"": {""mci_length"": 26}, ""c1"": {""length"": 164}, ""c2"": {""bbLen"": 57, ""bbStd"": 2, ""fastEma"": 20, ""sensitivity"": 150, ""slowEma"": 32}, ""exit_ind"": {""adx_smoothing"": 14, ""adx_threshold"": 25, ""di_length"": 14}, ""vol"": {""ema_len"": 8, ""filter_lookback"": 3, ""hline"": 0, ""lookback"": 57}}","{""atr_len"": 6, ""atr_mult"": 1.47, ""be_pct"": 0.01, ""tp_mult"": 3.0, ""trail_arm"": 1.2, ""trail_mult"": 1.0}"
B|trend|center_of_gravity_signals|vortex_signals|williams_vix_fix_volume_signals|mcginley_dynamic_index,center_of_gravity_signals,vortex_signals,williams_vix_fix_volume_signals,mcginley_dynamic_index,trend,B,"{""base"": {""mci_length"": 7}, ""c1"": {""length"": 8, ""signal_length"": 9}, ""c2"": {""period"": 40}, ""exit_ind"": {""adx_smoothing"": 14, ""adx_threshold"": 25, ""di_length"": 14}, ""vol"": {""bb_length"": 132, ""bb_mult"": 2, ""lookback"": 3}}","{""atr_len"": 11, ""atr_mult"": 1.0, ""be_pct"": 0.05, ""tp_mult"": 3.0, ""trail_arm"": 2.0, ""trail_mult"": 0.9}"
B|trend|didi_index_signals|dspo_signals|efficiency_ratio_volume_signals|t3_baseline,didi_index_signals,dspo_signals,efficiency_ratio_volume_signals,t3_baseline,trend,B,"{""base"": {""length"": 8, ""volume_factor"": 0.373569}, ""c1"": {""long_p"": 25, ""medium"": 4}, ""c2"": {""len"": 92}, ""exit_ind"": {""adx_smoothing"": 14, ""adx_threshold"": 25, ""di_length"": 14}, ""vol"": {""er_threshold"": 0.243339, ""length"": 66}}","{""atr_len"": 2, ""atr_mult"": 1.05, ""be_pct"": 0.05, ""tp_mult"": 1.55, ""trail_arm"": 1.35, ""trail_mult"": 1.2}"
B|trend|ehlers_reverse_ema_signals|schaff_trend_cycle_signals|variance_volume_signals|mcginley_dynamic_index,ehlers_reverse_ema_signals,schaff_trend_cycle_signals,variance_volume_signals,mcginley_dynamic_index,trend,B,"{""base"": {""mci_length"": 61}, ""c1"": {""alpha"": 0.1}, ""c2"": {""cycleLen"": 10, ""d1"": 4, ""d2"": 3, ""lowerBand"": 25, ""macdFast"": 8, ""macdSlow"": 500, ""stc_midline"": 62, ""upperBand"": 75}, ""exit_ind"": {""adx_smoothing"": 14, ""adx_threshold"": 25, ""di_length"": 14}, ""vol"": {""ema_len"": 4, ""filter_lookback"": 37, ""hline"": 0, ""lookback"": 200}}","{""atr_len"": 50, ""atr_mult"": 1.25, ""be_pct"": 0.01, ""tp_mult"": 2.85, ""trail_arm"": 1.6, ""trail_mult"": 1.5}"
B|trend|halftrend_signals|price_momentum_oscillator_signals|variance_volume_signals|mcginley_dynamic_index,halftrend_signals,price_momentum_oscillator_signals,variance_volume_signals,mcginley_dynamic_index,trend,B,"{""base"": {""mci_length"": 11}, ""c1"": {""amplitude"": 329}, ""c2"": {""s1"": 66, ""s2"": 3, ""sig"": 10}, ""exit_ind"": {""adx_smoothing"": 14, ""adx_threshold"": 25, ""di_length"": 14}, ""vol"": {""ema_len"": 4, ""filter_lookback"": 57, ""hline"": 0, ""lookback"": 200}}","{""atr_len"": 50, ""atr_mult"": 1.25, ""be_pct"": 0.05, ""tp_mult"": 1.4, ""trail_arm"": 1.8, ""trail_mult"": 1.5}"
B|trend|kuskus_starlight_signals|price_momentum_oscillator_signals|chaikin_volatility_volume_signals|rma_baseline,kuskus_starlight_signals,price_momentum_oscillator_signals,chaikin_volatility_volume_signals,rma_baseline,trend,B,"{""base"": {""ma_length"": 25}, ""c1"": {""index_smooth"": 0.7, ""price_smooth"": 0.7, ""range_periods"": 7}, ""c2"": {""s1"": 43, ""s2"": 25, ""sig"": 10}, ""exit_ind"": {""adx_smoothing"": 14, ""adx_threshold"": 25, ""di_length"": 14}, ""vol"": {""cvi_len"": 12, ""roc_len"": 3}}","{""atr_len"": 21, ""atr_mult"": 1.0, ""be_pct"": 0.01, ""tp_mult"": 2.85, ""trail_arm"": 1.35, ""trail_mult"": 1.6}"
B|trend|polychromatic_momentum_signals|j_tpo_signals|chaikin_volatility_volume_signals|rma_baseline,polychromatic_momentum_signals,j_tpo_signals,chaikin_volatility_volume_signals,rma_baseline,trend,B,"{""base"": {""ma_length"": 20}, ""c1"": {""len"": 14}, ""c2"": {""ema_len"": 200, ""len"": 173}, ""exit_ind"": {""adx_smoothing"": 14, ""adx_threshold"": 25, ""di_length"": 14}, ""vol"": {""cvi_len"": 4, ""roc_len"": 6}}","{""atr_len"": 41, ""atr_mult"": 1.0, ""be_pct"": 0.01, ""tp_mult"": 1.85, ""trail_arm"": 1.95, ""trail_mult"": 0.65}"
B|trend|schaff_trend_cycle_signals|relative_vigor_index_signals|waddah_attar_explosion_volume_signals|lsma_baseline,schaff_trend_cycle_signals,relative_vigor_index_signals,waddah_attar_explosion_volume_signals,lsma_baseline,trend,B,"{""base"": {""length"": 57, ""lsma_offset"": 0}, ""c1"": {""cycleLen"": 10, ""d1"": 3, ""d2"": 3, ""lowerBand"": 25, ""macdFast"": 19, ""macdSlow"": 50, ""stc_midline"": 62, ""upperBand"": 75}, ""c2"": {""len"": 10}, ""exit_ind"": {""adx_smoothing"": 14, ""adx_threshold"": 25, ""di_length"": 14}, ""vol"": {""bbLen"": 132, ""bbStd"": 4, ""fastEma"": 16, ""sensitivity"": 150, ""slowEma"": 9}}","{""atr_len"": 50, ""atr_mult"": 1.27, ""be_pct"": 0.05, ""tp_mult"": 2.95, ""trail_arm"": 2.0, ""trail_mult"": 0.65}"
B|trend|volatility_quality_signals|kase_peak_oscillator_signals|efficiency_ratio_volume_signals|mcginley_dynamic_index,volatility_quality_signals,kase_peak_oscillator_signals,efficiency_ratio_volume_signals,mcginley_dynamic_index,trend,B,"{""base"": {""mci_length"": 11}, ""c1"": {""atr_pct"": 0.075, ""smooth"": 66}, ""c2"": {""long_cycle"": 80, ""sharpness"": 40, ""short_cycle"": 15}, ""exit_ind"": {""adx_smoothing"": 14, ""adx_threshold"": 25, ""di_length"": 14}, ""vol"": {""er_threshold"": 0.243339, ""length"": 10}}","{""atr_len"": 50, ""atr_mult"": 1.25, ""be_pct"": 0.05, ""tp_mult"": 3.0, ""trail_arm"": 1.25, ""trail_mult"": 0.5}"
B|trend|bears_bulls_impulse_signals|mama_fama_signals|chaikin_volatility_volume_signals|sma_baseline,bears_bulls_impulse_signals,mama_fama_signals,chaikin_volatility_volume_signals,sma_baseline,trend,B,"{""base"": {""length"": 20}, ""c1"": {""length"": 7}, ""c2"": {""fast_limit"": 0.5, ""slow_limit"": 0.040557}, ""exit_ind"": {""adx_smoothing"": 14, ""adx_threshold"": 25, ""di_length"": 14}, ""vol"": {""cvi_len"": 28, ""roc_len"": 12}}","{""atr_len"": 21, ""atr_mult"": 1.0, ""be_pct"": 0.01, ""tp_mult"": 2.2, ""trail_arm"": 1.0, ""trail_mult"": 0.75}"
B|trend|coppock_curve_signals|qqe_mod_signals|variance_volume_signals|tma_baseline,coppock_curve_signals,qqe_mod_signals,variance_volume_signals,tma_baseline,trend,B,"{""base"": {""length"": 25}, ""c1"": {""long_roc"": 14, ""short_roc"": 11, ""smooth_len"": 10}, ""c2"": {""fast_factor"": 10.592725, ""rsi_len"": 5, ""rsi_period"": 60}, ""exit_ind"": {""adx_smoothing"": 14, ""adx_threshold"": 25, ""di_length"": 14}, ""vol"": {""ema_len"": 5, ""filter_lookback"": 87, ""hline"": 0, ""lookback"": 20}}","{""atr_len"": 50, ""atr_mult"": 1.47, ""be_pct"": 0.05, ""tp_mult"": 2.9, ""trail_arm"": 1.15, ""trail_mult"": 1.1}"
B|trend|ehlers_reverse_ema_signals|center_of_gravity_signals|variance_volume_signals|tma_baseline,ehlers_reverse_ema_signals,center_of_gravity_signals,variance_volume_signals,tma_baseline,trend,B,"{""base"": {""length"": 20}, ""c1"": {""alpha"": 0.1}, ""c2"": {""length"": 12, ""signal_length"": 4}, ""exit_ind"": {""adx_smoothing"": 14, ""adx_threshold"": 25, ""di_length"": 14}, ""vol"": {""ema_len"": 19, ""filter_lookback"": 200, ""hline"": 0, ""lookback"": 20}}","{""atr_len"": 5, ""atr_mult"": 1.33, ""be_pct"": 0.06, ""tp_mult"": 2.6, ""trail_arm"": 1.4, ""trail_mult"": 1.85}"
B|trend|fx_sniper_ergodic_cci_signals|relative_vigor_index_signals|chaikin_volatility_volume_signals|ema_baseline,fx_sniper_ergodic_cci_signals,relative_vigor_index_signals,chaikin_volatility_volume_signals,ema_baseline,trend,B,"{""base"": {""ma_length"": 87}, ""c1"": {""cci_length"": 14, ""ema1_length"": 9, ""ema2_length"": 3, ""trigger_length"": 3}, ""c2"": {""len"": 10}, ""exit_ind"": {""adx_smoothing"": 14, ""adx_threshold"": 25, ""di_length"": 14}, ""vol"": {""cvi_len"": 12, ""roc_len"": 10}}","{""atr_len"": 2, ""atr_mult"": 1.0, ""be_pct"": 0.05, ""tp_mult"": 2.95, ""trail_arm"": 1.0, ""trail_mult"": 1.05}"
B|trend|kase_peak_oscillator_signals|volatility_quality_signals|variance_volume_signals|tma_baseline,kase_peak_oscillator_signals,volatility_quality_signals,variance_volume_signals,tma_baseline,trend,B,"{""base"": {""length"": 16}, ""c1"": {""long_cycle"": 15, ""sharpness"": 40, ""short_cycle"": 8}, ""c2"": {""atr_pct"": 0.026334, ""smooth"": 10}, ""exit_ind"": {""adx_smoothing"": 14, ""adx_threshold"": 25, ""di_length"": 14}, ""vol"": {""ema_len"": 43, ""filter_lookback"": 200, ""hline"": 0, ""lookback"": 16}}","{""atr_len"": 45, ""atr_mult"": 1.32, ""be_pct"": 0.05, ""tp_mult"": 1.7, ""trail_arm"": 1.0, ""trail_mult"": 1.3}"
B|trend|lemantrend_signals|polychromatic_momentum_signals|chaikin_volatility_volume_signals|kama_baseline,lemantrend_signals,polychromatic_momentum_signals,chaikin_volatility_volume_signals,kama_baseline,trend,B,"{""base"": {""fast_length"": 6, ""length"": 12, ""slow_length"": 30}, ""c1"": {""fast_period"": 28, ""medium_period"": 138, ""slow_period"": 130, ""smooth"": 6}, ""c2"": {""len"": 14}, ""exit_ind"": {""adx_smoothing"": 14, ""adx_threshold"": 25, ""di_length"": 14}, ""vol"": {""cvi_len"": 4, ""roc_len"": 6}}","{""atr_len"": 50, ""atr_mult"": 1.15, ""be_pct"": 0.2, ""tp_mult"": 2.5, ""trail_arm"": 1.2, ""trail_mult"": 1.3}"
B|trend|price_momentum_oscillator_signals|supertrend_signals|waddah_attar_explosion_volume_signals|mcginley_dynamic_index,price_momentum_oscillator_signals,supertrend_signals,waddah_attar_explosion_volume_signals,mcginley_dynamic_index,trend,B,"{""base"": {""mci_length"": 14}, ""c1"": {""s1"": 350, ""s2"": 25, ""sig"": 10}, ""c2"": {""atr_period"": 2, ""factor"": 2}, ""exit_ind"": {""adx_smoothing"": 14, ""adx_threshold"": 25, ""di_length"": 14}, ""vol"": {""bbLen"": 20, ""bbStd"": 20, ""fastEma"": 132, ""sensitivity"": 15, ""slowEma"": 4}}","{""atr_len"": 46, ""atr_mult"": 1.48, ""be_pct"": 0.05, ""tp_mult"": 2.65, ""trail_arm"": 1.0, ""trail_mult"": 1.5}"
B|trend|schaff_trend_cycle_signals|price_momentum_oscillator_signals|chaikin_volatility_volume_signals|kama_baseline,schaff_trend_cycle_signals,price_momentum_oscillator_signals,chaikin_volatility_volume_signals,kama_baseline,trend,B,"{""base"": {""fast_length"": 2, ""length"": 19, ""slow_length"": 16}, ""c1"": {""cycleLen"": 8, ""d1"": 3, ""d2"": 4, ""lowerBand"": 25, ""macdFast"": 23, ""macdSlow"": 50, ""stc_midline"": 50, ""upperBand"": 61}, ""c2"": {""s1"": 43, ""s2"": 25, ""sig"": 10}, ""exit_ind"": {""adx_smoothing"": 14, ""adx_threshold"": 25, ""di_length"": 14}, ""vol"": {""cvi_len"": 100, ""roc_len"": 79}}","{""atr_len"": 40, ""atr_mult"": 1.29, ""be_pct"": 0.1, ""tp_mult"": 2.75, ""trail_arm"": 1.6, ""trail_mult"": 1.6}"
B|trend|vortex_signals|linreg_slope_signals|efficiency_ratio_volume_signals|tma_baseline,vortex_signals,linreg_slope_signals,efficiency_ratio_volume_signals,tma_baseline,trend,B,"{""base"": {""length"": 11}, ""c1"": {""period"": 14}, ""c2"": {""length"": 3, ""r2_floor"": 0.02}, ""exit_ind"": {""adx_smoothing"": 14, ""adx_threshold"": 25, ""di_length"": 14}, ""vol"": {""er_threshold"": 0.3, ""length"": 12}}","{""atr_len"": 37, ""atr_mult"": 1.39, ""be_pct"": 0.01, ""tp_mult"": 2.6, ""trail_arm"": 2.0, ""trail_mult"": 1.2}"
B|trend|center_of_gravity_signals|linreg_slope_signals|choppiness_index_volume_signals|frama_baseline,center_of_gravity_signals,linreg_slope_signals,choppiness_index_volume_signals,frama_baseline,trend,B,"{""base"": {""length"": 4}, ""c1"": {""length"": 10, ""signal_length"": 4}, ""c2"": {""length"": 17, ""r2_floor"": 0.106734}, ""exit_ind"": {""adx_smoothing"": 14, ""adx_threshold"": 25, ""di_length"": 14}, ""vol"": {""ci_threshold"": 61.8, ""length"": 5}}","{""atr_len"": 50, ""atr_mult"": 1.1, ""be_pct"": 0.05, ""tp_mult"": 2.9, ""trail_arm"": 1.0, ""trail_mult"": 1.25}"
B|trend|coppock_curve_signals|volatility_quality_signals|variance_volume_signals|ema_baseline,coppock_curve_signals,volatility_quality_signals,variance_volume_signals,ema_baseline,trend,B,"{""base"": {""ma_length"": 20}, ""c1"": {""long_roc"": 61, ""short_roc"": 72, ""smooth_len"": 10}, ""c2"": {""atr_pct"": 0.075, ""smooth"": 10}, ""exit_ind"": {""adx_smoothing"": 14, ""adx_threshold"": 25, ""di_length"": 14}, ""vol"": {""ema_len"": 19, ""filter_lookback"": 200, ""hline"": 0, ""lookback"": 20}}","{""atr_len"": 50, ""atr_mult"": 1.32, ""be_pct"": 0.05, ""tp_mult"": 3.0, ""trail_arm"": 1.0, ""trail_mult"": 1.45}"
B|trend|dspo_signals|fisher_transform_signals|chaikin_volatility_volume_signals|wma_baseline,dspo_signals,fisher_transform_signals,chaikin_volatility_volume_signals,wma_baseline,trend,B,"{""base"": {""ma_length"": 20}, ""c1"": {""len"": 14}, ""c2"": {""length"": 43}, ""exit_ind"": {""adx_smoothing"": 14, ""adx_threshold"": 25, ""di_length"": 14}, ""vol"": {""cvi_len"": 28, ""roc_len"": 2}}","{""atr_len"": 45, ""atr_mult"": 1.0, ""be_pct"": 0.05, ""tp_mult"": 3.0, ""trail_arm"": 1.0, ""trail_mult"": 1.75}"
B|trend|j_tpo_signals|halftrend_signals|variance_volume_signals|sma_baseline,j_tpo_signals,halftrend_signals,variance_volume_signals,sma_baseline,trend,B,"{""base"": {""length"": 20}, ""c1"": {""ema_len"": 200, ""len"": 32}, ""c2"": {""amplitude"": 12}, ""exit_ind"": {""adx_smoothing"": 14, ""adx_threshold"": 25, ""di_length"": 14}, ""vol"": {""ema_len"": 5, ""filter_lookback"": 87, ""hline"": 0, ""lookback"": 25}}","{""atr_len"": 21, ""atr_mult"": 1.0, ""be_pct"": 0.06, ""tp_mult"": 2.6, ""trail_arm"": 1.2, ""trail_mult"": 1.05}"
B|trend|kase_peak_oscillator_signals|laguerre_filter_signals|chaikin_volatility_volume_signals|wma_baseline,kase_peak_oscillator_signals,laguerre_filter_signals,chaikin_volatility_volume_signals,wma_baseline,trend,B,"{""base"": {""ma_length"": 200}, ""c1"": {""long_cycle"": 428, ""sharpness"": 40, ""short_cycle"": 4}, ""c2"": {""alpha"": 0.2}, ""exit_ind"": {""adx_smoothing"": 14, ""adx_threshold"": 25, ""di_length"": 14}, ""vol"": {""cvi_len"": 19, ""roc_len"": 22}}","{""atr_len"": 50, ""atr_mult"": 1.15, ""be_pct"": 0.01, ""tp_mult"": 2.0, ""trail_arm"": 1.35, ""trail_mult"": 0.5}"
B|trend|polychromatic_momentum_signals|halftrend_signals|damiani_volatmeter_volume_signals|rma_baseline,polychromatic_momentum_signals,halftrend_signals,damiani_volatmeter_volume_signals,rma_baseline,trend,B,"{""base"": {""ma_length"": 11}, ""c1"": {""len"": 14}, ""c2"": {""amplitude"": 62}, ""exit_ind"": {""adx_smoothing"": 14, ""adx_threshold"": 25, ""di_length"": 14}, ""vol"": {""lag"": 1.4, ""sedimentation"": 216, ""threshold"": 1.725985, ""viscosity"": 7}}","{""atr_len"": 50, ""atr_mult"": 1.0, ""be_pct"": 0.05, ""tp_mult"": 3.0, ""trail_arm"": 1.05, ""trail_mult"": 1.2}"
B|trend|qqe_mod_signals|kase_peak_oscillator_signals|variance_volume_signals|ema_baseline,qqe_mod_signals,kase_peak_oscillator_signals,variance_volume_signals,ema_baseline,trend,B,"{""base"": {""ma_length"": 20}, ""c1"": {""fast_factor"": 0.371931, ""rsi_len"": 9, ""rsi_period"": 3}, ""c2"": {""long_cycle"": 122, ""sharpness"": 40, ""short_cycle"": 8}, ""exit_ind"": {""adx_smoothing"": 14, ""adx_threshold"": 25, ""di_length"": 14}, ""vol"": {""ema_len"": 5, ""filter_lookback"": 200, ""hline"": 0, ""lookback"": 20}}","{""atr_len"": 45, ""atr_mult"": 1.5, ""be_pct"": 0.05, ""tp_mult"": 2.5, ""trail_arm"": 1.65, ""trail_mult"": 1.5}"
B|trend|ssl_channel_signals|hieken_ashi_smoothed_signals|variance_volume_signals|ema_baseline,ssl_channel_signals,hieken_ashi_smoothed_signals,variance_volume_signals,ema_baseline,trend,B,"{""base"": {""ma_length"": 20}, ""c1"": {""len"": 8}, ""c2"": {""alma_offset1"": 0.85, ""alma_offset2"": 0.85, ""alma_sigma1"": 6, ""alma_sigma2"": 6, ""ama_smooth1"": 0.181, ""ama_smooth2"": 0.181, ""frama_t1_a"": 1, ""frama_t1_b"": 168, ""frama_t2_a"": 1, ""frama_t2_b"": 168, ""lsma_offset1"": 0, ""lsma_offset2"": 0, ""ma_len1"": 6, ""ma_len2"": 10, ""vol_factor1"": 1.53653, ""vol_factor2"": 0.665127}, ""exit_ind"": {""adx_smoothing"": 14, ""adx_threshold"": 25, ""di_length"": 14}, ""vol"": {""ema_len"": 10, ""filter_lookback"": 25, ""hline"": 0, ""lookback"": 200}}","{""atr_len"": 36, ""atr_mult"": 1.42, ""be_pct"": 0.05, ""tp_mult"": 3.0, ""trail_arm"": 1.15, ""trail_mult"": 1.2}"
B|trend|volatility_quality_signals|mama_fama_signals|variance_volume_signals|sma_baseline,volatility_quality_signals,mama_fama_signals,variance_volume_signals,sma_baseline,trend,B,"{""base"": {""length"": 20}, ""c1"": {""atr_pct"": 0.075, ""smooth"": 10}, ""c2"": {""fast_limit"": 0.5, ""slow_limit"": 0.0076}, ""exit_ind"": {""adx_smoothing"": 14, ""adx_threshold"": 25, ""di_length"": 14}, ""vol"": {""ema_len"": 19, ""filter_lookback"": 87, ""hline"": 0, ""lookback"": 20}}","{""atr_len"": 50, ""atr_mult"": 1.0, ""be_pct"": 0.05, ""tp_mult"": 1.5, ""trail_arm"": 1.0, ""trail_mult"": 1.5}"
B|trend|center_of_gravity_signals|dspo_signals|chaikin_volatility_volume_signals|t3_baseline,center_of_gravity_signals,dspo_signals,chaikin_volatility_volume_signals,t3_baseline,trend,B,"{""base"": {""length"": 66, ""volume_factor"": 0.161709}, ""c1"": {""length"": 10, ""signal_length"": 2}, ""c2"": {""len"": 5}, ""exit_ind"": {""adx_smoothing"": 14, ""adx_threshold"": 25, ""di_length"": 14}, ""vol"": {""cvi_len"": 8, ""roc_len"": 15}}","{""atr_len"": 50, ""atr_mult"": 1.2, ""be_pct"": 0.05, ""tp_mult"": 3.0, ""trail_arm"": 2.0, ""trail_mult"": 0.7}"
B|trend|dspo_signals|schaff_trend_cycle_signals|waddah_attar_explosion_volume_signals|sma_baseline,dspo_signals,schaff_trend_cycle_signals,waddah_attar_explosion_volume_signals,sma_baseline,trend,B,"{""base"": {""length"": 37}, ""c1"": {""len"": 14}, ""c2"": {""cycleLen"": 10, ""d1"": 3, ""d2"": 2, ""lowerBand"": 25, ""macdFast"": 8, ""macdSlow"": 62, ""stc_midline"": 62, ""upperBand"": 75}, ""exit_ind"": {""adx_smoothing"": 14, ""adx_threshold"": 25, ""di_length"": 14}, ""vol"": {""bbLen"": 200, ""bbStd"": 2, ""fastEma"": 132, ""sensitivity"": 15, ""slowEma"": 400}}","{""atr_len"": 2, ""atr_mult"": 1.15, ""be_pct"": 0.1, ""tp_mult"": 2.85, ""trail_arm"": 1.5, ""trail_mult"": 1.05}"
B|trend|hieken_ashi_smoothed_signals|schaff_trend_cycle_signals|variance_volume_signals|wma_baseline,hieken_ashi_smoothed_signals,schaff_trend_cycle_signals,variance_volume_signals,wma_baseline,trend,B,"{""base"": {""ma_length"": 200}, ""c1"": {""alma_offset1"": 0.85, ""alma_offset2"": 0.85, ""alma_sigma1"": 6, ""alma_sigma2"": 6, ""ama_smooth1"": 0.181, ""ama_smooth2"": 0.181, ""frama_t1_a"": 1, ""frama_t1_b"": 168, ""frama_t2_a"": 1, ""frama_t2_b"": 168, ""lsma_offset1"": 0, ""lsma_offset2"": 0, ""ma_len1"": 10, ""ma_len2"": 8, ""vol_factor1"": 0.665127, ""vol_factor2"": 0.82}, ""c2"": {""cycleLen"": 8, ""d1"": 3, ""d2"": 4, ""lowerBand"": 25, ""macdFast"": 23, ""macdSlow"": 50, ""stc_midline"": 50, ""upperBand"": 75}, ""exit_ind"": {""adx_smoothing"": 14, ""adx_threshold"": 25, ""di_length"": 14}, ""vol"": {""ema_len"": 10, ""filter_lookback"": 25, ""hline"": 0, ""lookback"": 200}}","{""atr_len"": 46, ""atr_mult"": 1.0, ""be_pct"": 0.09, ""tp_mult"": 2.9, ""trail_arm"": 1.3, ""trail_mult"": 1.65}"
B|trend|laguerre_filter_signals|lemantrend_signals|damiani_volatmeter_volume_signals|kama_baseline,laguerre_filter_signals,lemantrend_signals,damiani_volatmeter_volume_signals,kama_baseline,trend,B,"{""base"": {""fast_length"": 2, ""length"": 100, ""slow_length"": 30}, ""c1"": {""alpha"": 0.046203}, ""c2"": {""fast_period"": 28, ""medium_period"": 210, ""slow_period"": 13, ""smooth"": 13}, ""exit_ind"": {""adx_smoothing"": 14, ""adx_threshold"": 25, ""di_length"": 14}, ""vol"": {""lag"": 1.4, ""sedimentation"": 12, ""threshold"": 1.725985, ""viscosity"": 2}}","{""atr_len"": 3, ""atr_mult"": 1.0, ""be_pct"": 0.01, ""tp_mult"": 1.9, ""trail_arm"": 1.1, ""trail_mult"": 0.7}"
B|trend|rex_oscillator_signals|didi_index_signals|variance_volume_signals|wma_baseline,rex_oscillator_signals,didi_index_signals,variance_volume_signals,wma_baseline,trend,B,"{""base"": {""ma_length"": 25}, ""c1"": {""almaOffset"": 0.85, ""almaSigma"": 6, ""framaFast"": 34, ""framaSlow"": 89, ""jurikPhase"": 1, ""jurikPower"": 1, ""lsOffset"": 0, ""modFBW"": 0.5, ""modFilter"": 0.8, ""sigAlmaOff"": 0.85, ""sigAlmaSig"": 6, ""sigFramaFast"": 34, ""sigFramaSlow"": 89, ""sigJurikPhase"": 1, ""sigJurikPower"": 1, ""sigLsOff"": 0, ""sigModFBW"": 0.5, ""sigModFilter"": 0.8, ""sigSmooth"": 22, ""sigVolAdj"": 10, ""smooth"": 7, ""volAdj"": 10}, ""c2"": {""long_p"": 3, ""medium"": 8}, ""exit_ind"": {""adx_smoothing"": 14, ""adx_threshold"": 25, ""di_length"": 14}, ""vol"": {""ema_len"": 8, ""filter_lookback"": 37, ""hline"": 0, ""lookback"": 200}}","{""atr_len"": 12, ""atr_mult"": 1.5, ""be_pct"": 0.15, ""tp_mult"": 2.25, ""trail_arm"": 1.4, ""trail_mult"": 0.65}"
B|trend|volatility_quality_signals|donchian_breakout_signals|chaikin_volatility_volume_signals|mcginley_dynamic_index,volatility_quality_signals,donchian_breakout_signals,chaikin_volatility_volume_signals,mcginley_dynamic_index,trend,B,"{""base"": {""mci_length"": 11}, ""c1"": {""atr_pct"": 0.075, ""smooth"": 10}, ""c2"": {""length"": 20}, ""exit_ind"": {""adx_smoothing"": 14, ""adx_threshold"": 25, ""di_length"": 14}, ""vol"": {""cvi_len"": 12, ""roc_len"": 4}}","{""atr_len"": 5, ""atr_mult"": 1.38, ""be_pct"": 0.05, ""tp_mult"": 2.95, ""trail_arm"": 1.8, ""trail_mult"": 0.5}"
B|trend|bears_bulls_impulse_signals|mama_fama_signals|variance_volume_signals|frama_baseline,bears_bulls_impulse_signals,mama_fama_signals,variance_volume_signals,frama_baseline,trend,B,"{""base"": {""length"": 66}, ""c1"": {""length"": 13}, ""c2"": {""fast_limit"": 0.075996, ""slow_limit"": 0.005}, ""exit_ind"": {""adx_smoothing"": 14, ""adx_threshold"": 25, ""di_length"": 14}, ""vol"": {""ema_len"": 12, ""filter_lookback"": 200, ""hline"": 0, ""lookback"": 132}}","{""atr_len"": 43, ""atr_mult"": 1.27, ""be_pct"": 0.01, ""tp_mult"": 2.95, ""trail_arm"": 1.0, ""trail_mult"": 0.95}"
B|trend|coppock_curve_signals|didi_index_signals|variance_volume_signals|mcginley_dynamic_index,coppock_curve_signals,didi_index_signals,variance_volume_signals,mcginley_dynamic_index,trend,B,"{""base"": {""mci_length"": 92}, ""c1"": {""long_roc"": 17, ""short_roc"": 14, ""smooth_len"": 10}, ""c2"": {""long_p"": 16, ""medium"": 80}, ""exit_ind"": {""adx_smoothing"": 14, ""adx_threshold"": 25, ""di_length"": 14}, ""vol"": {""ema_len"": 8, ""filter_lookback"": 20, ""hline"": 0, ""lookback"": 3}}","{""atr_len"": 43, ""atr_mult"": 1.2, ""be_pct"": 0.06, ""tp_mult"": 2.8, ""trail_arm"": 1.0, ""trail_mult"": 0.5}"
B|trend|donchian_breakout_signals|supertrend_signals|variance_volume_signals|mcginley_dynamic_index,donchian_breakout_signals,supertrend_signals,variance_volume_signals,mcginley_dynamic_index,trend,B,"{""base"": {""mci_length"": 14}, ""c1"": {""length"": 132}, ""c2"": {""atr_period"": 28, ""factor"": 3}, ""exit_ind"": {""adx_smoothing"": 14, ""adx_threshold"": 25, ""di_length"": 14}, ""vol"": {""ema_len"": 12, ""filter_lookback"": 11, ""hline"": 0, ""lookback"": 200}}","{""atr_len"": 28, ""atr_mult"": 1.49, ""be_pct"": 0.13, ""tp_mult"": 2.95, ""trail_arm"": 1.1, ""trail_mult"": 0.5}"
B|trend|ehlers_reverse_ema_signals|qqe_mod_signals|variance_volume_signals|mcginley_dynamic_index,ehlers_reverse_ema_signals,qqe_mod_signals,variance_volume_signals,mcginley_dynamic_index,trend,B,"{""base"": {""mci_length"": 92}, ""c1"": {""alpha"": 0.123285}, ""c2"": {""fast_factor"": 0.859209, ""rsi_len"": 5, ""rsi_period"": 5}, ""exit_ind"": {""adx_smoothing"": 14, ""adx_threshold"": 25, ""di_length"": 14}, ""vol"": {""ema_len"": 5, ""filter_lookback"": 37, ""hline"": 0, ""lookback"": 200}}","{""atr_len"": 43, ""atr_mult"": 1.5, ""be_pct"": 0.01, ""tp_mult"": 1.3, ""trail_arm"": 2.0, ""trail_mult"": 0.55}"
B|trend|hieken_ashi_smoothed_signals|kase_peak_oscillator_signals|fractal_dimension_volume_signals|tma_baseline,hieken_ashi_smoothed_signals,kase_peak_oscillator_signals,fractal_dimension_volume_signals,tma_baseline,trend,B,"{""base"": {""length"": 87}, ""c1"": {""alma_offset1"": 0.85, ""alma_offset2"": 0.85, ""alma_sigma1"": 6, ""alma_sigma2"": 6, ""ama_smooth1"": 0.181, ""ama_smooth2"": 0.181, ""frama_t1_a"": 1, ""frama_t1_b"": 168, ""frama_t2_a"": 1, ""frama_t2_b"": 168, ""lsma_offset1"": 0, ""lsma_offset2"": 0, ""ma_len1"": 8, ""ma_len2"": 8, ""vol_factor1"": 0.437609, ""vol_factor2"": 0.82}, ""c2"": {""long_cycle"": 10, ""sharpness"": 40, ""short_cycle"": 4}, ""exit_ind"": {""adx_smoothing"": 14, ""adx_threshold"": 25, ""di_length"": 14}, ""vol"": {""fd_threshold"": 1.5, ""length"": 56}}","{""atr_len"": 39, ""atr_mult"": 1.46, ""be_pct"": 0.05, ""tp_mult"": 1.8, ""trail_arm"": 1.0, ""trail_mult"": 0.5}"
B|trend|kalman_filter_signals|schaff_trend_cycle_signals|variance_volume_signals|t3_baseline,kalman_filter_signals,schaff_trend_cycle_signals,variance_volume_signals,t3_baseline,trend,B,"{""base"": {""length"": 100, ""volume_factor"": 0.7}, ""c1"": {""k"": 1, ""sharpness"": 1}, ""c2"": {""cycleLen"": 4, ""d1"": 4, ""d2"": 6, ""lowerBand"": 25, ""macdFast"": 2, ""macdSlow"": 27, ""stc_midline"": 41, ""upperBand"": 75}, ""exit_ind"": {""adx_smoothing"": 14, ""adx_threshold"": 25, ""di_length"": 14}, ""vol"": {""ema_len"": 8, ""filter_lookback"": 37, ""hline"": 0, ""lookback"": 16}}","{""atr_len"": 15, ""atr_mult"": 1.33, ""be_pct"": 0.05, ""tp_mult"": 2.8, ""trail_arm"": 2.0, ""trail_mult"": 0.5}"
B|trend|linreg_slope_signals|dspo_signals|variance_volume_signals|mcginley_dynamic_index,linreg_slope_signals,dspo_signals,variance_volume_signals,mcginley_dynamic_index,trend,B,"{""base"": {""mci_length"": 14}, ""c1"": {""length"": 17, ""r2_floor"": 0.2}, ""c2"": {""len"": 26}, ""exit_ind"": {""adx_smoothing"": 14, ""adx_threshold"": 25, ""di_length"": 14}, ""vol"": {""ema_len"": 66, ""filter_lookback"": 5, ""hline"": 0, ""lookback"": 20}}","{""atr_len"": 10, ""atr_mult"": 1.41, ""be_pct"": 0.1, ""tp_mult"": 2.2, ""trail_arm"": 1.3, ""trail_mult"": 1.4}"
B|trend|price_momentum_oscillator_signals|relative_vigor_index_signals|variance_volume_signals|mcginley_dynamic_index,price_momentum_oscillator_signals,relative_vigor_index_signals,variance_volume_signals,mcginley_dynamic_index,trend,B,"{""base"": {""mci_length"": 26}, ""c1"": {""s1"": 230, ""s2"": 37, ""sig"": 10}, ""c2"": {""len"": 5}, ""exit_ind"": {""adx_smoothing"": 14, ""adx_threshold"": 25, ""di_length"": 14}, ""vol"": {""ema_len"": 2, ""filter_lookback"": 5, ""hline"": 0, ""lookback"": 7}}","{""atr_len"": 3, ""atr_mult"": 1.05, ""be_pct"": 0.05, ""tp_mult"": 2.5, ""trail_arm"": 1.25, ""trail_mult"": 2.0}"
B|trend|ssl_channel_signals|ichimoku_signals|choppiness_index_volume_signals|sma_baseline,ssl_channel_signals,ichimoku_signals,choppiness_index_volume_signals,sma_baseline,trend,B,"{""base"": {""length"": 200}, ""c1"": {""len"": 8}, ""c2"": {""base_len"": 26, ""conversion_len"": 7, ""displacement"": 26, ""span_b_len"": 64}, ""exit_ind"": {""adx_smoothing"": 14, ""adx_threshold"": 25, ""di_length"": 14}, ""vol"": {""ci_threshold"": 50.127885, ""length"": 5}}","{""atr_len"": 27, ""atr_mult"": 1.15, ""be_pct"": 0.05, ""tp_mult"": 3.0, ""trail_arm"": 2.0, ""trail_mult"": 0.5}"
B|trend|volatility_quality_signals|ichimoku_signals|variance_volume_signals|t3_baseline,volatility_quality_signals,ichimoku_signals,variance_volume_signals,t3_baseline,trend,B,"{""base"": {""length"": 100, ""volume_factor"": 0.7}, ""c1"": {""atr_pct"": 0.060835, ""smooth"": 5}, ""c2"": {""base_len"": 21, ""conversion_len"": 11, ""displacement"": 21, ""span_b_len"": 42}, ""exit_ind"": {""adx_smoothing"": 14, ""adx_threshold"": 25, ""di_length"": 14}, ""vol"": {""ema_len"": 19, ""filter_lookback"": 7, ""hline"": 0, ""lookback"": 25}}","{""atr_len"": 50, ""atr_mult"": 1.34, ""be_pct"": 0.01, ""tp_mult"": 2.6, ""trail_arm"": 1.4, ""trail_mult"": 0.95}"
B|trend|bears_bulls_impulse_signals|parabolic_sar_signals|efficiency_ratio_volume_signals|tma_baseline,bears_bulls_impulse_signals,parabolic_sar_signals,efficiency_ratio_volume_signals,tma_baseline,trend,B,"{""base"": {""length"": 16}, ""c1"": {""length"": 16}, ""c2"": {""sar_increment"": 0.010673, ""sar_maximum"": 0.02, ""sar_start"": 0.02}, ""exit_ind"": {""adx_smoothing"": 14, ""adx_threshold"": 25, ""di_length"": 14}, ""vol"": {""er_threshold"": 0.3, ""length"": 43}}","{""atr_len"": 44, ""atr_mult"": 1.25, ""be_pct"": 0.01, ""tp_mult"": 1.7, ""trail_arm"": 1.9, ""trail_mult"": 1.15}"
B|trend|coral_signals|chandelier_exit_signals|chaikin_volatility_volume_signals|ema_baseline,coral_signals,chandelier_exit_signals,chaikin_volatility_volume_signals,ema_baseline,trend,B,"{""base"": {""ma_length"": 132}, ""c1"": {""const_d"": 5, ""smooth_period"": 10}, ""c2"": {""atr_mult"": 6, ""atr_period"": 63}, ""exit_ind"": {""adx_smoothing"": 14, ""adx_threshold"": 25, ""di_length"": 14}, ""vol"": {""cvi_len"": 8, ""roc_len"": 15}}","{""atr_len"": 49, ""atr_mult"": 1.0, ""be_pct"": 0.01, ""tp_mult"": 2.85, ""trail_arm"": 1.6, ""trail_mult"": 1.3}"
B|trend|dspo_signals|coral_signals|chaikin_volatility_volume_signals|sma_baseline,dspo_signals,coral_signals,chaikin_volatility_volume_signals,sma_baseline,trend,B,"{""base"": {""length"": 20}, ""c1"": {""len"": 14}, ""c2"": {""const_d"": 14, ""smooth_period"": 28}, ""exit_ind"": {""adx_smoothing"": 14, ""adx_threshold"": 25, ""di_length"": 14}, ""vol"": {""cvi_len"": 66, ""roc_len"": 2}}","{""atr_len"": 4, ""atr_mult"": 1.0, ""be_pct"": 0.05, ""tp_mult"": 2.7, ""trail_arm"": 1.95, ""trail_mult"": 1.85}"
B|trend|glitch_index_signals|aroon_signals|waddah_attar_explosion_volume_signals|mcginley_dynamic_index,glitch_index_signals,aroon_signals,waddah_attar_explosion_volume_signals,mcginley_dynamic_index,trend,B,"{""base"": {""mci_length"": 14}, ""c1"": {""length"": 30, ""multiplier"": 1, ""smooth"": 2}, ""c2"": {""length"": 71}, ""exit_ind"": {""adx_smoothing"": 14, ""adx_threshold"": 25, ""di_length"": 14}, ""vol"": {""bbLen"": 132, ""bbStd"": 2, ""fastEma"": 132, ""sensitivity"": 150, ""slowEma"": 75}}","{""atr_len"": 31, ""atr_mult"": 1.0, ""be_pct"": 0.05, ""tp_mult"": 1.9, ""trail_arm"": 1.0, ""trail_mult"": 1.35}"
B|trend|kase_peak_oscillator_signals|supertrend_signals|chaikin_volatility_volume_signals|ema_baseline,kase_peak_oscillator_signals,supertrend_signals,chaikin_volatility_volume_signals,ema_baseline,trend,B,"{""base"": {""ma_length"": 57}, ""c1"": {""long_cycle"": 650, ""sharpness"": 40, ""short_cycle"": 80}, ""c2"": {""atr_period"": 28, ""factor"": 3}, ""exit_ind"": {""adx_smoothing"": 14, ""adx_threshold"": 25, ""di_length"": 14}, ""vol"": {""cvi_len"": 4, ""roc_len"": 120}}","{""atr_len"": 49, ""atr_mult"": 1.31, ""be_pct"": 0.01, ""tp_mult"": 2.45, ""trail_arm"": 2.0, ""trail_mult"": 0.55}"
B|trend|laguerre_filter_signals|volatility_quality_signals|chaikin_volatility_volume_signals|ema_baseline,laguerre_filter_signals,volatility_quality_signals,chaikin_volatility_volume_signals,ema_baseline,trend,B,"{""base"": {""ma_length"": 20}, ""c1"": {""alpha"": 0.162226}, ""c2"": {""atr_pct"": 0.075, ""smooth"": 10}, ""exit_ind"": {""adx_smoothing"": 14, ""adx_threshold"": 25, ""di_length"": 14}, ""vol"": {""cvi_len"": 10, ""roc_len"": 3}}","{""atr_len"": 27, ""atr_mult"": 1.35, ""be_pct"": 0.06, ""tp_mult"": 2.2, ""trail_arm"": 1.1, ""trail_mult"": 1.65}"
B|trend|polychromatic_momentum_signals|ichimoku_signals|chaikin_volatility_volume_signals|ema_baseline,polychromatic_momentum_signals,ichimoku_signals,chaikin_volatility_volume_signals,ema_baseline,trend,B,"{""base"": {""ma_length"": 132}, ""c1"": {""len"": 3}, ""c2"": {""base_len"": 74, ""conversion_len"": 9, ""displacement"": 6, ""span_b_len"": 28}, ""exit_ind"": {""adx_smoothing"": 14, ""adx_threshold"": 25, ""di_length"": 14}, ""vol"": {""cvi_len"": 12, ""roc_len"": 15}}","{""atr_len"": 46, ""atr_mult"": 1.41, ""be_pct"": 0.01, ""tp_mult"": 3.0, ""trail_arm"": 1.9, ""trail_mult"": 0.5}"
B|trend|relative_vigor_index_signals|center_of_gravity_signals|variance_volume_signals|tma_baseline,relative_vigor_index_signals,center_of_gravity_signals,variance_volume_signals,tma_baseline,trend,B,"{""base"": {""length"": 37}, ""c1"": {""len"": 10}, ""c2"": {""length"": 4, ""signal_length"": 13}, ""exit_ind"": {""adx_smoothing"": 14, ""adx_threshold"": 25, ""di_length"": 14}, ""vol"": {""ema_len"": 66, ""filter_lookback"": 20, ""hline"": 0, ""lookback"": 5}}","{""atr_len"": 13, ""atr_mult"": 1.48, ""be_pct"": 0.01, ""tp_mult"": 2.3, ""trail_arm"": 2.0, ""trail_mult"": 1.3}"
B|trend|supertrend_signals|rex_oscillator_signals|variance_volume_signals|tma_baseline,supertrend_signals,rex_oscillator_signals,variance_volume_signals,tma_baseline,trend,B,"{""base"": {""length"": 20}, ""c1"": {""atr_period"": 19, ""factor"": 6}, ""c2"": {""almaOffset"": 0.85, ""almaSigma"": 6, ""framaFast"": 34, ""framaSlow"": 89, ""jurikPhase"": 1, ""jurikPower"": 1, ""lsOffset"": 0, ""modFBW"": 0.5, ""modFilter"": 0.8, ""sigAlmaOff"": 0.85, ""sigAlmaSig"": 6, ""sigFramaFast"": 34, ""sigFramaSlow"": 89, ""sigJurikPhase"": 1, ""sigJurikPower"": 1, ""sigLsOff"": 0, ""sigModFBW"": 0.5, ""sigModFilter"": 0.8, ""sigSmooth"": 22, ""sigVolAdj"": 10, ""smooth"": 14, ""volAdj"": 10}, ""exit_ind"": {""adx_smoothing"": 14, ""adx_threshold"": 25, ""di_length"": 14}, ""vol"": {""ema_len"": 100, ""filter_lookback"": 5, ""hline"": 0, ""lookback"": 20}}","{""atr_len"": 20, ""atr_mult"": 1.5, ""be_pct"": 0.05, ""tp_mult"": 2.95, ""trail_arm"": 1.25, ""trail_mult"": 1.4}"
B|trend|waddah_attar_explosion_signals|didi_index_signals|fractal_dimension_volume_signals|sma_baseline,waddah_attar_explosion_signals,didi_index_signals,fractal_dimension_volume_signals,sma_baseline,trend,B,"{""base"": {""length"": 11}, ""c1"": {""bbLen"": 37, ""bbStd"": 2, ""fastEma"": 5, ""sensitivity"": 150, ""slowEma"": 32}, ""c2"": {""long_p"": 20, ""medium"": 6}, ""exit_ind"": {""adx_smoothing"": 14, ""adx_threshold"": 25, ""di_length"": 14}, ""vol"": {""fd_threshold"": 1.5, ""length"": 30}}","{""atr_len"": 5, ""atr_mult"": 1.5, ""be_pct"": 0.05, ""tp_mult"": 2.2, ""trail_arm"": 1.0, ""trail_mult"": 1.35}"
B|trend|coppock_curve_signals|dpo_signals|variance_volume_signals|ema_baseline,coppock_curve_signals,dpo_signals,variance_volume_signals,ema_baseline,trend,B,"{""base"": {""ma_length"": 25}, ""c1"": {""long_roc"": 14, ""short_roc"": 11, ""smooth_len"": 12}, ""c2"": {""len"": 142}, ""exit_ind"": {""adx_smoothing"": 14, ""adx_threshold"": 25, ""di_length"": 14}, ""vol"": {""ema_len"": 12, ""filter_lookback"": 11, ""hline"": 0, ""lookback"": 20}}","{""atr_len"": 50, ""atr_mult"": 1.25, ""be_pct"": 0.1, ""tp_mult"": 2.1, ""trail_arm"": 1.0, ""trail_mult"": 1.45}"
B|trend|didi_index_signals|laguerre_filter_signals|variance_volume_signals|kama_baseline,didi_index_signals,laguerre_filter_signals,variance_volume_signals,kama_baseline,trend,B,"{""base"": {""fast_length"": 2, ""length"": 19, ""slow_length"": 37}, ""c1"": {""long_p"": 16, ""medium"": 8}, ""c2"": {""alpha"": 0.2}, ""exit_ind"": {""adx_smoothing"": 14, ""adx_threshold"": 25, ""di_length"": 14}, ""vol"": {""ema_len"": 8, ""filter_lookback"": 25, ""hline"": 0, ""lookback"": 25}}","{""atr_len"": 45, ""atr_mult"": 1.48, ""be_pct"": 0.01, ""tp_mult"": 1.9, ""trail_arm"": 1.9, ""trail_mult"": 1.75}"
B|trend|fisher_transform_signals|linreg_slope_signals|variance_volume_signals|ema_baseline,fisher_transform_signals,linreg_slope_signals,variance_volume_signals,ema_baseline,trend,B,"{""base"": {""ma_length"": 20}, ""c1"": {""length"": 43}, ""c2"": {""length"": 17, ""r2_floor"": 0.374763}, ""exit_ind"": {""adx_smoothing"": 14, ""adx_threshold"": 25, ""di_length"": 14}, ""vol"": {""ema_len"": 10, ""filter_lookback"": 5, ""hline"": 0, ""lookback"": 132}}","{""atr_len"": 3, ""atr_mult"": 1.0, ""be_pct"": 0.16, ""tp_mult"": 2.6, ""trail_arm"": 1.35, ""trail_mult"": 0.6}"
B|trend|j_tpo_signals|fisher_transform_signals|efficiency_ratio_volume_signals|kama_baseline,j_tpo_signals,fisher_transform_signals,efficiency_ratio_volume_signals,kama_baseline,trend,B,"{""base"": {""fast_length"": 9, ""length"": 28, ""slow_length"": 37}, ""c1"": {""ema_len"": 200, ""len"": 49}, ""c2"": {""length"": 28}, ""exit_ind"": {""adx_smoothing"": 14, ""adx_threshold"": 25, ""di_length"": 14}, ""vol"": {""er_threshold"": 0.369854, ""length"": 8}}","{""atr_len"": 50, ""atr_mult"": 1.0, ""be_pct"": 0.01, ""tp_mult"": 3.0, ""trail_arm"": 1.85, ""trail_mult"": 0.5}"
B|trend|laguerre_filter_signals|center_of_gravity_signals|choppiness_index_volume_signals|mcginley_dynamic_index,laguerre_filter_signals,center_of_gravity_signals,choppiness_index_volume_signals,mcginley_dynamic_index,trend,B,"{""base"": {""mci_length"": 92}, ""c1"": {""alpha"": 0.162226}, ""c2"": {""length"": 12, ""signal_length"": 20}, ""exit_ind"": {""adx_smoothing"": 14, ""adx_threshold"": 25, ""di_length"": 14}, ""vol"": {""ci_threshold"": 61.8, ""length"": 3}}","{""atr_len"": 33, ""atr_mult"": 1.2, ""be_pct"": 0.05, ""tp_mult"": 3.0, ""trail_arm"": 1.65, ""trail_mult"": 1.35}"
B|trend|linreg_slope_signals|fisher_transform_signals|variance_volume_signals|ema_baseline,linreg_slope_signals,fisher_transform_signals,variance_volume_signals,ema_baseline,trend,B,"{""base"": {""ma_length"": 132}, ""c1"": {""length"": 14, ""r2_floor"": 0.2}, ""c2"": {""length"": 8}, ""exit_ind"": {""adx_smoothing"": 14, ""adx_threshold"": 25, ""di_length"": 14}, ""vol"": {""ema_len"": 4, ""filter_lookback"": 7, ""hline"": 0, ""lookback"": 200}}","{""atr_len"": 24, ""atr_mult"": 1.15, ""be_pct"": 0.08, ""tp_mult"": 1.25, ""trail_arm"": 2.0, ""trail_mult"": 1.8}"
B|trend|price_momentum_oscillator_signals|trend_direction_force_index_signals|chaikin_volatility_volume_signals|wma_baseline,price_momentum_oscillator_signals,trend_direction_force_index_signals,chaikin_volatility_volume_signals,wma_baseline,trend,B,"{""base"": {""ma_length"": 200}, ""c1"": {""s1"": 43, ""s2"": 16, ""sig"": 10}, ""c2"": {""fhigh"": 0.328967, ""flow"": -0.142402, ""lookback"": 11}, ""exit_ind"": {""adx_smoothing"": 14, ""adx_threshold"": 25, ""di_length"": 14}, ""vol"": {""cvi_len"": 4, ""roc_len"": 52}}","{""atr_len"": 50, ""atr_mult"": 1.15, ""be_pct"": 0.01, ""tp_mult"": 2.45, ""trail_arm"": 2.0, ""trail_mult"": 0.5}"
B|trend|schaff_trend_cycle_signals|lemantrend_signals|williams_vix_fix_volume_signals|sma_baseline,schaff_trend_cycle_signals,lemantrend_signals,williams_vix_fix_volume_signals,sma_baseline,trend,B,"{""base"": {""length"": 20}, ""c1"": {""cycleLen"": 10, ""d1"": 3, ""d2"": 3, ""lowerBand"": 25, ""macdFast"": 8, ""macdSlow"": 8, ""stc_midline"": 50, ""upperBand"": 75}, ""c2"": {""fast_period"": 224, ""medium_period"": 21, ""slow_period"": 130, ""smooth"": 20}, ""exit_ind"": {""adx_smoothing"": 14, ""adx_threshold"": 25, ""di_length"": 14}, ""vol"": {""bb_length"": 132, ""bb_mult"": 2, ""lookback"": 3}}","{""atr_len"": 10, ""atr_mult"": 1.0, ""be_pct"": 0.05, ""tp_mult"": 3.0, ""trail_arm"": 1.45, ""trail_mult"": 0.7}"
B|trend|vortex_signals|chandelier_exit_signals|efficiency_ratio_volume_signals|ema_baseline,vortex_signals,chandelier_exit_signals,efficiency_ratio_volume_signals,ema_baseline,trend,B,"{""base"": {""ma_length"": 25}, ""c1"": {""period"": 7}, ""c2"": {""atr_mult"": 6, ""atr_period"": 8}, ""exit_ind"": {""adx_smoothing"": 14, ""adx_threshold"": 25, ""di_length"": 14}, ""vol"": {""er_threshold"": 0.243339, ""length"": 12}}","{""atr_len"": 10, ""atr_mult"": 1.49, ""be_pct"": 0.01, ""tp_mult"": 2.9, ""trail_arm"": 1.2, ""trail_mult"": 0.95}"
B|trend|bears_bulls_impulse_signals|kase_peak_oscillator_signals|variance_volume_signals|super_smoother_2pole_baseline,bears_bulls_impulse_signals,kase_peak_oscillator_signals,variance_volume_signals,super_smoother_2pole_baseline,trend,B,"{""base"": {""cutoff_period"": 99}, ""c1"": {""length"": 37}, ""c2"": {""long_cycle"": 122, ""sharpness"": 40, ""short_cycle"": 23}, ""exit_ind"": {""adx_smoothing"": 14, ""adx_threshold"": 25, ""di_length"": 14}, ""vol"": {""ema_len"": 8, ""filter_lookback"": 16, ""hline"": 0, ""lookback"": 200}}","{""atr_len"": 5, ""atr_mult"": 1.33, ""be_pct"": 0.02, ""tp_mult"": 3.0, ""trail_arm"": 1.85, ""trail_mult"": 1.85}"
B|trend|coral_signals|parabolic_sar_signals|williams_vix_fix_volume_signals|lsma_baseline,coral_signals,parabolic_sar_signals,williams_vix_fix_volume_signals,lsma_baseline,trend,B,"{""base"": {""length"": 20, ""lsma_offset"": 0}, ""c1"": {""const_d"": 3, ""smooth_period"": 10}, ""c2"": {""sar_increment"": 0.002, ""sar_maximum"": 0.2, ""sar_start"": 0.02}, ""exit_ind"": {""adx_smoothing"": 14, ""adx_threshold"": 25, ""di_length"": 14}, ""vol"": {""bb_length"": 87, ""bb_mult"": 2, ""lookback"": 5}}","{""atr_len"": 49, ""atr_mult"": 1.38, ""be_pct"": 0.01, ""tp_mult"": 2.9, ""trail_arm"": 2.0, ""trail_mult"": 0.65}"
B|trend|ehlers_reverse_ema_signals|laguerre_filter_signals|waddah_attar_explosion_volume_signals|sma_baseline,ehlers_reverse_ema_signals,laguerre_filter_signals,waddah_attar_explosion_volume_signals,sma_baseline,trend,B,"{""base"": {""length"": 25}, ""c1"": {""alpha"": 0.123285}, ""c2"": {""alpha"": 0.106734}, ""exit_ind"": {""adx_smoothing"": 14, ""adx_threshold"": 25, ""di_length"": 14}, ""vol"": {""bbLen"": 37, ""bbStd"": 13, ""fastEma"": 11, ""sensitivity"": 15, ""slowEma"": 400}}","{""atr_len"": 2, ""atr_mult"": 1.34, ""be_pct"": 0.01, ""tp_mult"": 2.25, ""trail_arm"": 1.05, ""trail_mult"": 1.15}"
B|trend|j_tpo_signals|relative_vigor_index_signals|variance_volume_signals|fantail_vma,j_tpo_signals,relative_vigor_index_signals,variance_volume_signals,fantail_vma,trend,B,"{""base"": {""fma_adx_length"": 2, ""fma_ma_length"": 6, ""fma_weighting"": 10}, ""c1"": {""ema_len"": 200, ""len"": 49}, ""c2"": {""len"": 10}, ""exit_ind"": {""adx_smoothing"": 14, ""adx_threshold"": 25, ""di_length"": 14}, ""vol"": {""ema_len"": 12, ""filter_lookback"": 11, ""hline"": 0, ""lookback"": 25}}","{""atr_len"": 50, ""atr_mult"": 1.5, ""be_pct"": 0.01, ""tp_mult"": 2.6, ""trail_arm"": 1.0, ""trail_mult"": 1.0}"
B|trend|mama_fama_signals|laguerre_filter_signals|variance_volume_signals|wma_baseline,mama_fama_signals,laguerre_filter_signals,variance_volume_signals,wma_baseline,trend,B,"{""base"": {""ma_length"": 37}, ""c1"": {""fast_limit"": 0.936909, ""slow_limit"": 0.093691}, ""c2"": {""alpha"": 0.106734}, ""exit_ind"": {""adx_smoothing"": 14, ""adx_threshold"": 25, ""di_length"": 14}, ""vol"": {""ema_len"": 12, ""filter_lookback"": 200, ""hline"": 0, ""lookback"": 16}}","{""atr_len"": 22, ""atr_mult"": 1.5, ""be_pct"": 0.01, ""tp_mult"": 2.95, ""trail_arm"": 1.15, ""trail_mult"": 1.8}"
B|trend|qqe_mod_signals|price_momentum_oscillator_signals|volatility_ratio_volume_signals|rma_baseline,qqe_mod_signals,price_momentum_oscillator_signals,volatility_ratio_volume_signals,rma_baseline,trend,B,"{""base"": {""ma_length"": 132}, ""c1"": {""fast_factor"": 0.244706, ""rsi_len"": 33, ""rsi_period"": 2}, ""c2"": {""s1"": 66, ""s2"": 25, ""sig"": 10}, ""exit_ind"": {""adx_smoothing"": 14, ""adx_threshold"": 25, ""di_length"": 14}, ""vol"": {""length"": 26}}","{""atr_len"": 47, ""atr_mult"": 1.25, ""be_pct"": 0.05, ""tp_mult"": 1.7, ""trail_arm"": 1.25, ""trail_mult"": 0.5}"
B|trend|trend_direction_force_index_signals|hieken_ashi_smoothed_signals|waddah_attar_explosion_volume_signals|ema_baseline,trend_direction_force_index_signals,hieken_ashi_smoothed_signals,waddah_attar_explosion_volume_signals,ema_baseline,trend,B,"{""base"": {""ma_length"": 132}, ""c1"": {""fhigh"": 0.5, ""flow"": -0.142402, ""lookback"": 11}, ""c2"": {""alma_offset1"": 0.85, ""alma_offset2"": 0.85, ""alma_sigma1"": 6, ""alma_sigma2"": 6, ""ama_smooth1"": 0.181, ""ama_smooth2"": 0.181, ""frama_t1_a"": 1, ""frama_t1_b"": 168, ""frama_t2_a"": 1, ""frama_t2_b"": 168, ""lsma_offset1"": 0, ""lsma_offset2"": 0, ""ma_len1"": 23, ""ma_len2"": 6, ""vol_factor1"": 0.82, ""vol_factor2"": 0.82}, ""exit_ind"": {""adx_smoothing"": 14, ""adx_threshold"": 25, ""di_length"": 14}, ""vol"": {""bbLen"": 20, ""bbStd"": 2, ""fastEma"": 2, ""sensitivity"": 150, ""slowEma"": 400}}","{""atr_len"": 50, ""atr_mult"": 1.05, ""be_pct"": 0.05, ""tp_mult"": 2.95, ""trail_arm"": 2.0, ""trail_mult"": 1.85}"
B|trend|bears_bulls_impulse_signals|kase_peak_oscillator_signals|efficiency_ratio_volume_signals|mcginley_dynamic_index,bears_bulls_impulse_signals,kase_peak_oscillator_signals,efficiency_ratio_volume_signals,mcginley_dynamic_index,trend,B,"{""base"": {""mci_length"": 11}, ""c1"": {""length"": 13}, ""c2"": {""long_cycle"": 80, ""sharpness"": 40, ""short_cycle"": 10}, ""exit_ind"": {""adx_smoothing"": 14, ""adx_threshold"": 25, ""di_length"": 14}, ""vol"": {""er_threshold"": 0.369854, ""length"": 12}}","{""atr_len"": 7, ""atr_mult"": 1.28, ""be_pct"": 0.01, ""tp_mult"": 2.4, ""trail_arm"": 1.75, ""trail_mult"": 0.5}"
B|trend|chandelier_exit_signals|vortex_signals|chaikin_volatility_volume_signals|rma_baseline,chandelier_exit_signals,vortex_signals,chaikin_volatility_volume_signals,rma_baseline,trend,B,"{""base"": {""ma_length"": 200}, ""c1"": {""atr_mult"": 6, ""atr_period"": 145}, ""c2"": {""period"": 11}, ""exit_ind"": {""adx_smoothing"": 14, ""adx_threshold"": 25, ""di_length"": 14}, ""vol"": {""cvi_len"": 5, ""roc_len"": 22}}","{""atr_len"": 26, ""atr_mult"": 1.37, ""be_pct"": 0.01, ""tp_mult"": 2.4, ""trail_arm"": 1.5, ""trail_mult"": 1.1}"
B|trend|donchian_breakout_signals|dpo_signals|chaikin_volatility_volume_signals|rma_baseline,donchian_breakout_signals,dpo_signals,chaikin_volatility_volume_signals,rma_baseline,trend,B,"{""base"": {""ma_length"": 25}, ""c1"": {""length"": 11}, ""c2"": {""len"": 142}, ""exit_ind"": {""adx_smoothing"": 14, ""adx_threshold"": 25, ""di_length"": 14}, ""vol"": {""cvi_len"": 28, ""roc_len"": 2}}","{""atr_len"": 41, ""atr_mult"": 1.34, ""be_pct"": 0.01, ""tp_mult"": 2.1, ""trail_arm"": 1.15, ""trail_mult"": 1.65}"
B|trend|fisher_transform_signals|halftrend_signals|damiani_volatmeter_volume_signals|fantail_vma,fisher_transform_signals,halftrend_signals,damiani_volatmeter_volume_signals,fantail_vma,trend,B,"{""base"": {""fma_adx_length"": 6, ""fma_ma_length"": 26, ""fma_weighting"": 2}, ""c1"": {""length"": 12}, ""c2"": {""amplitude"": 27}, ""exit_ind"": {""adx_smoothing"": 14, ""adx_threshold"": 25, ""di_length"": 14}, ""vol"": {""lag"": 1.4, ""sedimentation"": 62, ""threshold"": 1.725985, ""viscosity"": 7}}","{""atr_len"": 48, ""atr_mult"": 1.48, ""be_pct"": 0.01, ""tp_mult"": 2.45, ""trail_arm"": 1.9, ""trail_mult"": 1.15}"
B|trend|hieken_ashi_smoothed_signals|j_tpo_signals|variance_volume_signals|t3_baseline,hieken_ashi_smoothed_signals,j_tpo_signals,variance_volume_signals,t3_baseline,trend,B,"{""base"": {""length"": 10, ""volume_factor"": 0.106394}, ""c1"": {""alma_offset1"": 0.85, ""alma_offset2"": 0.85, ""alma_sigma1"": 6, ""alma_sigma2"": 6, ""ama_smooth1"": 0.181, ""ama_smooth2"": 0.181, ""frama_t1_a"": 1, ""frama_t1_b"": 168, ""frama_t2_a"": 1, ""frama_t2_b"": 168, ""lsma_offset1"": 0, ""lsma_offset2"": 0, ""ma_len1"": 8, ""ma_len2"": 8, ""vol_factor1"": 1.53653, ""vol_factor2"": 0.287918}, ""c2"": {""ema_len"": 200, ""len"": 40}, ""exit_ind"": {""adx_smoothing"": 14, ""adx_threshold"": 25, ""di_length"": 14}, ""vol"": {""ema_len"": 66, ""filter_lookback"": 5, ""hline"": 0, ""lookback"": 25}}","{""atr_len"": 32, ""atr_mult"": 1.42, ""be_pct"": 0.05, ""tp_mult"": 2.45, ""trail_arm"": 1.0, ""trail_mult"": 1.35}"
B|trend|laguerre_filter_signals|bears_bulls_impulse_signals|volatility_ratio_volume_signals|kama_baseline,laguerre_filter_signals,bears_bulls_impulse_signals,volatility_ratio_volume_signals,kama_baseline,trend,B,"{""base"": {""fast_length"": 9, ""length"": 66, ""slow_length"": 30}, ""c1"": {""alpha"": 0.246569}, ""c2"": {""length"": 13}, ""exit_ind"": {""adx_smoothing"": 14, ""adx_threshold"": 25, ""di_length"": 14}, ""vol"": {""length"": 5}}","{""atr_len"": 33, ""atr_mult"": 1.0, ""be_pct"": 0.05, ""tp_mult"": 2.15, ""trail_arm"": 1.65, ""trail_mult"": 1.35}"
B|trend|polychromatic_momentum_signals|halftrend_signals|variance_volume_signals|frama_baseline,polychromatic_momentum_signals,halftrend_signals,variance_volume_signals,frama_baseline,trend,B,"{""base"": {""length"": 19}, ""c1"": {""len"": 14}, ""c2"": {""amplitude"": 50}, ""exit_ind"": {""adx_smoothing"": 14, ""adx_threshold"": 25, ""di_length"": 14}, ""vol"": {""ema_len"": 8, ""filter_lookback"": 11, ""hline"": 0, ""lookback"": 132}}","{""atr_len"": 49, ""atr_mult"": 1.29, ""be_pct"": 0.01, ""tp_mult"": 2.25, ""trail_arm"": 1.0, ""trail_mult"": 0.65}"
B|trend|qqe_mod_signals|laguerre_filter_signals|volatility_ratio_volume_signals|ema_baseline,qqe_mod_signals,laguerre_filter_signals,volatility_ratio_volume_signals,ema_baseline,trend,B,"{""base"": {""ma_length"": 132}, ""c1"": {""fast_factor"": 1.61, ""rsi_len"": 2, ""rsi_period"": 2}, ""c2"": {""alpha"": 0.2}, ""exit_ind"": {""adx_smoothing"": 14, ""adx_threshold"": 25, ""di_length"": 14}, ""vol"": {""length"": 140}}","{""atr_len"": 50, ""atr_mult"": 1.2, ""be_pct"": 0.06, ""tp_mult"": 1.45, ""trail_arm"": 1.65, ""trail_mult"": 0.55}"
B|trend|schaff_trend_cycle_signals|lemantrend_signals|variance_volume_signals|mcginley_dynamic_index,schaff_trend_cycle_signals,lemantrend_signals,variance_volume_signals,mcginley_dynamic_index,trend,B,"{""base"": {""mci_length"": 40}, ""c1"": {""cycleLen"": 19, ""d1"": 2, ""d2"": 4, ""lowerBand"": 13, ""macdFast"": 23, ""macdSlow"": 41, ""stc_midline"": 5, ""upperBand"": 75}, ""c2"": {""fast_period"": 28, ""medium_period"": 21, ""slow_period"": 11, ""smooth"": 4}, ""exit_ind"": {""adx_smoothing"": 14, ""adx_threshold"": 25, ""di_length"": 14}, ""vol"": {""ema_len"": 12, ""filter_lookback"": 16, ""hline"": 0, ""lookback"": 132}}","{""atr_len"": 11, ""atr_mult"": 1.27, ""be_pct"": 0.01, ""tp_mult"": 2.95, ""trail_arm"": 2.0, ""trail_mult"": 0.7}"
B|trend|vortex_signals|halftrend_signals|variance_volume_signals|t3_baseline,vortex_signals,halftrend_signals,variance_volume_signals,t3_baseline,trend,B,"{""base"": {""length"": 19, ""volume_factor"": 1.993625}, ""c1"": {""period"": 61}, ""c2"": {""amplitude"": 500}, ""exit_ind"": {""adx_smoothing"": 14, ""adx_threshold"": 25, ""di_length"": 14}, ""vol"": {""ema_len"": 12, ""filter_lookback"": 7, ""hline"": 0, ""lookback"": 200}}","{""atr_len"": 22, ""atr_mult"": 1.48, ""be_pct"": 0.05, ""tp_mult"": 3.0, ""trail_arm"": 1.15, ""trail_mult"": 0.85}"
B|trend|bears_bulls_impulse_signals|fisher_transform_signals|variance_volume_signals|tma_baseline,bears_bulls_impulse_signals,fisher_transform_signals,variance_volume_signals,tma_baseline,trend,B,"{""base"": {""length"": 132}, ""c1"": {""length"": 11}, ""c2"": {""length"": 10}, ""exit_ind"": {""adx_smoothing"": 14, ""adx_threshold"": 25, ""di_length"": 14}, ""vol"": {""ema_len"": 19, ""filter_lookback"": 11, ""hline"": 0, ""lookback"": 132}}","{""atr_len"": 9, ""atr_mult"": 1.15, ""be_pct"": 0.12, ""tp_mult"": 3.0, ""trail_arm"": 2.0, ""trail_mult"": 1.65}"
B|trend|coppock_curve_signals|fisher_transform_signals|variance_volume_signals|rma_baseline,coppock_curve_signals,fisher_transform_signals,variance_volume_signals,rma_baseline,trend,B,"{""base"": {""ma_length"": 87}, ""c1"": {""long_roc"": 92, ""short_roc"": 6, ""smooth_len"": 8}, ""c2"": {""length"": 10}, ""exit_ind"": {""adx_smoothing"": 14, ""adx_threshold"": 25, ""di_length"": 14}, ""vol"": {""ema_len"": 8, ""filter_lookback"": 5, ""hline"": 0, ""lookback"": 200}}","{""atr_len"": 17, ""atr_mult"": 1.15, ""be_pct"": 0.05, ""tp_mult"": 2.2, ""trail_arm"": 1.75, ""trail_mult"": 0.65}"
B|trend|dpo_signals|kase_peak_oscillator_signals|chaikin_volatility_volume_signals|ema_baseline,dpo_signals,kase_peak_oscillator_signals,chaikin_volatility_volume_signals,ema_baseline,trend,B,"{""base"": {""ma_length"": 132}, ""c1"": {""len"": 5}, ""c2"": {""long_cycle"": 185, ""sharpness"": 40, ""short_cycle"": 23}, ""exit_ind"": {""adx_smoothing"": 14, ""adx_threshold"": 25, ""di_length"": 14}, ""vol"": {""cvi_len"": 19, ""roc_len"": 15}}","{""atr_len"": 50, ""atr_mult"": 1.27, ""be_pct"": 0.01, ""tp_mult"": 2.5, ""trail_arm"": 2.0, ""trail_mult"": 0.55}"
B|trend|ehlers_reverse_ema_signals|qqe_mod_signals|variance_volume_signals|tma_baseline,ehlers_reverse_ema_signals,qqe_mod_signals,variance_volume_signals,tma_baseline,trend,B,"{""base"": {""length"": 20}, ""c1"": {""alpha"": 0.657933}, ""c2"": {""fast_factor"": 1.61, ""rsi_len"": 3, ""rsi_period"": 6}, ""exit_ind"": {""adx_smoothing"": 14, ""adx_threshold"": 25, ""di_length"": 14}, ""vol"": {""ema_len"": 10, ""filter_lookback"": 200, ""hline"": 0, ""lookback"": 20}}","{""atr_len"": 4, ""atr_mult"": 1.49, ""be_pct"": 0.05, ""tp_mult"": 2.15, ""trail_arm"": 1.0, ""trail_mult"": 1.45}"
B|trend|hieken_ashi_smoothed_signals|fx_sniper_ergodic_cci_signals|efficiency_ratio_volume_signals|tma_baseline,hieken_ashi_smoothed_signals,fx_sniper_ergodic_cci_signals,efficiency_ratio_volume_signals,tma_baseline,trend,B,"{""base"": {""length"": 200}, ""c1"": {""alma_offset1"": 0.85, ""alma_offset2"": 0.85, ""alma_sigma1"": 6, ""alma_sigma2"": 6, ""ama_smooth1"": 0.181, ""ama_smooth2"": 0.181, ""frama_t1_a"": 1, ""frama_t1_b"": 168, ""frama_t2_a"": 1, ""frama_t2_b"": 168, ""lsma_offset1"": 0, ""lsma_offset2"": 0, ""ma_len1"": 23, ""ma_len2"": 10, ""vol_factor1"": 0.82, ""vol_factor2"": 0.665127}, ""c2"": {""cci_length"": 14, ""ema1_length"": 5, ""ema2_length"": 3, ""trigger_length"": 3}, ""exit_ind"": {""adx_smoothing"": 14, ""adx_threshold"": 25, ""di_length"": 14}, ""vol"": {""er_threshold"": 0.3, ""length"": 5}}","{""atr_len"": 46, ""atr_mult"": 1.0, ""be_pct"": 0.01, ""tp_mult"": 3.0, ""trail_arm"": 2.0, ""trail_mult"": 0.5}"
B|trend|linreg_slope_signals|didi_index_signals|variance_volume_signals|rma_baseline,linreg_slope_signals,didi_index_signals,variance_volume_signals,rma_baseline,trend,B,"{""base"": {""ma_length"": 57}, ""c1"": {""length"": 14, ""r2_floor"": 0.046203}, ""c2"": {""long_p"": 20, ""medium"": 8}, ""exit_ind"": {""adx_smoothing"": 14, ""adx_threshold"": 25, ""di_length"": 14}, ""vol"": {""ema_len"": 5, ""filter_lookback"": 37, ""hline"": 0, ""lookback"": 200}}","{""atr_len"": 50, ""atr_mult"": 1.0, ""be_pct"": 0.01, ""tp_mult"": 3.0, ""trail_arm"": 1.95, ""trail_mult"": 1.3}"
B|trend|price_momentum_oscillator_signals|fisher_transform_signals|fractal_dimension_volume_signals|ema_baseline,price_momentum_oscillator_signals,fisher_transform_signals,fractal_dimension_volume_signals,ema_baseline,trend,B,"{""base"": {""ma_length"": 25}, ""c1"": {""s1"": 66, ""s2"": 37, ""sig"": 10}, ""c2"": {""length"": 2}, ""exit_ind"": {""adx_smoothing"": 14, ""adx_threshold"": 25, ""di_length"": 14}, ""vol"": {""fd_threshold"": 1.5, ""length"": 3}}","{""atr_len"": 50, ""atr_mult"": 1.5, ""be_pct"": 0.05, ""tp_mult"": 2.75, ""trail_arm"": 1.95, ""trail_mult"": 1.05}"
B|trend|schaff_trend_cycle_signals|fisher_transform_signals|chaikin_volatility_volume_signals|vidya,schaff_trend_cycle_signals,fisher_transform_signals,chaikin_volatility_volume_signals,vidya,trend,B,"{""base"": {""vda_length"": 2}, ""c1"": {""cycleLen"": 10, ""d1"": 6, ""d2"": 2, ""lowerBand"": 25, ""macdFast"": 23, ""macdSlow"": 50, ""stc_midline"": 94, ""upperBand"": 75}, ""c2"": {""length"": 12}, ""exit_ind"": {""adx_smoothing"": 14, ""adx_threshold"": 25, ""di_length"": 14}, ""vol"": {""cvi_len"": 66, ""roc_len"": 79}}","{""atr_len"": 50, ""atr_mult"": 1.32, ""be_pct"": 0.01, ""tp_mult"": 2.2, ""trail_arm"": 1.0, ""trail_mult"": 0.7}"
B|trend|vortex_signals|chandelier_exit_signals|variance_volume_signals|rma_baseline,vortex_signals,chandelier_exit_signals,variance_volume_signals,rma_baseline,trend,B,"{""base"": {""ma_length"": 200}, ""c1"": {""period"": 14}, ""c2"": {""atr_mult"": 6, ""atr_period"": 22}, ""exit_ind"": {""adx_smoothing"": 14, ""adx_threshold"": 25, ""di_length"": 14}, ""vol"": {""ema_len"": 2, ""filter_lookback"": 16, ""hline"": 0, ""lookback"": 200}}","{""atr_len"": 34, ""atr_mult"": 1.0, ""be_pct"": 0.05, ""tp_mult"": 2.7, ""trail_arm"": 1.15, ""trail_mult"": 1.05}"
B|trend|center_of_gravity_signals|parabolic_sar_signals|variance_volume_signals|sma_baseline,center_of_gravity_signals,parabolic_sar_signals,variance_volume_signals,sma_baseline,trend,B,"{""base"": {""length"": 25}, ""c1"": {""length"": 28, ""signal_length"": 13}, ""c2"": {""sar_increment"": 0.010673, ""sar_maximum"": 0.106734, ""sar_start"": 0.02}, ""exit_ind"": {""adx_smoothing"": 14, ""adx_threshold"": 25, ""di_length"": 14}, ""vol"": {""ema_len"": 10, ""filter_lookback"": 200, ""hline"": 0, ""lookback"": 16}}","{""atr_len"": 5, ""atr_mult"": 1.0, ""be_pct"": 0.01, ""tp_mult"": 3.0, ""trail_arm"": 1.35, ""trail_mult"": 1.7}"
B|trend|didi_index_signals|laguerre_filter_signals|variance_volume_signals|sma_baseline,didi_index_signals,laguerre_filter_signals,variance_volume_signals,sma_baseline,trend,B,"{""base"": {""length"": 20}, ""c1"": {""long_p"": 20, ""medium"": 2}, ""c2"": {""alpha"": 0.246569}, ""exit_ind"": {""adx_smoothing"": 14, ""adx_threshold"": 25, ""di_length"": 14}, ""vol"": {""ema_len"": 19, ""filter_lookback"": 87, ""hline"": 0, ""lookback"": 20}}","{""atr_len"": 31, ""atr_mult"": 1.46, ""be_pct"": 0.05, ""tp_mult"": 2.25, ""trail_arm"": 1.0, ""trail_mult"": 1.4}"
B|trend|fisher_transform_signals|laguerre_filter_signals|waddah_attar_explosion_volume_signals|alma_baseline,fisher_transform_signals,laguerre_filter_signals,waddah_attar_explosion_volume_signals,alma_baseline,trend,B,"{""base"": {""length"": 90, ""offset"": 0.085, ""sigma"": 11}, ""c1"": {""length"": 4}, ""c2"": {""alpha"": 0.162226}, ""exit_ind"": {""adx_smoothing"": 14, ""adx_threshold"": 25, ""di_length"": 14}, ""vol"": {""bbLen"": 57, ""bbStd"": 2, ""fastEma"": 11, ""sensitivity"": 23, ""slowEma"": 114}}","{""atr_len"": 50, ""atr_mult"": 1.43, ""be_pct"": 0.05, ""tp_mult"": 3.0, ""trail_arm"": 2.0, ""trail_mult"": 1.2}"
B|trend|j_tpo_signals|polychromatic_momentum_signals|variance_volume_signals|ema_baseline,j_tpo_signals,polychromatic_momentum_signals,variance_volume_signals,ema_baseline,trend,B,"{""base"": {""ma_length"": 25}, ""c1"": {""ema_len"": 200, ""len"": 400}, ""c2"": {""len"": 40}, ""exit_ind"": {""adx_smoothing"": 14, ""adx_threshold"": 25, ""di_length"": 14}, ""vol"": {""ema_len"": 10, ""filter_lookback"": 5, ""hline"": 0, ""lookback"": 25}}","{""atr_len"": 50, ""atr_mult"": 1.15, ""be_pct"": 0.01, ""tp_mult"": 2.2, ""trail_arm"": 1.65, ""trail_mult"": 1.55}"
B|trend|lemantrend_signals|chandelier_exit_signals|choppiness_index_volume_signals|t3_baseline,lemantrend_signals,chandelier_exit_signals,choppiness_index_volume_signals,t3_baseline,trend,B,"{""base"": {""length"": 10, ""volume_factor"": 0.7}, ""c1"": {""fast_period"": 34, ""medium_period"": 60, ""slow_period"": 16, ""smooth"": 3}, ""c2"": {""atr_mult"": 3, ""atr_period"": 18}, ""exit_ind"": {""adx_smoothing"": 14, ""adx_threshold"": 25, ""di_length"": 14}, ""vol"": {""ci_threshold"": 61.8, ""length"": 3}}","{""atr_len"": 6, ""atr_mult"": 1.32, ""be_pct"": 0.05, ""tp_mult"": 2.7, ""trail_arm"": 1.0, ""trail_mult"": 1.15}"
B|trend|polychromatic_momentum_signals|lemantrend_signals|volatility_ratio_volume_signals|mcginley_dynamic_index,polychromatic_momentum_signals,lemantrend_signals,volatility_ratio_volume_signals,mcginley_dynamic_index,trend,B,"{""base"": {""mci_length"": 40}, ""c1"": {""len"": 14}, ""c2"": {""fast_period"": 18, ""medium_period"": 210, ""slow_period"": 16, ""smooth"": 4}, ""exit_ind"": {""adx_smoothing"": 14, ""adx_threshold"": 25, ""di_length"": 14}, ""vol"": {""length"": 140}}","{""atr_len"": 36, ""atr_mult"": 1.25, ""be_pct"": 0.01, ""tp_mult"": 2.3, ""trail_arm"": 1.0, ""trail_mult"": 0.65}"
B|trend|rex_oscillator_signals|ichimoku_signals|choppiness_index_volume_signals|mcginley_dynamic_index,rex_oscillator_signals,ichimoku_signals,choppiness_index_volume_signals,mcginley_dynamic_index,trend,B,"{""base"": {""mci_length"": 14}, ""c1"": {""almaOffset"": 0.85, ""almaSigma"": 6, ""framaFast"": 34, ""framaSlow"": 89, ""jurikPhase"": 1, ""jurikPower"": 1, ""lsOffset"": 0, ""modFBW"": 0.5, ""modFilter"": 0.8, ""sigAlmaOff"": 0.85, ""sigAlmaSig"": 6, ""sigFramaFast"": 34, ""sigFramaSlow"": 89, ""sigJurikPhase"": 1, ""sigJurikPower"": 1, ""sigLsOff"": 0, ""sigModFBW"": 0.5, ""sigModFilter"": 0.8, ""sigSmooth"": 41, ""sigVolAdj"": 10, ""smooth"": 14, ""volAdj"": 10}, ""c2"": {""base_len"": 26, ""conversion_len"": 11, ""displacement"": 32, ""span_b_len"": 520}, ""exit_ind"": {""adx_smoothing"": 14, ""adx_threshold"": 25, ""di_length"": 14}, ""vol"": {""ci_threshold"": 61.8, ""length"": 14}}","{""atr_len"": 7, ""atr_mult"": 1.44, ""be_pct"": 0.01, ""tp_mult"": 2.15, ""trail_arm"": 1.9, ""trail_mult"": 1.0}"
B|trend|ssl_channel_signals|hieken_ashi_smoothed_signals|variance_volume_signals|sma_baseline,ssl_channel_signals,hieken_ashi_smoothed_signals,variance_volume_signals,sma_baseline,trend,B,"{""base"": {""length"": 25}, ""c1"": {""len"": 12}, ""c2"": {""alma_offset1"": 0.85, ""alma_offset2"": 0.85, ""alma_sigma1"": 6, ""alma_sigma2"": 6, ""ama_smooth1"": 0.181, ""ama_smooth2"": 0.181, ""frama_t1_a"": 1, ""frama_t1_b"": 168, ""frama_t2_a"": 1, ""frama_t2_b"": 168, ""lsma_offset1"": 0, ""lsma_offset2"": 0, ""ma_len1"": 10, ""ma_len2"": 8, ""vol_factor1"": 0.82, ""vol_factor2"": 0.82}, ""exit_ind"": {""adx_smoothing"": 14, ""adx_threshold"": 25, ""di_length"": 14}, ""vol"": {""ema_len"": 10, ""filter_lookback"": 25, ""hline"": 0, ""lookback"": 200}}","{""atr_len"": 11, ""atr_mult"": 1.47, ""be_pct"": 0.01, ""tp_mult"": 2.4, ""trail_arm"": 1.8, ""trail_mult"": 1.5}"
B|trend|bears_bulls_impulse_signals|center_of_gravity_signals|williams_vix_fix_volume_signals|lsma_baseline,bears_bulls_impulse_signals,center_of_gravity_signals,williams_vix_fix_volume_signals,lsma_baseline,trend,B,"{""base"": {""length"": 25, ""lsma_offset"": 0}, ""c1"": {""length"": 16}, ""c2"": {""length"": 8, ""signal_length"": 3}, ""exit_ind"": {""adx_smoothing"": 14, ""adx_threshold"": 25, ""di_length"": 14}, ""vol"": {""bb_length"": 132, ""bb_mult"": 2, ""lookback"": 22}}","{""atr_len"": 50, ""atr_mult"": 1.39, ""be_pct"": 0.01, ""tp_mult"": 3.0, ""trail_arm"": 2.0, ""trail_mult"": 0.7}"
B|trend|coppock_curve_signals|supertrend_signals|efficiency_ratio_volume_signals|wma_baseline,coppock_curve_signals,supertrend_signals,efficiency_ratio_volume_signals,wma_baseline,trend,B,"{""base"": {""ma_length"": 16}, ""c1"": {""long_roc"": 92, ""short_roc"": 110, ""smooth_len"": 66}, ""c2"": {""atr_period"": 10, ""factor"": 30}, ""exit_ind"": {""adx_smoothing"": 14, ""adx_threshold"": 25, ""di_length"": 14}, ""vol"": {""er_threshold"": 0.3, ""length"": 43}}","{""atr_len"": 22, ""atr_mult"": 1.31, ""be_pct"": 0.05, ""tp_mult"": 2.95, ""trail_arm"": 1.55, ""trail_mult"": 1.35}"
B|trend|dspo_signals|bears_bulls_impulse_signals|waddah_attar_explosion_volume_signals|sma_baseline,dspo_signals,bears_bulls_impulse_signals,waddah_attar_explosion_volume_signals,sma_baseline,trend,B,"{""base"": {""length"": 16}, ""c1"": {""len"": 14}, ""c2"": {""length"": 11}, ""exit_ind"": {""adx_smoothing"": 14, ""adx_threshold"": 25, ""di_length"": 14}, ""vol"": {""bbLen"": 37, ""bbStd"": 2, ""fastEma"": 57, ""sensitivity"": 15, ""slowEma"": 4}}","{""atr_len"": 48, ""atr_mult"": 1.0, ""be_pct"": 0.05, ""tp_mult"": 2.8, ""trail_arm"": 2.0, ""trail_mult"": 1.15}"
B|trend|halftrend_signals|donchian_breakout_signals|variance_volume_signals|fantail_vma,halftrend_signals,donchian_breakout_signals,variance_volume_signals,fantail_vma,trend,B,"{""base"": {""fma_adx_length"": 20, ""fma_ma_length"": 7, ""fma_weighting"": 8}, ""c1"": {""amplitude"": 216}, ""c2"": {""length"": 37}, ""exit_ind"": {""adx_smoothing"": 14, ""adx_threshold"": 25, ""di_length"": 14}, ""vol"": {""ema_len"": 5, ""filter_lookback"": 132, ""hline"": 0, ""lookback"": 132}}","{""atr_len"": 19, ""atr_mult"": 1.05, ""be_pct"": 0.05, ""tp_mult"": 2.2, ""trail_arm"": 1.25, ""trail_mult"": 1.1}"
B|trend|laguerre_filter_signals|waddah_attar_explosion_signals|waddah_attar_explosion_volume_signals|sma_baseline,laguerre_filter_signals,waddah_attar_explosion_signals,waddah_attar_explosion_volume_signals,sma_baseline,trend,B,"{""base"": {""length"": 37}, ""c1"": {""alpha"": 0.2}, ""c2"": {""bbLen"": 87, ""bbStd"": 2, ""fastEma"": 20, ""sensitivity"": 150, ""slowEma"": 32}, ""exit_ind"": {""adx_smoothing"": 14, ""adx_threshold"": 25, ""di_length"": 14}, ""vol"": {""bbLen"": 20, ""bbStd"": 6, ""fastEma"": 3, ""sensitivity"": 53, ""slowEma"": 32}}","{""atr_len"": 9, ""atr_mult"": 1.36, ""be_pct"": 0.01, ""tp_mult"": 1.5, ""trail_arm"": 1.75, ""trail_mult"": 1.1}"
B|trend|qqe_mod_signals|didi_index_signals|variance_volume_signals|wma_baseline,qqe_mod_signals,didi_index_signals,variance_volume_signals,wma_baseline,trend,B,"{""base"": {""ma_length"": 20}, ""c1"": {""fast_factor"": 1.984883, ""rsi_len"": 2, ""rsi_period"": 5}, ""c2"": {""long_p"": 2, ""medium"": 8}, ""exit_ind"": {""adx_smoothing"": 14, ""adx_threshold"": 25, ""di_length"": 14}, ""vol"": {""ema_len"": 28, ""filter_lookback"": 57, ""hline"": 0, ""lookback"": 11}}","{""atr_len"": 48, ""atr_mult"": 1.5, ""be_pct"": 0.06, ""tp_mult"": 3.0, ""trail_arm"": 1.0, ""trail_mult"": 1.4}"
B|trend|supertrend_signals|coral_signals|variance_volume_signals|lsma_baseline,supertrend_signals,coral_signals,variance_volume_signals,lsma_baseline,trend,B,"{""base"": {""length"": 57, ""lsma_offset"": 0}, ""c1"": {""atr_period"": 43, ""factor"": 6}, ""c2"": {""const_d"": 3, ""smooth_period"": 43}, ""exit_ind"": {""adx_smoothing"": 14, ""adx_threshold"": 25, ""di_length"": 14}, ""vol"": {""ema_len"": 10, ""filter_lookback"": 7, ""hline"": 0, ""lookback"": 25}}","{""atr_len"": 50, ""atr_mult"": 1.0, ""be_pct"": 0.01, ""tp_mult"": 2.85, ""trail_arm"": 1.0, ""trail_mult"": 1.0}"
