c1,c2,vol,base,exit_ind,slice,mode,crosses_label,expectancy_R,total_R,profit_factor,win_rate,sharpe,sortino,max_dd_R,ulcer_R,calmar,n_blind,n_w2,n_w3,risk_atr_len,risk_atr_mult,risk_be_pct,risk_tp_mult,risk_trail_arm,risk_trail_mult,ip2,ip1,risk1,stage,stage_w1,cheap_gain_R,base_R_w1w2,final_R_w1w2,cheap_ip,cheap_risk,cheap_ip_w1,cheap_risk_w1,cheap_gain_R_w1,resumed
adx_dmi_signals,aroon_signals,variance_volume_signals,wma_baseline,j_tpo_exit,trend,C,True,0.1325395380278885,24.91743314924305,1.4985965897940348,0.3723404255319149,2.3801979890453895,16.160485018185927,11.633547583874655,4.036359937341933,2.1418602511052844,188,126,62,45,1.05,0.01,2.6,1.85,0.5,"{""base"": {""ma_length"": 200}, ""c1"": {""adx_smoothing"": 14, ""adx_threshold"": 25, ""di_length"": 14}, ""c2"": {""length"": 9}, ""exit_ind"": {""ema_len"": 200, ""len"": 4}, ""vol"": {""ema_len"": 5, ""filter_lookback"": 11, ""hline"": 0, ""lookback"": 87}}","{""base"": {""ma_length"": 5}, ""c1"": {""adx_smoothing"": 11, ""adx_threshold"": 25, ""di_length"": 61}, ""c2"": {""length"": 4}, ""exit_ind"": {""ema_len"": 200, ""len"": 14}, ""vol"": {""ema_len"": 19, ""filter_lookback"": 200, ""hline"": 0, ""lookback"": 200}}","{""atr_len"": 50, ""atr_mult"": 1.0, ""be_pct"": 0.01, ""tp_mult"": 2.4, ""trail_arm"": 1.2, ""trail_mult"": 1.25}",deep,deep,0.1533717413330447,0.0556502898748248,0.4071529433989148,"{""base"": {""ma_length"": 200}, ""c1"": {""adx_smoothing"": 14, ""adx_threshold"": 25, ""di_length"": 14}, ""c2"": {""length"": 9}, ""exit_ind"": {""ema_len"": 200, ""len"": 4}, ""vol"": {""ema_len"": 12, ""filter_lookback"": 20, ""hline"": 0, ""lookback"": 20}}","{""atr_len"": 11, ""atr_mult"": 1.0, ""be_pct"": 0.05, ""tp_mult"": 2.1, ""trail_arm"": 2.0, ""trail_mult"": 1.5}","{""base"": {""ma_length"": 25}, ""c1"": {""adx_smoothing"": 14, ""adx_threshold"": 25, ""di_length"": 40}, ""c2"": {""length"": 4}, ""exit_ind"": {""ema_len"": 200, ""len"": 21}, ""vol"": {""ema_len"": 10, ""filter_lookback"": 2, ""hline"": 0, ""lookback"": 200}}","{""atr_len"": 50, ""atr_mult"": 1.0, ""be_pct"": 0.05, ""tp_mult"": 2.4, ""trail_arm"": 2.0, ""trail_mult"": 1.5}",0.3485023606050301,False
adx_dmi_signals,aroon_signals,variance_volume_signals,wma_baseline,price_momentum_oscillator_exit,trend,C,True,0.1761754872864343,29.59748186412097,1.5330306518993655,0.3035714285714285,2.6093220584778085,48.11740322817081,12.908308019586569,4.967714298586934,2.2929017357821717,168,118,50,7,1.0,0.05,2.95,1.75,0.5,"{""base"": {""ma_length"": 200}, ""c1"": {""adx_smoothing"": 11, ""adx_threshold"": 25, ""di_length"": 14}, ""c2"": {""length"": 31}, ""exit_ind"": {""s1"": 66, ""s2"": 2, ""sig"": 10}, ""vol"": {""ema_len"": 19, ""filter_lookback"": 20, ""hline"": 0, ""lookback"": 20}}","{""base"": {""ma_length"": 5}, ""c1"": {""adx_smoothing"": 11, ""adx_threshold"": 25, ""di_length"": 61}, ""c2"": {""length"": 4}, ""exit_ind"": {""s1"": 4, ""s2"": 16, ""sig"": 10}, ""vol"": {""ema_len"": 19, ""filter_lookback"": 200, ""hline"": 0, ""lookback"": 200}}","{""atr_len"": 48, ""atr_mult"": 1.0, ""be_pct"": 0.12, ""tp_mult"": 3.0, ""trail_arm"": 1.0, ""trail_mult"": 1.2}",deep,deep,0.2200999323219466,0.0531680532694529,0.3604742025834457,"{""base"": {""ma_length"": 200}, ""c1"": {""adx_smoothing"": 14, ""adx_threshold"": 25, ""di_length"": 14}, ""c2"": {""length"": 9}, ""exit_ind"": {""s1"": 350, ""s2"": 20, ""sig"": 10}, ""vol"": {""ema_len"": 12, ""filter_lookback"": 20, ""hline"": 0, ""lookback"": 20}}","{""atr_len"": 7, ""atr_mult"": 1.0, ""be_pct"": 0.05, ""tp_mult"": 2.95, ""trail_arm"": 2.0, ""trail_mult"": 1.5}","{""base"": {""ma_length"": 25}, ""c1"": {""adx_smoothing"": 14, ""adx_threshold"": 25, ""di_length"": 40}, ""c2"": {""length"": 4}, ""exit_ind"": {""s1"": 4, ""s2"": 20, ""sig"": 10}, ""vol"": {""ema_len"": 10, ""filter_lookback"": 2, ""hline"": 0, ""lookback"": 200}}","{""atr_len"": 50, ""atr_mult"": 1.0, ""be_pct"": 0.05, ""tp_mult"": 2.4, ""trail_arm"": 2.0, ""trail_mult"": 1.5}",0.3344858609320648,False
adx_dmi_signals,aroon_signals,variance_volume_signals,wma_baseline,supertrend_exit,trend,C,True,0.1662748143003708,27.60161917386156,1.4891407695397476,0.2951807228915662,2.4432738077001632,70.08491430014674,13.000000000000025,4.900709892237886,2.1232014749124235,166,116,50,7,1.0,0.05,2.95,1.75,2.0,"{""base"": {""ma_length"": 200}, ""c1"": {""adx_smoothing"": 11, ""adx_threshold"": 25, ""di_length"": 14}, ""c2"": {""length"": 31}, ""exit_ind"": {""atr_period"": 66, ""factor"": 3}, ""vol"": {""ema_len"": 10, ""filter_lookback"": 25, ""hline"": 0, ""lookback"": 20}}","{""base"": {""ma_length"": 5}, ""c1"": {""adx_smoothing"": 11, ""adx_threshold"": 25, ""di_length"": 61}, ""c2"": {""length"": 4}, ""exit_ind"": {""atr_period"": 2, ""factor"": 3}, ""vol"": {""ema_len"": 19, ""filter_lookback"": 200, ""hline"": 0, ""lookback"": 200}}","{""atr_len"": 48, ""atr_mult"": 1.0, ""be_pct"": 0.12, ""tp_mult"": 3.0, ""trail_arm"": 1.0, ""trail_mult"": 1.2}",deep,deep,0.2216761259117579,0.0515918596796417,0.3546506685194818,"{""base"": {""ma_length"": 200}, ""c1"": {""adx_smoothing"": 14, ""adx_threshold"": 25, ""di_length"": 14}, ""c2"": {""length"": 9}, ""exit_ind"": {""atr_period"": 10, ""factor"": 6}, ""vol"": {""ema_len"": 12, ""filter_lookback"": 20, ""hline"": 0, ""lookback"": 20}}","{""atr_len"": 7, ""atr_mult"": 1.0, ""be_pct"": 0.05, ""tp_mult"": 2.95, ""trail_arm"": 2.0, ""trail_mult"": 1.5}","{""base"": {""ma_length"": 25}, ""c1"": {""adx_smoothing"": 14, ""adx_threshold"": 25, ""di_length"": 40}, ""c2"": {""length"": 4}, ""exit_ind"": {""atr_period"": 10, ""factor"": 2}, ""vol"": {""ema_len"": 10, ""filter_lookback"": 2, ""hline"": 0, ""lookback"": 200}}","{""atr_len"": 50, ""atr_mult"": 1.0, ""be_pct"": 0.05, ""tp_mult"": 2.4, ""trail_arm"": 2.0, ""trail_mult"": 1.5}",0.3346532113125542,False
adx_dmi_signals,aroon_signals,variance_volume_signals,wma_baseline,volatility_quality_exit,trend,C,True,0.0979536090713762,12.538061961136156,1.4163179452883352,0.34375,2.012532757073221,9.176603963920773,7.699263179238697,2.4297756524337046,1.628475565680808,128,66,62,50,1.0,0.05,2.65,2.0,0.6,"{""base"": {""ma_length"": 200}, ""c1"": {""adx_smoothing"": 11, ""adx_threshold"": 25, ""di_length"": 14}, ""c2"": {""length"": 9}, ""exit_ind"": {""atr_pct"": 0.075, ""smooth"": 4}, ""vol"": {""ema_len"": 5, ""filter_lookback"": 11, ""hline"": 0, ""lookback"": 87}}","{""base"": {""ma_length"": 20}, ""c1"": {""adx_smoothing"": 26, ""adx_threshold"": 25, ""di_length"": 40}, ""c2"": {""length"": 4}, ""exit_ind"": {""atr_pct"": 0.040025, ""smooth"": 5}, ""vol"": {""ema_len"": 10, ""filter_lookback"": 2, ""hline"": 0, ""lookback"": 87}}","{""atr_len"": 50, ""atr_mult"": 1.0, ""be_pct"": 0.05, ""tp_mult"": 2.9, ""trail_arm"": 2.0, ""trail_mult"": 1.2}",deep,deep,0.2298704167968494,0.0453065526150757,0.4521920605715042,"{""base"": {""ma_length"": 200}, ""c1"": {""adx_smoothing"": 14, ""adx_threshold"": 25, ""di_length"": 14}, ""c2"": {""length"": 9}, ""exit_ind"": {""atr_pct"": 0.075, ""smooth"": 4}, ""vol"": {""ema_len"": 12, ""filter_lookback"": 20, ""hline"": 0, ""lookback"": 20}}","{""atr_len"": 50, ""atr_mult"": 1.05, ""be_pct"": 0.05, ""tp_mult"": 2.65, ""trail_arm"": 2.0, ""trail_mult"": 1.5}","{""base"": {""ma_length"": 25}, ""c1"": {""adx_smoothing"": 14, ""adx_threshold"": 25, ""di_length"": 40}, ""c2"": {""length"": 4}, ""exit_ind"": {""atr_pct"": 0.075, ""smooth"": 5}, ""vol"": {""ema_len"": 10, ""filter_lookback"": 2, ""hline"": 0, ""lookback"": 200}}","{""atr_len"": 50, ""atr_mult"": 1.0, ""be_pct"": 0.05, ""tp_mult"": 3.0, ""trail_arm"": 2.0, ""trail_mult"": 1.5}",0.3848517622873292,False
adx_dmi_signals,bears_bulls_impulse_signals,variance_volume_signals,frama_baseline,j_tpo_exit,trend,C,True,0.1223299800748141,23.24269621421469,1.5675773133227495,0.3894736842105263,2.6806093181864226,10.97594655185599,6.335244470727453,2.3263135426973474,3.668792312847528,190,132,58,3,1.0,0.03,1.85,1.1,0.95,"{""base"": {""length"": 28}, ""c1"": {""adx_smoothing"": 11, ""adx_threshold"": 25, ""di_length"": 7}, ""c2"": {""length"": 7}, ""exit_ind"": {""ema_len"": 200, ""len"": 6}, ""vol"": {""ema_len"": 10, ""filter_lookback"": 16, ""hline"": 0, ""lookback"": 25}}","{""base"": {""length"": 43}, ""c1"": {""adx_smoothing"": 26, ""adx_threshold"": 25, ""di_length"": 14}, ""c2"": {""length"": 11}, ""exit_ind"": {""ema_len"": 200, ""len"": 6}, ""vol"": {""ema_len"": 10, ""filter_lookback"": 20, ""hline"": 0, ""lookback"": 132}}","{""atr_len"": 44, ""atr_mult"": 1.0, ""be_pct"": 0.05, ""tp_mult"": 2.0, ""trail_arm"": 1.0, ""trail_mult"": 0.65}",deep,deep,0.2099621385846977,0.0037115237275682,0.9778696115531778,"{""base"": {""length"": 28}, ""c1"": {""adx_smoothing"": 14, ""adx_threshold"": 25, ""di_length"": 26}, ""c2"": {""length"": 11}, ""exit_ind"": {""ema_len"": 200, ""len"": 9}, ""vol"": {""ema_len"": 10, ""filter_lookback"": 20, ""hline"": 0, ""lookback"": 200}}","{""atr_len"": 50, ""atr_mult"": 1.0, ""be_pct"": 0.05, ""tp_mult"": 2.35, ""trail_arm"": 2.0, ""trail_mult"": 1.5}","{""base"": {""length"": 43}, ""c1"": {""adx_smoothing"": 14, ""adx_threshold"": 25, ""di_length"": 14}, ""c2"": {""length"": 11}, ""exit_ind"": {""ema_len"": 200, ""len"": 4}, ""vol"": {""ema_len"": 10, ""filter_lookback"": 20, ""hline"": 0, ""lookback"": 132}}","{""atr_len"": 4, ""atr_mult"": 1.0, ""be_pct"": 0.05, ""tp_mult"": 1.8, ""trail_arm"": 2.0, ""trail_mult"": 1.5}",0.3152325132304032,False
adx_dmi_signals,center_of_gravity_signals,efficiency_ratio_volume_signals,frama_baseline,ichimoku_exit,trend,C,True,0.1094956192769728,13.358465551790683,1.4413164953414748,0.4344262295081967,2.304882534599188,16.967561684786176,6.497194746852135,2.2839615347482343,2.0560358850660596,122,72,50,2,1.0,0.05,2.5,1.7,1.95,"{""base"": {""length"": 5}, ""c1"": {""adx_smoothing"": 140, ""adx_threshold"": 31, ""di_length"": 7}, ""c2"": {""length"": 43, ""signal_length"": 3}, ""exit_ind"": {""base_len"": 4, ""conversion_len"": 26, ""displacement"": 26, ""span_b_len"": 52}, ""vol"": {""er_threshold"": 0.3, ""length"": 66}}","{""base"": {""length"": 19}, ""c1"": {""adx_smoothing"": 14, ""adx_threshold"": 25, ""di_length"": 61}, ""c2"": {""length"": 10, ""signal_length"": 3}, ""exit_ind"": {""base_len"": 49, ""conversion_len"": 17, ""displacement"": 26, ""span_b_len"": 52}, ""vol"": {""er_threshold"": 0.369854, ""length"": 2}}","{""atr_len"": 50, ""atr_mult"": 1.0, ""be_pct"": 0.01, ""tp_mult"": 1.7, ""trail_arm"": 1.0, ""trail_mult"": 1.4}",deep,deep,0.4078283763739244,0.0450947130842675,2.1915294235318457,"{""base"": {""length"": 10}, ""c1"": {""adx_smoothing"": 14, ""adx_threshold"": 25, ""di_length"": 7}, ""c2"": {""length"": 8, ""signal_length"": 3}, ""exit_ind"": {""base_len"": 26, ""conversion_len"": 9, ""displacement"": 26, ""span_b_len"": 52}, ""vol"": {""er_threshold"": 0.3, ""length"": 12}}","{""atr_len"": 3, ""atr_mult"": 1.0, ""be_pct"": 0.05, ""tp_mult"": 1.2, ""trail_arm"": 2.0, ""trail_mult"": 1.5}","{""base"": {""length"": 19}, ""c1"": {""adx_smoothing"": 14, ""adx_threshold"": 25, ""di_length"": 61}, ""c2"": {""length"": 10, ""signal_length"": 3}, ""exit_ind"": {""base_len"": 14, ""conversion_len"": 9, ""displacement"": 26, ""span_b_len"": 52}, ""vol"": {""er_threshold"": 0.3, ""length"": 2}}","{""atr_len"": 49, ""atr_mult"": 1.0, ""be_pct"": 0.05, ""tp_mult"": 2.1, ""trail_arm"": 2.0, ""trail_mult"": 1.5}",0.3515659829588798,False
adx_dmi_signals,center_of_gravity_signals,efficiency_ratio_volume_signals,frama_baseline,qqe_mod_exit,trend,C,True,0.0976552599124693,11.91394170932126,1.3662181571509917,0.4180327868852459,1.926493035697855,17.8152481912456,8.782466183295416,3.670457214820216,1.3565599298272313,122,72,50,2,1.0,0.01,2.5,1.7,1.95,"{""base"": {""length"": 5}, ""c1"": {""adx_smoothing"": 140, ""adx_threshold"": 31, ""di_length"": 7}, ""c2"": {""length"": 43, ""signal_length"": 3}, ""exit_ind"": {""fast_factor"": 16.1, ""rsi_len"": 3, ""rsi_period"": 7}, ""vol"": {""er_threshold"": 0.3, ""length"": 66}}","{""base"": {""length"": 19}, ""c1"": {""adx_smoothing"": 14, ""adx_threshold"": 25, ""di_length"": 61}, ""c2"": {""length"": 10, ""signal_length"": 3}, ""exit_ind"": {""fast_factor"": 1.984883, ""rsi_len"": 6, ""rsi_period"": 6}, ""vol"": {""er_threshold"": 0.369854, ""length"": 2}}","{""atr_len"": 50, ""atr_mult"": 1.0, ""be_pct"": 0.05, ""tp_mult"": 2.1, ""trail_arm"": 1.0, ""trail_mult"": 1.4}",deep,deep,0.3967539998880862,0.0515836412544661,2.1229459014070424,"{""base"": {""length"": 10}, ""c1"": {""adx_smoothing"": 14, ""adx_threshold"": 25, ""di_length"": 7}, ""c2"": {""length"": 8, ""signal_length"": 3}, ""exit_ind"": {""fast_factor"": 6.969306, ""rsi_len"": 5, ""rsi_period"": 6}, ""vol"": {""er_threshold"": 0.3, ""length"": 12}}","{""atr_len"": 3, ""atr_mult"": 1.0, ""be_pct"": 0.05, ""tp_mult"": 1.3, ""trail_arm"": 2.0, ""trail_mult"": 1.5}","{""base"": {""length"": 19}, ""c1"": {""adx_smoothing"": 14, ""adx_threshold"": 25, ""di_length"": 61}, ""c2"": {""length"": 10, ""signal_length"": 3}, ""exit_ind"": {""fast_factor"": 1.984883, ""rsi_len"": 5, ""rsi_period"": 6}, ""vol"": {""er_threshold"": 0.3, ""length"": 2}}","{""atr_len"": 49, ""atr_mult"": 1.0, ""be_pct"": 0.05, ""tp_mult"": 2.1, ""trail_arm"": 2.0, ""trail_mult"": 1.5}",0.4094145343206419,False
adx_dmi_signals,donchian_breakout_signals,variance_volume_signals,wma_baseline,parabolic_sar_exit,trend,C,True,0.1787588955340175,23.238656419422274,1.747639390330428,0.4461538461538462,3.32610531141693,18.170209383724774,4.732214542069144,1.903762722172326,4.910736022813803,130,76,54,11,1.0,0.06,3.0,2.0,0.5,"{""base"": {""ma_length"": 200}, ""c1"": {""adx_smoothing"": 11, ""adx_threshold"": 25, ""di_length"": 14}, ""c2"": {""length"": 5}, ""exit_ind"": {""sar_increment"": 0.02, ""sar_maximum"": 0.162226, ""sar_start"": 0.010673}, ""vol"": {""ema_len"": 12, ""filter_lookback"": 20, ""hline"": 0, ""lookback"": 20}}","{""base"": {""ma_length"": 200}, ""c1"": {""adx_smoothing"": 11, ""adx_threshold"": 25, ""di_length"": 14}, ""c2"": {""length"": 20}, ""exit_ind"": {""sar_increment"": 0.02, ""sar_maximum"": 0.2, ""sar_start"": 0.007022}, ""vol"": {""ema_len"": 8, ""filter_lookback"": 7, ""hline"": 0, ""lookback"": 25}}","{""atr_len"": 50, ""atr_mult"": 1.0, ""be_pct"": 0.05, ""tp_mult"": 2.95, ""trail_arm"": 1.85, ""trail_mult"": 0.5}",deep,deep,0.1883473674262112,0.0915606801946028,0.3491765109964868,"{""base"": {""ma_length"": 200}, ""c1"": {""adx_smoothing"": 11, ""adx_threshold"": 25, ""di_length"": 14}, ""c2"": {""length"": 2}, ""exit_ind"": {""sar_increment"": 0.02, ""sar_maximum"": 0.2, ""sar_start"": 0.02}, ""vol"": {""ema_len"": 12, ""filter_lookback"": 20, ""hline"": 0, ""lookback"": 20}}","{""atr_len"": 9, ""atr_mult"": 1.0, ""be_pct"": 0.05, ""tp_mult"": 3.0, ""trail_arm"": 2.0, ""trail_mult"": 1.5}","{""base"": {""ma_length"": 200}, ""c1"": {""adx_smoothing"": 11, ""adx_threshold"": 25, ""di_length"": 14}, ""c2"": {""length"": 3}, ""exit_ind"": {""sar_increment"": 0.016223, ""sar_maximum"": 0.2, ""sar_start"": 0.02}, ""vol"": {""ema_len"": 12, ""filter_lookback"": 2, ""hline"": 0, ""lookback"": 20}}","{""atr_len"": 41, ""atr_mult"": 1.0, ""be_pct"": 0.05, ""tp_mult"": 2.55, ""trail_arm"": 2.0, ""trail_mult"": 1.5}",0.2732054505362677,False
adx_dmi_signals,dspo_signals,variance_volume_signals,wma_baseline,coral_exit,trend,C,True,0.0978644259808284,16.441223564779172,1.3586888361080351,0.3630952380952381,1.9508021948975256,11.662430134679305,6.4374512445501,2.5977896776541187,2.5539958191835925,168,74,94,3,1.0,0.17,2.85,1.55,0.5,"{""base"": {""ma_length"": 37}, ""c1"": {""adx_smoothing"": 11, ""adx_threshold"": 25, ""di_length"": 7}, ""c2"": {""len"": 11}, ""exit_ind"": {""const_d"": 92, ""smooth_period"": 66}, ""vol"": {""ema_len"": 12, ""filter_lookback"": 25, ""hline"": 0, ""lookback"": 132}}","{""base"": {""ma_length"": 200}, ""c1"": {""adx_smoothing"": 11, ""adx_threshold"": 25, ""di_length"": 14}, ""c2"": {""len"": 3}, ""exit_ind"": {""const_d"": 11, ""smooth_period"": 10}, ""vol"": {""ema_len"": 19, ""filter_lookback"": 20, ""hline"": 0, ""lookback"": 25}}","{""atr_len"": 26, ""atr_mult"": 1.0, ""be_pct"": 0.05, ""tp_mult"": 3.0, ""trail_arm"": 1.0, ""trail_mult"": 0.5}",deep,deep,0.3250679271918946,0.0333550828222702,0.9554698685489844,"{""base"": {""ma_length"": 20}, ""c1"": {""adx_smoothing"": 14, ""adx_threshold"": 25, ""di_length"": 7}, ""c2"": {""len"": 5}, ""exit_ind"": {""const_d"": 14, ""smooth_period"": 10}, ""vol"": {""ema_len"": 12, ""filter_lookback"": 20, ""hline"": 0, ""lookback"": 132}}","{""atr_len"": 3, ""atr_mult"": 1.0, ""be_pct"": 0.05, ""tp_mult"": 2.75, ""trail_arm"": 2.0, ""trail_mult"": 1.5}","{""base"": {""ma_length"": 200}, ""c1"": {""adx_smoothing"": 11, ""adx_threshold"": 25, ""di_length"": 14}, ""c2"": {""len"": 11}, ""exit_ind"": {""const_d"": 14, ""smooth_period"": 8}, ""vol"": {""ema_len"": 10, ""filter_lookback"": 20, ""hline"": 0, ""lookback"": 25}}","{""atr_len"": 42, ""atr_mult"": 1.0, ""be_pct"": 0.05, ""tp_mult"": 3.0, ""trail_arm"": 2.0, ""trail_mult"": 1.5}",0.4468474486563034,False
adx_dmi_signals,dspo_signals,variance_volume_signals,wma_baseline,donchian_breakout_exit,trend,C,True,0.1380945500576166,18.50466970772063,1.632774675031339,0.4776119402985074,2.985278327492935,16.536243031537378,4.5891275496694774,1.758886492643829,4.032284896734542,134,76,58,50,1.05,0.05,2.55,1.9,0.5,"{""base"": {""ma_length"": 200}, ""c1"": {""adx_smoothing"": 11, ""adx_threshold"": 25, ""di_length"": 14}, ""c2"": {""len"": 2}, ""exit_ind"": {""length"": 7}, ""vol"": {""ema_len"": 12, ""filter_lookback"": 16, ""hline"": 0, ""lookback"": 25}}","{""base"": {""ma_length"": 16}, ""c1"": {""adx_smoothing"": 17, ""adx_threshold"": 25, ""di_length"": 61}, ""c2"": {""len"": 92}, ""exit_ind"": {""length"": 37}, ""vol"": {""ema_len"": 10, ""filter_lookback"": 20, ""hline"": 0, ""lookback"": 25}}","{""atr_len"": 50, ""atr_mult"": 1.05, ""be_pct"": 0.01, ""tp_mult"": 1.6, ""trail_arm"": 1.0, ""trail_mult"": 1.5}",deep,deep,0.2820110010697079,0.0383470708230576,0.4041402951320882,"{""base"": {""ma_length"": 200}, ""c1"": {""adx_smoothing"": 11, ""adx_threshold"": 25, ""di_length"": 14}, ""c2"": {""len"": 2}, ""exit_ind"": {""length"": 11}, ""vol"": {""ema_len"": 12, ""filter_lookback"": 20, ""hline"": 0, ""lookback"": 20}}","{""atr_len"": 50, ""atr_mult"": 1.05, ""be_pct"": 0.05, ""tp_mult"": 2.65, ""trail_arm"": 2.0, ""trail_mult"": 1.5}","{""base"": {""ma_length"": 11}, ""c1"": {""adx_smoothing"": 11, ""adx_threshold"": 25, ""di_length"": 61}, ""c2"": {""len"": 92}, ""exit_ind"": {""length"": 11}, ""vol"": {""ema_len"": 10, ""filter_lookback"": 20, ""hline"": 0, ""lookback"": 25}}","{""atr_len"": 50, ""atr_mult"": 1.0, ""be_pct"": 0.05, ""tp_mult"": 1.65, ""trail_arm"": 2.0, ""trail_mult"": 1.5}",0.4067326332803548,False
adx_dmi_signals,dspo_signals,variance_volume_signals,wma_baseline,glitch_index_exit,trend,C,True,0.1982935668404256,24.191815154531927,1.6904771317841796,0.4016393442622951,3.5112702428062423,56.63137822395126,6.7103776242395945,2.3579115375538287,3.605134689759474,122,66,56,50,1.05,0.01,2.6,1.95,0.5,"{""base"": {""ma_length"": 200}, ""c1"": {""adx_smoothing"": 11, ""adx_threshold"": 25, ""di_length"": 14}, ""c2"": {""len"": 2}, ""exit_ind"": {""length"": 130, ""multiplier"": 1, ""smooth"": 2}, ""vol"": {""ema_len"": 12, ""filter_lookback"": 16, ""hline"": 0, ""lookback"": 25}}","{""base"": {""ma_length"": 37}, ""c1"": {""adx_smoothing"": 14, ""adx_threshold"": 25, ""di_length"": 40}, ""c2"": {""len"": 92}, ""exit_ind"": {""length"": 11, ""multiplier"": 1, ""smooth"": 6}, ""vol"": {""ema_len"": 10, ""filter_lookback"": 20, ""hline"": 0, ""lookback"": 11}}","{""atr_len"": 16, ""atr_mult"": 1.05, ""be_pct"": 0.05, ""tp_mult"": 2.95, ""trail_arm"": 1.25, ""trail_mult"": 0.8}",deep,deep,0.2724480639351627,0.0561439409873424,0.4216698473097858,"{""base"": {""ma_length"": 200}, ""c1"": {""adx_smoothing"": 11, ""adx_threshold"": 25, ""di_length"": 14}, ""c2"": {""len"": 2}, ""exit_ind"": {""length"": 16, ""multiplier"": 1, ""smooth"": 3}, ""vol"": {""ema_len"": 12, ""filter_lookback"": 20, ""hline"": 0, ""lookback"": 20}}","{""atr_len"": 50, ""atr_mult"": 1.05, ""be_pct"": 0.05, ""tp_mult"": 2.65, ""trail_arm"": 2.0, ""trail_mult"": 1.5}","{""base"": {""ma_length"": 20}, ""c1"": {""adx_smoothing"": 11, ""adx_threshold"": 25, ""di_length"": 40}, ""c2"": {""len"": 92}, ""exit_ind"": {""length"": 30, ""multiplier"": 1, ""smooth"": 3}, ""vol"": {""ema_len"": 10, ""filter_lookback"": 20, ""hline"": 0, ""lookback"": 11}}","{""atr_len"": 32, ""atr_mult"": 1.05, ""be_pct"": 0.05, ""tp_mult"": 2.8, ""trail_arm"": 2.0, ""trail_mult"": 1.5}",0.2638027359842099,False
adx_dmi_signals,dspo_signals,variance_volume_signals,wma_baseline,vortex_exit,trend,C,True,0.0805885432241587,10.798864792037277,1.264256516237097,0.3358208955223881,1.5353812582521935,13.847571025709204,10.148562273919856,4.929992562876153,1.0640782901622026,134,80,54,36,1.0,0.08,3.0,1.0,0.65,"{""base"": {""ma_length"": 200}, ""c1"": {""adx_smoothing"": 11, ""adx_threshold"": 25, ""di_length"": 14}, ""c2"": {""len"": 2}, ""exit_ind"": {""period"": 26}, ""vol"": {""ema_len"": 19, ""filter_lookback"": 20, ""hline"": 0, ""lookback"": 20}}","{""base"": {""ma_length"": 11}, ""c1"": {""adx_smoothing"": 2, ""adx_threshold"": 25, ""di_length"": 61}, ""c2"": {""len"": 61}, ""exit_ind"": {""period"": 14}, ""vol"": {""ema_len"": 12, ""filter_lookback"": 20, ""hline"": 0, ""lookback"": 25}}","{""atr_len"": 40, ""atr_mult"": 1.0, ""be_pct"": 0.05, ""tp_mult"": 2.65, ""trail_arm"": 2.0, ""trail_mult"": 1.1}",deep,deep,0.188513428670961,0.0523275663895308,0.3866297404411379,"{""base"": {""ma_length"": 200}, ""c1"": {""adx_smoothing"": 11, ""adx_threshold"": 25, ""di_length"": 14}, ""c2"": {""len"": 2}, ""exit_ind"": {""period"": 7}, ""vol"": {""ema_len"": 12, ""filter_lookback"": 20, ""hline"": 0, ""lookback"": 20}}","{""atr_len"": 4, ""atr_mult"": 1.0, ""be_pct"": 0.05, ""tp_mult"": 3.0, ""trail_arm"": 2.0, ""trail_mult"": 1.5}","{""base"": {""ma_length"": 11}, ""c1"": {""adx_smoothing"": 11, ""adx_threshold"": 25, ""di_length"": 61}, ""c2"": {""len"": 92}, ""exit_ind"": {""period"": 14}, ""vol"": {""ema_len"": 10, ""filter_lookback"": 20, ""hline"": 0, ""lookback"": 25}}","{""atr_len"": 50, ""atr_mult"": 1.0, ""be_pct"": 0.05, ""tp_mult"": 2.45, ""trail_arm"": 2.0, ""trail_mult"": 1.5}",0.3413209898815276,False
adx_dmi_signals,ehlers_reverse_ema_signals,variance_volume_signals,wma_baseline,coral_exit,trend,C,True,0.0844143638498561,10.805038572781584,1.3232845730465492,0.359375,1.7511622030463865,9.157869474402458,6.415073451524851,2.5831600717917884,1.6843203206368975,128,78,50,7,1.0,0.05,2.95,2.0,0.5,"{""base"": {""ma_length"": 200}, ""c1"": {""adx_smoothing"": 11, ""adx_threshold"": 25, ""di_length"": 14}, ""c2"": {""alpha"": 0.284804}, ""exit_ind"": {""const_d"": 7, ""smooth_period"": 100}, ""vol"": {""ema_len"": 12, ""filter_lookback"": 20, ""hline"": 0, ""lookback"": 20}}","{""base"": {""ma_length"": 200}, ""c1"": {""adx_smoothing"": 11, ""adx_threshold"": 25, ""di_length"": 14}, ""c2"": {""alpha"": 0.657933}, ""exit_ind"": {""const_d"": 11, ""smooth_period"": 10}, ""vol"": {""ema_len"": 8, ""filter_lookback"": 25, ""hline"": 0, ""lookback"": 25}}","{""atr_len"": 26, ""atr_mult"": 1.0, ""be_pct"": 0.05, ""tp_mult"": 3.0, ""trail_arm"": 1.0, ""trail_mult"": 0.5}",deep,deep,0.2269502492699226,0.0517175311908224,0.361911700553843,"{""base"": {""ma_length"": 200}, ""c1"": {""adx_smoothing"": 14, ""adx_threshold"": 25, ""di_length"": 14}, ""c2"": {""alpha"": 0.284804}, ""exit_ind"": {""const_d"": 14, ""smooth_period"": 100}, ""vol"": {""ema_len"": 12, ""filter_lookback"": 20, ""hline"": 0, ""lookback"": 20}}","{""atr_len"": 7, ""atr_mult"": 1.0, ""be_pct"": 0.05, ""tp_mult"": 2.95, ""trail_arm"": 2.0, ""trail_mult"": 1.5}","{""base"": {""ma_length"": 200}, ""c1"": {""adx_smoothing"": 14, ""adx_threshold"": 25, ""di_length"": 14}, ""c2"": {""alpha"": 0.657933}, ""exit_ind"": {""const_d"": 14, ""smooth_period"": 8}, ""vol"": {""ema_len"": 12, ""filter_lookback"": 20, ""hline"": 0, ""lookback"": 25}}","{""atr_len"": 42, ""atr_mult"": 1.0, ""be_pct"": 0.05, ""tp_mult"": 3.0, ""trail_arm"": 2.0, ""trail_mult"": 1.5}",0.3404052899577586,False
adx_dmi_signals,ehlers_reverse_ema_signals,variance_volume_signals,wma_baseline,glitch_index_exit,trend,C,True,0.1061758502104879,14.65226732904734,1.4155580299885555,0.3768115942028985,2.1589427927721987,11.207977514628933,3.999999999999993,1.7964160594612528,3.663066832261842,138,80,58,39,1.0,0.01,2.55,1.95,0.6,"{""base"": {""ma_length"": 200}, ""c1"": {""adx_smoothing"": 14, ""adx_threshold"": 25, ""di_length"": 14}, ""c2"": {""alpha"": 1.0}, ""exit_ind"": {""length"": 16, ""multiplier"": 1, ""smooth"": 3}, ""vol"": {""ema_len"": 4, ""filter_lookback"": 20, ""hline"": 0, ""lookback"": 20}}","{""base"": {""ma_length"": 200}, ""c1"": {""adx_smoothing"": 26, ""adx_threshold"": 25, ""di_length"": 14}, ""c2"": {""alpha"": 0.1}, ""exit_ind"": {""length"": 16, ""multiplier"": 1, ""smooth"": 6}, ""vol"": {""ema_len"": 10, ""filter_lookback"": 3, ""hline"": 0, ""lookback"": 5}}","{""atr_len"": 39, ""atr_mult"": 1.0, ""be_pct"": 0.01, ""tp_mult"": 2.55, ""trail_arm"": 1.95, ""trail_mult"": 0.55}",deep,deep,0.1749641794567789,0.0873425347079054,0.3676471986594557,"{""base"": {""ma_length"": 200}, ""c1"": {""adx_smoothing"": 14, ""adx_threshold"": 25, ""di_length"": 14}, ""c2"": {""alpha"": 0.284804}, ""exit_ind"": {""length"": 16, ""multiplier"": 1, ""smooth"": 3}, ""vol"": {""ema_len"": 12, ""filter_lookback"": 20, ""hline"": 0, ""lookback"": 20}}","{""atr_len"": 9, ""atr_mult"": 1.0, ""be_pct"": 0.05, ""tp_mult"": 3.0, ""trail_arm"": 2.0, ""trail_mult"": 1.5}","{""base"": {""ma_length"": 200}, ""c1"": {""adx_smoothing"": 14, ""adx_threshold"": 25, ""di_length"": 14}, ""c2"": {""alpha"": 0.432876}, ""exit_ind"": {""length"": 16, ""multiplier"": 1, ""smooth"": 3}, ""vol"": {""ema_len"": 10, ""filter_lookback"": 2, ""hline"": 0, ""lookback"": 20}}","{""atr_len"": 25, ""atr_mult"": 1.0, ""be_pct"": 0.05, ""tp_mult"": 2.9, ""trail_arm"": 2.0, ""trail_mult"": 1.5}",0.2548216601359791,False
adx_dmi_signals,fx_sniper_ergodic_cci_signals,efficiency_ratio_volume_signals,frama_baseline,bears_bulls_impulse_exit,trend,C,True,0.0901343945906727,11.537202507606114,1.3461114181614504,0.40625,1.7050907914593822,11.368956525201083,9.361389187853334,3.950221665272948,1.2324241921889072,128,78,50,2,1.0,0.2,2.05,1.0,0.5,"{""base"": {""length"": 5}, ""c1"": {""adx_smoothing"": 140, ""adx_threshold"": 31, ""di_length"": 7}, ""c2"": {""cci_length"": 11, ""ema1_length"": 5, ""ema2_length"": 3, ""trigger_length"": 14}, ""exit_ind"": {""length"": 24}, ""vol"": {""er_threshold"": 0.3, ""length"": 66}}","{""base"": {""length"": 28}, ""c1"": {""adx_smoothing"": 5, ""adx_threshold"": 25, ""di_length"": 17}, ""c2"": {""cci_length"": 5, ""ema1_length"": 6, ""ema2_length"": 3, ""trigger_length"": 5}, ""exit_ind"": {""length"": 56}, ""vol"": {""er_threshold"": 0.369854, ""length"": 5}}","{""atr_len"": 50, ""atr_mult"": 1.0, ""be_pct"": 0.01, ""tp_mult"": 1.55, ""trail_arm"": 1.0, ""trail_mult"": 1.5}",deep,deep,0.4111757297691129,0.0306049198531263,2.2947409243075065,"{""base"": {""length"": 10}, ""c1"": {""adx_smoothing"": 14, ""adx_threshold"": 25, ""di_length"": 7}, ""c2"": {""cci_length"": 14, ""ema1_length"": 5, ""ema2_length"": 3, ""trigger_length"": 5}, ""exit_ind"": {""length"": 13}, ""vol"": {""er_threshold"": 0.3, ""length"": 12}}","{""atr_len"": 3, ""atr_mult"": 1.0, ""be_pct"": 0.05, ""tp_mult"": 1.25, ""trail_arm"": 2.0, ""trail_mult"": 1.5}","{""base"": {""length"": 28}, ""c1"": {""adx_smoothing"": 14, ""adx_threshold"": 25, ""di_length"": 17}, ""c2"": {""cci_length"": 14, ""ema1_length"": 5, ""ema2_length"": 3, ""trigger_length"": 5}, ""exit_ind"": {""length"": 37}, ""vol"": {""er_threshold"": 0.3, ""length"": 5}}","{""atr_len"": 48, ""atr_mult"": 1.05, ""be_pct"": 0.05, ""tp_mult"": 1.55, ""trail_arm"": 2.0, ""trail_mult"": 1.5}",0.1926781114583797,False
adx_dmi_signals,fx_sniper_ergodic_cci_signals,efficiency_ratio_volume_signals,frama_baseline,chandelier_exit_exit,trend,C,True,0.123055830007759,16.735592881055226,1.4411283041732956,0.3970588235294117,2.2631371075903735,20.96820504164663,7.043122231404958,3.0780940593259345,2.3761610733421588,136,84,52,2,1.0,0.05,2.5,1.7,0.65,"{""base"": {""length"": 5}, ""c1"": {""adx_smoothing"": 140, ""adx_threshold"": 31, ""di_length"": 7}, ""c2"": {""cci_length"": 11, ""ema1_length"": 5, ""ema2_length"": 3, ""trigger_length"": 14}, ""exit_ind"": {""atr_mult"": 3, ""atr_period"": 63}, ""vol"": {""er_threshold"": 0.3, ""length"": 66}}","{""base"": {""length"": 28}, ""c1"": {""adx_smoothing"": 17, ""adx_threshold"": 25, ""di_length"": 40}, ""c2"": {""cci_length"": 5, ""ema1_length"": 5, ""ema2_length"": 3, ""trigger_length"": 6}, ""exit_ind"": {""atr_mult"": 2, ""atr_period"": 145}, ""vol"": {""er_threshold"": 0.243339, ""length"": 43}}","{""atr_len"": 50, ""atr_mult"": 1.0, ""be_pct"": 0.01, ""tp_mult"": 1.95, ""trail_arm"": 1.0, ""trail_mult"": 1.6}",deep,deep,0.4238128585528001,0.030466204128383,2.2947777004880843,"{""base"": {""length"": 10}, ""c1"": {""adx_smoothing"": 14, ""adx_threshold"": 25, ""di_length"": 7}, ""c2"": {""cci_length"": 14, ""ema1_length"": 5, ""ema2_length"": 3, ""trigger_length"": 5}, ""exit_ind"": {""atr_mult"": 3, ""atr_period"": 41}, ""vol"": {""er_threshold"": 0.3, ""length"": 12}}","{""atr_len"": 3, ""atr_mult"": 1.0, ""be_pct"": 0.05, ""tp_mult"": 1.2, ""trail_arm"": 2.0, ""trail_mult"": 1.5}","{""base"": {""length"": 28}, ""c1"": {""adx_smoothing"": 14, ""adx_threshold"": 25, ""di_length"": 17}, ""c2"": {""cci_length"": 14, ""ema1_length"": 5, ""ema2_length"": 3, ""trigger_length"": 5}, ""exit_ind"": {""atr_mult"": 3, ""atr_period"": 27}, ""vol"": {""er_threshold"": 0.3, ""length"": 5}}","{""atr_len"": 48, ""atr_mult"": 1.0, ""be_pct"": 0.05, ""tp_mult"": 1.55, ""trail_arm"": 2.0, ""trail_mult"": 1.5}",0.1609341081268727,False
adx_dmi_signals,fx_sniper_ergodic_cci_signals,efficiency_ratio_volume_signals,frama_baseline,dpo_exit,trend,C,True,0.09681333434481,10.843093446618724,1.368049440816807,0.375,1.9462194677109603,11.425254213210144,9.090850976765411,3.428621946405037,1.192747903835596,112,62,50,2,1.0,0.05,2.5,1.7,0.65,"{""base"": {""length"": 5}, ""c1"": {""adx_smoothing"": 140, ""adx_threshold"": 31, ""di_length"": 7}, ""c2"": {""cci_length"": 11, ""ema1_length"": 5, ""ema2_length"": 3, ""trigger_length"": 14}, ""exit_ind"": {""len"": 27}, ""vol"": {""er_threshold"": 0.3, ""length"": 66}}","{""base"": {""length"": 28}, ""c1"": {""adx_smoothing"": 2, ""adx_threshold"": 25, ""di_length"": 61}, ""c2"": {""cci_length"": 5, ""ema1_length"": 5, ""ema2_length"": 3, ""trigger_length"": 3}, ""exit_ind"": {""len"": 8}, ""vol"": {""er_threshold"": 0.369854, ""length"": 4}}","{""atr_len"": 29, ""atr_mult"": 1.0, ""be_pct"": 0.05, ""tp_mult"": 2.95, ""trail_arm"": 1.2, ""trail_mult"": 1.0}",deep,deep,0.3902458375711194,0.0401808823011451,2.265762877253874,"{""base"": {""length"": 10}, ""c1"": {""adx_smoothing"": 14, ""adx_threshold"": 25, ""di_length"": 7}, ""c2"": {""cci_length"": 14, ""ema1_length"": 5, ""ema2_length"": 3, ""trigger_length"": 5}, ""exit_ind"": {""len"": 27}, ""vol"": {""er_threshold"": 0.3, ""length"": 12}}","{""atr_len"": 3, ""atr_mult"": 1.0, ""be_pct"": 0.05, ""tp_mult"": 1.2, ""trail_arm"": 2.0, ""trail_mult"": 1.5}","{""base"": {""length"": 28}, ""c1"": {""adx_smoothing"": 14, ""adx_threshold"": 25, ""di_length"": 17}, ""c2"": {""cci_length"": 14, ""ema1_length"": 5, ""ema2_length"": 3, ""trigger_length"": 5}, ""exit_ind"": {""len"": 8}, ""vol"": {""er_threshold"": 0.3, ""length"": 5}}","{""atr_len"": 48, ""atr_mult"": 1.0, ""be_pct"": 0.05, ""tp_mult"": 2.9, ""trail_arm"": 2.0, ""trail_mult"": 1.5}",0.1620537035128256,False
adx_dmi_signals,fx_sniper_ergodic_cci_signals,efficiency_ratio_volume_signals,frama_baseline,j_tpo_exit,trend,C,True,0.1097595920379578,16.024900437541845,1.5236637695664266,0.4520547945205479,2.6127397981643976,10.520865799319058,6.690444619694557,2.479258623546769,2.395192150663589,146,96,50,2,1.0,0.05,1.05,1.0,0.5,"{""base"": {""length"": 5}, ""c1"": {""adx_smoothing"": 140, ""adx_threshold"": 31, ""di_length"": 7}, ""c2"": {""cci_length"": 11, ""ema1_length"": 5, ""ema2_length"": 3, ""trigger_length"": 14}, ""exit_ind"": {""ema_len"": 200, ""len"": 263}, ""vol"": {""er_threshold"": 0.3, ""length"": 66}}","{""base"": {""length"": 28}, ""c1"": {""adx_smoothing"": 7, ""adx_threshold"": 25, ""di_length"": 17}, ""c2"": {""cci_length"": 11, ""ema1_length"": 9, ""ema2_length"": 3, ""trigger_length"": 5}, ""exit_ind"": {""ema_len"": 200, ""len"": 6}, ""vol"": {""er_threshold"": 0.369854, ""length"": 5}}","{""atr_len"": 29, ""atr_mult"": 1.0, ""be_pct"": 0.05, ""tp_mult"": 2.8, ""trail_arm"": 2.0, ""trail_mult"": 0.5}",deep,deep,0.4176954621156322,0.0281964041821095,2.264102226514049,"{""base"": {""length"": 10}, ""c1"": {""adx_smoothing"": 14, ""adx_threshold"": 25, ""di_length"": 7}, ""c2"": {""cci_length"": 14, ""ema1_length"": 5, ""ema2_length"": 3, ""trigger_length"": 5}, ""exit_ind"": {""ema_len"": 200, ""len"": 32}, ""vol"": {""er_threshold"": 0.3, ""length"": 12}}","{""atr_len"": 3, ""atr_mult"": 1.0, ""be_pct"": 0.05, ""tp_mult"": 1.25, ""trail_arm"": 2.0, ""trail_mult"": 1.5}","{""base"": {""length"": 28}, ""c1"": {""adx_smoothing"": 14, ""adx_threshold"": 25, ""di_length"": 17}, ""c2"": {""cci_length"": 14, ""ema1_length"": 5, ""ema2_length"": 3, ""trigger_length"": 5}, ""exit_ind"": {""ema_len"": 200, ""len"": 4}, ""vol"": {""er_threshold"": 0.3, ""length"": 5}}","{""atr_len"": 29, ""atr_mult"": 1.0, ""be_pct"": 0.05, ""tp_mult"": 2.85, ""trail_arm"": 2.0, ""trail_mult"": 1.5}",0.2060934414586105,False
adx_dmi_signals,fx_sniper_ergodic_cci_signals,efficiency_ratio_volume_signals,frama_baseline,mama_fama_exit,trend,C,True,0.1134115309496391,19.506783323337928,1.4973625640208612,0.377906976744186,2.0863592260299844,10.30611543032381,10.69787790765327,4.656879233889255,1.823425495385656,172,122,50,2,1.0,0.05,2.5,1.7,0.65,"{""base"": {""length"": 5}, ""c1"": {""adx_smoothing"": 140, ""adx_threshold"": 31, ""di_length"": 7}, ""c2"": {""cci_length"": 11, ""ema1_length"": 5, ""ema2_length"": 3, ""trigger_length"": 14}, ""exit_ind"": {""fast_limit"": 0.405565, ""slow_limit"": 0.216438}, ""vol"": {""er_threshold"": 0.3, ""length"": 66}}","{""base"": {""length"": 12}, ""c1"": {""adx_smoothing"": 11, ""adx_threshold"": 25, ""di_length"": 17}, ""c2"": {""cci_length"": 5, ""ema1_length"": 6, ""ema2_length"": 3, ""trigger_length"": 5}, ""exit_ind"": {""fast_limit"": 1.424018, ""slow_limit"": 0.5}, ""vol"": {""er_threshold"": 0.369854, ""length"": 5}}","{""atr_len"": 32, ""atr_mult"": 1.0, ""be_pct"": 0.01, ""tp_mult"": 3.0, ""trail_arm"": 1.0, ""trail_mult"": 1.05}",deep,deep,0.3867904085410258,0.0281964041821095,2.2590191232354577,"{""base"": {""length"": 10}, ""c1"": {""adx_smoothing"": 14, ""adx_threshold"": 25, ""di_length"": 7}, ""c2"": {""cci_length"": 14, ""ema1_length"": 5, ""ema2_length"": 3, ""trigger_length"": 5}, ""exit_ind"": {""fast_limit"": 5.0, ""slow_limit"": 0.05}, ""vol"": {""er_threshold"": 0.3, ""length"": 12}}","{""atr_len"": 3, ""atr_mult"": 1.0, ""be_pct"": 0.05, ""tp_mult"": 1.15, ""trail_arm"": 2.0, ""trail_mult"": 1.5}","{""base"": {""length"": 28}, ""c1"": {""adx_smoothing"": 14, ""adx_threshold"": 25, ""di_length"": 17}, ""c2"": {""cci_length"": 14, ""ema1_length"": 5, ""ema2_length"": 3, ""trigger_length"": 5}, ""exit_ind"": {""fast_limit"": 1.424018, ""slow_limit"": 0.05}, ""vol"": {""er_threshold"": 0.3, ""length"": 5}}","{""atr_len"": 49, ""atr_mult"": 1.05, ""be_pct"": 0.05, ""tp_mult"": 2.05, ""trail_arm"": 2.0, ""trail_mult"": 1.5}",0.1970873608576822,False
adx_dmi_signals,j_tpo_signals,variance_volume_signals,wma_baseline,dpo_exit,trend,C,True,0.1330707342246604,18.629902791452455,1.4452145983032056,0.3428571428571428,2.1436984545528603,20.56169594265993,9.984661777101596,4.302105221410286,1.86585216478514,140,88,52,36,1.0,0.08,3.0,1.95,0.5,"{""base"": {""ma_length"": 200}, ""c1"": {""adx_smoothing"": 11, ""adx_threshold"": 25, ""di_length"": 14}, ""c2"": {""ema_len"": 200, ""len"": 6}, ""exit_ind"": {""len"": 62}, ""vol"": {""ema_len"": 19, ""filter_lookback"": 20, ""hline"": 0, ""lookback"": 20}}","{""base"": {""ma_length"": 11}, ""c1"": {""adx_smoothing"": 40, ""adx_threshold"": 25, ""di_length"": 40}, ""c2"": {""ema_len"": 200, ""len"": 4}, ""exit_ind"": {""len"": 18}, ""vol"": {""ema_len"": 12, ""filter_lookback"": 20, ""hline"": 0, ""lookback"": 25}}","{""atr_len"": 50, ""atr_mult"": 1.0, ""be_pct"": 0.05, ""tp_mult"": 2.15, ""trail_arm"": 1.0, ""trail_mult"": 1.4}",deep,deep,0.2253630373996772,0.0597287458273452,0.4519984373500508,"{""base"": {""ma_length"": 200}, ""c1"": {""adx_smoothing"": 14, ""adx_threshold"": 25, ""di_length"": 14}, ""c2"": {""ema_len"": 200, ""len"": 32}, ""exit_ind"": {""len"": 5}, ""vol"": {""ema_len"": 12, ""filter_lookback"": 20, ""hline"": 0, ""lookback"": 20}}","{""atr_len"": 9, ""atr_mult"": 1.0, ""be_pct"": 0.05, ""tp_mult"": 3.0, ""trail_arm"": 2.0, ""trail_mult"": 1.5}","{""base"": {""ma_length"": 11}, ""c1"": {""adx_smoothing"": 17, ""adx_threshold"": 25, ""di_length"": 40}, ""c2"": {""ema_len"": 200, ""len"": 4}, ""exit_ind"": {""len"": 18}, ""vol"": {""ema_len"": 12, ""filter_lookback"": 20, ""hline"": 0, ""lookback"": 25}}","{""atr_len"": 47, ""atr_mult"": 1.0, ""be_pct"": 0.05, ""tp_mult"": 1.95, ""trail_arm"": 2.0, ""trail_mult"": 1.5}",0.3868223075362975,False
adx_dmi_signals,kalman_filter_signals,variance_volume_signals,wma_baseline,donchian_breakout_exit,trend,C,True,0.0919804236150718,15.82063286179236,1.3579863334201376,0.3720930232558139,1.9719398847030696,10.148411055753568,7.270073333349925,2.93416937726697,2.1761311250078523,172,76,96,39,1.0,0.01,2.1,1.0,0.65,"{""base"": {""ma_length"": 200}, ""c1"": {""adx_smoothing"": 61, ""adx_threshold"": 25, ""di_length"": 14}, ""c2"": {""k"": 1, ""sharpness"": 1}, ""exit_ind"": {""length"": 11}, ""vol"": {""ema_len"": 12, ""filter_lookback"": 20, ""hline"": 0, ""lookback"": 16}}","{""base"": {""ma_length"": 200}, ""c1"": {""adx_smoothing"": 11, ""adx_threshold"": 25, ""di_length"": 14}, ""c2"": {""k"": 1, ""sharpness"": 1}, ""exit_ind"": {""length"": 7}, ""vol"": {""ema_len"": 10, ""filter_lookback"": 16, ""hline"": 0, ""lookback"": 25}}","{""atr_len"": 42, ""atr_mult"": 1.0, ""be_pct"": 0.1, ""tp_mult"": 3.0, ""trail_arm"": 1.0, ""trail_mult"": 0.5}",deep,deep,0.2093281891785881,0.0249735292694586,0.3317418635151291,"{""base"": {""ma_length"": 200}, ""c1"": {""adx_smoothing"": 61, ""adx_threshold"": 25, ""di_length"": 14}, ""c2"": {""k"": 1, ""sharpness"": 1}, ""exit_ind"": {""length"": 11}, ""vol"": {""ema_len"": 12, ""filter_lookback"": 20, ""hline"": 0, ""lookback"": 20}}","{""atr_len"": 41, ""atr_mult"": 1.0, ""be_pct"": 0.05, ""tp_mult"": 2.1, ""trail_arm"": 2.0, ""trail_mult"": 1.5}","{""base"": {""ma_length"": 200}, ""c1"": {""adx_smoothing"": 14, ""adx_threshold"": 25, ""di_length"": 14}, ""c2"": {""k"": 1, ""sharpness"": 1}, ""exit_ind"": {""length"": 11}, ""vol"": {""ema_len"": 10, ""filter_lookback"": 20, ""hline"": 0, ""lookback"": 25}}","{""atr_len"": 41, ""atr_mult"": 1.0, ""be_pct"": 0.05, ""tp_mult"": 3.0, ""trail_arm"": 2.0, ""trail_mult"": 1.5}",0.442975096003024,False
adx_dmi_signals,kalman_filter_signals,variance_volume_signals,wma_baseline,glitch_index_exit,trend,C,True,0.0810238668771885,14.746343771648318,1.2695298013443388,0.3626373626373626,1.5673071886396348,14.760146703970108,12.294282998161467,5.84784206609773,1.1994472368867335,182,92,90,42,1.0,0.05,2.5,1.85,0.6,"{""base"": {""ma_length"": 200}, ""c1"": {""adx_smoothing"": 61, ""adx_threshold"": 25, ""di_length"": 14}, ""c2"": {""k"": 1, ""sharpness"": 1}, ""exit_ind"": {""length"": 11, ""multiplier"": 1, ""smooth"": 3}, ""vol"": {""ema_len"": 12, ""filter_lookback"": 57, ""hline"": 0, ""lookback"": 16}}","{""base"": {""ma_length"": 20}, ""c1"": {""adx_smoothing"": 17, ""adx_threshold"": 25, ""di_length"": 17}, ""c2"": {""k"": 1, ""sharpness"": 1}, ""exit_ind"": {""length"": 7, ""multiplier"": 1, ""smooth"": 3}, ""vol"": {""ema_len"": 10, ""filter_lookback"": 20, ""hline"": 0, ""lookback"": 25}}","{""atr_len"": 19, ""atr_mult"": 1.0, ""be_pct"": 0.05, ""tp_mult"": 2.5, ""trail_arm"": 1.85, ""trail_mult"": 0.9}",deep,deep,0.1867137326670891,0.0640285281281081,0.3286022633546263,"{""base"": {""ma_length"": 200}, ""c1"": {""adx_smoothing"": 61, ""adx_threshold"": 25, ""di_length"": 14}, ""c2"": {""k"": 1, ""sharpness"": 1}, ""exit_ind"": {""length"": 11, ""multiplier"": 1, ""smooth"": 3}, ""vol"": {""ema_len"": 12, ""filter_lookback"": 20, ""hline"": 0, ""lookback"": 20}}","{""atr_len"": 41, ""atr_mult"": 1.0, ""be_pct"": 0.05, ""tp_mult"": 2.5, ""trail_arm"": 2.0, ""trail_mult"": 1.5}","{""base"": {""ma_length"": 20}, ""c1"": {""adx_smoothing"": 61, ""adx_threshold"": 25, ""di_length"": 17}, ""c2"": {""k"": 1, ""sharpness"": 1}, ""exit_ind"": {""length"": 7, ""multiplier"": 1, ""smooth"": 3}, ""vol"": {""ema_len"": 10, ""filter_lookback"": 20, ""hline"": 0, ""lookback"": 11}}","{""atr_len"": 32, ""atr_mult"": 1.29, ""be_pct"": 0.05, ""tp_mult"": 1.65, ""trail_arm"": 2.0, ""trail_mult"": 1.5}",0.1801444577134726,False
adx_dmi_signals,kalman_filter_signals,variance_volume_signals,wma_baseline,hieken_ashi_smoothed_exit,trend,C,True,0.1241481602552791,21.35348356390801,1.4385988605260764,0.3895348837209302,2.5208057617996893,30.43757806477086,7.693825980369244,3.1171196338208613,2.775405060939942,172,74,98,42,1.0,0.01,2.0,1.35,0.7,"{""base"": {""ma_length"": 200}, ""c1"": {""adx_smoothing"": 61, ""adx_threshold"": 25, ""di_length"": 14}, ""c2"": {""k"": 1, ""sharpness"": 1}, ""exit_ind"": {""ma_len1"": 6, ""ma_len2"": 8}, ""vol"": {""ema_len"": 19, ""filter_lookback"": 20, ""hline"": 0, ""lookback"": 16}}","{""base"": {""ma_length"": 200}, ""c1"": {""adx_smoothing"": 11, ""adx_threshold"": 25, ""di_length"": 14}, ""c2"": {""k"": 1, ""sharpness"": 1}, ""exit_ind"": {""ma_len1"": 23, ""ma_len2"": 8}, ""vol"": {""ema_len"": 10, ""filter_lookback"": 16, ""hline"": 0, ""lookback"": 25}}","{""atr_len"": 42, ""atr_mult"": 1.0, ""be_pct"": 0.05, ""tp_mult"": 2.05, ""trail_arm"": 1.4, ""trail_mult"": 0.55}",deep,deep,0.1366628233256046,0.0681892528260879,0.3146947982476296,"{""base"": {""ma_length"": 200}, ""c1"": {""adx_smoothing"": 61, ""adx_threshold"": 25, ""di_length"": 14}, ""c2"": {""k"": 1, ""sharpness"": 1}, ""exit_ind"": {""ma_len1"": 6, ""ma_len2"": 8}, ""vol"": {""ema_len"": 12, ""filter_lookback"": 20, ""hline"": 0, ""lookback"": 20}}","{""atr_len"": 41, ""atr_mult"": 1.0, ""be_pct"": 0.05, ""tp_mult"": 2.1, ""trail_arm"": 2.0, ""trail_mult"": 1.5}","{""base"": {""ma_length"": 200}, ""c1"": {""adx_smoothing"": 14, ""adx_threshold"": 25, ""di_length"": 14}, ""c2"": {""k"": 1, ""sharpness"": 1}, ""exit_ind"": {""ma_len1"": 6, ""ma_len2"": 8}, ""vol"": {""ema_len"": 10, ""filter_lookback"": 20, ""hline"": 0, ""lookback"": 25}}","{""atr_len"": 41, ""atr_mult"": 1.0, ""be_pct"": 0.05, ""tp_mult"": 1.6, ""trail_arm"": 2.0, ""trail_mult"": 1.5}",0.305637506979141,False
adx_dmi_signals,kalman_filter_signals,variance_volume_signals,wma_baseline,kuskus_starlight_exit,trend,C,True,0.0998066678184562,14.97100017276843,1.396172910828299,0.4,2.1409803900008204,12.50697871284128,9.000000000000028,4.242449305622639,1.6634444636409316,150,68,82,50,1.0,0.01,2.6,1.9,0.5,"{""base"": {""ma_length"": 200}, ""c1"": {""adx_smoothing"": 61, ""adx_threshold"": 25, ""di_length"": 14}, ""c2"": {""k"": 1, ""sharpness"": 2}, ""exit_ind"": {""index_smooth"": 0.862993, ""price_smooth"": 1.311672, ""range_periods"": 5}, ""vol"": {""ema_len"": 12, ""filter_lookback"": 57, ""hline"": 0, ""lookback"": 16}}","{""base"": {""ma_length"": 200}, ""c1"": {""adx_smoothing"": 14, ""adx_threshold"": 25, ""di_length"": 14}, ""c2"": {""k"": 1, ""sharpness"": 1}, ""exit_ind"": {""index_smooth"": 0.862993, ""price_smooth"": 0.373569, ""range_periods"": 30}, ""vol"": {""ema_len"": 10, ""filter_lookback"": 20, ""hline"": 0, ""lookback"": 25}}","{""atr_len"": 46, ""atr_mult"": 1.15, ""be_pct"": 0.01, ""tp_mult"": 2.55, ""trail_arm"": 1.9, ""trail_mult"": 0.5}",deep,deep,0.1018282612618452,0.0882163152969178,0.3385841957633235,"{""base"": {""ma_length"": 200}, ""c1"": {""adx_smoothing"": 61, ""adx_threshold"": 25, ""di_length"": 14}, ""c2"": {""k"": 1, ""sharpness"": 1}, ""exit_ind"": {""index_smooth"": 0.862993, ""price_smooth"": 0.7, ""range_periods"": 30}, ""vol"": {""ema_len"": 12, ""filter_lookback"": 20, ""hline"": 0, ""lookback"": 20}}","{""atr_len"": 41, ""atr_mult"": 1.0, ""be_pct"": 0.05, ""tp_mult"": 2.05, ""trail_arm"": 2.0, ""trail_mult"": 1.5}","{""base"": {""ma_length"": 200}, ""c1"": {""adx_smoothing"": 14, ""adx_threshold"": 25, ""di_length"": 14}, ""c2"": {""k"": 1, ""sharpness"": 1}, ""exit_ind"": {""index_smooth"": 0.7, ""price_smooth"": 0.7, ""range_periods"": 30}, ""vol"": {""ema_len"": 10, ""filter_lookback"": 20, ""hline"": 0, ""lookback"": 25}}","{""atr_len"": 41, ""atr_mult"": 1.15, ""be_pct"": 0.05, ""tp_mult"": 2.55, ""trail_arm"": 2.0, ""trail_mult"": 1.5}",0.3422946840573903,False
adx_dmi_signals,kalman_filter_signals,variance_volume_signals,wma_baseline,schaff_trend_cycle_exit,trend,C,True,0.0868709732077227,14.594323498897412,1.3451343736628754,0.4166666666666667,1.9084750180308196,9.980975096086096,8.946299221908607,3.174889298448159,1.631325214694066,168,72,96,42,1.0,0.05,2.5,2.0,0.5,"{""base"": {""ma_length"": 200}, ""c1"": {""adx_smoothing"": 61, ""adx_threshold"": 25, ""di_length"": 14}, ""c2"": {""k"": 1, ""sharpness"": 1}, ""exit_ind"": {""cycleLen"": 10, ""d1"": 3, ""d2"": 3, ""lowerBand"": 25, ""macdFast"": 3, ""macdSlow"": 216, ""upperBand"": 75}, ""vol"": {""ema_len"": 12, ""filter_lookback"": 37, ""hline"": 0, ""lookback"": 16}}","{""base"": {""ma_length"": 200}, ""c1"": {""adx_smoothing"": 14, ""adx_threshold"": 25, ""di_length"": 14}, ""c2"": {""k"": 1, ""sharpness"": 1}, ""exit_ind"": {""cycleLen"": 8, ""d1"": 3, ""d2"": 4, ""lowerBand"": 25, ""macdFast"": 12, ""macdSlow"": 50, ""upperBand"": 75}, ""vol"": {""ema_len"": 10, ""filter_lookback"": 20, ""hline"": 0, ""lookback"": 25}}","{""atr_len"": 26, ""atr_mult"": 1.0, ""be_pct"": 0.05, ""tp_mult"": 2.95, ""trail_arm"": 2.0, ""trail_mult"": 0.5}",deep,deep,0.1578678828397358,0.0564330103621399,0.3187997369708488,"{""base"": {""ma_length"": 200}, ""c1"": {""adx_smoothing"": 61, ""adx_threshold"": 25, ""di_length"": 14}, ""c2"": {""k"": 1, ""sharpness"": 1}, ""exit_ind"": {""cycleLen"": 10, ""d1"": 3, ""d2"": 3, ""lowerBand"": 25, ""macdFast"": 3, ""macdSlow"": 50, ""upperBand"": 75}, ""vol"": {""ema_len"": 12, ""filter_lookback"": 20, ""hline"": 0, ""lookback"": 20}}","{""atr_len"": 42, ""atr_mult"": 1.0, ""be_pct"": 0.05, ""tp_mult"": 2.2, ""trail_arm"": 2.0, ""trail_mult"": 1.5}","{""base"": {""ma_length"": 200}, ""c1"": {""adx_smoothing"": 14, ""adx_threshold"": 25, ""di_length"": 14}, ""c2"": {""k"": 1, ""sharpness"": 1}, ""exit_ind"": {""cycleLen"": 10, ""d1"": 3, ""d2"": 3, ""lowerBand"": 25, ""macdFast"": 12, ""macdSlow"": 50, ""upperBand"": 75}, ""vol"": {""ema_len"": 10, ""filter_lookback"": 20, ""hline"": 0, ""lookback"": 25}}","{""atr_len"": 26, ""atr_mult"": 1.0, ""be_pct"": 0.05, ""tp_mult"": 2.95, ""trail_arm"": 2.0, ""trail_mult"": 1.5}",0.4611231762432481,False
adx_dmi_signals,kalman_filter_signals,variance_volume_signals,wma_baseline,ssl_channel_exit,trend,C,True,0.164598820513533,27.65260184627355,1.6917005300641887,0.4226190476190476,3.353450228863158,18.62069838460316,6.000000000000017,2.3815616530904067,4.608766974378912,168,74,94,42,1.0,0.12,2.1,1.5,0.6,"{""base"": {""ma_length"": 200}, ""c1"": {""adx_smoothing"": 61, ""adx_threshold"": 25, ""di_length"": 14}, ""c2"": {""k"": 1, ""sharpness"": 1}, ""exit_ind"": {""len"": 4}, ""vol"": {""ema_len"": 12, ""filter_lookback"": 37, ""hline"": 0, ""lookback"": 16}}","{""base"": {""ma_length"": 200}, ""c1"": {""adx_smoothing"": 14, ""adx_threshold"": 25, ""di_length"": 14}, ""c2"": {""k"": 1, ""sharpness"": 1}, ""exit_ind"": {""len"": 4}, ""vol"": {""ema_len"": 10, ""filter_lookback"": 20, ""hline"": 0, ""lookback"": 25}}","{""atr_len"": 26, ""atr_mult"": 1.0, ""be_pct"": 0.05, ""tp_mult"": 2.95, ""trail_arm"": 2.0, ""trail_mult"": 0.5}",deep,deep,0.1461884156117471,0.0769995584636212,0.3218987061996393,"{""base"": {""ma_length"": 200}, ""c1"": {""adx_smoothing"": 61, ""adx_threshold"": 25, ""di_length"": 14}, ""c2"": {""k"": 1, ""sharpness"": 1}, ""exit_ind"": {""len"": 4}, ""vol"": {""ema_len"": 12, ""filter_lookback"": 20, ""hline"": 0, ""lookback"": 20}}","{""atr_len"": 41, ""atr_mult"": 1.0, ""be_pct"": 0.05, ""tp_mult"": 2.1, ""trail_arm"": 2.0, ""trail_mult"": 1.5}","{""base"": {""ma_length"": 200}, ""c1"": {""adx_smoothing"": 14, ""adx_threshold"": 25, ""di_length"": 14}, ""c2"": {""k"": 1, ""sharpness"": 1}, ""exit_ind"": {""len"": 4}, ""vol"": {""ema_len"": 10, ""filter_lookback"": 20, ""hline"": 0, ""lookback"": 25}}","{""atr_len"": 26, ""atr_mult"": 1.0, ""be_pct"": 0.05, ""tp_mult"": 2.95, ""trail_arm"": 2.0, ""trail_mult"": 1.5}",0.4052976424222476,False
adx_dmi_signals,kalman_filter_signals,variance_volume_signals,wma_baseline,trend_direction_force_index_exit,trend,C,True,0.0848447580703978,14.084229839686042,1.4245522631229484,0.3855421686746988,1.9885665417185792,7.314318232206669,5.327215392917573,2.0206167262954184,2.643825864148603,166,80,86,50,1.0,0.01,2.6,2.0,0.6,"{""base"": {""ma_length"": 200}, ""c1"": {""adx_smoothing"": 61, ""adx_threshold"": 25, ""di_length"": 14}, ""c2"": {""k"": 1, ""sharpness"": 7}, ""exit_ind"": {""fhigh"": 0.061642, ""flow"": -0.142402, ""lookback"": 13}, ""vol"": {""ema_len"": 12, ""filter_lookback"": 37, ""hline"": 0, ""lookback"": 16}}","{""base"": {""ma_length"": 200}, ""c1"": {""adx_smoothing"": 11, ""adx_threshold"": 25, ""di_length"": 14}, ""c2"": {""k"": 1, ""sharpness"": 1}, ""exit_ind"": {""fhigh"": 0.061642, ""flow"": -0.05, ""lookback"": 2}, ""vol"": {""ema_len"": 10, ""filter_lookback"": 16, ""hline"": 0, ""lookback"": 37}}","{""atr_len"": 50, ""atr_mult"": 1.0, ""be_pct"": 0.05, ""tp_mult"": 2.65, ""trail_arm"": 2.0, ""trail_mult"": 0.55}",deep,deep,0.1134349732371507,0.0766406860686037,0.3671632938923138,"{""base"": {""ma_length"": 200}, ""c1"": {""adx_smoothing"": 61, ""adx_threshold"": 25, ""di_length"": 14}, ""c2"": {""k"": 1, ""sharpness"": 1}, ""exit_ind"": {""fhigh"": 0.05, ""flow"": -0.05, ""lookback"": 56}, ""vol"": {""ema_len"": 12, ""filter_lookback"": 20, ""hline"": 0, ""lookback"": 20}}","{""atr_len"": 41, ""atr_mult"": 1.0, ""be_pct"": 0.05, ""tp_mult"": 2.05, ""trail_arm"": 2.0, ""trail_mult"": 1.5}","{""base"": {""ma_length"": 200}, ""c1"": {""adx_smoothing"": 14, ""adx_threshold"": 25, ""di_length"": 14}, ""c2"": {""k"": 1, ""sharpness"": 1}, ""exit_ind"": {""fhigh"": 0.05, ""flow"": -0.05, ""lookback"": 5}, ""vol"": {""ema_len"": 10, ""filter_lookback"": 20, ""hline"": 0, ""lookback"": 25}}","{""atr_len"": 42, ""atr_mult"": 1.0, ""be_pct"": 0.05, ""tp_mult"": 3.0, ""trail_arm"": 2.0, ""trail_mult"": 1.5}",0.3433895975126209,False
adx_dmi_signals,kalman_filter_signals,variance_volume_signals,wma_baseline,volatility_quality_exit,trend,C,True,0.1296147490206042,21.775277835461516,1.5327737278100626,0.3809523809523809,2.620385437194745,12.393694415744864,6.849897394060406,2.392207927632903,3.1789202936591447,168,72,96,42,1.0,0.05,2.5,1.85,0.6,"{""base"": {""ma_length"": 200}, ""c1"": {""adx_smoothing"": 61, ""adx_threshold"": 25, ""di_length"": 14}, ""c2"": {""k"": 1, ""sharpness"": 1}, ""exit_ind"": {""atr_pct"": 0.092464, ""smooth"": 4}, ""vol"": {""ema_len"": 12, ""filter_lookback"": 37, ""hline"": 0, ""lookback"": 16}}","{""base"": {""ma_length"": 200}, ""c1"": {""adx_smoothing"": 11, ""adx_threshold"": 25, ""di_length"": 14}, ""c2"": {""k"": 1, ""sharpness"": 1}, ""exit_ind"": {""atr_pct"": 0.092464, ""smooth"": 4}, ""vol"": {""ema_len"": 10, ""filter_lookback"": 11, ""hline"": 0, ""lookback"": 25}}","{""atr_len"": 42, ""atr_mult"": 1.0, ""be_pct"": 0.05, ""tp_mult"": 3.0, ""trail_arm"": 1.9, ""trail_mult"": 0.5}",deep,deep,0.1634278585138862,0.0695886227171102,0.3442568351700643,"{""base"": {""ma_length"": 200}, ""c1"": {""adx_smoothing"": 61, ""adx_threshold"": 25, ""di_length"": 14}, ""c2"": {""k"": 1, ""sharpness"": 1}, ""exit_ind"": {""atr_pct"": 0.075, ""smooth"": 4}, ""vol"": {""ema_len"": 12, ""filter_lookback"": 20, ""hline"": 0, ""lookback"": 20}}","{""atr_len"": 42, ""atr_mult"": 1.0, ""be_pct"": 0.05, ""tp_mult"": 2.5, ""trail_arm"": 2.0, ""trail_mult"": 1.5}","{""base"": {""ma_length"": 200}, ""c1"": {""adx_smoothing"": 14, ""adx_threshold"": 25, ""di_length"": 14}, ""c2"": {""k"": 1, ""sharpness"": 1}, ""exit_ind"": {""atr_pct"": 0.075, ""smooth"": 4}, ""vol"": {""ema_len"": 10, ""filter_lookback"": 20, ""hline"": 0, ""lookback"": 25}}","{""atr_len"": 42, ""atr_mult"": 1.0, ""be_pct"": 0.05, ""tp_mult"": 3.0, ""trail_arm"": 2.0, ""trail_mult"": 1.5}",0.4148911906181298,False
adx_dmi_signals,kalman_filter_signals,variance_volume_signals,wma_baseline,vortex_exit,trend,C,True,0.1082302099866807,17.96621485778901,1.4150556778155703,0.3734939759036144,2.2553793140128575,13.909195285572585,6.000000000000013,2.5579906814804514,2.9943691429648283,166,72,94,42,1.0,0.05,2.5,1.85,0.6,"{""base"": {""ma_length"": 200}, ""c1"": {""adx_smoothing"": 61, ""adx_threshold"": 25, ""di_length"": 14}, ""c2"": {""k"": 1, ""sharpness"": 1}, ""exit_ind"": {""period"": 7}, ""vol"": {""ema_len"": 12, ""filter_lookback"": 37, ""hline"": 0, ""lookback"": 16}}","{""base"": {""ma_length"": 200}, ""c1"": {""adx_smoothing"": 14, ""adx_threshold"": 25, ""di_length"": 14}, ""c2"": {""k"": 1, ""sharpness"": 1}, ""exit_ind"": {""period"": 14}, ""vol"": {""ema_len"": 10, ""filter_lookback"": 20, ""hline"": 0, ""lookback"": 25}}","{""atr_len"": 26, ""atr_mult"": 1.0, ""be_pct"": 0.01, ""tp_mult"": 1.6, ""trail_arm"": 1.85, ""trail_mult"": 0.5}",deep,deep,0.1557927780081029,0.0647032984308168,0.3183285817526385,"{""base"": {""ma_length"": 200}, ""c1"": {""adx_smoothing"": 61, ""adx_threshold"": 25, ""di_length"": 14}, ""c2"": {""k"": 1, ""sharpness"": 1}, ""exit_ind"": {""period"": 7}, ""vol"": {""ema_len"": 12, ""filter_lookback"": 20, ""hline"": 0, ""lookback"": 20}}","{""atr_len"": 41, ""atr_mult"": 1.0, ""be_pct"": 0.05, ""tp_mult"": 2.45, ""trail_arm"": 2.0, ""trail_mult"": 1.5}","{""base"": {""ma_length"": 200}, ""c1"": {""adx_smoothing"": 14, ""adx_threshold"": 25, ""di_length"": 14}, ""c2"": {""k"": 1, ""sharpness"": 1}, ""exit_ind"": {""period"": 14}, ""vol"": {""ema_len"": 10, ""filter_lookback"": 20, ""hline"": 0, ""lookback"": 25}}","{""atr_len"": 26, ""atr_mult"": 1.0, ""be_pct"": 0.05, ""tp_mult"": 1.6, ""trail_arm"": 2.0, ""trail_mult"": 1.5}",0.3085149543617178,False
adx_dmi_signals,kase_peak_oscillator_signals,variance_volume_signals,wma_baseline,aroon_exit,trend,C,True,0.0916778095780815,12.46818210261909,1.3724836057343408,0.3823529411764705,1.959578599732935,9.28175222656412,4.999999999999998,1.707503598455015,2.493636420523819,136,86,50,2,1.0,0.2,2.95,1.05,0.8,"{""base"": {""ma_length"": 200}, ""c1"": {""adx_smoothing"": 14, ""adx_threshold"": 25, ""di_length"": 14}, ""c2"": {""long_cycle"": 428, ""sharpness"": 40, ""short_cycle"": 10}, ""exit_ind"": {""length"": 164}, ""vol"": {""ema_len"": 12, ""filter_lookback"": 20, ""hline"": 0, ""lookback"": 20}}","{""base"": {""ma_length"": 200}, ""c1"": {""adx_smoothing"": 11, ""adx_threshold"": 25, ""di_length"": 14}, ""c2"": {""long_cycle"": 65, ""sharpness"": 40, ""short_cycle"": 8}, ""exit_ind"": {""length"": 2}, ""vol"": {""ema_len"": 8, ""filter_lookback"": 25, ""hline"": 0, ""lookback"": 25}}","{""atr_len"": 42, ""atr_mult"": 1.0, ""be_pct"": 0.05, ""tp_mult"": 2.95, ""trail_arm"": 2.0, ""trail_mult"": 0.5}",deep,deep,0.1972989838693493,0.0407935897594081,0.4142917422070313,"{""base"": {""ma_length"": 200}, ""c1"": {""adx_smoothing"": 11, ""adx_threshold"": 25, ""di_length"": 14}, ""c2"": {""long_cycle"": 428, ""sharpness"": 40, ""short_cycle"": 15}, ""exit_ind"": {""length"": 13}, ""vol"": {""ema_len"": 12, ""filter_lookback"": 20, ""hline"": 0, ""lookback"": 20}}","{""atr_len"": 2, ""atr_mult"": 1.0, ""be_pct"": 0.05, ""tp_mult"": 2.95, ""trail_arm"": 2.0, ""trail_mult"": 1.5}","{""base"": {""ma_length"": 200}, ""c1"": {""adx_smoothing"": 11, ""adx_threshold"": 25, ""di_length"": 14}, ""c2"": {""long_cycle"": 65, ""sharpness"": 40, ""short_cycle"": 8}, ""exit_ind"": {""length"": 2}, ""vol"": {""ema_len"": 10, ""filter_lookback"": 20, ""hline"": 0, ""lookback"": 25}}","{""atr_len"": 41, ""atr_mult"": 1.0, ""be_pct"": 0.05, ""tp_mult"": 2.95, ""trail_arm"": 2.0, ""trail_mult"": 1.5}",0.4599485005924973,False
adx_dmi_signals,kase_peak_oscillator_signals,variance_volume_signals,wma_baseline,coppock_curve_exit,trend,C,True,0.2120216694787489,25.442600337449868,1.7522534152386742,0.3833333333333333,3.813640256402796,47.399316543063314,5.0,1.7515410344251945,5.0885200674899735,120,70,50,2,1.0,0.2,2.95,1.05,0.8,"{""base"": {""ma_length"": 200}, ""c1"": {""adx_smoothing"": 14, ""adx_threshold"": 25, ""di_length"": 14}, ""c2"": {""long_cycle"": 428, ""sharpness"": 40, ""short_cycle"": 10}, ""exit_ind"": {""long_roc"": 40, ""short_roc"": 11, ""smooth_len"": 43}, ""vol"": {""ema_len"": 12, ""filter_lookback"": 20, ""hline"": 0, ""lookback"": 20}}","{""base"": {""ma_length"": 200}, ""c1"": {""adx_smoothing"": 11, ""adx_threshold"": 25, ""di_length"": 14}, ""c2"": {""long_cycle"": 65, ""sharpness"": 40, ""short_cycle"": 8}, ""exit_ind"": {""long_roc"": 2, ""short_roc"": 48, ""smooth_len"": 10}, ""vol"": {""ema_len"": 10, ""filter_lookback"": 20, ""hline"": 0, ""lookback"": 25}}","{""atr_len"": 46, ""atr_mult"": 1.15, ""be_pct"": 0.01, ""tp_mult"": 2.55, ""trail_arm"": 1.9, ""trail_mult"": 0.5}",deep,deep,0.2774111027517941,0.0569439680288771,0.4132919388940088,"{""base"": {""ma_length"": 200}, ""c1"": {""adx_smoothing"": 11, ""adx_threshold"": 25, ""di_length"": 14}, ""c2"": {""long_cycle"": 428, ""sharpness"": 40, ""short_cycle"": 15}, ""exit_ind"": {""long_roc"": 92, ""short_roc"": 11, ""smooth_len"": 10}, ""vol"": {""ema_len"": 12, ""filter_lookback"": 20, ""hline"": 0, ""lookback"": 20}}","{""atr_len"": 2, ""atr_mult"": 1.0, ""be_pct"": 0.05, ""tp_mult"": 2.95, ""trail_arm"": 2.0, ""trail_mult"": 1.5}","{""base"": {""ma_length"": 200}, ""c1"": {""adx_smoothing"": 11, ""adx_threshold"": 25, ""di_length"": 14}, ""c2"": {""long_cycle"": 65, ""sharpness"": 40, ""short_cycle"": 8}, ""exit_ind"": {""long_roc"": 140, ""short_roc"": 11, ""smooth_len"": 10}, ""vol"": {""ema_len"": 10, ""filter_lookback"": 20, ""hline"": 0, ""lookback"": 25}}","{""atr_len"": 41, ""atr_mult"": 1.15, ""be_pct"": 0.05, ""tp_mult"": 1.6, ""trail_arm"": 2.0, ""trail_mult"": 1.5}",0.3479286220133635,False
adx_dmi_signals,kase_peak_oscillator_signals,variance_volume_signals,wma_baseline,didi_index_exit,trend,C,True,0.1353580970265861,17.325836419403025,1.466215577186931,0.3984375,2.5065801653553237,31.85279439166036,5.000000000000014,2.029614709408046,3.465167283880595,128,78,50,2,1.0,0.2,2.95,1.05,0.8,"{""base"": {""ma_length"": 200}, ""c1"": {""adx_smoothing"": 14, ""adx_threshold"": 25, ""di_length"": 14}, ""c2"": {""long_cycle"": 428, ""sharpness"": 40, ""short_cycle"": 10}, ""exit_ind"": {""long_p"": 87, ""medium"": 10}, ""vol"": {""ema_len"": 12, ""filter_lookback"": 20, ""hline"": 0, ""lookback"": 20}}","{""base"": {""ma_length"": 200}, ""c1"": {""adx_smoothing"": 11, ""adx_threshold"": 25, ""di_length"": 14}, ""c2"": {""long_cycle"": 65, ""sharpness"": 40, ""short_cycle"": 8}, ""exit_ind"": {""long_p"": 3, ""medium"": 6}, ""vol"": {""ema_len"": 10, ""filter_lookback"": 20, ""hline"": 0, ""lookback"": 25}}","{""atr_len"": 41, ""atr_mult"": 1.0, ""be_pct"": 0.05, ""tp_mult"": 3.0, ""trail_arm"": 1.0, ""trail_mult"": 0.5}",deep,deep,0.1799288395078534,0.0758419356282094,0.4121395210570496,"{""base"": {""ma_length"": 200}, ""c1"": {""adx_smoothing"": 11, ""adx_threshold"": 25, ""di_length"": 14}, ""c2"": {""long_cycle"": 428, ""sharpness"": 40, ""short_cycle"": 15}, ""exit_ind"": {""long_p"": 16, ""medium"": 8}, ""vol"": {""ema_len"": 12, ""filter_lookback"": 20, ""hline"": 0, ""lookback"": 20}}","{""atr_len"": 2, ""atr_mult"": 1.0, ""be_pct"": 0.05, ""tp_mult"": 2.95, ""trail_arm"": 2.0, ""trail_mult"": 1.5}","{""base"": {""ma_length"": 200}, ""c1"": {""adx_smoothing"": 11, ""adx_threshold"": 25, ""di_length"": 14}, ""c2"": {""long_cycle"": 65, ""sharpness"": 40, ""short_cycle"": 8}, ""exit_ind"": {""long_p"": 20, ""medium"": 8}, ""vol"": {""ema_len"": 10, ""filter_lookback"": 20, ""hline"": 0, ""lookback"": 25}}","{""atr_len"": 26, ""atr_mult"": 1.0, ""be_pct"": 0.05, ""tp_mult"": 3.0, ""trail_arm"": 2.0, ""trail_mult"": 1.5}",0.3401720037619335,False
adx_dmi_signals,kase_peak_oscillator_signals,variance_volume_signals,wma_baseline,halftrend_exit,trend,C,True,0.1605296203346159,20.22673216216161,1.4976869177246992,0.3174603174603174,2.67662570972581,34.06829235813816,7.500000000000005,2.7379541942551215,2.696897621621546,126,76,50,2,1.0,0.12,2.95,1.05,0.8,"{""base"": {""ma_length"": 200}, ""c1"": {""adx_smoothing"": 14, ""adx_threshold"": 25, ""di_length"": 14}, ""c2"": {""long_cycle"": 428, ""sharpness"": 40, ""short_cycle"": 10}, ""exit_ind"": {""amplitude"": 8}, ""vol"": {""ema_len"": 12, ""filter_lookback"": 20, ""hline"": 0, ""lookback"": 20}}","{""base"": {""ma_length"": 200}, ""c1"": {""adx_smoothing"": 11, ""adx_threshold"": 25, ""di_length"": 14}, ""c2"": {""long_cycle"": 65, ""sharpness"": 40, ""short_cycle"": 8}, ""exit_ind"": {""amplitude"": 50}, ""vol"": {""ema_len"": 10, ""filter_lookback"": 20, ""hline"": 0, ""lookback"": 25}}","{""atr_len"": 41, ""atr_mult"": 1.0, ""be_pct"": 0.05, ""tp_mult"": 3.0, ""trail_arm"": 1.95, ""trail_mult"": 0.5}",deep,deep,0.2729567304905241,0.0540488213585726,0.4092973950706304,"{""base"": {""ma_length"": 200}, ""c1"": {""adx_smoothing"": 11, ""adx_threshold"": 25, ""di_length"": 14}, ""c2"": {""long_cycle"": 428, ""sharpness"": 40, ""short_cycle"": 15}, ""exit_ind"": {""amplitude"": 94}, ""vol"": {""ema_len"": 12, ""filter_lookback"": 20, ""hline"": 0, ""lookback"": 20}}","{""atr_len"": 2, ""atr_mult"": 1.0, ""be_pct"": 0.05, ""tp_mult"": 2.95, ""trail_arm"": 2.0, ""trail_mult"": 1.5}","{""base"": {""ma_length"": 200}, ""c1"": {""adx_smoothing"": 11, ""adx_threshold"": 25, ""di_length"": 14}, ""c2"": {""long_cycle"": 65, ""sharpness"": 40, ""short_cycle"": 8}, ""exit_ind"": {""amplitude"": 50}, ""vol"": {""ema_len"": 10, ""filter_lookback"": 20, ""hline"": 0, ""lookback"": 25}}","{""atr_len"": 41, ""atr_mult"": 1.1, ""be_pct"": 0.05, ""tp_mult"": 2.9, ""trail_arm"": 2.0, ""trail_mult"": 1.5}",0.4245484452381431,False
adx_dmi_signals,kase_peak_oscillator_signals,variance_volume_signals,wma_baseline,j_tpo_exit,trend,C,True,0.1373847351819179,17.31047663292166,1.4715275236728915,0.3492063492063492,2.528746494995187,16.793443040147988,5.0000000000000036,2.0324844016301933,3.4620953265843295,126,76,50,2,1.0,0.2,2.95,1.05,0.8,"{""base"": {""ma_length"": 200}, ""c1"": {""adx_smoothing"": 14, ""adx_threshold"": 25, ""di_length"": 14}, ""c2"": {""long_cycle"": 428, ""sharpness"": 40, ""short_cycle"": 10}, ""exit_ind"": {""ema_len"": 200, ""len"": 75}, ""vol"": {""ema_len"": 12, ""filter_lookback"": 20, ""hline"": 0, ""lookback"": 20}}","{""base"": {""ma_length"": 200}, ""c1"": {""adx_smoothing"": 11, ""adx_threshold"": 25, ""di_length"": 14}, ""c2"": {""long_cycle"": 65, ""sharpness"": 40, ""short_cycle"": 8}, ""exit_ind"": {""ema_len"": 200, ""len"": 9}, ""vol"": {""ema_len"": 10, ""filter_lookback"": 20, ""hline"": 0, ""lookback"": 25}}","{""atr_len"": 42, ""atr_mult"": 1.0, ""be_pct"": 0.05, ""tp_mult"": 3.0, ""trail_arm"": 1.8, ""trail_mult"": 0.95}",deep,deep,0.1842926715024695,0.0584459335942446,0.4049791648967438,"{""base"": {""ma_length"": 200}, ""c1"": {""adx_smoothing"": 11, ""adx_threshold"": 25, ""di_length"": 14}, ""c2"": {""long_cycle"": 428, ""sharpness"": 40, ""short_cycle"": 15}, ""exit_ind"": {""ema_len"": 200, ""len"": 14}, ""vol"": {""ema_len"": 12, ""filter_lookback"": 20, ""hline"": 0, ""lookback"": 20}}","{""atr_len"": 2, ""atr_mult"": 1.0, ""be_pct"": 0.05, ""tp_mult"": 2.95, ""trail_arm"": 2.0, ""trail_mult"": 1.5}","{""base"": {""ma_length"": 200}, ""c1"": {""adx_smoothing"": 11, ""adx_threshold"": 25, ""di_length"": 14}, ""c2"": {""long_cycle"": 65, ""sharpness"": 40, ""short_cycle"": 8}, ""exit_ind"": {""ema_len"": 200, ""len"": 9}, ""vol"": {""ema_len"": 10, ""filter_lookback"": 20, ""hline"": 0, ""lookback"": 25}}","{""atr_len"": 41, ""atr_mult"": 1.0, ""be_pct"": 0.05, ""tp_mult"": 3.0, ""trail_arm"": 2.0, ""trail_mult"": 1.5}",0.4359127721864948,False
adx_dmi_signals,kase_peak_oscillator_signals,variance_volume_signals,wma_baseline,kase_peak_oscillator_exit,trend,C,True,0.1931371927867172,25.10783506227324,1.6693681425778844,0.3615384615384615,3.297015667075381,24.940821504495155,6.266667754656751,2.192963353835621,4.006568729228647,130,80,50,2,1.0,0.2,2.95,1.05,0.8,"{""base"": {""ma_length"": 200}, ""c1"": {""adx_smoothing"": 14, ""adx_threshold"": 25, ""di_length"": 14}, ""c2"": {""long_cycle"": 428, ""sharpness"": 40, ""short_cycle"": 10}, ""exit_ind"": {""long_cycle"": 650, ""sharpness"": 40, ""short_cycle"": 35}, ""vol"": {""ema_len"": 12, ""filter_lookback"": 20, ""hline"": 0, ""lookback"": 20}}","{""base"": {""ma_length"": 200}, ""c1"": {""adx_smoothing"": 11, ""adx_threshold"": 25, ""di_length"": 14}, ""c2"": {""long_cycle"": 65, ""sharpness"": 40, ""short_cycle"": 8}, ""exit_ind"": {""long_cycle"": 281, ""sharpness"": 40, ""short_cycle"": 3}, ""vol"": {""ema_len"": 10, ""filter_lookback"": 20, ""hline"": 0, ""lookback"": 25}}","{""atr_len"": 41, ""atr_mult"": 1.0, ""be_pct"": 0.05, ""tp_mult"": 3.0, ""trail_arm"": 1.95, ""trail_mult"": 0.5}",deep,deep,0.2921973174858274,0.0515015496760255,0.4174484791659618,"{""base"": {""ma_length"": 200}, ""c1"": {""adx_smoothing"": 11, ""adx_threshold"": 25, ""di_length"": 14}, ""c2"": {""long_cycle"": 428, ""sharpness"": 40, ""short_cycle"": 15}, ""exit_ind"": {""long_cycle"": 65, ""sharpness"": 40, ""short_cycle"": 4}, ""vol"": {""ema_len"": 12, ""filter_lookback"": 20, ""hline"": 0, ""lookback"": 20}}","{""atr_len"": 2, ""atr_mult"": 1.0, ""be_pct"": 0.05, ""tp_mult"": 2.95, ""trail_arm"": 2.0, ""trail_mult"": 1.5}","{""base"": {""ma_length"": 200}, ""c1"": {""adx_smoothing"": 11, ""adx_threshold"": 25, ""di_length"": 14}, ""c2"": {""long_cycle"": 65, ""sharpness"": 40, ""short_cycle"": 8}, ""exit_ind"": {""long_cycle"": 65, ""sharpness"": 40, ""short_cycle"": 4}, ""vol"": {""ema_len"": 10, ""filter_lookback"": 20, ""hline"": 0, ""lookback"": 25}}","{""atr_len"": 41, ""atr_mult"": 1.0, ""be_pct"": 0.05, ""tp_mult"": 3.0, ""trail_arm"": 2.0, ""trail_mult"": 1.5}",0.4363731980217676,False
adx_dmi_signals,kase_peak_oscillator_signals,variance_volume_signals,wma_baseline,laguerre_filter_exit,trend,C,True,0.1116921891495707,15.190137724341616,1.4749132511324514,0.4117647058823529,2.38836548279425,11.281672794532298,5.000000000000002,1.6071976131168744,3.038027544868322,136,86,50,2,1.0,0.2,2.95,1.05,0.8,"{""base"": {""ma_length"": 200}, ""c1"": {""adx_smoothing"": 14, ""adx_threshold"": 25, ""di_length"": 14}, ""c2"": {""long_cycle"": 428, ""sharpness"": 40, ""short_cycle"": 10}, ""exit_ind"": {""alpha"": 0.106734}, ""vol"": {""ema_len"": 12, ""filter_lookback"": 20, ""hline"": 0, ""lookback"": 20}}","{""base"": {""ma_length"": 200}, ""c1"": {""adx_smoothing"": 11, ""adx_threshold"": 25, ""di_length"": 14}, ""c2"": {""long_cycle"": 65, ""sharpness"": 40, ""short_cycle"": 8}, ""exit_ind"": {""alpha"": 1.315866}, ""vol"": {""ema_len"": 8, ""filter_lookback"": 25, ""hline"": 0, ""lookback"": 25}}","{""atr_len"": 42, ""atr_mult"": 1.0, ""be_pct"": 0.05, ""tp_mult"": 2.95, ""trail_arm"": 2.0, ""trail_mult"": 0.5}",deep,deep,0.2120965792585717,0.0670792006708127,0.4090049445405209,"{""base"": {""ma_length"": 200}, ""c1"": {""adx_smoothing"": 11, ""adx_threshold"": 25, ""di_length"": 14}, ""c2"": {""long_cycle"": 428, ""sharpness"": 40, ""short_cycle"": 15}, ""exit_ind"": {""alpha"": 0.374763}, ""vol"": {""ema_len"": 12, ""filter_lookback"": 20, ""hline"": 0, ""lookback"": 20}}","{""atr_len"": 2, ""atr_mult"": 1.0, ""be_pct"": 0.05, ""tp_mult"": 2.95, ""trail_arm"": 2.0, ""trail_mult"": 1.5}","{""base"": {""ma_length"": 200}, ""c1"": {""adx_smoothing"": 11, ""adx_threshold"": 25, ""di_length"": 14}, ""c2"": {""long_cycle"": 65, ""sharpness"": 40, ""short_cycle"": 8}, ""exit_ind"": {""alpha"": 1.315866}, ""vol"": {""ema_len"": 10, ""filter_lookback"": 20, ""hline"": 0, ""lookback"": 25}}","{""atr_len"": 42, ""atr_mult"": 1.0, ""be_pct"": 0.05, ""tp_mult"": 2.95, ""trail_arm"": 2.0, ""trail_mult"": 1.5}",0.4678894678274355,False
adx_dmi_signals,kase_peak_oscillator_signals,variance_volume_signals,wma_baseline,linreg_slope_exit,trend,C,True,0.192495416474278,23.099449976913363,1.6754398099712309,0.3833333333333333,3.5204805808562956,45.47677095099277,5.000000000000002,1.788986404897844,4.619889995382671,120,70,50,2,1.0,0.05,2.95,1.05,0.8,"{""base"": {""ma_length"": 200}, ""c1"": {""adx_smoothing"": 14, ""adx_threshold"": 25, ""di_length"": 14}, ""c2"": {""long_cycle"": 428, ""sharpness"": 40, ""short_cycle"": 10}, ""exit_ind"": {""length"": 61, ""r2_floor"": 0.2}, ""vol"": {""ema_len"": 12, ""filter_lookback"": 20, ""hline"": 0, ""lookback"": 20}}","{""base"": {""ma_length"": 200}, ""c1"": {""adx_smoothing"": 11, ""adx_threshold"": 25, ""di_length"": 14}, ""c2"": {""long_cycle"": 65, ""sharpness"": 40, ""short_cycle"": 8}, ""exit_ind"": {""length"": 26, ""r2_floor"": 0.2}, ""vol"": {""ema_len"": 10, ""filter_lookback"": 20, ""hline"": 0, ""lookback"": 25}}","{""atr_len"": 46, ""atr_mult"": 1.15, ""be_pct"": 0.01, ""tp_mult"": 2.55, ""trail_arm"": 1.9, ""trail_mult"": 0.5}",deep,deep,0.1673714263619208,0.0690286824921992,0.4061755893099782,"{""base"": {""ma_length"": 200}, ""c1"": {""adx_smoothing"": 11, ""adx_threshold"": 25, ""di_length"": 14}, ""c2"": {""long_cycle"": 428, ""sharpness"": 40, ""short_cycle"": 15}, ""exit_ind"": {""length"": 14, ""r2_floor"": 0.2}, ""vol"": {""ema_len"": 12, ""filter_lookback"": 20, ""hline"": 0, ""lookback"": 20}}","{""atr_len"": 2, ""atr_mult"": 1.0, ""be_pct"": 0.05, ""tp_mult"": 2.95, ""trail_arm"": 2.0, ""trail_mult"": 1.5}","{""base"": {""ma_length"": 200}, ""c1"": {""adx_smoothing"": 11, ""adx_threshold"": 25, ""di_length"": 14}, ""c2"": {""long_cycle"": 65, ""sharpness"": 40, ""short_cycle"": 8}, ""exit_ind"": {""length"": 14, ""r2_floor"": 0.2}, ""vol"": {""ema_len"": 10, ""filter_lookback"": 20, ""hline"": 0, ""lookback"": 25}}","{""atr_len"": 41, ""atr_mult"": 1.15, ""be_pct"": 0.05, ""tp_mult"": 2.4, ""trail_arm"": 2.0, ""trail_mult"": 1.5}",0.3265398593516705,False
adx_dmi_signals,kase_peak_oscillator_signals,variance_volume_signals,wma_baseline,mama_fama_exit,trend,C,True,0.1066249168597121,13.434739524323737,1.3495864022265156,0.3492063492063492,1.9715423538950632,14.710756459087202,6.67293764604276,2.4409484531552352,2.013317108139159,126,76,50,2,1.0,0.2,2.95,1.05,0.8,"{""base"": {""ma_length"": 200}, ""c1"": {""adx_smoothing"": 14, ""adx_threshold"": 25, ""di_length"": 14}, ""c2"": {""long_cycle"": 428, ""sharpness"": 40, ""short_cycle"": 10}, ""exit_ind"": {""fast_limit"": 0.17556, ""slow_limit"": 0.061642}, ""vol"": {""ema_len"": 12, ""filter_lookback"": 20, ""hline"": 0, ""lookback"": 20}}","{""base"": {""ma_length"": 200}, ""c1"": {""adx_smoothing"": 11, ""adx_threshold"": 25, ""di_length"": 14}, ""c2"": {""long_cycle"": 65, ""sharpness"": 40, ""short_cycle"": 8}, ""exit_ind"": {""fast_limit"": 0.936909, ""slow_limit"": 0.05}, ""vol"": {""ema_len"": 10, ""filter_lookback"": 20, ""hline"": 0, ""lookback"": 25}}","{""atr_len"": 41, ""atr_mult"": 1.0, ""be_pct"": 0.09, ""tp_mult"": 3.0, ""trail_arm"": 1.95, ""trail_mult"": 0.5}",deep,deep,0.2030090835154221,0.058974875389079,0.4121395210570496,"{""base"": {""ma_length"": 200}, ""c1"": {""adx_smoothing"": 11, ""adx_threshold"": 25, ""di_length"": 14}, ""c2"": {""long_cycle"": 428, ""sharpness"": 40, ""short_cycle"": 15}, ""exit_ind"": {""fast_limit"": 0.936909, ""slow_limit"": 0.05}, ""vol"": {""ema_len"": 12, ""filter_lookback"": 20, ""hline"": 0, ""lookback"": 20}}","{""atr_len"": 2, ""atr_mult"": 1.0, ""be_pct"": 0.05, ""tp_mult"": 2.95, ""trail_arm"": 2.0, ""trail_mult"": 1.5}","{""base"": {""ma_length"": 200}, ""c1"": {""adx_smoothing"": 11, ""adx_threshold"": 25, ""di_length"": 14}, ""c2"": {""long_cycle"": 65, ""sharpness"": 40, ""short_cycle"": 8}, ""exit_ind"": {""fast_limit"": 0.936909, ""slow_limit"": 0.05}, ""vol"": {""ema_len"": 10, ""filter_lookback"": 20, ""hline"": 0, ""lookback"": 25}}","{""atr_len"": 41, ""atr_mult"": 1.1, ""be_pct"": 0.05, ""tp_mult"": 3.0, ""trail_arm"": 2.0, ""trail_mult"": 1.5}",0.4453932366385709,False
adx_dmi_signals,kase_peak_oscillator_signals,variance_volume_signals,wma_baseline,price_momentum_oscillator_exit,trend,C,True,0.1617246298170354,19.406955578044258,1.5220043545737965,0.3666666666666666,2.756705157948753,55.36572347501671,6.010269185688589,2.178021633126322,3.228966120894438,120,70,50,2,1.0,0.05,2.95,1.05,0.8,"{""base"": {""ma_length"": 200}, ""c1"": {""adx_smoothing"": 14, ""adx_threshold"": 25, ""di_length"": 14}, ""c2"": {""long_cycle"": 428, ""sharpness"": 40, ""short_cycle"": 10}, ""exit_ind"": {""s1"": 350, ""s2"": 11, ""sig"": 10}, ""vol"": {""ema_len"": 12, ""filter_lookback"": 20, ""hline"": 0, ""lookback"": 20}}","{""base"": {""ma_length"": 200}, ""c1"": {""adx_smoothing"": 11, ""adx_threshold"": 25, ""di_length"": 14}, ""c2"": {""long_cycle"": 65, ""sharpness"": 40, ""short_cycle"": 8}, ""exit_ind"": {""s1"": 4, ""s2"": 20, ""sig"": 10}, ""vol"": {""ema_len"": 10, ""filter_lookback"": 20, ""hline"": 0, ""lookback"": 25}}","{""atr_len"": 41, ""atr_mult"": 1.1, ""be_pct"": 0.19, ""tp_mult"": 2.9, ""trail_arm"": 2.0, ""trail_mult"": 0.5}",deep,deep,0.2838225285542061,0.0515015496760255,0.4108403884470448,"{""base"": {""ma_length"": 200}, ""c1"": {""adx_smoothing"": 11, ""adx_threshold"": 25, ""di_length"": 14}, ""c2"": {""long_cycle"": 428, ""sharpness"": 40, ""short_cycle"": 15}, ""exit_ind"": {""s1"": 350, ""s2"": 20, ""sig"": 10}, ""vol"": {""ema_len"": 12, ""filter_lookback"": 20, ""hline"": 0, ""lookback"": 20}}","{""atr_len"": 2, ""atr_mult"": 1.0, ""be_pct"": 0.05, ""tp_mult"": 2.95, ""trail_arm"": 2.0, ""trail_mult"": 1.5}","{""base"": {""ma_length"": 200}, ""c1"": {""adx_smoothing"": 11, ""adx_threshold"": 25, ""di_length"": 14}, ""c2"": {""long_cycle"": 65, ""sharpness"": 40, ""short_cycle"": 8}, ""exit_ind"": {""s1"": 35, ""s2"": 20, ""sig"": 10}, ""vol"": {""ema_len"": 10, ""filter_lookback"": 20, ""hline"": 0, ""lookback"": 25}}","{""atr_len"": 41, ""atr_mult"": 1.1, ""be_pct"": 0.05, ""tp_mult"": 1.6, ""trail_arm"": 2.0, ""trail_mult"": 1.5}",0.4117819362360456,False
adx_dmi_signals,kase_peak_oscillator_signals,variance_volume_signals,wma_baseline,supertrend_exit,trend,C,True,0.1886647029728418,23.771752574578077,1.586162353898526,0.3333333333333333,3.080193629453841,86.70570212646912,7.499999999999993,2.742460246333252,3.1695670099437465,126,76,50,2,1.0,0.05,2.95,1.05,0.8,"{""base"": {""ma_length"": 200}, ""c1"": {""adx_smoothing"": 14, ""adx_threshold"": 25, ""di_length"": 14}, ""c2"": {""long_cycle"": 428, ""sharpness"": 40, ""short_cycle"": 10}, ""exit_ind"": {""atr_period"": 4, ""factor"": 4}, ""vol"": {""ema_len"": 12, ""filter_lookback"": 20, ""hline"": 0, ""lookback"": 20}}","{""base"": {""ma_length"": 200}, ""c1"": {""adx_smoothing"": 11, ""adx_threshold"": 25, ""di_length"": 14}, ""c2"": {""long_cycle"": 65, ""sharpness"": 40, ""short_cycle"": 8}, ""exit_ind"": {""atr_period"": 10, ""factor"": 3}, ""vol"": {""ema_len"": 10, ""filter_lookback"": 20, ""hline"": 0, ""lookback"": 25}}","{""atr_len"": 41, ""atr_mult"": 1.0, ""be_pct"": 0.05, ""tp_mult"": 3.0, ""trail_arm"": 1.95, ""trail_mult"": 0.5}",deep,deep,0.2702009985374977,0.0515015496760255,0.4005517902656178,"{""base"": {""ma_length"": 200}, ""c1"": {""adx_smoothing"": 11, ""adx_threshold"": 25, ""di_length"": 14}, ""c2"": {""long_cycle"": 428, ""sharpness"": 40, ""short_cycle"": 15}, ""exit_ind"": {""atr_period"": 10, ""factor"": 6}, ""vol"": {""ema_len"": 12, ""filter_lookback"": 20, ""hline"": 0, ""lookback"": 20}}","{""atr_len"": 2, ""atr_mult"": 1.0, ""be_pct"": 0.05, ""tp_mult"": 2.95, ""trail_arm"": 2.0, ""trail_mult"": 1.5}","{""base"": {""ma_length"": 200}, ""c1"": {""adx_smoothing"": 11, ""adx_threshold"": 25, ""di_length"": 14}, ""c2"": {""long_cycle"": 65, ""sharpness"": 40, ""short_cycle"": 8}, ""exit_ind"": {""atr_period"": 10, ""factor"": 3}, ""vol"": {""ema_len"": 10, ""filter_lookback"": 20, ""hline"": 0, ""lookback"": 25}}","{""atr_len"": 41, ""atr_mult"": 1.1, ""be_pct"": 0.05, ""tp_mult"": 2.9, ""trail_arm"": 2.0, ""trail_mult"": 1.5}",0.4119062363922073,False
adx_dmi_signals,kase_peak_oscillator_signals,variance_volume_signals,wma_baseline,volatility_quality_exit,trend,C,True,0.082881490435268,10.940356737455382,1.2997893507996776,0.3560606060606061,1.6494074225996511,11.016465014075424,6.3425076026806,2.5662193908159656,1.724926073849962,132,80,52,50,1.05,0.01,2.6,1.9,0.5,"{""base"": {""ma_length"": 200}, ""c1"": {""adx_smoothing"": 11, ""adx_threshold"": 25, ""di_length"": 14}, ""c2"": {""long_cycle"": 281, ""sharpness"": 40, ""short_cycle"": 2}, ""exit_ind"": {""atr_pct"": 0.213603, ""smooth"": 4}, ""vol"": {""ema_len"": 5, ""filter_lookback"": 11, ""hline"": 0, ""lookback"": 87}}","{""base"": {""ma_length"": 200}, ""c1"": {""adx_smoothing"": 11, ""adx_threshold"": 25, ""di_length"": 14}, ""c2"": {""long_cycle"": 65, ""sharpness"": 40, ""short_cycle"": 8}, ""exit_ind"": {""atr_pct"": 0.075, ""smooth"": 5}, ""vol"": {""ema_len"": 10, ""filter_lookback"": 20, ""hline"": 0, ""lookback"": 25}}","{""atr_len"": 42, ""atr_mult"": 1.0, ""be_pct"": 0.05, ""tp_mult"": 3.0, ""trail_arm"": 1.9, ""trail_mult"": 0.5}",deep,deep,0.2782917339280056,0.0473553318668561,0.536759406407629,"{""base"": {""ma_length"": 200}, ""c1"": {""adx_smoothing"": 11, ""adx_threshold"": 25, ""di_length"": 14}, ""c2"": {""long_cycle"": 428, ""sharpness"": 40, ""short_cycle"": 15}, ""exit_ind"": {""atr_pct"": 0.075, ""smooth"": 4}, ""vol"": {""ema_len"": 12, ""filter_lookback"": 20, ""hline"": 0, ""lookback"": 20}}","{""atr_len"": 50, ""atr_mult"": 1.0, ""be_pct"": 0.05, ""tp_mult"": 2.65, ""trail_arm"": 2.0, ""trail_mult"": 1.5}","{""base"": {""ma_length"": 200}, ""c1"": {""adx_smoothing"": 11, ""adx_threshold"": 25, ""di_length"": 14}, ""c2"": {""long_cycle"": 65, ""sharpness"": 40, ""short_cycle"": 8}, ""exit_ind"": {""atr_pct"": 0.075, ""smooth"": 5}, ""vol"": {""ema_len"": 10, ""filter_lookback"": 20, ""hline"": 0, ""lookback"": 25}}","{""atr_len"": 42, ""atr_mult"": 1.0, ""be_pct"": 0.05, ""tp_mult"": 3.0, ""trail_arm"": 2.0, ""trail_mult"": 1.5}",0.4756537545143612,False
adx_dmi_signals,kuskus_starlight_signals,variance_volume_signals,wma_baseline,kase_peak_oscillator_exit,trend,C,True,0.2160733816853917,32.411007252808766,1.8842971660852117,0.4533333333333333,4.098675082984081,38.89006954508364,5.150281563183526,1.755294825918722,6.293055409726892,150,98,52,7,1.0,0.05,3.0,1.75,2.0,"{""base"": {""ma_length"": 200}, ""c1"": {""adx_smoothing"": 11, ""adx_threshold"": 25, ""di_length"": 14}, ""c2"": {""index_smooth"": 0.7, ""price_smooth"": 0.7, ""range_periods"": 3}, ""exit_ind"": {""long_cycle"": 650, ""sharpness"": 40, ""short_cycle"": 4}, ""vol"": {""ema_len"": 10, ""filter_lookback"": 25, ""hline"": 0, ""lookback"": 20}}","{""base"": {""ma_length"": 11}, ""c1"": {""adx_smoothing"": 7, ""adx_threshold"": 25, ""di_length"": 40}, ""c2"": {""index_smooth"": 0.862993, ""price_smooth"": 0.7, ""range_periods"": 16}, ""exit_ind"": {""long_cycle"": 65, ""sharpness"": 40, ""short_cycle"": 8}, ""vol"": {""ema_len"": 12, ""filter_lookback"": 20, ""hline"": 0, ""lookback"": 20}}","{""atr_len"": 5, ""atr_mult"": 1.05, ""be_pct"": 0.05, ""tp_mult"": 1.45, ""trail_arm"": 1.0, ""trail_mult"": 0.7}",deep,deep,0.1772643108606795,0.0744207974648574,0.3777667682489137,"{""base"": {""ma_length"": 200}, ""c1"": {""adx_smoothing"": 14, ""adx_threshold"": 25, ""di_length"": 14}, ""c2"": {""index_smooth"": 0.7, ""price_smooth"": 0.7, ""range_periods"": 3}, ""exit_ind"": {""long_cycle"": 65, ""sharpness"": 40, ""short_cycle"": 80}, ""vol"": {""ema_len"": 12, ""filter_lookback"": 20, ""hline"": 0, ""lookback"": 20}}","{""atr_len"": 7, ""atr_mult"": 1.0, ""be_pct"": 0.05, ""tp_mult"": 2.95, ""trail_arm"": 2.0, ""trail_mult"": 1.5}","{""base"": {""ma_length"": 11}, ""c1"": {""adx_smoothing"": 14, ""adx_threshold"": 25, ""di_length"": 40}, ""c2"": {""index_smooth"": 0.862993, ""price_smooth"": 0.7, ""range_periods"": 16}, ""exit_ind"": {""long_cycle"": 65, ""sharpness"": 40, ""short_cycle"": 3}, ""vol"": {""ema_len"": 12, ""filter_lookback"": 20, ""hline"": 0, ""lookback"": 20}}","{""atr_len"": 5, ""atr_mult"": 1.05, ""be_pct"": 0.05, ""tp_mult"": 1.4, ""trail_arm"": 2.0, ""trail_mult"": 1.5}",0.283408140755412,False
adx_dmi_signals,kuskus_starlight_signals,variance_volume_signals,wma_baseline,mama_fama_exit,trend,C,True,0.0894437930482186,17.7098710235473,1.3124311583964574,0.3383838383838384,1.738362497291248,12.929881110533453,10.92926444742008,4.088581152004439,1.6204083183043323,198,146,52,36,1.0,0.08,3.0,1.0,0.65,"{""base"": {""ma_length"": 200}, ""c1"": {""adx_smoothing"": 11, ""adx_threshold"": 25, ""di_length"": 14}, ""c2"": {""index_smooth"": 0.7, ""price_smooth"": 0.7, ""range_periods"": 3}, ""exit_ind"": {""fast_limit"": 0.5, ""slow_limit"": 0.061642}, ""vol"": {""ema_len"": 19, ""filter_lookback"": 20, ""hline"": 0, ""lookback"": 20}}","{""base"": {""ma_length"": 25}, ""c1"": {""adx_smoothing"": 14, ""adx_threshold"": 25, ""di_length"": 26}, ""c2"": {""index_smooth"": 0.862993, ""price_smooth"": 0.7, ""range_periods"": 7}, ""exit_ind"": {""fast_limit"": 0.5, ""slow_limit"": 0.216438}, ""vol"": {""ema_len"": 12, ""filter_lookback"": 2, ""hline"": 0, ""lookback"": 200}}","{""atr_len"": 50, ""atr_mult"": 1.0, ""be_pct"": 0.01, ""tp_mult"": 1.6, ""trail_arm"": 1.2, ""trail_mult"": 1.45}",deep,deep,0.1528272491442973,0.0792399590980893,0.4057108466156238,"{""base"": {""ma_length"": 200}, ""c1"": {""adx_smoothing"": 14, ""adx_threshold"": 25, ""di_length"": 14}, ""c2"": {""index_smooth"": 0.7, ""price_smooth"": 0.7, ""range_periods"": 3}, ""exit_ind"": {""fast_limit"": 0.616423, ""slow_limit"": 0.05}, ""vol"": {""ema_len"": 12, ""filter_lookback"": 20, ""hline"": 0, ""lookback"": 20}}","{""atr_len"": 7, ""atr_mult"": 1.0, ""be_pct"": 0.05, ""tp_mult"": 3.0, ""trail_arm"": 2.0, ""trail_mult"": 1.5}","{""base"": {""ma_length"": 25}, ""c1"": {""adx_smoothing"": 14, ""adx_threshold"": 25, ""di_length"": 40}, ""c2"": {""index_smooth"": 0.862993, ""price_smooth"": 0.7, ""range_periods"": 7}, ""exit_ind"": {""fast_limit"": 0.616423, ""slow_limit"": 0.05}, ""vol"": {""ema_len"": 12, ""filter_lookback"": 2, ""hline"": 0, ""lookback"": 200}}","{""atr_len"": 50, ""atr_mult"": 1.0, ""be_pct"": 0.05, ""tp_mult"": 2.4, ""trail_arm"": 2.0, ""trail_mult"": 1.5}",0.311949742463957,False
adx_dmi_signals,mama_fama_signals,variance_volume_signals,wma_baseline,coral_exit,trend,C,True,0.1256481097691621,18.59592024583599,1.6149407239732805,0.4324324324324324,2.7112694952788745,12.21261776289535,8.652899746912567,2.4565590022567005,2.149096925856697,148,80,68,3,1.0,0.01,3.0,1.9,1.2,"{""base"": {""ma_length"": 37}, ""c1"": {""adx_smoothing"": 11, ""adx_threshold"": 25, ""di_length"": 7}, ""c2"": {""fast_limit"": 0.405565, ""slow_limit"": 0.093691}, ""exit_ind"": {""const_d"": 140, ""smooth_period"": 66}, ""vol"": {""ema_len"": 5, ""filter_lookback"": 87, ""hline"": 0, ""lookback"": 37}}","{""base"": {""ma_length"": 200}, ""c1"": {""adx_smoothing"": 11, ""adx_threshold"": 25, ""di_length"": 14}, ""c2"": {""fast_limit"": 0.405565, ""slow_limit"": 0.005}, ""exit_ind"": {""const_d"": 5, ""smooth_period"": 5}, ""vol"": {""ema_len"": 5, ""filter_lookback"": 37, ""hline"": 0, ""lookback"": 25}}","{""atr_len"": 50, ""atr_mult"": 1.0, ""be_pct"": 0.05, ""tp_mult"": 2.65, ""trail_arm"": 2.0, ""trail_mult"": 0.5}",deep,deep,0.3058024275473388,0.0505511829839913,1.0303853764281894,"{""base"": {""ma_length"": 20}, ""c1"": {""adx_smoothing"": 14, ""adx_threshold"": 25, ""di_length"": 7}, ""c2"": {""fast_limit"": 0.5, ""slow_limit"": 0.05}, ""exit_ind"": {""const_d"": 14, ""smooth_period"": 28}, ""vol"": {""ema_len"": 12, ""filter_lookback"": 20, ""hline"": 0, ""lookback"": 132}}","{""atr_len"": 3, ""atr_mult"": 1.0, ""be_pct"": 0.05, ""tp_mult"": 3.0, ""trail_arm"": 2.0, ""trail_mult"": 1.5}","{""base"": {""ma_length"": 200}, ""c1"": {""adx_smoothing"": 14, ""adx_threshold"": 25, ""di_length"": 14}, ""c2"": {""fast_limit"": 0.405565, ""slow_limit"": 0.005}, ""exit_ind"": {""const_d"": 14, ""smooth_period"": 5}, ""vol"": {""ema_len"": 12, ""filter_lookback"": 2, ""hline"": 0, ""lookback"": 20}}","{""atr_len"": 42, ""atr_mult"": 1.0, ""be_pct"": 0.05, ""tp_mult"": 3.0, ""trail_arm"": 2.0, ""trail_mult"": 1.5}",0.32407443387553,False
adx_dmi_signals,mama_fama_signals,variance_volume_signals,wma_baseline,hieken_ashi_smoothed_exit,trend,C,True,0.1043770311322089,17.117833105682262,1.380992909803462,0.3780487804878049,1.9614052704980245,13.501098126917306,6.05067579636205,2.58601628174585,2.8290778884524443,164,76,88,3,1.0,0.01,2.85,1.45,0.6,"{""base"": {""ma_length"": 37}, ""c1"": {""adx_smoothing"": 11, ""adx_threshold"": 25, ""di_length"": 7}, ""c2"": {""fast_limit"": 0.405565, ""slow_limit"": 0.093691}, ""exit_ind"": {""ma_len1"": 10, ""ma_len2"": 8}, ""vol"": {""ema_len"": 12, ""filter_lookback"": 25, ""hline"": 0, ""lookback"": 132}}","{""base"": {""ma_length"": 200}, ""c1"": {""adx_smoothing"": 7, ""adx_threshold"": 25, ""di_length"": 14}, ""c2"": {""fast_limit"": 0.936909, ""slow_limit"": 0.05}, ""exit_ind"": {""ma_len1"": 4, ""ma_len2"": 2}, ""vol"": {""ema_len"": 10, ""filter_lookback"": 3, ""hline"": 0, ""lookback"": 5}}","{""atr_len"": 42, ""atr_mult"": 1.0, ""be_pct"": 0.05, ""tp_mult"": 2.8, ""trail_arm"": 2.0, ""trail_mult"": 0.5}",deep,deep,0.3578339368600299,0.0905934217526773,0.8841276611558148,"{""base"": {""ma_length"": 25}, ""c1"": {""adx_smoothing"": 14, ""adx_threshold"": 25, ""di_length"": 7}, ""c2"": {""fast_limit"": 0.5, ""slow_limit"": 0.05}, ""exit_ind"": {""ma_len1"": 2, ""ma_len2"": 8}, ""vol"": {""ema_len"": 12, ""filter_lookback"": 20, ""hline"": 0, ""lookback"": 132}}","{""atr_len"": 3, ""atr_mult"": 1.0, ""be_pct"": 0.05, ""tp_mult"": 2.85, ""trail_arm"": 2.0, ""trail_mult"": 1.5}","{""base"": {""ma_length"": 200}, ""c1"": {""adx_smoothing"": 14, ""adx_threshold"": 25, ""di_length"": 14}, ""c2"": {""fast_limit"": 0.936909, ""slow_limit"": 0.05}, ""exit_ind"": {""ma_len1"": 4, ""ma_len2"": 8}, ""vol"": {""ema_len"": 10, ""filter_lookback"": 2, ""hline"": 0, ""lookback"": 20}}","{""atr_len"": 39, ""atr_mult"": 1.0, ""be_pct"": 0.05, ""tp_mult"": 3.0, ""trail_arm"": 2.0, ""trail_mult"": 1.5}",0.2164403393074096,False
adx_dmi_signals,price_momentum_oscillator_signals,variance_volume_signals,wma_baseline,linreg_slope_exit,trend,C,True,0.101207223484193,18.217300227154745,1.3625124607672507,0.3666666666666666,1.9309144703213228,14.52729296635476,6.253120413869511,3.084194710476017,2.9133135173198506,180,84,96,3,1.0,0.05,3.0,2.0,0.9,"{""base"": {""ma_length"": 37}, ""c1"": {""adx_smoothing"": 11, ""adx_threshold"": 25, ""di_length"": 7}, ""c2"": {""s1"": 12, ""s2"": 20, ""sig"": 10}, ""exit_ind"": {""length"": 17, ""r2_floor"": 0.2}, ""vol"": {""ema_len"": 12, ""filter_lookback"": 25, ""hline"": 0, ""lookback"": 132}}","{""base"": {""ma_length"": 16}, ""c1"": {""adx_smoothing"": 14, ""adx_threshold"": 25, ""di_length"": 40}, ""c2"": {""s1"": 4, ""s2"": 16, ""sig"": 10}, ""exit_ind"": {""length"": 17, ""r2_floor"": 0.2}, ""vol"": {""ema_len"": 10, ""filter_lookback"": 20, ""hline"": 0, ""lookback"": 25}}","{""atr_len"": 33, ""atr_mult"": 1.0, ""be_pct"": 0.05, ""tp_mult"": 1.5, ""trail_arm"": 1.0, ""trail_mult"": 1.45}",deep,deep,0.3340963683087804,0.0668886363710841,0.9465734287179676,"{""base"": {""ma_length"": 25}, ""c1"": {""adx_smoothing"": 14, ""adx_threshold"": 25, ""di_length"": 7}, ""c2"": {""s1"": 8, ""s2"": 20, ""sig"": 10}, ""exit_ind"": {""length"": 5, ""r2_floor"": 0.2}, ""vol"": {""ema_len"": 10, ""filter_lookback"": 20, ""hline"": 0, ""lookback"": 132}}","{""atr_len"": 3, ""atr_mult"": 1.0, ""be_pct"": 0.05, ""tp_mult"": 2.0, ""trail_arm"": 2.0, ""trail_mult"": 1.5}","{""base"": {""ma_length"": 16}, ""c1"": {""adx_smoothing"": 11, ""adx_threshold"": 25, ""di_length"": 40}, ""c2"": {""s1"": 4, ""s2"": 20, ""sig"": 10}, ""exit_ind"": {""length"": 17, ""r2_floor"": 0.2}, ""vol"": {""ema_len"": 10, ""filter_lookback"": 20, ""hline"": 0, ""lookback"": 25}}","{""atr_len"": 33, ""atr_mult"": 1.0, ""be_pct"": 0.05, ""tp_mult"": 1.5, ""trail_arm"": 2.0, ""trail_mult"": 1.5}",0.3828196739586542,False
adx_dmi_signals,price_momentum_oscillator_signals,variance_volume_signals,wma_baseline,vortex_exit,trend,C,True,0.1068920674388511,18.171651464604697,1.356551773204394,0.3470588235294117,1.926367183490196,16.889723989655824,11.141344508325885,3.757612150184124,1.6310106424790198,170,70,100,3,1.0,0.02,2.85,1.55,0.5,"{""base"": {""ma_length"": 37}, ""c1"": {""adx_smoothing"": 11, ""adx_threshold"": 25, ""di_length"": 7}, ""c2"": {""s1"": 12, ""s2"": 16, ""sig"": 10}, ""exit_ind"": {""period"": 140}, ""vol"": {""ema_len"": 12, ""filter_lookback"": 25, ""hline"": 0, ""lookback"": 132}}","{""base"": {""ma_length"": 37}, ""c1"": {""adx_smoothing"": 11, ""adx_threshold"": 25, ""di_length"": 40}, ""c2"": {""s1"": 8, ""s2"": 20, ""sig"": 10}, ""exit_ind"": {""period"": 14}, ""vol"": {""ema_len"": 10, ""filter_lookback"": 20, ""hline"": 0, ""lookback"": 11}}","{""atr_len"": 13, ""atr_mult"": 1.0, ""be_pct"": 0.05, ""tp_mult"": 2.9, ""trail_arm"": 1.25, ""trail_mult"": 0.8}",deep,deep,0.3200865581178795,0.0354422017489253,0.9591091909972926,"{""base"": {""ma_length"": 25}, ""c1"": {""adx_smoothing"": 14, ""adx_threshold"": 25, ""di_length"": 7}, ""c2"": {""s1"": 100, ""s2"": 20, ""sig"": 10}, ""exit_ind"": {""period"": 3}, ""vol"": {""ema_len"": 10, ""filter_lookback"": 20, ""hline"": 0, ""lookback"": 132}}","{""atr_len"": 3, ""atr_mult"": 1.0, ""be_pct"": 0.05, ""tp_mult"": 2.0, ""trail_arm"": 2.0, ""trail_mult"": 1.5}","{""base"": {""ma_length"": 37}, ""c1"": {""adx_smoothing"": 11, ""adx_threshold"": 25, ""di_length"": 40}, ""c2"": {""s1"": 8, ""s2"": 20, ""sig"": 10}, ""exit_ind"": {""period"": 14}, ""vol"": {""ema_len"": 10, ""filter_lookback"": 20, ""hline"": 0, ""lookback"": 11}}","{""atr_len"": 50, ""atr_mult"": 1.0, ""be_pct"": 0.05, ""tp_mult"": 2.85, ""trail_arm"": 2.0, ""trail_mult"": 1.5}",0.2851377934397726,False
adx_dmi_signals,schaff_trend_cycle_signals,volatility_ratio_volume_signals,t3_baseline,hieken_ashi_smoothed_exit,trend,C,True,0.322720507161197,43.8899889739228,2.050886686465492,0.3602941176470588,4.1036049866389765,283.9421859756357,7.000000000000014,3.0891940591156697,6.269998424846102,136,84,52,28,1.0,0.05,3.0,1.0,0.55,"{""base"": {""length"": 100, ""volume_factor"": 0.7}, ""c1"": {""adx_smoothing"": 14, ""adx_threshold"": 25, ""di_length"": 14}, ""c2"": {""cycleLen"": 10, ""d1"": 3, ""d2"": 3, ""lowerBand"": 25, ""macdFast"": 23, ""macdSlow"": 50, ""stc_midline"": 94, ""upperBand"": 75}, ""exit_ind"": {""ma_len1"": 53, ""ma_len2"": 15}, ""vol"": {""length"": 26}}","{""base"": {""length"": 19, ""volume_factor"": 0.567792}, ""c1"": {""adx_smoothing"": 26, ""adx_threshold"": 25, ""di_length"": 26}, ""c2"": {""cycleLen"": 19, ""d1"": 3, ""d2"": 9, ""lowerBand"": 25, ""macdFast"": 66, ""macdSlow"": 50, ""stc_midline"": 50, ""upperBand"": 75}, ""exit_ind"": {""ma_len1"": 35, ""ma_len2"": 8}, ""vol"": {""length"": 26}}","{""atr_len"": 20, ""atr_mult"": 1.0, ""be_pct"": 0.05, ""tp_mult"": 3.0, ""trail_arm"": 1.6, ""trail_mult"": 1.4}",deep,deep,0.4247207351401675,0.0175562141505138,0.6771338091520596,"{""base"": {""length"": 100, ""volume_factor"": 0.7}, ""c1"": {""adx_smoothing"": 14, ""adx_threshold"": 25, ""di_length"": 14}, ""c2"": {""cycleLen"": 10, ""d1"": 3, ""d2"": 3, ""lowerBand"": 25, ""macdFast"": 28, ""macdSlow"": 50, ""stc_midline"": 50, ""upperBand"": 75}, ""exit_ind"": {""ma_len1"": 2, ""ma_len2"": 8}, ""vol"": {""length"": 92}}","{""atr_len"": 44, ""atr_mult"": 1.0, ""be_pct"": 0.05, ""tp_mult"": 3.0, ""trail_arm"": 2.0, ""trail_mult"": 1.5}","{""base"": {""length"": 10, ""volume_factor"": 0.7}, ""c1"": {""adx_smoothing"": 14, ""adx_threshold"": 25, ""di_length"": 26}, ""c2"": {""cycleLen"": 10, ""d1"": 3, ""d2"": 3, ""lowerBand"": 25, ""macdFast"": 66, ""macdSlow"": 50, ""stc_midline"": 50, ""upperBand"": 75}, ""exit_ind"": {""ma_len1"": 4, ""ma_len2"": 8}, ""vol"": {""length"": 92}}","{""atr_len"": 32, ""atr_mult"": 1.0, ""be_pct"": 0.05, ""tp_mult"": 3.0, ""trail_arm"": 2.0, ""trail_mult"": 1.5}",0.2119586208296862,False
aroon_signals,adx_dmi_signals,variance_volume_signals,wma_baseline,lemantrend_exit,trend,C,True,0.1338927463788922,16.870486043740428,1.494546997128779,0.3888888888888889,2.6563575527460026,15.7957654104563,9.136219274154836,3.45272223388794,1.846550037548334,126,74,52,50,1.15,0.05,2.65,2.0,0.6,"{""base"": {""ma_length"": 200}, ""c1"": {""length"": 6}, ""c2"": {""adx_smoothing"": 11, ""adx_threshold"": 25, ""di_length"": 14}, ""exit_ind"": {""fast_period"": 42, ""medium_period"": 21, ""slow_period"": 13, ""smooth"": 4}, ""vol"": {""ema_len"": 5, ""filter_lookback"": 200, ""hline"": 0, ""lookback"": 20}}","{""base"": {""ma_length"": 200}, ""c1"": {""length"": 6}, ""c2"": {""adx_smoothing"": 11, ""adx_threshold"": 25, ""di_length"": 14}, ""exit_ind"": {""fast_period"": 147, ""medium_period"": 21, ""slow_period"": 13, ""smooth"": 2}, ""vol"": {""ema_len"": 28, ""filter_lookback"": 20, ""hline"": 0, ""lookback"": 25}}","{""atr_len"": 50, ""atr_mult"": 1.0, ""be_pct"": 0.05, ""tp_mult"": 2.55, ""trail_arm"": 1.0, ""trail_mult"": 0.5}",deep,deep,0.1963417051938791,0.073786112363062,0.3900028821009287,"{""base"": {""ma_length"": 200}, ""c1"": {""length"": 6}, ""c2"": {""adx_smoothing"": 14, ""adx_threshold"": 25, ""di_length"": 14}, ""exit_ind"": {""fast_period"": 34, ""medium_period"": 21, ""slow_period"": 13, ""smooth"": 3}, ""vol"": {""ema_len"": 12, ""filter_lookback"": 20, ""hline"": 0, ""lookback"": 20}}","{""atr_len"": 7, ""atr_mult"": 1.0, ""be_pct"": 0.05, ""tp_mult"": 2.95, ""trail_arm"": 2.0, ""trail_mult"": 1.5}","{""base"": {""ma_length"": 200}, ""c1"": {""length"": 6}, ""c2"": {""adx_smoothing"": 14, ""adx_threshold"": 25, ""di_length"": 14}, ""exit_ind"": {""fast_period"": 147, ""medium_period"": 21, ""slow_period"": 13, ""smooth"": 3}, ""vol"": {""ema_len"": 12, ""filter_lookback"": 20, ""hline"": 0, ""lookback"": 25}}","{""atr_len"": 50, ""atr_mult"": 1.0, ""be_pct"": 0.05, ""tp_mult"": 2.95, ""trail_arm"": 2.0, ""trail_mult"": 1.5}",0.4223148027110209,False
aroon_signals,adx_dmi_signals,waddah_attar_explosion_volume_signals,frama_baseline,bears_bulls_impulse_exit,trend,C,True,0.1266681170959847,16.46685522247801,1.4167134719838637,0.3461538461538461,2.2333943780841787,19.47427019959158,9.122893774739808,4.204496088384089,1.8050035031727265,130,66,64,50,1.0,0.05,2.25,1.15,0.85,"{""base"": {""length"": 10}, ""c1"": {""length"": 25}, ""c2"": {""adx_smoothing"": 26, ""adx_threshold"": 25, ""di_length"": 14}, ""exit_ind"": {""length"": 130}, ""vol"": {""bbLen"": 87, ""bbStd"": 2, ""fastEma"": 16, ""sensitivity"": 185, ""slowEma"": 21}}","{""base"": {""length"": 66}, ""c1"": {""length"": 4}, ""c2"": {""adx_smoothing"": 17, ""adx_threshold"": 25, ""di_length"": 61}, ""exit_ind"": {""length"": 5}, ""vol"": {""bbLen"": 200, ""bbStd"": 2, ""fastEma"": 2, ""sensitivity"": 150, ""slowEma"": 9}}","{""atr_len"": 49, ""atr_mult"": 1.0, ""be_pct"": 0.17, ""tp_mult"": 3.0, ""trail_arm"": 1.0, ""trail_mult"": 1.2}",deep,deep,0.1958884015141264,-0.0115978292471518,0.356765886127787,"{""base"": {""length"": 10}, ""c1"": {""length"": 25}, ""c2"": {""adx_smoothing"": 26, ""adx_threshold"": 25, ""di_length"": 14}, ""exit_ind"": {""length"": 86}, ""vol"": {""bbLen"": 87, ""bbStd"": 2, ""fastEma"": 16, ""sensitivity"": 122, ""slowEma"": 32}}","{""atr_len"": 50, ""atr_mult"": 1.0, ""be_pct"": 0.05, ""tp_mult"": 1.35, ""trail_arm"": 2.0, ""trail_mult"": 1.5}","{""base"": {""length"": 66}, ""c1"": {""length"": 4}, ""c2"": {""adx_smoothing"": 14, ""adx_threshold"": 25, ""di_length"": 61}, ""exit_ind"": {""length"": 11}, ""vol"": {""bbLen"": 20, ""bbStd"": 2, ""fastEma"": 20, ""sensitivity"": 122, ""slowEma"": 9}}","{""atr_len"": 49, ""atr_mult"": 1.0, ""be_pct"": 0.05, ""tp_mult"": 3.0, ""trail_arm"": 2.0, ""trail_mult"": 1.5}",0.4170795575155015,False
aroon_signals,adx_dmi_signals,waddah_attar_explosion_volume_signals,frama_baseline,ichimoku_exit,trend,C,True,0.1362933593777903,17.172963281601582,1.4401008482121187,0.3412698412698413,2.359742758230729,28.11932922785111,11.011822174587618,5.28365909425602,1.559502415615851,126,66,60,45,1.0,0.05,2.6,1.0,0.85,"{""base"": {""length"": 10}, ""c1"": {""length"": 25}, ""c2"": {""adx_smoothing"": 14, ""adx_threshold"": 25, ""di_length"": 14}, ""exit_ind"": {""base_len"": 14, ""conversion_len"": 9, ""displacement"": 26, ""span_b_len"": 52}, ""vol"": {""bbLen"": 87, ""bbStd"": 2, ""fastEma"": 11, ""sensitivity"": 122, ""slowEma"": 32}}","{""base"": {""length"": 66}, ""c1"": {""length"": 4}, ""c2"": {""adx_smoothing"": 11, ""adx_threshold"": 25, ""di_length"": 26}, ""exit_ind"": {""base_len"": 26, ""conversion_len"": 39, ""displacement"": 26, ""span_b_len"": 52}, ""vol"": {""bbLen"": 20, ""bbStd"": 2, ""fastEma"": 2, ""sensitivity"": 23, ""slowEma"": 6}}","{""atr_len"": 50, ""atr_mult"": 1.0, ""be_pct"": 0.01, ""tp_mult"": 2.4, ""trail_arm"": 1.2, ""trail_mult"": 1.55}",deep,deep,0.1462219875734794,0.0128081142707329,0.3202976671260162,"{""base"": {""length"": 10}, ""c1"": {""length"": 25}, ""c2"": {""adx_smoothing"": 14, ""adx_threshold"": 25, ""di_length"": 14}, ""exit_ind"": {""base_len"": 6, ""conversion_len"": 9, ""displacement"": 26, ""span_b_len"": 52}, ""vol"": {""bbLen"": 87, ""bbStd"": 2, ""fastEma"": 16, ""sensitivity"": 122, ""slowEma"": 32}}","{""atr_len"": 50, ""atr_mult"": 1.0, ""be_pct"": 0.05, ""tp_mult"": 1.45, ""trail_arm"": 2.0, ""trail_mult"": 1.5}","{""base"": {""length"": 66}, ""c1"": {""length"": 4}, ""c2"": {""adx_smoothing"": 26, ""adx_threshold"": 25, ""di_length"": 26}, ""exit_ind"": {""base_len"": 49, ""conversion_len"": 9, ""displacement"": 26, ""span_b_len"": 52}, ""vol"": {""bbLen"": 20, ""bbStd"": 2, ""fastEma"": 20, ""sensitivity"": 122, ""slowEma"": 9}}","{""atr_len"": 48, ""atr_mult"": 1.0, ""be_pct"": 0.05, ""tp_mult"": 2.4, ""trail_arm"": 2.0, ""trail_mult"": 1.5}",0.3734036985437972,False
aroon_signals,adx_dmi_signals,waddah_attar_explosion_volume_signals,frama_baseline,schaff_trend_cycle_exit,trend,C,True,0.1035597269786314,13.462764507222085,1.3825659840424926,0.3692307692307692,2.1095496330223993,11.020695002784686,7.762914470344061,3.477852134662347,1.7342409939788244,130,66,64,50,1.0,0.01,2.25,1.05,0.85,"{""base"": {""length"": 10}, ""c1"": {""length"": 25}, ""c2"": {""adx_smoothing"": 26, ""adx_threshold"": 25, ""di_length"": 14}, ""exit_ind"": {""cycleLen"": 10, ""d1"": 30, ""d2"": 6, ""lowerBand"": 25, ""macdFast"": 66, ""macdSlow"": 50, ""upperBand"": 61}, ""vol"": {""bbLen"": 87, ""bbStd"": 2, ""fastEma"": 16, ""sensitivity"": 185, ""slowEma"": 21}}","{""base"": {""length"": 66}, ""c1"": {""length"": 4}, ""c2"": {""adx_smoothing"": 17, ""adx_threshold"": 25, ""di_length"": 61}, ""exit_ind"": {""cycleLen"": 10, ""d1"": 2, ""d2"": 3, ""lowerBand"": 25, ""macdFast"": 8, ""macdSlow"": 18, ""upperBand"": 75}, ""vol"": {""bbLen"": 200, ""bbStd"": 2, ""fastEma"": 2, ""sensitivity"": 150, ""slowEma"": 9}}","{""atr_len"": 50, ""atr_mult"": 1.0, ""be_pct"": 0.05, ""tp_mult"": 3.0, ""trail_arm"": 1.0, ""trail_mult"": 1.4}",deep,deep,0.2235766987443489,-0.0104173876328805,0.4099963363941734,"{""base"": {""length"": 10}, ""c1"": {""length"": 25}, ""c2"": {""adx_smoothing"": 26, ""adx_threshold"": 25, ""di_length"": 14}, ""exit_ind"": {""cycleLen"": 10, ""d1"": 3, ""d2"": 3, ""lowerBand"": 25, ""macdFast"": 19, ""macdSlow"": 50, ""upperBand"": 75}, ""vol"": {""bbLen"": 87, ""bbStd"": 2, ""fastEma"": 16, ""sensitivity"": 122, ""slowEma"": 32}}","{""atr_len"": 50, ""atr_mult"": 1.0, ""be_pct"": 0.05, ""tp_mult"": 2.25, ""trail_arm"": 2.0, ""trail_mult"": 1.5}","{""base"": {""length"": 66}, ""c1"": {""length"": 4}, ""c2"": {""adx_smoothing"": 14, ""adx_threshold"": 25, ""di_length"": 61}, ""exit_ind"": {""cycleLen"": 10, ""d1"": 3, ""d2"": 3, ""lowerBand"": 25, ""macdFast"": 230, ""macdSlow"": 50, ""upperBand"": 75}, ""vol"": {""bbLen"": 20, ""bbStd"": 2, ""fastEma"": 20, ""sensitivity"": 122, ""slowEma"": 9}}","{""atr_len"": 49, ""atr_mult"": 1.0, ""be_pct"": 0.05, ""tp_mult"": 3.0, ""trail_arm"": 2.0, ""trail_mult"": 1.5}",0.4645477723583123,False
aroon_signals,aroon_signals,waddah_attar_explosion_volume_signals,fantail_vma,dpo_exit,trend,C,True,0.0833693815244861,14.673011148309564,1.2841919265060688,0.3579545454545454,1.550219440107577,17.637841701954027,9.031012714940072,3.5041190906152218,1.6247359638898404,176,96,80,5,1.15,0.01,1.9,1.05,1.5,"{""base"": {""fma_adx_length"": 2, ""fma_ma_length"": 26, ""fma_weighting"": 8}, ""c1"": {""length"": 6}, ""c2"": {""length"": 20}, ""exit_ind"": {""len"": 500}, ""vol"": {""bbLen"": 7, ""bbStd"": 2, ""fastEma"": 20, ""sensitivity"": 80, ""slowEma"": 21}}","{""base"": {""fma_adx_length"": 2, ""fma_ma_length"": 11, ""fma_weighting"": 10}, ""c1"": {""length"": 71}, ""c2"": {""length"": 13}, ""exit_ind"": {""len"": 41}, ""vol"": {""bbLen"": 25, ""bbStd"": 2, ""fastEma"": 2, ""sensitivity"": 23, ""slowEma"": 14}}","{""atr_len"": 43, ""atr_mult"": 1.0, ""be_pct"": 0.05, ""tp_mult"": 3.0, ""trail_arm"": 1.2, ""trail_mult"": 1.4}",deep,deep,0.0995144948495272,0.030113540783723,0.2099165880955369,"{""base"": {""fma_adx_length"": 2, ""fma_ma_length"": 26, ""fma_weighting"": 10}, ""c1"": {""length"": 6}, ""c2"": {""length"": 20}, ""exit_ind"": {""len"": 5}, ""vol"": {""bbLen"": 20, ""bbStd"": 2, ""fastEma"": 20, ""sensitivity"": 150, ""slowEma"": 21}}","{""atr_len"": 5, ""atr_mult"": 1.15, ""be_pct"": 0.05, ""tp_mult"": 2.1, ""trail_arm"": 2.0, ""trail_mult"": 1.5}","{""base"": {""fma_adx_length"": 2, ""fma_ma_length"": 7, ""fma_weighting"": 10}, ""c1"": {""length"": 71}, ""c2"": {""length"": 13}, ""exit_ind"": {""len"": 41}, ""vol"": {""bbLen"": 20, ""bbStd"": 2, ""fastEma"": 2, ""sensitivity"": 23, ""slowEma"": 6}}","{""atr_len"": 43, ""atr_mult"": 1.0, ""be_pct"": 0.05, ""tp_mult"": 2.6, ""trail_arm"": 2.0, ""trail_mult"": 1.5}",0.2412173890639229,False
aroon_signals,aroon_signals,waddah_attar_explosion_volume_signals,hma_baseline,ichimoku_exit,trend,C,True,0.1253636517881127,24.320548446893874,1.512033951370671,0.422680412371134,2.4595366898919284,13.045424725346662,9.631761089069776,3.945968480038267,2.525036514297794,194,100,94,23,1.0,0.08,2.7,1.95,2.0,"{""base"": {""ma_length"": 200}, ""c1"": {""length"": 31}, ""c2"": {""length"": 13}, ""exit_ind"": {""base_len"": 6, ""conversion_len"": 3, ""displacement"": 26, ""span_b_len"": 52}, ""vol"": {""bbLen"": 20, ""bbStd"": 2, ""fastEma"": 37, ""sensitivity"": 150, ""slowEma"": 263}}","{""base"": {""ma_length"": 25}, ""c1"": {""length"": 47}, ""c2"": {""length"": 20}, ""exit_ind"": {""base_len"": 74, ""conversion_len"": 2, ""displacement"": 26, ""span_b_len"": 52}, ""vol"": {""bbLen"": 11, ""bbStd"": 2, ""fastEma"": 20, ""sensitivity"": 122, ""slowEma"": 49}}","{""atr_len"": 50, ""atr_mult"": 1.1, ""be_pct"": 0.05, ""tp_mult"": 2.55, ""trail_arm"": 1.4, ""trail_mult"": 1.8}",deep,deep,0.1591407688554202,0.0176324950872146,0.2725184196655368,"{""base"": {""ma_length"": 200}, ""c1"": {""length"": 31}, ""c2"": {""length"": 13}, ""exit_ind"": {""base_len"": 6, ""conversion_len"": 9, ""displacement"": 26, ""span_b_len"": 52}, ""vol"": {""bbLen"": 20, ""bbStd"": 2, ""fastEma"": 20, ""sensitivity"": 150, ""slowEma"": 32}}","{""atr_len"": 5, ""atr_mult"": 1.0, ""be_pct"": 0.05, ""tp_mult"": 1.8, ""trail_arm"": 2.0, ""trail_mult"": 1.5}","{""base"": {""ma_length"": 25}, ""c1"": {""length"": 25}, ""c2"": {""length"": 20}, ""exit_ind"": {""base_len"": 113, ""conversion_len"": 9, ""displacement"": 26, ""span_b_len"": 52}, ""vol"": {""bbLen"": 20, ""bbStd"": 2, ""fastEma"": 20, ""sensitivity"": 150, ""slowEma"": 49}}","{""atr_len"": 48, ""atr_mult"": 1.29, ""be_pct"": 0.05, ""tp_mult"": 1.5, ""trail_arm"": 2.0, ""trail_mult"": 1.5}",0.0933518124492888,False
aroon_signals,aroon_signals,waddah_attar_explosion_volume_signals,sma_baseline,chandelier_exit_exit,trend,C,True,0.1230338871726245,21.40789636803667,1.3910186026189073,0.3333333333333333,2.063851321308107,48.67295016951687,7.631308423549525,3.1268195514508346,2.8052720686761723,174,112,62,7,1.0,0.01,1.8,1.5,1.8,"{""base"": {""length"": 87}, ""c1"": {""length"": 20}, ""c2"": {""length"": 2}, ""exit_ind"": {""atr_mult"": 3, ""atr_period"": 220}, ""vol"": {""bbLen"": 7, ""bbStd"": 2, ""fastEma"": 57, ""sensitivity"": 185, ""slowEma"": 32}}","{""base"": {""length"": 25}, ""c1"": {""length"": 9}, ""c2"": {""length"": 20}, ""exit_ind"": {""atr_mult"": 3, ""atr_period"": 2}, ""vol"": {""bbLen"": 25, ""bbStd"": 6, ""fastEma"": 57, ""sensitivity"": 23, ""slowEma"": 32}}","{""atr_len"": 50, ""atr_mult"": 1.0, ""be_pct"": 0.16, ""tp_mult"": 2.8, ""trail_arm"": 1.25, ""trail_mult"": 1.7}",deep,deep,0.2425928175859128,0.0012172604294549,0.3843797091871682,"{""base"": {""length"": 87}, ""c1"": {""length"": 20}, ""c2"": {""length"": 2}, ""exit_ind"": {""atr_mult"": 3, ""atr_period"": 95}, ""vol"": {""bbLen"": 20, ""bbStd"": 2, ""fastEma"": 57, ""sensitivity"": 427, ""slowEma"": 40}}","{""atr_len"": 4, ""atr_mult"": 1.0, ""be_pct"": 0.05, ""tp_mult"": 1.55, ""trail_arm"": 2.0, ""trail_mult"": 1.5}","{""base"": {""length"": 25}, ""c1"": {""length"": 9}, ""c2"": {""length"": 20}, ""exit_ind"": {""atr_mult"": 3, ""atr_period"": 63}, ""vol"": {""bbLen"": 20, ""bbStd"": 2, ""fastEma"": 57, ""sensitivity"": 427, ""slowEma"": 40}}","{""atr_len"": 50, ""atr_mult"": 1.0, ""be_pct"": 0.05, ""tp_mult"": 2.15, ""trail_arm"": 2.0, ""trail_mult"": 1.5}",0.4099572015937817,False
aroon_signals,aroon_signals,waddah_attar_explosion_volume_signals,sma_baseline,kuskus_starlight_exit,trend,C,True,0.1111734085673591,24.013456250549567,1.3369444790550282,0.3055555555555556,1.8399416791726224,28.97739199606021,7.999999999999986,2.692501386878599,3.001682031318701,216,158,58,7,1.0,0.01,3.0,2.0,1.6,"{""base"": {""length"": 87}, ""c1"": {""length"": 20}, ""c2"": {""length"": 2}, ""exit_ind"": {""index_smooth"": 0.862993, ""price_smooth"": 0.161709, ""range_periods"": 11}, ""vol"": {""bbLen"": 20, ""bbStd"": 2, ""fastEma"": 57, ""sensitivity"": 80, ""slowEma"": 32}}","{""base"": {""length"": 25}, ""c1"": {""length"": 9}, ""c2"": {""length"": 20}, ""exit_ind"": {""index_smooth"": 0.07, ""price_smooth"": 0.567792, ""range_periods"": 30}, ""vol"": {""bbLen"": 57, ""bbStd"": 2, ""fastEma"": 57, ""sensitivity"": 35, ""slowEma"": 32}}","{""atr_len"": 50, ""atr_mult"": 1.0, ""be_pct"": 0.01, ""tp_mult"": 2.55, ""trail_arm"": 1.0, ""trail_mult"": 1.2}",deep,deep,0.2417450170744266,-0.0075816752204657,0.3546353051338498,"{""base"": {""length"": 87}, ""c1"": {""length"": 20}, ""c2"": {""length"": 2}, ""exit_ind"": {""index_smooth"": 0.245783, ""price_smooth"": 0.7, ""range_periods"": 30}, ""vol"": {""bbLen"": 20, ""bbStd"": 2, ""fastEma"": 57, ""sensitivity"": 427, ""slowEma"": 40}}","{""atr_len"": 4, ""atr_mult"": 1.0, ""be_pct"": 0.05, ""tp_mult"": 1.55, ""trail_arm"": 2.0, ""trail_mult"": 1.5}","{""base"": {""length"": 25}, ""c1"": {""length"": 9}, ""c2"": {""length"": 20}, ""exit_ind"": {""index_smooth"": 0.07, ""price_smooth"": 0.7, ""range_periods"": 30}, ""vol"": {""bbLen"": 20, ""bbStd"": 2, ""fastEma"": 57, ""sensitivity"": 427, ""slowEma"": 40}}","{""atr_len"": 50, ""atr_mult"": 1.0, ""be_pct"": 0.05, ""tp_mult"": 2.15, ""trail_arm"": 2.0, ""trail_mult"": 1.5}",0.4293623782690115,False
aroon_signals,bears_bulls_impulse_signals,fractal_dimension_volume_signals,kama_baseline,adx_dmi_exit,trend,C,True,0.4888443598525821,67.46052165965634,2.70943052979596,0.3768115942028985,1.9546048942613723,66.1263254545959,10.000000000000028,3.19901921030348,6.746052165965614,138,82,56,2,1.0,0.15,2.2,1.55,0.9,"{""base"": {""fast_length"": 2, ""length"": 12, ""slow_length"": 7}, ""c1"": {""length"": 2}, ""c2"": {""length"": 7}, ""exit_ind"": {""adx_smoothing"": 14, ""adx_threshold"": 25, ""di_length"": 3}, ""vol"": {""fd_threshold"": 1.5, ""length"": 5}}","{""base"": {""fast_length"": 2, ""length"": 19, ""slow_length"": 56}, ""c1"": {""length"": 108}, ""c2"": {""length"": 37}, ""exit_ind"": {""adx_smoothing"": 14, ""adx_threshold"": 25, ""di_length"": 140}, ""vol"": {""fd_threshold"": 1.5, ""length"": 5}}","{""atr_len"": 10, ""atr_mult"": 1.0, ""be_pct"": 0.08, ""tp_mult"": 3.0, ""trail_arm"": 1.95, ""trail_mult"": 0.75}",deep,deep,0.6791532679928933,-0.0249793342667937,1.6667082582555597,"{""base"": {""fast_length"": 2, ""length"": 12, ""slow_length"": 30}, ""c1"": {""length"": 2}, ""c2"": {""length"": 7}, ""exit_ind"": {""adx_smoothing"": 14, ""adx_threshold"": 25, ""di_length"": 140}, ""vol"": {""fd_threshold"": 1.5, ""length"": 24}}","{""atr_len"": 3, ""atr_mult"": 1.0, ""be_pct"": 0.05, ""tp_mult"": 2.4, ""trail_arm"": 2.0, ""trail_mult"": 1.5}","{""base"": {""fast_length"": 2, ""length"": 19, ""slow_length"": 30}, ""c1"": {""length"": 25}, ""c2"": {""length"": 130}, ""exit_ind"": {""adx_smoothing"": 14, ""adx_threshold"": 25, ""di_length"": 2}, ""vol"": {""fd_threshold"": 1.5, ""length"": 5}}","{""atr_len"": 22, ""atr_mult"": 1.0, ""be_pct"": 0.05, ""tp_mult"": 1.8, ""trail_arm"": 2.0, ""trail_mult"": 1.5}",0.3081619862938765,False
aroon_signals,center_of_gravity_signals,efficiency_ratio_volume_signals,sma_baseline,schaff_trend_cycle_exit,trend,C,True,0.0841969279932567,14.818659326813185,1.2725027920713683,0.3238636363636363,1.5375508520705785,11.970445670781771,12.50000000000002,4.7706585074199355,1.1854927461450528,176,106,70,14,1.0,0.01,2.95,1.0,0.65,"{""base"": {""length"": 200}, ""c1"": {""length"": 47}, ""c2"": {""length"": 5, ""signal_length"": 4}, ""exit_ind"": {""cycleLen"": 10, ""d1"": 9, ""d2"": 3, ""lowerBand"": 25, ""macdFast"": 5, ""macdSlow"": 27, ""upperBand"": 75}, ""vol"": {""er_threshold"": 0.562145, ""length"": 5}}","{""base"": {""length"": 200}, ""c1"": {""length"": 47}, ""c2"": {""length"": 10, ""signal_length"": 4}, ""exit_ind"": {""cycleLen"": 66, ""d1"": 3, ""d2"": 2, ""lowerBand"": 25, ""macdFast"": 8, ""macdSlow"": 50, ""upperBand"": 61}, ""vol"": {""er_threshold"": 0.3, ""length"": 5}}","{""atr_len"": 50, ""atr_mult"": 1.0, ""be_pct"": 0.05, ""tp_mult"": 3.0, ""trail_arm"": 2.0, ""trail_mult"": 0.5}",deep,deep,0.2167691456308784,-0.0115880743643628,0.3625804937235617,"{""base"": {""length"": 200}, ""c1"": {""length"": 47}, ""c2"": {""length"": 5, ""signal_length"": 3}, ""exit_ind"": {""cycleLen"": 10, ""d1"": 3, ""d2"": 3, ""lowerBand"": 25, ""macdFast"": 12, ""macdSlow"": 50, ""upperBand"": 75}, ""vol"": {""er_threshold"": 0.3, ""length"": 5}}","{""atr_len"": 17, ""atr_mult"": 1.05, ""be_pct"": 0.05, ""tp_mult"": 2.85, ""trail_arm"": 2.0, ""trail_mult"": 1.5}","{""base"": {""length"": 200}, ""c1"": {""length"": 47}, ""c2"": {""length"": 10, ""signal_length"": 3}, ""exit_ind"": {""cycleLen"": 10, ""d1"": 3, ""d2"": 3, ""lowerBand"": 25, ""macdFast"": 12, ""macdSlow"": 50, ""upperBand"": 75}, ""vol"": {""er_threshold"": 0.3, ""length"": 5}}","{""atr_len"": 50, ""atr_mult"": 1.0, ""be_pct"": 0.05, ""tp_mult"": 3.0, ""trail_arm"": 2.0, ""trail_mult"": 1.5}",0.3533746454578453,False
aroon_signals,center_of_gravity_signals,waddah_attar_explosion_volume_signals,hma_baseline,aroon_exit,trend,C,True,0.0828801564592101,13.426585346392049,1.3270265132070984,0.419753086419753,1.7943894612241993,9.964058095584214,8.53477701132718,2.8392813873859453,1.573161821166805,162,112,50,4,1.15,0.05,2.05,1.6,1.5,"{""base"": {""ma_length"": 7}, ""c1"": {""length"": 31}, ""c2"": {""length"": 10, ""signal_length"": 4}, ""exit_ind"": {""length"": 13}, ""vol"": {""bbLen"": 37, ""bbStd"": 2, ""fastEma"": 7, ""sensitivity"": 35, ""slowEma"": 9}}","{""base"": {""ma_length"": 132}, ""c1"": {""length"": 47}, ""c2"": {""length"": 10, ""signal_length"": 3}, ""exit_ind"": {""length"": 9}, ""vol"": {""bbLen"": 20, ""bbStd"": 2, ""fastEma"": 7, ""sensitivity"": 53, ""slowEma"": 32}}","{""atr_len"": 50, ""atr_mult"": 1.2, ""be_pct"": 0.01, ""tp_mult"": 2.7, ""trail_arm"": 1.25, ""trail_mult"": 1.1}",deep,deep,0.0872630907962492,0.0285457041027217,0.3646889821966073,"{""base"": {""ma_length"": 7}, ""c1"": {""length"": 31}, ""c2"": {""length"": 10, ""signal_length"": 3}, ""exit_ind"": {""length"": 250}, ""vol"": {""bbLen"": 20, ""bbStd"": 2, ""fastEma"": 7, ""sensitivity"": 53, ""slowEma"": 40}}","{""atr_len"": 7, ""atr_mult"": 1.15, ""be_pct"": 0.05, ""tp_mult"": 1.9, ""trail_arm"": 2.0, ""trail_mult"": 1.5}","{""base"": {""ma_length"": 132}, ""c1"": {""length"": 47}, ""c2"": {""length"": 10, ""signal_length"": 3}, ""exit_ind"": {""length"": 9}, ""vol"": {""bbLen"": 20, ""bbStd"": 2, ""fastEma"": 7, ""sensitivity"": 53, ""slowEma"": 32}}","{""atr_len"": 50, ""atr_mult"": 1.2, ""be_pct"": 0.05, ""tp_mult"": 2.7, ""trail_arm"": 2.0, ""trail_mult"": 1.5}",0.1793035200242472,False
aroon_signals,center_of_gravity_signals,waddah_attar_explosion_volume_signals,hma_baseline,center_of_gravity_exit,trend,C,True,0.225525144626497,26.160916776673655,1.965014268661188,0.5,4.500914224043164,55.84035236395564,5.845894368870875,1.996998870905062,4.475092282881361,116,64,52,18,1.0,0.05,1.45,1.0,0.9,"{""base"": {""ma_length"": 200}, ""c1"": {""length"": 47}, ""c2"": {""length"": 10, ""signal_length"": 3}, ""exit_ind"": {""length"": 66, ""signal_length"": 9}, ""vol"": {""bbLen"": 20, ""bbStd"": 2, ""fastEma"": 7, ""sensitivity"": 281, ""slowEma"": 263}}","{""base"": {""ma_length"": 37}, ""c1"": {""length"": 20}, ""c2"": {""length"": 10, ""signal_length"": 6}, ""exit_ind"": {""length"": 43, ""signal_length"": 13}, ""vol"": {""bbLen"": 20, ""bbStd"": 2, ""fastEma"": 2, ""sensitivity"": 15, ""slowEma"": 21}}","{""atr_len"": 46, ""atr_mult"": 1.0, ""be_pct"": 0.16, ""tp_mult"": 2.6, ""trail_arm"": 1.1, ""trail_mult"": 1.2}",deep,deep,0.127535834017887,0.0455458780903776,0.3388105386907852,"{""base"": {""ma_length"": 200}, ""c1"": {""length"": 47}, ""c2"": {""length"": 10, ""signal_length"": 3}, ""exit_ind"": {""length"": 66, ""signal_length"": 3}, ""vol"": {""bbLen"": 20, ""bbStd"": 2, ""fastEma"": 7, ""sensitivity"": 53, ""slowEma"": 40}}","{""atr_len"": 50, ""atr_mult"": 1.0, ""be_pct"": 0.05, ""tp_mult"": 1.45, ""trail_arm"": 2.0, ""trail_mult"": 1.5}","{""base"": {""ma_length"": 37}, ""c1"": {""length"": 20}, ""c2"": {""length"": 10, ""signal_length"": 6}, ""exit_ind"": {""length"": 10, ""signal_length"": 3}, ""vol"": {""bbLen"": 20, ""bbStd"": 2, ""fastEma"": 20, ""sensitivity"": 150, ""slowEma"": 32}}","{""atr_len"": 48, ""atr_mult"": 1.0, ""be_pct"": 0.05, ""tp_mult"": 2.7, ""trail_arm"": 2.0, ""trail_mult"": 1.5}",0.1673621710258949,False
aroon_signals,center_of_gravity_signals,waddah_attar_explosion_volume_signals,hma_baseline,dpo_exit,trend,C,True,0.1108218545646273,13.963553675143046,1.456945188338972,0.3809523809523809,2.1786831106427633,12.26019251913556,10.060027779469667,4.14714010672445,1.3880233714304078,126,72,54,42,1.0,0.05,1.55,1.2,1.95,"{""base"": {""ma_length"": 200}, ""c1"": {""length"": 164}, ""c2"": {""length"": 5, ""signal_length"": 9}, ""exit_ind"": {""len"": 27}, ""vol"": {""bbLen"": 7, ""bbStd"": 2, ""fastEma"": 7, ""sensitivity"": 53, ""slowEma"": 32}}","{""base"": {""ma_length"": 25}, ""c1"": {""length"": 20}, ""c2"": {""length"": 5, ""signal_length"": 20}, ""exit_ind"": {""len"": 18}, ""vol"": {""bbLen"": 87, ""bbStd"": 2, ""fastEma"": 7, ""sensitivity"": 15, ""slowEma"": 32}}","{""atr_len"": 38, ""atr_mult"": 1.0, ""be_pct"": 0.05, ""tp_mult"": 3.0, ""trail_arm"": 1.3, ""trail_mult"": 0.85}",deep,deep,0.1538778047967593,0.0162946036784291,0.3294339837627962,"{""base"": {""ma_length"": 200}, ""c1"": {""length"": 164}, ""c2"": {""length"": 10, ""signal_length"": 3}, ""exit_ind"": {""len"": 500}, ""vol"": {""bbLen"": 20, ""bbStd"": 2, ""fastEma"": 7, ""sensitivity"": 53, ""slowEma"": 21}}","{""atr_len"": 46, ""atr_mult"": 1.0, ""be_pct"": 0.05, ""tp_mult"": 2.55, ""trail_arm"": 2.0, ""trail_mult"": 1.5}","{""base"": {""ma_length"": 25}, ""c1"": {""length"": 20}, ""c2"": {""length"": 2, ""signal_length"": 6}, ""exit_ind"": {""len"": 62}, ""vol"": {""bbLen"": 20, ""bbStd"": 2, ""fastEma"": 20, ""sensitivity"": 150, ""slowEma"": 40}}","{""atr_len"": 5, ""atr_mult"": 1.0, ""be_pct"": 0.05, ""tp_mult"": 1.65, ""trail_arm"": 2.0, ""trail_mult"": 1.5}",0.1677212416070517,False
aroon_signals,center_of_gravity_signals,waddah_attar_explosion_volume_signals,hma_baseline,kalman_filter_exit,trend,C,True,0.080087638322407,13.93524906809883,1.3066328424504037,0.3793103448275862,1.46628677283722,8.536326461876145,9.618388492825504,4.7822185906972186,1.4488132890965402,174,72,102,4,1.0,0.05,3.0,1.85,1.5,"{""base"": {""ma_length"": 25}, ""c1"": {""length"": 20}, ""c2"": {""length"": 10, ""signal_length"": 30}, ""exit_ind"": {""k"": 7, ""sharpness"": 1}, ""vol"": {""bbLen"": 57, ""bbStd"": 2, ""fastEma"": 11, ""sensitivity"": 35, ""slowEma"": 21}}","{""base"": {""ma_length"": 37}, ""c1"": {""length"": 25}, ""c2"": {""length"": 19, ""signal_length"": 6}, ""exit_ind"": {""k"": 7, ""sharpness"": 1}, ""vol"": {""bbLen"": 57, ""bbStd"": 2, ""fastEma"": 7, ""sensitivity"": 122, ""slowEma"": 32}}","{""atr_len"": 24, ""atr_mult"": 1.0, ""be_pct"": 0.16, ""tp_mult"": 3.0, ""trail_arm"": 1.0, ""trail_mult"": 1.8}",deep,deep,0.1725696196855933,0.0153529561874429,0.2724814142500236,"{""base"": {""ma_length"": 25}, ""c1"": {""length"": 20}, ""c2"": {""length"": 10, ""signal_length"": 6}, ""exit_ind"": {""k"": 7, ""sharpness"": 1}, ""vol"": {""bbLen"": 20, ""bbStd"": 2, ""fastEma"": 7, ""sensitivity"": 53, ""slowEma"": 32}}","{""atr_len"": 4, ""atr_mult"": 1.0, ""be_pct"": 0.05, ""tp_mult"": 2.1, ""trail_arm"": 2.0, ""trail_mult"": 1.5}","{""base"": {""ma_length"": 37}, ""c1"": {""length"": 25}, ""c2"": {""length"": 2, ""signal_length"": 6}, ""exit_ind"": {""k"": 7, ""sharpness"": 1}, ""vol"": {""bbLen"": 20, ""bbStd"": 2, ""fastEma"": 20, ""sensitivity"": 150, ""slowEma"": 32}}","{""atr_len"": 22, ""atr_mult"": 1.0, ""be_pct"": 0.05, ""tp_mult"": 1.6, ""trail_arm"": 2.0, ""trail_mult"": 1.5}",0.1558019685020339,False
aroon_signals,chandelier_exit_signals,waddah_attar_explosion_volume_signals,ema_baseline,bears_bulls_impulse_exit,trend,C,True,0.1219680509832319,20.2466964632165,1.4119301468952057,0.2951807228915662,1.72180397665691,13.275024204706208,12.202242248822747,6.159634217335192,1.6592603269427688,166,114,52,5,1.0,0.05,2.6,1.1,0.75,"{""base"": {""ma_length"": 20}, ""c1"": {""length"": 25}, ""c2"": {""atr_mult"": 3, ""atr_period"": 27}, ""exit_ind"": {""length"": 86}, ""vol"": {""bbLen"": 132, ""bbStd"": 13, ""fastEma"": 5, ""sensitivity"": 122, ""slowEma"": 40}}","{""base"": {""ma_length"": 37}, ""c1"": {""length"": 9}, ""c2"": {""atr_mult"": 6, ""atr_period"": 22}, ""exit_ind"": {""length"": 56}, ""vol"": {""bbLen"": 20, ""bbStd"": 2, ""fastEma"": 3, ""sensitivity"": 150, ""slowEma"": 6}}","{""atr_len"": 22, ""atr_mult"": 1.0, ""be_pct"": 0.09, ""tp_mult"": 2.85, ""trail_arm"": 1.8, ""trail_mult"": 1.7}",deep,deep,0.0943430802618623,0.0382262930038185,0.4862181306136683,"{""base"": {""ma_length"": 20}, ""c1"": {""length"": 25}, ""c2"": {""atr_mult"": 3, ""atr_period"": 22}, ""exit_ind"": {""length"": 130}, ""vol"": {""bbLen"": 132, ""bbStd"": 9, ""fastEma"": 20, ""sensitivity"": 150, ""slowEma"": 40}}","{""atr_len"": 7, ""atr_mult"": 1.05, ""be_pct"": 0.05, ""tp_mult"": 2.7, ""trail_arm"": 2.0, ""trail_mult"": 1.5}","{""base"": {""ma_length"": 20}, ""c1"": {""length"": 9}, ""c2"": {""atr_mult"": 6, ""atr_period"": 22}, ""exit_ind"": {""length"": 130}, ""vol"": {""bbLen"": 20, ""bbStd"": 2, ""fastEma"": 5, ""sensitivity"": 150, ""slowEma"": 9}}","{""atr_len"": 2, ""atr_mult"": 1.0, ""be_pct"": 0.05, ""tp_mult"": 1.75, ""trail_arm"": 2.0, ""trail_mult"": 1.5}",0.2305855495776392,False
aroon_signals,chandelier_exit_signals,waddah_attar_explosion_volume_signals,ema_baseline,center_of_gravity_exit,trend,C,True,0.0889241023368133,12.6272225318275,1.3285135333763278,0.4225352112676056,1.713434804049411,15.267558312916291,4.829721202947717,2.222706653998685,2.6144827001858295,142,92,50,8,1.05,0.11,2.85,1.15,0.55,"{""base"": {""ma_length"": 11}, ""c1"": {""length"": 25}, ""c2"": {""atr_mult"": 3, ""atr_period"": 27}, ""exit_ind"": {""length"": 12, ""signal_length"": 9}, ""vol"": {""bbLen"": 132, ""bbStd"": 9, ""fastEma"": 7, ""sensitivity"": 150, ""slowEma"": 32}}","{""base"": {""ma_length"": 20}, ""c1"": {""length"": 164}, ""c2"": {""atr_mult"": 3, ""atr_period"": 18}, ""exit_ind"": {""length"": 100, ""signal_length"": 3}, ""vol"": {""bbLen"": 20, ""bbStd"": 2, ""fastEma"": 5, ""sensitivity"": 122, ""slowEma"": 32}}","{""atr_len"": 6, ""atr_mult"": 1.0, ""be_pct"": 0.05, ""tp_mult"": 2.95, ""trail_arm"": 2.0, ""trail_mult"": 0.9}",deep,deep,0.1781230894693755,0.0328291424637132,0.4449874644781973,"{""base"": {""ma_length"": 20}, ""c1"": {""length"": 25}, ""c2"": {""atr_mult"": 3, ""atr_period"": 27}, ""exit_ind"": {""length"": 12, ""signal_length"": 3}, ""vol"": {""bbLen"": 132, ""bbStd"": 9, ""fastEma"": 5, ""sensitivity"": 150, ""slowEma"": 32}}","{""atr_len"": 22, ""atr_mult"": 1.05, ""be_pct"": 0.05, ""tp_mult"": 2.7, ""trail_arm"": 2.0, ""trail_mult"": 1.5}","{""base"": {""ma_length"": 37}, ""c1"": {""length"": 164}, ""c2"": {""atr_mult"": 3, ""atr_period"": 27}, ""exit_ind"": {""length"": 100, ""signal_length"": 3}, ""vol"": {""bbLen"": 20, ""bbStd"": 2, ""fastEma"": 5, ""sensitivity"": 150, ""slowEma"": 32}}","{""atr_len"": 40, ""atr_mult"": 1.0, ""be_pct"": 0.05, ""tp_mult"": 2.75, ""trail_arm"": 2.0, ""trail_mult"": 1.5}",0.3344984411390293,False
aroon_signals,chandelier_exit_signals,waddah_attar_explosion_volume_signals,ema_baseline,dpo_exit,trend,C,True,0.325813398915188,59.94966540039461,1.927360952142535,0.2554347826086957,0.9906186685218372,84.7308243351611,14.090445394200708,8.631500893500512,4.254632392604742,184,130,54,4,1.0,0.05,2.8,1.55,1.8,"{""base"": {""ma_length"": 16}, ""c1"": {""length"": 47}, ""c2"": {""atr_mult"": 9, ""atr_period"": 220}, ""exit_ind"": {""len"": 94}, ""vol"": {""bbLen"": 20, ""bbStd"": 4, ""fastEma"": 16, ""sensitivity"": 53, ""slowEma"": 40}}","{""base"": {""ma_length"": 37}, ""c1"": {""length"": 6}, ""c2"": {""atr_mult"": 3, ""atr_period"": 22}, ""exit_ind"": {""len"": 94}, ""vol"": {""bbLen"": 16, ""bbStd"": 2, ""fastEma"": 3, ""sensitivity"": 80, ""slowEma"": 6}}","{""atr_len"": 22, ""atr_mult"": 1.0, ""be_pct"": 0.05, ""tp_mult"": 2.4, ""trail_arm"": 1.65, ""trail_mult"": 1.45}",deep,deep,0.1098054720224799,0.0436085867753894,0.6701346937035301,"{""base"": {""ma_length"": 20}, ""c1"": {""length"": 47}, ""c2"": {""atr_mult"": 3, ""atr_period"": 22}, ""exit_ind"": {""len"": 50}, ""vol"": {""bbLen"": 20, ""bbStd"": 9, ""fastEma"": 20, ""sensitivity"": 150, ""slowEma"": 40}}","{""atr_len"": 18, ""atr_mult"": 1.05, ""be_pct"": 0.05, ""tp_mult"": 1.25, ""trail_arm"": 2.0, ""trail_mult"": 1.5}","{""base"": {""ma_length"": 37}, ""c1"": {""length"": 6}, ""c2"": {""atr_mult"": 3, ""atr_period"": 22}, ""exit_ind"": {""len"": 50}, ""vol"": {""bbLen"": 20, ""bbStd"": 2, ""fastEma"": 5, ""sensitivity"": 150, ""slowEma"": 9}}","{""atr_len"": 22, ""atr_mult"": 1.0, ""be_pct"": 0.05, ""tp_mult"": 2.3, ""trail_arm"": 2.0, ""trail_mult"": 1.5}",0.2566225365780532,False
aroon_signals,chandelier_exit_signals,waddah_attar_explosion_volume_signals,ema_baseline,price_momentum_oscillator_exit,trend,C,True,0.4155526251643648,65.65731477596965,2.178394060836486,0.2594936708860759,1.169855872099204,351.22425801642464,16.499999999999982,5.9157145870062005,3.97923119854362,158,106,52,5,1.0,0.05,2.35,1.45,0.5,"{""base"": {""ma_length"": 20}, ""c1"": {""length"": 25}, ""c2"": {""atr_mult"": 3, ""atr_period"": 12}, ""exit_ind"": {""s1"": 100, ""s2"": 16, ""sig"": 10}, ""vol"": {""bbLen"": 20, ""bbStd"": 2, ""fastEma"": 20, ""sensitivity"": 122, ""slowEma"": 21}}","{""base"": {""ma_length"": 37}, ""c1"": {""length"": 6}, ""c2"": {""atr_mult"": 3, ""atr_period"": 12}, ""exit_ind"": {""s1"": 35, ""s2"": 20, ""sig"": 10}, ""vol"": {""bbLen"": 25, ""bbStd"": 2, ""fastEma"": 5, ""sensitivity"": 150, ""slowEma"": 6}}","{""atr_len"": 22, ""atr_mult"": 1.0, ""be_pct"": 0.01, ""tp_mult"": 2.3, ""trail_arm"": 2.0, ""trail_mult"": 0.95}",deep,deep,0.218082155166728,0.0399689066497755,0.4041461135661495,"{""base"": {""ma_length"": 20}, ""c1"": {""length"": 25}, ""c2"": {""atr_mult"": 3, ""atr_period"": 22}, ""exit_ind"": {""s1"": 19, ""s2"": 20, ""sig"": 10}, ""vol"": {""bbLen"": 20, ""bbStd"": 2, ""fastEma"": 20, ""sensitivity"": 150, ""slowEma"": 21}}","{""atr_len"": 5, ""atr_mult"": 1.0, ""be_pct"": 0.05, ""tp_mult"": 2.65, ""trail_arm"": 2.0, ""trail_mult"": 1.5}","{""base"": {""ma_length"": 37}, ""c1"": {""length"": 6}, ""c2"": {""atr_mult"": 3, ""atr_period"": 22}, ""exit_ind"": {""s1"": 19, ""s2"": 20, ""sig"": 10}, ""vol"": {""bbLen"": 20, ""bbStd"": 2, ""fastEma"": 5, ""sensitivity"": 150, ""slowEma"": 9}}","{""atr_len"": 22, ""atr_mult"": 1.0, ""be_pct"": 0.05, ""tp_mult"": 2.3, ""trail_arm"": 2.0, ""trail_mult"": 1.5}",0.2981430503988075,False
aroon_signals,chandelier_exit_signals,waddah_attar_explosion_volume_signals,fantail_vma,adx_dmi_exit,trend,C,True,0.5453465149169594,82.89267026737782,2.79054720522149,0.3157894736842105,1.6820843506164225,127.5674315641419,5.0,2.0321607531949644,16.578534053475565,152,100,52,25,1.2,0.03,2.4,2.0,1.5,"{""base"": {""fma_adx_length"": 4, ""fma_ma_length"": 11, ""fma_weighting"": 8}, ""c1"": {""length"": 25}, ""c2"": {""atr_mult"": 9, ""atr_period"": 3}, ""exit_ind"": {""adx_smoothing"": 14, ""adx_threshold"": 25, ""di_length"": 140}, ""vol"": {""bbLen"": 20, ""bbStd"": 2, ""fastEma"": 20, ""sensitivity"": 649, ""slowEma"": 32}}","{""base"": {""fma_adx_length"": 4, ""fma_ma_length"": 17, ""fma_weighting"": 10}, ""c1"": {""length"": 71}, ""c2"": {""atr_mult"": 3, ""atr_period"": 27}, ""exit_ind"": {""adx_smoothing"": 14, ""adx_threshold"": 25, ""di_length"": 92}, ""vol"": {""bbLen"": 20, ""bbStd"": 2, ""fastEma"": 3, ""sensitivity"": 15, ""slowEma"": 14}}","{""atr_len"": 44, ""atr_mult"": 1.0, ""be_pct"": 0.05, ""tp_mult"": 2.9, ""trail_arm"": 1.7, ""trail_mult"": 1.8}",deep,deep,0.233487812057479,0.0606449603107049,0.4408511204916563,"{""base"": {""fma_adx_length"": 4, ""fma_ma_length"": 11, ""fma_weighting"": 10}, ""c1"": {""length"": 25}, ""c2"": {""atr_mult"": 9, ""atr_period"": 5}, ""exit_ind"": {""adx_smoothing"": 14, ""adx_threshold"": 25, ""di_length"": 40}, ""vol"": {""bbLen"": 20, ""bbStd"": 2, ""fastEma"": 20, ""sensitivity"": 150, ""slowEma"": 32}}","{""atr_len"": 30, ""atr_mult"": 1.0, ""be_pct"": 0.05, ""tp_mult"": 2.3, ""trail_arm"": 2.0, ""trail_mult"": 1.5}","{""base"": {""fma_adx_length"": 2, ""fma_ma_length"": 17, ""fma_weighting"": 10}, ""c1"": {""length"": 71}, ""c2"": {""atr_mult"": 3, ""atr_period"": 5}, ""exit_ind"": {""adx_smoothing"": 14, ""adx_threshold"": 25, ""di_length"": 92}, ""vol"": {""bbLen"": 20, ""bbStd"": 2, ""fastEma"": 3, ""sensitivity"": 150, ""slowEma"": 14}}","{""atr_len"": 32, ""atr_mult"": 1.0, ""be_pct"": 0.05, ""tp_mult"": 2.8, ""trail_arm"": 2.0, ""trail_mult"": 1.5}",0.3189495282117541,False
aroon_signals,chandelier_exit_signals,waddah_attar_explosion_volume_signals,fantail_vma,aroon_exit,trend,C,True,0.1242125586815286,17.141333098050957,1.4430432620788738,0.3840579710144927,2.3899499915552185,26.16137406344048,12.867021428054096,5.029145627551845,1.332191229640571,138,86,52,18,1.0,0.05,1.5,2.0,1.45,"{""base"": {""fma_adx_length"": 4, ""fma_ma_length"": 11, ""fma_weighting"": 10}, ""c1"": {""length"": 25}, ""c2"": {""atr_mult"": 9, ""atr_period"": 5}, ""exit_ind"": {""length"": 25}, ""vol"": {""bbLen"": 87, ""bbStd"": 2, ""fastEma"": 20, ""sensitivity"": 649, ""slowEma"": 32}}","{""base"": {""fma_adx_length"": 2, ""fma_ma_length"": 11, ""fma_weighting"": 43}, ""c1"": {""length"": 13}, ""c2"": {""atr_mult"": 9, ""atr_period"": 5}, ""exit_ind"": {""length"": 31}, ""vol"": {""bbLen"": 20, ""bbStd"": 2, ""fastEma"": 3, ""sensitivity"": 185, ""slowEma"": 14}}","{""atr_len"": 46, ""atr_mult"": 1.0, ""be_pct"": 0.05, ""tp_mult"": 2.55, ""trail_arm"": 1.2, ""trail_mult"": 0.5}",deep,deep,0.278730802138148,0.0485139622079961,0.3431934022736459,"{""base"": {""fma_adx_length"": 4, ""fma_ma_length"": 11, ""fma_weighting"": 10}, ""c1"": {""length"": 25}, ""c2"": {""atr_mult"": 9, ""atr_period"": 5}, ""exit_ind"": {""length"": 25}, ""vol"": {""bbLen"": 20, ""bbStd"": 2, ""fastEma"": 20, ""sensitivity"": 150, ""slowEma"": 32}}","{""atr_len"": 30, ""atr_mult"": 1.0, ""be_pct"": 0.05, ""tp_mult"": 1.5, ""trail_arm"": 2.0, ""trail_mult"": 1.5}","{""base"": {""fma_adx_length"": 2, ""fma_ma_length"": 5, ""fma_weighting"": 10}, ""c1"": {""length"": 13}, ""c2"": {""atr_mult"": 9, ""atr_period"": 5}, ""exit_ind"": {""length"": 108}, ""vol"": {""bbLen"": 20, ""bbStd"": 2, ""fastEma"": 3, ""sensitivity"": 150, ""slowEma"": 14}}","{""atr_len"": 45, ""atr_mult"": 1.0, ""be_pct"": 0.05, ""tp_mult"": 2.2, ""trail_arm"": 2.0, ""trail_mult"": 1.5}",0.3457642640960761,False
aroon_signals,chandelier_exit_signals,waddah_attar_explosion_volume_signals,fantail_vma,center_of_gravity_exit,trend,C,True,0.0810258371934884,11.181565532701402,1.2691806373233616,0.3478260869565217,1.5930963833121234,15.941244682157947,8.090874668351443,3.2371992004638765,1.3819971252848122,138,86,52,11,1.0,0.08,2.3,1.0,1.75,"{""base"": {""fma_adx_length"": 4, ""fma_ma_length"": 11, ""fma_weighting"": 10}, ""c1"": {""length"": 25}, ""c2"": {""atr_mult"": 3, ""atr_period"": 8}, ""exit_ind"": {""length"": 66, ""signal_length"": 13}, ""vol"": {""bbLen"": 20, ""bbStd"": 2, ""fastEma"": 7, ""sensitivity"": 987, ""slowEma"": 32}}","{""base"": {""fma_adx_length"": 6, ""fma_ma_length"": 17, ""fma_weighting"": 12}, ""c1"": {""length"": 164}, ""c2"": {""atr_mult"": 3, ""atr_period"": 18}, ""exit_ind"": {""length"": 43, ""signal_length"": 9}, ""vol"": {""bbLen"": 132, ""bbStd"": 2, ""fastEma"": 7, ""sensitivity"": 185, ""slowEma"": 14}}","{""atr_len"": 19, ""atr_mult"": 1.0, ""be_pct"": 0.05, ""tp_mult"": 3.0, ""trail_arm"": 2.0, ""trail_mult"": 0.75}",deep,deep,0.0892383924479868,0.0629504503633077,0.5195406975907091,"{""base"": {""fma_adx_length"": 4, ""fma_ma_length"": 6, ""fma_weighting"": 10}, ""c1"": {""length"": 25}, ""c2"": {""atr_mult"": 3, ""atr_period"": 22}, ""exit_ind"": {""length"": 10, ""signal_length"": 3}, ""vol"": {""bbLen"": 20, ""bbStd"": 2, ""fastEma"": 3, ""sensitivity"": 150, ""slowEma"": 32}}","{""atr_len"": 12, ""atr_mult"": 1.32, ""be_pct"": 0.05, ""tp_mult"": 2.4, ""trail_arm"": 2.0, ""trail_mult"": 1.5}","{""base"": {""fma_adx_length"": 4, ""fma_ma_length"": 17, ""fma_weighting"": 10}, ""c1"": {""length"": 250}, ""c2"": {""atr_mult"": 3, ""atr_period"": 5}, ""exit_ind"": {""length"": 10, ""signal_length"": 3}, ""vol"": {""bbLen"": 20, ""bbStd"": 2, ""fastEma"": 3, ""sensitivity"": 150, ""slowEma"": 14}}","{""atr_len"": 39, ""atr_mult"": 1.0, ""be_pct"": 0.05, ""tp_mult"": 3.0, ""trail_arm"": 2.0, ""trail_mult"": 1.5}",0.2064231456584793,False
aroon_signals,chandelier_exit_signals,waddah_attar_explosion_volume_signals,fantail_vma,didi_index_exit,trend,C,True,0.1754843270536772,37.90461464359428,1.663981032500394,0.3888888888888889,3.1953700791431174,24.863466641143,9.52270274743138,2.919433759342472,3.980447111385319,216,164,52,3,1.0,0.05,3.0,1.0,1.45,"{""base"": {""fma_adx_length"": 2, ""fma_ma_length"": 5, ""fma_weighting"": 12}, ""c1"": {""length"": 47}, ""c2"": {""atr_mult"": 3, ""atr_period"": 18}, ""exit_ind"": {""long_p"": 16, ""medium"": 2}, ""vol"": {""bbLen"": 57, ""bbStd"": 2, ""fastEma"": 7, ""sensitivity"": 80, ""slowEma"": 40}}","{""base"": {""fma_adx_length"": 6, ""fma_ma_length"": 26, ""fma_weighting"": 2}, ""c1"": {""length"": 25}, ""c2"": {""atr_mult"": 3, ""atr_period"": 18}, ""exit_ind"": {""long_p"": 37, ""medium"": 6}, ""vol"": {""bbLen"": 200, ""bbStd"": 6, ""fastEma"": 200, ""sensitivity"": 15, ""slowEma"": 49}}","{""atr_len"": 2, ""atr_mult"": 1.0, ""be_pct"": 0.01, ""tp_mult"": 2.15, ""trail_arm"": 1.3, ""trail_mult"": 1.35}",full,full,,0.0565304675986522,0.3769577963330977,,,,,,False
aroon_signals,chandelier_exit_signals,waddah_attar_explosion_volume_signals,fantail_vma,donchian_breakout_exit,trend,C,True,0.2153876216111703,80.98574572580006,1.6207431392030656,0.2659574468085106,0.9593857037083318,46.10646576241495,13.4227646714,5.458858472613174,6.033462383375989,376,326,50,13,1.0,0.01,3.0,1.0,1.5,"{""base"": {""fma_adx_length"": 2, ""fma_ma_length"": 2, ""fma_weighting"": 12}, ""c1"": {""length"": 6}, ""c2"": {""atr_mult"": 3, ""atr_period"": 12}, ""exit_ind"": {""length"": 87}, ""vol"": {""bbLen"": 37, ""bbStd"": 2, ""fastEma"": 7, ""sensitivity"": 23, ""slowEma"": 21}}","{""base"": {""fma_adx_length"": 2, ""fma_ma_length"": 7, ""fma_weighting"": 12}, ""c1"": {""length"": 4}, ""c2"": {""atr_mult"": 4, ""atr_period"": 22}, ""exit_ind"": {""length"": 57}, ""vol"": {""bbLen"": 200, ""bbStd"": 6, ""fastEma"": 200, ""sensitivity"": 15, ""slowEma"": 49}}","{""atr_len"": 34, ""atr_mult"": 1.0, ""be_pct"": 0.09, ""tp_mult"": 2.95, ""trail_arm"": 1.7, ""trail_mult"": 1.2}",full,full,,0.0812916604090647,1.0748831916718729,,,,,,False
aroon_signals,chandelier_exit_signals,waddah_attar_explosion_volume_signals,fantail_vma,dpo_exit,trend,C,True,0.2391062535702262,30.1273879498485,2.056464899959522,0.4444444444444444,4.315610158306923,28.197070664595127,4.840594575057086,2.191432761349976,6.223902349742481,126,76,50,50,1.0,0.05,1.9,1.6,2.0,"{""base"": {""fma_adx_length"": 2, ""fma_ma_length"": 11, ""fma_weighting"": 10}, ""c1"": {""length"": 25}, ""c2"": {""atr_mult"": 3, ""atr_period"": 8}, ""exit_ind"": {""len"": 329}, ""vol"": {""bbLen"": 37, ""bbStd"": 2, ""fastEma"": 2, ""sensitivity"": 23, ""slowEma"": 40}}","{""base"": {""fma_adx_length"": 2, ""fma_ma_length"": 5, ""fma_weighting"": 12}, ""c1"": {""length"": 25}, ""c2"": {""atr_mult"": 3, ""atr_period"": 8}, ""exit_ind"": {""len"": 50}, ""vol"": {""bbLen"": 25, ""bbStd"": 2, ""fastEma"": 11, ""sensitivity"": 80, ""slowEma"": 49}}","{""atr_len"": 11, ""atr_mult"": 1.0, ""be_pct"": 0.05, ""tp_mult"": 2.3, ""trail_arm"": 1.85, ""trail_mult"": 1.4}",full,full,,0.0991660391163848,0.4263141903418207,,,,,,False
aroon_signals,chandelier_exit_signals,waddah_attar_explosion_volume_signals,fantail_vma,qqe_mod_exit,trend,C,True,0.7145024048500308,111.4623751566048,3.9680462189236807,0.4487179487179487,2.17893737403636,149.79806148372413,4.023773119717745,1.303366952040031,27.70095923410899,156,92,64,47,1.0,0.05,2.2,1.35,1.85,"{""base"": {""fma_adx_length"": 4, ""fma_ma_length"": 7, ""fma_weighting"": 10}, ""c1"": {""length"": 25}, ""c2"": {""atr_mult"": 2, ""atr_period"": 18}, ""exit_ind"": {""fast_factor"": 0.161, ""rsi_len"": 2, ""rsi_period"": 39}, ""vol"": {""bbLen"": 37, ""bbStd"": 2, ""fastEma"": 7, ""sensitivity"": 23, ""slowEma"": 40}}","{""base"": {""fma_adx_length"": 2, ""fma_ma_length"": 6, ""fma_weighting"": 12}, ""c1"": {""length"": 2}, ""c2"": {""atr_mult"": 4, ""atr_period"": 41}, ""exit_ind"": {""fast_factor"": 16.1, ""rsi_len"": 5, ""rsi_period"": 11}, ""vol"": {""bbLen"": 25, ""bbStd"": 2, ""fastEma"": 2, ""sensitivity"": 15, ""slowEma"": 6}}","{""atr_len"": 27, ""atr_mult"": 1.0, ""be_pct"": 0.05, ""tp_mult"": 2.2, ""trail_arm"": 2.0, ""trail_mult"": 1.65}",full,full,,0.0570649290898465,0.3146501989934896,,,,,,False
aroon_signals,chandelier_exit_signals,waddah_attar_explosion_volume_signals,fantail_vma,waddah_attar_explosion_exit,trend,C,True,0.1351273314879849,21.079863712125658,1.631952136076133,0.4935897435897436,3.3980894337621317,15.378346984252689,6.220288570535459,2.5763194213683316,3.3888883888727763,156,98,58,24,1.0,0.02,1.5,1.0,1.65,"{""base"": {""fma_adx_length"": 4, ""fma_ma_length"": 6, ""fma_weighting"": 10}, ""c1"": {""length"": 164}, ""c2"": {""atr_mult"": 3, ""atr_period"": 8}, ""exit_ind"": {""bbLen"": 57, ""bbStd"": 2, ""fastEma"": 11, ""sensitivity"": 23, ""slowEma"": 49}, ""vol"": {""bbLen"": 20, ""bbStd"": 6, ""fastEma"": 3, ""sensitivity"": 150, ""slowEma"": 32}}","{""base"": {""fma_adx_length"": 4, ""fma_ma_length"": 6, ""fma_weighting"": 10}, ""c1"": {""length"": 25}, ""c2"": {""atr_mult"": 3, ""atr_period"": 12}, ""exit_ind"": {""bbLen"": 5, ""bbStd"": 4, ""fastEma"": 25, ""sensitivity"": 15, ""slowEma"": 40}, ""vol"": {""bbLen"": 5, ""bbStd"": 6, ""fastEma"": 3, ""sensitivity"": 150, ""slowEma"": 40}}","{""atr_len"": 2, ""atr_mult"": 1.0, ""be_pct"": 0.01, ""tp_mult"": 1.55, ""trail_arm"": 1.0, ""trail_mult"": 0.5}",deep,deep,0.767763825878559,0.0688549657383398,0.9680233925054058,"{""base"": {""fma_adx_length"": 4, ""fma_ma_length"": 6, ""fma_weighting"": 10}, ""c1"": {""length"": 164}, ""c2"": {""atr_mult"": 3, ""atr_period"": 5}, ""exit_ind"": {""bbLen"": 20, ""bbStd"": 2, ""fastEma"": 20, ""sensitivity"": 150, ""slowEma"": 40}, ""vol"": {""bbLen"": 20, ""bbStd"": 6, ""fastEma"": 3, ""sensitivity"": 150, ""slowEma"": 32}}","{""atr_len"": 25, ""atr_mult"": 1.0, ""be_pct"": 0.05, ""tp_mult"": 1.5, ""trail_arm"": 2.0, ""trail_mult"": 1.5}","{""base"": {""fma_adx_length"": 4, ""fma_ma_length"": 6, ""fma_weighting"": 10}, ""c1"": {""length"": 25}, ""c2"": {""atr_mult"": 3, ""atr_period"": 22}, ""exit_ind"": {""bbLen"": 20, ""bbStd"": 2, ""fastEma"": 25, ""sensitivity"": 150, ""slowEma"": 40}, ""vol"": {""bbLen"": 20, ""bbStd"": 6, ""fastEma"": 20, ""sensitivity"": 150, ""slowEma"": 49}}","{""atr_len"": 2, ""atr_mult"": 1.0, ""be_pct"": 0.05, ""tp_mult"": 1.95, ""trail_arm"": 2.0, ""trail_mult"": 1.5}",0.1479481388582078,False
aroon_signals,chandelier_exit_signals,waddah_attar_explosion_volume_signals,hma_baseline,bears_bulls_impulse_exit,trend,C,True,0.0804040138308501,14.95514657253813,1.2682159248845986,0.3333333333333333,1.437627409885492,10.4168439084043,8.9248925820654,4.281053850445535,1.675666842488451,186,92,94,49,1.0,0.05,2.6,1.4,1.45,"{""base"": {""ma_length"": 2}, ""c1"": {""length"": 25}, ""c2"": {""atr_mult"": 2, ""atr_period"": 12}, ""exit_ind"": {""length"": 86}, ""vol"": {""bbLen"": 20, ""bbStd"": 2, ""fastEma"": 20, ""sensitivity"": 150, ""slowEma"": 21}}","{""base"": {""ma_length"": 25}, ""c1"": {""length"": 47}, ""c2"": {""atr_mult"": 2, ""atr_period"": 18}, ""exit_ind"": {""length"": 86}, ""vol"": {""bbLen"": 87, ""bbStd"": 2, ""fastEma"": 20, ""sensitivity"": 281, ""slowEma"": 49}}","{""atr_len"": 50, ""atr_mult"": 1.0, ""be_pct"": 0.05, ""tp_mult"": 2.95, ""trail_arm"": 2.0, ""trail_mult"": 1.7}",deep,deep,0.2312516103138392,0.0241354307045939,0.2669225924315159,"{""base"": {""ma_length"": 2}, ""c1"": {""length"": 25}, ""c2"": {""atr_mult"": 2, ""atr_period"": 12}, ""exit_ind"": {""length"": 86}, ""vol"": {""bbLen"": 20, ""bbStd"": 2, ""fastEma"": 20, ""sensitivity"": 150, ""slowEma"": 21}}","{""atr_len"": 48, ""atr_mult"": 1.0, ""be_pct"": 0.05, ""tp_mult"": 2.6, ""trail_arm"": 2.0, ""trail_mult"": 1.5}","{""base"": {""ma_length"": 25}, ""c1"": {""length"": 47}, ""c2"": {""atr_mult"": 2, ""atr_period"": 22}, ""exit_ind"": {""length"": 86}, ""vol"": {""bbLen"": 20, ""bbStd"": 2, ""fastEma"": 20, ""sensitivity"": 150, ""slowEma"": 49}}","{""atr_len"": 50, ""atr_mult"": 1.0, ""be_pct"": 0.05, ""tp_mult"": 2.95, ""trail_arm"": 2.0, ""trail_mult"": 1.5}",0.2930162897217037,False
aroon_signals,chandelier_exit_signals,waddah_attar_explosion_volume_signals,kama_baseline,schaff_trend_cycle_exit,trend,C,True,0.2765184095559856,78.53122831389993,1.7586807849452466,0.2429577464788732,1.0542602345097485,99.05858037037513,15.999999999999922,5.616821374619093,4.90820176961877,284,218,66,28,1.0,0.05,3.0,1.0,1.35,"{""base"": {""fast_length"": 2, ""length"": 66, ""slow_length"": 24}, ""c1"": {""length"": 164}, ""c2"": {""atr_mult"": 4, ""atr_period"": 12}, ""exit_ind"": {""cycleLen"": 8, ""d1"": 2, ""d2"": 3, ""lowerBand"": 25, ""macdFast"": 23, ""macdSlow"": 142, ""upperBand"": 75}, ""vol"": {""bbLen"": 16, ""bbStd"": 2, ""fastEma"": 20, ""sensitivity"": 150, ""slowEma"": 32}}","{""base"": {""fast_length"": 2, ""length"": 19, ""slow_length"": 56}, ""c1"": {""length"": 13}, ""c2"": {""atr_mult"": 9, ""atr_period"": 63}, ""exit_ind"": {""cycleLen"": 10, ""d1"": 4, ""d2"": 30, ""lowerBand"": 25, ""macdFast"": 8, ""macdSlow"": 18, ""upperBand"": 75}, ""vol"": {""bbLen"": 37, ""bbStd"": 2, ""fastEma"": 16, ""sensitivity"": 185, ""slowEma"": 14}}","{""atr_len"": 46, ""atr_mult"": 1.0, ""be_pct"": 0.05, ""tp_mult"": 3.0, ""trail_arm"": 1.9, ""trail_mult"": 1.85}",deep,deep,0.2800251656846901,0.0162897029255113,0.5017803343160714,"{""base"": {""fast_length"": 2, ""length"": 66, ""slow_length"": 30}, ""c1"": {""length"": 164}, ""c2"": {""atr_mult"": 4, ""atr_period"": 22}, ""exit_ind"": {""cycleLen"": 10, ""d1"": 3, ""d2"": 3, ""lowerBand"": 25, ""macdFast"": 23, ""macdSlow"": 50, ""upperBand"": 75}, ""vol"": {""bbLen"": 20, ""bbStd"": 2, ""fastEma"": 20, ""sensitivity"": 150, ""slowEma"": 32}}","{""atr_len"": 45, ""atr_mult"": 1.0, ""be_pct"": 0.05, ""tp_mult"": 3.0, ""trail_arm"": 2.0, ""trail_mult"": 1.5}","{""base"": {""fast_length"": 2, ""length"": 19, ""slow_length"": 30}, ""c1"": {""length"": 13}, ""c2"": {""atr_mult"": 9, ""atr_period"": 22}, ""exit_ind"": {""cycleLen"": 10, ""d1"": 3, ""d2"": 3, ""lowerBand"": 25, ""macdFast"": 23, ""macdSlow"": 50, ""upperBand"": 75}, ""vol"": {""bbLen"": 20, ""bbStd"": 2, ""fastEma"": 20, ""sensitivity"": 150, ""slowEma"": 14}}","{""atr_len"": 37, ""atr_mult"": 1.0, ""be_pct"": 0.05, ""tp_mult"": 1.75, ""trail_arm"": 2.0, ""trail_mult"": 1.5}",0.262754934206869,False
aroon_signals,chandelier_exit_signals,waddah_attar_explosion_volume_signals,mcginley_dynamic_index,ichimoku_exit,trend,C,True,0.131883196767518,38.773659849650315,1.3701203164186049,0.2551020408163265,0.5455512909532634,28.61483394746545,34.019062061555445,19.374520848494033,1.1397627535847903,294,172,122,2,1.0,0.05,3.0,2.0,1.55,"{""base"": {""mci_length"": 11}, ""c1"": {""length"": 164}, ""c2"": {""atr_mult"": 3, ""atr_period"": 18}, ""exit_ind"": {""base_len"": 26, ""conversion_len"": 39, ""displacement"": 26, ""span_b_len"": 52}, ""vol"": {""bbLen"": 37, ""bbStd"": 2, ""fastEma"": 7, ""sensitivity"": 80, ""slowEma"": 21}}","{""base"": {""mci_length"": 17}, ""c1"": {""length"": 13}, ""c2"": {""atr_mult"": 3, ""atr_period"": 12}, ""exit_ind"": {""base_len"": 113, ""conversion_len"": 90, ""displacement"": 26, ""span_b_len"": 52}, ""vol"": {""bbLen"": 20, ""bbStd"": 2, ""fastEma"": 132, ""sensitivity"": 23, ""slowEma"": 21}}","{""atr_len"": 46, ""atr_mult"": 1.05, ""be_pct"": 0.09, ""tp_mult"": 3.0, ""trail_arm"": 1.25, ""trail_mult"": 2.0}",full,full,,0.0273202242492877,0.6501604052200597,,,,,,False
aroon_signals,chandelier_exit_signals,waddah_attar_explosion_volume_signals,mcginley_dynamic_index,lemantrend_exit,trend,C,True,0.1819186575368631,45.47966438421579,1.5089274663676238,0.26,0.6714179903606671,47.81594005942735,29.854853435376413,16.497235051694034,1.5233591577550605,250,192,58,37,1.0,0.05,2.35,1.0,0.8,"{""base"": {""mci_length"": 7}, ""c1"": {""length"": 31}, ""c2"": {""atr_mult"": 3, ""atr_period"": 27}, ""exit_ind"": {""fast_period"": 28, ""medium_period"": 21, ""slow_period"": 13, ""smooth"": 4}, ""vol"": {""bbLen"": 5, ""bbStd"": 20, ""fastEma"": 7, ""sensitivity"": 80, ""slowEma"": 32}}","{""base"": {""mci_length"": 17}, ""c1"": {""length"": 13}, ""c2"": {""atr_mult"": 3, ""atr_period"": 18}, ""exit_ind"": {""fast_period"": 147, ""medium_period"": 21, ""slow_period"": 16, ""smooth"": 3}, ""vol"": {""bbLen"": 20, ""bbStd"": 2, ""fastEma"": 132, ""sensitivity"": 185, ""slowEma"": 4}}","{""atr_len"": 37, ""atr_mult"": 1.05, ""be_pct"": 0.05, ""tp_mult"": 3.0, ""trail_arm"": 1.3, ""trail_mult"": 1.75}",full,full,,0.0357890504997339,0.2976309272764856,,,,,,False
aroon_signals,chandelier_exit_signals,waddah_attar_explosion_volume_signals,mcginley_dynamic_index,waddah_attar_explosion_exit,trend,C,True,0.1402319720264176,60.86067585946526,1.3869814949374393,0.2626728110599078,0.6418027272243692,76.81062262711436,16.53341474042825,8.593534500878523,3.681071140775656,434,382,52,13,1.1,0.09,2.35,1.1,0.55,"{""base"": {""mci_length"": 5}, ""c1"": {""length"": 25}, ""c2"": {""atr_mult"": 3, ""atr_period"": 22}, ""exit_ind"": {""bbLen"": 7, ""bbStd"": 9, ""fastEma"": 20, ""sensitivity"": 281, ""slowEma"": 114}, ""vol"": {""bbLen"": 200, ""bbStd"": 2, ""fastEma"": 11, ""sensitivity"": 122, ""slowEma"": 21}}","{""base"": {""mci_length"": 11}, ""c1"": {""length"": 13}, ""c2"": {""atr_mult"": 3, ""atr_period"": 18}, ""exit_ind"": {""bbLen"": 25, ""bbStd"": 4, ""fastEma"": 57, ""sensitivity"": 987, ""slowEma"": 173}, ""vol"": {""bbLen"": 20, ""bbStd"": 2, ""fastEma"": 132, ""sensitivity"": 185, ""slowEma"": 4}}","{""atr_len"": 38, ""atr_mult"": 1.0, ""be_pct"": 0.02, ""tp_mult"": 2.75, ""trail_arm"": 1.0, ""trail_mult"": 1.4}",full,full,,0.0423385017609394,0.3889326505761051,,,,,,False
aroon_signals,chandelier_exit_signals,waddah_attar_explosion_volume_signals,rma_baseline,coppock_curve_exit,trend,C,True,0.1421145793847897,29.55983251203626,1.5312427352678344,0.3461538461538461,2.6371647360412416,16.228273987372916,7.45981409954489,3.0238994559650574,3.9625427815740943,208,152,56,31,1.0,0.05,2.15,1.8,0.8,"{""base"": {""ma_length"": 20}, ""c1"": {""length"": 25}, ""c2"": {""atr_mult"": 3, ""atr_period"": 3}, ""exit_ind"": {""long_roc"": 61, ""short_roc"": 31, ""smooth_len"": 5}, ""vol"": {""bbLen"": 20, ""bbStd"": 2, ""fastEma"": 20, ""sensitivity"": 122, ""slowEma"": 21}}","{""base"": {""ma_length"": 11}, ""c1"": {""length"": 13}, ""c2"": {""atr_mult"": 30, ""atr_period"": 220}, ""exit_ind"": {""long_roc"": 17, ""short_roc"": 2, ""smooth_len"": 5}, ""vol"": {""bbLen"": 200, ""bbStd"": 2, ""fastEma"": 57, ""sensitivity"": 15, ""slowEma"": 21}}","{""atr_len"": 48, ""atr_mult"": 1.0, ""be_pct"": 0.01, ""tp_mult"": 3.0, ""trail_arm"": 1.65, ""trail_mult"": 1.45}",full,full,,0.0188752255494651,0.3902070545895033,,,,,,False
aroon_signals,chandelier_exit_signals,waddah_attar_explosion_volume_signals,rma_baseline,trend_direction_force_index_exit,trend,C,True,0.0840869103811124,12.444862736404644,1.3042599956952723,0.3581081081081081,1.7445633415849633,10.213886341971577,8.672126695881767,3.2023421498909896,1.4350416192967383,148,88,60,5,1.0,0.05,2.65,1.55,0.5,"{""base"": {""ma_length"": 11}, ""c1"": {""length"": 25}, ""c2"": {""atr_mult"": 3, ""atr_period"": 27}, ""exit_ind"": {""fhigh"": 0.040557, ""flow"": -0.026683, ""lookback"": 13}, ""vol"": {""bbLen"": 20, ""bbStd"": 2, ""fastEma"": 20, ""sensitivity"": 150, ""slowEma"": 21}}","{""base"": {""ma_length"": 16}, ""c1"": {""length"": 25}, ""c2"": {""atr_mult"": 4, ""atr_period"": 22}, ""exit_ind"": {""fhigh"": 0.005, ""flow"": -0.142402, ""lookback"": 130}, ""vol"": {""bbLen"": 20, ""bbStd"": 4, ""fastEma"": 5, ""sensitivity"": 35, ""slowEma"": 32}}","{""atr_len"": 9, ""atr_mult"": 1.0, ""be_pct"": 0.06, ""tp_mult"": 2.6, ""trail_arm"": 1.1, ""trail_mult"": 0.5}",full,full,,0.0496490299994663,0.3451716064196817,,,,,,False
aroon_signals,chandelier_exit_signals,waddah_attar_explosion_volume_signals,sma_baseline,adx_dmi_exit,trend,C,True,0.5132668249306115,61.592018991673385,2.6386410599674495,0.3,1.2232429546226615,75.80742953706071,13.222966331799212,7.470908210030882,4.657957786941799,120,66,54,4,1.0,0.03,2.9,1.0,1.1,"{""base"": {""length"": 11}, ""c1"": {""length"": 31}, ""c2"": {""atr_mult"": 3, ""atr_period"": 12}, ""exit_ind"": {""adx_smoothing"": 14, ""adx_threshold"": 25, ""di_length"": 26}, ""vol"": {""bbLen"": 57, ""bbStd"": 2, ""fastEma"": 7, ""sensitivity"": 23, ""slowEma"": 32}}","{""base"": {""length"": 20}, ""c1"": {""length"": 108}, ""c2"": {""atr_mult"": 3, ""atr_period"": 18}, ""exit_ind"": {""adx_smoothing"": 14, ""adx_threshold"": 25, ""di_length"": 26}, ""vol"": {""bbLen"": 37, ""bbStd"": 2, ""fastEma"": 7, ""sensitivity"": 35, ""slowEma"": 14}}","{""atr_len"": 5, ""atr_mult"": 1.1, ""be_pct"": 0.01, ""tp_mult"": 2.7, ""trail_arm"": 1.7, ""trail_mult"": 1.65}",full,full,,0.0129781783199055,0.4414801668843034,,,,,,False
aroon_signals,chandelier_exit_signals,waddah_attar_explosion_volume_signals,sma_baseline,aroon_exit,trend,C,True,0.379433213703801,66.78024561186899,2.1167639859281295,0.2897727272727273,1.172008157254437,134.0353426395247,17.159368030626013,8.71735639214638,3.891766030816503,176,70,106,3,1.0,0.01,2.05,1.75,1.9,"{""base"": {""length"": 20}, ""c1"": {""length"": 250}, ""c2"": {""atr_mult"": 3, ""atr_period"": 12}, ""exit_ind"": {""length"": 108}, ""vol"": {""bbLen"": 37, ""bbStd"": 2, ""fastEma"": 3, ""sensitivity"": 185, ""slowEma"": 32}}","{""base"": {""length"": 20}, ""c1"": {""length"": 164}, ""c2"": {""atr_mult"": 3, ""atr_period"": 18}, ""exit_ind"": {""length"": 108}, ""vol"": {""bbLen"": 25, ""bbStd"": 2, ""fastEma"": 11, ""sensitivity"": 122, ""slowEma"": 14}}","{""atr_len"": 34, ""atr_mult"": 1.0, ""be_pct"": 0.01, ""tp_mult"": 2.9, ""trail_arm"": 1.9, ""trail_mult"": 2.0}",full,full,,0.0026627490144187,0.6063656296622978,,,,,,False
aroon_signals,chandelier_exit_signals,waddah_attar_explosion_volume_signals,sma_baseline,bears_bulls_impulse_exit,trend,C,True,0.4250144697836908,47.60162061577337,2.14847251786683,0.1785714285714285,1.0077412844168605,69.97152746231818,17.395811431158847,10.7341012367164,2.736384031532487,112,62,50,17,1.0,0.01,1.4,1.2,1.9,"{""base"": {""length"": 132}, ""c1"": {""length"": 9}, ""c2"": {""atr_mult"": 3, ""atr_period"": 41}, ""exit_ind"": {""length"": 16}, ""vol"": {""bbLen"": 57, ""bbStd"": 2, ""fastEma"": 57, ""sensitivity"": 427, ""slowEma"": 40}}","{""base"": {""length"": 20}, ""c1"": {""length"": 164}, ""c2"": {""atr_mult"": 3, ""atr_period"": 18}, ""exit_ind"": {""length"": 56}, ""vol"": {""bbLen"": 37, ""bbStd"": 2, ""fastEma"": 7, ""sensitivity"": 35, ""slowEma"": 14}}","{""atr_len"": 19, ""atr_mult"": 1.0, ""be_pct"": 0.05, ""tp_mult"": 2.95, ""trail_arm"": 1.35, ""trail_mult"": 2.0}",full,full,,0.0046095474925619,0.3402126467052355,,,,,,False
aroon_signals,chandelier_exit_signals,waddah_attar_explosion_volume_signals,sma_baseline,center_of_gravity_exit,trend,C,True,0.1025097851006996,17.01662432671614,1.399732136275995,0.4036144578313253,2.0137650138071588,12.971843419979988,10.653642119306909,4.592528107773888,1.5972588656679214,166,68,98,3,1.0,0.19,2.45,1.5,1.65,"{""base"": {""length"": 11}, ""c1"": {""length"": 31}, ""c2"": {""atr_mult"": 3, ""atr_period"": 12}, ""exit_ind"": {""length"": 100, ""signal_length"": 6}, ""vol"": {""bbLen"": 57, ""bbStd"": 2, ""fastEma"": 7, ""sensitivity"": 185, ""slowEma"": 32}}","{""base"": {""length"": 20}, ""c1"": {""length"": 25}, ""c2"": {""atr_mult"": 13, ""atr_period"": 145}, ""exit_ind"": {""length"": 10, ""signal_length"": 2}, ""vol"": {""bbLen"": 25, ""bbStd"": 2, ""fastEma"": 11, ""sensitivity"": 122, ""slowEma"": 14}}","{""atr_len"": 8, ""atr_mult"": 1.0, ""be_pct"": 0.05, ""tp_mult"": 2.5, ""trail_arm"": 1.5, ""trail_mult"": 0.5}",full,full,,-0.0018169102433475,0.2960249461784951,,,,,,False
aroon_signals,chandelier_exit_signals,waddah_attar_explosion_volume_signals,sma_baseline,coppock_curve_exit,trend,C,True,0.1158435729388594,15.986413065562608,1.421412433970751,0.391304347826087,2.120245582150997,19.959948703135943,9.13221343909489,3.2610718615570953,1.7505518428998796,138,60,78,17,1.0,0.01,2.1,1.45,1.45,"{""base"": {""length"": 11}, ""c1"": {""length"": 6}, ""c2"": {""atr_mult"": 3, ""atr_period"": 12}, ""exit_ind"": {""long_roc"": 40, ""short_roc"": 14, ""smooth_len"": 4}, ""vol"": {""bbLen"": 20, ""bbStd"": 2, ""fastEma"": 20, ""sensitivity"": 15, ""slowEma"": 32}}","{""base"": {""length"": 20}, ""c1"": {""length"": 25}, ""c2"": {""atr_mult"": 3, ""atr_period"": 12}, ""exit_ind"": {""long_roc"": 2, ""short_roc"": 11, ""smooth_len"": 10}, ""vol"": {""bbLen"": 37, ""bbStd"": 2, ""fastEma"": 7, ""sensitivity"": 35, ""slowEma"": 14}}","{""atr_len"": 5, ""atr_mult"": 1.0, ""be_pct"": 0.01, ""tp_mult"": 2.45, ""trail_arm"": 1.0, ""trail_mult"": 0.5}",full,full,,0.0089759167999244,0.2382905946470269,,,,,,False
aroon_signals,chandelier_exit_signals,waddah_attar_explosion_volume_signals,sma_baseline,donchian_breakout_exit,trend,C,True,0.7768365500136895,100.98875150177965,4.643675020984614,0.4384615384615384,1.751667706889004,82.99704190342621,4.172331611618702,2.0112852026183576,24.20439238831257,130,62,68,12,1.05,0.01,2.65,1.25,1.2,"{""base"": {""length"": 11}, ""c1"": {""length"": 6}, ""c2"": {""atr_mult"": 3, ""atr_period"": 12}, ""exit_ind"": {""length"": 25}, ""vol"": {""bbLen"": 25, ""bbStd"": 2, ""fastEma"": 20, ""sensitivity"": 15, ""slowEma"": 32}}","{""base"": {""length"": 20}, ""c1"": {""length"": 164}, ""c2"": {""atr_mult"": 3, ""atr_period"": 18}, ""exit_ind"": {""length"": 11}, ""vol"": {""bbLen"": 37, ""bbStd"": 2, ""fastEma"": 7, ""sensitivity"": 35, ""slowEma"": 21}}","{""atr_len"": 5, ""atr_mult"": 1.0, ""be_pct"": 0.05, ""tp_mult"": 2.7, ""trail_arm"": 1.5, ""trail_mult"": 1.05}",full,full,,0.026204822364745,0.2758823097346513,,,,,,False
aroon_signals,chandelier_exit_signals,waddah_attar_explosion_volume_signals,sma_baseline,hieken_ashi_smoothed_exit,trend,C,True,0.3916555896741711,50.91522665764224,2.0468242473717275,0.2153846153846154,1.0265232141283844,241.5641424014439,17.255257020100494,9.062216159656971,2.9507081000492517,130,62,68,2,1.05,0.11,3.0,1.15,1.4,"{""base"": {""length"": 20}, ""c1"": {""length"": 108}, ""c2"": {""atr_mult"": 3, ""atr_period"": 18}, ""exit_ind"": {""ma_len1"": 80, ""ma_len2"": 15}, ""vol"": {""bbLen"": 20, ""bbStd"": 2, ""fastEma"": 7, ""sensitivity"": 23, ""slowEma"": 14}}","{""base"": {""length"": 20}, ""c1"": {""length"": 164}, ""c2"": {""atr_mult"": 3, ""atr_period"": 18}, ""exit_ind"": {""ma_len1"": 80, ""ma_len2"": 23}, ""vol"": {""bbLen"": 37, ""bbStd"": 2, ""fastEma"": 7, ""sensitivity"": 35, ""slowEma"": 14}}","{""atr_len"": 28, ""atr_mult"": 1.0, ""be_pct"": 0.05, ""tp_mult"": 2.9, ""trail_arm"": 2.0, ""trail_mult"": 1.95}",full,full,,-0.0229801356735963,1.0351763877696405,,,,,,False
aroon_signals,chandelier_exit_signals,waddah_attar_explosion_volume_signals,sma_baseline,kuskus_starlight_exit,trend,C,True,0.4493565409251759,53.024071829170765,2.3438400768008303,0.2203389830508474,1.068160471375428,52.888948843888045,17.579329050160077,8.91802164698883,3.0162739247825803,118,66,52,19,1.0,0.05,3.0,1.0,1.3,"{""base"": {""length"": 132}, ""c1"": {""length"": 9}, ""c2"": {""atr_mult"": 3, ""atr_period"": 41}, ""exit_ind"": {""index_smooth"": 0.7, ""price_smooth"": 0.7, ""range_periods"": 5}, ""vol"": {""bbLen"": 5, ""bbStd"": 4, ""fastEma"": 57, ""sensitivity"": 281, ""slowEma"": 40}}","{""base"": {""length"": 20}, ""c1"": {""length"": 164}, ""c2"": {""atr_mult"": 3, ""atr_period"": 12}, ""exit_ind"": {""index_smooth"": 0.7, ""price_smooth"": 0.106394, ""range_periods"": 5}, ""vol"": {""bbLen"": 37, ""bbStd"": 2, ""fastEma"": 7, ""sensitivity"": 35, ""slowEma"": 14}}","{""atr_len"": 11, ""atr_mult"": 1.0, ""be_pct"": 0.05, ""tp_mult"": 2.95, ""trail_arm"": 2.0, ""trail_mult"": 2.0}",full,full,,0.0082583944339547,0.4168370093169164,,,,,,False
aroon_signals,chandelier_exit_signals,waddah_attar_explosion_volume_signals,sma_baseline,trend_direction_force_index_exit,trend,C,True,0.4628867366924368,80.54229218448401,2.644581263240901,0.3563218390804598,1.345962855437007,57.93307944107221,12.949597827524316,4.984906088842187,6.219675178891789,174,62,112,5,1.0,0.05,2.5,1.0,1.2,"{""base"": {""length"": 11}, ""c1"": {""length"": 20}, ""c2"": {""atr_mult"": 9, ""atr_period"": 3}, ""exit_ind"": {""fhigh"": 0.093691, ""flow"": -0.5, ""lookback"": 7}, ""vol"": {""bbLen"": 20, ""bbStd"": 2, ""fastEma"": 7, ""sensitivity"": 281, ""slowEma"": 32}}","{""base"": {""length"": 20}, ""c1"": {""length"": 164}, ""c2"": {""atr_mult"": 3, ""atr_period"": 18}, ""exit_ind"": {""fhigh"": 0.061642, ""flow"": -0.216438, ""lookback"": 130}, ""vol"": {""bbLen"": 37, ""bbStd"": 2, ""fastEma"": 7, ""sensitivity"": 35, ""slowEma"": 14}}","{""atr_len"": 16, ""atr_mult"": 1.0, ""be_pct"": 0.01, ""tp_mult"": 3.0, ""trail_arm"": 1.95, ""trail_mult"": 0.9}",full,full,,0.0066634992946592,0.2844968749119441,,,,,,False
aroon_signals,chandelier_exit_signals,waddah_attar_explosion_volume_signals,t3_baseline,ichimoku_exit,trend,C,True,0.0931349020074971,11.362458044914646,1.2985130383527386,0.3442622950819672,1.7692980454916984,19.847997923101335,6.0635234816380805,2.8884312833718444,1.873903528092719,122,66,56,6,1.05,0.05,2.9,1.0,1.4,"{""base"": {""length"": 12, ""volume_factor"": 0.7}, ""c1"": {""length"": 47}, ""c2"": {""atr_mult"": 9, ""atr_period"": 220}, ""exit_ind"": {""base_len"": 9, ""conversion_len"": 9, ""displacement"": 26, ""span_b_len"": 52}, ""vol"": {""bbLen"": 25, ""bbStd"": 2, ""fastEma"": 20, ""sensitivity"": 80, ""slowEma"": 40}}","{""base"": {""length"": 10, ""volume_factor"": 1.311672}, ""c1"": {""length"": 20}, ""c2"": {""atr_mult"": 13, ""atr_period"": 8}, ""exit_ind"": {""base_len"": 26, ""conversion_len"": 17, ""displacement"": 26, ""span_b_len"": 52}, ""vol"": {""bbLen"": 57, ""bbStd"": 2, ""fastEma"": 7, ""sensitivity"": 150, ""slowEma"": 32}}","{""atr_len"": 20, ""atr_mult"": 1.0, ""be_pct"": 0.01, ""tp_mult"": 2.0, ""trail_arm"": 1.1, ""trail_mult"": 0.9}",full,full,,0.0808670090509262,0.4776350615334344,,,,,,False
aroon_signals,chandelier_exit_signals,waddah_attar_explosion_volume_signals,t3_baseline,polychromatic_momentum_exit,trend,C,True,0.1062669542115506,13.814704047501582,1.345077431843955,0.3461538461538461,2.00402169945496,46.32994273334151,10.6589439691875,5.60343816345051,1.296066860604263,130,80,50,44,1.0,0.05,2.05,1.9,1.5,"{""base"": {""length"": 10, ""volume_factor"": 0.862993}, ""c1"": {""length"": 47}, ""c2"": {""atr_mult"": 3, ""atr_period"": 22}, ""exit_ind"": {""len"": 14}, ""vol"": {""bbLen"": 20, ""bbStd"": 2, ""fastEma"": 7, ""sensitivity"": 23, ""slowEma"": 40}}","{""base"": {""length"": 10, ""volume_factor"": 0.862993}, ""c1"": {""length"": 20}, ""c2"": {""atr_mult"": 13, ""atr_period"": 3}, ""exit_ind"": {""len"": 40}, ""vol"": {""bbLen"": 20, ""bbStd"": 2, ""fastEma"": 5, ""sensitivity"": 80, ""slowEma"": 32}}","{""atr_len"": 21, ""atr_mult"": 1.0, ""be_pct"": 0.05, ""tp_mult"": 2.4, ""trail_arm"": 1.95, ""trail_mult"": 0.9}",full,full,,0.0739161952495735,0.2353713899051471,,,,,,False
aroon_signals,chandelier_exit_signals,waddah_attar_explosion_volume_signals,t3_baseline,supertrend_exit,trend,C,True,0.258258567288936,29.957993805516573,1.8189509908270287,0.3448275862068966,3.345884256786585,57.623648773777006,8.103401340619861,2.8847098012895156,3.696965329280478,116,60,56,33,1.0,0.01,2.9,2.0,2.0,"{""base"": {""length"": 19, ""volume_factor"": 0.862993}, ""c1"": {""length"": 250}, ""c2"": {""atr_mult"": 3, ""atr_period"": 12}, ""exit_ind"": {""atr_period"": 8, ""factor"": 3}, ""vol"": {""bbLen"": 5, ""bbStd"": 2, ""fastEma"": 5, ""sensitivity"": 35, ""slowEma"": 40}}","{""base"": {""length"": 10, ""volume_factor"": 1.311672}, ""c1"": {""length"": 20}, ""c2"": {""atr_mult"": 9, ""atr_period"": 5}, ""exit_ind"": {""atr_period"": 4, ""factor"": 2}, ""vol"": {""bbLen"": 25, ""bbStd"": 20, ""fastEma"": 2, ""sensitivity"": 185, ""slowEma"": 14}}","{""atr_len"": 45, ""atr_mult"": 1.0, ""be_pct"": 0.05, ""tp_mult"": 2.75, ""trail_arm"": 1.35, ""trail_mult"": 1.65}",full,full,,0.0639776726633288,0.4663487842204107,,,,,,False
aroon_signals,chandelier_exit_signals,waddah_attar_explosion_volume_signals,tma_baseline,chandelier_exit_exit,trend,C,True,0.5847294970096519,79.52321159331267,2.6937614189581853,0.2794117647058823,1.4810407933810663,318.9061006832138,9.000000000000007,2.908525113232565,8.835912399256957,136,86,50,3,1.0,0.01,2.05,1.85,1.5,"{""base"": {""length"": 11}, ""c1"": {""length"": 250}, ""c2"": {""atr_mult"": 3, ""atr_period"": 12}, ""exit_ind"": {""atr_mult"": 2, ""atr_period"": 220}, ""vol"": {""bbLen"": 37, ""bbStd"": 2, ""fastEma"": 11, ""sensitivity"": 122, ""slowEma"": 21}}","{""base"": {""length"": 20}, ""c1"": {""length"": 71}, ""c2"": {""atr_mult"": 3, ""atr_period"": 18}, ""exit_ind"": {""atr_mult"": 3, ""atr_period"": 63}, ""vol"": {""bbLen"": 2, ""bbStd"": 2, ""fastEma"": 11, ""sensitivity"": 150, ""slowEma"": 14}}","{""atr_len"": 21, ""atr_mult"": 1.0, ""be_pct"": 0.01, ""tp_mult"": 2.9, ""trail_arm"": 2.0, ""trail_mult"": 0.65}",full,full,,-0.0340706812420703,1.1544001194710374,,,,,,False
aroon_signals,chandelier_exit_signals,waddah_attar_explosion_volume_signals,tma_baseline,kalman_filter_exit,trend,C,True,0.3873782862119531,60.43101264906468,1.9962840015008645,0.2051282051282051,1.049287601071927,280.7335121352981,17.030967475028106,8.057152884272641,3.5483018059703593,156,86,70,41,1.0,0.05,2.85,1.3,2.0,"{""base"": {""length"": 20}, ""c1"": {""length"": 164}, ""c2"": {""atr_mult"": 3, ""atr_period"": 18}, ""exit_ind"": {""k"": 1, ""sharpness"": 2}, ""vol"": {""bbLen"": 37, ""bbStd"": 13, ""fastEma"": 7, ""sensitivity"": 281, ""slowEma"": 14}}","{""base"": {""length"": 20}, ""c1"": {""length"": 71}, ""c2"": {""atr_mult"": 3, ""atr_period"": 18}, ""exit_ind"": {""k"": 2, ""sharpness"": 10}, ""vol"": {""bbLen"": 2, ""bbStd"": 2, ""fastEma"": 11, ""sensitivity"": 150, ""slowEma"": 14}}","{""atr_len"": 21, ""atr_mult"": 1.0, ""be_pct"": 0.01, ""tp_mult"": 2.9, ""trail_arm"": 2.0, ""trail_mult"": 0.65}",full,full,,-0.0342533732480451,0.74896939224647,,,,,,False
aroon_signals,chandelier_exit_signals,waddah_attar_explosion_volume_signals,tma_baseline,price_momentum_oscillator_exit,trend,C,True,0.5466158459629757,78.71268181866851,2.525749482767208,0.25,1.2064873703562036,306.365279199723,14.185868232719288,5.960813570888011,5.548668613537523,144,82,62,3,1.0,0.2,2.15,1.8,1.0,"{""base"": {""length"": 11}, ""c1"": {""length"": 108}, ""c2"": {""atr_mult"": 3, ""atr_period"": 12}, ""exit_ind"": {""s1"": 100, ""s2"": 16, ""sig"": 10}, ""vol"": {""bbLen"": 37, ""bbStd"": 2, ""fastEma"": 11, ""sensitivity"": 150, ""slowEma"": 21}}","{""base"": {""length"": 20}, ""c1"": {""length"": 71}, ""c2"": {""atr_mult"": 3, ""atr_period"": 18}, ""exit_ind"": {""s1"": 28, ""s2"": 16, ""sig"": 10}, ""vol"": {""bbLen"": 25, ""bbStd"": 2, ""fastEma"": 11, ""sensitivity"": 122, ""slowEma"": 14}}","{""atr_len"": 4, ""atr_mult"": 1.05, ""be_pct"": 0.05, ""tp_mult"": 2.7, ""trail_arm"": 1.7, ""trail_mult"": 2.0}",full,full,,-0.0399707813989934,1.0440724995488524,,,,,,False
aroon_signals,chandelier_exit_signals,waddah_attar_explosion_volume_signals,tma_baseline,ssl_channel_exit,trend,C,True,0.4464401180596515,62.501616528351214,2.160263856275847,0.2,1.1421661824507137,795.5020601827862,12.530253746107917,5.8426629528961085,4.988056730117309,140,90,50,3,1.0,0.05,3.0,2.0,0.5,"{""base"": {""length"": 37}, ""c1"": {""length"": 13}, ""c2"": {""atr_mult"": 3, ""atr_period"": 5}, ""exit_ind"": {""len"": 43}, ""vol"": {""bbLen"": 37, ""bbStd"": 20, ""fastEma"": 57, ""sensitivity"": 80, ""slowEma"": 40}}","{""base"": {""length"": 20}, ""c1"": {""length"": 71}, ""c2"": {""atr_mult"": 3, ""atr_period"": 18}, ""exit_ind"": {""len"": 100}, ""vol"": {""bbLen"": 3, ""bbStd"": 2, ""fastEma"": 11, ""sensitivity"": 150, ""slowEma"": 14}}","{""atr_len"": 19, ""atr_mult"": 1.0, ""be_pct"": 0.01, ""tp_mult"": 3.0, ""trail_arm"": 2.0, ""trail_mult"": 1.35}",full,full,,-0.0091373021184293,1.361796130049204,,,,,,False
aroon_signals,chandelier_exit_signals,waddah_attar_explosion_volume_signals,tma_baseline,supertrend_exit,trend,C,True,0.5918860230104498,76.94518299135848,2.6533258574591123,0.2615384615384615,1.4414895594696473,281.3605087007682,8.000000000000002,3.382159458777562,9.618147873919808,130,80,50,3,1.0,0.12,2.35,1.75,1.7,"{""base"": {""length"": 11}, ""c1"": {""length"": 250}, ""c2"": {""atr_mult"": 3, ""atr_period"": 12}, ""exit_ind"": {""atr_period"": 10, ""factor"": 6}, ""vol"": {""bbLen"": 37, ""bbStd"": 2, ""fastEma"": 11, ""sensitivity"": 122, ""slowEma"": 21}}","{""base"": {""length"": 20}, ""c1"": {""length"": 71}, ""c2"": {""atr_mult"": 3, ""atr_period"": 18}, ""exit_ind"": {""atr_period"": 8, ""factor"": 3}, ""vol"": {""bbLen"": 25, ""bbStd"": 2, ""fastEma"": 11, ""sensitivity"": 122, ""slowEma"": 14}}","{""atr_len"": 16, ""atr_mult"": 1.0, ""be_pct"": 0.01, ""tp_mult"": 3.0, ""trail_arm"": 1.95, ""trail_mult"": 1.35}",full,full,,-0.0366258010085803,1.139057634328011,,,,,,False
aroon_signals,chandelier_exit_signals,waddah_attar_explosion_volume_signals,vidya,schaff_trend_cycle_exit,trend,C,True,0.1028954504091653,13.787990354828157,1.3531591652566517,0.373134328358209,1.8262740960285917,17.43592521476977,8.062514096472736,3.274348284519039,1.7101353485831738,134,66,68,3,1.0,0.01,2.55,1.0,1.9,"{""base"": {""vda_length"": 9}, ""c1"": {""length"": 164}, ""c2"": {""atr_mult"": 3, ""atr_period"": 18}, ""exit_ind"": {""cycleLen"": 19, ""d1"": 3, ""d2"": 3, ""lowerBand"": 25, ""macdFast"": 230, ""macdSlow"": 50, ""upperBand"": 141}, ""vol"": {""bbLen"": 37, ""bbStd"": 2, ""fastEma"": 11, ""sensitivity"": 122, ""slowEma"": 21}}","{""base"": {""vda_length"": 13}, ""c1"": {""length"": 71}, ""c2"": {""atr_mult"": 13, ""atr_period"": 22}, ""exit_ind"": {""cycleLen"": 19, ""d1"": 4, ""d2"": 3, ""lowerBand"": 25, ""macdFast"": 8, ""macdSlow"": 41, ""upperBand"": 75}, ""vol"": {""bbLen"": 87, ""bbStd"": 2, ""fastEma"": 20, ""sensitivity"": 80, ""slowEma"": 6}}","{""atr_len"": 50, ""atr_mult"": 1.0, ""be_pct"": 0.01, ""tp_mult"": 2.85, ""trail_arm"": 1.0, ""trail_mult"": 1.45}",full,full,,0.0048689849686573,1.0082825695241773,,,,,,False
aroon_signals,chandelier_exit_signals,waddah_attar_explosion_volume_signals,wma_baseline,bears_bulls_impulse_exit,trend,C,True,0.5351358633513719,75.98929259589481,2.615521868946872,0.2746478873239437,1.4106163080734908,88.78059881276212,13.687001663053016,6.025212595632529,5.5519312751325165,142,86,56,12,1.0,0.01,2.35,1.0,1.4,"{""base"": {""ma_length"": 11}, ""c1"": {""length"": 47}, ""c2"": {""atr_mult"": 3, ""atr_period"": 22}, ""exit_ind"": {""length"": 11}, ""vol"": {""bbLen"": 37, ""bbStd"": 2, ""fastEma"": 5, ""sensitivity"": 15, ""slowEma"": 49}}","{""base"": {""ma_length"": 25}, ""c1"": {""length"": 71}, ""c2"": {""atr_mult"": 3, ""atr_period"": 18}, ""exit_ind"": {""length"": 56}, ""vol"": {""bbLen"": 20, ""bbStd"": 2, ""fastEma"": 7, ""sensitivity"": 23, ""slowEma"": 14}}","{""atr_len"": 17, ""atr_mult"": 1.0, ""be_pct"": 0.01, ""tp_mult"": 2.95, ""trail_arm"": 2.0, ""trail_mult"": 1.35}",full,full,,-0.0104450448984049,0.3869633423224111,,,,,,False
aroon_signals,chandelier_exit_signals,waddah_attar_explosion_volume_signals,wma_baseline,fx_sniper_ergodic_cci_exit,trend,C,True,0.6304204959318748,86.99802843859872,3.864243664718844,0.4347826086956521,1.6845629055279403,65.52977330221029,5.232399418353054,2.0235788846961538,16.62679422626764,138,58,80,4,1.05,0.01,2.6,1.8,0.6,"{""base"": {""ma_length"": 11}, ""c1"": {""length"": 25}, ""c2"": {""atr_mult"": 3, ""atr_period"": 22}, ""exit_ind"": {""cci_length"": 40, ""ema1_length"": 3, ""ema2_length"": 3, ""trigger_length"": 4}, ""vol"": {""bbLen"": 37, ""bbStd"": 2, ""fastEma"": 7, ""sensitivity"": 15, ""slowEma"": 32}}","{""base"": {""ma_length"": 25}, ""c1"": {""length"": 164}, ""c2"": {""atr_mult"": 3, ""atr_period"": 18}, ""exit_ind"": {""cci_length"": 26, ""ema1_length"": 5, ""ema2_length"": 3, ""trigger_length"": 5}, ""vol"": {""bbLen"": 20, ""bbStd"": 2, ""fastEma"": 7, ""sensitivity"": 23, ""slowEma"": 14}}","{""atr_len"": 26, ""atr_mult"": 1.0, ""be_pct"": 0.05, ""tp_mult"": 2.9, ""trail_arm"": 2.0, ""trail_mult"": 0.7}",full,full,,-0.0074729400773623,0.3588954046668126,,,,,,False
aroon_signals,chandelier_exit_signals,waddah_attar_explosion_volume_signals,wma_baseline,ssl_channel_exit,trend,C,True,0.5026576283648145,85.45179682201848,2.7276380309553367,0.3470588235294117,1.4495328829216547,80.70723248765725,8.95275708358173,4.030805294185352,9.544746498118071,170,86,84,4,1.0,0.01,2.4,1.15,0.5,"{""base"": {""ma_length"": 11}, ""c1"": {""length"": 25}, ""c2"": {""atr_mult"": 3, ""atr_period"": 22}, ""exit_ind"": {""len"": 5}, ""vol"": {""bbLen"": 37, ""bbStd"": 2, ""fastEma"": 7, ""sensitivity"": 15, ""slowEma"": 32}}","{""base"": {""ma_length"": 25}, ""c1"": {""length"": 71}, ""c2"": {""atr_mult"": 3, ""atr_period"": 18}, ""exit_ind"": {""len"": 66}, ""vol"": {""bbLen"": 20, ""bbStd"": 2, ""fastEma"": 7, ""sensitivity"": 23, ""slowEma"": 14}}","{""atr_len"": 17, ""atr_mult"": 1.0, ""be_pct"": 0.05, ""tp_mult"": 2.95, ""trail_arm"": 2.0, ""trail_mult"": 1.35}",full,full,,0.0001940918220213,0.3320866585319104,,,,,,False
aroon_signals,coppock_curve_signals,waddah_attar_explosion_volume_signals,ema_baseline,bears_bulls_impulse_exit,trend,C,True,0.2256076742658996,32.03628974575774,1.8976860521065968,0.4295774647887324,3.975170195922382,28.84508630032191,5.758298947746738,2.0141936761402195,5.563498879872113,142,82,60,48,1.0,0.05,2.95,1.55,0.95,"{""base"": {""ma_length"": 37}, ""c1"": {""length"": 9}, ""c2"": {""long_roc"": 14, ""short_roc"": 11, ""smooth_len"": 19}, ""exit_ind"": {""length"": 86}, ""vol"": {""bbLen"": 20, ""bbStd"": 2, ""fastEma"": 20, ""sensitivity"": 122, ""slowEma"": 21}}","{""base"": {""ma_length"": 20}, ""c1"": {""length"": 9}, ""c2"": {""long_roc"": 7, ""short_roc"": 11, ""smooth_len"": 10}, ""exit_ind"": {""length"": 3}, ""vol"": {""bbLen"": 200, ""bbStd"": 6, ""fastEma"": 87, ""sensitivity"": 23, ""slowEma"": 14}}","{""atr_len"": 37, ""atr_mult"": 1.25, ""be_pct"": 0.01, ""tp_mult"": 2.25, ""trail_arm"": 1.85, ""trail_mult"": 1.45}",full,full,,0.0062516779027039,0.3553730741935377,,,,,,False
aroon_signals,coppock_curve_signals,waddah_attar_explosion_volume_signals,ema_baseline,chandelier_exit_exit,trend,C,True,0.112547647007085,22.05933881338868,1.4069192395218482,0.3826530612244898,2.2665906606542654,20.07526847875955,7.55848915707095,2.875765260235048,2.918485209805747,196,120,76,25,1.1,0.05,2.15,1.0,0.8,"{""base"": {""ma_length"": 37}, ""c1"": {""length"": 25}, ""c2"": {""long_roc"": 11, ""short_roc"": 9, ""smooth_len"": 10}, ""exit_ind"": {""atr_mult"": 3, ""atr_period"": 63}, ""vol"": {""bbLen"": 20, ""bbStd"": 2, ""fastEma"": 20, ""sensitivity"": 122, ""slowEma"": 21}}","{""base"": {""ma_length"": 25}, ""c1"": {""length"": 2}, ""c2"": {""long_roc"": 5, ""short_roc"": 9, ""smooth_len"": 12}, ""exit_ind"": {""atr_mult"": 3, ""atr_period"": 63}, ""vol"": {""bbLen"": 200, ""bbStd"": 6, ""fastEma"": 87, ""sensitivity"": 23, ""slowEma"": 4}}","{""atr_len"": 41, ""atr_mult"": 1.0, ""be_pct"": 0.05, ""tp_mult"": 1.8, ""trail_arm"": 1.9, ""trail_mult"": 1.45}",full,full,,0.0011305292530989,0.2354553220040847,,,,,,False
aroon_signals,coppock_curve_signals,waddah_attar_explosion_volume_signals,ema_baseline,coppock_curve_exit,trend,C,True,0.1617987744791804,22.975425976043617,1.5624904511753757,0.3309859154929577,2.6736632637709064,17.5261688747032,9.000000000000014,3.429401848008188,2.552825108449287,142,80,62,9,1.0,0.12,2.85,1.4,0.85,"{""base"": {""ma_length"": 37}, ""c1"": {""length"": 25}, ""c2"": {""long_roc"": 11, ""short_roc"": 9, ""smooth_len"": 10}, ""exit_ind"": {""long_roc"": 3, ""short_roc"": 11, ""smooth_len"": 5}, ""vol"": {""bbLen"": 20, ""bbStd"": 2, ""fastEma"": 7, ""sensitivity"": 53, ""slowEma"": 21}}","{""base"": {""ma_length"": 20}, ""c1"": {""length"": 9}, ""c2"": {""long_roc"": 11, ""short_roc"": 11, ""smooth_len"": 10}, ""exit_ind"": {""long_roc"": 61, ""short_roc"": 4, ""smooth_len"": 5}, ""vol"": {""bbLen"": 87, ""bbStd"": 6, ""fastEma"": 87, ""sensitivity"": 15, ""slowEma"": 14}}","{""atr_len"": 50, ""atr_mult"": 1.0, ""be_pct"": 0.05, ""tp_mult"": 3.0, ""trail_arm"": 1.0, ""trail_mult"": 1.25}",full,full,,0.0140793369457196,0.3312598873934195,,,,,,False
aroon_signals,coppock_curve_signals,waddah_attar_explosion_volume_signals,ema_baseline,donchian_breakout_exit,trend,C,True,0.3540905608728413,74.35901778329668,2.297016871936997,0.3285714285714285,1.234047021916887,40.64808089642993,10.817851910871994,3.632113477519493,6.873732271058869,210,150,60,50,1.0,0.07,2.25,2.0,0.8,"{""base"": {""ma_length"": 16}, ""c1"": {""length"": 25}, ""c2"": {""long_roc"": 14, ""short_roc"": 14, ""smooth_len"": 8}, ""exit_ind"": {""length"": 200}, ""vol"": {""bbLen"": 20, ""bbStd"": 9, ""fastEma"": 7, ""sensitivity"": 185, ""slowEma"": 6}}","{""base"": {""ma_length"": 25}, ""c1"": {""length"": 2}, ""c2"": {""long_roc"": 17, ""short_roc"": 9, ""smooth_len"": 10}, ""exit_ind"": {""length"": 7}, ""vol"": {""bbLen"": 16, ""bbStd"": 13, ""fastEma"": 87, ""sensitivity"": 15, ""slowEma"": 40}}","{""atr_len"": 50, ""atr_mult"": 1.0, ""be_pct"": 0.01, ""tp_mult"": 2.85, ""trail_arm"": 1.0, ""trail_mult"": 1.3}",full,full,,0.0064631745304095,0.2318419671029594,,,,,,False
aroon_signals,coppock_curve_signals,waddah_attar_explosion_volume_signals,ema_baseline,dspo_exit,trend,C,True,0.1737548223934879,31.27586803082783,1.6029250252836895,0.3722222222222222,2.9906387035210584,43.3537417088951,6.772187777328433,2.443811233530486,4.618281279135747,180,120,60,48,1.0,0.01,2.65,1.7,0.85,"{""base"": {""ma_length"": 37}, ""c1"": {""length"": 9}, ""c2"": {""long_roc"": 14, ""short_roc"": 11, ""smooth_len"": 19}, ""exit_ind"": {""len"": 7}, ""vol"": {""bbLen"": 20, ""bbStd"": 2, ""fastEma"": 20, ""sensitivity"": 122, ""slowEma"": 21}}","{""base"": {""ma_length"": 25}, ""c1"": {""length"": 2}, ""c2"": {""long_roc"": 5, ""short_roc"": 9, ""smooth_len"": 12}, ""exit_ind"": {""len"": 11}, ""vol"": {""bbLen"": 200, ""bbStd"": 6, ""fastEma"": 87, ""sensitivity"": 23, ""slowEma"": 4}}","{""atr_len"": 41, ""atr_mult"": 1.0, ""be_pct"": 0.05, ""tp_mult"": 1.8, ""trail_arm"": 1.9, ""trail_mult"": 1.45}",full,full,,0.0013167121722771,0.322423873370264,,,,,,False
aroon_signals,coppock_curve_signals,waddah_attar_explosion_volume_signals,ema_baseline,ehlers_reverse_ema_exit,trend,C,True,0.4684633719001987,78.70184647923338,2.5464230906408227,0.2678571428571428,1.3065876596875745,72.44768595588974,14.879370401180736,6.636076261526805,5.289326386618353,168,118,50,38,1.0,0.02,1.55,1.9,0.5,"{""base"": {""ma_length"": 57}, ""c1"": {""length"": 20}, ""c2"": {""long_roc"": 14, ""short_roc"": 21, ""smooth_len"": 12}, ""exit_ind"": {""alpha"": 0.053367}, ""vol"": {""bbLen"": 11, ""bbStd"": 2, ""fastEma"": 20, ""sensitivity"": 150, ""slowEma"": 21}}","{""base"": {""ma_length"": 37}, ""c1"": {""length"": 13}, ""c2"": {""long_roc"": 17, ""short_roc"": 31, ""smooth_len"": 10}, ""exit_ind"": {""alpha"": 0.053367}, ""vol"": {""bbLen"": 57, ""bbStd"": 2, ""fastEma"": 87, ""sensitivity"": 15, ""slowEma"": 32}}","{""atr_len"": 21, ""atr_mult"": 1.05, ""be_pct"": 0.05, ""tp_mult"": 2.65, ""trail_arm"": 1.55, ""trail_mult"": 0.85}",full,full,,-0.0002552114618339,0.1779024270030501,,,,,,False
aroon_signals,coppock_curve_signals,waddah_attar_explosion_volume_signals,ema_baseline,ichimoku_exit,trend,C,True,0.0966980858040434,13.731128184174167,1.3145705277668962,0.3450704225352112,1.7029296932206357,21.926939872117625,10.176129543440837,4.708041168337773,1.349346834231759,142,82,60,48,1.0,0.01,2.65,1.7,0.85,"{""base"": {""ma_length"": 37}, ""c1"": {""length"": 9}, ""c2"": {""long_roc"": 14, ""short_roc"": 11, ""smooth_len"": 19}, ""exit_ind"": {""base_len"": 21, ""conversion_len"": 2, ""displacement"": 26, ""span_b_len"": 52}, ""vol"": {""bbLen"": 20, ""bbStd"": 2, ""fastEma"": 20, ""sensitivity"": 122, ""slowEma"": 21}}","{""base"": {""ma_length"": 37}, ""c1"": {""length"": 47}, ""c2"": {""long_roc"": 11, ""short_roc"": 11, ""smooth_len"": 10}, ""exit_ind"": {""base_len"": 74, ""conversion_len"": 90, ""displacement"": 26, ""span_b_len"": 52}, ""vol"": {""bbLen"": 2, ""bbStd"": 20, ""fastEma"": 87, ""sensitivity"": 15, ""slowEma"": 32}}","{""atr_len"": 43, ""atr_mult"": 1.05, ""be_pct"": 0.01, ""tp_mult"": 2.55, ""trail_arm"": 2.0, ""trail_mult"": 0.55}",full,full,,0.009335385130836,0.3452470496599146,,,,,,False
aroon_signals,coppock_curve_signals,waddah_attar_explosion_volume_signals,ema_baseline,j_tpo_exit,trend,C,True,0.1292573310635224,23.007804929307,1.47716331994984,0.4101123595505618,2.479402506069365,18.429264107010596,6.731381106168815,2.38482534074539,3.4179917265748094,178,118,60,48,1.0,0.01,2.65,1.85,0.8,"{""base"": {""ma_length"": 37}, ""c1"": {""length"": 9}, ""c2"": {""long_roc"": 14, ""short_roc"": 11, ""smooth_len"": 19}, ""exit_ind"": {""ema_len"": 200, ""len"": 14}, ""vol"": {""bbLen"": 20, ""bbStd"": 2, ""fastEma"": 20, ""sensitivity"": 122, ""slowEma"": 21}}","{""base"": {""ma_length"": 25}, ""c1"": {""length"": 2}, ""c2"": {""long_roc"": 5, ""short_roc"": 9, ""smooth_len"": 12}, ""exit_ind"": {""ema_len"": 200, ""len"": 9}, ""vol"": {""bbLen"": 200, ""bbStd"": 6, ""fastEma"": 87, ""sensitivity"": 23, ""slowEma"": 4}}","{""atr_len"": 29, ""atr_mult"": 1.0, ""be_pct"": 0.05, ""tp_mult"": 2.8, ""trail_arm"": 1.55, ""trail_mult"": 1.4}",full,full,,0.0051072149530488,0.3234575403518152,,,,,,False
aroon_signals,coppock_curve_signals,waddah_attar_explosion_volume_signals,ema_baseline,linreg_slope_exit,trend,C,True,0.1645525589654984,33.239616911030694,1.618683139218347,0.4059405940594059,3.071106642601858,21.550310344114507,6.000000000000008,1.9588967386493457,5.539936151838441,202,122,80,46,1.0,0.01,2.65,1.05,0.95,"{""base"": {""ma_length"": 37}, ""c1"": {""length"": 25}, ""c2"": {""long_roc"": 11, ""short_roc"": 11, ""smooth_len"": 19}, ""exit_ind"": {""length"": 11, ""r2_floor"": 0.2}, ""vol"": {""bbLen"": 20, ""bbStd"": 2, ""fastEma"": 20, ""sensitivity"": 150, ""slowEma"": 21}}","{""base"": {""ma_length"": 25}, ""c1"": {""length"": 2}, ""c2"": {""long_roc"": 3, ""short_roc"": 11, ""smooth_len"": 10}, ""exit_ind"": {""length"": 26, ""r2_floor"": 0.2}, ""vol"": {""bbLen"": 200, ""bbStd"": 4, ""fastEma"": 87, ""sensitivity"": 15, ""slowEma"": 4}}","{""atr_len"": 32, ""atr_mult"": 1.0, ""be_pct"": 0.04, ""tp_mult"": 1.85, ""trail_arm"": 1.0, ""trail_mult"": 1.4}",full,full,,0.0036162912634937,0.2489061840164583,,,,,,False
aroon_signals,coppock_curve_signals,waddah_attar_explosion_volume_signals,ema_baseline,mama_fama_exit,trend,C,True,0.1933067991872256,28.222792681334944,1.7179703748707993,0.4178082191780822,3.594933112983787,33.185614791303955,6.041852996061131,2.0725315824894133,4.671214724974979,146,86,60,48,1.0,0.05,2.4,1.65,0.85,"{""base"": {""ma_length"": 37}, ""c1"": {""length"": 9}, ""c2"": {""long_roc"": 14, ""short_roc"": 11, ""smooth_len"": 19}, ""exit_ind"": {""fast_limit"": 0.936909, ""slow_limit"": 0.061642}, ""vol"": {""bbLen"": 20, ""bbStd"": 2, ""fastEma"": 20, ""sensitivity"": 122, ""slowEma"": 21}}","{""base"": {""ma_length"": 20}, ""c1"": {""length"": 9}, ""c2"": {""long_roc"": 7, ""short_roc"": 11, ""smooth_len"": 10}, ""exit_ind"": {""fast_limit"": 0.05, ""slow_limit"": 0.05}, ""vol"": {""bbLen"": 200, ""bbStd"": 6, ""fastEma"": 87, ""sensitivity"": 23, ""slowEma"": 9}}","{""atr_len"": 45, ""atr_mult"": 1.25, ""be_pct"": 0.05, ""tp_mult"": 2.9, ""trail_arm"": 1.6, ""trail_mult"": 1.45}",full,full,,0.0067516392884518,0.3202051647259685,,,,,,False
aroon_signals,coppock_curve_signals,waddah_attar_explosion_volume_signals,ema_baseline,parabolic_sar_exit,trend,C,True,0.1011900688666393,22.05943501292738,1.3745260603679703,0.3990825688073394,1.8915725285875529,13.012153315779706,10.000000000000002,3.675297356935921,2.2059435012927375,218,110,108,12,1.05,0.05,2.6,1.9,2.0,"{""base"": {""ma_length"": 37}, ""c1"": {""length"": 25}, ""c2"": {""long_roc"": 11, ""short_roc"": 9, ""smooth_len"": 10}, ""exit_ind"": {""sar_increment"": 0.037476, ""sar_maximum"": 0.246569, ""sar_start"": 0.037476}, ""vol"": {""bbLen"": 20, ""bbStd"": 2, ""fastEma"": 20, ""sensitivity"": 150, ""slowEma"": 21}}","{""base"": {""ma_length"": 20}, ""c1"": {""length"": 6}, ""c2"": {""long_roc"": 14, ""short_roc"": 11, ""smooth_len"": 10}, ""exit_ind"": {""sar_increment"": 0.037476, ""sar_maximum"": 0.02, ""sar_start"": 0.02}, ""vol"": {""bbLen"": 37, ""bbStd"": 13, ""fastEma"": 87, ""sensitivity"": 15, ""slowEma"": 6}}","{""atr_len"": 36, ""atr_mult"": 1.0, ""be_pct"": 0.01, ""tp_mult"": 2.35, ""trail_arm"": 1.0, ""trail_mult"": 1.65}",full,full,,0.0084574627935024,0.242377133823278,,,,,,False
aroon_signals,coppock_curve_signals,waddah_attar_explosion_volume_signals,ema_baseline,polychromatic_momentum_exit,trend,C,True,0.1684124010444279,30.98788179217474,1.644525940400758,0.4184782608695652,3.204579808196802,29.84501715272584,5.058653273127923,1.722520832373959,6.125717679997066,184,116,68,42,1.0,0.05,2.15,1.1,1.75,"{""base"": {""ma_length"": 37}, ""c1"": {""length"": 25}, ""c2"": {""long_roc"": 11, ""short_roc"": 9, ""smooth_len"": 19}, ""exit_ind"": {""len"": 5}, ""vol"": {""bbLen"": 25, ""bbStd"": 2, ""fastEma"": 20, ""sensitivity"": 122, ""slowEma"": 21}}","{""base"": {""ma_length"": 25}, ""c1"": {""length"": 2}, ""c2"": {""long_roc"": 3, ""short_roc"": 11, ""smooth_len"": 10}, ""exit_ind"": {""len"": 14}, ""vol"": {""bbLen"": 200, ""bbStd"": 4, ""fastEma"": 87, ""sensitivity"": 15, ""slowEma"": 6}}","{""atr_len"": 41, ""atr_mult"": 1.0, ""be_pct"": 0.05, ""tp_mult"": 1.8, ""trail_arm"": 1.9, ""trail_mult"": 1.45}",full,full,,0.0012856284058442,0.2585931627313173,,,,,,False
aroon_signals,coppock_curve_signals,waddah_attar_explosion_volume_signals,ema_baseline,price_momentum_oscillator_exit,trend,C,True,0.154969833434328,30.68402701999696,1.616892561177374,0.4292929292929293,3.181718080501142,29.37487627792077,6.000000000000003,1.8151386053392584,5.114004503332825,198,120,78,7,1.0,0.05,1.6,1.0,0.85,"{""base"": {""ma_length"": 37}, ""c1"": {""length"": 25}, ""c2"": {""long_roc"": 11, ""short_roc"": 9, ""smooth_len"": 10}, ""exit_ind"": {""s1"": 8, ""s2"": 3, ""sig"": 10}, ""vol"": {""bbLen"": 20, ""bbStd"": 2, ""fastEma"": 20, ""sensitivity"": 122, ""slowEma"": 21}}","{""base"": {""ma_length"": 25}, ""c1"": {""length"": 2}, ""c2"": {""long_roc"": 5, ""short_roc"": 9, ""smooth_len"": 12}, ""exit_ind"": {""s1"": 5, ""s2"": 20, ""sig"": 10}, ""vol"": {""bbLen"": 200, ""bbStd"": 6, ""fastEma"": 87, ""sensitivity"": 23, ""slowEma"": 4}}","{""atr_len"": 41, ""atr_mult"": 1.0, ""be_pct"": 0.01, ""tp_mult"": 1.85, ""trail_arm"": 1.9, ""trail_mult"": 1.45}",full,full,,0.0035682942969613,0.2332056379535284,,,,,,False
aroon_signals,coppock_curve_signals,waddah_attar_explosion_volume_signals,ema_baseline,ssl_channel_exit,trend,C,True,0.3112525446297622,44.19786133742623,2.217708658179401,0.4436619718309859,4.923327845755993,68.35637928915429,7.000000000000027,2.551565267397755,6.313980191060867,142,82,60,48,1.0,0.01,2.65,1.75,0.8,"{""base"": {""ma_length"": 37}, ""c1"": {""length"": 9}, ""c2"": {""long_roc"": 14, ""short_roc"": 11, ""smooth_len"": 19}, ""exit_ind"": {""len"": 19}, ""vol"": {""bbLen"": 20, ""bbStd"": 2, ""fastEma"": 20, ""sensitivity"": 122, ""slowEma"": 21}}","{""base"": {""ma_length"": 25}, ""c1"": {""length"": 2}, ""c2"": {""long_roc"": 11, ""short_roc"": 3, ""smooth_len"": 4}, ""exit_ind"": {""len"": 19}, ""vol"": {""bbLen"": 25, ""bbStd"": 13, ""fastEma"": 57, ""sensitivity"": 15, ""slowEma"": 6}}","{""atr_len"": 10, ""atr_mult"": 1.0, ""be_pct"": 0.01, ""tp_mult"": 1.8, ""trail_arm"": 2.0, ""trail_mult"": 1.55}",full,full,,0.0112713997594131,0.3653160155684094,,,,,,False
aroon_signals,coppock_curve_signals,waddah_attar_explosion_volume_signals,ema_baseline,supertrend_exit,trend,C,True,0.1290808831448433,25.041691330099603,1.4638187915759513,0.3917525773195876,2.5580157002912736,70.16703224933082,6.2576358726179695,2.5170056196025423,4.001781477838381,194,114,80,46,1.0,0.01,1.7,1.2,0.85,"{""base"": {""ma_length"": 37}, ""c1"": {""length"": 25}, ""c2"": {""long_roc"": 11, ""short_roc"": 11, ""smooth_len"": 19}, ""exit_ind"": {""atr_period"": 2, ""factor"": 2}, ""vol"": {""bbLen"": 20, ""bbStd"": 2, ""fastEma"": 20, ""sensitivity"": 150, ""slowEma"": 21}}","{""base"": {""ma_length"": 25}, ""c1"": {""length"": 2}, ""c2"": {""long_roc"": 5, ""short_roc"": 9, ""smooth_len"": 10}, ""exit_ind"": {""atr_period"": 8, ""factor"": 2}, ""vol"": {""bbLen"": 200, ""bbStd"": 6, ""fastEma"": 87, ""sensitivity"": 23, ""slowEma"": 4}}","{""atr_len"": 41, ""atr_mult"": 1.0, ""be_pct"": 0.05, ""tp_mult"": 1.8, ""trail_arm"": 1.9, ""trail_mult"": 1.4}",full,full,,0.000846717670003,0.2292485749419197,,,,,,False
aroon_signals,coppock_curve_signals,waddah_attar_explosion_volume_signals,fantail_vma,bears_bulls_impulse_exit,trend,C,True,0.1129217234962619,13.776450266543954,1.3453066779275304,0.319672131147541,1.7803751868933229,29.89100312863921,12.000000000000028,6.557783211901496,1.1480375222119934,122,72,50,2,1.0,0.05,2.95,1.25,2.0,"{""base"": {""fma_adx_length"": 4, ""fma_ma_length"": 6, ""fma_weighting"": 10}, ""c1"": {""length"": 25}, ""c2"": {""long_roc"": 11, ""short_roc"": 2, ""smooth_len"": 10}, ""exit_ind"": {""length"": 16}, ""vol"": {""bbLen"": 16, ""bbStd"": 2, ""fastEma"": 20, ""sensitivity"": 150, ""slowEma"": 21}}","{""base"": {""fma_adx_length"": 4, ""fma_ma_length"": 26, ""fma_weighting"": 100}, ""c1"": {""length"": 71}, ""c2"": {""long_roc"": 2, ""short_roc"": 14, ""smooth_len"": 8}, ""exit_ind"": {""length"": 86}, ""vol"": {""bbLen"": 87, ""bbStd"": 2, ""fastEma"": 3, ""sensitivity"": 53, ""slowEma"": 14}}","{""atr_len"": 50, ""atr_mult"": 1.0, ""be_pct"": 0.01, ""tp_mult"": 3.0, ""trail_arm"": 1.45, ""trail_mult"": 1.7}",full,full,,0.0389817800210573,0.5737149723477222,,,,,,False
aroon_signals,coppock_curve_signals,waddah_attar_explosion_volume_signals,fantail_vma,ehlers_reverse_ema_exit,trend,C,True,0.0933046103619788,14.18230077502078,1.3262255273040495,0.3421052631578947,1.8604951169620112,15.869462038771832,9.708553699034288,4.544411811376395,1.4608046898305251,152,102,50,2,1.0,0.05,2.95,1.0,1.9,"{""base"": {""fma_adx_length"": 4, ""fma_ma_length"": 6, ""fma_weighting"": 10}, ""c1"": {""length"": 25}, ""c2"": {""long_roc"": 11, ""short_roc"": 2, ""smooth_len"": 10}, ""exit_ind"": {""alpha"": 0.284804}, ""vol"": {""bbLen"": 16, ""bbStd"": 2, ""fastEma"": 20, ""sensitivity"": 150, ""slowEma"": 21}}","{""base"": {""fma_adx_length"": 2, ""fma_ma_length"": 26, ""fma_weighting"": 28}, ""c1"": {""length"": 6}, ""c2"": {""long_roc"": 92, ""short_roc"": 31, ""smooth_len"": 10}, ""exit_ind"": {""alpha"": 0.01}, ""vol"": {""bbLen"": 20, ""bbStd"": 2, ""fastEma"": 200, ""sensitivity"": 35, ""slowEma"": 400}}","{""atr_len"": 43, ""atr_mult"": 1.0, ""be_pct"": 0.01, ""tp_mult"": 1.95, ""trail_arm"": 1.8, ""trail_mult"": 1.95}",full,full,,0.0192399855892847,0.5786026743177071,,,,,,False
aroon_signals,coppock_curve_signals,waddah_attar_explosion_volume_signals,fantail_vma,halftrend_exit,trend,C,True,0.1739781631376971,71.6790032127312,1.4905023759528642,0.2645631067961165,0.7992917049388504,64.19532813280368,23.947762308634985,10.287338617267867,2.993139913823409,412,362,50,2,1.0,0.15,2.95,1.2,2.0,"{""base"": {""fma_adx_length"": 4, ""fma_ma_length"": 11, ""fma_weighting"": 10}, ""c1"": {""length"": 25}, ""c2"": {""long_roc"": 7, ""short_roc"": 4, ""smooth_len"": 10}, ""exit_ind"": {""amplitude"": 94}, ""vol"": {""bbLen"": 16, ""bbStd"": 2, ""fastEma"": 20, ""sensitivity"": 150, ""slowEma"": 21}}","{""base"": {""fma_adx_length"": 2, ""fma_ma_length"": 26, ""fma_weighting"": 2}, ""c1"": {""length"": 2}, ""c2"": {""long_roc"": 17, ""short_roc"": 3, ""smooth_len"": 10}, ""exit_ind"": {""amplitude"": 41}, ""vol"": {""bbLen"": 20, ""bbStd"": 2, ""fastEma"": 200, ""sensitivity"": 987, ""slowEma"": 4}}","{""atr_len"": 39, ""atr_mult"": 1.0, ""be_pct"": 0.01, ""tp_mult"": 2.05, ""trail_arm"": 1.3, ""trail_mult"": 1.4}",full,full,,0.0258487000571861,0.539817332430863,,,,,,False
aroon_signals,coppock_curve_signals,waddah_attar_explosion_volume_signals,frama_baseline,schaff_trend_cycle_exit,trend,C,True,0.1391364328639351,89.88213563010208,1.408482419595115,0.2817337461300309,0.7230601582388226,25.525982387349583,23.55104741176838,8.144513667959272,3.816481452336098,646,542,104,50,1.0,0.08,2.15,1.0,1.5,"{""base"": {""length"": 10}, ""c1"": {""length"": 25}, ""c2"": {""long_roc"": 17, ""short_roc"": 11, ""smooth_len"": 10}, ""exit_ind"": {""cycleLen"": 4, ""d1"": 9, ""d2"": 2, ""lowerBand"": 25, ""macdFast"": 19, ""macdSlow"": 18, ""upperBand"": 61}, ""vol"": {""bbLen"": 16, ""bbStd"": 2, ""fastEma"": 20, ""sensitivity"": 122, ""slowEma"": 21}}","{""base"": {""length"": 66}, ""c1"": {""length"": 4}, ""c2"": {""long_roc"": 26, ""short_roc"": 14, ""smooth_len"": 12}, ""exit_ind"": {""cycleLen"": 12, ""d1"": 30, ""d2"": 4, ""lowerBand"": 25, ""macdFast"": 43, ""macdSlow"": 500, ""upperBand"": 75}, ""vol"": {""bbLen"": 37, ""bbStd"": 6, ""fastEma"": 200, ""sensitivity"": 15, ""slowEma"": 32}}","{""atr_len"": 43, ""atr_mult"": 1.0, ""be_pct"": 0.16, ""tp_mult"": 3.0, ""trail_arm"": 1.6, ""trail_mult"": 1.15}",full,full,,0.0207167454283015,0.2698046394899171,,,,,,False
aroon_signals,coppock_curve_signals,waddah_attar_explosion_volume_signals,frama_baseline,ssl_channel_exit,trend,C,True,0.1873372094053062,94.04327912146374,1.532083598478016,0.2430278884462151,0.8620012928958549,30.259032521417257,12.57648336533849,5.084898142781904,7.477708703583421,502,442,60,5,1.0,0.05,2.85,1.1,1.75,"{""base"": {""length"": 12}, ""c1"": {""length"": 13}, ""c2"": {""long_roc"": 5, ""short_roc"": 21, ""smooth_len"": 10}, ""exit_ind"": {""len"": 19}, ""vol"": {""bbLen"": 16, ""bbStd"": 2, ""fastEma"": 20, ""sensitivity"": 122, ""slowEma"": 21}}","{""base"": {""length"": 66}, ""c1"": {""length"": 4}, ""c2"": {""long_roc"": 26, ""short_roc"": 14, ""smooth_len"": 12}, ""exit_ind"": {""len"": 43}, ""vol"": {""bbLen"": 200, ""bbStd"": 6, ""fastEma"": 200, ""sensitivity"": 15, ""slowEma"": 32}}","{""atr_len"": 43, ""atr_mult"": 1.0, ""be_pct"": 0.18, ""tp_mult"": 3.0, ""trail_arm"": 1.6, ""trail_mult"": 1.15}",full,full,,0.0140955967559111,0.3654763435797847,,,,,,False
aroon_signals,coppock_curve_signals,waddah_attar_explosion_volume_signals,kama_baseline,kalman_filter_exit,trend,C,True,0.1044680299073283,14.416588127211307,1.364354423094152,0.3478260869565217,1.9280339738762424,14.098188786744668,7.999999999999983,3.395355660235771,1.8020735159014172,138,68,70,42,1.0,0.01,2.75,1.75,1.75,"{""base"": {""fast_length"": 2, ""length"": 10, ""slow_length"": 11}, ""c1"": {""length"": 25}, ""c2"": {""long_roc"": 11, ""short_roc"": 21, ""smooth_len"": 12}, ""exit_ind"": {""k"": 7, ""sharpness"": 1}, ""vol"": {""bbLen"": 20, ""bbStd"": 2, ""fastEma"": 20, ""sensitivity"": 122, ""slowEma"": 21}}","{""base"": {""fast_length"": 13, ""length"": 19, ""slow_length"": 85}, ""c1"": {""length"": 2}, ""c2"": {""long_roc"": 5, ""short_roc"": 6, ""smooth_len"": 2}, ""exit_ind"": {""k"": 4, ""sharpness"": 1}, ""vol"": {""bbLen"": 200, ""bbStd"": 2, ""fastEma"": 87, ""sensitivity"": 427, ""slowEma"": 14}}","{""atr_len"": 30, ""atr_mult"": 1.0, ""be_pct"": 0.01, ""tp_mult"": 1.85, ""trail_arm"": 1.0, ""trail_mult"": 1.4}",full,full,,0.0073870277551101,0.3154957915953416,,,,,,False
aroon_signals,coppock_curve_signals,waddah_attar_explosion_volume_signals,kama_baseline,laguerre_filter_exit,trend,C,True,0.0889216737236936,12.449034321317104,1.3352053088620053,0.3857142857142857,1.7505747211011229,15.6887672118469,7.999999999999989,3.3961755525383985,1.55612929016464,140,70,70,50,1.0,0.05,1.65,1.9,2.0,"{""base"": {""fast_length"": 2, ""length"": 10, ""slow_length"": 11}, ""c1"": {""length"": 25}, ""c2"": {""long_roc"": 11, ""short_roc"": 21, ""smooth_len"": 12}, ""exit_ind"": {""alpha"": 0.246569}, ""vol"": {""bbLen"": 20, ""bbStd"": 2, ""fastEma"": 20, ""sensitivity"": 122, ""slowEma"": 21}}","{""base"": {""fast_length"": 13, ""length"": 19, ""slow_length"": 85}, ""c1"": {""length"": 2}, ""c2"": {""long_roc"": 5, ""short_roc"": 6, ""smooth_len"": 2}, ""exit_ind"": {""alpha"": 0.162226}, ""vol"": {""bbLen"": 200, ""bbStd"": 2, ""fastEma"": 87, ""sensitivity"": 427, ""slowEma"": 14}}","{""atr_len"": 30, ""atr_mult"": 1.0, ""be_pct"": 0.01, ""tp_mult"": 1.8, ""trail_arm"": 1.0, ""trail_mult"": 1.4}",full,full,,0.0090751946187364,0.2598181140639946,,,,,,False
aroon_signals,coppock_curve_signals,waddah_attar_explosion_volume_signals,kama_baseline,mama_fama_exit,trend,C,True,0.0826905125415435,11.57667175581609,1.3010959040779038,0.3785714285714285,1.6320645352110743,12.626685176699697,7.580906543936482,3.068304466465646,1.527082768890692,140,70,70,42,1.0,0.01,2.25,1.0,1.75,"{""base"": {""fast_length"": 2, ""length"": 10, ""slow_length"": 11}, ""c1"": {""length"": 25}, ""c2"": {""long_roc"": 11, ""short_roc"": 21, ""smooth_len"": 12}, ""exit_ind"": {""fast_limit"": 0.405565, ""slow_limit"": 0.216438}, ""vol"": {""bbLen"": 20, ""bbStd"": 2, ""fastEma"": 20, ""sensitivity"": 122, ""slowEma"": 21}}","{""base"": {""fast_length"": 13, ""length"": 19, ""slow_length"": 85}, ""c1"": {""length"": 2}, ""c2"": {""long_roc"": 5, ""short_roc"": 6, ""smooth_len"": 2}, ""exit_ind"": {""fast_limit"": 0.405565, ""slow_limit"": 0.328967}, ""vol"": {""bbLen"": 200, ""bbStd"": 2, ""fastEma"": 87, ""sensitivity"": 427, ""slowEma"": 14}}","{""atr_len"": 30, ""atr_mult"": 1.0, ""be_pct"": 0.01, ""tp_mult"": 1.85, ""trail_arm"": 1.0, ""trail_mult"": 1.4}",full,full,,0.0138730996718571,0.264948256896266,,,,,,False
aroon_signals,coppock_curve_signals,waddah_attar_explosion_volume_signals,kama_baseline,vortex_exit,trend,C,True,0.2588329796730754,37.27194907292286,1.920637303312411,0.3541666666666667,3.769439032290755,35.300521967083235,8.000000000000021,3.0863549484382204,4.658993634115345,144,84,60,50,1.0,0.01,2.4,1.7,1.8,"{""base"": {""fast_length"": 2, ""length"": 12, ""slow_length"": 11}, ""c1"": {""length"": 9}, ""c2"": {""long_roc"": 17, ""short_roc"": 4, ""smooth_len"": 12}, ""exit_ind"": {""period"": 14}, ""vol"": {""bbLen"": 25, ""bbStd"": 2, ""fastEma"": 20, ""sensitivity"": 122, ""slowEma"": 21}}","{""base"": {""fast_length"": 2, ""length"": 19, ""slow_length"": 56}, ""c1"": {""length"": 4}, ""c2"": {""long_roc"": 11, ""short_roc"": 11, ""smooth_len"": 2}, ""exit_ind"": {""period"": 61}, ""vol"": {""bbLen"": 200, ""bbStd"": 20, ""fastEma"": 87, ""sensitivity"": 53, ""slowEma"": 14}}","{""atr_len"": 28, ""atr_mult"": 1.0, ""be_pct"": 0.05, ""tp_mult"": 3.0, ""trail_arm"": 1.65, ""trail_mult"": 1.0}",full,full,,0.0356519555173787,0.346840828840326,,,,,,False
aroon_signals,coppock_curve_signals,waddah_attar_explosion_volume_signals,mcginley_dynamic_index,center_of_gravity_exit,trend,C,True,0.4253801333773644,90.18058827600126,2.3979386205160793,0.3254716981132075,1.2636151840906578,64.97408004086027,8.72463280423591,3.887535112353509,10.336319051985496,212,104,108,43,1.05,0.01,2.2,1.0,1.8,"{""base"": {""mci_length"": 11}, ""c1"": {""length"": 25}, ""c2"": {""long_roc"": 11, ""short_roc"": 21, ""smooth_len"": 12}, ""exit_ind"": {""length"": 100, ""signal_length"": 2}, ""vol"": {""bbLen"": 20, ""bbStd"": 13, ""fastEma"": 20, ""sensitivity"": 987, ""slowEma"": 21}}","{""base"": {""mci_length"": 17}, ""c1"": {""length"": 13}, ""c2"": {""long_roc"": 14, ""short_roc"": 11, ""smooth_len"": 10}, ""exit_ind"": {""length"": 66, ""signal_length"": 3}, ""vol"": {""bbLen"": 2, ""bbStd"": 20, ""fastEma"": 87, ""sensitivity"": 15, ""slowEma"": 6}}","{""atr_len"": 20, ""atr_mult"": 1.0, ""be_pct"": 0.05, ""tp_mult"": 2.65, ""trail_arm"": 1.75, ""trail_mult"": 1.65}",full,full,,0.0146271293080707,0.2846091919002934,,,,,,False
aroon_signals,coppock_curve_signals,waddah_attar_explosion_volume_signals,mcginley_dynamic_index,coppock_curve_exit,trend,C,True,0.088530257966744,13.987780758745563,1.317110758571741,0.3670886075949367,1.674150947274499,16.426004700940418,10.000000000000012,3.51914508620153,1.3987780758745547,158,72,86,5,1.0,0.01,1.4,1.75,1.6,"{""base"": {""mci_length"": 11}, ""c1"": {""length"": 20}, ""c2"": {""long_roc"": 92, ""short_roc"": 72, ""smooth_len"": 8}, ""exit_ind"": {""long_roc"": 5, ""short_roc"": 11, ""smooth_len"": 10}, ""vol"": {""bbLen"": 20, ""bbStd"": 2, ""fastEma"": 5, ""sensitivity"": 53, ""slowEma"": 49}}","{""base"": {""mci_length"": 17}, ""c1"": {""length"": 9}, ""c2"": {""long_roc"": 11, ""short_roc"": 11, ""smooth_len"": 19}, ""exit_ind"": {""long_roc"": 26, ""short_roc"": 11, ""smooth_len"": 12}, ""vol"": {""bbLen"": 87, ""bbStd"": 2, ""fastEma"": 87, ""sensitivity"": 23, ""slowEma"": 32}}","{""atr_len"": 39, ""atr_mult"": 1.0, ""be_pct"": 0.01, ""tp_mult"": 2.2, ""trail_arm"": 1.0, ""trail_mult"": 1.65}",full,full,,0.0228553673277512,0.3423337417341622,,,,,,False
aroon_signals,coppock_curve_signals,waddah_attar_explosion_volume_signals,mcginley_dynamic_index,trend_direction_force_index_exit,trend,C,True,0.1166729715737596,17.734291679211463,1.5562765426001677,0.4868421052631579,2.8272954358769224,11.3744651511694,6.877236060171224,3.282008146765813,2.5786946273253166,152,76,76,5,1.0,0.05,1.95,2.0,0.9,"{""base"": {""mci_length"": 17}, ""c1"": {""length"": 25}, ""c2"": {""long_roc"": 14, ""short_roc"": 11, ""smooth_len"": 12}, ""exit_ind"": {""fhigh"": 0.05, ""flow"": -0.05, ""lookback"": 13}, ""vol"": {""bbLen"": 20, ""bbStd"": 2, ""fastEma"": 20, ""sensitivity"": 122, ""slowEma"": 21}}","{""base"": {""mci_length"": 17}, ""c1"": {""length"": 9}, ""c2"": {""long_roc"": 14, ""short_roc"": 11, ""smooth_len"": 12}, ""exit_ind"": {""fhigh"": 0.026683, ""flow"": -0.040557, ""lookback"": 11}, ""vol"": {""bbLen"": 25, ""bbStd"": 2, ""fastEma"": 87, ""sensitivity"": 15, ""slowEma"": 21}}","{""atr_len"": 39, ""atr_mult"": 1.0, ""be_pct"": 0.05, ""tp_mult"": 2.35, ""trail_arm"": 2.0, ""trail_mult"": 1.4}",full,full,,0.0184747544123797,0.2085839294706583,,,,,,False
aroon_signals,coppock_curve_signals,waddah_attar_explosion_volume_signals,sma_baseline,chandelier_exit_exit,trend,C,True,0.0952787344044754,13.529580285435518,1.2888355169101695,0.2887323943661972,1.5668401071111029,23.04364676310644,11.895511876766632,4.319029343165576,1.1373684819617067,142,72,70,20,1.0,0.05,2.85,2.0,1.85,"{""base"": {""length"": 16}, ""c1"": {""length"": 250}, ""c2"": {""long_roc"": 17, ""short_roc"": 72, ""smooth_len"": 8}, ""exit_ind"": {""atr_mult"": 2, ""atr_period"": 2}, ""vol"": {""bbLen"": 20, ""bbStd"": 2, ""fastEma"": 20, ""sensitivity"": 150, ""slowEma"": 21}}","{""base"": {""length"": 37}, ""c1"": {""length"": 9}, ""c2"": {""long_roc"": 17, ""short_roc"": 11, ""smooth_len"": 10}, ""exit_ind"": {""atr_mult"": 3, ""atr_period"": 63}, ""vol"": {""bbLen"": 25, ""bbStd"": 6, ""fastEma"": 87, ""sensitivity"": 15, ""slowEma"": 9}}","{""atr_len"": 49, ""atr_mult"": 1.0, ""be_pct"": 0.05, ""tp_mult"": 2.6, ""trail_arm"": 1.65, ""trail_mult"": 1.7}",full,full,,0.0150830483712334,0.6145005040367865,,,,,,False
aroon_signals,coppock_curve_signals,waddah_attar_explosion_volume_signals,sma_baseline,coppock_curve_exit,trend,C,True,0.3137246474487579,52.70574077139133,1.8764717244005111,0.2023809523809523,1.0227181989186855,47.93009998032532,20.166464986317315,10.293519756751028,2.613533943958522,168,98,70,39,1.0,0.01,2.75,2.0,1.7,"{""base"": {""length"": 16}, ""c1"": {""length"": 250}, ""c2"": {""long_roc"": 17, ""short_roc"": 72, ""smooth_len"": 12}, ""exit_ind"": {""long_roc"": 61, ""short_roc"": 31, ""smooth_len"": 19}, ""vol"": {""bbLen"": 20, ""bbStd"": 2, ""fastEma"": 20, ""sensitivity"": 150, ""slowEma"": 21}}","{""base"": {""length"": 5}, ""c1"": {""length"": 71}, ""c2"": {""long_roc"": 14, ""short_roc"": 14, ""smooth_len"": 4}, ""exit_ind"": {""long_roc"": 61, ""short_roc"": 2, ""smooth_len"": 8}, ""vol"": {""bbLen"": 57, ""bbStd"": 2, ""fastEma"": 7, ""sensitivity"": 122, ""slowEma"": 14}}","{""atr_len"": 49, ""atr_mult"": 1.0, ""be_pct"": 0.05, ""tp_mult"": 2.65, ""trail_arm"": 1.85, ""trail_mult"": 1.55}",full,full,,0.0281997723434444,0.5794430497690877,,,,,,False
aroon_signals,coppock_curve_signals,waddah_attar_explosion_volume_signals,sma_baseline,trend_direction_force_index_exit,trend,C,True,0.1308312668308562,24.072953096877555,1.5541136062773142,0.4402173913043478,2.7951018995370074,13.527834330217289,8.26532663655306,2.9440574739615912,2.912522899024453,184,74,110,2,1.0,0.05,2.95,1.15,0.6,"{""base"": {""length"": 37}, ""c1"": {""length"": 25}, ""c2"": {""long_roc"": 14, ""short_roc"": 21, ""smooth_len"": 12}, ""exit_ind"": {""fhigh"": 0.017556, ""flow"": -0.040557, ""lookback"": 13}, ""vol"": {""bbLen"": 20, ""bbStd"": 2, ""fastEma"": 20, ""sensitivity"": 150, ""slowEma"": 21}}","{""base"": {""length"": 25}, ""c1"": {""length"": 20}, ""c2"": {""long_roc"": 3, ""short_roc"": 2, ""smooth_len"": 8}, ""exit_ind"": {""fhigh"": 0.05, ""flow"": -0.328967, ""lookback"": 130}, ""vol"": {""bbLen"": 37, ""bbStd"": 13, ""fastEma"": 87, ""sensitivity"": 15, ""slowEma"": 21}}","{""atr_len"": 43, ""atr_mult"": 1.0, ""be_pct"": 0.05, ""tp_mult"": 1.95, ""trail_arm"": 1.0, ""trail_mult"": 1.5}",full,full,,-0.0065800494247661,0.24435977673752,,,,,,False
aroon_signals,coppock_curve_signals,waddah_attar_explosion_volume_signals,sma_baseline,vortex_exit,trend,C,True,0.122224849702512,23.46717114288231,1.3851216057642926,0.328125,2.093617528098682,34.339089842423455,11.064797557968262,3.8755470861653034,2.120885720677514,192,124,68,18,1.0,0.05,2.2,1.0,1.7,"{""base"": {""length"": 7}, ""c1"": {""length"": 9}, ""c2"": {""long_roc"": 92, ""short_roc"": 31, ""smooth_len"": 10}, ""exit_ind"": {""period"": 92}, ""vol"": {""bbLen"": 20, ""bbStd"": 2, ""fastEma"": 20, ""sensitivity"": 150, ""slowEma"": 21}}","{""base"": {""length"": 25}, ""c1"": {""length"": 25}, ""c2"": {""long_roc"": 3, ""short_roc"": 9, ""smooth_len"": 12}, ""exit_ind"": {""period"": 140}, ""vol"": {""bbLen"": 25, ""bbStd"": 20, ""fastEma"": 200, ""sensitivity"": 15, ""slowEma"": 400}}","{""atr_len"": 28, ""atr_mult"": 1.0, ""be_pct"": 0.12, ""tp_mult"": 2.85, ""trail_arm"": 1.0, ""trail_mult"": 1.2}",full,full,,0.0100168468123351,0.379587686253527,,,,,,False
aroon_signals,coppock_curve_signals,waddah_attar_explosion_volume_signals,super_smoother_2pole_baseline,bears_bulls_impulse_exit,trend,C,True,0.3978050329586904,77.17417639398595,2.2166504531123614,0.2886597938144329,1.324312451448644,66.0978985690235,17.61455335265046,7.02713426920467,4.381273532682198,194,126,68,26,1.0,0.01,2.5,1.7,1.45,"{""base"": {""cutoff_period"": 28}, ""c1"": {""length"": 250}, ""c2"": {""long_roc"": 3, ""short_roc"": 48, ""smooth_len"": 12}, ""exit_ind"": {""length"": 24}, ""vol"": {""bbLen"": 37, ""bbStd"": 6, ""fastEma"": 16, ""sensitivity"": 80, ""slowEma"": 32}}","{""base"": {""cutoff_period"": 65}, ""c1"": {""length"": 2}, ""c2"": {""long_roc"": 14, ""short_roc"": 4, ""smooth_len"": 10}, ""exit_ind"": {""length"": 3}, ""vol"": {""bbLen"": 37, ""bbStd"": 13, ""fastEma"": 57, ""sensitivity"": 23, ""slowEma"": 9}}","{""atr_len"": 49, ""atr_mult"": 1.0, ""be_pct"": 0.11, ""tp_mult"": 2.9, ""trail_arm"": 1.65, ""trail_mult"": 1.4}",full,full,,0.0155710790795823,0.3278230897166281,,,,,,False
aroon_signals,coppock_curve_signals,waddah_attar_explosion_volume_signals,super_smoother_2pole_baseline,didi_index_exit,trend,C,True,0.2004300361007821,34.473966209334534,1.7570958960229404,0.377906976744186,3.276640033606395,23.90607069924314,5.8929916279756185,2.2400915361989417,5.849994092249738,172,116,56,42,1.0,0.01,2.75,1.0,1.75,"{""base"": {""cutoff_period"": 28}, ""c1"": {""length"": 25}, ""c2"": {""long_roc"": 11, ""short_roc"": 21, ""smooth_len"": 12}, ""exit_ind"": {""long_p"": 20, ""medium"": 3}, ""vol"": {""bbLen"": 16, ""bbStd"": 2, ""fastEma"": 20, ""sensitivity"": 122, ""slowEma"": 21}}","{""base"": {""cutoff_period"": 65}, ""c1"": {""length"": 9}, ""c2"": {""long_roc"": 14, ""short_roc"": 11, ""smooth_len"": 12}, ""exit_ind"": {""long_p"": 11, ""medium"": 35}, ""vol"": {""bbLen"": 87, ""bbStd"": 13, ""fastEma"": 87, ""sensitivity"": 122, ""slowEma"": 32}}","{""atr_len"": 50, ""atr_mult"": 1.0, ""be_pct"": 0.05, ""tp_mult"": 3.0, ""trail_arm"": 1.95, ""trail_mult"": 1.7}",full,full,,0.0037090556507367,0.3119032050080765,,,,,,False
aroon_signals,coppock_curve_signals,waddah_attar_explosion_volume_signals,super_smoother_2pole_baseline,donchian_breakout_exit,trend,C,True,0.6455589386378962,78.75819051382334,3.491286992241561,0.3688524590163934,1.8134885081758112,67.66606323975556,7.380182102712638,3.2160073917027203,10.671578210092568,122,64,58,2,1.0,0.14,1.7,1.85,1.25,"{""base"": {""cutoff_period"": 18}, ""c1"": {""length"": 71}, ""c2"": {""long_roc"": 14, ""short_roc"": 2, ""smooth_len"": 12}, ""exit_ind"": {""length"": 5}, ""vol"": {""bbLen"": 5, ""bbStd"": 2, ""fastEma"": 7, ""sensitivity"": 1500, ""slowEma"": 21}}","{""base"": {""cutoff_period"": 65}, ""c1"": {""length"": 2}, ""c2"": {""long_roc"": 14, ""short_roc"": 4, ""smooth_len"": 10}, ""exit_ind"": {""length"": 87}, ""vol"": {""bbLen"": 87, ""bbStd"": 13, ""fastEma"": 87, ""sensitivity"": 35, ""slowEma"": 32}}","{""atr_len"": 50, ""atr_mult"": 1.05, ""be_pct"": 0.01, ""tp_mult"": 2.7, ""trail_arm"": 1.65, ""trail_mult"": 1.7}",full,full,,0.0141708381579556,0.706606030587154,,,,,,False
aroon_signals,coppock_curve_signals,waddah_attar_explosion_volume_signals,super_smoother_2pole_baseline,kalman_filter_exit,trend,C,True,0.4437789897428829,56.803710687089016,2.22200400043402,0.234375,1.2724736560961136,188.23338093191413,18.6604111876363,8.612450486406843,3.044076045051197,128,64,64,26,1.0,0.05,2.25,1.0,1.8,"{""base"": {""cutoff_period"": 28}, ""c1"": {""length"": 250}, ""c2"": {""long_roc"": 3, ""short_roc"": 48, ""smooth_len"": 12}, ""exit_ind"": {""k"": 1, ""sharpness"": 2}, ""vol"": {""bbLen"": 37, ""bbStd"": 6, ""fastEma"": 16, ""sensitivity"": 80, ""slowEma"": 32}}","{""base"": {""cutoff_period"": 65}, ""c1"": {""length"": 2}, ""c2"": {""long_roc"": 14, ""short_roc"": 4, ""smooth_len"": 10}, ""exit_ind"": {""k"": 1, ""sharpness"": 1}, ""vol"": {""bbLen"": 87, ""bbStd"": 13, ""fastEma"": 87, ""sensitivity"": 35, ""slowEma"": 32}}","{""atr_len"": 50, ""atr_mult"": 1.05, ""be_pct"": 0.01, ""tp_mult"": 2.55, ""trail_arm"": 1.65, ""trail_mult"": 1.7}",full,full,,0.003814003021626,0.3624677491298028,,,,,,False
aroon_signals,coppock_curve_signals,waddah_attar_explosion_volume_signals,super_smoother_2pole_baseline,kuskus_starlight_exit,trend,C,True,0.4705327200166907,60.22818816213641,2.395096829895667,0.265625,1.3501304055044745,80.20918843917904,21.396324024354612,9.822956592582315,2.814884841600874,128,64,64,27,1.0,0.01,2.65,1.7,1.45,"{""base"": {""cutoff_period"": 28}, ""c1"": {""length"": 164}, ""c2"": {""long_roc"": 3, ""short_roc"": 48, ""smooth_len"": 12}, ""exit_ind"": {""index_smooth"": 0.862993, ""price_smooth"": 0.862993, ""range_periods"": 56}, ""vol"": {""bbLen"": 20, ""bbStd"": 6, ""fastEma"": 16, ""sensitivity"": 80, ""slowEma"": 40}}","{""base"": {""cutoff_period"": 65}, ""c1"": {""length"": 2}, ""c2"": {""long_roc"": 14, ""short_roc"": 4, ""smooth_len"": 10}, ""exit_ind"": {""index_smooth"": 0.245783, ""price_smooth"": 1.311672, ""range_periods"": 30}, ""vol"": {""bbLen"": 87, ""bbStd"": 13, ""fastEma"": 87, ""sensitivity"": 35, ""slowEma"": 32}}","{""atr_len"": 50, ""atr_mult"": 1.05, ""be_pct"": 0.01, ""tp_mult"": 2.55, ""trail_arm"": 1.65, ""trail_mult"": 1.7}",full,full,,0.0009118014623261,0.5081622784789532,,,,,,False
aroon_signals,coppock_curve_signals,waddah_attar_explosion_volume_signals,super_smoother_2pole_baseline,mama_fama_exit,trend,C,True,0.5457122876150818,73.12544654042097,2.9152708769422473,0.3582089552238806,1.6046532802854054,107.7328601130937,4.158977193861759,2.1483753003512387,17.582555309114685,134,64,70,42,1.0,0.01,1.35,1.0,1.85,"{""base"": {""cutoff_period"": 28}, ""c1"": {""length"": 25}, ""c2"": {""long_roc"": 7, ""short_roc"": 11, ""smooth_len"": 10}, ""exit_ind"": {""fast_limit"": 0.936909, ""slow_limit"": 0.061642}, ""vol"": {""bbLen"": 20, ""bbStd"": 13, ""fastEma"": 20, ""sensitivity"": 987, ""slowEma"": 21}}","{""base"": {""cutoff_period"": 65}, ""c1"": {""length"": 2}, ""c2"": {""long_roc"": 14, ""short_roc"": 4, ""smooth_len"": 10}, ""exit_ind"": {""fast_limit"": 0.405565, ""slow_limit"": 0.05}, ""vol"": {""bbLen"": 87, ""bbStd"": 13, ""fastEma"": 87, ""sensitivity"": 35, ""slowEma"": 32}}","{""atr_len"": 50, ""atr_mult"": 1.05, ""be_pct"": 0.01, ""tp_mult"": 2.55, ""trail_arm"": 1.65, ""trail_mult"": 1.7}",full,full,,0.0095933053691606,0.235018098799362,,,,,,False
aroon_signals,coppock_curve_signals,waddah_attar_explosion_volume_signals,super_smoother_2pole_baseline,polychromatic_momentum_exit,trend,C,True,0.5151909475819433,111.28124467769976,2.814772170254665,0.412037037037037,1.805612738501652,150.1619200686788,11.039315561386104,3.503203618360452,10.080447837449736,216,138,78,6,1.0,0.07,2.75,1.0,1.7,"{""base"": {""cutoff_period"": 28}, ""c1"": {""length"": 25}, ""c2"": {""long_roc"": 7, ""short_roc"": 11, ""smooth_len"": 10}, ""exit_ind"": {""len"": 7}, ""vol"": {""bbLen"": 20, ""bbStd"": 13, ""fastEma"": 20, ""sensitivity"": 987, ""slowEma"": 21}}","{""base"": {""cutoff_period"": 65}, ""c1"": {""length"": 2}, ""c2"": {""long_roc"": 14, ""short_roc"": 4, ""smooth_len"": 10}, ""exit_ind"": {""len"": 26}, ""vol"": {""bbLen"": 200, ""bbStd"": 6, ""fastEma"": 87, ""sensitivity"": 35, ""slowEma"": 32}}","{""atr_len"": 50, ""atr_mult"": 1.0, ""be_pct"": 0.05, ""tp_mult"": 2.85, ""trail_arm"": 1.65, ""trail_mult"": 1.4}",full,full,,0.0081472523571069,0.264315208033691,,,,,,False
aroon_signals,coppock_curve_signals,waddah_attar_explosion_volume_signals,super_smoother_2pole_baseline,ssl_channel_exit,trend,C,True,0.6917554839079969,112.0643883930955,3.524275064380208,0.419753086419753,1.8346961713684733,162.66097864704298,6.911841567160948,2.653405770657053,16.21339078799605,162,108,54,5,1.0,0.05,2.5,1.35,2.0,"{""base"": {""cutoff_period"": 28}, ""c1"": {""length"": 250}, ""c2"": {""long_roc"": 3, ""short_roc"": 9, ""smooth_len"": 10}, ""exit_ind"": {""len"": 19}, ""vol"": {""bbLen"": 2, ""bbStd"": 2, ""fastEma"": 16, ""sensitivity"": 15, ""slowEma"": 21}}","{""base"": {""cutoff_period"": 65}, ""c1"": {""length"": 2}, ""c2"": {""long_roc"": 14, ""short_roc"": 11, ""smooth_len"": 8}, ""exit_ind"": {""len"": 10}, ""vol"": {""bbLen"": 37, ""bbStd"": 13, ""fastEma"": 57, ""sensitivity"": 35, ""slowEma"": 32}}","{""atr_len"": 32, ""atr_mult"": 1.0, ""be_pct"": 0.06, ""tp_mult"": 2.65, ""trail_arm"": 1.0, ""trail_mult"": 1.35}",full,full,,0.0151720836327768,0.3587299815862346,,,,,,False
aroon_signals,coppock_curve_signals,waddah_attar_explosion_volume_signals,t3_baseline,laguerre_filter_exit,trend,C,True,0.0836878843629328,15.900698028957237,1.2953293750812227,0.3578947368421052,1.7270655317570038,12.118102038630992,10.419942403243464,3.9529899236783144,1.5259871325207854,190,94,96,5,1.0,0.05,2.5,1.0,1.5,"{""base"": {""length"": 12, ""volume_factor"": 0.862993}, ""c1"": {""length"": 164}, ""c2"": {""long_roc"": 14, ""short_roc"": 72, ""smooth_len"": 10}, ""exit_ind"": {""alpha"": 0.106734}, ""vol"": {""bbLen"": 20, ""bbStd"": 2, ""fastEma"": 20, ""sensitivity"": 150, ""slowEma"": 21}}","{""base"": {""length"": 28, ""volume_factor"": 1.311672}, ""c1"": {""length"": 25}, ""c2"": {""long_roc"": 14, ""short_roc"": 11, ""smooth_len"": 10}, ""exit_ind"": {""alpha"": 0.2}, ""vol"": {""bbLen"": 200, ""bbStd"": 20, ""fastEma"": 200, ""sensitivity"": 35, ""slowEma"": 40}}","{""atr_len"": 2, ""atr_mult"": 1.0, ""be_pct"": 0.05, ""tp_mult"": 1.55, ""trail_arm"": 1.9, ""trail_mult"": 0.85}",full,full,,0.0249799219357849,0.6087785972238807,,,,,,False
aroon_signals,coppock_curve_signals,waddah_attar_explosion_volume_signals,tma_baseline,center_of_gravity_exit,trend,C,True,0.1053135094022854,13.690756222297113,1.351663930195173,0.3692307692307692,1.882196384777124,19.916723391196836,6.441732914246912,3.177239753615121,2.125321928827232,130,74,56,5,1.0,0.05,2.65,1.9,0.55,"{""base"": {""length"": 20}, ""c1"": {""length"": 13}, ""c2"": {""long_roc"": 17, ""short_roc"": 21, ""smooth_len"": 8}, ""exit_ind"": {""length"": 10, ""signal_length"": 6}, ""vol"": {""bbLen"": 20, ""bbStd"": 2, ""fastEma"": 20, ""sensitivity"": 150, ""slowEma"": 21}}","{""base"": {""length"": 7}, ""c1"": {""length"": 47}, ""c2"": {""long_roc"": 14, ""short_roc"": 4, ""smooth_len"": 10}, ""exit_ind"": {""length"": 100, ""signal_length"": 4}, ""vol"": {""bbLen"": 20, ""bbStd"": 2, ""fastEma"": 7, ""sensitivity"": 281, ""slowEma"": 14}}","{""atr_len"": 44, ""atr_mult"": 1.0, ""be_pct"": 0.05, ""tp_mult"": 3.0, ""trail_arm"": 1.0, ""trail_mult"": 1.25}",full,full,,-0.020878920838136,0.3434390709346518,,,,,,False
aroon_signals,coppock_curve_signals,waddah_attar_explosion_volume_signals,tma_baseline,fx_sniper_ergodic_cci_exit,trend,C,True,0.1306123334455957,18.285726682383405,1.5932526015297637,0.4285714285714285,2.959809477993353,11.992639964069928,3.547568801958609,1.4048374341365957,5.154438913852178,140,84,56,4,1.0,0.11,2.5,1.0,1.9,"{""base"": {""length"": 20}, ""c1"": {""length"": 25}, ""c2"": {""long_roc"": 11, ""short_roc"": 21, ""smooth_len"": 10}, ""exit_ind"": {""cci_length"": 92, ""ema1_length"": 5, ""ema2_length"": 3, ""trigger_length"": 4}, ""vol"": {""bbLen"": 20, ""bbStd"": 2, ""fastEma"": 20, ""sensitivity"": 122, ""slowEma"": 21}}","{""base"": {""length"": 25}, ""c1"": {""length"": 9}, ""c2"": {""long_roc"": 61, ""short_roc"": 11, ""smooth_len"": 10}, ""exit_ind"": {""cci_length"": 7, ""ema1_length"": 5, ""ema2_length"": 3, ""trigger_length"": 3}, ""vol"": {""bbLen"": 20, ""bbStd"": 2, ""fastEma"": 5, ""sensitivity"": 122, ""slowEma"": 6}}","{""atr_len"": 23, ""atr_mult"": 1.0, ""be_pct"": 0.05, ""tp_mult"": 2.95, ""trail_arm"": 1.0, ""trail_mult"": 0.5}",full,full,,-0.0287467648003864,0.3373018651589358,,,,,,False
aroon_signals,coppock_curve_signals,waddah_attar_explosion_volume_signals,tma_baseline,mama_fama_exit,trend,C,True,0.1025610157536054,16.409762520576866,1.369547852707787,0.3625,2.003979066234485,15.290630132467516,9.27030534333668,4.569612925915859,1.7701426126564312,160,106,54,6,1.0,0.05,2.85,1.55,1.7,"{""base"": {""length"": 20}, ""c1"": {""length"": 25}, ""c2"": {""long_roc"": 11, ""short_roc"": 21, ""smooth_len"": 10}, ""exit_ind"": {""fast_limit"": 0.936909, ""slow_limit"": 0.061642}, ""vol"": {""bbLen"": 20, ""bbStd"": 2, ""fastEma"": 20, ""sensitivity"": 122, ""slowEma"": 21}}","{""base"": {""length"": 2}, ""c1"": {""length"": 13}, ""c2"": {""long_roc"": 61, ""short_roc"": 21, ""smooth_len"": 10}, ""exit_ind"": {""fast_limit"": 0.616423, ""slow_limit"": 0.093691}, ""vol"": {""bbLen"": 25, ""bbStd"": 13, ""fastEma"": 57, ""sensitivity"": 15, ""slowEma"": 32}}","{""atr_len"": 2, ""atr_mult"": 1.0, ""be_pct"": 0.01, ""tp_mult"": 2.0, ""trail_arm"": 2.0, ""trail_mult"": 1.25}",full,full,,-0.0048595184445426,0.3193264561824204,,,,,,False
aroon_signals,coppock_curve_signals,waddah_attar_explosion_volume_signals,tma_baseline,parabolic_sar_exit,trend,C,True,0.1143938057825885,17.387858478953454,1.40428901412495,0.375,2.2080706270792874,17.7870021342508,5.541374509323888,2.160567192075321,3.1378240993632054,152,82,70,4,1.0,0.01,2.25,1.5,1.0,"{""base"": {""length"": 20}, ""c1"": {""length"": 25}, ""c2"": {""long_roc"": 11, ""short_roc"": 9, ""smooth_len"": 4}, ""exit_ind"": {""sar_increment"": 0.010673, ""sar_maximum"": 0.070224, ""sar_start"": 0.02}, ""vol"": {""bbLen"": 20, ""bbStd"": 2, ""fastEma"": 20, ""sensitivity"": 122, ""slowEma"": 21}}","{""base"": {""length"": 3}, ""c1"": {""length"": 31}, ""c2"": {""long_roc"": 14, ""short_roc"": 6, ""smooth_len"": 10}, ""exit_ind"": {""sar_increment"": 0.02, ""sar_maximum"": 0.2, ""sar_start"": 0.02}, ""vol"": {""bbLen"": 25, ""bbStd"": 2, ""fastEma"": 5, ""sensitivity"": 80, ""slowEma"": 21}}","{""atr_len"": 11, ""atr_mult"": 1.0, ""be_pct"": 0.05, ""tp_mult"": 2.2, ""trail_arm"": 1.0, ""trail_mult"": 1.2}",full,full,,0.0171287427248468,0.3410624685619773,,,,,,False
aroon_signals,coppock_curve_signals,waddah_attar_explosion_volume_signals,wma_baseline,bears_bulls_impulse_exit,trend,C,True,0.1899481582404977,36.849942698656555,1.7295573446585777,0.4432989690721649,3.3462084877361513,35.54710786439586,6.9626407908759145,2.327652562261216,5.292523886475085,194,132,62,50,1.05,0.16,1.65,1.0,0.85,"{""base"": {""ma_length"": 57}, ""c1"": {""length"": 20}, ""c2"": {""long_roc"": 17, ""short_roc"": 21, ""smooth_len"": 12}, ""exit_ind"": {""length"": 7}, ""vol"": {""bbLen"": 20, ""bbStd"": 2, ""fastEma"": 20, ""sensitivity"": 150, ""slowEma"": 21}}","{""base"": {""ma_length"": 37}, ""c1"": {""length"": 2}, ""c2"": {""long_roc"": 5, ""short_roc"": 11, ""smooth_len"": 10}, ""exit_ind"": {""length"": 11}, ""vol"": {""bbLen"": 200, ""bbStd"": 4, ""fastEma"": 87, ""sensitivity"": 15, ""slowEma"": 4}}","{""atr_len"": 2, ""atr_mult"": 1.0, ""be_pct"": 0.05, ""tp_mult"": 2.8, ""trail_arm"": 1.15, ""trail_mult"": 1.35}",full,full,,-0.003409921718251,0.2433943087126669,,,,,,False
aroon_signals,coppock_curve_signals,waddah_attar_explosion_volume_signals,wma_baseline,chandelier_exit_exit,trend,C,True,0.1027298186917952,17.87498845237237,1.3566233810471318,0.3735632183908046,1.927378973901525,17.347786821769947,13.584933392916906,4.812494857805523,1.3157950749830154,174,112,62,42,1.05,0.05,1.75,1.0,1.0,"{""base"": {""ma_length"": 57}, ""c1"": {""length"": 20}, ""c2"": {""long_roc"": 17, ""short_roc"": 21, ""smooth_len"": 12}, ""exit_ind"": {""atr_mult"": 3, ""atr_period"": 63}, ""vol"": {""bbLen"": 20, ""bbStd"": 2, ""fastEma"": 20, ""sensitivity"": 150, ""slowEma"": 21}}","{""base"": {""ma_length"": 37}, ""c1"": {""length"": 9}, ""c2"": {""long_roc"": 11, ""short_roc"": 11, ""smooth_len"": 10}, ""exit_ind"": {""atr_mult"": 3, ""atr_period"": 63}, ""vol"": {""bbLen"": 200, ""bbStd"": 2, ""fastEma"": 87, ""sensitivity"": 35, ""slowEma"": 14}}","{""atr_len"": 50, ""atr_mult"": 1.0, ""be_pct"": 0.01, ""tp_mult"": 2.4, ""trail_arm"": 1.25, ""trail_mult"": 1.7}",full,full,,-0.0088298070144987,0.2540579843855444,,,,,,False
aroon_signals,coppock_curve_signals,waddah_attar_explosion_volume_signals,wma_baseline,dspo_exit,trend,C,True,0.0888745307321482,16.886160839108165,1.3362750860170327,0.3736842105263158,1.7082990368065805,9.591846048958416,10.886595332943427,3.694885016096879,1.551096584623636,190,98,92,50,1.0,0.06,3.0,1.0,0.9,"{""base"": {""ma_length"": 57}, ""c1"": {""length"": 20}, ""c2"": {""long_roc"": 17, ""short_roc"": 21, ""smooth_len"": 10}, ""exit_ind"": {""len"": 2}, ""vol"": {""bbLen"": 20, ""bbStd"": 2, ""fastEma"": 20, ""sensitivity"": 150, ""slowEma"": 21}}","{""base"": {""ma_length"": 37}, ""c1"": {""length"": 9}, ""c2"": {""long_roc"": 11, ""short_roc"": 11, ""smooth_len"": 10}, ""exit_ind"": {""len"": 14}, ""vol"": {""bbLen"": 200, ""bbStd"": 2, ""fastEma"": 87, ""sensitivity"": 23, ""slowEma"": 14}}","{""atr_len"": 50, ""atr_mult"": 1.0, ""be_pct"": 0.05, ""tp_mult"": 2.4, ""trail_arm"": 1.25, ""trail_mult"": 1.7}",full,full,,-0.0028958913117346,0.2394178239984343,,,,,,False
aroon_signals,coppock_curve_signals,waddah_attar_explosion_volume_signals,wma_baseline,halftrend_exit,trend,C,True,0.1405994447962927,22.49591116740683,1.4996020831551131,0.40625,2.5612652791444512,31.309250765687516,11.434883886007434,3.9495900631104743,1.9673056055194829,160,98,62,42,1.05,0.05,1.7,1.0,1.05,"{""base"": {""ma_length"": 57}, ""c1"": {""length"": 20}, ""c2"": {""long_roc"": 17, ""short_roc"": 21, ""smooth_len"": 12}, ""exit_ind"": {""amplitude"": 94}, ""vol"": {""bbLen"": 20, ""bbStd"": 2, ""fastEma"": 20, ""sensitivity"": 150, ""slowEma"": 21}}","{""base"": {""ma_length"": 37}, ""c1"": {""length"": 9}, ""c2"": {""long_roc"": 11, ""short_roc"": 11, ""smooth_len"": 10}, ""exit_ind"": {""amplitude"": 27}, ""vol"": {""bbLen"": 200, ""bbStd"": 2, ""fastEma"": 87, ""sensitivity"": 23, ""slowEma"": 14}}","{""atr_len"": 50, ""atr_mult"": 1.0, ""be_pct"": 0.01, ""tp_mult"": 2.4, ""trail_arm"": 1.25, ""trail_mult"": 1.7}",full,full,,-0.0100700883947762,0.2333676361259327,,,,,,False
aroon_signals,coppock_curve_signals,waddah_attar_explosion_volume_signals,wma_baseline,j_tpo_exit,trend,C,True,0.4493435381826815,74.59102733832513,2.625036534765957,0.3855421686746988,1.3650956806457133,68.11475725783491,10.944293854306691,5.397673717280833,6.815517595863235,166,74,92,50,1.0,0.01,1.75,1.0,1.7,"{""base"": {""ma_length"": 57}, ""c1"": {""length"": 20}, ""c2"": {""long_roc"": 17, ""short_roc"": 21, ""smooth_len"": 10}, ""exit_ind"": {""ema_len"": 200, ""len"": 9}, ""vol"": {""bbLen"": 20, ""bbStd"": 2, ""fastEma"": 20, ""sensitivity"": 150, ""slowEma"": 21}}","{""base"": {""ma_length"": 11}, ""c1"": {""length"": 71}, ""c2"": {""long_roc"": 14, ""short_roc"": 2, ""smooth_len"": 4}, ""exit_ind"": {""ema_len"": 200, ""len"": 49}, ""vol"": {""bbLen"": 20, ""bbStd"": 2, ""fastEma"": 7, ""sensitivity"": 23, ""slowEma"": 14}}","{""atr_len"": 21, ""atr_mult"": 1.0, ""be_pct"": 0.05, ""tp_mult"": 3.0, ""trail_arm"": 1.8, ""trail_mult"": 1.35}",full,full,,-0.0052675416486585,0.2397411278827886,,,,,,False
aroon_signals,coppock_curve_signals,waddah_attar_explosion_volume_signals,wma_baseline,kalman_filter_exit,trend,C,True,0.0947259153450553,26.14435263523528,1.3131099637150323,0.3079710144927536,1.6574658061810066,13.474195216031726,9.167489887049946,3.752128187600307,2.8518550832727896,276,184,92,50,1.05,0.02,2.25,1.0,0.95,"{""base"": {""ma_length"": 57}, ""c1"": {""length"": 20}, ""c2"": {""long_roc"": 17, ""short_roc"": 21, ""smooth_len"": 10}, ""exit_ind"": {""k"": 7, ""sharpness"": 1}, ""vol"": {""bbLen"": 20, ""bbStd"": 2, ""fastEma"": 20, ""sensitivity"": 150, ""slowEma"": 21}}","{""base"": {""ma_length"": 37}, ""c1"": {""length"": 6}, ""c2"": {""long_roc"": 14, ""short_roc"": 9, ""smooth_len"": 10}, ""exit_ind"": {""k"": 2, ""sharpness"": 4}, ""vol"": {""bbLen"": 57, ""bbStd"": 2, ""fastEma"": 200, ""sensitivity"": 15, ""slowEma"": 4}}","{""atr_len"": 45, ""atr_mult"": 1.0, ""be_pct"": 0.05, ""tp_mult"": 2.4, ""trail_arm"": 1.2, ""trail_mult"": 1.45}",full,full,,-0.0060289681874747,0.252349541376272,,,,,,False
aroon_signals,coppock_curve_signals,waddah_attar_explosion_volume_signals,wma_baseline,kuskus_starlight_exit,trend,C,True,0.379377925411882,78.91060848567145,2.2220818850381474,0.3269230769230769,1.302000231766839,72.62466404519341,11.064638524041053,4.605864109009384,7.131783683146618,208,126,82,50,1.0,0.01,1.7,1.05,0.5,"{""base"": {""ma_length"": 57}, ""c1"": {""length"": 25}, ""c2"": {""long_roc"": 14, ""short_roc"": 11, ""smooth_len"": 19}, ""exit_ind"": {""index_smooth"": 1.311672, ""price_smooth"": 0.862993, ""range_periods"": 197}, ""vol"": {""bbLen"": 20, ""bbStd"": 2, ""fastEma"": 20, ""sensitivity"": 150, ""slowEma"": 21}}","{""base"": {""ma_length"": 57}, ""c1"": {""length"": 9}, ""c2"": {""long_roc"": 40, ""short_roc"": 14, ""smooth_len"": 8}, ""exit_ind"": {""index_smooth"": 0.862993, ""price_smooth"": 0.07, ""range_periods"": 30}, ""vol"": {""bbLen"": 200, ""bbStd"": 2, ""fastEma"": 87, ""sensitivity"": 23, ""slowEma"": 21}}","{""atr_len"": 46, ""atr_mult"": 1.0, ""be_pct"": 0.01, ""tp_mult"": 2.75, ""trail_arm"": 1.8, ""trail_mult"": 1.95}",full,full,,-0.016563376374817,0.2853636082797733,,,,,,False
aroon_signals,coppock_curve_signals,waddah_attar_explosion_volume_signals,wma_baseline,ssl_channel_exit,trend,C,True,0.1274819876832582,25.751361512018164,1.4733023392851328,0.3910891089108911,2.4468697940536104,18.109907902011805,13.55110422531617,4.763185886529805,1.9003146226201608,202,110,92,50,1.05,0.02,1.75,1.0,1.05,"{""base"": {""ma_length"": 57}, ""c1"": {""length"": 20}, ""c2"": {""long_roc"": 17, ""short_roc"": 21, ""smooth_len"": 10}, ""exit_ind"": {""len"": 10}, ""vol"": {""bbLen"": 20, ""bbStd"": 2, ""fastEma"": 20, ""sensitivity"": 150, ""slowEma"": 21}}","{""base"": {""ma_length"": 37}, ""c1"": {""length"": 9}, ""c2"": {""long_roc"": 11, ""short_roc"": 11, ""smooth_len"": 10}, ""exit_ind"": {""len"": 43}, ""vol"": {""bbLen"": 200, ""bbStd"": 2, ""fastEma"": 57, ""sensitivity"": 80, ""slowEma"": 32}}","{""atr_len"": 49, ""atr_mult"": 1.0, ""be_pct"": 0.05, ""tp_mult"": 2.4, ""trail_arm"": 1.2, ""trail_mult"": 1.7}",full,full,,0.007073323379384,0.2392337812185493,,,,,,False
aroon_signals,coppock_curve_signals,waddah_attar_explosion_volume_signals,wma_baseline,supertrend_exit,trend,C,True,0.1423882988755367,28.762436372858417,1.5075633951729972,0.396039603960396,2.688005596630405,28.94550196220339,13.434883886007436,4.553820918264895,2.140877183375941,202,110,92,50,1.05,0.04,1.75,1.0,0.5,"{""base"": {""ma_length"": 57}, ""c1"": {""length"": 20}, ""c2"": {""long_roc"": 17, ""short_roc"": 21, ""smooth_len"": 10}, ""exit_ind"": {""atr_period"": 2, ""factor"": 2}, ""vol"": {""bbLen"": 20, ""bbStd"": 2, ""fastEma"": 20, ""sensitivity"": 150, ""slowEma"": 21}}","{""base"": {""ma_length"": 37}, ""c1"": {""length"": 9}, ""c2"": {""long_roc"": 11, ""short_roc"": 11, ""smooth_len"": 10}, ""exit_ind"": {""atr_period"": 2, ""factor"": 3}, ""vol"": {""bbLen"": 200, ""bbStd"": 2, ""fastEma"": 57, ""sensitivity"": 80, ""slowEma"": 32}}","{""atr_len"": 50, ""atr_mult"": 1.0, ""be_pct"": 0.01, ""tp_mult"": 2.4, ""trail_arm"": 1.3, ""trail_mult"": 1.7}",full,full,,-0.0088298070144987,0.2226224286407365,,,,,,False
aroon_signals,coral_signals,variance_volume_signals,rma_baseline,linreg_slope_exit,trend,C,True,0.1223282373401707,20.79580034782903,1.4174857956723852,0.3352941176470588,1.8654198663909765,21.918015859333824,13.094929017808193,4.768227537017691,1.5880804179654728,170,98,72,3,1.0,0.01,1.75,1.05,2.0,"{""base"": {""ma_length"": 16}, ""c1"": {""length"": 164}, ""c2"": {""const_d"": 11, ""smooth_period"": 28}, ""exit_ind"": {""length"": 17, ""r2_floor"": 0.2}, ""vol"": {""ema_len"": 19, ""filter_lookback"": 200, ""hline"": 0, ""lookback"": 20}}","{""base"": {""ma_length"": 20}, ""c1"": {""length"": 31}, ""c2"": {""const_d"": 61, ""smooth_period"": 10}, ""exit_ind"": {""length"": 40, ""r2_floor"": 0.2}, ""vol"": {""ema_len"": 66, ""filter_lookback"": 7, ""hline"": 0, ""lookback"": 57}}","{""atr_len"": 22, ""atr_mult"": 1.15, ""be_pct"": 0.01, ""tp_mult"": 3.0, ""trail_arm"": 1.05, ""trail_mult"": 1.6}",full,full,,0.0530507442466777,0.9720258523434088,,,,,,False
aroon_signals,coral_signals,waddah_attar_explosion_volume_signals,ema_baseline,glitch_index_exit,trend,C,True,0.1803505060680789,27.413276922348004,1.595566269919653,0.3552631578947368,2.7905550885841786,26.56111099632106,8.056914854267248,3.298721689805555,3.402453348235261,152,88,64,2,1.0,0.08,2.95,1.75,0.8,"{""base"": {""ma_length"": 20}, ""c1"": {""length"": 2}, ""c2"": {""const_d"": 26, ""smooth_period"": 8}, ""exit_ind"": {""length"": 37, ""multiplier"": 1, ""smooth"": 6}, ""vol"": {""bbLen"": 37, ""bbStd"": 2, ""fastEma"": 7, ""sensitivity"": 122, ""slowEma"": 6}}","{""base"": {""ma_length"": 20}, ""c1"": {""length"": 250}, ""c2"": {""const_d"": 11, ""smooth_period"": 19}, ""exit_ind"": {""length"": 56, ""multiplier"": 1, ""smooth"": 3}, ""vol"": {""bbLen"": 2, ""bbStd"": 2, ""fastEma"": 20, ""sensitivity"": 122, ""slowEma"": 6}}","{""atr_len"": 3, ""atr_mult"": 1.0, ""be_pct"": 0.01, ""tp_mult"": 2.55, ""trail_arm"": 1.4, ""trail_mult"": 0.85}",full,full,,0.0371995934931631,0.6568264267376559,,,,,,False
aroon_signals,coral_signals,waddah_attar_explosion_volume_signals,ema_baseline,polychromatic_momentum_exit,trend,C,True,0.2425723337913027,37.356139403860624,2.1706209644300536,0.4805194805194805,4.68188689176267,24.848519741711577,8.532405496814247,3.150127833598047,4.378148626176794,154,100,54,39,1.0,0.05,2.95,2.0,0.5,"{""base"": {""ma_length"": 57}, ""c1"": {""length"": 25}, ""c2"": {""const_d"": 61, ""smooth_period"": 66}, ""exit_ind"": {""len"": 3}, ""vol"": {""bbLen"": 11, ""bbStd"": 2, ""fastEma"": 20, ""sensitivity"": 150, ""slowEma"": 21}}","{""base"": {""ma_length"": 132}, ""c1"": {""length"": 71}, ""c2"": {""const_d"": 14, ""smooth_period"": 10}, ""exit_ind"": {""len"": 11}, ""vol"": {""bbLen"": 200, ""bbStd"": 2, ""fastEma"": 87, ""sensitivity"": 80, ""slowEma"": 6}}","{""atr_len"": 47, ""atr_mult"": 1.0, ""be_pct"": 0.05, ""tp_mult"": 2.95, ""trail_arm"": 1.15, ""trail_mult"": 0.5}",full,full,,0.0178082422906199,0.2737407071046703,,,,,,False
aroon_signals,coral_signals,waddah_attar_explosion_volume_signals,hma_baseline,coppock_curve_exit,trend,C,True,0.360375344522402,206.85544775585876,2.177588322606859,0.3414634146341463,0.7278270025876312,90.56790254086422,16.03580840992626,5.9561974239230056,12.89959585871667,574,430,144,5,1.1,0.05,2.0,1.0,0.9,"{""base"": {""ma_length"": 200}, ""c1"": {""length"": 25}, ""c2"": {""const_d"": 11, ""smooth_period"": 12}, ""exit_ind"": {""long_roc"": 3, ""short_roc"": 11, ""smooth_len"": 66}, ""vol"": {""bbLen"": 25, ""bbStd"": 2, ""fastEma"": 57, ""sensitivity"": 23, ""slowEma"": 75}}","{""base"": {""ma_length"": 2}, ""c1"": {""length"": 13}, ""c2"": {""const_d"": 11, ""smooth_period"": 4}, ""exit_ind"": {""long_roc"": 92, ""short_roc"": 21, ""smooth_len"": 2}, ""vol"": {""bbLen"": 57, ""bbStd"": 2, ""fastEma"": 200, ""sensitivity"": 15, ""slowEma"": 75}}","{""atr_len"": 5, ""atr_mult"": 1.0, ""be_pct"": 0.19, ""tp_mult"": 1.65, ""trail_arm"": 1.55, ""trail_mult"": 1.55}",full,full,,0.0321156199493873,0.2642676305944078,,,,,,False
aroon_signals,coral_signals,waddah_attar_explosion_volume_signals,hma_baseline,ssl_channel_exit,trend,C,True,0.1808809862992448,34.72914936945501,1.664503787196934,0.40625,3.300981901625738,41.66323508017448,13.882569839910776,5.553676267196091,2.5016369281725304,192,110,82,43,1.05,0.03,2.6,1.6,1.5,"{""base"": {""ma_length"": 87}, ""c1"": {""length"": 20}, ""c2"": {""const_d"": 17, ""smooth_period"": 12}, ""exit_ind"": {""len"": 19}, ""vol"": {""bbLen"": 5, ""bbStd"": 2, ""fastEma"": 11, ""sensitivity"": 15, ""slowEma"": 21}}","{""base"": {""ma_length"": 3}, ""c1"": {""length"": 4}, ""c2"": {""const_d"": 7, ""smooth_period"": 8}, ""exit_ind"": {""len"": 66}, ""vol"": {""bbLen"": 200, ""bbStd"": 20, ""fastEma"": 200, ""sensitivity"": 23, ""slowEma"": 14}}","{""atr_len"": 50, ""atr_mult"": 1.0, ""be_pct"": 0.17, ""tp_mult"": 3.0, ""trail_arm"": 1.3, ""trail_mult"": 1.45}",full,full,,0.0216707067177865,0.2958326743036614,,,,,,False
aroon_signals,coral_signals,waddah_attar_explosion_volume_signals,mcginley_dynamic_index,lemantrend_exit,trend,C,True,0.3674921348373847,72.0284584281274,2.106493480597329,0.2857142857142857,1.2011284708385843,56.83777660641723,19.471802437084733,9.585585229619031,3.699116127582861,196,118,78,4,1.0,0.05,3.0,1.0,1.3,"{""base"": {""mci_length"": 17}, ""c1"": {""length"": 13}, ""c2"": {""const_d"": 7, ""smooth_period"": 10}, ""exit_ind"": {""fast_period"": 42, ""medium_period"": 210, ""slow_period"": 5, ""smooth"": 13}, ""vol"": {""bbLen"": 37, ""bbStd"": 2, ""fastEma"": 20, ""sensitivity"": 23, ""slowEma"": 6}}","{""base"": {""mci_length"": 17}, ""c1"": {""length"": 13}, ""c2"": {""const_d"": 7, ""smooth_period"": 10}, ""exit_ind"": {""fast_period"": 147, ""medium_period"": 21, ""slow_period"": 13, ""smooth"": 6}, ""vol"": {""bbLen"": 200, ""bbStd"": 2, ""fastEma"": 20, ""sensitivity"": 122, ""slowEma"": 6}}","{""atr_len"": 49, ""atr_mult"": 1.0, ""be_pct"": 0.11, ""tp_mult"": 3.0, ""trail_arm"": 2.0, ""trail_mult"": 1.7}",full,full,,0.0569694970446601,0.9922538675492408,,,,,,False
aroon_signals,coral_signals,waddah_attar_explosion_volume_signals,rma_baseline,adx_dmi_exit,trend,C,True,0.5059629793351509,87.02563244564595,2.7181116092769457,0.3546511627906977,1.5202708110952317,112.10237530917314,6.75,2.4526552521587655,12.892686288243844,172,116,56,50,1.0,0.01,2.25,1.35,0.75,"{""base"": {""ma_length"": 25}, ""c1"": {""length"": 25}, ""c2"": {""const_d"": 40, ""smooth_period"": 4}, ""exit_ind"": {""adx_smoothing"": 14, ""adx_threshold"": 25, ""di_length"": 11}, ""vol"": {""bbLen"": 20, ""bbStd"": 2, ""fastEma"": 20, ""sensitivity"": 150, ""slowEma"": 21}}","{""base"": {""ma_length"": 20}, ""c1"": {""length"": 9}, ""c2"": {""const_d"": 14, ""smooth_period"": 2}, ""exit_ind"": {""adx_smoothing"": 14, ""adx_threshold"": 25, ""di_length"": 140}, ""vol"": {""bbLen"": 57, ""bbStd"": 4, ""fastEma"": 87, ""sensitivity"": 15, ""slowEma"": 9}}","{""atr_len"": 33, ""atr_mult"": 1.0, ""be_pct"": 0.05, ""tp_mult"": 2.25, ""trail_arm"": 1.0, ""trail_mult"": 0.55}",full,full,,0.0213941460196736,0.322125375770349,,,,,,False
aroon_signals,coral_signals,waddah_attar_explosion_volume_signals,rma_baseline,aroon_exit,trend,C,True,0.0900201103598907,14.043137216142949,1.3153724538074585,0.3717948717948718,1.8600976976568369,15.42263334522236,6.578435111395683,2.8525577004230422,2.134723072941211,156,98,58,17,1.15,0.01,2.05,1.45,0.75,"{""base"": {""ma_length"": 25}, ""c1"": {""length"": 25}, ""c2"": {""const_d"": 92, ""smooth_period"": 12}, ""exit_ind"": {""length"": 13}, ""vol"": {""bbLen"": 7, ""bbStd"": 2, ""fastEma"": 20, ""sensitivity"": 122, ""slowEma"": 21}}","{""base"": {""ma_length"": 25}, ""c1"": {""length"": 25}, ""c2"": {""const_d"": 3, ""smooth_period"": 8}, ""exit_ind"": {""length"": 71}, ""vol"": {""bbLen"": 3, ""bbStd"": 13, ""fastEma"": 132, ""sensitivity"": 15, ""slowEma"": 21}}","{""atr_len"": 16, ""atr_mult"": 1.0, ""be_pct"": 0.01, ""tp_mult"": 2.2, ""trail_arm"": 1.1, ""trail_mult"": 0.5}",full,full,,0.0249633046961917,0.2799038135006933,,,,,,False
aroon_signals,coral_signals,waddah_attar_explosion_volume_signals,rma_baseline,donchian_breakout_exit,trend,C,True,0.1666590055951914,25.99880487284987,1.7153508093110412,0.3653846153846153,3.1380107582279124,15.88570148830398,7.574629361215868,3.7376600078870896,3.4323534041111925,156,84,72,31,1.0,0.05,2.8,1.95,0.85,"{""base"": {""ma_length"": 20}, ""c1"": {""length"": 25}, ""c2"": {""const_d"": 92, ""smooth_period"": 8}, ""exit_ind"": {""length"": 37}, ""vol"": {""bbLen"": 20, ""bbStd"": 2, ""fastEma"": 20, ""sensitivity"": 122, ""slowEma"": 21}}","{""base"": {""ma_length"": 25}, ""c1"": {""length"": 25}, ""c2"": {""const_d"": 11, ""smooth_period"": 8}, ""exit_ind"": {""length"": 16}, ""vol"": {""bbLen"": 87, ""bbStd"": 6, ""fastEma"": 132, ""sensitivity"": 15, ""slowEma"": 6}}","{""atr_len"": 13, ""atr_mult"": 1.0, ""be_pct"": 0.05, ""tp_mult"": 2.1, ""trail_arm"": 2.0, ""trail_mult"": 1.2}",full,full,,0.0368216202156454,0.3116989842842307,,,,,,False
aroon_signals,coral_signals,waddah_attar_explosion_volume_signals,rma_baseline,dpo_exit,trend,C,True,0.1169252689803212,13.329480663756629,1.460723202018217,0.4122807017543859,2.518852284790509,15.63154867537744,5.257581538693068,2.097710067718145,2.535287482592248,114,62,52,13,1.0,0.01,1.9,1.0,0.75,"{""base"": {""ma_length"": 25}, ""c1"": {""length"": 25}, ""c2"": {""const_d"": 92, ""smooth_period"": 8}, ""exit_ind"": {""len"": 8}, ""vol"": {""bbLen"": 25, ""bbStd"": 2, ""fastEma"": 20, ""sensitivity"": 122, ""slowEma"": 21}}","{""base"": {""ma_length"": 20}, ""c1"": {""length"": 25}, ""c2"": {""const_d"": 11, ""smooth_period"": 12}, ""exit_ind"": {""len"": 62}, ""vol"": {""bbLen"": 37, ""bbStd"": 13, ""fastEma"": 132, ""sensitivity"": 15, ""slowEma"": 9}}","{""atr_len"": 15, ""atr_mult"": 1.0, ""be_pct"": 0.05, ""tp_mult"": 1.45, ""trail_arm"": 1.0, ""trail_mult"": 0.85}",full,full,,0.0294265309319884,0.3136887680499262,,,,,,False
aroon_signals,coral_signals,waddah_attar_explosion_volume_signals,rma_baseline,fx_sniper_ergodic_cci_exit,trend,C,True,0.1065397634696617,19.603316478417767,1.371222881654452,0.3804347826086957,2.230168526568111,17.539797560999457,9.06250535402878,3.7083429995006703,2.163123298978579,184,100,84,18,1.15,0.05,2.15,1.05,0.8,"{""base"": {""ma_length"": 20}, ""c1"": {""length"": 25}, ""c2"": {""const_d"": 11, ""smooth_period"": 12}, ""exit_ind"": {""cci_length"": 40, ""ema1_length"": 3, ""ema2_length"": 3, ""trigger_length"": 33}, ""vol"": {""bbLen"": 20, ""bbStd"": 2, ""fastEma"": 20, ""sensitivity"": 122, ""slowEma"": 21}}","{""base"": {""ma_length"": 20}, ""c1"": {""length"": 25}, ""c2"": {""const_d"": 11, ""smooth_period"": 12}, ""exit_ind"": {""cci_length"": 17, ""ema1_length"": 33, ""ema2_length"": 3, ""trigger_length"": 14}, ""vol"": {""bbLen"": 16, ""bbStd"": 13, ""fastEma"": 132, ""sensitivity"": 15, ""slowEma"": 6}}","{""atr_len"": 22, ""atr_mult"": 1.05, ""be_pct"": 0.01, ""tp_mult"": 2.15, ""trail_arm"": 1.0, ""trail_mult"": 0.55}",full,full,,0.043505053151716,0.2848172942270968,,,,,,False
aroon_signals,coral_signals,waddah_attar_explosion_volume_signals,rma_baseline,kase_peak_oscillator_exit,trend,C,True,0.1548059778868202,20.434389081060267,1.5822548014883422,0.3939393939393939,2.7786870825050456,27.410904480196937,8.433885465236441,3.00011441523941,2.4228914615082924,132,80,52,36,1.0,0.01,2.75,1.95,0.55,"{""base"": {""ma_length"": 25}, ""c1"": {""length"": 25}, ""c2"": {""const_d"": 92, ""smooth_period"": 8}, ""exit_ind"": {""long_cycle"": 122, ""sharpness"": 40, ""short_cycle"": 23}, ""vol"": {""bbLen"": 20, ""bbStd"": 2, ""fastEma"": 20, ""sensitivity"": 122, ""slowEma"": 21}}","{""base"": {""ma_length"": 20}, ""c1"": {""length"": 25}, ""c2"": {""const_d"": 5, ""smooth_period"": 12}, ""exit_ind"": {""long_cycle"": 122, ""sharpness"": 40, ""short_cycle"": 4}, ""vol"": {""bbLen"": 16, ""bbStd"": 13, ""fastEma"": 132, ""sensitivity"": 15, ""slowEma"": 32}}","{""atr_len"": 24, ""atr_mult"": 1.0, ""be_pct"": 0.02, ""tp_mult"": 1.5, ""trail_arm"": 1.0, ""trail_mult"": 0.95}",full,full,,0.0276740665047309,0.3254549458058284,,,,,,False
aroon_signals,coral_signals,waddah_attar_explosion_volume_signals,rma_baseline,kuskus_starlight_exit,trend,C,True,0.1312557382957014,22.57598698686065,1.5109515793946404,0.4011627906976744,2.771768187326055,20.01496981594495,7.912814217713469,3.345004611783799,2.853092005663736,172,100,72,31,1.0,0.05,2.15,2.0,0.8,"{""base"": {""ma_length"": 20}, ""c1"": {""length"": 25}, ""c2"": {""const_d"": 92, ""smooth_period"": 8}, ""exit_ind"": {""index_smooth"": 0.07, ""price_smooth"": 0.07, ""range_periods"": 5}, ""vol"": {""bbLen"": 20, ""bbStd"": 2, ""fastEma"": 20, ""sensitivity"": 122, ""slowEma"": 21}}","{""base"": {""ma_length"": 20}, ""c1"": {""length"": 25}, ""c2"": {""const_d"": 11, ""smooth_period"": 12}, ""exit_ind"": {""index_smooth"": 0.106394, ""price_smooth"": 0.161709, ""range_periods"": 30}, ""vol"": {""bbLen"": 37, ""bbStd"": 9, ""fastEma"": 132, ""sensitivity"": 15, ""slowEma"": 32}}","{""atr_len"": 13, ""atr_mult"": 1.0, ""be_pct"": 0.01, ""tp_mult"": 1.5, ""trail_arm"": 1.0, ""trail_mult"": 0.55}",full,full,,0.027750794254462,0.3123234325062308,,,,,,False
aroon_signals,coral_signals,waddah_attar_explosion_volume_signals,rma_baseline,linreg_slope_exit,trend,C,True,0.1419933661815494,24.138872250863404,1.5060425762320258,0.388235294117647,2.8059970605798994,23.851979292741905,7.791611099241456,3.1626515807199413,3.098059174592713,170,98,72,31,1.0,0.05,2.15,1.2,0.8,"{""base"": {""ma_length"": 20}, ""c1"": {""length"": 25}, ""c2"": {""const_d"": 140, ""smooth_period"": 8}, ""exit_ind"": {""length"": 17, ""r2_floor"": 0.2}, ""vol"": {""bbLen"": 20, ""bbStd"": 2, ""fastEma"": 20, ""sensitivity"": 122, ""slowEma"": 21}}","{""base"": {""ma_length"": 20}, ""c1"": {""length"": 25}, ""c2"": {""const_d"": 7, ""smooth_period"": 12}, ""exit_ind"": {""length"": 14, ""r2_floor"": 0.2}, ""vol"": {""bbLen"": 16, ""bbStd"": 13, ""fastEma"": 132, ""sensitivity"": 15, ""slowEma"": 32}}","{""atr_len"": 16, ""atr_mult"": 1.0, ""be_pct"": 0.05, ""tp_mult"": 2.25, ""trail_arm"": 1.0, ""trail_mult"": 0.55}",full,full,,0.0342884709055204,0.2960617823160663,,,,,,False
aroon_signals,coral_signals,waddah_attar_explosion_volume_signals,rma_baseline,parabolic_sar_exit,trend,C,True,0.1008256875018326,10.485871500190594,1.3902036244140232,0.3269230769230769,2.038778851250364,9.701236044184126,5.354734381073495,2.301477549103911,1.9582430712629353,104,52,52,37,1.0,0.08,2.7,1.0,0.5,"{""base"": {""ma_length"": 25}, ""c1"": {""length"": 25}, ""c2"": {""const_d"": 92, ""smooth_period"": 8}, ""exit_ind"": {""sar_increment"": 0.024657, ""sar_maximum"": 0.374763, ""sar_start"": 0.016223}, ""vol"": {""bbLen"": 20, ""bbStd"": 2, ""fastEma"": 20, ""sensitivity"": 122, ""slowEma"": 21}}","{""base"": {""ma_length"": 20}, ""c1"": {""length"": 25}, ""c2"": {""const_d"": 7, ""smooth_period"": 10}, ""exit_ind"": {""sar_increment"": 0.02, ""sar_maximum"": 0.2, ""sar_start"": 0.02}, ""vol"": {""bbLen"": 20, ""bbStd"": 20, ""fastEma"": 132, ""sensitivity"": 15, ""slowEma"": 32}}","{""atr_len"": 13, ""atr_mult"": 1.0, ""be_pct"": 0.01, ""tp_mult"": 2.15, ""trail_arm"": 1.0, ""trail_mult"": 0.55}",full,full,,0.0452655574632484,0.327725396086497,,,,,,False
aroon_signals,coral_signals,waddah_attar_explosion_volume_signals,rma_baseline,price_momentum_oscillator_exit,trend,C,True,0.1123544156756233,16.8531623513435,1.4093876143343582,0.3533333333333333,2.2383387434276147,18.23827944054454,7.710496813925463,3.5445530938441427,2.1857427294316523,150,78,72,31,1.0,0.05,2.15,2.0,0.8,"{""base"": {""ma_length"": 20}, ""c1"": {""length"": 25}, ""c2"": {""const_d"": 92, ""smooth_period"": 8}, ""exit_ind"": {""s1"": 12, ""s2"": 57, ""sig"": 10}, ""vol"": {""bbLen"": 20, ""bbStd"": 2, ""fastEma"": 20, ""sensitivity"": 122, ""slowEma"": 21}}","{""base"": {""ma_length"": 20}, ""c1"": {""length"": 25}, ""c2"": {""const_d"": 5, ""smooth_period"": 12}, ""exit_ind"": {""s1"": 19, ""s2"": 20, ""sig"": 10}, ""vol"": {""bbLen"": 16, ""bbStd"": 13, ""fastEma"": 132, ""sensitivity"": 15, ""slowEma"": 32}}","{""atr_len"": 16, ""atr_mult"": 1.0, ""be_pct"": 0.01, ""tp_mult"": 1.6, ""trail_arm"": 1.0, ""trail_mult"": 1.0}",full,full,,0.0290052444687388,0.3045010795026919,,,,,,False
aroon_signals,coral_signals,waddah_attar_explosion_volume_signals,rma_baseline,schaff_trend_cycle_exit,trend,C,True,0.2188982228166444,35.4615120962964,1.9452913743429356,0.5246913580246914,4.693822811014952,88.71609646016033,6.382647645661814,2.4880064184010413,5.555925074510268,162,90,72,31,1.0,0.05,2.15,1.05,0.8,"{""base"": {""ma_length"": 20}, ""c1"": {""length"": 25}, ""c2"": {""const_d"": 92, ""smooth_period"": 8}, ""exit_ind"": {""cycleLen"": 12, ""d1"": 30, ""d2"": 3, ""lowerBand"": 25, ""macdFast"": 66, ""macdSlow"": 18, ""upperBand"": 75}, ""vol"": {""bbLen"": 20, ""bbStd"": 2, ""fastEma"": 20, ""sensitivity"": 122, ""slowEma"": 21}}","{""base"": {""ma_length"": 25}, ""c1"": {""length"": 25}, ""c2"": {""const_d"": 11, ""smooth_period"": 10}, ""exit_ind"": {""cycleLen"": 12, ""d1"": 3, ""d2"": 3, ""lowerBand"": 25, ""macdFast"": 66, ""macdSlow"": 50, ""upperBand"": 61}, ""vol"": {""bbLen"": 11, ""bbStd"": 13, ""fastEma"": 132, ""sensitivity"": 15, ""slowEma"": 40}}","{""atr_len"": 16, ""atr_mult"": 1.0, ""be_pct"": 0.01, ""tp_mult"": 2.05, ""trail_arm"": 1.0, ""trail_mult"": 0.5}",full,full,,0.0346879728810608,0.3291223143233425,,,,,,False
aroon_signals,coral_signals,waddah_attar_explosion_volume_signals,rma_baseline,ssl_channel_exit,trend,C,True,0.1330737053655139,23.687119555061475,1.5179858554879313,0.3764044943820224,2.768176690816241,24.724064152032096,6.810445187147135,2.654362213786055,3.4780574403218867,178,76,102,25,1.0,0.05,2.15,1.9,0.8,"{""base"": {""ma_length"": 20}, ""c1"": {""length"": 25}, ""c2"": {""const_d"": 40, ""smooth_period"": 10}, ""exit_ind"": {""len"": 43}, ""vol"": {""bbLen"": 20, ""bbStd"": 2, ""fastEma"": 20, ""sensitivity"": 150, ""slowEma"": 21}}","{""base"": {""ma_length"": 25}, ""c1"": {""length"": 25}, ""c2"": {""const_d"": 14, ""smooth_period"": 12}, ""exit_ind"": {""len"": 12}, ""vol"": {""bbLen"": 11, ""bbStd"": 13, ""fastEma"": 132, ""sensitivity"": 15, ""slowEma"": 32}}","{""atr_len"": 24, ""atr_mult"": 1.15, ""be_pct"": 0.01, ""tp_mult"": 1.6, ""trail_arm"": 1.5, ""trail_mult"": 0.6}",full,full,,0.0354363382161303,0.2672973511423638,,,,,,False
aroon_signals,coral_signals,waddah_attar_explosion_volume_signals,sma_baseline,ssl_channel_exit,trend,C,True,0.1337659880243589,20.86749413179999,1.5426635780106457,0.4551282051282051,2.571004100248494,24.532270122094964,7.914491025375197,3.413368117159423,2.636618585439705,156,82,74,17,1.0,0.16,1.75,1.55,1.8,"{""base"": {""length"": 87}, ""c1"": {""length"": 31}, ""c2"": {""const_d"": 26, ""smooth_period"": 10}, ""exit_ind"": {""len"": 100}, ""vol"": {""bbLen"": 132, ""bbStd"": 2, ""fastEma"": 87, ""sensitivity"": 150, ""slowEma"": 6}}","{""base"": {""length"": 87}, ""c1"": {""length"": 31}, ""c2"": {""const_d"": 26, ""smooth_period"": 10}, ""exit_ind"": {""len"": 5}, ""vol"": {""bbLen"": 20, ""bbStd"": 2, ""fastEma"": 87, ""sensitivity"": 53, ""slowEma"": 6}}","{""atr_len"": 2, ""atr_mult"": 1.0, ""be_pct"": 0.05, ""tp_mult"": 1.4, ""trail_arm"": 1.0, ""trail_mult"": 2.0}",full,full,,0.0070195701458418,0.3354361666357018,,,,,,False
aroon_signals,coral_signals,waddah_attar_explosion_volume_signals,super_smoother_2pole_baseline,bears_bulls_impulse_exit,trend,C,True,0.1405625216547016,45.542257016123315,1.446625997673029,0.3395061728395062,2.2505187147623555,28.93640426106277,14.71377122531284,5.4123392057678865,3.095213070716682,324,182,142,46,1.0,0.01,3.0,1.9,1.95,"{""base"": {""cutoff_period"": 18}, ""c1"": {""length"": 20}, ""c2"": {""const_d"": 5, ""smooth_period"": 12}, ""exit_ind"": {""length"": 86}, ""vol"": {""bbLen"": 20, ""bbStd"": 2, ""fastEma"": 37, ""sensitivity"": 35, ""slowEma"": 40}}","{""base"": {""cutoff_period"": 65}, ""c1"": {""length"": 47}, ""c2"": {""const_d"": 7, ""smooth_period"": 10}, ""exit_ind"": {""length"": 56}, ""vol"": {""bbLen"": 132, ""bbStd"": 20, ""fastEma"": 200, ""sensitivity"": 35, ""slowEma"": 32}}","{""atr_len"": 45, ""atr_mult"": 1.0, ""be_pct"": 0.18, ""tp_mult"": 2.7, ""trail_arm"": 1.3, ""trail_mult"": 1.5}",full,full,,0.0351702111811245,0.2385900602941757,,,,,,False
aroon_signals,coral_signals,waddah_attar_explosion_volume_signals,super_smoother_2pole_baseline,coppock_curve_exit,trend,C,True,0.0878631774321006,48.32474758765537,1.306236829869807,0.3709090909090909,1.6338110271595243,16.85147131813795,23.17961614446368,10.355405863113088,2.084794989117948,550,224,326,6,1.0,0.14,1.4,1.8,1.4,"{""base"": {""cutoff_period"": 15}, ""c1"": {""length"": 25}, ""c2"": {""const_d"": 14, ""smooth_period"": 12}, ""exit_ind"": {""long_roc"": 14, ""short_roc"": 48, ""smooth_len"": 8}, ""vol"": {""bbLen"": 20, ""bbStd"": 2, ""fastEma"": 7, ""sensitivity"": 53, ""slowEma"": 32}}","{""base"": {""cutoff_period"": 43}, ""c1"": {""length"": 20}, ""c2"": {""const_d"": 92, ""smooth_period"": 28}, ""exit_ind"": {""long_roc"": 17, ""short_roc"": 21, ""smooth_len"": 8}, ""vol"": {""bbLen"": 20, ""bbStd"": 2, ""fastEma"": 200, ""sensitivity"": 53, ""slowEma"": 40}}","{""atr_len"": 50, ""atr_mult"": 1.0, ""be_pct"": 0.01, ""tp_mult"": 2.45, ""trail_arm"": 1.2, ""trail_mult"": 1.7}",full,full,,0.0437335643597872,0.1293763124766498,,,,,,False
aroon_signals,coral_signals,waddah_attar_explosion_volume_signals,super_smoother_2pole_baseline,halftrend_exit,trend,C,True,0.1219417308401033,31.70485001842686,1.479848408579444,0.4153846153846154,2.4058615781885786,31.44002094258763,7.254242811424868,2.66705608081597,4.370525062725249,260,92,168,24,1.0,0.01,1.6,1.0,1.6,"{""base"": {""cutoff_period"": 18}, ""c1"": {""length"": 20}, ""c2"": {""const_d"": 5, ""smooth_period"": 12}, ""exit_ind"": {""amplitude"": 94}, ""vol"": {""bbLen"": 20, ""bbStd"": 6, ""fastEma"": 7, ""sensitivity"": 15, ""slowEma"": 40}}","{""base"": {""cutoff_period"": 99}, ""c1"": {""length"": 25}, ""c2"": {""const_d"": 11, ""smooth_period"": 12}, ""exit_ind"": {""amplitude"": 12}, ""vol"": {""bbLen"": 57, ""bbStd"": 2, ""fastEma"": 57, ""sensitivity"": 35, ""slowEma"": 49}}","{""atr_len"": 9, ""atr_mult"": 1.0, ""be_pct"": 0.05, ""tp_mult"": 1.45, ""trail_arm"": 1.0, ""trail_mult"": 1.7}",full,full,,0.0272468230744483,0.1869509563012357,,,,,,False
aroon_signals,coral_signals,waddah_attar_explosion_volume_signals,super_smoother_2pole_baseline,kase_peak_oscillator_exit,trend,C,True,0.1225984810743672,46.83261977040827,1.37736164355186,0.3115183246073298,1.895151299584632,24.77913088758903,20.973922157874483,7.77442340476084,2.232897567650472,382,234,148,20,1.0,0.17,2.95,1.95,1.9,"{""base"": {""cutoff_period"": 18}, ""c1"": {""length"": 20}, ""c2"": {""const_d"": 5, ""smooth_period"": 12}, ""exit_ind"": {""long_cycle"": 65, ""sharpness"": 40, ""short_cycle"": 35}, ""vol"": {""bbLen"": 20, ""bbStd"": 2, ""fastEma"": 37, ""sensitivity"": 35, ""slowEma"": 40}}","{""base"": {""cutoff_period"": 43}, ""c1"": {""length"": 20}, ""c2"": {""const_d"": 92, ""smooth_period"": 28}, ""exit_ind"": {""long_cycle"": 53, ""sharpness"": 40, ""short_cycle"": 23}, ""vol"": {""bbLen"": 20, ""bbStd"": 2, ""fastEma"": 200, ""sensitivity"": 150, ""slowEma"": 75}}","{""atr_len"": 49, ""atr_mult"": 1.0, ""be_pct"": 0.06, ""tp_mult"": 2.45, ""trail_arm"": 1.8, ""trail_mult"": 1.7}",full,full,,0.0318600689074916,0.2097501599930643,,,,,,False
aroon_signals,coral_signals,waddah_attar_explosion_volume_signals,super_smoother_2pole_baseline,kuskus_starlight_exit,trend,C,True,0.0800299352476525,25.609579279248827,1.3194995779929564,0.365625,1.5542021454464756,8.159790219244512,11.753670336064337,4.4027955198445605,2.178858054293879,320,248,72,3,1.0,0.01,1.7,1.35,1.55,"{""base"": {""cutoff_period"": 65}, ""c1"": {""length"": 47}, ""c2"": {""const_d"": 2, ""smooth_period"": 12}, ""exit_ind"": {""index_smooth"": 0.862993, ""price_smooth"": 1.311672, ""range_periods"": 56}, ""vol"": {""bbLen"": 20, ""bbStd"": 2, ""fastEma"": 7, ""sensitivity"": 35, ""slowEma"": 9}}","{""base"": {""cutoff_period"": 43}, ""c1"": {""length"": 20}, ""c2"": {""const_d"": 140, ""smooth_period"": 28}, ""exit_ind"": {""index_smooth"": 0.373569, ""price_smooth"": 0.7, ""range_periods"": 5}, ""vol"": {""bbLen"": 20, ""bbStd"": 2, ""fastEma"": 200, ""sensitivity"": 150, ""slowEma"": 75}}","{""atr_len"": 50, ""atr_mult"": 1.0, ""be_pct"": 0.05, ""tp_mult"": 2.75, ""trail_arm"": 1.9, ""trail_mult"": 1.4}",full,full,,0.0229457999385279,0.405350849429624,,,,,,False
waddah_attar_explosion_signals,vortex_signals,chaikin_volatility_volume_signals,fantail_vma,rex_oscillator_exit,trend,C,True,0.1448521541902027,25.78368344585609,1.5752602828374602,0.4101123595505618,2.901771107474616,20.88311256175968,7.14999999999997,3.2254977389153807,3.606109572847021,178,104,74,46,1.0,0.05,2.6,1.9,0.5,"{""base"": {""fma_adx_length"": 2, ""fma_ma_length"": 7, ""fma_weighting"": 12}, ""c1"": {""bbLen"": 2, ""bbStd"": 2, ""fastEma"": 20, ""sensitivity"": 150, ""slowEma"": 49}, ""c2"": {""period"": 26}, ""exit_ind"": {""sigSmooth"": 27, ""smooth"": 14}, ""vol"": {""cvi_len"": 19, ""roc_len"": 4}}","{""base"": {""fma_adx_length"": 6, ""fma_ma_length"": 7, ""fma_weighting"": 10}, ""c1"": {""bbLen"": 37, ""bbStd"": 2, ""fastEma"": 20, ""sensitivity"": 122, ""slowEma"": 32}, ""c2"": {""period"": 17}, ""exit_ind"": {""sigSmooth"": 145, ""smooth"": 26}, ""vol"": {""cvi_len"": 10, ""roc_len"": 6}}","{""atr_len"": 13, ""atr_mult"": 1.0, ""be_pct"": 0.01, ""tp_mult"": 1.85, ""trail_arm"": 1.7, ""trail_mult"": 1.4}",full,full,,0.012733306780042,0.3722157787561696,,,,,,False
waddah_attar_explosion_signals,vortex_signals,chaikin_volatility_volume_signals,fantail_vma,schaff_trend_cycle_exit,trend,C,True,0.1024828461335632,12.092975843760458,1.374844095406665,0.3474576271186441,2.1007416813774125,10.452522112303386,8.383061612794402,3.546940243794879,1.4425488446015844,118,64,54,46,1.0,0.06,2.65,1.8,1.2,"{""base"": {""fma_adx_length"": 2, ""fma_ma_length"": 7, ""fma_weighting"": 12}, ""c1"": {""bbLen"": 16, ""bbStd"": 2, ""fastEma"": 20, ""sensitivity"": 80, ""slowEma"": 49}, ""c2"": {""period"": 26}, ""exit_ind"": {""cycleLen"": 12, ""d1"": 9, ""d2"": 4, ""lowerBand"": 25, ""macdFast"": 19, ""macdSlow"": 50, ""upperBand"": 75}, ""vol"": {""cvi_len"": 19, ""roc_len"": 6}}","{""base"": {""fma_adx_length"": 2, ""fma_ma_length"": 7, ""fma_weighting"": 12}, ""c1"": {""bbLen"": 2, ""bbStd"": 2, ""fastEma"": 20, ""sensitivity"": 150, ""slowEma"": 49}, ""c2"": {""period"": 26}, ""exit_ind"": {""cycleLen"": 12, ""d1"": 2, ""d2"": 2, ""lowerBand"": 25, ""macdFast"": 19, ""macdSlow"": 50, ""upperBand"": 75}, ""vol"": {""cvi_len"": 10, ""roc_len"": 10}}","{""atr_len"": 46, ""atr_mult"": 1.0, ""be_pct"": 0.01, ""tp_mult"": 2.35, ""trail_arm"": 2.0, ""trail_mult"": 1.2}",full,full,,0.0528586278850486,0.3930875456387634,,,,,,False
waddah_attar_explosion_signals,vortex_signals,chaikin_volatility_volume_signals,fantail_vma,ssl_channel_exit,trend,C,True,0.1054358628009437,12.019688359307583,1.348758981998375,0.3508771929824561,2.0303243106838917,53.4272580850859,8.098727719126996,3.141869639603063,1.4841452603623584,114,64,50,46,1.0,0.01,2.6,1.8,0.95,"{""base"": {""fma_adx_length"": 6, ""fma_ma_length"": 11, ""fma_weighting"": 10}, ""c1"": {""bbLen"": 25, ""bbStd"": 2, ""fastEma"": 25, ""sensitivity"": 35, ""slowEma"": 49}, ""c2"": {""period"": 26}, ""exit_ind"": {""len"": 66}, ""vol"": {""cvi_len"": 28, ""roc_len"": 6}}","{""base"": {""fma_adx_length"": 2, ""fma_ma_length"": 7, ""fma_weighting"": 12}, ""c1"": {""bbLen"": 2, ""bbStd"": 2, ""fastEma"": 20, ""sensitivity"": 150, ""slowEma"": 49}, ""c2"": {""period"": 26}, ""exit_ind"": {""len"": 100}, ""vol"": {""cvi_len"": 10, ""roc_len"": 10}}","{""atr_len"": 46, ""atr_mult"": 1.0, ""be_pct"": 0.01, ""tp_mult"": 2.2, ""trail_arm"": 1.55, ""trail_mult"": 1.2}",full,full,,0.0358044332797989,0.4710071562537634,,,,,,False
waddah_attar_explosion_signals,vortex_signals,chaikin_volatility_volume_signals,kama_baseline,adx_dmi_exit,trend,C,True,0.1057717844936846,19.03892120886324,1.4159509203840128,0.4388888888888889,2.1262282309696423,14.834452777352752,13.4686805075472,5.924778458103546,1.4135698889133754,180,110,70,36,1.0,0.05,3.0,1.9,1.5,"{""base"": {""fast_length"": 2, ""length"": 2, ""slow_length"": 197}, ""c1"": {""bbLen"": 37, ""bbStd"": 2, ""fastEma"": 5, ""sensitivity"": 15, ""slowEma"": 21}, ""c2"": {""period"": 14}, ""exit_ind"": {""adx_smoothing"": 14, ""adx_threshold"": 25, ""di_length"": 17}, ""vol"": {""cvi_len"": 10, ""roc_len"": 6}}","{""base"": {""fast_length"": 2, ""length"": 4, ""slow_length"": 5}, ""c1"": {""bbLen"": 87, ""bbStd"": 2, ""fastEma"": 7, ""sensitivity"": 53, ""slowEma"": 32}, ""c2"": {""period"": 26}, ""exit_ind"": {""adx_smoothing"": 14, ""adx_threshold"": 25, ""di_length"": 26}, ""vol"": {""cvi_len"": 19, ""roc_len"": 6}}","{""atr_len"": 6, ""atr_mult"": 1.0, ""be_pct"": 0.01, ""tp_mult"": 1.95, ""trail_arm"": 1.8, ""trail_mult"": 1.4}",full,full,,0.0058787636341327,0.6039159988911569,,,,,,False
waddah_attar_explosion_signals,vortex_signals,chaikin_volatility_volume_signals,kama_baseline,aroon_exit,trend,C,True,0.1502886667071801,31.560620008507833,1.5421860435355002,0.3904761904761905,2.786107740903905,26.029697224412853,11.52452413065988,3.827386789791891,2.7385616664677603,210,110,100,19,1.0,0.01,2.2,1.8,1.05,"{""base"": {""fast_length"": 2, ""length"": 10, ""slow_length"": 11}, ""c1"": {""bbLen"": 132, ""bbStd"": 2, ""fastEma"": 7, ""sensitivity"": 23, ""slowEma"": 40}, ""c2"": {""period"": 17}, ""exit_ind"": {""length"": 13}, ""vol"": {""cvi_len"": 12, ""roc_len"": 6}}","{""base"": {""fast_length"": 2, ""length"": 2, ""slow_length"": 24}, ""c1"": {""bbLen"": 132, ""bbStd"": 2, ""fastEma"": 16, ""sensitivity"": 35, ""slowEma"": 32}, ""c2"": {""period"": 17}, ""exit_ind"": {""length"": 13}, ""vol"": {""cvi_len"": 10, ""roc_len"": 6}}","{""atr_len"": 50, ""atr_mult"": 1.0, ""be_pct"": 0.01, ""tp_mult"": 2.8, ""trail_arm"": 1.8, ""trail_mult"": 0.75}",full,full,,-0.0081604851085571,0.2865981141212841,,,,,,False
waddah_attar_explosion_signals,vortex_signals,chaikin_volatility_volume_signals,kama_baseline,center_of_gravity_exit,trend,C,True,0.0807242214528434,17.59788027671987,1.29966411814379,0.3944954128440367,1.6845805482151273,10.281626867662002,6.000000000000011,2.595919454352391,2.9329800461199733,218,92,126,49,1.0,0.01,3.0,1.0,0.85,"{""base"": {""fast_length"": 2, ""length"": 2, ""slow_length"": 5}, ""c1"": {""bbLen"": 25, ""bbStd"": 2, ""fastEma"": 20, ""sensitivity"": 150, ""slowEma"": 21}, ""c2"": {""period"": 17}, ""exit_ind"": {""length"": 100, ""signal_length"": 6}, ""vol"": {""cvi_len"": 12, ""roc_len"": 6}}","{""base"": {""fast_length"": 9, ""length"": 10, ""slow_length"": 56}, ""c1"": {""bbLen"": 132, ""bbStd"": 2, ""fastEma"": 3, ""sensitivity"": 35, ""slowEma"": 400}, ""c2"": {""period"": 14}, ""exit_ind"": {""length"": 5, ""signal_length"": 3}, ""vol"": {""cvi_len"": 28, ""roc_len"": 22}}","{""atr_len"": 34, ""atr_mult"": 1.0, ""be_pct"": 0.05, ""tp_mult"": 3.0, ""trail_arm"": 1.0, ""trail_mult"": 0.9}",full,full,,-0.0060306314159814,0.3466355004590232,,,,,,False
waddah_attar_explosion_signals,vortex_signals,chaikin_volatility_volume_signals,kama_baseline,chandelier_exit_exit,trend,C,True,0.1454696027071605,27.639224514360496,1.5407225508325757,0.4105263157894737,2.637513407899022,20.08871806081793,11.503487883524633,3.8919652340739335,2.4026821077410414,190,102,88,36,1.0,0.01,2.95,2.0,1.5,"{""base"": {""fast_length"": 2, ""length"": 2, ""slow_length"": 197}, ""c1"": {""bbLen"": 25, ""bbStd"": 13, ""fastEma"": 5, ""sensitivity"": 80, ""slowEma"": 21}, ""c2"": {""period"": 14}, ""exit_ind"": {""atr_mult"": 2, ""atr_period"": 27}, ""vol"": {""cvi_len"": 12, ""roc_len"": 6}}","{""base"": {""fast_length"": 2, ""length"": 4, ""slow_length"": 85}, ""c1"": {""bbLen"": 200, ""bbStd"": 20, ""fastEma"": 7, ""sensitivity"": 649, ""slowEma"": 32}, ""c2"": {""period"": 26}, ""exit_ind"": {""atr_mult"": 3, ""atr_period"": 220}, ""vol"": {""cvi_len"": 12, ""roc_len"": 6}}","{""atr_len"": 11, ""atr_mult"": 1.0, ""be_pct"": 0.01, ""tp_mult"": 2.2, ""trail_arm"": 1.1, ""trail_mult"": 1.2}",full,full,,-0.0128531398151064,0.3877254692715012,,,,,,False
waddah_attar_explosion_signals,vortex_signals,chaikin_volatility_volume_signals,kama_baseline,ehlers_reverse_ema_exit,trend,C,True,0.1072132381811781,21.013794683510916,1.3962622641691849,0.3724489795918367,2.145428411460208,11.91473552737493,14.181501404816649,5.823489345459778,1.4817750309832307,196,126,70,36,1.0,0.05,3.0,1.9,1.5,"{""base"": {""fast_length"": 2, ""length"": 2, ""slow_length"": 197}, ""c1"": {""bbLen"": 37, ""bbStd"": 2, ""fastEma"": 5, ""sensitivity"": 15, ""slowEma"": 21}, ""c2"": {""period"": 14}, ""exit_ind"": {""alpha"": 0.123285}, ""vol"": {""cvi_len"": 10, ""roc_len"": 6}}","{""base"": {""fast_length"": 2, ""length"": 4, ""slow_length"": 5}, ""c1"": {""bbLen"": 87, ""bbStd"": 2, ""fastEma"": 5, ""sensitivity"": 53, ""slowEma"": 32}, ""c2"": {""period"": 26}, ""exit_ind"": {""alpha"": 0.284804}, ""vol"": {""cvi_len"": 12, ""roc_len"": 6}}","{""atr_len"": 6, ""atr_mult"": 1.0, ""be_pct"": 0.01, ""tp_mult"": 2.2, ""trail_arm"": 1.15, ""trail_mult"": 1.0}",full,full,,-0.0113389602085115,0.5892500344246746,,,,,,False
waddah_attar_explosion_signals,vortex_signals,chaikin_volatility_volume_signals,kama_baseline,fx_sniper_ergodic_cci_exit,trend,C,True,0.1069274416547386,18.819229731233992,1.3826769534801255,0.375,2.0023501040674776,13.617225957729922,13.348043808605592,5.515964901831359,1.4098867220604328,176,118,58,50,1.0,0.05,2.95,1.0,1.05,"{""base"": {""fast_length"": 2, ""length"": 10, ""slow_length"": 11}, ""c1"": {""bbLen"": 37, ""bbStd"": 2, ""fastEma"": 20, ""sensitivity"": 150, ""slowEma"": 21}, ""c2"": {""period"": 14}, ""exit_ind"": {""cci_length"": 92, ""ema1_length"": 4, ""ema2_length"": 3, ""trigger_length"": 5}, ""vol"": {""cvi_len"": 66, ""roc_len"": 6}}","{""base"": {""fast_length"": 2, ""length"": 19, ""slow_length"": 37}, ""c1"": {""bbLen"": 200, ""bbStd"": 20, ""fastEma"": 132, ""sensitivity"": 150, ""slowEma"": 400}, ""c2"": {""period"": 92}, ""exit_ind"": {""cci_length"": 92, ""ema1_length"": 5, ""ema2_length"": 6, ""trigger_length"": 5}, ""vol"": {""cvi_len"": 8, ""roc_len"": 10}}","{""atr_len"": 50, ""atr_mult"": 1.0, ""be_pct"": 0.05, ""tp_mult"": 2.45, ""trail_arm"": 1.1, ""trail_mult"": 1.2}",full,full,,-0.0085917265721658,0.2674312794498188,,,,,,False
waddah_attar_explosion_signals,vortex_signals,chaikin_volatility_volume_signals,kama_baseline,ichimoku_exit,trend,C,True,0.1221681380686712,36.40610514446402,1.3979420557487323,0.3322147651006711,2.0511888009265675,29.953150551231005,13.692652524340083,4.809893018904409,2.658805887299664,298,126,172,34,1.0,0.01,2.95,2.0,1.75,"{""base"": {""fast_length"": 2, ""length"": 2, ""slow_length"": 197}, ""c1"": {""bbLen"": 16, ""bbStd"": 2, ""fastEma"": 5, ""sensitivity"": 80, ""slowEma"": 21}, ""c2"": {""period"": 14}, ""exit_ind"": {""base_len"": 113, ""conversion_len"": 7, ""displacement"": 26, ""span_b_len"": 52}, ""vol"": {""cvi_len"": 12, ""roc_len"": 6}}","{""base"": {""fast_length"": 2, ""length"": 4, ""slow_length"": 5}, ""c1"": {""bbLen"": 87, ""bbStd"": 2, ""fastEma"": 5, ""sensitivity"": 53, ""slowEma"": 32}, ""c2"": {""period"": 26}, ""exit_ind"": {""base_len"": 9, ""conversion_len"": 9, ""displacement"": 26, ""span_b_len"": 52}, ""vol"": {""cvi_len"": 12, ""roc_len"": 6}}","{""atr_len"": 8, ""atr_mult"": 1.0, ""be_pct"": 0.01, ""tp_mult"": 2.0, ""trail_arm"": 1.8, ""trail_mult"": 1.35}",full,full,,-0.0037353692752282,0.3598721659292937,,,,,,False
waddah_attar_explosion_signals,vortex_signals,chaikin_volatility_volume_signals,kama_baseline,kalman_filter_exit,trend,C,True,0.0958441831965394,28.75325495896184,1.334337886292578,0.35,1.835198529422006,11.671110326374428,9.358656906049722,3.160145342568069,3.072369811994588,300,118,182,40,1.0,0.01,2.9,1.6,1.25,"{""base"": {""fast_length"": 2, ""length"": 2, ""slow_length"": 197}, ""c1"": {""bbLen"": 5, ""bbStd"": 2, ""fastEma"": 5, ""sensitivity"": 80, ""slowEma"": 21}, ""c2"": {""period"": 14}, ""exit_ind"": {""k"": 4, ""sharpness"": 1}, ""vol"": {""cvi_len"": 12, ""roc_len"": 6}}","{""base"": {""fast_length"": 2, ""length"": 4, ""slow_length"": 56}, ""c1"": {""bbLen"": 87, ""bbStd"": 2, ""fastEma"": 5, ""sensitivity"": 53, ""slowEma"": 32}, ""c2"": {""period"": 26}, ""exit_ind"": {""k"": 7, ""sharpness"": 1}, ""vol"": {""cvi_len"": 19, ""roc_len"": 6}}","{""atr_len"": 50, ""atr_mult"": 1.0, ""be_pct"": 0.12, ""tp_mult"": 2.05, ""trail_arm"": 1.75, ""trail_mult"": 1.35}",full,full,,-0.0126149187550792,0.3628024109313206,,,,,,False
waddah_attar_explosion_signals,vortex_signals,chaikin_volatility_volume_signals,kama_baseline,lemantrend_exit,trend,C,True,0.0830145685494146,19.2593799034642,1.2673059306368069,0.3491379310344827,1.4883553549853374,50.039105128928846,7.323660428279233,3.195017643823129,2.629747800580288,232,140,92,44,1.0,0.01,2.25,1.0,1.5,"{""base"": {""fast_length"": 2, ""length"": 10, ""slow_length"": 7}, ""c1"": {""bbLen"": 37, ""bbStd"": 2, ""fastEma"": 20, ""sensitivity"": 150, ""slowEma"": 21}, ""c2"": {""period"": 11}, ""exit_ind"": {""fast_period"": 8, ""medium_period"": 21, ""slow_period"": 13, ""smooth"": 30}, ""vol"": {""cvi_len"": 12, ""roc_len"": 6}}","{""base"": {""fast_length"": 9, ""length"": 10, ""slow_length"": 56}, ""c1"": {""bbLen"": 132, ""bbStd"": 2, ""fastEma"": 5, ""sensitivity"": 150, ""slowEma"": 400}, ""c2"": {""period"": 14}, ""exit_ind"": {""fast_period"": 42, ""medium_period"": 21, ""slow_period"": 11, ""smooth"": 3}, ""vol"": {""cvi_len"": 5, ""roc_len"": 22}}","{""atr_len"": 50, ""atr_mult"": 1.05, ""be_pct"": 0.05, ""tp_mult"": 2.5, ""trail_arm"": 1.8, ""trail_mult"": 1.35}",full,full,,-0.0255626369599779,0.3232492394940353,,,,,,False
waddah_attar_explosion_signals,vortex_signals,chaikin_volatility_volume_signals,kama_baseline,mama_fama_exit,trend,C,True,0.09648028311412,27.014479271953626,1.3379020738294551,0.3214285714285714,1.7958405545080685,12.13752829675,13.047659444948344,4.382468093742431,2.070446380512545,280,108,172,34,1.0,0.01,2.9,1.9,1.75,"{""base"": {""fast_length"": 2, ""length"": 2, ""slow_length"": 197}, ""c1"": {""bbLen"": 25, ""bbStd"": 2, ""fastEma"": 5, ""sensitivity"": 80, ""slowEma"": 21}, ""c2"": {""period"": 14}, ""exit_ind"": {""fast_limit"": 0.405565, ""slow_limit"": 0.142402}, ""vol"": {""cvi_len"": 12, ""roc_len"": 6}}","{""base"": {""fast_length"": 2, ""length"": 4, ""slow_length"": 7}, ""c1"": {""bbLen"": 87, ""bbStd"": 2, ""fastEma"": 7, ""sensitivity"": 53, ""slowEma"": 32}, ""c2"": {""period"": 26}, ""exit_ind"": {""fast_limit"": 0.405565, ""slow_limit"": 0.005}, ""vol"": {""cvi_len"": 19, ""roc_len"": 6}}","{""atr_len"": 50, ""atr_mult"": 1.0, ""be_pct"": 0.01, ""tp_mult"": 2.05, ""trail_arm"": 1.75, ""trail_mult"": 1.35}",full,full,,-0.0087293407021044,0.368899676103216,,,,,,False
waddah_attar_explosion_signals,vortex_signals,chaikin_volatility_volume_signals,kama_baseline,polychromatic_momentum_exit,trend,C,True,0.1299767934172703,38.73308443834656,1.428056360689928,0.3322147651006711,2.178572480211913,31.7041119522427,13.692652524340083,4.8085192723694075,2.8287495333350905,298,126,172,34,1.0,0.01,2.95,2.0,1.75,"{""base"": {""fast_length"": 2, ""length"": 2, ""slow_length"": 197}, ""c1"": {""bbLen"": 16, ""bbStd"": 2, ""fastEma"": 5, ""sensitivity"": 80, ""slowEma"": 21}, ""c2"": {""period"": 14}, ""exit_ind"": {""len"": 40}, ""vol"": {""cvi_len"": 12, ""roc_len"": 6}}","{""base"": {""fast_length"": 2, ""length"": 4, ""slow_length"": 5}, ""c1"": {""bbLen"": 87, ""bbStd"": 2, ""fastEma"": 5, ""sensitivity"": 53, ""slowEma"": 32}, ""c2"": {""period"": 26}, ""exit_ind"": {""len"": 92}, ""vol"": {""cvi_len"": 12, ""roc_len"": 6}}","{""atr_len"": 8, ""atr_mult"": 1.0, ""be_pct"": 0.01, ""tp_mult"": 2.0, ""trail_arm"": 1.8, ""trail_mult"": 1.35}",full,full,,-0.016318008068709,0.3502385293189649,,,,,,False
waddah_attar_explosion_signals,vortex_signals,chaikin_volatility_volume_signals,kama_baseline,price_momentum_oscillator_exit,trend,C,True,0.1562797048621268,30.005703333528352,1.6296129824005932,0.40625,2.956483040417146,18.133430471854656,12.951542667327772,4.400055432586166,2.316766743873862,192,112,80,34,1.0,0.01,2.95,1.9,0.5,"{""base"": {""fast_length"": 2, ""length"": 2, ""slow_length"": 197}, ""c1"": {""bbLen"": 25, ""bbStd"": 4, ""fastEma"": 5, ""sensitivity"": 23, ""slowEma"": 21}, ""c2"": {""period"": 14}, ""exit_ind"": {""s1"": 4, ""s2"": 16, ""sig"": 10}, ""vol"": {""cvi_len"": 12, ""roc_len"": 6}}","{""base"": {""fast_length"": 2, ""length"": 4, ""slow_length"": 85}, ""c1"": {""bbLen"": 87, ""bbStd"": 2, ""fastEma"": 7, ""sensitivity"": 53, ""slowEma"": 32}, ""c2"": {""period"": 26}, ""exit_ind"": {""s1"": 28, ""s2"": 5, ""sig"": 10}, ""vol"": {""cvi_len"": 19, ""roc_len"": 6}}","{""atr_len"": 50, ""atr_mult"": 1.0, ""be_pct"": 0.05, ""tp_mult"": 2.05, ""trail_arm"": 1.95, ""trail_mult"": 1.35}",full,full,,-0.0121143813947963,0.4841404513801908,,,,,,False
waddah_attar_explosion_signals,vortex_signals,chaikin_volatility_volume_signals,kama_baseline,supertrend_exit,trend,C,True,0.0894193432084962,24.32206135271098,1.2960941426519452,0.3455882352941176,1.641314646134244,17.83532292416316,13.2519532636807,4.2363839987565335,1.8353567107250408,272,102,170,40,1.0,0.01,2.95,1.95,1.8,"{""base"": {""fast_length"": 2, ""length"": 2, ""slow_length"": 197}, ""c1"": {""bbLen"": 25, ""bbStd"": 2, ""fastEma"": 5, ""sensitivity"": 80, ""slowEma"": 21}, ""c2"": {""period"": 14}, ""exit_ind"": {""atr_period"": 66, ""factor"": 2}, ""vol"": {""cvi_len"": 12, ""roc_len"": 6}}","{""base"": {""fast_length"": 2, ""length"": 4, ""slow_length"": 85}, ""c1"": {""bbLen"": 200, ""bbStd"": 20, ""fastEma"": 7, ""sensitivity"": 649, ""slowEma"": 32}, ""c2"": {""period"": 26}, ""exit_ind"": {""atr_period"": 2, ""factor"": 3}, ""vol"": {""cvi_len"": 12, ""roc_len"": 6}}","{""atr_len"": 13, ""atr_mult"": 1.0, ""be_pct"": 0.01, ""tp_mult"": 1.9, ""trail_arm"": 1.95, ""trail_mult"": 1.2}",full,full,,-0.0135911686008344,0.3573140783008869,,,,,,False
waddah_attar_explosion_signals,vortex_signals,chaikin_volatility_volume_signals,t3_baseline,fx_sniper_ergodic_cci_exit,trend,C,True,0.0948409514536917,12.519005591887309,1.4279338842166285,0.4318181818181818,2.249390948812997,9.394490943888336,9.846737274144738,4.3795666597885905,1.2713861701946014,132,80,52,2,1.0,0.05,2.15,1.0,0.75,"{""base"": {""length"": 8, ""volume_factor"": 1.311672}, ""c1"": {""bbLen"": 37, ""bbStd"": 2, ""fastEma"": 11, ""sensitivity"": 150, ""slowEma"": 14}, ""c2"": {""period"": 14}, ""exit_ind"": {""cci_length"": 140, ""ema1_length"": 6, ""ema2_length"": 3, ""trigger_length"": 5}, ""vol"": {""cvi_len"": 19, ""roc_len"": 12}}","{""base"": {""length"": 8, ""volume_factor"": 1.311672}, ""c1"": {""bbLen"": 132, ""bbStd"": 2, ""fastEma"": 11, ""sensitivity"": 150, ""slowEma"": 21}, ""c2"": {""period"": 17}, ""exit_ind"": {""cci_length"": 40, ""ema1_length"": 4, ""ema2_length"": 3, ""trigger_length"": 4}, ""vol"": {""cvi_len"": 12, ""roc_len"": 6}}","{""atr_len"": 49, ""atr_mult"": 1.0, ""be_pct"": 0.05, ""tp_mult"": 2.35, ""trail_arm"": 1.5, ""trail_mult"": 0.7}",full,full,,-0.0399360427105976,0.8583986266953914,,,,,,False
waddah_attar_explosion_signals,vortex_signals,fractal_dimension_volume_signals,t3_baseline,chandelier_exit_exit,trend,C,True,0.1000122194837067,19.402370579839108,1.3181675606482506,0.2989690721649484,1.4076825071759087,20.824728957956182,10.186359442998958,5.270715886905712,1.9047404215815569,194,130,64,2,1.05,0.01,2.9,1.95,1.5,"{""base"": {""length"": 10, ""volume_factor"": 0.7}, ""c1"": {""bbLen"": 16, ""bbStd"": 2, ""fastEma"": 3, ""sensitivity"": 122, ""slowEma"": 14}, ""c2"": {""period"": 17}, ""exit_ind"": {""atr_mult"": 2, ""atr_period"": 41}, ""vol"": {""fd_threshold"": 1.5, ""length"": 16}}","{""base"": {""length"": 10, ""volume_factor"": 0.7}, ""c1"": {""bbLen"": 20, ""bbStd"": 2, ""fastEma"": 25, ""sensitivity"": 150, ""slowEma"": 32}, ""c2"": {""period"": 11}, ""exit_ind"": {""atr_mult"": 6, ""atr_period"": 220}, ""vol"": {""fd_threshold"": 1.5, ""length"": 30}}","{""atr_len"": 11, ""atr_mult"": 1.0, ""be_pct"": 0.05, ""tp_mult"": 2.45, ""trail_arm"": 2.0, ""trail_mult"": 2.0}",full,full,,0.1326455670590089,0.6818542902420791,,,,,,False
waddah_attar_explosion_signals,vortex_signals,fractal_dimension_volume_signals,t3_baseline,halftrend_exit,trend,C,True,0.1254098553323701,24.078692223815075,1.4081734540661288,0.296875,1.798902727302078,25.87526996677234,9.76187436543433,4.023943269261731,2.466605420478975,192,130,62,2,1.05,0.01,1.9,1.9,1.25,"{""base"": {""length"": 10, ""volume_factor"": 0.7}, ""c1"": {""bbLen"": 37, ""bbStd"": 2, ""fastEma"": 3, ""sensitivity"": 122, ""slowEma"": 14}, ""c2"": {""period"": 17}, ""exit_ind"": {""amplitude"": 50}, ""vol"": {""fd_threshold"": 1.5, ""length"": 16}}","{""base"": {""length"": 10, ""volume_factor"": 0.7}, ""c1"": {""bbLen"": 2, ""bbStd"": 2, ""fastEma"": 11, ""sensitivity"": 150, ""slowEma"": 40}, ""c2"": {""period"": 11}, ""exit_ind"": {""amplitude"": 41}, ""vol"": {""fd_threshold"": 1.5, ""length"": 30}}","{""atr_len"": 9, ""atr_mult"": 1.0, ""be_pct"": 0.01, ""tp_mult"": 2.35, ""trail_arm"": 1.85, ""trail_mult"": 1.9}",full,full,,0.1263090852260243,0.6501357844404614,,,,,,False
waddah_attar_explosion_signals,vortex_signals,fractal_dimension_volume_signals,t3_baseline,j_tpo_exit,trend,C,True,0.1315039866601555,25.51177341207018,1.4598622695276,0.3350515463917525,1.9222290583063728,22.21063705085966,7.716314761466922,3.682880989441111,3.3062121233660284,194,130,64,2,1.05,0.01,1.25,1.8,1.15,"{""base"": {""length"": 10, ""volume_factor"": 0.7}, ""c1"": {""bbLen"": 16, ""bbStd"": 2, ""fastEma"": 3, ""sensitivity"": 122, ""slowEma"": 14}, ""c2"": {""period"": 17}, ""exit_ind"": {""ema_len"": 200, ""len"": 9}, ""vol"": {""fd_threshold"": 1.5, ""length"": 16}}","{""base"": {""length"": 10, ""volume_factor"": 0.7}, ""c1"": {""bbLen"": 2, ""bbStd"": 2, ""fastEma"": 11, ""sensitivity"": 150, ""slowEma"": 40}, ""c2"": {""period"": 11}, ""exit_ind"": {""ema_len"": 200, ""len"": 40}, ""vol"": {""fd_threshold"": 1.5, ""length"": 30}}","{""atr_len"": 9, ""atr_mult"": 1.0, ""be_pct"": 0.05, ""tp_mult"": 2.45, ""trail_arm"": 1.8, ""trail_mult"": 1.9}",full,full,,0.1321902105382237,0.627425845760642,,,,,,False
waddah_attar_explosion_signals,vortex_signals,fractal_dimension_volume_signals,t3_baseline,polychromatic_momentum_exit,trend,C,True,0.0916122629875622,17.772779019587084,1.306792199866101,0.3298969072164948,1.7158842998047432,16.693653140107276,7.819737462375994,3.6922778109595775,2.2728101940889074,194,130,64,2,1.05,0.01,1.9,1.9,1.25,"{""base"": {""length"": 10, ""volume_factor"": 0.7}, ""c1"": {""bbLen"": 16, ""bbStd"": 2, ""fastEma"": 3, ""sensitivity"": 122, ""slowEma"": 14}, ""c2"": {""period"": 17}, ""exit_ind"": {""len"": 26}, ""vol"": {""fd_threshold"": 1.5, ""length"": 16}}","{""base"": {""length"": 10, ""volume_factor"": 0.7}, ""c1"": {""bbLen"": 2, ""bbStd"": 2, ""fastEma"": 11, ""sensitivity"": 150, ""slowEma"": 40}, ""c2"": {""period"": 11}, ""exit_ind"": {""len"": 11}, ""vol"": {""fd_threshold"": 1.5, ""length"": 30}}","{""atr_len"": 9, ""atr_mult"": 1.0, ""be_pct"": 0.05, ""tp_mult"": 2.45, ""trail_arm"": 1.6, ""trail_mult"": 0.5}",full,full,,0.131950784664858,0.6118066485472281,,,,,,False
waddah_attar_explosion_signals,vortex_signals,fractal_dimension_volume_signals,t3_baseline,supertrend_exit,trend,C,True,0.1112577007015535,21.8065093375045,1.360542267188957,0.3469387755102041,1.976611480711566,32.568258574529104,8.57910308112352,4.0475257004998655,2.5418169162094646,196,132,64,3,1.0,0.14,3.0,1.55,1.6,"{""base"": {""length"": 10, ""volume_factor"": 0.7}, ""c1"": {""bbLen"": 16, ""bbStd"": 2, ""fastEma"": 3, ""sensitivity"": 122, ""slowEma"": 14}, ""c2"": {""period"": 17}, ""exit_ind"": {""atr_period"": 2, ""factor"": 3}, ""vol"": {""fd_threshold"": 1.5, ""length"": 16}}","{""base"": {""length"": 10, ""volume_factor"": 0.7}, ""c1"": {""bbLen"": 2, ""bbStd"": 2, ""fastEma"": 16, ""sensitivity"": 150, ""slowEma"": 32}, ""c2"": {""period"": 11}, ""exit_ind"": {""atr_period"": 2, ""factor"": 2}, ""vol"": {""fd_threshold"": 1.5, ""length"": 30}}","{""atr_len"": 9, ""atr_mult"": 1.0, ""be_pct"": 0.07, ""tp_mult"": 2.5, ""trail_arm"": 1.75, ""trail_mult"": 0.5}",full,full,,0.1326455670590089,0.567382149241304,,,,,,False
waddah_attar_explosion_signals,vortex_signals,fractal_dimension_volume_signals,tma_baseline,coppock_curve_exit,trend,C,True,0.1264446525949917,20.98981233076863,1.5311195183630102,0.4156626506024096,2.8647998603717464,20.815263478492337,5.324369427616276,1.693772642555077,3.942215621233815,166,112,54,49,1.0,0.01,1.6,1.0,1.45,"{""base"": {""length"": 20}, ""c1"": {""bbLen"": 20, ""bbStd"": 2, ""fastEma"": 20, ""sensitivity"": 150, ""slowEma"": 21}, ""c2"": {""period"": 17}, ""exit_ind"": {""long_roc"": 92, ""short_roc"": 4, ""smooth_len"": 8}, ""vol"": {""fd_threshold"": 1.5, ""length"": 30}}","{""base"": {""length"": 16}, ""c1"": {""bbLen"": 87, ""bbStd"": 2, ""fastEma"": 11, ""sensitivity"": 281, ""slowEma"": 32}, ""c2"": {""period"": 14}, ""exit_ind"": {""long_roc"": 14, ""short_roc"": 4, ""smooth_len"": 10}, ""vol"": {""fd_threshold"": 1.5, ""length"": 30}}","{""atr_len"": 7, ""atr_mult"": 1.0, ""be_pct"": 0.05, ""tp_mult"": 1.5, ""trail_arm"": 2.0, ""trail_mult"": 1.0}",full,full,,0.0947392912839742,0.4251686679141059,,,,,,False
waddah_attar_explosion_signals,vortex_signals,fractal_dimension_volume_signals,tma_baseline,ichimoku_exit,trend,C,True,0.105600482611483,26.822522583316697,1.368030136652849,0.3622047244094488,1.8353141720645605,14.659785314766983,8.861775034214293,3.8271947887674664,3.0267663622421046,254,196,58,5,1.0,0.01,2.2,1.2,1.75,"{""base"": {""length"": 20}, ""c1"": {""bbLen"": 20, ""bbStd"": 2, ""fastEma"": 20, ""sensitivity"": 150, ""slowEma"": 21}, ""c2"": {""period"": 17}, ""exit_ind"": {""base_len"": 49, ""conversion_len"": 59, ""displacement"": 26, ""span_b_len"": 52}, ""vol"": {""fd_threshold"": 1.5, ""length"": 30}}","{""base"": {""length"": 11}, ""c1"": {""bbLen"": 57, ""bbStd"": 2, ""fastEma"": 11, ""sensitivity"": 35, ""slowEma"": 40}, ""c2"": {""period"": 11}, ""exit_ind"": {""base_len"": 14, ""conversion_len"": 11, ""displacement"": 26, ""span_b_len"": 52}, ""vol"": {""fd_threshold"": 1.5, ""length"": 30}}","{""atr_len"": 17, ""atr_mult"": 1.0, ""be_pct"": 0.01, ""tp_mult"": 2.9, ""trail_arm"": 2.0, ""trail_mult"": 1.45}",full,full,,0.0863664448394705,0.490961474546539,,,,,,False
waddah_attar_explosion_signals,vortex_signals,fractal_dimension_volume_signals,tma_baseline,lemantrend_exit,trend,C,True,0.1069318356445579,17.10909370312927,1.359155967532974,0.38125,2.113839263833393,27.538760118567588,7.120698793066357,2.233714962834711,2.402726782909132,160,102,58,6,1.0,0.05,2.25,1.35,1.7,"{""base"": {""length"": 20}, ""c1"": {""bbLen"": 20, ""bbStd"": 2, ""fastEma"": 20, ""sensitivity"": 150, ""slowEma"": 21}, ""c2"": {""period"": 17}, ""exit_ind"": {""fast_period"": 147, ""medium_period"": 21, ""slow_period"": 11, ""smooth"": 4}, ""vol"": {""fd_threshold"": 1.5, ""length"": 30}}","{""base"": {""length"": 16}, ""c1"": {""bbLen"": 20, ""bbStd"": 2, ""fastEma"": 11, ""sensitivity"": 150, ""slowEma"": 21}, ""c2"": {""period"": 14}, ""exit_ind"": {""fast_period"": 18, ""medium_period"": 21, ""slow_period"": 13, ""smooth"": 9}, ""vol"": {""fd_threshold"": 1.5, ""length"": 30}}","{""atr_len"": 4, ""atr_mult"": 1.0, ""be_pct"": 0.05, ""tp_mult"": 3.0, ""trail_arm"": 1.1, ""trail_mult"": 1.45}",full,full,,0.0606894732093638,0.5127860148666656,,,,,,False
waddah_attar_explosion_signals,vortex_signals,variance_volume_signals,fantail_vma,dpo_exit,trend,C,True,0.084954151372342,15.121838944276885,1.2983979221366213,0.3370786516853932,1.6000866277982682,10.16133186894744,9.441796665818025,3.929792616306973,1.6015848973979945,178,104,74,6,1.0,0.05,2.45,1.0,2.0,"{""base"": {""fma_adx_length"": 2, ""fma_ma_length"": 6, ""fma_weighting"": 4}, ""c1"": {""bbLen"": 20, ""bbStd"": 2, ""fastEma"": 20, ""sensitivity"": 122, ""slowEma"": 21}, ""c2"": {""period"": 92}, ""exit_ind"": {""len"": 216}, ""vol"": {""ema_len"": 8, ""filter_lookback"": 16, ""hline"": 0, ""lookback"": 7}}","{""base"": {""fma_adx_length"": 2, ""fma_ma_length"": 17, ""fma_weighting"": 10}, ""c1"": {""bbLen"": 20, ""bbStd"": 2, ""fastEma"": 7, ""sensitivity"": 150, ""slowEma"": 40}, ""c2"": {""period"": 14}, ""exit_ind"": {""len"": 18}, ""vol"": {""ema_len"": 10, ""filter_lookback"": 7, ""hline"": 0, ""lookback"": 37}}","{""atr_len"": 4, ""atr_mult"": 1.0, ""be_pct"": 0.01, ""tp_mult"": 2.25, ""trail_arm"": 1.0, ""trail_mult"": 1.45}",full,full,,0.0626432715573455,0.4302138357884134,,,,,,False
waddah_attar_explosion_signals,vortex_signals,variance_volume_signals,fantail_vma,hieken_ashi_smoothed_exit,trend,C,True,0.1005336487360522,17.090720285128874,1.305902591292361,0.3058823529411765,1.6410090413448508,184.30203335890005,14.124999999999988,5.711849531836504,1.2099624980622223,170,102,68,4,1.0,0.05,2.45,1.0,1.95,"{""base"": {""fma_adx_length"": 2, ""fma_ma_length"": 6, ""fma_weighting"": 4}, ""c1"": {""bbLen"": 5, ""bbStd"": 2, ""fastEma"": 20, ""sensitivity"": 80, ""slowEma"": 21}, ""c2"": {""period"": 92}, ""exit_ind"": {""ma_len1"": 80, ""ma_len2"": 8}, ""vol"": {""ema_len"": 10, ""filter_lookback"": 25, ""hline"": 0, ""lookback"": 7}}","{""base"": {""fma_adx_length"": 2, ""fma_ma_length"": 17, ""fma_weighting"": 10}, ""c1"": {""bbLen"": 20, ""bbStd"": 2, ""fastEma"": 7, ""sensitivity"": 150, ""slowEma"": 40}, ""c2"": {""period"": 14}, ""exit_ind"": {""ma_len1"": 80, ""ma_len2"": 2}, ""vol"": {""ema_len"": 10, ""filter_lookback"": 7, ""hline"": 0, ""lookback"": 37}}","{""atr_len"": 4, ""atr_mult"": 1.0, ""be_pct"": 0.01, ""tp_mult"": 2.25, ""trail_arm"": 2.0, ""trail_mult"": 1.35}",full,full,,0.0403906602131542,0.4883074576427911,,,,,,False
waddah_attar_explosion_signals,vortex_signals,variance_volume_signals,fantail_vma,polychromatic_momentum_exit,trend,C,True,0.1543269811823033,25.61827887626236,1.5522222229715152,0.3795180722891566,2.674593225287344,25.567376692623807,8.888826400104865,3.327542180006769,2.882076634544255,166,98,68,5,1.0,0.01,2.55,1.8,1.75,"{""base"": {""fma_adx_length"": 2, ""fma_ma_length"": 6, ""fma_weighting"": 4}, ""c1"": {""bbLen"": 5, ""bbStd"": 2, ""fastEma"": 20, ""sensitivity"": 80, ""slowEma"": 21}, ""c2"": {""period"": 92}, ""exit_ind"": {""len"": 61}, ""vol"": {""ema_len"": 10, ""filter_lookback"": 25, ""hline"": 0, ""lookback"": 7}}","{""base"": {""fma_adx_length"": 6, ""fma_ma_length"": 3, ""fma_weighting"": 10}, ""c1"": {""bbLen"": 57, ""bbStd"": 2, ""fastEma"": 20, ""sensitivity"": 150, ""slowEma"": 32}, ""c2"": {""period"": 14}, ""exit_ind"": {""len"": 11}, ""vol"": {""ema_len"": 10, ""filter_lookback"": 11, ""hline"": 0, ""lookback"": 37}}","{""atr_len"": 2, ""atr_mult"": 1.0, ""be_pct"": 0.01, ""tp_mult"": 2.35, ""trail_arm"": 2.0, ""trail_mult"": 1.35}",full,full,,0.0508024261921713,0.4592203291657979,,,,,,False
waddah_attar_explosion_signals,vortex_signals,variance_volume_signals,fantail_vma,relative_vigor_index_exit,trend,C,True,0.1396889015288456,23.467735456846064,1.7224915856659386,0.5357142857142857,3.2371915510081326,14.7170078692435,5.240563193486053,1.610040124315037,4.4780941647676595,168,70,98,46,1.0,0.05,2.7,2.0,2.0,"{""base"": {""fma_adx_length"": 2, ""fma_ma_length"": 6, ""fma_weighting"": 10}, ""c1"": {""bbLen"": 2, ""bbStd"": 2, ""fastEma"": 20, ""sensitivity"": 150, ""slowEma"": 49}, ""c2"": {""period"": 14}, ""exit_ind"": {""len"": 10}, ""vol"": {""ema_len"": 28, ""filter_lookback"": 3, ""hline"": 0, ""lookback"": 7}}","{""base"": {""fma_adx_length"": 2, ""fma_ma_length"": 7, ""fma_weighting"": 4}, ""c1"": {""bbLen"": 20, ""bbStd"": 2, ""fastEma"": 20, ""sensitivity"": 122, ""slowEma"": 21}, ""c2"": {""period"": 14}, ""exit_ind"": {""len"": 100}, ""vol"": {""ema_len"": 8, ""filter_lookback"": 5, ""hline"": 0, ""lookback"": 7}}","{""atr_len"": 50, ""atr_mult"": 1.0, ""be_pct"": 0.05, ""tp_mult"": 3.0, ""trail_arm"": 2.0, ""trail_mult"": 1.1}",full,full,,0.0634487553437108,0.1632816402380413,,,,,,False
waddah_attar_explosion_signals,vortex_signals,variance_volume_signals,fantail_vma,supertrend_exit,trend,C,True,0.0842303662866785,13.982240803588631,1.268637517242351,0.3072289156626506,1.5015580121842929,13.710917615093916,10.882500369463145,4.131422306569499,1.2848371540444434,166,102,64,6,1.0,0.16,3.0,2.0,1.95,"{""base"": {""fma_adx_length"": 2, ""fma_ma_length"": 6, ""fma_weighting"": 4}, ""c1"": {""bbLen"": 5, ""bbStd"": 2, ""fastEma"": 20, ""sensitivity"": 80, ""slowEma"": 21}, ""c2"": {""period"": 92}, ""exit_ind"": {""atr_period"": 4, ""factor"": 2}, ""vol"": {""ema_len"": 19, ""filter_lookback"": 16, ""hline"": 0, ""lookback"": 7}}","{""base"": {""fma_adx_length"": 2, ""fma_ma_length"": 17, ""fma_weighting"": 10}, ""c1"": {""bbLen"": 20, ""bbStd"": 2, ""fastEma"": 7, ""sensitivity"": 150, ""slowEma"": 40}, ""c2"": {""period"": 14}, ""exit_ind"": {""atr_period"": 10, ""factor"": 2}, ""vol"": {""ema_len"": 10, ""filter_lookback"": 7, ""hline"": 0, ""lookback"": 37}}","{""atr_len"": 4, ""atr_mult"": 1.0, ""be_pct"": 0.01, ""tp_mult"": 2.4, ""trail_arm"": 1.75, ""trail_mult"": 1.4}",full,full,,0.0392356929118401,0.5389597577984648,,,,,,False
waddah_attar_explosion_signals,vortex_signals,variance_volume_signals,fantail_vma,vortex_exit,trend,C,True,0.0811093993194263,12.97750389110822,1.2985066583286984,0.3625,1.6758558642653474,8.843650072651085,8.029593286108799,3.8058012404018178,1.6162093681082588,160,78,82,3,1.0,0.12,2.5,2.0,1.4,"{""base"": {""fma_adx_length"": 2, ""fma_ma_length"": 6, ""fma_weighting"": 10}, ""c1"": {""bbLen"": 20, ""bbStd"": 2, ""fastEma"": 20, ""sensitivity"": 53, ""slowEma"": 49}, ""c2"": {""period"": 14}, ""exit_ind"": {""period"": 17}, ""vol"": {""ema_len"": 12, ""filter_lookback"": 37, ""hline"": 0, ""lookback"": 11}}","{""base"": {""fma_adx_length"": 9, ""fma_ma_length"": 7, ""fma_weighting"": 10}, ""c1"": {""bbLen"": 37, ""bbStd"": 2, ""fastEma"": 25, ""sensitivity"": 53, ""slowEma"": 49}, ""c2"": {""period"": 26}, ""exit_ind"": {""period"": 17}, ""vol"": {""ema_len"": 19, ""filter_lookback"": 11, ""hline"": 0, ""lookback"": 37}}","{""atr_len"": 46, ""atr_mult"": 1.0, ""be_pct"": 0.05, ""tp_mult"": 2.3, ""trail_arm"": 2.0, ""trail_mult"": 1.2}",full,full,,0.0505231208681448,0.4283798614711503,,,,,,False
waddah_attar_explosion_signals,vortex_signals,variance_volume_signals,mcginley_dynamic_index,bears_bulls_impulse_exit,trend,C,True,0.1463660140607565,41.56794799325485,1.5584615503766748,0.4049295774647887,2.9857929397741825,26.868760599442407,7.207237525414115,2.4238276505476612,5.767528522083283,284,114,170,31,1.0,0.01,2.1,2.0,1.5,"{""base"": {""mci_length"": 14}, ""c1"": {""bbLen"": 2, ""bbStd"": 2, ""fastEma"": 20, ""sensitivity"": 150, ""slowEma"": 40}, ""c2"": {""period"": 14}, ""exit_ind"": {""length"": 130}, ""vol"": {""ema_len"": 10, ""filter_lookback"": 16, ""hline"": 0, ""lookback"": 132}}","{""base"": {""mci_length"": 40}, ""c1"": {""bbLen"": 57, ""bbStd"": 2, ""fastEma"": 11, ""sensitivity"": 80, ""slowEma"": 21}, ""c2"": {""period"": 92}, ""exit_ind"": {""length"": 130}, ""vol"": {""ema_len"": 10, ""filter_lookback"": 25, ""hline"": 0, ""lookback"": 200}}","{""atr_len"": 27, ""atr_mult"": 1.0, ""be_pct"": 0.11, ""tp_mult"": 2.2, ""trail_arm"": 1.0, ""trail_mult"": 0.65}",full,full,,0.0265266818911457,0.1769363304654555,,,,,,False
waddah_attar_explosion_signals,vortex_signals,variance_volume_signals,mcginley_dynamic_index,coppock_curve_exit,trend,C,True,0.1115831884670654,21.6471385626107,1.3657195323865972,0.3247422680412371,2.0015651230882012,18.210187217935314,8.255702575882367,3.5050653135460133,2.622083143577524,194,112,82,13,1.0,0.05,2.45,1.8,1.4,"{""base"": {""mci_length"": 14}, ""c1"": {""bbLen"": 37, ""bbStd"": 2, ""fastEma"": 20, ""sensitivity"": 150, ""slowEma"": 40}, ""c2"": {""period"": 40}, ""exit_ind"": {""long_roc"": 40, ""short_roc"": 14, ""smooth_len"": 12}, ""vol"": {""ema_len"": 10, ""filter_lookback"": 20, ""hline"": 0, ""lookback"": 132}}","{""base"": {""mci_length"": 40}, ""c1"": {""bbLen"": 87, ""bbStd"": 2, ""fastEma"": 11, ""sensitivity"": 80, ""slowEma"": 21}, ""c2"": {""period"": 92}, ""exit_ind"": {""long_roc"": 7, ""short_roc"": 31, ""smooth_len"": 10}, ""vol"": {""ema_len"": 10, ""filter_lookback"": 25, ""hline"": 0, ""lookback"": 200}}","{""atr_len"": 18, ""atr_mult"": 1.0, ""be_pct"": 0.13, ""tp_mult"": 2.8, ""trail_arm"": 1.25, ""trail_mult"": 0.55}",full,full,,0.0357648457833038,0.3621824421774685,,,,,,False
waddah_attar_explosion_signals,vortex_signals,variance_volume_signals,mcginley_dynamic_index,ehlers_reverse_ema_exit,trend,C,True,0.1530087236584541,29.989709837057006,1.5027432785584516,0.336734693877551,2.6714002929214717,25.841477112791132,6.7772283105448174,2.883558400648097,4.425070023153189,196,114,82,13,1.0,0.05,2.45,1.8,1.4,"{""base"": {""mci_length"": 14}, ""c1"": {""bbLen"": 25, ""bbStd"": 2, ""fastEma"": 20, ""sensitivity"": 150, ""slowEma"": 40}, ""c2"": {""period"": 40}, ""exit_ind"": {""alpha"": 0.023101}, ""vol"": {""ema_len"": 10, ""filter_lookback"": 20, ""hline"": 0, ""lookback"": 132}}","{""base"": {""mci_length"": 40}, ""c1"": {""bbLen"": 57, ""bbStd"": 2, ""fastEma"": 11, ""sensitivity"": 80, ""slowEma"": 21}, ""c2"": {""period"": 92}, ""exit_ind"": {""alpha"": 0.023101}, ""vol"": {""ema_len"": 10, ""filter_lookback"": 25, ""hline"": 0, ""lookback"": 200}}","{""atr_len"": 19, ""atr_mult"": 1.0, ""be_pct"": 0.09, ""tp_mult"": 2.85, ""trail_arm"": 1.25, ""trail_mult"": 0.55}",full,full,,0.0335678903523673,0.3448459521376314,,,,,,False
waddah_attar_explosion_signals,vortex_signals,variance_volume_signals,super_smoother_2pole_baseline,trend_direction_force_index_exit,trend,C,True,0.1255792197430953,23.35773487221573,1.4145444491830823,0.3655913978494624,2.339116709955585,27.322672426748685,8.461517848662488,3.333627163639542,2.760466300488616,186,124,62,25,1.0,0.01,2.35,1.25,1.55,"{""base"": {""cutoff_period"": 43}, ""c1"": {""bbLen"": 11, ""bbStd"": 2, ""fastEma"": 7, ""sensitivity"": 150, ""slowEma"": 49}, ""c2"": {""period"": 14}, ""exit_ind"": {""fhigh"": 0.216438, ""flow"": -0.05, ""lookback"": 56}, ""vol"": {""ema_len"": 10, ""filter_lookback"": 3, ""hline"": 0, ""lookback"": 132}}","{""base"": {""cutoff_period"": 43}, ""c1"": {""bbLen"": 16, ""bbStd"": 2, ""fastEma"": 5, ""sensitivity"": 53, ""slowEma"": 49}, ""c2"": {""period"": 14}, ""exit_ind"": {""fhigh"": 0.328967, ""flow"": -0.061642, ""lookback"": 56}, ""vol"": {""ema_len"": 10, ""filter_lookback"": 3, ""hline"": 0, ""lookback"": 132}}","{""atr_len"": 5, ""atr_mult"": 1.0, ""be_pct"": 0.05, ""tp_mult"": 2.75, ""trail_arm"": 1.5, ""trail_mult"": 0.5}",full,full,,0.0123206479226676,0.3572970966550101,,,,,,False
waddah_attar_explosion_signals,vortex_signals,variance_volume_signals,t3_baseline,mama_fama_exit,trend,C,True,0.1213212950550218,14.80119799671266,1.4547563804583727,0.3442622950819672,2.2770524071280955,12.954671238648912,5.838987632546941,1.8915366784054288,2.5348911366432265,122,72,50,34,1.0,0.01,2.15,1.4,1.2,"{""base"": {""length"": 10, ""volume_factor"": 0.7}, ""c1"": {""bbLen"": 87, ""bbStd"": 2, ""fastEma"": 11, ""sensitivity"": 150, ""slowEma"": 21}, ""c2"": {""period"": 14}, ""exit_ind"": {""fast_limit"": 0.5, ""slow_limit"": 0.328967}, ""vol"": {""ema_len"": 12, ""filter_lookback"": 5, ""hline"": 0, ""lookback"": 132}}","{""base"": {""length"": 10, ""volume_factor"": 0.7}, ""c1"": {""bbLen"": 25, ""bbStd"": 2, ""fastEma"": 7, ""sensitivity"": 35, ""slowEma"": 32}, ""c2"": {""period"": 14}, ""exit_ind"": {""fast_limit"": 0.5, ""slow_limit"": 0.216438}, ""vol"": {""ema_len"": 10, ""filter_lookback"": 5, ""hline"": 0, ""lookback"": 132}}","{""atr_len"": 34, ""atr_mult"": 1.0, ""be_pct"": 0.06, ""tp_mult"": 2.3, ""trail_arm"": 1.3, ""trail_mult"": 1.2}",full,full,,0.0633270250827013,0.4376085562209712,,,,,,False
waddah_attar_explosion_signals,vortex_signals,volatility_ratio_volume_signals,sma_baseline,bears_bulls_impulse_exit,trend,C,True,0.1027723024182896,27.748521652938205,1.327673346047188,0.3222222222222222,1.6605144154576286,28.19971518677241,9.140010429961896,3.332460013515607,3.0359398236544335,270,212,58,50,1.0,0.01,1.6,1.65,0.75,"{""base"": {""length"": 200}, ""c1"": {""bbLen"": 132, ""bbStd"": 2, ""fastEma"": 7, ""sensitivity"": 150, ""slowEma"": 75}, ""c2"": {""period"": 14}, ""exit_ind"": {""length"": 7}, ""vol"": {""length"": 5}}","{""base"": {""length"": 87}, ""c1"": {""bbLen"": 57, ""bbStd"": 2, ""fastEma"": 200, ""sensitivity"": 23, ""slowEma"": 400}, ""c2"": {""period"": 7}, ""exit_ind"": {""length"": 37}, ""vol"": {""length"": 7}}","{""atr_len"": 18, ""atr_mult"": 1.0, ""be_pct"": 0.05, ""tp_mult"": 3.0, ""trail_arm"": 2.0, ""trail_mult"": 2.0}",full,full,,0.0045731568425688,0.252844584063104,,,,,,False
waddah_attar_explosion_signals,vortex_signals,volatility_ratio_volume_signals,sma_baseline,schaff_trend_cycle_exit,trend,C,True,0.1196411060483106,33.02094526933374,1.3858555970443305,0.3405797101449275,2.084439748113745,25.757195820786087,9.000000000000007,3.182674808220956,3.6689939188148566,276,218,58,39,1.0,0.05,1.55,1.0,0.8,"{""base"": {""length"": 200}, ""c1"": {""bbLen"": 132, ""bbStd"": 2, ""fastEma"": 7, ""sensitivity"": 150, ""slowEma"": 75}, ""c2"": {""period"": 14}, ""exit_ind"": {""cycleLen"": 66, ""d1"": 3, ""d2"": 2, ""lowerBand"": 25, ""macdFast"": 12, ""macdSlow"": 5, ""upperBand"": 7}, ""vol"": {""length"": 5}}","{""base"": {""length"": 87}, ""c1"": {""bbLen"": 57, ""bbStd"": 2, ""fastEma"": 200, ""sensitivity"": 35, ""slowEma"": 400}, ""c2"": {""period"": 7}, ""exit_ind"": {""cycleLen"": 8, ""d1"": 4, ""d2"": 20, ""lowerBand"": 25, ""macdFast"": 28, ""macdSlow"": 18, ""upperBand"": 75}, ""vol"": {""length"": 7}}","{""atr_len"": 18, ""atr_mult"": 1.0, ""be_pct"": 0.05, ""tp_mult"": 3.0, ""trail_arm"": 2.0, ""trail_mult"": 1.05}",full,full,,0.0087215600079695,0.3378418199469453,,,,,,False
waddah_attar_explosion_signals,vortex_signals,waddah_attar_explosion_volume_signals,fantail_vma,vortex_exit,trend,C,True,0.1005249543857406,15.681892884175546,1.40283515560183,0.3717948717948718,2.0906727318236613,10.820702075875966,7.096273981253063,2.666396553977543,2.2098770320317356,156,78,78,28,1.0,0.01,2.25,1.45,1.35,"{""base"": {""fma_adx_length"": 2, ""fma_ma_length"": 6, ""fma_weighting"": 10}, ""c1"": {""bbLen"": 3, ""bbStd"": 2, ""fastEma"": 200, ""sensitivity"": 150, ""slowEma"": 400}, ""c2"": {""period"": 11}, ""exit_ind"": {""period"": 7}, ""vol"": {""bbLen"": 20, ""bbStd"": 2, ""fastEma"": 20, ""sensitivity"": 185, ""slowEma"": 21}}","{""base"": {""fma_adx_length"": 2, ""fma_ma_length"": 6, ""fma_weighting"": 10}, ""c1"": {""bbLen"": 37, ""bbStd"": 2, ""fastEma"": 20, ""sensitivity"": 122, ""slowEma"": 6}, ""c2"": {""period"": 14}, ""exit_ind"": {""period"": 17}, ""vol"": {""bbLen"": 20, ""bbStd"": 2, ""fastEma"": 16, ""sensitivity"": 53, ""slowEma"": 21}}","{""atr_len"": 6, ""atr_mult"": 1.2, ""be_pct"": 0.05, ""tp_mult"": 2.95, ""trail_arm"": 1.0, ""trail_mult"": 0.85}",full,full,,0.0405307059048897,0.2574729137302632,,,,,,False
waddah_attar_explosion_signals,vortex_signals,williams_vix_fix_volume_signals,mcginley_dynamic_index,donchian_breakout_exit,trend,C,True,0.1640122463735274,24.273812463282056,1.587835187259092,0.3513513513513513,2.826357787329794,22.5292629665204,10.48546331712272,3.770576146685287,2.314996650996148,148,96,52,20,1.0,0.19,3.0,1.5,0.5,"{""base"": {""mci_length"": 40}, ""c1"": {""bbLen"": 2, ""bbStd"": 2, ""fastEma"": 37, ""sensitivity"": 281, ""slowEma"": 40}, ""c2"": {""period"": 14}, ""exit_ind"": {""length"": 16}, ""vol"": {""bb_length"": 7, ""bb_mult"": 2, ""lookback"": 3}}","{""base"": {""mci_length"": 14}, ""c1"": {""bbLen"": 20, ""bbStd"": 2, ""fastEma"": 11, ""sensitivity"": 15, ""slowEma"": 263}, ""c2"": {""period"": 14}, ""exit_ind"": {""length"": 25}, ""vol"": {""bb_length"": 20, ""bb_mult"": 2, ""lookback"": 2}}","{""atr_len"": 7, ""atr_mult"": 1.0, ""be_pct"": 0.05, ""tp_mult"": 2.95, ""trail_arm"": 1.35, ""trail_mult"": 0.7}",deep,deep,0.3119326886817238,-0.0268519407559903,0.3971079438560013,"{""base"": {""mci_length"": 40}, ""c1"": {""bbLen"": 20, ""bbStd"": 2, ""fastEma"": 20, ""sensitivity"": 150, ""slowEma"": 40}, ""c2"": {""period"": 14}, ""exit_ind"": {""length"": 37}, ""vol"": {""bb_length"": 7, ""bb_mult"": 2, ""lookback"": 3}}","{""atr_len"": 28, ""atr_mult"": 1.0, ""be_pct"": 0.05, ""tp_mult"": 3.0, ""trail_arm"": 2.0, ""trail_mult"": 1.5}","{""base"": {""mci_length"": 14}, ""c1"": {""bbLen"": 20, ""bbStd"": 2, ""fastEma"": 20, ""sensitivity"": 150, ""slowEma"": 173}, ""c2"": {""period"": 14}, ""exit_ind"": {""length"": 25}, ""vol"": {""bb_length"": 20, ""bb_mult"": 2, ""lookback"": 2}}","{""atr_len"": 6, ""atr_mult"": 1.0, ""be_pct"": 0.05, ""tp_mult"": 2.85, ""trail_arm"": 2.0, ""trail_mult"": 1.5}",0.5003716020253784,False
waddah_attar_explosion_signals,vortex_signals,williams_vix_fix_volume_signals,mcginley_dynamic_index,vortex_exit,trend,C,True,0.1476559607494276,21.853082190915295,1.5662699875307808,0.3851351351351351,2.9065257213297606,18.49471721038716,9.659609533141705,3.3850160700240313,2.2623152743326025,148,96,52,20,1.0,0.05,1.8,1.0,1.45,"{""base"": {""mci_length"": 40}, ""c1"": {""bbLen"": 20, ""bbStd"": 2, ""fastEma"": 25, ""sensitivity"": 150, ""slowEma"": 114}, ""c2"": {""period"": 11}, ""exit_ind"": {""period"": 7}, ""vol"": {""bb_length"": 7, ""bb_mult"": 2, ""lookback"": 3}}","{""base"": {""mci_length"": 14}, ""c1"": {""bbLen"": 20, ""bbStd"": 2, ""fastEma"": 11, ""sensitivity"": 15, ""slowEma"": 263}, ""c2"": {""period"": 14}, ""exit_ind"": {""period"": 14}, ""vol"": {""bb_length"": 20, ""bb_mult"": 2, ""lookback"": 2}}","{""atr_len"": 7, ""atr_mult"": 1.0, ""be_pct"": 0.16, ""tp_mult"": 2.95, ""trail_arm"": 1.35, ""trail_mult"": 0.5}",deep,deep,0.31448934972849,-0.0402803583863179,0.3171053332463456,"{""base"": {""mci_length"": 40}, ""c1"": {""bbLen"": 20, ""bbStd"": 2, ""fastEma"": 20, ""sensitivity"": 150, ""slowEma"": 114}, ""c2"": {""period"": 11}, ""exit_ind"": {""period"": 7}, ""vol"": {""bb_length"": 7, ""bb_mult"": 2, ""lookback"": 3}}","{""atr_len"": 27, ""atr_mult"": 1.0, ""be_pct"": 0.05, ""tp_mult"": 1.8, ""trail_arm"": 2.0, ""trail_mult"": 1.5}","{""base"": {""mci_length"": 14}, ""c1"": {""bbLen"": 20, ""bbStd"": 2, ""fastEma"": 20, ""sensitivity"": 150, ""slowEma"": 173}, ""c2"": {""period"": 14}, ""exit_ind"": {""period"": 26}, ""vol"": {""bb_length"": 20, ""bb_mult"": 2, ""lookback"": 2}}","{""atr_len"": 6, ""atr_mult"": 1.0, ""be_pct"": 0.05, ""tp_mult"": 2.85, ""trail_arm"": 2.0, ""trail_mult"": 1.5}",0.5000128597657636,False
waddah_attar_explosion_signals,vortex_signals,williams_vix_fix_volume_signals,rma_baseline,aroon_exit,trend,C,True,0.1153706912454022,15.921155391865502,1.3459259249645052,0.2898550724637681,1.914358666288887,34.56838013963455,10.907166936437896,4.789673910396845,1.4596966824333848,138,84,54,48,1.1,0.05,3.0,1.9,2.0,"{""base"": {""ma_length"": 25}, ""c1"": {""bbLen"": 20, ""bbStd"": 2, ""fastEma"": 20, ""sensitivity"": 150, ""slowEma"": 114}, ""c2"": {""period"": 17}, ""exit_ind"": {""length"": 164}, ""vol"": {""bb_length"": 20, ""bb_mult"": 2, ""lookback"": 5}}","{""base"": {""ma_length"": 25}, ""c1"": {""bbLen"": 200, ""bbStd"": 2, ""fastEma"": 2, ""sensitivity"": 23, ""slowEma"": 173}, ""c2"": {""period"": 14}, ""exit_ind"": {""length"": 25}, ""vol"": {""bb_length"": 20, ""bb_mult"": 2, ""lookback"": 2}}","{""atr_len"": 17, ""atr_mult"": 1.0, ""be_pct"": 0.18, ""tp_mult"": 2.95, ""trail_arm"": 1.9, ""trail_mult"": 0.5}",deep,deep,0.4016029364096446,-0.0207637509541623,0.4406702457461951,"{""base"": {""ma_length"": 25}, ""c1"": {""bbLen"": 20, ""bbStd"": 2, ""fastEma"": 20, ""sensitivity"": 150, ""slowEma"": 114}, ""c2"": {""period"": 17}, ""exit_ind"": {""length"": 13}, ""vol"": {""bb_length"": 20, ""bb_mult"": 2, ""lookback"": 5}}","{""atr_len"": 48, ""atr_mult"": 1.1, ""be_pct"": 0.05, ""tp_mult"": 3.0, ""trail_arm"": 2.0, ""trail_mult"": 1.5}","{""base"": {""ma_length"": 25}, ""c1"": {""bbLen"": 20, ""bbStd"": 2, ""fastEma"": 20, ""sensitivity"": 150, ""slowEma"": 173}, ""c2"": {""period"": 14}, ""exit_ind"": {""length"": 9}, ""vol"": {""bb_length"": 20, ""bb_mult"": 2, ""lookback"": 2}}","{""atr_len"": 6, ""atr_mult"": 1.0, ""be_pct"": 0.05, ""tp_mult"": 2.85, ""trail_arm"": 2.0, ""trail_mult"": 1.5}",0.4667747055895517,False
waddah_attar_explosion_signals,vortex_signals,williams_vix_fix_volume_signals,rma_baseline,bears_bulls_impulse_exit,trend,C,True,0.1229055356856925,17.944208210111107,1.4279425785350526,0.3150684931506849,2.1773096658685707,14.926577440230265,8.193087760258445,3.762594078646212,2.1901642866748774,146,90,56,18,1.0,0.1,3.0,1.65,1.95,"{""base"": {""ma_length"": 25}, ""c1"": {""bbLen"": 20, ""bbStd"": 2, ""fastEma"": 20, ""sensitivity"": 150, ""slowEma"": 114}, ""c2"": {""period"": 17}, ""exit_ind"": {""length"": 37}, ""vol"": {""bb_length"": 20, ""bb_mult"": 2, ""lookback"": 5}}","{""base"": {""ma_length"": 25}, ""c1"": {""bbLen"": 200, ""bbStd"": 2, ""fastEma"": 3, ""sensitivity"": 23, ""slowEma"": 173}, ""c2"": {""period"": 14}, ""exit_ind"": {""length"": 86}, ""vol"": {""bb_length"": 20, ""bb_mult"": 2, ""lookback"": 2}}","{""atr_len"": 8, ""atr_mult"": 1.0, ""be_pct"": 0.09, ""tp_mult"": 3.0, ""trail_arm"": 2.0, ""trail_mult"": 0.5}",deep,deep,0.3857650234511469,-0.0129247267112957,0.4751367999234264,"{""base"": {""ma_length"": 25}, ""c1"": {""bbLen"": 20, ""bbStd"": 2, ""fastEma"": 20, ""sensitivity"": 150, ""slowEma"": 114}, ""c2"": {""period"": 17}, ""exit_ind"": {""length"": 86}, ""vol"": {""bb_length"": 20, ""bb_mult"": 2, ""lookback"": 5}}","{""atr_len"": 43, ""atr_mult"": 1.0, ""be_pct"": 0.05, ""tp_mult"": 2.95, ""trail_arm"": 2.0, ""trail_mult"": 1.5}","{""base"": {""ma_length"": 25}, ""c1"": {""bbLen"": 20, ""bbStd"": 2, ""fastEma"": 20, ""sensitivity"": 150, ""slowEma"": 173}, ""c2"": {""period"": 14}, ""exit_ind"": {""length"": 86}, ""vol"": {""bb_length"": 20, ""bb_mult"": 2, ""lookback"": 2}}","{""atr_len"": 6, ""atr_mult"": 1.0, ""be_pct"": 0.05, ""tp_mult"": 2.85, ""trail_arm"": 2.0, ""trail_mult"": 1.5}",0.4903683579555424,False
waddah_attar_explosion_signals,vortex_signals,williams_vix_fix_volume_signals,rma_baseline,chandelier_exit_exit,trend,C,True,0.1045672507011672,15.266818602370414,1.3335475697960388,0.3287671232876712,1.846891266788315,22.495030289820058,12.14320650311246,5.66111608791052,1.257231242708203,146,92,54,48,1.1,0.05,3.0,1.9,2.0,"{""base"": {""ma_length"": 25}, ""c1"": {""bbLen"": 20, ""bbStd"": 2, ""fastEma"": 20, ""sensitivity"": 150, ""slowEma"": 114}, ""c2"": {""period"": 17}, ""exit_ind"": {""atr_mult"": 3, ""atr_period"": 8}, ""vol"": {""bb_length"": 20, ""bb_mult"": 2, ""lookback"": 5}}","{""base"": {""ma_length"": 25}, ""c1"": {""bbLen"": 200, ""bbStd"": 2, ""fastEma"": 20, ""sensitivity"": 23, ""slowEma"": 173}, ""c2"": {""period"": 3}, ""exit_ind"": {""atr_mult"": 3, ""atr_period"": 95}, ""vol"": {""bb_length"": 7, ""bb_mult"": 2, ""lookback"": 3}}","{""atr_len"": 9, ""atr_mult"": 1.0, ""be_pct"": 0.05, ""tp_mult"": 2.95, ""trail_arm"": 2.0, ""trail_mult"": 0.5}",deep,deep,0.3592480898631022,-0.0207637509541623,0.4369439888071025,"{""base"": {""ma_length"": 25}, ""c1"": {""bbLen"": 20, ""bbStd"": 2, ""fastEma"": 20, ""sensitivity"": 150, ""slowEma"": 114}, ""c2"": {""period"": 17}, ""exit_ind"": {""atr_mult"": 3, ""atr_period"": 63}, ""vol"": {""bb_length"": 20, ""bb_mult"": 2, ""lookback"": 5}}","{""atr_len"": 48, ""atr_mult"": 1.1, ""be_pct"": 0.05, ""tp_mult"": 3.0, ""trail_arm"": 2.0, ""trail_mult"": 1.5}","{""base"": {""ma_length"": 25}, ""c1"": {""bbLen"": 20, ""bbStd"": 2, ""fastEma"": 20, ""sensitivity"": 150, ""slowEma"": 173}, ""c2"": {""period"": 14}, ""exit_ind"": {""atr_mult"": 3, ""atr_period"": 63}, ""vol"": {""bb_length"": 20, ""bb_mult"": 2, ""lookback"": 2}}","{""atr_len"": 14, ""atr_mult"": 1.0, ""be_pct"": 0.05, ""tp_mult"": 2.9, ""trail_arm"": 2.0, ""trail_mult"": 1.5}",0.4763811124090499,False
waddah_attar_explosion_signals,vortex_signals,williams_vix_fix_volume_signals,rma_baseline,coppock_curve_exit,trend,C,True,0.0836088917520369,12.206898195797391,1.2580929506312932,0.3013698630136986,1.498588494363479,16.97554246355094,13.221094953172347,6.3680490559524205,0.9232895035572224,146,92,54,48,1.1,0.05,3.0,1.9,2.0,"{""base"": {""ma_length"": 25}, ""c1"": {""bbLen"": 20, ""bbStd"": 2, ""fastEma"": 20, ""sensitivity"": 150, ""slowEma"": 114}, ""c2"": {""period"": 17}, ""exit_ind"": {""long_roc"": 61, ""short_roc"": 11, ""smooth_len"": 10}, ""vol"": {""bb_length"": 20, ""bb_mult"": 2, ""lookback"": 5}}","{""base"": {""ma_length"": 25}, ""c1"": {""bbLen"": 200, ""bbStd"": 2, ""fastEma"": 20, ""sensitivity"": 23, ""slowEma"": 173}, ""c2"": {""period"": 14}, ""exit_ind"": {""long_roc"": 40, ""short_roc"": 11, ""smooth_len"": 8}, ""vol"": {""bb_length"": 20, ""bb_mult"": 2, ""lookback"": 2}}","{""atr_len"": 6, ""atr_mult"": 1.05, ""be_pct"": 0.05, ""tp_mult"": 2.85, ""trail_arm"": 1.75, ""trail_mult"": 0.55}",deep,deep,0.4236697485965505,-0.0156672977224272,0.452627893288663,"{""base"": {""ma_length"": 25}, ""c1"": {""bbLen"": 20, ""bbStd"": 2, ""fastEma"": 20, ""sensitivity"": 150, ""slowEma"": 114}, ""c2"": {""period"": 17}, ""exit_ind"": {""long_roc"": 61, ""short_roc"": 11, ""smooth_len"": 10}, ""vol"": {""bb_length"": 20, ""bb_mult"": 2, ""lookback"": 5}}","{""atr_len"": 48, ""atr_mult"": 1.1, ""be_pct"": 0.05, ""tp_mult"": 3.0, ""trail_arm"": 2.0, ""trail_mult"": 1.5}","{""base"": {""ma_length"": 25}, ""c1"": {""bbLen"": 20, ""bbStd"": 2, ""fastEma"": 20, ""sensitivity"": 150, ""slowEma"": 173}, ""c2"": {""period"": 14}, ""exit_ind"": {""long_roc"": 61, ""short_roc"": 11, ""smooth_len"": 10}, ""vol"": {""bb_length"": 20, ""bb_mult"": 2, ""lookback"": 2}}","{""atr_len"": 6, ""atr_mult"": 1.0, ""be_pct"": 0.05, ""tp_mult"": 2.85, ""trail_arm"": 2.0, ""trail_mult"": 1.5}",0.4641473186880889,False
waddah_attar_explosion_signals,vortex_signals,williams_vix_fix_volume_signals,rma_baseline,ehlers_reverse_ema_exit,trend,C,True,0.0928224707458092,14.480305436346248,1.305818862574061,0.3205128205128205,1.7301937176422677,12.783745865239911,9.447359230555142,4.196728552508215,1.53273577123153,156,102,54,7,1.1,0.05,3.0,1.6,1.95,"{""base"": {""ma_length"": 25}, ""c1"": {""bbLen"": 20, ""bbStd"": 2, ""fastEma"": 20, ""sensitivity"": 150, ""slowEma"": 114}, ""c2"": {""period"": 17}, ""exit_ind"": {""alpha"": 0.01}, ""vol"": {""bb_length"": 20, ""bb_mult"": 2, ""lookback"": 5}}","{""base"": {""ma_length"": 16}, ""c1"": {""bbLen"": 20, ""bbStd"": 2, ""fastEma"": 20, ""sensitivity"": 23, ""slowEma"": 263}, ""c2"": {""period"": 14}, ""exit_ind"": {""alpha"": 0.432876}, ""vol"": {""bb_length"": 20, ""bb_mult"": 2, ""lookback"": 2}}","{""atr_len"": 7, ""atr_mult"": 1.0, ""be_pct"": 0.05, ""tp_mult"": 3.0, ""trail_arm"": 1.35, ""trail_mult"": 0.5}",deep,deep,0.4003928844707511,-0.0188066835549226,0.4200897460710048,"{""base"": {""ma_length"": 25}, ""c1"": {""bbLen"": 20, ""bbStd"": 2, ""fastEma"": 20, ""sensitivity"": 150, ""slowEma"": 114}, ""c2"": {""period"": 17}, ""exit_ind"": {""alpha"": 0.01}, ""vol"": {""bb_length"": 20, ""bb_mult"": 2, ""lookback"": 5}}","{""atr_len"": 48, ""atr_mult"": 1.1, ""be_pct"": 0.05, ""tp_mult"": 3.0, ""trail_arm"": 2.0, ""trail_mult"": 1.5}","{""base"": {""ma_length"": 25}, ""c1"": {""bbLen"": 20, ""bbStd"": 2, ""fastEma"": 20, ""sensitivity"": 150, ""slowEma"": 173}, ""c2"": {""period"": 14}, ""exit_ind"": {""alpha"": 0.284804}, ""vol"": {""bb_length"": 20, ""bb_mult"": 2, ""lookback"": 2}}","{""atr_len"": 6, ""atr_mult"": 1.0, ""be_pct"": 0.05, ""tp_mult"": 2.85, ""trail_arm"": 2.0, ""trail_mult"": 1.5}",0.4594453185095707,False
waddah_attar_explosion_signals,vortex_signals,williams_vix_fix_volume_signals,rma_baseline,kalman_filter_exit,trend,C,True,0.1203846472606923,17.816927794582472,1.4272440780277529,0.4189189189189189,2.367495645197912,83.62298740331657,10.518940648915132,5.207746423671347,1.6937948781391798,148,94,54,48,1.1,0.05,3.0,1.9,1.6,"{""base"": {""ma_length"": 25}, ""c1"": {""bbLen"": 20, ""bbStd"": 2, ""fastEma"": 20, ""sensitivity"": 150, ""slowEma"": 114}, ""c2"": {""period"": 17}, ""exit_ind"": {""k"": 3, ""sharpness"": 1}, ""vol"": {""bb_length"": 20, ""bb_mult"": 2, ""lookback"": 5}}","{""base"": {""ma_length"": 25}, ""c1"": {""bbLen"": 200, ""bbStd"": 2, ""fastEma"": 2, ""sensitivity"": 35, ""slowEma"": 173}, ""c2"": {""period"": 14}, ""exit_ind"": {""k"": 1, ""sharpness"": 4}, ""vol"": {""bb_length"": 20, ""bb_mult"": 2, ""lookback"": 2}}","{""atr_len"": 6, ""atr_mult"": 1.0, ""be_pct"": 0.05, ""tp_mult"": 1.5, ""trail_arm"": 1.0, ""trail_mult"": 1.3}",deep,deep,0.4048576113470193,-0.0207637509541623,0.412516755087817,"{""base"": {""ma_length"": 25}, ""c1"": {""bbLen"": 20, ""bbStd"": 2, ""fastEma"": 20, ""sensitivity"": 150, ""slowEma"": 114}, ""c2"": {""period"": 17}, ""exit_ind"": {""k"": 4, ""sharpness"": 1}, ""vol"": {""bb_length"": 20, ""bb_mult"": 2, ""lookback"": 5}}","{""atr_len"": 48, ""atr_mult"": 1.1, ""be_pct"": 0.05, ""tp_mult"": 3.0, ""trail_arm"": 2.0, ""trail_mult"": 1.5}","{""base"": {""ma_length"": 25}, ""c1"": {""bbLen"": 20, ""bbStd"": 2, ""fastEma"": 20, ""sensitivity"": 150, ""slowEma"": 173}, ""c2"": {""period"": 14}, ""exit_ind"": {""k"": 1, ""sharpness"": 1}, ""vol"": {""bb_length"": 20, ""bb_mult"": 2, ""lookback"": 2}}","{""atr_len"": 6, ""atr_mult"": 1.0, ""be_pct"": 0.05, ""tp_mult"": 1.5, ""trail_arm"": 2.0, ""trail_mult"": 1.5}",0.4322721739645355,False
waddah_attar_explosion_signals,vortex_signals,williams_vix_fix_volume_signals,rma_baseline,kuskus_starlight_exit,trend,C,True,0.1209783514756962,17.420882612500257,1.4091169759835205,0.3333333333333333,2.175700468849575,16.300610436542232,9.5587230889638,4.340365666495987,1.8225114850971944,144,90,54,48,1.1,0.05,3.0,1.9,2.0,"{""base"": {""ma_length"": 25}, ""c1"": {""bbLen"": 20, ""bbStd"": 2, ""fastEma"": 20, ""sensitivity"": 150, ""slowEma"": 114}, ""c2"": {""period"": 17}, ""exit_ind"": {""index_smooth"": 0.245783, ""price_smooth"": 1.311672, ""range_periods"": 85}, ""vol"": {""bb_length"": 20, ""bb_mult"": 2, ""lookback"": 5}}","{""base"": {""ma_length"": 25}, ""c1"": {""bbLen"": 200, ""bbStd"": 2, ""fastEma"": 3, ""sensitivity"": 23, ""slowEma"": 173}, ""c2"": {""period"": 14}, ""exit_ind"": {""index_smooth"": 1.311672, ""price_smooth"": 0.862993, ""range_periods"": 16}, ""vol"": {""bb_length"": 20, ""bb_mult"": 2, ""lookback"": 2}}","{""atr_len"": 8, ""atr_mult"": 1.0, ""be_pct"": 0.05, ""tp_mult"": 3.0, ""trail_arm"": 1.35, ""trail_mult"": 0.5}",deep,deep,0.3956323444306299,-0.0179409667653895,0.451794441279143,"{""base"": {""ma_length"": 25}, ""c1"": {""bbLen"": 20, ""bbStd"": 2, ""fastEma"": 20, ""sensitivity"": 150, ""slowEma"": 114}, ""c2"": {""period"": 17}, ""exit_ind"": {""index_smooth"": 0.7, ""price_smooth"": 0.7, ""range_periods"": 30}, ""vol"": {""bb_length"": 20, ""bb_mult"": 2, ""lookback"": 5}}","{""atr_len"": 48, ""atr_mult"": 1.1, ""be_pct"": 0.05, ""tp_mult"": 3.0, ""trail_arm"": 2.0, ""trail_mult"": 1.5}","{""base"": {""ma_length"": 25}, ""c1"": {""bbLen"": 20, ""bbStd"": 2, ""fastEma"": 20, ""sensitivity"": 150, ""slowEma"": 173}, ""c2"": {""period"": 14}, ""exit_ind"": {""index_smooth"": 1.311672, ""price_smooth"": 0.7, ""range_periods"": 30}, ""vol"": {""bb_length"": 20, ""bb_mult"": 2, ""lookback"": 2}}","{""atr_len"": 6, ""atr_mult"": 1.0, ""be_pct"": 0.05, ""tp_mult"": 2.85, ""trail_arm"": 2.0, ""trail_mult"": 1.5}",0.4621971720729181,False
waddah_attar_explosion_signals,vortex_signals,williams_vix_fix_volume_signals,rma_baseline,mama_fama_exit,trend,C,True,0.0819073312665199,12.12228502744495,1.2803332223368054,0.3783783783783784,1.656415378685485,29.88941486547028,9.848576211980738,4.922909895506525,1.2308667533788546,148,94,54,48,1.1,0.05,3.0,1.9,2.0,"{""base"": {""ma_length"": 25}, ""c1"": {""bbLen"": 20, ""bbStd"": 2, ""fastEma"": 20, ""sensitivity"": 150, ""slowEma"": 114}, ""c2"": {""period"": 17}, ""exit_ind"": {""fast_limit"": 0.075996, ""slow_limit"": 0.061642}, ""vol"": {""bb_length"": 20, ""bb_mult"": 2, ""lookback"": 5}}","{""base"": {""ma_length"": 25}, ""c1"": {""bbLen"": 200, ""bbStd"": 2, ""fastEma"": 2, ""sensitivity"": 35, ""slowEma"": 173}, ""c2"": {""period"": 14}, ""exit_ind"": {""fast_limit"": 0.5, ""slow_limit"": 0.05}, ""vol"": {""bb_length"": 20, ""bb_mult"": 2, ""lookback"": 2}}","{""atr_len"": 6, ""atr_mult"": 1.0, ""be_pct"": 0.05, ""tp_mult"": 1.5, ""trail_arm"": 1.0, ""trail_mult"": 1.3}",deep,deep,0.3991024695876589,-0.0175162686718305,0.439596957723952,"{""base"": {""ma_length"": 25}, ""c1"": {""bbLen"": 20, ""bbStd"": 2, ""fastEma"": 20, ""sensitivity"": 150, ""slowEma"": 114}, ""c2"": {""period"": 17}, ""exit_ind"": {""fast_limit"": 0.05, ""slow_limit"": 0.05}, ""vol"": {""bb_length"": 20, ""bb_mult"": 2, ""lookback"": 5}}","{""atr_len"": 48, ""atr_mult"": 1.1, ""be_pct"": 0.05, ""tp_mult"": 3.0, ""trail_arm"": 2.0, ""trail_mult"": 1.5}","{""base"": {""ma_length"": 25}, ""c1"": {""bbLen"": 20, ""bbStd"": 2, ""fastEma"": 20, ""sensitivity"": 150, ""slowEma"": 173}, ""c2"": {""period"": 14}, ""exit_ind"": {""fast_limit"": 0.5, ""slow_limit"": 0.05}, ""vol"": {""bb_length"": 20, ""bb_mult"": 2, ""lookback"": 2}}","{""atr_len"": 6, ""atr_mult"": 1.0, ""be_pct"": 0.05, ""tp_mult"": 1.5, ""trail_arm"": 2.0, ""trail_mult"": 1.5}",0.4293263824504947,False
waddah_attar_explosion_signals,vortex_signals,williams_vix_fix_volume_signals,rma_baseline,polychromatic_momentum_exit,trend,C,True,0.1020725217815975,16.73989357218199,1.4682369162848328,0.4207317073170731,2.2244692476857586,9.982497958677548,6.000000000000011,2.6512273438666085,2.789982262030327,164,110,54,48,1.1,0.05,3.0,1.9,2.0,"{""base"": {""ma_length"": 25}, ""c1"": {""bbLen"": 20, ""bbStd"": 2, ""fastEma"": 20, ""sensitivity"": 150, ""slowEma"": 114}, ""c2"": {""period"": 17}, ""exit_ind"": {""len"": 26}, ""vol"": {""bb_length"": 20, ""bb_mult"": 2, ""lookback"": 5}}","{""base"": {""ma_length"": 25}, ""c1"": {""bbLen"": 200, ""bbStd"": 2, ""fastEma"": 3, ""sensitivity"": 23, ""slowEma"": 173}, ""c2"": {""period"": 11}, ""exit_ind"": {""len"": 2}, ""vol"": {""bb_length"": 20, ""bb_mult"": 2, ""lookback"": 2}}","{""atr_len"": 6, ""atr_mult"": 1.0, ""be_pct"": 0.05, ""tp_mult"": 2.9, ""trail_arm"": 2.0, ""trail_mult"": 1.5}",deep,deep,0.4104390332935578,-0.0207637509541623,0.4396945613266188,"{""base"": {""ma_length"": 25}, ""c1"": {""bbLen"": 20, ""bbStd"": 2, ""fastEma"": 20, ""sensitivity"": 150, ""slowEma"": 114}, ""c2"": {""period"": 17}, ""exit_ind"": {""len"": 26}, ""vol"": {""bb_length"": 20, ""bb_mult"": 2, ""lookback"": 5}}","{""atr_len"": 48, ""atr_mult"": 1.1, ""be_pct"": 0.05, ""tp_mult"": 3.0, ""trail_arm"": 2.0, ""trail_mult"": 1.5}","{""base"": {""ma_length"": 25}, ""c1"": {""bbLen"": 20, ""bbStd"": 2, ""fastEma"": 20, ""sensitivity"": 150, ""slowEma"": 173}, ""c2"": {""period"": 14}, ""exit_ind"": {""len"": 2}, ""vol"": {""bb_length"": 20, ""bb_mult"": 2, ""lookback"": 2}}","{""atr_len"": 8, ""atr_mult"": 1.0, ""be_pct"": 0.05, ""tp_mult"": 2.8, ""trail_arm"": 2.0, ""trail_mult"": 1.5}",0.4402325824529116,False
waddah_attar_explosion_signals,vortex_signals,williams_vix_fix_volume_signals,rma_baseline,price_momentum_oscillator_exit,trend,C,True,0.0945250791107625,13.800661550171334,1.3256975950625882,0.3356164383561644,1.7589422821719494,12.33387511714992,12.653813637525644,5.735049857516061,1.0906325907349104,146,92,54,48,1.1,0.05,3.0,1.9,2.0,"{""base"": {""ma_length"": 25}, ""c1"": {""bbLen"": 20, ""bbStd"": 2, ""fastEma"": 20, ""sensitivity"": 150, ""slowEma"": 114}, ""c2"": {""period"": 17}, ""exit_ind"": {""s1"": 66, ""s2"": 2, ""sig"": 10}, ""vol"": {""bb_length"": 20, ""bb_mult"": 2, ""lookback"": 5}}","{""base"": {""ma_length"": 25}, ""c1"": {""bbLen"": 200, ""bbStd"": 2, ""fastEma"": 3, ""sensitivity"": 23, ""slowEma"": 173}, ""c2"": {""period"": 14}, ""exit_ind"": {""s1"": 43, ""s2"": 20, ""sig"": 10}, ""vol"": {""bb_length"": 20, ""bb_mult"": 2, ""lookback"": 2}}","{""atr_len"": 6, ""atr_mult"": 1.0, ""be_pct"": 0.05, ""tp_mult"": 2.85, ""trail_arm"": 1.75, ""trail_mult"": 0.55}",deep,deep,0.4021276082006648,-0.017037615820098,0.4552766050584952,"{""base"": {""ma_length"": 25}, ""c1"": {""bbLen"": 20, ""bbStd"": 2, ""fastEma"": 20, ""sensitivity"": 150, ""slowEma"": 114}, ""c2"": {""period"": 17}, ""exit_ind"": {""s1"": 35, ""s2"": 20, ""sig"": 10}, ""vol"": {""bb_length"": 20, ""bb_mult"": 2, ""lookback"": 5}}","{""atr_len"": 48, ""atr_mult"": 1.1, ""be_pct"": 0.05, ""tp_mult"": 3.0, ""trail_arm"": 2.0, ""trail_mult"": 1.5}","{""base"": {""ma_length"": 25}, ""c1"": {""bbLen"": 20, ""bbStd"": 2, ""fastEma"": 20, ""sensitivity"": 150, ""slowEma"": 173}, ""c2"": {""period"": 14}, ""exit_ind"": {""s1"": 35, ""s2"": 20, ""sig"": 10}, ""vol"": {""bb_length"": 20, ""bb_mult"": 2, ""lookback"": 2}}","{""atr_len"": 6, ""atr_mult"": 1.0, ""be_pct"": 0.05, ""tp_mult"": 2.85, ""trail_arm"": 2.0, ""trail_mult"": 1.5}",0.4631233041652811,False
waddah_attar_explosion_signals,vortex_signals,williams_vix_fix_volume_signals,rma_baseline,schaff_trend_cycle_exit,trend,C,True,0.1182869629000773,16.56017480601083,1.4520363825949427,0.4,2.337101337135201,15.422321600044285,7.232083588655516,2.909372767770787,2.289820713907077,140,86,54,48,1.1,0.05,3.0,1.9,1.6,"{""base"": {""ma_length"": 25}, ""c1"": {""bbLen"": 20, ""bbStd"": 2, ""fastEma"": 20, ""sensitivity"": 150, ""slowEma"": 114}, ""c2"": {""period"": 17}, ""exit_ind"": {""cycleLen"": 10, ""d1"": 2, ""d2"": 3, ""lowerBand"": 25, ""macdFast"": 230, ""macdSlow"": 12, ""upperBand"": 61}, ""vol"": {""bb_length"": 20, ""bb_mult"": 2, ""lookback"": 5}}","{""base"": {""ma_length"": 25}, ""c1"": {""bbLen"": 200, ""bbStd"": 2, ""fastEma"": 20, ""sensitivity"": 23, ""slowEma"": 173}, ""c2"": {""period"": 14}, ""exit_ind"": {""cycleLen"": 10, ""d1"": 3, ""d2"": 3, ""lowerBand"": 25, ""macdFast"": 3, ""macdSlow"": 50, ""upperBand"": 61}, ""vol"": {""bb_length"": 20, ""bb_mult"": 2, ""lookback"": 2}}","{""atr_len"": 14, ""atr_mult"": 1.0, ""be_pct"": 0.06, ""tp_mult"": 3.0, ""trail_arm"": 1.0, ""trail_mult"": 0.95}",deep,deep,0.3996455975757653,-0.0132542810923737,0.4358518815709575,"{""base"": {""ma_length"": 25}, ""c1"": {""bbLen"": 20, ""bbStd"": 2, ""fastEma"": 20, ""sensitivity"": 150, ""slowEma"": 114}, ""c2"": {""period"": 17}, ""exit_ind"": {""cycleLen"": 10, ""d1"": 3, ""d2"": 3, ""lowerBand"": 25, ""macdFast"": 151, ""macdSlow"": 50, ""upperBand"": 75}, ""vol"": {""bb_length"": 20, ""bb_mult"": 2, ""lookback"": 5}}","{""atr_len"": 48, ""atr_mult"": 1.1, ""be_pct"": 0.05, ""tp_mult"": 3.0, ""trail_arm"": 2.0, ""trail_mult"": 1.5}","{""base"": {""ma_length"": 25}, ""c1"": {""bbLen"": 20, ""bbStd"": 2, ""fastEma"": 20, ""sensitivity"": 150, ""slowEma"": 173}, ""c2"": {""period"": 14}, ""exit_ind"": {""cycleLen"": 10, ""d1"": 3, ""d2"": 3, ""lowerBand"": 25, ""macdFast"": 3, ""macdSlow"": 50, ""upperBand"": 75}, ""vol"": {""bb_length"": 20, ""bb_mult"": 2, ""lookback"": 2}}","{""atr_len"": 8, ""atr_mult"": 1.0, ""be_pct"": 0.05, ""tp_mult"": 2.4, ""trail_arm"": 2.0, ""trail_mult"": 1.5}",0.5163876599125914,False
waddah_attar_explosion_signals,vortex_signals,williams_vix_fix_volume_signals,rma_baseline,supertrend_exit,trend,C,True,0.1515264123284673,23.63812032324091,1.507577693220658,0.3525641025641026,2.6730298629574354,24.501471440337163,13.537529329818131,5.121985957306552,1.7461177551190925,156,102,54,48,1.1,0.05,3.0,1.9,2.0,"{""base"": {""ma_length"": 25}, ""c1"": {""bbLen"": 20, ""bbStd"": 2, ""fastEma"": 20, ""sensitivity"": 150, ""slowEma"": 114}, ""c2"": {""period"": 17}, ""exit_ind"": {""atr_period"": 10, ""factor"": 2}, ""vol"": {""bb_length"": 20, ""bb_mult"": 2, ""lookback"": 5}}","{""base"": {""ma_length"": 16}, ""c1"": {""bbLen"": 20, ""bbStd"": 2, ""fastEma"": 20, ""sensitivity"": 23, ""slowEma"": 263}, ""c2"": {""period"": 14}, ""exit_ind"": {""atr_period"": 2, ""factor"": 2}, ""vol"": {""bb_length"": 20, ""bb_mult"": 2, ""lookback"": 2}}","{""atr_len"": 7, ""atr_mult"": 1.0, ""be_pct"": 0.05, ""tp_mult"": 3.0, ""trail_arm"": 1.0, ""trail_mult"": 0.5}",deep,deep,0.4047437645312575,-0.0207637509541623,0.4408762631813977,"{""base"": {""ma_length"": 25}, ""c1"": {""bbLen"": 20, ""bbStd"": 2, ""fastEma"": 20, ""sensitivity"": 150, ""slowEma"": 114}, ""c2"": {""period"": 17}, ""exit_ind"": {""atr_period"": 10, ""factor"": 3}, ""vol"": {""bb_length"": 20, ""bb_mult"": 2, ""lookback"": 5}}","{""atr_len"": 48, ""atr_mult"": 1.1, ""be_pct"": 0.05, ""tp_mult"": 3.0, ""trail_arm"": 2.0, ""trail_mult"": 1.5}","{""base"": {""ma_length"": 25}, ""c1"": {""bbLen"": 20, ""bbStd"": 2, ""fastEma"": 20, ""sensitivity"": 150, ""slowEma"": 173}, ""c2"": {""period"": 14}, ""exit_ind"": {""atr_period"": 10, ""factor"": 2}, ""vol"": {""bb_length"": 20, ""bb_mult"": 2, ""lookback"": 2}}","{""atr_len"": 6, ""atr_mult"": 1.0, ""be_pct"": 0.05, ""tp_mult"": 2.85, ""trail_arm"": 2.0, ""trail_mult"": 1.5}",0.4508965997794483,False
waddah_attar_explosion_signals,waddah_attar_explosion_signals,williams_vix_fix_volume_signals,alma_baseline,supertrend_exit,trend,C,True,0.103128455980924,13.612956189481975,1.2988091535260804,0.2878787878787879,1.64427157465007,57.79696651315886,14.961699324012129,7.833467162347031,0.909853613194489,132,64,68,5,1.0,0.05,3.0,1.2,0.9,"{""base"": {""length"": 9, ""offset"": 0.85, ""sigma"": 7}, ""c1"": {""bbLen"": 132, ""bbStd"": 2, ""fastEma"": 20, ""sensitivity"": 122, ""slowEma"": 40}, ""c2"": {""bbLen"": 25, ""bbStd"": 2, ""fastEma"": 2, ""sensitivity"": 80, ""slowEma"": 9}, ""exit_ind"": {""atr_period"": 100, ""factor"": 3}, ""vol"": {""bb_length"": 11, ""bb_mult"": 2, ""lookback"": 22}}","{""base"": {""length"": 9, ""offset"": 0.85, ""sigma"": 6}, ""c1"": {""bbLen"": 200, ""bbStd"": 2, ""fastEma"": 2, ""sensitivity"": 281, ""slowEma"": 114}, ""c2"": {""bbLen"": 20, ""bbStd"": 2, ""fastEma"": 7, ""sensitivity"": 150, ""slowEma"": 32}, ""exit_ind"": {""atr_period"": 100, ""factor"": 4}, ""vol"": {""bb_length"": 20, ""bb_mult"": 2, ""lookback"": 63}}","{""atr_len"": 5, ""atr_mult"": 1.0, ""be_pct"": 0.05, ""tp_mult"": 3.0, ""trail_arm"": 1.8, ""trail_mult"": 0.9}",deep,deep,0.2034305671719518,0.1332197454297835,0.5044742382815807,"{""base"": {""length"": 9, ""offset"": 0.85, ""sigma"": 6}, ""c1"": {""bbLen"": 132, ""bbStd"": 2, ""fastEma"": 20, ""sensitivity"": 150, ""slowEma"": 40}, ""c2"": {""bbLen"": 20, ""bbStd"": 2, ""fastEma"": 2, ""sensitivity"": 150, ""slowEma"": 9}, ""exit_ind"": {""atr_period"": 10, ""factor"": 2}, ""vol"": {""bb_length"": 11, ""bb_mult"": 2, ""lookback"": 22}}","{""atr_len"": 2, ""atr_mult"": 1.0, ""be_pct"": 0.05, ""tp_mult"": 3.0, ""trail_arm"": 2.0, ""trail_mult"": 1.5}","{""base"": {""length"": 9, ""offset"": 0.85, ""sigma"": 6}, ""c1"": {""bbLen"": 132, ""bbStd"": 2, ""fastEma"": 20, ""sensitivity"": 150, ""slowEma"": 114}, ""c2"": {""bbLen"": 20, ""bbStd"": 2, ""fastEma"": 2, ""sensitivity"": 150, ""slowEma"": 40}, ""exit_ind"": {""atr_period"": 10, ""factor"": 2}, ""vol"": {""bb_length"": 20, ""bb_mult"": 2, ""lookback"": 18}}","{""atr_len"": 3, ""atr_mult"": 1.0, ""be_pct"": 0.05, ""tp_mult"": 1.3, ""trail_arm"": 2.0, ""trail_mult"": 1.5}",0.1355428759337057,False
waddah_attar_explosion_signals,waddah_attar_explosion_signals,williams_vix_fix_volume_signals,mcginley_dynamic_index,aroon_exit,trend,C,True,0.2196697243464777,25.042348575498465,1.7257404676950838,0.3859649122807017,3.3572856922963963,84.12297894696056,10.482871337400397,4.82199409263554,2.3888825656147574,114,64,50,34,1.0,0.05,3.0,1.95,1.65,"{""base"": {""mci_length"": 2}, ""c1"": {""bbLen"": 20, ""bbStd"": 20, ""fastEma"": 2, ""sensitivity"": 53, ""slowEma"": 9}, ""c2"": {""bbLen"": 2, ""bbStd"": 20, ""fastEma"": 20, ""sensitivity"": 122, ""slowEma"": 32}, ""exit_ind"": {""length"": 20}, ""vol"": {""bb_length"": 11, ""bb_mult"": 2, ""lookback"": 2}}","{""base"": {""mci_length"": 2}, ""c1"": {""bbLen"": 200, ""bbStd"": 20, ""fastEma"": 20, ""sensitivity"": 150, ""slowEma"": 40}, ""c2"": {""bbLen"": 20, ""bbStd"": 2, ""fastEma"": 37, ""sensitivity"": 150, ""slowEma"": 173}, ""exit_ind"": {""length"": 13}, ""vol"": {""bb_length"": 11, ""bb_mult"": 2, ""lookback"": 2}}","{""atr_len"": 42, ""atr_mult"": 1.0, ""be_pct"": 0.01, ""tp_mult"": 2.75, ""trail_arm"": 1.0, ""trail_mult"": 1.7}",deep,deep,0.5348777308147561,-0.0057288002044198,0.6580784513228171,"{""base"": {""mci_length"": 2}, ""c1"": {""bbLen"": 20, ""bbStd"": 20, ""fastEma"": 2, ""sensitivity"": 53, ""slowEma"": 9}, ""c2"": {""bbLen"": 20, ""bbStd"": 20, ""fastEma"": 20, ""sensitivity"": 150, ""slowEma"": 32}, ""exit_ind"": {""length"": 71}, ""vol"": {""bb_length"": 11, ""bb_mult"": 2, ""lookback"": 2}}","{""atr_len"": 50, ""atr_mult"": 1.0, ""be_pct"": 0.05, ""tp_mult"": 3.0, ""trail_arm"": 2.0, ""trail_mult"": 1.5}","{""base"": {""mci_length"": 2}, ""c1"": {""bbLen"": 132, ""bbStd"": 20, ""fastEma"": 20, ""sensitivity"": 150, ""slowEma"": 40}, ""c2"": {""bbLen"": 20, ""bbStd"": 2, ""fastEma"": 20, ""sensitivity"": 150, ""slowEma"": 173}, ""exit_ind"": {""length"": 13}, ""vol"": {""bb_length"": 11, ""bb_mult"": 2, ""lookback"": 2}}","{""atr_len"": 20, ""atr_mult"": 1.0, ""be_pct"": 0.05, ""tp_mult"": 2.45, ""trail_arm"": 2.0, ""trail_mult"": 1.5}",0.4696813515159953,False
waddah_attar_explosion_signals,waddah_attar_explosion_signals,williams_vix_fix_volume_signals,mcginley_dynamic_index,bears_bulls_impulse_exit,trend,C,True,0.2674971807122381,30.494678601195144,2.053418563417172,0.4561403508771929,4.331374602339277,43.04543877600525,8.086657002282742,3.736618006847894,3.770987021285428,114,64,50,40,1.0,0.05,3.0,2.0,1.65,"{""base"": {""mci_length"": 2}, ""c1"": {""bbLen"": 20, ""bbStd"": 20, ""fastEma"": 2, ""sensitivity"": 53, ""slowEma"": 9}, ""c2"": {""bbLen"": 2, ""bbStd"": 20, ""fastEma"": 20, ""sensitivity"": 122, ""slowEma"": 32}, ""exit_ind"": {""length"": 56}, ""vol"": {""bb_length"": 11, ""bb_mult"": 2, ""lookback"": 2}}","{""base"": {""mci_length"": 2}, ""c1"": {""bbLen"": 200, ""bbStd"": 20, ""fastEma"": 20, ""sensitivity"": 150, ""slowEma"": 40}, ""c2"": {""bbLen"": 20, ""bbStd"": 2, ""fastEma"": 37, ""sensitivity"": 150, ""slowEma"": 173}, ""exit_ind"": {""length"": 11}, ""vol"": {""bb_length"": 11, ""bb_mult"": 2, ""lookback"": 2}}","{""atr_len"": 38, ""atr_mult"": 1.0, ""be_pct"": 0.01, ""tp_mult"": 2.85, ""trail_arm"": 1.0, ""trail_mult"": 1.9}",deep,deep,0.576797077022033,-0.003273788494115,0.6576825947869315,"{""base"": {""mci_length"": 2}, ""c1"": {""bbLen"": 20, ""bbStd"": 20, ""fastEma"": 2, ""sensitivity"": 53, ""slowEma"": 9}, ""c2"": {""bbLen"": 20, ""bbStd"": 20, ""fastEma"": 20, ""sensitivity"": 150, ""slowEma"": 32}, ""exit_ind"": {""length"": 56}, ""vol"": {""bb_length"": 11, ""bb_mult"": 2, ""lookback"": 2}}","{""atr_len"": 50, ""atr_mult"": 1.0, ""be_pct"": 0.05, ""tp_mult"": 3.0, ""trail_arm"": 2.0, ""trail_mult"": 1.5}","{""base"": {""mci_length"": 2}, ""c1"": {""bbLen"": 132, ""bbStd"": 20, ""fastEma"": 20, ""sensitivity"": 150, ""slowEma"": 40}, ""c2"": {""bbLen"": 20, ""bbStd"": 2, ""fastEma"": 20, ""sensitivity"": 150, ""slowEma"": 173}, ""exit_ind"": {""length"": 37}, ""vol"": {""bb_length"": 11, ""bb_mult"": 2, ""lookback"": 2}}","{""atr_len"": 23, ""atr_mult"": 1.0, ""be_pct"": 0.05, ""tp_mult"": 2.8, ""trail_arm"": 2.0, ""trail_mult"": 1.5}",0.4684088173182218,False
waddah_attar_explosion_signals,waddah_attar_explosion_signals,williams_vix_fix_volume_signals,mcginley_dynamic_index,coppock_curve_exit,trend,C,True,0.2015893595292532,22.981186986334873,1.657019733699563,0.3684210526315789,3.141677281468102,54.231112583743005,10.101383881834238,4.868931306523324,2.2750533248877858,114,64,50,34,1.0,0.05,3.0,1.95,1.65,"{""base"": {""mci_length"": 2}, ""c1"": {""bbLen"": 20, ""bbStd"": 20, ""fastEma"": 2, ""sensitivity"": 53, ""slowEma"": 9}, ""c2"": {""bbLen"": 2, ""bbStd"": 20, ""fastEma"": 20, ""sensitivity"": 122, ""slowEma"": 32}, ""exit_ind"": {""long_roc"": 61, ""short_roc"": 9, ""smooth_len"": 10}, ""vol"": {""bb_length"": 11, ""bb_mult"": 2, ""lookback"": 2}}","{""base"": {""mci_length"": 2}, ""c1"": {""bbLen"": 200, ""bbStd"": 20, ""fastEma"": 20, ""sensitivity"": 150, ""slowEma"": 40}, ""c2"": {""bbLen"": 20, ""bbStd"": 2, ""fastEma"": 37, ""sensitivity"": 150, ""slowEma"": 173}, ""exit_ind"": {""long_roc"": 5, ""short_roc"": 9, ""smooth_len"": 10}, ""vol"": {""bb_length"": 11, ""bb_mult"": 2, ""lookback"": 2}}","{""atr_len"": 32, ""atr_mult"": 1.0, ""be_pct"": 0.16, ""tp_mult"": 2.85, ""trail_arm"": 1.0, ""trail_mult"": 1.85}",deep,deep,0.5396567289218912,-0.0055711684191876,0.6827916417576969,"{""base"": {""mci_length"": 2}, ""c1"": {""bbLen"": 20, ""bbStd"": 20, ""fastEma"": 2, ""sensitivity"": 53, ""slowEma"": 9}, ""c2"": {""bbLen"": 20, ""bbStd"": 20, ""fastEma"": 20, ""sensitivity"": 150, ""slowEma"": 32}, ""exit_ind"": {""long_roc"": 5, ""short_roc"": 11, ""smooth_len"": 10}, ""vol"": {""bb_length"": 11, ""bb_mult"": 2, ""lookback"": 2}}","{""atr_len"": 50, ""atr_mult"": 1.0, ""be_pct"": 0.05, ""tp_mult"": 3.0, ""trail_arm"": 2.0, ""trail_mult"": 1.5}","{""base"": {""mci_length"": 2}, ""c1"": {""bbLen"": 132, ""bbStd"": 20, ""fastEma"": 20, ""sensitivity"": 150, ""slowEma"": 40}, ""c2"": {""bbLen"": 20, ""bbStd"": 2, ""fastEma"": 20, ""sensitivity"": 150, ""slowEma"": 173}, ""exit_ind"": {""long_roc"": 5, ""short_roc"": 11, ""smooth_len"": 10}, ""vol"": {""bb_length"": 11, ""bb_mult"": 2, ""lookback"": 2}}","{""atr_len"": 20, ""atr_mult"": 1.0, ""be_pct"": 0.05, ""tp_mult"": 2.75, ""trail_arm"": 2.0, ""trail_mult"": 1.5}",0.4711821111164013,False
waddah_attar_explosion_signals,waddah_attar_explosion_signals,williams_vix_fix_volume_signals,mcginley_dynamic_index,didi_index_exit,trend,C,True,0.0857198516638736,9.772063089681597,1.2933755037520465,0.3771929824561403,1.6253776842080758,13.58326456346901,10.99583267663713,5.405062510517578,0.888706055926471,114,64,50,40,1.0,0.05,3.0,2.0,1.65,"{""base"": {""mci_length"": 2}, ""c1"": {""bbLen"": 20, ""bbStd"": 20, ""fastEma"": 2, ""sensitivity"": 53, ""slowEma"": 9}, ""c2"": {""bbLen"": 2, ""bbStd"": 20, ""fastEma"": 20, ""sensitivity"": 122, ""slowEma"": 32}, ""exit_ind"": {""long_p"": 20, ""medium"": 80}, ""vol"": {""bb_length"": 11, ""bb_mult"": 2, ""lookback"": 2}}","{""base"": {""mci_length"": 2}, ""c1"": {""bbLen"": 200, ""bbStd"": 20, ""fastEma"": 20, ""sensitivity"": 150, ""slowEma"": 40}, ""c2"": {""bbLen"": 20, ""bbStd"": 2, ""fastEma"": 37, ""sensitivity"": 150, ""slowEma"": 173}, ""exit_ind"": {""long_p"": 20, ""medium"": 2}, ""vol"": {""bb_length"": 11, ""bb_mult"": 2, ""lookback"": 2}}","{""atr_len"": 20, ""atr_mult"": 1.0, ""be_pct"": 0.05, ""tp_mult"": 3.0, ""trail_arm"": 1.6, ""trail_mult"": 1.5}",deep,deep,0.4977585565608965,-0.0035260436410247,0.6848059020680384,"{""base"": {""mci_length"": 2}, ""c1"": {""bbLen"": 20, ""bbStd"": 20, ""fastEma"": 2, ""sensitivity"": 53, ""slowEma"": 9}, ""c2"": {""bbLen"": 20, ""bbStd"": 20, ""fastEma"": 20, ""sensitivity"": 150, ""slowEma"": 32}, ""exit_ind"": {""long_p"": 11, ""medium"": 8}, ""vol"": {""bb_length"": 11, ""bb_mult"": 2, ""lookback"": 2}}","{""atr_len"": 50, ""atr_mult"": 1.0, ""be_pct"": 0.05, ""tp_mult"": 2.7, ""trail_arm"": 2.0, ""trail_mult"": 1.5}","{""base"": {""mci_length"": 2}, ""c1"": {""bbLen"": 132, ""bbStd"": 20, ""fastEma"": 20, ""sensitivity"": 150, ""slowEma"": 40}, ""c2"": {""bbLen"": 20, ""bbStd"": 2, ""fastEma"": 20, ""sensitivity"": 150, ""slowEma"": 173}, ""exit_ind"": {""long_p"": 16, ""medium"": 8}, ""vol"": {""bb_length"": 11, ""bb_mult"": 2, ""lookback"": 2}}","{""atr_len"": 20, ""atr_mult"": 1.0, ""be_pct"": 0.05, ""tp_mult"": 2.45, ""trail_arm"": 2.0, ""trail_mult"": 1.5}",0.4645515609386156,False
waddah_attar_explosion_signals,waddah_attar_explosion_signals,williams_vix_fix_volume_signals,mcginley_dynamic_index,donchian_breakout_exit,trend,C,True,0.0974244508718036,11.69093410461644,1.378449091998272,0.4166666666666667,1.9885875495901475,11.624103895794551,6.186988616140601,2.7418706418432524,1.889600067166304,120,70,50,34,1.0,0.05,3.0,1.95,1.65,"{""base"": {""mci_length"": 2}, ""c1"": {""bbLen"": 20, ""bbStd"": 20, ""fastEma"": 2, ""sensitivity"": 53, ""slowEma"": 9}, ""c2"": {""bbLen"": 2, ""bbStd"": 20, ""fastEma"": 20, ""sensitivity"": 122, ""slowEma"": 32}, ""exit_ind"": {""length"": 37}, ""vol"": {""bb_length"": 11, ""bb_mult"": 2, ""lookback"": 2}}","{""base"": {""mci_length"": 2}, ""c1"": {""bbLen"": 132, ""bbStd"": 20, ""fastEma"": 20, ""sensitivity"": 150, ""slowEma"": 40}, ""c2"": {""bbLen"": 200, ""bbStd"": 2, ""fastEma"": 57, ""sensitivity"": 150, ""slowEma"": 173}, ""exit_ind"": {""length"": 16}, ""vol"": {""bb_length"": 87, ""bb_mult"": 2, ""lookback"": 5}}","{""atr_len"": 28, ""atr_mult"": 1.0, ""be_pct"": 0.05, ""tp_mult"": 3.0, ""trail_arm"": 1.75, ""trail_mult"": 1.6}",deep,deep,0.5352998394196331,0.0080369799483325,0.6818408372734942,"{""base"": {""mci_length"": 2}, ""c1"": {""bbLen"": 20, ""bbStd"": 20, ""fastEma"": 2, ""sensitivity"": 53, ""slowEma"": 9}, ""c2"": {""bbLen"": 20, ""bbStd"": 20, ""fastEma"": 20, ""sensitivity"": 150, ""slowEma"": 32}, ""exit_ind"": {""length"": 37}, ""vol"": {""bb_length"": 11, ""bb_mult"": 2, ""lookback"": 2}}","{""atr_len"": 50, ""atr_mult"": 1.0, ""be_pct"": 0.05, ""tp_mult"": 3.0, ""trail_arm"": 2.0, ""trail_mult"": 1.5}","{""base"": {""mci_length"": 2}, ""c1"": {""bbLen"": 132, ""bbStd"": 20, ""fastEma"": 20, ""sensitivity"": 150, ""slowEma"": 40}, ""c2"": {""bbLen"": 20, ""bbStd"": 2, ""fastEma"": 20, ""sensitivity"": 150, ""slowEma"": 173}, ""exit_ind"": {""length"": 16}, ""vol"": {""bb_length"": 11, ""bb_mult"": 2, ""lookback"": 5}}","{""atr_len"": 20, ""atr_mult"": 1.0, ""be_pct"": 0.05, ""tp_mult"": 3.0, ""trail_arm"": 2.0, ""trail_mult"": 1.5}",0.5306941018577285,False
waddah_attar_explosion_signals,waddah_attar_explosion_signals,williams_vix_fix_volume_signals,mcginley_dynamic_index,dpo_exit,trend,C,True,0.1842107832015039,21.000029284971447,1.8044859991983224,0.4736842105263157,3.5464333241948265,23.079275371162513,8.612911544807236,3.221627516199669,2.4382032923155306,114,64,50,34,1.0,0.05,3.0,1.95,1.6,"{""base"": {""mci_length"": 2}, ""c1"": {""bbLen"": 20, ""bbStd"": 20, ""fastEma"": 2, ""sensitivity"": 53, ""slowEma"": 9}, ""c2"": {""bbLen"": 2, ""bbStd"": 20, ""fastEma"": 20, ""sensitivity"": 122, ""slowEma"": 32}, ""exit_ind"": {""len"": 12}, ""vol"": {""bb_length"": 11, ""bb_mult"": 2, ""lookback"": 2}}","{""base"": {""mci_length"": 2}, ""c1"": {""bbLen"": 200, ""bbStd"": 20, ""fastEma"": 20, ""sensitivity"": 150, ""slowEma"": 40}, ""c2"": {""bbLen"": 20, ""bbStd"": 2, ""fastEma"": 37, ""sensitivity"": 150, ""slowEma"": 173}, ""exit_ind"": {""len"": 12}, ""vol"": {""bb_length"": 11, ""bb_mult"": 2, ""lookback"": 2}}","{""atr_len"": 35, ""atr_mult"": 1.0, ""be_pct"": 0.05, ""tp_mult"": 3.0, ""trail_arm"": 1.0, ""trail_mult"": 1.5}",deep,deep,0.5557845542510093,0.0242849069178041,0.6909079392756683,"{""base"": {""mci_length"": 2}, ""c1"": {""bbLen"": 20, ""bbStd"": 20, ""fastEma"": 2, ""sensitivity"": 53, ""slowEma"": 9}, ""c2"": {""bbLen"": 20, ""bbStd"": 20, ""fastEma"": 20, ""sensitivity"": 150, ""slowEma"": 32}, ""exit_ind"": {""len"": 12}, ""vol"": {""bb_length"": 11, ""bb_mult"": 2, ""lookback"": 2}}","{""atr_len"": 42, ""atr_mult"": 1.0, ""be_pct"": 0.05, ""tp_mult"": 3.0, ""trail_arm"": 2.0, ""trail_mult"": 1.5}","{""base"": {""mci_length"": 2}, ""c1"": {""bbLen"": 132, ""bbStd"": 20, ""fastEma"": 20, ""sensitivity"": 150, ""slowEma"": 40}, ""c2"": {""bbLen"": 20, ""bbStd"": 2, ""fastEma"": 20, ""sensitivity"": 150, ""slowEma"": 173}, ""exit_ind"": {""len"": 8}, ""vol"": {""bb_length"": 11, ""bb_mult"": 2, ""lookback"": 2}}","{""atr_len"": 20, ""atr_mult"": 1.0, ""be_pct"": 0.05, ""tp_mult"": 3.0, ""trail_arm"": 2.0, ""trail_mult"": 1.5}",0.4751625389106957,False
waddah_attar_explosion_signals,waddah_attar_explosion_signals,williams_vix_fix_volume_signals,mcginley_dynamic_index,ehlers_reverse_ema_exit,trend,C,True,0.1691871969624118,22.332709999038364,1.5740399117436776,0.3787878787878788,2.799298468419335,39.18332235237476,8.189263388792718,3.131626463225227,2.7270718914232788,132,82,50,34,1.0,0.05,3.0,1.95,1.65,"{""base"": {""mci_length"": 2}, ""c1"": {""bbLen"": 20, ""bbStd"": 20, ""fastEma"": 2, ""sensitivity"": 53, ""slowEma"": 9}, ""c2"": {""bbLen"": 2, ""bbStd"": 20, ""fastEma"": 20, ""sensitivity"": 122, ""slowEma"": 32}, ""exit_ind"": {""alpha"": 0.1}, ""vol"": {""bb_length"": 11, ""bb_mult"": 2, ""lookback"": 2}}","{""base"": {""mci_length"": 2}, ""c1"": {""bbLen"": 132, ""bbStd"": 20, ""fastEma"": 20, ""sensitivity"": 150, ""slowEma"": 40}, ""c2"": {""bbLen"": 20, ""bbStd"": 2, ""fastEma"": 37, ""sensitivity"": 150, ""slowEma"": 173}, ""exit_ind"": {""alpha"": 0.187382}, ""vol"": {""bb_length"": 57, ""bb_mult"": 2, ""lookback"": 3}}","{""atr_len"": 19, ""atr_mult"": 1.0, ""be_pct"": 0.05, ""tp_mult"": 3.0, ""trail_arm"": 2.0, ""trail_mult"": 0.65}",deep,deep,0.5208122354746691,-0.006048869329656,0.7058095006164605,"{""base"": {""mci_length"": 2}, ""c1"": {""bbLen"": 20, ""bbStd"": 20, ""fastEma"": 2, ""sensitivity"": 53, ""slowEma"": 9}, ""c2"": {""bbLen"": 20, ""bbStd"": 20, ""fastEma"": 20, ""sensitivity"": 150, ""slowEma"": 32}, ""exit_ind"": {""alpha"": 0.432876}, ""vol"": {""bb_length"": 11, ""bb_mult"": 2, ""lookback"": 2}}","{""atr_len"": 50, ""atr_mult"": 1.0, ""be_pct"": 0.05, ""tp_mult"": 3.0, ""trail_arm"": 2.0, ""trail_mult"": 1.5}","{""base"": {""mci_length"": 2}, ""c1"": {""bbLen"": 132, ""bbStd"": 20, ""fastEma"": 20, ""sensitivity"": 150, ""slowEma"": 40}, ""c2"": {""bbLen"": 20, ""bbStd"": 2, ""fastEma"": 20, ""sensitivity"": 150, ""slowEma"": 173}, ""exit_ind"": {""alpha"": 0.284804}, ""vol"": {""bb_length"": 11, ""bb_mult"": 2, ""lookback"": 2}}","{""atr_len"": 20, ""atr_mult"": 1.0, ""be_pct"": 0.05, ""tp_mult"": 3.0, ""trail_arm"": 2.0, ""trail_mult"": 1.5}",0.483737150786486,False
waddah_attar_explosion_signals,waddah_attar_explosion_signals,williams_vix_fix_volume_signals,mcginley_dynamic_index,hieken_ashi_smoothed_exit,trend,C,True,0.1014319867417504,10.954654568109047,1.3268929731776675,0.3425925925925926,1.792066505676814,38.72514290320819,9.86200024367309,4.273284526712039,1.11079439235838,108,58,50,34,1.0,0.05,3.0,1.95,1.65,"{""base"": {""mci_length"": 2}, ""c1"": {""bbLen"": 20, ""bbStd"": 20, ""fastEma"": 2, ""sensitivity"": 53, ""slowEma"": 9}, ""c2"": {""bbLen"": 2, ""bbStd"": 20, ""fastEma"": 20, ""sensitivity"": 122, ""slowEma"": 32}, ""exit_ind"": {""ma_len1"": 6, ""ma_len2"": 8}, ""vol"": {""bb_length"": 11, ""bb_mult"": 2, ""lookback"": 2}}","{""base"": {""mci_length"": 2}, ""c1"": {""bbLen"": 132, ""bbStd"": 20, ""fastEma"": 20, ""sensitivity"": 150, ""slowEma"": 40}, ""c2"": {""bbLen"": 20, ""bbStd"": 2, ""fastEma"": 5, ""sensitivity"": 150, ""slowEma"": 173}, ""exit_ind"": {""ma_len1"": 6, ""ma_len2"": 8}, ""vol"": {""bb_length"": 16, ""bb_mult"": 2, ""lookback"": 3}}","{""atr_len"": 18, ""atr_mult"": 1.0, ""be_pct"": 0.05, ""tp_mult"": 2.45, ""trail_arm"": 2.0, ""trail_mult"": 0.8}",deep,deep,0.5778420326061218,-0.0062591206750409,0.6923033713464296,"{""base"": {""mci_length"": 2}, ""c1"": {""bbLen"": 20, ""bbStd"": 20, ""fastEma"": 2, ""sensitivity"": 53, ""slowEma"": 9}, ""c2"": {""bbLen"": 20, ""bbStd"": 20, ""fastEma"": 20, ""sensitivity"": 150, ""slowEma"": 32}, ""exit_ind"": {""ma_len1"": 6, ""ma_len2"": 8}, ""vol"": {""bb_length"": 11, ""bb_mult"": 2, ""lookback"": 2}}","{""atr_len"": 42, ""atr_mult"": 1.0, ""be_pct"": 0.05, ""tp_mult"": 2.7, ""trail_arm"": 2.0, ""trail_mult"": 1.5}","{""base"": {""mci_length"": 2}, ""c1"": {""bbLen"": 132, ""bbStd"": 20, ""fastEma"": 20, ""sensitivity"": 150, ""slowEma"": 40}, ""c2"": {""bbLen"": 20, ""bbStd"": 2, ""fastEma"": 20, ""sensitivity"": 150, ""slowEma"": 173}, ""exit_ind"": {""ma_len1"": 6, ""ma_len2"": 8}, ""vol"": {""bb_length"": 11, ""bb_mult"": 2, ""lookback"": 2}}","{""atr_len"": 20, ""atr_mult"": 1.0, ""be_pct"": 0.05, ""tp_mult"": 2.5, ""trail_arm"": 2.0, ""trail_mult"": 1.5}",0.4801796113187819,False
waddah_attar_explosion_signals,waddah_attar_explosion_signals,williams_vix_fix_volume_signals,mcginley_dynamic_index,kalman_filter_exit,trend,C,True,0.2415133630634162,27.53252338922945,1.8770040756553308,0.4210526315789473,3.7969124953862616,39.21382946603739,8.5159814871107,3.660181345459948,3.2330417146750605,114,64,50,34,1.0,0.05,3.0,1.95,1.65,"{""base"": {""mci_length"": 2}, ""c1"": {""bbLen"": 20, ""bbStd"": 20, ""fastEma"": 2, ""sensitivity"": 53, ""slowEma"": 9}, ""c2"": {""bbLen"": 2, ""bbStd"": 20, ""fastEma"": 20, ""sensitivity"": 122, ""slowEma"": 32}, ""exit_ind"": {""k"": 4, ""sharpness"": 7}, ""vol"": {""bb_length"": 11, ""bb_mult"": 2, ""lookback"": 2}}","{""base"": {""mci_length"": 2}, ""c1"": {""bbLen"": 200, ""bbStd"": 20, ""fastEma"": 20, ""sensitivity"": 150, ""slowEma"": 40}, ""c2"": {""bbLen"": 20, ""bbStd"": 2, ""fastEma"": 37, ""sensitivity"": 150, ""slowEma"": 173}, ""exit_ind"": {""k"": 4, ""sharpness"": 1}, ""vol"": {""bb_length"": 11, ""bb_mult"": 2, ""lookback"": 2}}","{""atr_len"": 42, ""atr_mult"": 1.0, ""be_pct"": 0.01, ""tp_mult"": 2.85, ""trail_arm"": 1.0, ""trail_mult"": 1.95}",deep,deep,0.4672064793841367,-0.0057288002044198,0.7175298997628125,"{""base"": {""mci_length"": 2}, ""c1"": {""bbLen"": 20, ""bbStd"": 20, ""fastEma"": 2, ""sensitivity"": 53, ""slowEma"": 9}, ""c2"": {""bbLen"": 20, ""bbStd"": 20, ""fastEma"": 20, ""sensitivity"": 150, ""slowEma"": 32}, ""exit_ind"": {""k"": 7, ""sharpness"": 1}, ""vol"": {""bb_length"": 11, ""bb_mult"": 2, ""lookback"": 2}}","{""atr_len"": 16, ""atr_mult"": 1.0, ""be_pct"": 0.05, ""tp_mult"": 2.75, ""trail_arm"": 2.0, ""trail_mult"": 1.5}","{""base"": {""mci_length"": 2}, ""c1"": {""bbLen"": 132, ""bbStd"": 20, ""fastEma"": 20, ""sensitivity"": 150, ""slowEma"": 40}, ""c2"": {""bbLen"": 20, ""bbStd"": 2, ""fastEma"": 20, ""sensitivity"": 150, ""slowEma"": 173}, ""exit_ind"": {""k"": 4, ""sharpness"": 1}, ""vol"": {""bb_length"": 11, ""bb_mult"": 2, ""lookback"": 2}}","{""atr_len"": 20, ""atr_mult"": 1.0, ""be_pct"": 0.05, ""tp_mult"": 2.45, ""trail_arm"": 2.0, ""trail_mult"": 1.5}",0.4855668840771623,False
waddah_attar_explosion_signals,waddah_attar_explosion_signals,williams_vix_fix_volume_signals,mcginley_dynamic_index,laguerre_filter_exit,trend,C,True,0.1568506213243918,20.70428201481972,1.5105410491025248,0.3636363636363636,2.575133416996101,71.87707451470268,9.140609108651836,3.649219684283213,2.265087782303539,132,82,50,34,1.0,0.05,3.0,1.95,1.65,"{""base"": {""mci_length"": 2}, ""c1"": {""bbLen"": 20, ""bbStd"": 20, ""fastEma"": 2, ""sensitivity"": 53, ""slowEma"": 9}, ""c2"": {""bbLen"": 2, ""bbStd"": 20, ""fastEma"": 20, ""sensitivity"": 122, ""slowEma"": 32}, ""exit_ind"": {""alpha"": 0.374763}, ""vol"": {""bb_length"": 11, ""bb_mult"": 2, ""lookback"": 2}}","{""base"": {""mci_length"": 2}, ""c1"": {""bbLen"": 132, ""bbStd"": 20, ""fastEma"": 20, ""sensitivity"": 150, ""slowEma"": 40}, ""c2"": {""bbLen"": 20, ""bbStd"": 2, ""fastEma"": 37, ""sensitivity"": 150, ""slowEma"": 173}, ""exit_ind"": {""alpha"": 0.374763}, ""vol"": {""bb_length"": 57, ""bb_mult"": 2, ""lookback"": 3}}","{""atr_len"": 19, ""atr_mult"": 1.0, ""be_pct"": 0.05, ""tp_mult"": 3.0, ""trail_arm"": 2.0, ""trail_mult"": 0.65}",deep,deep,0.5224582204318698,-0.0057288002044198,0.6743498690051944,"{""base"": {""mci_length"": 2}, ""c1"": {""bbLen"": 20, ""bbStd"": 20, ""fastEma"": 2, ""sensitivity"": 53, ""slowEma"": 9}, ""c2"": {""bbLen"": 20, ""bbStd"": 20, ""fastEma"": 20, ""sensitivity"": 150, ""slowEma"": 32}, ""exit_ind"": {""alpha"": 0.070224}, ""vol"": {""bb_length"": 11, ""bb_mult"": 2, ""lookback"": 2}}","{""atr_len"": 50, ""atr_mult"": 1.0, ""be_pct"": 0.05, ""tp_mult"": 3.0, ""trail_arm"": 2.0, ""trail_mult"": 1.5}","{""base"": {""mci_length"": 2}, ""c1"": {""bbLen"": 132, ""bbStd"": 20, ""fastEma"": 20, ""sensitivity"": 150, ""slowEma"": 40}, ""c2"": {""bbLen"": 20, ""bbStd"": 2, ""fastEma"": 20, ""sensitivity"": 150, ""slowEma"": 173}, ""exit_ind"": {""alpha"": 0.569607}, ""vol"": {""bb_length"": 11, ""bb_mult"": 2, ""lookback"": 2}}","{""atr_len"": 20, ""atr_mult"": 1.0, ""be_pct"": 0.05, ""tp_mult"": 3.0, ""trail_arm"": 2.0, ""trail_mult"": 1.5}",0.4908665228914211,False
waddah_attar_explosion_signals,waddah_attar_explosion_signals,williams_vix_fix_volume_signals,mcginley_dynamic_index,price_momentum_oscillator_exit,trend,C,True,0.2858749322394383,32.58974227529596,2.1179722997486015,0.4473684210526316,4.494333828978638,45.67707364285032,5.963824716927807,2.413767817549342,5.464570778345105,114,64,50,34,1.05,0.05,3.0,1.95,1.65,"{""base"": {""mci_length"": 2}, ""c1"": {""bbLen"": 20, ""bbStd"": 20, ""fastEma"": 2, ""sensitivity"": 53, ""slowEma"": 9}, ""c2"": {""bbLen"": 2, ""bbStd"": 20, ""fastEma"": 20, ""sensitivity"": 122, ""slowEma"": 32}, ""exit_ind"": {""s1"": 8, ""s2"": 16, ""sig"": 10}, ""vol"": {""bb_length"": 11, ""bb_mult"": 2, ""lookback"": 2}}","{""base"": {""mci_length"": 2}, ""c1"": {""bbLen"": 200, ""bbStd"": 20, ""fastEma"": 20, ""sensitivity"": 150, ""slowEma"": 40}, ""c2"": {""bbLen"": 20, ""bbStd"": 2, ""fastEma"": 37, ""sensitivity"": 150, ""slowEma"": 173}, ""exit_ind"": {""s1"": 8, ""s2"": 11, ""sig"": 10}, ""vol"": {""bb_length"": 11, ""bb_mult"": 2, ""lookback"": 2}}","{""atr_len"": 38, ""atr_mult"": 1.0, ""be_pct"": 0.09, ""tp_mult"": 3.0, ""trail_arm"": 1.0, ""trail_mult"": 1.9}",deep,deep,0.5559283601279934,-0.004819267920947,0.6960003780334721,"{""base"": {""mci_length"": 2}, ""c1"": {""bbLen"": 20, ""bbStd"": 20, ""fastEma"": 2, ""sensitivity"": 53, ""slowEma"": 9}, ""c2"": {""bbLen"": 20, ""bbStd"": 20, ""fastEma"": 20, ""sensitivity"": 150, ""slowEma"": 32}, ""exit_ind"": {""s1"": 12, ""s2"": 20, ""sig"": 10}, ""vol"": {""bb_length"": 11, ""bb_mult"": 2, ""lookback"": 2}}","{""atr_len"": 50, ""atr_mult"": 1.0, ""be_pct"": 0.05, ""tp_mult"": 3.0, ""trail_arm"": 2.0, ""trail_mult"": 1.5}","{""base"": {""mci_length"": 2}, ""c1"": {""bbLen"": 132, ""bbStd"": 20, ""fastEma"": 20, ""sensitivity"": 150, ""slowEma"": 40}, ""c2"": {""bbLen"": 20, ""bbStd"": 2, ""fastEma"": 20, ""sensitivity"": 150, ""slowEma"": 173}, ""exit_ind"": {""s1"": 350, ""s2"": 20, ""sig"": 10}, ""vol"": {""bb_length"": 11, ""bb_mult"": 2, ""lookback"": 2}}","{""atr_len"": 20, ""atr_mult"": 1.0, ""be_pct"": 0.05, ""tp_mult"": 2.45, ""trail_arm"": 2.0, ""trail_mult"": 1.5}",0.4185599669440825,False
waddah_attar_explosion_signals,waddah_attar_explosion_signals,williams_vix_fix_volume_signals,mcginley_dynamic_index,vortex_exit,trend,C,True,0.1019030075317687,12.63597293393933,1.3776518292467017,0.4193548387096774,1.9952085250773304,15.316880346402172,6.260777921638789,2.5766175500031454,2.0182752194845146,124,74,50,40,1.0,0.05,3.0,2.0,1.65,"{""base"": {""mci_length"": 2}, ""c1"": {""bbLen"": 20, ""bbStd"": 20, ""fastEma"": 2, ""sensitivity"": 53, ""slowEma"": 9}, ""c2"": {""bbLen"": 2, ""bbStd"": 20, ""fastEma"": 20, ""sensitivity"": 122, ""slowEma"": 32}, ""exit_ind"": {""period"": 17}, ""vol"": {""bb_length"": 11, ""bb_mult"": 2, ""lookback"": 2}}","{""base"": {""mci_length"": 2}, ""c1"": {""bbLen"": 132, ""bbStd"": 20, ""fastEma"": 20, ""sensitivity"": 150, ""slowEma"": 40}, ""c2"": {""bbLen"": 20, ""bbStd"": 2, ""fastEma"": 20, ""sensitivity"": 150, ""slowEma"": 21}, ""exit_ind"": {""period"": 14}, ""vol"": {""bb_length"": 87, ""bb_mult"": 2, ""lookback"": 5}}","{""atr_len"": 28, ""atr_mult"": 1.0, ""be_pct"": 0.05, ""tp_mult"": 3.0, ""trail_arm"": 1.75, ""trail_mult"": 1.6}",deep,deep,0.5737564009485592,-0.0050471121354323,0.6659738821906608,"{""base"": {""mci_length"": 2}, ""c1"": {""bbLen"": 20, ""bbStd"": 20, ""fastEma"": 2, ""sensitivity"": 53, ""slowEma"": 9}, ""c2"": {""bbLen"": 20, ""bbStd"": 20, ""fastEma"": 20, ""sensitivity"": 150, ""slowEma"": 32}, ""exit_ind"": {""period"": 17}, ""vol"": {""bb_length"": 11, ""bb_mult"": 2, ""lookback"": 2}}","{""atr_len"": 42, ""atr_mult"": 1.0, ""be_pct"": 0.05, ""tp_mult"": 3.0, ""trail_arm"": 2.0, ""trail_mult"": 1.5}","{""base"": {""mci_length"": 2}, ""c1"": {""bbLen"": 132, ""bbStd"": 20, ""fastEma"": 20, ""sensitivity"": 150, ""slowEma"": 40}, ""c2"": {""bbLen"": 20, ""bbStd"": 2, ""fastEma"": 20, ""sensitivity"": 150, ""slowEma"": 173}, ""exit_ind"": {""period"": 14}, ""vol"": {""bb_length"": 11, ""bb_mult"": 2, ""lookback"": 2}}","{""atr_len"": 20, ""atr_mult"": 1.0, ""be_pct"": 0.05, ""tp_mult"": 2.45, ""trail_arm"": 2.0, ""trail_mult"": 1.5}",0.4786756050556386,False
waddah_attar_explosion_signals,waddah_attar_explosion_signals,williams_vix_fix_volume_signals,tma_baseline,kase_peak_oscillator_exit,trend,C,True,0.1186759509442668,19.225504052971225,1.3750297651319987,0.3148148148148148,1.9307158435501808,22.376141117951608,13.044842976885263,6.21438521693784,1.4738011095294707,162,112,50,6,1.0,0.01,2.9,1.8,1.35,"{""base"": {""length"": 87}, ""c1"": {""bbLen"": 2, ""bbStd"": 9, ""fastEma"": 20, ""sensitivity"": 150, ""slowEma"": 40}, ""c2"": {""bbLen"": 20, ""bbStd"": 2, ""fastEma"": 20, ""sensitivity"": 150, ""slowEma"": 400}, ""exit_ind"": {""long_cycle"": 650, ""sharpness"": 40, ""short_cycle"": 80}, ""vol"": {""bb_length"": 16, ""bb_mult"": 2, ""lookback"": 2}}","{""base"": {""length"": 37}, ""c1"": {""bbLen"": 20, ""bbStd"": 2, ""fastEma"": 87, ""sensitivity"": 15, ""slowEma"": 400}, ""c2"": {""bbLen"": 20, ""bbStd"": 2, ""fastEma"": 20, ""sensitivity"": 150, ""slowEma"": 32}, ""exit_ind"": {""long_cycle"": 185, ""sharpness"": 40, ""short_cycle"": 8}, ""vol"": {""bb_length"": 16, ""bb_mult"": 2, ""lookback"": 3}}","{""atr_len"": 8, ""atr_mult"": 1.0, ""be_pct"": 0.08, ""tp_mult"": 2.8, ""trail_arm"": 1.0, ""trail_mult"": 0.7}",deep,deep,0.2419207034250097,-0.0061299580896964,0.4371602754943152,"{""base"": {""length"": 87}, ""c1"": {""bbLen"": 20, ""bbStd"": 2, ""fastEma"": 20, ""sensitivity"": 150, ""slowEma"": 40}, ""c2"": {""bbLen"": 20, ""bbStd"": 2, ""fastEma"": 20, ""sensitivity"": 150, ""slowEma"": 400}, ""exit_ind"": {""long_cycle"": 65, ""sharpness"": 40, ""short_cycle"": 35}, ""vol"": {""bb_length"": 20, ""bb_mult"": 2, ""lookback"": 2}}","{""atr_len"": 31, ""atr_mult"": 1.0, ""be_pct"": 0.05, ""tp_mult"": 2.9, ""trail_arm"": 2.0, ""trail_mult"": 1.5}","{""base"": {""length"": 25}, ""c1"": {""bbLen"": 20, ""bbStd"": 2, ""fastEma"": 20, ""sensitivity"": 150, ""slowEma"": 32}, ""c2"": {""bbLen"": 20, ""bbStd"": 2, ""fastEma"": 20, ""sensitivity"": 150, ""slowEma"": 32}, ""exit_ind"": {""long_cycle"": 65, ""sharpness"": 40, ""short_cycle"": 2}, ""vol"": {""bb_length"": 20, ""bb_mult"": 2, ""lookback"": 3}}","{""atr_len"": 13, ""atr_mult"": 1.0, ""be_pct"": 0.05, ""tp_mult"": 1.8, ""trail_arm"": 2.0, ""trail_mult"": 1.5}",0.2083210269053362,False
