sid,c1,c2,vol,base,slice,mode,ip1,risk1
B|trend|center_of_gravity_signals|chandelier_exit_signals|variance_volume_signals|frama_baseline,center_of_gravity_signals,chandelier_exit_signals,variance_volume_signals,frama_baseline,trend,B,"{""base"": {""length"": 19}, ""c1"": {""length"": 10, ""signal_length"": 4}, ""c2"": {""atr_mult"": 3, ""atr_period"": 12}, ""exit_ind"": {""adx_smoothing"": 14, ""adx_threshold"": 25, ""di_length"": 14}, ""vol"": {""ema_len"": 12, ""filter_lookback"": 7, ""hline"": 0, ""lookback"": 200}}","{""atr_len"": 39, ""atr_mult"": 1.0, ""be_pct"": 0.01, ""tp_mult"": 2.4, ""trail_arm"": 1.3, ""trail_mult"": 1.25}"
B|trend|didi_index_signals|laguerre_filter_signals|efficiency_ratio_volume_signals|mcginley_dynamic_index,didi_index_signals,laguerre_filter_signals,efficiency_ratio_volume_signals,mcginley_dynamic_index,trend,B,"{""base"": {""mci_length"": 14}, ""c1"": {""long_p"": 25, ""medium"": 8}, ""c2"": {""alpha"": 0.246569}, ""exit_ind"": {""adx_smoothing"": 14, ""adx_threshold"": 25, ""di_length"": 14}, ""vol"": {""er_threshold"": 0.3, ""length"": 10}}","{""atr_len"": 29, ""atr_mult"": 1.0, ""be_pct"": 0.07, ""tp_mult"": 2.2, ""trail_arm"": 2.0, ""trail_mult"": 1.2}"
B|trend|ehlers_reverse_ema_signals|mama_fama_signals|chaikin_volatility_volume_signals|rma_baseline,ehlers_reverse_ema_signals,mama_fama_signals,chaikin_volatility_volume_signals,rma_baseline,trend,B,"{""base"": {""ma_length"": 16}, ""c1"": {""alpha"": 0.01}, ""c2"": {""fast_limit"": 0.405565, ""slow_limit"": 0.142402}, ""exit_ind"": {""adx_smoothing"": 14, ""adx_threshold"": 25, ""di_length"": 14}, ""vol"": {""cvi_len"": 28, ""roc_len"": 2}}","{""atr_len"": 50, ""atr_mult"": 1.5, ""be_pct"": 0.05, ""tp_mult"": 2.65, ""trail_arm"": 1.9, ""trail_mult"": 0.6}"
B|trend|halftrend_signals|rex_oscillator_signals|damiani_volatmeter_volume_signals|fantail_vma,halftrend_signals,rex_oscillator_signals,damiani_volatmeter_volume_signals,fantail_vma,trend,B,"{""base"": {""fma_adx_length"": 2, ""fma_ma_length"": 7, ""fma_weighting"": 12}, ""c1"": {""amplitude"": 5}, ""c2"": {""almaOffset"": 0.85, ""almaSigma"": 6, ""framaFast"": 34, ""framaSlow"": 89, ""jurikPhase"": 1, ""jurikPower"": 1, ""lsOffset"": 0, ""modFBW"": 0.5, ""modFilter"": 0.8, ""sigAlmaOff"": 0.85, ""sigAlmaSig"": 6, ""sigFramaFast"": 34, ""sigFramaSlow"": 89, ""sigJurikPhase"": 1, ""sigJurikPower"": 1, ""sigLsOff"": 0, ""sigModFBW"": 0.5, ""sigModFilter"": 0.8, ""sigSmooth"": 22, ""sigVolAdj"": 10, ""smooth"": 14, ""volAdj"": 10}, ""exit_ind"": {""adx_smoothing"": 14, ""adx_threshold"": 25, ""di_length"": 14}, ""vol"": {""lag"": 1.4, ""sedimentation"": 216, ""threshold"": 1.725985, ""viscosity"": 4}}","{""atr_len"": 50, ""atr_mult"": 1.4, ""be_pct"": 0.03, ""tp_mult"": 2.7, ""trail_arm"": 1.85, ""trail_mult"": 0.7}"
B|trend|kalman_filter_signals|qqe_mod_signals|efficiency_ratio_volume_signals|t3_baseline,kalman_filter_signals,qqe_mod_signals,efficiency_ratio_volume_signals,t3_baseline,trend,B,"{""base"": {""length"": 100, ""volume_factor"": 0.245783}, ""c1"": {""k"": 1, ""sharpness"": 1}, ""c2"": {""fast_factor"": 1.61, ""rsi_len"": 3, ""rsi_period"": 2}, ""exit_ind"": {""adx_smoothing"": 14, ""adx_threshold"": 25, ""di_length"": 14}, ""vol"": {""er_threshold"": 0.243339, ""length"": 5}}","{""atr_len"": 34, ""atr_mult"": 1.15, ""be_pct"": 0.05, ""tp_mult"": 2.95, ""trail_arm"": 1.1, ""trail_mult"": 1.25}"
B|trend|lemantrend_signals|kuskus_starlight_signals|volatility_ratio_volume_signals|ema_baseline,lemantrend_signals,kuskus_starlight_signals,volatility_ratio_volume_signals,ema_baseline,trend,B,"{""base"": {""ma_length"": 57}, ""c1"": {""fast_period"": 8, ""medium_period"": 210, ""slow_period"": 11, ""smooth"": 2}, ""c2"": {""index_smooth"": 0.7, ""price_smooth"": 0.373569, ""range_periods"": 130}, ""exit_ind"": {""adx_smoothing"": 14, ""adx_threshold"": 25, ""di_length"": 14}, ""vol"": {""length"": 14}}","{""atr_len"": 50, ""atr_mult"": 1.41, ""be_pct"": 0.05, ""tp_mult"": 3.0, ""trail_arm"": 1.8, ""trail_mult"": 0.65}"
B|trend|polychromatic_momentum_signals|parabolic_sar_signals|efficiency_ratio_volume_signals|mcginley_dynamic_index,polychromatic_momentum_signals,parabolic_sar_signals,efficiency_ratio_volume_signals,mcginley_dynamic_index,trend,B,"{""base"": {""mci_length"": 11}, ""c1"": {""len"": 17}, ""c2"": {""sar_increment"": 0.016223, ""sar_maximum"": 0.2, ""sar_start"": 0.02}, ""exit_ind"": {""adx_smoothing"": 14, ""adx_threshold"": 25, ""di_length"": 14}, ""vol"": {""er_threshold"": 0.045597, ""length"": 10}}","{""atr_len"": 13, ""atr_mult"": 1.2, ""be_pct"": 0.05, ""tp_mult"": 3.0, ""trail_arm"": 1.0, ""trail_mult"": 1.35}"
B|trend|qqe_mod_signals|price_momentum_oscillator_signals|efficiency_ratio_volume_signals|mcginley_dynamic_index,qqe_mod_signals,price_momentum_oscillator_signals,efficiency_ratio_volume_signals,mcginley_dynamic_index,trend,B,"{""base"": {""mci_length"": 92}, ""c1"": {""fast_factor"": 0.161, ""rsi_len"": 22, ""rsi_period"": 3}, ""c2"": {""s1"": 66, ""s2"": 20, ""sig"": 10}, ""exit_ind"": {""adx_smoothing"": 14, ""adx_threshold"": 25, ""di_length"": 14}, ""vol"": {""er_threshold"": 0.3, ""length"": 10}}","{""atr_len"": 34, ""atr_mult"": 1.2, ""be_pct"": 0.08, ""tp_mult"": 3.0, ""trail_arm"": 1.95, ""trail_mult"": 0.5}"
B|trend|ssl_channel_signals|chandelier_exit_signals|fractal_dimension_volume_signals|rma_baseline,ssl_channel_signals,chandelier_exit_signals,fractal_dimension_volume_signals,rma_baseline,trend,B,"{""base"": {""ma_length"": 16}, ""c1"": {""len"": 8}, ""c2"": {""atr_mult"": 3, ""atr_period"": 27}, ""exit_ind"": {""adx_smoothing"": 14, ""adx_threshold"": 25, ""di_length"": 14}, ""vol"": {""fd_threshold"": 1.5, ""length"": 11}}","{""atr_len"": 8, ""atr_mult"": 1.0, ""be_pct"": 0.05, ""tp_mult"": 2.5, ""trail_arm"": 1.0, ""trail_mult"": 0.5}"
B|trend|vortex_signals|mama_fama_signals|variance_volume_signals|mcginley_dynamic_index,vortex_signals,mama_fama_signals,variance_volume_signals,mcginley_dynamic_index,trend,B,"{""base"": {""mci_length"": 11}, ""c1"": {""period"": 61}, ""c2"": {""fast_limit"": 0.405565, ""slow_limit"": 0.142402}, ""exit_ind"": {""adx_smoothing"": 14, ""adx_threshold"": 25, ""di_length"": 14}, ""vol"": {""ema_len"": 19, ""filter_lookback"": 200, ""hline"": 0, ""lookback"": 16}}","{""atr_len"": 23, ""atr_mult"": 1.25, ""be_pct"": 0.01, ""tp_mult"": 3.0, ""trail_arm"": 1.0, ""trail_mult"": 1.4}"
B|trend|center_of_gravity_signals|fx_sniper_ergodic_cci_signals|efficiency_ratio_volume_signals|tma_baseline,center_of_gravity_signals,fx_sniper_ergodic_cci_signals,efficiency_ratio_volume_signals,tma_baseline,trend,B,"{""base"": {""length"": 200}, ""c1"": {""length"": 8, ""signal_length"": 2}, ""c2"": {""cci_length"": 14, ""ema1_length"": 5, ""ema2_length"": 3, ""trigger_length"": 5}, ""exit_ind"": {""adx_smoothing"": 14, ""adx_threshold"": 25, ""di_length"": 14}, ""vol"": {""er_threshold"": 0.3, ""length"": 19}}","{""atr_len"": 50, ""atr_mult"": 1.0, ""be_pct"": 0.01, ""tp_mult"": 2.5, ""trail_arm"": 1.5, ""trail_mult"": 0.5}"
B|trend|coral_signals|supertrend_signals|variance_volume_signals|rma_baseline,coral_signals,supertrend_signals,variance_volume_signals,rma_baseline,trend,B,"{""base"": {""ma_length"": 132}, ""c1"": {""const_d"": 14, ""smooth_period"": 8}, ""c2"": {""atr_period"": 4, ""factor"": 6}, ""exit_ind"": {""adx_smoothing"": 14, ""adx_threshold"": 25, ""di_length"": 14}, ""vol"": {""ema_len"": 43, ""filter_lookback"": 20, ""hline"": 0, ""lookback"": 20}}","{""atr_len"": 50, ""atr_mult"": 1.0, ""be_pct"": 0.05, ""tp_mult"": 3.0, ""trail_arm"": 2.0, ""trail_mult"": 1.2}"
B|trend|dspo_signals|schaff_trend_cycle_signals|chaikin_volatility_volume_signals|sma_baseline,dspo_signals,schaff_trend_cycle_signals,chaikin_volatility_volume_signals,sma_baseline,trend,B,"{""base"": {""length"": 16}, ""c1"": {""len"": 26}, ""c2"": {""cycleLen"": 10, ""d1"": 3, ""d2"": 3, ""lowerBand"": 25, ""macdFast"": 23, ""macdSlow"": 50, ""stc_midline"": 50, ""upperBand"": 75}, ""exit_ind"": {""adx_smoothing"": 14, ""adx_threshold"": 25, ""di_length"": 14}, ""vol"": {""cvi_len"": 4, ""roc_len"": 6}}","{""atr_len"": 50, ""atr_mult"": 1.38, ""be_pct"": 0.05, ""tp_mult"": 2.95, ""trail_arm"": 1.55, ""trail_mult"": 1.2}"
B|trend|fisher_transform_signals|mama_fama_signals|fractal_dimension_volume_signals|ema_baseline,fisher_transform_signals,mama_fama_signals,fractal_dimension_volume_signals,ema_baseline,trend,B,"{""base"": {""ma_length"": 20}, ""c1"": {""length"": 100}, ""c2"": {""fast_limit"": 0.5, ""slow_limit"": 0.05}, ""exit_ind"": {""adx_smoothing"": 14, ""adx_threshold"": 25, ""di_length"": 14}, ""vol"": {""fd_threshold"": 1.5, ""length"": 7}}","{""atr_len"": 50, ""atr_mult"": 1.4, ""be_pct"": 0.05, ""tp_mult"": 3.0, ""trail_arm"": 1.0, ""trail_mult"": 1.7}"
B|trend|kalman_filter_signals|vortex_signals|efficiency_ratio_volume_signals|tma_baseline,kalman_filter_signals,vortex_signals,efficiency_ratio_volume_signals,tma_baseline,trend,B,"{""base"": {""length"": 37}, ""c1"": {""k"": 1, ""sharpness"": 1}, ""c2"": {""period"": 92}, ""exit_ind"": {""adx_smoothing"": 14, ""adx_threshold"": 25, ""di_length"": 14}, ""vol"": {""er_threshold"": 0.562145, ""length"": 4}}","{""atr_len"": 21, ""atr_mult"": 1.15, ""be_pct"": 0.05, ""tp_mult"": 3.0, ""trail_arm"": 1.2, ""trail_mult"": 0.95}"
B|trend|lemantrend_signals|didi_index_signals|damiani_volatmeter_volume_signals|frama_baseline,lemantrend_signals,didi_index_signals,damiani_volatmeter_volume_signals,frama_baseline,trend,B,"{""base"": {""length"": 10}, ""c1"": {""fast_period"": 28, ""medium_period"": 21, ""slow_period"": 13, ""smooth"": 2}, ""c2"": {""long_p"": 20, ""medium"": 15}, ""exit_ind"": {""adx_smoothing"": 14, ""adx_threshold"": 25, ""di_length"": 14}, ""vol"": {""lag"": 1.4, ""sedimentation"": 500, ""threshold"": 1.4, ""viscosity"": 20}}","{""atr_len"": 50, ""atr_mult"": 1.33, ""be_pct"": 0.06, ""tp_mult"": 2.8, ""trail_arm"": 2.0, ""trail_mult"": 1.15}"
B|trend|polychromatic_momentum_signals|kuskus_starlight_signals|efficiency_ratio_volume_signals|tma_baseline,polychromatic_momentum_signals,kuskus_starlight_signals,efficiency_ratio_volume_signals,tma_baseline,trend,B,"{""base"": {""length"": 20}, ""c1"": {""len"": 61}, ""c2"": {""index_smooth"": 0.7, ""price_smooth"": 0.567792, ""range_periods"": 5}, ""exit_ind"": {""adx_smoothing"": 14, ""adx_threshold"": 25, ""di_length"": 14}, ""vol"": {""er_threshold"": 0.243339, ""length"": 43}}","{""atr_len"": 46, ""atr_mult"": 1.32, ""be_pct"": 0.05, ""tp_mult"": 2.5, ""trail_arm"": 1.0, ""trail_mult"": 1.45}"
B|trend|relative_vigor_index_signals|mama_fama_signals|chaikin_volatility_volume_signals|kama_baseline,relative_vigor_index_signals,mama_fama_signals,chaikin_volatility_volume_signals,kama_baseline,trend,B,"{""base"": {""fast_length"": 20, ""length"": 19, ""slow_length"": 30}, ""c1"": {""len"": 10}, ""c2"": {""fast_limit"": 0.616423, ""slow_limit"": 0.05}, ""exit_ind"": {""adx_smoothing"": 14, ""adx_threshold"": 25, ""di_length"": 14}, ""vol"": {""cvi_len"": 28, ""roc_len"": 3}}","{""atr_len"": 50, ""atr_mult"": 1.43, ""be_pct"": 0.08, ""tp_mult"": 2.4, ""trail_arm"": 1.0, ""trail_mult"": 1.35}"
B|trend|supertrend_signals|mama_fama_signals|variance_volume_signals|tma_baseline,supertrend_signals,mama_fama_signals,variance_volume_signals,tma_baseline,trend,B,"{""base"": {""length"": 20}, ""c1"": {""atr_period"": 10, ""factor"": 3}, ""c2"": {""fast_limit"": 1.424018, ""slow_limit"": 0.005}, ""exit_ind"": {""adx_smoothing"": 14, ""adx_threshold"": 25, ""di_length"": 14}, ""vol"": {""ema_len"": 8, ""filter_lookback"": 87, ""hline"": 0, ""lookback"": 16}}","{""atr_len"": 20, ""atr_mult"": 1.0, ""be_pct"": 0.01, ""tp_mult"": 2.05, ""trail_arm"": 1.0, ""trail_mult"": 1.35}"
B|trend|bears_bulls_impulse_signals|waddah_attar_explosion_signals|volatility_ratio_volume_signals|t3_baseline,bears_bulls_impulse_signals,waddah_attar_explosion_signals,volatility_ratio_volume_signals,t3_baseline,trend,B,"{""base"": {""length"": 10, ""volume_factor"": 0.7}, ""c1"": {""length"": 16}, ""c2"": {""bbLen"": 57, ""bbStd"": 2, ""fastEma"": 20, ""sensitivity"": 122, ""slowEma"": 32}, ""exit_ind"": {""adx_smoothing"": 14, ""adx_threshold"": 25, ""di_length"": 14}, ""vol"": {""length"": 2}}","{""atr_len"": 32, ""atr_mult"": 1.0, ""be_pct"": 0.05, ""tp_mult"": 2.65, ""trail_arm"": 1.1, ""trail_mult"": 1.25}"
B|trend|coral_signals|didi_index_signals|chaikin_volatility_volume_signals|wma_baseline,coral_signals,didi_index_signals,chaikin_volatility_volume_signals,wma_baseline,trend,B,"{""base"": {""ma_length"": 200}, ""c1"": {""const_d"": 5, ""smooth_period"": 8}, ""c2"": {""long_p"": 87, ""medium"": 8}, ""exit_ind"": {""adx_smoothing"": 14, ""adx_threshold"": 25, ""di_length"": 14}, ""vol"": {""cvi_len"": 43, ""roc_len"": 12}}","{""atr_len"": 34, ""atr_mult"": 1.15, ""be_pct"": 0.05, ""tp_mult"": 2.9, ""trail_arm"": 2.0, ""trail_mult"": 1.25}"
B|trend|fisher_transform_signals|kuskus_starlight_signals|chaikin_volatility_volume_signals|wma_baseline,fisher_transform_signals,kuskus_starlight_signals,chaikin_volatility_volume_signals,wma_baseline,trend,B,"{""base"": {""ma_length"": 25}, ""c1"": {""length"": 100}, ""c2"": {""index_smooth"": 0.373569, ""price_smooth"": 0.373569, ""range_periods"": 30}, ""exit_ind"": {""adx_smoothing"": 14, ""adx_threshold"": 25, ""di_length"": 14}, ""vol"": {""cvi_len"": 12, ""roc_len"": 15}}","{""atr_len"": 42, ""atr_mult"": 1.44, ""be_pct"": 0.01, ""tp_mult"": 1.75, ""trail_arm"": 1.0, ""trail_mult"": 1.45}"
B|trend|j_tpo_signals|center_of_gravity_signals|efficiency_ratio_volume_signals|ema_baseline,j_tpo_signals,center_of_gravity_signals,efficiency_ratio_volume_signals,ema_baseline,trend,B,"{""base"": {""ma_length"": 16}, ""c1"": {""ema_len"": 200, ""len"": 40}, ""c2"": {""length"": 4, ""signal_length"": 3}, ""exit_ind"": {""adx_smoothing"": 14, ""adx_threshold"": 25, ""di_length"": 14}, ""vol"": {""er_threshold"": 0.3, ""length"": 10}}","{""atr_len"": 21, ""atr_mult"": 1.0, ""be_pct"": 0.05, ""tp_mult"": 3.0, ""trail_arm"": 1.4, ""trail_mult"": 0.9}"
B|trend|kuskus_starlight_signals|coral_signals|chaikin_volatility_volume_signals|wma_baseline,kuskus_starlight_signals,coral_signals,chaikin_volatility_volume_signals,wma_baseline,trend,B,"{""base"": {""ma_length"": 200}, ""c1"": {""index_smooth"": 0.862993, ""price_smooth"": 0.106394, ""range_periods"": 37}, ""c2"": {""const_d"": 140, ""smooth_period"": 28}, ""exit_ind"": {""adx_smoothing"": 14, ""adx_threshold"": 25, ""di_length"": 14}, ""vol"": {""cvi_len"": 8, ""roc_len"": 2}}","{""atr_len"": 50, ""atr_mult"": 1.05, ""be_pct"": 0.01, ""tp_mult"": 3.0, ""trail_arm"": 1.95, ""trail_mult"": 0.5}"
B|trend|linreg_slope_signals|price_momentum_oscillator_signals|efficiency_ratio_volume_signals|kama_baseline,linreg_slope_signals,price_momentum_oscillator_signals,efficiency_ratio_volume_signals,kama_baseline,trend,B,"{""base"": {""fast_length"": 13, ""length"": 8, ""slow_length"": 30}, ""c1"": {""length"": 26, ""r2_floor"": 0.162226}, ""c2"": {""s1"": 35, ""s2"": 20, ""sig"": 10}, ""exit_ind"": {""adx_smoothing"": 14, ""adx_threshold"": 25, ""di_length"": 14}, ""vol"": {""er_threshold"": 0.562145, ""length"": 4}}","{""atr_len"": 39, ""atr_mult"": 1.15, ""be_pct"": 0.01, ""tp_mult"": 3.0, ""trail_arm"": 2.0, ""trail_mult"": 0.5}"
B|trend|polychromatic_momentum_signals|ssl_channel_signals|variance_volume_signals|ema_baseline,polychromatic_momentum_signals,ssl_channel_signals,variance_volume_signals,ema_baseline,trend,B,"{""base"": {""ma_length"": 20}, ""c1"": {""len"": 14}, ""c2"": {""len"": 10}, ""exit_ind"": {""adx_smoothing"": 14, ""adx_threshold"": 25, ""di_length"": 14}, ""vol"": {""ema_len"": 100, ""filter_lookback"": 3, ""hline"": 0, ""lookback"": 3}}","{""atr_len"": 26, ""atr_mult"": 1.0, ""be_pct"": 0.01, ""tp_mult"": 2.25, ""trail_arm"": 1.75, ""trail_mult"": 1.7}"
B|trend|rex_oscillator_signals|polychromatic_momentum_signals|variance_volume_signals|sma_baseline,rex_oscillator_signals,polychromatic_momentum_signals,variance_volume_signals,sma_baseline,trend,B,"{""base"": {""length"": 25}, ""c1"": {""almaOffset"": 0.85, ""almaSigma"": 6, ""framaFast"": 34, ""framaSlow"": 89, ""jurikPhase"": 1, ""jurikPower"": 1, ""lsOffset"": 0, ""modFBW"": 0.5, ""modFilter"": 0.8, ""sigAlmaOff"": 0.85, ""sigAlmaSig"": 6, ""sigFramaFast"": 34, ""sigFramaSlow"": 89, ""sigJurikPhase"": 1, ""sigJurikPower"": 1, ""sigLsOff"": 0, ""sigModFBW"": 0.5, ""sigModFilter"": 0.8, ""sigSmooth"": 41, ""sigVolAdj"": 10, ""smooth"": 14, ""volAdj"": 10}, ""c2"": {""len"": 26}, ""exit_ind"": {""adx_smoothing"": 14, ""adx_threshold"": 25, ""di_length"": 14}, ""vol"": {""ema_len"": 66, ""filter_lookback"": 5, ""hline"": 0, ""lookback"": 132}}","{""atr_len"": 37, ""atr_mult"": 1.1, ""be_pct"": 0.05, ""tp_mult"": 2.95, ""trail_arm"": 1.0, ""trail_mult"": 1.4}"
B|trend|ssl_channel_signals|j_tpo_signals|variance_volume_signals|kama_baseline,ssl_channel_signals,j_tpo_signals,variance_volume_signals,kama_baseline,trend,B,"{""base"": {""fast_length"": 13, ""length"": 100, ""slow_length"": 16}, ""c1"": {""len"": 10}, ""c2"": {""ema_len"": 200, ""len"": 40}, ""exit_ind"": {""adx_smoothing"": 14, ""adx_threshold"": 25, ""di_length"": 14}, ""vol"": {""ema_len"": 10, ""filter_lookback"": 20, ""hline"": 0, ""lookback"": 25}}","{""atr_len"": 50, ""atr_mult"": 1.41, ""be_pct"": 0.01, ""tp_mult"": 1.6, ""trail_arm"": 1.65, ""trail_mult"": 0.5}"
B|trend|vortex_signals|ichimoku_signals|variance_volume_signals|sma_baseline,vortex_signals,ichimoku_signals,variance_volume_signals,sma_baseline,trend,B,"{""base"": {""length"": 20}, ""c1"": {""period"": 14}, ""c2"": {""base_len"": 26, ""conversion_len"": 9, ""displacement"": 32, ""span_b_len"": 64}, ""exit_ind"": {""adx_smoothing"": 14, ""adx_threshold"": 25, ""di_length"": 14}, ""vol"": {""ema_len"": 8, ""filter_lookback"": 57, ""hline"": 0, ""lookback"": 25}}","{""atr_len"": 48, ""atr_mult"": 1.48, ""be_pct"": 0.05, ""tp_mult"": 2.85, ""trail_arm"": 1.25, ""trail_mult"": 1.25}"
B|trend|chandelier_exit_signals|kalman_filter_signals|variance_volume_signals|wma_baseline,chandelier_exit_signals,kalman_filter_signals,variance_volume_signals,wma_baseline,trend,B,"{""base"": {""ma_length"": 16}, ""c1"": {""atr_mult"": 13, ""atr_period"": 18}, ""c2"": {""k"": 1, ""sharpness"": 1}, ""exit_ind"": {""adx_smoothing"": 14, ""adx_threshold"": 25, ""di_length"": 14}, ""vol"": {""ema_len"": 12, ""filter_lookback"": 20, ""hline"": 0, ""lookback"": 16}}","{""atr_len"": 2, ""atr_mult"": 1.0, ""be_pct"": 0.05, ""tp_mult"": 1.5, ""trail_arm"": 1.0, ""trail_mult"": 1.25}"
B|trend|dpo_signals|donchian_breakout_signals|variance_volume_signals|wma_baseline,dpo_signals,donchian_breakout_signals,variance_volume_signals,wma_baseline,trend,B,"{""base"": {""ma_length"": 25}, ""c1"": {""len"": 94}, ""c2"": {""length"": 7}, ""exit_ind"": {""adx_smoothing"": 14, ""adx_threshold"": 25, ""di_length"": 14}, ""vol"": {""ema_len"": 8, ""filter_lookback"": 57, ""hline"": 0, ""lookback"": 16}}","{""atr_len"": 4, ""atr_mult"": 1.05, ""be_pct"": 0.05, ""tp_mult"": 2.55, ""trail_arm"": 1.5, ""trail_mult"": 1.45}"
B|trend|halftrend_signals|kuskus_starlight_signals|chaikin_volatility_volume_signals|t3_baseline,halftrend_signals,kuskus_starlight_signals,chaikin_volatility_volume_signals,t3_baseline,trend,B,"{""base"": {""length"": 19, ""volume_factor"": 0.862993}, ""c1"": {""amplitude"": 216}, ""c2"": {""index_smooth"": 0.7, ""price_smooth"": 0.373569, ""range_periods"": 56}, ""exit_ind"": {""adx_smoothing"": 14, ""adx_threshold"": 25, ""di_length"": 14}, ""vol"": {""cvi_len"": 12, ""roc_len"": 15}}","{""atr_len"": 40, ""atr_mult"": 1.0, ""be_pct"": 0.07, ""tp_mult"": 3.0, ""trail_arm"": 2.0, ""trail_mult"": 0.5}"
B|trend|laguerre_filter_signals|fx_sniper_ergodic_cci_signals|waddah_attar_explosion_volume_signals|ema_baseline,laguerre_filter_signals,fx_sniper_ergodic_cci_signals,waddah_attar_explosion_volume_signals,ema_baseline,trend,B,"{""base"": {""ma_length"": 200}, ""c1"": {""alpha"": 0.2}, ""c2"": {""cci_length"": 17, ""ema1_length"": 5, ""ema2_length"": 3, ""trigger_length"": 9}, ""exit_ind"": {""adx_smoothing"": 14, ""adx_threshold"": 25, ""di_length"": 14}, ""vol"": {""bbLen"": 87, ""bbStd"": 2, ""fastEma"": 2, ""sensitivity"": 15, ""slowEma"": 400}}","{""atr_len"": 24, ""atr_mult"": 1.15, ""be_pct"": 0.01, ""tp_mult"": 2.25, ""trail_arm"": 1.0, ""trail_mult"": 0.55}"
B|trend|polychromatic_momentum_signals|fx_sniper_ergodic_cci_signals|efficiency_ratio_volume_signals|wma_baseline,polychromatic_momentum_signals,fx_sniper_ergodic_cci_signals,efficiency_ratio_volume_signals,wma_baseline,trend,B,"{""base"": {""ma_length"": 20}, ""c1"": {""len"": 14}, ""c2"": {""cci_length"": 5, ""ema1_length"": 2, ""ema2_length"": 2, ""trigger_length"": 22}, ""exit_ind"": {""adx_smoothing"": 14, ""adx_threshold"": 25, ""di_length"": 14}, ""vol"": {""er_threshold"": 0.369854, ""length"": 10}}","{""atr_len"": 17, ""atr_mult"": 1.05, ""be_pct"": 0.01, ""tp_mult"": 1.9, ""trail_arm"": 1.55, ""trail_mult"": 0.5}"
B|trend|schaff_trend_cycle_signals|supertrend_signals|efficiency_ratio_volume_signals|wma_baseline,schaff_trend_cycle_signals,supertrend_signals,efficiency_ratio_volume_signals,wma_baseline,trend,B,"{""base"": {""ma_length"": 11}, ""c1"": {""cycleLen"": 12, ""d1"": 20, ""d2"": 9, ""lowerBand"": 25, ""macdFast"": 230, ""macdSlow"": 5, ""stc_midline"": 142, ""upperBand"": 11}, ""c2"": {""atr_period"": 28, ""factor"": 4}, ""exit_ind"": {""adx_smoothing"": 14, ""adx_threshold"": 25, ""di_length"": 14}, ""vol"": {""er_threshold"": 0.562145, ""length"": 4}}","{""atr_len"": 15, ""atr_mult"": 1.15, ""be_pct"": 0.05, ""tp_mult"": 3.0, ""trail_arm"": 1.65, ""trail_mult"": 0.9}"
B|trend|aroon_signals|schaff_trend_cycle_signals|choppiness_index_volume_signals|sma_baseline,aroon_signals,schaff_trend_cycle_signals,choppiness_index_volume_signals,sma_baseline,trend,B,"{""base"": {""length"": 200}, ""c1"": {""length"": 71}, ""c2"": {""cycleLen"": 8, ""d1"": 9, ""d2"": 3, ""lowerBand"": 25, ""macdFast"": 5, ""macdSlow"": 329, ""stc_midline"": 62, ""upperBand"": 75}, ""exit_ind"": {""adx_smoothing"": 14, ""adx_threshold"": 25, ""di_length"": 14}, ""vol"": {""ci_threshold"": 61.8, ""length"": 61}}","{""atr_len"": 34, ""atr_mult"": 1.15, ""be_pct"": 0.01, ""tp_mult"": 2.85, ""trail_arm"": 1.0, ""trail_mult"": 0.5}"
B|trend|center_of_gravity_signals|relative_vigor_index_signals|chaikin_volatility_volume_signals|rma_baseline,center_of_gravity_signals,relative_vigor_index_signals,chaikin_volatility_volume_signals,rma_baseline,trend,B,"{""base"": {""ma_length"": 87}, ""c1"": {""length"": 5, ""signal_length"": 6}, ""c2"": {""len"": 66}, ""exit_ind"": {""adx_smoothing"": 14, ""adx_threshold"": 25, ""di_length"": 14}, ""vol"": {""cvi_len"": 5, ""roc_len"": 15}}","{""atr_len"": 8, ""atr_mult"": 1.33, ""be_pct"": 0.05, ""tp_mult"": 2.45, ""trail_arm"": 1.9, ""trail_mult"": 0.5}"
B|trend|coral_signals|ichimoku_signals|fractal_dimension_volume_signals|tma_baseline,coral_signals,ichimoku_signals,fractal_dimension_volume_signals,tma_baseline,trend,B,"{""base"": {""length"": 37}, ""c1"": {""const_d"": 26, ""smooth_period"": 4}, ""c2"": {""base_len"": 21, ""conversion_len"": 11, ""displacement"": 3, ""span_b_len"": 52}, ""exit_ind"": {""adx_smoothing"": 14, ""adx_threshold"": 25, ""di_length"": 14}, ""vol"": {""fd_threshold"": 1.5, ""length"": 56}}","{""atr_len"": 33, ""atr_mult"": 1.0, ""be_pct"": 0.13, ""tp_mult"": 2.75, ""trail_arm"": 1.85, ""trail_mult"": 0.5}"
B|trend|ehlers_reverse_ema_signals|fisher_transform_signals|variance_volume_signals|mcginley_dynamic_index,ehlers_reverse_ema_signals,fisher_transform_signals,variance_volume_signals,mcginley_dynamic_index,trend,B,"{""base"": {""mci_length"": 92}, ""c1"": {""alpha"": 0.1}, ""c2"": {""length"": 10}, ""exit_ind"": {""adx_smoothing"": 14, ""adx_threshold"": 25, ""di_length"": 14}, ""vol"": {""ema_len"": 66, ""filter_lookback"": 2, ""hline"": 0, ""lookback"": 87}}","{""atr_len"": 34, ""atr_mult"": 1.26, ""be_pct"": 0.01, ""tp_mult"": 2.9, ""trail_arm"": 1.25, ""trail_mult"": 0.5}"
B|trend|glitch_index_signals|didi_index_signals|variance_volume_signals|mcginley_dynamic_index,glitch_index_signals,didi_index_signals,variance_volume_signals,mcginley_dynamic_index,trend,B,"{""base"": {""mci_length"": 14}, ""c1"": {""length"": 30, ""multiplier"": 1, ""smooth"": 3}, ""c2"": {""long_p"": 37, ""medium"": 10}, ""exit_ind"": {""adx_smoothing"": 14, ""adx_threshold"": 25, ""di_length"": 14}, ""vol"": {""ema_len"": 12, ""filter_lookback"": 25, ""hline"": 0, ""lookback"": 132}}","{""atr_len"": 26, ""atr_mult"": 1.1, ""be_pct"": 0.13, ""tp_mult"": 1.45, ""trail_arm"": 1.75, ""trail_mult"": 1.3}"
B|trend|j_tpo_signals|vortex_signals|chaikin_volatility_volume_signals|rma_baseline,j_tpo_signals,vortex_signals,chaikin_volatility_volume_signals,rma_baseline,trend,B,"{""base"": {""ma_length"": 200}, ""c1"": {""ema_len"": 200, ""len"": 40}, ""c2"": {""period"": 5}, ""exit_ind"": {""adx_smoothing"": 14, ""adx_threshold"": 25, ""di_length"": 14}, ""vol"": {""cvi_len"": 43, ""roc_len"": 10}}","{""atr_len"": 50, ""atr_mult"": 1.2, ""be_pct"": 0.01, ""tp_mult"": 3.0, ""trail_arm"": 1.65, ""trail_mult"": 1.35}"
B|trend|laguerre_filter_signals|fisher_transform_signals|variance_volume_signals|frama_baseline,laguerre_filter_signals,fisher_transform_signals,variance_volume_signals,frama_baseline,trend,B,"{""base"": {""length"": 19}, ""c1"": {""alpha"": 0.162226}, ""c2"": {""length"": 100}, ""exit_ind"": {""adx_smoothing"": 14, ""adx_threshold"": 25, ""di_length"": 14}, ""vol"": {""ema_len"": 28, ""filter_lookback"": 2, ""hline"": 0, ""lookback"": 16}}","{""atr_len"": 29, ""atr_mult"": 1.37, ""be_pct"": 0.01, ""tp_mult"": 2.3, ""trail_arm"": 1.0, ""trail_mult"": 1.5}"
B|trend|polychromatic_momentum_signals|didi_index_signals|variance_volume_signals|t3_baseline,polychromatic_momentum_signals,didi_index_signals,variance_volume_signals,t3_baseline,trend,B,"{""base"": {""length"": 28, ""volume_factor"": 1.311672}, ""c1"": {""len"": 3}, ""c2"": {""long_p"": 25, ""medium"": 8}, ""exit_ind"": {""adx_smoothing"": 14, ""adx_threshold"": 25, ""di_length"": 14}, ""vol"": {""ema_len"": 10, ""filter_lookback"": 25, ""hline"": 0, ""lookback"": 200}}","{""atr_len"": 18, ""atr_mult"": 1.2, ""be_pct"": 0.05, ""tp_mult"": 2.7, ""trail_arm"": 1.2, ""trail_mult"": 1.4}"
B|trend|rex_oscillator_signals|dspo_signals|chaikin_volatility_volume_signals|rma_baseline,rex_oscillator_signals,dspo_signals,chaikin_volatility_volume_signals,rma_baseline,trend,B,"{""base"": {""ma_length"": 11}, ""c1"": {""almaOffset"": 0.85, ""almaSigma"": 6, ""framaFast"": 34, ""framaSlow"": 89, ""jurikPhase"": 1, ""jurikPower"": 1, ""lsOffset"": 0, ""modFBW"": 0.5, ""modFilter"": 0.8, ""sigAlmaOff"": 0.85, ""sigAlmaSig"": 6, ""sigFramaFast"": 34, ""sigFramaSlow"": 89, ""sigJurikPhase"": 1, ""sigJurikPower"": 1, ""sigLsOff"": 0, ""sigModFBW"": 0.5, ""sigModFilter"": 0.8, ""sigSmooth"": 22, ""sigVolAdj"": 10, ""smooth"": 11, ""volAdj"": 10}, ""c2"": {""len"": 14}, ""exit_ind"": {""adx_smoothing"": 14, ""adx_threshold"": 25, ""di_length"": 14}, ""vol"": {""cvi_len"": 8, ""roc_len"": 120}}","{""atr_len"": 50, ""atr_mult"": 1.26, ""be_pct"": 0.01, ""tp_mult"": 2.95, ""trail_arm"": 1.55, ""trail_mult"": 1.7}"
B|trend|ssl_channel_signals|halftrend_signals|chaikin_volatility_volume_signals|tma_baseline,ssl_channel_signals,halftrend_signals,chaikin_volatility_volume_signals,tma_baseline,trend,B,"{""base"": {""length"": 37}, ""c1"": {""len"": 19}, ""c2"": {""amplitude"": 18}, ""exit_ind"": {""adx_smoothing"": 14, ""adx_threshold"": 25, ""di_length"": 14}, ""vol"": {""cvi_len"": 28, ""roc_len"": 3}}","{""atr_len"": 17, ""atr_mult"": 1.47, ""be_pct"": 0.01, ""tp_mult"": 2.9, ""trail_arm"": 1.2, ""trail_mult"": 1.4}"
B|trend|volatility_quality_signals|fx_sniper_ergodic_cci_signals|efficiency_ratio_volume_signals|frama_baseline,volatility_quality_signals,fx_sniper_ergodic_cci_signals,efficiency_ratio_volume_signals,frama_baseline,trend,B,"{""base"": {""length"": 4}, ""c1"": {""atr_pct"": 0.213603, ""smooth"": 10}, ""c2"": {""cci_length"": 40, ""ema1_length"": 3, ""ema2_length"": 3, ""trigger_length"": 3}, ""exit_ind"": {""adx_smoothing"": 14, ""adx_threshold"": 25, ""di_length"": 14}, ""vol"": {""er_threshold"": 0.562145, ""length"": 8}}","{""atr_len"": 25, ""atr_mult"": 1.46, ""be_pct"": 0.06, ""tp_mult"": 1.2, ""trail_arm"": 1.95, ""trail_mult"": 0.5}"
B|trend|bears_bulls_impulse_signals|laguerre_filter_signals|variance_volume_signals|tma_baseline,bears_bulls_impulse_signals,laguerre_filter_signals,variance_volume_signals,tma_baseline,trend,B,"{""base"": {""length"": 16}, ""c1"": {""length"": 13}, ""c2"": {""alpha"": 0.106734}, ""exit_ind"": {""adx_smoothing"": 14, ""adx_threshold"": 25, ""di_length"": 14}, ""vol"": {""ema_len"": 19, ""filter_lookback"": 16, ""hline"": 0, ""lookback"": 200}}","{""atr_len"": 50, ""atr_mult"": 1.44, ""be_pct"": 0.01, ""tp_mult"": 2.95, ""trail_arm"": 1.0, ""trail_mult"": 1.5}"
B|trend|chandelier_exit_signals|coppock_curve_signals|variance_volume_signals|rma_baseline,chandelier_exit_signals,coppock_curve_signals,variance_volume_signals,rma_baseline,trend,B,"{""base"": {""ma_length"": 11}, ""c1"": {""atr_mult"": 6, ""atr_period"": 145}, ""c2"": {""long_roc"": 14, ""short_roc"": 11, ""smooth_len"": 12}, ""exit_ind"": {""adx_smoothing"": 14, ""adx_threshold"": 25, ""di_length"": 14}, ""vol"": {""ema_len"": 2, ""filter_lookback"": 200, ""hline"": 0, ""lookback"": 20}}","{""atr_len"": 25, ""atr_mult"": 1.27, ""be_pct"": 0.06, ""tp_mult"": 2.65, ""trail_arm"": 1.95, ""trail_mult"": 1.45}"
B|trend|donchian_breakout_signals|center_of_gravity_signals|damiani_volatmeter_volume_signals|t3_baseline,donchian_breakout_signals,center_of_gravity_signals,damiani_volatmeter_volume_signals,t3_baseline,trend,B,"{""base"": {""length"": 8, ""volume_factor"": 0.373569}, ""c1"": {""length"": 16}, ""c2"": {""length"": 8, ""signal_length"": 9}, ""exit_ind"": {""adx_smoothing"": 14, ""adx_threshold"": 25, ""di_length"": 14}, ""vol"": {""lag"": 1.4, ""sedimentation"": 94, ""threshold"": 1.4, ""viscosity"": 4}}","{""atr_len"": 29, ""atr_mult"": 1.37, ""be_pct"": 0.05, ""tp_mult"": 2.95, ""trail_arm"": 1.1, ""trail_mult"": 0.8}"
B|trend|ehlers_reverse_ema_signals|lemantrend_signals|variance_volume_signals|tma_baseline,ehlers_reverse_ema_signals,lemantrend_signals,variance_volume_signals,tma_baseline,trend,B,"{""base"": {""length"": 20}, ""c1"": {""alpha"": 0.035112}, ""c2"": {""fast_period"": 28, ""medium_period"": 210, ""slow_period"": 13, ""smooth"": 3}, ""exit_ind"": {""adx_smoothing"": 14, ""adx_threshold"": 25, ""di_length"": 14}, ""vol"": {""ema_len"": 8, ""filter_lookback"": 11, ""hline"": 0, ""lookback"": 37}}","{""atr_len"": 6, ""atr_mult"": 1.25, ""be_pct"": 0.06, ""tp_mult"": 3.0, ""trail_arm"": 1.15, ""trail_mult"": 0.9}"
B|trend|fx_sniper_ergodic_cci_signals|relative_vigor_index_signals|variance_volume_signals|rma_baseline,fx_sniper_ergodic_cci_signals,relative_vigor_index_signals,variance_volume_signals,rma_baseline,trend,B,"{""base"": {""ma_length"": 20}, ""c1"": {""cci_length"": 17, ""ema1_length"": 5, ""ema2_length"": 3, ""trigger_length"": 5}, ""c2"": {""len"": 10}, ""exit_ind"": {""adx_smoothing"": 14, ""adx_threshold"": 25, ""di_length"": 14}, ""vol"": {""ema_len"": 12, ""filter_lookback"": 7, ""hline"": 0, ""lookback"": 16}}","{""atr_len"": 35, ""atr_mult"": 1.0, ""be_pct"": 0.05, ""tp_mult"": 2.75, ""trail_arm"": 1.2, ""trail_mult"": 1.25}"
B|trend|kalman_filter_signals|waddah_attar_explosion_signals|chaikin_volatility_volume_signals|sma_baseline,kalman_filter_signals,waddah_attar_explosion_signals,chaikin_volatility_volume_signals,sma_baseline,trend,B,"{""base"": {""length"": 16}, ""c1"": {""k"": 1, ""sharpness"": 7}, ""c2"": {""bbLen"": 20, ""bbStd"": 2, ""fastEma"": 11, ""sensitivity"": 150, ""slowEma"": 40}, ""exit_ind"": {""adx_smoothing"": 14, ""adx_threshold"": 25, ""di_length"": 14}, ""vol"": {""cvi_len"": 10, ""roc_len"": 6}}","{""atr_len"": 20, ""atr_mult"": 1.0, ""be_pct"": 0.01, ""tp_mult"": 3.0, ""trail_arm"": 1.0, ""trail_mult"": 0.5}"
B|trend|lemantrend_signals|aroon_signals|choppiness_index_volume_signals|wma_baseline,lemantrend_signals,aroon_signals,choppiness_index_volume_signals,wma_baseline,trend,B,"{""base"": {""ma_length"": 132}, ""c1"": {""fast_period"": 28, ""medium_period"": 210, ""slow_period"": 13, ""smooth"": 9}, ""c2"": {""length"": 47}, ""exit_ind"": {""adx_smoothing"": 14, ""adx_threshold"": 25, ""di_length"": 14}, ""vol"": {""ci_threshold"": 61.8, ""length"": 7}}","{""atr_len"": 46, ""atr_mult"": 1.45, ""be_pct"": 0.05, ""tp_mult"": 3.0, ""trail_arm"": 2.0, ""trail_mult"": 1.95}"
B|trend|polychromatic_momentum_signals|lemantrend_signals|variance_volume_signals|tma_baseline,polychromatic_momentum_signals,lemantrend_signals,variance_volume_signals,tma_baseline,trend,B,"{""base"": {""length"": 11}, ""c1"": {""len"": 14}, ""c2"": {""fast_period"": 18, ""medium_period"": 21, ""slow_period"": 16, ""smooth"": 9}, ""exit_ind"": {""adx_smoothing"": 14, ""adx_threshold"": 25, ""di_length"": 14}, ""vol"": {""ema_len"": 28, ""filter_lookback"": 25, ""hline"": 0, ""lookback"": 57}}","{""atr_len"": 8, ""atr_mult"": 1.5, ""be_pct"": 0.06, ""tp_mult"": 2.35, ""trail_arm"": 1.2, ""trail_mult"": 1.3}"
B|trend|schaff_trend_cycle_signals|donchian_breakout_signals|chaikin_volatility_volume_signals|kama_baseline,schaff_trend_cycle_signals,donchian_breakout_signals,chaikin_volatility_volume_signals,kama_baseline,trend,B,"{""base"": {""fast_length"": 2, ""length"": 19, ""slow_length"": 16}, ""c1"": {""cycleLen"": 8, ""d1"": 4, ""d2"": 3, ""lowerBand"": 20, ""macdFast"": 23, ""macdSlow"": 50, ""stc_midline"": 41, ""upperBand"": 92}, ""c2"": {""length"": 25}, ""exit_ind"": {""adx_smoothing"": 14, ""adx_threshold"": 25, ""di_length"": 14}, ""vol"": {""cvi_len"": 100, ""roc_len"": 120}}","{""atr_len"": 50, ""atr_mult"": 1.5, ""be_pct"": 0.05, ""tp_mult"": 2.75, ""trail_arm"": 1.0, ""trail_mult"": 1.0}"
B|trend|vortex_signals|ichimoku_signals|variance_volume_signals|tma_baseline,vortex_signals,ichimoku_signals,variance_volume_signals,tma_baseline,trend,B,"{""base"": {""length"": 20}, ""c1"": {""period"": 14}, ""c2"": {""base_len"": 26, ""conversion_len"": 9, ""displacement"": 21, ""span_b_len"": 64}, ""exit_ind"": {""adx_smoothing"": 14, ""adx_threshold"": 25, ""di_length"": 14}, ""vol"": {""ema_len"": 10, ""filter_lookback"": 57, ""hline"": 0, ""lookback"": 20}}","{""atr_len"": 5, ""atr_mult"": 1.0, ""be_pct"": 0.01, ""tp_mult"": 1.9, ""trail_arm"": 2.0, ""trail_mult"": 1.35}"
B|trend|center_of_gravity_signals|mama_fama_signals|efficiency_ratio_volume_signals|ema_baseline,center_of_gravity_signals,mama_fama_signals,efficiency_ratio_volume_signals,ema_baseline,trend,B,"{""base"": {""ma_length"": 20}, ""c1"": {""length"": 10, ""signal_length"": 2}, ""c2"": {""fast_limit"": 0.5, ""slow_limit"": 0.093691}, ""exit_ind"": {""adx_smoothing"": 14, ""adx_threshold"": 25, ""di_length"": 14}, ""vol"": {""er_threshold"": 0.854411, ""length"": 4}}","{""atr_len"": 2, ""atr_mult"": 1.0, ""be_pct"": 0.05, ""tp_mult"": 3.0, ""trail_arm"": 1.3, ""trail_mult"": 1.35}"
B|trend|didi_index_signals|schaff_trend_cycle_signals|variance_volume_signals|sma_baseline,didi_index_signals,schaff_trend_cycle_signals,variance_volume_signals,sma_baseline,trend,B,"{""base"": {""length"": 37}, ""c1"": {""long_p"": 132, ""medium"": 15}, ""c2"": {""cycleLen"": 5, ""d1"": 13, ""d2"": 2, ""lowerBand"": 25, ""macdFast"": 23, ""macdSlow"": 216, ""stc_midline"": 18, ""upperBand"": 75}, ""exit_ind"": {""adx_smoothing"": 14, ""adx_threshold"": 25, ""di_length"": 14}, ""vol"": {""ema_len"": 8, ""filter_lookback"": 20, ""hline"": 0, ""lookback"": 132}}","{""atr_len"": 49, ""atr_mult"": 1.0, ""be_pct"": 0.01, ""tp_mult"": 2.1, ""trail_arm"": 1.85, ""trail_mult"": 0.6}"
B|trend|hieken_ashi_smoothed_signals|laguerre_filter_signals|variance_volume_signals|kama_baseline,hieken_ashi_smoothed_signals,laguerre_filter_signals,variance_volume_signals,kama_baseline,trend,B,"{""base"": {""fast_length"": 2, ""length"": 19, ""slow_length"": 37}, ""c1"": {""alma_offset1"": 0.85, ""alma_offset2"": 0.85, ""alma_sigma1"": 6, ""alma_sigma2"": 6, ""ama_smooth1"": 0.181, ""ama_smooth2"": 0.181, ""frama_t1_a"": 1, ""frama_t1_b"": 168, ""frama_t2_a"": 1, ""frama_t2_b"": 168, ""lsma_offset1"": 0, ""lsma_offset2"": 0, ""ma_len1"": 2, ""ma_len2"": 8, ""vol_factor1"": 1.010934, ""vol_factor2"": 0.82}, ""c2"": {""alpha"": 0.246569}, ""exit_ind"": {""adx_smoothing"": 14, ""adx_threshold"": 25, ""di_length"": 14}, ""vol"": {""ema_len"": 100, ""filter_lookback"": 25, ""hline"": 0, ""lookback"": 11}}","{""atr_len"": 37, ""atr_mult"": 1.05, ""be_pct"": 0.01, ""tp_mult"": 2.55, ""trail_arm"": 1.0, ""trail_mult"": 1.75}"
B|trend|kase_peak_oscillator_signals|vortex_signals|variance_volume_signals|sma_baseline,kase_peak_oscillator_signals,vortex_signals,variance_volume_signals,sma_baseline,trend,B,"{""base"": {""length"": 20}, ""c1"": {""long_cycle"": 53, ""sharpness"": 40, ""short_cycle"": 35}, ""c2"": {""period"": 14}, ""exit_ind"": {""adx_smoothing"": 14, ""adx_threshold"": 25, ""di_length"": 14}, ""vol"": {""ema_len"": 5, ""filter_lookback"": 87, ""hline"": 0, ""lookback"": 25}}","{""atr_len"": 46, ""atr_mult"": 1.0, ""be_pct"": 0.14, ""tp_mult"": 2.1, ""trail_arm"": 1.5, ""trail_mult"": 1.75}"
B|trend|parabolic_sar_signals|vortex_signals|variance_volume_signals|ema_baseline,parabolic_sar_signals,vortex_signals,variance_volume_signals,ema_baseline,trend,B,"{""base"": {""ma_length"": 20}, ""c1"": {""sar_increment"": 0.016223, ""sar_maximum"": 0.106734, ""sar_start"": 0.02}, ""c2"": {""period"": 14}, ""exit_ind"": {""adx_smoothing"": 14, ""adx_threshold"": 25, ""di_length"": 14}, ""vol"": {""ema_len"": 19, ""filter_lookback"": 132, ""hline"": 0, ""lookback"": 20}}","{""atr_len"": 41, ""atr_mult"": 1.45, ""be_pct"": 0.01, ""tp_mult"": 2.35, ""trail_arm"": 1.0, ""trail_mult"": 1.65}"
B|trend|relative_vigor_index_signals|center_of_gravity_signals|chaikin_volatility_volume_signals|fantail_vma,relative_vigor_index_signals,center_of_gravity_signals,chaikin_volatility_volume_signals,fantail_vma,trend,B,"{""base"": {""fma_adx_length"": 2, ""fma_ma_length"": 39, ""fma_weighting"": 19}, ""c1"": {""len"": 10}, ""c2"": {""length"": 10, ""signal_length"": 3}, ""exit_ind"": {""adx_smoothing"": 14, ""adx_threshold"": 25, ""di_length"": 14}, ""vol"": {""cvi_len"": 10, ""roc_len"": 3}}","{""atr_len"": 26, ""atr_mult"": 1.2, ""be_pct"": 0.01, ""tp_mult"": 1.95, ""trail_arm"": 2.0, ""trail_mult"": 1.2}"
B|trend|ssl_channel_signals|didi_index_signals|variance_volume_signals|kama_baseline,ssl_channel_signals,didi_index_signals,variance_volume_signals,kama_baseline,trend,B,"{""base"": {""fast_length"": 2, ""length"": 12, ""slow_length"": 30}, ""c1"": {""len"": 12}, ""c2"": {""long_p"": 3, ""medium"": 8}, ""exit_ind"": {""adx_smoothing"": 14, ""adx_threshold"": 25, ""di_length"": 14}, ""vol"": {""ema_len"": 12, ""filter_lookback"": 20, ""hline"": 0, ""lookback"": 132}}","{""atr_len"": 30, ""atr_mult"": 1.26, ""be_pct"": 0.05, ""tp_mult"": 2.55, ""trail_arm"": 1.45, ""trail_mult"": 1.45}"
B|trend|aroon_signals|coppock_curve_signals|waddah_attar_explosion_volume_signals|ema_baseline,aroon_signals,coppock_curve_signals,waddah_attar_explosion_volume_signals,ema_baseline,trend,B,"{""base"": {""ma_length"": 37}, ""c1"": {""length"": 13}, ""c2"": {""long_roc"": 17, ""short_roc"": 31, ""smooth_len"": 8}, ""exit_ind"": {""adx_smoothing"": 14, ""adx_threshold"": 25, ""di_length"": 14}, ""vol"": {""bbLen"": 87, ""bbStd"": 4, ""fastEma"": 87, ""sensitivity"": 23, ""slowEma"": 49}}","{""atr_len"": 28, ""atr_mult"": 1.38, ""be_pct"": 0.09, ""tp_mult"": 2.3, ""trail_arm"": 1.55, ""trail_mult"": 0.85}"
B|trend|center_of_gravity_signals|laguerre_filter_signals|chaikin_volatility_volume_signals|t3_baseline,center_of_gravity_signals,laguerre_filter_signals,chaikin_volatility_volume_signals,t3_baseline,trend,B,"{""base"": {""length"": 19, ""volume_factor"": 0.567792}, ""c1"": {""length"": 100, ""signal_length"": 3}, ""c2"": {""alpha"": 0.070224}, ""exit_ind"": {""adx_smoothing"": 14, ""adx_threshold"": 25, ""di_length"": 14}, ""vol"": {""cvi_len"": 12, ""roc_len"": 10}}","{""atr_len"": 44, ""atr_mult"": 1.43, ""be_pct"": 0.01, ""tp_mult"": 2.45, ""trail_arm"": 1.9, ""trail_mult"": 1.15}"
B|trend|donchian_breakout_signals|price_momentum_oscillator_signals|choppiness_index_volume_signals|rma_baseline,donchian_breakout_signals,price_momentum_oscillator_signals,choppiness_index_volume_signals,rma_baseline,trend,B,"{""base"": {""ma_length"": 200}, ""c1"": {""length"": 5}, ""c2"": {""s1"": 43, ""s2"": 16, ""sig"": 10}, ""exit_ind"": {""adx_smoothing"": 14, ""adx_threshold"": 25, ""di_length"": 14}, ""vol"": {""ci_threshold"": 61.8, ""length"": 2}}","{""atr_len"": 50, ""atr_mult"": 1.4, ""be_pct"": 0.01, ""tp_mult"": 2.55, ""trail_arm"": 2.0, ""trail_mult"": 1.35}"
B|trend|fisher_transform_signals|rex_oscillator_signals|variance_volume_signals|fantail_vma,fisher_transform_signals,rex_oscillator_signals,variance_volume_signals,fantail_vma,trend,B,"{""base"": {""fma_adx_length"": 2, ""fma_ma_length"": 26, ""fma_weighting"": 43}, ""c1"": {""length"": 5}, ""c2"": {""almaOffset"": 0.85, ""almaSigma"": 6, ""framaFast"": 34, ""framaSlow"": 89, ""jurikPhase"": 1, ""jurikPower"": 1, ""lsOffset"": 0, ""modFBW"": 0.5, ""modFilter"": 0.8, ""sigAlmaOff"": 0.85, ""sigAlmaSig"": 6, ""sigFramaFast"": 34, ""sigFramaSlow"": 89, ""sigJurikPhase"": 1, ""sigJurikPower"": 1, ""sigLsOff"": 0, ""sigModFBW"": 0.5, ""sigModFilter"": 0.8, ""sigSmooth"": 3, ""sigVolAdj"": 10, ""smooth"": 11, ""volAdj"": 10}, ""exit_ind"": {""adx_smoothing"": 14, ""adx_threshold"": 25, ""di_length"": 14}, ""vol"": {""ema_len"": 2, ""filter_lookback"": 20, ""hline"": 0, ""lookback"": 200}}","{""atr_len"": 20, ""atr_mult"": 1.44, ""be_pct"": 0.05, ""tp_mult"": 2.7, ""trail_arm"": 1.5, ""trail_mult"": 0.8}"
B|trend|j_tpo_signals|volatility_quality_signals|waddah_attar_explosion_volume_signals|sma_baseline,j_tpo_signals,volatility_quality_signals,waddah_attar_explosion_volume_signals,sma_baseline,trend,B,"{""base"": {""length"": 20}, ""c1"": {""ema_len"": 200, ""len"": 75}, ""c2"": {""atr_pct"": 0.075, ""smooth"": 66}, ""exit_ind"": {""adx_smoothing"": 14, ""adx_threshold"": 25, ""di_length"": 14}, ""vol"": {""bbLen"": 20, ""bbStd"": 2, ""fastEma"": 11, ""sensitivity"": 15, ""slowEma"": 49}}","{""atr_len"": 13, ""atr_mult"": 1.1, ""be_pct"": 0.05, ""tp_mult"": 3.0, ""trail_arm"": 2.0, ""trail_mult"": 0.5}"
B|trend|parabolic_sar_signals|laguerre_filter_signals|variance_volume_signals|wma_baseline,parabolic_sar_signals,laguerre_filter_signals,variance_volume_signals,wma_baseline,trend,B,"{""base"": {""ma_length"": 200}, ""c1"": {""sar_increment"": 0.086575, ""sar_maximum"": 0.106734, ""sar_start"": 0.002}, ""c2"": {""alpha"": 0.2}, ""exit_ind"": {""adx_smoothing"": 14, ""adx_threshold"": 25, ""di_length"": 14}, ""vol"": {""ema_len"": 100, ""filter_lookback"": 200, ""hline"": 0, ""lookback"": 25}}","{""atr_len"": 50, ""atr_mult"": 1.27, ""be_pct"": 0.05, ""tp_mult"": 1.95, ""trail_arm"": 1.35, ""trail_mult"": 0.5}"
B|trend|relative_vigor_index_signals|j_tpo_signals|variance_volume_signals|wma_baseline,relative_vigor_index_signals,j_tpo_signals,variance_volume_signals,wma_baseline,trend,B,"{""base"": {""ma_length"": 200}, ""c1"": {""len"": 10}, ""c2"": {""ema_len"": 200, ""len"": 40}, ""exit_ind"": {""adx_smoothing"": 14, ""adx_threshold"": 25, ""di_length"": 14}, ""vol"": {""ema_len"": 8, ""filter_lookback"": 11, ""hline"": 0, ""lookback"": 25}}","{""atr_len"": 50, ""atr_mult"": 1.05, ""be_pct"": 0.05, ""tp_mult"": 2.95, ""trail_arm"": 2.0, ""trail_mult"": 1.3}"
B|trend|vortex_signals|chandelier_exit_signals|efficiency_ratio_volume_signals|wma_baseline,vortex_signals,chandelier_exit_signals,efficiency_ratio_volume_signals,wma_baseline,trend,B,"{""base"": {""ma_length"": 20}, ""c1"": {""period"": 14}, ""c2"": {""atr_mult"": 4, ""atr_period"": 2}, ""exit_ind"": {""adx_smoothing"": 14, ""adx_threshold"": 25, ""di_length"": 14}, ""vol"": {""er_threshold"": 0.369854, ""length"": 10}}","{""atr_len"": 50, ""atr_mult"": 1.05, ""be_pct"": 0.06, ""tp_mult"": 1.45, ""trail_arm"": 1.0, ""trail_mult"": 0.65}"
B|trend|chandelier_exit_signals|fisher_transform_signals|chaikin_volatility_volume_signals|rma_baseline,chandelier_exit_signals,fisher_transform_signals,chaikin_volatility_volume_signals,rma_baseline,trend,B,"{""base"": {""ma_length"": 200}, ""c1"": {""atr_mult"": 6, ""atr_period"": 27}, ""c2"": {""length"": 28}, ""exit_ind"": {""adx_smoothing"": 14, ""adx_threshold"": 25, ""di_length"": 14}, ""vol"": {""cvi_len"": 43, ""roc_len"": 10}}","{""atr_len"": 34, ""atr_mult"": 1.1, ""be_pct"": 0.01, ""tp_mult"": 2.75, ""trail_arm"": 1.75, ""trail_mult"": 1.1}"
B|trend|donchian_breakout_signals|linreg_slope_signals|volatility_ratio_volume_signals|ema_baseline,donchian_breakout_signals,linreg_slope_signals,volatility_ratio_volume_signals,ema_baseline,trend,B,"{""base"": {""ma_length"": 20}, ""c1"": {""length"": 7}, ""c2"": {""length"": 40, ""r2_floor"": 0.569607}, ""exit_ind"": {""adx_smoothing"": 14, ""adx_threshold"": 25, ""di_length"": 14}, ""vol"": {""length"": 26}}","{""atr_len"": 50, ""atr_mult"": 1.43, ""be_pct"": 0.01, ""tp_mult"": 3.0, ""trail_arm"": 1.0, ""trail_mult"": 1.4}"
B|trend|fisher_transform_signals|relative_vigor_index_signals|damiani_volatmeter_volume_signals|fantail_vma,fisher_transform_signals,relative_vigor_index_signals,damiani_volatmeter_volume_signals,fantail_vma,trend,B,"{""base"": {""fma_adx_length"": 2, ""fma_ma_length"": 7, ""fma_weighting"": 43}, ""c1"": {""length"": 10}, ""c2"": {""len"": 10}, ""exit_ind"": {""adx_smoothing"": 14, ""adx_threshold"": 25, ""di_length"": 14}, ""vol"": {""lag"": 1.4, ""sedimentation"": 142, ""threshold"": 1.725985, ""viscosity"": 9}}","{""atr_len"": 48, ""atr_mult"": 1.47, ""be_pct"": 0.01, ""tp_mult"": 3.0, ""trail_arm"": 1.0, ""trail_mult"": 0.85}"
B|trend|kalman_filter_signals|kase_peak_oscillator_signals|variance_volume_signals|t3_baseline,kalman_filter_signals,kase_peak_oscillator_signals,variance_volume_signals,t3_baseline,trend,B,"{""base"": {""length"": 100, ""volume_factor"": 0.7}, ""c1"": {""k"": 3, ""sharpness"": 1}, ""c2"": {""long_cycle"": 650, ""sharpness"": 40, ""short_cycle"": 10}, ""exit_ind"": {""adx_smoothing"": 14, ""adx_threshold"": 25, ""di_length"": 14}, ""vol"": {""ema_len"": 66, ""filter_lookback"": 25, ""hline"": 0, ""lookback"": 20}}","{""atr_len"": 50, ""atr_mult"": 1.46, ""be_pct"": 0.05, ""tp_mult"": 2.9, ""trail_arm"": 2.0, ""trail_mult"": 0.5}"
B|trend|lemantrend_signals|j_tpo_signals|volatility_ratio_volume_signals|kama_baseline,lemantrend_signals,j_tpo_signals,volatility_ratio_volume_signals,kama_baseline,trend,B,"{""base"": {""fast_length"": 2, ""length"": 43, ""slow_length"": 30}, ""c1"": {""fast_period"": 28, ""medium_period"": 60, ""slow_period"": 5, ""smooth"": 13}, ""c2"": {""ema_len"": 200, ""len"": 40}, ""exit_ind"": {""adx_smoothing"": 14, ""adx_threshold"": 25, ""di_length"": 14}, ""vol"": {""length"": 3}}","{""atr_len"": 41, ""atr_mult"": 1.2, ""be_pct"": 0.05, ""tp_mult"": 2.85, ""trail_arm"": 1.85, ""trail_mult"": 0.95}"
B|trend|polychromatic_momentum_signals|coral_signals|variance_volume_signals|frama_baseline,polychromatic_momentum_signals,coral_signals,variance_volume_signals,frama_baseline,trend,B,"{""base"": {""length"": 19}, ""c1"": {""len"": 11}, ""c2"": {""const_d"": 17, ""smooth_period"": 12}, ""exit_ind"": {""adx_smoothing"": 14, ""adx_threshold"": 25, ""di_length"": 14}, ""vol"": {""ema_len"": 100, ""filter_lookback"": 11, ""hline"": 0, ""lookback"": 16}}","{""atr_len"": 19, ""atr_mult"": 1.25, ""be_pct"": 0.05, ""tp_mult"": 3.0, ""trail_arm"": 1.4, ""trail_mult"": 1.35}"
B|trend|relative_vigor_index_signals|parabolic_sar_signals|waddah_attar_explosion_volume_signals|fantail_vma,relative_vigor_index_signals,parabolic_sar_signals,waddah_attar_explosion_volume_signals,fantail_vma,trend,B,"{""base"": {""fma_adx_length"": 2, ""fma_ma_length"": 17, ""fma_weighting"": 66}, ""c1"": {""len"": 2}, ""c2"": {""sar_increment"": 0.056961, ""sar_maximum"": 0.106734, ""sar_start"": 0.016223}, ""exit_ind"": {""adx_smoothing"": 14, ""adx_threshold"": 25, ""di_length"": 14}, ""vol"": {""bbLen"": 200, ""bbStd"": 2, ""fastEma"": 16, ""sensitivity"": 150, ""slowEma"": 14}}","{""atr_len"": 42, ""atr_mult"": 1.1, ""be_pct"": 0.01, ""tp_mult"": 1.55, ""trail_arm"": 1.1, ""trail_mult"": 1.15}"
B|trend|supertrend_signals|parabolic_sar_signals|fractal_dimension_volume_signals|tma_baseline,supertrend_signals,parabolic_sar_signals,fractal_dimension_volume_signals,tma_baseline,trend,B,"{""base"": {""length"": 16}, ""c1"": {""atr_period"": 12, ""factor"": 3}, ""c2"": {""sar_increment"": 0.016223, ""sar_maximum"": 0.2, ""sar_start"": 0.016223}, ""exit_ind"": {""adx_smoothing"": 14, ""adx_threshold"": 25, ""di_length"": 14}, ""vol"": {""fd_threshold"": 1.5, ""length"": 56}}","{""atr_len"": 35, ""atr_mult"": 1.31, ""be_pct"": 0.05, ""tp_mult"": 3.0, ""trail_arm"": 2.0, ""trail_mult"": 0.5}"
B|trend|aroon_signals|hieken_ashi_smoothed_signals|waddah_attar_explosion_volume_signals|mcginley_dynamic_index,aroon_signals,hieken_ashi_smoothed_signals,waddah_attar_explosion_volume_signals,mcginley_dynamic_index,trend,B,"{""base"": {""mci_length"": 14}, ""c1"": {""length"": 2}, ""c2"": {""alma_offset1"": 0.85, ""alma_offset2"": 0.85, ""alma_sigma1"": 6, ""alma_sigma2"": 6, ""ama_smooth1"": 0.181, ""ama_smooth2"": 0.181, ""frama_t1_a"": 1, ""frama_t1_b"": 168, ""frama_t2_a"": 1, ""frama_t2_b"": 168, ""lsma_offset1"": 0, ""lsma_offset2"": 0, ""ma_len1"": 8, ""ma_len2"": 8, ""vol_factor1"": 0.82, ""vol_factor2"": 0.82}, ""exit_ind"": {""adx_smoothing"": 14, ""adx_threshold"": 25, ""di_length"": 14}, ""vol"": {""bbLen"": 20, ""bbStd"": 20, ""fastEma"": 87, ""sensitivity"": 15, ""slowEma"": 14}}","{""atr_len"": 2, ""atr_mult"": 1.39, ""be_pct"": 0.01, ""tp_mult"": 2.1, ""trail_arm"": 1.1, ""trail_mult"": 1.2}"
B|trend|center_of_gravity_signals|volatility_quality_signals|variance_volume_signals|tma_baseline,center_of_gravity_signals,volatility_quality_signals,variance_volume_signals,tma_baseline,trend,B,"{""base"": {""length"": 25}, ""c1"": {""length"": 10, ""signal_length"": 4}, ""c2"": {""atr_pct"": 0.040025, ""smooth"": 12}, ""exit_ind"": {""adx_smoothing"": 14, ""adx_threshold"": 25, ""di_length"": 14}, ""vol"": {""ema_len"": 10, ""filter_lookback"": 132, ""hline"": 0, ""lookback"": 16}}","{""atr_len"": 16, ""atr_mult"": 1.0, ""be_pct"": 0.05, ""tp_mult"": 2.9, ""trail_arm"": 1.5, ""trail_mult"": 1.25}"
B|trend|coral_signals|ssl_channel_signals|williams_vix_fix_volume_signals|rma_baseline,coral_signals,ssl_channel_signals,williams_vix_fix_volume_signals,rma_baseline,trend,B,"{""base"": {""ma_length"": 16}, ""c1"": {""const_d"": 61, ""smooth_period"": 66}, ""c2"": {""len"": 28}, ""exit_ind"": {""adx_smoothing"": 14, ""adx_threshold"": 25, ""di_length"": 14}, ""vol"": {""bb_length"": 7, ""bb_mult"": 2, ""lookback"": 2}}","{""atr_len"": 6, ""atr_mult"": 1.0, ""be_pct"": 0.05, ""tp_mult"": 2.65, ""trail_arm"": 1.05, ""trail_mult"": 0.5}"
B|trend|ehlers_reverse_ema_signals|price_momentum_oscillator_signals|variance_volume_signals|tma_baseline,ehlers_reverse_ema_signals,price_momentum_oscillator_signals,variance_volume_signals,tma_baseline,trend,B,"{""base"": {""length"": 25}, ""c1"": {""alpha"": 0.035112}, ""c2"": {""s1"": 35, ""s2"": 20, ""sig"": 10}, ""exit_ind"": {""adx_smoothing"": 14, ""adx_threshold"": 25, ""di_length"": 14}, ""vol"": {""ema_len"": 19, ""filter_lookback"": 200, ""hline"": 0, ""lookback"": 16}}","{""atr_len"": 2, ""atr_mult"": 1.42, ""be_pct"": 0.05, ""tp_mult"": 2.85, ""trail_arm"": 1.0, ""trail_mult"": 1.25}"
B|trend|halftrend_signals|kuskus_starlight_signals|variance_volume_signals|rma_baseline,halftrend_signals,kuskus_starlight_signals,variance_volume_signals,rma_baseline,trend,B,"{""base"": {""ma_length"": 16}, ""c1"": {""amplitude"": 50}, ""c2"": {""index_smooth"": 0.567792, ""price_smooth"": 0.567792, ""range_periods"": 30}, ""exit_ind"": {""adx_smoothing"": 14, ""adx_threshold"": 25, ""di_length"": 14}, ""vol"": {""ema_len"": 8, ""filter_lookback"": 16, ""hline"": 0, ""lookback"": 200}}","{""atr_len"": 50, ""atr_mult"": 1.2, ""be_pct"": 0.05, ""tp_mult"": 3.0, ""trail_arm"": 1.65, ""trail_mult"": 1.2}"
B|trend|j_tpo_signals|hieken_ashi_smoothed_signals|variance_volume_signals|rma_baseline,j_tpo_signals,hieken_ashi_smoothed_signals,variance_volume_signals,rma_baseline,trend,B,"{""base"": {""ma_length"": 11}, ""c1"": {""ema_len"": 200, ""len"": 400}, ""c2"": {""alma_offset1"": 0.85, ""alma_offset2"": 0.85, ""alma_sigma1"": 6, ""alma_sigma2"": 6, ""ama_smooth1"": 0.181, ""ama_smooth2"": 0.181, ""frama_t1_a"": 1, ""frama_t1_b"": 168, ""frama_t2_a"": 1, ""frama_t2_b"": 168, ""lsma_offset1"": 0, ""lsma_offset2"": 0, ""ma_len1"": 35, ""ma_len2"": 8, ""vol_factor1"": 1.010934, ""vol_factor2"": 1.010934}, ""exit_ind"": {""adx_smoothing"": 14, ""adx_threshold"": 25, ""di_length"": 14}, ""vol"": {""ema_len"": 66, ""filter_lookback"": 3, ""hline"": 0, ""lookback"": 11}}","{""atr_len"": 35, ""atr_mult"": 1.48, ""be_pct"": 0.05, ""tp_mult"": 3.0, ""trail_arm"": 1.0, ""trail_mult"": 1.1}"
B|trend|laguerre_filter_signals|coral_signals|chaikin_volatility_volume_signals|sma_baseline,laguerre_filter_signals,coral_signals,chaikin_volatility_volume_signals,sma_baseline,trend,B,"{""base"": {""length"": 37}, ""c1"": {""alpha"": 0.106734}, ""c2"": {""const_d"": 5, ""smooth_period"": 28}, ""exit_ind"": {""adx_smoothing"": 14, ""adx_threshold"": 25, ""di_length"": 14}, ""vol"": {""cvi_len"": 19, ""roc_len"": 10}}","{""atr_len"": 47, ""atr_mult"": 1.1, ""be_pct"": 0.05, ""tp_mult"": 2.5, ""trail_arm"": 1.95, ""trail_mult"": 0.5}"
B|trend|mama_fama_signals|kalman_filter_signals|waddah_attar_explosion_volume_signals|t3_baseline,mama_fama_signals,kalman_filter_signals,waddah_attar_explosion_volume_signals,t3_baseline,trend,B,"{""base"": {""length"": 8, ""volume_factor"": 0.862993}, ""c1"": {""fast_limit"": 1.424018, ""slow_limit"": 0.040557}, ""c2"": {""k"": 2, ""sharpness"": 7}, ""exit_ind"": {""adx_smoothing"": 14, ""adx_threshold"": 25, ""di_length"": 14}, ""vol"": {""bbLen"": 37, ""bbStd"": 2, ""fastEma"": 11, ""sensitivity"": 281, ""slowEma"": 14}}","{""atr_len"": 3, ""atr_mult"": 1.37, ""be_pct"": 0.05, ""tp_mult"": 2.4, ""trail_arm"": 1.95, ""trail_mult"": 0.85}"
B|trend|qqe_mod_signals|coral_signals|efficiency_ratio_volume_signals|rma_baseline,qqe_mod_signals,coral_signals,efficiency_ratio_volume_signals,rma_baseline,trend,B,"{""base"": {""ma_length"": 132}, ""c1"": {""fast_factor"": 3.016846, ""rsi_len"": 6, ""rsi_period"": 5}, ""c2"": {""const_d"": 11, ""smooth_period"": 10}, ""exit_ind"": {""adx_smoothing"": 14, ""adx_threshold"": 25, ""di_length"": 14}, ""vol"": {""er_threshold"": 0.3, ""length"": 12}}","{""atr_len"": 35, ""atr_mult"": 1.0, ""be_pct"": 0.01, ""tp_mult"": 2.35, ""trail_arm"": 1.5, ""trail_mult"": 0.6}"
B|trend|ssl_channel_signals|relative_vigor_index_signals|fractal_dimension_volume_signals|sma_baseline,ssl_channel_signals,relative_vigor_index_signals,fractal_dimension_volume_signals,sma_baseline,trend,B,"{""base"": {""length"": 132}, ""c1"": {""len"": 66}, ""c2"": {""len"": 10}, ""exit_ind"": {""adx_smoothing"": 14, ""adx_threshold"": 25, ""di_length"": 14}, ""vol"": {""fd_threshold"": 1.5, ""length"": 300}}","{""atr_len"": 39, ""atr_mult"": 1.0, ""be_pct"": 0.09, ""tp_mult"": 2.95, ""trail_arm"": 2.0, ""trail_mult"": 0.5}"
B|trend|aroon_signals|fx_sniper_ergodic_cci_signals|waddah_attar_explosion_volume_signals|hma_baseline,aroon_signals,fx_sniper_ergodic_cci_signals,waddah_attar_explosion_volume_signals,hma_baseline,trend,B,"{""base"": {""ma_length"": 25}, ""c1"": {""length"": 20}, ""c2"": {""cci_length"": 14, ""ema1_length"": 5, ""ema2_length"": 3, ""trigger_length"": 4}, ""exit_ind"": {""adx_smoothing"": 14, ""adx_threshold"": 25, ""di_length"": 14}, ""vol"": {""bbLen"": 20, ""bbStd"": 13, ""fastEma"": 5, ""sensitivity"": 649, ""slowEma"": 6}}","{""atr_len"": 7, ""atr_mult"": 1.46, ""be_pct"": 0.01, ""tp_mult"": 2.5, ""trail_arm"": 1.15, ""trail_mult"": 0.8}"
B|trend|center_of_gravity_signals|price_momentum_oscillator_signals|efficiency_ratio_volume_signals|sma_baseline,center_of_gravity_signals,price_momentum_oscillator_signals,efficiency_ratio_volume_signals,sma_baseline,trend,B,"{""base"": {""length"": 37}, ""c1"": {""length"": 10, ""signal_length"": 2}, ""c2"": {""s1"": 19, ""s2"": 20, ""sig"": 10}, ""exit_ind"": {""adx_smoothing"": 14, ""adx_threshold"": 25, ""di_length"": 14}, ""vol"": {""er_threshold"": 0.562145, ""length"": 4}}","{""atr_len"": 3, ""atr_mult"": 1.15, ""be_pct"": 0.09, ""tp_mult"": 2.35, ""trail_arm"": 1.85, ""trail_mult"": 0.5}"
B|trend|didi_index_signals|bears_bulls_impulse_signals|variance_volume_signals|kama_baseline,didi_index_signals,bears_bulls_impulse_signals,variance_volume_signals,kama_baseline,trend,B,"{""base"": {""fast_length"": 2, ""length"": 12, ""slow_length"": 37}, ""c1"": {""long_p"": 25, ""medium"": 80}, ""c2"": {""length"": 16}, ""exit_ind"": {""adx_smoothing"": 14, ""adx_threshold"": 25, ""di_length"": 14}, ""vol"": {""ema_len"": 19, ""filter_lookback"": 132, ""hline"": 0, ""lookback"": 5}}","{""atr_len"": 48, ""atr_mult"": 1.0, ""be_pct"": 0.04, ""tp_mult"": 2.95, ""trail_arm"": 1.0, ""trail_mult"": 0.8}"
B|trend|dspo_signals|chandelier_exit_signals|waddah_attar_explosion_volume_signals|tma_baseline,dspo_signals,chandelier_exit_signals,waddah_attar_explosion_volume_signals,tma_baseline,trend,B,"{""base"": {""length"": 20}, ""c1"": {""len"": 14}, ""c2"": {""atr_mult"": 3, ""atr_period"": 22}, ""exit_ind"": {""adx_smoothing"": 14, ""adx_threshold"": 25, ""di_length"": 14}, ""vol"": {""bbLen"": 20, ""bbStd"": 2, ""fastEma"": 7, ""sensitivity"": 23, ""slowEma"": 14}}","{""atr_len"": 10, ""atr_mult"": 1.44, ""be_pct"": 0.09, ""tp_mult"": 2.95, ""trail_arm"": 1.55, ""trail_mult"": 1.3}"
B|trend|fisher_transform_signals|trend_direction_force_index_signals|waddah_attar_explosion_volume_signals|rma_baseline,fisher_transform_signals,trend_direction_force_index_signals,waddah_attar_explosion_volume_signals,rma_baseline,trend,B,"{""base"": {""ma_length"": 20}, ""c1"": {""length"": 4}, ""c2"": {""fhigh"": 0.093691, ""flow"": -0.05, ""lookback"": 130}, ""exit_ind"": {""adx_smoothing"": 14, ""adx_threshold"": 25, ""di_length"": 14}, ""vol"": {""bbLen"": 57, ""bbStd"": 2, ""fastEma"": 20, ""sensitivity"": 150, ""slowEma"": 32}}","{""atr_len"": 2, ""atr_mult"": 1.0, ""be_pct"": 0.05, ""tp_mult"": 2.5, ""trail_arm"": 1.0, ""trail_mult"": 1.5}"
B|trend|hieken_ashi_smoothed_signals|polychromatic_momentum_signals|efficiency_ratio_volume_signals|ema_baseline,hieken_ashi_smoothed_signals,polychromatic_momentum_signals,efficiency_ratio_volume_signals,ema_baseline,trend,B,"{""base"": {""ma_length"": 25}, ""c1"": {""alma_offset1"": 0.85, ""alma_offset2"": 0.85, ""alma_sigma1"": 6, ""alma_sigma2"": 6, ""ama_smooth1"": 0.181, ""ama_smooth2"": 0.181, ""frama_t1_a"": 1, ""frama_t1_b"": 168, ""frama_t2_a"": 1, ""frama_t2_b"": 168, ""lsma_offset1"": 0, ""lsma_offset2"": 0, ""ma_len1"": 4, ""ma_len2"": 8, ""vol_factor1"": 1.010934, ""vol_factor2"": 0.82}, ""c2"": {""len"": 17}, ""exit_ind"": {""adx_smoothing"": 14, ""adx_threshold"": 25, ""di_length"": 14}, ""vol"": {""er_threshold"": 0.160101, ""length"": 66}}","{""atr_len"": 41, ""atr_mult"": 1.05, ""be_pct"": 0.01, ""tp_mult"": 2.95, ""trail_arm"": 1.0, ""trail_mult"": 1.4}"
B|trend|kalman_filter_signals|laguerre_filter_signals|variance_volume_signals|kama_baseline,kalman_filter_signals,laguerre_filter_signals,variance_volume_signals,kama_baseline,trend,B,"{""base"": {""fast_length"": 2, ""length"": 19, ""slow_length"": 37}, ""c1"": {""k"": 3, ""sharpness"": 1}, ""c2"": {""alpha"": 0.2}, ""exit_ind"": {""adx_smoothing"": 14, ""adx_threshold"": 25, ""di_length"": 14}, ""vol"": {""ema_len"": 10, ""filter_lookback"": 37, ""hline"": 0, ""lookback"": 11}}","{""atr_len"": 39, ""atr_mult"": 1.26, ""be_pct"": 0.01, ""tp_mult"": 2.8, ""trail_arm"": 1.0, ""trail_mult"": 1.75}"
B|trend|linreg_slope_signals|schaff_trend_cycle_signals|variance_volume_signals|ema_baseline,linreg_slope_signals,schaff_trend_cycle_signals,variance_volume_signals,ema_baseline,trend,B,"{""base"": {""ma_length"": 20}, ""c1"": {""length"": 140, ""r2_floor"": 0.046203}, ""c2"": {""cycleLen"": 5, ""d1"": 2, ""d2"": 3, ""lowerBand"": 25, ""macdFast"": 8, ""macdSlow"": 50, ""stc_midline"": 27, ""upperBand"": 75}, ""exit_ind"": {""adx_smoothing"": 14, ""adx_threshold"": 25, ""di_length"": 14}, ""vol"": {""ema_len"": 28, ""filter_lookback"": 25, ""hline"": 0, ""lookback"": 200}}","{""atr_len"": 50, ""atr_mult"": 1.0, ""be_pct"": 0.05, ""tp_mult"": 3.0, ""trail_arm"": 1.5, ""trail_mult"": 1.25}"
B|trend|rex_oscillator_signals|bears_bulls_impulse_signals|efficiency_ratio_volume_signals|ema_baseline,rex_oscillator_signals,bears_bulls_impulse_signals,efficiency_ratio_volume_signals,ema_baseline,trend,B,"{""base"": {""ma_length"": 11}, ""c1"": {""almaOffset"": 0.85, ""almaSigma"": 6, ""framaFast"": 34, ""framaSlow"": 89, ""jurikPhase"": 1, ""jurikPower"": 1, ""lsOffset"": 0, ""modFBW"": 0.5, ""modFilter"": 0.8, ""sigAlmaOff"": 0.85, ""sigAlmaSig"": 6, ""sigFramaFast"": 34, ""sigFramaSlow"": 89, ""sigJurikPhase"": 1, ""sigJurikPower"": 1, ""sigLsOff"": 0, ""sigModFBW"": 0.5, ""sigModFilter"": 0.8, ""sigSmooth"": 22, ""sigVolAdj"": 10, ""smooth"": 14, ""volAdj"": 10}, ""c2"": {""length"": 130}, ""exit_ind"": {""adx_smoothing"": 14, ""adx_threshold"": 25, ""di_length"": 14}, ""vol"": {""er_threshold"": 0.854411, ""length"": 5}}","{""atr_len"": 5, ""atr_mult"": 1.2, ""be_pct"": 0.05, ""tp_mult"": 3.0, ""trail_arm"": 2.0, ""trail_mult"": 1.15}"
B|trend|ssl_channel_signals|aroon_signals|variance_volume_signals|ema_baseline,ssl_channel_signals,aroon_signals,variance_volume_signals,ema_baseline,trend,B,"{""base"": {""ma_length"": 20}, ""c1"": {""len"": 10}, ""c2"": {""length"": 20}, ""exit_ind"": {""adx_smoothing"": 14, ""adx_threshold"": 25, ""di_length"": 14}, ""vol"": {""ema_len"": 8, ""filter_lookback"": 87, ""hline"": 0, ""lookback"": 25}}","{""atr_len"": 26, ""atr_mult"": 1.46, ""be_pct"": 0.05, ""tp_mult"": 2.05, ""trail_arm"": 1.0, ""trail_mult"": 1.25}"
B|trend|waddah_attar_explosion_signals|chandelier_exit_signals|volatility_ratio_volume_signals|t3_baseline,waddah_attar_explosion_signals,chandelier_exit_signals,volatility_ratio_volume_signals,t3_baseline,trend,B,"{""base"": {""length"": 10, ""volume_factor"": 0.7}, ""c1"": {""bbLen"": 132, ""bbStd"": 2, ""fastEma"": 20, ""sensitivity"": 122, ""slowEma"": 32}, ""c2"": {""atr_mult"": 3, ""atr_period"": 12}, ""exit_ind"": {""adx_smoothing"": 14, ""adx_threshold"": 25, ""di_length"": 14}, ""vol"": {""length"": 11}}","{""atr_len"": 6, ""atr_mult"": 1.29, ""be_pct"": 0.01, ""tp_mult"": 2.65, ""trail_arm"": 1.1, ""trail_mult"": 0.5}"
B|trend|center_of_gravity_signals|halftrend_signals|efficiency_ratio_volume_signals|wma_baseline,center_of_gravity_signals,halftrend_signals,efficiency_ratio_volume_signals,wma_baseline,trend,B,"{""base"": {""ma_length"": 16}, ""c1"": {""length"": 10, ""signal_length"": 3}, ""c2"": {""amplitude"": 50}, ""exit_ind"": {""adx_smoothing"": 14, ""adx_threshold"": 25, ""di_length"": 14}, ""vol"": {""er_threshold"": 0.3, ""length"": 43}}","{""atr_len"": 22, ""atr_mult"": 1.28, ""be_pct"": 0.02, ""tp_mult"": 1.8, ""trail_arm"": 1.0, ""trail_mult"": 1.0}"
B|trend|coral_signals|ehlers_reverse_ema_signals|chaikin_volatility_volume_signals|mcginley_dynamic_index,coral_signals,ehlers_reverse_ema_signals,chaikin_volatility_volume_signals,mcginley_dynamic_index,trend,B,"{""base"": {""mci_length"": 11}, ""c1"": {""const_d"": 3, ""smooth_period"": 10}, ""c2"": {""alpha"": 0.1}, ""exit_ind"": {""adx_smoothing"": 14, ""adx_threshold"": 25, ""di_length"": 14}, ""vol"": {""cvi_len"": 8, ""roc_len"": 6}}","{""atr_len"": 45, ""atr_mult"": 1.0, ""be_pct"": 0.05, ""tp_mult"": 2.9, ""trail_arm"": 1.0, ""trail_mult"": 1.45}"
B|trend|dspo_signals|waddah_attar_explosion_signals|choppiness_index_volume_signals|tma_baseline,dspo_signals,waddah_attar_explosion_signals,choppiness_index_volume_signals,tma_baseline,trend,B,"{""base"": {""length"": 16}, ""c1"": {""len"": 26}, ""c2"": {""bbLen"": 132, ""bbStd"": 2, ""fastEma"": 20, ""sensitivity"": 122, ""slowEma"": 32}, ""exit_ind"": {""adx_smoothing"": 14, ""adx_threshold"": 25, ""di_length"": 14}, ""vol"": {""ci_threshold"": 61.8, ""length"": 61}}","{""atr_len"": 46, ""atr_mult"": 1.0, ""be_pct"": 0.05, ""tp_mult"": 3.0, ""trail_arm"": 2.0, ""trail_mult"": 1.1}"
B|trend|halftrend_signals|rex_oscillator_signals|variance_volume_signals|fantail_vma,halftrend_signals,rex_oscillator_signals,variance_volume_signals,fantail_vma,trend,B,"{""base"": {""fma_adx_length"": 2, ""fma_ma_length"": 7, ""fma_weighting"": 12}, ""c1"": {""amplitude"": 62}, ""c2"": {""almaOffset"": 0.85, ""almaSigma"": 6, ""framaFast"": 34, ""framaSlow"": 89, ""jurikPhase"": 1, ""jurikPower"": 1, ""lsOffset"": 0, ""modFBW"": 0.5, ""modFilter"": 0.8, ""sigAlmaOff"": 0.85, ""sigAlmaSig"": 6, ""sigFramaFast"": 34, ""sigFramaSlow"": 89, ""sigJurikPhase"": 1, ""sigJurikPower"": 1, ""sigLsOff"": 0, ""sigModFBW"": 0.5, ""sigModFilter"": 0.8, ""sigSmooth"": 22, ""sigVolAdj"": 10, ""smooth"": 14, ""volAdj"": 10}, ""exit_ind"": {""adx_smoothing"": 14, ""adx_threshold"": 25, ""di_length"": 14}, ""vol"": {""ema_len"": 10, ""filter_lookback"": 11, ""hline"": 0, ""lookback"": 200}}","{""atr_len"": 50, ""atr_mult"": 1.25, ""be_pct"": 0.15, ""tp_mult"": 3.0, ""trail_arm"": 1.0, ""trail_mult"": 1.6}"
B|trend|laguerre_filter_signals|fx_sniper_ergodic_cci_signals|waddah_attar_explosion_volume_signals|sma_baseline,laguerre_filter_signals,fx_sniper_ergodic_cci_signals,waddah_attar_explosion_volume_signals,sma_baseline,trend,B,"{""base"": {""length"": 20}, ""c1"": {""alpha"": 0.106734}, ""c2"": {""cci_length"": 14, ""ema1_length"": 4, ""ema2_length"": 3, ""trigger_length"": 22}, ""exit_ind"": {""adx_smoothing"": 14, ""adx_threshold"": 25, ""di_length"": 14}, ""vol"": {""bbLen"": 20, ""bbStd"": 2, ""fastEma"": 2, ""sensitivity"": 15, ""slowEma"": 14}}","{""atr_len"": 8, ""atr_mult"": 1.45, ""be_pct"": 0.05, ""tp_mult"": 3.0, ""trail_arm"": 1.1, ""trail_mult"": 1.05}"
B|trend|price_momentum_oscillator_signals|coppock_curve_signals|variance_volume_signals|wma_baseline,price_momentum_oscillator_signals,coppock_curve_signals,variance_volume_signals,wma_baseline,trend,B,"{""base"": {""ma_length"": 37}, ""c1"": {""s1"": 100, ""s2"": 20, ""sig"": 10}, ""c2"": {""long_roc"": 2, ""short_roc"": 11, ""smooth_len"": 8}, ""exit_ind"": {""adx_smoothing"": 14, ""adx_threshold"": 25, ""di_length"": 14}, ""vol"": {""ema_len"": 28, ""filter_lookback"": 3, ""hline"": 0, ""lookback"": 20}}","{""atr_len"": 37, ""atr_mult"": 1.34, ""be_pct"": 0.05, ""tp_mult"": 2.5, ""trail_arm"": 2.0, ""trail_mult"": 1.4}"
B|trend|schaff_trend_cycle_signals|volatility_quality_signals|efficiency_ratio_volume_signals|wma_baseline,schaff_trend_cycle_signals,volatility_quality_signals,efficiency_ratio_volume_signals,wma_baseline,trend,B,"{""base"": {""ma_length"": 20}, ""c1"": {""cycleLen"": 10, ""d1"": 3, ""d2"": 3, ""lowerBand"": 47, ""macdFast"": 23, ""macdSlow"": 41, ""stc_midline"": 5, ""upperBand"": 92}, ""c2"": {""atr_pct"": 0.075, ""smooth"": 10}, ""exit_ind"": {""adx_smoothing"": 14, ""adx_threshold"": 25, ""di_length"": 14}, ""vol"": {""er_threshold"": 0.369854, ""length"": 10}}","{""atr_len"": 48, ""atr_mult"": 1.42, ""be_pct"": 0.05, ""tp_mult"": 2.75, ""trail_arm"": 1.0, ""trail_mult"": 0.95}"
B|trend|bears_bulls_impulse_signals|parabolic_sar_signals|variance_volume_signals|frama_baseline,bears_bulls_impulse_signals,parabolic_sar_signals,variance_volume_signals,frama_baseline,trend,B,"{""base"": {""length"": 19}, ""c1"": {""length"": 37}, ""c2"": {""sar_increment"": 0.037476, ""sar_maximum"": 0.374763, ""sar_start"": 0.024657}, ""exit_ind"": {""adx_smoothing"": 14, ""adx_threshold"": 25, ""di_length"": 14}, ""vol"": {""ema_len"": 10, ""filter_lookback"": 20, ""hline"": 0, ""lookback"": 132}}","{""atr_len"": 21, ""atr_mult"": 1.31, ""be_pct"": 0.01, ""tp_mult"": 3.0, ""trail_arm"": 1.15, ""trail_mult"": 0.85}"
B|trend|coral_signals|kuskus_starlight_signals|vertical_horizontal_filter_volume_signals|rma_baseline,coral_signals,kuskus_starlight_signals,vertical_horizontal_filter_volume_signals,rma_baseline,trend,B,"{""base"": {""ma_length"": 57}, ""c1"": {""const_d"": 140, ""smooth_period"": 43}, ""c2"": {""index_smooth"": 1.311672, ""price_smooth"": 0.161709, ""range_periods"": 85}, ""exit_ind"": {""adx_smoothing"": 14, ""adx_threshold"": 25, ""di_length"": 14}, ""vol"": {""length"": 23, ""vhf_threshold"": 0.35}}","{""atr_len"": 50, ""atr_mult"": 1.05, ""be_pct"": 0.05, ""tp_mult"": 1.2, ""trail_arm"": 1.0, ""trail_mult"": 0.55}"
B|trend|ehlers_reverse_ema_signals|ssl_channel_signals|variance_volume_signals|t3_baseline,ehlers_reverse_ema_signals,ssl_channel_signals,variance_volume_signals,t3_baseline,trend,B,"{""base"": {""length"": 19, ""volume_factor"": 0.862993}, ""c1"": {""alpha"": 0.035112}, ""c2"": {""len"": 12}, ""exit_ind"": {""adx_smoothing"": 14, ""adx_threshold"": 25, ""di_length"": 14}, ""vol"": {""ema_len"": 100, ""filter_lookback"": 200, ""hline"": 0, ""lookback"": 7}}","{""atr_len"": 40, ""atr_mult"": 1.38, ""be_pct"": 0.01, ""tp_mult"": 3.0, ""trail_arm"": 1.0, ""trail_mult"": 1.1}"
B|trend|hieken_ashi_smoothed_signals|ichimoku_signals|efficiency_ratio_volume_signals|t3_baseline,hieken_ashi_smoothed_signals,ichimoku_signals,efficiency_ratio_volume_signals,t3_baseline,trend,B,"{""base"": {""length"": 8, ""volume_factor"": 0.567792}, ""c1"": {""alma_offset1"": 0.85, ""alma_offset2"": 0.85, ""alma_sigma1"": 6, ""alma_sigma2"": 6, ""ama_smooth1"": 0.181, ""ama_smooth2"": 0.181, ""frama_t1_a"": 1, ""frama_t1_b"": 168, ""frama_t2_a"": 1, ""frama_t2_b"": 168, ""lsma_offset1"": 0, ""lsma_offset2"": 0, ""ma_len1"": 15, ""ma_len2"": 80, ""vol_factor1"": 0.082, ""vol_factor2"": 5.395052}, ""c2"": {""base_len"": 21, ""conversion_len"": 2, ""displacement"": 260, ""span_b_len"": 52}, ""exit_ind"": {""adx_smoothing"": 14, ""adx_threshold"": 25, ""di_length"": 14}, ""vol"": {""er_threshold"": 0.3, ""length"": 66}}","{""atr_len"": 40, ""atr_mult"": 1.39, ""be_pct"": 0.01, ""tp_mult"": 1.5, ""trail_arm"": 1.2, ""trail_mult"": 1.1}"
B|trend|kase_peak_oscillator_signals|fisher_transform_signals|variance_volume_signals|frama_baseline,kase_peak_oscillator_signals,fisher_transform_signals,variance_volume_signals,frama_baseline,trend,B,"{""base"": {""length"": 10}, ""c1"": {""long_cycle"": 23, ""sharpness"": 40, ""short_cycle"": 8}, ""c2"": {""length"": 10}, ""exit_ind"": {""adx_smoothing"": 14, ""adx_threshold"": 25, ""di_length"": 14}, ""vol"": {""ema_len"": 100, ""filter_lookback"": 57, ""hline"": 0, ""lookback"": 16}}","{""atr_len"": 29, ""atr_mult"": 1.25, ""be_pct"": 0.01, ""tp_mult"": 1.65, ""trail_arm"": 1.0, ""trail_mult"": 0.85}"
B|trend|mama_fama_signals|relative_vigor_index_signals|chaikin_volatility_volume_signals|rma_baseline,mama_fama_signals,relative_vigor_index_signals,chaikin_volatility_volume_signals,rma_baseline,trend,B,"{""base"": {""ma_length"": 57}, ""c1"": {""fast_limit"": 1.424018, ""slow_limit"": 0.216438}, ""c2"": {""len"": 8}, ""exit_ind"": {""adx_smoothing"": 14, ""adx_threshold"": 25, ""di_length"": 14}, ""vol"": {""cvi_len"": 28, ""roc_len"": 79}}","{""atr_len"": 50, ""atr_mult"": 1.36, ""be_pct"": 0.01, ""tp_mult"": 2.8, ""trail_arm"": 2.0, ""trail_mult"": 0.5}"
B|trend|qqe_mod_signals|supertrend_signals|chaikin_volatility_volume_signals|rma_baseline,qqe_mod_signals,supertrend_signals,chaikin_volatility_volume_signals,rma_baseline,trend,B,"{""base"": {""ma_length"": 200}, ""c1"": {""fast_factor"": 4.585338, ""rsi_len"": 5, ""rsi_period"": 26}, ""c2"": {""atr_period"": 19, ""factor"": 9}, ""exit_ind"": {""adx_smoothing"": 14, ""adx_threshold"": 25, ""di_length"": 14}, ""vol"": {""cvi_len"": 8, ""roc_len"": 34}}","{""atr_len"": 41, ""atr_mult"": 1.26, ""be_pct"": 0.17, ""tp_mult"": 2.1, ""trail_arm"": 1.0, ""trail_mult"": 1.25}"
B|trend|schaff_trend_cycle_signals|schaff_trend_cycle_signals|variance_volume_signals|frama_baseline,schaff_trend_cycle_signals,schaff_trend_cycle_signals,variance_volume_signals,frama_baseline,trend,B,"{""base"": {""length"": 8}, ""c1"": {""cycleLen"": 43, ""d1"": 4, ""d2"": 4, ""lowerBand"": 2, ""macdFast"": 19, ""macdSlow"": 18, ""stc_midline"": 41, ""upperBand"": 26}, ""c2"": {""cycleLen"": 28, ""d1"": 3, ""d2"": 2, ""lowerBand"": 25, ""macdFast"": 19, ""macdSlow"": 62, ""stc_midline"": 62, ""upperBand"": 75}, ""exit_ind"": {""adx_smoothing"": 14, ""adx_threshold"": 25, ""di_length"": 14}, ""vol"": {""ema_len"": 10, ""filter_lookback"": 5, ""hline"": 0, ""lookback"": 25}}","{""atr_len"": 40, ""atr_mult"": 1.0, ""be_pct"": 0.05, ""tp_mult"": 2.95, ""trail_arm"": 1.0, ""trail_mult"": 1.35}"
B|trend|vortex_signals|j_tpo_signals|chaikin_volatility_volume_signals|rma_baseline,vortex_signals,j_tpo_signals,chaikin_volatility_volume_signals,rma_baseline,trend,B,"{""base"": {""ma_length"": 16}, ""c1"": {""period"": 14}, ""c2"": {""ema_len"": 200, ""len"": 40}, ""exit_ind"": {""adx_smoothing"": 14, ""adx_threshold"": 25, ""di_length"": 14}, ""vol"": {""cvi_len"": 8, ""roc_len"": 6}}","{""atr_len"": 46, ""atr_mult"": 1.47, ""be_pct"": 0.01, ""tp_mult"": 2.75, ""trail_arm"": 1.0, ""trail_mult"": 1.2}"
B|trend|center_of_gravity_signals|center_of_gravity_signals|williams_vix_fix_volume_signals|rma_baseline,center_of_gravity_signals,center_of_gravity_signals,williams_vix_fix_volume_signals,rma_baseline,trend,B,"{""base"": {""ma_length"": 25}, ""c1"": {""length"": 19, ""signal_length"": 4}, ""c2"": {""length"": 19, ""signal_length"": 13}, ""exit_ind"": {""adx_smoothing"": 14, ""adx_threshold"": 25, ""di_length"": 14}, ""vol"": {""bb_length"": 11, ""bb_mult"": 2, ""lookback"": 5}}","{""atr_len"": 5, ""atr_mult"": 1.15, ""be_pct"": 0.01, ""tp_mult"": 2.85, ""trail_arm"": 1.7, ""trail_mult"": 0.55}"
B|trend|didi_index_signals|j_tpo_signals|variance_volume_signals|rma_baseline,didi_index_signals,j_tpo_signals,variance_volume_signals,rma_baseline,trend,B,"{""base"": {""ma_length"": 16}, ""c1"": {""long_p"": 16, ""medium"": 4}, ""c2"": {""ema_len"": 200, ""len"": 40}, ""exit_ind"": {""adx_smoothing"": 14, ""adx_threshold"": 25, ""di_length"": 14}, ""vol"": {""ema_len"": 8, ""filter_lookback"": 16, ""hline"": 0, ""lookback"": 3}}","{""atr_len"": 7, ""atr_mult"": 1.0, ""be_pct"": 0.01, ""tp_mult"": 2.2, ""trail_arm"": 1.65, ""trail_mult"": 0.7}"
B|trend|ehlers_reverse_ema_signals|ssl_channel_signals|variance_volume_signals|tma_baseline,ehlers_reverse_ema_signals,ssl_channel_signals,variance_volume_signals,tma_baseline,trend,B,"{""base"": {""length"": 200}, ""c1"": {""alpha"": 0.432876}, ""c2"": {""len"": 66}, ""exit_ind"": {""adx_smoothing"": 14, ""adx_threshold"": 25, ""di_length"": 14}, ""vol"": {""ema_len"": 43, ""filter_lookback"": 200, ""hline"": 0, ""lookback"": 7}}","{""atr_len"": 50, ""atr_mult"": 1.0, ""be_pct"": 0.01, ""tp_mult"": 3.0, ""trail_arm"": 2.0, ""trail_mult"": 0.5}"
B|trend|halftrend_signals|ichimoku_signals|fractal_dimension_volume_signals|sma_baseline,halftrend_signals,ichimoku_signals,fractal_dimension_volume_signals,sma_baseline,trend,B,"{""base"": {""length"": 11}, ""c1"": {""amplitude"": 500}, ""c2"": {""base_len"": 21, ""conversion_len"": 9, ""displacement"": 32, ""span_b_len"": 52}, ""exit_ind"": {""adx_smoothing"": 14, ""adx_threshold"": 25, ""di_length"": 14}, ""vol"": {""fd_threshold"": 1.216696, ""length"": 85}}","{""atr_len"": 2, ""atr_mult"": 1.45, ""be_pct"": 0.19, ""tp_mult"": 2.95, ""trail_arm"": 1.45, ""trail_mult"": 0.8}"
B|trend|j_tpo_signals|vortex_signals|variance_volume_signals|rma_baseline,j_tpo_signals,vortex_signals,variance_volume_signals,rma_baseline,trend,B,"{""base"": {""ma_length"": 16}, ""c1"": {""ema_len"": 200, ""len"": 75}, ""c2"": {""period"": 14}, ""exit_ind"": {""adx_smoothing"": 14, ""adx_threshold"": 25, ""di_length"": 14}, ""vol"": {""ema_len"": 12, ""filter_lookback"": 11, ""hline"": 0, ""lookback"": 37}}","{""atr_len"": 5, ""atr_mult"": 1.42, ""be_pct"": 0.05, ""tp_mult"": 3.0, ""trail_arm"": 2.0, ""trail_mult"": 1.4}"
B|trend|linreg_slope_signals|waddah_attar_explosion_signals|variance_volume_signals|tma_baseline,linreg_slope_signals,waddah_attar_explosion_signals,variance_volume_signals,tma_baseline,trend,B,"{""base"": {""length"": 20}, ""c1"": {""length"": 92, ""r2_floor"": 0.162226}, ""c2"": {""bbLen"": 3, ""bbStd"": 2, ""fastEma"": 25, ""sensitivity"": 150, ""slowEma"": 32}, ""exit_ind"": {""adx_smoothing"": 14, ""adx_threshold"": 25, ""di_length"": 14}, ""vol"": {""ema_len"": 10, ""filter_lookback"": 20, ""hline"": 0, ""lookback"": 57}}","{""atr_len"": 8, ""atr_mult"": 1.29, ""be_pct"": 0.05, ""tp_mult"": 2.9, ""trail_arm"": 1.55, ""trail_mult"": 0.7}"
B|trend|polychromatic_momentum_signals|donchian_breakout_signals|chaikin_volatility_volume_signals|sma_baseline,polychromatic_momentum_signals,donchian_breakout_signals,chaikin_volatility_volume_signals,sma_baseline,trend,B,"{""base"": {""length"": 200}, ""c1"": {""len"": 14}, ""c2"": {""length"": 3}, ""exit_ind"": {""adx_smoothing"": 14, ""adx_threshold"": 25, ""di_length"": 14}, ""vol"": {""cvi_len"": 28, ""roc_len"": 3}}","{""atr_len"": 46, ""atr_mult"": 1.15, ""be_pct"": 0.01, ""tp_mult"": 2.85, ""trail_arm"": 1.0, ""trail_mult"": 1.25}"
B|trend|relative_vigor_index_signals|parabolic_sar_signals|choppiness_index_volume_signals|wma_baseline,relative_vigor_index_signals,parabolic_sar_signals,choppiness_index_volume_signals,wma_baseline,trend,B,"{""base"": {""ma_length"": 200}, ""c1"": {""len"": 10}, ""c2"": {""sar_increment"": 0.056961, ""sar_maximum"": 0.2, ""sar_start"": 0.02}, ""exit_ind"": {""adx_smoothing"": 14, ""adx_threshold"": 25, ""di_length"": 14}, ""vol"": {""ci_threshold"": 61.8, ""length"": 5}}","{""atr_len"": 50, ""atr_mult"": 1.05, ""be_pct"": 0.05, ""tp_mult"": 2.6, ""trail_arm"": 1.2, ""trail_mult"": 0.5}"
B|trend|ssl_channel_signals|donchian_breakout_signals|chaikin_volatility_volume_signals|ema_baseline,ssl_channel_signals,donchian_breakout_signals,chaikin_volatility_volume_signals,ema_baseline,trend,B,"{""base"": {""ma_length"": 25}, ""c1"": {""len"": 8}, ""c2"": {""length"": 20}, ""exit_ind"": {""adx_smoothing"": 14, ""adx_threshold"": 25, ""di_length"": 14}, ""vol"": {""cvi_len"": 19, ""roc_len"": 4}}","{""atr_len"": 45, ""atr_mult"": 1.28, ""be_pct"": 0.01, ""tp_mult"": 2.9, ""trail_arm"": 1.0, ""trail_mult"": 1.65}"
B|trend|waddah_attar_explosion_signals|hieken_ashi_smoothed_signals|vertical_horizontal_filter_volume_signals|vidya,waddah_attar_explosion_signals,hieken_ashi_smoothed_signals,vertical_horizontal_filter_volume_signals,vidya,trend,B,"{""base"": {""vda_length"": 2}, ""c1"": {""bbLen"": 132, ""bbStd"": 2, ""fastEma"": 20, ""sensitivity"": 150, ""slowEma"": 32}, ""c2"": {""alma_offset1"": 0.85, ""alma_offset2"": 0.85, ""alma_sigma1"": 6, ""alma_sigma2"": 6, ""ama_smooth1"": 0.181, ""ama_smooth2"": 0.181, ""frama_t1_a"": 1, ""frama_t1_b"": 168, ""frama_t2_a"": 1, ""frama_t2_b"": 168, ""lsma_offset1"": 0, ""lsma_offset2"": 0, ""ma_len1"": 8, ""ma_len2"": 8, ""vol_factor1"": 0.82, ""vol_factor2"": 0.82}, ""exit_ind"": {""adx_smoothing"": 14, ""adx_threshold"": 25, ""di_length"": 14}, ""vol"": {""length"": 15, ""vhf_threshold"": 0.431496}}","{""atr_len"": 50, ""atr_mult"": 1.5, ""be_pct"": 0.05, ""tp_mult"": 1.1, ""trail_arm"": 1.1, ""trail_mult"": 0.5}"
B|trend|coppock_curve_signals|qqe_mod_signals|variance_volume_signals|kama_baseline,coppock_curve_signals,qqe_mod_signals,variance_volume_signals,kama_baseline,trend,B,"{""base"": {""fast_length"": 2, ""length"": 19, ""slow_length"": 16}, ""c1"": {""long_roc"": 17, ""short_roc"": 21, ""smooth_len"": 19}, ""c2"": {""fast_factor"": 0.859209, ""rsi_len"": 2, ""rsi_period"": 2}, ""exit_ind"": {""adx_smoothing"": 14, ""adx_threshold"": 25, ""di_length"": 14}, ""vol"": {""ema_len"": 28, ""filter_lookback"": 87, ""hline"": 0, ""lookback"": 20}}","{""atr_len"": 44, ""atr_mult"": 1.0, ""be_pct"": 0.01, ""tp_mult"": 2.95, ""trail_arm"": 1.9, ""trail_mult"": 1.2}"
B|trend|dspo_signals|kuskus_starlight_signals|variance_volume_signals|sma_baseline,dspo_signals,kuskus_starlight_signals,variance_volume_signals,sma_baseline,trend,B,"{""base"": {""length"": 20}, ""c1"": {""len"": 26}, ""c2"": {""index_smooth"": 1.993625, ""price_smooth"": 4.605533, ""range_periods"": 24}, ""exit_ind"": {""adx_smoothing"": 14, ""adx_threshold"": 25, ""di_length"": 14}, ""vol"": {""ema_len"": 100, ""filter_lookback"": 5, ""hline"": 0, ""lookback"": 20}}","{""atr_len"": 30, ""atr_mult"": 1.1, ""be_pct"": 0.01, ""tp_mult"": 2.95, ""trail_arm"": 1.0, ""trail_mult"": 1.6}"
B|trend|halftrend_signals|relative_vigor_index_signals|chaikin_volatility_volume_signals|fantail_vma,halftrend_signals,relative_vigor_index_signals,chaikin_volatility_volume_signals,fantail_vma,trend,B,"{""base"": {""fma_adx_length"": 20, ""fma_ma_length"": 26, ""fma_weighting"": 43}, ""c1"": {""amplitude"": 329}, ""c2"": {""len"": 10}, ""exit_ind"": {""adx_smoothing"": 14, ""adx_threshold"": 25, ""di_length"": 14}, ""vol"": {""cvi_len"": 10, ""roc_len"": 6}}","{""atr_len"": 48, ""atr_mult"": 1.05, ""be_pct"": 0.05, ""tp_mult"": 2.75, ""trail_arm"": 1.95, ""trail_mult"": 1.5}"
B|trend|kalman_filter_signals|linreg_slope_signals|variance_volume_signals|ema_baseline,kalman_filter_signals,linreg_slope_signals,variance_volume_signals,ema_baseline,trend,B,"{""base"": {""ma_length"": 25}, ""c1"": {""k"": 1, ""sharpness"": 1}, ""c2"": {""length"": 14, ""r2_floor"": 0.246569}, ""exit_ind"": {""adx_smoothing"": 14, ""adx_threshold"": 25, ""di_length"": 14}, ""vol"": {""ema_len"": 8, ""filter_lookback"": 200, ""hline"": 0, ""lookback"": 3}}","{""atr_len"": 33, ""atr_mult"": 1.15, ""be_pct"": 0.01, ""tp_mult"": 2.25, ""trail_arm"": 1.0, ""trail_mult"": 1.4}"
B|trend|parabolic_sar_signals|relative_vigor_index_signals|fractal_dimension_volume_signals|fantail_vma,parabolic_sar_signals,relative_vigor_index_signals,fractal_dimension_volume_signals,fantail_vma,trend,B,"{""base"": {""fma_adx_length"": 13, ""fma_ma_length"": 7, ""fma_weighting"": 100}, ""c1"": {""sar_increment"": 0.00462, ""sar_maximum"": 0.070224, ""sar_start"": 0.024657}, ""c2"": {""len"": 10}, ""exit_ind"": {""adx_smoothing"": 14, ""adx_threshold"": 25, ""di_length"": 14}, ""vol"": {""fd_threshold"": 1.5, ""length"": 11}}","{""atr_len"": 50, ""atr_mult"": 1.05, ""be_pct"": 0.15, ""tp_mult"": 2.8, ""trail_arm"": 1.7, ""trail_mult"": 0.55}"
B|trend|relative_vigor_index_signals|coral_signals|volatility_ratio_volume_signals|mcginley_dynamic_index,relative_vigor_index_signals,coral_signals,volatility_ratio_volume_signals,mcginley_dynamic_index,trend,B,"{""base"": {""mci_length"": 92}, ""c1"": {""len"": 43}, ""c2"": {""const_d"": 61, ""smooth_period"": 43}, ""exit_ind"": {""adx_smoothing"": 14, ""adx_threshold"": 25, ""di_length"": 14}, ""vol"": {""length"": 11}}","{""atr_len"": 44, ""atr_mult"": 1.44, ""be_pct"": 0.05, ""tp_mult"": 2.6, ""trail_arm"": 1.0, ""trail_mult"": 1.75}"
B|trend|ssl_channel_signals|chandelier_exit_signals|variance_volume_signals|sma_baseline,ssl_channel_signals,chandelier_exit_signals,variance_volume_signals,sma_baseline,trend,B,"{""base"": {""length"": 25}, ""c1"": {""len"": 12}, ""c2"": {""atr_mult"": 4, ""atr_period"": 8}, ""exit_ind"": {""adx_smoothing"": 14, ""adx_threshold"": 25, ""di_length"": 14}, ""vol"": {""ema_len"": 8, ""filter_lookback"": 87, ""hline"": 0, ""lookback"": 25}}","{""atr_len"": 7, ""atr_mult"": 1.43, ""be_pct"": 0.05, ""tp_mult"": 2.9, ""trail_arm"": 1.0, ""trail_mult"": 1.1}"
B|trend|vortex_signals|bears_bulls_impulse_signals|variance_volume_signals|ema_baseline,vortex_signals,bears_bulls_impulse_signals,variance_volume_signals,ema_baseline,trend,B,"{""base"": {""ma_length"": 25}, ""c1"": {""period"": 14}, ""c2"": {""length"": 5}, ""exit_ind"": {""adx_smoothing"": 14, ""adx_threshold"": 25, ""di_length"": 14}, ""vol"": {""ema_len"": 12, ""filter_lookback"": 16, ""hline"": 0, ""lookback"": 132}}","{""atr_len"": 41, ""atr_mult"": 1.5, ""be_pct"": 0.04, ""tp_mult"": 1.75, ""trail_arm"": 1.0, ""trail_mult"": 1.1}"
B|trend|center_of_gravity_signals|mama_fama_signals|variance_volume_signals|wma_baseline,center_of_gravity_signals,mama_fama_signals,variance_volume_signals,wma_baseline,trend,B,"{""base"": {""ma_length"": 57}, ""c1"": {""length"": 10, ""signal_length"": 3}, ""c2"": {""fast_limit"": 0.5, ""slow_limit"": 0.040557}, ""exit_ind"": {""adx_smoothing"": 14, ""adx_threshold"": 25, ""di_length"": 14}, ""vol"": {""ema_len"": 10, ""filter_lookback"": 16, ""hline"": 0, ""lookback"": 132}}","{""atr_len"": 11, ""atr_mult"": 1.37, ""be_pct"": 0.05, ""tp_mult"": 2.0, ""trail_arm"": 1.15, ""trail_mult"": 0.6}"
B|trend|dspo_signals|hieken_ashi_smoothed_signals|variance_volume_signals|wma_baseline,dspo_signals,hieken_ashi_smoothed_signals,variance_volume_signals,wma_baseline,trend,B,"{""base"": {""ma_length"": 20}, ""c1"": {""len"": 92}, ""c2"": {""alma_offset1"": 0.85, ""alma_offset2"": 0.85, ""alma_sigma1"": 6, ""alma_sigma2"": 6, ""ama_smooth1"": 0.181, ""ama_smooth2"": 0.181, ""frama_t1_a"": 1, ""frama_t1_b"": 168, ""frama_t2_a"": 1, ""frama_t2_b"": 168, ""lsma_offset1"": 0, ""lsma_offset2"": 0, ""ma_len1"": 6, ""ma_len2"": 10, ""vol_factor1"": 2.335389, ""vol_factor2"": 0.82}, ""exit_ind"": {""adx_smoothing"": 14, ""adx_threshold"": 25, ""di_length"": 14}, ""vol"": {""ema_len"": 12, ""filter_lookback"": 11, ""hline"": 0, ""lookback"": 16}}","{""atr_len"": 41, ""atr_mult"": 1.34, ""be_pct"": 0.05, ""tp_mult"": 1.85, ""trail_arm"": 1.95, ""trail_mult"": 1.4}"
B|trend|hieken_ashi_smoothed_signals|dpo_signals|efficiency_ratio_volume_signals|wma_baseline,hieken_ashi_smoothed_signals,dpo_signals,efficiency_ratio_volume_signals,wma_baseline,trend,B,"{""base"": {""ma_length"": 200}, ""c1"": {""alma_offset1"": 0.85, ""alma_offset2"": 0.85, ""alma_sigma1"": 6, ""alma_sigma2"": 6, ""ama_smooth1"": 0.181, ""ama_smooth2"": 0.181, ""frama_t1_a"": 1, ""frama_t1_b"": 168, ""frama_t2_a"": 1, ""frama_t2_b"": 168, ""lsma_offset1"": 0, ""lsma_offset2"": 0, ""ma_len1"": 6, ""ma_len2"": 8, ""vol_factor1"": 2.335389, ""vol_factor2"": 0.82}, ""c2"": {""len"": 50}, ""exit_ind"": {""adx_smoothing"": 14, ""adx_threshold"": 25, ""di_length"": 14}, ""vol"": {""er_threshold"": 0.369854, ""length"": 19}}","{""atr_len"": 38, ""atr_mult"": 1.42, ""be_pct"": 0.01, ""tp_mult"": 2.55, ""trail_arm"": 2.0, ""trail_mult"": 1.8}"
B|trend|kase_peak_oscillator_signals|bears_bulls_impulse_signals|variance_volume_signals|wma_baseline,kase_peak_oscillator_signals,bears_bulls_impulse_signals,variance_volume_signals,wma_baseline,trend,B,"{""base"": {""ma_length"": 25}, ""c1"": {""long_cycle"": 80, ""sharpness"": 40, ""short_cycle"": 15}, ""c2"": {""length"": 11}, ""exit_ind"": {""adx_smoothing"": 14, ""adx_threshold"": 25, ""di_length"": 14}, ""vol"": {""ema_len"": 5, ""filter_lookback"": 25, ""hline"": 0, ""lookback"": 132}}","{""atr_len"": 5, ""atr_mult"": 1.0, ""be_pct"": 0.1, ""tp_mult"": 2.6, ""trail_arm"": 1.0, ""trail_mult"": 0.65}"
B|trend|parabolic_sar_signals|adx_dmi_signals|variance_volume_signals|wma_baseline,parabolic_sar_signals,adx_dmi_signals,variance_volume_signals,wma_baseline,trend,B,"{""base"": {""ma_length"": 25}, ""c1"": {""sar_increment"": 0.086575, ""sar_maximum"": 0.106734, ""sar_start"": 0.010673}, ""c2"": {""adx_smoothing"": 14, ""adx_threshold"": 25, ""di_length"": 14}, ""exit_ind"": {""adx_smoothing"": 14, ""adx_threshold"": 25, ""di_length"": 14}, ""vol"": {""ema_len"": 8, ""filter_lookback"": 16, ""hline"": 0, ""lookback"": 37}}","{""atr_len"": 10, ""atr_mult"": 1.46, ""be_pct"": 0.05, ""tp_mult"": 3.0, ""trail_arm"": 2.0, ""trail_mult"": 0.7}"
B|trend|schaff_trend_cycle_signals|aroon_signals|waddah_attar_explosion_volume_signals|kama_baseline,schaff_trend_cycle_signals,aroon_signals,waddah_attar_explosion_volume_signals,kama_baseline,trend,B,"{""base"": {""fast_length"": 2, ""length"": 10, ""slow_length"": 30}, ""c1"": {""cycleLen"": 10, ""d1"": 3, ""d2"": 3, ""lowerBand"": 25, ""macdFast"": 19, ""macdSlow"": 94, ""stc_midline"": 41, ""upperBand"": 75}, ""c2"": {""length"": 25}, ""exit_ind"": {""adx_smoothing"": 14, ""adx_threshold"": 25, ""di_length"": 14}, ""vol"": {""bbLen"": 37, ""bbStd"": 13, ""fastEma"": 132, ""sensitivity"": 15, ""slowEma"": 21}}","{""atr_len"": 3, ""atr_mult"": 1.0, ""be_pct"": 0.01, ""tp_mult"": 2.9, ""trail_arm"": 1.15, ""trail_mult"": 0.7}"
B|trend|vortex_signals|center_of_gravity_signals|efficiency_ratio_volume_signals|super_smoother_2pole_baseline,vortex_signals,center_of_gravity_signals,efficiency_ratio_volume_signals,super_smoother_2pole_baseline,trend,B,"{""base"": {""cutoff_period"": 28}, ""c1"": {""period"": 61}, ""c2"": {""length"": 19, ""signal_length"": 3}, ""exit_ind"": {""adx_smoothing"": 14, ""adx_threshold"": 25, ""di_length"": 14}, ""vol"": {""er_threshold"": 0.3, ""length"": 12}}","{""atr_len"": 24, ""atr_mult"": 1.0, ""be_pct"": 0.05, ""tp_mult"": 3.0, ""trail_arm"": 1.0, ""trail_mult"": 1.4}"
B|trend|center_of_gravity_signals|laguerre_filter_signals|efficiency_ratio_volume_signals|mcginley_dynamic_index,center_of_gravity_signals,laguerre_filter_signals,efficiency_ratio_volume_signals,mcginley_dynamic_index,trend,B,"{""base"": {""mci_length"": 14}, ""c1"": {""length"": 4, ""signal_length"": 20}, ""c2"": {""alpha"": 0.246569}, ""exit_ind"": {""adx_smoothing"": 14, ""adx_threshold"": 25, ""di_length"": 14}, ""vol"": {""er_threshold"": 0.369854, ""length"": 10}}","{""atr_len"": 10, ""atr_mult"": 1.0, ""be_pct"": 0.05, ""tp_mult"": 3.0, ""trail_arm"": 1.0, ""trail_mult"": 0.5}"
B|trend|coral_signals|laguerre_filter_signals|variance_volume_signals|mcginley_dynamic_index,coral_signals,laguerre_filter_signals,variance_volume_signals,mcginley_dynamic_index,trend,B,"{""base"": {""mci_length"": 11}, ""c1"": {""const_d"": 7, ""smooth_period"": 12}, ""c2"": {""alpha"": 0.374763}, ""exit_ind"": {""adx_smoothing"": 14, ""adx_threshold"": 25, ""di_length"": 14}, ""vol"": {""ema_len"": 100, ""filter_lookback"": 7, ""hline"": 0, ""lookback"": 87}}","{""atr_len"": 40, ""atr_mult"": 1.0, ""be_pct"": 0.01, ""tp_mult"": 3.0, ""trail_arm"": 1.0, ""trail_mult"": 1.25}"
B|trend|dspo_signals|price_momentum_oscillator_signals|chaikin_volatility_volume_signals|rma_baseline,dspo_signals,price_momentum_oscillator_signals,chaikin_volatility_volume_signals,rma_baseline,trend,B,"{""base"": {""ma_length"": 37}, ""c1"": {""len"": 40}, ""c2"": {""s1"": 4, ""s2"": 11, ""sig"": 10}, ""exit_ind"": {""adx_smoothing"": 14, ""adx_threshold"": 25, ""di_length"": 14}, ""vol"": {""cvi_len"": 66, ""roc_len"": 2}}","{""atr_len"": 46, ""atr_mult"": 1.27, ""be_pct"": 0.05, ""tp_mult"": 2.75, ""trail_arm"": 1.3, ""trail_mult"": 0.6}"
B|trend|glitch_index_signals|laguerre_filter_signals|variance_volume_signals|mcginley_dynamic_index,glitch_index_signals,laguerre_filter_signals,variance_volume_signals,mcginley_dynamic_index,trend,B,"{""base"": {""mci_length"": 11}, ""c1"": {""length"": 30, ""multiplier"": 1, ""smooth"": 3}, ""c2"": {""alpha"": 0.106734}, ""exit_ind"": {""adx_smoothing"": 14, ""adx_threshold"": 25, ""di_length"": 14}, ""vol"": {""ema_len"": 8, ""filter_lookback"": 25, ""hline"": 0, ""lookback"": 25}}","{""atr_len"": 25, ""atr_mult"": 1.49, ""be_pct"": 0.01, ""tp_mult"": 1.35, ""trail_arm"": 1.0, ""trail_mult"": 1.3}"
B|trend|j_tpo_signals|coppock_curve_signals|variance_volume_signals|t3_baseline,j_tpo_signals,coppock_curve_signals,variance_volume_signals,t3_baseline,trend,B,"{""base"": {""length"": 100, ""volume_factor"": 0.7}, ""c1"": {""ema_len"": 200, ""len"": 4}, ""c2"": {""long_roc"": 61, ""short_roc"": 11, ""smooth_len"": 12}, ""exit_ind"": {""adx_smoothing"": 14, ""adx_threshold"": 25, ""di_length"": 14}, ""vol"": {""ema_len"": 12, ""filter_lookback"": 5, ""hline"": 0, ""lookback"": 25}}","{""atr_len"": 33, ""atr_mult"": 1.47, ""be_pct"": 0.05, ""tp_mult"": 3.0, ""trail_arm"": 1.2, ""trail_mult"": 1.35}"
B|trend|laguerre_filter_signals|donchian_breakout_signals|chaikin_volatility_volume_signals|rma_baseline,laguerre_filter_signals,donchian_breakout_signals,chaikin_volatility_volume_signals,rma_baseline,trend,B,"{""base"": {""ma_length"": 132}, ""c1"": {""alpha"": 0.865752}, ""c2"": {""length"": 87}, ""exit_ind"": {""adx_smoothing"": 14, ""adx_threshold"": 25, ""di_length"": 14}, ""vol"": {""cvi_len"": 8, ""roc_len"": 22}}","{""atr_len"": 15, ""atr_mult"": 1.5, ""be_pct"": 0.01, ""tp_mult"": 2.4, ""trail_arm"": 2.0, ""trail_mult"": 0.5}"
B|trend|polychromatic_momentum_signals|donchian_breakout_signals|chaikin_volatility_volume_signals|tma_baseline,polychromatic_momentum_signals,donchian_breakout_signals,chaikin_volatility_volume_signals,tma_baseline,trend,B,"{""base"": {""length"": 37}, ""c1"": {""len"": 3}, ""c2"": {""length"": 87}, ""exit_ind"": {""adx_smoothing"": 14, ""adx_threshold"": 25, ""di_length"": 14}, ""vol"": {""cvi_len"": 19, ""roc_len"": 3}}","{""atr_len"": 39, ""atr_mult"": 1.2, ""be_pct"": 0.01, ""tp_mult"": 1.9, ""trail_arm"": 1.0, ""trail_mult"": 0.5}"
B|trend|qqe_mod_signals|donchian_breakout_signals|variance_volume_signals|t3_baseline,qqe_mod_signals,donchian_breakout_signals,variance_volume_signals,t3_baseline,trend,B,"{""base"": {""length"": 100, ""volume_factor"": 0.7}, ""c1"": {""fast_factor"": 0.859209, ""rsi_len"": 4, ""rsi_period"": 6}, ""c2"": {""length"": 20}, ""exit_ind"": {""adx_smoothing"": 14, ""adx_threshold"": 25, ""di_length"": 14}, ""vol"": {""ema_len"": 8, ""filter_lookback"": 7, ""hline"": 0, ""lookback"": 25}}","{""atr_len"": 50, ""atr_mult"": 1.34, ""be_pct"": 0.05, ""tp_mult"": 2.9, ""trail_arm"": 1.15, ""trail_mult"": 1.9}"
B|trend|schaff_trend_cycle_signals|ehlers_reverse_ema_signals|choppiness_index_volume_signals|kama_baseline,schaff_trend_cycle_signals,ehlers_reverse_ema_signals,choppiness_index_volume_signals,kama_baseline,trend,B,"{""base"": {""fast_length"": 2, ""length"": 12, ""slow_length"": 37}, ""c1"": {""cycleLen"": 19, ""d1"": 3, ""d2"": 2, ""lowerBand"": 6, ""macdFast"": 100, ""macdSlow"": 41, ""stc_midline"": 18, ""upperBand"": 75}, ""c2"": {""alpha"": 0.123285}, ""exit_ind"": {""adx_smoothing"": 14, ""adx_threshold"": 25, ""di_length"": 14}, ""vol"": {""ci_threshold"": 50.127885, ""length"": 3}}","{""atr_len"": 47, ""atr_mult"": 1.1, ""be_pct"": 0.05, ""tp_mult"": 2.2, ""trail_arm"": 1.9, ""trail_mult"": 1.5}"
B|trend|vortex_signals|bears_bulls_impulse_signals|williams_vix_fix_volume_signals|mcginley_dynamic_index,vortex_signals,bears_bulls_impulse_signals,williams_vix_fix_volume_signals,mcginley_dynamic_index,trend,B,"{""base"": {""mci_length"": 3}, ""c1"": {""period"": 7}, ""c2"": {""length"": 37}, ""exit_ind"": {""adx_smoothing"": 14, ""adx_threshold"": 25, ""di_length"": 14}, ""vol"": {""bb_length"": 87, ""bb_mult"": 2, ""lookback"": 5}}","{""atr_len"": 22, ""atr_mult"": 1.0, ""be_pct"": 0.05, ""tp_mult"": 3.0, ""trail_arm"": 1.55, ""trail_mult"": 0.95}"
B|trend|center_of_gravity_signals|halftrend_signals|chaikin_volatility_volume_signals|ema_baseline,center_of_gravity_signals,halftrend_signals,chaikin_volatility_volume_signals,ema_baseline,trend,B,"{""base"": {""ma_length"": 200}, ""c1"": {""length"": 10, ""signal_length"": 13}, ""c2"": {""amplitude"": 41}, ""exit_ind"": {""adx_smoothing"": 14, ""adx_threshold"": 25, ""di_length"": 14}, ""vol"": {""cvi_len"": 28, ""roc_len"": 4}}","{""atr_len"": 20, ""atr_mult"": 1.0, ""be_pct"": 0.05, ""tp_mult"": 2.45, ""trail_arm"": 2.0, ""trail_mult"": 2.0}"
B|trend|coral_signals|kuskus_starlight_signals|chaikin_volatility_volume_signals|kama_baseline,coral_signals,kuskus_starlight_signals,chaikin_volatility_volume_signals,kama_baseline,trend,B,"{""base"": {""fast_length"": 13, ""length"": 19, ""slow_length"": 30}, ""c1"": {""const_d"": 3, ""smooth_period"": 28}, ""c2"": {""index_smooth"": 0.7, ""price_smooth"": 0.567792, ""range_periods"": 197}, ""exit_ind"": {""adx_smoothing"": 14, ""adx_threshold"": 25, ""di_length"": 14}, ""vol"": {""cvi_len"": 4, ""roc_len"": 79}}","{""atr_len"": 47, ""atr_mult"": 1.0, ""be_pct"": 0.05, ""tp_mult"": 3.0, ""trail_arm"": 2.0, ""trail_mult"": 1.0}"
B|trend|dspo_signals|coral_signals|chaikin_volatility_volume_signals|ema_baseline,dspo_signals,coral_signals,chaikin_volatility_volume_signals,ema_baseline,trend,B,"{""base"": {""ma_length"": 132}, ""c1"": {""len"": 26}, ""c2"": {""const_d"": 7, ""smooth_period"": 10}, ""exit_ind"": {""adx_smoothing"": 14, ""adx_threshold"": 25, ""di_length"": 14}, ""vol"": {""cvi_len"": 8, ""roc_len"": 15}}","{""atr_len"": 41, ""atr_mult"": 1.0, ""be_pct"": 0.05, ""tp_mult"": 3.0, ""trail_arm"": 2.0, ""trail_mult"": 1.5}"
B|trend|fisher_transform_signals|price_momentum_oscillator_signals|variance_volume_signals|rma_baseline,fisher_transform_signals,price_momentum_oscillator_signals,variance_volume_signals,rma_baseline,trend,B,"{""base"": {""ma_length"": 200}, ""c1"": {""length"": 43}, ""c2"": {""s1"": 19, ""s2"": 16, ""sig"": 10}, ""exit_ind"": {""adx_smoothing"": 14, ""adx_threshold"": 25, ""di_length"": 14}, ""vol"": {""ema_len"": 5, ""filter_lookback"": 3, ""hline"": 0, ""lookback"": 5}}","{""atr_len"": 32, ""atr_mult"": 1.1, ""be_pct"": 0.05, ""tp_mult"": 2.55, ""trail_arm"": 1.0, ""trail_mult"": 1.95}"
B|trend|ichimoku_signals|polychromatic_momentum_signals|chaikin_volatility_volume_signals|sma_baseline,ichimoku_signals,polychromatic_momentum_signals,chaikin_volatility_volume_signals,sma_baseline,trend,B,"{""base"": {""length"": 200}, ""c1"": {""base_len"": 26, ""conversion_len"": 11, ""displacement"": 26, ""span_b_len"": 42}, ""c2"": {""len"": 17}, ""exit_ind"": {""adx_smoothing"": 14, ""adx_threshold"": 25, ""di_length"": 14}, ""vol"": {""cvi_len"": 10, ""roc_len"": 15}}","{""atr_len"": 50, ""atr_mult"": 1.15, ""be_pct"": 0.05, ""tp_mult"": 3.0, ""trail_arm"": 1.0, ""trail_mult"": 1.25}"
B|trend|linreg_slope_signals|adx_dmi_signals|variance_volume_signals|rma_baseline,linreg_slope_signals,adx_dmi_signals,variance_volume_signals,rma_baseline,trend,B,"{""base"": {""ma_length"": 5}, ""c1"": {""length"": 14, ""r2_floor"": 0.374763}, ""c2"": {""adx_smoothing"": 40, ""adx_threshold"": 25, ""di_length"": 40}, ""exit_ind"": {""adx_smoothing"": 14, ""adx_threshold"": 25, ""di_length"": 14}, ""vol"": {""ema_len"": 5, ""filter_lookback"": 16, ""hline"": 0, ""lookback"": 20}}","{""atr_len"": 2, ""atr_mult"": 1.0, ""be_pct"": 0.01, ""tp_mult"": 1.45, ""trail_arm"": 1.0, ""trail_mult"": 0.5}"
B|trend|polychromatic_momentum_signals|laguerre_filter_signals|variance_volume_signals|tma_baseline,polychromatic_momentum_signals,laguerre_filter_signals,variance_volume_signals,tma_baseline,trend,B,"{""base"": {""length"": 37}, ""c1"": {""len"": 11}, ""c2"": {""alpha"": 0.2}, ""exit_ind"": {""adx_smoothing"": 14, ""adx_threshold"": 25, ""di_length"": 14}, ""vol"": {""ema_len"": 100, ""filter_lookback"": 2, ""hline"": 0, ""lookback"": 16}}","{""atr_len"": 5, ""atr_mult"": 1.15, ""be_pct"": 0.05, ""tp_mult"": 2.9, ""trail_arm"": 1.15, ""trail_mult"": 1.6}"
B|trend|relative_vigor_index_signals|supertrend_signals|chaikin_volatility_volume_signals|ema_baseline,relative_vigor_index_signals,supertrend_signals,chaikin_volatility_volume_signals,ema_baseline,trend,B,"{""base"": {""ma_length"": 132}, ""c1"": {""len"": 10}, ""c2"": {""atr_period"": 100, ""factor"": 3}, ""exit_ind"": {""adx_smoothing"": 14, ""adx_threshold"": 25, ""di_length"": 14}, ""vol"": {""cvi_len"": 28, ""roc_len"": 15}}","{""atr_len"": 50, ""atr_mult"": 1.37, ""be_pct"": 0.05, ""tp_mult"": 1.6, ""trail_arm"": 1.0, ""trail_mult"": 0.55}"
B|trend|trend_direction_force_index_signals|coral_signals|variance_volume_signals|tma_baseline,trend_direction_force_index_signals,coral_signals,variance_volume_signals,tma_baseline,trend,B,"{""base"": {""length"": 132}, ""c1"": {""fhigh"": 0.040557, ""flow"": -0.093691, ""lookback"": 24}, ""c2"": {""const_d"": 2, ""smooth_period"": 19}, ""exit_ind"": {""adx_smoothing"": 14, ""adx_threshold"": 25, ""di_length"": 14}, ""vol"": {""ema_len"": 10, ""filter_lookback"": 7, ""hline"": 0, ""lookback"": 20}}","{""atr_len"": 44, ""atr_mult"": 1.2, ""be_pct"": 0.05, ""tp_mult"": 3.0, ""trail_arm"": 2.0, ""trail_mult"": 0.7}"
B|trend|center_of_gravity_signals|coppock_curve_signals|variance_volume_signals|ema_baseline,center_of_gravity_signals,coppock_curve_signals,variance_volume_signals,ema_baseline,trend,B,"{""base"": {""ma_length"": 20}, ""c1"": {""length"": 10, ""signal_length"": 4}, ""c2"": {""long_roc"": 7, ""short_roc"": 9, ""smooth_len"": 10}, ""exit_ind"": {""adx_smoothing"": 14, ""adx_threshold"": 25, ""di_length"": 14}, ""vol"": {""ema_len"": 10, ""filter_lookback"": 16, ""hline"": 0, ""lookback"": 132}}","{""atr_len"": 38, ""atr_mult"": 1.5, ""be_pct"": 0.01, ""tp_mult"": 1.65, ""trail_arm"": 1.2, ""trail_mult"": 1.0}"
B|trend|coppock_curve_signals|parabolic_sar_signals|variance_volume_signals|kama_baseline,coppock_curve_signals,parabolic_sar_signals,variance_volume_signals,kama_baseline,trend,B,"{""base"": {""fast_length"": 2, ""length"": 12, ""slow_length"": 16}, ""c1"": {""long_roc"": 92, ""short_roc"": 2, ""smooth_len"": 10}, ""c2"": {""sar_increment"": 0.016223, ""sar_maximum"": 0.106734, ""sar_start"": 0.010673}, ""exit_ind"": {""adx_smoothing"": 14, ""adx_threshold"": 25, ""di_length"": 14}, ""vol"": {""ema_len"": 28, ""filter_lookback"": 200, ""hline"": 0, ""lookback"": 7}}","{""atr_len"": 34, ""atr_mult"": 1.42, ""be_pct"": 0.15, ""tp_mult"": 2.45, ""trail_arm"": 1.7, ""trail_mult"": 0.55}"
B|trend|dspo_signals|bears_bulls_impulse_signals|volatility_ratio_volume_signals|t3_baseline,dspo_signals,bears_bulls_impulse_signals,volatility_ratio_volume_signals,t3_baseline,trend,B,"{""base"": {""length"": 28, ""volume_factor"": 0.7}, ""c1"": {""len"": 14}, ""c2"": {""length"": 11}, ""exit_ind"": {""adx_smoothing"": 14, ""adx_threshold"": 25, ""di_length"": 14}, ""vol"": {""length"": 3}}","{""atr_len"": 25, ""atr_mult"": 1.1, ""be_pct"": 0.05, ""tp_mult"": 2.95, ""trail_arm"": 1.15, ""trail_mult"": 2.0}"
B|trend|hieken_ashi_smoothed_signals|parabolic_sar_signals|variance_volume_signals|ema_baseline,hieken_ashi_smoothed_signals,parabolic_sar_signals,variance_volume_signals,ema_baseline,trend,B,"{""base"": {""ma_length"": 132}, ""c1"": {""alma_offset1"": 0.85, ""alma_offset2"": 0.85, ""alma_sigma1"": 6, ""alma_sigma2"": 6, ""ama_smooth1"": 0.181, ""ama_smooth2"": 0.181, ""frama_t1_a"": 1, ""frama_t1_b"": 168, ""frama_t2_a"": 1, ""frama_t2_b"": 168, ""lsma_offset1"": 0, ""lsma_offset2"": 0, ""ma_len1"": 15, ""ma_len2"": 8, ""vol_factor1"": 0.82, ""vol_factor2"": 0.665127}, ""c2"": {""sar_increment"": 0.024657, ""sar_maximum"": 0.2, ""sar_start"": 0.024657}, ""exit_ind"": {""adx_smoothing"": 14, ""adx_threshold"": 25, ""di_length"": 14}, ""vol"": {""ema_len"": 100, ""filter_lookback"": 200, ""hline"": 0, ""lookback"": 25}}","{""atr_len"": 50, ""atr_mult"": 1.05, ""be_pct"": 0.01, ""tp_mult"": 2.95, ""trail_arm"": 2.0, ""trail_mult"": 0.5}"
B|trend|laguerre_filter_signals|center_of_gravity_signals|chaikin_volatility_volume_signals|wma_baseline,laguerre_filter_signals,center_of_gravity_signals,chaikin_volatility_volume_signals,wma_baseline,trend,B,"{""base"": {""ma_length"": 37}, ""c1"": {""alpha"": 0.162226}, ""c2"": {""length"": 12, ""signal_length"": 3}, ""exit_ind"": {""adx_smoothing"": 14, ""adx_threshold"": 25, ""di_length"": 14}, ""vol"": {""cvi_len"": 4, ""roc_len"": 10}}","{""atr_len"": 41, ""atr_mult"": 1.0, ""be_pct"": 0.01, ""tp_mult"": 2.1, ""trail_arm"": 1.0, ""trail_mult"": 0.55}"
B|trend|parabolic_sar_signals|supertrend_signals|variance_volume_signals|sma_baseline,parabolic_sar_signals,supertrend_signals,variance_volume_signals,sma_baseline,trend,B,"{""base"": {""length"": 25}, ""c1"": {""sar_increment"": 0.010673, ""sar_maximum"": 0.070224, ""sar_start"": 0.02}, ""c2"": {""atr_period"": 4, ""factor"": 3}, ""exit_ind"": {""adx_smoothing"": 14, ""adx_threshold"": 25, ""di_length"": 14}, ""vol"": {""ema_len"": 8, ""filter_lookback"": 132, ""hline"": 0, ""lookback"": 16}}","{""atr_len"": 39, ""atr_mult"": 1.43, ""be_pct"": 0.14, ""tp_mult"": 2.65, ""trail_arm"": 1.15, ""trail_mult"": 1.45}"
B|trend|relative_vigor_index_signals|vortex_signals|damiani_volatmeter_volume_signals|rma_baseline,relative_vigor_index_signals,vortex_signals,damiani_volatmeter_volume_signals,rma_baseline,trend,B,"{""base"": {""ma_length"": 57}, ""c1"": {""len"": 10}, ""c2"": {""period"": 14}, ""exit_ind"": {""adx_smoothing"": 14, ""adx_threshold"": 25, ""di_length"": 14}, ""vol"": {""lag"": 1.4, ""sedimentation"": 500, ""threshold"": 1.4, ""viscosity"": 2}}","{""atr_len"": 46, ""atr_mult"": 1.34, ""be_pct"": 0.01, ""tp_mult"": 1.6, ""trail_arm"": 2.0, ""trail_mult"": 0.7}"
B|trend|schaff_trend_cycle_signals|vortex_signals|variance_volume_signals|kama_baseline,schaff_trend_cycle_signals,vortex_signals,variance_volume_signals,kama_baseline,trend,B,"{""base"": {""fast_length"": 6, ""length"": 19, ""slow_length"": 16}, ""c1"": {""cycleLen"": 8, ""d1"": 4, ""d2"": 2, ""lowerBand"": 25, ""macdFast"": 151, ""macdSlow"": 62, ""stc_midline"": 50, ""upperBand"": 7}, ""c2"": {""period"": 14}, ""exit_ind"": {""adx_smoothing"": 14, ""adx_threshold"": 25, ""di_length"": 14}, ""vol"": {""ema_len"": 10, ""filter_lookback"": 16, ""hline"": 0, ""lookback"": 132}}","{""atr_len"": 7, ""atr_mult"": 1.49, ""be_pct"": 0.01, ""tp_mult"": 2.45, ""trail_arm"": 1.0, ""trail_mult"": 0.8}"
B|trend|vortex_signals|parabolic_sar_signals|variance_volume_signals|kama_baseline,vortex_signals,parabolic_sar_signals,variance_volume_signals,kama_baseline,trend,B,"{""base"": {""fast_length"": 9, ""length"": 43, ""slow_length"": 37}, ""c1"": {""period"": 14}, ""c2"": {""sar_increment"": 0.010673, ""sar_maximum"": 0.2, ""sar_start"": 0.002}, ""exit_ind"": {""adx_smoothing"": 14, ""adx_threshold"": 25, ""di_length"": 14}, ""vol"": {""ema_len"": 8, ""filter_lookback"": 16, ""hline"": 0, ""lookback"": 132}}","{""atr_len"": 48, ""atr_mult"": 1.0, ""be_pct"": 0.05, ""tp_mult"": 2.7, ""trail_arm"": 1.6, ""trail_mult"": 1.25}"
B|trend|bears_bulls_impulse_signals|volatility_quality_signals|chaikin_volatility_volume_signals|t3_baseline,bears_bulls_impulse_signals,volatility_quality_signals,chaikin_volatility_volume_signals,t3_baseline,trend,B,"{""base"": {""length"": 100, ""volume_factor"": 0.7}, ""c1"": {""length"": 7}, ""c2"": {""atr_pct"": 0.040025, ""smooth"": 4}, ""exit_ind"": {""adx_smoothing"": 14, ""adx_threshold"": 25, ""di_length"": 14}, ""vol"": {""cvi_len"": 8, ""roc_len"": 15}}","{""atr_len"": 50, ""atr_mult"": 1.2, ""be_pct"": 0.01, ""tp_mult"": 2.75, ""trail_arm"": 1.0, ""trail_mult"": 0.5}"
B|trend|donchian_breakout_signals|aroon_signals|waddah_attar_explosion_volume_signals|sma_baseline,donchian_breakout_signals,aroon_signals,waddah_attar_explosion_volume_signals,sma_baseline,trend,B,"{""base"": {""length"": 25}, ""c1"": {""length"": 57}, ""c2"": {""length"": 71}, ""exit_ind"": {""adx_smoothing"": 14, ""adx_threshold"": 25, ""di_length"": 14}, ""vol"": {""bbLen"": 25, ""bbStd"": 13, ""fastEma"": 11, ""sensitivity"": 15, ""slowEma"": 400}}","{""atr_len"": 9, ""atr_mult"": 1.5, ""be_pct"": 0.14, ""tp_mult"": 2.65, ""trail_arm"": 2.0, ""trail_mult"": 1.3}"
B|trend|glitch_index_signals|polychromatic_momentum_signals|volatility_ratio_volume_signals|rma_baseline,glitch_index_signals,polychromatic_momentum_signals,volatility_ratio_volume_signals,rma_baseline,trend,B,"{""base"": {""ma_length"": 132}, ""c1"": {""length"": 85, ""multiplier"": 1, ""smooth"": 3}, ""c2"": {""len"": 3}, ""exit_ind"": {""adx_smoothing"": 14, ""adx_threshold"": 25, ""di_length"": 14}, ""vol"": {""length"": 2}}","{""atr_len"": 50, ""atr_mult"": 1.0, ""be_pct"": 0.05, ""tp_mult"": 3.0, ""trail_arm"": 2.0, ""trail_mult"": 0.7}"
B|trend|kase_peak_oscillator_signals|relative_vigor_index_signals|variance_volume_signals|fantail_vma,kase_peak_oscillator_signals,relative_vigor_index_signals,variance_volume_signals,fantail_vma,trend,B,"{""base"": {""fma_adx_length"": 13, ""fma_ma_length"": 17, ""fma_weighting"": 43}, ""c1"": {""long_cycle"": 428, ""sharpness"": 40, ""short_cycle"": 8}, ""c2"": {""len"": 28}, ""exit_ind"": {""adx_smoothing"": 14, ""adx_threshold"": 25, ""di_length"": 14}, ""vol"": {""ema_len"": 8, ""filter_lookback"": 11, ""hline"": 0, ""lookback"": 200}}","{""atr_len"": 36, ""atr_mult"": 1.39, ""be_pct"": 0.01, ""tp_mult"": 2.95, ""trail_arm"": 2.0, ""trail_mult"": 1.7}"
B|trend|parabolic_sar_signals|ichimoku_signals|chaikin_volatility_volume_signals|mcginley_dynamic_index,parabolic_sar_signals,ichimoku_signals,chaikin_volatility_volume_signals,mcginley_dynamic_index,trend,B,"{""base"": {""mci_length"": 14}, ""c1"": {""sar_increment"": 0.02, ""sar_maximum"": 0.162226, ""sar_start"": 0.024657}, ""c2"": {""base_len"": 26, ""conversion_len"": 7, ""displacement"": 26, ""span_b_len"": 52}, ""exit_ind"": {""adx_smoothing"": 14, ""adx_threshold"": 25, ""di_length"": 14}, ""vol"": {""cvi_len"": 8, ""roc_len"": 6}}","{""atr_len"": 29, ""atr_mult"": 1.42, ""be_pct"": 0.01, ""tp_mult"": 1.85, ""trail_arm"": 1.0, ""trail_mult"": 1.4}"
B|trend|qqe_mod_signals|polychromatic_momentum_signals|efficiency_ratio_volume_signals|wma_baseline,qqe_mod_signals,polychromatic_momentum_signals,efficiency_ratio_volume_signals,wma_baseline,trend,B,"{""base"": {""ma_length"": 20}, ""c1"": {""fast_factor"": 16.1, ""rsi_len"": 5, ""rsi_period"": 2}, ""c2"": {""len"": 14}, ""exit_ind"": {""adx_smoothing"": 14, ""adx_threshold"": 25, ""di_length"": 14}, ""vol"": {""er_threshold"": 0.562145, ""length"": 5}}","{""atr_len"": 15, ""atr_mult"": 1.2, ""be_pct"": 0.01, ""tp_mult"": 3.0, ""trail_arm"": 1.5, ""trail_mult"": 0.9}"
B|trend|trend_direction_force_index_signals|coral_signals|waddah_attar_explosion_volume_signals|ema_baseline,trend_direction_force_index_signals,coral_signals,waddah_attar_explosion_volume_signals,ema_baseline,trend,B,"{""base"": {""ma_length"": 25}, ""c1"": {""fhigh"": 0.216438, ""flow"": -0.040557, ""lookback"": 7}, ""c2"": {""const_d"": 5, ""smooth_period"": 28}, ""exit_ind"": {""adx_smoothing"": 14, ""adx_threshold"": 25, ""di_length"": 14}, ""vol"": {""bbLen"": 87, ""bbStd"": 4, ""fastEma"": 87, ""sensitivity"": 15, ""slowEma"": 4}}","{""atr_len"": 40, ""atr_mult"": 1.44, ""be_pct"": 0.01, ""tp_mult"": 2.85, ""trail_arm"": 1.95, ""trail_mult"": 1.7}"
B|trend|bears_bulls_impulse_signals|price_momentum_oscillator_signals|chaikin_volatility_volume_signals|tma_baseline,bears_bulls_impulse_signals,price_momentum_oscillator_signals,chaikin_volatility_volume_signals,tma_baseline,trend,B,"{""base"": {""length"": 37}, ""c1"": {""length"": 24}, ""c2"": {""s1"": 66, ""s2"": 25, ""sig"": 10}, ""exit_ind"": {""adx_smoothing"": 14, ""adx_threshold"": 25, ""di_length"": 14}, ""vol"": {""cvi_len"": 66, ""roc_len"": 3}}","{""atr_len"": 48, ""atr_mult"": 1.0, ""be_pct"": 0.05, ""tp_mult"": 2.55, ""trail_arm"": 1.0, ""trail_mult"": 1.4}"
B|trend|chandelier_exit_signals|center_of_gravity_signals|fractal_dimension_volume_signals|tma_baseline,chandelier_exit_signals,center_of_gravity_signals,fractal_dimension_volume_signals,tma_baseline,trend,B,"{""base"": {""length"": 20}, ""c1"": {""atr_mult"": 3, ""atr_period"": 12}, ""c2"": {""length"": 4, ""signal_length"": 4}, ""exit_ind"": {""adx_smoothing"": 14, ""adx_threshold"": 25, ""di_length"": 14}, ""vol"": {""fd_threshold"": 1.5, ""length"": 16}}","{""atr_len"": 50, ""atr_mult"": 1.0, ""be_pct"": 0.05, ""tp_mult"": 2.9, ""trail_arm"": 1.0, ""trail_mult"": 1.6}"
B|trend|coral_signals|schaff_trend_cycle_signals|williams_vix_fix_volume_signals|mcginley_dynamic_index,coral_signals,schaff_trend_cycle_signals,williams_vix_fix_volume_signals,mcginley_dynamic_index,trend,B,"{""base"": {""mci_length"": 26}, ""c1"": {""const_d"": 92, ""smooth_period"": 2}, ""c2"": {""cycleLen"": 8, ""d1"": 9, ""d2"": 3, ""lowerBand"": 25, ""macdFast"": 19, ""macdSlow"": 500, ""stc_midline"": 5, ""upperBand"": 75}, ""exit_ind"": {""adx_smoothing"": 14, ""adx_threshold"": 25, ""di_length"": 14}, ""vol"": {""bb_length"": 20, ""bb_mult"": 2, ""lookback"": 2}}","{""atr_len"": 45, ""atr_mult"": 1.0, ""be_pct"": 0.05, ""tp_mult"": 2.15, ""trail_arm"": 1.6, ""trail_mult"": 0.5}"
B|trend|dspo_signals|kase_peak_oscillator_signals|chaikin_volatility_volume_signals|tma_baseline,dspo_signals,kase_peak_oscillator_signals,chaikin_volatility_volume_signals,tma_baseline,trend,B,"{""base"": {""length"": 37}, ""c1"": {""len"": 40}, ""c2"": {""long_cycle"": 15, ""sharpness"": 40, ""short_cycle"": 8}, ""exit_ind"": {""adx_smoothing"": 14, ""adx_threshold"": 25, ""di_length"": 14}, ""vol"": {""cvi_len"": 19, ""roc_len"": 10}}","{""atr_len"": 43, ""atr_mult"": 1.32, ""be_pct"": 0.01, ""tp_mult"": 2.55, ""trail_arm"": 2.0, ""trail_mult"": 0.65}"
B|trend|halftrend_signals|chandelier_exit_signals|variance_volume_signals|mcginley_dynamic_index,halftrend_signals,chandelier_exit_signals,variance_volume_signals,mcginley_dynamic_index,trend,B,"{""base"": {""mci_length"": 17}, ""c1"": {""amplitude"": 41}, ""c2"": {""atr_mult"": 3, ""atr_period"": 18}, ""exit_ind"": {""adx_smoothing"": 14, ""adx_threshold"": 25, ""di_length"": 14}, ""vol"": {""ema_len"": 12, ""filter_lookback"": 11, ""hline"": 0, ""lookback"": 200}}","{""atr_len"": 39, ""atr_mult"": 1.25, ""be_pct"": 0.05, ""tp_mult"": 3.0, ""trail_arm"": 1.0, ""trail_mult"": 1.95}"
B|trend|kalman_filter_signals|lemantrend_signals|damiani_volatmeter_volume_signals|lsma_baseline,kalman_filter_signals,lemantrend_signals,damiani_volatmeter_volume_signals,lsma_baseline,trend,B,"{""base"": {""length"": 37, ""lsma_offset"": 0}, ""c1"": {""k"": 1, ""sharpness"": 7}, ""c2"": {""fast_period"": 34, ""medium_period"": 21, ""slow_period"": 13, ""smooth"": 4}, ""exit_ind"": {""adx_smoothing"": 14, ""adx_threshold"": 25, ""di_length"": 14}, ""vol"": {""lag"": 1.4, ""sedimentation"": 94, ""threshold"": 1.4, ""viscosity"": 30}}","{""atr_len"": 37, ""atr_mult"": 1.05, ""be_pct"": 0.05, ""tp_mult"": 3.0, ""trail_arm"": 1.0, ""trail_mult"": 1.65}"
B|trend|laguerre_filter_signals|ssl_channel_signals|waddah_attar_explosion_volume_signals|fantail_vma,laguerre_filter_signals,ssl_channel_signals,waddah_attar_explosion_volume_signals,fantail_vma,trend,B,"{""base"": {""fma_adx_length"": 6, ""fma_ma_length"": 60, ""fma_weighting"": 12}, ""c1"": {""alpha"": 0.2}, ""c2"": {""len"": 66}, ""exit_ind"": {""adx_smoothing"": 14, ""adx_threshold"": 25, ""di_length"": 14}, ""vol"": {""bbLen"": 20, ""bbStd"": 2, ""fastEma"": 20, ""sensitivity"": 35, ""slowEma"": 75}}","{""atr_len"": 24, ""atr_mult"": 1.1, ""be_pct"": 0.01, ""tp_mult"": 2.75, ""trail_arm"": 1.2, ""trail_mult"": 1.95}"
B|trend|parabolic_sar_signals|mama_fama_signals|fractal_dimension_volume_signals|tma_baseline,parabolic_sar_signals,mama_fama_signals,fractal_dimension_volume_signals,tma_baseline,trend,B,"{""base"": {""length"": 16}, ""c1"": {""sar_increment"": 0.016223, ""sar_maximum"": 0.070224, ""sar_start"": 0.02}, ""c2"": {""fast_limit"": 0.115506, ""slow_limit"": 0.05}, ""exit_ind"": {""adx_smoothing"": 14, ""adx_threshold"": 25, ""di_length"": 14}, ""vol"": {""fd_threshold"": 1.5, ""length"": 7}}","{""atr_len"": 50, ""atr_mult"": 1.35, ""be_pct"": 0.1, ""tp_mult"": 2.9, ""trail_arm"": 1.15, ""trail_mult"": 1.7}"
B|trend|qqe_mod_signals|qqe_mod_signals|variance_volume_signals|t3_baseline,qqe_mod_signals,qqe_mod_signals,variance_volume_signals,t3_baseline,trend,B,"{""base"": {""length"": 19, ""volume_factor"": 0.7}, ""c1"": {""fast_factor"": 0.161, ""rsi_len"": 3, ""rsi_period"": 7}, ""c2"": {""fast_factor"": 0.859209, ""rsi_len"": 6, ""rsi_period"": 5}, ""exit_ind"": {""adx_smoothing"": 14, ""adx_threshold"": 25, ""di_length"": 14}, ""vol"": {""ema_len"": 8, ""filter_lookback"": 87, ""hline"": 0, ""lookback"": 16}}","{""atr_len"": 34, ""atr_mult"": 1.26, ""be_pct"": 0.01, ""tp_mult"": 2.5, ""trail_arm"": 1.0, ""trail_mult"": 1.8}"
B|trend|ssl_channel_signals|kuskus_starlight_signals|fractal_dimension_volume_signals|rma_baseline,ssl_channel_signals,kuskus_starlight_signals,fractal_dimension_volume_signals,rma_baseline,trend,B,"{""base"": {""ma_length"": 132}, ""c1"": {""len"": 12}, ""c2"": {""index_smooth"": 0.7, ""price_smooth"": 0.7, ""range_periods"": 56}, ""exit_ind"": {""adx_smoothing"": 14, ""adx_threshold"": 25, ""di_length"": 14}, ""vol"": {""fd_threshold"": 1.5, ""length"": 197}}","{""atr_len"": 50, ""atr_mult"": 1.0, ""be_pct"": 0.01, ""tp_mult"": 3.0, ""trail_arm"": 2.0, ""trail_mult"": 0.7}"
B|trend|bears_bulls_impulse_signals|laguerre_filter_signals|chaikin_volatility_volume_signals|kama_baseline,bears_bulls_impulse_signals,laguerre_filter_signals,chaikin_volatility_volume_signals,kama_baseline,trend,B,"{""base"": {""fast_length"": 2, ""length"": 28, ""slow_length"": 24}, ""c1"": {""length"": 11}, ""c2"": {""alpha"": 0.106734}, ""exit_ind"": {""adx_smoothing"": 14, ""adx_threshold"": 25, ""di_length"": 14}, ""vol"": {""cvi_len"": 10, ""roc_len"": 3}}","{""atr_len"": 50, ""atr_mult"": 1.44, ""be_pct"": 0.18, ""tp_mult"": 2.75, ""trail_arm"": 1.05, ""trail_mult"": 1.2}"
B|trend|coral_signals|parabolic_sar_signals|chaikin_volatility_volume_signals|kama_baseline,coral_signals,parabolic_sar_signals,chaikin_volatility_volume_signals,kama_baseline,trend,B,"{""base"": {""fast_length"": 6, ""length"": 100, ""slow_length"": 30}, ""c1"": {""const_d"": 40, ""smooth_period"": 8}, ""c2"": {""sar_increment"": 0.007022, ""sar_maximum"": 0.070224, ""sar_start"": 0.00304}, ""exit_ind"": {""adx_smoothing"": 14, ""adx_threshold"": 25, ""di_length"": 14}, ""vol"": {""cvi_len"": 28, ""roc_len"": 79}}","{""atr_len"": 50, ""atr_mult"": 1.25, ""be_pct"": 0.01, ""tp_mult"": 2.95, ""trail_arm"": 1.95, ""trail_mult"": 1.15}"
B|trend|ehlers_reverse_ema_signals|fx_sniper_ergodic_cci_signals|chaikin_volatility_volume_signals|vidya,ehlers_reverse_ema_signals,fx_sniper_ergodic_cci_signals,chaikin_volatility_volume_signals,vidya,trend,B,"{""base"": {""vda_length"": 9}, ""c1"": {""alpha"": 0.081113}, ""c2"": {""cci_length"": 5, ""ema1_length"": 6, ""ema2_length"": 3, ""trigger_length"": 9}, ""exit_ind"": {""adx_smoothing"": 14, ""adx_threshold"": 25, ""di_length"": 14}, ""vol"": {""cvi_len"": 4, ""roc_len"": 3}}","{""atr_len"": 8, ""atr_mult"": 1.27, ""be_pct"": 0.07, ""tp_mult"": 2.25, ""trail_arm"": 1.1, ""trail_mult"": 1.55}"
B|trend|halftrend_signals|coral_signals|chaikin_volatility_volume_signals|sma_baseline,halftrend_signals,coral_signals,chaikin_volatility_volume_signals,sma_baseline,trend,B,"{""base"": {""length"": 37}, ""c1"": {""amplitude"": 5}, ""c2"": {""const_d"": 14, ""smooth_period"": 12}, ""exit_ind"": {""adx_smoothing"": 14, ""adx_threshold"": 25, ""di_length"": 14}, ""vol"": {""cvi_len"": 66, ""roc_len"": 2}}","{""atr_len"": 11, ""atr_mult"": 1.34, ""be_pct"": 0.05, ""tp_mult"": 1.5, ""trail_arm"": 1.95, ""trail_mult"": 1.6}"
B|trend|laguerre_filter_signals|fx_sniper_ergodic_cci_signals|chaikin_volatility_volume_signals|sma_baseline,laguerre_filter_signals,fx_sniper_ergodic_cci_signals,chaikin_volatility_volume_signals,sma_baseline,trend,B,"{""base"": {""length"": 132}, ""c1"": {""alpha"": 0.162226}, ""c2"": {""cci_length"": 14, ""ema1_length"": 5, ""ema2_length"": 3, ""trigger_length"": 6}, ""exit_ind"": {""adx_smoothing"": 14, ""adx_threshold"": 25, ""di_length"": 14}, ""vol"": {""cvi_len"": 10, ""roc_len"": 22}}","{""atr_len"": 50, ""atr_mult"": 1.49, ""be_pct"": 0.05, ""tp_mult"": 2.95, ""trail_arm"": 1.6, ""trail_mult"": 1.0}"
B|trend|polychromatic_momentum_signals|fisher_transform_signals|chaikin_volatility_volume_signals|ema_baseline,polychromatic_momentum_signals,fisher_transform_signals,chaikin_volatility_volume_signals,ema_baseline,trend,B,"{""base"": {""ma_length"": 132}, ""c1"": {""len"": 40}, ""c2"": {""length"": 12}, ""exit_ind"": {""adx_smoothing"": 14, ""adx_threshold"": 25, ""di_length"": 14}, ""vol"": {""cvi_len"": 8, ""roc_len"": 15}}","{""atr_len"": 37, ""atr_mult"": 1.05, ""be_pct"": 0.01, ""tp_mult"": 2.9, ""trail_arm"": 1.6, ""trail_mult"": 1.25}"
B|trend|rex_oscillator_signals|fisher_transform_signals|variance_volume_signals|rma_baseline,rex_oscillator_signals,fisher_transform_signals,variance_volume_signals,rma_baseline,trend,B,"{""base"": {""ma_length"": 57}, ""c1"": {""almaOffset"": 0.85, ""almaSigma"": 6, ""framaFast"": 34, ""framaSlow"": 89, ""jurikPhase"": 1, ""jurikPower"": 1, ""lsOffset"": 0, ""modFBW"": 0.5, ""modFilter"": 0.8, ""sigAlmaOff"": 0.85, ""sigAlmaSig"": 6, ""sigFramaFast"": 34, ""sigFramaSlow"": 89, ""sigJurikPhase"": 1, ""sigJurikPower"": 1, ""sigLsOff"": 0, ""sigModFBW"": 0.5, ""sigModFilter"": 0.8, ""sigSmooth"": 22, ""sigVolAdj"": 10, ""smooth"": 14, ""volAdj"": 10}, ""c2"": {""length"": 4}, ""exit_ind"": {""adx_smoothing"": 14, ""adx_threshold"": 25, ""di_length"": 14}, ""vol"": {""ema_len"": 19, ""filter_lookback"": 16, ""hline"": 0, ""lookback"": 200}}","{""atr_len"": 48, ""atr_mult"": 1.0, ""be_pct"": 0.01, ""tp_mult"": 2.35, ""trail_arm"": 1.1, ""trail_mult"": 1.25}"
B|trend|volatility_quality_signals|hieken_ashi_smoothed_signals|fractal_dimension_volume_signals|sma_baseline,volatility_quality_signals,hieken_ashi_smoothed_signals,fractal_dimension_volume_signals,sma_baseline,trend,B,"{""base"": {""length"": 25}, ""c1"": {""atr_pct"": 0.0075, ""smooth"": 43}, ""c2"": {""alma_offset1"": 0.85, ""alma_offset2"": 0.85, ""alma_sigma1"": 6, ""alma_sigma2"": 6, ""ama_smooth1"": 0.181, ""ama_smooth2"": 0.181, ""frama_t1_a"": 1, ""frama_t1_b"": 168, ""frama_t2_a"": 1, ""frama_t2_b"": 168, ""lsma_offset1"": 0, ""lsma_offset2"": 0, ""ma_len1"": 10, ""ma_len2"": 8, ""vol_factor1"": 2.335389, ""vol_factor2"": 1.010934}, ""exit_ind"": {""adx_smoothing"": 14, ""adx_threshold"": 25, ""di_length"": 14}, ""vol"": {""fd_threshold"": 1.5, ""length"": 56}}","{""atr_len"": 5, ""atr_mult"": 1.26, ""be_pct"": 0.05, ""tp_mult"": 3.0, ""trail_arm"": 1.0, ""trail_mult"": 1.05}"
B|trend|bears_bulls_impulse_signals|kase_peak_oscillator_signals|chaikin_volatility_volume_signals|wma_baseline,bears_bulls_impulse_signals,kase_peak_oscillator_signals,chaikin_volatility_volume_signals,wma_baseline,trend,B,"{""base"": {""ma_length"": 200}, ""c1"": {""length"": 86}, ""c2"": {""long_cycle"": 185, ""sharpness"": 40, ""short_cycle"": 23}, ""exit_ind"": {""adx_smoothing"": 14, ""adx_threshold"": 25, ""di_length"": 14}, ""vol"": {""cvi_len"": 66, ""roc_len"": 12}}","{""atr_len"": 50, ""atr_mult"": 1.41, ""be_pct"": 0.01, ""tp_mult"": 2.0, ""trail_arm"": 1.25, ""trail_mult"": 0.5}"
B|trend|coppock_curve_signals|price_momentum_oscillator_signals|variance_volume_signals|ema_baseline,coppock_curve_signals,price_momentum_oscillator_signals,variance_volume_signals,ema_baseline,trend,B,"{""base"": {""ma_length"": 20}, ""c1"": {""long_roc"": 17, ""short_roc"": 11, ""smooth_len"": 8}, ""c2"": {""s1"": 66, ""s2"": 25, ""sig"": 10}, ""exit_ind"": {""adx_smoothing"": 14, ""adx_threshold"": 25, ""di_length"": 14}, ""vol"": {""ema_len"": 10, ""filter_lookback"": 200, ""hline"": 0, ""lookback"": 20}}","{""atr_len"": 24, ""atr_mult"": 1.37, ""be_pct"": 0.15, ""tp_mult"": 3.0, ""trail_arm"": 1.6, ""trail_mult"": 1.4}"
B|trend|dpo_signals|polychromatic_momentum_signals|chaikin_volatility_volume_signals|wma_baseline,dpo_signals,polychromatic_momentum_signals,chaikin_volatility_volume_signals,wma_baseline,trend,B,"{""base"": {""ma_length"": 200}, ""c1"": {""len"": 62}, ""c2"": {""len"": 5}, ""exit_ind"": {""adx_smoothing"": 14, ""adx_threshold"": 25, ""di_length"": 14}, ""vol"": {""cvi_len"": 28, ""roc_len"": 15}}","{""atr_len"": 50, ""atr_mult"": 1.1, ""be_pct"": 0.01, ""tp_mult"": 2.05, ""trail_arm"": 2.0, ""trail_mult"": 0.55}"
B|trend|glitch_index_signals|coral_signals|choppiness_index_volume_signals|mcginley_dynamic_index,glitch_index_signals,coral_signals,choppiness_index_volume_signals,mcginley_dynamic_index,trend,B,"{""base"": {""mci_length"": 40}, ""c1"": {""length"": 85, ""multiplier"": 1, ""smooth"": 3}, ""c2"": {""const_d"": 40, ""smooth_period"": 43}, ""exit_ind"": {""adx_smoothing"": 14, ""adx_threshold"": 25, ""di_length"": 14}, ""vol"": {""ci_threshold"": 61.8, ""length"": 3}}","{""atr_len"": 27, ""atr_mult"": 1.2, ""be_pct"": 0.01, ""tp_mult"": 3.0, ""trail_arm"": 1.0, ""trail_mult"": 0.5}"
B|trend|kalman_filter_signals|center_of_gravity_signals|variance_volume_signals|vidya,kalman_filter_signals,center_of_gravity_signals,variance_volume_signals,vidya,trend,B,"{""base"": {""vda_length"": 13}, ""c1"": {""k"": 1, ""sharpness"": 1}, ""c2"": {""length"": 12, ""signal_length"": 3}, ""exit_ind"": {""adx_smoothing"": 14, ""adx_threshold"": 25, ""di_length"": 14}, ""vol"": {""ema_len"": 4, ""filter_lookback"": 25, ""hline"": 0, ""lookback"": 132}}","{""atr_len"": 2, ""atr_mult"": 1.49, ""be_pct"": 0.01, ""tp_mult"": 1.95, ""trail_arm"": 2.0, ""trail_mult"": 0.75}"
B|trend|linreg_slope_signals|qqe_mod_signals|variance_volume_signals|sma_baseline,linreg_slope_signals,qqe_mod_signals,variance_volume_signals,sma_baseline,trend,B,"{""base"": {""length"": 25}, ""c1"": {""length"": 14, ""r2_floor"": 0.246569}, ""c2"": {""fast_factor"": 16.1, ""rsi_len"": 50, ""rsi_period"": 5}, ""exit_ind"": {""adx_smoothing"": 14, ""adx_threshold"": 25, ""di_length"": 14}, ""vol"": {""ema_len"": 28, ""filter_lookback"": 37, ""hline"": 0, ""lookback"": 200}}","{""atr_len"": 30, ""atr_mult"": 1.27, ""be_pct"": 0.05, ""tp_mult"": 2.05, ""trail_arm"": 1.25, ""trail_mult"": 1.6}"
B|trend|polychromatic_momentum_signals|parabolic_sar_signals|fractal_dimension_volume_signals|wma_baseline,polychromatic_momentum_signals,parabolic_sar_signals,fractal_dimension_volume_signals,wma_baseline,trend,B,"{""base"": {""ma_length"": 57}, ""c1"": {""len"": 14}, ""c2"": {""sar_increment"": 0.2, ""sar_maximum"": 0.02, ""sar_start"": 0.016223}, ""exit_ind"": {""adx_smoothing"": 14, ""adx_threshold"": 25, ""di_length"": 14}, ""vol"": {""fd_threshold"": 1.216696, ""length"": 85}}","{""atr_len"": 46, ""atr_mult"": 1.48, ""be_pct"": 0.01, ""tp_mult"": 2.65, ""trail_arm"": 1.55, ""trail_mult"": 0.75}"
B|trend|schaff_trend_cycle_signals|parabolic_sar_signals|variance_volume_signals|kama_baseline,schaff_trend_cycle_signals,parabolic_sar_signals,variance_volume_signals,kama_baseline,trend,B,"{""base"": {""fast_length"": 2, ""length"": 10, ""slow_length"": 56}, ""c1"": {""cycleLen"": 8, ""d1"": 4, ""d2"": 2, ""lowerBand"": 25, ""macdFast"": 100, ""macdSlow"": 18, ""stc_midline"": 50, ""upperBand"": 26}, ""c2"": {""sar_increment"": 0.00462, ""sar_maximum"": 0.070224, ""sar_start"": 0.024657}, ""exit_ind"": {""adx_smoothing"": 14, ""adx_threshold"": 25, ""di_length"": 14}, ""vol"": {""ema_len"": 12, ""filter_lookback"": 25, ""hline"": 0, ""lookback"": 11}}","{""atr_len"": 26, ""atr_mult"": 1.1, ""be_pct"": 0.01, ""tp_mult"": 2.45, ""trail_arm"": 1.0, ""trail_mult"": 1.25}"
B|trend|vortex_signals|supertrend_signals|efficiency_ratio_volume_signals|kama_baseline,vortex_signals,supertrend_signals,efficiency_ratio_volume_signals,kama_baseline,trend,B,"{""base"": {""fast_length"": 2, ""length"": 12, ""slow_length"": 30}, ""c1"": {""period"": 14}, ""c2"": {""atr_period"": 10, ""factor"": 3}, ""exit_ind"": {""adx_smoothing"": 14, ""adx_threshold"": 25, ""di_length"": 14}, ""vol"": {""er_threshold"": 0.3, ""length"": 66}}","{""atr_len"": 37, ""atr_mult"": 1.28, ""be_pct"": 0.05, ""tp_mult"": 2.5, ""trail_arm"": 1.1, ""trail_mult"": 1.1}"
B|trend|center_of_gravity_signals|donchian_breakout_signals|variance_volume_signals|super_smoother_2pole_baseline,center_of_gravity_signals,donchian_breakout_signals,variance_volume_signals,super_smoother_2pole_baseline,trend,B,"{""base"": {""cutoff_period"": 43}, ""c1"": {""length"": 19, ""signal_length"": 4}, ""c2"": {""length"": 37}, ""exit_ind"": {""adx_smoothing"": 14, ""adx_threshold"": 25, ""di_length"": 14}, ""vol"": {""ema_len"": 43, ""filter_lookback"": 16, ""hline"": 0, ""lookback"": 132}}","{""atr_len"": 5, ""atr_mult"": 1.0, ""be_pct"": 0.01, ""tp_mult"": 2.15, ""trail_arm"": 1.2, ""trail_mult"": 1.2}"
B|trend|dpo_signals|ssl_channel_signals|variance_volume_signals|wma_baseline,dpo_signals,ssl_channel_signals,variance_volume_signals,wma_baseline,trend,B,"{""base"": {""ma_length"": 25}, ""c1"": {""len"": 94}, ""c2"": {""len"": 19}, ""exit_ind"": {""adx_smoothing"": 14, ""adx_threshold"": 25, ""di_length"": 14}, ""vol"": {""ema_len"": 43, ""filter_lookback"": 3, ""hline"": 0, ""lookback"": 16}}","{""atr_len"": 4, ""atr_mult"": 1.25, ""be_pct"": 0.05, ""tp_mult"": 3.0, ""trail_arm"": 1.2, ""trail_mult"": 1.35}"
B|trend|fx_sniper_ergodic_cci_signals|ichimoku_signals|fractal_dimension_volume_signals|t3_baseline,fx_sniper_ergodic_cci_signals,ichimoku_signals,fractal_dimension_volume_signals,t3_baseline,trend,B,"{""base"": {""length"": 12, ""volume_factor"": 0.862993}, ""c1"": {""cci_length"": 11, ""ema1_length"": 5, ""ema2_length"": 3, ""trigger_length"": 9}, ""c2"": {""base_len"": 21, ""conversion_len"": 11, ""displacement"": 260, ""span_b_len"": 5}, ""exit_ind"": {""adx_smoothing"": 14, ""adx_threshold"": 25, ""di_length"": 14}, ""vol"": {""fd_threshold"": 1.216696, ""length"": 56}}","{""atr_len"": 50, ""atr_mult"": 1.0, ""be_pct"": 0.01, ""tp_mult"": 2.8, ""trail_arm"": 1.45, ""trail_mult"": 1.25}"
B|trend|ichimoku_signals|fx_sniper_ergodic_cci_signals|fractal_dimension_volume_signals|t3_baseline,ichimoku_signals,fx_sniper_ergodic_cci_signals,fractal_dimension_volume_signals,t3_baseline,trend,B,"{""base"": {""length"": 28, ""volume_factor"": 0.7}, ""c1"": {""base_len"": 21, ""conversion_len"": 9, ""displacement"": 74, ""span_b_len"": 52}, ""c2"": {""cci_length"": 140, ""ema1_length"": 5, ""ema2_length"": 3, ""trigger_length"": 3}, ""exit_ind"": {""adx_smoothing"": 14, ""adx_threshold"": 25, ""di_length"": 14}, ""vol"": {""fd_threshold"": 1.5, ""length"": 85}}","{""atr_len"": 39, ""atr_mult"": 1.0, ""be_pct"": 0.04, ""tp_mult"": 2.8, ""trail_arm"": 1.55, ""trail_mult"": 0.8}"
B|trend|lemantrend_signals|kalman_filter_signals|damiani_volatmeter_volume_signals|sma_baseline,lemantrend_signals,kalman_filter_signals,damiani_volatmeter_volume_signals,sma_baseline,trend,B,"{""base"": {""length"": 37}, ""c1"": {""fast_period"": 34, ""medium_period"": 21, ""slow_period"": 11, ""smooth"": 9}, ""c2"": {""k"": 1, ""sharpness"": 1}, ""exit_ind"": {""adx_smoothing"": 14, ""adx_threshold"": 25, ""di_length"": 14}, ""vol"": {""lag"": 1.4, ""sedimentation"": 50, ""threshold"": 1.4, ""viscosity"": 7}}","{""atr_len"": 14, ""atr_mult"": 1.0, ""be_pct"": 0.01, ""tp_mult"": 1.7, ""trail_arm"": 1.95, ""trail_mult"": 0.65}"
B|trend|qqe_mod_signals|coral_signals|chaikin_volatility_volume_signals|frama_baseline,qqe_mod_signals,coral_signals,chaikin_volatility_volume_signals,frama_baseline,trend,B,"{""base"": {""length"": 19}, ""c1"": {""fast_factor"": 1.61, ""rsi_len"": 9, ""rsi_period"": 6}, ""c2"": {""const_d"": 140, ""smooth_period"": 19}, ""exit_ind"": {""adx_smoothing"": 14, ""adx_threshold"": 25, ""di_length"": 14}, ""vol"": {""cvi_len"": 100, ""roc_len"": 12}}","{""atr_len"": 18, ""atr_mult"": 1.49, ""be_pct"": 0.05, ""tp_mult"": 3.0, ""trail_arm"": 1.9, ""trail_mult"": 0.95}"
B|trend|ssl_channel_signals|chandelier_exit_signals|waddah_attar_explosion_volume_signals|kama_baseline,ssl_channel_signals,chandelier_exit_signals,waddah_attar_explosion_volume_signals,kama_baseline,trend,B,"{""base"": {""fast_length"": 2, ""length"": 19, ""slow_length"": 24}, ""c1"": {""len"": 28}, ""c2"": {""atr_mult"": 3, ""atr_period"": 63}, ""exit_ind"": {""adx_smoothing"": 14, ""adx_threshold"": 25, ""di_length"": 14}, ""vol"": {""bbLen"": 132, ""bbStd"": 2, ""fastEma"": 20, ""sensitivity"": 53, ""slowEma"": 32}}","{""atr_len"": 50, ""atr_mult"": 1.32, ""be_pct"": 0.15, ""tp_mult"": 2.95, ""trail_arm"": 1.3, ""trail_mult"": 0.7}"
B|trend|bears_bulls_impulse_signals|dspo_signals|efficiency_ratio_volume_signals|t3_baseline,bears_bulls_impulse_signals,dspo_signals,efficiency_ratio_volume_signals,t3_baseline,trend,B,"{""base"": {""length"": 10, ""volume_factor"": 0.7}, ""c1"": {""length"": 11}, ""c2"": {""len"": 14}, ""exit_ind"": {""adx_smoothing"": 14, ""adx_threshold"": 25, ""di_length"": 14}, ""vol"": {""er_threshold"": 0.369854, ""length"": 43}}","{""atr_len"": 21, ""atr_mult"": 1.0, ""be_pct"": 0.05, ""tp_mult"": 2.75, ""trail_arm"": 1.95, ""trail_mult"": 0.95}"
B|trend|center_of_gravity_signals|supertrend_signals|chaikin_volatility_volume_signals|tma_baseline,center_of_gravity_signals,supertrend_signals,chaikin_volatility_volume_signals,tma_baseline,trend,B,"{""base"": {""length"": 37}, ""c1"": {""length"": 10, ""signal_length"": 3}, ""c2"": {""atr_period"": 100, ""factor"": 4}, ""exit_ind"": {""adx_smoothing"": 14, ""adx_threshold"": 25, ""di_length"": 14}, ""vol"": {""cvi_len"": 28, ""roc_len"": 3}}","{""atr_len"": 7, ""atr_mult"": 1.4, ""be_pct"": 0.01, ""tp_mult"": 2.8, ""trail_arm"": 1.0, ""trail_mult"": 0.5}"
B|trend|coral_signals|trend_direction_force_index_signals|variance_volume_signals|t3_baseline,coral_signals,trend_direction_force_index_signals,variance_volume_signals,t3_baseline,trend,B,"{""base"": {""length"": 66, ""volume_factor"": 0.7}, ""c1"": {""const_d"": 11, ""smooth_period"": 10}, ""c2"": {""fhigh"": 0.011551, ""flow"": -0.216438, ""lookback"": 16}, ""exit_ind"": {""adx_smoothing"": 14, ""adx_threshold"": 25, ""di_length"": 14}, ""vol"": {""ema_len"": 10, ""filter_lookback"": 2, ""hline"": 0, ""lookback"": 20}}","{""atr_len"": 10, ""atr_mult"": 1.0, ""be_pct"": 0.05, ""tp_mult"": 3.0, ""trail_arm"": 1.9, ""trail_mult"": 1.0}"
B|trend|ehlers_reverse_ema_signals|fx_sniper_ergodic_cci_signals|efficiency_ratio_volume_signals|frama_baseline,ehlers_reverse_ema_signals,fx_sniper_ergodic_cci_signals,efficiency_ratio_volume_signals,frama_baseline,trend,B,"{""base"": {""length"": 43}, ""c1"": {""alpha"": 0.081113}, ""c2"": {""cci_length"": 5, ""ema1_length"": 4, ""ema2_length"": 3, ""trigger_length"": 2}, ""exit_ind"": {""adx_smoothing"": 14, ""adx_threshold"": 25, ""di_length"": 14}, ""vol"": {""er_threshold"": 0.3, ""length"": 12}}","{""atr_len"": 34, ""atr_mult"": 1.25, ""be_pct"": 0.01, ""tp_mult"": 1.8, ""trail_arm"": 1.7, ""trail_mult"": 0.65}"
B|trend|halftrend_signals|dpo_signals|variance_volume_signals|mcginley_dynamic_index,halftrend_signals,dpo_signals,variance_volume_signals,mcginley_dynamic_index,trend,B,"{""base"": {""mci_length"": 11}, ""c1"": {""amplitude"": 18}, ""c2"": {""len"": 500}, ""exit_ind"": {""adx_smoothing"": 14, ""adx_threshold"": 25, ""di_length"": 14}, ""vol"": {""ema_len"": 8, ""filter_lookback"": 57, ""hline"": 0, ""lookback"": 200}}","{""atr_len"": 49, ""atr_mult"": 1.37, ""be_pct"": 0.05, ""tp_mult"": 2.85, ""trail_arm"": 1.2, ""trail_mult"": 1.5}"
B|trend|kase_peak_oscillator_signals|waddah_attar_explosion_signals|variance_volume_signals|mcginley_dynamic_index,kase_peak_oscillator_signals,waddah_attar_explosion_signals,variance_volume_signals,mcginley_dynamic_index,trend,B,"{""base"": {""mci_length"": 14}, ""c1"": {""long_cycle"": 185, ""sharpness"": 40, ""short_cycle"": 23}, ""c2"": {""bbLen"": 37, ""bbStd"": 6, ""fastEma"": 20, ""sensitivity"": 150, ""slowEma"": 40}, ""exit_ind"": {""adx_smoothing"": 14, ""adx_threshold"": 25, ""di_length"": 14}, ""vol"": {""ema_len"": 8, ""filter_lookback"": 25, ""hline"": 0, ""lookback"": 132}}","{""atr_len"": 7, ""atr_mult"": 1.5, ""be_pct"": 0.05, ""tp_mult"": 2.65, ""trail_arm"": 1.05, ""trail_mult"": 0.55}"
B|trend|parabolic_sar_signals|ssl_channel_signals|chaikin_volatility_volume_signals|tma_baseline,parabolic_sar_signals,ssl_channel_signals,chaikin_volatility_volume_signals,tma_baseline,trend,B,"{""base"": {""length"": 37}, ""c1"": {""sar_increment"": 0.02, ""sar_maximum"": 0.02, ""sar_start"": 0.02}, ""c2"": {""len"": 12}, ""exit_ind"": {""adx_smoothing"": 14, ""adx_threshold"": 25, ""di_length"": 14}, ""vol"": {""cvi_len"": 19, ""roc_len"": 4}}","{""atr_len"": 9, ""atr_mult"": 1.31, ""be_pct"": 0.01, ""tp_mult"": 2.5, ""trail_arm"": 1.15, ""trail_mult"": 0.5}"
B|trend|qqe_mod_signals|price_momentum_oscillator_signals|variance_volume_signals|frama_baseline,qqe_mod_signals,price_momentum_oscillator_signals,variance_volume_signals,frama_baseline,trend,B,"{""base"": {""length"": 10}, ""c1"": {""fast_factor"": 4.585338, ""rsi_len"": 6, ""rsi_period"": 11}, ""c2"": {""s1"": 100, ""s2"": 132, ""sig"": 10}, ""exit_ind"": {""adx_smoothing"": 14, ""adx_threshold"": 25, ""di_length"": 14}, ""vol"": {""ema_len"": 12, ""filter_lookback"": 11, ""hline"": 0, ""lookback"": 25}}","{""atr_len"": 43, ""atr_mult"": 1.46, ""be_pct"": 0.01, ""tp_mult"": 2.85, ""trail_arm"": 1.0, ""trail_mult"": 0.95}"
B|trend|schaff_trend_cycle_signals|lemantrend_signals|williams_vix_fix_volume_signals|mcginley_dynamic_index,schaff_trend_cycle_signals,lemantrend_signals,williams_vix_fix_volume_signals,mcginley_dynamic_index,trend,B,"{""base"": {""mci_length"": 26}, ""c1"": {""cycleLen"": 66, ""d1"": 4, ""d2"": 4, ""lowerBand"": 25, ""macdFast"": 2, ""macdSlow"": 5, ""stc_midline"": 5, ""upperBand"": 75}, ""c2"": {""fast_period"": 34, ""medium_period"": 21, ""slow_period"": 7, ""smooth"": 3}, ""exit_ind"": {""adx_smoothing"": 14, ""adx_threshold"": 25, ""di_length"": 14}, ""vol"": {""bb_length"": 11, ""bb_mult"": 2, ""lookback"": 2}}","{""atr_len"": 7, ""atr_mult"": 1.1, ""be_pct"": 0.01, ""tp_mult"": 1.6, ""trail_arm"": 1.55, ""trail_mult"": 0.6}"
B|trend|volatility_quality_signals|volatility_quality_signals|efficiency_ratio_volume_signals|t3_baseline,volatility_quality_signals,volatility_quality_signals,efficiency_ratio_volume_signals,t3_baseline,trend,B,"{""base"": {""length"": 12, ""volume_factor"": 0.567792}, ""c1"": {""atr_pct"": 0.075, ""smooth"": 10}, ""c2"": {""atr_pct"": 0.075, ""smooth"": 10}, ""exit_ind"": {""adx_smoothing"": 14, ""adx_threshold"": 25, ""di_length"": 14}, ""vol"": {""er_threshold"": 0.3, ""length"": 66}}","{""atr_len"": 23, ""atr_mult"": 1.28, ""be_pct"": 0.12, ""tp_mult"": 3.0, ""trail_arm"": 1.4, ""trail_mult"": 0.95}"
B|trend|center_of_gravity_signals|price_momentum_oscillator_signals|chaikin_volatility_volume_signals|kama_baseline,center_of_gravity_signals,price_momentum_oscillator_signals,chaikin_volatility_volume_signals,kama_baseline,trend,B,"{""base"": {""fast_length"": 2, ""length"": 43, ""slow_length"": 30}, ""c1"": {""length"": 8, ""signal_length"": 20}, ""c2"": {""s1"": 43, ""s2"": 16, ""sig"": 10}, ""exit_ind"": {""adx_smoothing"": 14, ""adx_threshold"": 25, ""di_length"": 14}, ""vol"": {""cvi_len"": 19, ""roc_len"": 4}}","{""atr_len"": 19, ""atr_mult"": 1.1, ""be_pct"": 0.05, ""tp_mult"": 3.0, ""trail_arm"": 1.95, ""trail_mult"": 0.9}"
B|trend|donchian_breakout_signals|relative_vigor_index_signals|chaikin_volatility_volume_signals|ema_baseline,donchian_breakout_signals,relative_vigor_index_signals,chaikin_volatility_volume_signals,ema_baseline,trend,B,"{""base"": {""ma_length"": 132}, ""c1"": {""length"": 2}, ""c2"": {""len"": 12}, ""exit_ind"": {""adx_smoothing"": 14, ""adx_threshold"": 25, ""di_length"": 14}, ""vol"": {""cvi_len"": 43, ""roc_len"": 10}}","{""atr_len"": 50, ""atr_mult"": 1.41, ""be_pct"": 0.13, ""tp_mult"": 2.85, ""trail_arm"": 1.6, ""trail_mult"": 1.45}"
B|trend|fisher_transform_signals|donchian_breakout_signals|chaikin_volatility_volume_signals|sma_baseline,fisher_transform_signals,donchian_breakout_signals,chaikin_volatility_volume_signals,sma_baseline,trend,B,"{""base"": {""length"": 25}, ""c1"": {""length"": 28}, ""c2"": {""length"": 57}, ""exit_ind"": {""adx_smoothing"": 14, ""adx_threshold"": 25, ""di_length"": 14}, ""vol"": {""cvi_len"": 28, ""roc_len"": 2}}","{""atr_len"": 13, ""atr_mult"": 1.49, ""be_pct"": 0.06, ""tp_mult"": 2.5, ""trail_arm"": 1.9, ""trail_mult"": 0.5}"
B|trend|halftrend_signals|kuskus_starlight_signals|chaikin_volatility_volume_signals|ema_baseline,halftrend_signals,kuskus_starlight_signals,chaikin_volatility_volume_signals,ema_baseline,trend,B,"{""base"": {""ma_length"": 20}, ""c1"": {""amplitude"": 41}, ""c2"": {""index_smooth"": 0.7, ""price_smooth"": 0.373569, ""range_periods"": 16}, ""exit_ind"": {""adx_smoothing"": 14, ""adx_threshold"": 25, ""di_length"": 14}, ""vol"": {""cvi_len"": 43, ""roc_len"": 3}}","{""atr_len"": 49, ""atr_mult"": 1.35, ""be_pct"": 0.06, ""tp_mult"": 2.6, ""trail_arm"": 1.8, ""trail_mult"": 1.5}"
B|trend|kase_peak_oscillator_signals|fx_sniper_ergodic_cci_signals|chaikin_volatility_volume_signals|kama_baseline,kase_peak_oscillator_signals,fx_sniper_ergodic_cci_signals,chaikin_volatility_volume_signals,kama_baseline,trend,B,"{""base"": {""fast_length"": 13, ""length"": 12, ""slow_length"": 24}, ""c1"": {""long_cycle"": 23, ""sharpness"": 40, ""short_cycle"": 15}, ""c2"": {""cci_length"": 11, ""ema1_length"": 6, ""ema2_length"": 3, ""trigger_length"": 2}, ""exit_ind"": {""adx_smoothing"": 14, ""adx_threshold"": 25, ""di_length"": 14}, ""vol"": {""cvi_len"": 66, ""roc_len"": 10}}","{""atr_len"": 42, ""atr_mult"": 1.28, ""be_pct"": 0.01, ""tp_mult"": 2.4, ""trail_arm"": 1.85, ""trail_mult"": 1.0}"
B|trend|mama_fama_signals|parabolic_sar_signals|chaikin_volatility_volume_signals|kama_baseline,mama_fama_signals,parabolic_sar_signals,chaikin_volatility_volume_signals,kama_baseline,trend,B,"{""base"": {""fast_length"": 9, ""length"": 28, ""slow_length"": 197}, ""c1"": {""fast_limit"": 0.5, ""slow_limit"": 0.026683}, ""c2"": {""sar_increment"": 0.086575, ""sar_maximum"": 0.569607, ""sar_start"": 0.016223}, ""exit_ind"": {""adx_smoothing"": 14, ""adx_threshold"": 25, ""di_length"": 14}, ""vol"": {""cvi_len"": 100, ""roc_len"": 120}}","{""atr_len"": 17, ""atr_mult"": 1.0, ""be_pct"": 0.01, ""tp_mult"": 1.9, ""trail_arm"": 1.15, ""trail_mult"": 0.5}"
B|trend|relative_vigor_index_signals|fisher_transform_signals|fractal_dimension_volume_signals|kama_baseline,relative_vigor_index_signals,fisher_transform_signals,fractal_dimension_volume_signals,kama_baseline,trend,B,"{""base"": {""fast_length"": 6, ""length"": 43, ""slow_length"": 30}, ""c1"": {""len"": 10}, ""c2"": {""length"": 10}, ""exit_ind"": {""adx_smoothing"": 14, ""adx_threshold"": 25, ""di_length"": 14}, ""vol"": {""fd_threshold"": 1.5, ""length"": 300}}","{""atr_len"": 3, ""atr_mult"": 1.36, ""be_pct"": 0.05, ""tp_mult"": 2.7, ""trail_arm"": 1.85, ""trail_mult"": 0.5}"
B|trend|ssl_channel_signals|supertrend_signals|fractal_dimension_volume_signals|sma_baseline,ssl_channel_signals,supertrend_signals,fractal_dimension_volume_signals,sma_baseline,trend,B,"{""base"": {""length"": 25}, ""c1"": {""len"": 19}, ""c2"": {""atr_period"": 4, ""factor"": 3}, ""exit_ind"": {""adx_smoothing"": 14, ""adx_threshold"": 25, ""di_length"": 14}, ""vol"": {""fd_threshold"": 1.5, ""length"": 16}}","{""atr_len"": 3, ""atr_mult"": 1.0, ""be_pct"": 0.01, ""tp_mult"": 1.5, ""trail_arm"": 1.0, ""trail_mult"": 1.35}"
B|trend|volatility_quality_signals|ssl_channel_signals|variance_volume_signals|tma_baseline,volatility_quality_signals,ssl_channel_signals,variance_volume_signals,tma_baseline,trend,B,"{""base"": {""length"": 20}, ""c1"": {""atr_pct"": 0.075, ""smooth"": 19}, ""c2"": {""len"": 4}, ""exit_ind"": {""adx_smoothing"": 14, ""adx_threshold"": 25, ""di_length"": 14}, ""vol"": {""ema_len"": 2, ""filter_lookback"": 87, ""hline"": 0, ""lookback"": 200}}","{""atr_len"": 23, ""atr_mult"": 1.15, ""be_pct"": 0.05, ""tp_mult"": 3.0, ""trail_arm"": 2.0, ""trail_mult"": 1.75}"
B|trend|bears_bulls_impulse_signals|price_momentum_oscillator_signals|variance_volume_signals|sma_baseline,bears_bulls_impulse_signals,price_momentum_oscillator_signals,variance_volume_signals,sma_baseline,trend,B,"{""base"": {""length"": 25}, ""c1"": {""length"": 11}, ""c2"": {""s1"": 66, ""s2"": 57, ""sig"": 10}, ""exit_ind"": {""adx_smoothing"": 14, ""adx_threshold"": 25, ""di_length"": 14}, ""vol"": {""ema_len"": 8, ""filter_lookback"": 132, ""hline"": 0, ""lookback"": 132}}","{""atr_len"": 3, ""atr_mult"": 1.0, ""be_pct"": 0.01, ""tp_mult"": 2.25, ""trail_arm"": 1.0, ""trail_mult"": 0.55}"
B|trend|coppock_curve_signals|lemantrend_signals|variance_volume_signals|sma_baseline,coppock_curve_signals,lemantrend_signals,variance_volume_signals,sma_baseline,trend,B,"{""base"": {""length"": 87}, ""c1"": {""long_roc"": 11, ""short_roc"": 9, ""smooth_len"": 10}, ""c2"": {""fast_period"": 28, ""medium_period"": 21, ""slow_period"": 86, ""smooth"": 4}, ""exit_ind"": {""adx_smoothing"": 14, ""adx_threshold"": 25, ""di_length"": 14}, ""vol"": {""ema_len"": 12, ""filter_lookback"": 20, ""hline"": 0, ""lookback"": 87}}","{""atr_len"": 9, ""atr_mult"": 1.15, ""be_pct"": 0.08, ""tp_mult"": 2.85, ""trail_arm"": 1.95, ""trail_mult"": 0.5}"
B|trend|dspo_signals|mama_fama_signals|chaikin_volatility_volume_signals|wma_baseline,dspo_signals,mama_fama_signals,chaikin_volatility_volume_signals,wma_baseline,trend,B,"{""base"": {""ma_length"": 200}, ""c1"": {""len"": 3}, ""c2"": {""fast_limit"": 0.17556, ""slow_limit"": 0.061642}, ""exit_ind"": {""adx_smoothing"": 14, ""adx_threshold"": 25, ""di_length"": 14}, ""vol"": {""cvi_len"": 12, ""roc_len"": 15}}","{""atr_len"": 24, ""atr_mult"": 1.25, ""be_pct"": 0.01, ""tp_mult"": 1.9, ""trail_arm"": 1.05, ""trail_mult"": 0.5}"
B|trend|glitch_index_signals|parabolic_sar_signals|variance_volume_signals|ema_baseline,glitch_index_signals,parabolic_sar_signals,variance_volume_signals,ema_baseline,trend,B,"{""base"": {""ma_length"": 20}, ""c1"": {""length"": 85, ""multiplier"": 1, ""smooth"": 20}, ""c2"": {""sar_increment"": 0.010673, ""sar_maximum"": 0.106734, ""sar_start"": 0.02}, ""exit_ind"": {""adx_smoothing"": 14, ""adx_threshold"": 25, ""di_length"": 14}, ""vol"": {""ema_len"": 12, ""filter_lookback"": 7, ""hline"": 0, ""lookback"": 132}}","{""atr_len"": 50, ""atr_mult"": 1.15, ""be_pct"": 0.05, ""tp_mult"": 3.0, ""trail_arm"": 1.0, ""trail_mult"": 1.2}"
B|trend|kalman_filter_signals|j_tpo_signals|variance_volume_signals|kama_baseline,kalman_filter_signals,j_tpo_signals,variance_volume_signals,kama_baseline,trend,B,"{""base"": {""fast_length"": 2, ""length"": 19, ""slow_length"": 30}, ""c1"": {""k"": 1, ""sharpness"": 1}, ""c2"": {""ema_len"": 200, ""len"": 75}, ""exit_ind"": {""adx_smoothing"": 14, ""adx_threshold"": 25, ""di_length"": 14}, ""vol"": {""ema_len"": 10, ""filter_lookback"": 37, ""hline"": 0, ""lookback"": 25}}","{""atr_len"": 34, ""atr_mult"": 1.3, ""be_pct"": 0.01, ""tp_mult"": 2.0, ""trail_arm"": 1.0, ""trail_mult"": 1.4}"
B|trend|linreg_slope_signals|supertrend_signals|variance_volume_signals|sma_baseline,linreg_slope_signals,supertrend_signals,variance_volume_signals,sma_baseline,trend,B,"{""base"": {""length"": 25}, ""c1"": {""length"": 17, ""r2_floor"": 0.374763}, ""c2"": {""atr_period"": 5, ""factor"": 4}, ""exit_ind"": {""adx_smoothing"": 14, ""adx_threshold"": 25, ""di_length"": 14}, ""vol"": {""ema_len"": 8, ""filter_lookback"": 16, ""hline"": 0, ""lookback"": 200}}","{""atr_len"": 2, ""atr_mult"": 1.1, ""be_pct"": 0.2, ""tp_mult"": 2.95, ""trail_arm"": 1.0, ""trail_mult"": 1.6}"
B|trend|price_momentum_oscillator_signals|kuskus_starlight_signals|damiani_volatmeter_volume_signals|rma_baseline,price_momentum_oscillator_signals,kuskus_starlight_signals,damiani_volatmeter_volume_signals,rma_baseline,trend,B,"{""base"": {""ma_length"": 11}, ""c1"": {""s1"": 350, ""s2"": 37, ""sig"": 10}, ""c2"": {""index_smooth"": 0.7, ""price_smooth"": 0.373569, ""range_periods"": 30}, ""exit_ind"": {""adx_smoothing"": 14, ""adx_threshold"": 25, ""di_length"": 14}, ""vol"": {""lag"": 1.4, ""sedimentation"": 142, ""threshold"": 1.4, ""viscosity"": 6}}","{""atr_len"": 47, ""atr_mult"": 1.36, ""be_pct"": 0.05, ""tp_mult"": 2.9, ""trail_arm"": 1.55, ""trail_mult"": 1.25}"
B|trend|relative_vigor_index_signals|schaff_trend_cycle_signals|variance_volume_signals|sma_baseline,relative_vigor_index_signals,schaff_trend_cycle_signals,variance_volume_signals,sma_baseline,trend,B,"{""base"": {""length"": 20}, ""c1"": {""len"": 28}, ""c2"": {""cycleLen"": 10, ""d1"": 3, ""d2"": 3, ""lowerBand"": 25, ""macdFast"": 8, ""macdSlow"": 8, ""stc_midline"": 50, ""upperBand"": 75}, ""exit_ind"": {""adx_smoothing"": 14, ""adx_threshold"": 25, ""di_length"": 14}, ""vol"": {""ema_len"": 19, ""filter_lookback"": 37, ""hline"": 0, ""lookback"": 5}}","{""atr_len"": 50, ""atr_mult"": 1.0, ""be_pct"": 0.05, ""tp_mult"": 2.6, ""trail_arm"": 1.9, ""trail_mult"": 1.6}"
B|trend|ssl_channel_signals|kalman_filter_signals|variance_volume_signals|sma_baseline,ssl_channel_signals,kalman_filter_signals,variance_volume_signals,sma_baseline,trend,B,"{""base"": {""length"": 25}, ""c1"": {""len"": 10}, ""c2"": {""k"": 1, ""sharpness"": 10}, ""exit_ind"": {""adx_smoothing"": 14, ""adx_threshold"": 25, ""di_length"": 14}, ""vol"": {""ema_len"": 5, ""filter_lookback"": 132, ""hline"": 0, ""lookback"": 132}}","{""atr_len"": 5, ""atr_mult"": 1.0, ""be_pct"": 0.05, ""tp_mult"": 2.15, ""trail_arm"": 1.0, ""trail_mult"": 1.45}"
B|trend|vortex_signals|price_momentum_oscillator_signals|efficiency_ratio_volume_signals|ema_baseline,vortex_signals,price_momentum_oscillator_signals,efficiency_ratio_volume_signals,ema_baseline,trend,B,"{""base"": {""ma_length"": 132}, ""c1"": {""period"": 2}, ""c2"": {""s1"": 43, ""s2"": 25, ""sig"": 10}, ""exit_ind"": {""adx_smoothing"": 14, ""adx_threshold"": 25, ""di_length"": 14}, ""vol"": {""er_threshold"": 0.369854, ""length"": 4}}","{""atr_len"": 50, ""atr_mult"": 1.15, ""be_pct"": 0.01, ""tp_mult"": 2.95, ""trail_arm"": 2.0, ""trail_mult"": 1.35}"
B|trend|center_of_gravity_signals|relative_vigor_index_signals|damiani_volatmeter_volume_signals|ema_baseline,center_of_gravity_signals,relative_vigor_index_signals,damiani_volatmeter_volume_signals,ema_baseline,trend,B,"{""base"": {""ma_length"": 20}, ""c1"": {""length"": 100, ""signal_length"": 4}, ""c2"": {""len"": 12}, ""exit_ind"": {""adx_smoothing"": 14, ""adx_threshold"": 25, ""di_length"": 14}, ""vol"": {""lag"": 1.4, ""sedimentation"": 142, ""threshold"": 1.725985, ""viscosity"": 6}}","{""atr_len"": 48, ""atr_mult"": 1.15, ""be_pct"": 0.09, ""tp_mult"": 2.95, ""trail_arm"": 1.5, ""trail_mult"": 1.55}"
B|trend|ehlers_reverse_ema_signals|dspo_signals|volatility_ratio_volume_signals|rma_baseline,ehlers_reverse_ema_signals,dspo_signals,volatility_ratio_volume_signals,rma_baseline,trend,B,"{""base"": {""ma_length"": 11}, ""c1"": {""alpha"": 0.432876}, ""c2"": {""len"": 26}, ""exit_ind"": {""adx_smoothing"": 14, ""adx_threshold"": 25, ""di_length"": 14}, ""vol"": {""length"": 61}}","{""atr_len"": 2, ""atr_mult"": 1.32, ""be_pct"": 0.2, ""tp_mult"": 2.8, ""trail_arm"": 1.1, ""trail_mult"": 1.25}"
B|trend|ichimoku_signals|supertrend_signals|chaikin_volatility_volume_signals|mcginley_dynamic_index,ichimoku_signals,supertrend_signals,chaikin_volatility_volume_signals,mcginley_dynamic_index,trend,B,"{""base"": {""mci_length"": 14}, ""c1"": {""base_len"": 14, ""conversion_len"": 9, ""displacement"": 32, ""span_b_len"": 52}, ""c2"": {""atr_period"": 28, ""factor"": 3}, ""exit_ind"": {""adx_smoothing"": 14, ""adx_threshold"": 25, ""di_length"": 14}, ""vol"": {""cvi_len"": 43, ""roc_len"": 2}}","{""atr_len"": 42, ""atr_mult"": 1.1, ""be_pct"": 0.05, ""tp_mult"": 1.95, ""trail_arm"": 1.0, ""trail_mult"": 1.4}"
B|trend|parabolic_sar_signals|kuskus_starlight_signals|waddah_attar_explosion_volume_signals|sma_baseline,parabolic_sar_signals,kuskus_starlight_signals,waddah_attar_explosion_volume_signals,sma_baseline,trend,B,"{""base"": {""length"": 25}, ""c1"": {""sar_increment"": 0.00462, ""sar_maximum"": 0.070224, ""sar_start"": 0.02}, ""c2"": {""index_smooth"": 0.7, ""price_smooth"": 0.7, ""range_periods"": 3}, ""exit_ind"": {""adx_smoothing"": 14, ""adx_threshold"": 25, ""di_length"": 14}, ""vol"": {""bbLen"": 37, ""bbStd"": 20, ""fastEma"": 132, ""sensitivity"": 53, ""slowEma"": 14}}","{""atr_len"": 3, ""atr_mult"": 1.3, ""be_pct"": 0.18, ""tp_mult"": 2.3, ""trail_arm"": 1.15, ""trail_mult"": 1.4}"
B|trend|relative_vigor_index_signals|kuskus_starlight_signals|variance_volume_signals|lsma_baseline,relative_vigor_index_signals,kuskus_starlight_signals,variance_volume_signals,lsma_baseline,trend,B,"{""base"": {""length"": 57, ""lsma_offset"": 0}, ""c1"": {""len"": 2}, ""c2"": {""index_smooth"": 0.7, ""price_smooth"": 0.7, ""range_periods"": 130}, ""exit_ind"": {""adx_smoothing"": 14, ""adx_threshold"": 25, ""di_length"": 14}, ""vol"": {""ema_len"": 12, ""filter_lookback"": 7, ""hline"": 0, ""lookback"": 25}}","{""atr_len"": 46, ""atr_mult"": 1.37, ""be_pct"": 0.01, ""tp_mult"": 2.7, ""trail_arm"": 1.1, ""trail_mult"": 0.6}"
B|trend|supertrend_signals|relative_vigor_index_signals|chaikin_volatility_volume_signals|t3_baseline,supertrend_signals,relative_vigor_index_signals,chaikin_volatility_volume_signals,t3_baseline,trend,B,"{""base"": {""length"": 10, ""volume_factor"": 0.07}, ""c1"": {""atr_period"": 4, ""factor"": 2}, ""c2"": {""len"": 43}, ""exit_ind"": {""adx_smoothing"": 14, ""adx_threshold"": 25, ""di_length"": 14}, ""vol"": {""cvi_len"": 8, ""roc_len"": 6}}","{""atr_len"": 22, ""atr_mult"": 1.46, ""be_pct"": 0.05, ""tp_mult"": 2.25, ""trail_arm"": 1.1, ""trail_mult"": 1.5}"
B|trend|center_of_gravity_signals|kase_peak_oscillator_signals|chaikin_volatility_volume_signals|rma_baseline,center_of_gravity_signals,kase_peak_oscillator_signals,chaikin_volatility_volume_signals,rma_baseline,trend,B,"{""base"": {""ma_length"": 132}, ""c1"": {""length"": 10, ""signal_length"": 3}, ""c2"": {""long_cycle"": 185, ""sharpness"": 40, ""short_cycle"": 10}, ""exit_ind"": {""adx_smoothing"": 14, ""adx_threshold"": 25, ""di_length"": 14}, ""vol"": {""cvi_len"": 10, ""roc_len"": 10}}","{""atr_len"": 38, ""atr_mult"": 1.43, ""be_pct"": 0.01, ""tp_mult"": 2.5, ""trail_arm"": 1.5, ""trail_mult"": 0.65}"
B|trend|didi_index_signals|laguerre_filter_signals|variance_volume_signals|mcginley_dynamic_index,didi_index_signals,laguerre_filter_signals,variance_volume_signals,mcginley_dynamic_index,trend,B,"{""base"": {""mci_length"": 11}, ""c1"": {""long_p"": 25, ""medium"": 8}, ""c2"": {""alpha"": 0.2}, ""exit_ind"": {""adx_smoothing"": 14, ""adx_threshold"": 25, ""di_length"": 14}, ""vol"": {""ema_len"": 12, ""filter_lookback"": 7, ""hline"": 0, ""lookback"": 25}}","{""atr_len"": 38, ""atr_mult"": 1.44, ""be_pct"": 0.01, ""tp_mult"": 2.6, ""trail_arm"": 1.0, ""trail_mult"": 1.65}"
B|trend|dspo_signals|lemantrend_signals|choppiness_index_volume_signals|sma_baseline,dspo_signals,lemantrend_signals,choppiness_index_volume_signals,sma_baseline,trend,B,"{""base"": {""length"": 37}, ""c1"": {""len"": 26}, ""c2"": {""fast_period"": 34, ""medium_period"": 210, ""slow_period"": 16, ""smooth"": 13}, ""exit_ind"": {""adx_smoothing"": 14, ""adx_threshold"": 25, ""di_length"": 14}, ""vol"": {""ci_threshold"": 61.8, ""length"": 14}}","{""atr_len"": 23, ""atr_mult"": 1.49, ""be_pct"": 0.01, ""tp_mult"": 2.0, ""trail_arm"": 1.95, ""trail_mult"": 0.9}"
B|trend|fx_sniper_ergodic_cci_signals|volatility_quality_signals|variance_volume_signals|mcginley_dynamic_index,fx_sniper_ergodic_cci_signals,volatility_quality_signals,variance_volume_signals,mcginley_dynamic_index,trend,B,"{""base"": {""mci_length"": 11}, ""c1"": {""cci_length"": 14, ""ema1_length"": 5, ""ema2_length"": 3, ""trigger_length"": 9}, ""c2"": {""atr_pct"": 0.060835, ""smooth"": 19}, ""exit_ind"": {""adx_smoothing"": 14, ""adx_threshold"": 25, ""di_length"": 14}, ""vol"": {""ema_len"": 12, ""filter_lookback"": 37, ""hline"": 0, ""lookback"": 200}}","{""atr_len"": 2, ""atr_mult"": 1.05, ""be_pct"": 0.01, ""tp_mult"": 2.9, ""trail_arm"": 1.0, ""trail_mult"": 0.95}"
B|trend|kalman_filter_signals|schaff_trend_cycle_signals|efficiency_ratio_volume_signals|t3_baseline,kalman_filter_signals,schaff_trend_cycle_signals,efficiency_ratio_volume_signals,t3_baseline,trend,B,"{""base"": {""length"": 100, ""volume_factor"": 0.161709}, ""c1"": {""k"": 7, ""sharpness"": 1}, ""c2"": {""cycleLen"": 10, ""d1"": 3, ""d2"": 3, ""lowerBand"": 25, ""macdFast"": 43, ""macdSlow"": 329, ""stc_midline"": 50, ""upperBand"": 75}, ""exit_ind"": {""adx_smoothing"": 14, ""adx_threshold"": 25, ""di_length"": 14}, ""vol"": {""er_threshold"": 0.3, ""length"": 12}}","{""atr_len"": 29, ""atr_mult"": 1.0, ""be_pct"": 0.05, ""tp_mult"": 3.0, ""trail_arm"": 1.95, ""trail_mult"": 1.0}"
B|trend|laguerre_filter_signals|rex_oscillator_signals|chaikin_volatility_volume_signals|rma_baseline,laguerre_filter_signals,rex_oscillator_signals,chaikin_volatility_volume_signals,rma_baseline,trend,B,"{""base"": {""ma_length"": 7}, ""c1"": {""alpha"": 0.2}, ""c2"": {""almaOffset"": 0.85, ""almaSigma"": 6, ""framaFast"": 34, ""framaSlow"": 89, ""jurikPhase"": 1, ""jurikPower"": 1, ""lsOffset"": 0, ""modFBW"": 0.5, ""modFilter"": 0.8, ""sigAlmaOff"": 0.85, ""sigAlmaSig"": 6, ""sigFramaFast"": 34, ""sigFramaSlow"": 89, ""sigJurikPhase"": 1, ""sigJurikPower"": 1, ""sigLsOff"": 0, ""sigModFBW"": 0.5, ""sigModFilter"": 0.8, ""sigSmooth"": 22, ""sigVolAdj"": 10, ""smooth"": 14, ""volAdj"": 10}, ""exit_ind"": {""adx_smoothing"": 14, ""adx_threshold"": 25, ""di_length"": 14}, ""vol"": {""cvi_len"": 19, ""roc_len"": 4}}","{""atr_len"": 23, ""atr_mult"": 1.47, ""be_pct"": 0.04, ""tp_mult"": 1.3, ""trail_arm"": 2.0, ""trail_mult"": 0.5}"
B|trend|polychromatic_momentum_signals|qqe_mod_signals|efficiency_ratio_volume_signals|mcginley_dynamic_index,polychromatic_momentum_signals,qqe_mod_signals,efficiency_ratio_volume_signals,mcginley_dynamic_index,trend,B,"{""base"": {""mci_length"": 11}, ""c1"": {""len"": 14}, ""c2"": {""fast_factor"": 16.1, ""rsi_len"": 9, ""rsi_period"": 7}, ""exit_ind"": {""adx_smoothing"": 14, ""adx_threshold"": 25, ""di_length"": 14}, ""vol"": {""er_threshold"": 0.3, ""length"": 10}}","{""atr_len"": 3, ""atr_mult"": 1.46, ""be_pct"": 0.01, ""tp_mult"": 2.6, ""trail_arm"": 1.6, ""trail_mult"": 0.7}"
B|trend|rex_oscillator_signals|ichimoku_signals|variance_volume_signals|t3_baseline,rex_oscillator_signals,ichimoku_signals,variance_volume_signals,t3_baseline,trend,B,"{""base"": {""length"": 100, ""volume_factor"": 0.7}, ""c1"": {""almaOffset"": 0.85, ""almaSigma"": 6, ""framaFast"": 34, ""framaSlow"": 89, ""jurikPhase"": 1, ""jurikPower"": 1, ""lsOffset"": 0, ""modFBW"": 0.5, ""modFilter"": 0.8, ""sigAlmaOff"": 0.85, ""sigAlmaSig"": 6, ""sigFramaFast"": 34, ""sigFramaSlow"": 89, ""sigJurikPhase"": 1, ""sigJurikPower"": 1, ""sigLsOff"": 0, ""sigModFBW"": 0.5, ""sigModFilter"": 0.8, ""sigSmooth"": 41, ""sigVolAdj"": 10, ""smooth"": 5, ""volAdj"": 10}, ""c2"": {""base_len"": 14, ""conversion_len"": 9, ""displacement"": 26, ""span_b_len"": 52}, ""exit_ind"": {""adx_smoothing"": 14, ""adx_threshold"": 25, ""di_length"": 14}, ""vol"": {""ema_len"": 19, ""filter_lookback"": 20, ""hline"": 0, ""lookback"": 25}}","{""atr_len"": 50, ""atr_mult"": 1.25, ""be_pct"": 0.05, ""tp_mult"": 2.9, ""trail_arm"": 1.0, ""trail_mult"": 1.35}"
B|trend|supertrend_signals|bears_bulls_impulse_signals|fractal_dimension_volume_signals|alma_baseline,supertrend_signals,bears_bulls_impulse_signals,fractal_dimension_volume_signals,alma_baseline,trend,B,"{""base"": {""length"": 90, ""offset"": 3.679447, ""sigma"": 6}, ""c1"": {""atr_period"": 66, ""factor"": 9}, ""c2"": {""length"": 13}, ""exit_ind"": {""adx_smoothing"": 14, ""adx_threshold"": 25, ""di_length"": 14}, ""vol"": {""fd_threshold"": 1.5, ""length"": 3}}","{""atr_len"": 50, ""atr_mult"": 1.05, ""be_pct"": 0.05, ""tp_mult"": 2.55, ""trail_arm"": 2.0, ""trail_mult"": 0.7}"
B|trend|bears_bulls_impulse_signals|halftrend_signals|efficiency_ratio_volume_signals|tma_baseline,bears_bulls_impulse_signals,halftrend_signals,efficiency_ratio_volume_signals,tma_baseline,trend,B,"{""base"": {""length"": 37}, ""c1"": {""length"": 56}, ""c2"": {""amplitude"": 5}, ""exit_ind"": {""adx_smoothing"": 14, ""adx_threshold"": 25, ""di_length"": 14}, ""vol"": {""er_threshold"": 0.562145, ""length"": 4}}","{""atr_len"": 15, ""atr_mult"": 1.5, ""be_pct"": 0.01, ""tp_mult"": 3.0, ""trail_arm"": 2.0, ""trail_mult"": 1.7}"
B|trend|coppock_curve_signals|halftrend_signals|variance_volume_signals|tma_baseline,coppock_curve_signals,halftrend_signals,variance_volume_signals,tma_baseline,trend,B,"{""base"": {""length"": 25}, ""c1"": {""long_roc"": 14, ""short_roc"": 11, ""smooth_len"": 10}, ""c2"": {""amplitude"": 18}, ""exit_ind"": {""adx_smoothing"": 14, ""adx_threshold"": 25, ""di_length"": 14}, ""vol"": {""ema_len"": 19, ""filter_lookback"": 11, ""hline"": 0, ""lookback"": 20}}","{""atr_len"": 50, ""atr_mult"": 1.44, ""be_pct"": 0.01, ""tp_mult"": 2.75, ""trail_arm"": 1.0, ""trail_mult"": 1.5}"
B|trend|donchian_breakout_signals|supertrend_signals|variance_volume_signals|tma_baseline,donchian_breakout_signals,supertrend_signals,variance_volume_signals,tma_baseline,trend,B,"{""base"": {""length"": 20}, ""c1"": {""length"": 87}, ""c2"": {""atr_period"": 10, ""factor"": 2}, ""exit_ind"": {""adx_smoothing"": 14, ""adx_threshold"": 25, ""di_length"": 14}, ""vol"": {""ema_len"": 2, ""filter_lookback"": 87, ""hline"": 0, ""lookback"": 20}}","{""atr_len"": 13, ""atr_mult"": 1.42, ""be_pct"": 0.05, ""tp_mult"": 3.0, ""trail_arm"": 1.15, ""trail_mult"": 1.55}"
B|trend|fx_sniper_ergodic_cci_signals|ehlers_reverse_ema_signals|damiani_volatmeter_volume_signals|mcginley_dynamic_index,fx_sniper_ergodic_cci_signals,ehlers_reverse_ema_signals,damiani_volatmeter_volume_signals,mcginley_dynamic_index,trend,B,"{""base"": {""mci_length"": 5}, ""c1"": {""cci_length"": 3, ""ema1_length"": 6, ""ema2_length"": 3, ""trigger_length"": 22}, ""c2"": {""alpha"": 0.081113}, ""exit_ind"": {""adx_smoothing"": 14, ""adx_threshold"": 25, ""di_length"": 14}, ""vol"": {""lag"": 1.4, ""sedimentation"": 142, ""threshold"": 1.725985, ""viscosity"": 6}}","{""atr_len"": 43, ""atr_mult"": 1.35, ""be_pct"": 0.16, ""tp_mult"": 3.0, ""trail_arm"": 1.0, ""trail_mult"": 1.15}"
B|trend|ichimoku_signals|chandelier_exit_signals|chaikin_volatility_volume_signals|ema_baseline,ichimoku_signals,chandelier_exit_signals,chaikin_volatility_volume_signals,ema_baseline,trend,B,"{""base"": {""ma_length"": 132}, ""c1"": {""base_len"": 26, ""conversion_len"": 11, ""displacement"": 32, ""span_b_len"": 64}, ""c2"": {""atr_mult"": 6, ""atr_period"": 63}, ""exit_ind"": {""adx_smoothing"": 14, ""adx_threshold"": 25, ""di_length"": 14}, ""vol"": {""cvi_len"": 12, ""roc_len"": 15}}","{""atr_len"": 50, ""atr_mult"": 1.0, ""be_pct"": 0.05, ""tp_mult"": 2.8, ""trail_arm"": 2.0, ""trail_mult"": 0.5}"
B|trend|laguerre_filter_signals|vortex_signals|variance_volume_signals|rma_baseline,laguerre_filter_signals,vortex_signals,variance_volume_signals,rma_baseline,trend,B,"{""base"": {""ma_length"": 16}, ""c1"": {""alpha"": 0.106734}, ""c2"": {""period"": 14}, ""exit_ind"": {""adx_smoothing"": 14, ""adx_threshold"": 25, ""di_length"": 14}, ""vol"": {""ema_len"": 19, ""filter_lookback"": 7, ""hline"": 0, ""lookback"": 200}}","{""atr_len"": 28, ""atr_mult"": 1.49, ""be_pct"": 0.05, ""tp_mult"": 3.0, ""trail_arm"": 1.15, ""trail_mult"": 1.4}"
B|trend|polychromatic_momentum_signals|ssl_channel_signals|chaikin_volatility_volume_signals|kama_baseline,polychromatic_momentum_signals,ssl_channel_signals,chaikin_volatility_volume_signals,kama_baseline,trend,B,"{""base"": {""fast_length"": 2, ""length"": 66, ""slow_length"": 30}, ""c1"": {""len"": 14}, ""c2"": {""len"": 12}, ""exit_ind"": {""adx_smoothing"": 14, ""adx_threshold"": 25, ""di_length"": 14}, ""vol"": {""cvi_len"": 66, ""roc_len"": 120}}","{""atr_len"": 50, ""atr_mult"": 1.5, ""be_pct"": 0.17, ""tp_mult"": 1.5, ""trail_arm"": 2.0, ""trail_mult"": 0.7}"
B|trend|rex_oscillator_signals|supertrend_signals|vertical_horizontal_filter_volume_signals|sma_baseline,rex_oscillator_signals,supertrend_signals,vertical_horizontal_filter_volume_signals,sma_baseline,trend,B,"{""base"": {""length"": 200}, ""c1"": {""almaOffset"": 0.85, ""almaSigma"": 6, ""framaFast"": 34, ""framaSlow"": 89, ""jurikPhase"": 1, ""jurikPower"": 1, ""lsOffset"": 0, ""modFBW"": 0.5, ""modFilter"": 0.8, ""sigAlmaOff"": 0.85, ""sigAlmaSig"": 6, ""sigFramaFast"": 34, ""sigFramaSlow"": 89, ""sigJurikPhase"": 1, ""sigJurikPower"": 1, ""sigLsOff"": 0, ""sigModFBW"": 0.5, ""sigModFilter"": 0.8, ""sigSmooth"": 145, ""sigVolAdj"": 10, ""smooth"": 14, ""volAdj"": 10}, ""c2"": {""atr_period"": 10, ""factor"": 6}, ""exit_ind"": {""adx_smoothing"": 14, ""adx_threshold"": 25, ""di_length"": 14}, ""vol"": {""length"": 3, ""vhf_threshold"": 0.431496}}","{""atr_len"": 27, ""atr_mult"": 1.2, ""be_pct"": 0.05, ""tp_mult"": 2.75, ""trail_arm"": 1.0, ""trail_mult"": 1.25}"
B|trend|vortex_signals|j_tpo_signals|efficiency_ratio_volume_signals|tma_baseline,vortex_signals,j_tpo_signals,efficiency_ratio_volume_signals,tma_baseline,trend,B,"{""base"": {""length"": 20}, ""c1"": {""period"": 5}, ""c2"": {""ema_len"": 200, ""len"": 49}, ""exit_ind"": {""adx_smoothing"": 14, ""adx_threshold"": 25, ""di_length"": 14}, ""vol"": {""er_threshold"": 0.3, ""length"": 43}}","{""atr_len"": 46, ""atr_mult"": 1.38, ""be_pct"": 0.05, ""tp_mult"": 3.0, ""trail_arm"": 1.3, ""trail_mult"": 2.0}"
B|trend|center_of_gravity_signals|supertrend_signals|efficiency_ratio_volume_signals|kama_baseline,center_of_gravity_signals,supertrend_signals,efficiency_ratio_volume_signals,kama_baseline,trend,B,"{""base"": {""fast_length"": 2, ""length"": 10, ""slow_length"": 130}, ""c1"": {""length"": 10, ""signal_length"": 3}, ""c2"": {""atr_period"": 19, ""factor"": 13}, ""exit_ind"": {""adx_smoothing"": 14, ""adx_threshold"": 25, ""di_length"": 14}, ""vol"": {""er_threshold"": 0.3, ""length"": 43}}","{""atr_len"": 33, ""atr_mult"": 1.25, ""be_pct"": 0.08, ""tp_mult"": 2.6, ""trail_arm"": 1.2, ""trail_mult"": 1.85}"
B|trend|donchian_breakout_signals|relative_vigor_index_signals|damiani_volatmeter_volume_signals|rma_baseline,donchian_breakout_signals,relative_vigor_index_signals,damiani_volatmeter_volume_signals,rma_baseline,trend,B,"{""base"": {""ma_length"": 57}, ""c1"": {""length"": 16}, ""c2"": {""len"": 10}, ""exit_ind"": {""adx_smoothing"": 14, ""adx_threshold"": 25, ""di_length"": 14}, ""vol"": {""lag"": 1.4, ""sedimentation"": 142, ""threshold"": 1.4, ""viscosity"": 7}}","{""atr_len"": 28, ""atr_mult"": 1.25, ""be_pct"": 0.01, ""tp_mult"": 2.4, ""trail_arm"": 1.0, ""trail_mult"": 0.65}"
B|trend|fx_sniper_ergodic_cci_signals|mama_fama_signals|chaikin_volatility_volume_signals|wma_baseline,fx_sniper_ergodic_cci_signals,mama_fama_signals,chaikin_volatility_volume_signals,wma_baseline,trend,B,"{""base"": {""ma_length"": 37}, ""c1"": {""cci_length"": 17, ""ema1_length"": 3, ""ema2_length"": 3, ""trigger_length"": 22}, ""c2"": {""fast_limit"": 0.17556, ""slow_limit"": 0.040557}, ""exit_ind"": {""adx_smoothing"": 14, ""adx_threshold"": 25, ""di_length"": 14}, ""vol"": {""cvi_len"": 12, ""roc_len"": 3}}","{""atr_len"": 30, ""atr_mult"": 1.45, ""be_pct"": 0.01, ""tp_mult"": 2.95, ""trail_arm"": 1.25, ""trail_mult"": 1.4}"
B|trend|j_tpo_signals|laguerre_filter_signals|efficiency_ratio_volume_signals|ema_baseline,j_tpo_signals,laguerre_filter_signals,efficiency_ratio_volume_signals,ema_baseline,trend,B,"{""base"": {""ma_length"": 25}, ""c1"": {""ema_len"": 200, ""len"": 21}, ""c2"": {""alpha"": 0.2}, ""exit_ind"": {""adx_smoothing"": 14, ""adx_threshold"": 25, ""di_length"": 14}, ""vol"": {""er_threshold"": 0.3, ""length"": 10}}","{""atr_len"": 12, ""atr_mult"": 1.0, ""be_pct"": 0.19, ""tp_mult"": 2.4, ""trail_arm"": 1.1, ""trail_mult"": 1.0}"
B|trend|laguerre_filter_signals|supertrend_signals|chaikin_volatility_volume_signals|wma_baseline,laguerre_filter_signals,supertrend_signals,chaikin_volatility_volume_signals,wma_baseline,trend,B,"{""base"": {""ma_length"": 200}, ""c1"": {""alpha"": 0.162226}, ""c2"": {""atr_period"": 10, ""factor"": 6}, ""exit_ind"": {""adx_smoothing"": 14, ""adx_threshold"": 25, ""di_length"": 14}, ""vol"": {""cvi_len"": 12, ""roc_len"": 15}}","{""atr_len"": 42, ""atr_mult"": 1.0, ""be_pct"": 0.05, ""tp_mult"": 2.5, ""trail_arm"": 2.0, ""trail_mult"": 0.5}"
B|trend|polychromatic_momentum_signals|coral_signals|chaikin_volatility_volume_signals|fantail_vma,polychromatic_momentum_signals,coral_signals,chaikin_volatility_volume_signals,fantail_vma,trend,B,"{""base"": {""fma_adx_length"": 2, ""fma_ma_length"": 5, ""fma_weighting"": 12}, ""c1"": {""len"": 14}, ""c2"": {""const_d"": 3, ""smooth_period"": 8}, ""exit_ind"": {""adx_smoothing"": 14, ""adx_threshold"": 25, ""di_length"": 14}, ""vol"": {""cvi_len"": 19, ""roc_len"": 10}}","{""atr_len"": 35, ""atr_mult"": 1.4, ""be_pct"": 0.03, ""tp_mult"": 1.75, ""trail_arm"": 1.05, ""trail_mult"": 1.25}"
B|trend|qqe_mod_signals|ssl_channel_signals|variance_volume_signals|kama_baseline,qqe_mod_signals,ssl_channel_signals,variance_volume_signals,kama_baseline,trend,B,"{""base"": {""fast_length"": 2, ""length"": 19, ""slow_length"": 85}, ""c1"": {""fast_factor"": 1.61, ""rsi_len"": 5, ""rsi_period"": 7}, ""c2"": {""len"": 66}, ""exit_ind"": {""adx_smoothing"": 14, ""adx_threshold"": 25, ""di_length"": 14}, ""vol"": {""ema_len"": 19, ""filter_lookback"": 16, ""hline"": 0, ""lookback"": 132}}","{""atr_len"": 8, ""atr_mult"": 1.48, ""be_pct"": 0.01, ""tp_mult"": 1.9, ""trail_arm"": 1.15, ""trail_mult"": 1.75}"
B|trend|schaff_trend_cycle_signals|kase_peak_oscillator_signals|efficiency_ratio_volume_signals|ema_baseline,schaff_trend_cycle_signals,kase_peak_oscillator_signals,efficiency_ratio_volume_signals,ema_baseline,trend,B,"{""base"": {""ma_length"": 20}, ""c1"": {""cycleLen"": 28, ""d1"": 3, ""d2"": 3, ""lowerBand"": 47, ""macdFast"": 100, ""macdSlow"": 50, ""stc_midline"": 62, ""upperBand"": 61}, ""c2"": {""long_cycle"": 53, ""sharpness"": 40, ""short_cycle"": 8}, ""exit_ind"": {""adx_smoothing"": 14, ""adx_threshold"": 25, ""di_length"": 14}, ""vol"": {""er_threshold"": 0.243339, ""length"": 10}}","{""atr_len"": 50, ""atr_mult"": 1.25, ""be_pct"": 0.05, ""tp_mult"": 2.6, ""trail_arm"": 1.8, ""trail_mult"": 1.5}"
B|trend|vortex_signals|dpo_signals|efficiency_ratio_volume_signals|ema_baseline,vortex_signals,dpo_signals,efficiency_ratio_volume_signals,ema_baseline,trend,B,"{""base"": {""ma_length"": 20}, ""c1"": {""period"": 7}, ""c2"": {""len"": 94}, ""exit_ind"": {""adx_smoothing"": 14, ""adx_threshold"": 25, ""di_length"": 14}, ""vol"": {""er_threshold"": 0.243339, ""length"": 12}}","{""atr_len"": 31, ""atr_mult"": 1.44, ""be_pct"": 0.05, ""tp_mult"": 3.0, ""trail_arm"": 2.0, ""trail_mult"": 0.85}"
B|trend|center_of_gravity_signals|coppock_curve_signals|variance_volume_signals|wma_baseline,center_of_gravity_signals,coppock_curve_signals,variance_volume_signals,wma_baseline,trend,B,"{""base"": {""ma_length"": 37}, ""c1"": {""length"": 10, ""signal_length"": 3}, ""c2"": {""long_roc"": 17, ""short_roc"": 3, ""smooth_len"": 10}, ""exit_ind"": {""adx_smoothing"": 14, ""adx_threshold"": 25, ""di_length"": 14}, ""vol"": {""ema_len"": 10, ""filter_lookback"": 16, ""hline"": 0, ""lookback"": 132}}","{""atr_len"": 12, ""atr_mult"": 1.49, ""be_pct"": 0.01, ""tp_mult"": 2.3, ""trail_arm"": 1.0, ""trail_mult"": 0.6}"
B|trend|didi_index_signals|mama_fama_signals|variance_volume_signals|wma_baseline,didi_index_signals,mama_fama_signals,variance_volume_signals,wma_baseline,trend,B,"{""base"": {""ma_length"": 20}, ""c1"": {""long_p"": 87, ""medium"": 53}, ""c2"": {""fast_limit"": 0.616423, ""slow_limit"": 0.142402}, ""exit_ind"": {""adx_smoothing"": 14, ""adx_threshold"": 25, ""di_length"": 14}, ""vol"": {""ema_len"": 8, ""filter_lookback"": 7, ""hline"": 0, ""lookback"": 200}}","{""atr_len"": 45, ""atr_mult"": 1.0, ""be_pct"": 0.01, ""tp_mult"": 2.9, ""trail_arm"": 1.55, ""trail_mult"": 1.65}"
B|trend|ehlers_reverse_ema_signals|ssl_channel_signals|chaikin_volatility_volume_signals|mcginley_dynamic_index,ehlers_reverse_ema_signals,ssl_channel_signals,chaikin_volatility_volume_signals,mcginley_dynamic_index,trend,B,"{""base"": {""mci_length"": 40}, ""c1"": {""alpha"": 0.035112}, ""c2"": {""len"": 4}, ""exit_ind"": {""adx_smoothing"": 14, ""adx_threshold"": 25, ""di_length"": 14}, ""vol"": {""cvi_len"": 100, ""roc_len"": 2}}","{""atr_len"": 50, ""atr_mult"": 1.44, ""be_pct"": 0.05, ""tp_mult"": 2.85, ""trail_arm"": 1.85, ""trail_mult"": 0.5}"
B|trend|kase_peak_oscillator_signals|fx_sniper_ergodic_cci_signals|chaikin_volatility_volume_signals|t3_baseline,kase_peak_oscillator_signals,fx_sniper_ergodic_cci_signals,chaikin_volatility_volume_signals,t3_baseline,trend,B,"{""base"": {""length"": 12, ""volume_factor"": 0.7}, ""c1"": {""long_cycle"": 53, ""sharpness"": 40, ""short_cycle"": 35}, ""c2"": {""cci_length"": 26, ""ema1_length"": 5, ""ema2_length"": 4, ""trigger_length"": 4}, ""exit_ind"": {""adx_smoothing"": 14, ""adx_threshold"": 25, ""di_length"": 14}, ""vol"": {""cvi_len"": 19, ""roc_len"": 2}}","{""atr_len"": 4, ""atr_mult"": 1.05, ""be_pct"": 0.14, ""tp_mult"": 2.7, ""trail_arm"": 1.8, ""trail_mult"": 1.95}"
B|trend|polychromatic_momentum_signals|linreg_slope_signals|choppiness_index_volume_signals|tma_baseline,polychromatic_momentum_signals,linreg_slope_signals,choppiness_index_volume_signals,tma_baseline,trend,B,"{""base"": {""length"": 37}, ""c1"": {""len"": 92}, ""c2"": {""length"": 17, ""r2_floor"": 0.2}, ""exit_ind"": {""adx_smoothing"": 14, ""adx_threshold"": 25, ""di_length"": 14}, ""vol"": {""ci_threshold"": 61.8, ""length"": 26}}","{""atr_len"": 3, ""atr_mult"": 1.46, ""be_pct"": 0.01, ""tp_mult"": 2.95, ""trail_arm"": 1.3, ""trail_mult"": 0.7}"
B|trend|rex_oscillator_signals|price_momentum_oscillator_signals|efficiency_ratio_volume_signals|wma_baseline,rex_oscillator_signals,price_momentum_oscillator_signals,efficiency_ratio_volume_signals,wma_baseline,trend,B,"{""base"": {""ma_length"": 37}, ""c1"": {""almaOffset"": 0.85, ""almaSigma"": 6, ""framaFast"": 34, ""framaSlow"": 89, ""jurikPhase"": 1, ""jurikPower"": 1, ""lsOffset"": 0, ""modFBW"": 0.5, ""modFilter"": 0.8, ""sigAlmaOff"": 0.85, ""sigAlmaSig"": 6, ""sigFramaFast"": 34, ""sigFramaSlow"": 89, ""sigJurikPhase"": 1, ""sigJurikPower"": 1, ""sigLsOff"": 0, ""sigModFBW"": 0.5, ""sigModFilter"": 0.8, ""sigSmooth"": 2, ""sigVolAdj"": 10, ""smooth"": 26, ""volAdj"": 10}, ""c2"": {""s1"": 35, ""s2"": 20, ""sig"": 10}, ""exit_ind"": {""adx_smoothing"": 14, ""adx_threshold"": 25, ""di_length"": 14}, ""vol"": {""er_threshold"": 0.369854, ""length"": 10}}","{""atr_len"": 6, ""atr_mult"": 1.0, ""be_pct"": 0.01, ""tp_mult"": 2.45, ""trail_arm"": 1.25, ""trail_mult"": 0.5}"
B|trend|volatility_quality_signals|dpo_signals|efficiency_ratio_volume_signals|wma_baseline,volatility_quality_signals,dpo_signals,efficiency_ratio_volume_signals,wma_baseline,trend,B,"{""base"": {""ma_length"": 37}, ""c1"": {""atr_pct"": 0.075, ""smooth"": 12}, ""c2"": {""len"": 27}, ""exit_ind"": {""adx_smoothing"": 14, ""adx_threshold"": 25, ""di_length"": 14}, ""vol"": {""er_threshold"": 0.243339, ""length"": 43}}","{""atr_len"": 48, ""atr_mult"": 1.25, ""be_pct"": 0.1, ""tp_mult"": 2.55, ""trail_arm"": 1.75, ""trail_mult"": 1.5}"
