c1,c2,vol,base,exit_ind,slice,mode,crosses_label,expectancy_R,total_R,profit_factor,win_rate,sharpe,sortino,max_dd_R,ulcer_R,calmar,n_blind,n_w2,n_w3,risk_atr_len,risk_atr_mult,risk_be_pct,risk_tp_mult,risk_trail_arm,risk_trail_mult,ip2,ip1,risk1,stage,stage_w1,cheap_gain_R,base_R_w1w2,final_R_w1w2,cheap_ip,cheap_risk,cheap_ip_w1,cheap_risk_w1,cheap_gain_R_w1,resumed,src_file,floor_p5,W1_exp,W1_n,W1_pf,W2_exp,W2_n,W2_pf,W3_exp,W3_n,W3_pf,scored,margin_worst_R,margin_mean_R
kuskus_starlight_signals,fisher_transform_signals,damiani_volatmeter_volume_signals,fantail_vma,adx_dmi_exit,trend,A,False,-0.2828459310012896,-39.03273847817796,0.3348993804742067,0.1304347826086956,-7.673222911070118,-73.81499581504555,41.716692309929336,23.241534342274143,-0.935662352810447,138,74,64,40,1.0,0.01,3.0,1.35,1.95,"{""base"": {""fma_adx_length"": 2, ""fma_ma_length"": 17, ""fma_weighting"": 10}, ""c1"": {""index_smooth"": 0.7, ""price_smooth"": 0.7, ""range_periods"": 197}, ""c2"": {""length"": 5}, ""exit_ind"": {""adx_smoothing"": 14, ""adx_threshold"": 25, ""di_length"": 14}, ""vol"": {""lag"": 1.4, ""sedimentation"": 62, ""threshold"": 1.725985, ""viscosity"": 7}}","{""base"": {""fma_adx_length"": 2, ""fma_ma_length"": 3, ""fma_weighting"": 8}, ""c1"": {""index_smooth"": 0.862993, ""price_smooth"": 0.161709, ""range_periods"": 30}, ""c2"": {""length"": 10}, ""exit_ind"": {""adx_smoothing"": 14, ""adx_threshold"": 25, ""di_length"": 14}, ""vol"": {""lag"": 1.4, ""sedimentation"": 142, ""threshold"": 1.725985, ""viscosity"": 7}}","{""atr_len"": 39, ""atr_mult"": 1.0, ""be_pct"": 0.05, ""tp_mult"": 3.0, ""trail_arm"": 1.35, ""trail_mult"": 1.15}",full,full,,0.139057004133254,0.4643463827823707,,,,,,False,gate2_tuned_modeA_trend.csv,-0.079791769928434,0.6254504572373826,152,3.31874315853859,-0.2923836101954447,74,0.2949323807746234,-0.2718179894330477,64,0.3787017384387486,True,0.19202621950461368,0.20230902988581217
coppock_curve_signals,lemantrend_signals,variance_volume_signals,kama_baseline,adx_dmi_exit,trend,A,False,-0.25366959468964,-38.050439203446,0.3289840441711771,0.16,-7.725687983037227,-30.50207013101863,39.96319268960527,23.88759198180841,-0.952137120249234,150,86,64,46,1.0,0.01,3.0,1.0,1.45,"{""base"": {""fast_length"": 2, ""length"": 12, ""slow_length"": 11}, ""c1"": {""long_roc"": 92, ""short_roc"": 3, ""smooth_len"": 10}, ""c2"": {""fast_period"": 340, ""medium_period"": 21, ""slow_period"": 3, ""smooth"": 3}, ""exit_ind"": {""adx_smoothing"": 14, ""adx_threshold"": 25, ""di_length"": 14}, ""vol"": {""ema_len"": 19, ""filter_lookback"": 11, ""hline"": 0, ""lookback"": 16}}","{""base"": {""fast_length"": 2, ""length"": 12, ""slow_length"": 37}, ""c1"": {""long_roc"": 92, ""short_roc"": 21, ""smooth_len"": 12}, ""c2"": {""fast_period"": 42, ""medium_period"": 21, ""slow_period"": 24, ""smooth"": 2}, ""exit_ind"": {""adx_smoothing"": 14, ""adx_threshold"": 25, ""di_length"": 14}, ""vol"": {""ema_len"": 10, ""filter_lookback"": 20, ""hline"": 0, ""lookback"": 57}}","{""atr_len"": 2, ""atr_mult"": 1.1, ""be_pct"": 0.05, ""tp_mult"": 3.0, ""trail_arm"": 1.6, ""trail_mult"": 1.0}",full,full,,0.0041985550424911,0.4452861558335886,,,,,,False,gate2_tuned_modeA_trend.csv,-0.079791769928434,0.5057479610671145,100,3.51844679986078,-0.2545684659309546,86,0.3080023351792959,-0.2524617364591236,64,0.3554636293487759,True,0.1726699665306896,0.1737233312666051
qqe_mod_signals,vortex_signals,variance_volume_signals,rma_baseline,adx_dmi_exit,trend,A,False,-0.2489814955730736,-45.812595185445545,0.3891653975273929,0.1847826086956521,-6.39286090788807,,48.15497195796171,27.227197681243354,-0.951357530130824,184,134,50,2,1.0,0.05,3.0,1.6,2.0,"{""base"": {""ma_length"": 11}, ""c1"": {""fast_factor"": 10.592725, ""rsi_len"": 9, ""rsi_period"": 6}, ""c2"": {""period"": 14}, ""exit_ind"": {""adx_smoothing"": 14, ""adx_threshold"": 25, ""di_length"": 14}, ""vol"": {""ema_len"": 10, ""filter_lookback"": 200, ""hline"": 0, ""lookback"": 20}}","{""base"": {""ma_length"": 25}, ""c1"": {""fast_factor"": 16.1, ""rsi_len"": 5, ""rsi_period"": 5}, ""c2"": {""period"": 11}, ""exit_ind"": {""adx_smoothing"": 14, ""adx_threshold"": 25, ""di_length"": 14}, ""vol"": {""ema_len"": 10, ""filter_lookback"": 7, ""hline"": 0, ""lookback"": 200}}","{""atr_len"": 9, ""atr_mult"": 1.0, ""be_pct"": 0.01, ""tp_mult"": 2.9, ""trail_arm"": 1.65, ""trail_mult"": 1.35}",full,full,,0.0502778782830283,1.1727675463823988,,,,,,False,gate2_tuned_modeA_trend.csv,-0.079791769928434,0.504056830714704,132,3.293161935261571,-0.2442052551224175,134,0.405027196610837,-0.2617818199808318,50,0.3455454500479213,True,0.16441348519398352,0.17320176762319062
bears_bulls_impulse_signals,halftrend_signals,chaikin_volatility_volume_signals,t3_baseline,adx_dmi_exit,trend,A,False,-0.260010393465073,-46.281850036783005,0.3581097706195532,0.146067415730337,-7.159445376270259,-44.66261063176458,50.791761419669825,30.24914874720979,-0.9112078168421168,178,66,112,16,1.0,0.01,2.8,1.95,1.95,"{""base"": {""length"": 28, ""volume_factor"": 0.567792}, ""c1"": {""length"": 16}, ""c2"": {""amplitude"": 18}, ""exit_ind"": {""adx_smoothing"": 14, ""adx_threshold"": 25, ""di_length"": 14}, ""vol"": {""cvi_len"": 19, ""roc_len"": 12}}","{""base"": {""length"": 28, ""volume_factor"": 0.373569}, ""c1"": {""length"": 24}, ""c2"": {""amplitude"": 18}, ""exit_ind"": {""adx_smoothing"": 14, ""adx_threshold"": 25, ""di_length"": 14}, ""vol"": {""cvi_len"": 100, ""roc_len"": 4}}","{""atr_len"": 36, ""atr_mult"": 1.0, ""be_pct"": 0.01, ""tp_mult"": 2.5, ""trail_arm"": 1.0, ""trail_mult"": 1.65}",full,full,,0.1769196315205778,0.5875920722280145,,,,,,False,gate2_tuned_modeA_trend.csv,-0.079791769928434,0.4578259329755942,100,2.8999374290620343,-0.2942209209042371,66,0.2642969659995408,-0.2398506183669942,112,0.4122831965711821,True,0.16005884843856022,0.18724399970718164
ichimoku_signals,fx_sniper_ergodic_cci_signals,fractal_dimension_volume_signals,alma_baseline,adx_dmi_exit,trend,A,False,-0.2629858082572129,-31.55829699086555,0.381209862924205,0.125,-6.8617979496833374,,33.5518053896459,19.664410975049083,-0.9405841689998732,120,64,56,2,1.0,0.05,3.0,1.85,1.6,"{""base"": {""length"": 9, ""offset"": 0.85, ""sigma"": 6}, ""c1"": {""base_len"": 21, ""conversion_len"": 9, ""displacement"": 113, ""span_b_len"": 520}, ""c2"": {""cci_length"": 17, ""ema1_length"": 5, ""ema2_length"": 3, ""trigger_length"": 5}, ""exit_ind"": {""adx_smoothing"": 14, ""adx_threshold"": 25, ""di_length"": 14}, ""vol"": {""fd_threshold"": 1.5, ""length"": 24}}","{""base"": {""length"": 9, ""offset"": 1.592745, ""sigma"": 26}, ""c1"": {""base_len"": 74, ""conversion_len"": 39, ""displacement"": 6, ""span_b_len"": 148}, ""c2"": {""cci_length"": 14, ""ema1_length"": 5, ""ema2_length"": 2, ""trigger_length"": 5}, ""exit_ind"": {""adx_smoothing"": 14, ""adx_threshold"": 25, ""di_length"": 14}, ""vol"": {""fd_threshold"": 1.5, ""length"": 5}}","{""atr_len"": 42, ""atr_mult"": 1.0, ""be_pct"": 0.01, ""tp_mult"": 2.6, ""trail_arm"": 1.65, ""trail_mult"": 0.5}",full,full,,0.2478730396840932,2.1724970513585578,,,,,,False,gate2_tuned_modeA_trend.csv,-0.079791769928434,0.4352870931665625,104,2.8862440703884387,-0.2351844592132167,64,0.4425257263094122,-0.2947587785932086,56,0.3122295166158471,True,0.15539268928478273,0.18517984897477863
schaff_trend_cycle_signals,dpo_signals,efficiency_ratio_volume_signals,kama_baseline,adx_dmi_exit,trend,A,False,-0.2683579746206386,-40.2536961930958,0.3306682938450332,0.1266666666666666,-7.4629298151755075,-38.28927175647902,39.75369619309581,21.25206179144887,-1.0125774468258582,150,94,56,2,1.0,0.01,2.1,1.0,1.55,"{""base"": {""fast_length"": 2, ""length"": 19, ""slow_length"": 11}, ""c1"": {""cycleLen"": 12, ""d1"": 3, ""d2"": 3, ""lowerBand"": 2, ""macdFast"": 23, ""macdSlow"": 50, ""stc_midline"": 41, ""upperBand"": 75}, ""c2"": {""len"": 142}, ""exit_ind"": {""adx_smoothing"": 14, ""adx_threshold"": 25, ""di_length"": 14}, ""vol"": {""er_threshold"": 0.369854, ""length"": 10}}","{""base"": {""fast_length"": 2, ""length"": 12, ""slow_length"": 85}, ""c1"": {""cycleLen"": 12, ""d1"": 2, ""d2"": 13, ""lowerBand"": 2, ""macdFast"": 23, ""macdSlow"": 142, ""stc_midline"": 62, ""upperBand"": 75}, ""c2"": {""len"": 50}, ""exit_ind"": {""adx_smoothing"": 14, ""adx_threshold"": 25, ""di_length"": 14}, ""vol"": {""er_threshold"": 0.562145, ""length"": 4}}","{""atr_len"": 34, ""atr_mult"": 1.0, ""be_pct"": 0.19, ""tp_mult"": 2.95, ""trail_arm"": 1.05, ""trail_mult"": 1.2}",full,full,,0.1754645806929118,1.240922413561129,,,,,,False,gate2_tuned_modeA_trend.csv,-0.079791769928434,0.5679114951294431,100,3.574024966200363,-0.2293135741249808,94,0.4414731316745272,-0.3338967897383503,56,0.1321996987484601,True,0.14952180419654681,0.20181341200323155
bears_bulls_impulse_signals,price_momentum_oscillator_signals,chaikin_volatility_volume_signals,ema_baseline,adx_dmi_exit,trend,A,False,-0.2454651327200044,-48.60209627856087,0.3783119459791798,0.1363636363636363,-6.694241134264543,-36.375402581749334,50.73052282455078,27.933394129268073,-0.9580444586910531,198,98,100,28,1.05,0.05,2.7,1.0,2.0,"{""base"": {""ma_length"": 37}, ""c1"": {""length"": 16}, ""c2"": {""s1"": 152, ""s2"": 20, ""sig"": 10}, ""exit_ind"": {""adx_smoothing"": 14, ""adx_threshold"": 25, ""di_length"": 14}, ""vol"": {""cvi_len"": 28, ""roc_len"": 12}}","{""base"": {""ma_length"": 132}, ""c1"": {""length"": 11}, ""c2"": {""s1"": 43, ""s2"": 20, ""sig"": 10}, ""exit_ind"": {""adx_smoothing"": 14, ""adx_threshold"": 25, ""di_length"": 14}, ""vol"": {""cvi_len"": 43, ""roc_len"": 15}}","{""atr_len"": 50, ""atr_mult"": 1.0, ""be_pct"": 0.05, ""tp_mult"": 3.0, ""trail_arm"": 1.9, ""trail_mult"": 0.5}",full,full,,0.1838797852744363,0.4584024433950447,,,,,,False,gate2_tuned_modeA_trend.csv,-0.079791769928434,0.4267633037470598,104,2.5581045087204517,-0.227111525839429,98,0.4140572964679802,-0.2634516674629683,100,0.3445302571445893,True,0.147319755910995,0.16548982672276463
vortex_signals,didi_index_signals,variance_volume_signals,rma_baseline,adx_dmi_exit,trend,A,False,-0.2303929834728212,-36.862877355651406,0.405241486474418,0.175,-6.3702239520975406,-36.805394319161735,38.880948191122954,22.28121410782105,-0.9480961517308804,160,94,66,2,1.0,0.17,2.9,1.15,2.0,"{""base"": {""ma_length"": 11}, ""c1"": {""period"": 140}, ""c2"": {""long_p"": 2, ""medium"": 8}, ""exit_ind"": {""adx_smoothing"": 14, ""adx_threshold"": 25, ""di_length"": 14}, ""vol"": {""ema_len"": 8, ""filter_lookback"": 200, ""hline"": 0, ""lookback"": 20}}","{""base"": {""ma_length"": 200}, ""c1"": {""period"": 17}, ""c2"": {""long_p"": 20, ""medium"": 6}, ""exit_ind"": {""adx_smoothing"": 14, ""adx_threshold"": 25, ""di_length"": 14}, ""vol"": {""ema_len"": 2, ""filter_lookback"": 20, ""hline"": 0, ""lookback"": 200}}","{""atr_len"": 4, ""atr_mult"": 1.1, ""be_pct"": 0.05, ""tp_mult"": 3.0, ""trail_arm"": 1.45, ""trail_mult"": 0.8}",full,full,,0.0744995580626153,0.6114816282761347,,,,,,False,gate2_tuned_modeA_trend.csv,-0.079791769928434,0.4671337670499596,108,3.5082636253576234,-0.2266699610532971,94,0.3956574044806422,-0.2356954699491131,66,0.4178859967699467,True,0.1468781911248631,0.1513909455727711
halftrend_signals,fx_sniper_ergodic_cci_signals,fractal_dimension_volume_signals,wma_baseline,adx_dmi_exit,trend,A,False,-0.2418144297118763,-36.272164456781454,0.3670395506987013,0.1666666666666666,-6.8681203957478925,-44.1776860412984,36.63100861133313,21.29327413542611,-0.9902038145233966,150,86,64,4,1.0,0.05,1.6,1.1,1.5,"{""base"": {""ma_length"": 25}, ""c1"": {""amplitude"": 27}, ""c2"": {""cci_length"": 26, ""ema1_length"": 6, ""ema2_length"": 3, ""trigger_length"": 6}, ""exit_ind"": {""adx_smoothing"": 14, ""adx_threshold"": 25, ""di_length"": 14}, ""vol"": {""fd_threshold"": 1.5, ""length"": 11}}","{""base"": {""ma_length"": 87}, ""c1"": {""amplitude"": 50}, ""c2"": {""cci_length"": 26, ""ema1_length"": 5, ""ema2_length"": 3, ""trigger_length"": 3}, ""exit_ind"": {""adx_smoothing"": 14, ""adx_threshold"": 25, ""di_length"": 14}, ""vol"": {""fd_threshold"": 1.5, ""length"": 11}}","{""atr_len"": 2, ""atr_mult"": 1.0, ""be_pct"": 0.01, ""tp_mult"": 2.45, ""trail_arm"": 2.0, ""trail_mult"": 1.1}",full,full,,0.1544793839716389,1.31562034783934,,,,,,False,gate2_tuned_modeA_trend.csv,-0.079791769928434,0.4182090006403046,102,2.750026187068711,-0.254588137407554,86,0.3918172273041768,-0.2246497599958092,64,0.3251727515941548,True,0.1448579900673752,0.1598271787732476
halftrend_signals,rex_oscillator_signals,chaikin_volatility_volume_signals,rma_baseline,adx_dmi_exit,trend,A,False,-0.2271790635671605,-41.34658956922321,0.423526692135005,0.1483516483516483,-5.626683857939865,-37.47720576459711,47.09507136650038,27.36376405485913,-0.8779387814800899,182,112,70,27,1.0,0.09,2.95,1.55,2.0,"{""base"": {""ma_length"": 20}, ""c1"": {""amplitude"": 41}, ""c2"": {""almaOffset"": 0.85, ""almaSigma"": 6, ""framaFast"": 34, ""framaSlow"": 89, ""jurikPhase"": 1, ""jurikPower"": 1, ""lsOffset"": 0, ""modFBW"": 0.5, ""modFilter"": 0.8, ""sigAlmaOff"": 0.85, ""sigAlmaSig"": 6, ""sigFramaFast"": 34, ""sigFramaSlow"": 89, ""sigJurikPhase"": 1, ""sigJurikPower"": 1, ""sigLsOff"": 0, ""sigModFBW"": 0.5, ""sigModFilter"": 0.8, ""sigSmooth"": 95, ""sigVolAdj"": 10, ""smooth"": 14, ""volAdj"": 10}, ""exit_ind"": {""adx_smoothing"": 14, ""adx_threshold"": 25, ""di_length"": 14}, ""vol"": {""cvi_len"": 100, ""roc_len"": 15}}","{""base"": {""ma_length"": 25}, ""c1"": {""amplitude"": 18}, ""c2"": {""almaOffset"": 0.85, ""almaSigma"": 6, ""framaFast"": 34, ""framaSlow"": 89, ""jurikPhase"": 1, ""jurikPower"": 1, ""lsOffset"": 0, ""modFBW"": 0.5, ""modFilter"": 0.8, ""sigAlmaOff"": 0.85, ""sigAlmaSig"": 6, ""sigFramaFast"": 34, ""sigFramaSlow"": 89, ""sigJurikPhase"": 1, ""sigJurikPower"": 1, ""sigLsOff"": 0, ""sigModFBW"": 0.5, ""sigModFilter"": 0.8, ""sigSmooth"": 41, ""sigVolAdj"": 10, ""smooth"": 11, ""volAdj"": 10}, ""exit_ind"": {""adx_smoothing"": 14, ""adx_threshold"": 25, ""di_length"": 14}, ""vol"": {""cvi_len"": 8, ""roc_len"": 120}}","{""atr_len"": 12, ""atr_mult"": 1.0, ""be_pct"": 0.04, ""tp_mult"": 3.0, ""trail_arm"": 1.9, ""trail_mult"": 1.35}",full,full,,0.1751246978534518,0.6054772490882054,,,,,,False,gate2_tuned_modeA_trend.csv,-0.079791769928434,0.5445266200834606,128,3.2766471584371333,-0.2301890344387065,112,0.4159222880439689,-0.2223631101726869,70,0.4356955522837933,True,0.1425713402442529,0.14648430237726268
j_tpo_signals,donchian_breakout_signals,efficiency_ratio_volume_signals,mcginley_dynamic_index,adx_dmi_exit,trend,A,False,-0.2184225493161616,-42.81081966596767,0.4460538825938852,0.1581632653061224,-5.22440055259608,-41.581059253371826,42.310819665967635,24.44945093274817,-1.0118173082901112,196,140,56,4,1.0,0.01,1.7,1.95,1.85,"{""base"": {""mci_length"": 14}, ""c1"": {""ema_len"": 200, ""len"": 40}, ""c2"": {""length"": 200}, ""exit_ind"": {""adx_smoothing"": 14, ""adx_threshold"": 25, ""di_length"": 14}, ""vol"": {""er_threshold"": 0.3, ""length"": 12}}","{""base"": {""mci_length"": 14}, ""c1"": {""ema_len"": 200, ""len"": 49}, ""c2"": {""length"": 37}, ""exit_ind"": {""adx_smoothing"": 14, ""adx_threshold"": 25, ""di_length"": 14}, ""vol"": {""er_threshold"": 0.3, ""length"": 10}}","{""atr_len"": 50, ""atr_mult"": 1.0, ""be_pct"": 0.05, ""tp_mult"": 2.95, ""trail_arm"": 2.0, ""trail_mult"": 1.35}",full,full,,0.2948005251053688,1.2802744497636165,,,,,,False,gate2_tuned_modeA_trend.csv,-0.079791769928434,0.3836308869103677,100,2.3945172121507863,-0.2180661396978989,140,0.4605007889642007,-0.2193135733618182,56,0.4065508643784595,True,0.1382743697694649,0.13889808660142455
lemantrend_signals,hieken_ashi_smoothed_signals,choppiness_index_volume_signals,kama_baseline,adx_dmi_exit,chop,B,False,-0.1954392494783596,-36.547139652453254,0.6489680657592027,0.160427807486631,-2.7101166606497795,-9.790947080098944,36.96421963451684,20.231902602387983,-0.988716656642898,187,95,92,6,1.0,0.05,1.85,2.0,1.5,"{""base"": {""fast_length"": 2, ""length"": 28, ""slow_length"": 11}, ""c1"": {""fast_period"": 18, ""medium_period"": 21, ""slow_period"": 11, ""smooth"": 3}, ""c2"": {""alma_offset1"": 0.85, ""alma_offset2"": 0.85, ""alma_sigma1"": 6, ""alma_sigma2"": 6, ""ama_smooth1"": 0.181, ""ama_smooth2"": 0.181, ""frama_t1_a"": 1, ""frama_t1_b"": 168, ""frama_t2_a"": 1, ""frama_t2_b"": 168, ""lsma_offset1"": 0, ""lsma_offset2"": 0, ""ma_len1"": 8, ""ma_len2"": 8, ""vol_factor1"": 0.82, ""vol_factor2"": 0.82}, ""exit_ind"": {""adx_smoothing"": 14, ""adx_threshold"": 25, ""di_length"": 14}, ""vol"": {""ci_threshold"": 50.127885, ""length"": 40}}","{""base"": {""fast_length"": 6, ""length"": 28, ""slow_length"": 37}, ""c1"": {""fast_period"": 28, ""medium_period"": 210, ""slow_period"": 13, ""smooth"": 3}, ""c2"": {""alma_offset1"": 0.85, ""alma_offset2"": 0.85, ""alma_sigma1"": 6, ""alma_sigma2"": 6, ""ama_smooth1"": 0.181, ""ama_smooth2"": 0.181, ""frama_t1_a"": 1, ""frama_t1_b"": 168, ""frama_t2_a"": 1, ""frama_t2_b"": 168, ""lsma_offset1"": 0, ""lsma_offset2"": 0, ""ma_len1"": 8, ""ma_len2"": 8, ""vol_factor1"": 0.82, ""vol_factor2"": 0.82}, ""exit_ind"": {""adx_smoothing"": 14, ""adx_threshold"": 25, ""di_length"": 14}, ""vol"": {""ci_threshold"": 61.8, ""length"": 61}}","{""atr_len"": 16, ""atr_mult"": 1.0, ""be_pct"": 0.05, ""tp_mult"": 3.0, ""trail_arm"": 2.0, ""trail_mult"": 1.5}",full,full,,0.0088279926484629,0.3164720812345216,,,,,,False,gate2_tuned_modeB.csv,-0.0550301260173602,0.4359688849859571,100,2.0769741947796687,-0.1901580138840465,95,0.6658650228999198,-0.2008926992768352,92,0.6307150588848045,True,0.13512788786668628,0.14049523056308064
fisher_transform_signals,dspo_signals,variance_volume_signals,ema_baseline,adx_dmi_exit,chop,B,False,-0.2240956183147447,-48.628749174299614,0.6466552716421484,0.216589861751152,-2.9586719442626537,-12.65924238384173,57.33706646888347,35.43843533485128,-0.8481206341571413,217,83,134,37,1.0,0.05,2.05,2.0,1.5,"{""base"": {""ma_length"": 57}, ""c1"": {""length"": 66}, ""c2"": {""len"": 14}, ""exit_ind"": {""adx_smoothing"": 14, ""adx_threshold"": 25, ""di_length"": 14}, ""vol"": {""ema_len"": 19, ""filter_lookback"": 2, ""hline"": 0, ""lookback"": 132}}","{""base"": {""ma_length"": 20}, ""c1"": {""length"": 43}, ""c2"": {""len"": 7}, ""exit_ind"": {""adx_smoothing"": 14, ""adx_threshold"": 25, ""di_length"": 14}, ""vol"": {""ema_len"": 28, ""filter_lookback"": 87, ""hline"": 0, ""lookback"": 7}}","{""atr_len"": 31, ""atr_mult"": 1.0, ""be_pct"": 0.05, ""tp_mult"": 2.75, ""trail_arm"": 2.0, ""trail_mult"": 1.5}",full,full,,0.0552154252581769,0.3485971124486906,,,,,,False,gate2_tuned_modeB.csv,-0.0550301260173602,0.4730807746692169,104,2.1230464196809655,-0.2790334993910119,83,0.560508002907656,-0.19006693078243,134,0.7001089007238814,True,0.1350368047650698,0.17952008906936076
ichimoku_signals,supertrend_signals,chaikin_volatility_volume_signals,sma_baseline,adx_dmi_exit,trend,A,False,-0.2259455231916729,-36.15128371066767,0.4683634748431218,0.125,-5.130943636199551,,39.22070799000693,22.02783653013115,-0.9217397024010552,160,86,74,4,1.0,0.05,2.95,1.9,1.65,"{""base"": {""length"": 25}, ""c1"": {""base_len"": 14, ""conversion_len"": 9, ""displacement"": 32, ""span_b_len"": 520}, ""c2"": {""atr_period"": 10, ""factor"": 3}, ""exit_ind"": {""adx_smoothing"": 14, ""adx_threshold"": 25, ""di_length"": 14}, ""vol"": {""cvi_len"": 12, ""roc_len"": 12}}","{""base"": {""length"": 200}, ""c1"": {""base_len"": 26, ""conversion_len"": 11, ""displacement"": 26, ""span_b_len"": 64}, ""c2"": {""atr_period"": 10, ""factor"": 3}, ""exit_ind"": {""adx_smoothing"": 14, ""adx_threshold"": 25, ""di_length"": 14}, ""vol"": {""cvi_len"": 10, ""roc_len"": 15}}","{""atr_len"": 26, ""atr_mult"": 1.0, ""be_pct"": 0.05, ""tp_mult"": 3.0, ""trail_arm"": 2.0, ""trail_mult"": 0.5}",full,full,,0.2264060117240079,0.9732441175612914,,,,,,False,gate2_tuned_modeA_trend.csv,-0.079791769928434,0.4351140061221125,100,2.553978593293256,-0.213909463618979,86,0.4889940591324386,-0.2399333762085874,74,0.4451540675176405,True,0.134117693690545,0.14712964998534922
hieken_ashi_smoothed_signals,schaff_trend_cycle_signals,variance_volume_signals,ema_baseline,adx_dmi_exit,trend,A,False,-0.2233233874122154,-42.43144360832094,0.4517129671221076,0.1578947368421052,-5.440678813091914,-49.2952512933674,50.04285380944196,25.894654123571502,-0.8479021554185442,190,130,60,2,1.0,0.11,2.85,1.55,1.7,"{""base"": {""ma_length"": 20}, ""c1"": {""alma_offset1"": 0.85, ""alma_offset2"": 0.85, ""alma_sigma1"": 6, ""alma_sigma2"": 6, ""ama_smooth1"": 0.181, ""ama_smooth2"": 0.181, ""frama_t1_a"": 1, ""frama_t1_b"": 168, ""frama_t2_a"": 1, ""frama_t2_b"": 168, ""lsma_offset1"": 0, ""lsma_offset2"": 0, ""ma_len1"": 35, ""ma_len2"": 3, ""vol_factor1"": 0.665127, ""vol_factor2"": 1.53653}, ""c2"": {""cycleLen"": 8, ""d1"": 3, ""d2"": 2, ""lowerBand"": 25, ""macdFast"": 19, ""macdSlow"": 94, ""stc_midline"": 62, ""upperBand"": 75}, ""exit_ind"": {""adx_smoothing"": 14, ""adx_threshold"": 25, ""di_length"": 14}, ""vol"": {""ema_len"": 28, ""filter_lookback"": 20, ""hline"": 0, ""lookback"": 132}}","{""base"": {""ma_length"": 87}, ""c1"": {""alma_offset1"": 0.85, ""alma_offset2"": 0.85, ""alma_sigma1"": 6, ""alma_sigma2"": 6, ""ama_smooth1"": 0.181, ""ama_smooth2"": 0.181, ""frama_t1_a"": 1, ""frama_t1_b"": 168, ""frama_t2_a"": 1, ""frama_t2_b"": 168, ""lsma_offset1"": 0, ""lsma_offset2"": 0, ""ma_len1"": 8, ""ma_len2"": 8, ""vol_factor1"": 0.665127, ""vol_factor2"": 0.82}, ""c2"": {""cycleLen"": 12, ""d1"": 3, ""d2"": 3, ""lowerBand"": 25, ""macdFast"": 12, ""macdSlow"": 18, ""stc_midline"": 62, ""upperBand"": 75}, ""exit_ind"": {""adx_smoothing"": 14, ""adx_threshold"": 25, ""di_length"": 14}, ""vol"": {""ema_len"": 19, ""filter_lookback"": 20, ""hline"": 0, ""lookback"": 200}}","{""atr_len"": 14, ""atr_mult"": 1.0, ""be_pct"": 0.05, ""tp_mult"": 3.0, ""trail_arm"": 1.1, ""trail_mult"": 0.5}",full,full,,0.1310044354507525,0.6817222248146383,,,,,,False,gate2_tuned_modeA_trend.csv,-0.079791769928434,0.326976871866067,104,2.172606712898999,-0.2131319593705223,130,0.4727810039907593,-0.245404814835884,60,0.4071320949718552,True,0.1333401894420883,0.14947661717476912
kuskus_starlight_signals,halftrend_signals,efficiency_ratio_volume_signals,rma_baseline,adx_dmi_exit,chop,B,False,-0.2248087372886751,-41.36480766111623,0.6127328667040834,0.2010869565217391,-2.9994344699225812,-11.413405372405371,49.073786490976666,31.00528279575752,-0.842910454214127,184,97,87,15,1.0,0.05,2.9,2.0,1.5,"{""base"": {""ma_length"": 7}, ""c1"": {""index_smooth"": 0.7, ""price_smooth"": 0.07, ""range_periods"": 37}, ""c2"": {""amplitude"": 94}, ""exit_ind"": {""adx_smoothing"": 14, ""adx_threshold"": 25, ""di_length"": 14}, ""vol"": {""er_threshold"": 0.3, ""length"": 10}}","{""base"": {""ma_length"": 16}, ""c1"": {""index_smooth"": 0.245783, ""price_smooth"": 0.161709, ""range_periods"": 30}, ""c2"": {""amplitude"": 27}, ""exit_ind"": {""adx_smoothing"": 14, ""adx_threshold"": 25, ""di_length"": 14}, ""vol"": {""er_threshold"": 0.369854, ""length"": 5}}","{""atr_len"": 6, ""atr_mult"": 1.0, ""be_pct"": 0.05, ""tp_mult"": 2.95, ""trail_arm"": 2.0, ""trail_mult"": 1.5}",full,full,,0.0624226362572938,0.4126193049704669,,,,,,False,gate2_tuned_modeB.csv,-0.0550301260173602,0.4469070576682989,140,2.0523310531928596,-0.2590639165153464,97,0.5636451169507917,-0.1866161811393981,87,0.6701633313142734,True,0.1315860551220379,0.16780992281001203
chandelier_exit_signals,price_momentum_oscillator_signals,variance_volume_signals,sma_baseline,adx_dmi_exit,trend,A,False,-0.213068875432139,-37.073984325192185,0.4835142230603397,0.1494252873563218,-4.892948185721453,-53.085067632195425,41.154638799746024,26.585956525595172,-0.9008458197286128,174,116,58,27,1.0,0.05,3.0,1.0,2.0,"{""base"": {""length"": 37}, ""c1"": {""atr_mult"": 3, ""atr_period"": 12}, ""c2"": {""s1"": 230, ""s2"": 20, ""sig"": 10}, ""exit_ind"": {""adx_smoothing"": 14, ""adx_threshold"": 25, ""di_length"": 14}, ""vol"": {""ema_len"": 19, ""filter_lookback"": 200, ""hline"": 0, ""lookback"": 20}}","{""base"": {""length"": 25}, ""c1"": {""atr_mult"": 3, ""atr_period"": 3}, ""c2"": {""s1"": 43, ""s2"": 25, ""sig"": 10}, ""exit_ind"": {""adx_smoothing"": 14, ""adx_threshold"": 25, ""di_length"": 14}, ""vol"": {""ema_len"": 8, ""filter_lookback"": 200, ""hline"": 0, ""lookback"": 20}}","{""atr_len"": 17, ""atr_mult"": 1.0, ""be_pct"": 0.05, ""tp_mult"": 2.7, ""trail_arm"": 1.2, ""trail_mult"": 1.25}",full,full,,0.2042884435309494,0.9320997426819776,,,,,,False,gate2_tuned_modeA_trend.csv,-0.079791769928434,0.6256371094634029,100,3.826600191238458,-0.2112356063051679,116,0.4943314872699953,-0.2167354136860811,58,0.4610405067694317,True,0.1314438363767339,0.13419374006719048
polychromatic_momentum_signals,linreg_slope_signals,variance_volume_signals,lsma_baseline,adx_dmi_exit,trend,A,False,-0.2145972745734684,-45.4946222095753,0.4628187991672657,0.1556603773584905,-5.083348898550799,-36.471499767035766,44.994622209575304,26.81230412402317,-1.011112439119304,212,90,122,2,1.0,0.01,2.55,1.15,1.5,"{""base"": {""length"": 25, ""lsma_offset"": 0}, ""c1"": {""len"": 14}, ""c2"": {""length"": 7, ""r2_floor"": 0.569607}, ""exit_ind"": {""adx_smoothing"": 14, ""adx_threshold"": 25, ""di_length"": 14}, ""vol"": {""ema_len"": 19, ""filter_lookback"": 20, ""hline"": 0, ""lookback"": 132}}","{""base"": {""length"": 57, ""lsma_offset"": 0}, ""c1"": {""len"": 61}, ""c2"": {""length"": 14, ""r2_floor"": 0.246569}, ""exit_ind"": {""adx_smoothing"": 14, ""adx_threshold"": 25, ""di_length"": 14}, ""vol"": {""ema_len"": 43, ""filter_lookback"": 37, ""hline"": 0, ""lookback"": 7}}","{""atr_len"": 36, ""atr_mult"": 1.05, ""be_pct"": 0.01, ""tp_mult"": 2.7, ""trail_arm"": 1.55, ""trail_mult"": 1.8}",full,full,,0.0517037596258168,0.6774579931473559,,,,,,False,gate2_tuned_modeA_trend.csv,-0.079791769928434,0.4532301416724795,104,2.812920566689916,-0.2060721496228433,90,0.4987434198363267,-0.2208863011763885,122,0.4349477099833532,True,0.1262803796944093,0.13368745547118188
hieken_ashi_smoothed_signals,mama_fama_signals,variance_volume_signals,wma_baseline,adx_dmi_exit,trend,A,False,-0.228081160761478,-43.33542054468083,0.4255734849430473,0.1631578947368421,-5.798459900361319,-49.60926033268196,42.83542054468087,27.167060820177092,-1.0116725829615334,190,140,50,2,1.0,0.2,3.0,1.65,1.7,"{""base"": {""ma_length"": 37}, ""c1"": {""alma_offset1"": 0.85, ""alma_offset2"": 0.85, ""alma_sigma1"": 6, ""alma_sigma2"": 6, ""ama_smooth1"": 0.181, ""ama_smooth2"": 0.181, ""frama_t1_a"": 1, ""frama_t1_b"": 168, ""frama_t2_a"": 1, ""frama_t2_b"": 168, ""lsma_offset1"": 0, ""lsma_offset2"": 0, ""ma_len1"": 2, ""ma_len2"": 8, ""vol_factor1"": 0.82, ""vol_factor2"": 0.82}, ""c2"": {""fast_limit"": 0.405565, ""slow_limit"": 0.05}, ""exit_ind"": {""adx_smoothing"": 14, ""adx_threshold"": 25, ""di_length"": 14}, ""vol"": {""ema_len"": 28, ""filter_lookback"": 200, ""hline"": 0, ""lookback"": 20}}","{""base"": {""ma_length"": 37}, ""c1"": {""alma_offset1"": 0.85, ""alma_offset2"": 0.85, ""alma_sigma1"": 6, ""alma_sigma2"": 6, ""ama_smooth1"": 0.181, ""ama_smooth2"": 0.181, ""frama_t1_a"": 1, ""frama_t1_b"": 168, ""frama_t2_a"": 1, ""frama_t2_b"": 168, ""lsma_offset1"": 0, ""lsma_offset2"": 0, ""ma_len1"": 4, ""ma_len2"": 53, ""vol_factor1"": 1.010934, ""vol_factor2"": 0.82}, ""c2"": {""fast_limit"": 0.936909, ""slow_limit"": 0.040557}, ""exit_ind"": {""adx_smoothing"": 14, ""adx_threshold"": 25, ""di_length"": 14}, ""vol"": {""ema_len"": 12, ""filter_lookback"": 11, ""hline"": 0, ""lookback"": 20}}","{""atr_len"": 46, ""atr_mult"": 1.0, ""be_pct"": 0.05, ""tp_mult"": 3.0, ""trail_arm"": 2.0, ""trail_mult"": 1.65}",full,full,,0.1453172015789658,1.1691241887377668,,,,,,False,gate2_tuned_modeA_trend.csv,-0.079791769928434,0.5394345474975587,126,3.0186966893022023,-0.2364514026362016,140,0.4303181080203261,-0.2046444835122517,50,0.4096673000595328,True,0.1248527135838177,0.14075617314579264
qqe_mod_signals,waddah_attar_explosion_signals,variance_volume_signals,super_smoother_2pole_baseline,adx_dmi_exit,chop,B,False,-0.2102539151417662,-33.43037250754083,0.6998549001758869,0.2012578616352201,-2.3516661281444464,-14.497457835270236,32.43037250754084,17.356466524715447,-1.0308352918168753,159,71,88,17,1.0,0.05,3.0,2.0,1.5,"{""base"": {""cutoff_period"": 43}, ""c1"": {""fast_factor"": 1.61, ""rsi_len"": 5, ""rsi_period"": 6}, ""c2"": {""bbLen"": 200, ""bbStd"": 2, ""fastEma"": 7, ""sensitivity"": 150, ""slowEma"": 32}, ""exit_ind"": {""adx_smoothing"": 14, ""adx_threshold"": 25, ""di_length"": 14}, ""vol"": {""ema_len"": 28, ""filter_lookback"": 200, ""hline"": 0, ""lookback"": 16}}","{""base"": {""cutoff_period"": 150}, ""c1"": {""fast_factor"": 1.305921, ""rsi_len"": 5, ""rsi_period"": 39}, ""c2"": {""bbLen"": 20, ""bbStd"": 2, ""fastEma"": 20, ""sensitivity"": 150, ""slowEma"": 40}, ""exit_ind"": {""adx_smoothing"": 14, ""adx_threshold"": 25, ""di_length"": 14}, ""vol"": {""ema_len"": 19, ""filter_lookback"": 57, ""hline"": 0, ""lookback"": 2}}","{""atr_len"": 5, ""atr_mult"": 1.0, ""be_pct"": 0.05, ""tp_mult"": 2.9, ""trail_arm"": 2.0, ""trail_mult"": 1.5}",full,full,,0.0584602038821596,0.6431855791998358,,,,,,False,gate2_tuned_modeB.csv,-0.0550301260173602,0.4324240276137138,114,1.764257850322324,-0.1792663847813401,71,0.7476018244332221,-0.235255218046201,88,0.6603525618489363,True,0.1242362587639799,0.15223067539641036
hieken_ashi_smoothed_signals,fx_sniper_ergodic_cci_signals,fractal_dimension_volume_signals,kama_baseline,adx_dmi_exit,trend,A,False,-0.229396551633342,-35.78586205480136,0.4147524599707046,0.1602564102564102,-6.2660637560037635,-39.604101546655095,35.285862054801356,20.258549564301365,-1.0141699811449547,156,100,56,7,1.0,0.01,1.65,1.55,0.5,"{""base"": {""fast_length"": 2, ""length"": 28, ""slow_length"": 24}, ""c1"": {""alma_offset1"": 0.85, ""alma_offset2"": 0.85, ""alma_sigma1"": 6, ""alma_sigma2"": 6, ""ama_smooth1"": 0.181, ""ama_smooth2"": 0.181, ""frama_t1_a"": 1, ""frama_t1_b"": 168, ""frama_t2_a"": 1, ""frama_t2_b"": 168, ""lsma_offset1"": 0, ""lsma_offset2"": 0, ""ma_len1"": 8, ""ma_len2"": 8, ""vol_factor1"": 0.82, ""vol_factor2"": 0.82}, ""c2"": {""cci_length"": 11, ""ema1_length"": 4, ""ema2_length"": 3, ""trigger_length"": 9}, ""exit_ind"": {""adx_smoothing"": 14, ""adx_threshold"": 25, ""di_length"": 14}, ""vol"": {""fd_threshold"": 1.5, ""length"": 24}}","{""base"": {""fast_length"": 2, ""length"": 12, ""slow_length"": 30}, ""c1"": {""alma_offset1"": 0.85, ""alma_offset2"": 0.85, ""alma_sigma1"": 6, ""alma_sigma2"": 6, ""ama_smooth1"": 0.181, ""ama_smooth2"": 0.181, ""frama_t1_a"": 1, ""frama_t1_b"": 168, ""frama_t2_a"": 1, ""frama_t2_b"": 168, ""lsma_offset1"": 0, ""lsma_offset2"": 0, ""ma_len1"": 2, ""ma_len2"": 15, ""vol_factor1"": 0.665127, ""vol_factor2"": 0.82}, ""c2"": {""cci_length"": 11, ""ema1_length"": 6, ""ema2_length"": 3, ""trigger_length"": 50}, ""exit_ind"": {""adx_smoothing"": 14, ""adx_threshold"": 25, ""di_length"": 14}, ""vol"": {""fd_threshold"": 1.5, ""length"": 3}}","{""atr_len"": 34, ""atr_mult"": 1.1, ""be_pct"": 0.01, ""tp_mult"": 2.85, ""trail_arm"": 1.1, ""trail_mult"": 0.95}",full,full,,0.1790490278476713,1.2129976164114995,,,,,,False,gate2_tuned_modeA_trend.csv,-0.079791769928434,0.6179009138744892,152,3.8894854539907904,-0.2439909688341387,100,0.3969259860499003,-0.203335092346205,56,0.4496131718731643,True,0.12354332241777101,0.14387126066173783
halftrend_signals,kase_peak_oscillator_signals,choppiness_index_volume_signals,rma_baseline,adx_dmi_exit,trend,A,False,-0.2384802695703284,-47.21909337492503,0.4267413282976933,0.1313131313131313,-5.811532806584774,-109.7571164113493,48.5446002699627,28.856665953976975,-0.9726950703545532,198,144,54,40,1.0,0.01,2.25,2.0,1.95,"{""base"": {""ma_length"": 25}, ""c1"": {""amplitude"": 27}, ""c2"": {""long_cycle"": 53, ""sharpness"": 40, ""short_cycle"": 8}, ""exit_ind"": {""adx_smoothing"": 14, ""adx_threshold"": 25, ""di_length"": 14}, ""vol"": {""ci_threshold"": 61.8, ""length"": 3}}","{""base"": {""ma_length"": 20}, ""c1"": {""amplitude"": 94}, ""c2"": {""long_cycle"": 80, ""sharpness"": 40, ""short_cycle"": 10}, ""exit_ind"": {""adx_smoothing"": 14, ""adx_threshold"": 25, ""di_length"": 14}, ""vol"": {""ci_threshold"": 61.8, ""length"": 2}}","{""atr_len"": 27, ""atr_mult"": 1.0, ""be_pct"": 0.01, ""tp_mult"": 2.4, ""trail_arm"": 1.95, ""trail_mult"": 0.55}",full,full,,0.1988481682018812,0.6230671512505271,,,,,,False,gate2_tuned_modeA_trend.csv,-0.079791769928434,0.4046879048422028,210,2.690069456125231,-0.2517334272033999,144,0.4153288142372655,-0.2031385158821378,54,0.4614781672549125,True,0.1233467459537038,0.14764420161433484
didi_index_signals,bears_bulls_impulse_signals,variance_volume_signals,super_smoother_2pole_baseline,adx_dmi_exit,trend,A,False,-0.2192954782528227,-43.85909565056454,0.44762667588674,0.15,-5.522910251200721,-43.06805187991678,43.6986879272924,25.367905395308192,-1.0036707674962468,200,132,68,3,1.0,0.1,2.65,1.9,0.5,"{""base"": {""cutoff_period"": 99}, ""c1"": {""long_p"": 25, ""medium"": 10}, ""c2"": {""length"": 37}, ""exit_ind"": {""adx_smoothing"": 14, ""adx_threshold"": 25, ""di_length"": 14}, ""vol"": {""ema_len"": 28, ""filter_lookback"": 11, ""hline"": 0, ""lookback"": 132}}","{""base"": {""cutoff_period"": 99}, ""c1"": {""long_p"": 16, ""medium"": 10}, ""c2"": {""length"": 13}, ""exit_ind"": {""adx_smoothing"": 14, ""adx_threshold"": 25, ""di_length"": 14}, ""vol"": {""ema_len"": 8, ""filter_lookback"": 20, ""hline"": 0, ""lookback"": 132}}","{""atr_len"": 2, ""atr_mult"": 1.0, ""be_pct"": 0.2, ""tp_mult"": 2.6, ""trail_arm"": 1.7, ""trail_mult"": 0.75}",full,full,,0.066333255226814,0.917055093570446,,,,,,False,gate2_tuned_modeA_trend.csv,-0.079791769928434,0.3117529549130625,146,2.2154537541371195,-0.2005671884065687,132,0.4910677297669062,-0.2556503938367275,68,0.3650934959843351,True,0.12077541847813471,0.1483170211932141
dspo_signals,rex_oscillator_signals,damiani_volatmeter_volume_signals,fantail_vma,adx_dmi_exit,trend,A,False,-0.2429830518467224,-43.25098322871659,0.4309081154116241,0.1292134831460674,-5.49857013942298,,45.73475996014656,29.63612059467541,-0.945691707279226,178,64,114,23,1.0,0.03,2.95,1.6,1.5,"{""base"": {""fma_adx_length"": 2, ""fma_ma_length"": 17, ""fma_weighting"": 12}, ""c1"": {""len"": 14}, ""c2"": {""almaOffset"": 0.85, ""almaSigma"": 6, ""framaFast"": 34, ""framaSlow"": 89, ""jurikPhase"": 1, ""jurikPower"": 1, ""lsOffset"": 0, ""modFBW"": 0.5, ""modFilter"": 0.8, ""sigAlmaOff"": 0.85, ""sigAlmaSig"": 6, ""sigFramaFast"": 34, ""sigFramaSlow"": 89, ""sigJurikPhase"": 1, ""sigJurikPower"": 1, ""sigLsOff"": 0, ""sigModFBW"": 0.5, ""sigModFilter"": 0.8, ""sigSmooth"": 18, ""sigVolAdj"": 10, ""smooth"": 40, ""volAdj"": 10}, ""exit_ind"": {""adx_smoothing"": 14, ""adx_threshold"": 25, ""di_length"": 14}, ""vol"": {""lag"": 1.4, ""sedimentation"": 62, ""threshold"": 1.4, ""viscosity"": 6}}","{""base"": {""fma_adx_length"": 2, ""fma_ma_length"": 7, ""fma_weighting"": 10}, ""c1"": {""len"": 14}, ""c2"": {""almaOffset"": 0.85, ""almaSigma"": 6, ""framaFast"": 34, ""framaSlow"": 89, ""jurikPhase"": 1, ""jurikPower"": 1, ""lsOffset"": 0, ""modFBW"": 0.5, ""modFilter"": 0.8, ""sigAlmaOff"": 0.85, ""sigAlmaSig"": 6, ""sigFramaFast"": 34, ""sigFramaSlow"": 89, ""sigJurikPhase"": 1, ""sigJurikPower"": 1, ""sigLsOff"": 0, ""sigModFBW"": 0.5, ""sigModFilter"": 0.8, ""sigSmooth"": 27, ""sigVolAdj"": 10, ""smooth"": 5, ""volAdj"": 10}, ""exit_ind"": {""adx_smoothing"": 14, ""adx_threshold"": 25, ""di_length"": 14}, ""vol"": {""lag"": 1.4, ""sedimentation"": 94, ""threshold"": 1.725985, ""viscosity"": 7}}","{""atr_len"": 39, ""atr_mult"": 1.0, ""be_pct"": 0.05, ""tp_mult"": 3.0, ""trail_arm"": 2.0, ""trail_mult"": 1.15}",full,full,,0.1255782599008788,0.4079092229770838,,,,,,False,gate2_tuned_modeA_trend.csv,-0.079791769928434,0.7115462300476708,128,3.846184920190683,-0.3209790236214687,64,0.2916324995939995,-0.1991958396223034,114,0.5168441336820733,True,0.1194040696938694,0.18029566169345201
kuskus_starlight_signals,kase_peak_oscillator_signals,variance_volume_signals,rma_baseline,adx_dmi_exit,trend,A,False,-0.2080192422861246,-32.0349633120632,0.4613971880698285,0.1883116883116883,-5.474241755959056,-57.184313167066485,32.64013994669232,18.7227326418955,-0.981459128679672,154,102,52,23,1.0,0.12,1.95,2.0,1.6,"{""base"": {""ma_length"": 16}, ""c1"": {""index_smooth"": 1.311672, ""price_smooth"": 0.106394, ""range_periods"": 197}, ""c2"": {""long_cycle"": 53, ""sharpness"": 40, ""short_cycle"": 8}, ""exit_ind"": {""adx_smoothing"": 14, ""adx_threshold"": 25, ""di_length"": 14}, ""vol"": {""ema_len"": 12, ""filter_lookback"": 200, ""hline"": 0, ""lookback"": 20}}","{""base"": {""ma_length"": 200}, ""c1"": {""index_smooth"": 0.567792, ""price_smooth"": 0.373569, ""range_periods"": 16}, ""c2"": {""long_cycle"": 35, ""sharpness"": 40, ""short_cycle"": 8}, ""exit_ind"": {""adx_smoothing"": 14, ""adx_threshold"": 25, ""di_length"": 14}, ""vol"": {""ema_len"": 2, ""filter_lookback"": 16, ""hline"": 0, ""lookback"": 200}}","{""atr_len"": 31, ""atr_mult"": 1.0, ""be_pct"": 0.05, ""tp_mult"": 3.0, ""trail_arm"": 1.1, ""trail_mult"": 1.25}",full,full,,0.1364067350805632,0.9173388675983972,,,,,,False,gate2_tuned_modeA_trend.csv,-0.079791769928434,0.4528265552386211,100,2.831192078380221,-0.199048315539767,102,0.4857140572026065,-0.2256160601347494,52,0.4133982436496518,True,0.11925654561133302,0.1325404179088242
supertrend_signals,rex_oscillator_signals,waddah_attar_explosion_volume_signals,tma_baseline,adx_dmi_exit,trend,A,False,-0.2161438377287146,-38.473603115711214,0.4835757971045477,0.1404494382022472,-4.945853428739555,,38.03101450195267,22.613384442328066,-1.0116375705343286,178,118,60,2,1.0,0.01,3.0,1.75,1.75,"{""base"": {""length"": 25}, ""c1"": {""atr_period"": 43, ""factor"": 9}, ""c2"": {""almaOffset"": 0.85, ""almaSigma"": 6, ""framaFast"": 34, ""framaSlow"": 89, ""jurikPhase"": 1, ""jurikPower"": 1, ""lsOffset"": 0, ""modFBW"": 0.5, ""modFilter"": 0.8, ""sigAlmaOff"": 0.85, ""sigAlmaSig"": 6, ""sigFramaFast"": 34, ""sigFramaSlow"": 89, ""sigJurikPhase"": 1, ""sigJurikPower"": 1, ""sigLsOff"": 0, ""sigModFBW"": 0.5, ""sigModFilter"": 0.8, ""sigSmooth"": 22, ""sigVolAdj"": 10, ""smooth"": 14, ""volAdj"": 10}, ""exit_ind"": {""adx_smoothing"": 14, ""adx_threshold"": 25, ""di_length"": 14}, ""vol"": {""bbLen"": 20, ""bbStd"": 2, ""fastEma"": 20, ""sensitivity"": 53, ""slowEma"": 4}}","{""base"": {""length"": 25}, ""c1"": {""atr_period"": 28, ""factor"": 3}, ""c2"": {""almaOffset"": 0.85, ""almaSigma"": 6, ""framaFast"": 34, ""framaSlow"": 89, ""jurikPhase"": 1, ""jurikPower"": 1, ""lsOffset"": 0, ""modFBW"": 0.5, ""modFilter"": 0.8, ""sigAlmaOff"": 0.85, ""sigAlmaSig"": 6, ""sigFramaFast"": 34, ""sigFramaSlow"": 89, ""sigJurikPhase"": 1, ""sigJurikPower"": 1, ""sigLsOff"": 0, ""sigModFBW"": 0.5, ""sigModFilter"": 0.8, ""sigSmooth"": 2, ""sigVolAdj"": 10, ""smooth"": 17, ""volAdj"": 10}, ""exit_ind"": {""adx_smoothing"": 14, ""adx_threshold"": 25, ""di_length"": 14}, ""vol"": {""bbLen"": 200, ""bbStd"": 2, ""fastEma"": 87, ""sensitivity"": 427, ""slowEma"": 75}}","{""atr_len"": 16, ""atr_mult"": 1.0, ""be_pct"": 0.01, ""tp_mult"": 2.9, ""trail_arm"": 1.05, ""trail_mult"": 1.15}",full,full,,-0.0250679831807009,0.3258536836980275,,,,,,False,gate2_tuned_modeA_trend.csv,-0.079791769928434,0.4348867142335142,126,2.6946016351543816,-0.2254600481628416,118,0.467914286335694,-0.1978219572082648,60,0.5155380639797595,True,0.11803018727983079,0.13184923275711918
price_momentum_oscillator_signals,dspo_signals,variance_volume_signals,rma_baseline,adx_dmi_exit,trend,A,False,-0.2280695248478328,-51.54371261561022,0.4473465945881997,0.1592920353982301,-5.661101445067732,-129.7401230580152,51.04371261561021,26.008343210060307,-1.0097955257244964,226,148,78,2,1.0,0.09,3.0,1.0,2.0,"{""base"": {""ma_length"": 11}, ""c1"": {""s1"": 350, ""s2"": 132, ""sig"": 10}, ""c2"": {""len"": 11}, ""exit_ind"": {""adx_smoothing"": 14, ""adx_threshold"": 25, ""di_length"": 14}, ""vol"": {""ema_len"": 12, ""filter_lookback"": 87, ""hline"": 0, ""lookback"": 25}}","{""base"": {""ma_length"": 20}, ""c1"": {""s1"": 152, ""s2"": 11, ""sig"": 10}, ""c2"": {""len"": 14}, ""exit_ind"": {""adx_smoothing"": 14, ""adx_threshold"": 25, ""di_length"": 14}, ""vol"": {""ema_len"": 12, ""filter_lookback"": 7, ""hline"": 0, ""lookback"": 3}}","{""atr_len"": 48, ""atr_mult"": 1.0, ""be_pct"": 0.09, ""tp_mult"": 2.55, ""trail_arm"": 1.0, ""trail_mult"": 0.5}",full,full,,0.0870486674598447,0.6448651963671045,,,,,,False,gate2_tuned_modeA_trend.csv,-0.079791769928434,0.2760485369287243,176,1.966181868010941,-0.1974896474785897,148,0.5170097054651489,-0.2860928819074222,78,0.3186236701298528,True,0.11769787755015572,0.16199949476457198
bears_bulls_impulse_signals,bears_bulls_impulse_signals,variance_volume_signals,ema_baseline,adx_dmi_exit,trend,A,False,-0.2105934882757484,-69.91703810754848,0.4578284374792171,0.1716867469879518,-5.373161061172092,-43.97114561175989,71.11812506407021,36.904243703449936,-0.983111380461174,332,194,138,2,1.0,0.01,2.75,1.6,2.0,"{""base"": {""ma_length"": 20}, ""c1"": {""length"": 37}, ""c2"": {""length"": 16}, ""exit_ind"": {""adx_smoothing"": 14, ""adx_threshold"": 25, ""di_length"": 14}, ""vol"": {""ema_len"": 28, ""filter_lookback"": 11, ""hline"": 0, ""lookback"": 132}}","{""base"": {""ma_length"": 57}, ""c1"": {""length"": 37}, ""c2"": {""length"": 130}, ""exit_ind"": {""adx_smoothing"": 14, ""adx_threshold"": 25, ""di_length"": 14}, ""vol"": {""ema_len"": 4, ""filter_lookback"": 20, ""hline"": 0, ""lookback"": 132}}","{""atr_len"": 3, ""atr_mult"": 1.15, ""be_pct"": 0.08, ""tp_mult"": 1.9, ""trail_arm"": 1.0, ""trail_mult"": 0.6}",full,full,,0.0957813988777232,0.4474079475277041,,,,,,False,gate2_tuned_modeA_trend.csv,-0.079791769928434,0.2765519349147605,192,2.2556103773386336,-0.1964406732028538,194,0.4854791855258872,-0.2304894746825712,138,0.4205164844602195,True,0.1166489032744198,0.13367330401427852
dpo_signals,fx_sniper_ergodic_cci_signals,fractal_dimension_volume_signals,kama_baseline,adx_dmi_exit,trend,A,False,-0.2166465266868336,-32.93027205639872,0.4441006846666747,0.1578947368421052,-5.54505422328088,-43.56174230360248,32.53881346059759,17.842854514931602,-1.012030512307253,152,76,76,4,1.0,0.05,2.7,1.8,1.85,"{""base"": {""fast_length"": 2, ""length"": 28, ""slow_length"": 16}, ""c1"": {""len"": 94}, ""c2"": {""cci_length"": 17, ""ema1_length"": 4, ""ema2_length"": 3, ""trigger_length"": 6}, ""exit_ind"": {""adx_smoothing"": 14, ""adx_threshold"": 25, ""di_length"": 14}, ""vol"": {""fd_threshold"": 1.5, ""length"": 11}}","{""base"": {""fast_length"": 9, ""length"": 19, ""slow_length"": 30}, ""c1"": {""len"": 62}, ""c2"": {""cci_length"": 14, ""ema1_length"": 5, ""ema2_length"": 3, ""trigger_length"": 6}, ""exit_ind"": {""adx_smoothing"": 14, ""adx_threshold"": 25, ""di_length"": 14}, ""vol"": {""fd_threshold"": 1.5, ""length"": 7}}","{""atr_len"": 39, ""atr_mult"": 1.05, ""be_pct"": 0.01, ""tp_mult"": 2.55, ""trail_arm"": 1.0, ""trail_mult"": 1.75}",full,full,,0.2404248173831555,0.8337153104151962,,,,,,False,gate2_tuned_modeA_trend.csv,-0.079791769928434,0.3652172945521142,102,2.509892676786777,-0.1962037524321525,76,0.46633722716495,-0.2370893009415149,76,0.4242474358200694,True,0.1164119825037185,0.1368547567583997
schaff_trend_cycle_signals,relative_vigor_index_signals,volatility_ratio_volume_signals,tma_baseline,adx_dmi_exit,trend,A,False,-0.2102688448258489,-37.84839206865281,0.3391383835514939,0.2777777777777778,-7.3777356295693455,-25.09281634793324,39.514737434232586,22.49694766616734,-0.9578297750718144,180,96,84,4,1.0,0.05,2.1,1.9,1.5,"{""base"": {""length"": 37}, ""c1"": {""cycleLen"": 10, ""d1"": 4, ""d2"": 3, ""lowerBand"": 25, ""macdFast"": 2, ""macdSlow"": 18, ""stc_midline"": 41, ""upperBand"": 75}, ""c2"": {""len"": 10}, ""exit_ind"": {""adx_smoothing"": 14, ""adx_threshold"": 25, ""di_length"": 14}, ""vol"": {""length"": 2}}","{""base"": {""length"": 87}, ""c1"": {""cycleLen"": 10, ""d1"": 3, ""d2"": 3, ""lowerBand"": 25, ""macdFast"": 12, ""macdSlow"": 329, ""stc_midline"": 62, ""upperBand"": 75}, ""c2"": {""len"": 66}, ""exit_ind"": {""adx_smoothing"": 14, ""adx_threshold"": 25, ""di_length"": 14}, ""vol"": {""length"": 11}}","{""atr_len"": 3, ""atr_mult"": 1.0, ""be_pct"": 0.01, ""tp_mult"": 2.65, ""trail_arm"": 1.35, ""trail_mult"": 1.45}",full,full,,0.0645009927649381,0.5434547715728992,,,,,,False,gate2_tuned_modeA_trend.csv,-0.079791769928434,0.3876797623412755,136,2.7971733161199452,-0.2248526873414618,96,0.3246195170352332,-0.193601596236577,84,0.3574723783634201,True,0.113809826308143,0.1294353718605854
kalman_filter_signals,bears_bulls_impulse_signals,variance_volume_signals,tma_baseline,adx_dmi_exit,trend,A,False,-0.1979725276777827,-30.88371431773411,0.4910515604716287,0.1794871794871795,-4.896207475644381,-154.7335431912843,33.5490014212858,17.445991173656697,-0.9205553968631494,156,100,56,6,1.0,0.05,2.95,1.05,0.5,"{""base"": {""length"": 20}, ""c1"": {""k"": 1, ""sharpness"": 1}, ""c2"": {""length"": 13}, ""exit_ind"": {""adx_smoothing"": 14, ""adx_threshold"": 25, ""di_length"": 14}, ""vol"": {""ema_len"": 12, ""filter_lookback"": 20, ""hline"": 0, ""lookback"": 132}}","{""base"": {""length"": 20}, ""c1"": {""k"": 1, ""sharpness"": 1}, ""c2"": {""length"": 13}, ""exit_ind"": {""adx_smoothing"": 14, ""adx_threshold"": 25, ""di_length"": 14}, ""vol"": {""ema_len"": 10, ""filter_lookback"": 57, ""hline"": 0, ""lookback"": 7}}","{""atr_len"": 41, ""atr_mult"": 1.0, ""be_pct"": 0.08, ""tp_mult"": 1.4, ""trail_arm"": 1.8, ""trail_mult"": 1.5}",full,full,,0.377855793006672,1.314712340734358,,,,,,False,gate2_tuned_modeA_trend.csv,-0.079791769928434,0.2796030454292413,106,2.411329657880933,-0.2008099145571089,100,0.4525568766796951,-0.1929057653932717,56,0.5498865474156992,True,0.1131139954648377,0.1170660700467563
dpo_signals,relative_vigor_index_signals,variance_volume_signals,rma_baseline,adx_dmi_exit,trend,A,False,-0.2152670667307366,-55.10836908306858,0.4572364387916684,0.15625,-5.653826045889729,-49.75002801130531,54.60836908306855,28.128388342815455,-1.0091561057104534,256,184,72,29,1.0,0.01,2.3,1.05,1.55,"{""base"": {""ma_length"": 20}, ""c1"": {""len"": 500}, ""c2"": {""len"": 4}, ""exit_ind"": {""adx_smoothing"": 14, ""adx_threshold"": 25, ""di_length"": 14}, ""vol"": {""ema_len"": 12, ""filter_lookback"": 87, ""hline"": 0, ""lookback"": 25}}","{""base"": {""ma_length"": 20}, ""c1"": {""len"": 94}, ""c2"": {""len"": 8}, ""exit_ind"": {""adx_smoothing"": 14, ""adx_threshold"": 25, ""di_length"": 14}, ""vol"": {""ema_len"": 12, ""filter_lookback"": 7, ""hline"": 0, ""lookback"": 3}}","{""atr_len"": 46, ""atr_mult"": 1.0, ""be_pct"": 0.03, ""tp_mult"": 2.45, ""trail_arm"": 1.0, ""trail_mult"": 0.5}",full,full,,0.1840243925220257,0.7355740835994824,,,,,,False,gate2_tuned_modeA_trend.csv,-0.079791769928434,0.3023318479021855,208,2.177391553544032,-0.1907004604015147,184,0.5166776346368548,-0.2780483940165257,72,0.3080882303099852,True,0.1109086904730807,0.15458265728058618
bears_bulls_impulse_signals,polychromatic_momentum_signals,waddah_attar_explosion_volume_signals,sma_baseline,adx_dmi_exit,chop,B,False,-0.1696513863893755,-34.77853420982199,0.7383152549563378,0.2341463414634146,-2.0134199173580054,-10.59931333868057,39.010724167554486,21.253770873352536,-0.891512140621772,205,136,69,17,1.0,0.05,2.45,2.0,1.5,"{""base"": {""length"": 16}, ""c1"": {""length"": 11}, ""c2"": {""len"": 14}, ""exit_ind"": {""adx_smoothing"": 14, ""adx_threshold"": 25, ""di_length"": 14}, ""vol"": {""bbLen"": 37, ""bbStd"": 2, ""fastEma"": 7, ""sensitivity"": 80, ""slowEma"": 6}}","{""base"": {""length"": 20}, ""c1"": {""length"": 11}, ""c2"": {""len"": 14}, ""exit_ind"": {""adx_smoothing"": 14, ""adx_threshold"": 25, ""di_length"": 14}, ""vol"": {""bbLen"": 25, ""bbStd"": 9, ""fastEma"": 87, ""sensitivity"": 15, ""slowEma"": 6}}","{""atr_len"": 4, ""atr_mult"": 1.0, ""be_pct"": 0.05, ""tp_mult"": 2.65, ""trail_arm"": 2.0, ""trail_mult"": 1.5}",full,full,,0.0070656995563886,0.4528418627228491,,,,,,False,gate2_tuned_modeB.csv,-0.0550301260173602,0.4741098663648292,122,1.9991090091037913,-0.1659252361076202,136,0.7491898917450469,-0.1769956825968931,69,0.715524758329967,True,0.11089511009025999,0.11643033333489644
dspo_signals,hieken_ashi_smoothed_signals,chaikin_volatility_volume_signals,rma_baseline,adx_dmi_exit,trend,A,False,-0.1943653756683576,-30.709729355600516,0.5381995585623982,0.1518987341772152,-3.975484940548628,,32.42109183043779,16.724599921512297,-0.9472145329408492,158,98,60,34,1.0,0.01,2.9,1.85,0.5,"{""base"": {""ma_length"": 25}, ""c1"": {""len"": 40}, ""c2"": {""alma_offset1"": 0.85, ""alma_offset2"": 0.85, ""alma_sigma1"": 6, ""alma_sigma2"": 6, ""ama_smooth1"": 0.181, ""ama_smooth2"": 0.181, ""frama_t1_a"": 1, ""frama_t1_b"": 168, ""frama_t2_a"": 1, ""frama_t2_b"": 168, ""lsma_offset1"": 0, ""lsma_offset2"": 0, ""ma_len1"": 6, ""ma_len2"": 8, ""vol_factor1"": 3.549584, ""vol_factor2"": 0.124633}, ""exit_ind"": {""adx_smoothing"": 14, ""adx_threshold"": 25, ""di_length"": 14}, ""vol"": {""cvi_len"": 100, ""roc_len"": 12}}","{""base"": {""ma_length"": 20}, ""c1"": {""len"": 40}, ""c2"": {""alma_offset1"": 0.85, ""alma_offset2"": 0.85, ""alma_sigma1"": 6, ""alma_sigma2"": 6, ""ama_smooth1"": 0.181, ""ama_smooth2"": 0.181, ""frama_t1_a"": 1, ""frama_t1_b"": 168, ""frama_t2_a"": 1, ""frama_t2_b"": 168, ""lsma_offset1"": 0, ""lsma_offset2"": 0, ""ma_len1"": 2, ""ma_len2"": 8, ""vol_factor1"": 0.82, ""vol_factor2"": 0.82}, ""exit_ind"": {""adx_smoothing"": 14, ""adx_threshold"": 25, ""di_length"": 14}, ""vol"": {""cvi_len"": 8, ""roc_len"": 22}}","{""atr_len"": 27, ""atr_mult"": 1.0, ""be_pct"": 0.01, ""tp_mult"": 2.45, ""trail_arm"": 1.0, ""trail_mult"": 1.95}",full,full,,0.1220686702336297,0.6063390755256977,,,,,,False,gate2_tuned_modeA_trend.csv,-0.079791769928434,0.5116997737173208,110,3.2514790043562054,-0.196760587263996,98,0.5353605409187563,-0.190453196728815,60,0.5429123278508439,True,0.110661426800381,0.11381512206797152
center_of_gravity_signals,bears_bulls_impulse_signals,chaikin_volatility_volume_signals,mcginley_dynamic_index,adx_dmi_exit,chop,B,False,-0.1653126374414417,-27.607210452720775,0.7288797744606992,0.2275449101796407,-2.0196004644125525,-8.570154575625152,30.538803732526823,15.310029406162602,-0.9040043183916988,167,101,66,40,1.0,0.05,2.3,2.0,1.5,"{""base"": {""mci_length"": 92}, ""c1"": {""length"": 19, ""signal_length"": 6}, ""c2"": {""length"": 130}, ""exit_ind"": {""adx_smoothing"": 14, ""adx_threshold"": 25, ""di_length"": 14}, ""vol"": {""cvi_len"": 66, ""roc_len"": 4}}","{""base"": {""mci_length"": 7}, ""c1"": {""length"": 19, ""signal_length"": 3}, ""c2"": {""length"": 13}, ""exit_ind"": {""adx_smoothing"": 14, ""adx_threshold"": 25, ""di_length"": 14}, ""vol"": {""cvi_len"": 12, ""roc_len"": 34}}","{""atr_len"": 14, ""atr_mult"": 1.0, ""be_pct"": 0.05, ""tp_mult"": 3.0, ""trail_arm"": 2.0, ""trail_mult"": 1.5}",full,full,,-0.0463809776472839,0.4860035395835897,,,,,,False,gate2_tuned_modeB.csv,-0.0550301260173602,0.4599112845256365,105,2.018250365724976,-0.1637826817361788,101,0.7170050501756764,-0.1676539332934349,66,0.7448832909816162,True,0.10875255571881859,0.11068818149744664
didi_index_signals,halftrend_signals,waddah_attar_explosion_volume_signals,wma_baseline,adx_dmi_exit,chop,B,False,-0.1681352045621564,-31.777553662247563,0.6968928148861783,0.2328042328042328,-2.189513309608475,-8.04070705220119,32.59828527552677,14.941581293777428,-0.9748228593515816,189,116,73,6,1.0,0.05,3.0,2.0,1.5,"{""base"": {""ma_length"": 20}, ""c1"": {""long_p"": 87, ""medium"": 4}, ""c2"": {""amplitude"": 216}, ""exit_ind"": {""adx_smoothing"": 14, ""adx_threshold"": 25, ""di_length"": 14}, ""vol"": {""bbLen"": 87, ""bbStd"": 2, ""fastEma"": 11, ""sensitivity"": 281, ""slowEma"": 400}}","{""base"": {""ma_length"": 20}, ""c1"": {""long_p"": 16, ""medium"": 2}, ""c2"": {""amplitude"": 50}, ""exit_ind"": {""adx_smoothing"": 14, ""adx_threshold"": 25, ""di_length"": 14}, ""vol"": {""bbLen"": 20, ""bbStd"": 20, ""fastEma"": 87, ""sensitivity"": 23, ""slowEma"": 4}}","{""atr_len"": 34, ""atr_mult"": 1.0, ""be_pct"": 0.05, ""tp_mult"": 3.0, ""trail_arm"": 2.0, ""trail_mult"": 1.5}",full,full,,0.0291852737913197,0.5414556656134991,,,,,,False,gate2_tuned_modeB.csv,-0.0550301260173602,0.2847662733823685,142,1.6857360059537676,-0.1716338849787744,116,0.6741080306234145,-0.1625756575987634,73,0.7287117006814593,True,0.1075455315814032,0.1120746452714087
coral_signals,hieken_ashi_smoothed_signals,efficiency_ratio_volume_signals,fantail_vma,adx_dmi_exit,chop,B,False,-0.1617327184717406,-24.745105926176315,0.7087522449540958,0.2745098039215686,-2.371856772908177,-8.680199404177547,24.434371273394728,13.149175009261103,-1.0127171126813452,153,78,75,14,1.0,0.05,3.0,2.0,1.5,"{""base"": {""fma_adx_length"": 2, ""fma_ma_length"": 6, ""fma_weighting"": 43}, ""c1"": {""const_d"": 40, ""smooth_period"": 43}, ""c2"": {""alma_offset1"": 0.85, ""alma_offset2"": 0.85, ""alma_sigma1"": 6, ""alma_sigma2"": 6, ""ama_smooth1"": 0.181, ""ama_smooth2"": 0.181, ""frama_t1_a"": 1, ""frama_t1_b"": 168, ""frama_t2_a"": 1, ""frama_t2_b"": 168, ""lsma_offset1"": 0, ""lsma_offset2"": 0, ""ma_len1"": 4, ""ma_len2"": 8, ""vol_factor1"": 0.189431, ""vol_factor2"": 0.82}, ""exit_ind"": {""adx_smoothing"": 14, ""adx_threshold"": 25, ""di_length"": 14}, ""vol"": {""er_threshold"": 0.3, ""length"": 28}}","{""base"": {""fma_adx_length"": 2, ""fma_ma_length"": 39, ""fma_weighting"": 10}, ""c1"": {""const_d"": 61, ""smooth_period"": 10}, ""c2"": {""alma_offset1"": 0.85, ""alma_offset2"": 0.85, ""alma_sigma1"": 6, ""alma_sigma2"": 6, ""ama_smooth1"": 0.181, ""ama_smooth2"": 0.181, ""frama_t1_a"": 1, ""frama_t1_b"": 168, ""frama_t2_a"": 1, ""frama_t2_b"": 168, ""lsma_offset1"": 0, ""lsma_offset2"": 0, ""ma_len1"": 8, ""ma_len2"": 8, ""vol_factor1"": 0.82, ""vol_factor2"": 0.82}, ""exit_ind"": {""adx_smoothing"": 14, ""adx_threshold"": 25, ""di_length"": 14}, ""vol"": {""er_threshold"": 0.3, ""length"": 12}}","{""atr_len"": 32, ""atr_mult"": 1.05, ""be_pct"": 0.05, ""tp_mult"": 1.5, ""trail_arm"": 2.0, ""trail_mult"": 1.5}",full,full,,0.0771246388379982,0.3967165113099046,,,,,,False,gate2_tuned_modeB.csv,-0.0550301260173602,0.2937758331548804,102,1.698618145107219,-0.1608865076908564,78,0.7320554156743461,-0.1626127776838601,75,0.6801272388336383,True,0.1058563816734962,0.10671951666999804
halftrend_signals,lemantrend_signals,damiani_volatmeter_volume_signals,fantail_vma,adx_dmi_exit,trend,A,False,-0.2352572412019304,-68.69511443096368,0.4218681512018129,0.1541095890410959,-5.787491698181788,-76.38323957844862,71.27148502244711,42.88377728221651,-0.9638513131770442,292,94,198,37,1.0,0.02,2.75,1.95,1.95,"{""base"": {""fma_adx_length"": 2, ""fma_ma_length"": 17, ""fma_weighting"": 8}, ""c1"": {""amplitude"": 500}, ""c2"": {""fast_period"": 18, ""medium_period"": 210, ""slow_period"": 86, ""smooth"": 2}, ""exit_ind"": {""adx_smoothing"": 14, ""adx_threshold"": 25, ""di_length"": 14}, ""vol"": {""lag"": 1.4, ""sedimentation"": 18, ""threshold"": 1.4, ""viscosity"": 7}}","{""base"": {""fma_adx_length"": 4, ""fma_ma_length"": 5, ""fma_weighting"": 4}, ""c1"": {""amplitude"": 18}, ""c2"": {""fast_period"": 42, ""medium_period"": 21, ""slow_period"": 16, ""smooth"": 3}, ""exit_ind"": {""adx_smoothing"": 14, ""adx_threshold"": 25, ""di_length"": 14}, ""vol"": {""lag"": 1.4, ""sedimentation"": 50, ""threshold"": 1.4, ""viscosity"": 4}}","{""atr_len"": 11, ""atr_mult"": 1.0, ""be_pct"": 0.04, ""tp_mult"": 2.65, ""trail_arm"": 1.15, ""trail_mult"": 1.8}",full,full,,0.0802127303028293,0.2820796178708786,,,,,,False,gate2_tuned_modeA_trend.csv,-0.079791769928434,0.3444685612070439,170,2.4250052509613265,-0.1848757860515428,94,0.4705374463538017,-0.2591757098086801,198,0.4032931332311778,True,0.10508401612310882,0.14223397800167747
supertrend_signals,ssl_channel_signals,choppiness_index_volume_signals,sma_baseline,adx_dmi_exit,trend,A,False,-0.1840623461739102,-31.65872354191255,0.5541024853251749,0.1511627906976744,-3.9659843897613767,,34.61073221375667,18.713447697807833,-0.9147082860422472,172,102,70,5,1.0,0.07,3.0,2.0,2.0,"{""base"": {""length"": 20}, ""c1"": {""atr_period"": 12, ""factor"": 6}, ""c2"": {""len"": 10}, ""exit_ind"": {""adx_smoothing"": 14, ""adx_threshold"": 25, ""di_length"": 14}, ""vol"": {""ci_threshold"": 50.127885, ""length"": 11}}","{""base"": {""length"": 200}, ""c1"": {""atr_period"": 10, ""factor"": 6}, ""c2"": {""len"": 12}, ""exit_ind"": {""adx_smoothing"": 14, ""adx_threshold"": 25, ""di_length"": 14}, ""vol"": {""ci_threshold"": 61.8, ""length"": 3}}","{""atr_len"": 27, ""atr_mult"": 1.0, ""be_pct"": 0.05, ""tp_mult"": 3.0, ""trail_arm"": 1.0, ""trail_mult"": 1.25}",full,full,,0.1203947840685172,0.8240504090916154,,,,,,False,gate2_tuned_modeA_trend.csv,-0.079791769928434,0.4719661285643561,112,2.705167948361546,-0.1839521306598999,102,0.5532591112545278,-0.1842229459228965,70,0.5553239236343881,True,0.10416036073146591,0.10429576836296421
kalman_filter_signals,center_of_gravity_signals,variance_volume_signals,tma_baseline,adx_dmi_exit,trend,A,False,-0.1944746039224337,-43.95126048647002,0.5026993644098758,0.1769911504424778,-4.756855758188224,-42.81834242475113,50.53982211681503,28.06325069238684,-0.8696362322938818,226,128,98,5,1.0,0.01,2.7,1.05,0.85,"{""base"": {""length"": 37}, ""c1"": {""k"": 1, ""sharpness"": 1}, ""c2"": {""length"": 12, ""signal_length"": 4}, ""exit_ind"": {""adx_smoothing"": 14, ""adx_threshold"": 25, ""di_length"": 14}, ""vol"": {""ema_len"": 19, ""filter_lookback"": 20, ""hline"": 0, ""lookback"": 132}}","{""base"": {""length"": 37}, ""c1"": {""k"": 1, ""sharpness"": 1}, ""c2"": {""length"": 12, ""signal_length"": 4}, ""exit_ind"": {""adx_smoothing"": 14, ""adx_threshold"": 25, ""di_length"": 14}, ""vol"": {""ema_len"": 12, ""filter_lookback"": 3, ""hline"": 0, ""lookback"": 37}}","{""atr_len"": 3, ""atr_mult"": 1.1, ""be_pct"": 0.03, ""tp_mult"": 2.4, ""trail_arm"": 1.25, ""trail_mult"": 0.8}",full,full,,0.2131993143153857,0.8748936841324898,,,,,,False,gate2_tuned_modeA_trend.csv,-0.079791769928434,0.3591149409957576,130,2.425866697035135,-0.1839104553590987,128,0.5132498641049748,-0.2082726755153609,98,0.489948519063817,True,0.1041186854306647,0.11629979550879581
ehlers_reverse_ema_signals,dpo_signals,fractal_dimension_volume_signals,rma_baseline,adx_dmi_exit,trend,A,False,-0.2194575490811464,-29.407311576873624,0.3911025843112579,0.1641791044776119,-6.188123613804046,-28.005595968791777,30.96752904230133,16.08225426266396,-0.949617631316452,134,82,52,2,1.0,0.01,1.3,1.85,0.5,"{""base"": {""ma_length"": 20}, ""c1"": {""alpha"": 0.432876}, ""c2"": {""len"": 50}, ""exit_ind"": {""adx_smoothing"": 14, ""adx_threshold"": 25, ""di_length"": 14}, ""vol"": {""fd_threshold"": 1.5, ""length"": 11}}","{""base"": {""ma_length"": 25}, ""c1"": {""alpha"": 0.081113}, ""c2"": {""len"": 62}, ""exit_ind"": {""adx_smoothing"": 14, ""adx_threshold"": 25, ""di_length"": 14}, ""vol"": {""fd_threshold"": 1.5, ""length"": 11}}","{""atr_len"": 43, ""atr_mult"": 1.0, ""be_pct"": 0.01, ""tp_mult"": 2.45, ""trail_arm"": 1.0, ""trail_mult"": 0.55}",full,full,,0.1907783631876931,1.2519464218041307,,,,,,False,gate2_tuned_modeA_trend.csv,-0.079791769928434,0.2860075090348594,100,2.131152057766575,-0.1837104197628911,82,0.5078539901508093,-0.2758280222368566,52,0.189047687665787,True,0.1039186498344571,0.14997745107143984
ehlers_reverse_ema_signals,laguerre_filter_signals,volatility_ratio_volume_signals,ema_baseline,adx_dmi_exit,trend,A,False,-0.1906133866563395,-56.42156245027651,0.4545008360631197,0.2128378378378378,-5.249121374118557,-25.43728188879272,57.85188688335231,34.0521851481906,-0.9752760971140012,296,114,182,4,1.0,0.14,2.8,1.15,0.5,"{""base"": {""ma_length"": 37}, ""c1"": {""alpha"": 0.187382}, ""c2"": {""alpha"": 0.070224}, ""exit_ind"": {""adx_smoothing"": 14, ""adx_threshold"": 25, ""di_length"": 14}, ""vol"": {""length"": 26}}","{""base"": {""ma_length"": 132}, ""c1"": {""alpha"": 0.035112}, ""c2"": {""alpha"": 0.106734}, ""exit_ind"": {""adx_smoothing"": 14, ""adx_threshold"": 25, ""di_length"": 14}, ""vol"": {""length"": 140}}","{""atr_len"": 47, ""atr_mult"": 1.15, ""be_pct"": 0.13, ""tp_mult"": 2.8, ""trail_arm"": 2.0, ""trail_mult"": 1.25}",full,full,,0.0921090030797795,0.3037475043675088,,,,,,False,gate2_tuned_modeA_trend.csv,-0.079791769928434,0.2722540244286848,104,2.062849259458577,-0.1834590692423801,114,0.5149736382792747,-0.1950946623991493,182,0.411265214331554,True,0.1036672993139461,0.1094850958923307
coppock_curve_signals,fisher_transform_signals,variance_volume_signals,alma_baseline,adx_dmi_exit,trend,A,False,-0.2134088837756741,-44.81586559289157,0.4641321677178338,0.1809523809523809,-5.355435832468101,-64.34596153626444,57.65649346341678,33.80088438588035,-0.7772908635404159,210,118,92,4,1.05,0.05,2.3,1.0,1.3,"{""base"": {""length"": 39, ""offset"": 0.298451, ""sigma"": 7}, ""c1"": {""long_roc"": 26, ""short_roc"": 48, ""smooth_len"": 10}, ""c2"": {""length"": 43}, ""exit_ind"": {""adx_smoothing"": 14, ""adx_threshold"": 25, ""di_length"": 14}, ""vol"": {""ema_len"": 19, ""filter_lookback"": 11, ""hline"": 0, ""lookback"": 132}}","{""base"": {""length"": 59, ""offset"": 0.85, ""sigma"": 2}, ""c1"": {""long_roc"": 140, ""short_roc"": 72, ""smooth_len"": 10}, ""c2"": {""length"": 100}, ""exit_ind"": {""adx_smoothing"": 14, ""adx_threshold"": 25, ""di_length"": 14}, ""vol"": {""ema_len"": 19, ""filter_lookback"": 11, ""hline"": 0, ""lookback"": 132}}","{""atr_len"": 3, ""atr_mult"": 1.0, ""be_pct"": 0.03, ""tp_mult"": 2.35, ""trail_arm"": 1.55, ""trail_mult"": 0.6}",full,full,,0.0835778849976431,0.6462172260516447,,,,,,False,gate2_tuned_modeA_trend.csv,-0.079791769928434,0.3963517840820468,144,2.6307044830804203,-0.2368212915420126,118,0.4253838361642668,-0.1833799259884138,92,0.5179727659733123,True,0.1035881560599798,0.13030883883677918
mama_fama_signals,kase_peak_oscillator_signals,fractal_dimension_volume_signals,rma_baseline,adx_dmi_exit,trend,A,False,-0.2506414712849484,-27.069278898774428,0.3340094008235615,0.2037037037037037,-8.167137096211414,-144.4812434890007,28.826821553958112,13.886748225231422,-0.9390309940381768,108,54,54,4,1.0,0.01,1.85,2.0,0.5,"{""base"": {""ma_length"": 16}, ""c1"": {""fast_limit"": 0.405565, ""slow_limit"": 0.017556}, ""c2"": {""long_cycle"": 10, ""sharpness"": 40, ""short_cycle"": 4}, ""exit_ind"": {""adx_smoothing"": 14, ""adx_threshold"": 25, ""di_length"": 14}, ""vol"": {""fd_threshold"": 1.5, ""length"": 30}}","{""base"": {""ma_length"": 20}, ""c1"": {""fast_limit"": 0.5, ""slow_limit"": 0.05}, ""c2"": {""long_cycle"": 65, ""sharpness"": 40, ""short_cycle"": 8}, ""exit_ind"": {""adx_smoothing"": 14, ""adx_threshold"": 25, ""di_length"": 14}, ""vol"": {""fd_threshold"": 1.216696, ""length"": 56}}","{""atr_len"": 26, ""atr_mult"": 1.0, ""be_pct"": 0.05, ""tp_mult"": 1.3, ""trail_arm"": 1.15, ""trail_mult"": 1.0}",full,full,,0.2117740831288189,0.9179091904200368,,,,,,False,gate2_tuned_modeA_trend.csv,-0.079791769928434,0.2422118638468591,100,2.349504828606188,-0.1817736989728866,54,0.4546789030813414,-0.3195092435970102,54,0.238092512531293,True,0.1019819290444526,0.1708497013565144
parabolic_sar_signals,halftrend_signals,chaikin_volatility_volume_signals,ema_baseline,adx_dmi_exit,trend,A,False,-0.1817008471437472,-49.42263042309924,0.5364821072269196,0.1911764705882352,-4.109405571043515,-39.52248395534064,50.8699380488191,26.117522149766437,-0.9715488620345696,272,104,168,4,1.0,0.03,2.85,1.0,1.35,"{""base"": {""ma_length"": 37}, ""c1"": {""sar_increment"": 0.00462, ""sar_maximum"": 0.070224, ""sar_start"": 0.007022}, ""c2"": {""amplitude"": 41}, ""exit_ind"": {""adx_smoothing"": 14, ""adx_threshold"": 25, ""di_length"": 14}, ""vol"": {""cvi_len"": 8, ""roc_len"": 120}}","{""base"": {""ma_length"": 87}, ""c1"": {""sar_increment"": 0.016223, ""sar_maximum"": 0.046203, ""sar_start"": 0.024657}, ""c2"": {""amplitude"": 27}, ""exit_ind"": {""adx_smoothing"": 14, ""adx_threshold"": 25, ""di_length"": 14}, ""vol"": {""cvi_len"": 2, ""roc_len"": 120}}","{""atr_len"": 50, ""atr_mult"": 1.0, ""be_pct"": 0.05, ""tp_mult"": 3.0, ""trail_arm"": 1.0, ""trail_mult"": 2.0}",full,full,,0.1188293149605785,0.4365944827203704,,,,,,False,gate2_tuned_modeA_trend.csv,-0.079791769928434,0.4922018729105371,102,3.205294594420991,-0.1826780656362765,104,0.5456464474549655,-0.1810959023626576,168,0.5305694808685786,True,0.1013041324342236,0.10209521407103307
laguerre_filter_signals,coral_signals,damiani_volatmeter_volume_signals,hma_baseline,adx_dmi_exit,trend,A,False,-0.1817386601719059,-33.076436151286885,0.54098171189117,0.1758241758241758,-3.9951918153993615,-52.576259296979394,34.97665097906286,20.654414388130277,-0.9456719046968376,182,130,52,50,1.0,0.05,2.15,1.0,1.95,"{""base"": {""ma_length"": 200}, ""c1"": {""alpha"": 0.162226}, ""c2"": {""const_d"": 3, ""smooth_period"": 12}, ""exit_ind"": {""adx_smoothing"": 14, ""adx_threshold"": 25, ""di_length"": 14}, ""vol"": {""lag"": 1.4, ""sedimentation"": 50, ""threshold"": 1.725985, ""viscosity"": 6}}","{""base"": {""ma_length"": 5}, ""c1"": {""alpha"": 0.2}, ""c2"": {""const_d"": 3, ""smooth_period"": 8}, ""exit_ind"": {""adx_smoothing"": 14, ""adx_threshold"": 25, ""di_length"": 14}, ""vol"": {""lag"": 1.4, ""sedimentation"": 142, ""threshold"": 1.725985, ""viscosity"": 7}}","{""atr_len"": 49, ""atr_mult"": 1.0, ""be_pct"": 0.01, ""tp_mult"": 2.85, ""trail_arm"": 2.0, ""trail_mult"": 1.0}",full,full,,0.1166568031357738,0.4016958083157602,,,,,,False,gate2_tuned_modeA_trend.csv,-0.079791769928434,0.5705918374039651,236,3.3768647221981474,-0.18061303981358,130,0.5401465406804947,-0.1845527110677207,52,0.5430123344989776,True,0.10082126988514602,0.10279110551221636
dpo_signals,rex_oscillator_signals,damiani_volatmeter_volume_signals,fantail_vma,adx_dmi_exit,trend,A,False,-0.2330734803904585,-37.29175686247337,0.4358395919826522,0.13125,-5.715150066568751,-55.03004309589355,40.14051401453681,25.358260832624943,-0.929030376864836,160,52,108,45,1.0,0.01,2.65,1.8,1.6,"{""base"": {""fma_adx_length"": 2, ""fma_ma_length"": 7, ""fma_weighting"": 12}, ""c1"": {""len"": 500}, ""c2"": {""almaOffset"": 0.85, ""almaSigma"": 6, ""framaFast"": 34, ""framaSlow"": 89, ""jurikPhase"": 1, ""jurikPower"": 1, ""lsOffset"": 0, ""modFBW"": 0.5, ""modFilter"": 0.8, ""sigAlmaOff"": 0.85, ""sigAlmaSig"": 6, ""sigFramaFast"": 34, ""sigFramaSlow"": 89, ""sigJurikPhase"": 1, ""sigJurikPower"": 1, ""sigLsOff"": 0, ""sigModFBW"": 0.5, ""sigModFilter"": 0.8, ""sigSmooth"": 22, ""sigVolAdj"": 10, ""smooth"": 17, ""volAdj"": 10}, ""exit_ind"": {""adx_smoothing"": 14, ""adx_threshold"": 25, ""di_length"": 14}, ""vol"": {""lag"": 1.4, ""sedimentation"": 62, ""threshold"": 1.4, ""viscosity"": 7}}","{""base"": {""fma_adx_length"": 2, ""fma_ma_length"": 7, ""fma_weighting"": 10}, ""c1"": {""len"": 18}, ""c2"": {""almaOffset"": 0.85, ""almaSigma"": 6, ""framaFast"": 34, ""framaSlow"": 89, ""jurikPhase"": 1, ""jurikPower"": 1, ""lsOffset"": 0, ""modFBW"": 0.5, ""modFilter"": 0.8, ""sigAlmaOff"": 0.85, ""sigAlmaSig"": 6, ""sigFramaFast"": 34, ""sigFramaSlow"": 89, ""sigJurikPhase"": 1, ""sigJurikPower"": 1, ""sigLsOff"": 0, ""sigModFBW"": 0.5, ""sigModFilter"": 0.8, ""sigSmooth"": 22, ""sigVolAdj"": 10, ""smooth"": 5, ""volAdj"": 10}, ""exit_ind"": {""adx_smoothing"": 14, ""adx_threshold"": 25, ""di_length"": 14}, ""vol"": {""lag"": 1.4, ""sedimentation"": 142, ""threshold"": 1.725985, ""viscosity"": 6}}","{""atr_len"": 32, ""atr_mult"": 1.0, ""be_pct"": 0.01, ""tp_mult"": 2.95, ""trail_arm"": 1.3, ""trail_mult"": 0.9}",full,full,,0.1723862640857032,0.3817433579885997,,,,,,False,gate2_tuned_modeA_trend.csv,-0.079791769928434,0.544695132648035,136,3.1893688888837723,-0.3423749735368332,52,0.2438433439677538,-0.180446835542204,108,0.5420627608972027,True,0.10065506561377001,0.1816191346110846
trend_direction_force_index_signals,center_of_gravity_signals,variance_volume_signals,mcginley_dynamic_index,adx_dmi_exit,trend,A,False,-0.2280197998289378,-37.39524717194581,0.4418619825082718,0.1463414634146341,-5.440293136402335,,38.07703712504111,18.650215971264497,-0.982094458902977,164,108,56,3,1.0,0.05,3.0,2.0,1.85,"{""base"": {""mci_length"": 14}, ""c1"": {""fhigh"": 0.216438, ""flow"": -0.05, ""lookback"": 56}, ""c2"": {""length"": 8, ""signal_length"": 3}, ""exit_ind"": {""adx_smoothing"": 14, ""adx_threshold"": 25, ""di_length"": 14}, ""vol"": {""ema_len"": 12, ""filter_lookback"": 20, ""hline"": 0, ""lookback"": 25}}","{""base"": {""mci_length"": 11}, ""c1"": {""fhigh"": 0.05, ""flow"": -0.142402, ""lookback"": 11}, ""c2"": {""length"": 10, ""signal_length"": 3}, ""exit_ind"": {""adx_smoothing"": 14, ""adx_threshold"": 25, ""di_length"": 14}, ""vol"": {""ema_len"": 12, ""filter_lookback"": 87, ""hline"": 0, ""lookback"": 25}}","{""atr_len"": 31, ""atr_mult"": 1.0, ""be_pct"": 0.05, ""tp_mult"": 2.4, ""trail_arm"": 1.95, ""trail_mult"": 2.0}",full,full,,0.0120259100274843,1.0956822246199718,,,,,,False,gate2_tuned_modeA_trend.csv,-0.079791769928434,0.4140931946235617,134,2.541346891098814,-0.1802980229097938,108,0.5471584540870302,-0.3200546553158586,56,0.2532058042629962,True,0.1005062529813598,0.1703845691843922
dspo_signals,hieken_ashi_smoothed_signals,variance_volume_signals,mcginley_dynamic_index,adx_dmi_exit,trend,A,False,-0.2036564805918803,-46.43367757494872,0.5183278724085911,0.1228070175438596,-3.819730617753304,-115.0994365294112,45.93367757494867,24.666540708732587,-1.010885259495807,228,170,58,26,1.0,0.01,2.05,1.9,1.6,"{""base"": {""mci_length"": 17}, ""c1"": {""len"": 61}, ""c2"": {""alma_offset1"": 0.85, ""alma_offset2"": 0.85, ""alma_sigma1"": 6, ""alma_sigma2"": 6, ""ama_smooth1"": 0.181, ""ama_smooth2"": 0.181, ""frama_t1_a"": 1, ""frama_t1_b"": 168, ""frama_t2_a"": 1, ""frama_t2_b"": 168, ""lsma_offset1"": 0, ""lsma_offset2"": 0, ""ma_len1"": 6, ""ma_len2"": 8, ""vol_factor1"": 1.010934, ""vol_factor2"": 1.010934}, ""exit_ind"": {""adx_smoothing"": 14, ""adx_threshold"": 25, ""di_length"": 14}, ""vol"": {""ema_len"": 66, ""filter_lookback"": 25, ""hline"": 0, ""lookback"": 20}}","{""base"": {""mci_length"": 11}, ""c1"": {""len"": 40}, ""c2"": {""alma_offset1"": 0.85, ""alma_offset2"": 0.85, ""alma_sigma1"": 6, ""alma_sigma2"": 6, ""ama_smooth1"": 0.181, ""ama_smooth2"": 0.181, ""frama_t1_a"": 1, ""frama_t1_b"": 168, ""frama_t2_a"": 1, ""frama_t2_b"": 168, ""lsma_offset1"": 0, ""lsma_offset2"": 0, ""ma_len1"": 6, ""ma_len2"": 8, ""vol_factor1"": 1.53653, ""vol_factor2"": 0.665127}, ""exit_ind"": {""adx_smoothing"": 14, ""adx_threshold"": 25, ""di_length"": 14}, ""vol"": {""ema_len"": 12, ""filter_lookback"": 11, ""hline"": 0, ""lookback"": 200}}","{""atr_len"": 50, ""atr_mult"": 1.0, ""be_pct"": 0.01, ""tp_mult"": 3.0, ""trail_arm"": 1.95, ""trail_mult"": 1.95}",full,full,,0.1388064955982707,0.8249184135749287,,,,,,False,gate2_tuned_modeA_trend.csv,-0.079791769928434,0.6339638053756558,128,4.005458040299408,-0.1787956424298249,170,0.5801818100577418,-0.2765244545151461,58,0.3317325682550629,True,0.09900387250139091,0.1478682785440515
j_tpo_signals,laguerre_filter_signals,variance_volume_signals,mcginley_dynamic_index,adx_dmi_exit,trend,A,False,-0.180237288916557,-25.95416960398422,0.4129097433192038,0.2152777777777778,-5.693457590721247,-18.128216231573653,27.895464446867983,16.157117877323884,-0.930408226520791,144,60,84,2,1.0,0.01,2.05,1.05,1.65,"{""base"": {""mci_length"": 17}, ""c1"": {""ema_len"": 200, ""len"": 14}, ""c2"": {""alpha"": 0.106734}, ""exit_ind"": {""adx_smoothing"": 14, ""adx_threshold"": 25, ""di_length"": 14}, ""vol"": {""ema_len"": 19, ""filter_lookback"": 200, ""hline"": 0, ""lookback"": 20}}","{""base"": {""mci_length"": 61}, ""c1"": {""ema_len"": 200, ""len"": 9}, ""c2"": {""alpha"": 0.162226}, ""exit_ind"": {""adx_smoothing"": 14, ""adx_threshold"": 25, ""di_length"": 14}, ""vol"": {""ema_len"": 100, ""filter_lookback"": 200, ""hline"": 0, ""lookback"": 20}}","{""atr_len"": 50, ""atr_mult"": 1.0, ""be_pct"": 0.05, ""tp_mult"": 2.95, ""trail_arm"": 1.25, ""trail_mult"": 0.5}",full,full,,0.09056150934937,0.6929525058397039,,,,,,False,gate2_tuned_modeA_trend.csv,-0.079791769928434,0.4211212553457919,102,2.8474437551540968,-0.1870205965709637,60,0.390784090961046,-0.1753920691634095,84,0.4287124351167315,True,0.0956002992349755,0.1014145629387526
linreg_slope_signals,halftrend_signals,variance_volume_signals,kama_baseline,adx_dmi_exit,trend,A,False,-0.2197573963191296,-32.52409465523118,0.4266624612763715,0.2027027027027027,-5.951457705257157,-41.33700872426505,32.024094655231174,16.051913512236357,-1.0156132438834873,148,92,56,18,1.0,0.05,2.95,1.75,1.9,"{""base"": {""fast_length"": 2, ""length"": 28, ""slow_length"": 300}, ""c1"": {""length"": 14, ""r2_floor"": 0.246569}, ""c2"": {""amplitude"": 50}, ""exit_ind"": {""adx_smoothing"": 14, ""adx_threshold"": 25, ""di_length"": 14}, ""vol"": {""ema_len"": 100, ""filter_lookback"": 20, ""hline"": 0, ""lookback"": 20}}","{""base"": {""fast_length"": 2, ""length"": 43, ""slow_length"": 24}, ""c1"": {""length"": 14, ""r2_floor"": 0.2}, ""c2"": {""amplitude"": 18}, ""exit_ind"": {""adx_smoothing"": 14, ""adx_threshold"": 25, ""di_length"": 14}, ""vol"": {""ema_len"": 12, ""filter_lookback"": 16, ""hline"": 0, ""lookback"": 20}}","{""atr_len"": 9, ""atr_mult"": 1.0, ""be_pct"": 0.01, ""tp_mult"": 2.55, ""trail_arm"": 1.0, ""trail_mult"": 1.4}",full,full,,0.1852375687601668,0.9768994996088778,,,,,,False,gate2_tuned_modeA_trend.csv,-0.079791769928434,0.4601461061565765,104,2.90980075914819,-0.1743394840071334,92,0.5222847689888082,-0.2943725379745518,56,0.2879962388184532,True,0.0945477140786994,0.15456424106240862
chandelier_exit_signals,hieken_ashi_smoothed_signals,chaikin_volatility_volume_signals,rma_baseline,adx_dmi_exit,trend,A,False,-0.1816197094037427,-29.785632342213813,0.5487025402694876,0.1646341463414634,-4.05531578525926,,29.51063234221381,14.78783846767342,-1.0093186752764571,164,92,72,20,1.0,0.01,2.45,1.85,1.6,"{""base"": {""ma_length"": 20}, ""c1"": {""atr_mult"": 9, ""atr_period"": 5}, ""c2"": {""alma_offset1"": 0.85, ""alma_offset2"": 0.85, ""alma_sigma1"": 6, ""alma_sigma2"": 6, ""ama_smooth1"": 0.181, ""ama_smooth2"": 0.181, ""frama_t1_a"": 1, ""frama_t1_b"": 168, ""frama_t2_a"": 1, ""frama_t2_b"": 168, ""lsma_offset1"": 0, ""lsma_offset2"": 0, ""ma_len1"": 6, ""ma_len2"": 8, ""vol_factor1"": 0.665127, ""vol_factor2"": 0.82}, ""exit_ind"": {""adx_smoothing"": 14, ""adx_threshold"": 25, ""di_length"": 14}, ""vol"": {""cvi_len"": 100, ""roc_len"": 12}}","{""base"": {""ma_length"": 132}, ""c1"": {""atr_mult"": 6, ""atr_period"": 12}, ""c2"": {""alma_offset1"": 0.85, ""alma_offset2"": 0.85, ""alma_sigma1"": 6, ""alma_sigma2"": 6, ""ama_smooth1"": 0.181, ""ama_smooth2"": 0.181, ""frama_t1_a"": 1, ""frama_t1_b"": 168, ""frama_t2_a"": 1, ""frama_t2_b"": 168, ""lsma_offset1"": 0, ""lsma_offset2"": 0, ""ma_len1"": 2, ""ma_len2"": 4, ""vol_factor1"": 2.335389, ""vol_factor2"": 0.82}, ""exit_ind"": {""adx_smoothing"": 14, ""adx_threshold"": 25, ""di_length"": 14}, ""vol"": {""cvi_len"": 4, ""roc_len"": 15}}","{""atr_len"": 50, ""atr_mult"": 1.0, ""be_pct"": 0.01, ""tp_mult"": 2.55, ""trail_arm"": 2.0, ""trail_mult"": 1.25}",full,full,,0.0997623647395825,0.507452050841824,,,,,,False,gate2_tuned_modeA_trend.csv,-0.079791769928434,0.4520923896941239,120,2.7500350568804808,-0.1739537006633777,92,0.5788489352360328,-0.1914151650164313,72,0.5077895756720331,True,0.09416193073494371,0.10289266291147049
glitch_index_signals,rex_oscillator_signals,variance_volume_signals,fantail_vma,adx_dmi_exit,chop,B,False,-0.1495759492101701,-25.427911365728924,0.723081779533031,0.3058823529411765,-2.337795051435308,-7.582699747190649,31.737483184811673,16.14946291944963,-0.8011949535399119,170,111,59,25,1.0,0.05,1.9,2.0,1.5,"{""base"": {""fma_adx_length"": 2, ""fma_ma_length"": 39, ""fma_weighting"": 10}, ""c1"": {""length"": 30, ""multiplier"": 1, ""smooth"": 3}, ""c2"": {""almaOffset"": 0.85, ""almaSigma"": 6, ""framaFast"": 34, ""framaSlow"": 89, ""jurikPhase"": 1, ""jurikPower"": 1, ""lsOffset"": 0, ""modFBW"": 0.5, ""modFilter"": 0.8, ""sigAlmaOff"": 0.85, ""sigAlmaSig"": 6, ""sigFramaFast"": 34, ""sigFramaSlow"": 89, ""sigJurikPhase"": 1, ""sigJurikPower"": 1, ""sigLsOff"": 0, ""sigModFBW"": 0.5, ""sigModFilter"": 0.8, ""sigSmooth"": 22, ""sigVolAdj"": 10, ""smooth"": 14, ""volAdj"": 10}, ""exit_ind"": {""adx_smoothing"": 14, ""adx_threshold"": 25, ""di_length"": 14}, ""vol"": {""ema_len"": 43, ""filter_lookback"": 5, ""hline"": 0, ""lookback"": 87}}","{""base"": {""fma_adx_length"": 2, ""fma_ma_length"": 7, ""fma_weighting"": 12}, ""c1"": {""length"": 30, ""multiplier"": 1, ""smooth"": 2}, ""c2"": {""almaOffset"": 0.85, ""almaSigma"": 6, ""framaFast"": 34, ""framaSlow"": 89, ""jurikPhase"": 1, ""jurikPower"": 1, ""lsOffset"": 0, ""modFBW"": 0.5, ""modFilter"": 0.8, ""sigAlmaOff"": 0.85, ""sigAlmaSig"": 6, ""sigFramaFast"": 34, ""sigFramaSlow"": 89, ""sigJurikPhase"": 1, ""sigJurikPower"": 1, ""sigLsOff"": 0, ""sigModFBW"": 0.5, ""sigModFilter"": 0.8, ""sigSmooth"": 18, ""sigVolAdj"": 10, ""smooth"": 14, ""volAdj"": 10}, ""exit_ind"": {""adx_smoothing"": 14, ""adx_threshold"": 25, ""di_length"": 14}, ""vol"": {""ema_len"": 66, ""filter_lookback"": 132, ""hline"": 0, ""lookback"": 200}}","{""atr_len"": 11, ""atr_mult"": 1.05, ""be_pct"": 0.05, ""tp_mult"": 1.1, ""trail_arm"": 2.0, ""trail_mult"": 1.5}",full,full,,0.0779669680109697,0.5290475382530851,,,,,,False,gate2_tuned_modeB.csv,-0.0550301260173602,0.3263958235670256,103,2.237918407671588,-0.1488665105485654,111,0.6853788821210559,-0.1509106558447146,59,0.7734635112111514,True,0.09383638453120519,0.09485845717927979
ichimoku_signals,polychromatic_momentum_signals,chaikin_volatility_volume_signals,sma_baseline,adx_dmi_exit,trend,A,False,-0.173590764467608,-22.913980909724263,0.575667020190292,0.1666666666666666,-3.8000037665973454,,29.40539626567137,16.174951564099096,-0.7792440782875845,132,80,52,4,1.0,0.05,2.85,2.0,1.85,"{""base"": {""length"": 25}, ""c1"": {""base_len"": 14, ""conversion_len"": 9, ""displacement"": 49, ""span_b_len"": 225}, ""c2"": {""len"": 3}, ""exit_ind"": {""adx_smoothing"": 14, ""adx_threshold"": 25, ""di_length"": 14}, ""vol"": {""cvi_len"": 28, ""roc_len"": 10}}","{""base"": {""length"": 200}, ""c1"": {""base_len"": 26, ""conversion_len"": 11, ""displacement"": 32, ""span_b_len"": 52}, ""c2"": {""len"": 17}, ""exit_ind"": {""adx_smoothing"": 14, ""adx_threshold"": 25, ""di_length"": 14}, ""vol"": {""cvi_len"": 10, ""roc_len"": 15}}","{""atr_len"": 48, ""atr_mult"": 1.0, ""be_pct"": 0.01, ""tp_mult"": 3.0, ""trail_arm"": 1.0, ""trail_mult"": 1.25}",full,full,,0.2166204215540837,1.3683236140090478,,,,,,False,gate2_tuned_modeA_trend.csv,-0.079791769928434,0.4243974585148484,100,2.5157052089816014,-0.1738174533208915,80,0.5786243555857181,-0.1732420123856335,52,0.5710197788546224,True,0.0934502424571995,0.09373796292482851
ehlers_reverse_ema_signals,dpo_signals,efficiency_ratio_volume_signals,mcginley_dynamic_index,adx_dmi_exit,trend,A,False,-0.1779521854576146,-38.79357642975999,0.527013407823506,0.1743119266055046,-4.045285738850355,-31.722339956709277,38.35792512471903,22.71747288879767,-1.011357530513563,218,120,98,5,1.0,0.05,1.75,1.0,1.9,"{""base"": {""mci_length"": 14}, ""c1"": {""alpha"": 0.123285}, ""c2"": {""len"": 142}, ""exit_ind"": {""adx_smoothing"": 14, ""adx_threshold"": 25, ""di_length"": 14}, ""vol"": {""er_threshold"": 0.369854, ""length"": 10}}","{""base"": {""mci_length"": 14}, ""c1"": {""alpha"": 0.023101}, ""c2"": {""len"": 50}, ""exit_ind"": {""adx_smoothing"": 14, ""adx_threshold"": 25, ""di_length"": 14}, ""vol"": {""er_threshold"": 0.3, ""length"": 10}}","{""atr_len"": 42, ""atr_mult"": 1.0, ""be_pct"": 0.01, ""tp_mult"": 2.1, ""trail_arm"": 1.5, ""trail_mult"": 1.5}",full,full,,0.221907325873842,0.4583408176456464,,,,,,False,gate2_tuned_modeA_trend.csv,-0.079791769928434,0.385452737806338,130,2.7509624940256305,-0.1729369082240872,120,0.5669499065472962,-0.1840933412537706,98,0.4708844243235687,True,0.0931451382956532,0.09872335481049489
dspo_signals,lemantrend_signals,damiani_volatmeter_volume_signals,vidya,adx_dmi_exit,chop,B,False,-0.1991362459968797,-37.039341755419635,0.6310047980933366,0.2473118279569892,-2.8167450711265047,-9.264171119203017,39.28758997787352,26.362263273285432,-0.9427745956491584,186,133,53,50,1.0,0.05,2.8,2.0,1.5,"{""base"": {""vda_length"": 2}, ""c1"": {""len"": 140}, ""c2"": {""fast_period"": 147, ""medium_period"": 21, ""slow_period"": 37, ""smooth"": 30}, ""exit_ind"": {""adx_smoothing"": 14, ""adx_threshold"": 25, ""di_length"": 14}, ""vol"": {""lag"": 1.4, ""sedimentation"": 142, ""threshold"": 1.4, ""viscosity"": 7}}","{""base"": {""vda_length"": 2}, ""c1"": {""len"": 11}, ""c2"": {""fast_period"": 340, ""medium_period"": 21, ""slow_period"": 7, ""smooth"": 4}, ""exit_ind"": {""adx_smoothing"": 14, ""adx_threshold"": 25, ""di_length"": 14}, ""vol"": {""lag"": 1.4, ""sedimentation"": 94, ""threshold"": 1.4, ""viscosity"": 6}}","{""atr_len"": 28, ""atr_mult"": 1.0, ""be_pct"": 0.05, ""tp_mult"": 3.0, ""trail_arm"": 2.0, ""trail_mult"": 1.5}",full,full,,0.0434213524260704,0.2812446445290249,,,,,,False,gate2_tuned_modeB.csv,-0.0550301260173602,0.4214140747658075,102,2.137573910289101,-0.2195132645996522,133,0.5968187658167808,-0.1480014634653939,53,0.7195204574852644,True,0.09297133744803368,0.12872723801516284
chandelier_exit_signals,coral_signals,variance_volume_signals,ema_baseline,adx_dmi_exit,trend,A,False,-0.2366587331547008,-51.591603827724775,0.4309425198364333,0.1330275229357798,-5.750855564470972,-85.95197487833653,53.99734877886122,33.67584832811238,-0.955446980165844,218,120,98,23,1.0,0.05,2.95,1.75,1.35,"{""base"": {""ma_length"": 25}, ""c1"": {""atr_mult"": 4, ""atr_period"": 27}, ""c2"": {""const_d"": 92, ""smooth_period"": 28}, ""exit_ind"": {""adx_smoothing"": 14, ""adx_threshold"": 25, ""di_length"": 14}, ""vol"": {""ema_len"": 100, ""filter_lookback"": 2, ""hline"": 0, ""lookback"": 25}}","{""base"": {""ma_length"": 25}, ""c1"": {""atr_mult"": 3, ""atr_period"": 12}, ""c2"": {""const_d"": 11, ""smooth_period"": 12}, ""exit_ind"": {""adx_smoothing"": 14, ""adx_threshold"": 25, ""di_length"": 14}, ""vol"": {""ema_len"": 43, ""filter_lookback"": 132, ""hline"": 0, ""lookback"": 16}}","{""atr_len"": 27, ""atr_mult"": 1.0, ""be_pct"": 0.01, ""tp_mult"": 2.85, ""trail_arm"": 1.6, ""trail_mult"": 1.65}",full,full,,0.1412648090311328,0.5344017123547194,,,,,,False,gate2_tuned_modeA_trend.csv,-0.079791769928434,0.4680159733699088,130,2.644380446975352,-0.289142461636591,120,0.3082922858631324,-0.172392943176876,98,0.5828516436707687,True,0.09260117324844201,0.1509759324782995
center_of_gravity_signals,parabolic_sar_signals,efficiency_ratio_volume_signals,t3_baseline,adx_dmi_exit,chop,B,False,-0.1755340353711943,-31.94719443755738,0.6939612018696475,0.2417582417582417,-2.4870478572018926,-9.38682346524343,44.55680761967234,26.33715887454247,-0.7169991779988368,182,105,77,19,1.05,0.05,2.75,2.0,1.5,"{""base"": {""length"": 10, ""volume_factor"": 0.106394}, ""c1"": {""length"": 8, ""signal_length"": 3}, ""c2"": {""sar_increment"": 0.016223, ""sar_maximum"": 0.030398, ""sar_start"": 0.024657}, ""exit_ind"": {""adx_smoothing"": 14, ""adx_threshold"": 25, ""di_length"": 14}, ""vol"": {""er_threshold"": 0.369854, ""length"": 8}}","{""base"": {""length"": 8, ""volume_factor"": 0.567792}, ""c1"": {""length"": 10, ""signal_length"": 4}, ""c2"": {""sar_increment"": 0.02, ""sar_maximum"": 0.246569, ""sar_start"": 0.02}, ""exit_ind"": {""adx_smoothing"": 14, ""adx_threshold"": 25, ""di_length"": 14}, ""vol"": {""er_threshold"": 0.3, ""length"": 28}}","{""atr_len"": 45, ""atr_mult"": 1.0, ""be_pct"": 0.05, ""tp_mult"": 1.5, ""trail_arm"": 2.0, ""trail_mult"": 1.5}",full,full,,-0.0827344115673421,0.4982656885892696,,,,,,False,gate2_tuned_modeB.csv,-0.0550301260173602,0.1119327814117276,112,1.2560369300744174,-0.196904007731748,105,0.6558204480147508,-0.1463931639704394,77,0.7456571073251942,True,0.09136303795307918,0.11661845983373348
supertrend_signals,aroon_signals,waddah_attar_explosion_volume_signals,ema_baseline,adx_dmi_exit,trend,A,False,-0.1802549370460904,-23.43314181599176,0.538581420693749,0.1923076923076923,-4.43360692975158,-191.0387800210985,34.19205903887382,20.103284972500298,-0.6853387153242226,130,72,58,26,1.0,0.2,1.5,1.0,1.4,"{""base"": {""ma_length"": 20}, ""c1"": {""atr_period"": 12, ""factor"": 3}, ""c2"": {""length"": 31}, ""exit_ind"": {""adx_smoothing"": 14, ""adx_threshold"": 25, ""di_length"": 14}, ""vol"": {""bbLen"": 11, ""bbStd"": 2, ""fastEma"": 7, ""sensitivity"": 122, ""slowEma"": 6}}","{""base"": {""ma_length"": 25}, ""c1"": {""atr_period"": 2, ""factor"": 3}, ""c2"": {""length"": 47}, ""exit_ind"": {""adx_smoothing"": 14, ""adx_threshold"": 25, ""di_length"": 14}, ""vol"": {""bbLen"": 87, ""bbStd"": 20, ""fastEma"": 87, ""sensitivity"": 35, ""slowEma"": 14}}","{""atr_len"": 28, ""atr_mult"": 1.1, ""be_pct"": 0.05, ""tp_mult"": 2.5, ""trail_arm"": 1.9, ""trail_mult"": 0.7}",full,full,,0.0335606235218167,0.4368722663942613,,,,,,False,gate2_tuned_modeA_trend.csv,-0.079791769928434,0.4977354151555521,106,3.3859200730754058,-0.1878469136937293,72,0.5301379700032139,-0.1708304143110904,58,0.5496289077253071,True,0.0910386443826564,0.09954689407397584
linreg_slope_signals,waddah_attar_explosion_signals,variance_volume_signals,t3_baseline,adx_dmi_exit,trend,A,False,-0.1903996181904207,-32.367935092371525,0.5134493626752585,0.1941176470588235,-4.699391613212979,-65.22782480206745,38.21243614466879,22.969561543212464,-0.847052382889944,170,110,60,2,1.0,0.01,2.55,1.65,2.0,"{""base"": {""length"": 12, ""volume_factor"": 0.7}, ""c1"": {""length"": 92, ""r2_floor"": 0.246569}, ""c2"": {""bbLen"": 57, ""bbStd"": 2, ""fastEma"": 20, ""sensitivity"": 150, ""slowEma"": 32}, ""exit_ind"": {""adx_smoothing"": 14, ""adx_threshold"": 25, ""di_length"": 14}, ""vol"": {""ema_len"": 10, ""filter_lookback"": 20, ""hline"": 0, ""lookback"": 200}}","{""base"": {""length"": 10, ""volume_factor"": 0.862993}, ""c1"": {""length"": 14, ""r2_floor"": 0.246569}, ""c2"": {""bbLen"": 7, ""bbStd"": 2, ""fastEma"": 16, ""sensitivity"": 150, ""slowEma"": 40}, ""exit_ind"": {""adx_smoothing"": 14, ""adx_threshold"": 25, ""di_length"": 14}, ""vol"": {""ema_len"": 19, ""filter_lookback"": 7, ""hline"": 0, ""lookback"": 3}}","{""atr_len"": 30, ""atr_mult"": 1.0, ""be_pct"": 0.01, ""tp_mult"": 2.35, ""trail_arm"": 1.0, ""trail_mult"": 1.25}",full,full,,0.0625864148346493,0.6864957613686746,,,,,,False,gate2_tuned_modeA_trend.csv,-0.079791769928434,0.5523134365846395,102,3.656386743252765,-0.201674809462569,110,0.4783288892547482,-0.1697284341914821,60,0.5756789145212946,True,0.0899366642630481,0.10590985189859155
fx_sniper_ergodic_cci_signals,ichimoku_signals,variance_volume_signals,frama_baseline,adx_dmi_exit,chop,B,False,-0.165349471584947,-25.133119680911953,0.7276803389664354,0.2565789473684211,-2.023607589172014,-9.259663670492296,30.336009718544226,16.763460074840808,-0.8284912852446847,152,94,58,46,1.0,0.05,2.7,2.0,1.5,"{""base"": {""length"": 12}, ""c1"": {""cci_length"": 14, ""ema1_length"": 5, ""ema2_length"": 3, ""trigger_length"": 5}, ""c2"": {""base_len"": 21, ""conversion_len"": 9, ""displacement"": 74, ""span_b_len"": 97}, ""exit_ind"": {""adx_smoothing"": 14, ""adx_threshold"": 25, ""di_length"": 14}, ""vol"": {""ema_len"": 12, ""filter_lookback"": 20, ""hline"": 0, ""lookback"": 11}}","{""base"": {""length"": 19}, ""c1"": {""cci_length"": 14, ""ema1_length"": 5, ""ema2_length"": 3, ""trigger_length"": 5}, ""c2"": {""base_len"": 26, ""conversion_len"": 3, ""displacement"": 21, ""span_b_len"": 97}, ""exit_ind"": {""adx_smoothing"": 14, ""adx_threshold"": 25, ""di_length"": 14}, ""vol"": {""ema_len"": 10, ""filter_lookback"": 132, ""hline"": 0, ""lookback"": 11}}","{""atr_len"": 33, ""atr_mult"": 1.0, ""be_pct"": 0.05, ""tp_mult"": 3.0, ""trail_arm"": 2.0, ""trail_mult"": 1.5}",full,full,,0.0746020838134178,0.6720794679551663,,,,,,False,gate2_tuned_modeB.csv,-0.0550301260173602,0.5021937080439675,104,2.148830916676055,-0.1779877603411463,94,0.7088336101990117,-0.1448667277386929,58,0.7587719923022488,True,0.0898366017213327,0.10639711802255938
ssl_channel_signals,price_momentum_oscillator_signals,variance_volume_signals,rma_baseline,adx_dmi_exit,trend,A,False,-0.1840691355912715,-30.18733823696854,0.5156778866521714,0.2134146341463414,-4.43068120423636,-44.673529963755776,34.34343397637991,15.972435309938586,-0.8789842698237522,164,104,60,12,1.0,0.03,2.65,1.9,1.6,"{""base"": {""ma_length"": 20}, ""c1"": {""len"": 19}, ""c2"": {""s1"": 43, ""s2"": 16, ""sig"": 10}, ""exit_ind"": {""adx_smoothing"": 14, ""adx_threshold"": 25, ""di_length"": 14}, ""vol"": {""ema_len"": 12, ""filter_lookback"": 87, ""hline"": 0, ""lookback"": 200}}","{""base"": {""ma_length"": 37}, ""c1"": {""len"": 19}, ""c2"": {""s1"": 100, ""s2"": 16, ""sig"": 10}, ""exit_ind"": {""adx_smoothing"": 14, ""adx_threshold"": 25, ""di_length"": 14}, ""vol"": {""ema_len"": 12, ""filter_lookback"": 37, ""hline"": 0, ""lookback"": 57}}","{""atr_len"": 5, ""atr_mult"": 1.0, ""be_pct"": 0.01, ""tp_mult"": 2.5, ""trail_arm"": 1.7, ""trail_mult"": 0.5}",full,full,,0.0964995772534644,1.020849834526892,,,,,,False,gate2_tuned_modeA_trend.csv,-0.079791769928434,0.5452315432873486,114,4.08003831793515,-0.1691887282561728,104,0.5476045869402608,-0.2098618416387759,60,0.4626894311653186,True,0.08939695832773879,0.10973351501904034
ichimoku_signals,fisher_transform_signals,chaikin_volatility_volume_signals,vidya,adx_dmi_exit,trend,A,False,-0.2089752472311747,-26.330881151128025,0.5031909216768302,0.1428571428571428,-4.536564793839588,,29.347733325886075,15.077782666051355,-0.8972032306121219,126,72,54,4,1.0,0.05,3.0,1.55,1.85,"{""base"": {""vda_length"": 13}, ""c1"": {""base_len"": 14, ""conversion_len"": 9, ""displacement"": 74, ""span_b_len"": 97}, ""c2"": {""length"": 10}, ""exit_ind"": {""adx_smoothing"": 14, ""adx_threshold"": 25, ""di_length"": 14}, ""vol"": {""cvi_len"": 43, ""roc_len"": 10}}","{""base"": {""vda_length"": 13}, ""c1"": {""base_len"": 32, ""conversion_len"": 9, ""displacement"": 74, ""span_b_len"": 8}, ""c2"": {""length"": 66}, ""exit_ind"": {""adx_smoothing"": 14, ""adx_threshold"": 25, ""di_length"": 14}, ""vol"": {""cvi_len"": 19, ""roc_len"": 79}}","{""atr_len"": 27, ""atr_mult"": 1.0, ""be_pct"": 0.01, ""tp_mult"": 2.9, ""trail_arm"": 1.75, ""trail_mult"": 0.85}",full,full,,0.1478628364319569,1.3689554590656912,,,,,,False,gate2_tuned_modeA_trend.csv,-0.079791769928434,0.6657594476258736,126,3.91696554705289,-0.1686776866285821,72,0.5951735520914031,-0.2627053280346316,54,0.3832135776578223,True,0.0888859167001481,0.13589973740317285
kase_peak_oscillator_signals,chandelier_exit_signals,chaikin_volatility_volume_signals,sma_baseline,adx_dmi_exit,trend,A,False,-0.1844008905891737,-45.73142086611509,0.5381847208913257,0.1693548387096774,-4.091660813315121,-56.67469781830744,45.23142086611509,26.79922922800197,-1.0110542625110095,248,88,160,3,1.0,0.01,2.9,1.3,1.6,"{""base"": {""length"": 25}, ""c1"": {""long_cycle"": 650, ""sharpness"": 40, ""short_cycle"": 80}, ""c2"": {""atr_mult"": 3, ""atr_period"": 8}, ""exit_ind"": {""adx_smoothing"": 14, ""adx_threshold"": 25, ""di_length"": 14}, ""vol"": {""cvi_len"": 8, ""roc_len"": 22}}","{""base"": {""length"": 200}, ""c1"": {""long_cycle"": 80, ""sharpness"": 40, ""short_cycle"": 6}, ""c2"": {""atr_mult"": 6, ""atr_period"": 22}, ""exit_ind"": {""adx_smoothing"": 14, ""adx_threshold"": 25, ""di_length"": 14}, ""vol"": {""cvi_len"": 10, ""roc_len"": 15}}","{""atr_len"": 37, ""atr_mult"": 1.0, ""be_pct"": 0.05, ""tp_mult"": 3.0, ""trail_arm"": 1.65, ""trail_mult"": 1.25}",full,full,,0.1043446615320106,0.4683716814527968,,,,,,False,gate2_tuned_modeA_trend.csv,-0.079791769928434,0.4225672656482859,100,2.6574549953826767,-0.1684032016218865,88,0.5520993388060506,-0.1931996195211817,160,0.5312026950023407,True,0.0886114316934525,0.1010096406431001
linreg_slope_signals,polychromatic_momentum_signals,waddah_attar_explosion_volume_signals,vidya,adx_dmi_exit,chop,B,False,-0.1522107391638108,-33.790784094366,0.7214898386781595,0.2567567567567567,-2.16713167756543,-7.763776905298469,51.9793987630905,26.986616360785376,-0.6500803183271936,222,157,65,23,1.0,0.05,2.85,2.0,1.5,"{""base"": {""vda_length"": 13}, ""c1"": {""length"": 11, ""r2_floor"": 0.374763}, ""c2"": {""len"": 14}, ""exit_ind"": {""adx_smoothing"": 14, ""adx_threshold"": 25, ""di_length"": 14}, ""vol"": {""bbLen"": 3, ""bbStd"": 20, ""fastEma"": 132, ""sensitivity"": 35, ""slowEma"": 21}}","{""base"": {""vda_length"": 2}, ""c1"": {""length"": 92, ""r2_floor"": 0.374763}, ""c2"": {""len"": 26}, ""exit_ind"": {""adx_smoothing"": 14, ""adx_threshold"": 25, ""di_length"": 14}, ""vol"": {""bbLen"": 16, ""bbStd"": 2, ""fastEma"": 7, ""sensitivity"": 122, ""slowEma"": 6}}","{""atr_len"": 15, ""atr_mult"": 1.0, ""be_pct"": 0.05, ""tp_mult"": 1.5, ""trail_arm"": 2.0, ""trail_mult"": 1.5}",full,full,,0.0194549298216662,0.4773973428898581,,,,,,False,gate2_tuned_modeB.csv,-0.0550301260173602,0.3010082985042308,130,1.951666481632535,-0.1436251441345991,157,0.7026876768915872,-0.1729482533112914,65,0.7528421701012954,True,0.08859501811723888,0.10325657270558505
bears_bulls_impulse_signals,halftrend_signals,chaikin_volatility_volume_signals,wma_baseline,adx_dmi_exit,trend,A,False,-0.2462990851322936,-42.363442642754514,0.3862730575236852,0.1627906976744186,-6.7412522197978015,-110.42221982560817,45.59704780734005,29.141976246796688,-0.9290830147984932,172,66,106,11,1.05,0.01,1.8,1.0,2.0,"{""base"": {""ma_length"": 57}, ""c1"": {""length"": 16}, ""c2"": {""amplitude"": 18}, ""exit_ind"": {""adx_smoothing"": 14, ""adx_threshold"": 25, ""di_length"": 14}, ""vol"": {""cvi_len"": 19, ""roc_len"": 12}}","{""base"": {""ma_length"": 87}, ""c1"": {""length"": 37}, ""c2"": {""amplitude"": 18}, ""exit_ind"": {""adx_smoothing"": 14, ""adx_threshold"": 25, ""di_length"": 14}, ""vol"": {""cvi_len"": 100, ""roc_len"": 6}}","{""atr_len"": 31, ""atr_mult"": 1.0, ""be_pct"": 0.05, ""tp_mult"": 2.45, ""trail_arm"": 1.15, ""trail_mult"": 1.85}",full,full,,0.1923921972095029,0.4750582805661672,,,,,,False,gate2_tuned_modeA_trend.csv,-0.079791769928434,0.5598699472546665,100,3.7801767554549697,-0.3731574042736825,66,0.1566730828203996,-0.1673118298178441,106,0.5546494924729611,True,0.0875200598894101,0.19044284711732928
coral_signals,qqe_mod_signals,variance_volume_signals,hma_baseline,adx_dmi_exit,chop,B,False,-0.1436852413802633,-26.00702868982767,0.7192324723669796,0.2596685082872928,-1.9536034896683616,-6.698504643770771,33.67994612966654,17.935069852639703,-0.7721814218378372,181,114,67,36,1.0,0.05,3.0,2.0,1.5,"{""base"": {""ma_length"": 20}, ""c1"": {""const_d"": 26, ""smooth_period"": 12}, ""c2"": {""fast_factor"": 1.61, ""rsi_len"": 4, ""rsi_period"": 3}, ""exit_ind"": {""adx_smoothing"": 14, ""adx_threshold"": 25, ""di_length"": 14}, ""vol"": {""ema_len"": 100, ""filter_lookback"": 200, ""hline"": 0, ""lookback"": 11}}","{""base"": {""ma_length"": 87}, ""c1"": {""const_d"": 40, ""smooth_period"": 12}, ""c2"": {""fast_factor"": 0.859209, ""rsi_len"": 5, ""rsi_period"": 5}, ""exit_ind"": {""adx_smoothing"": 14, ""adx_threshold"": 25, ""di_length"": 14}, ""vol"": {""ema_len"": 100, ""filter_lookback"": 20, ""hline"": 0, ""lookback"": 11}}","{""atr_len"": 50, ""atr_mult"": 1.0, ""be_pct"": 0.05, ""tp_mult"": 3.0, ""trail_arm"": 2.0, ""trail_mult"": 1.5}",full,full,,0.0604367925004892,0.6480614910785045,,,,,,False,gate2_tuned_modeB.csv,-0.0550301260173602,0.6806250221642914,113,2.8581603498246047,-0.1444043076864219,114,0.7367347192327036,-0.1424617554265011,67,0.6828703739332589,True,0.0874316294091409,0.0884029055391013
kuskus_starlight_signals,kuskus_starlight_signals,chaikin_volatility_volume_signals,sma_baseline,adx_dmi_exit,trend,A,False,-0.1762157611481498,-38.76746745259297,0.5641700249154475,0.1545454545454545,-3.823697478428144,-45.6870691832432,42.524435113630496,24.397458121280177,-0.9116515563111316,220,92,128,3,1.0,0.06,2.8,1.75,1.9,"{""base"": {""length"": 25}, ""c1"": {""index_smooth"": 0.07, ""price_smooth"": 0.106394, ""range_periods"": 197}, ""c2"": {""index_smooth"": 0.7, ""price_smooth"": 0.373569, ""range_periods"": 24}, ""exit_ind"": {""adx_smoothing"": 14, ""adx_threshold"": 25, ""di_length"": 14}, ""vol"": {""cvi_len"": 28, ""roc_len"": 12}}","{""base"": {""length"": 200}, ""c1"": {""index_smooth"": 0.7, ""price_smooth"": 0.07, ""range_periods"": 37}, ""c2"": {""index_smooth"": 0.7, ""price_smooth"": 0.7, ""range_periods"": 85}, ""exit_ind"": {""adx_smoothing"": 14, ""adx_threshold"": 25, ""di_length"": 14}, ""vol"": {""cvi_len"": 19, ""roc_len"": 12}}","{""atr_len"": 50, ""atr_mult"": 1.0, ""be_pct"": 0.05, ""tp_mult"": 3.0, ""trail_arm"": 2.0, ""trail_mult"": 0.5}",full,full,,0.1270753342798889,0.5315308308245918,,,,,,False,gate2_tuned_modeA_trend.csv,-0.079791769928434,0.4629871719803614,102,2.686596126499887,-0.1892062736503677,92,0.5245912728239072,-0.1668788302871806,128,0.5918596229731544,True,0.0870870603587466,0.09825078204034017
donchian_breakout_signals,center_of_gravity_signals,chaikin_volatility_volume_signals,wma_baseline,adx_dmi_exit,chop,B,False,-0.1640860409726838,-49.389898332777825,0.7013313160018942,0.2458471760797342,-2.5287045347160024,-8.380353999709449,48.79352000216794,27.28179568755253,-1.01222249041642,301,126,175,3,1.0,0.05,1.65,2.0,1.5,"{""base"": {""ma_length"": 200}, ""c1"": {""length"": 200}, ""c2"": {""length"": 4, ""signal_length"": 3}, ""exit_ind"": {""adx_smoothing"": 14, ""adx_threshold"": 25, ""di_length"": 14}, ""vol"": {""cvi_len"": 12, ""roc_len"": 4}}","{""base"": {""ma_length"": 25}, ""c1"": {""length"": 20}, ""c2"": {""length"": 8, ""signal_length"": 6}, ""exit_ind"": {""adx_smoothing"": 14, ""adx_threshold"": 25, ""di_length"": 14}, ""vol"": {""cvi_len"": 5, ""roc_len"": 120}}","{""atr_len"": 42, ""atr_mult"": 1.0, ""be_pct"": 0.05, ""tp_mult"": 1.5, ""trail_arm"": 2.0, ""trail_mult"": 1.5}",full,full,,0.0252537055947393,0.2987742093850608,,,,,,False,gate2_tuned_modeB.csv,-0.0550301260173602,0.2636363945071036,141,1.7027956064814151,-0.1957065341885655,126,0.653465967329116,-0.1413192858572489,175,0.7374859723469207,True,0.08628915983988869,0.11348278400554698
ichimoku_signals,kase_peak_oscillator_signals,chaikin_volatility_volume_signals,sma_baseline,adx_dmi_exit,trend,A,False,-0.1658511924930513,-20.897250254124476,0.5866644647509073,0.1587301587301587,-3.517682244549158,-85.4228023409304,28.569621264556872,16.75937438137167,-0.7314500273074797,126,60,66,4,1.0,0.01,2.8,1.55,1.8,"{""base"": {""length"": 37}, ""c1"": {""base_len"": 14, ""conversion_len"": 9, ""displacement"": 49, ""span_b_len"": 342}, ""c2"": {""long_cycle"": 23, ""sharpness"": 40, ""short_cycle"": 8}, ""exit_ind"": {""adx_smoothing"": 14, ""adx_threshold"": 25, ""di_length"": 14}, ""vol"": {""cvi_len"": 43, ""roc_len"": 10}}","{""base"": {""length"": 87}, ""c1"": {""base_len"": 14, ""conversion_len"": 59, ""displacement"": 26, ""span_b_len"": 52}, ""c2"": {""long_cycle"": 428, ""sharpness"": 40, ""short_cycle"": 8}, ""exit_ind"": {""adx_smoothing"": 14, ""adx_threshold"": 25, ""di_length"": 14}, ""vol"": {""cvi_len"": 12, ""roc_len"": 10}}","{""atr_len"": 12, ""atr_mult"": 1.0, ""be_pct"": 0.05, ""tp_mult"": 3.0, ""trail_arm"": 1.35, ""trail_mult"": 1.0}",full,full,,0.1772919814365741,1.3054879025130033,,,,,,False,gate2_tuned_modeA_trend.csv,-0.079791769928434,0.6215552745885968,100,3.4862210983543904,-0.1658381121480129,60,0.5948183420095585,-0.1658630837158136,66,0.5789629413367816,True,0.0860463422195789,0.08605882800347926
polychromatic_momentum_signals,dpo_signals,variance_volume_signals,mcginley_dynamic_index,adx_dmi_exit,trend,A,False,-0.1655129056455842,-45.681561958181256,0.5320500870206439,0.1992753623188405,-3.84790855610027,-22.882333021518225,45.18156195818128,26.03059387940697,-1.0110664611476414,276,194,82,4,1.0,0.01,2.3,1.05,1.85,"{""base"": {""mci_length"": 17}, ""c1"": {""len"": 11}, ""c2"": {""len"": 142}, ""exit_ind"": {""adx_smoothing"": 14, ""adx_threshold"": 25, ""di_length"": 14}, ""vol"": {""ema_len"": 19, ""filter_lookback"": 200, ""hline"": 0, ""lookback"": 20}}","{""base"": {""mci_length"": 14}, ""c1"": {""len"": 14}, ""c2"": {""len"": 94}, ""exit_ind"": {""adx_smoothing"": 14, ""adx_threshold"": 25, ""di_length"": 14}, ""vol"": {""ema_len"": 10, ""filter_lookback"": 7, ""hline"": 0, ""lookback"": 25}}","{""atr_len"": 27, ""atr_mult"": 1.0, ""be_pct"": 0.05, ""tp_mult"": 2.1, ""trail_arm"": 2.0, ""trail_mult"": 1.6}",full,full,,0.1584842257964965,0.8734671155323374,,,,,,False,gate2_tuned_modeA_trend.csv,-0.079791769928434,0.2485621777472021,258,2.127994892340766,-0.1632665462139672,194,0.5458989624961381,-0.1708274633252634,82,0.4973907814283889,True,0.0834747762855332,0.08725523484118132
ehlers_reverse_ema_signals,coral_signals,efficiency_ratio_volume_signals,alma_baseline,adx_dmi_exit,trend,A,False,-0.1879134909519158,-30.066158552306533,0.5461973127619023,0.15625,-3.927850957741004,-88.37198117444854,31.826440197242007,18.374787502786575,-0.9446912179299268,160,108,52,3,1.0,0.14,2.65,2.0,1.0,"{""base"": {""length"": 9, ""offset"": 1.592745, ""sigma"": 26}, ""c1"": {""alpha"": 0.035112}, ""c2"": {""const_d"": 40, ""smooth_period"": 10}, ""exit_ind"": {""adx_smoothing"": 14, ""adx_threshold"": 25, ""di_length"": 14}, ""vol"": {""er_threshold"": 0.3, ""length"": 43}}","{""base"": {""length"": 90, ""offset"": 2.42083, ""sigma"": 5}, ""c1"": {""alpha"": 0.1}, ""c2"": {""const_d"": 14, ""smooth_period"": 12}, ""exit_ind"": {""adx_smoothing"": 14, ""adx_threshold"": 25, ""di_length"": 14}, ""vol"": {""er_threshold"": 0.3, ""length"": 43}}","{""atr_len"": 46, ""atr_mult"": 1.0, ""be_pct"": 0.05, ""tp_mult"": 3.0, ""trail_arm"": 2.0, ""trail_mult"": 2.0}",full,full,,0.0702331130119035,0.2976541642344844,,,,,,False,gate2_tuned_modeA_trend.csv,-0.079791769928434,0.4533621827460725,136,2.6164961912741846,-0.1630954872353004,108,0.6019707393449877,-0.239458575594117,52,0.4340070031411788,True,0.0833037173068664,0.12148526148627471
hieken_ashi_smoothed_signals,fisher_transform_signals,choppiness_index_volume_signals,tma_baseline,adx_dmi_exit,trend,A,False,-0.1995486322943973,-35.918753812991525,0.4919775640638392,0.1611111111111111,-4.57567900243224,-180.4357477447884,38.069243242687584,19.45373845934865,-0.9435111064334296,180,118,62,4,1.0,0.05,1.1,1.0,1.8,"{""base"": {""length"": 37}, ""c1"": {""alma_offset1"": 0.85, ""alma_offset2"": 0.85, ""alma_sigma1"": 6, ""alma_sigma2"": 6, ""ama_smooth1"": 0.181, ""ama_smooth2"": 0.181, ""frama_t1_a"": 1, ""frama_t1_b"": 168, ""frama_t2_a"": 1, ""frama_t2_b"": 168, ""lsma_offset1"": 0, ""lsma_offset2"": 0, ""ma_len1"": 53, ""ma_len2"": 3, ""vol_factor1"": 0.665127, ""vol_factor2"": 5.395052}, ""c2"": {""length"": 66}, ""exit_ind"": {""adx_smoothing"": 14, ""adx_threshold"": 25, ""di_length"": 14}, ""vol"": {""ci_threshold"": 50.127885, ""length"": 26}}","{""base"": {""length"": 200}, ""c1"": {""alma_offset1"": 0.85, ""alma_offset2"": 0.85, ""alma_sigma1"": 6, ""alma_sigma2"": 6, ""ama_smooth1"": 0.181, ""ama_smooth2"": 0.181, ""frama_t1_a"": 1, ""frama_t1_b"": 168, ""frama_t2_a"": 1, ""frama_t2_b"": 168, ""lsma_offset1"": 0, ""lsma_offset2"": 0, ""ma_len1"": 35, ""ma_len2"": 4, ""vol_factor1"": 0.82, ""vol_factor2"": 1.010934}, ""c2"": {""length"": 19}, ""exit_ind"": {""adx_smoothing"": 14, ""adx_threshold"": 25, ""di_length"": 14}, ""vol"": {""ci_threshold"": 61.8, ""length"": 3}}","{""atr_len"": 50, ""atr_mult"": 1.0, ""be_pct"": 0.01, ""tp_mult"": 3.0, ""trail_arm"": 1.95, ""trail_mult"": 0.55}",full,full,,0.0843703511229534,1.4915328667216374,,,,,,False,gate2_tuned_modeA_trend.csv,-0.079791769928434,0.3638030496663652,124,2.2192318421251147,-0.1624250641300269,118,0.6007050506803499,-0.2702031652523927,62,0.2621004701646489,True,0.08263329420159292,0.1365223447627758
qqe_mod_signals,ssl_channel_signals,variance_volume_signals,rma_baseline,adx_dmi_exit,trend,A,False,-0.2059263061309351,-42.008966450710766,0.4465461371095889,0.2254901960784313,-5.598105753384484,-51.68982213538248,44.630634992943435,23.374457797574856,-0.941258542643474,204,132,72,3,1.0,0.01,3.0,2.0,2.0,"{""base"": {""ma_length"": 20}, ""c1"": {""fast_factor"": 1.61, ""rsi_len"": 5, ""rsi_period"": 6}, ""c2"": {""len"": 66}, ""exit_ind"": {""adx_smoothing"": 14, ""adx_threshold"": 25, ""di_length"": 14}, ""vol"": {""ema_len"": 4, ""filter_lookback"": 2, ""hline"": 0, ""lookback"": 132}}","{""base"": {""ma_length"": 25}, ""c1"": {""fast_factor"": 16.1, ""rsi_len"": 33, ""rsi_period"": 5}, ""c2"": {""len"": 19}, ""exit_ind"": {""adx_smoothing"": 14, ""adx_threshold"": 25, ""di_length"": 14}, ""vol"": {""ema_len"": 10, ""filter_lookback"": 25, ""hline"": 0, ""lookback"": 200}}","{""atr_len"": 6, ""atr_mult"": 1.0, ""be_pct"": 0.01, ""tp_mult"": 2.6, ""trail_arm"": 2.0, ""trail_mult"": 1.75}",full,full,,0.1190468938458155,0.7350536106570352,,,,,,False,gate2_tuned_modeA_trend.csv,-0.079791769928434,0.4740789367919798,112,3.916038022966744,-0.1623563579330783,132,0.5440204415496527,-0.2858045444936725,72,0.2880419303226218,True,0.0825645880046443,0.14428868128494138
halftrend_signals,supertrend_signals,chaikin_volatility_volume_signals,tma_baseline,adx_dmi_exit,trend,A,False,-0.1628626206157157,-37.458402741614606,0.6036147858030199,0.1695652173913043,-3.305711211992677,,47.140187295081034,26.0925171484134,-0.7946171810293868,230,126,104,4,1.0,0.14,3.0,1.55,2.0,"{""base"": {""length"": 37}, ""c1"": {""amplitude"": 41}, ""c2"": {""atr_period"": 10, ""factor"": 3}, ""exit_ind"": {""adx_smoothing"": 14, ""adx_threshold"": 25, ""di_length"": 14}, ""vol"": {""cvi_len"": 28, ""roc_len"": 12}}","{""base"": {""length"": 37}, ""c1"": {""amplitude"": 27}, ""c2"": {""atr_period"": 8, ""factor"": 2}, ""exit_ind"": {""adx_smoothing"": 14, ""adx_threshold"": 25, ""di_length"": 14}, ""vol"": {""cvi_len"": 28, ""roc_len"": 3}}","{""atr_len"": 48, ""atr_mult"": 1.0, ""be_pct"": 0.18, ""tp_mult"": 3.0, ""trail_arm"": 1.3, ""trail_mult"": 2.0}",full,full,,0.184545874865573,0.6756910529694535,,,,,,False,gate2_tuned_modeA_trend.csv,-0.079791769928434,0.3869702148636659,182,2.4432345487301017,-0.1621333441369509,126,0.6108799740713177,-0.1637461671188343,104,0.5945333004676482,True,0.08234157420851691,0.0831479856994586
kuskus_starlight_signals,supertrend_signals,chaikin_volatility_volume_signals,tma_baseline,adx_dmi_exit,trend,A,False,-0.1774638277691369,-35.13783789828911,0.5465250326414205,0.1565656565656565,-3.9978173064968945,-38.05922936433462,35.3617383307645,18.54933580526771,-0.9936682854677256,198,82,116,4,1.0,0.14,3.0,1.55,2.0,"{""base"": {""length"": 37}, ""c1"": {""index_smooth"": 0.106394, ""price_smooth"": 0.106394, ""range_periods"": 130}, ""c2"": {""atr_period"": 10, ""factor"": 3}, ""exit_ind"": {""adx_smoothing"": 14, ""adx_threshold"": 25, ""di_length"": 14}, ""vol"": {""cvi_len"": 19, ""roc_len"": 12}}","{""base"": {""length"": 200}, ""c1"": {""index_smooth"": 0.07, ""price_smooth"": 0.862993, ""range_periods"": 5}, ""c2"": {""atr_period"": 12, ""factor"": 6}, ""exit_ind"": {""adx_smoothing"": 14, ""adx_threshold"": 25, ""di_length"": 14}, ""vol"": {""cvi_len"": 8, ""roc_len"": 15}}","{""atr_len"": 50, ""atr_mult"": 1.0, ""be_pct"": 0.05, ""tp_mult"": 2.95, ""trail_arm"": 2.0, ""trail_mult"": 0.55}",full,full,,0.1183607096440353,0.6086228679859731,,,,,,False,gate2_tuned_modeA_trend.csv,-0.079791769928434,0.4220298731397578,106,2.469430692032099,-0.1991712810144892,82,0.4736746019847501,-0.1621189039232845,116,0.5951861502571955,True,0.08232713399485052,0.10085332254045286
laguerre_filter_signals,halftrend_signals,variance_volume_signals,rma_baseline,adx_dmi_exit,trend,A,False,-0.1955811330423311,-39.11622660846623,0.4655691527238347,0.21,-5.386050715450778,-42.41607107484534,39.9785615074954,22.238722712614347,-0.9784300668530184,200,98,102,20,1.0,0.01,2.5,1.0,0.9,"{""base"": {""ma_length"": 25}, ""c1"": {""alpha"": 0.2}, ""c2"": {""amplitude"": 94}, ""exit_ind"": {""adx_smoothing"": 14, ""adx_threshold"": 25, ""di_length"": 14}, ""vol"": {""ema_len"": 5, ""filter_lookback"": 20, ""hline"": 0, ""lookback"": 87}}","{""base"": {""ma_length"": 20}, ""c1"": {""alpha"": 0.246569}, ""c2"": {""amplitude"": 50}, ""exit_ind"": {""adx_smoothing"": 14, ""adx_threshold"": 25, ""di_length"": 14}, ""vol"": {""ema_len"": 8, ""filter_lookback"": 20, ""hline"": 0, ""lookback"": 132}}","{""atr_len"": 15, ""atr_mult"": 1.0, ""be_pct"": 0.05, ""tp_mult"": 1.65, ""trail_arm"": 1.35, ""trail_mult"": 0.65}",full,full,,0.1256654334595819,0.450801175961725,,,,,,False,gate2_tuned_modeA_trend.csv,-0.079791769928434,0.2581407059154594,152,2.433127816264378,-0.161513858132416,98,0.5344600559712718,-0.2283124363871515,102,0.4058051098876093,True,0.08172208820398201,0.11512137733134976
price_momentum_oscillator_signals,supertrend_signals,waddah_attar_explosion_volume_signals,ema_baseline,adx_dmi_exit,trend,A,False,-0.1779977297572444,-25.275677625528708,0.529876175819319,0.1901408450704225,-4.470441538777362,-56.02740368964972,25.125677625528706,15.415551334999549,-1.0059699882421318,142,80,62,46,1.0,0.05,2.75,1.45,1.65,"{""base"": {""ma_length"": 25}, ""c1"": {""s1"": 152, ""s2"": 57, ""sig"": 10}, ""c2"": {""atr_period"": 10, ""factor"": 3}, ""exit_ind"": {""adx_smoothing"": 14, ""adx_threshold"": 25, ""di_length"": 14}, ""vol"": {""bbLen"": 20, ""bbStd"": 2, ""fastEma"": 7, ""sensitivity"": 53, ""slowEma"": 40}}","{""base"": {""ma_length"": 20}, ""c1"": {""s1"": 35, ""s2"": 20, ""sig"": 10}, ""c2"": {""atr_period"": 66, ""factor"": 6}, ""exit_ind"": {""adx_smoothing"": 14, ""adx_threshold"": 25, ""di_length"": 14}, ""vol"": {""bbLen"": 20, ""bbStd"": 2, ""fastEma"": 7, ""sensitivity"": 150, ""slowEma"": 6}}","{""atr_len"": 47, ""atr_mult"": 1.0, ""be_pct"": 0.01, ""tp_mult"": 1.7, ""trail_arm"": 1.75, ""trail_mult"": 1.5}",full,full,,0.0805392948511761,0.4754077227601455,,,,,,False,gate2_tuned_modeA_trend.csv,-0.079791769928434,0.4174418076571152,106,3.1943533454098207,-0.1908307325424526,80,0.4802496401175262,-0.161439016486008,62,0.5896380678279501,True,0.08164724655757401,0.09634310458579633
halftrend_signals,kase_peak_oscillator_signals,chaikin_volatility_volume_signals,tma_baseline,adx_dmi_exit,trend,A,False,-0.2232318880861188,-53.12918936449629,0.4606674427643658,0.1470588235294117,-5.490469901276383,-144.03114536630474,57.72589389386405,28.842628697303574,-0.9203701455395504,238,152,86,4,1.0,0.01,2.35,1.5,1.85,"{""base"": {""length"": 37}, ""c1"": {""amplitude"": 500}, ""c2"": {""long_cycle"": 122, ""sharpness"": 40, ""short_cycle"": 10}, ""exit_ind"": {""adx_smoothing"": 14, ""adx_threshold"": 25, ""di_length"": 14}, ""vol"": {""cvi_len"": 19, ""roc_len"": 10}}","{""base"": {""length"": 25}, ""c1"": {""amplitude"": 41}, ""c2"": {""long_cycle"": 15, ""sharpness"": 40, ""short_cycle"": 8}, ""exit_ind"": {""adx_smoothing"": 14, ""adx_threshold"": 25, ""di_length"": 14}, ""vol"": {""cvi_len"": 43, ""roc_len"": 3}}","{""atr_len"": 28, ""atr_mult"": 1.0, ""be_pct"": 0.05, ""tp_mult"": 2.6, ""trail_arm"": 2.0, ""trail_mult"": 0.9}",full,full,,0.1319909425326524,0.6093974627892337,,,,,,False,gate2_tuned_modeA_trend.csv,-0.079791769928434,0.4118372080072447,172,2.628413787982669,-0.1613066926656977,152,0.5947948516805822,-0.3326810706896537,86,0.2470902084392046,True,0.0815149227372637,0.1672021117492417
volatility_quality_signals,kuskus_starlight_signals,chaikin_volatility_volume_signals,sma_baseline,adx_dmi_exit,trend,A,False,-0.2102669589097826,-48.36140054925001,0.4944651758083028,0.1521739130434782,-4.766532378810759,-67.74293969788687,50.671058198870874,29.29406982170285,-0.9544186024188392,230,82,148,7,1.0,0.01,3.0,1.2,1.85,"{""base"": {""length"": 25}, ""c1"": {""atr_pct"": 0.040025, ""smooth"": 43}, ""c2"": {""index_smooth"": 0.7, ""price_smooth"": 0.373569, ""range_periods"": 24}, ""exit_ind"": {""adx_smoothing"": 14, ""adx_threshold"": 25, ""di_length"": 14}, ""vol"": {""cvi_len"": 10, ""roc_len"": 12}}","{""base"": {""length"": 200}, ""c1"": {""atr_pct"": 0.040025, ""smooth"": 12}, ""c2"": {""index_smooth"": 0.567792, ""price_smooth"": 0.161709, ""range_periods"": 56}, ""exit_ind"": {""adx_smoothing"": 14, ""adx_threshold"": 25, ""di_length"": 14}, ""vol"": {""cvi_len"": 19, ""roc_len"": 12}}","{""atr_len"": 50, ""atr_mult"": 1.0, ""be_pct"": 0.05, ""tp_mult"": 3.0, ""trail_arm"": 1.0, ""trail_mult"": 1.25}",full,full,,0.1673919692221549,0.4843387546886536,,,,,,False,gate2_tuned_modeA_trend.csv,-0.079791769928434,0.4155722454903173,102,2.6589975065984572,-0.1612957521388027,82,0.5822915566496667,-0.2373996545531634,148,0.4510132988458095,True,0.08150398221036871,0.11955593341754907
dspo_signals,qqe_mod_signals,damiani_volatmeter_volume_signals,tma_baseline,adx_dmi_exit,chop,B,False,-0.1950972732209781,-27.11852097771596,0.6701920318191626,0.2302158273381295,-2.5936564488799654,-10.322781711980529,27.01160022019447,13.341346551688018,-1.003958327409331,139,53,86,49,1.0,0.05,2.6,2.0,1.5,"{""base"": {""length"": 37}, ""c1"": {""len"": 40}, ""c2"": {""fast_factor"": 0.244706, ""rsi_len"": 9, ""rsi_period"": 5}, ""exit_ind"": {""adx_smoothing"": 14, ""adx_threshold"": 25, ""di_length"": 14}, ""vol"": {""lag"": 1.4, ""sedimentation"": 62, ""threshold"": 1.4, ""viscosity"": 6}}","{""base"": {""length"": 7}, ""c1"": {""len"": 2}, ""c2"": {""fast_factor"": 0.371931, ""rsi_len"": 5, ""rsi_period"": 6}, ""exit_ind"": {""adx_smoothing"": 14, ""adx_threshold"": 25, ""di_length"": 14}, ""vol"": {""lag"": 1.4, ""sedimentation"": 500, ""threshold"": 1.4, ""viscosity"": 6}}","{""atr_len"": 2, ""atr_mult"": 1.0, ""be_pct"": 0.05, ""tp_mult"": 2.9, ""trail_arm"": 2.0, ""trail_mult"": 1.5}",full,full,,0.0591324531733769,0.3790485457922281,,,,,,False,gate2_tuned_modeB.csv,-0.0550301260173602,0.21313495900419,113,1.5985475101414643,-0.1350931023163699,53,0.6885494889044641,-0.2320765878482366,86,0.6630676791443593,True,0.08006297629900969,0.12855471906494303
coppock_curve_signals,schaff_trend_cycle_signals,efficiency_ratio_volume_signals,tma_baseline,adx_dmi_exit,trend,A,False,-0.1827697528539915,-35.457332053674364,0.5057593758635941,0.1752577319587628,-4.291512873654528,-22.513778195605273,34.957332053674385,21.247928895868853,-1.01430315103087,194,140,54,2,1.0,0.2,2.95,1.3,0.55,"{""base"": {""length"": 20}, ""c1"": {""long_roc"": 14, ""short_roc"": 9, ""smooth_len"": 12}, ""c2"": {""cycleLen"": 10, ""d1"": 6, ""d2"": 4, ""lowerBand"": 25, ""macdFast"": 43, ""macdSlow"": 50, ""stc_midline"": 94, ""upperBand"": 75}, ""exit_ind"": {""adx_smoothing"": 14, ""adx_threshold"": 25, ""di_length"": 14}, ""vol"": {""er_threshold"": 0.369854, ""length"": 12}}","{""base"": {""length"": 11}, ""c1"": {""long_roc"": 92, ""short_roc"": 21, ""smooth_len"": 10}, ""c2"": {""cycleLen"": 10, ""d1"": 3, ""d2"": 3, ""lowerBand"": 25, ""macdFast"": 12, ""macdSlow"": 94, ""stc_midline"": 27, ""upperBand"": 75}, ""exit_ind"": {""adx_smoothing"": 14, ""adx_threshold"": 25, ""di_length"": 14}, ""vol"": {""er_threshold"": 0.369854, ""length"": 5}}","{""atr_len"": 42, ""atr_mult"": 1.0, ""be_pct"": 0.01, ""tp_mult"": 3.0, ""trail_arm"": 1.9, ""trail_mult"": 0.5}",full,full,,0.0553314917565492,1.3940407186073984,,,,,,False,gate2_tuned_modeA_trend.csv,-0.079791769928434,0.5289259787462341,100,3.38128238631789,-0.1916495792072408,140,0.5047584155183747,-0.159747980827049,54,0.5088469923015583,True,0.079956210898615,0.0959070100887109
qqe_mod_signals,chandelier_exit_signals,chaikin_volatility_volume_signals,rma_baseline,adx_dmi_exit,trend,A,False,-0.1612338358132234,-28.69962277475377,0.5736086158418623,0.2134831460674157,-3.8409779522609977,-61.24272913279178,33.06205860882644,17.853884887405215,-0.868053109284972,178,106,72,39,1.0,0.01,2.4,1.0,1.85,"{""base"": {""ma_length"": 25}, ""c1"": {""fast_factor"": 10.592725, ""rsi_len"": 50, ""rsi_period"": 17}, ""c2"": {""atr_mult"": 3, ""atr_period"": 8}, ""exit_ind"": {""adx_smoothing"": 14, ""adx_threshold"": 25, ""di_length"": 14}, ""vol"": {""cvi_len"": 28, ""roc_len"": 120}}","{""base"": {""ma_length"": 132}, ""c1"": {""fast_factor"": 1.61, ""rsi_len"": 2, ""rsi_period"": 6}, ""c2"": {""atr_mult"": 4, ""atr_period"": 2}, ""exit_ind"": {""adx_smoothing"": 14, ""adx_threshold"": 25, ""di_length"": 14}, ""vol"": {""cvi_len"": 100, ""roc_len"": 6}}","{""atr_len"": 37, ""atr_mult"": 1.0, ""be_pct"": 0.01, ""tp_mult"": 2.5, ""trail_arm"": 2.0, ""trail_mult"": 0.5}",full,full,,0.087407485570689,0.560242094619039,,,,,,False,gate2_tuned_modeA_trend.csv,-0.079791769928434,0.3773869133529671,114,2.6229341740034156,-0.1593974786983178,106,0.5808260776450974,-0.1639373615657232,72,0.5628337024914044,True,0.0796057087698838,0.08187565020358652
donchian_breakout_signals,fisher_transform_signals,damiani_volatmeter_volume_signals,mcginley_dynamic_index,adx_dmi_exit,trend,A,False,-0.1697178512874716,-45.823819847617344,0.5795979830493821,0.174074074074074,-3.665945375217715,,48.4976044559117,29.97326267718647,-0.9448676973163684,270,94,176,33,1.0,0.05,2.9,1.85,1.95,"{""base"": {""mci_length"": 14}, ""c1"": {""length"": 87}, ""c2"": {""length"": 5}, ""exit_ind"": {""adx_smoothing"": 14, ""adx_threshold"": 25, ""di_length"": 14}, ""vol"": {""lag"": 1.4, ""sedimentation"": 62, ""threshold"": 1.4, ""viscosity"": 6}}","{""base"": {""mci_length"": 14}, ""c1"": {""length"": 37}, ""c2"": {""length"": 28}, ""exit_ind"": {""adx_smoothing"": 14, ""adx_threshold"": 25, ""di_length"": 14}, ""vol"": {""lag"": 1.4, ""sedimentation"": 142, ""threshold"": 1.4, ""viscosity"": 7}}","{""atr_len"": 44, ""atr_mult"": 1.31, ""be_pct"": 0.01, ""tp_mult"": 2.65, ""trail_arm"": 1.0, ""trail_mult"": 1.15}",full,full,,0.1753629483754277,0.3716392208153521,,,,,,False,gate2_tuned_modeA_trend.csv,-0.079791769928434,0.4174438905784002,106,2.8437105167212664,-0.1893000010429195,94,0.5317315763675147,-0.1592592031226301,176,0.6052166232453112,True,0.0794674331941961,0.0944878321543408
polychromatic_momentum_signals,qqe_mod_signals,chaikin_volatility_volume_signals,mcginley_dynamic_index,adx_dmi_exit,chop,B,False,-0.1364037488934307,-28.644787267620465,0.7788610157148183,0.2047619047619047,-1.6420116052925515,-7.074464187988622,34.025775397837194,18.91482761769595,-0.8418555325396415,210,127,83,9,1.0,0.05,3.0,2.0,1.5,"{""base"": {""mci_length"": 40}, ""c1"": {""len"": 40}, ""c2"": {""fast_factor"": 0.859209, ""rsi_len"": 2, ""rsi_period"": 26}, ""exit_ind"": {""adx_smoothing"": 14, ""adx_threshold"": 25, ""di_length"": 14}, ""vol"": {""cvi_len"": 8, ""roc_len"": 22}}","{""base"": {""mci_length"": 26}, ""c1"": {""len"": 17}, ""c2"": {""fast_factor"": 0.161, ""rsi_len"": 3, ""rsi_period"": 7}, ""exit_ind"": {""adx_smoothing"": 14, ""adx_threshold"": 25, ""di_length"": 14}, ""vol"": {""cvi_len"": 10, ""roc_len"": 22}}","{""atr_len"": 15, ""atr_mult"": 1.0, ""be_pct"": 0.05, ""tp_mult"": 2.15, ""trail_arm"": 2.0, ""trail_mult"": 1.5}",full,full,,0.090175408515557,0.5995176138762293,,,,,,False,gate2_tuned_modeB.csv,-0.0550301260173602,0.4467180908255626,127,2.0278099104425116,-0.1377962466278856,127,0.7687360691167756,-0.1342730595889034,83,0.7930859096201358,True,0.07924293357154319,0.08100452709103428
dpo_signals,j_tpo_signals,variance_volume_signals,rma_baseline,adx_dmi_exit,trend,A,False,-0.1990705578050386,-50.56392168247981,0.4951436991441145,0.1574803149606299,-4.712812400078701,-39.62070121724299,54.486163018784225,31.88193854438009,-0.9280139925626216,254,182,72,29,1.0,0.05,2.75,1.0,1.75,"{""base"": {""ma_length"": 25}, ""c1"": {""len"": 500}, ""c2"": {""ema_len"": 200, ""len"": 40}, ""exit_ind"": {""adx_smoothing"": 14, ""adx_threshold"": 25, ""di_length"": 14}, ""vol"": {""ema_len"": 4, ""filter_lookback"": 87, ""hline"": 0, ""lookback"": 200}}","{""base"": {""ma_length"": 20}, ""c1"": {""len"": 94}, ""c2"": {""ema_len"": 200, ""len"": 14}, ""exit_ind"": {""adx_smoothing"": 14, ""adx_threshold"": 25, ""di_length"": 14}, ""vol"": {""ema_len"": 8, ""filter_lookback"": 7, ""hline"": 0, ""lookback"": 3}}","{""atr_len"": 2, ""atr_mult"": 1.0, ""be_pct"": 0.14, ""tp_mult"": 2.35, ""trail_arm"": 1.15, ""trail_mult"": 0.7}",full,full,,0.155235821904408,0.8529290551540225,,,,,,False,gate2_tuned_modeA_trend.csv,-0.079791769928434,0.3286398907531913,186,2.378721329617694,-0.214913059528947,182,0.4541510397381085,-0.1590242340029369,72,0.5982202800897486,True,0.07923246407450289,0.10717687683750794
parabolic_sar_signals,kase_peak_oscillator_signals,fractal_dimension_volume_signals,sma_baseline,adx_dmi_exit,trend,A,False,-0.2099479928140116,-37.37074272089407,0.4120408888301829,0.2078651685393258,-6.064302298694379,-30.495247746862617,36.8707427208941,21.34485995424272,-1.013560887660574,178,120,58,4,1.0,0.05,2.95,2.0,0.5,"{""base"": {""length"": 11}, ""c1"": {""sar_increment"": 0.056961, ""sar_maximum"": 0.2, ""sar_start"": 0.02}, ""c2"": {""long_cycle"": 15, ""sharpness"": 40, ""short_cycle"": 8}, ""exit_ind"": {""adx_smoothing"": 14, ""adx_threshold"": 25, ""di_length"": 14}, ""vol"": {""fd_threshold"": 1.5, ""length"": 11}}","{""base"": {""length"": 25}, ""c1"": {""sar_increment"": 0.024657, ""sar_maximum"": 0.070224, ""sar_start"": 0.02}, ""c2"": {""long_cycle"": 65, ""sharpness"": 40, ""short_cycle"": 23}, ""exit_ind"": {""adx_smoothing"": 14, ""adx_threshold"": 25, ""di_length"": 14}, ""vol"": {""fd_threshold"": 1.5, ""length"": 7}}","{""atr_len"": 3, ""atr_mult"": 1.0, ""be_pct"": 0.05, ""tp_mult"": 2.2, ""trail_arm"": 2.0, ""trail_mult"": 0.75}",full,full,,0.0814375319783219,0.9854042097450544,,,,,,False,gate2_tuned_modeA_trend.csv,-0.079791769928434,0.4386851002580761,100,3.076038365636663,-0.2349041583967453,120,0.3800714881650956,-0.1583145467807695,58,0.4924004006428068,True,0.07852277685233551,0.1168175826603234
ichimoku_signals,mama_fama_signals,ttm_squeeze_volume_signals,rma_baseline,adx_dmi_exit,chop,B,False,-0.1682647565333637,-31.63377422827238,0.7250493414843833,0.2234042553191489,-2.166256962155796,-9.03734960773918,36.601026090614475,18.955618767841568,-0.8642865407640624,188,93,95,13,1.0,0.05,2.85,2.0,1.5,"{""base"": {""ma_length"": 16}, ""c1"": {""base_len"": 21, ""conversion_len"": 5, ""displacement"": 32, ""span_b_len"": 52}, ""c2"": {""fast_limit"": 5.0, ""slow_limit"": 0.216438}, ""exit_ind"": {""adx_smoothing"": 14, ""adx_threshold"": 25, ""di_length"": 14}, ""vol"": {""bb_length"": 7, ""bb_mult"": 2, ""kc_length"": 20, ""kc_mult"": 1.5}}","{""base"": {""ma_length"": 16}, ""c1"": {""base_len"": 21, ""conversion_len"": 17, ""displacement"": 26, ""span_b_len"": 52}, ""c2"": {""fast_limit"": 0.266835, ""slow_limit"": 0.05}, ""exit_ind"": {""adx_smoothing"": 14, ""adx_threshold"": 25, ""di_length"": 14}, ""vol"": {""bb_length"": 7, ""bb_mult"": 2, ""kc_length"": 2, ""kc_mult"": 1.5}}","{""atr_len"": 46, ""atr_mult"": 1.0, ""be_pct"": 0.05, ""tp_mult"": 1.5, ""trail_arm"": 2.0, ""trail_mult"": 1.5}",full,full,,0.1135629572000929,0.5276871278279734,,,,,,False,gate2_tuned_modeB.csv,-0.0550301260173602,0.4530860872489919,105,2.487289551686054,-0.1335182080070558,93,0.7512441603252621,-0.2022797987749072,95,0.704974655240282,True,0.07848808198969559,0.1128688773736213
kuskus_starlight_signals,waddah_attar_explosion_signals,chaikin_volatility_volume_signals,t3_baseline,adx_dmi_exit,trend,A,False,-0.1917736936644853,-28.38250666234383,0.5440322171214648,0.1351351351351351,-3.750176492351688,-54.91940122010903,33.95147352528028,18.344982465833297,-0.8359727492007145,148,98,50,4,1.05,0.11,3.0,1.55,1.9,"{""base"": {""length"": 19, ""volume_factor"": 0.07}, ""c1"": {""index_smooth"": 0.567792, ""price_smooth"": 0.07, ""range_periods"": 56}, ""c2"": {""bbLen"": 200, ""bbStd"": 6, ""fastEma"": 16, ""sensitivity"": 649, ""slowEma"": 32}, ""exit_ind"": {""adx_smoothing"": 14, ""adx_threshold"": 25, ""di_length"": 14}, ""vol"": {""cvi_len"": 66, ""roc_len"": 3}}","{""base"": {""length"": 28, ""volume_factor"": 0.7}, ""c1"": {""index_smooth"": 0.7, ""price_smooth"": 0.7, ""range_periods"": 130}, ""c2"": {""bbLen"": 25, ""bbStd"": 2, ""fastEma"": 16, ""sensitivity"": 150, ""slowEma"": 40}, ""exit_ind"": {""adx_smoothing"": 14, ""adx_threshold"": 25, ""di_length"": 14}, ""vol"": {""cvi_len"": 12, ""roc_len"": 4}}","{""atr_len"": 13, ""atr_mult"": 1.0, ""be_pct"": 0.11, ""tp_mult"": 3.0, ""trail_arm"": 1.8, ""trail_mult"": 1.5}",full,full,,0.0493702756595012,0.6185917024954464,,,,,,False,gate2_tuned_modeA_trend.csv,-0.079791769928434,0.4367904769388727,100,2.5800257038901417,-0.2096220521247934,98,0.5103716661658729,-0.1567909110822815,50,0.6136347295002309,True,0.0769991411538475,0.10341471167510345
kalman_filter_signals,j_tpo_signals,variance_volume_signals,vidya,adx_dmi_exit,trend,A,False,-0.2371006613209494,-57.852561362311675,0.3890219197145545,0.1598360655737705,-6.370246582677129,-36.71311430906152,60.71074840289821,39.631343626814704,-0.952921235270918,244,130,114,3,1.0,0.05,2.8,2.0,1.25,"{""base"": {""vda_length"": 9}, ""c1"": {""k"": 1, ""sharpness"": 1}, ""c2"": {""ema_len"": 200, ""len"": 75}, ""exit_ind"": {""adx_smoothing"": 14, ""adx_threshold"": 25, ""di_length"": 14}, ""vol"": {""ema_len"": 8, ""filter_lookback"": 16, ""hline"": 0, ""lookback"": 37}}","{""base"": {""vda_length"": 6}, ""c1"": {""k"": 1, ""sharpness"": 1}, ""c2"": {""ema_len"": 200, ""len"": 114}, ""exit_ind"": {""adx_smoothing"": 14, ""adx_threshold"": 25, ""di_length"": 14}, ""vol"": {""ema_len"": 66, ""filter_lookback"": 132, ""hline"": 0, ""lookback"": 11}}","{""atr_len"": 31, ""atr_mult"": 1.0, ""be_pct"": 0.05, ""tp_mult"": 2.75, ""trail_arm"": 1.0, ""trail_mult"": 1.05}",full,full,,0.0965738882383145,0.6796603886654956,,,,,,False,gate2_tuned_modeA_trend.csv,-0.079791769928434,0.5360715711969087,168,3.196585950270259,-0.3078087083607368,130,0.2672145261596493,-0.1564686778545252,114,0.5549716267329045,True,0.0766769079260912,0.152346923179197
chandelier_exit_signals,dpo_signals,variance_volume_signals,kama_baseline,adx_dmi_exit,trend,A,False,-0.1591918319630242,-33.74866837616115,0.6051929650098173,0.1698113207547169,-2.765448401008991,-113.56822354556492,46.79303553319803,27.137854146169023,-0.7212327217416284,212,120,92,34,1.0,0.01,2.95,1.45,1.6,"{""base"": {""fast_length"": 2, ""length"": 19, ""slow_length"": 30}, ""c1"": {""atr_mult"": 4, ""atr_period"": 27}, ""c2"": {""len"": 500}, ""exit_ind"": {""adx_smoothing"": 14, ""adx_threshold"": 25, ""di_length"": 14}, ""vol"": {""ema_len"": 8, ""filter_lookback"": 200, ""hline"": 0, ""lookback"": 20}}","{""base"": {""fast_length"": 2, ""length"": 19, ""slow_length"": 30}, ""c1"": {""atr_mult"": 3, ""atr_period"": 2}, ""c2"": {""len"": 50}, ""exit_ind"": {""adx_smoothing"": 14, ""adx_threshold"": 25, ""di_length"": 14}, ""vol"": {""ema_len"": 66, ""filter_lookback"": 200, ""hline"": 0, ""lookback"": 11}}","{""atr_len"": 35, ""atr_mult"": 1.0, ""be_pct"": 0.01, ""tp_mult"": 1.85, ""trail_arm"": 1.9, ""trail_mult"": 1.95}",full,full,,0.0938979407437017,0.5534009353243118,,,,,,False,gate2_tuned_modeA_trend.csv,-0.079791769928434,0.5248823418090102,130,3.658877895443434,-0.1564639669554212,120,0.5960606715555655,-0.1627499167555499,92,0.6160771194484468,True,0.0766721970269872,0.07981517192705155
bears_bulls_impulse_signals,halftrend_signals,chaikin_volatility_volume_signals,tma_baseline,adx_dmi_exit,trend,A,False,-0.1680116294680075,-36.29051196508962,0.5619393575823226,0.199074074074074,-3.7634185107835303,-35.11799395140813,41.48994038126527,23.933361542602523,-0.8746821911914956,216,92,124,10,1.0,0.01,2.75,1.1,1.95,"{""base"": {""length"": 37}, ""c1"": {""length"": 16}, ""c2"": {""amplitude"": 18}, ""exit_ind"": {""adx_smoothing"": 14, ""adx_threshold"": 25, ""di_length"": 14}, ""vol"": {""cvi_len"": 19, ""roc_len"": 12}}","{""base"": {""length"": 57}, ""c1"": {""length"": 16}, ""c2"": {""amplitude"": 18}, ""exit_ind"": {""adx_smoothing"": 14, ""adx_threshold"": 25, ""di_length"": 14}, ""vol"": {""cvi_len"": 10, ""roc_len"": 4}}","{""atr_len"": 6, ""atr_mult"": 1.0, ""be_pct"": 0.05, ""tp_mult"": 2.35, ""trail_arm"": 1.65, ""trail_mult"": 1.8}",full,full,,0.1879422203630027,0.5379277437118565,,,,,,False,gate2_tuned_modeA_trend.csv,-0.079791769928434,0.4549651758909166,106,3.034323377321854,-0.1556763811125101,92,0.5819000516525041,-0.177163587925312,124,0.5478666899370958,True,0.07588461118407609,0.08662821459047705
linreg_slope_signals,supertrend_signals,waddah_attar_explosion_volume_signals,rma_baseline,adx_dmi_exit,chop,B,False,-0.1480574105499854,-31.980400678796855,0.7633710672329814,0.2222222222222222,-1.785048631015255,-8.321197077676056,40.17787948171889,23.568463266957696,-0.7959703471495572,216,88,128,6,1.05,0.05,2.5,2.0,1.5,"{""base"": {""ma_length"": 20}, ""c1"": {""length"": 14, ""r2_floor"": 0.246569}, ""c2"": {""atr_period"": 19, ""factor"": 3}, ""exit_ind"": {""adx_smoothing"": 14, ""adx_threshold"": 25, ""di_length"": 14}, ""vol"": {""bbLen"": 16, ""bbStd"": 2, ""fastEma"": 20, ""sensitivity"": 122, ""slowEma"": 14}}","{""base"": {""ma_length"": 20}, ""c1"": {""length"": 14, ""r2_floor"": 0.2}, ""c2"": {""atr_period"": 8, ""factor"": 3}, ""exit_ind"": {""adx_smoothing"": 14, ""adx_threshold"": 25, ""di_length"": 14}, ""vol"": {""bbLen"": 37, ""bbStd"": 2, ""fastEma"": 57, ""sensitivity"": 427, ""slowEma"": 40}}","{""atr_len"": 46, ""atr_mult"": 1.05, ""be_pct"": 0.05, ""tp_mult"": 2.9, ""trail_arm"": 2.0, ""trail_mult"": 1.5}",full,full,,0.060769473914957,0.4158233786482409,,,,,,False,gate2_tuned_modeB.csv,-0.0550301260173602,0.4947423652010936,102,2.0017076672386835,-0.1740273707435553,88,0.7259096168959139,-0.1302030629169061,128,0.7897736817166983,True,0.07517293689954588,0.09708509081287048
mama_fama_signals,donchian_breakout_signals,fractal_dimension_volume_signals,mcginley_dynamic_index,adx_dmi_exit,trend,A,False,-0.2160955055765394,-31.117752803021677,0.4905865535527994,0.1319444444444444,-4.529128826751851,-57.36117186801884,34.145734541344076,21.5049154010494,-0.911321815770105,144,86,58,26,1.0,0.01,2.7,1.4,1.65,"{""base"": {""mci_length"": 14}, ""c1"": {""fast_limit"": 0.17556, ""slow_limit"": 0.011551}, ""c2"": {""length"": 11}, ""exit_ind"": {""adx_smoothing"": 14, ""adx_threshold"": 25, ""di_length"": 14}, ""vol"": {""fd_threshold"": 1.5, ""length"": 16}}","{""base"": {""mci_length"": 7}, ""c1"": {""fast_limit"": 0.405565, ""slow_limit"": 0.017556}, ""c2"": {""length"": 5}, ""exit_ind"": {""adx_smoothing"": 14, ""adx_threshold"": 25, ""di_length"": 14}, ""vol"": {""fd_threshold"": 1.5, ""length"": 3}}","{""atr_len"": 24, ""atr_mult"": 1.0, ""be_pct"": 0.01, ""tp_mult"": 2.9, ""trail_arm"": 1.0, ""trail_mult"": 1.75}",full,full,,0.0677348865088156,0.6962393671413373,,,,,,False,gate2_tuned_modeA_trend.csv,-0.079791769928434,0.3873125472047533,134,2.3101187084504327,-0.257812721571452,86,0.402140453724747,-0.1542389439289102,58,0.6272558855051338,True,0.0744471740004762,0.1262340628217471
glitch_index_signals,price_momentum_oscillator_signals,variance_volume_signals,mcginley_dynamic_index,adx_dmi_exit,chop,B,False,-0.1462032155659931,-22.22288876603096,0.7767057503899942,0.2763157894736842,-1.819021956670965,-10.713674584367473,31.48768259945552,16.279944050624938,-0.7057645063538348,152,97,55,37,1.0,0.05,2.6,2.0,1.5,"{""base"": {""mci_length"": 26}, ""c1"": {""length"": 24, ""multiplier"": 1, ""smooth"": 2}, ""c2"": {""s1"": 43, ""s2"": 57, ""sig"": 10}, ""exit_ind"": {""adx_smoothing"": 14, ""adx_threshold"": 25, ""di_length"": 14}, ""vol"": {""ema_len"": 19, ""filter_lookback"": 7, ""hline"": 0, ""lookback"": 7}}","{""base"": {""mci_length"": 14}, ""c1"": {""length"": 37, ""multiplier"": 1, ""smooth"": 3}, ""c2"": {""s1"": 66, ""s2"": 25, ""sig"": 10}, ""exit_ind"": {""adx_smoothing"": 14, ""adx_threshold"": 25, ""di_length"": 14}, ""vol"": {""ema_len"": 10, ""filter_lookback"": 20, ""hline"": 0, ""lookback"": 132}}","{""atr_len"": 45, ""atr_mult"": 1.0, ""be_pct"": 0.05, ""tp_mult"": 1.5, ""trail_arm"": 2.0, ""trail_mult"": 1.5}",full,full,,0.1639398791484058,0.755522413186772,,,,,,False,gate2_tuned_modeB.csv,-0.0550301260173602,0.5061251473081214,100,2.4507355385546368,-0.1557525782837583,97,0.7422194910350841,-0.129361612227389,55,0.8261051440355648,True,0.0743314862100288,0.08752696923821343
bears_bulls_impulse_signals,fx_sniper_ergodic_cci_signals,williams_vix_fix_volume_signals,lsma_baseline,adx_dmi_exit,trend,A,False,-0.2113125629915349,-29.58375881881489,0.4540155846242072,0.1928571428571428,-5.294784954017599,-50.49951496613869,31.070170926322177,18.46301611553139,-0.9521595130251432,140,74,66,38,1.0,0.05,2.95,1.75,1.55,"{""base"": {""length"": 16, ""lsma_offset"": 0}, ""c1"": {""length"": 13}, ""c2"": {""cci_length"": 17, ""ema1_length"": 4, ""ema2_length"": 3, ""trigger_length"": 9}, ""exit_ind"": {""adx_smoothing"": 14, ""adx_threshold"": 25, ""di_length"": 14}, ""vol"": {""bb_length"": 20, ""bb_mult"": 2, ""lookback"": 2}}","{""base"": {""length"": 57, ""lsma_offset"": 0}, ""c1"": {""length"": 13}, ""c2"": {""cci_length"": 14, ""ema1_length"": 5, ""ema2_length"": 4, ""trigger_length"": 6}, ""exit_ind"": {""adx_smoothing"": 14, ""adx_threshold"": 25, ""di_length"": 14}, ""vol"": {""bb_length"": 132, ""bb_mult"": 2, ""lookback"": 5}}","{""atr_len"": 22, ""atr_mult"": 1.0, ""be_pct"": 0.05, ""tp_mult"": 3.0, ""trail_arm"": 1.55, ""trail_mult"": 0.95}",full,full,,0.0689223087202388,0.4456697277808938,,,,,,False,gate2_tuned_modeA_trend.csv,-0.079791769928434,0.5682702414595224,120,3.7053876414968863,-0.2624522775331801,74,0.2989393122136489,-0.1539740951721144,66,0.6162462214033834,True,0.07418232524368042,0.12842141642421329
ssl_channel_signals,parabolic_sar_signals,williams_vix_fix_volume_signals,mcginley_dynamic_index,adx_dmi_exit,trend,A,False,-0.2137995802829896,-26.083548794524734,0.4828200067147847,0.1475409836065573,-4.925928247487014,-173.68598636408043,27.91240008051876,15.1257586731071,-0.9344788953755911,122,66,56,37,1.0,0.07,2.6,1.15,0.85,"{""base"": {""mci_length"": 14}, ""c1"": {""len"": 100}, ""c2"": {""sar_increment"": 0.024657, ""sar_maximum"": 0.106734, ""sar_start"": 0.02}, ""exit_ind"": {""adx_smoothing"": 14, ""adx_threshold"": 25, ""di_length"": 14}, ""vol"": {""bb_length"": 25, ""bb_mult"": 2, ""lookback"": 2}}","{""base"": {""mci_length"": 14}, ""c1"": {""len"": 28}, ""c2"": {""sar_increment"": 0.010673, ""sar_maximum"": 0.030398, ""sar_start"": 0.00462}, ""exit_ind"": {""adx_smoothing"": 14, ""adx_threshold"": 25, ""di_length"": 14}, ""vol"": {""bb_length"": 20, ""bb_mult"": 2, ""lookback"": 2}}","{""atr_len"": 8, ""atr_mult"": 1.05, ""be_pct"": 0.05, ""tp_mult"": 2.9, ""trail_arm"": 1.4, ""trail_mult"": 0.5}",full,full,,-0.0033850729648556,0.410441599964971,,,,,,False,gate2_tuned_modeA_trend.csv,-0.079791769928434,0.6546738185544355,134,4.458261752033073,-0.1535511715120075,66,0.6030968029528511,-0.2848066334773614,56,0.3594853025582817,True,0.07375940158357351,0.13938713256625046
polychromatic_momentum_signals,parabolic_sar_signals,efficiency_ratio_volume_signals,rma_baseline,adx_dmi_exit,chop,B,False,-0.1367352421709595,-31.58584094149166,0.7753709668802784,0.2337662337662337,-1.704634887709917,-7.14285844955355,31.139090605884892,18.665497035044048,-1.0143469294354517,231,134,97,4,1.0,0.05,2.5,2.0,1.5,"{""base"": {""ma_length"": 7}, ""c1"": {""len"": 14}, ""c2"": {""sar_increment"": 0.056961, ""sar_maximum"": 0.162226, ""sar_start"": 0.010673}, ""exit_ind"": {""adx_smoothing"": 14, ""adx_threshold"": 25, ""di_length"": 14}, ""vol"": {""er_threshold"": 0.369854, ""length"": 10}}","{""base"": {""ma_length"": 200}, ""c1"": {""len"": 7}, ""c2"": {""sar_increment"": 0.037476, ""sar_maximum"": 0.2, ""sar_start"": 0.037476}, ""exit_ind"": {""adx_smoothing"": 14, ""adx_threshold"": 25, ""di_length"": 14}, ""vol"": {""er_threshold"": 0.160101, ""length"": 19}}","{""atr_len"": 15, ""atr_mult"": 1.0, ""be_pct"": 0.05, ""tp_mult"": 2.2, ""trail_arm"": 2.0, ""trail_mult"": 1.5}",full,full,,0.1199158423999904,0.4740881796344596,,,,,,False,gate2_tuned_modeB.csv,-0.0550301260173602,0.3870313293741653,119,1.8352193601937976,-0.1432686611033707,134,0.7623951032429611,-0.1277096943674224,97,0.7928986389793324,True,0.0726795683500622,0.08045905171803633
halftrend_signals,kase_peak_oscillator_signals,fractal_dimension_volume_signals,ema_baseline,adx_dmi_exit,trend,A,False,-0.162618044132554,-29.92172012038994,0.540739850618616,0.2119565217391304,-4.088688667440842,-30.18444348093417,29.421720120389946,17.092050373056527,-1.0169942477174707,184,124,60,2,1.0,0.05,1.0,1.0,1.95,"{""base"": {""ma_length"": 37}, ""c1"": {""amplitude"": 27}, ""c2"": {""long_cycle"": 65, ""sharpness"": 40, ""short_cycle"": 2}, ""exit_ind"": {""adx_smoothing"": 14, ""adx_threshold"": 25, ""di_length"": 14}, ""vol"": {""fd_threshold"": 1.5, ""length"": 11}}","{""base"": {""ma_length"": 37}, ""c1"": {""amplitude"": 50}, ""c2"": {""long_cycle"": 80, ""sharpness"": 40, ""short_cycle"": 4}, ""exit_ind"": {""adx_smoothing"": 14, ""adx_threshold"": 25, ""di_length"": 14}, ""vol"": {""fd_threshold"": 1.5, ""length"": 56}}","{""atr_len"": 29, ""atr_mult"": 1.05, ""be_pct"": 0.01, ""tp_mult"": 2.95, ""trail_arm"": 1.1, ""trail_mult"": 0.5}",full,full,,0.1192235007270354,1.2768681907443595,,,,,,False,gate2_tuned_modeA_trend.csv,-0.079791769928434,0.4085967626083223,154,2.625804942308316,-0.1676069494314281,124,0.5723349165884408,-0.152307639848214,60,0.4479925753224047,True,0.07251586991978,0.08016552471138706
volatility_quality_signals,ssl_channel_signals,variance_volume_signals,mcginley_dynamic_index,adx_dmi_exit,trend,A,False,-0.1658719899268781,-41.799741461573305,0.5211164817226537,0.2103174603174603,-4.303310805843301,-22.686145799047907,45.65159101237458,25.677662986954847,-0.9156250753723528,252,96,156,3,1.0,0.01,2.9,1.35,1.9,"{""base"": {""mci_length"": 17}, ""c1"": {""atr_pct"": 0.040025, ""smooth"": 10}, ""c2"": {""len"": 66}, ""exit_ind"": {""adx_smoothing"": 14, ""adx_threshold"": 25, ""di_length"": 14}, ""vol"": {""ema_len"": 100, ""filter_lookback"": 2, ""hline"": 0, ""lookback"": 132}}","{""base"": {""mci_length"": 40}, ""c1"": {""atr_pct"": 0.075, ""smooth"": 66}, ""c2"": {""len"": 10}, ""exit_ind"": {""adx_smoothing"": 14, ""adx_threshold"": 25, ""di_length"": 14}, ""vol"": {""ema_len"": 4, ""filter_lookback"": 20, ""hline"": 0, ""lookback"": 132}}","{""atr_len"": 49, ""atr_mult"": 1.27, ""be_pct"": 0.07, ""tp_mult"": 2.4, ""trail_arm"": 1.65, ""trail_mult"": 0.55}",full,full,,0.0994015138066251,0.4146253507659019,,,,,,False,gate2_tuned_modeA_trend.csv,-0.079791769928434,0.526692352937245,126,4.403242895902198,-0.1880604763152488,96,0.5053751855818114,-0.1522175367648039,156,0.5324298224986983,True,0.0724257668363699,0.09034723661159234
bears_bulls_impulse_signals,ichimoku_signals,damiani_volatmeter_volume_signals,mcginley_dynamic_index,adx_dmi_exit,trend,A,False,-0.2063225230270468,-30.535733408002933,0.4793687657714274,0.1621621621621621,-4.827133373049074,-41.44923146286239,30.035733408002915,20.049101032749142,-1.016646838391061,148,94,54,6,1.0,0.05,3.0,1.95,1.45,"{""base"": {""mci_length"": 17}, ""c1"": {""length"": 11}, ""c2"": {""base_len"": 14, ""conversion_len"": 9, ""displacement"": 32, ""span_b_len"": 52}, ""exit_ind"": {""adx_smoothing"": 14, ""adx_threshold"": 25, ""di_length"": 14}, ""vol"": {""lag"": 1.4, ""sedimentation"": 41, ""threshold"": 1.4, ""viscosity"": 4}}","{""base"": {""mci_length"": 40}, ""c1"": {""length"": 37}, ""c2"": {""base_len"": 26, ""conversion_len"": 11, ""displacement"": 21, ""span_b_len"": 64}, ""exit_ind"": {""adx_smoothing"": 14, ""adx_threshold"": 25, ""di_length"": 14}, ""vol"": {""lag"": 1.4, ""sedimentation"": 41, ""threshold"": 1.4, ""viscosity"": 6}}","{""atr_len"": 50, ""atr_mult"": 1.0, ""be_pct"": 0.05, ""tp_mult"": 2.8, ""trail_arm"": 1.95, ""trail_mult"": 0.55}",full,full,,0.1647012285302108,1.1485160484535275,,,,,,False,gate2_tuned_modeA_trend.csv,-0.079791769928434,0.4538815358455975,126,2.668206807149672,-0.2375875217772885,94,0.4416693238233728,-0.1518982659432926,54,0.5602195530755313,True,0.07210649601485859,0.11495112393185654
supertrend_signals,polychromatic_momentum_signals,chaikin_volatility_volume_signals,sma_baseline,adx_dmi_exit,trend,A,False,-0.1634457579645843,-45.76481223008363,0.5826489642982018,0.175,-3.6422659476091175,-48.95427163914209,45.26481223008364,25.516626000343027,-1.0110461079007345,280,122,158,4,1.0,0.05,2.75,1.7,1.85,"{""base"": {""length"": 25}, ""c1"": {""atr_period"": 5, ""factor"": 9}, ""c2"": {""len"": 3}, ""exit_ind"": {""adx_smoothing"": 14, ""adx_threshold"": 25, ""di_length"": 14}, ""vol"": {""cvi_len"": 28, ""roc_len"": 12}}","{""base"": {""length"": 200}, ""c1"": {""atr_period"": 28, ""factor"": 2}, ""c2"": {""len"": 3}, ""exit_ind"": {""adx_smoothing"": 14, ""adx_threshold"": 25, ""di_length"": 14}, ""vol"": {""cvi_len"": 43, ""roc_len"": 10}}","{""atr_len"": 48, ""atr_mult"": 1.0, ""be_pct"": 0.01, ""tp_mult"": 2.7, ""trail_arm"": 2.0, ""trail_mult"": 0.5}",full,full,,0.1713491426765008,0.4513163305261771,,,,,,False,gate2_tuned_modeA_trend.csv,-0.079791769928434,0.4420560184422226,112,2.7273569579509855,-0.1517914719910305,122,0.5987784140474243,-0.1724446370074551,158,0.5709251551625528,True,0.0719997020625965,0.0823262845708088
ehlers_reverse_ema_signals,halftrend_signals,variance_volume_signals,fantail_vma,adx_dmi_exit,trend,A,False,-0.1604271568282768,-70.26709469078524,0.5616409042686432,0.2237442922374429,-4.0293383979949615,-33.55553197281874,72.71228692823777,38.25813186814062,-0.96637167745988,438,330,108,4,1.0,0.01,1.5,1.25,1.5,"{""base"": {""fma_adx_length"": 2, ""fma_ma_length"": 17, ""fma_weighting"": 10}, ""c1"": {""alpha"": 0.081113}, ""c2"": {""amplitude"": 62}, ""exit_ind"": {""adx_smoothing"": 14, ""adx_threshold"": 25, ""di_length"": 14}, ""vol"": {""ema_len"": 43, ""filter_lookback"": 25, ""hline"": 0, ""lookback"": 20}}","{""base"": {""fma_adx_length"": 2, ""fma_ma_length"": 6, ""fma_weighting"": 8}, ""c1"": {""alpha"": 0.053367}, ""c2"": {""amplitude"": 50}, ""exit_ind"": {""adx_smoothing"": 14, ""adx_threshold"": 25, ""di_length"": 14}, ""vol"": {""ema_len"": 10, ""filter_lookback"": 16, ""hline"": 0, ""lookback"": 132}}","{""atr_len"": 38, ""atr_mult"": 1.0, ""be_pct"": 0.07, ""tp_mult"": 1.75, ""trail_arm"": 1.1, ""trail_mult"": 1.15}",full,full,,0.1730612623797264,0.577730905586806,,,,,,False,gate2_tuned_modeA_trend.csv,-0.079791769928434,0.2623195879359841,400,2.1342239528241085,-0.1515835565349805,330,0.5935987756095527,-0.187449268835571,108,0.4559250591674258,True,0.07179178660654652,0.08972464275684176
halftrend_signals,parabolic_sar_signals,chaikin_volatility_volume_signals,ema_baseline,adx_dmi_exit,trend,A,False,-0.1622161067903528,-33.09208578523199,0.5532154309942949,0.2107843137254902,-4.172399387647642,-103.0613317433726,35.338886144062094,18.940123580377772,-0.9364213023106946,204,150,54,3,1.0,0.01,2.9,1.85,1.45,"{""base"": {""ma_length"": 132}, ""c1"": {""amplitude"": 41}, ""c2"": {""sar_increment"": 0.02, ""sar_maximum"": 0.2, ""sar_start"": 0.007022}, ""exit_ind"": {""adx_smoothing"": 14, ""adx_threshold"": 25, ""di_length"": 14}, ""vol"": {""cvi_len"": 66, ""roc_len"": 79}}","{""base"": {""ma_length"": 132}, ""c1"": {""amplitude"": 12}, ""c2"": {""sar_increment"": 0.02, ""sar_maximum"": 0.2, ""sar_start"": 0.024657}, ""exit_ind"": {""adx_smoothing"": 14, ""adx_threshold"": 25, ""di_length"": 14}, ""vol"": {""cvi_len"": 4, ""roc_len"": 120}}","{""atr_len"": 50, ""atr_mult"": 1.0, ""be_pct"": 0.01, ""tp_mult"": 1.75, ""trail_arm"": 1.55, ""trail_mult"": 0.5}",full,full,,0.1728442740725801,0.4247813195177816,,,,,,False,gate2_tuned_modeA_trend.csv,-0.079791769928434,0.3339584106469204,130,2.400470754325795,-0.1510380281540111,150,0.5684627767028259,-0.1932663252246354,54,0.5160995634874588,True,0.0712462582255771,0.09236040676088926
parabolic_sar_signals,kuskus_starlight_signals,variance_volume_signals,sma_baseline,adx_dmi_exit,trend,A,False,-0.1856430343062375,-33.41574617512276,0.5056997443758962,0.2,-4.401868173606638,-34.13818279886625,32.91574617512272,19.25783366578822,-1.01519029820378,180,112,68,2,1.0,0.07,3.0,1.25,0.8,"{""base"": {""length"": 37}, ""c1"": {""sar_increment"": 0.016223, ""sar_maximum"": 0.106734, ""sar_start"": 0.00304}, ""c2"": {""index_smooth"": 0.567792, ""price_smooth"": 0.161709, ""range_periods"": 56}, ""exit_ind"": {""adx_smoothing"": 14, ""adx_threshold"": 25, ""di_length"": 14}, ""vol"": {""ema_len"": 12, ""filter_lookback"": 87, ""hline"": 0, ""lookback"": 25}}","{""base"": {""length"": 200}, ""c1"": {""sar_increment"": 0.002, ""sar_maximum"": 0.030398, ""sar_start"": 0.056961}, ""c2"": {""index_smooth"": 0.7, ""price_smooth"": 0.7, ""range_periods"": 30}, ""exit_ind"": {""adx_smoothing"": 14, ""adx_threshold"": 25, ""di_length"": 14}, ""vol"": {""ema_len"": 8, ""filter_lookback"": 11, ""hline"": 0, ""lookback"": 132}}","{""atr_len"": 17, ""atr_mult"": 1.0, ""be_pct"": 0.01, ""tp_mult"": 3.0, ""trail_arm"": 1.05, ""trail_mult"": 1.25}",full,full,,0.0542798196513629,1.0903057480881106,,,,,,False,gate2_tuned_modeA_trend.csv,-0.079791769928434,0.4859197282954754,100,2.928306537406542,-0.2072189205618529,112,0.4929953452006266,-0.1501062804734594,68,0.5323442761067348,True,0.0703145105450254,0.09887083058922215
bears_bulls_impulse_signals,dspo_signals,efficiency_ratio_volume_signals,ema_baseline,adx_dmi_exit,chop,B,False,-0.1268264098837331,-30.438338372095963,0.7897029755415585,0.2541666666666666,-1.664908711938705,-6.936692991419146,37.03784794912876,17.677975491391884,-0.8218171426672203,240,116,124,9,1.0,0.05,1.9,2.0,1.5,"{""base"": {""ma_length"": 16}, ""c1"": {""length"": 86}, ""c2"": {""len"": 14}, ""exit_ind"": {""adx_smoothing"": 14, ""adx_threshold"": 25, ""di_length"": 14}, ""vol"": {""er_threshold"": 0.3, ""length"": 12}}","{""base"": {""ma_length"": 16}, ""c1"": {""length"": 5}, ""c2"": {""len"": 17}, ""exit_ind"": {""adx_smoothing"": 14, ""adx_threshold"": 25, ""di_length"": 14}, ""vol"": {""er_threshold"": 0.854411, ""length"": 4}}","{""atr_len"": 16, ""atr_mult"": 1.05, ""be_pct"": 0.05, ""tp_mult"": 2.1, ""trail_arm"": 2.0, ""trail_mult"": 1.5}",full,full,,0.017661671189818,0.3058057858863719,,,,,,False,gate2_tuned_modeB.csv,-0.0550301260173602,0.279782498762159,136,1.5954028174191257,-0.128644114542175,116,0.7924727599842448,-0.1251259764935779,124,0.7869683763242777,True,0.07009585047621769,0.07185491950051623
volatility_quality_signals,bears_bulls_impulse_signals,variance_volume_signals,sma_baseline,adx_dmi_exit,trend,A,False,-0.1604015444624169,-30.47629344785922,0.5237159555509278,0.2210526315789473,-4.301347961856388,-22.95541075679224,36.93617594159473,22.41058092138596,-0.8251068950951991,190,120,70,5,1.0,0.02,1.0,1.0,1.95,"{""base"": {""length"": 20}, ""c1"": {""atr_pct"": 0.075, ""smooth"": 10}, ""c2"": {""length"": 16}, ""exit_ind"": {""adx_smoothing"": 14, ""adx_threshold"": 25, ""di_length"": 14}, ""vol"": {""ema_len"": 19, ""filter_lookback"": 20, ""hline"": 0, ""lookback"": 132}}","{""base"": {""length"": 20}, ""c1"": {""atr_pct"": 0.040025, ""smooth"": 10}, ""c2"": {""length"": 7}, ""exit_ind"": {""adx_smoothing"": 14, ""adx_threshold"": 25, ""di_length"": 14}, ""vol"": {""ema_len"": 5, ""filter_lookback"": 25, ""hline"": 0, ""lookback"": 200}}","{""atr_len"": 3, ""atr_mult"": 1.0, ""be_pct"": 0.01, ""tp_mult"": 3.0, ""trail_arm"": 1.75, ""trail_mult"": 1.4}",full,full,,0.1744269188051906,0.6476906627756281,,,,,,False,gate2_tuned_modeA_trend.csv,-0.079791769928434,0.3308053399868145,152,2.3790496813258155,-0.1665808715070146,120,0.5389285540403821,-0.1498084123859636,70,0.4917502351537144,True,0.0700166424575296,0.07840287201805508
linreg_slope_signals,chandelier_exit_signals,waddah_attar_explosion_volume_signals,vidya,adx_dmi_exit,chop,B,False,-0.1652164613931412,-24.286819824791756,0.6633070624155804,0.2244897959183673,-2.4642615942608166,-7.798370555367372,24.16613023332892,12.859125717655248,-1.0049941629171717,147,80,67,50,1.0,0.05,2.8,2.0,1.5,"{""base"": {""vda_length"": 2}, ""c1"": {""length"": 26, ""r2_floor"": 0.2}, ""c2"": {""atr_mult"": 3, ""atr_period"": 12}, ""exit_ind"": {""adx_smoothing"": 14, ""adx_threshold"": 25, ""di_length"": 14}, ""vol"": {""bbLen"": 16, ""bbStd"": 2, ""fastEma"": 2, ""sensitivity"": 35, ""slowEma"": 40}}","{""base"": {""vda_length"": 2}, ""c1"": {""length"": 14, ""r2_floor"": 0.2}, ""c2"": {""atr_mult"": 3, ""atr_period"": 22}, ""exit_ind"": {""adx_smoothing"": 14, ""adx_threshold"": 25, ""di_length"": 14}, ""vol"": {""bbLen"": 25, ""bbStd"": 2, ""fastEma"": 5, ""sensitivity"": 53, ""slowEma"": 49}}","{""atr_len"": 3, ""atr_mult"": 1.0, ""be_pct"": 0.05, ""tp_mult"": 3.0, ""trail_arm"": 2.0, ""trail_mult"": 1.5}",full,full,,0.0453539376491603,0.3482234537857384,,,,,,False,gate2_tuned_modeB.csv,-0.0550301260173602,0.2784540440747762,103,1.8314619633414315,-0.1249667943975313,80,0.7469095657429672,-0.2132757652684963,67,0.5621072793673231,True,0.0699366683801711,0.11409115381565357
polychromatic_momentum_signals,j_tpo_signals,variance_volume_signals,mcginley_dynamic_index,adx_dmi_exit,trend,A,False,-0.1597972711363895,-58.80539577819133,0.5660902867143397,0.2010869565217391,-3.4565135906583415,-28.70575931159523,58.30539577819131,33.9212852347002,-1.0085755356485728,368,238,130,38,1.0,0.01,1.85,1.6,1.6,"{""base"": {""mci_length"": 17}, ""c1"": {""len"": 140}, ""c2"": {""ema_len"": 200, ""len"": 49}, ""exit_ind"": {""adx_smoothing"": 14, ""adx_threshold"": 25, ""di_length"": 14}, ""vol"": {""ema_len"": 12, ""filter_lookback"": 25, ""hline"": 0, ""lookback"": 25}}","{""base"": {""mci_length"": 14}, ""c1"": {""len"": 14}, ""c2"": {""ema_len"": 200, ""len"": 173}, ""exit_ind"": {""adx_smoothing"": 14, ""adx_threshold"": 25, ""di_length"": 14}, ""vol"": {""ema_len"": 8, ""filter_lookback"": 7, ""hline"": 0, ""lookback"": 25}}","{""atr_len"": 50, ""atr_mult"": 1.0, ""be_pct"": 0.07, ""tp_mult"": 1.95, ""trail_arm"": 1.85, ""trail_mult"": 1.45}",full,full,,0.1383598324094355,0.4172909696359821,,,,,,False,gate2_tuned_modeA_trend.csv,-0.079791769928434,0.2299174128046606,290,2.0527784957748043,-0.1653911602251717,238,0.550261957098908,-0.1495561511123112,130,0.5949520907374902,True,0.06976438118387719,0.07768188574030745
price_momentum_oscillator_signals,fx_sniper_ergodic_cci_signals,fractal_dimension_volume_signals,alma_baseline,adx_dmi_exit,trend,A,False,-0.1840664809901222,-40.12649285584666,0.5194431993311777,0.2110091743119266,-4.723234167252762,,42.30811783197021,18.812845458180856,-0.9484348373806644,218,168,50,4,1.0,0.01,1.25,1.0,1.7,"{""base"": {""length"": 59, ""offset"": 0.85, ""sigma"": 5}, ""c1"": {""s1"": 35, ""s2"": 11, ""sig"": 10}, ""c2"": {""cci_length"": 17, ""ema1_length"": 5, ""ema2_length"": 3, ""trigger_length"": 6}, ""exit_ind"": {""adx_smoothing"": 14, ""adx_threshold"": 25, ""di_length"": 14}, ""vol"": {""fd_threshold"": 1.5, ""length"": 30}}","{""base"": {""length"": 9, ""offset"": 0.85, ""sigma"": 6}, ""c1"": {""s1"": 152, ""s2"": 25, ""sig"": 10}, ""c2"": {""cci_length"": 14, ""ema1_length"": 5, ""ema2_length"": 3, ""trigger_length"": 14}, ""exit_ind"": {""adx_smoothing"": 14, ""adx_threshold"": 25, ""di_length"": 14}, ""vol"": {""fd_threshold"": 1.5, ""length"": 5}}","{""atr_len"": 4, ""atr_mult"": 1.35, ""be_pct"": 0.1, ""tp_mult"": 2.95, ""trail_arm"": 1.1, ""trail_mult"": 1.95}",full,full,,0.1771916785275662,1.080470377060965,,,,,,False,gate2_tuned_modeA_trend.csv,-0.079791769928434,0.4173978082680081,144,2.7941875937490495,-0.1495183852785319,168,0.6105567639256843,-0.3001480825810658,50,0.2101366247866679,True,0.0697266153500979,0.14504146400136486
chandelier_exit_signals,chandelier_exit_signals,variance_volume_signals,rma_baseline,adx_dmi_exit,trend,A,False,-0.203608654787652,-39.50007902880449,0.4999989996353862,0.1649484536082474,-4.954902206561392,,39.0000790288045,23.874163126869416,-1.0128204868413395,194,132,62,33,1.0,0.01,2.1,1.95,1.5,"{""base"": {""ma_length"": 16}, ""c1"": {""atr_mult"": 6, ""atr_period"": 8}, ""c2"": {""atr_mult"": 3, ""atr_period"": 12}, ""exit_ind"": {""adx_smoothing"": 14, ""adx_threshold"": 25, ""di_length"": 14}, ""vol"": {""ema_len"": 100, ""filter_lookback"": 7, ""hline"": 0, ""lookback"": 25}}","{""base"": {""ma_length"": 25}, ""c1"": {""atr_mult"": 3, ""atr_period"": 22}, ""c2"": {""atr_mult"": 13, ""atr_period"": 145}, ""exit_ind"": {""adx_smoothing"": 14, ""adx_threshold"": 25, ""di_length"": 14}, ""vol"": {""ema_len"": 10, ""filter_lookback"": 7, ""hline"": 0, ""lookback"": 132}}","{""atr_len"": 39, ""atr_mult"": 1.0, ""be_pct"": 0.01, ""tp_mult"": 2.55, ""trail_arm"": 1.0, ""trail_mult"": 0.65}",full,full,,0.0738671152976502,0.7707657852608103,,,,,,False,gate2_tuned_modeA_trend.csv,-0.079791769928434,0.361507443419054,136,2.3399905754129295,-0.2291387523683456,132,0.4598872265603285,-0.1492542534868205,62,0.5976624471224837,True,0.06946248355838651,0.10940473299914906
bears_bulls_impulse_signals,halftrend_signals,chaikin_volatility_volume_signals,ema_baseline,adx_dmi_exit,trend,A,False,-0.1497825047429767,-32.35302102448297,0.6073812637480361,0.1898148148148148,-3.3941270510159174,-26.753699779633568,43.27415275195136,23.45199162427997,-0.7476292189920246,216,92,124,27,1.05,0.06,3.0,2.0,1.6,"{""base"": {""ma_length"": 37}, ""c1"": {""length"": 24}, ""c2"": {""amplitude"": 18}, ""exit_ind"": {""adx_smoothing"": 14, ""adx_threshold"": 25, ""di_length"": 14}, ""vol"": {""cvi_len"": 8, ""roc_len"": 12}}","{""base"": {""ma_length"": 57}, ""c1"": {""length"": 37}, ""c2"": {""amplitude"": 27}, ""exit_ind"": {""adx_smoothing"": 14, ""adx_threshold"": 25, ""di_length"": 14}, ""vol"": {""cvi_len"": 66, ""roc_len"": 6}}","{""atr_len"": 2, ""atr_mult"": 1.1, ""be_pct"": 0.03, ""tp_mult"": 2.9, ""trail_arm"": 1.3, ""trail_mult"": 0.75}",full,full,,0.1765769892463369,0.468489309026949,,,,,,False,gate2_tuned_modeA_trend.csv,-0.079791769928434,0.552757252909823,106,4.0876705225148005,-0.1508910568219651,92,0.5967143342825435,-0.1489600306198562,124,0.6150338644720306,True,0.06916826069142219,0.07013377379247666
relative_vigor_index_signals,bears_bulls_impulse_signals,variance_volume_signals,mcginley_dynamic_index,adx_dmi_exit,chop,B,False,-0.1324000004988916,-35.615600134201856,0.7703752486336116,0.2490706319702602,-1.6655119016117574,-7.089613622468692,57.13272462104251,31.20541494418207,-0.6233835401766276,269,200,69,37,1.0,0.05,1.9,2.0,1.5,"{""base"": {""mci_length"": 11}, ""c1"": {""len"": 10}, ""c2"": {""length"": 13}, ""exit_ind"": {""adx_smoothing"": 14, ""adx_threshold"": 25, ""di_length"": 14}, ""vol"": {""ema_len"": 12, ""filter_lookback"": 11, ""hline"": 0, ""lookback"": 87}}","{""base"": {""mci_length"": 11}, ""c1"": {""len"": 43}, ""c2"": {""length"": 86}, ""exit_ind"": {""adx_smoothing"": 14, ""adx_threshold"": 25, ""di_length"": 14}, ""vol"": {""ema_len"": 10, ""filter_lookback"": 25, ""hline"": 0, ""lookback"": 11}}","{""atr_len"": 39, ""atr_mult"": 1.0, ""be_pct"": 0.05, ""tp_mult"": 2.9, ""trail_arm"": 2.0, ""trail_mult"": 1.5}",full,full,,-0.1038120488836679,0.3482646045656823,,,,,,False,gate2_tuned_modeB.csv,-0.0550301260173602,0.3294930561250868,223,1.7452407159221592,-0.124117692710016,200,0.7773320943538099,-0.1564066897420092,69,0.7525956764370272,True,0.06908756669265581,0.0852320652086524
ehlers_reverse_ema_signals,fisher_transform_signals,variance_volume_signals,rma_baseline,adx_dmi_exit,trend,A,False,-0.1608678219399918,-41.18216241663791,0.5741130877565679,0.1796875,-3.5880015987304037,-22.823823843877033,44.99244008413583,27.794345345729667,-0.9153129356760225,256,90,166,4,1.0,0.05,3.0,1.0,1.85,"{""base"": {""ma_length"": 20}, ""c1"": {""alpha"": 0.081113}, ""c2"": {""length"": 4}, ""exit_ind"": {""adx_smoothing"": 14, ""adx_threshold"": 25, ""di_length"": 14}, ""vol"": {""ema_len"": 19, ""filter_lookback"": 3, ""hline"": 0, ""lookback"": 132}}","{""base"": {""ma_length"": 200}, ""c1"": {""alpha"": 0.284804}, ""c2"": {""length"": 4}, ""exit_ind"": {""adx_smoothing"": 14, ""adx_threshold"": 25, ""di_length"": 14}, ""vol"": {""ema_len"": 10, ""filter_lookback"": 16, ""hline"": 0, ""lookback"": 200}}","{""atr_len"": 23, ""atr_mult"": 1.0, ""be_pct"": 0.1, ""tp_mult"": 2.9, ""trail_arm"": 1.35, ""trail_mult"": 1.0}",full,full,,0.115883825224106,0.3744393508767628,,,,,,False,gate2_tuned_modeA_trend.csv,-0.079791769928434,0.4490654849397995,100,3.0581638692569104,-0.1838506770756138,90,0.509628518379377,-0.1484072378303172,166,0.6086760970600874,True,0.0686154679018832,0.08633718752453153
supertrend_signals,coral_signals,fractal_dimension_volume_signals,tma_baseline,adx_dmi_exit,trend,A,False,-0.1625703044396482,-27.9620923636195,0.5741690474845415,0.2093023255813953,-3.773084882101735,-48.250630603979666,32.14434192649279,17.92078646268796,-0.8698915792882866,172,100,72,4,1.0,0.01,1.5,1.0,1.1,"{""base"": {""length"": 16}, ""c1"": {""atr_period"": 8, ""factor"": 4}, ""c2"": {""const_d"": 2, ""smooth_period"": 12}, ""exit_ind"": {""adx_smoothing"": 14, ""adx_threshold"": 25, ""di_length"": 14}, ""vol"": {""fd_threshold"": 1.5, ""length"": 11}}","{""base"": {""length"": 20}, ""c1"": {""atr_period"": 2, ""factor"": 3}, ""c2"": {""const_d"": 92, ""smooth_period"": 100}, ""exit_ind"": {""adx_smoothing"": 14, ""adx_threshold"": 25, ""di_length"": 14}, ""vol"": {""fd_threshold"": 1.5, ""length"": 16}}","{""atr_len"": 23, ""atr_mult"": 1.0, ""be_pct"": 0.04, ""tp_mult"": 2.7, ""trail_arm"": 1.1, ""trail_mult"": 1.25}",full,full,,0.0717506664530894,1.0185582523637942,,,,,,False,gate2_tuned_modeA_trend.csv,-0.079791769928434,0.3755358427572345,102,2.3865778469695647,-0.1475738540698728,100,0.6279473018198554,-0.1833987077310031,72,0.492126655514145,True,0.06778208414143881,0.08569451097200396
halftrend_signals,coppock_curve_signals,chaikin_volatility_volume_signals,mcginley_dynamic_index,adx_dmi_exit,trend,A,False,-0.2029350323062483,-30.034384781324757,0.4882325267309718,0.1486486486486486,-4.7703345722595,-33.47423206778463,32.34714081000068,15.186364841356712,-0.928501995206918,148,86,62,35,1.0,0.01,2.95,1.5,1.95,"{""base"": {""mci_length"": 26}, ""c1"": {""amplitude"": 41}, ""c2"": {""long_roc"": 3, ""short_roc"": 9, ""smooth_len"": 10}, ""exit_ind"": {""adx_smoothing"": 14, ""adx_threshold"": 25, ""di_length"": 14}, ""vol"": {""cvi_len"": 100, ""roc_len"": 15}}","{""base"": {""mci_length"": 26}, ""c1"": {""amplitude"": 50}, ""c2"": {""long_roc"": 2, ""short_roc"": 9, ""smooth_len"": 10}, ""exit_ind"": {""adx_smoothing"": 14, ""adx_threshold"": 25, ""di_length"": 14}, ""vol"": {""cvi_len"": 43, ""roc_len"": 22}}","{""atr_len"": 5, ""atr_mult"": 1.0, ""be_pct"": 0.01, ""tp_mult"": 2.6, ""trail_arm"": 1.85, ""trail_mult"": 0.55}",full,full,,0.2041605772275104,0.7903762454769845,,,,,,False,gate2_tuned_modeA_trend.csv,-0.079791769928434,0.4828012408763523,112,3.113079579209523,-0.1473858442831626,86,0.6156048469664382,-0.2799871318221415,62,0.3248915418081187,True,0.0675940743547286,0.13389471812421805
schaff_trend_cycle_signals,center_of_gravity_signals,variance_volume_signals,kama_baseline,adx_dmi_exit,trend,A,False,-0.1784895955859325,-31.057189631952262,0.5217398258331226,0.2471264367816092,-4.6686521634085025,-738.0409410308322,30.55718963195225,16.858334026361977,-1.016362761301752,174,90,84,3,1.0,0.01,1.55,1.0,1.75,"{""base"": {""fast_length"": 2, ""length"": 10, ""slow_length"": 16}, ""c1"": {""cycleLen"": 66, ""d1"": 13, ""d2"": 13, ""lowerBand"": 108, ""macdFast"": 66, ""macdSlow"": 329, ""stc_midline"": 94, ""upperBand"": 7}, ""c2"": {""length"": 28, ""signal_length"": 4}, ""exit_ind"": {""adx_smoothing"": 14, ""adx_threshold"": 25, ""di_length"": 14}, ""vol"": {""ema_len"": 12, ""filter_lookback"": 200, ""hline"": 0, ""lookback"": 11}}","{""base"": {""fast_length"": 20, ""length"": 2, ""slow_length"": 30}, ""c1"": {""cycleLen"": 12, ""d1"": 3, ""d2"": 4, ""lowerBand"": 25, ""macdFast"": 19, ""macdSlow"": 62, ""stc_midline"": 5, ""upperBand"": 7}, ""c2"": {""length"": 10, ""signal_length"": 6}, ""exit_ind"": {""adx_smoothing"": 14, ""adx_threshold"": 25, ""di_length"": 14}, ""vol"": {""ema_len"": 10, ""filter_lookback"": 11, ""hline"": 0, ""lookback"": 25}}","{""atr_len"": 35, ""atr_mult"": 1.0, ""be_pct"": 0.05, ""tp_mult"": 3.0, ""trail_arm"": 1.95, ""trail_mult"": 0.5}",full,full,,0.0780612114860068,1.0607932043636294,,,,,,False,gate2_tuned_modeA_trend.csv,-0.079791769928434,0.4945650348087774,100,3.259308106027998,-0.2075328467094458,90,0.4943410648432853,-0.1473718265250254,84,0.5578845204249241,True,0.0675800565965914,0.09766056668880159
ichimoku_signals,center_of_gravity_signals,fractal_dimension_volume_signals,hma_baseline,adx_dmi_exit,trend,A,False,-0.1744118798511678,-40.1147323657686,0.5864460580848597,0.1347826086956521,-3.2217668202648486,,40.51277834543232,21.786165404473714,-0.9901748041995596,230,178,52,4,1.0,0.01,3.0,1.85,1.85,"{""base"": {""ma_length"": 7}, ""c1"": {""base_len"": 32, ""conversion_len"": 11, ""displacement"": 171, ""span_b_len"": 225}, ""c2"": {""length"": 10, ""signal_length"": 6}, ""exit_ind"": {""adx_smoothing"": 14, ""adx_threshold"": 25, ""di_length"": 14}, ""vol"": {""fd_threshold"": 1.5, ""length"": 3}}","{""base"": {""ma_length"": 57}, ""c1"": {""base_len"": 32, ""conversion_len"": 7, ""displacement"": 260, ""span_b_len"": 225}, ""c2"": {""length"": 8, ""signal_length"": 30}, ""exit_ind"": {""adx_smoothing"": 14, ""adx_threshold"": 25, ""di_length"": 14}, ""vol"": {""fd_threshold"": 1.5, ""length"": 56}}","{""atr_len"": 23, ""atr_mult"": 1.0, ""be_pct"": 0.17, ""tp_mult"": 2.9, ""trail_arm"": 1.8, ""trail_mult"": 1.1}",full,full,,0.0730181987382642,0.4877812110237185,,,,,,False,gate2_tuned_modeA_trend.csv,-0.079791769928434,0.3796024837509288,168,2.3014942300031835,-0.1473177092611614,178,0.6503659700201769,-0.2671573099477282,52,0.3685372673962789,True,0.0675259393327274,0.1274457396760108
linreg_slope_signals,donchian_breakout_signals,waddah_attar_explosion_volume_signals,mcginley_dynamic_index,adx_dmi_exit,chop,B,False,-0.15018178021309,-29.58581070197873,0.7210734885627008,0.2182741116751269,-1.9727179105246817,-7.572578650318973,39.617017083000725,21.14962343290794,-0.7467955156743417,197,120,77,50,1.1,0.05,2.95,2.0,1.5,"{""base"": {""mci_length"": 11}, ""c1"": {""length"": 14, ""r2_floor"": 0.246569}, ""c2"": {""length"": 25}, ""exit_ind"": {""adx_smoothing"": 14, ""adx_threshold"": 25, ""di_length"": 14}, ""vol"": {""bbLen"": 7, ""bbStd"": 2, ""fastEma"": 5, ""sensitivity"": 35, ""slowEma"": 114}}","{""base"": {""mci_length"": 14}, ""c1"": {""length"": 140, ""r2_floor"": 0.2}, ""c2"": {""length"": 37}, ""exit_ind"": {""adx_smoothing"": 14, ""adx_threshold"": 25, ""di_length"": 14}, ""vol"": {""bbLen"": 20, ""bbStd"": 2, ""fastEma"": 37, ""sensitivity"": 15, ""slowEma"": 9}}","{""atr_len"": 14, ""atr_mult"": 1.0, ""be_pct"": 0.05, ""tp_mult"": 3.0, ""trail_arm"": 2.0, ""trail_mult"": 1.5}",full,full,,-0.0095283176912346,0.4006705718711708,,,,,,False,gate2_tuned_modeB.csv,-0.0550301260173602,0.3573928411439437,114,1.857799781238058,-0.1685224244919157,120,0.6897421064764885,-0.1215989579603745,77,0.7710169289004928,True,0.0665688319430143,0.09003056520878489
ichimoku_signals,donchian_breakout_signals,chaikin_volatility_volume_signals,ema_baseline,adx_dmi_exit,trend,A,False,-0.152020262824335,-24.01920152624494,0.618742832916747,0.1835443037974683,-3.1620123221359147,,28.58500649408665,16.24718720639725,-0.8402727328823161,158,106,52,4,1.0,0.05,2.25,1.0,2.0,"{""base"": {""ma_length"": 37}, ""c1"": {""base_len"": 14, ""conversion_len"": 9, ""displacement"": 74, ""span_b_len"": 64}, ""c2"": {""length"": 20}, ""exit_ind"": {""adx_smoothing"": 14, ""adx_threshold"": 25, ""di_length"": 14}, ""vol"": {""cvi_len"": 19, ""roc_len"": 22}}","{""base"": {""ma_length"": 132}, ""c1"": {""base_len"": 74, ""conversion_len"": 11, ""displacement"": 32, ""span_b_len"": 64}, ""c2"": {""length"": 3}, ""exit_ind"": {""adx_smoothing"": 14, ""adx_threshold"": 25, ""di_length"": 14}, ""vol"": {""cvi_len"": 28, ""roc_len"": 10}}","{""atr_len"": 50, ""atr_mult"": 1.0, ""be_pct"": 0.01, ""tp_mult"": 2.95, ""trail_arm"": 2.0, ""trail_mult"": 0.5}",full,full,,0.1844806544885382,1.0495290921520248,,,,,,False,gate2_tuned_modeA_trend.csv,-0.079791769928434,0.6013044828993164,106,3.276366970975982,-0.1549015757554931,106,0.626828022043585,-0.1461468172338974,52,0.6000192370440702,True,0.06635504730546342,0.07073242656626126
halftrend_signals,coppock_curve_signals,variance_volume_signals,fantail_vma,adx_dmi_exit,trend,A,False,-0.152125742098247,-34.98892068259683,0.548530055708427,0.2347826086956521,-4.264993853474185,,36.89970150395836,21.76866351562451,-0.948216903024092,230,146,84,15,1.0,0.01,1.25,1.45,2.0,"{""base"": {""fma_adx_length"": 2, ""fma_ma_length"": 39, ""fma_weighting"": 12}, ""c1"": {""amplitude"": 12}, ""c2"": {""long_roc"": 14, ""short_roc"": 11, ""smooth_len"": 10}, ""exit_ind"": {""adx_smoothing"": 14, ""adx_threshold"": 25, ""di_length"": 14}, ""vol"": {""ema_len"": 10, ""filter_lookback"": 20, ""hline"": 0, ""lookback"": 20}}","{""base"": {""fma_adx_length"": 13, ""fma_ma_length"": 60, ""fma_weighting"": 12}, ""c1"": {""amplitude"": 329}, ""c2"": {""long_roc"": 11, ""short_roc"": 11, ""smooth_len"": 10}, ""exit_ind"": {""adx_smoothing"": 14, ""adx_threshold"": 25, ""di_length"": 14}, ""vol"": {""ema_len"": 4, ""filter_lookback"": 16, ""hline"": 0, ""lookback"": 200}}","{""atr_len"": 5, ""atr_mult"": 1.0, ""be_pct"": 0.01, ""tp_mult"": 1.7, ""trail_arm"": 1.6, ""trail_mult"": 0.95}",full,full,,0.1869103775042207,0.6042947263676709,,,,,,False,gate2_tuned_modeA_trend.csv,-0.079791769928434,0.4008775625005329,124,3.289673510254673,-0.1557788743170513,146,0.5583744533924351,-0.145776250384611,84,0.5290305756804874,True,0.06598448045617701,0.07098579242239718
parabolic_sar_signals,relative_vigor_index_signals,choppiness_index_volume_signals,rma_baseline,adx_dmi_exit,trend,A,False,-0.1572332292051315,-48.113368136770255,0.5588897527596102,0.2287581699346405,-3.805103882166748,-26.156814271178256,47.613368136770234,27.68293150082743,-1.0105012524752242,306,230,76,4,1.0,0.06,1.4,1.05,0.65,"{""base"": {""ma_length"": 16}, ""c1"": {""sar_increment"": 0.024657, ""sar_maximum"": 0.2, ""sar_start"": 0.02}, ""c2"": {""len"": 10}, ""exit_ind"": {""adx_smoothing"": 14, ""adx_threshold"": 25, ""di_length"": 14}, ""vol"": {""ci_threshold"": 50.127885, ""length"": 26}}","{""base"": {""ma_length"": 25}, ""c1"": {""sar_increment"": 0.010673, ""sar_maximum"": 0.106734, ""sar_start"": 0.02}, ""c2"": {""len"": 43}, ""exit_ind"": {""adx_smoothing"": 14, ""adx_threshold"": 25, ""di_length"": 14}, ""vol"": {""ci_threshold"": 61.8, ""length"": 2}}","{""atr_len"": 5, ""atr_mult"": 1.0, ""be_pct"": 0.05, ""tp_mult"": 2.2, ""trail_arm"": 1.4, ""trail_mult"": 2.0}",full,full,,0.1711669010287173,1.1087632354206296,,,,,,False,gate2_tuned_modeA_trend.csv,-0.079791769928434,0.3389299166132221,240,2.6334382471174393,-0.1456879622686868,230,0.605739583037254,-0.1921728528285826,76,0.3935560521184056,True,0.0658961923402528,0.0891386376202007
price_momentum_oscillator_signals,laguerre_filter_signals,variance_volume_signals,rma_baseline,adx_dmi_exit,trend,A,False,-0.1465037505264454,-27.249697597918843,0.6352106966754683,0.1881720430107527,-2.995796804840851,-134.64780947431672,29.945503919200124,17.86615584333494,-0.9099762579198803,186,120,66,2,1.0,0.05,3.0,1.35,2.0,"{""base"": {""ma_length"": 11}, ""c1"": {""s1"": 350, ""s2"": 57, ""sig"": 10}, ""c2"": {""alpha"": 0.246569}, ""exit_ind"": {""adx_smoothing"": 14, ""adx_threshold"": 25, ""di_length"": 14}, ""vol"": {""ema_len"": 19, ""filter_lookback"": 200, ""hline"": 0, ""lookback"": 20}}","{""base"": {""ma_length"": 20}, ""c1"": {""s1"": 152, ""s2"": 16, ""sig"": 10}, ""c2"": {""alpha"": 0.246569}, ""exit_ind"": {""adx_smoothing"": 14, ""adx_threshold"": 25, ""di_length"": 14}, ""vol"": {""ema_len"": 12, ""filter_lookback"": 7, ""hline"": 0, ""lookback"": 3}}","{""atr_len"": 48, ""atr_mult"": 1.0, ""be_pct"": 0.05, ""tp_mult"": 2.5, ""trail_arm"": 1.15, ""trail_mult"": 0.55}",full,full,,0.1167908684997626,0.64298771146602,,,,,,False,gate2_tuned_modeA_trend.csv,-0.079791769928434,0.3160957740801447,158,2.175132524815597,-0.1453478647976922,120,0.6440460453934065,-0.1486053609423601,66,0.6183649763206053,True,0.06555609486925822,0.06718484294159217
volatility_quality_signals,polychromatic_momentum_signals,vertical_horizontal_filter_volume_signals,sma_baseline,adx_dmi_exit,trend,A,False,-0.1553472861083107,-27.341122355062694,0.6149137696470046,0.1590909090909091,-3.142312876839719,,29.85980519052798,15.79422710884781,-0.9156497231179442,176,118,58,50,1.0,0.08,2.6,1.3,1.9,"{""base"": {""length"": 25}, ""c1"": {""atr_pct"": 0.075, ""smooth"": 100}, ""c2"": {""len"": 40}, ""exit_ind"": {""adx_smoothing"": 14, ""adx_threshold"": 25, ""di_length"": 14}, ""vol"": {""length"": 28, ""vhf_threshold"": 0.35}}","{""base"": {""length"": 200}, ""c1"": {""atr_pct"": 0.075, ""smooth"": 28}, ""c2"": {""len"": 17}, ""exit_ind"": {""adx_smoothing"": 14, ""adx_threshold"": 25, ""di_length"": 14}, ""vol"": {""length"": 10, ""vhf_threshold"": 0.283896}}","{""atr_len"": 37, ""atr_mult"": 1.0, ""be_pct"": 0.05, ""tp_mult"": 3.0, ""trail_arm"": 1.65, ""trail_mult"": 1.5}",full,full,,0.0546042266105829,0.507458334682842,,,,,,False,gate2_tuned_modeA_trend.csv,-0.079791769928434,0.2725216329864042,116,1.8543921466600777,-0.1448641196300562,118,0.6438757059094452,-0.1766751075640699,58,0.5544714678819108,True,0.06507234970162219,0.08097784366862905
laguerre_filter_signals,rex_oscillator_signals,damiani_volatmeter_volume_signals,fantail_vma,adx_dmi_exit,trend,A,False,-0.1981741153378767,-24.177242071220967,0.4997034084543473,0.180327868852459,-4.532581711952932,-47.95736726866967,23.677242071220963,15.164357521184108,-1.021117324327555,122,70,52,50,1.0,0.05,2.5,1.1,1.75,"{""base"": {""fma_adx_length"": 2, ""fma_ma_length"": 39, ""fma_weighting"": 5}, ""c1"": {""alpha"": 0.2}, ""c2"": {""almaOffset"": 0.85, ""almaSigma"": 6, ""framaFast"": 34, ""framaSlow"": 89, ""jurikPhase"": 1, ""jurikPower"": 1, ""lsOffset"": 0, ""modFBW"": 0.5, ""modFilter"": 0.8, ""sigAlmaOff"": 0.85, ""sigAlmaSig"": 6, ""sigFramaFast"": 34, ""sigFramaSlow"": 89, ""sigJurikPhase"": 1, ""sigJurikPower"": 1, ""sigLsOff"": 0, ""sigModFBW"": 0.5, ""sigModFilter"": 0.8, ""sigSmooth"": 22, ""sigVolAdj"": 10, ""smooth"": 14, ""volAdj"": 10}, ""exit_ind"": {""adx_smoothing"": 14, ""adx_threshold"": 25, ""di_length"": 14}, ""vol"": {""lag"": 1.4, ""sedimentation"": 62, ""threshold"": 1.4, ""viscosity"": 4}}","{""base"": {""fma_adx_length"": 2, ""fma_ma_length"": 7, ""fma_weighting"": 8}, ""c1"": {""alpha"": 0.246569}, ""c2"": {""almaOffset"": 0.85, ""almaSigma"": 6, ""framaFast"": 34, ""framaSlow"": 89, ""jurikPhase"": 1, ""jurikPower"": 1, ""lsOffset"": 0, ""modFBW"": 0.5, ""modFilter"": 0.8, ""sigAlmaOff"": 0.85, ""sigAlmaSig"": 6, ""sigFramaFast"": 34, ""sigFramaSlow"": 89, ""sigJurikPhase"": 1, ""sigJurikPower"": 1, ""sigLsOff"": 0, ""sigModFBW"": 0.5, ""sigModFilter"": 0.8, ""sigSmooth"": 22, ""sigVolAdj"": 10, ""smooth"": 5, ""volAdj"": 10}, ""exit_ind"": {""adx_smoothing"": 14, ""adx_threshold"": 25, ""di_length"": 14}, ""vol"": {""lag"": 1.4, ""sedimentation"": 50, ""threshold"": 1.725985, ""viscosity"": 7}}","{""atr_len"": 39, ""atr_mult"": 1.0, ""be_pct"": 0.05, ""tp_mult"": 2.75, ""trail_arm"": 1.25, ""trail_mult"": 1.1}",full,full,,0.1769367512702839,0.7150775145143085,,,,,,False,gate2_tuned_modeA_trend.csv,-0.079791769928434,0.6260377623888046,108,3.651863673309417,-0.2380442156516607,70,0.4219385189035488,-0.1445028264539367,52,0.6146591294561687,True,0.0647110565255027,0.11148175112436472
linreg_slope_signals,dspo_signals,variance_volume_signals,kama_baseline,adx_dmi_exit,trend,A,False,-0.184941284205498,-35.508726567455625,0.5354872832391248,0.1458333333333333,-4.122178832707207,-37.12083830849797,35.74305449550417,17.385786183764804,-0.9934440989625546,192,112,80,2,1.0,0.16,3.0,1.55,1.7,"{""base"": {""fast_length"": 2, ""length"": 12, ""slow_length"": 85}, ""c1"": {""length"": 14, ""r2_floor"": 0.246569}, ""c2"": {""len"": 61}, ""exit_ind"": {""adx_smoothing"": 14, ""adx_threshold"": 25, ""di_length"": 14}, ""vol"": {""ema_len"": 12, ""filter_lookback"": 37, ""hline"": 0, ""lookback"": 20}}","{""base"": {""fast_length"": 2, ""length"": 12, ""slow_length"": 85}, ""c1"": {""length"": 61, ""r2_floor"": 0.569607}, ""c2"": {""len"": 7}, ""exit_ind"": {""adx_smoothing"": 14, ""adx_threshold"": 25, ""di_length"": 14}, ""vol"": {""ema_len"": 19, ""filter_lookback"": 200, ""hline"": 0, ""lookback"": 5}}","{""atr_len"": 36, ""atr_mult"": 1.0, ""be_pct"": 0.01, ""tp_mult"": 2.95, ""trail_arm"": 1.0, ""trail_mult"": 1.1}",full,full,,0.1460884993247633,0.6526257158550366,,,,,,False,gate2_tuned_modeA_trend.csv,-0.079791769928434,0.6440895895151979,124,3.6622369699961466,-0.1444726015138528,112,0.6404237473432989,-0.2415974399738012,80,0.3853060969509403,True,0.0646808315854188,0.113243250815393
dspo_signals,donchian_breakout_signals,chaikin_volatility_volume_signals,sma_baseline,adx_dmi_exit,trend,A,False,-0.1673039346506176,-39.483728577545776,0.58288661128398,0.1694915254237288,-3.659069689224583,-54.58472397937481,38.98372857754577,21.12457720712598,-1.012825863975669,236,98,138,2,1.05,0.05,3.0,1.3,1.65,"{""base"": {""length"": 25}, ""c1"": {""len"": 92}, ""c2"": {""length"": 11}, ""exit_ind"": {""adx_smoothing"": 14, ""adx_threshold"": 25, ""di_length"": 14}, ""vol"": {""cvi_len"": 28, ""roc_len"": 12}}","{""base"": {""length"": 200}, ""c1"": {""len"": 17}, ""c2"": {""length"": 3}, ""exit_ind"": {""adx_smoothing"": 14, ""adx_threshold"": 25, ""di_length"": 14}, ""vol"": {""cvi_len"": 10, ""roc_len"": 15}}","{""atr_len"": 50, ""atr_mult"": 1.0, ""be_pct"": 0.05, ""tp_mult"": 3.0, ""trail_arm"": 2.0, ""trail_mult"": 0.5}",full,full,,0.1401330232645784,0.5006170072742769,,,,,,False,gate2_tuned_modeA_trend.csv,-0.079791769928434,0.3889635911453069,104,2.3049101122294147,-0.199773244425017,98,0.5224932206426418,-0.1442460190137254,138,0.629031857011293,True,0.06445424908529142,0.09221786179093723
qqe_mod_signals,fisher_transform_signals,chaikin_volatility_volume_signals,rma_baseline,adx_dmi_exit,trend,A,False,-0.1975877181875627,-50.58245585601607,0.4176067109478216,0.21484375,-6.266962328830181,-43.51808162490089,52.18007012606933,26.426663723163717,-0.9693826729976912,256,92,164,26,1.0,0.01,1.3,1.9,1.85,"{""base"": {""ma_length"": 20}, ""c1"": {""fast_factor"": 4.585338, ""rsi_len"": 33, ""rsi_period"": 39}, ""c2"": {""length"": 28}, ""exit_ind"": {""adx_smoothing"": 14, ""adx_threshold"": 25, ""di_length"": 14}, ""vol"": {""cvi_len"": 19, ""roc_len"": 120}}","{""base"": {""ma_length"": 200}, ""c1"": {""fast_factor"": 1.61, ""rsi_len"": 5, ""rsi_period"": 5}, ""c2"": {""length"": 12}, ""exit_ind"": {""adx_smoothing"": 14, ""adx_threshold"": 25, ""di_length"": 14}, ""vol"": {""cvi_len"": 43, ""roc_len"": 120}}","{""atr_len"": 30, ""atr_mult"": 1.5, ""be_pct"": 0.01, ""tp_mult"": 1.85, ""trail_arm"": 1.0, ""trail_mult"": 1.85}",full,full,,0.0828211299018729,0.2563415629731257,,,,,,False,gate2_tuned_modeA_trend.csv,-0.079791769928434,0.3038871581719513,112,3.4219060540393103,-0.1441518866041091,92,0.5557536319365807,-0.2275639163929148,164,0.3452546966940699,True,0.06436011667567511,0.10606613157007795
ssl_channel_signals,halftrend_signals,fractal_dimension_volume_signals,rma_baseline,adx_dmi_exit,trend,A,False,-0.1507944687563822,-28.95253800122538,0.5510765197443427,0.25,-3.78956163288116,-29.77047592077147,31.82936850197388,19.862155556156,-0.9096171040726084,192,140,52,3,1.0,0.01,1.15,2.0,1.9,"{""base"": {""ma_length"": 20}, ""c1"": {""len"": 12}, ""c2"": {""amplitude"": 27}, ""exit_ind"": {""adx_smoothing"": 14, ""adx_threshold"": 25, ""di_length"": 14}, ""vol"": {""fd_threshold"": 1.5, ""length"": 11}}","{""base"": {""ma_length"": 25}, ""c1"": {""len"": 10}, ""c2"": {""amplitude"": 18}, ""exit_ind"": {""adx_smoothing"": 14, ""adx_threshold"": 25, ""di_length"": 14}, ""vol"": {""fd_threshold"": 1.5, ""length"": 30}}","{""atr_len"": 41, ""atr_mult"": 1.0, ""be_pct"": 0.05, ""tp_mult"": 2.85, ""trail_arm"": 1.1, ""trail_mult"": 1.15}",full,full,,0.2853948292879336,0.7086262770040986,,,,,,False,gate2_tuned_modeA_trend.csv,-0.079791769928434,0.3704380904545523,134,2.7670932618513553,-0.1534545630037598,140,0.5717066989454751,-0.1436326765519038,52,0.4788733531515586,True,0.06384090662346979,0.06875184984939779
didi_index_signals,price_momentum_oscillator_signals,variance_volume_signals,kama_baseline,adx_dmi_exit,trend,A,False,-0.1445902586030353,-24.001982928103867,0.5830791901155828,0.2349397590361445,-3.697449684560017,-21.39977568928601,23.501982928103864,13.823733556507865,-1.0212748005787249,166,92,74,23,1.0,0.01,1.25,1.8,1.65,"{""base"": {""fast_length"": 2, ""length"": 19, ""slow_length"": 30}, ""c1"": {""long_p"": 25, ""medium"": 8}, ""c2"": {""s1"": 43, ""s2"": 25, ""sig"": 10}, ""exit_ind"": {""adx_smoothing"": 14, ""adx_threshold"": 25, ""di_length"": 14}, ""vol"": {""ema_len"": 8, ""filter_lookback"": 200, ""hline"": 0, ""lookback"": 20}}","{""base"": {""fast_length"": 13, ""length"": 19, ""slow_length"": 30}, ""c1"": {""long_p"": 25, ""medium"": 3}, ""c2"": {""s1"": 66, ""s2"": 20, ""sig"": 10}, ""exit_ind"": {""adx_smoothing"": 14, ""adx_threshold"": 25, ""di_length"": 14}, ""vol"": {""ema_len"": 10, ""filter_lookback"": 25, ""hline"": 0, ""lookback"": 20}}","{""atr_len"": 42, ""atr_mult"": 1.0, ""be_pct"": 0.05, ""tp_mult"": 2.55, ""trail_arm"": 1.15, ""trail_mult"": 0.5}",full,full,,0.1706851877601354,0.6584197107347632,,,,,,False,gate2_tuned_modeA_trend.csv,-0.079791769928434,0.5492403661816934,102,3.781594162287629,-0.1430449713335045,92,0.6300491885681349,-0.1465114265597492,74,0.5071211087947314,True,0.0632532014050705,0.06498642901819286
didi_index_signals,kase_peak_oscillator_signals,variance_volume_signals,kama_baseline,adx_dmi_exit,trend,A,False,-0.1872046253455639,-44.18029158155308,0.508921111214552,0.1822033898305084,-4.675720397784182,-31.96206178290967,44.306883034392605,21.51366254463557,-0.9971428490525668,236,90,146,5,1.0,0.09,2.55,1.0,1.7,"{""base"": {""fast_length"": 2, ""length"": 28, ""slow_length"": 16}, ""c1"": {""long_p"": 25, ""medium"": 3}, ""c2"": {""long_cycle"": 80, ""sharpness"": 40, ""short_cycle"": 8}, ""exit_ind"": {""adx_smoothing"": 14, ""adx_threshold"": 25, ""di_length"": 14}, ""vol"": {""ema_len"": 19, ""filter_lookback"": 25, ""hline"": 0, ""lookback"": 20}}","{""base"": {""fast_length"": 13, ""length"": 19, ""slow_length"": 30}, ""c1"": {""long_p"": 87, ""medium"": 10}, ""c2"": {""long_cycle"": 15, ""sharpness"": 40, ""short_cycle"": 8}, ""exit_ind"": {""adx_smoothing"": 14, ""adx_threshold"": 25, ""di_length"": 14}, ""vol"": {""ema_len"": 8, ""filter_lookback"": 25, ""hline"": 0, ""lookback"": 20}}","{""atr_len"": 50, ""atr_mult"": 1.05, ""be_pct"": 0.01, ""tp_mult"": 2.55, ""trail_arm"": 1.65, ""trail_mult"": 1.35}",full,full,,0.1313667804887774,0.3843915087050831,,,,,,False,gate2_tuned_modeA_trend.csv,-0.079791769928434,0.5373239117079617,102,3.382914738878788,-0.1427024126654179,90,0.6330509388603539,-0.2146374961757909,146,0.4298802141063627,True,0.0629106427369839,0.09887818449217041
linreg_slope_signals,volatility_quality_signals,variance_volume_signals,ema_baseline,adx_dmi_exit,trend,A,False,-0.1517018402126244,-26.699523877421896,0.5727116332345578,0.2102272727272727,-3.802672640548027,-24.03004306207449,26.474523877421888,15.535187333824789,-1.0084987364094542,176,96,80,2,1.0,0.01,2.2,1.0,1.65,"{""base"": {""ma_length"": 25}, ""c1"": {""length"": 14, ""r2_floor"": 0.106734}, ""c2"": {""atr_pct"": 0.040025, ""smooth"": 43}, ""exit_ind"": {""adx_smoothing"": 14, ""adx_threshold"": 25, ""di_length"": 14}, ""vol"": {""ema_len"": 28, ""filter_lookback"": 200, ""hline"": 0, ""lookback"": 20}}","{""base"": {""ma_length"": 132}, ""c1"": {""length"": 14, ""r2_floor"": 0.2}, ""c2"": {""atr_pct"": 0.075, ""smooth"": 4}, ""exit_ind"": {""adx_smoothing"": 14, ""adx_threshold"": 25, ""di_length"": 14}, ""vol"": {""ema_len"": 8, ""filter_lookback"": 25, ""hline"": 0, ""lookback"": 200}}","{""atr_len"": 20, ""atr_mult"": 1.0, ""be_pct"": 0.01, ""tp_mult"": 1.55, ""trail_arm"": 2.0, ""trail_mult"": 0.65}",full,full,,0.1792152317464365,0.8914484675894611,,,,,,False,gate2_tuned_modeA_trend.csv,-0.079791769928434,0.3234553950036586,100,2.702396815808731,-0.1593374416270838,96,0.5456620773262256,-0.142539118515273,80,0.6043124666072633,True,0.06274734858683902,0.07114651014274441
bears_bulls_impulse_signals,halftrend_signals,efficiency_ratio_volume_signals,kama_baseline,adx_dmi_exit,trend,A,False,-0.16483207597639,-29.340109523797416,0.549116139576042,0.2022471910112359,-3.9700984794270737,-22.952641702412127,31.032118959941357,20.47191677834159,-0.9454755429905344,178,120,58,38,1.0,0.09,3.0,1.75,1.85,"{""base"": {""fast_length"": 2, ""length"": 28, ""slow_length"": 300}, ""c1"": {""length"": 5}, ""c2"": {""amplitude"": 8}, ""exit_ind"": {""adx_smoothing"": 14, ""adx_threshold"": 25, ""di_length"": 14}, ""vol"": {""er_threshold"": 0.160101, ""length"": 66}}","{""base"": {""fast_length"": 2, ""length"": 4, ""slow_length"": 197}, ""c1"": {""length"": 7}, ""c2"": {""amplitude"": 50}, ""exit_ind"": {""adx_smoothing"": 14, ""adx_threshold"": 25, ""di_length"": 14}, ""vol"": {""er_threshold"": 0.3, ""length"": 66}}","{""atr_len"": 7, ""atr_mult"": 1.0, ""be_pct"": 0.01, ""tp_mult"": 2.95, ""trail_arm"": 1.2, ""trail_mult"": 0.5}",full,full,,0.0812200717830444,0.7037014084585236,,,,,,False,gate2_tuned_modeA_trend.csv,-0.079791769928434,0.4299126228882635,120,2.793072818657737,-0.1756614270071477,120,0.5249788103601724,-0.1424265221196497,58,0.6008685909246365,True,0.06263475219121571,0.0792522046349647
volatility_quality_signals,vortex_signals,waddah_attar_explosion_volume_signals,fantail_vma,adx_dmi_exit,chop,B,False,-0.1589521135289188,-48.639346739849174,0.7392465754694281,0.2418300653594771,-2.073986063638183,-8.909947568243263,57.48446339079841,34.218772617497166,-0.8461303084484375,306,190,116,17,1.0,0.05,1.3,2.0,1.5,"{""base"": {""fma_adx_length"": 2, ""fma_ma_length"": 17, ""fma_weighting"": 19}, ""c1"": {""atr_pct"": 0.075, ""smooth"": 10}, ""c2"": {""period"": 14}, ""exit_ind"": {""adx_smoothing"": 14, ""adx_threshold"": 25, ""di_length"": 14}, ""vol"": {""bbLen"": 20, ""bbStd"": 9, ""fastEma"": 2, ""sensitivity"": 15, ""slowEma"": 400}}","{""base"": {""fma_adx_length"": 2, ""fma_ma_length"": 60, ""fma_weighting"": 5}, ""c1"": {""atr_pct"": 0.075, ""smooth"": 10}, ""c2"": {""period"": 26}, ""exit_ind"": {""adx_smoothing"": 14, ""adx_threshold"": 25, ""di_length"": 14}, ""vol"": {""bbLen"": 20, ""bbStd"": 4, ""fastEma"": 3, ""sensitivity"": 150, ""slowEma"": 400}}","{""atr_len"": 22, ""atr_mult"": 1.0, ""be_pct"": 0.05, ""tp_mult"": 2.6, ""trail_arm"": 2.0, ""trail_mult"": 1.5}",full,full,,0.0510475494916835,0.303124678034528,,,,,,False,gate2_tuned_modeB.csv,-0.0550301260173602,0.4402780289368012,112,1.895090166354411,-0.1844416030373867,190,0.7100068497476927,-0.1172020876098766,116,0.7930362574168287,True,0.0621719615925164,0.09579171930627142
dspo_signals,center_of_gravity_signals,chaikin_volatility_volume_signals,mcginley_dynamic_index,adx_dmi_exit,chop,B,False,-0.1436414091937709,-38.20861484554307,0.7598543415606818,0.1992481203007518,-1.7015610467964146,-7.569359026607447,41.10861484554308,20.899247988360223,-0.9294551759796298,266,162,104,43,1.0,0.05,2.95,2.0,1.5,"{""base"": {""mci_length"": 40}, ""c1"": {""len"": 40}, ""c2"": {""length"": 12, ""signal_length"": 6}, ""exit_ind"": {""adx_smoothing"": 14, ""adx_threshold"": 25, ""di_length"": 14}, ""vol"": {""cvi_len"": 12, ""roc_len"": 12}}","{""base"": {""mci_length"": 14}, ""c1"": {""len"": 14}, ""c2"": {""length"": 28, ""signal_length"": 6}, ""exit_ind"": {""adx_smoothing"": 14, ""adx_threshold"": 25, ""di_length"": 14}, ""vol"": {""cvi_len"": 12, ""roc_len"": 15}}","{""atr_len"": 24, ""atr_mult"": 1.0, ""be_pct"": 0.05, ""tp_mult"": 2.9, ""trail_arm"": 2.0, ""trail_mult"": 1.5}",full,full,,0.1281676256980141,0.4589354833865366,,,,,,False,gate2_tuned_modeB.csv,-0.0550301260173602,0.4531719411743864,171,1.9159433592766455,-0.1169770159439213,162,0.8017704986222242,-0.1851763294483443,104,0.6967589014376622,True,0.061946889926561104,0.0960465466787726
halftrend_signals,j_tpo_signals,variance_volume_signals,rma_baseline,adx_dmi_exit,trend,A,False,-0.2031407853201419,-27.220865232899023,0.5062236331198546,0.1492537313432835,-4.66994907540324,-129.72492999077286,33.140734613408114,18.008571449407356,-0.8213718117728741,134,50,84,19,1.0,0.18,2.5,2.0,0.55,"{""base"": {""ma_length"": 25}, ""c1"": {""amplitude"": 94}, ""c2"": {""ema_len"": 200, ""len"": 40}, ""exit_ind"": {""adx_smoothing"": 14, ""adx_threshold"": 25, ""di_length"": 14}, ""vol"": {""ema_len"": 5, ""filter_lookback"": 20, ""hline"": 0, ""lookback"": 87}}","{""base"": {""ma_length"": 20}, ""c1"": {""amplitude"": 50}, ""c2"": {""ema_len"": 200, ""len"": 32}, ""exit_ind"": {""adx_smoothing"": 14, ""adx_threshold"": 25, ""di_length"": 14}, ""vol"": {""ema_len"": 10, ""filter_lookback"": 3, ""hline"": 0, ""lookback"": 57}}","{""atr_len"": 13, ""atr_mult"": 1.0, ""be_pct"": 0.01, ""tp_mult"": 2.35, ""trail_arm"": 1.0, ""trail_mult"": 0.55}",full,full,,0.1938169506083627,0.6385796782171077,,,,,,False,gate2_tuned_modeA_trend.csv,-0.079791769928434,0.4638804385030609,104,3.192889345650834,-0.1411819309562758,50,0.647045172609311,-0.2400210557748241,84,0.4260472207982126,True,0.0613901610278418,0.11080972343711594
didi_index_signals,mama_fama_signals,efficiency_ratio_volume_signals,tma_baseline,adx_dmi_exit,trend,A,False,-0.1459684834201309,-23.354957347220942,0.6166286302879211,0.2,-3.0931160607477985,-30.17103893229491,24.60774642928167,14.20385533710094,-0.94908964599172,160,110,50,2,1.0,0.05,1.5,1.7,1.9,"{""base"": {""length"": 25}, ""c1"": {""long_p"": 16, ""medium"": 8}, ""c2"": {""fast_limit"": 0.405565, ""slow_limit"": 0.05}, ""exit_ind"": {""adx_smoothing"": 14, ""adx_threshold"": 25, ""di_length"": 14}, ""vol"": {""er_threshold"": 0.3, ""length"": 12}}","{""base"": {""length"": 200}, ""c1"": {""long_p"": 87, ""medium"": 10}, ""c2"": {""fast_limit"": 0.936909, ""slow_limit"": 0.05}, ""exit_ind"": {""adx_smoothing"": 14, ""adx_threshold"": 25, ""di_length"": 14}, ""vol"": {""er_threshold"": 0.369854, ""length"": 4}}","{""atr_len"": 47, ""atr_mult"": 1.0, ""be_pct"": 0.05, ""tp_mult"": 3.0, ""trail_arm"": 2.0, ""trail_mult"": 0.5}",full,full,,0.1314387336126345,1.0566748891330533,,,,,,False,gate2_tuned_modeA_trend.csv,-0.079791769928434,0.3604070253670399,116,2.1613115261826854,-0.1409031015348793,110,0.6630578006774629,-0.1571123235676843,50,0.4734817314195506,True,0.061111331606445315,0.06921594262284782
center_of_gravity_signals,coppock_curve_signals,efficiency_ratio_volume_signals,vidya,adx_dmi_exit,chop,B,False,-0.1211428870524572,-22.896005652914425,0.7682727988743232,0.2751322751322751,-1.7194767509026534,-6.026659078149878,27.698120147372897,15.060716791976038,-0.8266266999742962,189,95,94,12,1.0,0.05,3.0,2.0,1.5,"{""base"": {""vda_length"": 4}, ""c1"": {""length"": 8, ""signal_length"": 3}, ""c2"": {""long_roc"": 3, ""short_roc"": 4, ""smooth_len"": 28}, ""exit_ind"": {""adx_smoothing"": 14, ""adx_threshold"": 25, ""di_length"": 14}, ""vol"": {""er_threshold"": 0.369854, ""length"": 8}}","{""base"": {""vda_length"": 9}, ""c1"": {""length"": 100, ""signal_length"": 20}, ""c2"": {""long_roc"": 3, ""short_roc"": 11, ""smooth_len"": 10}, ""exit_ind"": {""adx_smoothing"": 14, ""adx_threshold"": 25, ""di_length"": 14}, ""vol"": {""er_threshold"": 0.069304, ""length"": 100}}","{""atr_len"": 3, ""atr_mult"": 1.0, ""be_pct"": 0.05, ""tp_mult"": 1.5, ""trail_arm"": 2.0, ""trail_mult"": 1.5}",full,full,,-0.002863426129159,0.4388524581946144,,,,,,False,gate2_tuned_modeB.csv,-0.0550301260173602,0.21790016282105,111,1.5222480790920363,-0.1261092264002634,95,0.7660470599161506,-0.116123714307334,94,0.770667400148915,True,0.06109358828997379,0.06608634433643848
laguerre_filter_signals,halftrend_signals,ttm_squeeze_volume_signals,rma_baseline,adx_dmi_exit,chop,B,False,-0.1813187118002646,-35.35714880105161,0.7031972253549076,0.1846153846153846,-2.1862795471075476,-9.454407057613478,35.88676743328681,23.728190029227303,-0.985241952114529,195,74,121,11,1.0,0.05,2.95,2.0,1.5,"{""base"": {""ma_length"": 25}, ""c1"": {""alpha"": 0.2}, ""c2"": {""amplitude"": 500}, ""exit_ind"": {""adx_smoothing"": 14, ""adx_threshold"": 25, ""di_length"": 14}, ""vol"": {""bb_length"": 2, ""bb_mult"": 2, ""kc_length"": 57, ""kc_mult"": 1.216696}}","{""base"": {""ma_length"": 16}, ""c1"": {""alpha"": 0.070224}, ""c2"": {""amplitude"": 500}, ""exit_ind"": {""adx_smoothing"": 14, ""adx_threshold"": 25, ""di_length"": 14}, ""vol"": {""bb_length"": 57, ""bb_mult"": 2, ""kc_length"": 3, ""kc_mult"": 4.272054}}","{""atr_len"": 3, ""atr_mult"": 1.0, ""be_pct"": 0.05, ""tp_mult"": 2.8, ""trail_arm"": 2.0, ""trail_mult"": 1.5}",full,full,,0.0138709211841908,0.3264138600345396,,,,,,False,gate2_tuned_modeB.csv,-0.0550301260173602,0.5633893823895816,116,2.44808558982504,-0.2892196133313793,74,0.489764366351568,-0.1153297306985912,121,0.8191924109871117,True,0.060299604681231,0.14724454599762504
supertrend_signals,ichimoku_signals,ttm_squeeze_volume_signals,rma_baseline,adx_dmi_exit,chop,B,False,-0.2066610782316819,-32.859111438837424,0.6685842927966058,0.1572327044025157,-2.548790143197347,-10.255725530644582,38.44148430477321,20.743197945096775,-0.8547825879542681,159,107,52,5,1.0,0.05,2.75,2.0,1.5,"{""base"": {""ma_length"": 16}, ""c1"": {""atr_period"": 28, ""factor"": 6}, ""c2"": {""base_len"": 26, ""conversion_len"": 5, ""displacement"": 9, ""span_b_len"": 12}, ""exit_ind"": {""adx_smoothing"": 14, ""adx_threshold"": 25, ""di_length"": 14}, ""vol"": {""bb_length"": 132, ""bb_mult"": 2, ""kc_length"": 11, ""kc_mult"": 6.493142}}","{""base"": {""ma_length"": 200}, ""c1"": {""atr_period"": 8, ""factor"": 3}, ""c2"": {""base_len"": 113, ""conversion_len"": 9, ""displacement"": 3, ""span_b_len"": 8}, ""exit_ind"": {""adx_smoothing"": 14, ""adx_threshold"": 25, ""di_length"": 14}, ""vol"": {""bb_length"": 11, ""bb_mult"": 2, ""kc_length"": 20, ""kc_mult"": 1.5}}","{""atr_len"": 37, ""atr_mult"": 1.0, ""be_pct"": 0.05, ""tp_mult"": 2.75, ""trail_arm"": 2.0, ""trail_mult"": 1.5}",full,full,,-0.001096793541199,0.601528153385539,,,,,,False,gate2_tuned_modeB.csv,-0.0550301260173602,0.3642138360568064,101,1.718266651649201,-0.1152601221857723,107,0.8168377519427108,-0.3947361224030729,52,0.3548215650855186,True,0.060229996168412105,0.19996799627706238
lemantrend_signals,dpo_signals,fractal_dimension_volume_signals,fantail_vma,adx_dmi_exit,trend,A,False,-0.1718330574301674,-38.490604864357515,0.5553889511547723,0.2053571428571428,-3.837881220857232,-37.11118839635078,40.66999988077803,23.750925485371557,-0.9464127115119424,224,168,56,50,1.0,0.05,2.95,2.0,0.75,"{""base"": {""fma_adx_length"": 6, ""fma_ma_length"": 6, ""fma_weighting"": 10}, ""c1"": {""fast_period"": 147, ""medium_period"": 210, ""slow_period"": 7, ""smooth"": 3}, ""c2"": {""len"": 50}, ""exit_ind"": {""adx_smoothing"": 14, ""adx_threshold"": 25, ""di_length"": 14}, ""vol"": {""fd_threshold"": 1.5, ""length"": 11}}","{""base"": {""fma_adx_length"": 13, ""fma_ma_length"": 6, ""fma_weighting"": 10}, ""c1"": {""fast_period"": 147, ""medium_period"": 21, ""slow_period"": 11, ""smooth"": 4}, ""c2"": {""len"": 50}, ""exit_ind"": {""adx_smoothing"": 14, ""adx_threshold"": 25, ""di_length"": 14}, ""vol"": {""fd_threshold"": 1.5, ""length"": 300}}","{""atr_len"": 42, ""atr_mult"": 1.05, ""be_pct"": 0.05, ""tp_mult"": 3.0, ""trail_arm"": 2.0, ""trail_mult"": 0.6}",full,full,,0.1853094344239908,0.4619204644343156,,,,,,False,gate2_tuned_modeA_trend.csv,-0.079791769928434,0.4167135043770424,144,2.8183862009180047,-0.1828941440919639,168,0.5375845832963597,-0.138649797444778,56,0.6141764287502207,True,0.058858027516344016,0.08098020083993697
j_tpo_signals,didi_index_signals,variance_volume_signals,lsma_baseline,adx_dmi_exit,trend,A,False,-0.1471197147402366,-23.539154358437862,0.5971945377639986,0.21875,-3.626196214633058,-87.97596760064837,27.459386524403655,15.29345126576257,-0.8572352604279121,160,88,72,3,1.0,0.19,3.0,1.9,1.65,"{""base"": {""length"": 37, ""lsma_offset"": 0}, ""c1"": {""ema_len"": 200, ""len"": 40}, ""c2"": {""long_p"": 2, ""medium"": 3}, ""exit_ind"": {""adx_smoothing"": 14, ""adx_threshold"": 25, ""di_length"": 14}, ""vol"": {""ema_len"": 10, ""filter_lookback"": 57, ""hline"": 0, ""lookback"": 200}}","{""base"": {""length"": 200, ""lsma_offset"": 0}, ""c1"": {""ema_len"": 200, ""len"": 114}, ""c2"": {""long_p"": 25, ""medium"": 8}, ""exit_ind"": {""adx_smoothing"": 14, ""adx_threshold"": 25, ""di_length"": 14}, ""vol"": {""ema_len"": 5, ""filter_lookback"": 16, ""hline"": 0, ""lookback"": 20}}","{""atr_len"": 49, ""atr_mult"": 1.0, ""be_pct"": 0.05, ""tp_mult"": 1.55, ""trail_arm"": 1.7, ""trail_mult"": 1.1}",full,full,,0.0875917881521166,0.7368292053950133,,,,,,False,gate2_tuned_modeA_trend.csv,-0.079791769928434,0.3299757408376136,150,2.5467612851763146,-0.1383655705318262,88,0.6026111220976966,-0.1578192243282939,72,0.5912239992918613,True,0.05857380060339219,0.06830062750162604
linreg_slope_signals,coppock_curve_signals,waddah_attar_explosion_volume_signals,frama_baseline,adx_dmi_exit,chop,B,False,-0.1610020563194287,-42.34354081200975,0.6804793735799218,0.2357414448669201,-2.52876857149861,-7.472923024012268,43.1935408120098,29.0066894035845,-0.980321131724313,263,144,119,12,1.0,0.05,1.95,2.0,1.5,"{""base"": {""length"": 66}, ""c1"": {""length"": 92, ""r2_floor"": 0.569607}, ""c2"": {""long_roc"": 14, ""short_roc"": 3, ""smooth_len"": 10}, ""exit_ind"": {""adx_smoothing"": 14, ""adx_threshold"": 25, ""di_length"": 14}, ""vol"": {""bbLen"": 37, ""bbStd"": 20, ""fastEma"": 57, ""sensitivity"": 80, ""slowEma"": 21}}","{""base"": {""length"": 12}, ""c1"": {""length"": 92, ""r2_floor"": 0.374763}, ""c2"": {""long_roc"": 7, ""short_roc"": 6, ""smooth_len"": 10}, ""exit_ind"": {""adx_smoothing"": 14, ""adx_threshold"": 25, ""di_length"": 14}, ""vol"": {""bbLen"": 37, ""bbStd"": 2, ""fastEma"": 11, ""sensitivity"": 122, ""slowEma"": 9}}","{""atr_len"": 12, ""atr_mult"": 1.0, ""be_pct"": 0.05, ""tp_mult"": 1.85, ""trail_arm"": 2.0, ""trail_mult"": 1.5}",full,full,,-0.0136499227693834,0.2439780725925624,,,,,,False,gate2_tuned_modeB.csv,-0.0550301260173602,0.3676810928264386,110,2.0457515937170716,-0.2003196790974102,144,0.6255472432197167,-0.1134244287561569,119,0.7567443167752156,True,0.05839430273879669,0.10184192790942334
dpo_signals,kuskus_starlight_signals,vertical_horizontal_filter_volume_signals,mcginley_dynamic_index,adx_dmi_exit,trend,A,False,-0.1451446858288151,-26.126043449186724,0.5924629261878998,0.2,-3.540263476771045,-23.262268481466705,30.361712856964463,15.986907162733337,-0.860493068104155,180,126,54,45,1.15,0.01,1.9,1.0,1.95,"{""base"": {""mci_length"": 17}, ""c1"": {""len"": 50}, ""c2"": {""index_smooth"": 3.030133, ""price_smooth"": 3.030133, ""range_periods"": 56}, ""exit_ind"": {""adx_smoothing"": 14, ""adx_threshold"": 25, ""di_length"": 14}, ""vol"": {""length"": 35, ""vhf_threshold"": 0.35}}","{""base"": {""mci_length"": 17}, ""c1"": {""len"": 62}, ""c2"": {""index_smooth"": 0.7, ""price_smooth"": 3.030133, ""range_periods"": 300}, ""exit_ind"": {""adx_smoothing"": 14, ""adx_threshold"": 25, ""di_length"": 14}, ""vol"": {""length"": 23, ""vhf_threshold"": 0.35}}","{""atr_len"": 50, ""atr_mult"": 1.0, ""be_pct"": 0.01, ""tp_mult"": 2.4, ""trail_arm"": 1.85, ""trail_mult"": 1.2}",full,full,,0.0867441348735309,0.3093835852113838,,,,,,False,gate2_tuned_modeA_trend.csv,-0.079791769928434,0.3898853915310331,110,2.4591495069318063,-0.1376567748335507,126,0.6122122324861434,-0.1626164781510988,54,0.5468824978623948,True,0.057865004905116715,0.07034485656389076
linreg_slope_signals,price_momentum_oscillator_signals,variance_volume_signals,kama_baseline,adx_dmi_exit,trend,A,False,-0.1378162053985852,-18.191739112613252,0.5769362997066692,0.2803030303030303,-4.079928908329508,,17.691739112613266,10.1887803667021,-1.0282617778171683,132,80,52,4,1.0,0.06,1.0,1.0,1.85,"{""base"": {""fast_length"": 2, ""length"": 19, ""slow_length"": 24}, ""c1"": {""length"": 14, ""r2_floor"": 0.569607}, ""c2"": {""s1"": 66, ""s2"": 57, ""sig"": 10}, ""exit_ind"": {""adx_smoothing"": 14, ""adx_threshold"": 25, ""di_length"": 14}, ""vol"": {""ema_len"": 8, ""filter_lookback"": 200, ""hline"": 0, ""lookback"": 20}}","{""base"": {""fast_length"": 20, ""length"": 12, ""slow_length"": 30}, ""c1"": {""length"": 14, ""r2_floor"": 0.030398}, ""c2"": {""s1"": 43, ""s2"": 25, ""sig"": 10}, ""exit_ind"": {""adx_smoothing"": 14, ""adx_threshold"": 25, ""di_length"": 14}, ""vol"": {""ema_len"": 10, ""filter_lookback"": 20, ""hline"": 0, ""lookback"": 87}}","{""atr_len"": 29, ""atr_mult"": 1.05, ""be_pct"": 0.01, ""tp_mult"": 1.85, ""trail_arm"": 1.25, ""trail_mult"": 1.0}",full,full,,0.1793086308504449,1.0219564731632225,,,,,,False,gate2_tuned_modeA_trend.csv,-0.079791769928434,0.3803759202619255,108,3.270474911803726,-0.1379743837874413,80,0.6057874748930252,-0.1375728540311143,52,0.5230807726921378,True,0.057781084102680305,0.05798184898084381
laguerre_filter_signals,rex_oscillator_signals,damiani_volatmeter_volume_signals,ema_baseline,adx_dmi_exit,trend,A,False,-0.1681350964224791,-30.6005875488912,0.5836654755252899,0.1813186813186813,-3.5632531498387547,,37.096332365898064,23.119893346850137,-0.8248952281067473,182,68,114,39,1.0,0.19,3.0,1.8,1.75,"{""base"": {""ma_length"": 25}, ""c1"": {""alpha"": 0.2}, ""c2"": {""almaOffset"": 0.85, ""almaSigma"": 6, ""framaFast"": 34, ""framaSlow"": 89, ""jurikPhase"": 1, ""jurikPower"": 1, ""lsOffset"": 0, ""modFBW"": 0.5, ""modFilter"": 0.8, ""sigAlmaOff"": 0.85, ""sigAlmaSig"": 6, ""sigFramaFast"": 34, ""sigFramaSlow"": 89, ""sigJurikPhase"": 1, ""sigJurikPower"": 1, ""sigLsOff"": 0, ""sigModFBW"": 0.5, ""sigModFilter"": 0.8, ""sigSmooth"": 22, ""sigVolAdj"": 10, ""smooth"": 11, ""volAdj"": 10}, ""exit_ind"": {""adx_smoothing"": 14, ""adx_threshold"": 25, ""di_length"": 14}, ""vol"": {""lag"": 1.4, ""sedimentation"": 62, ""threshold"": 1.4, ""viscosity"": 6}}","{""base"": {""ma_length"": 11}, ""c1"": {""alpha"": 0.2}, ""c2"": {""almaOffset"": 0.85, ""almaSigma"": 6, ""framaFast"": 34, ""framaSlow"": 89, ""jurikPhase"": 1, ""jurikPower"": 1, ""lsOffset"": 0, ""modFBW"": 0.5, ""modFilter"": 0.8, ""sigAlmaOff"": 0.85, ""sigAlmaSig"": 6, ""sigFramaFast"": 34, ""sigFramaSlow"": 89, ""sigJurikPhase"": 1, ""sigJurikPower"": 1, ""sigLsOff"": 0, ""sigModFBW"": 0.5, ""sigModFilter"": 0.8, ""sigSmooth"": 18, ""sigVolAdj"": 10, ""smooth"": 14, ""volAdj"": 10}, ""exit_ind"": {""adx_smoothing"": 14, ""adx_threshold"": 25, ""di_length"": 14}, ""vol"": {""lag"": 1.4, ""sedimentation"": 142, ""threshold"": 1.725985, ""viscosity"": 4}}","{""atr_len"": 34, ""atr_mult"": 1.0, ""be_pct"": 0.01, ""tp_mult"": 2.3, ""trail_arm"": 1.0, ""trail_mult"": 0.5}",full,full,,0.187546634886381,0.3941676367480662,,,,,,False,gate2_tuned_modeA_trend.csv,-0.079791769928434,0.5534930868908349,120,3.656766817076008,-0.2197236504395752,68,0.4663854203610325,-0.1373629764824568,114,0.655837817164833,True,0.0575712065540228,0.09875154353258199
ssl_channel_signals,kase_peak_oscillator_signals,chaikin_volatility_volume_signals,rma_baseline,adx_dmi_exit,trend,A,False,-0.1454221777942941,-30.53865733680177,0.5802693098757048,0.2428571428571428,-3.770330707597562,-36.097804098551855,36.285770784182255,19.819999526554195,-0.8416152303457262,210,116,94,38,1.0,0.05,1.75,1.0,1.95,"{""base"": {""ma_length"": 20}, ""c1"": {""len"": 100}, ""c2"": {""long_cycle"": 35, ""sharpness"": 40, ""short_cycle"": 2}, ""exit_ind"": {""adx_smoothing"": 14, ""adx_threshold"": 25, ""di_length"": 14}, ""vol"": {""cvi_len"": 43, ""roc_len"": 15}}","{""base"": {""ma_length"": 132}, ""c1"": {""len"": 10}, ""c2"": {""long_cycle"": 185, ""sharpness"": 40, ""short_cycle"": 10}, ""exit_ind"": {""adx_smoothing"": 14, ""adx_threshold"": 25, ""di_length"": 14}, ""vol"": {""cvi_len"": 19, ""roc_len"": 4}}","{""atr_len"": 37, ""atr_mult"": 1.0, ""be_pct"": 0.05, ""tp_mult"": 2.5, ""trail_arm"": 1.6, ""trail_mult"": 0.5}",full,full,,0.1463526693659746,0.3937305007091065,,,,,,False,gate2_tuned_modeA_trend.csv,-0.079791769928434,0.3965556454926086,120,2.7215991038313243,-0.1373253488184977,116,0.6102773436586901,-0.1554140092963407,94,0.5417987179880634,True,0.057533578890063705,0.06657790912898522
volatility_quality_signals,dpo_signals,efficiency_ratio_volume_signals,mcginley_dynamic_index,adx_dmi_exit,trend,A,False,-0.1884305281931763,-38.81668880779432,0.5259431291758714,0.1553398058252427,-3.915838707519707,-36.62329135961067,38.31668880779427,20.063840814257897,-1.0130491442647398,206,132,74,3,1.0,0.05,1.95,1.1,0.55,"{""base"": {""mci_length"": 17}, ""c1"": {""atr_pct"": 0.011399, ""smooth"": 10}, ""c2"": {""len"": 62}, ""exit_ind"": {""adx_smoothing"": 14, ""adx_threshold"": 25, ""di_length"": 14}, ""vol"": {""er_threshold"": 0.369854, ""length"": 10}}","{""base"": {""mci_length"": 14}, ""c1"": {""atr_pct"": 0.060835, ""smooth"": 100}, ""c2"": {""len"": 62}, ""exit_ind"": {""adx_smoothing"": 14, ""adx_threshold"": 25, ""di_length"": 14}, ""vol"": {""er_threshold"": 0.243339, ""length"": 10}}","{""atr_len"": 50, ""atr_mult"": 1.0, ""be_pct"": 0.05, ""tp_mult"": 3.0, ""trail_arm"": 1.95, ""trail_mult"": 1.1}",full,full,,0.2989352304978894,0.8320113220998233,,,,,,False,gate2_tuned_modeA_trend.csv,-0.079791769928434,0.4530057909287744,144,2.6726367665062436,-0.1366573085213054,132,0.6720224595488664,-0.280782757878135,74,0.227067085828155,True,0.0568655385928714,0.1289282632712862
bears_bulls_impulse_signals,coral_signals,variance_volume_signals,t3_baseline,adx_dmi_exit,trend,A,False,-0.1763140108405644,-35.61543018979401,0.5452473494931784,0.1683168316831683,-3.9444664931060567,-36.494299655078855,36.92722645524385,21.04812213643752,-0.964476176757013,202,116,86,6,1.0,0.01,1.8,1.7,0.85,"{""base"": {""length"": 19, ""volume_factor"": 0.7}, ""c1"": {""length"": 37}, ""c2"": {""const_d"": 92, ""smooth_period"": 12}, ""exit_ind"": {""adx_smoothing"": 14, ""adx_threshold"": 25, ""di_length"": 14}, ""vol"": {""ema_len"": 19, ""filter_lookback"": 200, ""hline"": 0, ""lookback"": 20}}","{""base"": {""length"": 8, ""volume_factor"": 0.7}, ""c1"": {""length"": 16}, ""c2"": {""const_d"": 7, ""smooth_period"": 10}, ""exit_ind"": {""adx_smoothing"": 14, ""adx_threshold"": 25, ""di_length"": 14}, ""vol"": {""ema_len"": 66, ""filter_lookback"": 200, ""hline"": 0, ""lookback"": 16}}","{""atr_len"": 42, ""atr_mult"": 1.0, ""be_pct"": 0.01, ""tp_mult"": 2.75, ""trail_arm"": 1.85, ""trail_mult"": 1.0}",full,full,,0.1190890723698898,0.6994280941735427,,,,,,False,gate2_tuned_modeA_trend.csv,-0.079791769928434,0.5843691109959657,158,3.526087430655313,-0.2058443800645555,116,0.4927435557454372,-0.136482350026809,86,0.6243466192988442,True,0.05669058009837501,0.09137159511724825
waddah_attar_explosion_signals,center_of_gravity_signals,mass_index_volume_signals,lsma_baseline,adx_dmi_exit,trend,A,False,-0.2135386333910877,-28.18709960762358,0.5011132812809993,0.1287878787878787,-4.189602217048177,,27.687099607623573,13.472460441949751,-1.0180589518976677,132,82,50,50,1.0,0.01,3.0,1.85,1.2,"{""base"": {""length"": 5, ""lsma_offset"": 0}, ""c1"": {""bbLen"": 200, ""bbStd"": 2, ""fastEma"": 57, ""sensitivity"": 15, ""slowEma"": 6}, ""c2"": {""length"": 5, ""signal_length"": 4}, ""exit_ind"": {""adx_smoothing"": 14, ""adx_threshold"": 25, ""di_length"": 14}, ""vol"": {""ema_length"": 7, ""length"": 25}}","{""base"": {""length"": 16, ""lsma_offset"": 0}, ""c1"": {""bbLen"": 132, ""bbStd"": 2, ""fastEma"": 20, ""sensitivity"": 150, ""slowEma"": 21}, ""c2"": {""length"": 4, ""signal_length"": 20}, ""exit_ind"": {""adx_smoothing"": 14, ""adx_threshold"": 25, ""di_length"": 14}, ""vol"": {""ema_length"": 17, ""length"": 25}}","{""atr_len"": 47, ""atr_mult"": 1.05, ""be_pct"": 0.01, ""tp_mult"": 2.9, ""trail_arm"": 2.0, ""trail_mult"": 1.2}",full,full,,0.0234303902055648,0.7040622410768573,,,,,,False,gate2_tuned_modeA_trend.csv,-0.079791769928434,0.5611869639951339,112,3.2447478559805356,-0.1363938945368197,82,0.6758174100864005,-0.3400560051120871,50,0.227145442927074,True,0.05660212460838569,0.1584331798960194
dpo_signals,bears_bulls_impulse_signals,fractal_dimension_volume_signals,kama_baseline,adx_dmi_exit,trend,A,False,-0.148379552811361,-24.334246661063204,0.5699018157575512,0.2134146341463414,-4.012977754975284,-22.835021002824803,25.8656026615344,16.722576189283384,-0.9407956574408944,164,104,60,26,1.0,0.01,1.6,1.0,0.5,"{""base"": {""fast_length"": 20, ""length"": 28, ""slow_length"": 30}, ""c1"": {""len"": 62}, ""c2"": {""length"": 11}, ""exit_ind"": {""adx_smoothing"": 14, ""adx_threshold"": 25, ""di_length"": 14}, ""vol"": {""fd_threshold"": 1.5, ""length"": 7}}","{""base"": {""fast_length"": 4, ""length"": 10, ""slow_length"": 37}, ""c1"": {""len"": 50}, ""c2"": {""length"": 56}, ""exit_ind"": {""adx_smoothing"": 14, ""adx_threshold"": 25, ""di_length"": 14}, ""vol"": {""fd_threshold"": 1.5, ""length"": 7}}","{""atr_len"": 28, ""atr_mult"": 1.0, ""be_pct"": 0.01, ""tp_mult"": 1.75, ""trail_arm"": 2.0, ""trail_mult"": 1.85}",full,full,,0.0161000938209883,0.2155819600241958,,,,,,False,gate2_tuned_modeA_trend.csv,-0.079791769928434,0.2867738168117155,150,2.413569884580157,-0.1554575727288794,104,0.532436151147835,-0.136110984954329,60,0.6287882228518298,True,0.056319215025895,0.0659925089131702
schaff_trend_cycle_signals,kase_peak_oscillator_signals,variance_volume_signals,wma_baseline,adx_dmi_exit,trend,A,False,-0.1365262909613697,-18.56757557074628,0.6062329795161794,0.1911764705882352,-3.071698955729408,-14.535130641047678,18.06757557074629,9.99504342437288,-1.0276738845254674,136,74,62,2,1.0,0.05,3.0,1.0,1.3,"{""base"": {""ma_length"": 37}, ""c1"": {""cycleLen"": 12, ""d1"": 3, ""d2"": 3, ""lowerBand"": 108, ""macdFast"": 23, ""macdSlow"": 50, ""stc_midline"": 41, ""upperBand"": 75}, ""c2"": {""long_cycle"": 80, ""sharpness"": 40, ""short_cycle"": 15}, ""exit_ind"": {""adx_smoothing"": 14, ""adx_threshold"": 25, ""di_length"": 14}, ""vol"": {""ema_len"": 19, ""filter_lookback"": 7, ""hline"": 0, ""lookback"": 20}}","{""base"": {""ma_length"": 37}, ""c1"": {""cycleLen"": 10, ""d1"": 4, ""d2"": 3, ""lowerBand"": 108, ""macdFast"": 12, ""macdSlow"": 62, ""stc_midline"": 18, ""upperBand"": 75}, ""c2"": {""long_cycle"": 65, ""sharpness"": 40, ""short_cycle"": 15}, ""exit_ind"": {""adx_smoothing"": 14, ""adx_threshold"": 25, ""di_length"": 14}, ""vol"": {""ema_len"": 5, ""filter_lookback"": 37, ""hline"": 0, ""lookback"": 200}}","{""atr_len"": 50, ""atr_mult"": 1.0, ""be_pct"": 0.05, ""tp_mult"": 3.0, ""trail_arm"": 1.9, ""trail_mult"": 1.65}",full,full,,0.2847965494968009,1.4754719414925026,,,,,,False,gate2_tuned_modeA_trend.csv,-0.079791769928434,0.7200010793439243,102,5.042203918625384,-0.1360191524351756,74,0.6163322534908043,-0.1371315853313433,62,0.5935673719998826,True,0.0562273825067416,0.056783598954825446
mama_fama_signals,fisher_transform_signals,fractal_dimension_volume_signals,rma_baseline,adx_dmi_exit,trend,A,False,-0.1493833298094229,-20.913666173319207,0.5743820554619742,0.2071428571428571,-3.5909028931281877,-30.703621963212456,20.413666173319218,10.35521869968467,-1.024493395539773,140,74,66,4,1.0,0.01,1.3,1.15,0.5,"{""base"": {""ma_length"": 20}, ""c1"": {""fast_limit"": 0.405565, ""slow_limit"": 0.017556}, ""c2"": {""length"": 19}, ""exit_ind"": {""adx_smoothing"": 14, ""adx_threshold"": 25, ""di_length"": 14}, ""vol"": {""fd_threshold"": 1.5, ""length"": 30}}","{""base"": {""ma_length"": 25}, ""c1"": {""fast_limit"": 0.405565, ""slow_limit"": 0.05}, ""c2"": {""length"": 10}, ""exit_ind"": {""adx_smoothing"": 14, ""adx_threshold"": 25, ""di_length"": 14}, ""vol"": {""fd_threshold"": 1.5, ""length"": 3}}","{""atr_len"": 35, ""atr_mult"": 1.0, ""be_pct"": 0.01, ""tp_mult"": 2.65, ""trail_arm"": 1.0, ""trail_mult"": 1.25}",full,full,,0.2002025631726363,0.7621258701484597,,,,,,False,gate2_tuned_modeA_trend.csv,-0.079791769928434,0.4365778375470105,130,2.7198520873064047,-0.1358396487431063,74,0.6432236198449756,-0.1645686691868081,66,0.4818538631873363,True,0.05604787881467231,0.0704123890365232
price_momentum_oscillator_signals,rex_oscillator_signals,variance_volume_signals,lsma_baseline,adx_dmi_exit,trend,A,False,-0.1823925658673768,-47.42206712551798,0.5386578034768318,0.173076923076923,-4.330905298676477,-83.35634397156932,46.922067125518,29.61771758112836,-1.0106559670242674,260,152,108,2,1.0,0.1,2.75,1.9,1.65,"{""base"": {""length"": 16, ""lsma_offset"": 0}, ""c1"": {""s1"": 152, ""s2"": 57, ""sig"": 10}, ""c2"": {""almaOffset"": 0.85, ""almaSigma"": 6, ""framaFast"": 34, ""framaSlow"": 89, ""jurikPhase"": 1, ""jurikPower"": 1, ""lsOffset"": 0, ""modFBW"": 0.5, ""modFilter"": 0.8, ""sigAlmaOff"": 0.85, ""sigAlmaSig"": 6, ""sigFramaFast"": 34, ""sigFramaSlow"": 89, ""sigJurikPhase"": 1, ""sigJurikPower"": 1, ""sigLsOff"": 0, ""sigModFBW"": 0.5, ""sigModFilter"": 0.8, ""sigSmooth"": 145, ""sigVolAdj"": 10, ""smooth"": 26, ""volAdj"": 10}, ""exit_ind"": {""adx_smoothing"": 14, ""adx_threshold"": 25, ""di_length"": 14}, ""vol"": {""ema_len"": 100, ""filter_lookback"": 25, ""hline"": 0, ""lookback"": 16}}","{""base"": {""length"": 200, ""lsma_offset"": 0}, ""c1"": {""s1"": 100, ""s2"": 200, ""sig"": 10}, ""c2"": {""almaOffset"": 0.85, ""almaSigma"": 6, ""framaFast"": 34, ""framaSlow"": 89, ""jurikPhase"": 1, ""jurikPower"": 1, ""lsOffset"": 0, ""modFBW"": 0.5, ""modFilter"": 0.8, ""sigAlmaOff"": 0.85, ""sigAlmaSig"": 6, ""sigFramaFast"": 34, ""sigFramaSlow"": 89, ""sigJurikPhase"": 1, ""sigJurikPower"": 1, ""sigLsOff"": 0, ""sigModFBW"": 0.5, ""sigModFilter"": 0.8, ""sigSmooth"": 22, ""sigVolAdj"": 10, ""smooth"": 14, ""volAdj"": 10}, ""exit_ind"": {""adx_smoothing"": 14, ""adx_threshold"": 25, ""di_length"": 14}, ""vol"": {""ema_len"": 12, ""filter_lookback"": 3, ""hline"": 0, ""lookback"": 7}}","{""atr_len"": 50, ""atr_mult"": 1.28, ""be_pct"": 0.01, ""tp_mult"": 2.95, ""trail_arm"": 1.25, ""trail_mult"": 0.65}",full,full,,0.0949190521705502,0.3749528874049868,,,,,,False,gate2_tuned_modeA_trend.csv,-0.079791769928434,0.2571520177748591,152,1.9306453976613944,-0.2155406859941208,152,0.4799653290300578,-0.1357396560593667,108,0.6315827680686045,True,0.0559478861309327,0.09584840109830974
price_momentum_oscillator_signals,relative_vigor_index_signals,chaikin_volatility_volume_signals,mcginley_dynamic_index,adx_dmi_exit,trend,A,False,-0.1865537091516216,-49.623286634331365,0.5395096602961805,0.1616541353383458,-4.140806959063785,-47.82473900127075,53.46646543598092,27.930079623811917,-0.9281198266930276,266,98,168,23,1.0,0.2,3.0,1.3,2.0,"{""base"": {""mci_length"": 14}, ""c1"": {""s1"": 350, ""s2"": 7, ""sig"": 10}, ""c2"": {""len"": 4}, ""exit_ind"": {""adx_smoothing"": 14, ""adx_threshold"": 25, ""di_length"": 14}, ""vol"": {""cvi_len"": 43, ""roc_len"": 12}}","{""base"": {""mci_length"": 61}, ""c1"": {""s1"": 19, ""s2"": 16, ""sig"": 10}, ""c2"": {""len"": 10}, ""exit_ind"": {""adx_smoothing"": 14, ""adx_threshold"": 25, ""di_length"": 14}, ""vol"": {""cvi_len"": 43, ""roc_len"": 10}}","{""atr_len"": 50, ""atr_mult"": 1.0, ""be_pct"": 0.01, ""tp_mult"": 2.8, ""trail_arm"": 2.0, ""trail_mult"": 0.5}",full,full,,0.1449122717850995,0.4045132874313608,,,,,,False,gate2_tuned_modeA_trend.csv,-0.079791769928434,0.3002094931125548,120,1.997643335473014,-0.1356679842770908,98,0.6282220882297258,-0.2162370486617646,168,0.4954468864558825,True,0.05587621434865679,0.0961607465409937
hieken_ashi_smoothed_signals,halftrend_signals,variance_volume_signals,t3_baseline,adx_dmi_exit,trend,A,False,-0.1367510664998418,-31.999749560962982,0.6011866893853909,0.2307692307692307,-3.2617364683487176,-17.244741579270027,32.618998973005134,19.90151672383672,-0.9810156831435988,234,184,50,6,1.0,0.05,3.0,1.3,0.75,"{""base"": {""length"": 19, ""volume_factor"": 0.373569}, ""c1"": {""alma_offset1"": 0.85, ""alma_offset2"": 0.85, ""alma_sigma1"": 6, ""alma_sigma2"": 6, ""ama_smooth1"": 0.181, ""ama_smooth2"": 0.181, ""frama_t1_a"": 1, ""frama_t1_b"": 168, ""frama_t2_a"": 1, ""frama_t2_b"": 168, ""lsma_offset1"": 0, ""lsma_offset2"": 0, ""ma_len1"": 8, ""ma_len2"": 8, ""vol_factor1"": 0.82, ""vol_factor2"": 0.82}, ""c2"": {""amplitude"": 12}, ""exit_ind"": {""adx_smoothing"": 14, ""adx_threshold"": 25, ""di_length"": 14}, ""vol"": {""ema_len"": 19, ""filter_lookback"": 200, ""hline"": 0, ""lookback"": 16}}","{""base"": {""length"": 10, ""volume_factor"": 0.07}, ""c1"": {""alma_offset1"": 0.85, ""alma_offset2"": 0.85, ""alma_sigma1"": 6, ""alma_sigma2"": 6, ""ama_smooth1"": 0.181, ""ama_smooth2"": 0.181, ""frama_t1_a"": 1, ""frama_t1_b"": 168, ""frama_t2_a"": 1, ""frama_t2_b"": 168, ""lsma_offset1"": 0, ""lsma_offset2"": 0, ""ma_len1"": 10, ""ma_len2"": 8, ""vol_factor1"": 1.010934, ""vol_factor2"": 0.665127}, ""c2"": {""amplitude"": 41}, ""exit_ind"": {""adx_smoothing"": 14, ""adx_threshold"": 25, ""di_length"": 14}, ""vol"": {""ema_len"": 10, ""filter_lookback"": 16, ""hline"": 0, ""lookback"": 200}}","{""atr_len"": 11, ""atr_mult"": 1.0, ""be_pct"": 0.02, ""tp_mult"": 2.9, ""trail_arm"": 1.3, ""trail_mult"": 0.5}",full,full,,0.2206594079881193,1.3144953633957817,,,,,,False,gate2_tuned_modeA_trend.csv,-0.079791769928434,0.4542052415347997,200,3.3597285650806077,-0.1356168442645801,184,0.6021627650778287,-0.1409250043256045,50,0.5976911755562071,True,0.0558250743361461,0.058479154366658306
halftrend_signals,donchian_breakout_signals,damiani_volatmeter_volume_signals,rma_baseline,adx_dmi_exit,trend,A,False,-0.1669663629984787,-24.043156271780944,0.5893320045577486,0.1805555555555555,-3.644644510407475,-90.16355822218118,29.720466088774504,15.729520426068996,-0.8089764204896539,144,80,64,34,1.0,0.15,2.95,1.45,2.0,"{""base"": {""ma_length"": 25}, ""c1"": {""amplitude"": 27}, ""c2"": {""length"": 11}, ""exit_ind"": {""adx_smoothing"": 14, ""adx_threshold"": 25, ""di_length"": 14}, ""vol"": {""lag"": 1.4, ""sedimentation"": 62, ""threshold"": 1.4, ""viscosity"": 7}}","{""base"": {""ma_length"": 20}, ""c1"": {""amplitude"": 142}, ""c2"": {""length"": 20}, ""exit_ind"": {""adx_smoothing"": 14, ""adx_threshold"": 25, ""di_length"": 14}, ""vol"": {""lag"": 1.4, ""sedimentation"": 142, ""threshold"": 1.4, ""viscosity"": 9}}","{""atr_len"": 26, ""atr_mult"": 1.0, ""be_pct"": 0.03, ""tp_mult"": 2.5, ""trail_arm"": 1.05, ""trail_mult"": 0.55}",full,full,,0.225777393548408,0.6103599943291587,,,,,,False,gate2_tuned_modeA_trend.csv,-0.079791769928434,0.348156660881782,134,2.295916459948856,-0.1354592180495699,80,0.6613519548760753,-0.2063502941846149,64,0.5025167138553208,True,0.0556674481211359,0.09111298618865839
donchian_breakout_signals,chandelier_exit_signals,chaikin_volatility_volume_signals,sma_baseline,adx_dmi_exit,trend,A,False,-0.1774150016258193,-39.031300357680266,0.562206618360755,0.1681818181818181,-3.904730868250999,-63.38752568150573,38.75077032865379,21.73523920808274,-1.0072393407059328,220,110,110,3,1.0,0.06,3.0,2.0,1.45,"{""base"": {""length"": 25}, ""c1"": {""length"": 200}, ""c2"": {""atr_mult"": 3, ""atr_period"": 8}, ""exit_ind"": {""adx_smoothing"": 14, ""adx_threshold"": 25, ""di_length"": 14}, ""vol"": {""cvi_len"": 28, ""roc_len"": 10}}","{""base"": {""length"": 200}, ""c1"": {""length"": 20}, ""c2"": {""atr_mult"": 4, ""atr_period"": 63}, ""exit_ind"": {""adx_smoothing"": 14, ""adx_threshold"": 25, ""di_length"": 14}, ""vol"": {""cvi_len"": 19, ""roc_len"": 10}}","{""atr_len"": 50, ""atr_mult"": 1.0, ""be_pct"": 0.07, ""tp_mult"": 3.0, ""trail_arm"": 1.0, ""trail_mult"": 1.25}",full,full,,0.117862165664788,0.5682232593837901,,,,,,False,gate2_tuned_modeA_trend.csv,-0.079791769928434,0.394726978600535,100,2.361127512415639,-0.2196210175237796,110,0.4649868686375106,-0.1352089857278591,110,0.6619775356803518,True,0.055417215799425115,0.09762323169738536
coppock_curve_signals,supertrend_signals,variance_volume_signals,tma_baseline,adx_dmi_exit,trend,A,False,-0.1386302250917062,-26.894263667791,0.644439550947827,0.190721649484536,-2.771733946520502,-46.52560621558047,27.36880527797469,14.87775383582623,-0.982661223047044,194,134,60,3,1.0,0.01,3.0,1.6,0.9,"{""base"": {""length"": 25}, ""c1"": {""long_roc"": 14, ""short_roc"": 11, ""smooth_len"": 12}, ""c2"": {""atr_period"": 8, ""factor"": 9}, ""exit_ind"": {""adx_smoothing"": 14, ""adx_threshold"": 25, ""di_length"": 14}, ""vol"": {""ema_len"": 19, ""filter_lookback"": 200, ""hline"": 0, ""lookback"": 20}}","{""base"": {""length"": 20}, ""c1"": {""long_roc"": 61, ""short_roc"": 21, ""smooth_len"": 10}, ""c2"": {""atr_period"": 8, ""factor"": 2}, ""exit_ind"": {""adx_smoothing"": 14, ""adx_threshold"": 25, ""di_length"": 14}, ""vol"": {""ema_len"": 19, ""filter_lookback"": 25, ""hline"": 0, ""lookback"": 20}}","{""atr_len"": 40, ""atr_mult"": 1.0, ""be_pct"": 0.01, ""tp_mult"": 2.9, ""trail_arm"": 1.55, ""trail_mult"": 1.9}",full,full,,0.2623319368533967,1.266636160682783,,,,,,False,gate2_tuned_modeA_trend.csv,-0.079791769928434,0.591153155294126,120,3.4339601679523657,-0.1350223997800227,134,0.6668212057622324,-0.1466877016211326,60,0.5874710275353667,True,0.055230629851588706,0.06106328077214364
glitch_index_signals,parabolic_sar_signals,variance_volume_signals,mcginley_dynamic_index,adx_dmi_exit,trend,A,False,-0.1534190260303359,-29.76329104988516,0.6184193455142929,0.1752577319587628,-3.0037667369230356,,33.48377908567866,19.664849844322173,-0.8888868539517755,194,122,72,2,1.0,0.05,2.85,1.15,1.8,"{""base"": {""mci_length"": 11}, ""c1"": {""length"": 56, ""multiplier"": 1, ""smooth"": 9}, ""c2"": {""sar_increment"": 0.010673, ""sar_maximum"": 0.070224, ""sar_start"": 0.02}, ""exit_ind"": {""adx_smoothing"": 14, ""adx_threshold"": 25, ""di_length"": 14}, ""vol"": {""ema_len"": 19, ""filter_lookback"": 7, ""hline"": 0, ""lookback"": 132}}","{""base"": {""mci_length"": 14}, ""c1"": {""length"": 130, ""multiplier"": 1, ""smooth"": 4}, ""c2"": {""sar_increment"": 0.010673, ""sar_maximum"": 0.2, ""sar_start"": 0.02}, ""exit_ind"": {""adx_smoothing"": 14, ""adx_threshold"": 25, ""di_length"": 14}, ""vol"": {""ema_len"": 12, ""filter_lookback"": 25, ""hline"": 0, ""lookback"": 132}}","{""atr_len"": 29, ""atr_mult"": 1.0, ""be_pct"": 0.01, ""tp_mult"": 2.6, ""trail_arm"": 2.0, ""trail_mult"": 0.65}",full,full,,0.0406790114111074,1.1712500004184634,,,,,,False,gate2_tuned_modeA_trend.csv,-0.079791769928434,0.4847778285956939,110,3.133022445821052,-0.1643720618617399,122,0.5989321690573542,-0.1348597153160123,72,0.6532178749016829,True,0.055067945387578296,0.0698241186604421
j_tpo_signals,ehlers_reverse_ema_signals,variance_volume_signals,lsma_baseline,adx_dmi_exit,trend,A,False,-0.1492912221305089,-37.02422308836622,0.6199956494690726,0.1774193548387097,-3.0917838940360456,-58.633933798099456,41.3110786014437,23.537683968884785,-0.8962298817119807,248,98,150,2,1.15,0.14,2.95,1.1,1.35,"{""base"": {""length"": 37, ""lsma_offset"": 0}, ""c1"": {""ema_len"": 200, ""len"": 173}, ""c2"": {""alpha"": 0.035112}, ""exit_ind"": {""adx_smoothing"": 14, ""adx_threshold"": 25, ""di_length"": 14}, ""vol"": {""ema_len"": 4, ""filter_lookback"": 57, ""hline"": 0, ""lookback"": 20}}","{""base"": {""length"": 200, ""lsma_offset"": 0}, ""c1"": {""ema_len"": 200, ""len"": 114}, ""c2"": {""alpha"": 0.657933}, ""exit_ind"": {""adx_smoothing"": 14, ""adx_threshold"": 25, ""di_length"": 14}, ""vol"": {""ema_len"": 100, ""filter_lookback"": 200, ""hline"": 0, ""lookback"": 7}}","{""atr_len"": 19, ""atr_mult"": 1.0, ""be_pct"": 0.01, ""tp_mult"": 2.8, ""trail_arm"": 1.25, ""trail_mult"": 1.65}",full,full,,0.1009959696297701,0.4307175892304054,,,,,,False,gate2_tuned_modeA_trend.csv,-0.079791769928434,0.3722635458643133,104,2.3350140955133982,-0.1342505256432553,98,0.6597418057462076,-0.1591178105021813,150,0.5938432053238908,True,0.0544587557148213,0.06689239814428428
ehlers_reverse_ema_signals,ehlers_reverse_ema_signals,variance_volume_signals,sma_baseline,adx_dmi_exit,trend,A,False,-0.1427156608504293,-23.405368379470413,0.6008006334975858,0.2134146341463414,-3.073680009306204,-21.408942150526627,26.44617782470769,13.330228977919434,-0.8850189443104947,164,106,58,4,1.0,0.12,1.85,1.6,1.0,"{""base"": {""length"": 37}, ""c1"": {""alpha"": 0.187382}, ""c2"": {""alpha"": 0.035112}, ""exit_ind"": {""adx_smoothing"": 14, ""adx_threshold"": 25, ""di_length"": 14}, ""vol"": {""ema_len"": 19, ""filter_lookback"": 200, ""hline"": 0, ""lookback"": 20}}","{""base"": {""length"": 20}, ""c1"": {""alpha"": 0.1}, ""c2"": {""alpha"": 0.657933}, ""exit_ind"": {""adx_smoothing"": 14, ""adx_threshold"": 25, ""di_length"": 14}, ""vol"": {""ema_len"": 28, ""filter_lookback"": 200, ""hline"": 0, ""lookback"": 20}}","{""atr_len"": 43, ""atr_mult"": 1.0, ""be_pct"": 0.05, ""tp_mult"": 2.95, ""trail_arm"": 1.4, ""trail_mult"": 1.95}",full,full,,0.1338128106106821,0.7583689981664972,,,,,,False,gate2_tuned_modeA_trend.csv,-0.079791769928434,0.4984806199067123,100,2.950877650018431,-0.1475574666552779,106,0.6244001209074014,-0.1338668433450164,58,0.5429501891203161,True,0.054075073416582395,0.06092038507171317
chandelier_exit_signals,kuskus_starlight_signals,chaikin_volatility_volume_signals,sma_baseline,adx_dmi_exit,trend,A,False,-0.1707756111834224,-36.88753201561924,0.5784282055357799,0.1805555555555555,-3.784676514104334,,36.38753201561928,19.64857281923837,-1.0137409703902245,216,102,114,3,1.0,0.18,2.9,2.0,1.9,"{""base"": {""length"": 25}, ""c1"": {""atr_mult"": 6, ""atr_period"": 22}, ""c2"": {""index_smooth"": 0.567792, ""price_smooth"": 0.245783, ""range_periods"": 16}, ""exit_ind"": {""adx_smoothing"": 14, ""adx_threshold"": 25, ""di_length"": 14}, ""vol"": {""cvi_len"": 43, ""roc_len"": 12}}","{""base"": {""length"": 200}, ""c1"": {""atr_mult"": 6, ""atr_period"": 3}, ""c2"": {""index_smooth"": 0.7, ""price_smooth"": 0.7, ""range_periods"": 5}, ""exit_ind"": {""adx_smoothing"": 14, ""adx_threshold"": 25, ""di_length"": 14}, ""vol"": {""cvi_len"": 10, ""roc_len"": 15}}","{""atr_len"": 50, ""atr_mult"": 1.0, ""be_pct"": 0.01, ""tp_mult"": 2.55, ""trail_arm"": 1.0, ""trail_mult"": 1.25}",full,full,,0.1221084015059328,0.5595170669568825,,,,,,False,gate2_tuned_modeA_trend.csv,-0.079791769928434,0.4540307207936833,100,2.8161228831747356,-0.1334061413865642,102,0.6555081918625426,-0.2042114525806114,114,0.5149978001210479,True,0.05361437145813021,0.08901702705515381
kuskus_starlight_signals,coppock_curve_signals,variance_volume_signals,rma_baseline,adx_dmi_exit,trend,A,False,-0.1539478283298601,-30.78956566597203,0.5650105389718076,0.18,-3.584824471841843,-18.274441685791267,35.35048258459607,19.512320639018817,-0.8709800663199021,200,138,62,2,1.0,0.05,3.0,1.35,2.0,"{""base"": {""ma_length"": 11}, ""c1"": {""index_smooth"": 0.7, ""price_smooth"": 0.7, ""range_periods"": 300}, ""c2"": {""long_roc"": 14, ""short_roc"": 2, ""smooth_len"": 12}, ""exit_ind"": {""adx_smoothing"": 14, ""adx_threshold"": 25, ""di_length"": 14}, ""vol"": {""ema_len"": 19, ""filter_lookback"": 200, ""hline"": 0, ""lookback"": 16}}","{""base"": {""ma_length"": 25}, ""c1"": {""index_smooth"": 0.7, ""price_smooth"": 0.7, ""range_periods"": 30}, ""c2"": {""long_roc"": 61, ""short_roc"": 6, ""smooth_len"": 10}, ""exit_ind"": {""adx_smoothing"": 14, ""adx_threshold"": 25, ""di_length"": 14}, ""vol"": {""ema_len"": 10, ""filter_lookback"": 3, ""hline"": 0, ""lookback"": 132}}","{""atr_len"": 24, ""atr_mult"": 1.0, ""be_pct"": 0.01, ""tp_mult"": 2.0, ""trail_arm"": 1.0, ""trail_mult"": 1.9}",full,full,,0.135626386629044,1.0552249432227068,,,,,,False,gate2_tuned_modeA_trend.csv,-0.079791769928434,0.3774651177057503,138,2.829502818908563,-0.1632468028889054,138,0.5277411764247314,-0.1332501107629529,62,0.6420420473470337,True,0.053458340834518905,0.06845668689749514
polychromatic_momentum_signals,rex_oscillator_signals,efficiency_ratio_volume_signals,rma_baseline,adx_dmi_exit,chop,B,False,-0.1574906725099117,-44.2548789752852,0.696707410773924,0.2633451957295373,-2.364373641447739,-8.084768117762513,47.414448423919026,25.408720759035702,-0.933362729006462,281,150,131,36,1.0,0.05,1.3,2.0,1.5,"{""base"": {""ma_length"": 132}, ""c1"": {""len"": 26}, ""c2"": {""almaOffset"": 0.85, ""almaSigma"": 6, ""framaFast"": 34, ""framaSlow"": 89, ""jurikPhase"": 1, ""jurikPower"": 1, ""lsOffset"": 0, ""modFBW"": 0.5, ""modFilter"": 0.8, ""sigAlmaOff"": 0.85, ""sigAlmaSig"": 6, ""sigFramaFast"": 34, ""sigFramaSlow"": 89, ""sigJurikPhase"": 1, ""sigJurikPower"": 1, ""sigLsOff"": 0, ""sigModFBW"": 0.5, ""sigModFilter"": 0.8, ""sigSmooth"": 22, ""sigVolAdj"": 10, ""smooth"": 7, ""volAdj"": 10}, ""exit_ind"": {""adx_smoothing"": 14, ""adx_threshold"": 25, ""di_length"": 14}, ""vol"": {""er_threshold"": 0.160101, ""length"": 19}}","{""base"": {""ma_length"": 5}, ""c1"": {""len"": 140}, ""c2"": {""almaOffset"": 0.85, ""almaSigma"": 6, ""framaFast"": 34, ""framaSlow"": 89, ""jurikPhase"": 1, ""jurikPower"": 1, ""lsOffset"": 0, ""modFBW"": 0.5, ""modFilter"": 0.8, ""sigAlmaOff"": 0.85, ""sigAlmaSig"": 6, ""sigFramaFast"": 34, ""sigFramaSlow"": 89, ""sigJurikPhase"": 1, ""sigJurikPower"": 1, ""sigLsOff"": 0, ""sigModFBW"": 0.5, ""sigModFilter"": 0.8, ""sigSmooth"": 220, ""sigVolAdj"": 10, ""smooth"": 92, ""volAdj"": 10}, ""exit_ind"": {""adx_smoothing"": 14, ""adx_threshold"": 25, ""di_length"": 14}, ""vol"": {""er_threshold"": 0.854411, ""length"": 2}}","{""atr_len"": 28, ""atr_mult"": 1.0, ""be_pct"": 0.05, ""tp_mult"": 3.0, ""trail_arm"": 2.0, ""trail_mult"": 1.5}",full,full,,0.051032658204248,0.223136911681093,,,,,,False,gate2_tuned_modeB.csv,-0.0550301260173602,0.3657581974913884,146,1.9900833444477473,-0.1084525198999283,150,0.7670286464524415,-0.2136412289335569,131,0.6321710591029156,True,0.053422393882568094,0.10601674839938238
kuskus_starlight_signals,fx_sniper_ergodic_cci_signals,fractal_dimension_volume_signals,tma_baseline,adx_dmi_exit,trend,A,False,-0.1530522943727206,-27.549412987089717,0.5513370055780673,0.2166666666666666,-4.101143940800753,-21.502731383365756,30.319349922165976,17.028640994979785,-0.9086412821453272,180,108,72,4,1.0,0.01,1.65,1.1,0.65,"{""base"": {""length"": 16}, ""c1"": {""index_smooth"": 0.567792, ""price_smooth"": 0.373569, ""range_periods"": 300}, ""c2"": {""cci_length"": 17, ""ema1_length"": 6, ""ema2_length"": 3, ""trigger_length"": 6}, ""exit_ind"": {""adx_smoothing"": 14, ""adx_threshold"": 25, ""di_length"": 14}, ""vol"": {""fd_threshold"": 1.5, ""length"": 11}}","{""base"": {""length"": 20}, ""c1"": {""index_smooth"": 0.7, ""price_smooth"": 0.567792, ""range_periods"": 7}, ""c2"": {""cci_length"": 2, ""ema1_length"": 6, ""ema2_length"": 2, ""trigger_length"": 4}, ""exit_ind"": {""adx_smoothing"": 14, ""adx_threshold"": 25, ""di_length"": 14}, ""vol"": {""fd_threshold"": 1.5, ""length"": 11}}","{""atr_len"": 25, ""atr_mult"": 1.05, ""be_pct"": 0.01, ""tp_mult"": 2.15, ""trail_arm"": 1.0, ""trail_mult"": 1.2}",full,full,,0.1139640323548722,1.1951805560768929,,,,,,False,gate2_tuned_modeA_trend.csv,-0.079791769928434,0.3119116458006671,114,2.7750631794040896,-0.1332054736747148,108,0.5808712216651045,-0.1828225254197293,72,0.5139012972288252,True,0.05341370374628081,0.07822222961878807
bears_bulls_impulse_signals,price_momentum_oscillator_signals,chaikin_volatility_volume_signals,tma_baseline,adx_dmi_exit,trend,A,False,-0.1620171665928286,-34.34763931767967,0.5578769706984348,0.2169811320754717,-3.920135982507093,-41.43124611419325,40.716549621800944,23.35724520440828,-0.8435793218413784,212,108,104,10,1.0,0.01,2.75,1.2,1.95,"{""base"": {""length"": 37}, ""c1"": {""length"": 16}, ""c2"": {""s1"": 66, ""s2"": 25, ""sig"": 10}, ""exit_ind"": {""adx_smoothing"": 14, ""adx_threshold"": 25, ""di_length"": 14}, ""vol"": {""cvi_len"": 19, ""roc_len"": 12}}","{""base"": {""length"": 57}, ""c1"": {""length"": 16}, ""c2"": {""s1"": 66, ""s2"": 37, ""sig"": 10}, ""exit_ind"": {""adx_smoothing"": 14, ""adx_threshold"": 25, ""di_length"": 14}, ""vol"": {""cvi_len"": 10, ""roc_len"": 4}}","{""atr_len"": 24, ""atr_mult"": 1.0, ""be_pct"": 0.01, ""tp_mult"": 1.55, ""trail_arm"": 1.0, ""trail_mult"": 1.65}",full,full,,0.1998450987221995,0.5467072846819302,,,,,,False,gate2_tuned_modeA_trend.csv,-0.079791769928434,0.347572586346546,136,2.89079486972521,-0.1331743571267033,108,0.6126923676960295,-0.1919693148845742,104,0.507680554892775,True,0.05338258719826931,0.08278006607720474
coppock_curve_signals,volatility_quality_signals,variance_volume_signals,rma_baseline,adx_dmi_exit,trend,A,False,-0.1885682316250955,-35.45082754551797,0.4576897655924467,0.2287234042553191,-5.449890144985534,-42.38015034440809,39.38245091055485,24.43090288275773,-0.9001681390026651,188,88,100,2,1.0,0.01,1.1,1.0,1.85,"{""base"": {""ma_length"": 11}, ""c1"": {""long_roc"": 14, ""short_roc"": 11, ""smooth_len"": 12}, ""c2"": {""atr_pct"": 0.026334, ""smooth"": 66}, ""exit_ind"": {""adx_smoothing"": 14, ""adx_threshold"": 25, ""di_length"": 14}, ""vol"": {""ema_len"": 19, ""filter_lookback"": 200, ""hline"": 0, ""lookback"": 20}}","{""base"": {""ma_length"": 200}, ""c1"": {""long_roc"": 11, ""short_roc"": 9, ""smooth_len"": 10}, ""c2"": {""atr_pct"": 0.092464, ""smooth"": 4}, ""exit_ind"": {""adx_smoothing"": 14, ""adx_threshold"": 25, ""di_length"": 14}, ""vol"": {""ema_len"": 5, ""filter_lookback"": 16, ""hline"": 0, ""lookback"": 200}}","{""atr_len"": 46, ""atr_mult"": 1.0, ""be_pct"": 0.05, ""tp_mult"": 3.0, ""trail_arm"": 1.0, ""trail_mult"": 1.1}",full,full,,0.0131384247719968,0.7684976808097831,,,,,,False,gate2_tuned_modeA_trend.csv,-0.079791769928434,0.4982008479298389,100,2.972706944299825,-0.2516229792577361,88,0.3880643635449525,-0.1330800537083718,100,0.5440141251774238,True,0.053288283779937815,0.11255974655461994
polychromatic_momentum_signals,rex_oscillator_signals,variance_volume_signals,mcginley_dynamic_index,adx_dmi_exit,trend,A,False,-0.1511474932230761,-55.017687533199705,0.5902659668976022,0.206043956043956,-3.3720132240970124,-25.903086083958964,62.52843924035766,35.28433456342587,-0.8798826294338352,364,296,68,5,1.0,0.01,2.9,1.05,0.65,"{""base"": {""mci_length"": 17}, ""c1"": {""len"": 14}, ""c2"": {""almaOffset"": 0.85, ""almaSigma"": 6, ""framaFast"": 34, ""framaSlow"": 89, ""jurikPhase"": 1, ""jurikPower"": 1, ""lsOffset"": 0, ""modFBW"": 0.5, ""modFilter"": 0.8, ""sigAlmaOff"": 0.85, ""sigAlmaSig"": 6, ""sigFramaFast"": 34, ""sigFramaSlow"": 89, ""sigJurikPhase"": 1, ""sigJurikPower"": 1, ""sigLsOff"": 0, ""sigModFBW"": 0.5, ""sigModFilter"": 0.8, ""sigSmooth"": 18, ""sigVolAdj"": 10, ""smooth"": 5, ""volAdj"": 10}, ""exit_ind"": {""adx_smoothing"": 14, ""adx_threshold"": 25, ""di_length"": 14}, ""vol"": {""ema_len"": 8, ""filter_lookback"": 132, ""hline"": 0, ""lookback"": 37}}","{""base"": {""mci_length"": 11}, ""c1"": {""len"": 14}, ""c2"": {""almaOffset"": 0.85, ""almaSigma"": 6, ""framaFast"": 34, ""framaSlow"": 89, ""jurikPhase"": 1, ""jurikPower"": 1, ""lsOffset"": 0, ""modFBW"": 0.5, ""modFilter"": 0.8, ""sigAlmaOff"": 0.85, ""sigAlmaSig"": 6, ""sigFramaFast"": 34, ""sigFramaSlow"": 89, ""sigJurikPhase"": 1, ""sigJurikPower"": 1, ""sigLsOff"": 0, ""sigModFBW"": 0.5, ""sigModFilter"": 0.8, ""sigSmooth"": 22, ""sigVolAdj"": 10, ""smooth"": 14, ""volAdj"": 10}, ""exit_ind"": {""adx_smoothing"": 14, ""adx_threshold"": 25, ""di_length"": 14}, ""vol"": {""ema_len"": 10, ""filter_lookback"": 3, ""hline"": 0, ""lookback"": 3}}","{""atr_len"": 11, ""atr_mult"": 1.0, ""be_pct"": 0.01, ""tp_mult"": 2.2, ""trail_arm"": 1.9, ""trail_mult"": 1.35}",full,full,,0.0857015922526595,0.8861494980407644,,,,,,False,gate2_tuned_modeA_trend.csv,-0.079791769928434,0.2566963721864294,390,2.0485941176320033,-0.1553351156565915,296,0.5822631148178898,-0.1329190191007146,68,0.6266509617866535,True,0.05312724917228061,0.06433529745021906
coppock_curve_signals,waddah_attar_explosion_signals,variance_volume_signals,fantail_vma,adx_dmi_exit,chop,B,False,-0.1320279168954067,-21.124466703265085,0.7821319291832523,0.225,-1.617579897006526,-6.783444333535655,21.972140100612044,12.976555749429457,-0.9614205355752604,160,82,78,7,1.0,0.05,3.0,2.0,1.5,"{""base"": {""fma_adx_length"": 2, ""fma_ma_length"": 26, ""fma_weighting"": 10}, ""c1"": {""long_roc"": 61, ""short_roc"": 48, ""smooth_len"": 19}, ""c2"": {""bbLen"": 57, ""bbStd"": 2, ""fastEma"": 20, ""sensitivity"": 150, ""slowEma"": 40}, ""exit_ind"": {""adx_smoothing"": 14, ""adx_threshold"": 25, ""di_length"": 14}, ""vol"": {""ema_len"": 10, ""filter_lookback"": 11, ""hline"": 0, ""lookback"": 11}}","{""base"": {""fma_adx_length"": 2, ""fma_ma_length"": 17, ""fma_weighting"": 5}, ""c1"": {""long_roc"": 14, ""short_roc"": 11, ""smooth_len"": 10}, ""c2"": {""bbLen"": 87, ""bbStd"": 2, ""fastEma"": 16, ""sensitivity"": 185, ""slowEma"": 32}, ""exit_ind"": {""adx_smoothing"": 14, ""adx_threshold"": 25, ""di_length"": 14}, ""vol"": {""ema_len"": 2, ""filter_lookback"": 2, ""hline"": 0, ""lookback"": 20}}","{""atr_len"": 9, ""atr_mult"": 1.0, ""be_pct"": 0.05, ""tp_mult"": 1.95, ""trail_arm"": 2.0, ""trail_mult"": 1.5}",full,full,,0.0738602142702516,0.7129874268848917,,,,,,False,gate2_tuned_modeB.csv,-0.0550301260173602,0.4986795061188189,113,2.261961666780725,-0.1075674863797602,82,0.8118790726153806,-0.1577427284631377,78,0.7542767954167858,True,0.0525373603624,0.07762498140408874
hieken_ashi_smoothed_signals,j_tpo_signals,variance_volume_signals,ema_baseline,adx_dmi_exit,trend,A,False,-0.1324806472559456,-32.325277930450724,0.6177268474094183,0.2540983606557377,-3.2552957855807803,-22.28719015362914,32.03222555747928,19.31521988899316,-1.00914867349587,244,166,78,4,1.0,0.01,2.65,1.0,1.65,"{""base"": {""ma_length"": 20}, ""c1"": {""alma_offset1"": 0.85, ""alma_offset2"": 0.85, ""alma_sigma1"": 6, ""alma_sigma2"": 6, ""ama_smooth1"": 0.181, ""ama_smooth2"": 0.181, ""frama_t1_a"": 1, ""frama_t1_b"": 168, ""frama_t2_a"": 1, ""frama_t2_b"": 168, ""lsma_offset1"": 0, ""lsma_offset2"": 0, ""ma_len1"": 8, ""ma_len2"": 8, ""vol_factor1"": 1.010934, ""vol_factor2"": 0.665127}, ""c2"": {""ema_len"": 200, ""len"": 173}, ""exit_ind"": {""adx_smoothing"": 14, ""adx_threshold"": 25, ""di_length"": 14}, ""vol"": {""ema_len"": 43, ""filter_lookback"": 200, ""hline"": 0, ""lookback"": 20}}","{""base"": {""ma_length"": 16}, ""c1"": {""alma_offset1"": 0.85, ""alma_offset2"": 0.85, ""alma_sigma1"": 6, ""alma_sigma2"": 6, ""ama_smooth1"": 0.181, ""ama_smooth2"": 0.181, ""frama_t1_a"": 1, ""frama_t1_b"": 168, ""frama_t2_a"": 1, ""frama_t2_b"": 168, ""lsma_offset1"": 0, ""lsma_offset2"": 0, ""ma_len1"": 80, ""ma_len2"": 8, ""vol_factor1"": 3.549584, ""vol_factor2"": 5.395052}, ""c2"": {""ema_len"": 200, ""len"": 32}, ""exit_ind"": {""adx_smoothing"": 14, ""adx_threshold"": 25, ""di_length"": 14}, ""vol"": {""ema_len"": 100, ""filter_lookback"": 25, ""hline"": 0, ""lookback"": 11}}","{""atr_len"": 50, ""atr_mult"": 1.0, ""be_pct"": 0.05, ""tp_mult"": 2.85, ""trail_arm"": 1.7, ""trail_mult"": 1.2}",full,full,,0.2322984611173643,1.0110747137779033,,,,,,False,gate2_tuned_modeA_trend.csv,-0.079791769928434,0.5987862503199671,138,3.398742239020948,-0.1322192392806158,166,0.6332793456733149,-0.133036977049596,78,0.5800572813196121,True,0.0524274693521818,0.0528363382366719
supertrend_signals,price_momentum_oscillator_signals,chaikin_volatility_volume_signals,kama_baseline,adx_dmi_exit,chop,B,False,-0.1212265235798139,-29.70049827705442,0.7946549301411695,0.2285714285714285,-1.5546483515186968,-6.328096636078342,39.52757349694623,25.208519542428014,-0.751386833278521,245,95,150,9,1.0,0.05,2.25,2.0,1.5,"{""base"": {""fast_length"": 2, ""length"": 43, ""slow_length"": 30}, ""c1"": {""atr_period"": 8, ""factor"": 3}, ""c2"": {""s1"": 100, ""s2"": 16, ""sig"": 10}, ""exit_ind"": {""adx_smoothing"": 14, ""adx_threshold"": 25, ""di_length"": 14}, ""vol"": {""cvi_len"": 5, ""roc_len"": 4}}","{""base"": {""fast_length"": 20, ""length"": 28, ""slow_length"": 30}, ""c1"": {""atr_period"": 8, ""factor"": 6}, ""c2"": {""s1"": 28, ""s2"": 7, ""sig"": 10}, ""exit_ind"": {""adx_smoothing"": 14, ""adx_threshold"": 25, ""di_length"": 14}, ""vol"": {""cvi_len"": 4, ""roc_len"": 4}}","{""atr_len"": 11, ""atr_mult"": 1.0, ""be_pct"": 0.05, ""tp_mult"": 2.05, ""trail_arm"": 2.0, ""trail_mult"": 1.5}",full,full,,0.059007274224705,0.3827591181000733,,,,,,False,gate2_tuned_modeB.csv,-0.0550301260173602,0.3909340074374934,102,1.9026714512588976,-0.1429914340057755,95,0.7685204975462835,-0.1074420803100383,150,0.8124981809440723,True,0.052411954292678094,0.07018663114054668
halftrend_signals,ichimoku_signals,volatility_ratio_volume_signals,kama_baseline,adx_dmi_exit,chop,B,False,-0.1104121816684843,-24.84274087540899,0.7957680651143446,0.28,-1.537110220043288,-5.655581797448654,24.50095562224707,14.513945857446611,-1.0139498743816986,225,96,129,21,1.05,0.05,1.5,2.0,1.5,"{""base"": {""fast_length"": 2, ""length"": 10, ""slow_length"": 30}, ""c1"": {""amplitude"": 62}, ""c2"": {""base_len"": 21, ""conversion_len"": 9, ""displacement"": 49, ""span_b_len"": 342}, ""exit_ind"": {""adx_smoothing"": 14, ""adx_threshold"": 25, ""di_length"": 14}, ""vol"": {""length"": 7}}","{""base"": {""fast_length"": 2, ""length"": 10, ""slow_length"": 24}, ""c1"": {""amplitude"": 50}, ""c2"": {""base_len"": 3, ""conversion_len"": 7, ""displacement"": 26, ""span_b_len"": 28}, ""exit_ind"": {""adx_smoothing"": 14, ""adx_threshold"": 25, ""di_length"": 14}, ""vol"": {""length"": 92}}","{""atr_len"": 8, ""atr_mult"": 1.0, ""be_pct"": 0.05, ""tp_mult"": 2.9, ""trail_arm"": 2.0, ""trail_mult"": 1.5}",full,full,,0.1908064499419861,0.3809288722100033,,,,,,False,gate2_tuned_modeB.csv,-0.0550301260173602,0.3496322533026915,115,1.8513642630889569,-0.1147817546656773,96,0.7873028723967482,-0.1071604064147594,129,0.8020480001146587,True,0.05213028039739919,0.05594095452285814
volatility_quality_signals,halftrend_signals,variance_volume_signals,kama_baseline,adx_dmi_exit,trend,A,False,-0.1716271693059495,-34.66868819980181,0.5605901965848983,0.1782178217821782,-3.5841281494834907,-32.79861935319423,40.01868539116414,23.301761106813604,-0.8663125202872461,202,106,96,4,1.0,0.16,1.95,1.2,1.75,"{""base"": {""fast_length"": 2, ""length"": 28, ""slow_length"": 300}, ""c1"": {""atr_pct"": 0.075, ""smooth"": 10}, ""c2"": {""amplitude"": 12}, ""exit_ind"": {""adx_smoothing"": 14, ""adx_threshold"": 25, ""di_length"": 14}, ""vol"": {""ema_len"": 12, ""filter_lookback"": 20, ""hline"": 0, ""lookback"": 132}}","{""base"": {""fast_length"": 2, ""length"": 28, ""slow_length"": 197}, ""c1"": {""atr_pct"": 0.075, ""smooth"": 10}, ""c2"": {""amplitude"": 18}, ""exit_ind"": {""adx_smoothing"": 14, ""adx_threshold"": 25, ""di_length"": 14}, ""vol"": {""ema_len"": 2, ""filter_lookback"": 57, ""hline"": 0, ""lookback"": 200}}","{""atr_len"": 50, ""atr_mult"": 1.0, ""be_pct"": 0.05, ""tp_mult"": 3.0, ""trail_arm"": 1.0, ""trail_mult"": 1.65}",full,full,,0.1318132257753495,0.5543163121566193,,,,,,False,gate2_tuned_modeA_trend.csv,-0.079791769928434,0.5287490395275922,122,3.0485575089679755,-0.1315070563709009,106,0.6622244419720683,-0.2159264606717324,96,0.4491238909210857,True,0.05171528644246691,0.09392498859288266
bears_bulls_impulse_signals,halftrend_signals,variance_volume_signals,kama_baseline,adx_dmi_exit,trend,A,False,-0.136060591257584,-38.641207917153864,0.645163339628663,0.2218309859154929,-2.8558338806903745,-46.44762319876848,39.12985087599603,22.608551005721345,-0.9875122713758688,284,212,72,2,1.0,0.05,1.7,1.1,1.35,"{""base"": {""fast_length"": 2, ""length"": 28, ""slow_length"": 197}, ""c1"": {""length"": 16}, ""c2"": {""amplitude"": 62}, ""exit_ind"": {""adx_smoothing"": 14, ""adx_threshold"": 25, ""di_length"": 14}, ""vol"": {""ema_len"": 43, ""filter_lookback"": 25, ""hline"": 0, ""lookback"": 25}}","{""base"": {""fast_length"": 2, ""length"": 43, ""slow_length"": 30}, ""c1"": {""length"": 24}, ""c2"": {""amplitude"": 18}, ""exit_ind"": {""adx_smoothing"": 14, ""adx_threshold"": 25, ""di_length"": 14}, ""vol"": {""ema_len"": 8, ""filter_lookback"": 16, ""hline"": 0, ""lookback"": 200}}","{""atr_len"": 25, ""atr_mult"": 1.0, ""be_pct"": 0.05, ""tp_mult"": 2.75, ""trail_arm"": 1.0, ""trail_mult"": 1.0}",full,full,,0.1364851350699753,0.7876271026867414,,,,,,False,gate2_tuned_modeA_trend.csv,-0.079791769928434,0.4713506020303919,224,2.923686103515238,-0.1312749233500816,212,0.6662978644489767,-0.1501517245407856,72,0.5760421895318983,True,0.051483153421647596,0.0609215540169996
linreg_slope_signals,coppock_curve_signals,waddah_attar_explosion_volume_signals,sma_baseline,adx_dmi_exit,trend,A,False,-0.1602418137760917,-36.21464991339674,0.5720623779924288,0.1991150442477876,-3.76852787958572,-31.250633227014635,40.38133043337672,23.21038286015308,-0.8968166606879288,226,160,66,2,1.0,0.01,2.05,1.6,1.95,"{""base"": {""length"": 16}, ""c1"": {""length"": 92, ""r2_floor"": 0.374763}, ""c2"": {""long_roc"": 7, ""short_roc"": 14, ""smooth_len"": 8}, ""exit_ind"": {""adx_smoothing"": 14, ""adx_threshold"": 25, ""di_length"": 14}, ""vol"": {""bbLen"": 25, ""bbStd"": 6, ""fastEma"": 200, ""sensitivity"": 15, ""slowEma"": 400}}","{""base"": {""length"": 132}, ""c1"": {""length"": 11, ""r2_floor"": 0.374763}, ""c2"": {""long_roc"": 61, ""short_roc"": 6, ""smooth_len"": 10}, ""exit_ind"": {""adx_smoothing"": 14, ""adx_threshold"": 25, ""di_length"": 14}, ""vol"": {""bbLen"": 11, ""bbStd"": 2, ""fastEma"": 200, ""sensitivity"": 23, ""slowEma"": 400}}","{""atr_len"": 50, ""atr_mult"": 1.0, ""be_pct"": 0.05, ""tp_mult"": 3.0, ""trail_arm"": 2.0, ""trail_mult"": 0.5}",full,full,,0.05480047613133,0.5377265293443615,,,,,,False,gate2_tuned_modeA_trend.csv,-0.079791769928434,0.5336656068608624,122,3.483563935072849,-0.1723121447723817,160,0.5452455645186441,-0.1309804053002372,66,0.6398038854243476,True,0.051188635371803196,0.07185450510787546
lemantrend_signals,hieken_ashi_smoothed_signals,volatility_ratio_volume_signals,fantail_vma,adx_dmi_exit,chop,B,False,-0.1095776562869126,-19.066512193922804,0.7896702234568662,0.2758620689655172,-1.5695496764996997,-5.613506851442735,26.43363472567874,15.145755797193312,-0.721297407329337,174,112,62,18,1.0,0.05,3.0,2.0,1.5,"{""base"": {""fma_adx_length"": 4, ""fma_ma_length"": 11, ""fma_weighting"": 8}, ""c1"": {""fast_period"": 18, ""medium_period"": 210, ""slow_period"": 11, ""smooth"": 3}, ""c2"": {""alma_offset1"": 0.85, ""alma_offset2"": 0.85, ""alma_sigma1"": 6, ""alma_sigma2"": 6, ""ama_smooth1"": 0.181, ""ama_smooth2"": 0.181, ""frama_t1_a"": 1, ""frama_t1_b"": 168, ""frama_t2_a"": 1, ""frama_t2_b"": 168, ""lsma_offset1"": 0, ""lsma_offset2"": 0, ""ma_len1"": 10, ""ma_len2"": 6, ""vol_factor1"": 0.287918, ""vol_factor2"": 0.82}, ""exit_ind"": {""adx_smoothing"": 14, ""adx_threshold"": 25, ""di_length"": 14}, ""vol"": {""length"": 7}}","{""base"": {""fma_adx_length"": 2, ""fma_ma_length"": 17, ""fma_weighting"": 19}, ""c1"": {""fast_period"": 64, ""medium_period"": 21, ""slow_period"": 16, ""smooth"": 3}, ""c2"": {""alma_offset1"": 0.85, ""alma_offset2"": 0.85, ""alma_sigma1"": 6, ""alma_sigma2"": 6, ""ama_smooth1"": 0.181, ""ama_smooth2"": 0.181, ""frama_t1_a"": 1, ""frama_t1_b"": 168, ""frama_t2_a"": 1, ""frama_t2_b"": 168, ""lsma_offset1"": 0, ""lsma_offset2"": 0, ""ma_len1"": 8, ""ma_len2"": 8, ""vol_factor1"": 1.010934, ""vol_factor2"": 0.665127}, ""exit_ind"": {""adx_smoothing"": 14, ""adx_threshold"": 25, ""di_length"": 14}, ""vol"": {""length"": 5}}","{""atr_len"": 3, ""atr_mult"": 1.0, ""be_pct"": 0.05, ""tp_mult"": 1.55, ""trail_arm"": 2.0, ""trail_mult"": 1.5}",full,full,,-0.0333951760735605,0.4172289659697798,,,,,,False,gate2_tuned_modeB.csv,-0.0550301260173602,0.2682481518187296,121,1.6711108504730925,-0.1115407562605614,112,0.7887905732756891,-0.1060314111732245,62,0.7913218017016894,True,0.051001285155864294,0.05375595769953274
price_momentum_oscillator_signals,kase_peak_oscillator_signals,variance_volume_signals,rma_baseline,adx_dmi_exit,trend,A,False,-0.1389289183769835,-25.285063144611,0.6133607104999479,0.2472527472527472,-3.4330847972038616,-59.657733602437105,34.798623965969846,18.470859272551294,-0.7266110053471563,182,114,68,3,1.0,0.01,1.75,1.55,2.0,"{""base"": {""ma_length"": 16}, ""c1"": {""s1"": 230, ""s2"": 200, ""sig"": 10}, ""c2"": {""long_cycle"": 23, ""sharpness"": 40, ""short_cycle"": 4}, ""exit_ind"": {""adx_smoothing"": 14, ""adx_threshold"": 25, ""di_length"": 14}, ""vol"": {""ema_len"": 19, ""filter_lookback"": 200, ""hline"": 0, ""lookback"": 20}}","{""base"": {""ma_length"": 20}, ""c1"": {""s1"": 35, ""s2"": 20, ""sig"": 10}, ""c2"": {""long_cycle"": 6, ""sharpness"": 40, ""short_cycle"": 3}, ""exit_ind"": {""adx_smoothing"": 14, ""adx_threshold"": 25, ""di_length"": 14}, ""vol"": {""ema_len"": 12, ""filter_lookback"": 20, ""hline"": 0, ""lookback"": 132}}","{""atr_len"": 2, ""atr_mult"": 1.0, ""be_pct"": 0.01, ""tp_mult"": 1.9, ""trail_arm"": 1.0, ""trail_mult"": 0.95}",full,full,,0.1286573820634177,1.2823682785554005,,,,,,False,gate2_tuned_modeA_trend.csv,-0.079791769928434,0.3496204455527009,122,2.5982451574453673,-0.1306533735394138,114,0.6402040729131898,-0.1528026258987915,68,0.5670592266200908,True,0.050861603610979814,0.061936229790668665
halftrend_signals,bears_bulls_impulse_signals,fractal_dimension_volume_signals,kama_baseline,adx_dmi_exit,trend,A,False,-0.1333796874153421,-19.74019373747063,0.5929856961346263,0.277027027027027,-3.7871537486349354,,20.067980873019188,11.206265771059384,-0.9836661626487168,148,80,68,3,1.0,0.1,1.35,1.0,1.85,"{""base"": {""fast_length"": 2, ""length"": 2, ""slow_length"": 85}, ""c1"": {""amplitude"": 216}, ""c2"": {""length"": 11}, ""exit_ind"": {""adx_smoothing"": 14, ""adx_threshold"": 25, ""di_length"": 14}, ""vol"": {""fd_threshold"": 1.5, ""length"": 85}}","{""base"": {""fast_length"": 2, ""length"": 10, ""slow_length"": 30}, ""c1"": {""amplitude"": 216}, ""c2"": {""length"": 16}, ""exit_ind"": {""adx_smoothing"": 14, ""adx_threshold"": 25, ""di_length"": 14}, ""vol"": {""fd_threshold"": 1.5, ""length"": 300}}","{""atr_len"": 27, ""atr_mult"": 1.0, ""be_pct"": 0.05, ""tp_mult"": 1.35, ""trail_arm"": 1.0, ""trail_mult"": 1.0}",full,full,,-0.0440062991208223,0.2250890963577406,,,,,,False,gate2_tuned_modeA_trend.csv,-0.079791769928434,0.2886947078948323,118,2.6047417004638556,-0.1305848242022592,80,0.6130820023636764,-0.1366677617836748,68,0.5677484743586101,True,0.0507930542738252,0.053834523064533
hieken_ashi_smoothed_signals,ssl_channel_signals,fractal_dimension_volume_signals,sma_baseline,adx_dmi_exit,trend,A,False,-0.1387712369136855,-19.427973167915972,0.5655859936856225,0.2642857142857143,-3.906404172535949,-16.387723707529766,21.525529263917377,11.040195075014816,-0.9025549583341732,140,78,62,5,1.0,0.05,1.4,1.0,1.35,"{""base"": {""length"": 25}, ""c1"": {""alma_offset1"": 0.85, ""alma_offset2"": 0.85, ""alma_sigma1"": 6, ""alma_sigma2"": 6, ""ama_smooth1"": 0.181, ""ama_smooth2"": 0.181, ""frama_t1_a"": 1, ""frama_t1_b"": 168, ""frama_t2_a"": 1, ""frama_t2_b"": 168, ""lsma_offset1"": 0, ""lsma_offset2"": 0, ""ma_len1"": 8, ""ma_len2"": 8, ""vol_factor1"": 0.82, ""vol_factor2"": 0.82}, ""c2"": {""len"": 10}, ""exit_ind"": {""adx_smoothing"": 14, ""adx_threshold"": 25, ""di_length"": 14}, ""vol"": {""fd_threshold"": 1.5, ""length"": 24}}","{""base"": {""length"": 200}, ""c1"": {""alma_offset1"": 0.85, ""alma_offset2"": 0.85, ""alma_sigma1"": 6, ""alma_sigma2"": 6, ""ama_smooth1"": 0.181, ""ama_smooth2"": 0.181, ""frama_t1_a"": 1, ""frama_t1_b"": 168, ""frama_t2_a"": 1, ""frama_t2_b"": 168, ""lsma_offset1"": 0, ""lsma_offset2"": 0, ""ma_len1"": 10, ""ma_len2"": 8, ""vol_factor1"": 0.82, ""vol_factor2"": 0.82}, ""c2"": {""len"": 28}, ""exit_ind"": {""adx_smoothing"": 14, ""adx_threshold"": 25, ""di_length"": 14}, ""vol"": {""fd_threshold"": 1.5, ""length"": 300}}","{""atr_len"": 7, ""atr_mult"": 1.0, ""be_pct"": 0.01, ""tp_mult"": 3.0, ""trail_arm"": 1.3, ""trail_mult"": 1.25}",full,full,,0.1774152412898121,1.1590292500101045,,,,,,False,gate2_tuned_modeA_trend.csv,-0.079791769928434,0.3556488605928632,104,2.476963732908574,-0.1305543318880209,78,0.592990683726261,-0.1491086335588764,62,0.5307856754154766,True,0.05076256195958691,0.060039712795014646
ehlers_reverse_ema_signals,coral_signals,efficiency_ratio_volume_signals,sma_baseline,adx_dmi_exit,trend,A,False,-0.1622999093694581,-27.590984592807892,0.5509960943711255,0.2058823529411764,-3.997251925154304,-26.086751885172053,28.090984592807896,15.484672491982971,-0.982200695089626,170,108,62,5,1.0,0.01,2.0,1.0,0.6,"{""base"": {""length"": 16}, ""c1"": {""alpha"": 0.1}, ""c2"": {""const_d"": 40, ""smooth_period"": 8}, ""exit_ind"": {""adx_smoothing"": 14, ""adx_threshold"": 25, ""di_length"": 14}, ""vol"": {""er_threshold"": 0.369854, ""length"": 10}}","{""base"": {""length"": 200}, ""c1"": {""alpha"": 0.1}, ""c2"": {""const_d"": 17, ""smooth_period"": 28}, ""exit_ind"": {""adx_smoothing"": 14, ""adx_threshold"": 25, ""di_length"": 14}, ""vol"": {""er_threshold"": 0.854411, ""length"": 2}}","{""atr_len"": 50, ""atr_mult"": 1.0, ""be_pct"": 0.05, ""tp_mult"": 3.0, ""trail_arm"": 1.6, ""trail_mult"": 0.95}",full,full,,0.1549150196681132,0.7912070588645826,,,,,,False,gate2_tuned_modeA_trend.csv,-0.079791769928434,0.3546962084272703,100,2.2230903738871386,-0.1304878405476161,108,0.6301980298553834,-0.2177144808655703,62,0.421681150498222,True,0.05069607061918212,0.09430939077815921
kuskus_starlight_signals,fx_sniper_ergodic_cci_signals,chaikin_volatility_volume_signals,t3_baseline,adx_dmi_exit,trend,A,False,-0.1681576507022432,-41.70309737415633,0.5808733932245593,0.1733870967741935,-3.7303726693879584,,42.80309737415632,22.846784655843667,-0.9743009252254689,248,114,134,26,1.0,0.05,2.6,1.85,1.95,"{""base"": {""length"": 10, ""volume_factor"": 0.7}, ""c1"": {""index_smooth"": 0.7, ""price_smooth"": 0.161709, ""range_periods"": 197}, ""c2"": {""cci_length"": 26, ""ema1_length"": 9, ""ema2_length"": 3, ""trigger_length"": 6}, ""exit_ind"": {""adx_smoothing"": 14, ""adx_threshold"": 25, ""di_length"": 14}, ""vol"": {""cvi_len"": 12, ""roc_len"": 10}}","{""base"": {""length"": 28, ""volume_factor"": 0.862993}, ""c1"": {""index_smooth"": 0.567792, ""price_smooth"": 0.106394, ""range_periods"": 130}, ""c2"": {""cci_length"": 140, ""ema1_length"": 4, ""ema2_length"": 3, ""trigger_length"": 22}, ""exit_ind"": {""adx_smoothing"": 14, ""adx_threshold"": 25, ""di_length"": 14}, ""vol"": {""cvi_len"": 10, ""roc_len"": 10}}","{""atr_len"": 49, ""atr_mult"": 1.05, ""be_pct"": 0.04, ""tp_mult"": 2.85, ""trail_arm"": 1.0, ""trail_mult"": 1.2}",full,full,,0.1745299381919237,0.464611967485479,,,,,,False,gate2_tuned_modeA_trend.csv,-0.079791769928434,0.6339248811472017,100,4.16962440573601,-0.1304400140150097,114,0.6731832615887664,-0.2002457893764568,134,0.5030937819176812,True,0.050648244086575714,0.08555113176729924
donchian_breakout_signals,center_of_gravity_signals,chaikin_volatility_volume_signals,t3_baseline,adx_dmi_exit,trend,A,False,-0.1348381237915765,-39.912084642306645,0.6507101004032866,0.2027027027027027,-2.8766061178525772,-43.51149725058864,46.32226063185989,24.18516844376463,-0.8616178074620044,296,126,170,26,1.0,0.01,2.7,1.1,0.5,"{""base"": {""length"": 12, ""volume_factor"": 0.862993}, ""c1"": {""length"": 16}, ""c2"": {""length"": 12, ""signal_length"": 6}, ""exit_ind"": {""adx_smoothing"": 14, ""adx_threshold"": 25, ""di_length"": 14}, ""vol"": {""cvi_len"": 4, ""roc_len"": 10}}","{""base"": {""length"": 28, ""volume_factor"": 0.7}, ""c1"": {""length"": 20}, ""c2"": {""length"": 66, ""signal_length"": 2}, ""exit_ind"": {""adx_smoothing"": 14, ""adx_threshold"": 25, ""di_length"": 14}, ""vol"": {""cvi_len"": 66, ""roc_len"": 6}}","{""atr_len"": 27, ""atr_mult"": 1.15, ""be_pct"": 0.05, ""tp_mult"": 2.6, ""trail_arm"": 1.0, ""trail_mult"": 1.8}",full,full,,0.1381660668765579,0.3817098041235326,,,,,,False,gate2_tuned_modeA_trend.csv,-0.079791769928434,0.5203642642429448,114,3.532952985001748,-0.1304348259745465,126,0.6584721053806392,-0.1381017445265516,170,0.6450631384327321,True,0.05064305604611251,0.054476515322115074
trend_direction_force_index_signals,parabolic_sar_signals,variance_volume_signals,tma_baseline,adx_dmi_exit,trend,A,False,-0.1458493314563842,-22.752495707195944,0.6472481285706053,0.1666666666666666,-2.844832447316058,,22.25249570719594,12.206843548696854,-1.0224693897969528,156,100,56,6,1.0,0.01,2.95,1.45,1.3,"{""base"": {""length"": 20}, ""c1"": {""fhigh"": 0.142402, ""flow"": -0.026683, ""lookback"": 13}, ""c2"": {""sar_increment"": 0.010673, ""sar_maximum"": 0.162226, ""sar_start"": 0.02}, ""exit_ind"": {""adx_smoothing"": 14, ""adx_threshold"": 25, ""di_length"": 14}, ""vol"": {""ema_len"": 19, ""filter_lookback"": 132, ""hline"": 0, ""lookback"": 132}}","{""base"": {""length"": 25}, ""c1"": {""fhigh"": 0.017556, ""flow"": -0.05, ""lookback"": 16}, ""c2"": {""sar_increment"": 0.010673, ""sar_maximum"": 0.070224, ""sar_start"": 0.02}, ""exit_ind"": {""adx_smoothing"": 14, ""adx_threshold"": 25, ""di_length"": 14}, ""vol"": {""ema_len"": 8, ""filter_lookback"": 3, ""hline"": 0, ""lookback"": 132}}","{""atr_len"": 39, ""atr_mult"": 1.0, ""be_pct"": 0.13, ""tp_mult"": 2.9, ""trail_arm"": 1.8, ""trail_mult"": 1.75}",full,full,,-0.0169046346659659,0.6560687288039516,,,,,,False,gate2_tuned_modeA_trend.csv,-0.079791769928434,0.6288067493819041,134,3.730741599708535,-0.1300848464022345,100,0.6788028483895439,-0.1740001976245087,56,0.5939995388761463,True,0.050293076473800505,0.0722507520849376
ssl_channel_signals,relative_vigor_index_signals,waddah_attar_explosion_volume_signals,wma_baseline,adx_dmi_exit,chop,B,False,-0.1747951292108748,-25.6948839939986,0.6913174126649922,0.1768707482993197,-2.213131769843663,-8.700521223659374,41.44967447404055,21.362082002809107,-0.6199055678975479,147,89,58,26,1.0,0.05,3.0,2.0,1.5,"{""base"": {""ma_length"": 25}, ""c1"": {""len"": 4}, ""c2"": {""len"": 2}, ""exit_ind"": {""adx_smoothing"": 14, ""adx_threshold"": 25, ""di_length"": 14}, ""vol"": {""bbLen"": 87, ""bbStd"": 6, ""fastEma"": 7, ""sensitivity"": 23, ""slowEma"": 32}}","{""base"": {""ma_length"": 25}, ""c1"": {""len"": 12}, ""c2"": {""len"": 10}, ""exit_ind"": {""adx_smoothing"": 14, ""adx_threshold"": 25, ""di_length"": 14}, ""vol"": {""bbLen"": 25, ""bbStd"": 2, ""fastEma"": 132, ""sensitivity"": 23, ""slowEma"": 114}}","{""atr_len"": 24, ""atr_mult"": 1.0, ""be_pct"": 0.05, ""tp_mult"": 3.0, ""trail_arm"": 2.0, ""trail_mult"": 1.5}",full,full,,0.0495160693719215,0.4517155965344397,,,,,,False,gate2_tuned_modeB.csv,-0.0550301260173602,0.431405185292887,124,2.080130484837665,-0.1051345683878479,89,0.8085583660287089,-0.2816880587496577,58,0.524564358364937,True,0.0501044423704877,0.1383811875513926
j_tpo_signals,kase_peak_oscillator_signals,variance_volume_signals,kama_baseline,adx_dmi_exit,trend,A,False,-0.1416139216175697,-19.25949333998949,0.6319641411923121,0.1985294117647058,-3.0462785632594898,-64.66339058388462,21.263746223619684,10.820075785204365,-0.9057431901908292,136,80,56,25,1.0,0.01,2.9,1.8,1.65,"{""base"": {""fast_length"": 2, ""length"": 19, ""slow_length"": 30}, ""c1"": {""ema_len"": 200, ""len"": 400}, ""c2"": {""long_cycle"": 53, ""sharpness"": 40, ""short_cycle"": 23}, ""exit_ind"": {""adx_smoothing"": 14, ""adx_threshold"": 25, ""di_length"": 14}, ""vol"": {""ema_len"": 12, ""filter_lookback"": 200, ""hline"": 0, ""lookback"": 20}}","{""base"": {""fast_length"": 13, ""length"": 19, ""slow_length"": 30}, ""c1"": {""ema_len"": 200, ""len"": 40}, ""c2"": {""long_cycle"": 10, ""sharpness"": 40, ""short_cycle"": 6}, ""exit_ind"": {""adx_smoothing"": 14, ""adx_threshold"": 25, ""di_length"": 14}, ""vol"": {""ema_len"": 66, ""filter_lookback"": 2, ""hline"": 0, ""lookback"": 2}}","{""atr_len"": 50, ""atr_mult"": 1.25, ""be_pct"": 0.01, ""tp_mult"": 2.3, ""trail_arm"": 2.0, ""trail_mult"": 1.35}",full,full,,0.1030820412563179,0.7602672047046144,,,,,,False,gate2_tuned_modeA_trend.csv,-0.079791769928434,0.3690086475023194,108,2.7327362578369767,-0.1297238065763704,80,0.651787197397674,-0.1585998002478546,56,0.6057382968394661,True,0.0499320366479364,0.0643700334836785
ehlers_reverse_ema_signals,coral_signals,efficiency_ratio_volume_signals,rma_baseline,adx_dmi_exit,trend,A,False,-0.1420803852938154,-30.973523994051774,0.6031832729697877,0.2155963302752293,-3.543408496349284,-23.876482863975543,39.52333062332854,22.855805903944596,-0.7836769701734027,218,96,122,16,1.0,0.01,1.75,1.05,0.6,"{""base"": {""ma_length"": 7}, ""c1"": {""alpha"": 0.1}, ""c2"": {""const_d"": 92, ""smooth_period"": 8}, ""exit_ind"": {""adx_smoothing"": 14, ""adx_threshold"": 25, ""di_length"": 14}, ""vol"": {""er_threshold"": 0.369854, ""length"": 10}}","{""base"": {""ma_length"": 132}, ""c1"": {""alpha"": 0.023101}, ""c2"": {""const_d"": 11, ""smooth_period"": 28}, ""exit_ind"": {""adx_smoothing"": 14, ""adx_threshold"": 25, ""di_length"": 14}, ""vol"": {""er_threshold"": 0.160101, ""length"": 5}}","{""atr_len"": 6, ""atr_mult"": 1.1, ""be_pct"": 0.01, ""tp_mult"": 2.95, ""trail_arm"": 1.5, ""trail_mult"": 0.5}",full,full,,0.1224937774107067,0.41054264039255,,,,,,False,gate2_tuned_modeA_trend.csv,-0.079791769928434,0.2959150580836852,136,2.115123653575717,-0.1295734116940902,96,0.6675852106441822,-0.1519219382903206,122,0.5438759419964116,True,0.04978164176565621,0.06095590506377142
price_momentum_oscillator_signals,donchian_breakout_signals,chaikin_volatility_volume_signals,sma_baseline,adx_dmi_exit,trend,A,False,-0.1468208674777343,-36.998858604389056,0.6112562681440354,0.1944444444444444,-3.373643210508183,-46.818765633435895,36.72583446431199,17.223508611563332,-1.0074341167208165,252,100,152,4,1.0,0.05,2.25,1.9,1.65,"{""base"": {""length"": 25}, ""c1"": {""s1"": 230, ""s2"": 57, ""sig"": 10}, ""c2"": {""length"": 11}, ""exit_ind"": {""adx_smoothing"": 14, ""adx_threshold"": 25, ""di_length"": 14}, ""vol"": {""cvi_len"": 28, ""roc_len"": 12}}","{""base"": {""length"": 200}, ""c1"": {""s1"": 28, ""s2"": 20, ""sig"": 10}, ""c2"": {""length"": 37}, ""exit_ind"": {""adx_smoothing"": 14, ""adx_threshold"": 25, ""di_length"": 14}, ""vol"": {""cvi_len"": 19, ""roc_len"": 12}}","{""atr_len"": 49, ""atr_mult"": 1.0, ""be_pct"": 0.05, ""tp_mult"": 3.0, ""trail_arm"": 1.0, ""trail_mult"": 1.25}",full,full,,0.1521065737703325,0.4493418626281611,,,,,,False,gate2_tuned_modeA_trend.csv,-0.079791769928434,0.4078494863375492,104,2.4138782193035055,-0.1289979731749228,100,0.6565805781586038,-0.1585464558348472,152,0.5817053177635289,True,0.04920620324648879,0.06398044457645098
chandelier_exit_signals,coral_signals,chaikin_volatility_volume_signals,kama_baseline,adx_dmi_exit,trend,A,False,-0.1969128421812204,-38.59491706751921,0.5235195423763058,0.1428571428571428,-4.369364468860992,,40.954929000373376,23.09678843787966,-0.9423753870301508,196,84,112,4,1.0,0.01,2.95,1.9,1.75,"{""base"": {""fast_length"": 2, ""length"": 10, ""slow_length"": 30}, ""c1"": {""atr_mult"": 6, ""atr_period"": 8}, ""c2"": {""const_d"": 2, ""smooth_period"": 19}, ""exit_ind"": {""adx_smoothing"": 14, ""adx_threshold"": 25, ""di_length"": 14}, ""vol"": {""cvi_len"": 28, ""roc_len"": 10}}","{""base"": {""fast_length"": 13, ""length"": 10, ""slow_length"": 37}, ""c1"": {""atr_mult"": 6, ""atr_period"": 63}, ""c2"": {""const_d"": 11, ""smooth_period"": 10}, ""exit_ind"": {""adx_smoothing"": 14, ""adx_threshold"": 25, ""di_length"": 14}, ""vol"": {""cvi_len"": 10, ""roc_len"": 10}}","{""atr_len"": 36, ""atr_mult"": 1.0, ""be_pct"": 0.05, ""tp_mult"": 2.85, ""trail_arm"": 2.0, ""trail_mult"": 1.05}",full,full,,0.108513936601235,0.4645083661947263,,,,,,False,gate2_tuned_modeA_trend.csv,-0.079791769928434,0.4141884055403314,102,2.508829191611212,-0.2877504012692676,84,0.3285823970383754,-0.128784672865185,112,0.6794692586466502,True,0.048992902936751,0.12847576713879227
ssl_channel_signals,chandelier_exit_signals,variance_volume_signals,rma_baseline,adx_dmi_exit,trend,A,False,-0.162976855423946,-29.0098802654624,0.5539729969357844,0.1853932584269663,-4.130134310593744,-24.47592957651439,31.248701404732355,16.184010744291463,-0.9283547463213654,178,112,66,14,1.0,0.01,1.9,1.4,0.5,"{""base"": {""ma_length"": 20}, ""c1"": {""len"": 12}, ""c2"": {""atr_mult"": 4, ""atr_period"": 27}, ""exit_ind"": {""adx_smoothing"": 14, ""adx_threshold"": 25, ""di_length"": 14}, ""vol"": {""ema_len"": 12, ""filter_lookback"": 200, ""hline"": 0, ""lookback"": 25}}","{""base"": {""ma_length"": 25}, ""c1"": {""len"": 12}, ""c2"": {""atr_mult"": 6, ""atr_period"": 95}, ""exit_ind"": {""adx_smoothing"": 14, ""adx_threshold"": 25, ""di_length"": 14}, ""vol"": {""ema_len"": 12, ""filter_lookback"": 37, ""hline"": 0, ""lookback"": 200}}","{""atr_len"": 41, ""atr_mult"": 1.0, ""be_pct"": 0.01, ""tp_mult"": 2.3, ""trail_arm"": 1.0, ""trail_mult"": 0.5}",full,full,,0.0808837828265251,0.6880963794393815,,,,,,False,gate2_tuned_modeA_trend.csv,-0.079791769928434,0.4373918856693284,110,3.4501349247310107,-0.1286688430885325,112,0.642203935918386,-0.2211965127204054,66,0.4104702231455328,True,0.0488770731600985,0.09514090797603496
fisher_transform_signals,chandelier_exit_signals,efficiency_ratio_volume_signals,kama_baseline,adx_dmi_exit,chop,B,False,-0.1155506915085059,-18.719212024377967,0.7892672584128644,0.2160493827160493,-1.44922614973137,-5.3441923791799155,20.81597413757035,8.527296048932236,-0.8992714874002472,162,94,68,27,1.0,0.05,2.5,2.0,1.5,"{""base"": {""fast_length"": 20, ""length"": 10, ""slow_length"": 3}, ""c1"": {""length"": 2}, ""c2"": {""atr_mult"": 4, ""atr_period"": 95}, ""exit_ind"": {""adx_smoothing"": 14, ""adx_threshold"": 25, ""di_length"": 14}, ""vol"": {""er_threshold"": 0.3, ""length"": 19}}","{""base"": {""fast_length"": 2, ""length"": 10, ""slow_length"": 24}, ""c1"": {""length"": 100}, ""c2"": {""atr_mult"": 20, ""atr_period"": 22}, ""exit_ind"": {""adx_smoothing"": 14, ""adx_threshold"": 25, ""di_length"": 14}, ""vol"": {""er_threshold"": 0.3, ""length"": 19}}","{""atr_len"": 41, ""atr_mult"": 1.0, ""be_pct"": 0.05, ""tp_mult"": 2.95, ""trail_arm"": 2.0, ""trail_mult"": 1.5}",full,full,,0.0492001724261618,0.367385462199691,,,,,,False,gate2_tuned_modeB.csv,-0.0550301260173602,0.3966346726806399,115,1.8826110283564936,-0.1037721000687444,94,0.8028379516645567,-0.1318328620281763,68,0.7722066030635869,True,0.0487419740513842,0.06277235503110015
laguerre_filter_signals,coppock_curve_signals,waddah_attar_explosion_volume_signals,wma_baseline,adx_dmi_exit,chop,B,False,-0.1296268223831833,-16.851486909813833,0.7503728959969195,0.2307692307692307,-1.7427749615515045,-6.312286180471378,22.334258884327152,11.929240356605291,-0.7545129210282057,130,59,71,25,1.0,0.05,2.75,2.0,1.5,"{""base"": {""ma_length"": 20}, ""c1"": {""alpha"": 0.070224}, ""c2"": {""long_roc"": 14, ""short_roc"": 2, ""smooth_len"": 8}, ""exit_ind"": {""adx_smoothing"": 14, ""adx_threshold"": 25, ""di_length"": 14}, ""vol"": {""bbLen"": 20, ""bbStd"": 2, ""fastEma"": 16, ""sensitivity"": 987, ""slowEma"": 32}}","{""base"": {""ma_length"": 20}, ""c1"": {""alpha"": 0.030398}, ""c2"": {""long_roc"": 17, ""short_roc"": 6, ""smooth_len"": 8}, ""exit_ind"": {""adx_smoothing"": 14, ""adx_threshold"": 25, ""di_length"": 14}, ""vol"": {""bbLen"": 87, ""bbStd"": 2, ""fastEma"": 20, ""sensitivity"": 150, ""slowEma"": 32}}","{""atr_len"": 9, ""atr_mult"": 1.0, ""be_pct"": 0.05, ""tp_mult"": 2.6, ""trail_arm"": 2.0, ""trail_mult"": 1.5}",full,full,,0.1539583453195369,0.4163236333261861,,,,,,False,gate2_tuned_modeB.csv,-0.0550301260173602,0.5117868768208462,100,2.61690986627338,-0.1610710066696395,59,0.6880350298778694,-0.1034971481169732,71,0.8016347536301255,True,0.048467022099613004,0.07725395137594615
price_momentum_oscillator_signals,rex_oscillator_signals,variance_volume_signals,frama_baseline,adx_dmi_exit,trend,A,False,-0.1680812902920696,-71.26646708383754,0.5903595528678703,0.1509433962264151,-3.352762497902235,-81.11222288662726,73.10162624730614,34.410666215578765,-0.9748957819726176,424,328,96,21,1.0,0.01,2.85,2.0,0.8,"{""base"": {""length"": 10}, ""c1"": {""s1"": 100, ""s2"": 20, ""sig"": 10}, ""c2"": {""almaOffset"": 0.85, ""almaSigma"": 6, ""framaFast"": 34, ""framaSlow"": 89, ""jurikPhase"": 1, ""jurikPower"": 1, ""lsOffset"": 0, ""modFBW"": 0.5, ""modFilter"": 0.8, ""sigAlmaOff"": 0.85, ""sigAlmaSig"": 6, ""sigFramaFast"": 34, ""sigFramaSlow"": 89, ""sigJurikPhase"": 1, ""sigJurikPower"": 1, ""sigLsOff"": 0, ""sigModFBW"": 0.5, ""sigModFilter"": 0.8, ""sigSmooth"": 22, ""sigVolAdj"": 10, ""smooth"": 14, ""volAdj"": 10}, ""exit_ind"": {""adx_smoothing"": 14, ""adx_threshold"": 25, ""di_length"": 14}, ""vol"": {""ema_len"": 28, ""filter_lookback"": 200, ""hline"": 0, ""lookback"": 7}}","{""base"": {""length"": 8}, ""c1"": {""s1"": 43, ""s2"": 16, ""sig"": 10}, ""c2"": {""almaOffset"": 0.85, ""almaSigma"": 6, ""framaFast"": 34, ""framaSlow"": 89, ""jurikPhase"": 1, ""jurikPower"": 1, ""lsOffset"": 0, ""modFBW"": 0.5, ""modFilter"": 0.8, ""sigAlmaOff"": 0.85, ""sigAlmaSig"": 6, ""sigFramaFast"": 34, ""sigFramaSlow"": 89, ""sigJurikPhase"": 1, ""sigJurikPower"": 1, ""sigLsOff"": 0, ""sigModFBW"": 0.5, ""sigModFilter"": 0.8, ""sigSmooth"": 22, ""sigVolAdj"": 10, ""smooth"": 14, ""volAdj"": 10}, ""exit_ind"": {""adx_smoothing"": 14, ""adx_threshold"": 25, ""di_length"": 14}, ""vol"": {""ema_len"": 12, ""filter_lookback"": 5, ""hline"": 0, ""lookback"": 7}}","{""atr_len"": 42, ""atr_mult"": 1.0, ""be_pct"": 0.14, ""tp_mult"": 2.9, ""trail_arm"": 1.95, ""trail_mult"": 1.55}",full,full,,0.1418123968676048,0.4117471844268983,,,,,,False,gate2_tuned_modeA_trend.csv,-0.079791769928434,0.2818423637050973,322,1.8985617226187612,-0.128151187430788,328,0.681499095787734,-0.3045091417347816,96,0.3039791046062132,True,0.048359417502353994,0.1365383946543508
center_of_gravity_signals,j_tpo_signals,variance_volume_signals,rma_baseline,adx_dmi_exit,chop,B,False,-0.1041321570245174,-27.803285925546156,0.813865119031325,0.2322097378277153,-1.3595666557914812,-5.18132929971061,33.48649708861404,15.595314777548476,-0.830283497613124,267,96,171,50,1.0,0.05,2.6,2.0,1.5,"{""base"": {""ma_length"": 37}, ""c1"": {""length"": 12, ""signal_length"": 9}, ""c2"": {""ema_len"": 200, ""len"": 400}, ""exit_ind"": {""adx_smoothing"": 14, ""adx_threshold"": 25, ""di_length"": 14}, ""vol"": {""ema_len"": 12, ""filter_lookback"": 20, ""hline"": 0, ""lookback"": 25}}","{""base"": {""ma_length"": 37}, ""c1"": {""length"": 100, ""signal_length"": 3}, ""c2"": {""ema_len"": 200, ""len"": 32}, ""exit_ind"": {""adx_smoothing"": 14, ""adx_threshold"": 25, ""di_length"": 14}, ""vol"": {""ema_len"": 8, ""filter_lookback"": 11, ""hline"": 0, ""lookback"": 87}}","{""atr_len"": 22, ""atr_mult"": 1.0, ""be_pct"": 0.05, ""tp_mult"": 1.4, ""trail_arm"": 2.0, ""trail_mult"": 1.5}",full,full,,0.0311460103698072,0.2576751965430814,,,,,,False,gate2_tuned_modeB.csv,-0.0550301260173602,0.2386536447888328,145,1.6136118906977388,-0.1059027916208911,96,0.7997373395377142,-0.1031381165493602,171,0.8211387863644783,True,0.048107990531999996,0.04949032806776544
dspo_signals,kase_peak_oscillator_signals,chaikin_volatility_volume_signals,sma_baseline,adx_dmi_exit,trend,A,False,-0.1312328619216746,-37.2701327857556,0.6449865831981765,0.2147887323943662,-2.848763548979859,-28.397221289341175,36.81756775111653,18.216029465135644,-1.0122920948417444,284,124,160,2,1.05,0.05,2.85,1.95,1.95,"{""base"": {""length"": 25}, ""c1"": {""len"": 61}, ""c2"": {""long_cycle"": 6, ""sharpness"": 40, ""short_cycle"": 2}, ""exit_ind"": {""adx_smoothing"": 14, ""adx_threshold"": 25, ""di_length"": 14}, ""vol"": {""cvi_len"": 10, ""roc_len"": 15}}","{""base"": {""length"": 200}, ""c1"": {""len"": 5}, ""c2"": {""long_cycle"": 428, ""sharpness"": 40, ""short_cycle"": 2}, ""exit_ind"": {""adx_smoothing"": 14, ""adx_threshold"": 25, ""di_length"": 14}, ""vol"": {""cvi_len"": 19, ""roc_len"": 10}}","{""atr_len"": 49, ""atr_mult"": 1.0, ""be_pct"": 0.05, ""tp_mult"": 2.95, ""trail_arm"": 1.9, ""trail_mult"": 0.5}",full,full,,0.1337275018409678,0.479011285885821,,,,,,False,gate2_tuned_modeA_trend.csv,-0.079791769928434,0.4323335034774097,110,2.691938714421822,-0.1357213309307063,124,0.6139492237004367,-0.127754298439675,160,0.6670271829398782,True,0.04796252851124101,0.05194604475675664
didi_index_signals,mama_fama_signals,variance_volume_signals,kama_baseline,adx_dmi_exit,trend,A,False,-0.1477986540863427,-30.74212004995929,0.5739269806669957,0.2163461538461538,-3.064657875500542,-17.872655715013586,35.19913621007977,20.76796489612,-0.8733771154633008,208,110,98,25,1.0,0.01,2.8,1.8,1.4,"{""base"": {""fast_length"": 2, ""length"": 28, ""slow_length"": 16}, ""c1"": {""long_p"": 20, ""medium"": 4}, ""c2"": {""fast_limit"": 0.17556, ""slow_limit"": 0.061642}, ""exit_ind"": {""adx_smoothing"": 14, ""adx_threshold"": 25, ""di_length"": 14}, ""vol"": {""ema_len"": 5, ""filter_lookback"": 200, ""hline"": 0, ""lookback"": 20}}","{""base"": {""fast_length"": 2, ""length"": 19, ""slow_length"": 37}, ""c1"": {""long_p"": 25, ""medium"": 8}, ""c2"": {""fast_limit"": 0.17556, ""slow_limit"": 0.05}, ""exit_ind"": {""adx_smoothing"": 14, ""adx_threshold"": 25, ""di_length"": 14}, ""vol"": {""ema_len"": 100, ""filter_lookback"": 11, ""hline"": 0, ""lookback"": 20}}","{""atr_len"": 35, ""atr_mult"": 1.0, ""be_pct"": 0.05, ""tp_mult"": 3.0, ""trail_arm"": 1.0, ""trail_mult"": 1.6}",full,full,,0.1144796669720826,0.6936127999186145,,,,,,False,gate2_tuned_modeA_trend.csv,-0.079791769928434,0.4701190788789084,102,2.8713504944875075,-0.1659226330903121,110,0.5424879976888577,-0.1274554123471934,98,0.612805452647058,True,0.04766364241875941,0.06689725279031876
qqe_mod_signals,dpo_signals,efficiency_ratio_volume_signals,mcginley_dynamic_index,adx_dmi_exit,trend,A,False,-0.2246073645976607,-37.28482252321168,0.4306141900934727,0.1686746987951807,-5.89262141022071,-40.3110632625103,37.17719072787413,17.38540763272015,-1.0028951029712112,166,90,76,5,1.0,0.05,2.65,1.7,1.5,"{""base"": {""mci_length"": 17}, ""c1"": {""fast_factor"": 0.859209, ""rsi_len"": 5, ""rsi_period"": 5}, ""c2"": {""len"": 62}, ""exit_ind"": {""adx_smoothing"": 14, ""adx_threshold"": 25, ""di_length"": 14}, ""vol"": {""er_threshold"": 0.369854, ""length"": 10}}","{""base"": {""mci_length"": 11}, ""c1"": {""fast_factor"": 16.1, ""rsi_len"": 5, ""rsi_period"": 6}, ""c2"": {""len"": 216}, ""exit_ind"": {""adx_smoothing"": 14, ""adx_threshold"": 25, ""di_length"": 14}, ""vol"": {""er_threshold"": 0.243339, ""length"": 43}}","{""atr_len"": 50, ""atr_mult"": 1.2, ""be_pct"": 0.05, ""tp_mult"": 2.6, ""trail_arm"": 2.0, ""trail_mult"": 1.4}",full,full,,0.211278200170688,0.6518082646065394,,,,,,False,gate2_tuned_modeA_trend.csv,-0.079791769928434,0.45807257419434,124,3.0996326378872823,-0.1272431812393481,90,0.6529731420745056,-0.339907055416715,76,0.2047128900772351,True,0.04745141131091411,0.15378334839959756
parabolic_sar_signals,donchian_breakout_signals,chaikin_volatility_volume_signals,rma_baseline,adx_dmi_exit,trend,A,False,-0.1682306517136399,-59.21718940320126,0.5024489068645618,0.2244318181818181,-4.587406193298908,-20.62764091237214,59.08303257448257,36.32116377342096,-1.0022706489980784,352,224,128,4,1.0,0.01,1.45,1.55,1.8,"{""base"": {""ma_length"": 20}, ""c1"": {""sar_increment"": 0.00304, ""sar_maximum"": 0.2, ""sar_start"": 0.02}, ""c2"": {""length"": 57}, ""exit_ind"": {""adx_smoothing"": 14, ""adx_threshold"": 25, ""di_length"": 14}, ""vol"": {""cvi_len"": 10, ""roc_len"": 120}}","{""base"": {""ma_length"": 16}, ""c1"": {""sar_increment"": 0.016223, ""sar_maximum"": 0.246569, ""sar_start"": 0.024657}, ""c2"": {""length"": 20}, ""exit_ind"": {""adx_smoothing"": 14, ""adx_threshold"": 25, ""di_length"": 14}, ""vol"": {""cvi_len"": 66, ""roc_len"": 120}}","{""atr_len"": 7, ""atr_mult"": 1.0, ""be_pct"": 0.18, ""tp_mult"": 2.95, ""trail_arm"": 1.0, ""trail_mult"": 0.5}",full,full,,0.1216592477698919,0.3800207818910734,,,,,,False,gate2_tuned_modeA_trend.csv,-0.079791769928434,0.2409407343491854,304,1.9436080386844088,-0.1917405083369854,224,0.4539500181657041,-0.1270884026227853,128,0.5969618961387563,True,0.04729663269435132,0.07962268555145137
kalman_filter_signals,center_of_gravity_signals,variance_volume_signals,kama_baseline,adx_dmi_exit,trend,A,False,-0.1385328611689983,-30.75429517951764,0.6310943015609103,0.1756756756756756,-2.815354867485095,-23.396342584796336,40.86083921410183,24.240933505183836,-0.7526594110897205,222,120,102,7,1.0,0.05,2.9,2.0,1.8,"{""base"": {""fast_length"": 2, ""length"": 28, ""slow_length"": 30}, ""c1"": {""k"": 1, ""sharpness"": 1}, ""c2"": {""length"": 12, ""signal_length"": 13}, ""exit_ind"": {""adx_smoothing"": 14, ""adx_threshold"": 25, ""di_length"": 14}, ""vol"": {""ema_len"": 19, ""filter_lookback"": 20, ""hline"": 0, ""lookback"": 132}}","{""base"": {""fast_length"": 2, ""length"": 28, ""slow_length"": 37}, ""c1"": {""k"": 1, ""sharpness"": 1}, ""c2"": {""length"": 12, ""signal_length"": 4}, ""exit_ind"": {""adx_smoothing"": 14, ""adx_threshold"": 25, ""di_length"": 14}, ""vol"": {""ema_len"": 19, ""filter_lookback"": 11, ""hline"": 0, ""lookback"": 132}}","{""atr_len"": 4, ""atr_mult"": 1.0, ""be_pct"": 0.01, ""tp_mult"": 2.95, ""trail_arm"": 1.0, ""trail_mult"": 1.45}",full,full,,0.0971499164239018,0.7683806333005087,,,,,,False,gate2_tuned_modeA_trend.csv,-0.079791769928434,0.5828390180728121,118,3.7294899461522526,-0.1484598610437083,120,0.6087953121301514,-0.1268540377869865,102,0.6579396872763615,True,0.04706226785855251,0.0578651794869134
bears_bulls_impulse_signals,coral_signals,variance_volume_signals,super_smoother_2pole_baseline,adx_dmi_exit,trend,A,False,-0.1494853594882117,-31.989866930477312,0.589775175517587,0.1962616822429906,-3.4249193112052496,-26.900994271286095,32.547379232893604,18.138935126418342,-0.9828707467219712,214,150,64,12,1.0,0.01,1.45,1.0,2.0,"{""base"": {""cutoff_period"": 65}, ""c1"": {""length"": 130}, ""c2"": {""const_d"": 7, ""smooth_period"": 28}, ""exit_ind"": {""adx_smoothing"": 14, ""adx_threshold"": 25, ""di_length"": 14}, ""vol"": {""ema_len"": 19, ""filter_lookback"": 200, ""hline"": 0, ""lookback"": 20}}","{""base"": {""cutoff_period"": 18}, ""c1"": {""length"": 16}, ""c2"": {""const_d"": 7, ""smooth_period"": 10}, ""exit_ind"": {""adx_smoothing"": 14, ""adx_threshold"": 25, ""di_length"": 14}, ""vol"": {""ema_len"": 66, ""filter_lookback"": 132, ""hline"": 0, ""lookback"": 16}}","{""atr_len"": 40, ""atr_mult"": 1.0, ""be_pct"": 0.05, ""tp_mult"": 2.65, ""trail_arm"": 1.2, ""trail_mult"": 1.3}",full,full,,0.1129349180119304,0.9192066477542916,,,,,,False,gate2_tuned_modeA_trend.csv,-0.079791769928434,0.5066978558601908,178,3.144780044546986,-0.1591458125163801,150,0.5882832905479388,-0.1268436727034419,64,0.5941002473489859,True,0.04705190277500791,0.06320297268147702
j_tpo_signals,schaff_trend_cycle_signals,variance_volume_signals,lsma_baseline,adx_dmi_exit,trend,A,False,-0.1478731995364762,-29.574639907295246,0.623080040294746,0.175,-3.1206802157891476,-28.995957718220428,32.691505814031565,19.78968316038429,-0.9046582337177468,200,150,50,3,1.0,0.05,2.4,2.0,1.45,"{""base"": {""length"": 37, ""lsma_offset"": 0}, ""c1"": {""ema_len"": 200, ""len"": 40}, ""c2"": {""cycleLen"": 2, ""d1"": 3, ""d2"": 3, ""lowerBand"": 25, ""macdFast"": 151, ""macdSlow"": 94, ""stc_midline"": 50, ""upperBand"": 75}, ""exit_ind"": {""adx_smoothing"": 14, ""adx_threshold"": 25, ""di_length"": 14}, ""vol"": {""ema_len"": 10, ""filter_lookback"": 11, ""hline"": 0, ""lookback"": 200}}","{""base"": {""length"": 57, ""lsma_offset"": 0}, ""c1"": {""ema_len"": 200, ""len"": 114}, ""c2"": {""cycleLen"": 66, ""d1"": 6, ""d2"": 2, ""lowerBand"": 25, ""macdFast"": 43, ""macdSlow"": 62, ""stc_midline"": 62, ""upperBand"": 75}, ""exit_ind"": {""adx_smoothing"": 14, ""adx_threshold"": 25, ""di_length"": 14}, ""vol"": {""ema_len"": 2, ""filter_lookback"": 57, ""hline"": 0, ""lookback"": 37}}","{""atr_len"": 3, ""atr_mult"": 1.0, ""be_pct"": 0.01, ""tp_mult"": 2.6, ""trail_arm"": 1.4, ""trail_mult"": 0.8}",full,full,,0.0832351784371301,1.7069509355563193,,,,,,False,gate2_tuned_modeA_trend.csv,-0.079791769928434,0.4809808112065611,142,2.8972020886481022,-0.154927328986643,150,0.6190311582295661,-0.1267108111859757,50,0.637222395943622,True,0.04691904125754172,0.061027300157875344
dspo_signals,kuskus_starlight_signals,volatility_ratio_volume_signals,rma_baseline,adx_dmi_exit,chop,B,False,-0.1051803159630636,-30.0815703654362,0.8284477002226615,0.2202797202797203,-1.23897005941738,-5.8788581816000915,37.53333817774536,24.467685417109728,-0.8014626949241745,286,156,130,5,1.0,0.05,1.85,2.0,1.5,"{""base"": {""ma_length"": 20}, ""c1"": {""len"": 140}, ""c2"": {""index_smooth"": 0.7, ""price_smooth"": 0.567792, ""range_periods"": 30}, ""exit_ind"": {""adx_smoothing"": 14, ""adx_threshold"": 25, ""di_length"": 14}, ""vol"": {""length"": 140}}","{""base"": {""ma_length"": 200}, ""c1"": {""len"": 7}, ""c2"": {""index_smooth"": 0.7, ""price_smooth"": 0.567792, ""range_periods"": 5}, ""exit_ind"": {""adx_smoothing"": 14, ""adx_threshold"": 25, ""di_length"": 14}, ""vol"": {""length"": 140}}","{""atr_len"": 50, ""atr_mult"": 1.0, ""be_pct"": 0.05, ""tp_mult"": 3.0, ""trail_arm"": 2.0, ""trail_mult"": 1.5}",full,full,,0.123978719071117,0.2955100370848395,,,,,,False,gate2_tuned_modeB.csv,-0.0550301260173602,0.5177663039301336,109,1.9804225546685783,-0.1084082159326707,156,0.8324110608105417,-0.101306835999535,130,0.8230747509325765,True,0.04627670998217479,0.04982739994874264
laguerre_filter_signals,kase_peak_oscillator_signals,chaikin_volatility_volume_signals,ema_baseline,adx_dmi_exit,trend,A,False,-0.1750424765294009,-30.807475869174564,0.5567110505061971,0.1590909090909091,-3.8942327918912607,-41.48575444131635,32.47131510970451,15.113708252626344,-0.9487597211597788,176,104,72,2,1.0,0.01,2.2,1.5,2.0,"{""base"": {""ma_length"": 37}, ""c1"": {""alpha"": 0.070224}, ""c2"": {""long_cycle"": 35, ""sharpness"": 40, ""short_cycle"": 6}, ""exit_ind"": {""adx_smoothing"": 14, ""adx_threshold"": 25, ""di_length"": 14}, ""vol"": {""cvi_len"": 28, ""roc_len"": 12}}","{""base"": {""ma_length"": 132}, ""c1"": {""alpha"": 0.162226}, ""c2"": {""long_cycle"": 281, ""sharpness"": 40, ""short_cycle"": 4}, ""exit_ind"": {""adx_smoothing"": 14, ""adx_threshold"": 25, ""di_length"": 14}, ""vol"": {""cvi_len"": 12, ""roc_len"": 22}}","{""atr_len"": 50, ""atr_mult"": 1.0, ""be_pct"": 0.05, ""tp_mult"": 2.8, ""trail_arm"": 2.0, ""trail_mult"": 0.5}",full,full,,0.1470457023856604,0.7881579261086867,,,,,,False,gate2_tuned_modeA_trend.csv,-0.079791769928434,0.4268468028712242,128,2.4377997570399135,-0.1258781871849189,104,0.6883016317325821,-0.2460575611380971,72,0.3557181072001847,True,0.04608641725648489,0.10617610423307401
bears_bulls_impulse_signals,mama_fama_signals,efficiency_ratio_volume_signals,frama_baseline,adx_dmi_exit,trend,A,False,-0.1441013466763145,-50.43547133671008,0.6132258978809401,0.2114285714285714,-3.260521895172401,-24.206103818966763,49.93547133671016,33.234230131260226,-1.0100129224099732,350,182,168,2,1.0,0.02,2.25,1.0,1.35,"{""base"": {""length"": 43}, ""c1"": {""length"": 13}, ""c2"": {""fast_limit"": 0.266835, ""slow_limit"": 0.026683}, ""exit_ind"": {""adx_smoothing"": 14, ""adx_threshold"": 25, ""di_length"": 14}, ""vol"": {""er_threshold"": 0.369854, ""length"": 10}}","{""base"": {""length"": 4}, ""c1"": {""length"": 7}, ""c2"": {""fast_limit"": 0.075996, ""slow_limit"": 0.017556}, ""exit_ind"": {""adx_smoothing"": 14, ""adx_threshold"": 25, ""di_length"": 14}, ""vol"": {""er_threshold"": 0.3, ""length"": 43}}","{""atr_len"": 39, ""atr_mult"": 1.0, ""be_pct"": 0.01, ""tp_mult"": 2.9, ""trail_arm"": 1.75, ""trail_mult"": 0.5}",full,full,,0.073239133387604,0.3508145235410852,,,,,,False,gate2_tuned_modeA_trend.csv,-0.079791769928434,0.3639605917500285,174,2.427556141760026,-0.1609521474089937,182,0.5878292894446789,-0.1258463125492454,168,0.6436484494466564,True,0.04605454262081139,0.06360746005068553
coppock_curve_signals,dspo_signals,variance_volume_signals,rma_baseline,adx_dmi_exit,trend,A,False,-0.1423582890361111,-27.61750807300556,0.6307286370050629,0.190721649484536,-2.9866195157379662,-33.55608232182225,32.70616800138467,18.605466686998383,-0.8444128358857671,194,114,80,44,1.2,0.01,2.5,1.0,1.9,"{""base"": {""ma_length"": 200}, ""c1"": {""long_roc"": 14, ""short_roc"": 2, ""smooth_len"": 5}, ""c2"": {""len"": 14}, ""exit_ind"": {""adx_smoothing"": 14, ""adx_threshold"": 25, ""di_length"": 14}, ""vol"": {""ema_len"": 28, ""filter_lookback"": 87, ""hline"": 0, ""lookback"": 5}}","{""base"": {""ma_length"": 16}, ""c1"": {""long_roc"": 140, ""short_roc"": 72, ""smooth_len"": 8}, ""c2"": {""len"": 7}, ""exit_ind"": {""adx_smoothing"": 14, ""adx_threshold"": 25, ""di_length"": 14}, ""vol"": {""ema_len"": 5, ""filter_lookback"": 16, ""hline"": 0, ""lookback"": 200}}","{""atr_len"": 39, ""atr_mult"": 1.0, ""be_pct"": 0.05, ""tp_mult"": 2.55, ""trail_arm"": 2.0, ""trail_mult"": 0.55}",full,full,,0.0315991485368922,0.2944369000440531,,,,,,False,gate2_tuned_modeA_trend.csv,-0.079791769928434,0.4090708578225971,110,2.589021104727701,-0.1257345690180202,114,0.6883969376509936,-0.1660470900618906,80,0.5385849766754246,True,0.04594279908958619,0.06609905961152142
kase_peak_oscillator_signals,hieken_ashi_smoothed_signals,damiani_volatmeter_volume_signals,mcginley_dynamic_index,adx_dmi_exit,trend,A,False,-0.1628978527781427,-18.570355216708272,0.5692055002551064,0.2017543859649122,-3.9967128484770567,-52.41013202404179,23.382855425982378,13.775328399602891,-0.7941868038953623,114,54,60,38,1.0,0.05,1.7,2.0,1.45,"{""base"": {""mci_length"": 11}, ""c1"": {""long_cycle"": 281, ""sharpness"": 40, ""short_cycle"": 15}, ""c2"": {""alma_offset1"": 0.85, ""alma_offset2"": 0.85, ""alma_sigma1"": 6, ""alma_sigma2"": 6, ""ama_smooth1"": 0.181, ""ama_smooth2"": 0.181, ""frama_t1_a"": 1, ""frama_t1_b"": 168, ""frama_t2_a"": 1, ""frama_t2_b"": 168, ""lsma_offset1"": 0, ""lsma_offset2"": 0, ""ma_len1"": 15, ""ma_len2"": 8, ""vol_factor1"": 0.665127, ""vol_factor2"": 1.010934}, ""exit_ind"": {""adx_smoothing"": 14, ""adx_threshold"": 25, ""di_length"": 14}, ""vol"": {""lag"": 1.4, ""sedimentation"": 62, ""threshold"": 1.725985, ""viscosity"": 7}}","{""base"": {""mci_length"": 11}, ""c1"": {""long_cycle"": 185, ""sharpness"": 40, ""short_cycle"": 80}, ""c2"": {""alma_offset1"": 0.85, ""alma_offset2"": 0.85, ""alma_sigma1"": 6, ""alma_sigma2"": 6, ""ama_smooth1"": 0.181, ""ama_smooth2"": 0.181, ""frama_t1_a"": 1, ""frama_t1_b"": 168, ""frama_t2_a"": 1, ""frama_t2_b"": 168, ""lsma_offset1"": 0, ""lsma_offset2"": 0, ""ma_len1"": 15, ""ma_len2"": 8, ""vol_factor1"": 0.82, ""vol_factor2"": 1.010934}, ""exit_ind"": {""adx_smoothing"": 14, ""adx_threshold"": 25, ""di_length"": 14}, ""vol"": {""lag"": 1.4, ""sedimentation"": 142, ""threshold"": 1.725985, ""viscosity"": 4}}","{""atr_len"": 38, ""atr_mult"": 1.0, ""be_pct"": 0.05, ""tp_mult"": 2.3, ""trail_arm"": 1.0, ""trail_mult"": 1.45}",full,full,,0.1262652094848764,0.4857531503150123,,,,,,False,gate2_tuned_modeA_trend.csv,-0.079791769928434,0.5814292838481835,108,3.7497631322603935,-0.1256341447586828,54,0.6769407706205298,-0.1964351899956566,60,0.4668660737477568,True,0.04584237483024879,0.08124289744873571
j_tpo_signals,fx_sniper_ergodic_cci_signals,variance_volume_signals,super_smoother_2pole_baseline,adx_dmi_exit,trend,A,False,-0.1531108050681838,-34.90926355554592,0.5947594312032084,0.2061403508771929,-3.4392236852478617,-48.75972355571527,38.43048006717661,23.22345552748253,-0.9083743813380528,228,172,56,3,1.0,0.05,2.45,1.65,1.35,"{""base"": {""cutoff_period"": 65}, ""c1"": {""ema_len"": 200, ""len"": 40}, ""c2"": {""cci_length"": 17, ""ema1_length"": 4, ""ema2_length"": 3, ""trigger_length"": 33}, ""exit_ind"": {""adx_smoothing"": 14, ""adx_threshold"": 25, ""di_length"": 14}, ""vol"": {""ema_len"": 19, ""filter_lookback"": 16, ""hline"": 0, ""lookback"": 132}}","{""base"": {""cutoff_period"": 15}, ""c1"": {""ema_len"": 200, ""len"": 75}, ""c2"": {""cci_length"": 17, ""ema1_length"": 6, ""ema2_length"": 3, ""trigger_length"": 5}, ""exit_ind"": {""adx_smoothing"": 14, ""adx_threshold"": 25, ""di_length"": 14}, ""vol"": {""ema_len"": 10, ""filter_lookback"": 37, ""hline"": 0, ""lookback"": 5}}","{""atr_len"": 8, ""atr_mult"": 1.0, ""be_pct"": 0.08, ""tp_mult"": 3.0, ""trail_arm"": 1.95, ""trail_mult"": 1.0}",full,full,,0.1901115065758919,1.5090612689822658,,,,,,False,gate2_tuned_modeA_trend.csv,-0.079791769928434,0.4552802284027964,174,2.71940113645249,-0.1254184851282356,172,0.6688597618729284,-0.2381657877408821,56,0.3648912326909793,True,0.04562671519980162,0.10200036650612486
j_tpo_signals,ehlers_reverse_ema_signals,variance_volume_signals,kama_baseline,adx_dmi_exit,trend,A,False,-0.1284058596458193,-25.424360209872223,0.6559157685895632,0.2222222222222222,-2.875940908657946,-319.70486939841464,28.252071170680868,17.020440605389766,-0.8999113748607871,198,92,106,5,1.0,0.02,2.2,1.6,1.7,"{""base"": {""fast_length"": 2, ""length"": 28, ""slow_length"": 24}, ""c1"": {""ema_len"": 200, ""len"": 40}, ""c2"": {""alpha"": 0.432876}, ""exit_ind"": {""adx_smoothing"": 14, ""adx_threshold"": 25, ""di_length"": 14}, ""vol"": {""ema_len"": 5, ""filter_lookback"": 200, ""hline"": 0, ""lookback"": 87}}","{""base"": {""fast_length"": 13, ""length"": 19, ""slow_length"": 30}, ""c1"": {""ema_len"": 200, ""len"": 49}, ""c2"": {""alpha"": 0.081113}, ""exit_ind"": {""adx_smoothing"": 14, ""adx_threshold"": 25, ""di_length"": 14}, ""vol"": {""ema_len"": 12, ""filter_lookback"": 16, ""hline"": 0, ""lookback"": 25}}","{""atr_len"": 50, ""atr_mult"": 1.26, ""be_pct"": 0.05, ""tp_mult"": 2.9, ""trail_arm"": 1.6, ""trail_mult"": 1.25}",full,full,,0.1635848720113769,0.6746560809705022,,,,,,False,gate2_tuned_modeA_trend.csv,-0.079791769928434,0.3851514311912033,100,2.5085434483842812,-0.132454304850392,92,0.650736026045092,-0.1248921147512845,106,0.6605496368298416,True,0.04510034482285051,0.048881439872404245
kalman_filter_signals,chandelier_exit_signals,variance_volume_signals,ema_baseline,adx_dmi_exit,trend,A,False,-0.1434336477877543,-30.694800626579426,0.5595744732150328,0.2663551401869158,-4.293984820802489,-22.0468940536404,34.126814612969106,21.7581643780319,-0.8994335092415737,214,92,122,4,1.0,0.01,1.65,1.05,1.0,"{""base"": {""ma_length"": 37}, ""c1"": {""k"": 10, ""sharpness"": 1}, ""c2"": {""atr_mult"": 4, ""atr_period"": 18}, ""exit_ind"": {""adx_smoothing"": 14, ""adx_threshold"": 25, ""di_length"": 14}, ""vol"": {""ema_len"": 8, ""filter_lookback"": 25, ""hline"": 0, ""lookback"": 132}}","{""base"": {""ma_length"": 132}, ""c1"": {""k"": 2, ""sharpness"": 1}, ""c2"": {""atr_mult"": 20, ""atr_period"": 12}, ""exit_ind"": {""adx_smoothing"": 14, ""adx_threshold"": 25, ""di_length"": 14}, ""vol"": {""ema_len"": 100, ""filter_lookback"": 2, ""hline"": 0, ""lookback"": 7}}","{""atr_len"": 25, ""atr_mult"": 1.0, ""be_pct"": 0.02, ""tp_mult"": 1.55, ""trail_arm"": 1.3, ""trail_mult"": 1.05}",full,full,,0.0852866038192361,0.3966690117844068,,,,,,False,gate2_tuned_modeA_trend.csv,-0.079791769928434,0.3408606370466378,106,2.6836627992661137,-0.1688103909454078,92,0.5293770919097714,-0.124297087373786,122,0.586732234823928,True,0.04450531744535201,0.06676196923116291
bears_bulls_impulse_signals,halftrend_signals,efficiency_ratio_volume_signals,t3_baseline,adx_dmi_exit,trend,A,False,-0.1875359344070536,-36.381971274968414,0.5051815693977031,0.2164948453608247,-4.982603507415832,-108.403783524599,39.94066147897324,19.637912440399734,-0.9109005691886626,194,124,70,2,1.0,0.01,1.75,2.0,1.55,"{""base"": {""length"": 12, ""volume_factor"": 0.7}, ""c1"": {""length"": 5}, ""c2"": {""amplitude"": 500}, ""exit_ind"": {""adx_smoothing"": 14, ""adx_threshold"": 25, ""di_length"": 14}, ""vol"": {""er_threshold"": 0.369854, ""length"": 10}}","{""base"": {""length"": 12, ""volume_factor"": 0.567792}, ""c1"": {""length"": 16}, ""c2"": {""amplitude"": 5}, ""exit_ind"": {""adx_smoothing"": 14, ""adx_threshold"": 25, ""di_length"": 14}, ""vol"": {""er_threshold"": 0.3, ""length"": 43}}","{""atr_len"": 40, ""atr_mult"": 1.0, ""be_pct"": 0.01, ""tp_mult"": 1.7, ""trail_arm"": 1.0, ""trail_mult"": 1.15}",full,full,,0.1362271412488916,0.7159093511987,,,,,,False,gate2_tuned_modeA_trend.csv,-0.079791769928434,0.3482172484871606,120,2.5476322154984943,-0.1236557968007779,124,0.6515154817432621,-0.3006950353095992,70,0.2871122885917868,True,0.043864026872343906,0.13238364612675452
supertrend_signals,coral_signals,variance_volume_signals,alma_baseline,adx_dmi_exit,trend,A,False,-0.2517140545593383,-37.25368007478207,0.3991341923422243,0.1351351351351351,-6.141032272772917,,42.69382678901408,29.740760644088255,-0.8725776740249515,148,78,70,8,1.0,0.05,3.0,1.7,1.35,"{""base"": {""length"": 11, ""offset"": 0.085, ""sigma"": 11}, ""c1"": {""atr_period"": 10, ""factor"": 3}, ""c2"": {""const_d"": 17, ""smooth_period"": 28}, ""exit_ind"": {""adx_smoothing"": 14, ""adx_threshold"": 25, ""di_length"": 14}, ""vol"": {""ema_len"": 12, ""filter_lookback"": 200, ""hline"": 0, ""lookback"": 20}}","{""base"": {""length"": 59, ""offset"": 0.129192, ""sigma"": 39}, ""c1"": {""atr_period"": 19, ""factor"": 3}, ""c2"": {""const_d"": 5, ""smooth_period"": 10}, ""exit_ind"": {""adx_smoothing"": 14, ""adx_threshold"": 25, ""di_length"": 14}, ""vol"": {""ema_len"": 66, ""filter_lookback"": 200, ""hline"": 0, ""lookback"": 25}}","{""atr_len"": 50, ""atr_mult"": 1.0, ""be_pct"": 0.01, ""tp_mult"": 2.95, ""trail_arm"": 2.0, ""trail_mult"": 0.65}",full,full,,0.1310785521051284,1.0702000627533654,,,,,,False,gate2_tuned_modeA_trend.csv,-0.079791769928434,0.6260657695683451,102,3.45610417292197,-0.366713041260965,78,0.1827537937612771,-0.1235723265203829,70,0.679627301613822,True,0.043780556591948905,0.16535091396223994
kalman_filter_signals,ichimoku_signals,variance_volume_signals,tma_baseline,adx_dmi_exit,trend,A,False,-0.179074677443616,-23.637857422557317,0.5084925262257648,0.1893939393939394,-4.125366030993016,-26.113184121043567,23.137857422557303,13.088796906960113,-1.0216096067526357,132,80,52,3,1.0,0.05,2.9,1.65,0.75,"{""base"": {""length"": 20}, ""c1"": {""k"": 3, ""sharpness"": 1}, ""c2"": {""base_len"": 21, ""conversion_len"": 9, ""displacement"": 260, ""span_b_len"": 52}, ""exit_ind"": {""adx_smoothing"": 14, ""adx_threshold"": 25, ""di_length"": 14}, ""vol"": {""ema_len"": 19, ""filter_lookback"": 200, ""hline"": 0, ""lookback"": 20}}","{""base"": {""length"": 37}, ""c1"": {""k"": 1, ""sharpness"": 1}, ""c2"": {""base_len"": 26, ""conversion_len"": 3, ""displacement"": 49, ""span_b_len"": 18}, ""exit_ind"": {""adx_smoothing"": 14, ""adx_threshold"": 25, ""di_length"": 14}, ""vol"": {""ema_len"": 10, ""filter_lookback"": 25, ""hline"": 0, ""lookback"": 5}}","{""atr_len"": 43, ""atr_mult"": 1.0, ""be_pct"": 0.01, ""tp_mult"": 2.15, ""trail_arm"": 2.0, ""trail_mult"": 1.5}",full,full,,0.3540100221303033,1.173498762493675,,,,,,False,gate2_tuned_modeA_trend.csv,-0.079791769928434,0.4581554206928591,114,3.071937688466956,-0.1232110918722956,80,0.6712929677697843,-0.2650186552456474,52,0.2388611037625891,True,0.04341932194386161,0.1143231036305375
qqe_mod_signals,halftrend_signals,chaikin_volatility_volume_signals,rma_baseline,adx_dmi_exit,trend,A,False,-0.1710084075871374,-33.51764788707893,0.487477535917163,0.25,-4.802310465797405,-21.43248928838457,38.93302020484573,23.623242981615217,-0.8609054142403063,196,100,96,25,1.0,0.18,3.0,2.0,1.7,"{""base"": {""ma_length"": 20}, ""c1"": {""fast_factor"": 1.61, ""rsi_len"": 5, ""rsi_period"": 6}, ""c2"": {""amplitude"": 18}, ""exit_ind"": {""adx_smoothing"": 14, ""adx_threshold"": 25, ""di_length"": 14}, ""vol"": {""cvi_len"": 28, ""roc_len"": 12}}","{""base"": {""ma_length"": 25}, ""c1"": {""fast_factor"": 1.61, ""rsi_len"": 5, ""rsi_period"": 6}, ""c2"": {""amplitude"": 18}, ""exit_ind"": {""adx_smoothing"": 14, ""adx_threshold"": 25, ""di_length"": 14}, ""vol"": {""cvi_len"": 43, ""roc_len"": 12}}","{""atr_len"": 47, ""atr_mult"": 1.0, ""be_pct"": 0.01, ""tp_mult"": 2.55, ""trail_arm"": 1.0, ""trail_mult"": 1.1}",full,full,,0.2211623531821604,0.4094657760680853,,,,,,False,gate2_tuned_modeA_trend.csv,-0.079791769928434,0.5080508077649091,108,3.6382401550178622,-0.2170972742291115,100,0.3774365726348444,-0.1229991715017475,96,0.6131836831789439,True,0.0432074015733135,0.09025645293699548
hieken_ashi_smoothed_signals,supertrend_signals,efficiency_ratio_volume_signals,ema_baseline,adx_dmi_exit,trend,A,False,-0.1533471575064012,-27.909182666165023,0.5330112672564458,0.2692307692307692,-3.871141320027404,-21.276290838720055,30.434678714936535,17.08623128862207,-0.9170191322725524,182,126,56,2,1.0,0.05,1.15,1.75,1.7,"{""base"": {""ma_length"": 20}, ""c1"": {""alma_offset1"": 0.85, ""alma_offset2"": 0.85, ""alma_sigma1"": 6, ""alma_sigma2"": 6, ""ama_smooth1"": 0.181, ""ama_smooth2"": 0.181, ""frama_t1_a"": 1, ""frama_t1_b"": 168, ""frama_t2_a"": 1, ""frama_t2_b"": 168, ""lsma_offset1"": 0, ""lsma_offset2"": 0, ""ma_len1"": 6, ""ma_len2"": 6, ""vol_factor1"": 0.82, ""vol_factor2"": 0.82}, ""c2"": {""atr_period"": 28, ""factor"": 9}, ""exit_ind"": {""adx_smoothing"": 14, ""adx_threshold"": 25, ""di_length"": 14}, ""vol"": {""er_threshold"": 0.369854, ""length"": 12}}","{""base"": {""ma_length"": 25}, ""c1"": {""alma_offset1"": 0.85, ""alma_offset2"": 0.85, ""alma_sigma1"": 6, ""alma_sigma2"": 6, ""ama_smooth1"": 0.181, ""ama_smooth2"": 0.181, ""frama_t1_a"": 1, ""frama_t1_b"": 168, ""frama_t2_a"": 1, ""frama_t2_b"": 168, ""lsma_offset1"": 0, ""lsma_offset2"": 0, ""ma_len1"": 15, ""ma_len2"": 10, ""vol_factor1"": 0.82, ""vol_factor2"": 0.82}, ""c2"": {""atr_period"": 66, ""factor"": 4}, ""exit_ind"": {""adx_smoothing"": 14, ""adx_threshold"": 25, ""di_length"": 14}, ""vol"": {""er_threshold"": 0.3, ""length"": 10}}","{""atr_len"": 2, ""atr_mult"": 1.05, ""be_pct"": 0.05, ""tp_mult"": 3.0, ""trail_arm"": 1.5, ""trail_mult"": 0.5}",full,full,,0.1533168447707114,1.4788913480950074,,,,,,False,gate2_tuned_modeA_trend.csv,-0.079791769928434,0.3899703495019156,126,2.7357339104955805,-0.1668423440213938,126,0.5154554345710103,-0.1229829878476678,56,0.5795144370193339,True,0.043191217919233804,0.06512089600609682
dpo_signals,donchian_breakout_signals,chaikin_volatility_volume_signals,sma_baseline,adx_dmi_exit,trend,A,False,-0.1485410346743646,-45.75063867970431,0.6008296075107955,0.1753246753246753,-3.3884787188643117,-25.51757363640044,45.25063867970436,21.855352984827224,-1.0110495677981273,308,128,180,4,1.0,0.01,2.25,1.9,1.65,"{""base"": {""length"": 25}, ""c1"": {""len"": 142}, ""c2"": {""length"": 11}, ""exit_ind"": {""adx_smoothing"": 14, ""adx_threshold"": 25, ""di_length"": 14}, ""vol"": {""cvi_len"": 28, ""roc_len"": 12}}","{""base"": {""length"": 200}, ""c1"": {""len"": 27}, ""c2"": {""length"": 3}, ""exit_ind"": {""adx_smoothing"": 14, ""adx_threshold"": 25, ""di_length"": 14}, ""vol"": {""cvi_len"": 12, ""roc_len"": 12}}","{""atr_len"": 50, ""atr_mult"": 1.0, ""be_pct"": 0.01, ""tp_mult"": 2.85, ""trail_arm"": 1.6, ""trail_mult"": 1.45}",full,full,,0.1546322540979915,0.4184098061579988,,,,,,False,gate2_tuned_modeA_trend.csv,-0.079791769928434,0.3661836977105586,108,2.2674562773748868,-0.1229602162967198,128,0.6791147931831002,-0.1667318388540232,180,0.5422661880128588,True,0.043168446368285804,0.06505425764693752
hieken_ashi_smoothed_signals,ichimoku_signals,variance_volume_signals,vidya,adx_dmi_exit,trend,A,False,-0.1514851288458722,-18.48118571919641,0.5082770375108526,0.319672131147541,-4.442446224275271,-22.276358601966308,18.87440261045419,10.3729265519587,-0.9791666576488104,122,60,62,2,1.0,0.2,2.7,2.0,1.8,"{""base"": {""vda_length"": 9}, ""c1"": {""alma_offset1"": 0.85, ""alma_offset2"": 0.85, ""alma_sigma1"": 6, ""alma_sigma2"": 6, ""ama_smooth1"": 0.181, ""ama_smooth2"": 0.181, ""frama_t1_a"": 1, ""frama_t1_b"": 168, ""frama_t2_a"": 1, ""frama_t2_b"": 168, ""lsma_offset1"": 0, ""lsma_offset2"": 0, ""ma_len1"": 2, ""ma_len2"": 10, ""vol_factor1"": 1.010934, ""vol_factor2"": 0.82}, ""c2"": {""base_len"": 21, ""conversion_len"": 9, ""displacement"": 26, ""span_b_len"": 520}, ""exit_ind"": {""adx_smoothing"": 14, ""adx_threshold"": 25, ""di_length"": 14}, ""vol"": {""ema_len"": 10, ""filter_lookback"": 7, ""hline"": 0, ""lookback"": 20}}","{""base"": {""vda_length"": 9}, ""c1"": {""alma_offset1"": 0.85, ""alma_offset2"": 0.85, ""alma_sigma1"": 6, ""alma_sigma2"": 6, ""ama_smooth1"": 0.181, ""ama_smooth2"": 0.181, ""frama_t1_a"": 1, ""frama_t1_b"": 168, ""frama_t2_a"": 1, ""frama_t2_b"": 168, ""lsma_offset1"": 0, ""lsma_offset2"": 0, ""ma_len1"": 4, ""ma_len2"": 6, ""vol_factor1"": 1.53653, ""vol_factor2"": 1.010934}, ""c2"": {""base_len"": 26, ""conversion_len"": 17, ""displacement"": 21, ""span_b_len"": 97}, ""exit_ind"": {""adx_smoothing"": 14, ""adx_threshold"": 25, ""di_length"": 14}, ""vol"": {""ema_len"": 8, ""filter_lookback"": 16, ""hline"": 0, ""lookback"": 25}}","{""atr_len"": 25, ""atr_mult"": 1.05, ""be_pct"": 0.2, ""tp_mult"": 1.8, ""trail_arm"": 2.0, ""trail_mult"": 1.45}",full,full,,0.0993075661927855,1.7634279991093496,,,,,,False,gate2_tuned_modeA_trend.csv,-0.079791769928434,0.3636323787585565,102,3.5354335355523503,-0.1228559088790961,60,0.5922424933367851,-0.1791908255879137,62,0.4304624774558434,True,0.043064138950662106,0.0712315973050709
ehlers_reverse_ema_signals,chandelier_exit_signals,variance_volume_signals,kama_baseline,adx_dmi_exit,trend,A,False,-0.1953795108264099,-45.71880553337993,0.4797472795294523,0.1752136752136752,-4.913309030236736,-29.602194972503263,50.13794026497678,24.69138488246066,-0.9118604651838124,234,98,136,15,1.0,0.02,2.55,1.0,1.75,"{""base"": {""fast_length"": 9, ""length"": 28, ""slow_length"": 7}, ""c1"": {""alpha"": 0.187382}, ""c2"": {""atr_mult"": 6, ""atr_period"": 8}, ""exit_ind"": {""adx_smoothing"": 14, ""adx_threshold"": 25, ""di_length"": 14}, ""vol"": {""ema_len"": 10, ""filter_lookback"": 25, ""hline"": 0, ""lookback"": 20}}","{""base"": {""fast_length"": 9, ""length"": 12, ""slow_length"": 24}, ""c1"": {""alpha"": 0.1}, ""c2"": {""atr_mult"": 6, ""atr_period"": 63}, ""exit_ind"": {""adx_smoothing"": 14, ""adx_threshold"": 25, ""di_length"": 14}, ""vol"": {""ema_len"": 66, ""filter_lookback"": 200, ""hline"": 0, ""lookback"": 5}}","{""atr_len"": 50, ""atr_mult"": 1.0, ""be_pct"": 0.01, ""tp_mult"": 2.7, ""trail_arm"": 2.0, ""trail_mult"": 0.5}",full,full,,0.1271186468721657,0.4432236605661387,,,,,,False,gate2_tuned_modeA_trend.csv,-0.079791769928434,0.6147273699212252,100,3.719140194751634,-0.1227490172271608,98,0.6699908204816362,-0.2477161900376336,136,0.344899957057293,True,0.04295724729872681,0.10544083370396319
halftrend_signals,relative_vigor_index_signals,damiani_volatmeter_volume_signals,fantail_vma,adx_dmi_exit,trend,A,False,-0.2397451797341315,-28.769421568095783,0.3362647198091918,0.1833333333333333,-7.97006699142153,-77.49820932037812,28.269421568095773,19.993112403259467,-1.0176869554545218,120,66,54,39,1.0,0.01,1.05,1.0,1.65,"{""base"": {""fma_adx_length"": 2, ""fma_ma_length"": 39, ""fma_weighting"": 66}, ""c1"": {""amplitude"": 216}, ""c2"": {""len"": 4}, ""exit_ind"": {""adx_smoothing"": 14, ""adx_threshold"": 25, ""di_length"": 14}, ""vol"": {""lag"": 1.4, ""sedimentation"": 62, ""threshold"": 1.4, ""viscosity"": 6}}","{""base"": {""fma_adx_length"": 2, ""fma_ma_length"": 7, ""fma_weighting"": 12}, ""c1"": {""amplitude"": 94}, ""c2"": {""len"": 10}, ""exit_ind"": {""adx_smoothing"": 14, ""adx_threshold"": 25, ""di_length"": 14}, ""vol"": {""lag"": 1.4, ""sedimentation"": 142, ""threshold"": 1.725985, ""viscosity"": 13}}","{""atr_len"": 23, ""atr_mult"": 1.0, ""be_pct"": 0.05, ""tp_mult"": 2.45, ""trail_arm"": 1.7, ""trail_mult"": 1.0}",full,full,,0.1401164534844866,0.5763424991566974,,,,,,False,gate2_tuned_modeA_trend.csv,-0.079791769928434,0.6795497717948111,106,4.791172411065786,-0.3354807839244473,66,0.2188411194324593,-0.1227349968348566,54,0.5581540113945157,True,0.042943226906422605,0.14931612045121795
price_momentum_oscillator_signals,laguerre_filter_signals,variance_volume_signals,sma_baseline,adx_dmi_exit,trend,A,False,-0.1303916517397223,-22.688147402711692,0.6781823063445152,0.1839080459770115,-2.505715233077096,,29.469049772061993,16.26432227991493,-0.7698974883208176,174,112,62,3,1.0,0.05,2.1,1.0,1.5,"{""base"": {""length"": 20}, ""c1"": {""s1"": 350, ""s2"": 200, ""sig"": 10}, ""c2"": {""alpha"": 0.2}, ""exit_ind"": {""adx_smoothing"": 14, ""adx_threshold"": 25, ""di_length"": 14}, ""vol"": {""ema_len"": 12, ""filter_lookback"": 87, ""hline"": 0, ""lookback"": 25}}","{""base"": {""length"": 20}, ""c1"": {""s1"": 100, ""s2"": 20, ""sig"": 10}, ""c2"": {""alpha"": 0.246569}, ""exit_ind"": {""adx_smoothing"": 14, ""adx_threshold"": 25, ""di_length"": 14}, ""vol"": {""ema_len"": 4, ""filter_lookback"": 87, ""hline"": 0, ""lookback"": 25}}","{""atr_len"": 45, ""atr_mult"": 1.0, ""be_pct"": 0.05, ""tp_mult"": 2.9, ""trail_arm"": 1.7, ""trail_mult"": 1.15}",full,full,,0.1958868201785843,0.7574971813466141,,,,,,False,gate2_tuned_modeA_trend.csv,-0.079791769928434,0.5965057837541623,120,3.4682997948448113,-0.1226859346261266,112,0.7044983940187923,-0.1443116568481535,62,0.6271948864756037,True,0.04289416469769261,0.05370702580870605
mama_fama_signals,center_of_gravity_signals,fractal_dimension_volume_signals,rma_baseline,adx_dmi_exit,trend,A,False,-0.1443233146475791,-17.60744438700465,0.5893012184774922,0.2295081967213114,-3.4465071561039453,-36.27756502501422,17.757444387004636,9.254231114626874,-0.9915528385317788,122,68,54,5,1.0,0.01,1.3,1.15,0.5,"{""base"": {""ma_length"": 20}, ""c1"": {""fast_limit"": 0.405565, ""slow_limit"": 0.017556}, ""c2"": {""length"": 12, ""signal_length"": 4}, ""exit_ind"": {""adx_smoothing"": 14, ""adx_threshold"": 25, ""di_length"": 14}, ""vol"": {""fd_threshold"": 1.5, ""length"": 30}}","{""base"": {""ma_length"": 25}, ""c1"": {""fast_limit"": 0.405565, ""slow_limit"": 0.05}, ""c2"": {""length"": 4, ""signal_length"": 2}, ""exit_ind"": {""adx_smoothing"": 14, ""adx_threshold"": 25, ""di_length"": 14}, ""vol"": {""fd_threshold"": 1.5, ""length"": 3}}","{""atr_len"": 43, ""atr_mult"": 1.0, ""be_pct"": 0.01, ""tp_mult"": 2.65, ""trail_arm"": 1.0, ""trail_mult"": 1.2}",full,full,,0.3139341982075074,0.9982473176689174,,,,,,False,gate2_tuned_modeA_trend.csv,-0.079791769928434,0.5075774776956133,128,3.1635870241891504,-0.161674904494921,68,0.5808313499258118,-0.1224731644694448,54,0.6026481056983659,True,0.0426813945410108,0.0622822645537489
schaff_trend_cycle_signals,kuskus_starlight_signals,chaikin_volatility_volume_signals,tma_baseline,adx_dmi_exit,trend,A,False,-0.1270443539758871,-18.8025643884313,0.5907263929499716,0.3243243243243243,-3.624009929853507,-18.44394971163731,22.61412425722767,13.333235084568075,-0.8314522452675495,148,68,80,4,1.0,0.01,2.35,1.0,1.85,"{""base"": {""length"": 20}, ""c1"": {""cycleLen"": 10, ""d1"": 3, ""d2"": 3, ""lowerBand"": 2, ""macdFast"": 12, ""macdSlow"": 50, ""stc_midline"": 62, ""upperBand"": 75}, ""c2"": {""index_smooth"": 0.862993, ""price_smooth"": 0.161709, ""range_periods"": 37}, ""exit_ind"": {""adx_smoothing"": 14, ""adx_threshold"": 25, ""di_length"": 14}, ""vol"": {""cvi_len"": 28, ""roc_len"": 12}}","{""base"": {""length"": 57}, ""c1"": {""cycleLen"": 10, ""d1"": 3, ""d2"": 3, ""lowerBand"": 25, ""macdFast"": 23, ""macdSlow"": 50, ""stc_midline"": 41, ""upperBand"": 92}, ""c2"": {""index_smooth"": 0.7, ""price_smooth"": 0.373569, ""range_periods"": 130}, ""exit_ind"": {""adx_smoothing"": 14, ""adx_threshold"": 25, ""di_length"": 14}, ""vol"": {""cvi_len"": 100, ""roc_len"": 6}}","{""atr_len"": 29, ""atr_mult"": 1.0, ""be_pct"": 0.05, ""tp_mult"": 2.6, ""trail_arm"": 1.95, ""trail_mult"": 0.7}",full,full,,0.2245666346901622,0.8343925470240601,,,,,,False,gate2_tuned_modeA_trend.csv,-0.079791769928434,0.5476197932864892,100,4.283899469135698,-0.1221142104962604,68,0.6459649908710385,-0.1312349759335699,80,0.5331099275369985,True,0.0423224405678264,0.04688282328648115
bears_bulls_impulse_signals,kase_peak_oscillator_signals,efficiency_ratio_volume_signals,kama_baseline,adx_dmi_exit,trend,A,False,-0.1409333358234878,-27.341067149756647,0.5976473417912923,0.2319587628865979,-3.328359364619978,-18.16124391190449,29.3667766087971,17.827573973725936,-0.9310203674708504,194,122,72,11,1.0,0.01,2.75,1.65,1.75,"{""base"": {""fast_length"": 2, ""length"": 28, ""slow_length"": 300}, ""c1"": {""length"": 5}, ""c2"": {""long_cycle"": 650, ""sharpness"": 40, ""short_cycle"": 53}, ""exit_ind"": {""adx_smoothing"": 14, ""adx_threshold"": 25, ""di_length"": 14}, ""vol"": {""er_threshold"": 0.160101, ""length"": 66}}","{""base"": {""fast_length"": 2, ""length"": 5, ""slow_length"": 130}, ""c1"": {""length"": 11}, ""c2"": {""long_cycle"": 65, ""sharpness"": 40, ""short_cycle"": 2}, ""exit_ind"": {""adx_smoothing"": 14, ""adx_threshold"": 25, ""di_length"": 14}, ""vol"": {""er_threshold"": 0.3, ""length"": 66}}","{""atr_len"": 39, ""atr_mult"": 1.0, ""be_pct"": 0.05, ""tp_mult"": 3.0, ""trail_arm"": 2.0, ""trail_mult"": 1.1}",full,full,,0.0666361562907366,0.6960553684320977,,,,,,False,gate2_tuned_modeA_trend.csv,-0.079791769928434,0.3583783181775027,106,2.28707934144085,-0.1220277525088428,122,0.6563223199866246,-0.1729677964399696,72,0.4944745067095614,True,0.04223598258040881,0.06770600454597221
mama_fama_signals,fx_sniper_ergodic_cci_signals,fractal_dimension_volume_signals,mcginley_dynamic_index,adx_dmi_exit,trend,A,False,-0.1554394449518136,-22.07240118315754,0.5898835241755722,0.1830985915492957,-3.2875391510859955,-41.20616862017161,21.57240118315755,11.317077215005265,-1.023177762908951,142,86,56,4,1.0,0.01,1.6,1.35,0.5,"{""base"": {""mci_length"": 14}, ""c1"": {""fast_limit"": 0.405565, ""slow_limit"": 0.011551}, ""c2"": {""cci_length"": 14, ""ema1_length"": 5, ""ema2_length"": 3, ""trigger_length"": 5}, ""exit_ind"": {""adx_smoothing"": 14, ""adx_threshold"": 25, ""di_length"": 14}, ""vol"": {""fd_threshold"": 1.5, ""length"": 30}}","{""base"": {""mci_length"": 17}, ""c1"": {""fast_limit"": 0.405565, ""slow_limit"": 0.05}, ""c2"": {""cci_length"": 2, ""ema1_length"": 9, ""ema2_length"": 3, ""trigger_length"": 5}, ""exit_ind"": {""adx_smoothing"": 14, ""adx_threshold"": 25, ""di_length"": 14}, ""vol"": {""fd_threshold"": 1.5, ""length"": 3}}","{""atr_len"": 33, ""atr_mult"": 1.0, ""be_pct"": 0.05, ""tp_mult"": 2.55, ""trail_arm"": 1.95, ""trail_mult"": 1.95}",full,full,,0.209938039539087,0.9724123562540886,,,,,,False,gate2_tuned_modeA_trend.csv,-0.079791769928434,0.4758495965322644,138,2.9036252319253153,-0.1219572145275939,86,0.6838457960449472,-0.2068585845318653,56,0.4388954192655306,True,0.0421654445991599,0.08461612960129562
chandelier_exit_signals,kase_peak_oscillator_signals,variance_volume_signals,sma_baseline,adx_dmi_exit,trend,A,False,-0.1736249177700617,-27.085487172129636,0.5706202580602004,0.1666666666666666,-3.626704456459204,-47.02201429727827,31.23299463699144,17.04303559113857,-0.8672074992146409,156,102,54,3,1.0,0.18,2.1,1.95,1.85,"{""base"": {""length"": 25}, ""c1"": {""atr_mult"": 13, ""atr_period"": 63}, ""c2"": {""long_cycle"": 65, ""sharpness"": 40, ""short_cycle"": 8}, ""exit_ind"": {""adx_smoothing"": 14, ""adx_threshold"": 25, ""di_length"": 14}, ""vol"": {""ema_len"": 19, ""filter_lookback"": 200, ""hline"": 0, ""lookback"": 20}}","{""base"": {""length"": 25}, ""c1"": {""atr_mult"": 3, ""atr_period"": 3}, ""c2"": {""long_cycle"": 122, ""sharpness"": 40, ""short_cycle"": 8}, ""exit_ind"": {""adx_smoothing"": 14, ""adx_threshold"": 25, ""di_length"": 14}, ""vol"": {""ema_len"": 8, ""filter_lookback"": 200, ""hline"": 0, ""lookback"": 20}}","{""atr_len"": 23, ""atr_mult"": 1.0, ""be_pct"": 0.01, ""tp_mult"": 3.0, ""trail_arm"": 1.25, ""trail_mult"": 1.15}",full,full,,0.1741558037398835,1.0647272270305983,,,,,,False,gate2_tuned_modeA_trend.csv,-0.079791769928434,0.5749744329979507,112,3.4874360328855984,-0.1218466114975612,102,0.6899151568317238,-0.2714283851736738,54,0.3627333565487661,True,0.0420548415691272,0.1168457284071835
ehlers_reverse_ema_signals,supertrend_signals,variance_volume_signals,wma_baseline,adx_dmi_exit,trend,A,False,-0.1238775312625711,-32.70366825331878,0.6745289592216602,0.1893939393939394,-2.5041859687233345,-26.696897504078215,34.873634029675394,19.17975985416732,-0.9377763219482632,264,178,86,28,1.0,0.04,2.65,1.75,1.4,"{""base"": {""ma_length"": 57}, ""c1"": {""alpha"": 0.187382}, ""c2"": {""atr_period"": 8, ""factor"": 4}, ""exit_ind"": {""adx_smoothing"": 14, ""adx_threshold"": 25, ""di_length"": 14}, ""vol"": {""ema_len"": 5, ""filter_lookback"": 200, ""hline"": 0, ""lookback"": 20}}","{""base"": {""ma_length"": 16}, ""c1"": {""alpha"": 0.01}, ""c2"": {""atr_period"": 8, ""factor"": 2}, ""exit_ind"": {""adx_smoothing"": 14, ""adx_threshold"": 25, ""di_length"": 14}, ""vol"": {""ema_len"": 19, ""filter_lookback"": 25, ""hline"": 0, ""lookback"": 20}}","{""atr_len"": 31, ""atr_mult"": 1.0, ""be_pct"": 0.01, ""tp_mult"": 3.0, ""trail_arm"": 1.55, ""trail_mult"": 1.4}",full,full,,0.1902794578690564,0.6429704855252621,,,,,,False,gate2_tuned_modeA_trend.csv,-0.079791769928434,0.3744289568902634,184,2.2302665726394366,-0.1217877399265729,178,0.6946729900432389,-0.1282029133301022,86,0.6260155333032738,True,0.0419959699981389,0.045203556699903544
fx_sniper_ergodic_cci_signals,supertrend_signals,chaikin_volatility_volume_signals,kama_baseline,adx_dmi_exit,chop,B,False,-0.1298543220111601,-22.724506351953018,0.7973279250780204,0.2114285714285714,-1.5156223443444754,-7.314735282347436,33.09025970216384,19.887146869895957,-0.6867430644694219,175,70,105,40,1.0,0.05,2.1,2.0,1.5,"{""base"": {""fast_length"": 20, ""length"": 10, ""slow_length"": 85}, ""c1"": {""cci_length"": 14, ""ema1_length"": 4, ""ema2_length"": 3, ""trigger_length"": 6}, ""c2"": {""atr_period"": 100, ""factor"": 3}, ""exit_ind"": {""adx_smoothing"": 14, ""adx_threshold"": 25, ""di_length"": 14}, ""vol"": {""cvi_len"": 5, ""roc_len"": 3}}","{""base"": {""fast_length"": 20, ""length"": 10, ""slow_length"": 56}, ""c1"": {""cci_length"": 14, ""ema1_length"": 4, ""ema2_length"": 3, ""trigger_length"": 3}, ""c2"": {""atr_period"": 10, ""factor"": 30}, ""exit_ind"": {""adx_smoothing"": 14, ""adx_threshold"": 25, ""di_length"": 14}, ""vol"": {""cvi_len"": 8, ""roc_len"": 10}}","{""atr_len"": 44, ""atr_mult"": 1.0, ""be_pct"": 0.05, ""tp_mult"": 3.0, ""trail_arm"": 2.0, ""trail_mult"": 1.5}",full,full,,0.079395354403218,0.3759873895460818,,,,,,False,gate2_tuned_modeB.csv,-0.0550301260173602,0.6537377264230183,100,2.432811267295628,-0.0969943850896647,70,0.8517216589616116,-0.1517609466254903,105,0.7597810573190518,True,0.04196425907230449,0.0693475398402173
ssl_channel_signals,kuskus_starlight_signals,variance_volume_signals,wma_baseline,adx_dmi_exit,trend,A,False,-0.1619499624105652,-21.377395038194607,0.5232982006864816,0.1666666666666666,-4.020691320970839,-17.24396044182862,29.05140910867673,16.420211933384117,-0.7358470963740571,132,66,66,13,1.0,0.05,3.0,1.0,1.55,"{""base"": {""ma_length"": 37}, ""c1"": {""len"": 5}, ""c2"": {""index_smooth"": 0.567792, ""price_smooth"": 0.245783, ""range_periods"": 37}, ""exit_ind"": {""adx_smoothing"": 14, ""adx_threshold"": 25, ""di_length"": 14}, ""vol"": {""ema_len"": 8, ""filter_lookback"": 200, ""hline"": 0, ""lookback"": 25}}","{""base"": {""ma_length"": 20}, ""c1"": {""len"": 8}, ""c2"": {""index_smooth"": 0.7, ""price_smooth"": 0.373569, ""range_periods"": 30}, ""exit_ind"": {""adx_smoothing"": 14, ""adx_threshold"": 25, ""di_length"": 14}, ""vol"": {""ema_len"": 100, ""filter_lookback"": 87, ""hline"": 0, ""lookback"": 11}}","{""atr_len"": 32, ""atr_mult"": 1.0, ""be_pct"": 0.05, ""tp_mult"": 3.0, ""trail_arm"": 1.0, ""trail_mult"": 1.05}",full,full,,0.0715590709350672,0.8001990332810501,,,,,,False,gate2_tuned_modeA_trend.csv,-0.079791769928434,0.478053375882282,100,2.9884507894622563,-0.2021841121147496,66,0.4456072475420398,-0.1217158127063807,66,0.6133127615285743,True,0.0419240427779467,0.08215819248213115
j_tpo_signals,center_of_gravity_signals,chaikin_volatility_volume_signals,rma_baseline,adx_dmi_exit,chop,B,False,-0.1324122847754475,-25.290746392110485,0.7526770800756298,0.3036649214659686,-2.095518642419423,-6.966343412506684,32.77707264943786,19.148367962827777,-0.7715986922506404,191,94,97,20,1.0,0.05,1.35,2.0,1.5,"{""base"": {""ma_length"": 132}, ""c1"": {""ema_len"": 200, ""len"": 40}, ""c2"": {""length"": 19, ""signal_length"": 3}, ""exit_ind"": {""adx_smoothing"": 14, ""adx_threshold"": 25, ""di_length"": 14}, ""vol"": {""cvi_len"": 66, ""roc_len"": 6}}","{""base"": {""ma_length"": 37}, ""c1"": {""ema_len"": 200, ""len"": 40}, ""c2"": {""length"": 43, ""signal_length"": 3}, ""exit_ind"": {""adx_smoothing"": 14, ""adx_threshold"": 25, ""di_length"": 14}, ""vol"": {""cvi_len"": 43, ""roc_len"": 52}}","{""atr_len"": 14, ""atr_mult"": 1.0, ""be_pct"": 0.05, ""tp_mult"": 1.35, ""trail_arm"": 2.0, ""trail_mult"": 1.5}",full,full,,0.0656599404245704,0.3655083465320851,,,,,,False,gate2_tuned_modeB.csv,-0.0550301260173602,0.2489692906242761,107,1.6742475658633051,-0.1693390113053026,94,0.6880997281126274,-0.0966276219527014,97,0.8170177184079117,True,0.0415974959353412,0.0779531906116418
ichimoku_signals,dpo_signals,chaikin_volatility_volume_signals,fantail_vma,adx_dmi_exit,trend,A,False,-0.1421014698802837,-16.19956756635235,0.6400096096366145,0.1929824561403508,-3.007574870157226,,22.966650144989757,14.191400489727464,-0.7053517802589219,114,64,50,4,1.0,0.01,2.8,1.85,1.85,"{""base"": {""fma_adx_length"": 2, ""fma_ma_length"": 26, ""fma_weighting"": 66}, ""c1"": {""base_len"": 14, ""conversion_len"": 9, ""displacement"": 32, ""span_b_len"": 520}, ""c2"": {""len"": 5}, ""exit_ind"": {""adx_smoothing"": 14, ""adx_threshold"": 25, ""di_length"": 14}, ""vol"": {""cvi_len"": 28, ""roc_len"": 12}}","{""base"": {""fma_adx_length"": 2, ""fma_ma_length"": 26, ""fma_weighting"": 100}, ""c1"": {""base_len"": 14, ""conversion_len"": 11, ""displacement"": 6, ""span_b_len"": 5}, ""c2"": {""len"": 62}, ""exit_ind"": {""adx_smoothing"": 14, ""adx_threshold"": 25, ""di_length"": 14}, ""vol"": {""cvi_len"": 66, ""roc_len"": 6}}","{""atr_len"": 50, ""atr_mult"": 1.0, ""be_pct"": 0.01, ""tp_mult"": 2.45, ""trail_arm"": 2.0, ""trail_mult"": 1.5}",full,full,,0.123163813697297,1.0656094191478866,,,,,,False,gate2_tuned_modeA_trend.csv,-0.079791769928434,0.4900092641182298,106,3.1642075831888454,-0.1584689323296459,64,0.6099226281116404,-0.1211511179451002,50,0.6811812685655254,True,0.0413593480166662,0.06001825520893907
coppock_curve_signals,center_of_gravity_signals,variance_volume_signals,hma_baseline,adx_dmi_exit,trend,A,False,-0.1275065978125706,-20.911082041261587,0.6643964352315238,0.2195121951219512,-2.5030509204612157,-72.84038250108344,26.90173660439481,15.772880326802206,-0.777313463021768,164,114,50,2,1.05,0.05,2.3,1.05,1.35,"{""base"": {""ma_length"": 57}, ""c1"": {""long_roc"": 14, ""short_roc"": 11, ""smooth_len"": 19}, ""c2"": {""length"": 10, ""signal_length"": 6}, ""exit_ind"": {""adx_smoothing"": 14, ""adx_threshold"": 25, ""di_length"": 14}, ""vol"": {""ema_len"": 100, ""filter_lookback"": 25, ""hline"": 0, ""lookback"": 20}}","{""base"": {""ma_length"": 132}, ""c1"": {""long_roc"": 40, ""short_roc"": 3, ""smooth_len"": 8}, ""c2"": {""length"": 43, ""signal_length"": 20}, ""exit_ind"": {""adx_smoothing"": 14, ""adx_threshold"": 25, ""di_length"": 14}, ""vol"": {""ema_len"": 10, ""filter_lookback"": 87, ""hline"": 0, ""lookback"": 11}}","{""atr_len"": 33, ""atr_mult"": 1.0, ""be_pct"": 0.05, ""tp_mult"": 2.85, ""trail_arm"": 1.65, ""trail_mult"": 1.7}",full,full,,0.1456480726944873,1.3086425649914053,,,,,,False,gate2_tuned_modeA_trend.csv,-0.079791769928434,0.3504201423874716,124,2.2631315143523376,-0.1210870657474365,114,0.6841408311125325,-0.1421431309210765,50,0.6180199576826028,True,0.0412952958190025,0.0518233284058225
schaff_trend_cycle_signals,ssl_channel_signals,variance_volume_signals,wma_baseline,adx_dmi_exit,trend,A,False,-0.1690535647689499,-29.077213140259396,0.4703325104392349,0.2558139534883721,-4.815608413761161,-18.096687653919275,28.577213140259374,14.819230659634163,-1.017496457668772,172,100,72,2,1.0,0.05,2.85,1.0,1.95,"{""base"": {""ma_length"": 20}, ""c1"": {""cycleLen"": 12, ""d1"": 9, ""d2"": 3, ""lowerBand"": 2, ""macdFast"": 12, ""macdSlow"": 216, ""stc_midline"": 41, ""upperBand"": 75}, ""c2"": {""len"": 100}, ""exit_ind"": {""adx_smoothing"": 14, ""adx_threshold"": 25, ""di_length"": 14}, ""vol"": {""ema_len"": 100, ""filter_lookback"": 5, ""hline"": 0, ""lookback"": 11}}","{""base"": {""ma_length"": 200}, ""c1"": {""cycleLen"": 10, ""d1"": 9, ""d2"": 13, ""lowerBand"": 25, ""macdFast"": 12, ""macdSlow"": 41, ""stc_midline"": 5, ""upperBand"": 75}, ""c2"": {""len"": 12}, ""exit_ind"": {""adx_smoothing"": 14, ""adx_threshold"": 25, ""di_length"": 14}, ""vol"": {""ema_len"": 2, ""filter_lookback"": 25, ""hline"": 0, ""lookback"": 200}}","{""atr_len"": 2, ""atr_mult"": 1.0, ""be_pct"": 0.01, ""tp_mult"": 3.0, ""trail_arm"": 1.05, ""trail_mult"": 0.6}",full,full,,0.1691872245758208,1.006487106473421,,,,,,False,gate2_tuned_modeA_trend.csv,-0.079791769928434,0.4149733721479727,108,3.0906859977243526,-0.1210668651249385,100,0.6276119070822378,-0.2357017587189658,72,0.2419191133050964,True,0.041275095196504505,0.09859254199351815
price_momentum_oscillator_signals,fisher_transform_signals,damiani_volatmeter_volume_signals,fantail_vma,adx_dmi_exit,trend,A,False,-0.1321579936309684,-28.546126624289187,0.6680682950664047,0.1805555555555555,-2.614277293265534,,33.281095163682494,20.337661710112467,-0.8577279829252653,216,58,158,32,1.0,0.01,2.8,1.95,2.0,"{""base"": {""fma_adx_length"": 2, ""fma_ma_length"": 26, ""fma_weighting"": 8}, ""c1"": {""s1"": 100, ""s2"": 16, ""sig"": 10}, ""c2"": {""length"": 66}, ""exit_ind"": {""adx_smoothing"": 14, ""adx_threshold"": 25, ""di_length"": 14}, ""vol"": {""lag"": 1.4, ""sedimentation"": 50, ""threshold"": 1.4, ""viscosity"": 7}}","{""base"": {""fma_adx_length"": 2, ""fma_ma_length"": 11, ""fma_weighting"": 8}, ""c1"": {""s1"": 8, ""s2"": 16, ""sig"": 10}, ""c2"": {""length"": 10}, ""exit_ind"": {""adx_smoothing"": 14, ""adx_threshold"": 25, ""di_length"": 14}, ""vol"": {""lag"": 1.4, ""sedimentation"": 62, ""threshold"": 1.725985, ""viscosity"": 9}}","{""atr_len"": 37, ""atr_mult"": 1.0, ""be_pct"": 0.01, ""tp_mult"": 3.0, ""trail_arm"": 2.0, ""trail_mult"": 1.1}",full,full,,0.1884060893924636,0.3842233988002884,,,,,,False,gate2_tuned_modeA_trend.csv,-0.079791769928434,0.7257897146167631,102,4.327594246435458,-0.1629543318790509,58,0.5890716848267404,-0.1208530087044571,158,0.6969083273761234,True,0.04106123877602311,0.06211190036332
ssl_channel_signals,kuskus_starlight_signals,chaikin_volatility_volume_signals,kama_baseline,adx_dmi_exit,trend,A,False,-0.1389205006762832,-30.5625101487823,0.6316004967500085,0.2,-3.09494596640982,-33.688743733870965,37.44158262781015,19.48606198119937,-0.8162718561496292,220,84,136,23,1.0,0.01,2.85,1.5,2.0,"{""base"": {""fast_length"": 2, ""length"": 19, ""slow_length"": 56}, ""c1"": {""len"": 100}, ""c2"": {""index_smooth"": 0.373569, ""price_smooth"": 0.567792, ""range_periods"": 11}, ""exit_ind"": {""adx_smoothing"": 14, ""adx_threshold"": 25, ""di_length"": 14}, ""vol"": {""cvi_len"": 28, ""roc_len"": 12}}","{""base"": {""fast_length"": 9, ""length"": 28, ""slow_length"": 30}, ""c1"": {""len"": 10}, ""c2"": {""index_smooth"": 0.161709, ""price_smooth"": 0.567792, ""range_periods"": 85}, ""exit_ind"": {""adx_smoothing"": 14, ""adx_threshold"": 25, ""di_length"": 14}, ""vol"": {""cvi_len"": 43, ""roc_len"": 10}}","{""atr_len"": 42, ""atr_mult"": 1.0, ""be_pct"": 0.01, ""tp_mult"": 2.9, ""trail_arm"": 1.05, ""trail_mult"": 0.5}",full,full,,0.0865899182865245,0.4536075193869286,,,,,,False,gate2_tuned_modeA_trend.csv,-0.079791769928434,0.567942088203515,102,3.7249289680175743,-0.1208273992341444,84,0.6705395952546634,-0.1500956515670159,136,0.6085997768700088,True,0.041035629305710405,0.05566975547214616
schaff_trend_cycle_signals,mama_fama_signals,efficiency_ratio_volume_signals,mcginley_dynamic_index,adx_dmi_exit,trend,A,False,-0.1842490982357172,-27.637364735357583,0.4434926288292137,0.2,-5.098656434539897,-18.03749346135798,27.58937468036675,16.141074770617355,-1.0017394397497883,150,96,54,35,1.0,0.05,3.0,2.0,0.55,"{""base"": {""mci_length"": 11}, ""c1"": {""cycleLen"": 10, ""d1"": 4, ""d2"": 3, ""lowerBand"": 20, ""macdFast"": 5, ""macdSlow"": 41, ""stc_midline"": 50, ""upperBand"": 75}, ""c2"": {""fast_limit"": 0.5, ""slow_limit"": 0.005}, ""exit_ind"": {""adx_smoothing"": 14, ""adx_threshold"": 25, ""di_length"": 14}, ""vol"": {""er_threshold"": 0.369854, ""length"": 8}}","{""base"": {""mci_length"": 11}, ""c1"": {""cycleLen"": 12, ""d1"": 2, ""d2"": 3, ""lowerBand"": 20, ""macdFast"": 23, ""macdSlow"": 142, ""stc_midline"": 50, ""upperBand"": 75}, ""c2"": {""fast_limit"": 0.075996, ""slow_limit"": 0.05}, ""exit_ind"": {""adx_smoothing"": 14, ""adx_threshold"": 25, ""di_length"": 14}, ""vol"": {""er_threshold"": 0.3, ""length"": 10}}","{""atr_len"": 42, ""atr_mult"": 1.0, ""be_pct"": 0.16, ""tp_mult"": 3.0, ""trail_arm"": 1.5, ""trail_mult"": 1.2}",full,full,,0.2672837078387657,0.9216714046469952,,,,,,False,gate2_tuned_modeA_trend.csv,-0.079791769928434,0.4195169276283321,104,2.9652647717146965,-0.2199499091056019,96,0.3801793009515959,-0.120780990022589,54,0.5817929265542962,True,0.04098922009415501,0.09057367963566144
supertrend_signals,kuskus_starlight_signals,damiani_volatmeter_volume_signals,tma_baseline,adx_dmi_exit,chop,B,False,-0.1002930263631503,-18.85508895627226,0.8131813173925126,0.2712765957446808,-1.3789932783372785,-5.012630636578632,24.87983484272953,11.66432879950576,-0.7578462266915795,188,115,73,48,1.0,0.05,1.85,2.0,1.5,"{""base"": {""length"": 57}, ""c1"": {""atr_period"": 8, ""factor"": 13}, ""c2"": {""index_smooth"": 0.567792, ""price_smooth"": 0.862993, ""range_periods"": 37}, ""exit_ind"": {""adx_smoothing"": 14, ""adx_threshold"": 25, ""di_length"": 14}, ""vol"": {""lag"": 1.4, ""sedimentation"": 94, ""threshold"": 1.4, ""viscosity"": 6}}","{""base"": {""length"": 11}, ""c1"": {""atr_period"": 4, ""factor"": 3}, ""c2"": {""index_smooth"": 0.7, ""price_smooth"": 0.07, ""range_periods"": 300}, ""exit_ind"": {""adx_smoothing"": 14, ""adx_threshold"": 25, ""di_length"": 14}, ""vol"": {""lag"": 1.4, ""sedimentation"": 62, ""threshold"": 1.4, ""viscosity"": 9}}","{""atr_len"": 25, ""atr_mult"": 1.0, ""be_pct"": 0.05, ""tp_mult"": 2.25, ""trail_arm"": 2.0, ""trail_mult"": 1.5}",full,full,,0.1166227562650332,0.338626442681774,,,,,,False,gate2_tuned_modeB.csv,-0.0550301260173602,0.3639344010957599,100,2.154879027312816,-0.0955535043556287,115,0.8102485655077976,-0.1077593966489719,73,0.8171295278033829,True,0.0405233783382685,0.04662632448494009
ssl_channel_signals,hieken_ashi_smoothed_signals,variance_volume_signals,alma_baseline,adx_dmi_exit,trend,A,False,-0.1472474783359884,-66.85035516453874,0.6253601984336703,0.171806167400881,-3.1013261477514185,-46.62203688408081,70.09848866825718,41.21118675030701,-0.95366328767671,454,110,344,2,1.05,0.1,2.95,1.95,2.0,"{""base"": {""length"": 9, ""offset"": 0.85, ""sigma"": 6}, ""c1"": {""len"": 100}, ""c2"": {""alma_offset1"": 0.85, ""alma_offset2"": 0.85, ""alma_sigma1"": 6, ""alma_sigma2"": 6, ""ama_smooth1"": 0.181, ""ama_smooth2"": 0.181, ""frama_t1_a"": 1, ""frama_t1_b"": 168, ""frama_t2_a"": 1, ""frama_t2_b"": 168, ""lsma_offset1"": 0, ""lsma_offset2"": 0, ""ma_len1"": 2, ""ma_len2"": 4, ""vol_factor1"": 0.665127, ""vol_factor2"": 0.82}, ""exit_ind"": {""adx_smoothing"": 14, ""adx_threshold"": 25, ""di_length"": 14}, ""vol"": {""ema_len"": 12, ""filter_lookback"": 20, ""hline"": 0, ""lookback"": 132}}","{""base"": {""length"": 11, ""offset"": 0.196361, ""sigma"": 7}, ""c1"": {""len"": 100}, ""c2"": {""alma_offset1"": 0.85, ""alma_offset2"": 0.85, ""alma_sigma1"": 6, ""alma_sigma2"": 6, ""ama_smooth1"": 0.181, ""ama_smooth2"": 0.181, ""frama_t1_a"": 1, ""frama_t1_b"": 168, ""frama_t2_a"": 1, ""frama_t2_b"": 168, ""lsma_offset1"": 0, ""lsma_offset2"": 0, ""ma_len1"": 6, ""ma_len2"": 6, ""vol_factor1"": 2.335389, ""vol_factor2"": 0.665127}, ""exit_ind"": {""adx_smoothing"": 14, ""adx_threshold"": 25, ""di_length"": 14}, ""vol"": {""ema_len"": 10, ""filter_lookback"": 25, ""hline"": 0, ""lookback"": 16}}","{""atr_len"": 50, ""atr_mult"": 1.0, ""be_pct"": 0.05, ""tp_mult"": 3.0, ""trail_arm"": 1.8, ""trail_mult"": 1.65}",full,full,,0.082801280337406,0.4829638114081042,,,,,,False,gate2_tuned_modeA_trend.csv,-0.079791769928434,0.563158420056271,110,3.096597819241375,-0.1200361483978035,110,0.6999096290054915,-0.1559487756999429,344,0.6009612166659677,True,0.0402443784693695,0.0582006921204392
chandelier_exit_signals,ssl_channel_signals,fractal_dimension_volume_signals,tma_baseline,adx_dmi_exit,trend,A,False,-0.1624047015027559,-34.10498731557874,0.5627565728771955,0.2285714285714285,-4.014287297884861,,38.7010351644565,20.83361729029461,-0.8812422502564266,210,134,76,4,1.0,0.05,1.65,1.0,0.9,"{""base"": {""length"": 16}, ""c1"": {""atr_mult"": 6, ""atr_period"": 12}, ""c2"": {""len"": 10}, ""exit_ind"": {""adx_smoothing"": 14, ""adx_threshold"": 25, ""di_length"": 14}, ""vol"": {""fd_threshold"": 1.5, ""length"": 11}}","{""base"": {""length"": 57}, ""c1"": {""atr_mult"": 3, ""atr_period"": 22}, ""c2"": {""len"": 12}, ""exit_ind"": {""adx_smoothing"": 14, ""adx_threshold"": 25, ""di_length"": 14}, ""vol"": {""fd_threshold"": 1.5, ""length"": 3}}","{""atr_len"": 18, ""atr_mult"": 1.0, ""be_pct"": 0.01, ""tp_mult"": 1.75, ""trail_arm"": 1.35, ""trail_mult"": 1.9}",full,full,,0.0608345693491122,0.9887588409032044,,,,,,False,gate2_tuned_modeA_trend.csv,-0.079791769928434,0.2791439802867992,170,2.157426259725754,-0.1199094320643218,134,0.658130555391082,-0.2373305713021001,76,0.4181573090658191,True,0.0401176621358878,0.09882823175477697
ichimoku_signals,dspo_signals,chaikin_volatility_volume_signals,rma_baseline,adx_dmi_exit,trend,A,False,-0.1909960081031645,-30.559361296506335,0.5225099797420889,0.1875,-4.45117146764231,,36.83186150993927,22.64570271340684,-0.8296990715025285,160,90,70,3,1.0,0.05,1.6,1.4,2.0,"{""base"": {""ma_length"": 20}, ""c1"": {""base_len"": 14, ""conversion_len"": 7, ""displacement"": 74, ""span_b_len"": 342}, ""c2"": {""len"": 14}, ""exit_ind"": {""adx_smoothing"": 14, ""adx_threshold"": 25, ""di_length"": 14}, ""vol"": {""cvi_len"": 43, ""roc_len"": 12}}","{""base"": {""ma_length"": 20}, ""c1"": {""base_len"": 21, ""conversion_len"": 2, ""displacement"": 32, ""span_b_len"": 52}, ""c2"": {""len"": 14}, ""exit_ind"": {""adx_smoothing"": 14, ""adx_threshold"": 25, ""di_length"": 14}, ""vol"": {""cvi_len"": 10, ""roc_len"": 2}}","{""atr_len"": 38, ""atr_mult"": 1.0, ""be_pct"": 0.01, ""tp_mult"": 3.0, ""trail_arm"": 1.9, ""trail_mult"": 1.6}",full,full,,0.1955571023156536,1.308329406823402,,,,,,False,gate2_tuned_modeA_trend.csv,-0.079791769928434,0.539624421162893,114,2.952926476589516,-0.2463037444579541,90,0.4316067435585677,-0.1198860613612923,70,0.6643190281883818,True,0.04009429143285831,0.10330313298118922
ehlers_reverse_ema_signals,price_momentum_oscillator_signals,volatility_ratio_volume_signals,ema_baseline,adx_dmi_exit,trend,A,False,-0.1251855592119447,-44.56605907945234,0.6183787403020039,0.2584269662921348,-3.2028199098423955,-15.8455685568852,48.23584278181746,28.83509845857561,-0.9239199837563852,356,150,206,3,1.0,0.2,3.0,1.2,1.55,"{""base"": {""ma_length"": 37}, ""c1"": {""alpha"": 0.187382}, ""c2"": {""s1"": 350, ""s2"": 25, ""sig"": 10}, ""exit_ind"": {""adx_smoothing"": 14, ""adx_threshold"": 25, ""di_length"": 14}, ""vol"": {""length"": 61}}","{""base"": {""ma_length"": 132}, ""c1"": {""alpha"": 0.284804}, ""c2"": {""s1"": 43, ""s2"": 20, ""sig"": 10}, ""exit_ind"": {""adx_smoothing"": 14, ""adx_threshold"": 25, ""di_length"": 14}, ""vol"": {""length"": 140}}","{""atr_len"": 50, ""atr_mult"": 1.0, ""be_pct"": 0.01, ""tp_mult"": 1.5, ""trail_arm"": 1.0, ""trail_mult"": 0.5}",full,full,,0.0918884910759558,0.3626285859955659,,,,,,False,gate2_tuned_modeA_trend.csv,-0.079791769928434,0.2675962087586165,182,2.2068396258232608,-0.1325554928371772,150,0.6208356615999283,-0.1198191026887172,206,0.6163762753510236,True,0.04002733276028321,0.046395527834513214
polychromatic_momentum_signals,kuskus_starlight_signals,variance_volume_signals,rma_baseline,adx_dmi_exit,chop,B,False,-0.1066313841772503,-26.977740196844337,0.8080255175308788,0.2569169960474308,-1.5017310919004845,-5.606548668751638,33.54943421755201,19.970099200813724,-0.8041190805754461,253,133,120,22,1.0,0.05,1.55,2.0,1.5,"{""base"": {""ma_length"": 132}, ""c1"": {""len"": 14}, ""c2"": {""index_smooth"": 3.030133, ""price_smooth"": 0.106394, ""range_periods"": 7}, ""exit_ind"": {""adx_smoothing"": 14, ""adx_threshold"": 25, ""di_length"": 14}, ""vol"": {""ema_len"": 10, ""filter_lookback"": 11, ""hline"": 0, ""lookback"": 57}}","{""base"": {""ma_length"": 200}, ""c1"": {""len"": 11}, ""c2"": {""index_smooth"": 0.7, ""price_smooth"": 0.245783, ""range_periods"": 16}, ""exit_ind"": {""adx_smoothing"": 14, ""adx_threshold"": 25, ""di_length"": 14}, ""vol"": {""ema_len"": 10, ""filter_lookback"": 16, ""hline"": 0, ""lookback"": 25}}","{""atr_len"": 31, ""atr_mult"": 1.0, ""be_pct"": 0.05, ""tp_mult"": 1.95, ""trail_arm"": 2.0, ""trail_mult"": 1.5}",full,full,,0.0446943106154215,0.3407407145673571,,,,,,False,gate2_tuned_modeB.csv,-0.0550301260173602,0.4291197124888462,131,2.0609482931207226,-0.1172945520286866,133,0.7999982008264531,-0.0948130398085751,120,0.8180392149030434,True,0.039782913791214895,0.05102366990127064
ichimoku_signals,polychromatic_momentum_signals,ttm_squeeze_volume_signals,rma_baseline,adx_dmi_exit,chop,B,False,-0.1331760987151516,-17.44606893168487,0.7661420309598699,0.1984732824427481,-1.6841374445461743,-6.063384848532995,17.68214241635398,10.774896176543203,-0.9866490451716547,131,75,56,48,1.0,0.05,2.8,2.0,1.5,"{""base"": {""ma_length"": 16}, ""c1"": {""base_len"": 21, ""conversion_len"": 9, ""displacement"": 113, ""span_b_len"": 97}, ""c2"": {""len"": 14}, ""exit_ind"": {""adx_smoothing"": 14, ""adx_threshold"": 25, ""di_length"": 14}, ""vol"": {""bb_length"": 2, ""bb_mult"": 2, ""kc_length"": 7, ""kc_mult"": 1.216696}}","{""base"": {""ma_length"": 16}, ""c1"": {""base_len"": 14, ""conversion_len"": 11, ""displacement"": 74, ""span_b_len"": 64}, ""c2"": {""len"": 14}, ""exit_ind"": {""adx_smoothing"": 14, ""adx_threshold"": 25, ""di_length"": 14}, ""vol"": {""bb_length"": 25, ""bb_mult"": 2, ""kc_length"": 11, ""kc_mult"": 1.5}}","{""atr_len"": 40, ""atr_mult"": 1.0, ""be_pct"": 0.05, ""tp_mult"": 2.25, ""trail_arm"": 2.0, ""trail_mult"": 1.5}",full,full,,0.0180272281615464,0.5031305907042785,,,,,,False,gate2_tuned_modeB.csv,-0.0550301260173602,0.5930042821457884,120,2.6276509804635775,-0.0944224144468531,75,0.8185893455208533,-0.1850783544316229,56,0.7085739843908507,True,0.039392288429492904,0.0847202584218778
price_momentum_oscillator_signals,coral_signals,vertical_horizontal_filter_volume_signals,mcginley_dynamic_index,adx_dmi_exit,trend,A,False,-0.1349584195531308,-27.53151758883869,0.6302244199621133,0.2254901960784313,-3.1030892941360237,-25.1397235747432,32.59637416441687,18.25961965965993,-0.8446190195869354,204,134,70,2,1.0,0.19,3.0,1.05,1.95,"{""base"": {""mci_length"": 14}, ""c1"": {""s1"": 8, ""s2"": 20, ""sig"": 10}, ""c2"": {""const_d"": 61, ""smooth_period"": 12}, ""exit_ind"": {""adx_smoothing"": 14, ""adx_threshold"": 25, ""di_length"": 14}, ""vol"": {""length"": 52, ""vhf_threshold"": 0.35}}","{""base"": {""mci_length"": 17}, ""c1"": {""s1"": 19, ""s2"": 37, ""sig"": 10}, ""c2"": {""const_d"": 11, ""smooth_period"": 10}, ""exit_ind"": {""adx_smoothing"": 14, ""adx_threshold"": 25, ""di_length"": 14}, ""vol"": {""length"": 23, ""vhf_threshold"": 0.35}}","{""atr_len"": 9, ""atr_mult"": 1.0, ""be_pct"": 0.05, ""tp_mult"": 2.0, ""trail_arm"": 1.0, ""trail_mult"": 0.5}",full,full,,0.1029464209360238,0.449767202155463,,,,,,False,gate2_tuned_modeA_trend.csv,-0.079791769928434,0.3159944395121784,138,2.322835667376026,-0.1187539561928507,134,0.6776192945425129,-0.1659783922713813,70,0.5369954495943015,True,0.03896218626441671,0.06257440430368201
supertrend_signals,laguerre_filter_signals,chaikin_volatility_volume_signals,sma_baseline,adx_dmi_exit,trend,A,False,-0.1339710374942658,-40.459253323268285,0.6520160054557044,0.1821192052980132,-2.7821782936814983,-34.40296627044976,45.69174396865608,22.389978885351788,-0.8854827986216237,302,110,192,20,1.0,0.05,2.85,2.0,2.0,"{""base"": {""length"": 25}, ""c1"": {""atr_period"": 10, ""factor"": 2}, ""c2"": {""alpha"": 0.070224}, ""exit_ind"": {""adx_smoothing"": 14, ""adx_threshold"": 25, ""di_length"": 14}, ""vol"": {""cvi_len"": 28, ""roc_len"": 12}}","{""base"": {""length"": 200}, ""c1"": {""atr_period"": 5, ""factor"": 6}, ""c2"": {""alpha"": 0.2}, ""exit_ind"": {""adx_smoothing"": 14, ""adx_threshold"": 25, ""di_length"": 14}, ""vol"": {""cvi_len"": 10, ""roc_len"": 15}}","{""atr_len"": 37, ""atr_mult"": 1.0, ""be_pct"": 0.05, ""tp_mult"": 3.0, ""trail_arm"": 2.0, ""trail_mult"": 0.5}",full,full,,0.1724437834010289,0.4776342378933356,,,,,,False,gate2_tuned_modeA_trend.csv,-0.079791769928434,0.4657301390446332,100,2.663321925159404,-0.1185955999883732,110,0.703511000029067,-0.1427798818986834,192,0.6206633562362002,True,0.038803830059939204,0.05089597101509431
ehlers_reverse_ema_signals,halftrend_signals,chaikin_volatility_volume_signals,lsma_baseline,adx_dmi_exit,trend,A,False,-0.1405212759409292,-67.45021245164602,0.6142446656977595,0.20625,-3.1037813763288047,-23.45073383045242,69.32105826232538,37.49238830350251,-0.9730118688667492,480,208,272,47,1.0,0.1,3.0,1.65,2.0,"{""base"": {""length"": 37, ""lsma_offset"": 0}, ""c1"": {""alpha"": 0.284804}, ""c2"": {""amplitude"": 62}, ""exit_ind"": {""adx_smoothing"": 14, ""adx_threshold"": 25, ""di_length"": 14}, ""vol"": {""cvi_len"": 10, ""roc_len"": 22}}","{""base"": {""length"": 57, ""lsma_offset"": 0}, ""c1"": {""alpha"": 0.035112}, ""c2"": {""amplitude"": 500}, ""exit_ind"": {""adx_smoothing"": 14, ""adx_threshold"": 25, ""di_length"": 14}, ""vol"": {""cvi_len"": 28, ""roc_len"": 3}}","{""atr_len"": 37, ""atr_mult"": 1.0, ""be_pct"": 0.05, ""tp_mult"": 2.5, ""trail_arm"": 2.0, ""trail_mult"": 1.1}",full,full,,0.1046876996661731,0.2342566160069087,,,,,,False,gate2_tuned_modeA_trend.csv,-0.079791769928434,0.2371033130628086,270,1.7967045379357878,-0.1182901062618535,208,0.6913948515444728,-0.1575215821661047,272,0.5495822206836392,True,0.03849833633341951,0.05811407428554512
bears_bulls_impulse_signals,volatility_quality_signals,chaikin_volatility_volume_signals,t3_baseline,adx_dmi_exit,trend,A,False,-0.121001039086346,-41.866359523875744,0.6681500162630726,0.2254335260115607,-2.758568471403456,-20.967783095242005,43.63977777018801,23.36688921796359,-0.9593623447018615,346,190,156,11,1.0,0.05,2.3,1.05,0.6,"{""base"": {""length"": 28, ""volume_factor"": 0.567792}, ""c1"": {""length"": 56}, ""c2"": {""atr_pct"": 0.213603, ""smooth"": 10}, ""exit_ind"": {""adx_smoothing"": 14, ""adx_threshold"": 25, ""di_length"": 14}, ""vol"": {""cvi_len"": 5, ""roc_len"": 12}}","{""base"": {""length"": 100, ""volume_factor"": 0.7}, ""c1"": {""length"": 11}, ""c2"": {""atr_pct"": 0.092464, ""smooth"": 10}, ""exit_ind"": {""adx_smoothing"": 14, ""adx_threshold"": 25, ""di_length"": 14}, ""vol"": {""cvi_len"": 5, ""roc_len"": 15}}","{""atr_len"": 47, ""atr_mult"": 1.0, ""be_pct"": 0.01, ""tp_mult"": 2.75, ""trail_arm"": 1.9, ""trail_mult"": 0.5}",full,full,,0.1932726437671108,0.3673403944277125,,,,,,False,gate2_tuned_modeA_trend.csv,-0.079791769928434,0.6909616876580063,100,4.376895195512886,-0.1181652734290249,190,0.6686186067080527,-0.1244548562330834,156,0.6676064845719512,True,0.038373503500590905,0.041518294902620156
price_momentum_oscillator_signals,donchian_breakout_signals,chaikin_volatility_volume_signals,ema_baseline,adx_dmi_exit,trend,A,False,-0.1210173430701893,-38.72554978246058,0.6773829306831294,0.215625,-2.6611341460043936,-50.127218443471875,38.22554978246058,21.167125848265336,-1.01308025660443,320,152,168,2,1.0,0.01,1.95,2.0,2.0,"{""base"": {""ma_length"": 20}, ""c1"": {""s1"": 100, ""s2"": 132, ""sig"": 10}, ""c2"": {""length"": 11}, ""exit_ind"": {""adx_smoothing"": 14, ""adx_threshold"": 25, ""di_length"": 14}, ""vol"": {""cvi_len"": 28, ""roc_len"": 15}}","{""base"": {""ma_length"": 132}, ""c1"": {""s1"": 35, ""s2"": 25, ""sig"": 10}, ""c2"": {""length"": 3}, ""exit_ind"": {""adx_smoothing"": 14, ""adx_threshold"": 25, ""di_length"": 14}, ""vol"": {""cvi_len"": 10, ""roc_len"": 22}}","{""atr_len"": 50, ""atr_mult"": 1.0, ""be_pct"": 0.01, ""tp_mult"": 2.75, ""trail_arm"": 1.85, ""trail_mult"": 0.5}",full,full,,0.1394887963416917,0.385843117215632,,,,,,False,gate2_tuned_modeA_trend.csv,-0.079791769928434,0.3823748742422359,140,2.2745829141407863,-0.1251663292345443,152,0.6834010058112907,-0.1172634984452967,168,0.6713498252214463,True,0.0374717285168627,0.04142314391148651
waddah_attar_explosion_signals,aroon_signals,ttm_squeeze_volume_signals,super_smoother_2pole_baseline,adx_dmi_exit,trend,A,False,-0.1191989226019368,-19.310225461513767,0.6239252017158629,0.3024691358024691,-3.3857477838312864,-23.538812988966363,19.25098444264055,11.488625898466571,-1.003077298153231,162,96,66,50,1.0,0.05,1.45,1.15,0.6,"{""base"": {""cutoff_period"": 15}, ""c1"": {""bbLen"": 57, ""bbStd"": 2, ""fastEma"": 7, ""sensitivity"": 80, ""slowEma"": 32}, ""c2"": {""length"": 25}, ""exit_ind"": {""adx_smoothing"": 14, ""adx_threshold"": 25, ""di_length"": 14}, ""vol"": {""bb_length"": 7, ""bb_mult"": 2, ""kc_length"": 11, ""kc_mult"": 1.5}}","{""base"": {""cutoff_period"": 18}, ""c1"": {""bbLen"": 132, ""bbStd"": 2, ""fastEma"": 25, ""sensitivity"": 185, ""slowEma"": 32}, ""c2"": {""length"": 20}, ""exit_ind"": {""adx_smoothing"": 14, ""adx_threshold"": 25, ""di_length"": 14}, ""vol"": {""bb_length"": 7, ""bb_mult"": 2, ""kc_length"": 20, ""kc_mult"": 1.5}}","{""atr_len"": 46, ""atr_mult"": 1.0, ""be_pct"": 0.01, ""tp_mult"": 1.35, ""trail_arm"": 1.0, ""trail_mult"": 1.4}",full,full,,0.0729398457738231,0.2035319309767998,,,,,,False,gate2_tuned_modeA_trend.csv,-0.079791769928434,0.3160700860843617,120,2.788995286982594,-0.1172092043247828,96,0.640719139435447,-0.1220930582777971,66,0.5976645953385576,True,0.0374174343963488,0.03985936137285595
dpo_signals,donchian_breakout_signals,variance_volume_signals,rma_baseline,adx_dmi_exit,trend,A,False,-0.1294047008234457,-22.516417943279563,0.6363632509636427,0.1494252873563218,-2.780623392357364,-15.773239431977933,26.118355333221164,12.945337363844333,-0.8620917226989355,174,90,84,23,1.0,0.01,3.0,2.0,2.0,"{""base"": {""ma_length"": 20}, ""c1"": {""len"": 94}, ""c2"": {""length"": 16}, ""exit_ind"": {""adx_smoothing"": 14, ""adx_threshold"": 25, ""di_length"": 14}, ""vol"": {""ema_len"": 8, ""filter_lookback"": 87, ""hline"": 0, ""lookback"": 200}}","{""base"": {""ma_length"": 20}, ""c1"": {""len"": 62}, ""c2"": {""length"": 20}, ""exit_ind"": {""adx_smoothing"": 14, ""adx_threshold"": 25, ""di_length"": 14}, ""vol"": {""ema_len"": 19, ""filter_lookback"": 87, ""hline"": 0, ""lookback"": 25}}","{""atr_len"": 45, ""atr_mult"": 1.05, ""be_pct"": 0.05, ""tp_mult"": 2.45, ""trail_arm"": 1.65, ""trail_mult"": 0.55}",full,full,,0.2059169873904655,0.8710594763144291,,,,,,False,gate2_tuned_modeA_trend.csv,-0.079791769928434,0.4228050346124131,106,2.805383204487635,-0.1172010449758386,90,0.6358769568739815,-0.1424800463744534,84,0.6367907630249112,True,0.0374092750474046,0.050048775746712
polychromatic_momentum_signals,lemantrend_signals,chaikin_volatility_volume_signals,rma_baseline,adx_dmi_exit,trend,A,False,-0.1674064513734444,-20.423587067560227,0.4806009375479979,0.2704918032786885,-5.072466960777355,-31.881041220511342,20.423587067560227,11.559616388119707,-1.0,122,62,60,11,1.0,0.01,1.5,1.0,2.0,"{""base"": {""ma_length"": 57}, ""c1"": {""len"": 92}, ""c2"": {""fast_period"": 3, ""medium_period"": 21, ""slow_period"": 11, ""smooth"": 3}, ""exit_ind"": {""adx_smoothing"": 14, ""adx_threshold"": 25, ""di_length"": 14}, ""vol"": {""cvi_len"": 28, ""roc_len"": 79}}","{""base"": {""ma_length"": 37}, ""c1"": {""len"": 14}, ""c2"": {""fast_period"": 34, ""medium_period"": 21, ""slow_period"": 7, ""smooth"": 3}, ""exit_ind"": {""adx_smoothing"": 14, ""adx_threshold"": 25, ""di_length"": 14}, ""vol"": {""cvi_len"": 100, ""roc_len"": 120}}","{""atr_len"": 25, ""atr_mult"": 1.0, ""be_pct"": 0.05, ""tp_mult"": 2.95, ""trail_arm"": 1.95, ""trail_mult"": 0.55}",full,full,,0.008414472295181,0.3033970097186328,,,,,,False,gate2_tuned_modeA_trend.csv,-0.079791769928434,0.411695255260552,100,3.3240350656257487,-0.21611137592074,62,0.3406560268930406,-0.1170780293412391,60,0.630279907343455,True,0.03728625941280511,0.08680293270255555
halftrend_signals,halftrend_signals,vertical_horizontal_filter_volume_signals,tma_baseline,adx_dmi_exit,chop,B,False,-0.1233246499543451,-32.187733638084076,0.7376698572181529,0.2988505747126437,-1.8638351866785996,-5.73797531403118,38.57231455035194,20.585767272166887,-0.8344776302201546,261,209,52,8,1.0,0.05,2.25,2.0,1.5,"{""base"": {""length"": 25}, ""c1"": {""amplitude"": 500}, ""c2"": {""amplitude"": 41}, ""exit_ind"": {""adx_smoothing"": 14, ""adx_threshold"": 25, ""di_length"": 14}, ""vol"": {""length"": 28, ""vhf_threshold"": 0.35}}","{""base"": {""length"": 5}, ""c1"": {""amplitude"": 18}, ""c2"": {""amplitude"": 50}, ""exit_ind"": {""adx_smoothing"": 14, ""adx_threshold"": 25, ""di_length"": 14}, ""vol"": {""length"": 3, ""vhf_threshold"": 0.655836}}","{""atr_len"": 6, ""atr_mult"": 1.0, ""be_pct"": 0.05, ""tp_mult"": 2.9, ""trail_arm"": 2.0, ""trail_mult"": 1.5}",full,full,,0.0268535673674681,0.3996157154989102,,,,,,False,gate2_tuned_modeB.csv,-0.0550301260173602,0.2571059548152195,265,1.7509195777307542,-0.1310810169403407,209,0.7045725522873464,-0.0921500211067859,52,0.8400927803455466,True,0.037119895089425696,0.056585393006203084
qqe_mod_signals,halftrend_signals,efficiency_ratio_volume_signals,rma_baseline,adx_dmi_exit,trend,A,False,-0.15232498222082,-47.52539445289587,0.5591020693242289,0.2211538461538461,-3.8388824778972217,-28.322970989005743,55.20078629303126,27.343422405202386,-0.8609550269919912,312,188,124,8,1.0,0.02,1.15,1.45,2.0,"{""base"": {""ma_length"": 20}, ""c1"": {""fast_factor"": 1.61, ""rsi_len"": 5, ""rsi_period"": 11}, ""c2"": {""amplitude"": 27}, ""exit_ind"": {""adx_smoothing"": 14, ""adx_threshold"": 25, ""di_length"": 14}, ""vol"": {""er_threshold"": 0.562145, ""length"": 5}}","{""base"": {""ma_length"": 2}, ""c1"": {""fast_factor"": 1.61, ""rsi_len"": 5, ""rsi_period"": 6}, ""c2"": {""amplitude"": 50}, ""exit_ind"": {""adx_smoothing"": 14, ""adx_threshold"": 25, ""di_length"": 14}, ""vol"": {""er_threshold"": 0.854411, ""length"": 4}}","{""atr_len"": 46, ""atr_mult"": 1.0, ""be_pct"": 0.01, ""tp_mult"": 2.95, ""trail_arm"": 2.0, ""trail_mult"": 0.75}",full,full,,0.1295545775964569,0.3369831196613916,,,,,,False,gate2_tuned_modeA_trend.csv,-0.079791769928434,0.2604739775185961,272,1.929679169705656,-0.1168708392316921,188,0.6709823384709568,-0.2060780377204658,124,0.3769300254690104,True,0.037079069303258105,0.08168266854764496
bears_bulls_impulse_signals,coral_signals,variance_volume_signals,frama_baseline,adx_dmi_exit,trend,A,False,-0.1395518181277682,-52.7505872522964,0.6322678435518078,0.1957671957671957,-3.0482583528571787,-37.663017418672645,61.29730307037983,37.303574253947446,-0.8605694640713583,378,132,246,2,1.0,0.06,2.55,2.0,1.75,"{""base"": {""length"": 66}, ""c1"": {""length"": 37}, ""c2"": {""const_d"": 3, ""smooth_period"": 12}, ""exit_ind"": {""adx_smoothing"": 14, ""adx_threshold"": 25, ""di_length"": 14}, ""vol"": {""ema_len"": 19, ""filter_lookback"": 20, ""hline"": 0, ""lookback"": 132}}","{""base"": {""length"": 10}, ""c1"": {""length"": 24}, ""c2"": {""const_d"": 7, ""smooth_period"": 10}, ""exit_ind"": {""adx_smoothing"": 14, ""adx_threshold"": 25, ""di_length"": 14}, ""vol"": {""ema_len"": 100, ""filter_lookback"": 132, ""hline"": 0, ""lookback"": 16}}","{""atr_len"": 41, ""atr_mult"": 1.0, ""be_pct"": 0.05, ""tp_mult"": 2.85, ""trail_arm"": 2.0, ""trail_mult"": 1.1}",full,full,,0.1022849140262793,0.2755190378966946,,,,,,False,gate2_tuned_modeA_trend.csv,-0.079791769928434,0.4596045303235309,160,2.77657889370636,-0.1818604586438447,132,0.5471504142914081,-0.1168496207776784,246,0.6821590665504119,True,0.0370578508492444,0.06956326978232756
supertrend_signals,ssl_channel_signals,fractal_dimension_volume_signals,tma_baseline,adx_dmi_exit,trend,A,False,-0.1171851061158724,-23.905761647637984,0.6799328281760718,0.230392156862745,-2.5373502449898115,-33.87338350335566,34.20235147301317,17.19719381100484,-0.6989508211591958,204,130,74,4,1.0,0.01,1.45,1.0,1.95,"{""base"": {""length"": 16}, ""c1"": {""atr_period"": 8, ""factor"": 3}, ""c2"": {""len"": 8}, ""exit_ind"": {""adx_smoothing"": 14, ""adx_threshold"": 25, ""di_length"": 14}, ""vol"": {""fd_threshold"": 1.5, ""length"": 11}}","{""base"": {""length"": 20}, ""c1"": {""atr_period"": 4, ""factor"": 3}, ""c2"": {""len"": 43}, ""exit_ind"": {""adx_smoothing"": 14, ""adx_threshold"": 25, ""di_length"": 14}, ""vol"": {""fd_threshold"": 1.5, ""length"": 16}}","{""atr_len"": 50, ""atr_mult"": 1.0, ""be_pct"": 0.01, ""tp_mult"": 2.1, ""trail_arm"": 1.75, ""trail_mult"": 1.5}",full,full,,0.1115240581895285,0.990857540969206,,,,,,False,gate2_tuned_modeA_trend.csv,-0.079791769928434,0.3595846762117741,128,2.4923485990101715,-0.1167688353185159,130,0.6935741679245068,-0.117916392651769,74,0.653064222052085,True,0.0369770653900819,0.03755084405670846
ichimoku_signals,halftrend_signals,damiani_volatmeter_volume_signals,mcginley_dynamic_index,adx_dmi_exit,chop,B,False,-0.1013435393009253,-18.647211231370267,0.8283085294222542,0.217391304347826,-1.202113933334786,-5.2957593174524895,22.351715119978465,13.263663830299569,-0.8342631038055317,184,113,71,40,1.0,0.05,2.2,2.0,1.5,"{""base"": {""mci_length"": 17}, ""c1"": {""base_len"": 21, ""conversion_len"": 3, ""displacement"": 49, ""span_b_len"": 42}, ""c2"": {""amplitude"": 62}, ""exit_ind"": {""adx_smoothing"": 14, ""adx_threshold"": 25, ""di_length"": 14}, ""vol"": {""lag"": 1.4, ""sedimentation"": 41, ""threshold"": 1.4, ""viscosity"": 2}}","{""base"": {""mci_length"": 17}, ""c1"": {""base_len"": 3, ""conversion_len"": 7, ""displacement"": 26, ""span_b_len"": 52}, ""c2"": {""amplitude"": 41}, ""exit_ind"": {""adx_smoothing"": 14, ""adx_threshold"": 25, ""di_length"": 14}, ""vol"": {""lag"": 1.4, ""sedimentation"": 27, ""threshold"": 1.4, ""viscosity"": 7}}","{""atr_len"": 8, ""atr_mult"": 1.0, ""be_pct"": 0.05, ""tp_mult"": 3.0, ""trail_arm"": 2.0, ""trail_mult"": 1.5}",full,full,,0.147891192934301,0.5062021321757416,,,,,,False,gate2_tuned_modeB.csv,-0.0550301260173602,0.354802089567147,136,1.7795755265257422,-0.0917254882582536,113,0.8398935970738604,-0.1166511416646141,71,0.811212976732431,True,0.036695362240893405,0.04915818894407365
schaff_trend_cycle_signals,polychromatic_momentum_signals,choppiness_index_volume_signals,rma_baseline,adx_dmi_exit,chop,B,False,-0.0978152265201287,-21.91061074050883,0.8177317329472265,0.2589285714285714,-1.3862825663791674,-4.776132372412898,30.891484521950076,17.594763294571028,-0.7092767175025257,224,146,78,20,1.0,0.05,2.4,2.0,1.5,"{""base"": {""ma_length"": 16}, ""c1"": {""cycleLen"": 10, ""d1"": 3, ""d2"": 3, ""lowerBand"": 25, ""macdFast"": 8, ""macdSlow"": 41, ""stc_midline"": 41, ""upperBand"": 75}, ""c2"": {""len"": 14}, ""exit_ind"": {""adx_smoothing"": 14, ""adx_threshold"": 25, ""di_length"": 14}, ""vol"": {""ci_threshold"": 61.8, ""length"": 11}}","{""base"": {""ma_length"": 16}, ""c1"": {""cycleLen"": 8, ""d1"": 3, ""d2"": 3, ""lowerBand"": 47, ""macdFast"": 43, ""macdSlow"": 62, ""stc_midline"": 50, ""upperBand"": 75}, ""c2"": {""len"": 14}, ""exit_ind"": {""adx_smoothing"": 14, ""adx_threshold"": 25, ""di_length"": 14}, ""vol"": {""ci_threshold"": 61.8, ""length"": 11}}","{""atr_len"": 3, ""atr_mult"": 1.0, ""be_pct"": 0.05, ""tp_mult"": 1.5, ""trail_arm"": 2.0, ""trail_mult"": 1.5}",full,full,,0.1496535490007463,0.4655090506365161,,,,,,False,gate2_tuned_modeB.csv,-0.0550301260173602,0.3511647086318349,207,1.9530180508065016,-0.0916954990477982,146,0.828117021423131,-0.1092701010196191,78,0.7986196650580943,True,0.036665373030437994,0.045452674016348456
coppock_curve_signals,supertrend_signals,variance_volume_signals,kama_baseline,adx_dmi_exit,trend,A,False,-0.1410346482141578,-21.437266528551984,0.6160733900512801,0.1907894736842105,-3.0877365610653373,-17.590330036554953,23.808273324563963,13.70116093387969,-0.9004124841944874,152,86,66,21,1.05,0.05,2.9,1.5,1.4,"{""base"": {""fast_length"": 2, ""length"": 28, ""slow_length"": 300}, ""c1"": {""long_roc"": 2, ""short_roc"": 11, ""smooth_len"": 8}, ""c2"": {""atr_period"": 10, ""factor"": 6}, ""exit_ind"": {""adx_smoothing"": 14, ""adx_threshold"": 25, ""di_length"": 14}, ""vol"": {""ema_len"": 5, ""filter_lookback"": 200, ""hline"": 0, ""lookback"": 20}}","{""base"": {""fast_length"": 13, ""length"": 19, ""slow_length"": 30}, ""c1"": {""long_roc"": 92, ""short_roc"": 14, ""smooth_len"": 10}, ""c2"": {""atr_period"": 5, ""factor"": 3}, ""exit_ind"": {""adx_smoothing"": 14, ""adx_threshold"": 25, ""di_length"": 14}, ""vol"": {""ema_len"": 19, ""filter_lookback"": 20, ""hline"": 0, ""lookback"": 20}}","{""atr_len"": 42, ""atr_mult"": 1.0, ""be_pct"": 0.05, ""tp_mult"": 3.0, ""trail_arm"": 1.55, ""trail_mult"": 1.25}",full,full,,0.1447556951815184,0.6793229269609419,,,,,,False,gate2_tuned_modeA_trend.csv,-0.079791769928434,0.5378455847117412,112,3.316873287989037,-0.1599306727889107,86,0.6070274897186769,-0.1164125555864493,66,0.6312679111835003,True,0.03662078565801531,0.058379844259246014
price_momentum_oscillator_signals,hieken_ashi_smoothed_signals,variance_volume_signals,rma_baseline,adx_dmi_exit,trend,A,False,-0.1339783267003442,-17.685139124445442,0.6565992403020301,0.2121212121212121,-2.969397446243603,,18.312180077860013,9.744845753142004,-0.9657582575778249,132,82,50,35,1.0,0.05,2.15,1.0,1.65,"{""base"": {""ma_length"": 16}, ""c1"": {""s1"": 350, ""s2"": 57, ""sig"": 10}, ""c2"": {""alma_offset1"": 0.85, ""alma_offset2"": 0.85, ""alma_sigma1"": 6, ""alma_sigma2"": 6, ""ama_smooth1"": 0.181, ""ama_smooth2"": 0.181, ""frama_t1_a"": 1, ""frama_t1_b"": 168, ""frama_t2_a"": 1, ""frama_t2_b"": 168, ""lsma_offset1"": 0, ""lsma_offset2"": 0, ""ma_len1"": 6, ""ma_len2"": 8, ""vol_factor1"": 0.82, ""vol_factor2"": 1.53653}, ""exit_ind"": {""adx_smoothing"": 14, ""adx_threshold"": 25, ""di_length"": 14}, ""vol"": {""ema_len"": 12, ""filter_lookback"": 200, ""hline"": 0, ""lookback"": 20}}","{""base"": {""ma_length"": 132}, ""c1"": {""s1"": 35, ""s2"": 25, ""sig"": 10}, ""c2"": {""alma_offset1"": 0.85, ""alma_offset2"": 0.85, ""alma_sigma1"": 6, ""alma_sigma2"": 6, ""ama_smooth1"": 0.181, ""ama_smooth2"": 0.181, ""frama_t1_a"": 1, ""frama_t1_b"": 168, ""frama_t2_a"": 1, ""frama_t2_b"": 168, ""lsma_offset1"": 0, ""lsma_offset2"": 0, ""ma_len1"": 8, ""ma_len2"": 8, ""vol_factor1"": 1.010934, ""vol_factor2"": 1.010934}, ""exit_ind"": {""adx_smoothing"": 14, ""adx_threshold"": 25, ""di_length"": 14}, ""vol"": {""ema_len"": 100, ""filter_lookback"": 2, ""hline"": 0, ""lookback"": 7}}","{""atr_len"": 37, ""atr_mult"": 1.0, ""be_pct"": 0.01, ""tp_mult"": 2.95, ""trail_arm"": 1.65, ""trail_mult"": 1.25}",full,full,,0.2331411898640724,0.9568463085496705,,,,,,False,gate2_tuned_modeA_trend.csv,-0.079791769928434,0.372782145522181,100,2.2854556742144188,-0.1163558959819563,82,0.7018380165462367,-0.1628791130785003,50,0.5823612485166655,True,0.0365641260535223,0.059825734601794314
halftrend_signals,linreg_slope_signals,variance_volume_signals,alma_baseline,adx_dmi_exit,trend,A,False,-0.1796052314968473,-39.8723613923001,0.5618421825021959,0.1441441441441441,-3.7552778917989698,,44.13249420953872,24.52569685479109,-0.9034694754161924,222,102,120,2,1.0,0.01,3.0,1.9,1.85,"{""base"": {""length"": 9, ""offset"": 0.85, ""sigma"": 6}, ""c1"": {""amplitude"": 500}, ""c2"": {""length"": 7, ""r2_floor"": 0.374763}, ""exit_ind"": {""adx_smoothing"": 14, ""adx_threshold"": 25, ""di_length"": 14}, ""vol"": {""ema_len"": 10, ""filter_lookback"": 37, ""hline"": 0, ""lookback"": 132}}","{""base"": {""length"": 7, ""offset"": 0.689461, ""sigma"": 5}, ""c1"": {""amplitude"": 94}, ""c2"": {""length"": 5, ""r2_floor"": 0.374763}, ""exit_ind"": {""adx_smoothing"": 14, ""adx_threshold"": 25, ""di_length"": 14}, ""vol"": {""ema_len"": 5, ""filter_lookback"": 16, ""hline"": 0, ""lookback"": 87}}","{""atr_len"": 5, ""atr_mult"": 1.0, ""be_pct"": 0.01, ""tp_mult"": 2.85, ""trail_arm"": 2.0, ""trail_mult"": 0.8}",full,full,,0.159646030339861,0.9720323650926068,,,,,,False,gate2_tuned_modeA_trend.csv,-0.079791769928434,0.7084557415561651,156,4.565132118798766,-0.1162488383534142,102,0.7107955728768716,-0.2334581656687654,120,0.4397004023949621,True,0.0364570684249802,0.0950617320826558
polychromatic_momentum_signals,laguerre_filter_signals,variance_volume_signals,t3_baseline,adx_dmi_exit,trend,A,False,-0.1311237410283723,-27.011490651844703,0.5530004240586616,0.2815533980582524,-3.797509551353868,-13.906197025652412,27.59509027974297,15.316496677648914,-0.9788513238412316,206,154,52,2,1.0,0.01,2.7,2.0,0.9,"{""base"": {""length"": 28, ""volume_factor"": 0.567792}, ""c1"": {""len"": 11}, ""c2"": {""alpha"": 0.162226}, ""exit_ind"": {""adx_smoothing"": 14, ""adx_threshold"": 25, ""di_length"": 14}, ""vol"": {""ema_len"": 19, ""filter_lookback"": 200, ""hline"": 0, ""lookback"": 20}}","{""base"": {""length"": 100, ""volume_factor"": 0.7}, ""c1"": {""len"": 3}, ""c2"": {""alpha"": 0.246569}, ""exit_ind"": {""adx_smoothing"": 14, ""adx_threshold"": 25, ""di_length"": 14}, ""vol"": {""ema_len"": 100, ""filter_lookback"": 7, ""hline"": 0, ""lookback"": 5}}","{""atr_len"": 50, ""atr_mult"": 1.0, ""be_pct"": 0.01, ""tp_mult"": 2.6, ""trail_arm"": 1.45, ""trail_mult"": 0.5}",full,full,,0.1116418647035997,1.4727128650761876,,,,,,False,gate2_tuned_modeA_trend.csv,-0.079791769928434,0.3903320241877729,100,2.9059273243719237,-0.1160781952661479,154,0.5964455947346028,-0.1756817034780369,52,0.433705053031505,True,0.03628642533771391,0.06608817944365843
qqe_mod_signals,price_momentum_oscillator_signals,volatility_ratio_volume_signals,ema_baseline,adx_dmi_exit,trend,A,False,-0.1814853114025937,-53.35668155236256,0.4687748659654839,0.2448979591836734,-5.378495925717662,-40.83595393421339,53.00251488569589,26.54190368013584,-1.006682072868249,294,170,124,40,1.0,0.16,3.0,1.0,1.65,"{""base"": {""ma_length"": 37}, ""c1"": {""fast_factor"": 1.305921, ""rsi_len"": 5, ""rsi_period"": 6}, ""c2"": {""s1"": 66, ""s2"": 37, ""sig"": 10}, ""exit_ind"": {""adx_smoothing"": 14, ""adx_threshold"": 25, ""di_length"": 14}, ""vol"": {""length"": 140}}","{""base"": {""ma_length"": 132}, ""c1"": {""fast_factor"": 0.859209, ""rsi_len"": 4, ""rsi_period"": 17}, ""c2"": {""s1"": 43, ""s2"": 20, ""sig"": 10}, ""exit_ind"": {""adx_smoothing"": 14, ""adx_threshold"": 25, ""di_length"": 14}, ""vol"": {""length"": 140}}","{""atr_len"": 50, ""atr_mult"": 1.2, ""be_pct"": 0.01, ""tp_mult"": 1.55, ""trail_arm"": 1.5, ""trail_mult"": 1.45}",full,full,,0.0940191466868063,0.3692537126041231,,,,,,False,gate2_tuned_modeA_trend.csv,-0.079791769928434,0.2645044839194729,206,2.322146866805298,-0.1160126804401294,170,0.6213701648719775,-0.2712461764317786,124,0.3043903076938716,True,0.0362209105116954,0.11383765850752002
linreg_slope_signals,ssl_channel_signals,variance_volume_signals,ema_baseline,adx_dmi_exit,trend,A,False,-0.1378566497143731,-22.884203852585937,0.6115625696312036,0.2349397590361445,-3.357358855296989,-41.033889091531435,24.573814862167374,15.198805259034266,-0.9312434386334258,166,110,56,4,1.0,0.05,1.5,1.6,2.0,"{""base"": {""ma_length"": 25}, ""c1"": {""length"": 17, ""r2_floor"": 0.2}, ""c2"": {""len"": 100}, ""exit_ind"": {""adx_smoothing"": 14, ""adx_threshold"": 25, ""di_length"": 14}, ""vol"": {""ema_len"": 100, ""filter_lookback"": 200, ""hline"": 0, ""lookback"": 87}}","{""base"": {""ma_length"": 37}, ""c1"": {""length"": 140, ""r2_floor"": 0.2}, ""c2"": {""len"": 10}, ""exit_ind"": {""adx_smoothing"": 14, ""adx_threshold"": 25, ""di_length"": 14}, ""vol"": {""ema_len"": 19, ""filter_lookback"": 25, ""hline"": 0, ""lookback"": 200}}","{""atr_len"": 5, ""atr_mult"": 1.0, ""be_pct"": 0.01, ""tp_mult"": 2.0, ""trail_arm"": 1.0, ""trail_mult"": 1.65}",full,full,,0.1239754530579084,0.9543111681218872,,,,,,False,gate2_tuned_modeA_trend.csv,-0.079791769928434,0.4138267430911803,104,3.04942768007061,-0.1159053136826405,110,0.6812603873727386,-0.1809753454909906,56,0.4641591544115849,True,0.0361135437542065,0.06864855965838156
ehlers_reverse_ema_signals,schaff_trend_cycle_signals,variance_volume_signals,sma_baseline,adx_dmi_exit,trend,A,False,-0.1335951392320632,-23.77993478330726,0.6064761005193285,0.2415730337078651,-3.32955077340378,-32.16466114300863,26.05109450554698,13.720858192581984,-0.9128190287069848,178,124,54,2,1.0,0.01,2.9,1.35,1.75,"{""base"": {""length"": 5}, ""c1"": {""alpha"": 0.053367}, ""c2"": {""cycleLen"": 2, ""d1"": 3, ""d2"": 3, ""lowerBand"": 25, ""macdFast"": 230, ""macdSlow"": 27, ""stc_midline"": 50, ""upperBand"": 75}, ""exit_ind"": {""adx_smoothing"": 14, ""adx_threshold"": 25, ""di_length"": 14}, ""vol"": {""ema_len"": 12, ""filter_lookback"": 37, ""hline"": 0, ""lookback"": 132}}","{""base"": {""length"": 132}, ""c1"": {""alpha"": 0.081113}, ""c2"": {""cycleLen"": 19, ""d1"": 3, ""d2"": 6, ""lowerBand"": 25, ""macdFast"": 8, ""macdSlow"": 62, ""stc_midline"": 94, ""upperBand"": 75}, ""exit_ind"": {""adx_smoothing"": 14, ""adx_threshold"": 25, ""di_length"": 14}, ""vol"": {""ema_len"": 4, ""filter_lookback"": 25, ""hline"": 0, ""lookback"": 132}}","{""atr_len"": 2, ""atr_mult"": 1.1, ""be_pct"": 0.01, ""tp_mult"": 1.45, ""trail_arm"": 1.85, ""trail_mult"": 1.6}",full,full,,0.0302190535281409,1.6764549677802043,,,,,,False,gate2_tuned_modeA_trend.csv,-0.079791769928434,0.266996018365292,118,2.549274598097671,-0.1157529432016025,124,0.6264886004263717,-0.1745661078946026,54,0.5715195533496125,True,0.0359611732731685,0.06536775561966855
dpo_signals,parabolic_sar_signals,chaikin_volatility_volume_signals,wma_baseline,adx_dmi_exit,trend,A,False,-0.1167499664870492,-35.25848987908888,0.6882061896274627,0.1986754966887417,-2.5120420909814736,-36.789695490177664,35.00848987908888,19.338509666698727,-1.0071411249346498,302,164,138,24,1.0,0.01,2.5,1.0,2.0,"{""base"": {""ma_length"": 37}, ""c1"": {""len"": 94}, ""c2"": {""sar_increment"": 0.00304, ""sar_maximum"": 0.2, ""sar_start"": 0.02}, ""exit_ind"": {""adx_smoothing"": 14, ""adx_threshold"": 25, ""di_length"": 14}, ""vol"": {""cvi_len"": 28, ""roc_len"": 15}}","{""base"": {""ma_length"": 200}, ""c1"": {""len"": 62}, ""c2"": {""sar_increment"": 0.02, ""sar_maximum"": 0.162226, ""sar_start"": 0.002}, ""exit_ind"": {""adx_smoothing"": 14, ""adx_threshold"": 25, ""di_length"": 14}, ""vol"": {""cvi_len"": 28, ""roc_len"": 10}}","{""atr_len"": 39, ""atr_mult"": 1.0, ""be_pct"": 0.01, ""tp_mult"": 2.85, ""trail_arm"": 2.0, ""trail_mult"": 0.5}",full,full,,0.1215420325898996,0.4561359260508342,,,,,,False,gate2_tuned_modeA_trend.csv,-0.079791769928434,0.4224535273183367,170,2.5459309342262726,-0.1154225240065103,164,0.697099617823899,-0.1183275068262404,138,0.6772200386854988,True,0.03563075407807631,0.037083245487941355
ichimoku_signals,fx_sniper_ergodic_cci_signals,chaikin_volatility_volume_signals,wma_baseline,adx_dmi_exit,trend,A,False,-0.2092637147657229,-32.22661207392132,0.4884664750171221,0.1428571428571428,-4.9164224783221195,,33.319101199896984,19.922677966617197,-0.9672113266374952,154,102,52,4,1.0,0.05,2.6,2.0,1.4,"{""base"": {""ma_length"": 57}, ""c1"": {""base_len"": 26, ""conversion_len"": 9, ""displacement"": 74, ""span_b_len"": 148}, ""c2"": {""cci_length"": 92, ""ema1_length"": 3, ""ema2_length"": 3, ""trigger_length"": 4}, ""exit_ind"": {""adx_smoothing"": 14, ""adx_threshold"": 25, ""di_length"": 14}, ""vol"": {""cvi_len"": 28, ""roc_len"": 12}}","{""base"": {""ma_length"": 200}, ""c1"": {""base_len"": 26, ""conversion_len"": 9, ""displacement"": 14, ""span_b_len"": 52}, ""c2"": {""cci_length"": 2, ""ema1_length"": 9, ""ema2_length"": 3, ""trigger_length"": 6}, ""exit_ind"": {""adx_smoothing"": 14, ""adx_threshold"": 25, ""di_length"": 14}, ""vol"": {""cvi_len"": 12, ""roc_len"": 15}}","{""atr_len"": 41, ""atr_mult"": 1.0, ""be_pct"": 0.01, ""tp_mult"": 2.85, ""trail_arm"": 2.0, ""trail_mult"": 0.7}",full,full,,0.3671164593701759,1.143501449258993,,,,,,False,gate2_tuned_modeA_trend.csv,-0.079791769928434,0.5281581382457733,118,2.9475831347812855,-0.2572099759073691,102,0.3898740106383337,-0.1152152794494168,52,0.7004402734315166,True,0.035423509520982804,0.10642085774995895
linreg_slope_signals,dpo_signals,variance_volume_signals,kama_baseline,adx_dmi_exit,trend,A,False,-0.137164329399722,-22.220621362754976,0.6289000425479561,0.191358024691358,-3.173456286533298,-25.618607899088552,22.000002372457633,10.49616851777864,-1.0100281348411826,162,100,62,6,1.0,0.05,2.8,1.35,1.7,"{""base"": {""fast_length"": 2, ""length"": 19, ""slow_length"": 37}, ""c1"": {""length"": 17, ""r2_floor"": 0.2}, ""c2"": {""len"": 142}, ""exit_ind"": {""adx_smoothing"": 14, ""adx_threshold"": 25, ""di_length"": 14}, ""vol"": {""ema_len"": 19, ""filter_lookback"": 200, ""hline"": 0, ""lookback"": 20}}","{""base"": {""fast_length"": 4, ""length"": 19, ""slow_length"": 37}, ""c1"": {""length"": 14, ""r2_floor"": 0.2}, ""c2"": {""len"": 62}, ""exit_ind"": {""adx_smoothing"": 14, ""adx_threshold"": 25, ""di_length"": 14}, ""vol"": {""ema_len"": 8, ""filter_lookback"": 16, ""hline"": 0, ""lookback"": 200}}","{""atr_len"": 21, ""atr_mult"": 1.0, ""be_pct"": 0.13, ""tp_mult"": 2.1, ""trail_arm"": 1.95, ""trail_mult"": 0.5}",full,full,,0.1879919474518011,0.9100000036771444,,,,,,False,gate2_tuned_modeA_trend.csv,-0.079791769928434,0.4518340357173061,116,3.325735629431588,-0.1151798833827243,100,0.6732261978998525,-0.1726231132981055,62,0.5654659645647786,True,0.0353881134542903,0.06410972841198091
polychromatic_momentum_signals,price_momentum_oscillator_signals,variance_volume_signals,mcginley_dynamic_index,adx_dmi_exit,trend,A,False,-0.1341716771246638,-33.27457592691662,0.5994862493596493,0.2338709677419354,-3.04495623887991,-17.5515827904327,33.190097377178404,20.608814786153054,-1.0025452938199664,248,182,66,5,1.0,0.05,2.15,1.0,2.0,"{""base"": {""mci_length"": 17}, ""c1"": {""len"": 14}, ""c2"": {""s1"": 350, ""s2"": 20, ""sig"": 10}, ""exit_ind"": {""adx_smoothing"": 14, ""adx_threshold"": 25, ""di_length"": 14}, ""vol"": {""ema_len"": 19, ""filter_lookback"": 200, ""hline"": 0, ""lookback"": 25}}","{""base"": {""mci_length"": 14}, ""c1"": {""len"": 14}, ""c2"": {""s1"": 100, ""s2"": 16, ""sig"": 10}, ""exit_ind"": {""adx_smoothing"": 14, ""adx_threshold"": 25, ""di_length"": 14}, ""vol"": {""ema_len"": 10, ""filter_lookback"": 7, ""hline"": 0, ""lookback"": 25}}","{""atr_len"": 27, ""atr_mult"": 1.0, ""be_pct"": 0.05, ""tp_mult"": 2.1, ""trail_arm"": 2.0, ""trail_mult"": 1.6}",full,full,,0.1428745003015538,0.7859047894691075,,,,,,False,gate2_tuned_modeA_trend.csv,-0.079791769928434,0.2782960255393991,242,2.3509449438725896,-0.1410643404698331,182,0.5972773997971363,-0.1151646357788938,66,0.6067712724218318,True,0.0353728658504598,0.04832271819592944
ssl_channel_signals,schaff_trend_cycle_signals,variance_volume_signals,t3_baseline,adx_dmi_exit,trend,A,False,-0.1214978777175719,-28.187507630476695,0.6863026497410066,0.1896551724137931,-2.542388313368563,-35.75807847165115,34.7601366469925,18.813605144713044,-0.8109147532052502,232,106,126,5,1.0,0.01,2.75,1.45,1.35,"{""base"": {""length"": 19, ""volume_factor"": 0.862993}, ""c1"": {""len"": 43}, ""c2"": {""cycleLen"": 10, ""d1"": 4, ""d2"": 4, ""lowerBand"": 25, ""macdFast"": 19, ""macdSlow"": 50, ""stc_midline"": 62, ""upperBand"": 75}, ""exit_ind"": {""adx_smoothing"": 14, ""adx_threshold"": 25, ""di_length"": 14}, ""vol"": {""ema_len"": 12, ""filter_lookback"": 37, ""hline"": 0, ""lookback"": 16}}","{""base"": {""length"": 12, ""volume_factor"": 0.7}, ""c1"": {""len"": 100}, ""c2"": {""cycleLen"": 12, ""d1"": 6, ""d2"": 2, ""lowerBand"": 25, ""macdFast"": 8, ""macdSlow"": 62, ""stc_midline"": 50, ""upperBand"": 75}, ""exit_ind"": {""adx_smoothing"": 14, ""adx_threshold"": 25, ""di_length"": 14}, ""vol"": {""ema_len"": 12, ""filter_lookback"": 5, ""hline"": 0, ""lookback"": 16}}","{""atr_len"": 28, ""atr_mult"": 1.0, ""be_pct"": 0.02, ""tp_mult"": 2.95, ""trail_arm"": 1.95, ""trail_mult"": 1.4}",full,full,,0.0500374680670322,0.5926761598498498,,,,,,False,gate2_tuned_modeA_trend.csv,-0.079791769928434,0.4193472385619741,130,2.54306786424851,-0.1290798726638997,106,0.674385177381769,-0.115119374032566,126,0.6967714171745362,True,0.03532760410413201,0.042307853419798855
dpo_signals,laguerre_filter_signals,chaikin_volatility_volume_signals,sma_baseline,adx_dmi_exit,trend,A,False,-0.1299187329688675,-30.400983514715016,0.6472105636033773,0.2179487179487179,-2.8785875061047626,-26.752726684444916,29.900983514715023,14.603229216317713,-1.016721857986843,234,100,134,5,1.0,0.17,2.95,1.75,0.55,"{""base"": {""length"": 25}, ""c1"": {""len"": 142}, ""c2"": {""alpha"": 0.569607}, ""exit_ind"": {""adx_smoothing"": 14, ""adx_threshold"": 25, ""di_length"": 14}, ""vol"": {""cvi_len"": 28, ""roc_len"": 10}}","{""base"": {""length"": 200}, ""c1"": {""len"": 12}, ""c2"": {""alpha"": 0.2}, ""exit_ind"": {""adx_smoothing"": 14, ""adx_threshold"": 25, ""di_length"": 14}, ""vol"": {""cvi_len"": 10, ""roc_len"": 15}}","{""atr_len"": 37, ""atr_mult"": 1.0, ""be_pct"": 0.05, ""tp_mult"": 3.0, ""trail_arm"": 1.65, ""trail_mult"": 1.5}",full,full,,0.1502787638319525,0.545325045226624,,,,,,False,gate2_tuned_modeA_trend.csv,-0.079791769928434,0.3680825165872059,106,2.443138292987373,-0.115047264154873,100,0.6564896308459378,-0.1410168440240874,134,0.6413115089598903,True,0.035255494226439005,0.04824028416104621
price_momentum_oscillator_signals,polychromatic_momentum_signals,chaikin_volatility_volume_signals,sma_baseline,adx_dmi_exit,trend,A,False,-0.1324084452971783,-29.3946748559736,0.6530638400116145,0.1891891891891892,-2.797246549577336,-25.17690085985874,31.720706746704614,16.04659412900491,-0.9266714985481004,222,90,132,5,1.0,0.09,3.0,1.95,1.85,"{""base"": {""length"": 25}, ""c1"": {""s1"": 100, ""s2"": 11, ""sig"": 10}, ""c2"": {""len"": 5}, ""exit_ind"": {""adx_smoothing"": 14, ""adx_threshold"": 25, ""di_length"": 14}, ""vol"": {""cvi_len"": 19, ""roc_len"": 10}}","{""base"": {""length"": 200}, ""c1"": {""s1"": 12, ""s2"": 7, ""sig"": 10}, ""c2"": {""len"": 17}, ""exit_ind"": {""adx_smoothing"": 14, ""adx_threshold"": 25, ""di_length"": 14}, ""vol"": {""cvi_len"": 12, ""roc_len"": 15}}","{""atr_len"": 26, ""atr_mult"": 1.0, ""be_pct"": 0.05, ""tp_mult"": 3.0, ""trail_arm"": 1.7, ""trail_mult"": 1.55}",full,full,,0.1706226369349017,0.608250141291182,,,,,,False,gate2_tuned_modeA_trend.csv,-0.079791769928434,0.3577121056931996,100,2.3320983536508813,-0.1579313343237554,90,0.5552503593073783,-0.1150064755063303,132,0.7123057303562415,True,0.0352147055778963,0.056677134986608854
bears_bulls_impulse_signals,halftrend_signals,variance_volume_signals,wma_baseline,adx_dmi_exit,chop,B,False,-0.115879521566737,-21.321831968279614,0.807351291001098,0.2717391304347826,-1.3629590799886602,-6.563280409886761,30.56790351273431,14.94474937674601,-0.697523530175929,184,115,69,14,1.05,0.05,2.95,2.0,1.5,"{""base"": {""ma_length"": 20}, ""c1"": {""length"": 3}, ""c2"": {""amplitude"": 18}, ""exit_ind"": {""adx_smoothing"": 14, ""adx_threshold"": 25, ""di_length"": 14}, ""vol"": {""ema_len"": 10, ""filter_lookback"": 57, ""hline"": 0, ""lookback"": 16}}","{""base"": {""ma_length"": 16}, ""c1"": {""length"": 13}, ""c2"": {""amplitude"": 27}, ""exit_ind"": {""adx_smoothing"": 14, ""adx_threshold"": 25, ""di_length"": 14}, ""vol"": {""ema_len"": 100, ""filter_lookback"": 57, ""hline"": 0, ""lookback"": 2}}","{""atr_len"": 12, ""atr_mult"": 1.0, ""be_pct"": 0.05, ""tp_mult"": 3.0, ""trail_arm"": 2.0, ""trail_mult"": 1.5}",full,full,,0.0713976352288121,0.4124354513514685,,,,,,False,gate2_tuned_modeB.csv,-0.0550301260173602,0.3694713049551774,114,1.751253290458113,-0.0902337680793631,115,0.8490597284041447,-0.1586224440456935,69,0.7389646393303168,True,0.0352036420620029,0.06939798004516809
didi_index_signals,kase_peak_oscillator_signals,waddah_attar_explosion_volume_signals,fantail_vma,adx_dmi_exit,chop,B,False,-0.1203225585116033,-29.35870427683122,0.7847231299022951,0.290983606557377,-1.7784645207675709,-6.775579355480823,36.66136400810537,18.114404852220144,-0.8008077460058598,244,172,72,39,1.0,0.05,1.45,2.0,1.5,"{""base"": {""fma_adx_length"": 2, ""fma_ma_length"": 60, ""fma_weighting"": 10}, ""c1"": {""long_p"": 7, ""medium"": 10}, ""c2"": {""long_cycle"": 428, ""sharpness"": 40, ""short_cycle"": 6}, ""exit_ind"": {""adx_smoothing"": 14, ""adx_threshold"": 25, ""di_length"": 14}, ""vol"": {""bbLen"": 3, ""bbStd"": 6, ""fastEma"": 20, ""sensitivity"": 122, ""slowEma"": 9}}","{""base"": {""fma_adx_length"": 2, ""fma_ma_length"": 60, ""fma_weighting"": 10}, ""c1"": {""long_p"": 37, ""medium"": 10}, ""c2"": {""long_cycle"": 80, ""sharpness"": 40, ""short_cycle"": 8}, ""exit_ind"": {""adx_smoothing"": 14, ""adx_threshold"": 25, ""di_length"": 14}, ""vol"": {""bbLen"": 20, ""bbStd"": 2, ""fastEma"": 11, ""sensitivity"": 122, ""slowEma"": 400}}","{""atr_len"": 41, ""atr_mult"": 1.0, ""be_pct"": 0.05, ""tp_mult"": 1.55, ""trail_arm"": 2.0, ""trail_mult"": 1.5}",full,full,,0.0295807705904265,0.3681838617883267,,,,,,False,gate2_tuned_modeB.csv,-0.0550301260173602,0.4689961423227244,118,2.308049290023233,-0.0898834986767124,172,0.8371396992774354,-0.1930380903393983,72,0.6646763770228025,True,0.0348533726593522,0.08643066849069514
parabolic_sar_signals,halftrend_signals,chaikin_volatility_volume_signals,rma_baseline,adx_dmi_exit,trend,A,False,-0.1523529994702968,-39.91648586121776,0.5829511365694757,0.2251908396946564,-3.662601308697877,-25.198389458273574,42.66197403231048,26.450618459735814,-0.9356455430540228,262,128,134,4,1.0,0.04,2.35,1.0,1.8,"{""base"": {""ma_length"": 20}, ""c1"": {""sar_increment"": 0.00462, ""sar_maximum"": 0.070224, ""sar_start"": 0.02}, ""c2"": {""amplitude"": 41}, ""exit_ind"": {""adx_smoothing"": 14, ""adx_threshold"": 25, ""di_length"": 14}, ""vol"": {""cvi_len"": 28, ""roc_len"": 22}}","{""base"": {""ma_length"": 25}, ""c1"": {""sar_increment"": 0.007022, ""sar_maximum"": 0.106734, ""sar_start"": 0.00304}, ""c2"": {""amplitude"": 18}, ""exit_ind"": {""adx_smoothing"": 14, ""adx_threshold"": 25, ""di_length"": 14}, ""vol"": {""cvi_len"": 5, ""roc_len"": 120}}","{""atr_len"": 42, ""atr_mult"": 1.0, ""be_pct"": 0.09, ""tp_mult"": 2.45, ""trail_arm"": 1.0, ""trail_mult"": 1.65}",full,full,,0.1259262244453596,0.4591016975728149,,,,,,False,gate2_tuned_modeA_trend.csv,-0.079791769928434,0.4777261538288879,124,3.049880479827356,-0.1918450544988452,128,0.5156725943767082,-0.1146292454131758,134,0.6587368394362181,True,0.03483747548474181,0.07344538002757652
price_momentum_oscillator_signals,center_of_gravity_signals,waddah_attar_explosion_volume_signals,frama_baseline,adx_dmi_exit,trend,A,False,-0.1477170645332547,-19.49865251838963,0.6313310346751971,0.1666666666666666,-3.0841511859905175,-56.43981352635994,19.89580033166564,11.775399652651272,-0.9800386108296472,132,68,64,15,1.0,0.01,2.8,1.25,1.15,"{""base"": {""length"": 2}, ""c1"": {""s1"": 35, ""s2"": 20, ""sig"": 10}, ""c2"": {""length"": 2, ""signal_length"": 3}, ""exit_ind"": {""adx_smoothing"": 14, ""adx_threshold"": 25, ""di_length"": 14}, ""vol"": {""bbLen"": 25, ""bbStd"": 2, ""fastEma"": 20, ""sensitivity"": 150, ""slowEma"": 32}}","{""base"": {""length"": 8}, ""c1"": {""s1"": 35, ""s2"": 20, ""sig"": 10}, ""c2"": {""length"": 28, ""signal_length"": 13}, ""exit_ind"": {""adx_smoothing"": 14, ""adx_threshold"": 25, ""di_length"": 14}, ""vol"": {""bbLen"": 2, ""bbStd"": 2, ""fastEma"": 16, ""sensitivity"": 35, ""slowEma"": 40}}","{""atr_len"": 35, ""atr_mult"": 1.0, ""be_pct"": 0.05, ""tp_mult"": 3.0, ""trail_arm"": 2.0, ""trail_mult"": 1.0}",full,full,,0.1280315697068141,0.3611936087478004,,,,,,False,gate2_tuned_modeA_trend.csv,-0.079791769928434,0.392263952355893,134,2.371237123478902,-0.1789097726910949,68,0.5655048377501977,-0.1145748121155495,64,0.7053842102955097,True,0.034783042187115504,0.06695052247488821
linreg_slope_signals,bears_bulls_impulse_signals,variance_volume_signals,rma_baseline,adx_dmi_exit,trend,A,False,-0.1270614928368947,-21.34633079659832,0.6290921575617426,0.2142857142857142,-3.166500442891861,-14.499351605357466,22.69107650039412,11.853593397725692,-0.9407368044538372,168,106,62,27,1.0,0.04,2.55,1.0,1.8,"{""base"": {""ma_length"": 16}, ""c1"": {""length"": 14, ""r2_floor"": 0.2}, ""c2"": {""length"": 5}, ""exit_ind"": {""adx_smoothing"": 14, ""adx_threshold"": 25, ""di_length"": 14}, ""vol"": {""ema_len"": 4, ""filter_lookback"": 7, ""hline"": 0, ""lookback"": 3}}","{""base"": {""ma_length"": 25}, ""c1"": {""length"": 14, ""r2_floor"": 0.2}, ""c2"": {""length"": 11}, ""exit_ind"": {""adx_smoothing"": 14, ""adx_threshold"": 25, ""di_length"": 14}, ""vol"": {""ema_len"": 19, ""filter_lookback"": 3, ""hline"": 0, ""lookback"": 132}}","{""atr_len"": 50, ""atr_mult"": 1.0, ""be_pct"": 0.05, ""tp_mult"": 2.1, ""trail_arm"": 1.65, ""trail_mult"": 0.75}",full,full,,0.0366912200370027,0.3794981187574381,,,,,,False,gate2_tuned_modeA_trend.csv,-0.079791769928434,0.3454045503750403,110,2.461326943894401,-0.1344574131949751,106,0.6164925929995567,-0.114416854805338,62,0.6520587528752452,True,0.03462508487690401,0.04464536407172255
kase_peak_oscillator_signals,linreg_slope_signals,volatility_ratio_volume_signals,ema_baseline,adx_dmi_exit,chop,B,False,-0.1035548528894156,-26.406487486800977,0.8170760076905043,0.2823529411764706,-1.4040114040795617,-5.703685780311153,29.87035623219312,17.12518549796915,-0.8840365773187894,255,93,162,42,1.05,0.05,1.5,2.0,1.5,"{""base"": {""ma_length"": 25}, ""c1"": {""long_cycle"": 23, ""sharpness"": 40, ""short_cycle"": 8}, ""c2"": {""length"": 3, ""r2_floor"": 0.865752}, ""exit_ind"": {""adx_smoothing"": 14, ""adx_threshold"": 25, ""di_length"": 14}, ""vol"": {""length"": 2}}","{""base"": {""ma_length"": 25}, ""c1"": {""long_cycle"": 10, ""sharpness"": 40, ""short_cycle"": 8}, ""c2"": {""length"": 92, ""r2_floor"": 0.246569}, ""exit_ind"": {""adx_smoothing"": 14, ""adx_threshold"": 25, ""di_length"": 14}, ""vol"": {""length"": 17}}","{""atr_len"": 24, ""atr_mult"": 1.0, ""be_pct"": 0.05, ""tp_mult"": 2.65, ""trail_arm"": 2.0, ""trail_mult"": 1.5}",full,full,,0.0359908154649407,0.2757423686286846,,,,,,False,gate2_tuned_modeB.csv,-0.0550301260173602,0.5613180493833969,104,2.2902303294226907,-0.1280371169108891,93,0.7962103000348353,-0.0895002198400511,162,0.8312645247191618,True,0.0344700938226909,0.053738542358109896
ichimoku_signals,mama_fama_signals,chaikin_volatility_volume_signals,rma_baseline,adx_dmi_exit,trend,A,False,-0.1285408626717086,-21.33778320350364,0.6613050285158156,0.180722891566265,-2.7686082236810883,,33.93150534166684,18.549429495393625,-0.6288487053152193,166,112,54,4,1.0,0.05,2.2,1.95,2.0,"{""base"": {""ma_length"": 20}, ""c1"": {""base_len"": 14, ""conversion_len"": 9, ""displacement"": 74, ""span_b_len"": 52}, ""c2"": {""fast_limit"": 0.5, ""slow_limit"": 0.5}, ""exit_ind"": {""adx_smoothing"": 14, ""adx_threshold"": 25, ""di_length"": 14}, ""vol"": {""cvi_len"": 43, ""roc_len"": 10}}","{""base"": {""ma_length"": 57}, ""c1"": {""base_len"": 26, ""conversion_len"": 11, ""displacement"": 32, ""span_b_len"": 52}, ""c2"": {""fast_limit"": 1.424018, ""slow_limit"": 0.216438}, ""exit_ind"": {""adx_smoothing"": 14, ""adx_threshold"": 25, ""di_length"": 14}, ""vol"": {""cvi_len"": 4, ""roc_len"": 52}}","{""atr_len"": 33, ""atr_mult"": 1.05, ""be_pct"": 0.01, ""tp_mult"": 2.9, ""trail_arm"": 2.0, ""trail_mult"": 0.5}",full,full,,0.2776531363351689,1.2477629678927054,,,,,,False,gate2_tuned_modeA_trend.csv,-0.079791769928434,0.5509744638069184,100,3.2038978552276784,-0.1355098560449232,112,0.6550658209765595,-0.1140866541939304,54,0.6757537196593557,True,0.0342948842654964,0.045006485190992804
chandelier_exit_signals,fx_sniper_ergodic_cci_signals,fractal_dimension_volume_signals,sma_baseline,adx_dmi_exit,trend,A,False,-0.1636359076027841,-21.599939803567505,0.5404268126900534,0.2272727272727272,-4.25953202010493,,24.902152818267673,12.991396018199348,-0.8673924684825748,132,80,52,4,1.0,0.05,1.6,1.05,0.5,"{""base"": {""length"": 16}, ""c1"": {""atr_mult"": 6, ""atr_period"": 5}, ""c2"": {""cci_length"": 17, ""ema1_length"": 6, ""ema2_length"": 3, ""trigger_length"": 6}, ""exit_ind"": {""adx_smoothing"": 14, ""adx_threshold"": 25, ""di_length"": 14}, ""vol"": {""fd_threshold"": 1.5, ""length"": 11}}","{""base"": {""length"": 16}, ""c1"": {""atr_mult"": 3, ""atr_period"": 22}, ""c2"": {""cci_length"": 14, ""ema1_length"": 6, ""ema2_length"": 4, ""trigger_length"": 6}, ""exit_ind"": {""adx_smoothing"": 14, ""adx_threshold"": 25, ""di_length"": 14}, ""vol"": {""fd_threshold"": 1.5, ""length"": 3}}","{""atr_len"": 39, ""atr_mult"": 1.0, ""be_pct"": 0.05, ""tp_mult"": 1.75, ""trail_arm"": 1.8, ""trail_mult"": 1.4}",full,full,,0.0690995066439858,1.0869794275001052,,,,,,False,gate2_tuned_modeA_trend.csv,-0.079791769928434,0.2536377830836591,108,2.0449817173900926,-0.1140224278510116,80,0.6621557693303364,-0.2399643379901264,52,0.3760927212256715,True,0.03423065792257761,0.09720161299213499
dpo_signals,dspo_signals,variance_volume_signals,rma_baseline,adx_dmi_exit,trend,A,False,-0.1397978287119549,-22.6472482513367,0.5831196059796047,0.2160493827160493,-3.5614802865068858,-17.839968414648677,27.340440376854712,14.024907048321598,-0.8283424823876986,162,106,56,28,1.0,0.05,2.05,1.25,1.5,"{""base"": {""ma_length"": 20}, ""c1"": {""len"": 216}, ""c2"": {""len"": 11}, ""exit_ind"": {""adx_smoothing"": 14, ""adx_threshold"": 25, ""di_length"": 14}, ""vol"": {""ema_len"": 10, ""filter_lookback"": 87, ""hline"": 0, ""lookback"": 25}}","{""base"": {""ma_length"": 20}, ""c1"": {""len"": 62}, ""c2"": {""len"": 92}, ""exit_ind"": {""adx_smoothing"": 14, ""adx_threshold"": 25, ""di_length"": 14}, ""vol"": {""ema_len"": 2, ""filter_lookback"": 2, ""hline"": 0, ""lookback"": 57}}","{""atr_len"": 24, ""atr_mult"": 1.05, ""be_pct"": 0.01, ""tp_mult"": 2.4, ""trail_arm"": 1.0, ""trail_mult"": 0.55}",full,full,,0.1400753910193095,0.7361545392290713,,,,,,False,gate2_tuned_modeA_trend.csv,-0.079791769928434,0.354155059152469,142,2.70613322267179,-0.1139281369941688,106,0.6501957492095294,-0.1887654594634785,56,0.4661791311370556,True,0.03413636706573481,0.07155502830038966
schaff_trend_cycle_signals,dpo_signals,variance_volume_signals,sma_baseline,adx_dmi_exit,trend,A,False,-0.1610021141846669,-22.8623002142227,0.5136454687658305,0.2253521126760563,-4.148235552854544,-17.091507061378874,23.026519963479508,12.584958587025108,-0.9928682341266823,142,78,64,2,1.0,0.01,2.45,1.0,1.75,"{""base"": {""length"": 37}, ""c1"": {""cycleLen"": 10, ""d1"": 3, ""d2"": 3, ""lowerBand"": 25, ""macdFast"": 19, ""macdSlow"": 216, ""stc_midline"": 41, ""upperBand"": 75}, ""c2"": {""len"": 216}, ""exit_ind"": {""adx_smoothing"": 14, ""adx_threshold"": 25, ""di_length"": 14}, ""vol"": {""ema_len"": 19, ""filter_lookback"": 200, ""hline"": 0, ""lookback"": 20}}","{""base"": {""length"": 20}, ""c1"": {""cycleLen"": 10, ""d1"": 4, ""d2"": 3, ""lowerBand"": 25, ""macdFast"": 23, ""macdSlow"": 142, ""stc_midline"": 18, ""upperBand"": 75}, ""c2"": {""len"": 62}, ""exit_ind"": {""adx_smoothing"": 14, ""adx_threshold"": 25, ""di_length"": 14}, ""vol"": {""ema_len"": 19, ""filter_lookback"": 87, ""hline"": 0, ""lookback"": 20}}","{""atr_len"": 29, ""atr_mult"": 1.0, ""be_pct"": 0.05, ""tp_mult"": 3.0, ""trail_arm"": 1.15, ""trail_mult"": 1.15}",full,full,,0.3382983186114934,1.396466914157293,,,,,,False,gate2_tuned_modeA_trend.csv,-0.079791769928434,0.547318508551044,102,3.778220451470323,-0.1139259849162029,78,0.6585612086400656,-0.2183761467306075,64,0.3338907019748161,True,0.034134214987768904,0.08635929589497122
hieken_ashi_smoothed_signals,schaff_trend_cycle_signals,fractal_dimension_volume_signals,kama_baseline,adx_dmi_exit,trend,A,False,-0.1303401484492788,-19.81170256429038,0.6353304681888609,0.2236842105263158,-3.108401433916967,-21.07771108384019,20.85612749705948,10.492858432343416,-0.9499223941301492,152,84,68,3,1.0,0.05,2.65,1.15,1.0,"{""base"": {""fast_length"": 2, ""length"": 12, ""slow_length"": 30}, ""c1"": {""alma_offset1"": 0.85, ""alma_offset2"": 0.85, ""alma_sigma1"": 6, ""alma_sigma2"": 6, ""ama_smooth1"": 0.181, ""ama_smooth2"": 0.181, ""frama_t1_a"": 1, ""frama_t1_b"": 168, ""frama_t2_a"": 1, ""frama_t2_b"": 168, ""lsma_offset1"": 0, ""lsma_offset2"": 0, ""ma_len1"": 8, ""ma_len2"": 8, ""vol_factor1"": 0.82, ""vol_factor2"": 0.82}, ""c2"": {""cycleLen"": 10, ""d1"": 3, ""d2"": 3, ""lowerBand"": 25, ""macdFast"": 2, ""macdSlow"": 12, ""stc_midline"": 62, ""upperBand"": 75}, ""exit_ind"": {""adx_smoothing"": 14, ""adx_threshold"": 25, ""di_length"": 14}, ""vol"": {""fd_threshold"": 1.5, ""length"": 24}}","{""base"": {""fast_length"": 2, ""length"": 12, ""slow_length"": 30}, ""c1"": {""alma_offset1"": 0.85, ""alma_offset2"": 0.85, ""alma_sigma1"": 6, ""alma_sigma2"": 6, ""ama_smooth1"": 0.181, ""ama_smooth2"": 0.181, ""frama_t1_a"": 1, ""frama_t1_b"": 168, ""frama_t2_a"": 1, ""frama_t2_b"": 168, ""lsma_offset1"": 0, ""lsma_offset2"": 0, ""ma_len1"": 8, ""ma_len2"": 8, ""vol_factor1"": 0.287918, ""vol_factor2"": 0.82}, ""c2"": {""cycleLen"": 10, ""d1"": 3, ""d2"": 3, ""lowerBand"": 25, ""macdFast"": 19, ""macdSlow"": 62, ""stc_midline"": 18, ""upperBand"": 75}, ""exit_ind"": {""adx_smoothing"": 14, ""adx_threshold"": 25, ""di_length"": 14}, ""vol"": {""fd_threshold"": 1.5, ""length"": 3}}","{""atr_len"": 34, ""atr_mult"": 1.05, ""be_pct"": 0.01, ""tp_mult"": 2.6, ""trail_arm"": 1.0, ""trail_mult"": 0.95}",full,full,,0.1116607463389172,1.8213950659195832,,,,,,False,gate2_tuned_modeA_trend.csv,-0.079791769928434,0.4821523614415016,102,3.005740270303579,-0.1136057510416177,84,0.6878194282142605,-0.1510120511293307,68,0.5677988606612095,True,0.033813981113183705,0.052517131157040195
coppock_curve_signals,fx_sniper_ergodic_cci_signals,variance_volume_signals,alma_baseline,adx_dmi_exit,trend,A,False,-0.1227939299968388,-46.90728125879245,0.6455579810247977,0.2303664921465968,-2.57163479601124,-15.502232531742186,49.260055414307374,25.250665259816355,-0.952237687600498,382,312,70,3,1.0,0.03,1.4,1.0,1.05,"{""base"": {""length"": 9, ""offset"": 0.085, ""sigma"": 6}, ""c1"": {""long_roc"": 17, ""short_roc"": 14, ""smooth_len"": 12}, ""c2"": {""cci_length"": 14, ""ema1_length"": 5, ""ema2_length"": 3, ""trigger_length"": 9}, ""exit_ind"": {""adx_smoothing"": 14, ""adx_threshold"": 25, ""di_length"": 14}, ""vol"": {""ema_len"": 12, ""filter_lookback"": 25, ""hline"": 0, ""lookback"": 132}}","{""base"": {""length"": 26, ""offset"": 0.298451, ""sigma"": 3}, ""c1"": {""long_roc"": 14, ""short_roc"": 11, ""smooth_len"": 10}, ""c2"": {""cci_length"": 3, ""ema1_length"": 4, ""ema2_length"": 4, ""trigger_length"": 3}, ""exit_ind"": {""adx_smoothing"": 14, ""adx_threshold"": 25, ""di_length"": 14}, ""vol"": {""ema_len"": 12, ""filter_lookback"": 5, ""hline"": 0, ""lookback"": 132}}","{""atr_len"": 40, ""atr_mult"": 1.0, ""be_pct"": 0.13, ""tp_mult"": 3.0, ""trail_arm"": 1.75, ""trail_mult"": 1.45}",full,full,,0.071017586138436,0.6456064375283304,,,,,,False,gate2_tuned_modeA_trend.csv,-0.079791769928434,0.3355201325440694,290,2.4049430679564603,-0.113597351295705,312,0.6667107911554799,-0.1637843950647493,70,0.5590420132872129,True,0.033805581367271006,0.058899103251793164
fx_sniper_ergodic_cci_signals,supertrend_signals,fractal_dimension_volume_signals,ema_baseline,adx_dmi_exit,trend,A,False,-0.1512660884497906,-32.068410751355614,0.5365669703037123,0.2547169811320754,-4.250160434762332,-20.20726807629003,36.237121348068264,19.64853861791345,-0.8849602164401815,212,142,70,4,1.0,0.01,1.75,1.0,1.25,"{""base"": {""ma_length"": 16}, ""c1"": {""cci_length"": 17, ""ema1_length"": 5, ""ema2_length"": 4, ""trigger_length"": 6}, ""c2"": {""atr_period"": 8, ""factor"": 4}, ""exit_ind"": {""adx_smoothing"": 14, ""adx_threshold"": 25, ""di_length"": 14}, ""vol"": {""fd_threshold"": 1.5, ""length"": 11}}","{""base"": {""ma_length"": 20}, ""c1"": {""cci_length"": 11, ""ema1_length"": 5, ""ema2_length"": 3, ""trigger_length"": 9}, ""c2"": {""atr_period"": 19, ""factor"": 6}, ""exit_ind"": {""adx_smoothing"": 14, ""adx_threshold"": 25, ""di_length"": 14}, ""vol"": {""fd_threshold"": 1.216696, ""length"": 56}}","{""atr_len"": 3, ""atr_mult"": 1.1, ""be_pct"": 0.05, ""tp_mult"": 2.95, ""trail_arm"": 1.0, ""trail_mult"": 1.2}",full,full,,0.1111547150319031,1.1582744141969934,,,,,,False,gate2_tuned_modeA_trend.csv,-0.079791769928434,0.3858054432559089,128,3.1291090857841906,-0.11327705827296,142,0.6371730704907654,-0.228329549665647,70,0.3571837624374546,True,0.03348528834452601,0.0910115340408695
chandelier_exit_signals,vortex_signals,chaikin_volatility_volume_signals,rma_baseline,adx_dmi_exit,trend,A,False,-0.1160320255017685,-18.797188131286497,0.6831218115478463,0.1975308641975308,-2.608595339039977,-55.68187690864023,19.69930116744803,8.483361449925862,-0.9542058356033346,162,80,82,27,1.0,0.01,2.3,1.95,1.6,"{""base"": {""ma_length"": 20}, ""c1"": {""atr_mult"": 9, ""atr_period"": 3}, ""c2"": {""period"": 14}, ""exit_ind"": {""adx_smoothing"": 14, ""adx_threshold"": 25, ""di_length"": 14}, ""vol"": {""cvi_len"": 19, ""roc_len"": 34}}","{""base"": {""ma_length"": 132}, ""c1"": {""atr_mult"": 4, ""atr_period"": 95}, ""c2"": {""period"": 92}, ""exit_ind"": {""adx_smoothing"": 14, ""adx_threshold"": 25, ""di_length"": 14}, ""vol"": {""cvi_len"": 28, ""roc_len"": 10}}","{""atr_len"": 48, ""atr_mult"": 1.0, ""be_pct"": 0.01, ""tp_mult"": 2.5, ""trail_arm"": 1.45, ""trail_mult"": 0.6}",full,full,,0.0860153312991413,0.4584883514296515,,,,,,False,gate2_tuned_modeA_trend.csv,-0.079791769928434,0.3289535474290204,108,2.3095053198223083,-0.1130454884391112,80,0.7017261360198203,-0.1189457201970438,82,0.6636707222014624,True,0.03325371851067721,0.036203834389643516
donchian_breakout_signals,ssl_channel_signals,variance_volume_signals,ema_baseline,adx_dmi_exit,chop,B,False,-0.1021155873110508,-21.24004216069858,0.8233410211292806,0.2403846153846154,-1.2574129282842874,-5.205055994504146,27.373640846845017,16.57066804287372,-0.775930475581827,208,120,88,5,1.0,0.05,2.7,2.0,1.5,"{""base"": {""ma_length"": 37}, ""c1"": {""length"": 20}, ""c2"": {""len"": 10}, ""exit_ind"": {""adx_smoothing"": 14, ""adx_threshold"": 25, ""di_length"": 14}, ""vol"": {""ema_len"": 8, ""filter_lookback"": 200, ""hline"": 0, ""lookback"": 37}}","{""base"": {""ma_length"": 25}, ""c1"": {""length"": 20}, ""c2"": {""len"": 12}, ""exit_ind"": {""adx_smoothing"": 14, ""adx_threshold"": 25, ""di_length"": 14}, ""vol"": {""ema_len"": 19, ""filter_lookback"": 37, ""hline"": 0, ""lookback"": 87}}","{""atr_len"": 45, ""atr_mult"": 1.0, ""be_pct"": 0.05, ""tp_mult"": 2.3, ""trail_arm"": 2.0, ""trail_mult"": 1.5}",full,full,,0.1042182779513691,0.4950414586832107,,,,,,False,gate2_tuned_modeB.csv,-0.0550301260173602,0.3330017111677935,140,1.7374044570419298,-0.1123421629758132,120,0.8004775427491313,-0.0881702568591021,88,0.8526736054865739,True,0.033140130841741895,0.04522608390009745
qqe_mod_signals,halftrend_signals,variance_volume_signals,rma_baseline,adx_dmi_exit,trend,A,False,-0.1451630420645902,-31.06489100182231,0.5974020012597502,0.2476635514018691,-3.6232692906877224,-35.61227077770987,33.36828648225542,17.147942019593668,-0.9309705195183454,214,142,72,6,1.0,0.01,1.8,1.0,0.55,"{""base"": {""ma_length"": 20}, ""c1"": {""fast_factor"": 0.859209, ""rsi_len"": 6, ""rsi_period"": 7}, ""c2"": {""amplitude"": 27}, ""exit_ind"": {""adx_smoothing"": 14, ""adx_threshold"": 25, ""di_length"": 14}, ""vol"": {""ema_len"": 19, ""filter_lookback"": 200, ""hline"": 0, ""lookback"": 20}}","{""base"": {""ma_length"": 25}, ""c1"": {""fast_factor"": 1.61, ""rsi_len"": 5, ""rsi_period"": 6}, ""c2"": {""amplitude"": 27}, ""exit_ind"": {""adx_smoothing"": 14, ""adx_threshold"": 25, ""di_length"": 14}, ""vol"": {""ema_len"": 4, ""filter_lookback"": 2, ""hline"": 0, ""lookback"": 200}}","{""atr_len"": 47, ""atr_mult"": 1.0, ""be_pct"": 0.19, ""tp_mult"": 2.5, ""trail_arm"": 1.05, ""trail_mult"": 0.9}",full,full,,0.2899671436255765,0.7653171639665077,,,,,,False,gate2_tuned_modeA_trend.csv,-0.079791769928434,0.5195277993235587,116,4.0453407034020525,-0.161587874870858,142,0.5663529540028934,-0.1127696218077841,72,0.6651549579447357,True,0.03297785187935011,0.05738697841088704
kase_peak_oscillator_signals,center_of_gravity_signals,variance_volume_signals,sma_baseline,adx_dmi_exit,trend,A,False,-0.13644228378145,-25.105380215786813,0.6507821600524811,0.1956521739130435,-2.6918997473267816,-34.37903343124765,27.18837770603572,13.17459377165004,-0.9233864737068704,184,134,50,34,1.0,0.01,2.9,1.75,1.9,"{""base"": {""length"": 20}, ""c1"": {""long_cycle"": 650, ""sharpness"": 40, ""short_cycle"": 15}, ""c2"": {""length"": 66, ""signal_length"": 3}, ""exit_ind"": {""adx_smoothing"": 14, ""adx_threshold"": 25, ""di_length"": 14}, ""vol"": {""ema_len"": 28, ""filter_lookback"": 200, ""hline"": 0, ""lookback"": 16}}","{""base"": {""length"": 20}, ""c1"": {""long_cycle"": 80, ""sharpness"": 40, ""short_cycle"": 15}, ""c2"": {""length"": 28, ""signal_length"": 9}, ""exit_ind"": {""adx_smoothing"": 14, ""adx_threshold"": 25, ""di_length"": 14}, ""vol"": {""ema_len"": 12, ""filter_lookback"": 20, ""hline"": 0, ""lookback"": 132}}","{""atr_len"": 16, ""atr_mult"": 1.0, ""be_pct"": 0.05, ""tp_mult"": 3.0, ""trail_arm"": 2.0, ""trail_mult"": 0.6}",full,full,,0.1266100389907837,1.1615963472943098,,,,,,False,gate2_tuned_modeA_trend.csv,-0.079791769928434,0.3956624848527374,122,2.5572312328037947,-0.1126603086085361,134,0.7090693782673253,-0.2001779772448594,50,0.4995550568878522,True,0.0328685386801021,0.07662737299826373
j_tpo_signals,dpo_signals,variance_volume_signals,sma_baseline,adx_dmi_exit,trend,A,False,-0.122148258103425,-34.690105301372725,0.6647032410418736,0.204225352112676,-2.587288955860223,-18.208054968000823,38.70341400798918,22.84146194097425,-0.8963060802391224,284,174,110,2,1.0,0.01,2.5,1.75,1.95,"{""base"": {""length"": 20}, ""c1"": {""ema_len"": 200, ""len"": 21}, ""c2"": {""len"": 500}, ""exit_ind"": {""adx_smoothing"": 14, ""adx_threshold"": 25, ""di_length"": 14}, ""vol"": {""ema_len"": 8, ""filter_lookback"": 200, ""hline"": 0, ""lookback"": 25}}","{""base"": {""length"": 20}, ""c1"": {""ema_len"": 200, ""len"": 32}, ""c2"": {""len"": 62}, ""exit_ind"": {""adx_smoothing"": 14, ""adx_threshold"": 25, ""di_length"": 14}, ""vol"": {""ema_len"": 4, ""filter_lookback"": 87, ""hline"": 0, ""lookback"": 25}}","{""atr_len"": 45, ""atr_mult"": 1.0, ""be_pct"": 0.02, ""tp_mult"": 2.85, ""trail_arm"": 1.25, ""trail_mult"": 1.2}",full,full,,0.1632707211557876,0.977758943020085,,,,,,False,gate2_tuned_modeA_trend.csv,-0.079791769928434,0.4266572721452425,188,2.726531379746743,-0.128244341335831,174,0.6756444022636544,-0.1125053628085284,110,0.6429889726788677,True,0.0327135928800944,0.040583082143745716
ehlers_reverse_ema_signals,fx_sniper_ergodic_cci_signals,efficiency_ratio_volume_signals,fantail_vma,adx_dmi_exit,trend,A,False,-0.1760039432391223,-40.48090694499814,0.5337362251891223,0.1826086956521739,-4.225307946724734,-45.466790259163304,42.93125219052905,28.173027346958772,-0.9429239744823592,230,114,116,4,1.0,0.01,1.6,1.95,0.95,"{""base"": {""fma_adx_length"": 6, ""fma_ma_length"": 6, ""fma_weighting"": 8}, ""c1"": {""alpha"": 0.1}, ""c2"": {""cci_length"": 3, ""ema1_length"": 6, ""ema2_length"": 3, ""trigger_length"": 6}, ""exit_ind"": {""adx_smoothing"": 14, ""adx_threshold"": 25, ""di_length"": 14}, ""vol"": {""er_threshold"": 0.369854, ""length"": 10}}","{""base"": {""fma_adx_length"": 2, ""fma_ma_length"": 6, ""fma_weighting"": 8}, ""c1"": {""alpha"": 0.187382}, ""c2"": {""cci_length"": 11, ""ema1_length"": 6, ""ema2_length"": 3, ""trigger_length"": 6}, ""exit_ind"": {""adx_smoothing"": 14, ""adx_threshold"": 25, ""di_length"": 14}, ""vol"": {""er_threshold"": 0.3, ""length"": 12}}","{""atr_len"": 31, ""atr_mult"": 1.0, ""be_pct"": 0.01, ""tp_mult"": 2.55, ""trail_arm"": 1.7, ""trail_mult"": 1.05}",full,full,,0.1839267320072267,0.598693814564464,,,,,,False,gate2_tuned_modeA_trend.csv,-0.079791769928434,0.2953476226527928,146,2.082528428262044,-0.2406740034597392,114,0.4206528978182186,-0.1124488840567919,116,0.6694486409532271,True,0.03265711412835791,0.09676967382983155
ssl_channel_signals,kuskus_starlight_signals,variance_volume_signals,tma_baseline,adx_dmi_exit,trend,A,False,-0.1271377269291462,-27.716024470553876,0.6485967364627094,0.2201834862385321,-2.895641355021269,-23.911347975127907,34.916565109955215,19.88702319226884,-0.7937786658932163,218,142,76,4,1.05,0.01,2.05,1.6,1.3,"{""base"": {""length"": 20}, ""c1"": {""len"": 10}, ""c2"": {""index_smooth"": 0.567792, ""price_smooth"": 0.245783, ""range_periods"": 37}, ""exit_ind"": {""adx_smoothing"": 14, ""adx_threshold"": 25, ""di_length"": 14}, ""vol"": {""ema_len"": 12, ""filter_lookback"": 200, ""hline"": 0, ""lookback"": 25}}","{""base"": {""length"": 57}, ""c1"": {""len"": 66}, ""c2"": {""index_smooth"": 0.7, ""price_smooth"": 0.7, ""range_periods"": 5}, ""exit_ind"": {""adx_smoothing"": 14, ""adx_threshold"": 25, ""di_length"": 14}, ""vol"": {""ema_len"": 19, ""filter_lookback"": 11, ""hline"": 0, ""lookback"": 132}}","{""atr_len"": 4, ""atr_mult"": 1.0, ""be_pct"": 0.16, ""tp_mult"": 2.6, ""trail_arm"": 1.6, ""trail_mult"": 0.65}",full,full,,0.0556713552422994,0.9364791361299036,,,,,,False,gate2_tuned_modeA_trend.csv,-0.079791769928434,0.4538416386098137,154,2.8812148262045607,-0.135011047259224,142,0.6554738617063735,-0.1124270494703167,76,0.6321202786330672,True,0.03263527954188271,0.043927278436336356
qqe_mod_signals,hieken_ashi_smoothed_signals,variance_volume_signals,tma_baseline,adx_dmi_exit,trend,A,False,-0.1429177945168945,-22.295175944635535,0.6284137342560747,0.2115384615384615,-3.136858716871185,,26.4706963014032,14.213220722192936,-0.842258763833639,156,90,66,4,1.0,0.01,2.0,1.8,1.95,"{""base"": {""length"": 37}, ""c1"": {""fast_factor"": 1.984883, ""rsi_len"": 50, ""rsi_period"": 60}, ""c2"": {""alma_offset1"": 0.85, ""alma_offset2"": 0.85, ""alma_sigma1"": 6, ""alma_sigma2"": 6, ""ama_smooth1"": 0.181, ""ama_smooth2"": 0.181, ""frama_t1_a"": 1, ""frama_t1_b"": 168, ""frama_t2_a"": 1, ""frama_t2_b"": 168, ""lsma_offset1"": 0, ""lsma_offset2"": 0, ""ma_len1"": 53, ""ma_len2"": 80, ""vol_factor1"": 8.2, ""vol_factor2"": 0.665127}, ""exit_ind"": {""adx_smoothing"": 14, ""adx_threshold"": 25, ""di_length"": 14}, ""vol"": {""ema_len"": 10, ""filter_lookback"": 200, ""hline"": 0, ""lookback"": 25}}","{""base"": {""length"": 20}, ""c1"": {""fast_factor"": 1.61, ""rsi_len"": 9, ""rsi_period"": 7}, ""c2"": {""alma_offset1"": 0.85, ""alma_offset2"": 0.85, ""alma_sigma1"": 6, ""alma_sigma2"": 6, ""ama_smooth1"": 0.181, ""ama_smooth2"": 0.181, ""frama_t1_a"": 1, ""frama_t1_b"": 168, ""frama_t2_a"": 1, ""frama_t2_b"": 168, ""lsma_offset1"": 0, ""lsma_offset2"": 0, ""ma_len1"": 8, ""ma_len2"": 8, ""vol_factor1"": 0.082, ""vol_factor2"": 0.82}, ""exit_ind"": {""adx_smoothing"": 14, ""adx_threshold"": 25, ""di_length"": 14}, ""vol"": {""ema_len"": 10, ""filter_lookback"": 132, ""hline"": 0, ""lookback"": 16}}","{""atr_len"": 50, ""atr_mult"": 1.0, ""be_pct"": 0.05, ""tp_mult"": 2.1, ""trail_arm"": 1.75, ""trail_mult"": 1.65}",full,full,,0.0687138167930939,1.2121141150313737,,,,,,False,gate2_tuned_modeA_trend.csv,-0.079791769928434,0.4767779682413514,108,3.331452343266521,-0.165299882224985,90,0.5867502944375377,-0.1123967658240437,66,0.6909088939838801,True,0.03260499589560971,0.05905655409608036
dspo_signals,chandelier_exit_signals,chaikin_volatility_volume_signals,rma_baseline,adx_dmi_exit,trend,A,False,-0.1427326540389977,-24.8354818027856,0.6339204843392596,0.1954022988505747,-3.059182568001868,-52.43227784087299,28.117333227395,13.991338422112715,-0.8832801319361304,174,110,64,37,1.0,0.1,2.45,1.8,0.7,"{""base"": {""ma_length"": 25}, ""c1"": {""len"": 40}, ""c2"": {""atr_mult"": 3, ""atr_period"": 5}, ""exit_ind"": {""adx_smoothing"": 14, ""adx_threshold"": 25, ""di_length"": 14}, ""vol"": {""cvi_len"": 28, ""roc_len"": 34}}","{""base"": {""ma_length"": 132}, ""c1"": {""len"": 11}, ""c2"": {""atr_mult"": 6, ""atr_period"": 18}, ""exit_ind"": {""adx_smoothing"": 14, ""adx_threshold"": 25, ""di_length"": 14}, ""vol"": {""cvi_len"": 5, ""roc_len"": 22}}","{""atr_len"": 50, ""atr_mult"": 1.0, ""be_pct"": 0.01, ""tp_mult"": 2.55, ""trail_arm"": 2.0, ""trail_mult"": 0.5}",full,full,,0.0462471444125374,0.7757264982341667,,,,,,False,gate2_tuned_modeA_trend.csv,-0.079791769928434,0.4529160065718753,108,2.881343411913946,-0.1123065086198774,110,0.7011807584282808,-0.1950275914781106,64,0.5289899677509776,True,0.032514738691443404,0.07387528012056001
ehlers_reverse_ema_signals,fx_sniper_ergodic_cci_signals,chaikin_volatility_volume_signals,hma_baseline,adx_dmi_exit,trend,A,False,-0.1222758950297483,-84.85947115064535,0.6400219778861472,0.2420749279538905,-3.0197750219047315,-22.81276671384865,88.48339321067984,53.480014673645265,-0.9590440428589138,694,250,444,3,1.0,0.17,1.3,1.9,1.4,"{""base"": {""ma_length"": 20}, ""c1"": {""alpha"": 0.1}, ""c2"": {""cci_length"": 17, ""ema1_length"": 4, ""ema2_length"": 3, ""trigger_length"": 9}, ""exit_ind"": {""adx_smoothing"": 14, ""adx_threshold"": 25, ""di_length"": 14}, ""vol"": {""cvi_len"": 28, ""roc_len"": 120}}","{""base"": {""ma_length"": 87}, ""c1"": {""alpha"": 0.035112}, ""c2"": {""cci_length"": 26, ""ema1_length"": 4, ""ema2_length"": 3, ""trigger_length"": 4}, ""exit_ind"": {""adx_smoothing"": 14, ""adx_threshold"": 25, ""di_length"": 14}, ""vol"": {""cvi_len"": 100, ""roc_len"": 79}}","{""atr_len"": 21, ""atr_mult"": 1.25, ""be_pct"": 0.01, ""tp_mult"": 2.85, ""trail_arm"": 2.0, ""trail_mult"": 0.95}",full,full,,0.0849542266122537,0.1476686145634823,,,,,,False,gate2_tuned_modeA_trend.csv,-0.079791769928434,0.2917444566506645,304,2.188714474033315,-0.1401056492107616,250,0.626319486516283,-0.1122366190269255,444,0.6490668329418819,True,0.032444849098491504,0.04637936419040957
price_momentum_oscillator_signals,coppock_curve_signals,variance_volume_signals,rma_baseline,adx_dmi_exit,trend,A,False,-0.1836738439231331,-21.673513582929708,0.5502905687880029,0.1610169491525423,-3.387068743167458,-72.57282417147186,28.500864063134784,16.180750262783782,-0.7604511054443399,118,66,52,2,1.0,0.05,3.0,1.35,2.0,"{""base"": {""ma_length"": 11}, ""c1"": {""s1"": 350, ""s2"": 87, ""sig"": 10}, ""c2"": {""long_roc"": 14, ""short_roc"": 9, ""smooth_len"": 10}, ""exit_ind"": {""adx_smoothing"": 14, ""adx_threshold"": 25, ""di_length"": 14}, ""vol"": {""ema_len"": 19, ""filter_lookback"": 200, ""hline"": 0, ""lookback"": 16}}","{""base"": {""ma_length"": 20}, ""c1"": {""s1"": 35, ""s2"": 20, ""sig"": 10}, ""c2"": {""long_roc"": 14, ""short_roc"": 11, ""smooth_len"": 10}, ""exit_ind"": {""adx_smoothing"": 14, ""adx_threshold"": 25, ""di_length"": 14}, ""vol"": {""ema_len"": 100, ""filter_lookback"": 2, ""hline"": 0, ""lookback"": 132}}","{""atr_len"": 42, ""atr_mult"": 1.0, ""be_pct"": 0.05, ""tp_mult"": 2.35, ""trail_arm"": 1.9, ""trail_mult"": 1.5}",full,full,,0.20368057887931,1.1125803170915176,,,,,,False,gate2_tuned_modeA_trend.csv,-0.079791769928434,0.284386658222734,100,2.022963864129173,-0.1122133302390188,66,0.7212188891579863,-0.2743737266760472,52,0.3403426259135469,True,0.03242156031058481,0.11350175852909901
halftrend_signals,price_momentum_oscillator_signals,variance_volume_signals,kama_baseline,adx_dmi_exit,trend,A,False,-0.118811938646179,-20.4356534471428,0.7016692927424406,0.1802325581395348,-2.288345748914904,,23.64392801236916,14.47367488329342,-0.8643087323075939,172,98,74,5,1.0,0.05,2.75,1.0,1.35,"{""base"": {""fast_length"": 2, ""length"": 28, ""slow_length"": 11}, ""c1"": {""amplitude"": 500}, ""c2"": {""s1"": 8, ""s2"": 20, ""sig"": 10}, ""exit_ind"": {""adx_smoothing"": 14, ""adx_threshold"": 25, ""di_length"": 14}, ""vol"": {""ema_len"": 5, ""filter_lookback"": 200, ""hline"": 0, ""lookback"": 16}}","{""base"": {""fast_length"": 2, ""length"": 28, ""slow_length"": 300}, ""c1"": {""amplitude"": 50}, ""c2"": {""s1"": 12, ""s2"": 20, ""sig"": 10}, ""exit_ind"": {""adx_smoothing"": 14, ""adx_threshold"": 25, ""di_length"": 14}, ""vol"": {""ema_len"": 12, ""filter_lookback"": 11, ""hline"": 0, ""lookback"": 132}}","{""atr_len"": 2, ""atr_mult"": 1.0, ""be_pct"": 0.05, ""tp_mult"": 3.0, ""trail_arm"": 1.55, ""trail_mult"": 1.45}",full,full,,0.1072284288197792,0.6950985192551221,,,,,,False,gate2_tuned_modeA_trend.csv,-0.079791769928434,0.5235310215527085,108,2.88471167758975,-0.112189068435158,98,0.7106702971935394,-0.1275827667634771,74,0.6904549265410718,True,0.032397298506724,0.040094147670883554
j_tpo_signals,vortex_signals,variance_volume_signals,super_smoother_2pole_baseline,adx_dmi_exit,trend,A,False,-0.1324246589133239,-27.54432905397137,0.6412965171919744,0.2067307692307692,-2.8135371113047243,-29.57939498192395,30.123632127154323,18.23105985887924,-0.914376093085472,208,152,56,3,1.0,0.01,1.65,1.0,0.55,"{""base"": {""cutoff_period"": 65}, ""c1"": {""ema_len"": 200, ""len"": 40}, ""c2"": {""period"": 11}, ""exit_ind"": {""adx_smoothing"": 14, ""adx_threshold"": 25, ""di_length"": 14}, ""vol"": {""ema_len"": 28, ""filter_lookback"": 200, ""hline"": 0, ""lookback"": 20}}","{""base"": {""cutoff_period"": 65}, ""c1"": {""ema_len"": 200, ""len"": 75}, ""c2"": {""period"": 17}, ""exit_ind"": {""adx_smoothing"": 14, ""adx_threshold"": 25, ""di_length"": 14}, ""vol"": {""ema_len"": 43, ""filter_lookback"": 132, ""hline"": 0, ""lookback"": 5}}","{""atr_len"": 46, ""atr_mult"": 1.0, ""be_pct"": 0.01, ""tp_mult"": 2.55, ""trail_arm"": 2.0, ""trail_mult"": 1.2}",full,full,,0.1100686718172563,1.3218125576633029,,,,,,False,gate2_tuned_modeA_trend.csv,-0.079791769928434,0.3944834757179011,174,2.59628197150965,-0.1121084915853084,152,0.7042778941761754,-0.1875685416607945,56,0.4519331521915189,True,0.03231672165687441,0.07004674669461745
center_of_gravity_signals,didi_index_signals,efficiency_ratio_volume_signals,kama_baseline,adx_dmi_exit,chop,B,False,-0.0905572558285856,-14.670275444230876,0.8502135763220786,0.2345679012345679,-1.0698396669700636,-5.181839807401526,18.95030011679477,11.924787375411848,-0.7741447551656078,162,86,76,6,1.0,0.05,2.65,2.0,1.5,"{""base"": {""fast_length"": 4, ""length"": 2, ""slow_length"": 24}, ""c1"": {""length"": 12, ""signal_length"": 3}, ""c2"": {""long_p"": 20, ""medium"": 8}, ""exit_ind"": {""adx_smoothing"": 14, ""adx_threshold"": 25, ""di_length"": 14}, ""vol"": {""er_threshold"": 0.369854, ""length"": 10}}","{""base"": {""fast_length"": 20, ""length"": 43, ""slow_length"": 37}, ""c1"": {""length"": 43, ""signal_length"": 4}, ""c2"": {""long_p"": 16, ""medium"": 8}, ""exit_ind"": {""adx_smoothing"": 14, ""adx_threshold"": 25, ""di_length"": 14}, ""vol"": {""er_threshold"": 0.369854, ""length"": 10}}","{""atr_len"": 9, ""atr_mult"": 1.0, ""be_pct"": 0.05, ""tp_mult"": 2.35, ""trail_arm"": 2.0, ""trail_mult"": 1.5}",full,full,,0.021611550195623,0.3357119037035336,,,,,,False,gate2_tuned_modeB.csv,-0.0550301260173602,0.4395157995159655,115,2.0007649414151976,-0.0934300424131382,86,0.840369797201192,-0.0873064710092235,76,0.860621577006293,True,0.03227634499186329,0.03533813069382064
bears_bulls_impulse_signals,polychromatic_momentum_signals,variance_volume_signals,kama_baseline,adx_dmi_exit,chop,B,False,-0.1524658403767668,-32.93262152138163,0.7465407752435578,0.3194444444444444,-2.2263116155830924,-11.130365497803412,38.191646057420016,23.26967618743218,-0.86229908687016,216,142,74,40,1.0,0.05,1.25,2.0,1.5,"{""base"": {""fast_length"": 20, ""length"": 10, ""slow_length"": 85}, ""c1"": {""length"": 16}, ""c2"": {""len"": 14}, ""exit_ind"": {""adx_smoothing"": 14, ""adx_threshold"": 25, ""di_length"": 14}, ""vol"": {""ema_len"": 10, ""filter_lookback"": 20, ""hline"": 0, ""lookback"": 2}}","{""base"": {""fast_length"": 2, ""length"": 19, ""slow_length"": 24}, ""c1"": {""length"": 11}, ""c2"": {""len"": 14}, ""exit_ind"": {""adx_smoothing"": 14, ""adx_threshold"": 25, ""di_length"": 14}, ""vol"": {""ema_len"": 8, ""filter_lookback"": 20, ""hline"": 0, ""lookback"": 132}}","{""atr_len"": 32, ""atr_mult"": 1.0, ""be_pct"": 0.05, ""tp_mult"": 1.5, ""trail_arm"": 2.0, ""trail_mult"": 1.5}",full,full,,0.0831196834497555,0.3357444790888418,,,,,,False,gate2_tuned_modeB.csv,-0.0550301260173602,0.3800348338339208,158,1.9315952685272757,-0.1864685222206058,142,0.7089584750366962,-0.0872174508926432,74,0.8343154431352063,True,0.032187324875282995,0.08181286053926429
polychromatic_momentum_signals,aroon_signals,chaikin_volatility_volume_signals,sma_baseline,adx_dmi_exit,chop,B,False,-0.0979084323506952,-25.65200927588216,0.8220377404564633,0.2175572519083969,-1.1738286812121497,-4.869040996914481,36.41883047260173,18.57696950664519,-0.7043611489715584,262,163,99,4,1.0,0.05,3.0,2.0,1.5,"{""base"": {""length"": 87}, ""c1"": {""len"": 140}, ""c2"": {""length"": 108}, ""exit_ind"": {""adx_smoothing"": 14, ""adx_threshold"": 25, ""di_length"": 14}, ""vol"": {""cvi_len"": 28, ""roc_len"": 10}}","{""base"": {""length"": 20}, ""c1"": {""len"": 2}, ""c2"": {""length"": 20}, ""exit_ind"": {""adx_smoothing"": 14, ""adx_threshold"": 25, ""di_length"": 14}, ""vol"": {""cvi_len"": 43, ""roc_len"": 22}}","{""atr_len"": 32, ""atr_mult"": 1.0, ""be_pct"": 0.05, ""tp_mult"": 3.0, ""trail_arm"": 2.0, ""trail_mult"": 1.5}",full,full,,0.0482755702241708,0.4885337314744286,,,,,,False,gate2_tuned_modeB.csv,-0.0550301260173602,0.3987203125065323,187,1.9410803525603515,-0.0870693039167369,163,0.8417505808929385,-0.1157546741156973,99,0.7895751605023943,True,0.03203917789937669,0.04638186299885689
linreg_slope_signals,ssl_channel_signals,variance_volume_signals,fantail_vma,adx_dmi_exit,chop,B,False,-0.1855977592857008,-31.36602131928344,0.6684901834612287,0.2130177514792899,-2.5725469209631675,-9.330615735882724,36.14348608816203,18.856589074937624,-0.8678194804666798,169,93,76,49,1.0,0.05,1.45,2.0,1.5,"{""base"": {""fma_adx_length"": 2, ""fma_ma_length"": 11, ""fma_weighting"": 12}, ""c1"": {""length"": 26, ""r2_floor"": 0.374763}, ""c2"": {""len"": 5}, ""exit_ind"": {""adx_smoothing"": 14, ""adx_threshold"": 25, ""di_length"": 14}, ""vol"": {""ema_len"": 10, ""filter_lookback"": 57, ""hline"": 0, ""lookback"": 11}}","{""base"": {""fma_adx_length"": 20, ""fma_ma_length"": 60, ""fma_weighting"": 4}, ""c1"": {""length"": 92, ""r2_floor"": 0.2}, ""c2"": {""len"": 100}, ""exit_ind"": {""adx_smoothing"": 14, ""adx_threshold"": 25, ""di_length"": 14}, ""vol"": {""ema_len"": 10, ""filter_lookback"": 20, ""hline"": 0, ""lookback"": 57}}","{""atr_len"": 3, ""atr_mult"": 1.0, ""be_pct"": 0.05, ""tp_mult"": 3.0, ""trail_arm"": 2.0, ""trail_mult"": 1.5}",full,full,,0.0879138278313032,0.3606162530285564,,,,,,False,gate2_tuned_modeB.csv,-0.0550301260173602,0.6054005789583127,102,2.483346887839916,-0.086910215621135,93,0.8258617462717018,-0.3063601482436563,76,0.516947832448962,True,0.0318800896037748,0.14160505591503544
kalman_filter_signals,center_of_gravity_signals,waddah_attar_explosion_volume_signals,fantail_vma,adx_dmi_exit,chop,B,False,-0.1493597547964286,-20.31292665231429,0.7563314117193319,0.2279411764705882,-1.94505572958311,-7.971859374395124,33.95237870061523,16.000772635471776,-0.5982769817522745,136,81,55,11,1.0,0.05,2.0,2.0,1.5,"{""base"": {""fma_adx_length"": 2, ""fma_ma_length"": 17, ""fma_weighting"": 66}, ""c1"": {""k"": 1, ""sharpness"": 1}, ""c2"": {""length"": 100, ""signal_length"": 20}, ""exit_ind"": {""adx_smoothing"": 14, ""adx_threshold"": 25, ""di_length"": 14}, ""vol"": {""bbLen"": 37, ""bbStd"": 2, ""fastEma"": 7, ""sensitivity"": 80, ""slowEma"": 6}}","{""base"": {""fma_adx_length"": 4, ""fma_ma_length"": 17, ""fma_weighting"": 28}, ""c1"": {""k"": 1, ""sharpness"": 1}, ""c2"": {""length"": 4, ""signal_length"": 13}, ""exit_ind"": {""adx_smoothing"": 14, ""adx_threshold"": 25, ""di_length"": 14}, ""vol"": {""bbLen"": 25, ""bbStd"": 2, ""fastEma"": 5, ""sensitivity"": 53, ""slowEma"": 4}}","{""atr_len"": 19, ""atr_mult"": 1.0, ""be_pct"": 0.05, ""tp_mult"": 2.05, ""trail_arm"": 2.0, ""trail_mult"": 1.5}",full,full,,-0.00060984294557,0.5585944994978564,,,,,,False,gate2_tuned_modeB.csv,-0.0550301260173602,0.6388653205562308,103,2.698282329646071,-0.086337785006361,81,0.8602539776767223,-0.2421739284872553,55,0.6002479131902265,True,0.03130765898900079,0.10922573072944794
price_momentum_oscillator_signals,waddah_attar_explosion_signals,choppiness_index_volume_signals,super_smoother_2pole_baseline,adx_dmi_exit,trend,A,False,-0.1352667277211586,-24.34801098980855,0.6432287384754287,0.1777777777777777,-2.7447894975001565,-29.454345918721508,25.42983371534844,13.425954542295433,-0.9574585214496724,180,112,68,10,1.1,0.05,1.9,1.55,1.8,"{""base"": {""cutoff_period"": 28}, ""c1"": {""s1"": 100, ""s2"": 5, ""sig"": 10}, ""c2"": {""bbLen"": 20, ""bbStd"": 2, ""fastEma"": 20, ""sensitivity"": 122, ""slowEma"": 21}, ""exit_ind"": {""adx_smoothing"": 14, ""adx_threshold"": 25, ""di_length"": 14}, ""vol"": {""ci_threshold"": 61.8, ""length"": 14}}","{""base"": {""cutoff_period"": 18}, ""c1"": {""s1"": 66, ""s2"": 11, ""sig"": 10}, ""c2"": {""bbLen"": 87, ""bbStd"": 2, ""fastEma"": 20, ""sensitivity"": 150, ""slowEma"": 32}, ""exit_ind"": {""adx_smoothing"": 14, ""adx_threshold"": 25, ""di_length"": 14}, ""vol"": {""ci_threshold"": 61.8, ""length"": 7}}","{""atr_len"": 50, ""atr_mult"": 1.0, ""be_pct"": 0.05, ""tp_mult"": 3.0, ""trail_arm"": 1.9, ""trail_mult"": 1.55}",full,full,,0.0225084742683754,0.3970874927927732,,,,,,False,gate2_tuned_modeA_trend.csv,-0.079791769928434,0.4898573496208366,116,2.826037143449724,-0.110432392768992,112,0.7160104325532033,-0.1761703382306093,68,0.5148598438440957,True,0.030640622840558004,0.06350959557136666
bears_bulls_impulse_signals,halftrend_signals,chaikin_volatility_volume_signals,mcginley_dynamic_index,adx_dmi_exit,trend,A,False,-0.1448307798447301,-36.497356520872,0.6141435230853791,0.1904761904761904,-3.2594627302010037,-26.340046924106563,40.34543179787844,24.33582611643544,-0.9046217847838528,252,132,120,28,1.05,0.01,2.7,1.0,2.0,"{""base"": {""mci_length"": 17}, ""c1"": {""length"": 16}, ""c2"": {""amplitude"": 18}, ""exit_ind"": {""adx_smoothing"": 14, ""adx_threshold"": 25, ""di_length"": 14}, ""vol"": {""cvi_len"": 28, ""roc_len"": 12}}","{""base"": {""mci_length"": 26}, ""c1"": {""length"": 16}, ""c2"": {""amplitude"": 18}, ""exit_ind"": {""adx_smoothing"": 14, ""adx_threshold"": 25, ""di_length"": 14}, ""vol"": {""cvi_len"": 10, ""roc_len"": 79}}","{""atr_len"": 2, ""atr_mult"": 1.0, ""be_pct"": 0.01, ""tp_mult"": 2.65, ""trail_arm"": 1.5, ""trail_mult"": 0.8}",full,full,,0.1942907068280509,0.4116932739486216,,,,,,False,gate2_tuned_modeA_trend.csv,-0.079791769928434,0.5226295895879248,144,3.3261813144089634,-0.1761901100187505,132,0.5376341633487576,-0.1103355166533076,120,0.7010397868415833,True,0.030543746724873602,0.06347104340759506
qqe_mod_signals,halftrend_signals,chaikin_volatility_volume_signals,ema_baseline,adx_dmi_exit,trend,A,False,-0.1551572330367442,-29.479874276981413,0.5518267276325798,0.2105263157894736,-3.866846195377879,-18.667380216616465,41.024857962185195,21.917702772074737,-0.7185856512691546,190,84,106,23,1.0,0.01,2.65,1.55,2.0,"{""base"": {""ma_length"": 37}, ""c1"": {""fast_factor"": 1.984883, ""rsi_len"": 5, ""rsi_period"": 5}, ""c2"": {""amplitude"": 18}, ""exit_ind"": {""adx_smoothing"": 14, ""adx_threshold"": 25, ""di_length"": 14}, ""vol"": {""cvi_len"": 28, ""roc_len"": 12}}","{""base"": {""ma_length"": 87}, ""c1"": {""fast_factor"": 0.859209, ""rsi_len"": 5, ""rsi_period"": 7}, ""c2"": {""amplitude"": 62}, ""exit_ind"": {""adx_smoothing"": 14, ""adx_threshold"": 25, ""di_length"": 14}, ""vol"": {""cvi_len"": 19, ""roc_len"": 52}}","{""atr_len"": 6, ""atr_mult"": 1.0, ""be_pct"": 0.05, ""tp_mult"": 2.9, ""trail_arm"": 1.1, ""trail_mult"": 0.65}",full,full,,0.1264384048761108,0.4400145308634256,,,,,,False,gate2_tuned_modeA_trend.csv,-0.079791769928434,0.472576223866865,114,3.463220433532382,-0.1102040585148352,84,0.6804438747674866,-0.1907805034125967,106,0.4506050851586482,True,0.0304122885864012,0.07070051103528195
ehlers_reverse_ema_signals,qqe_mod_signals,variance_volume_signals,tma_baseline,adx_dmi_exit,trend,A,False,-0.1422785836814935,-19.34988738068311,0.5279927257176,0.213235294117647,-4.240468207523508,-16.16648540392619,19.13558831563821,10.739831936343434,-1.011198979697414,136,82,54,10,1.0,0.05,1.5,1.0,1.5,"{""base"": {""length"": 20}, ""c1"": {""alpha"": 0.187382}, ""c2"": {""fast_factor"": 4.585338, ""rsi_len"": 3, ""rsi_period"": 26}, ""exit_ind"": {""adx_smoothing"": 14, ""adx_threshold"": 25, ""di_length"": 14}, ""vol"": {""ema_len"": 19, ""filter_lookback"": 200, ""hline"": 0, ""lookback"": 20}}","{""base"": {""length"": 20}, ""c1"": {""alpha"": 0.123285}, ""c2"": {""fast_factor"": 1.984883, ""rsi_len"": 6, ""rsi_period"": 6}, ""exit_ind"": {""adx_smoothing"": 14, ""adx_threshold"": 25, ""di_length"": 14}, ""vol"": {""ema_len"": 19, ""filter_lookback"": 200, ""hline"": 0, ""lookback"": 16}}","{""atr_len"": 43, ""atr_mult"": 1.0, ""be_pct"": 0.01, ""tp_mult"": 1.35, ""trail_arm"": 1.9, ""trail_mult"": 1.65}",full,full,,0.1550942233166249,0.7102902341333025,,,,,,False,gate2_tuned_modeA_trend.csv,-0.079791769928434,0.4560422370933845,110,3.897286691432009,-0.1101750414733084,82,0.6380964141168607,-0.1910284070346632,54,0.356544572699411,True,0.0303832715448744,0.0708099543255518
bears_bulls_impulse_signals,donchian_breakout_signals,variance_volume_signals,frama_baseline,adx_dmi_exit,trend,A,False,-0.1629736112178076,-76.59759727236961,0.556919543921697,0.2234042553191489,-3.9806201836559394,-33.458731552528164,81.09596928236599,40.38128496889573,-0.9445302639600544,470,296,174,37,1.0,0.01,3.0,1.25,1.8,"{""base"": {""length"": 19}, ""c1"": {""length"": 5}, ""c2"": {""length"": 37}, ""exit_ind"": {""adx_smoothing"": 14, ""adx_threshold"": 25, ""di_length"": 14}, ""vol"": {""ema_len"": 19, ""filter_lookback"": 20, ""hline"": 0, ""lookback"": 132}}","{""base"": {""length"": 19}, ""c1"": {""length"": 7}, ""c2"": {""length"": 57}, ""exit_ind"": {""adx_smoothing"": 14, ""adx_threshold"": 25, ""di_length"": 14}, ""vol"": {""ema_len"": 8, ""filter_lookback"": 132, ""hline"": 0, ""lookback"": 132}}","{""atr_len"": 19, ""atr_mult"": 1.0, ""be_pct"": 0.01, ""tp_mult"": 2.2, ""trail_arm"": 1.55, ""trail_mult"": 1.85}",full,full,,0.0951637530805,0.3270684916847958,,,,,,False,gate2_tuned_modeA_trend.csv,-0.079791769928434,0.2717055978279802,276,2.1802572700072727,-0.1101470622676182,296,0.6960125393320454,-0.2528394646043368,174,0.3295862674277032,True,0.0303552923391842,0.1017014935075435
halftrend_signals,hieken_ashi_smoothed_signals,choppiness_index_volume_signals,mcginley_dynamic_index,adx_dmi_exit,trend,A,False,-0.1292492107664421,-39.55025849453129,0.6662235971752298,0.1928104575163398,-2.5860704352300585,-88.52704375717781,39.05025849453127,19.710622538623557,-1.012804012553977,306,162,144,39,1.0,0.01,2.55,2.0,1.65,"{""base"": {""mci_length"": 17}, ""c1"": {""amplitude"": 27}, ""c2"": {""alma_offset1"": 0.85, ""alma_offset2"": 0.85, ""alma_sigma1"": 6, ""alma_sigma2"": 6, ""ama_smooth1"": 0.181, ""ama_smooth2"": 0.181, ""frama_t1_a"": 1, ""frama_t1_b"": 168, ""frama_t2_a"": 1, ""frama_t2_b"": 168, ""lsma_offset1"": 0, ""lsma_offset2"": 0, ""ma_len1"": 6, ""ma_len2"": 10, ""vol_factor1"": 1.010934, ""vol_factor2"": 0.665127}, ""exit_ind"": {""adx_smoothing"": 14, ""adx_threshold"": 25, ""di_length"": 14}, ""vol"": {""ci_threshold"": 61.8, ""length"": 3}}","{""base"": {""mci_length"": 11}, ""c1"": {""amplitude"": 94}, ""c2"": {""alma_offset1"": 0.85, ""alma_offset2"": 0.85, ""alma_sigma1"": 6, ""alma_sigma2"": 6, ""ama_smooth1"": 0.181, ""ama_smooth2"": 0.181, ""frama_t1_a"": 1, ""frama_t1_b"": 168, ""frama_t2_a"": 1, ""frama_t2_b"": 168, ""lsma_offset1"": 0, ""lsma_offset2"": 0, ""ma_len1"": 8, ""ma_len2"": 8, ""vol_factor1"": 0.437609, ""vol_factor2"": 0.82}, ""exit_ind"": {""adx_smoothing"": 14, ""adx_threshold"": 25, ""di_length"": 14}, ""vol"": {""ci_threshold"": 50.127885, ""length"": 2}}","{""atr_len"": 50, ""atr_mult"": 1.0, ""be_pct"": 0.01, ""tp_mult"": 2.1, ""trail_arm"": 1.25, ""trail_mult"": 1.5}",full,full,,0.1661813330843539,0.3770354781935202,,,,,,False,gate2_tuned_modeA_trend.csv,-0.079791769928434,0.4200520559279632,226,2.9542368752581196,-0.1100227343870284,162,0.7125212424080869,-0.1508789966932825,144,0.6154130521175153,True,0.03023096445859441,0.05065909561172145
mama_fama_signals,parabolic_sar_signals,fractal_dimension_volume_signals,rma_baseline,adx_dmi_exit,trend,A,False,-0.1292419432472619,-18.352355941111195,0.6546654821736839,0.1971830985915492,-2.732445269758936,-27.635742560623473,19.88274595145537,8.728478803306508,-0.9230292428379516,142,74,68,4,1.0,0.05,1.75,1.75,0.5,"{""base"": {""ma_length"": 20}, ""c1"": {""fast_limit"": 0.405565, ""slow_limit"": 0.017556}, ""c2"": {""sar_increment"": 0.024657, ""sar_maximum"": 0.106734, ""sar_start"": 0.037476}, ""exit_ind"": {""adx_smoothing"": 14, ""adx_threshold"": 25, ""di_length"": 14}, ""vol"": {""fd_threshold"": 1.5, ""length"": 30}}","{""base"": {""ma_length"": 25}, ""c1"": {""fast_limit"": 0.405565, ""slow_limit"": 0.05}, ""c2"": {""sar_increment"": 0.037476, ""sar_maximum"": 0.2, ""sar_start"": 0.02}, ""exit_ind"": {""adx_smoothing"": 14, ""adx_threshold"": 25, ""di_length"": 14}, ""vol"": {""fd_threshold"": 1.5, ""length"": 3}}","{""atr_len"": 35, ""atr_mult"": 1.0, ""be_pct"": 0.05, ""tp_mult"": 2.6, ""trail_arm"": 1.0, ""trail_mult"": 1.25}",full,full,,0.2800002329767376,0.8921938584560827,,,,,,False,gate2_tuned_modeA_trend.csv,-0.079791769928434,0.4100854807859311,120,2.491219930130657,-0.1100224375068215,74,0.7039242154211405,-0.1501572877295059,68,0.6018467083114553,True,0.030230667578387507,0.05029809268972969
ssl_channel_signals,chandelier_exit_signals,fractal_dimension_volume_signals,rma_baseline,adx_dmi_exit,trend,A,False,-0.1182148845686068,-20.569389914937595,0.5971257064575611,0.2528735632183908,-3.2882575436517354,-12.3810467190495,29.19077376432397,15.064748132533216,-0.7046538088030008,174,94,80,4,1.0,0.01,2.75,1.2,0.7,"{""base"": {""ma_length"": 11}, ""c1"": {""len"": 12}, ""c2"": {""atr_mult"": 3, ""atr_period"": 27}, ""exit_ind"": {""adx_smoothing"": 14, ""adx_threshold"": 25, ""di_length"": 14}, ""vol"": {""fd_threshold"": 1.5, ""length"": 11}}","{""base"": {""ma_length"": 11}, ""c1"": {""len"": 8}, ""c2"": {""atr_mult"": 3, ""atr_period"": 145}, ""exit_ind"": {""adx_smoothing"": 14, ""adx_threshold"": 25, ""di_length"": 14}, ""vol"": {""fd_threshold"": 1.5, ""length"": 11}}","{""atr_len"": 2, ""atr_mult"": 1.0, ""be_pct"": 0.06, ""tp_mult"": 1.75, ""trail_arm"": 1.3, ""trail_mult"": 1.0}",full,full,,0.1495167538080571,0.8091068966369724,,,,,,False,gate2_tuned_modeA_trend.csv,-0.079791769928434,0.3099259883559971,138,2.52039694838392,-0.109974870367554,94,0.621989180570525,-0.1278969012548439,80,0.5684467548743857,True,0.03018310043912001,0.039144115882764965
vortex_signals,volatility_quality_signals,variance_volume_signals,sma_baseline,adx_dmi_exit,trend,A,False,-0.1179572831347665,-22.411883795605647,0.5962794795347945,0.2789473684210526,-2.9945164926169916,-11.237318926236355,21.91188379560566,9.911209116284049,-1.0228186679275957,190,92,98,3,1.0,0.18,2.5,1.0,1.45,"{""base"": {""length"": 25}, ""c1"": {""period"": 14}, ""c2"": {""atr_pct"": 0.017326, ""smooth"": 28}, ""exit_ind"": {""adx_smoothing"": 14, ""adx_threshold"": 25, ""di_length"": 14}, ""vol"": {""ema_len"": 28, ""filter_lookback"": 200, ""hline"": 0, ""lookback"": 20}}","{""base"": {""length"": 200}, ""c1"": {""period"": 17}, ""c2"": {""atr_pct"": 0.060835, ""smooth"": 28}, ""exit_ind"": {""adx_smoothing"": 14, ""adx_threshold"": 25, ""di_length"": 14}, ""vol"": {""ema_len"": 2, ""filter_lookback"": 57, ""hline"": 0, ""lookback"": 25}}","{""atr_len"": 50, ""atr_mult"": 1.0, ""be_pct"": 0.05, ""tp_mult"": 3.0, ""trail_arm"": 1.3, ""trail_mult"": 1.25}",full,full,,0.1918369351622475,0.7981511838502299,,,,,,False,gate2_tuned_modeA_trend.csv,-0.079791769928434,0.3737200220025393,104,2.3078782764457366,-0.1098414763699393,92,0.6589348414190916,-0.1255762037711349,98,0.5245599538048568,True,0.0300497064415053,0.037917070142103104
halftrend_signals,relative_vigor_index_signals,damiani_volatmeter_volume_signals,rma_baseline,adx_dmi_exit,trend,A,False,-0.1222736011684452,-31.302041899121978,0.675078940626743,0.203125,-2.640684272454019,-57.85074714394012,32.36837944900771,19.346850880537144,-0.9670561959530408,256,146,110,28,1.0,0.02,1.8,1.55,1.5,"{""base"": {""ma_length"": 20}, ""c1"": {""amplitude"": 329}, ""c2"": {""len"": 4}, ""exit_ind"": {""adx_smoothing"": 14, ""adx_threshold"": 25, ""di_length"": 14}, ""vol"": {""lag"": 1.4, ""sedimentation"": 62, ""threshold"": 1.4, ""viscosity"": 7}}","{""base"": {""ma_length"": 11}, ""c1"": {""amplitude"": 500}, ""c2"": {""len"": 12}, ""exit_ind"": {""adx_smoothing"": 14, ""adx_threshold"": 25, ""di_length"": 14}, ""vol"": {""lag"": 1.4, ""sedimentation"": 142, ""threshold"": 1.4, ""viscosity"": 6}}","{""atr_len"": 50, ""atr_mult"": 1.05, ""be_pct"": 0.05, ""tp_mult"": 2.75, ""trail_arm"": 1.55, ""trail_mult"": 1.4}",full,full,,0.1737723149116467,0.3282208219206102,,,,,,False,gate2_tuned_modeA_trend.csv,-0.079791769928434,0.393269315084319,182,2.4173270365415043,-0.1097754788359691,146,0.7155135476616973,-0.1388620180824589,110,0.6181294502732381,True,0.0299837089075351,0.04452697853078001
supertrend_signals,kase_peak_oscillator_signals,chaikin_volatility_volume_signals,sma_baseline,adx_dmi_exit,trend,A,False,-0.1293134776962631,-32.32836942406579,0.6611543632059769,0.196,-2.7527710231658813,-30.512766320373576,32.91690295706481,17.942787644613237,-0.98212062860936,250,116,134,4,1.0,0.01,2.55,1.55,1.85,"{""base"": {""length"": 25}, ""c1"": {""atr_period"": 8, ""factor"": 9}, ""c2"": {""long_cycle"": 80, ""sharpness"": 40, ""short_cycle"": 8}, ""exit_ind"": {""adx_smoothing"": 14, ""adx_threshold"": 25, ""di_length"": 14}, ""vol"": {""cvi_len"": 10, ""roc_len"": 15}}","{""base"": {""length"": 200}, ""c1"": {""atr_period"": 43, ""factor"": 2}, ""c2"": {""long_cycle"": 6, ""sharpness"": 40, ""short_cycle"": 2}, ""exit_ind"": {""adx_smoothing"": 14, ""adx_threshold"": 25, ""di_length"": 14}, ""vol"": {""cvi_len"": 43, ""roc_len"": 10}}","{""atr_len"": 50, ""atr_mult"": 1.0, ""be_pct"": 0.05, ""tp_mult"": 3.0, ""trail_arm"": 1.05, ""trail_mult"": 0.5}",full,full,,0.1433370916517674,0.4287954980448296,,,,,,False,gate2_tuned_modeA_trend.csv,-0.079791769928434,0.4388857486880901,108,2.6944064132407712,-0.1518881506871688,116,0.6032409175605181,-0.1097712234653298,134,0.7115814912871726,True,0.02997945353689581,0.05103791714781532
kalman_filter_signals,waddah_attar_explosion_signals,variance_volume_signals,t3_baseline,adx_dmi_exit,trend,A,False,-0.1908390591449239,-27.48082451686904,0.4768503003587545,0.2222222222222222,-5.373722344160929,-34.12342863826819,30.1529242296044,20.934196959309315,-0.9113817388858136,144,94,50,29,1.0,0.01,1.35,1.0,1.45,"{""base"": {""length"": 10, ""volume_factor"": 0.862993}, ""c1"": {""k"": 4, ""sharpness"": 1}, ""c2"": {""bbLen"": 57, ""bbStd"": 2, ""fastEma"": 11, ""sensitivity"": 150, ""slowEma"": 32}, ""exit_ind"": {""adx_smoothing"": 14, ""adx_threshold"": 25, ""di_length"": 14}, ""vol"": {""ema_len"": 19, ""filter_lookback"": 87, ""hline"": 0, ""lookback"": 20}}","{""base"": {""length"": 10, ""volume_factor"": 0.7}, ""c1"": {""k"": 1, ""sharpness"": 1}, ""c2"": {""bbLen"": 87, ""bbStd"": 2, ""fastEma"": 20, ""sensitivity"": 122, ""slowEma"": 40}, ""exit_ind"": {""adx_smoothing"": 14, ""adx_threshold"": 25, ""di_length"": 14}, ""vol"": {""ema_len"": 43, ""filter_lookback"": 87, ""hline"": 0, ""lookback"": 3}}","{""atr_len"": 43, ""atr_mult"": 1.0, ""be_pct"": 0.04, ""tp_mult"": 2.2, ""trail_arm"": 1.0, ""trail_mult"": 0.8}",full,full,,0.0856154590231265,0.3651303599185345,,,,,,False,gate2_tuned_modeA_trend.csv,-0.079791769928434,0.2593916471359693,136,2.0079218288711944,-0.2339847822741898,94,0.4284492538920747,-0.109725099661904,50,0.6094439679585762,True,0.02993332973347,0.09206317103961291
dspo_signals,trend_direction_force_index_signals,waddah_attar_explosion_volume_signals,frama_baseline,adx_dmi_exit,chop,B,False,-0.0969463680302894,-19.874005446209345,0.8314503044086462,0.2926829268292683,-1.207698727077358,-5.187179688223442,25.61955491237057,13.00237450975163,-0.7757357812884192,205,154,51,23,1.1,0.05,1.6,2.0,1.5,"{""base"": {""length"": 28}, ""c1"": {""len"": 14}, ""c2"": {""fhigh"": 0.017556, ""flow"": -0.328967, ""lookback"": 13}, ""exit_ind"": {""adx_smoothing"": 14, ""adx_threshold"": 25, ""di_length"": 14}, ""vol"": {""bbLen"": 11, ""bbStd"": 2, ""fastEma"": 20, ""sensitivity"": 185, ""slowEma"": 49}}","{""base"": {""length"": 4}, ""c1"": {""len"": 11}, ""c2"": {""fhigh"": 0.216438, ""flow"": -0.040557, ""lookback"": 7}, ""exit_ind"": {""adx_smoothing"": 14, ""adx_threshold"": 25, ""di_length"": 14}, ""vol"": {""bbLen"": 132, ""bbStd"": 2, ""fastEma"": 5, ""sensitivity"": 1500, ""slowEma"": 400}}","{""atr_len"": 11, ""atr_mult"": 1.0, ""be_pct"": 0.05, ""tp_mult"": 3.0, ""trail_arm"": 2.0, ""trail_mult"": 1.5}",full,full,,0.0678338751059014,0.4058780783969601,,,,,,False,gate2_tuned_modeB.csv,-0.0550301260173602,0.6915320759313369,102,2.878865931216065,-0.0841626440321122,154,0.8497646363693412,-0.1355482012796874,51,0.7815136600331811,True,0.029132518014751994,0.054825296638539585
ehlers_reverse_ema_signals,volatility_quality_signals,variance_volume_signals,sma_baseline,adx_dmi_exit,trend,A,False,-0.113493586712749,-20.42884560829483,0.7007796333152582,0.2111111111111111,-2.365875861592604,-22.400118482477357,23.37896107827505,12.07409191702136,-0.8738132348951287,180,90,90,3,1.0,0.05,2.9,1.0,1.45,"{""base"": {""length"": 20}, ""c1"": {""alpha"": 0.035112}, ""c2"": {""atr_pct"": 0.140536, ""smooth"": 28}, ""exit_ind"": {""adx_smoothing"": 14, ""adx_threshold"": 25, ""di_length"": 14}, ""vol"": {""ema_len"": 12, ""filter_lookback"": 87, ""hline"": 0, ""lookback"": 16}}","{""base"": {""length"": 20}, ""c1"": {""alpha"": 0.01}, ""c2"": {""atr_pct"": 0.140536, ""smooth"": 10}, ""exit_ind"": {""adx_smoothing"": 14, ""adx_threshold"": 25, ""di_length"": 14}, ""vol"": {""ema_len"": 12, ""filter_lookback"": 87, ""hline"": 0, ""lookback"": 20}}","{""atr_len"": 31, ""atr_mult"": 1.0, ""be_pct"": 0.05, ""tp_mult"": 2.4, ""trail_arm"": 1.0, ""trail_mult"": 1.25}",full,full,,0.1072626474036129,0.6318585650129283,,,,,,False,gate2_tuned_modeA_trend.csv,-0.079791769928434,0.4494107962180892,100,2.728503062377268,-0.1088217985742808,90,0.720172517951849,-0.1181653748512172,90,0.6803805369567889,True,0.029030028645846806,0.03370181678431501
volatility_quality_signals,halftrend_signals,efficiency_ratio_volume_signals,sma_baseline,adx_dmi_exit,trend,A,False,-0.1603764638127819,-23.41496371666616,0.5360191732925454,0.2260273972602739,-4.019357619046856,-23.45139056339313,27.231889510432584,17.22404175828679,-0.859836175073193,146,86,60,4,1.0,0.05,2.9,2.0,1.5,"{""base"": {""length"": 16}, ""c1"": {""atr_pct"": 0.075, ""smooth"": 10}, ""c2"": {""amplitude"": 12}, ""exit_ind"": {""adx_smoothing"": 14, ""adx_threshold"": 25, ""di_length"": 14}, ""vol"": {""er_threshold"": 0.369854, ""length"": 10}}","{""base"": {""length"": 87}, ""c1"": {""atr_pct"": 0.040025, ""smooth"": 28}, ""c2"": {""amplitude"": 62}, ""exit_ind"": {""adx_smoothing"": 14, ""adx_threshold"": 25, ""di_length"": 14}, ""vol"": {""er_threshold"": 0.854411, ""length"": 2}}","{""atr_len"": 23, ""atr_mult"": 1.0, ""be_pct"": 0.01, ""tp_mult"": 1.55, ""trail_arm"": 1.0, ""trail_mult"": 1.85}",full,full,,0.1737646990690967,0.9021395457439718,,,,,,False,gate2_tuned_modeA_trend.csv,-0.079791769928434,0.3309005300766502,114,2.5717775178640885,-0.1964394642874763,86,0.4720689397274071,-0.1086861631323865,60,0.646843249057144,True,0.028894393203952512,0.07277104378149742
bears_bulls_impulse_signals,kase_peak_oscillator_signals,chaikin_volatility_volume_signals,mcginley_dynamic_index,adx_dmi_exit,trend,A,False,-0.1298579663487021,-41.81426516428207,0.6699570412037356,0.1894409937888198,-2.589532375187214,-44.64949814596896,47.37720413289525,27.752530835856383,-0.8825819490527792,322,158,164,15,1.0,0.01,2.8,1.75,1.95,"{""base"": {""mci_length"": 14}, ""c1"": {""length"": 11}, ""c2"": {""long_cycle"": 281, ""sharpness"": 40, ""short_cycle"": 23}, ""exit_ind"": {""adx_smoothing"": 14, ""adx_threshold"": 25, ""di_length"": 14}, ""vol"": {""cvi_len"": 5, ""roc_len"": 12}}","{""base"": {""mci_length"": 26}, ""c1"": {""length"": 86}, ""c2"": {""long_cycle"": 15, ""sharpness"": 40, ""short_cycle"": 8}, ""exit_ind"": {""adx_smoothing"": 14, ""adx_threshold"": 25, ""di_length"": 14}, ""vol"": {""cvi_len"": 19, ""roc_len"": 6}}","{""atr_len"": 13, ""atr_mult"": 1.0, ""be_pct"": 0.01, ""tp_mult"": 3.0, ""trail_arm"": 2.0, ""trail_mult"": 0.5}",full,full,,0.1549889679044783,0.3622751013600042,,,,,,False,gate2_tuned_modeA_trend.csv,-0.079791769928434,0.430286354806026,154,2.5380155884066284,-0.1519122061129812,158,0.6344363362361924,-0.1086105890148233,164,0.7081677877808145,True,0.028818819086389308,0.050469627635468264
linreg_slope_signals,lemantrend_signals,variance_volume_signals,fantail_vma,adx_dmi_exit,trend,A,False,-0.1153775747472496,-22.383249500966436,0.6808425060329744,0.2525773195876288,-2.5859388201386557,-27.26313528196846,26.068022649914628,15.357269089378024,-0.8586477693980268,194,112,82,27,1.0,0.01,2.6,1.15,1.85,"{""base"": {""fma_adx_length"": 2, ""fma_ma_length"": 6, ""fma_weighting"": 10}, ""c1"": {""length"": 14, ""r2_floor"": 0.162226}, ""c2"": {""fast_period"": 18, ""medium_period"": 210, ""slow_period"": 13, ""smooth"": 20}, ""exit_ind"": {""adx_smoothing"": 14, ""adx_threshold"": 25, ""di_length"": 14}, ""vol"": {""ema_len"": 10, ""filter_lookback"": 25, ""hline"": 0, ""lookback"": 3}}","{""base"": {""fma_adx_length"": 2, ""fma_ma_length"": 11, ""fma_weighting"": 5}, ""c1"": {""length"": 14, ""r2_floor"": 0.162226}, ""c2"": {""fast_period"": 34, ""medium_period"": 210, ""slow_period"": 3, ""smooth"": 3}, ""exit_ind"": {""adx_smoothing"": 14, ""adx_threshold"": 25, ""di_length"": 14}, ""vol"": {""ema_len"": 12, ""filter_lookback"": 7, ""hline"": 0, ""lookback"": 3}}","{""atr_len"": 22, ""atr_mult"": 1.0, ""be_pct"": 0.05, ""tp_mult"": 2.5, ""trail_arm"": 1.0, ""trail_mult"": 0.9}",full,full,,0.074512605187563,0.2605544820059376,,,,,,False,gate2_tuned_modeA_trend.csv,-0.079791769928434,0.4371734477617104,112,2.851300908441966,-0.1085475930688955,112,0.7085993814564141,-0.1247063302103675,82,0.6400841193311028,True,0.028755823140461503,0.03683519171119751
center_of_gravity_signals,parabolic_sar_signals,efficiency_ratio_volume_signals,vidya,adx_dmi_exit,chop,B,False,-0.1039301464849314,-20.058518271591772,0.8057683558548399,0.2849740932642487,-1.5229001815846748,-5.463013331114192,26.859283736578067,13.168193045746325,-0.7468001927495656,193,126,67,46,1.0,0.05,2.15,2.0,1.5,"{""base"": {""vda_length"": 2}, ""c1"": {""length"": 12, ""signal_length"": 4}, ""c2"": {""sar_increment"": 0.016223, ""sar_maximum"": 0.2, ""sar_start"": 0.02}, ""exit_ind"": {""adx_smoothing"": 14, ""adx_threshold"": 25, ""di_length"": 14}, ""vol"": {""er_threshold"": 0.3, ""length"": 43}}","{""base"": {""vda_length"": 4}, ""c1"": {""length"": 66, ""signal_length"": 3}, ""c2"": {""sar_increment"": 0.00462, ""sar_maximum"": 0.246569, ""sar_start"": 0.2}, ""exit_ind"": {""adx_smoothing"": 14, ""adx_threshold"": 25, ""di_length"": 14}, ""vol"": {""er_threshold"": 0.105336, ""length"": 100}}","{""atr_len"": 12, ""atr_mult"": 1.0, ""be_pct"": 0.05, ""tp_mult"": 1.45, ""trail_arm"": 2.0, ""trail_mult"": 1.5}",full,full,,-0.0024410395785725,0.3546913910588748,,,,,,False,gate2_tuned_modeB.csv,-0.0550301260173602,0.2808720781340658,137,1.827414223359026,-0.1146588980673934,126,0.7832308045310978,-0.0837536882850775,67,0.8467812668066228,True,0.028723562267717294,0.04417616715887524
polychromatic_momentum_signals,linreg_slope_signals,efficiency_ratio_volume_signals,t3_baseline,adx_dmi_exit,chop,B,False,-0.089829688603792,-18.59474554098496,0.8372625646316785,0.3043478260869565,-1.2852946379887698,-4.938111253665123,22.95838190462132,14.72699940222354,-0.8099327565085065,207,135,72,34,1.1,0.05,2.2,2.0,1.5,"{""base"": {""length"": 12, ""volume_factor"": 0.7}, ""c1"": {""len"": 14}, ""c2"": {""length"": 14, ""r2_floor"": 0.070224}, ""exit_ind"": {""adx_smoothing"": 14, ""adx_threshold"": 25, ""di_length"": 14}, ""vol"": {""er_threshold"": 0.3, ""length"": 10}}","{""base"": {""length"": 43, ""volume_factor"": 0.567792}, ""c1"": {""len"": 11}, ""c2"": {""length"": 7, ""r2_floor"": 0.2}, ""exit_ind"": {""adx_smoothing"": 14, ""adx_threshold"": 25, ""di_length"": 14}, ""vol"": {""er_threshold"": 0.369854, ""length"": 10}}","{""atr_len"": 37, ""atr_mult"": 1.1, ""be_pct"": 0.05, ""tp_mult"": 1.6, ""trail_arm"": 2.0, ""trail_mult"": 1.5}",full,full,,0.0405383993529404,0.358859348651577,,,,,,False,gate2_tuned_modeB.csv,-0.0550301260173602,0.3794988038200583,124,2.022262137558606,-0.0932931435560838,135,0.8386327173610828,-0.0833357105682449,72,0.8343095137968036,True,0.0283055845508847,0.033284301044804156
qqe_mod_signals,fisher_transform_signals,variance_volume_signals,hma_baseline,adx_dmi_exit,trend,A,False,-0.1093614342463299,-36.964164775259505,0.6943014209993518,0.2337278106508875,-2.327011995432665,-20.635824530337093,41.91891334115843,24.16982026711154,-0.8818015981097949,338,256,82,3,1.2,0.01,3.0,1.85,1.05,"{""base"": {""ma_length"": 57}, ""c1"": {""fast_factor"": 3.016846, ""rsi_len"": 33, ""rsi_period"": 5}, ""c2"": {""length"": 12}, ""exit_ind"": {""adx_smoothing"": 14, ""adx_threshold"": 25, ""di_length"": 14}, ""vol"": {""ema_len"": 43, ""filter_lookback"": 57, ""hline"": 0, ""lookback"": 20}}","{""base"": {""ma_length"": 87}, ""c1"": {""fast_factor"": 1.61, ""rsi_len"": 4, ""rsi_period"": 26}, ""c2"": {""length"": 5}, ""exit_ind"": {""adx_smoothing"": 14, ""adx_threshold"": 25, ""di_length"": 14}, ""vol"": {""ema_len"": 2, ""filter_lookback"": 57, ""hline"": 0, ""lookback"": 200}}","{""atr_len"": 12, ""atr_mult"": 1.15, ""be_pct"": 0.11, ""tp_mult"": 3.0, ""trail_arm"": 1.7, ""trail_mult"": 1.55}",full,full,,0.1076049566309822,0.4444928952440457,,,,,,False,gate2_tuned_modeA_trend.csv,-0.079791769928434,0.4223401139512057,272,2.671961914863664,-0.107919128353492,256,0.7161004497303209,-0.1138642428873846,82,0.6044269588144906,True,0.028127358425058008,0.031099915692004307
glitch_index_signals,lemantrend_signals,ttm_squeeze_volume_signals,wma_baseline,adx_dmi_exit,trend,A,False,-0.1163079399486162,-28.379137347462372,0.6915311157884523,0.2090163934426229,-2.532362904240625,,43.23441719671307,26.849217572516032,-0.656401524237961,244,110,134,2,1.05,0.01,2.45,1.6,1.6,"{""base"": {""ma_length"": 16}, ""c1"": {""length"": 130, ""multiplier"": 2, ""smooth"": 6}, ""c2"": {""fast_period"": 34, ""medium_period"": 210, ""slow_period"": 16, ""smooth"": 2}, ""exit_ind"": {""adx_smoothing"": 14, ""adx_threshold"": 25, ""di_length"": 14}, ""vol"": {""bb_length"": 57, ""bb_mult"": 2, ""kc_length"": 2, ""kc_mult"": 1.5}}","{""base"": {""ma_length"": 132}, ""c1"": {""length"": 300, ""multiplier"": 1, ""smooth"": 4}, ""c2"": {""fast_period"": 34, ""medium_period"": 21, ""slow_period"": 24, ""smooth"": 13}, ""exit_ind"": {""adx_smoothing"": 14, ""adx_threshold"": 25, ""di_length"": 14}, ""vol"": {""bb_length"": 7, ""bb_mult"": 2, ""kc_length"": 16, ""kc_mult"": 1.5}}","{""atr_len"": 4, ""atr_mult"": 1.0, ""be_pct"": 0.01, ""tp_mult"": 2.5, ""trail_arm"": 1.8, ""trail_mult"": 0.9}",full,full,,-0.0259776285794256,0.4119919958193523,,,,,,False,gate2_tuned_modeA_trend.csv,-0.079791769928434,0.4309594300805873,104,2.7238377203223494,-0.1078970149374301,110,0.7239843803926207,-0.1232124306294406,134,0.6630517203194883,True,0.02810524500899611,0.03576295285500135
j_tpo_signals,supertrend_signals,variance_volume_signals,kama_baseline,adx_dmi_exit,trend,A,False,-0.1163958507166048,-17.45937760749072,0.6840634920027483,0.2266666666666666,-2.5283351519380295,-25.278520947375803,21.850235242057707,10.092450180042048,-0.7990475806816308,150,88,62,3,1.0,0.05,2.55,1.7,0.8,"{""base"": {""fast_length"": 2, ""length"": 28, ""slow_length"": 11}, ""c1"": {""ema_len"": 200, ""len"": 400}, ""c2"": {""atr_period"": 12, ""factor"": 3}, ""exit_ind"": {""adx_smoothing"": 14, ""adx_threshold"": 25, ""di_length"": 14}, ""vol"": {""ema_len"": 8, ""filter_lookback"": 200, ""hline"": 0, ""lookback"": 25}}","{""base"": {""fast_length"": 13, ""length"": 19, ""slow_length"": 30}, ""c1"": {""ema_len"": 200, ""len"": 40}, ""c2"": {""atr_period"": 10, ""factor"": 6}, ""exit_ind"": {""adx_smoothing"": 14, ""adx_threshold"": 25, ""di_length"": 14}, ""vol"": {""ema_len"": 8, ""filter_lookback"": 87, ""hline"": 0, ""lookback"": 25}}","{""atr_len"": 50, ""atr_mult"": 1.0, ""be_pct"": 0.05, ""tp_mult"": 2.6, ""trail_arm"": 1.75, ""trail_mult"": 1.25}",full,full,,0.126925256888769,0.8403274329979281,,,,,,False,gate2_tuned_modeA_trend.csv,-0.079791769928434,0.4842387247522866,102,3.05394276207096,-0.1224414727691913,88,0.6571017262892983,-0.1078149678032561,62,0.719601943523347,True,0.028023197874822103,0.035336450357789706
didi_index_signals,ssl_channel_signals,variance_volume_signals,kama_baseline,adx_dmi_exit,trend,A,False,-0.112919536607965,-21.906390101945213,0.6769563232093528,0.2319587628865979,-2.596317041579737,-18.083625711427153,24.06546086869928,13.550313890949804,-0.9102834232623296,194,84,110,25,1.0,0.01,2.25,1.0,1.4,"{""base"": {""fast_length"": 2, ""length"": 28, ""slow_length"": 16}, ""c1"": {""long_p"": 25, ""medium"": 8}, ""c2"": {""len"": 100}, ""exit_ind"": {""adx_smoothing"": 14, ""adx_threshold"": 25, ""di_length"": 14}, ""vol"": {""ema_len"": 12, ""filter_lookback"": 87, ""hline"": 0, ""lookback"": 20}}","{""base"": {""fast_length"": 20, ""length"": 28, ""slow_length"": 24}, ""c1"": {""long_p"": 87, ""medium"": 8}, ""c2"": {""len"": 10}, ""exit_ind"": {""adx_smoothing"": 14, ""adx_threshold"": 25, ""di_length"": 14}, ""vol"": {""ema_len"": 28, ""filter_lookback"": 11, ""hline"": 0, ""lookback"": 2}}","{""atr_len"": 50, ""atr_mult"": 1.0, ""be_pct"": 0.05, ""tp_mult"": 2.2, ""trail_arm"": 2.0, ""trail_mult"": 0.5}",full,full,,0.1065426878341664,0.5596071400694027,,,,,,False,gate2_tuned_modeA_trend.csv,-0.079791769928434,0.4497706745289537,110,3.06144892492437,-0.119679177748372,84,0.6703917727585816,-0.1077576288280177,110,0.6823223250069498,True,0.02796585889958371,0.03392663335976086
supertrend_signals,laguerre_filter_signals,chaikin_volatility_volume_signals,ema_baseline,adx_dmi_exit,trend,A,False,-0.1219144948095935,-29.015649764683257,0.6566195294120322,0.2521008403361344,-2.9406648090101477,,29.504558839506338,19.55320303115354,-0.9834293717969972,238,96,142,4,1.0,0.17,1.7,1.9,1.55,"{""base"": {""ma_length"": 20}, ""c1"": {""atr_period"": 4, ""factor"": 9}, ""c2"": {""alpha"": 0.569607}, ""exit_ind"": {""adx_smoothing"": 14, ""adx_threshold"": 25, ""di_length"": 14}, ""vol"": {""cvi_len"": 19, ""roc_len"": 22}}","{""base"": {""ma_length"": 132}, ""c1"": {""atr_period"": 28, ""factor"": 6}, ""c2"": {""alpha"": 0.569607}, ""exit_ind"": {""adx_smoothing"": 14, ""adx_threshold"": 25, ""di_length"": 14}, ""vol"": {""cvi_len"": 10, ""roc_len"": 15}}","{""atr_len"": 50, ""atr_mult"": 1.0, ""be_pct"": 0.01, ""tp_mult"": 1.6, ""trail_arm"": 1.0, ""trail_mult"": 1.2}",full,full,,0.1586339711540637,0.3916919794220235,,,,,,False,gate2_tuned_modeA_trend.csv,-0.079791769928434,0.3648783990189185,104,2.5811397290819813,-0.1428723506852738,96,0.5965957157121672,-0.1077458035133589,142,0.6970316020020401,True,0.027954033584924903,0.04551730717088236
ehlers_reverse_ema_signals,price_momentum_oscillator_signals,volatility_ratio_volume_signals,mcginley_dynamic_index,adx_dmi_exit,trend,A,False,-0.1113857178698362,-37.64837264000465,0.6575842043856501,0.2603550295857988,-2.633077222795292,-13.368855015926156,41.29083452953791,25.648384844159956,-0.9117852198669518,338,120,218,33,1.0,0.06,3.0,1.75,2.0,"{""base"": {""mci_length"": 14}, ""c1"": {""alpha"": 0.187382}, ""c2"": {""s1"": 230, ""s2"": 20, ""sig"": 10}, ""exit_ind"": {""adx_smoothing"": 14, ""adx_threshold"": 25, ""di_length"": 14}, ""vol"": {""length"": 26}}","{""base"": {""mci_length"": 26}, ""c1"": {""alpha"": 0.187382}, ""c2"": {""s1"": 66, ""s2"": 37, ""sig"": 10}, ""exit_ind"": {""adx_smoothing"": 14, ""adx_threshold"": 25, ""di_length"": 14}, ""vol"": {""length"": 140}}","{""atr_len"": 26, ""atr_mult"": 1.0, ""be_pct"": 0.01, ""tp_mult"": 2.9, ""trail_arm"": 2.0, ""trail_mult"": 0.65}",full,full,,0.0845753402024306,0.3050025633234604,,,,,,False,gate2_tuned_modeA_trend.csv,-0.079791769928434,0.4168347712194477,158,2.7935869212978064,-0.1180039044569008,120,0.6319089777697126,-0.1077426793815437,218,0.6714025669983568,True,0.0279509094531097,0.033081521990788246
center_of_gravity_signals,kase_peak_oscillator_signals,variance_volume_signals,kama_baseline,adx_dmi_exit,chop,B,False,-0.104695961208773,-24.18476703922657,0.824601603508919,0.2121212121212121,-1.2855224087398918,-5.5554117162648105,29.961663734734152,17.03480817559817,-0.8071903901380982,231,126,105,34,1.0,0.05,2.1,2.0,1.5,"{""base"": {""fast_length"": 20, ""length"": 4, ""slow_length"": 24}, ""c1"": {""length"": 66, ""signal_length"": 13}, ""c2"": {""long_cycle"": 10, ""sharpness"": 40, ""short_cycle"": 8}, ""exit_ind"": {""adx_smoothing"": 14, ""adx_threshold"": 25, ""di_length"": 14}, ""vol"": {""ema_len"": 28, ""filter_lookback"": 7, ""hline"": 0, ""lookback"": 200}}","{""base"": {""fast_length"": 20, ""length"": 28, ""slow_length"": 30}, ""c1"": {""length"": 19, ""signal_length"": 2}, ""c2"": {""long_cycle"": 23, ""sharpness"": 40, ""short_cycle"": 8}, ""exit_ind"": {""adx_smoothing"": 14, ""adx_threshold"": 25, ""di_length"": 14}, ""vol"": {""ema_len"": 8, ""filter_lookback"": 20, ""hline"": 0, ""lookback"": 25}}","{""atr_len"": 48, ""atr_mult"": 1.0, ""be_pct"": 0.05, ""tp_mult"": 2.55, ""trail_arm"": 2.0, ""trail_mult"": 1.5}",full,full,,-0.0095335264059948,0.5040376230780679,,,,,,False,gate2_tuned_modeB.csv,-0.0550301260173602,0.523327058826398,138,2.2487991147401254,-0.1228007669464212,126,0.7981960077906373,-0.0829701943235952,105,0.8576767815379253,True,0.027940068306235,0.047855354617648
supertrend_signals,donchian_breakout_signals,chaikin_volatility_volume_signals,tma_baseline,adx_dmi_exit,trend,A,False,-0.1460484210782733,-22.491456846054096,0.6312875926876371,0.1688311688311688,-3.0278755129449326,,21.9914568460541,9.870253686188269,-1.022736101728054,154,74,80,6,1.0,0.14,3.0,1.85,2.0,"{""base"": {""length"": 37}, ""c1"": {""atr_period"": 5, ""factor"": 6}, ""c2"": {""length"": 11}, ""exit_ind"": {""adx_smoothing"": 14, ""adx_threshold"": 25, ""di_length"": 14}, ""vol"": {""cvi_len"": 28, ""roc_len"": 12}}","{""base"": {""length"": 200}, ""c1"": {""atr_period"": 12, ""factor"": 6}, ""c2"": {""length"": 2}, ""exit_ind"": {""adx_smoothing"": 14, ""adx_threshold"": 25, ""di_length"": 14}, ""vol"": {""cvi_len"": 10, ""roc_len"": 52}}","{""atr_len"": 50, ""atr_mult"": 1.0, ""be_pct"": 0.05, ""tp_mult"": 2.95, ""trail_arm"": 2.0, ""trail_mult"": 0.55}",full,full,,0.1326364178448857,0.6774197651932035,,,,,,False,gate2_tuned_modeA_trend.csv,-0.079791769928434,0.3612215631830516,108,2.182179661326351,-0.1073250881347642,74,0.7163551242152655,-0.1818675040510193,80,0.5591090810884376,True,0.027533318206330204,0.06480452616445777
volatility_quality_signals,kase_peak_oscillator_signals,chaikin_volatility_volume_signals,mcginley_dynamic_index,adx_dmi_exit,trend,A,False,-0.1396541754780535,-47.761728013494306,0.6278363214005901,0.2017543859649122,-3.166515251367468,-35.47038944969321,54.575826448167305,29.998153554651577,-0.8751443839124525,342,210,132,2,1.0,0.07,2.95,1.8,1.95,"{""base"": {""mci_length"": 11}, ""c1"": {""atr_pct"": 0.040025, ""smooth"": 43}, ""c2"": {""long_cycle"": 35, ""sharpness"": 40, ""short_cycle"": 4}, ""exit_ind"": {""adx_smoothing"": 14, ""adx_threshold"": 25, ""di_length"": 14}, ""vol"": {""cvi_len"": 19, ""roc_len"": 12}}","{""base"": {""mci_length"": 17}, ""c1"": {""atr_pct"": 0.011399, ""smooth"": 12}, ""c2"": {""long_cycle"": 122, ""sharpness"": 40, ""short_cycle"": 10}, ""exit_ind"": {""adx_smoothing"": 14, ""adx_threshold"": 25, ""di_length"": 14}, ""vol"": {""cvi_len"": 19, ""roc_len"": 4}}","{""atr_len"": 24, ""atr_mult"": 1.0, ""be_pct"": 0.01, ""tp_mult"": 2.3, ""trail_arm"": 1.0, ""trail_mult"": 0.6}",full,full,,0.154040415283149,0.4493557932923859,,,,,,False,gate2_tuned_modeA_trend.csv,-0.079791769928434,0.3191011735160807,274,2.5476383397629574,-0.1600713012631271,210,0.5619125571287967,-0.1071723844563454,132,0.7258597589847344,True,0.027380614527911407,0.05383007293130225
kalman_filter_signals,vortex_signals,variance_volume_signals,tma_baseline,adx_dmi_exit,trend,A,False,-0.1639316916066238,-25.57334389063331,0.5807896016347218,0.1602564102564102,-3.52727750789148,-30.575073631790374,27.839228525473636,13.8083381774581,-0.9186082102538518,156,96,60,6,1.0,0.05,2.9,1.5,1.4,"{""base"": {""length"": 25}, ""c1"": {""k"": 1, ""sharpness"": 1}, ""c2"": {""period"": 140}, ""exit_ind"": {""adx_smoothing"": 14, ""adx_threshold"": 25, ""di_length"": 14}, ""vol"": {""ema_len"": 12, ""filter_lookback"": 200, ""hline"": 0, ""lookback"": 20}}","{""base"": {""length"": 20}, ""c1"": {""k"": 1, ""sharpness"": 10}, ""c2"": {""period"": 17}, ""exit_ind"": {""adx_smoothing"": 14, ""adx_threshold"": 25, ""di_length"": 14}, ""vol"": {""ema_len"": 8, ""filter_lookback"": 200, ""hline"": 0, ""lookback"": 20}}","{""atr_len"": 48, ""atr_mult"": 1.0, ""be_pct"": 0.05, ""tp_mult"": 2.4, ""trail_arm"": 1.75, ""trail_mult"": 1.55}",full,full,,0.236485714465831,1.134196048968467,,,,,,False,gate2_tuned_modeA_trend.csv,-0.079791769928434,0.4827887990041805,124,3.005799059303784,-0.1070611934360572,96,0.7188328627655198,-0.2549244886795302,60,0.3743999398970101,True,0.02726942350762321,0.10120107112935971
mama_fama_signals,fx_sniper_ergodic_cci_signals,fractal_dimension_volume_signals,kama_baseline,adx_dmi_exit,trend,A,False,-0.1512466071655441,-27.22438928979795,0.6116893637046641,0.1611111111111111,-2.982102867727463,-34.31499090438285,27.417552130337256,14.529806423621553,-0.992954774386092,180,124,56,4,1.0,0.05,2.4,1.0,1.75,"{""base"": {""fast_length"": 2, ""length"": 28, ""slow_length"": 24}, ""c1"": {""fast_limit"": 0.405565, ""slow_limit"": 0.061642}, ""c2"": {""cci_length"": 17, ""ema1_length"": 9, ""ema2_length"": 4, ""trigger_length"": 4}, ""exit_ind"": {""adx_smoothing"": 14, ""adx_threshold"": 25, ""di_length"": 14}, ""vol"": {""fd_threshold"": 1.5, ""length"": 30}}","{""base"": {""fast_length"": 4, ""length"": 5, ""slow_length"": 197}, ""c1"": {""fast_limit"": 0.405565, ""slow_limit"": 0.05}, ""c2"": {""cci_length"": 2, ""ema1_length"": 2, ""ema2_length"": 2, ""trigger_length"": 9}, ""exit_ind"": {""adx_smoothing"": 14, ""adx_threshold"": 25, ""di_length"": 14}, ""vol"": {""fd_threshold"": 1.5, ""length"": 3}}","{""atr_len"": 27, ""atr_mult"": 1.0, ""be_pct"": 0.01, ""tp_mult"": 2.6, ""trail_arm"": 1.95, ""trail_mult"": 1.9}",full,full,,0.1849958341335019,1.0309420814590298,,,,,,False,gate2_tuned_modeA_trend.csv,-0.079791769928434,0.5260502648292164,160,3.419577014458778,-0.1070068815588701,124,0.7174322280166467,-0.2492059995803224,56,0.3972131878827948,True,0.027215111630436106,0.09831467064116227
dspo_signals,waddah_attar_explosion_signals,ttm_squeeze_volume_signals,sma_baseline,adx_dmi_exit,trend,A,False,-0.1508798590530272,-29.87421209249939,0.6167141166309889,0.1767676767676767,-3.1029754351725045,-68.89562690951371,40.27205606888515,24.471509236208483,-0.741809954808359,198,92,106,10,1.1,0.2,2.5,1.45,1.7,"{""base"": {""length"": 16}, ""c1"": {""len"": 26}, ""c2"": {""bbLen"": 57, ""bbStd"": 2, ""fastEma"": 20, ""sensitivity"": 150, ""slowEma"": 32}, ""exit_ind"": {""adx_smoothing"": 14, ""adx_threshold"": 25, ""di_length"": 14}, ""vol"": {""bb_length"": 20, ""bb_mult"": 2, ""kc_length"": 3, ""kc_mult"": 1.5}}","{""base"": {""length"": 11}, ""c1"": {""len"": 14}, ""c2"": {""bbLen"": 5, ""bbStd"": 2, ""fastEma"": 16, ""sensitivity"": 281, ""slowEma"": 32}, ""exit_ind"": {""adx_smoothing"": 14, ""adx_threshold"": 25, ""di_length"": 14}, ""vol"": {""bb_length"": 3, ""bb_mult"": 2, ""kc_length"": 37, ""kc_mult"": 1.5}}","{""atr_len"": 37, ""atr_mult"": 1.0, ""be_pct"": 0.05, ""tp_mult"": 2.9, ""trail_arm"": 2.0, ""trail_mult"": 1.8}",full,full,,-0.0290120119278859,0.2187360870156952,,,,,,False,gate2_tuned_modeA_trend.csv,-0.079791769928434,0.4037066797613012,100,2.337000191303895,-0.1069146635691628,92,0.734158133828028,-0.1890383306050604,106,0.510578880813295,True,0.0271228936407288,0.06818472715867759
parabolic_sar_signals,dspo_signals,variance_volume_signals,tma_baseline,adx_dmi_exit,trend,A,False,-0.1791333980783252,-36.54321320797834,0.5281296515216466,0.1813725490196078,-4.106432526679058,-31.750673245482073,40.60969051858341,22.26936923200977,-0.8998643609769887,204,152,52,4,1.0,0.05,3.0,1.0,1.6,"{""base"": {""length"": 37}, ""c1"": {""sar_increment"": 0.010673, ""sar_maximum"": 0.246569, ""sar_start"": 0.024657}, ""c2"": {""len"": 14}, ""exit_ind"": {""adx_smoothing"": 14, ""adx_threshold"": 25, ""di_length"": 14}, ""vol"": {""ema_len"": 12, ""filter_lookback"": 87, ""hline"": 0, ""lookback"": 25}}","{""base"": {""length"": 20}, ""c1"": {""sar_increment"": 0.010673, ""sar_maximum"": 0.2, ""sar_start"": 0.02}, ""c2"": {""len"": 11}, ""exit_ind"": {""adx_smoothing"": 14, ""adx_threshold"": 25, ""di_length"": 14}, ""vol"": {""ema_len"": 43, ""filter_lookback"": 132, ""hline"": 0, ""lookback"": 7}}","{""atr_len"": 39, ""atr_mult"": 1.0, ""be_pct"": 0.01, ""tp_mult"": 3.0, ""trail_arm"": 1.75, ""trail_mult"": 0.55}",full,full,,0.0712583698252298,1.2522587899444269,,,,,,False,gate2_tuned_modeA_trend.csv,-0.079791769928434,0.3660407815117378,208,2.399307139561338,-0.2038475383404468,152,0.4811851463371865,-0.1068920650044312,52,0.6863392405684147,True,0.027100295075997205,0.075578031744005
kalman_filter_signals,j_tpo_signals,variance_volume_signals,ema_baseline,adx_dmi_exit,trend,A,False,-0.1530738855873983,-30.920924888654454,0.5512258514084456,0.2475247524752475,-4.0992223048518355,-23.16732041163623,34.10505443993549,23.03919423158434,-0.9066376053763878,202,98,104,3,1.05,0.14,2.9,1.0,1.6,"{""base"": {""ma_length"": 20}, ""c1"": {""k"": 1, ""sharpness"": 1}, ""c2"": {""ema_len"": 200, ""len"": 75}, ""exit_ind"": {""adx_smoothing"": 14, ""adx_threshold"": 25, ""di_length"": 14}, ""vol"": {""ema_len"": 66, ""filter_lookback"": 7, ""hline"": 0, ""lookback"": 25}}","{""base"": {""ma_length"": 132}, ""c1"": {""k"": 10, ""sharpness"": 3}, ""c2"": {""ema_len"": 200, ""len"": 40}, ""exit_ind"": {""adx_smoothing"": 14, ""adx_threshold"": 25, ""di_length"": 14}, ""vol"": {""ema_len"": 100, ""filter_lookback"": 200, ""hline"": 0, ""lookback"": 25}}","{""atr_len"": 48, ""atr_mult"": 1.05, ""be_pct"": 0.01, ""tp_mult"": 1.5, ""trail_arm"": 1.0, ""trail_mult"": 0.5}",full,full,,0.1869475578405096,0.7599276245759813,,,,,,False,gate2_tuned_modeA_trend.csv,-0.079791769928434,0.460970252709963,108,3.8201017165530367,-0.2025280725801511,98,0.4074920023942385,-0.1064728247673042,104,0.6872249720332446,True,0.026681054838870205,0.07470867874529365
hieken_ashi_smoothed_signals,hieken_ashi_smoothed_signals,volatility_ratio_volume_signals,rma_baseline,adx_dmi_exit,chop,B,False,-0.0926491187812569,-24.27406912068931,0.8357526160041425,0.1717557251908397,-1.079276254577391,-4.61056375643286,28.644905205288,14.5765179432179,-0.8474131419435869,262,129,133,44,1.0,0.05,2.95,2.0,1.5,"{""base"": {""ma_length"": 20}, ""c1"": {""alma_offset1"": 0.85, ""alma_offset2"": 0.85, ""alma_sigma1"": 6, ""alma_sigma2"": 6, ""ama_smooth1"": 0.181, ""ama_smooth2"": 0.181, ""frama_t1_a"": 1, ""frama_t1_b"": 168, ""frama_t2_a"": 1, ""frama_t2_b"": 168, ""lsma_offset1"": 0, ""lsma_offset2"": 0, ""ma_len1"": 80, ""ma_len2"": 4, ""vol_factor1"": 3.549584, ""vol_factor2"": 0.437609}, ""c2"": {""alma_offset1"": 0.85, ""alma_offset2"": 0.85, ""alma_sigma1"": 6, ""alma_sigma2"": 6, ""ama_smooth1"": 0.181, ""ama_smooth2"": 0.181, ""frama_t1_a"": 1, ""frama_t1_b"": 168, ""frama_t2_a"": 1, ""frama_t2_b"": 168, ""lsma_offset1"": 0, ""lsma_offset2"": 0, ""ma_len1"": 3, ""ma_len2"": 10, ""vol_factor1"": 0.665127, ""vol_factor2"": 0.82}, ""exit_ind"": {""adx_smoothing"": 14, ""adx_threshold"": 25, ""di_length"": 14}, ""vol"": {""length"": 3}}","{""base"": {""ma_length"": 200}, ""c1"": {""alma_offset1"": 0.85, ""alma_offset2"": 0.85, ""alma_sigma1"": 6, ""alma_sigma2"": 6, ""ama_smooth1"": 0.181, ""ama_smooth2"": 0.181, ""frama_t1_a"": 1, ""frama_t1_b"": 168, ""frama_t2_a"": 1, ""frama_t2_b"": 168, ""lsma_offset1"": 0, ""lsma_offset2"": 0, ""ma_len1"": 8, ""ma_len2"": 8, ""vol_factor1"": 2.335389, ""vol_factor2"": 0.82}, ""c2"": {""alma_offset1"": 0.85, ""alma_offset2"": 0.85, ""alma_sigma1"": 6, ""alma_sigma2"": 6, ""ama_smooth1"": 0.181, ""ama_smooth2"": 0.181, ""frama_t1_a"": 1, ""frama_t1_b"": 168, ""frama_t2_a"": 1, ""frama_t2_b"": 168, ""lsma_offset1"": 0, ""lsma_offset2"": 0, ""ma_len1"": 2, ""ma_len2"": 8, ""vol_factor1"": 0.82, ""vol_factor2"": 0.82}, ""exit_ind"": {""adx_smoothing"": 14, ""adx_threshold"": 25, ""di_length"": 14}, ""vol"": {""length"": 140}}","{""atr_len"": 15, ""atr_mult"": 1.0, ""be_pct"": 0.05, ""tp_mult"": 3.0, ""trail_arm"": 2.0, ""trail_mult"": 1.5}",full,full,,0.0955068132128132,0.4279556356378454,,,,,,False,gate2_tuned_modeB.csv,-0.0550301260173602,0.5702552077207154,111,2.178703116062843,-0.0816432515898166,129,0.8675755397106137,-0.1033239824481425,133,0.7986734305962038,True,0.026613125572456396,0.037453491001619356
kuskus_starlight_signals,coral_signals,variance_volume_signals,alma_baseline,adx_dmi_exit,trend,A,False,-0.1144327221497765,-22.19994809705664,0.6994016198257458,0.1752577319587628,-2.3191854957864635,-18.404694095123464,28.494895550041125,16.195694320939438,-0.7790850841362218,194,84,110,15,1.0,0.19,3.0,1.9,0.9,"{""base"": {""length"": 5, ""offset"": 0.298451, ""sigma"": 26}, ""c1"": {""index_smooth"": 0.567792, ""price_smooth"": 0.567792, ""range_periods"": 30}, ""c2"": {""const_d"": 11, ""smooth_period"": 10}, ""exit_ind"": {""adx_smoothing"": 14, ""adx_threshold"": 25, ""di_length"": 14}, ""vol"": {""ema_len"": 19, ""filter_lookback"": 200, ""hline"": 0, ""lookback"": 16}}","{""base"": {""length"": 90, ""offset"": 0.196361, ""sigma"": 5}, ""c1"": {""index_smooth"": 0.373569, ""price_smooth"": 0.7, ""range_periods"": 30}, ""c2"": {""const_d"": 14, ""smooth_period"": 10}, ""exit_ind"": {""adx_smoothing"": 14, ""adx_threshold"": 25, ""di_length"": 14}, ""vol"": {""ema_len"": 43, ""filter_lookback"": 132, ""hline"": 0, ""lookback"": 16}}","{""atr_len"": 38, ""atr_mult"": 1.0, ""be_pct"": 0.01, ""tp_mult"": 3.0, ""trail_arm"": 2.0, ""trail_mult"": 0.6}",full,full,,0.099018170278643,0.5494234111717754,,,,,,False,gate2_tuned_modeA_trend.csv,-0.079791769928434,0.6372824630626268,100,3.549129852250511,-0.1063482200653755,84,0.7304367268104732,-0.120606341923319,110,0.6741394283869492,True,0.02655645013694151,0.03368551106591326
linreg_slope_signals,schaff_trend_cycle_signals,variance_volume_signals,mcginley_dynamic_index,adx_dmi_exit,trend,A,False,-0.1218547934769089,-20.95902447802834,0.6727063001297386,0.2151162790697674,-2.385756740967835,-31.644241521402407,24.019387378445927,13.86273810414457,-0.8725878036688047,172,112,60,4,1.0,0.05,3.0,1.55,2.0,"{""base"": {""mci_length"": 14}, ""c1"": {""length"": 17, ""r2_floor"": 0.106734}, ""c2"": {""cycleLen"": 10, ""d1"": 6, ""d2"": 3, ""lowerBand"": 25, ""macdFast"": 66, ""macdSlow"": 41, ""stc_midline"": 27, ""upperBand"": 75}, ""exit_ind"": {""adx_smoothing"": 14, ""adx_threshold"": 25, ""di_length"": 14}, ""vol"": {""ema_len"": 12, ""filter_lookback"": 20, ""hline"": 0, ""lookback"": 20}}","{""base"": {""mci_length"": 61}, ""c1"": {""length"": 14, ""r2_floor"": 0.2}, ""c2"": {""cycleLen"": 8, ""d1"": 4, ""d2"": 2, ""lowerBand"": 25, ""macdFast"": 28, ""macdSlow"": 500, ""stc_midline"": 50, ""upperBand"": 75}, ""exit_ind"": {""adx_smoothing"": 14, ""adx_threshold"": 25, ""di_length"": 14}, ""vol"": {""ema_len"": 8, ""filter_lookback"": 16, ""hline"": 0, ""lookback"": 200}}","{""atr_len"": 5, ""atr_mult"": 1.0, ""be_pct"": 0.05, ""tp_mult"": 3.0, ""trail_arm"": 1.6, ""trail_mult"": 1.35}",full,full,,0.1153957270872002,1.6928618104656732,,,,,,False,gate2_tuned_modeA_trend.csv,-0.079791769928434,0.3761694475554953,100,2.4635255699806606,-0.1061903223073247,112,0.7234112535251078,-0.1510951396601328,60,0.5690662522342609,True,0.026398552378890702,0.04885096105529475
didi_index_signals,supertrend_signals,variance_volume_signals,wma_baseline,adx_dmi_exit,trend,A,False,-0.1319451827735917,-19.00010631939721,0.6547998174976515,0.2013888888888889,-2.7726043922777643,-26.98206607885868,18.500106319397215,9.170985980945463,-1.0270268717037454,144,82,62,3,1.0,0.05,3.0,2.0,0.95,"{""base"": {""ma_length"": 37}, ""c1"": {""long_p"": 200, ""medium"": 53}, ""c2"": {""atr_period"": 10, ""factor"": 3}, ""exit_ind"": {""adx_smoothing"": 14, ""adx_threshold"": 25, ""di_length"": 14}, ""vol"": {""ema_len"": 19, ""filter_lookback"": 200, ""hline"": 0, ""lookback"": 16}}","{""base"": {""ma_length"": 200}, ""c1"": {""long_p"": 37, ""medium"": 4}, ""c2"": {""atr_period"": 10, ""factor"": 6}, ""exit_ind"": {""adx_smoothing"": 14, ""adx_threshold"": 25, ""di_length"": 14}, ""vol"": {""ema_len"": 12, ""filter_lookback"": 87, ""hline"": 0, ""lookback"": 20}}","{""atr_len"": 42, ""atr_mult"": 1.0, ""be_pct"": 0.01, ""tp_mult"": 2.85, ""trail_arm"": 2.0, ""trail_mult"": 0.5}",full,full,,0.1657210906769396,1.2776858516350795,,,,,,False,gate2_tuned_modeA_trend.csv,-0.079791769928434,0.4708256428061636,110,2.670671635763806,-0.1061769094652892,82,0.7250239745914815,-0.1660258023103789,62,0.5596895640415755,True,0.0263851395368552,0.05630958595940004
aroon_signals,hieken_ashi_smoothed_signals,waddah_attar_explosion_volume_signals,kama_baseline,adx_dmi_exit,trend,A,False,-0.1219855042586693,-21.225477741008465,0.6399404213774836,0.2528735632183908,-2.6725465164658484,-18.541650657960936,24.442050243035705,11.350836455850498,-0.8684000535943691,174,102,72,26,1.0,0.09,3.0,1.0,2.0,"{""base"": {""fast_length"": 2, ""length"": 10, ""slow_length"": 11}, ""c1"": {""length"": 13}, ""c2"": {""alma_offset1"": 0.85, ""alma_offset2"": 0.85, ""alma_sigma1"": 6, ""alma_sigma2"": 6, ""ama_smooth1"": 0.181, ""ama_smooth2"": 0.181, ""frama_t1_a"": 1, ""frama_t1_b"": 168, ""frama_t2_a"": 1, ""frama_t2_b"": 168, ""lsma_offset1"": 0, ""lsma_offset2"": 0, ""ma_len1"": 8, ""ma_len2"": 8, ""vol_factor1"": 0.82, ""vol_factor2"": 0.82}, ""exit_ind"": {""adx_smoothing"": 14, ""adx_threshold"": 25, ""di_length"": 14}, ""vol"": {""bbLen"": 20, ""bbStd"": 2, ""fastEma"": 20, ""sensitivity"": 53, ""slowEma"": 21}}","{""base"": {""fast_length"": 2, ""length"": 100, ""slow_length"": 30}, ""c1"": {""length"": 25}, ""c2"": {""alma_offset1"": 0.85, ""alma_offset2"": 0.85, ""alma_sigma1"": 6, ""alma_sigma2"": 6, ""ama_smooth1"": 0.181, ""ama_smooth2"": 0.181, ""frama_t1_a"": 1, ""frama_t1_b"": 168, ""frama_t2_a"": 1, ""frama_t2_b"": 168, ""lsma_offset1"": 0, ""lsma_offset2"": 0, ""ma_len1"": 6, ""ma_len2"": 8, ""vol_factor1"": 0.82, ""vol_factor2"": 0.82}, ""exit_ind"": {""adx_smoothing"": 14, ""adx_threshold"": 25, ""di_length"": 14}, ""vol"": {""bbLen"": 20, ""bbStd"": 2, ""fastEma"": 200, ""sensitivity"": 80, ""slowEma"": 14}}","{""atr_len"": 24, ""atr_mult"": 1.05, ""be_pct"": 0.05, ""tp_mult"": 1.4, ""trail_arm"": 1.3, ""trail_mult"": 1.6}",full,full,,0.0289234618909977,0.2641900797460664,,,,,,False,gate2_tuned_modeA_trend.csv,-0.079791769928434,0.3566011988599482,100,3.228757492874684,-0.1061429332952095,102,0.6906691658253893,-0.144429146456904,72,0.5658062609472558,True,0.02635116336677551,0.04549426994762275
dspo_signals,bears_bulls_impulse_signals,waddah_attar_explosion_volume_signals,ema_baseline,adx_dmi_exit,chop,B,False,-0.0872461392805664,-18.059950831077263,0.8285439155994753,0.2946859903381642,-1.2423974834903868,-4.443380968522766,23.8499781696866,12.366358658729297,-0.7572313359192722,207,144,63,6,1.0,0.05,2.6,2.0,1.5,"{""base"": {""ma_length"": 20}, ""c1"": {""len"": 17}, ""c2"": {""length"": 7}, ""exit_ind"": {""adx_smoothing"": 14, ""adx_threshold"": 25, ""di_length"": 14}, ""vol"": {""bbLen"": 25, ""bbStd"": 2, ""fastEma"": 200, ""sensitivity"": 35, ""slowEma"": 75}}","{""base"": {""ma_length"": 7}, ""c1"": {""len"": 5}, ""c2"": {""length"": 11}, ""exit_ind"": {""adx_smoothing"": 14, ""adx_threshold"": 25, ""di_length"": 14}, ""vol"": {""bbLen"": 20, ""bbStd"": 4, ""fastEma"": 25, ""sensitivity"": 427, ""slowEma"": 9}}","{""atr_len"": 30, ""atr_mult"": 1.0, ""be_pct"": 0.05, ""tp_mult"": 1.5, ""trail_arm"": 2.0, ""trail_mult"": 1.5}",full,full,,0.0177195538302839,0.5745447116413085,,,,,,False,gate2_tuned_modeB.csv,-0.0550301260173602,0.2421140121682446,151,1.6984470862585923,-0.0813690598764916,144,0.8127952664439428,-0.1006794636327373,63,0.8516052928797334,True,0.026338933859131393,0.03599413573725425
bears_bulls_impulse_signals,ichimoku_signals,efficiency_ratio_volume_signals,kama_baseline,adx_dmi_exit,trend,A,False,-0.1316203535540367,-18.16360879045707,0.6074114118992275,0.2536231884057971,-3.58246510433739,-54.84951072264802,22.09062042127169,12.693285907454491,-0.8222317184431276,138,80,58,3,1.0,0.01,1.75,1.0,1.25,"{""base"": {""fast_length"": 2, ""length"": 28, ""slow_length"": 37}, ""c1"": {""length"": 24}, ""c2"": {""base_len"": 26, ""conversion_len"": 9, ""displacement"": 74, ""span_b_len"": 148}, ""exit_ind"": {""adx_smoothing"": 14, ""adx_threshold"": 25, ""di_length"": 14}, ""vol"": {""er_threshold"": 0.562145, ""length"": 5}}","{""base"": {""fast_length"": 2, ""length"": 10, ""slow_length"": 300}, ""c1"": {""length"": 7}, ""c2"": {""base_len"": 171, ""conversion_len"": 9, ""displacement"": 113, ""span_b_len"": 52}, ""exit_ind"": {""adx_smoothing"": 14, ""adx_threshold"": 25, ""di_length"": 14}, ""vol"": {""er_threshold"": 0.3, ""length"": 43}}","{""atr_len"": 39, ""atr_mult"": 1.0, ""be_pct"": 0.01, ""tp_mult"": 1.3, ""trail_arm"": 1.55, ""trail_mult"": 1.1}",full,full,,0.1394634389538223,1.1507190621056436,,,,,,False,gate2_tuned_modeA_trend.csv,-0.079791769928434,0.4107598247081612,100,3.4162342629891884,-0.1060655770005811,80,0.6641670153040659,-0.1668683212139754,58,0.539125589028068,True,0.026273807072147104,0.05667517917884425
dspo_signals,rex_oscillator_signals,chaikin_volatility_volume_signals,ema_baseline,adx_dmi_exit,trend,A,False,-0.122929533186695,-28.02793356656648,0.6751878054393611,0.1973684210526315,-2.592543314441566,-51.39704865058639,32.375746315730154,18.715244339517977,-0.8657077212440586,228,98,130,3,1.0,0.01,2.15,1.05,1.9,"{""base"": {""ma_length"": 20}, ""c1"": {""len"": 61}, ""c2"": {""almaOffset"": 0.85, ""almaSigma"": 6, ""framaFast"": 34, ""framaSlow"": 89, ""jurikPhase"": 1, ""jurikPower"": 1, ""lsOffset"": 0, ""modFBW"": 0.5, ""modFilter"": 0.8, ""sigAlmaOff"": 0.85, ""sigAlmaSig"": 6, ""sigFramaFast"": 34, ""sigFramaSlow"": 89, ""sigJurikPhase"": 1, ""sigJurikPower"": 1, ""sigLsOff"": 0, ""sigModFBW"": 0.5, ""sigModFilter"": 0.8, ""sigSmooth"": 3, ""sigVolAdj"": 10, ""smooth"": 5, ""volAdj"": 10}, ""exit_ind"": {""adx_smoothing"": 14, ""adx_threshold"": 25, ""di_length"": 14}, ""vol"": {""cvi_len"": 43, ""roc_len"": 10}}","{""base"": {""ma_length"": 57}, ""c1"": {""len"": 40}, ""c2"": {""almaOffset"": 0.85, ""almaSigma"": 6, ""framaFast"": 34, ""framaSlow"": 89, ""jurikPhase"": 1, ""jurikPower"": 1, ""lsOffset"": 0, ""modFBW"": 0.5, ""modFilter"": 0.8, ""sigAlmaOff"": 0.85, ""sigAlmaSig"": 6, ""sigFramaFast"": 34, ""sigFramaSlow"": 89, ""sigJurikPhase"": 1, ""sigJurikPower"": 1, ""sigLsOff"": 0, ""sigModFBW"": 0.5, ""sigModFilter"": 0.8, ""sigSmooth"": 41, ""sigVolAdj"": 10, ""smooth"": 11, ""volAdj"": 10}, ""exit_ind"": {""adx_smoothing"": 14, ""adx_threshold"": 25, ""di_length"": 14}, ""vol"": {""cvi_len"": 66, ""roc_len"": 10}}","{""atr_len"": 13, ""atr_mult"": 1.0, ""be_pct"": 0.01, ""tp_mult"": 2.9, ""trail_arm"": 2.0, ""trail_mult"": 0.6}",full,full,,0.1704531683511941,0.426531295487452,,,,,,False,gate2_tuned_modeA_trend.csv,-0.079791769928434,0.6763166559858066,118,4.192214616253007,-0.1455516266264139,98,0.6433985147652856,-0.1058759550552146,130,0.702657690710774,True,0.02608418512678061,0.04592202091238025
laguerre_filter_signals,coppock_curve_signals,chaikin_volatility_volume_signals,mcginley_dynamic_index,adx_dmi_exit,trend,A,False,-0.1672680686848898,-37.468047385415325,0.578383198687783,0.1651785714285714,-3.646440480125483,-75.74536063731851,43.5043847274131,20.776924967559495,-0.8612476103312378,224,142,82,35,1.0,0.03,2.55,1.7,1.8,"{""base"": {""mci_length"": 17}, ""c1"": {""alpha"": 0.070224}, ""c2"": {""long_roc"": 14, ""short_roc"": 9, ""smooth_len"": 10}, ""exit_ind"": {""adx_smoothing"": 14, ""adx_threshold"": 25, ""di_length"": 14}, ""vol"": {""cvi_len"": 28, ""roc_len"": 34}}","{""base"": {""mci_length"": 61}, ""c1"": {""alpha"": 0.162226}, ""c2"": {""long_roc"": 26, ""short_roc"": 11, ""smooth_len"": 10}, ""exit_ind"": {""adx_smoothing"": 14, ""adx_threshold"": 25, ""di_length"": 14}, ""vol"": {""cvi_len"": 28, ""roc_len"": 10}}","{""atr_len"": 41, ""atr_mult"": 1.0, ""be_pct"": 0.05, ""tp_mult"": 2.9, ""trail_arm"": 1.85, ""trail_mult"": 1.35}",full,full,,0.157688503640081,0.5361348039230566,,,,,,False,gate2_tuned_modeA_trend.csv,-0.079791769928434,0.4094119705989217,178,2.4379950509255073,-0.1057861616553471,142,0.7268793644534675,-0.2737367369555614,82,0.3372292960700069,True,0.025994391726913105,0.10996967937702025
qqe_mod_signals,laguerre_filter_signals,choppiness_index_volume_signals,rma_baseline,adx_dmi_exit,trend,A,False,-0.121742941251452,-27.27041884032525,0.6594826259898433,0.2098214285714285,-2.3817749416914777,-20.82210272351586,27.028516209321687,13.693577103239468,-1.008949904209693,224,150,74,4,1.0,0.01,2.05,1.0,1.95,"{""base"": {""ma_length"": 20}, ""c1"": {""fast_factor"": 1.305921, ""rsi_len"": 4, ""rsi_period"": 3}, ""c2"": {""alpha"": 0.2}, ""exit_ind"": {""adx_smoothing"": 14, ""adx_threshold"": 25, ""di_length"": 14}, ""vol"": {""ci_threshold"": 50.127885, ""length"": 11}}","{""base"": {""ma_length"": 11}, ""c1"": {""fast_factor"": 16.1, ""rsi_len"": 50, ""rsi_period"": 7}, ""c2"": {""alpha"": 0.374763}, ""exit_ind"": {""adx_smoothing"": 14, ""adx_threshold"": 25, ""di_length"": 14}, ""vol"": {""ci_threshold"": 50.127885, ""length"": 2}}","{""atr_len"": 44, ""atr_mult"": 1.0, ""be_pct"": 0.05, ""tp_mult"": 2.1, ""trail_arm"": 1.85, ""trail_mult"": 1.55}",full,full,,0.1080632389560814,0.8930150708455283,,,,,,False,gate2_tuned_modeA_trend.csv,-0.079791769928434,0.4801029334009232,132,3.2979110561201237,-0.1057805942512614,150,0.7216300151282591,-0.154099050035622,74,0.5060339405743615,True,0.02598882432282741,0.05014805221500769
qqe_mod_signals,supertrend_signals,variance_volume_signals,kama_baseline,adx_dmi_exit,trend,A,False,-0.1073345728379883,-18.246877382458027,0.7008708625826549,0.2470588235294117,-2.4497000058841487,,19.761461119999023,10.813531543532298,-0.9233566926886692,170,80,90,41,1.0,0.01,3.0,1.05,1.85,"{""base"": {""fast_length"": 2, ""length"": 19, ""slow_length"": 16}, ""c1"": {""fast_factor"": 10.592725, ""rsi_len"": 3, ""rsi_period"": 39}, ""c2"": {""atr_period"": 8, ""factor"": 3}, ""exit_ind"": {""adx_smoothing"": 14, ""adx_threshold"": 25, ""di_length"": 14}, ""vol"": {""ema_len"": 5, ""filter_lookback"": 200, ""hline"": 0, ""lookback"": 20}}","{""base"": {""fast_length"": 13, ""length"": 19, ""slow_length"": 30}, ""c1"": {""fast_factor"": 1.305921, ""rsi_len"": 9, ""rsi_period"": 60}, ""c2"": {""atr_period"": 2, ""factor"": 3}, ""exit_ind"": {""adx_smoothing"": 14, ""adx_threshold"": 25, ""di_length"": 14}, ""vol"": {""ema_len"": 19, ""filter_lookback"": 25, ""hline"": 0, ""lookback"": 20}}","{""atr_len"": 46, ""atr_mult"": 1.0, ""be_pct"": 0.01, ""tp_mult"": 1.7, ""trail_arm"": 2.0, ""trail_mult"": 1.35}",full,full,,0.152519582099333,0.7621283610009623,,,,,,False,gate2_tuned_modeA_trend.csv,-0.079791769928434,0.5135572898825684,100,3.7029331046450937,-0.1091364430150809,80,0.6766327614367971,-0.1057329104583505,90,0.7201187664337773,True,0.0259411405299165,0.0276429068082817
schaff_trend_cycle_signals,coral_signals,williams_vix_fix_volume_signals,frama_baseline,adx_dmi_exit,trend,A,False,-0.1362852252477777,-18.262220183202224,0.6101485897016715,0.2761194029850746,-3.275519426388929,-33.462816888218136,27.71635088043871,18.179348992037134,-0.6588969905158438,134,58,76,6,1.0,0.05,3.0,1.0,0.7,"{""base"": {""length"": 43}, ""c1"": {""cycleLen"": 12, ""d1"": 3, ""d2"": 3, ""lowerBand"": 25, ""macdFast"": 8, ""macdSlow"": 62, ""stc_midline"": 50, ""upperBand"": 75}, ""c2"": {""const_d"": 40, ""smooth_period"": 12}, ""exit_ind"": {""adx_smoothing"": 14, ""adx_threshold"": 25, ""di_length"": 14}, ""vol"": {""bb_length"": 20, ""bb_mult"": 2, ""lookback"": 2}}","{""base"": {""length"": 43}, ""c1"": {""cycleLen"": 28, ""d1"": 4, ""d2"": 4, ""lowerBand"": 25, ""macdFast"": 12, ""macdSlow"": 62, ""stc_midline"": 50, ""upperBand"": 75}, ""c2"": {""const_d"": 2, ""smooth_period"": 12}, ""exit_ind"": {""adx_smoothing"": 14, ""adx_threshold"": 25, ""di_length"": 14}, ""vol"": {""bb_length"": 11, ""bb_mult"": 2, ""lookback"": 2}}","{""atr_len"": 21, ""atr_mult"": 1.0, ""be_pct"": 0.01, ""tp_mult"": 2.35, ""trail_arm"": 1.1, ""trail_mult"": 1.8}",full,full,,0.0341087720344993,0.428404138747043,,,,,,False,gate2_tuned_modeA_trend.csv,-0.079791769928434,0.5174162142933482,102,3.7395659468443863,-0.1763280156478499,58,0.5351352314738503,-0.10572625362667,76,0.6765747026748355,True,0.025934483698236005,0.06123536470882594
linreg_slope_signals,bears_bulls_impulse_signals,variance_volume_signals,super_smoother_2pole_baseline,adx_dmi_exit,trend,A,False,-0.1419725018625982,-29.530280387420433,0.5677219536693324,0.1875,-3.7006092420174745,-15.393507048974053,29.40677701239127,13.304378467976788,-1.0041998269642785,208,148,60,4,1.0,0.09,2.7,1.85,1.0,"{""base"": {""cutoff_period"": 99}, ""c1"": {""length"": 17, ""r2_floor"": 0.030398}, ""c2"": {""length"": 7}, ""exit_ind"": {""adx_smoothing"": 14, ""adx_threshold"": 25, ""di_length"": 14}, ""vol"": {""ema_len"": 19, ""filter_lookback"": 16, ""hline"": 0, ""lookback"": 132}}","{""base"": {""cutoff_period"": 99}, ""c1"": {""length"": 7, ""r2_floor"": 0.030398}, ""c2"": {""length"": 130}, ""exit_ind"": {""adx_smoothing"": 14, ""adx_threshold"": 25, ""di_length"": 14}, ""vol"": {""ema_len"": 12, ""filter_lookback"": 25, ""hline"": 0, ""lookback"": 132}}","{""atr_len"": 37, ""atr_mult"": 1.0, ""be_pct"": 0.01, ""tp_mult"": 2.0, ""trail_arm"": 1.35, ""trail_mult"": 0.65}",full,full,,0.0592676040259935,0.938790475033297,,,,,,False,gate2_tuned_modeA_trend.csv,-0.079791769928434,0.298074719883753,138,2.703475320762282,-0.1057115106684778,148,0.6527541618875174,-0.2314162801414285,60,0.4029957619047487,True,0.0259197407400438,0.08877212547651915
chandelier_exit_signals,donchian_breakout_signals,chaikin_volatility_volume_signals,sma_baseline,adx_dmi_exit,trend,A,False,-0.1369263945042169,-36.422420938121704,0.6394624380893718,0.2142857142857142,-3.0391231034468045,-91.95869694063288,35.92242093812172,17.952869897706233,-1.013918883720595,266,122,144,3,1.05,0.07,2.4,1.1,1.85,"{""base"": {""length"": 25}, ""c1"": {""atr_mult"": 9, ""atr_period"": 5}, ""c2"": {""length"": 11}, ""exit_ind"": {""adx_smoothing"": 14, ""adx_threshold"": 25, ""di_length"": 14}, ""vol"": {""cvi_len"": 28, ""roc_len"": 12}}","{""base"": {""length"": 200}, ""c1"": {""atr_mult"": 4, ""atr_period"": 41}, ""c2"": {""length"": 3}, ""exit_ind"": {""adx_smoothing"": 14, ""adx_threshold"": 25, ""di_length"": 14}, ""vol"": {""cvi_len"": 12, ""roc_len"": 12}}","{""atr_len"": 50, ""atr_mult"": 1.0, ""be_pct"": 0.01, ""tp_mult"": 2.55, ""trail_arm"": 1.3, ""trail_mult"": 1.25}",full,full,,0.1155162052238504,0.440101842059607,,,,,,False,gate2_tuned_modeA_trend.csv,-0.079791769928434,0.3940694347289056,100,2.459516424921875,-0.105506365294541,122,0.7262637012297358,-0.1635461414735256,144,0.5638769560705985,True,0.025714595366107,0.054734483455599295
polychromatic_momentum_signals,fisher_transform_signals,efficiency_ratio_volume_signals,ema_baseline,adx_dmi_exit,trend,A,False,-0.1516629542136602,-27.60265766688616,0.5746808170172385,0.2087912087912088,-3.652021136895087,-23.80741618829627,31.659572544632947,20.369201320005665,-0.8718581916408555,182,114,68,2,1.0,0.01,2.65,1.4,0.6,"{""base"": {""ma_length"": 16}, ""c1"": {""len"": 14}, ""c2"": {""length"": 10}, ""exit_ind"": {""adx_smoothing"": 14, ""adx_threshold"": 25, ""di_length"": 14}, ""vol"": {""er_threshold"": 0.369854, ""length"": 12}}","{""base"": {""ma_length"": 16}, ""c1"": {""len"": 26}, ""c2"": {""length"": 4}, ""exit_ind"": {""adx_smoothing"": 14, ""adx_threshold"": 25, ""di_length"": 14}, ""vol"": {""er_threshold"": 0.3, ""length"": 10}}","{""atr_len"": 31, ""atr_mult"": 1.15, ""be_pct"": 0.05, ""tp_mult"": 2.15, ""trail_arm"": 2.0, ""trail_mult"": 1.35}",full,full,,0.239646656282923,1.0410094460751438,,,,,,False,gate2_tuned_modeA_trend.csv,-0.079791769928434,0.3569024611799161,104,2.657709468314097,-0.1791956136132011,114,0.5016387023294797,-0.1055052605144296,68,0.6999149247129355,True,0.025713490585995605,0.06255866713538134
ehlers_reverse_ema_signals,halftrend_signals,chaikin_volatility_volume_signals,sma_baseline,adx_dmi_exit,trend,A,False,-0.1439567503036821,-38.292495580779445,0.5643815822928306,0.2406015037593984,-3.652108153513628,-16.3706903413031,49.55225357636134,31.6855794678556,-0.7727700117971363,266,128,138,3,1.0,0.05,2.7,1.1,1.75,"{""base"": {""length"": 37}, ""c1"": {""alpha"": 0.187382}, ""c2"": {""amplitude"": 18}, ""exit_ind"": {""adx_smoothing"": 14, ""adx_threshold"": 25, ""di_length"": 14}, ""vol"": {""cvi_len"": 28, ""roc_len"": 12}}","{""base"": {""length"": 87}, ""c1"": {""alpha"": 0.187382}, ""c2"": {""amplitude"": 50}, ""exit_ind"": {""adx_smoothing"": 14, ""adx_threshold"": 25, ""di_length"": 14}, ""vol"": {""cvi_len"": 5, ""roc_len"": 12}}","{""atr_len"": 39, ""atr_mult"": 1.0, ""be_pct"": 0.01, ""tp_mult"": 2.9, ""trail_arm"": 2.0, ""trail_mult"": 0.75}",full,full,,0.1725335086639111,0.3795106491785055,,,,,,False,gate2_tuned_modeA_trend.csv,-0.079791769928434,0.3417314449432617,124,2.5362809725045925,-0.1854453414481071,128,0.4772511521365764,-0.1054745788074038,138,0.6574832734763197,True,0.0256828088789698,0.06566819019932145
bears_bulls_impulse_signals,didi_index_signals,volatility_ratio_volume_signals,t3_baseline,adx_dmi_exit,trend,A,False,-0.12584219663974,-40.01781853143733,0.653951034102971,0.1981132075471698,-2.7052458429761024,-27.972694650293,41.83993522085898,19.487659645097125,-0.9564502985054036,318,182,136,47,1.0,0.01,1.65,1.65,1.95,"{""base"": {""length"": 19, ""volume_factor"": 0.7}, ""c1"": {""length"": 16}, ""c2"": {""long_p"": 132, ""medium"": 8}, ""exit_ind"": {""adx_smoothing"": 14, ""adx_threshold"": 25, ""di_length"": 14}, ""vol"": {""length"": 26}}","{""base"": {""length"": 28, ""volume_factor"": 0.862993}, ""c1"": {""length"": 13}, ""c2"": {""long_p"": 132, ""medium"": 3}, ""exit_ind"": {""adx_smoothing"": 14, ""adx_threshold"": 25, ""di_length"": 14}, ""vol"": {""length"": 92}}","{""atr_len"": 39, ""atr_mult"": 1.0, ""be_pct"": 0.07, ""tp_mult"": 2.95, ""trail_arm"": 1.55, ""trail_mult"": 1.95}",full,full,,0.0681244325545794,0.2237386887678297,,,,,,False,gate2_tuned_modeA_trend.csv,-0.079791769928434,0.3440160372380886,278,2.224706992489944,-0.1053424358487399,182,0.7273299351618981,-0.1532757000512254,136,0.5401269275279467,True,0.0255506659203059,0.04951729802154865
dspo_signals,supertrend_signals,waddah_attar_explosion_volume_signals,mcginley_dynamic_index,adx_dmi_exit,chop,B,False,-0.1088395759068929,-23.944706699516452,0.8096691856582544,0.2272727272727272,-1.4180924946632234,-5.717579196433201,28.75928077598994,14.184617006144869,-0.8325905952247249,220,113,107,43,1.05,0.05,2.8,2.0,1.5,"{""base"": {""mci_length"": 40}, ""c1"": {""len"": 40}, ""c2"": {""atr_period"": 12, ""factor"": 3}, ""exit_ind"": {""adx_smoothing"": 14, ""adx_threshold"": 25, ""di_length"": 14}, ""vol"": {""bbLen"": 25, ""bbStd"": 2, ""fastEma"": 5, ""sensitivity"": 53, ""slowEma"": 400}}","{""base"": {""mci_length"": 11}, ""c1"": {""len"": 17}, ""c2"": {""atr_period"": 19, ""factor"": 3}, ""exit_ind"": {""adx_smoothing"": 14, ""adx_threshold"": 25, ""di_length"": 14}, ""vol"": {""bbLen"": 20, ""bbStd"": 2, ""fastEma"": 20, ""sensitivity"": 150, ""slowEma"": 49}}","{""atr_len"": 29, ""atr_mult"": 1.0, ""be_pct"": 0.05, ""tp_mult"": 1.75, ""trail_arm"": 2.0, ""trail_mult"": 1.5}",full,full,,0.061814450309057,0.5412546082485434,,,,,,False,gate2_tuned_modeB.csv,-0.0550301260173602,0.3052447893261372,105,1.7127886907056151,-0.0805783332701964,113,0.8612687804517232,-0.1386855611213482,107,0.7533872020488868,True,0.025548207252836193,0.05460182117841209
qqe_mod_signals,supertrend_signals,efficiency_ratio_volume_signals,kama_baseline,adx_dmi_exit,trend,A,False,-0.1067421892323648,-13.022547086348512,0.6496851433210995,0.319672131147541,-3.011442539907864,-22.906314224457795,14.279091695815104,6.2186738629749145,-0.9120010826854724,122,52,70,13,1.0,0.14,1.25,1.0,0.55,"{""base"": {""fast_length"": 2, ""length"": 28, ""slow_length"": 11}, ""c1"": {""fast_factor"": 0.859209, ""rsi_len"": 4, ""rsi_period"": 7}, ""c2"": {""atr_period"": 8, ""factor"": 3}, ""exit_ind"": {""adx_smoothing"": 14, ""adx_threshold"": 25, ""di_length"": 14}, ""vol"": {""er_threshold"": 0.369854, ""length"": 10}}","{""base"": {""fast_length"": 2, ""length"": 10, ""slow_length"": 197}, ""c1"": {""fast_factor"": 1.61, ""rsi_len"": 3, ""rsi_period"": 2}, ""c2"": {""atr_period"": 2, ""factor"": 3}, ""exit_ind"": {""adx_smoothing"": 14, ""adx_threshold"": 25, ""di_length"": 14}, ""vol"": {""er_threshold"": 0.3, ""length"": 66}}","{""atr_len"": 36, ""atr_mult"": 1.0, ""be_pct"": 0.01, ""tp_mult"": 1.9, ""trail_arm"": 2.0, ""trail_mult"": 1.1}",full,full,,0.116948165244411,0.7636461633221141,,,,,,False,gate2_tuned_modeA_trend.csv,-0.079791769928434,0.3633792415978931,100,3.2242072397659496,-0.1051835699893155,52,0.6318157269068371,-0.1079000206700586,70,0.6615793021871684,True,0.0253918000608815,0.026750025401253055
bears_bulls_impulse_signals,price_momentum_oscillator_signals,chaikin_volatility_volume_signals,mcginley_dynamic_index,adx_dmi_exit,trend,A,False,-0.1189679215668298,-27.83849364663818,0.6750277430358145,0.2008547008547008,-2.488414749891497,-18.33965555889791,38.8933986024995,20.364109059549115,-0.7157639765851969,234,116,118,32,1.05,0.01,2.5,1.0,2.0,"{""base"": {""mci_length"": 17}, ""c1"": {""length"": 13}, ""c2"": {""s1"": 152, ""s2"": 20, ""sig"": 10}, ""exit_ind"": {""adx_smoothing"": 14, ""adx_threshold"": 25, ""di_length"": 14}, ""vol"": {""cvi_len"": 28, ""roc_len"": 12}}","{""base"": {""mci_length"": 26}, ""c1"": {""length"": 24}, ""c2"": {""s1"": 66, ""s2"": 37, ""sig"": 10}, ""exit_ind"": {""adx_smoothing"": 14, ""adx_threshold"": 25, ""di_length"": 14}, ""vol"": {""cvi_len"": 8, ""roc_len"": 12}}","{""atr_len"": 2, ""atr_mult"": 1.0, ""be_pct"": 0.05, ""tp_mult"": 3.0, ""trail_arm"": 1.45, ""trail_mult"": 1.55}",full,full,,0.2245981818723467,0.417944687009226,,,,,,False,gate2_tuned_modeA_trend.csv,-0.079791769928434,0.4218576118363568,128,2.79107622493812,-0.1051352069180225,116,0.717821402160759,-0.1325661834249794,118,0.6314524538057535,True,0.025343436989588505,0.03905892524306695
kalman_filter_signals,fx_sniper_ergodic_cci_signals,variance_volume_signals,wma_baseline,adx_dmi_exit,trend,A,False,-0.1346727706739648,-30.705391713663985,0.6457931883524037,0.2105263157894736,-2.903509270026366,-39.07312415681218,31.93668446695858,16.995685055668464,-0.9614458177532962,228,124,104,4,1.0,0.05,2.7,2.0,1.4,"{""base"": {""ma_length"": 37}, ""c1"": {""k"": 1, ""sharpness"": 1}, ""c2"": {""cci_length"": 7, ""ema1_length"": 5, ""ema2_length"": 4, ""trigger_length"": 14}, ""exit_ind"": {""adx_smoothing"": 14, ""adx_threshold"": 25, ""di_length"": 14}, ""vol"": {""ema_len"": 19, ""filter_lookback"": 20, ""hline"": 0, ""lookback"": 132}}","{""base"": {""ma_length"": 25}, ""c1"": {""k"": 1, ""sharpness"": 1}, ""c2"": {""cci_length"": 14, ""ema1_length"": 6, ""ema2_length"": 3, ""trigger_length"": 14}, ""exit_ind"": {""adx_smoothing"": 14, ""adx_threshold"": 25, ""di_length"": 14}, ""vol"": {""ema_len"": 100, ""filter_lookback"": 200, ""hline"": 0, ""lookback"": 3}}","{""atr_len"": 6, ""atr_mult"": 1.0, ""be_pct"": 0.05, ""tp_mult"": 2.65, ""trail_arm"": 1.1, ""trail_mult"": 1.35}",full,full,,0.2087131810623999,0.847548898427274,,,,,,False,gate2_tuned_modeA_trend.csv,-0.079791769928434,0.5034184218793561,118,3.0502798693219444,-0.1050084422607682,124,0.7230899807047084,-0.1700417776281608,104,0.5541584172461401,True,0.02521667233233421,0.05773334001603052
volatility_quality_signals,relative_vigor_index_signals,waddah_attar_explosion_volume_signals,wma_baseline,adx_dmi_exit,chop,B,False,-0.1595381217363354,-21.218570190932613,0.6973733054738682,0.2180451127819548,-2.152983785631111,-7.574228072133614,28.369952893015373,16.41004494750966,-0.747924054401817,133,82,51,6,1.0,0.05,2.65,2.0,1.5,"{""base"": {""ma_length"": 20}, ""c1"": {""atr_pct"": 0.075, ""smooth"": 28}, ""c2"": {""len"": 2}, ""exit_ind"": {""adx_smoothing"": 14, ""adx_threshold"": 25, ""di_length"": 14}, ""vol"": {""bbLen"": 37, ""bbStd"": 4, ""fastEma"": 5, ""sensitivity"": 15, ""slowEma"": 32}}","{""base"": {""ma_length"": 25}, ""c1"": {""atr_pct"": 0.075, ""smooth"": 10}, ""c2"": {""len"": 10}, ""exit_ind"": {""adx_smoothing"": 14, ""adx_threshold"": 25, ""di_length"": 14}, ""vol"": {""bbLen"": 37, ""bbStd"": 20, ""fastEma"": 200, ""sensitivity"": 35, ""slowEma"": 49}}","{""atr_len"": 34, ""atr_mult"": 1.0, ""be_pct"": 0.05, ""tp_mult"": 3.0, ""trail_arm"": 2.0, ""trail_mult"": 1.5}",full,full,,0.0781227590529569,0.5881519377513286,,,,,,False,gate2_tuned_modeB.csv,-0.0550301260173602,0.4488152353318716,102,2.332691593128285,-0.2089204551432094,82,0.6180512040458473,-0.0801390758664596,51,0.8382109061969939,True,0.0251089498490994,0.08949963948747428
bears_bulls_impulse_signals,kase_peak_oscillator_signals,chaikin_volatility_volume_signals,tma_baseline,adx_dmi_exit,trend,A,False,-0.1187858999039224,-26.845613378286476,0.6778140314760174,0.2123893805309734,-2.529599818722268,-21.78294031775629,29.19149745128592,15.142652648688776,-0.919638104317389,226,122,104,20,1.0,0.01,2.7,2.0,2.0,"{""base"": {""length"": 37}, ""c1"": {""length"": 130}, ""c2"": {""long_cycle"": 23, ""sharpness"": 40, ""short_cycle"": 6}, ""exit_ind"": {""adx_smoothing"": 14, ""adx_threshold"": 25, ""di_length"": 14}, ""vol"": {""cvi_len"": 43, ""roc_len"": 10}}","{""base"": {""length"": 132}, ""c1"": {""length"": 7}, ""c2"": {""long_cycle"": 281, ""sharpness"": 40, ""short_cycle"": 23}, ""exit_ind"": {""adx_smoothing"": 14, ""adx_threshold"": 25, ""di_length"": 14}, ""vol"": {""cvi_len"": 12, ""roc_len"": 120}}","{""atr_len"": 43, ""atr_mult"": 1.0, ""be_pct"": 0.05, ""tp_mult"": 2.95, ""trail_arm"": 2.0, ""trail_mult"": 0.6}",full,full,,0.1641292613571388,0.6718324437668574,,,,,,False,gate2_tuned_modeA_trend.csv,-0.079791769928434,0.5874827634033439,114,3.391894108142184,-0.1307132444416463,122,0.6319071174320968,-0.1047942072731309,104,0.7275350610898593,True,0.0250024373446969,0.03796195592895461
coppock_curve_signals,coppock_curve_signals,variance_volume_signals,wma_baseline,adx_dmi_exit,trend,A,False,-0.1114484361472612,-29.42238714287698,0.6648138989687855,0.2537878787878788,-2.6406637697300277,-16.92763171185801,28.922387142877003,13.914315725990916,-1.017287646331887,264,160,104,3,1.0,0.14,2.7,1.7,1.4,"{""base"": {""ma_length"": 37}, ""c1"": {""long_roc"": 14, ""short_roc"": 14, ""smooth_len"": 5}, ""c2"": {""long_roc"": 17, ""short_roc"": 14, ""smooth_len"": 28}, ""exit_ind"": {""adx_smoothing"": 14, ""adx_threshold"": 25, ""di_length"": 14}, ""vol"": {""ema_len"": 19, ""filter_lookback"": 87, ""hline"": 0, ""lookback"": 20}}","{""base"": {""ma_length"": 200}, ""c1"": {""long_roc"": 2, ""short_roc"": 21, ""smooth_len"": 19}, ""c2"": {""long_roc"": 61, ""short_roc"": 21, ""smooth_len"": 12}, ""exit_ind"": {""adx_smoothing"": 14, ""adx_threshold"": 25, ""di_length"": 14}, ""vol"": {""ema_len"": 10, ""filter_lookback"": 200, ""hline"": 0, ""lookback"": 20}}","{""atr_len"": 41, ""atr_mult"": 1.1, ""be_pct"": 0.01, ""tp_mult"": 2.85, ""trail_arm"": 2.0, ""trail_mult"": 1.85}",full,full,,0.1239199497009366,0.6770408893639824,,,,,,False,gate2_tuned_modeA_trend.csv,-0.079791769928434,0.4589679271907392,156,2.817916752416249,-0.1159326612749112,160,0.6822284371568546,-0.104549628258569,104,0.6302454042641531,True,0.02475785833013501,0.030449374838306106
chandelier_exit_signals,rex_oscillator_signals,chaikin_volatility_volume_signals,rma_baseline,adx_dmi_exit,trend,A,False,-0.1560527558721091,-44.31898266767899,0.6057147290175402,0.1901408450704225,-3.3985152402801044,-88.46747864274504,47.281023219659026,26.851001313176543,-0.9373524439558142,284,192,92,2,1.0,0.05,3.0,2.0,1.65,"{""base"": {""ma_length"": 20}, ""c1"": {""atr_mult"": 9, ""atr_period"": 5}, ""c2"": {""almaOffset"": 0.85, ""almaSigma"": 6, ""framaFast"": 34, ""framaSlow"": 89, ""jurikPhase"": 1, ""jurikPower"": 1, ""lsOffset"": 0, ""modFBW"": 0.5, ""modFilter"": 0.8, ""sigAlmaOff"": 0.85, ""sigAlmaSig"": 6, ""sigFramaFast"": 34, ""sigFramaSlow"": 89, ""sigJurikPhase"": 1, ""sigJurikPower"": 1, ""sigLsOff"": 0, ""sigModFBW"": 0.5, ""sigModFilter"": 0.8, ""sigSmooth"": 145, ""sigVolAdj"": 10, ""smooth"": 14, ""volAdj"": 10}, ""exit_ind"": {""adx_smoothing"": 14, ""adx_threshold"": 25, ""di_length"": 14}, ""vol"": {""cvi_len"": 19, ""roc_len"": 22}}","{""base"": {""ma_length"": 57}, ""c1"": {""atr_mult"": 3, ""atr_period"": 12}, ""c2"": {""almaOffset"": 0.85, ""almaSigma"": 6, ""framaFast"": 34, ""framaSlow"": 89, ""jurikPhase"": 1, ""jurikPower"": 1, ""lsOffset"": 0, ""modFBW"": 0.5, ""modFilter"": 0.8, ""sigAlmaOff"": 0.85, ""sigAlmaSig"": 6, ""sigFramaFast"": 34, ""sigFramaSlow"": 89, ""sigJurikPhase"": 1, ""sigJurikPower"": 1, ""sigLsOff"": 0, ""sigModFBW"": 0.5, ""sigModFilter"": 0.8, ""sigSmooth"": 8, ""sigVolAdj"": 10, ""smooth"": 3, ""volAdj"": 10}, ""exit_ind"": {""adx_smoothing"": 14, ""adx_threshold"": 25, ""di_length"": 14}, ""vol"": {""cvi_len"": 12, ""roc_len"": 120}}","{""atr_len"": 50, ""atr_mult"": 1.0, ""be_pct"": 0.01, ""tp_mult"": 2.65, ""trail_arm"": 2.0, ""trail_mult"": 0.5}",full,full,,0.0793916961669643,0.6317389080558052,,,,,,False,gate2_tuned_modeA_trend.csv,-0.079791769928434,0.3082573866770723,230,2.029752416015245,-0.1807575002923023,192,0.5516286689716902,-0.1044950283864883,92,0.7253273539555165,True,0.02470325845805431,0.0628344944109613
ssl_channel_signals,kuskus_starlight_signals,chaikin_volatility_volume_signals,sma_baseline,adx_dmi_exit,trend,A,False,-0.1224922317458745,-35.277762742811866,0.6395393574067585,0.2291666666666666,-2.976213870644867,-14.757564001193014,43.666870728609105,26.199134507968022,-0.8078839210179316,288,104,184,5,1.0,0.05,2.45,1.1,1.8,"{""base"": {""length"": 25}, ""c1"": {""len"": 10}, ""c2"": {""index_smooth"": 0.7, ""price_smooth"": 0.07, ""range_periods"": 56}, ""exit_ind"": {""adx_smoothing"": 14, ""adx_threshold"": 25, ""di_length"": 14}, ""vol"": {""cvi_len"": 19, ""roc_len"": 10}}","{""base"": {""length"": 200}, ""c1"": {""len"": 19}, ""c2"": {""index_smooth"": 1.311672, ""price_smooth"": 0.161709, ""range_periods"": 56}, ""exit_ind"": {""adx_smoothing"": 14, ""adx_threshold"": 25, ""di_length"": 14}, ""vol"": {""cvi_len"": 10, ""roc_len"": 15}}","{""atr_len"": 26, ""atr_mult"": 1.0, ""be_pct"": 0.05, ""tp_mult"": 3.0, ""trail_arm"": 1.0, ""trail_mult"": 1.25}",full,full,,0.1680076575892832,0.3731222465324008,,,,,,False,gate2_tuned_modeA_trend.csv,-0.079791769928434,0.3817778155836983,104,2.4813032761164133,-0.1543392948874306,104,0.5581146458705719,-0.1044917177962993,184,0.6875979123314959,True,0.024699947867865307,0.049623736413430944
linreg_slope_signals,hieken_ashi_smoothed_signals,waddah_attar_explosion_volume_signals,sma_baseline,adx_dmi_exit,trend,A,False,-0.1298861287848322,-34.80948251433505,0.6395593753084359,0.2164179104477611,-3.0282746957368687,-28.470860166911905,35.33759888709372,21.65226223733428,-0.98505511439965,268,204,64,2,1.0,0.01,1.35,1.25,1.9,"{""base"": {""length"": 20}, ""c1"": {""length"": 92, ""r2_floor"": 0.374763}, ""c2"": {""alma_offset1"": 0.85, ""alma_offset2"": 0.85, ""alma_sigma1"": 6, ""alma_sigma2"": 6, ""ama_smooth1"": 0.181, ""ama_smooth2"": 0.181, ""frama_t1_a"": 1, ""frama_t1_b"": 168, ""frama_t2_a"": 1, ""frama_t2_b"": 168, ""lsma_offset1"": 0, ""lsma_offset2"": 0, ""ma_len1"": 2, ""ma_len2"": 8, ""vol_factor1"": 0.82, ""vol_factor2"": 0.82}, ""exit_ind"": {""adx_smoothing"": 14, ""adx_threshold"": 25, ""di_length"": 14}, ""vol"": {""bbLen"": 25, ""bbStd"": 2, ""fastEma"": 200, ""sensitivity"": 15, ""slowEma"": 400}}","{""base"": {""length"": 132}, ""c1"": {""length"": 14, ""r2_floor"": 0.046203}, ""c2"": {""alma_offset1"": 0.85, ""alma_offset2"": 0.85, ""alma_sigma1"": 6, ""alma_sigma2"": 6, ""ama_smooth1"": 0.181, ""ama_smooth2"": 0.181, ""frama_t1_a"": 1, ""frama_t1_b"": 168, ""frama_t2_a"": 1, ""frama_t2_b"": 168, ""lsma_offset1"": 0, ""lsma_offset2"": 0, ""ma_len1"": 4, ""ma_len2"": 8, ""vol_factor1"": 1.53653, ""vol_factor2"": 0.82}, ""exit_ind"": {""adx_smoothing"": 14, ""adx_threshold"": 25, ""di_length"": 14}, ""vol"": {""bbLen"": 87, ""bbStd"": 2, ""fastEma"": 200, ""sensitivity"": 35, ""slowEma"": 400}}","{""atr_len"": 50, ""atr_mult"": 1.0, ""be_pct"": 0.01, ""tp_mult"": 3.0, ""trail_arm"": 2.0, ""trail_mult"": 0.5}",full,full,,0.0402630929820947,0.4724869089861577,,,,,,False,gate2_tuned_modeA_trend.csv,-0.079791769928434,0.4287140109715986,166,2.729796057933327,-0.1378819780563805,204,0.6374090266035409,-0.1043993592317722,64,0.6483390004824514,True,0.0246075893033382,0.04134889871564236
ichimoku_signals,dpo_signals,choppiness_index_volume_signals,rma_baseline,adx_dmi_exit,trend,A,False,-0.114022602243113,-19.83993279030167,0.703881600144751,0.2011494252873563,-2.26948473833821,,25.404583059464553,15.252342132039058,-0.7809588035301468,174,122,52,3,1.0,0.01,1.35,1.0,1.95,"{""base"": {""ma_length"": 20}, ""c1"": {""base_len"": 14, ""conversion_len"": 7, ""displacement"": 171, ""span_b_len"": 225}, ""c2"": {""len"": 50}, ""exit_ind"": {""adx_smoothing"": 14, ""adx_threshold"": 25, ""di_length"": 14}, ""vol"": {""ci_threshold"": 50.127885, ""length"": 17}}","{""base"": {""ma_length"": 11}, ""c1"": {""base_len"": 14, ""conversion_len"": 9, ""displacement"": 32, ""span_b_len"": 225}, ""c2"": {""len"": 94}, ""exit_ind"": {""adx_smoothing"": 14, ""adx_threshold"": 25, ""di_length"": 14}, ""vol"": {""ci_threshold"": 50.127885, ""length"": 2}}","{""atr_len"": 36, ""atr_mult"": 1.0, ""be_pct"": 0.05, ""tp_mult"": 3.0, ""trail_arm"": 1.55, ""trail_mult"": 1.1}",full,full,,0.1127854251706319,1.2747683158964462,,,,,,False,gate2_tuned_modeA_trend.csv,-0.079791769928434,0.5199245826286799,114,2.975713413988982,-0.1043815109344537,122,0.7401113401223801,-0.1366420856980444,52,0.6052561968723152,True,0.02458974100601971,0.04072002838781506
ehlers_reverse_ema_signals,ssl_channel_signals,variance_volume_signals,tma_baseline,adx_dmi_exit,trend,A,False,-0.134985902440837,-17.818139122190487,0.6096320546089804,0.1818181818181818,-3.234624161609057,-14.303093237247348,17.318139122190477,9.334530837313425,-1.0288714622553956,132,64,68,4,1.0,0.05,3.0,1.1,1.05,"{""base"": {""length"": 20}, ""c1"": {""alpha"": 0.1}, ""c2"": {""len"": 100}, ""exit_ind"": {""adx_smoothing"": 14, ""adx_threshold"": 25, ""di_length"": 14}, ""vol"": {""ema_len"": 28, ""filter_lookback"": 200, ""hline"": 0, ""lookback"": 16}}","{""base"": {""length"": 20}, ""c1"": {""alpha"": 0.1}, ""c2"": {""len"": 100}, ""exit_ind"": {""adx_smoothing"": 14, ""adx_threshold"": 25, ""di_length"": 14}, ""vol"": {""ema_len"": 43, ""filter_lookback"": 87, ""hline"": 0, ""lookback"": 16}}","{""atr_len"": 5, ""atr_mult"": 1.0, ""be_pct"": 0.2, ""tp_mult"": 2.25, ""trail_arm"": 1.6, ""trail_mult"": 0.9}",full,full,,0.1531505849047556,0.722357518973803,,,,,,False,gate2_tuned_modeA_trend.csv,-0.079791769928434,0.4186950366453617,110,2.8830570471329513,-0.1042880851089144,64,0.7055259702018106,-0.1638779658120582,68,0.5150452754000269,True,0.0244963151804804,0.054291255532052315
qqe_mod_signals,qqe_mod_signals,variance_volume_signals,rma_baseline,adx_dmi_exit,trend,A,False,-0.1325087254617573,-21.996448426651725,0.6323766364173452,0.2108433734939759,-2.858743893385462,-19.8686776201303,24.698539001727543,15.288501813598716,-0.8905971492934533,166,98,68,4,1.0,0.01,3.0,1.7,1.75,"{""base"": {""ma_length"": 20}, ""c1"": {""fast_factor"": 0.859209, ""rsi_len"": 9, ""rsi_period"": 11}, ""c2"": {""fast_factor"": 10.592725, ""rsi_len"": 6, ""rsi_period"": 5}, ""exit_ind"": {""adx_smoothing"": 14, ""adx_threshold"": 25, ""di_length"": 14}, ""vol"": {""ema_len"": 28, ""filter_lookback"": 11, ""hline"": 0, ""lookback"": 132}}","{""base"": {""ma_length"": 200}, ""c1"": {""fast_factor"": 1.305921, ""rsi_len"": 5, ""rsi_period"": 7}, ""c2"": {""fast_factor"": 1.61, ""rsi_len"": 5, ""rsi_period"": 5}, ""exit_ind"": {""adx_smoothing"": 14, ""adx_threshold"": 25, ""di_length"": 14}, ""vol"": {""ema_len"": 10, ""filter_lookback"": 11, ""hline"": 0, ""lookback"": 200}}","{""atr_len"": 36, ""atr_mult"": 1.0, ""be_pct"": 0.05, ""tp_mult"": 2.9, ""trail_arm"": 1.0, ""trail_mult"": 1.05}",full,full,,0.1153251260694652,0.6581006435122213,,,,,,False,gate2_tuned_modeA_trend.csv,-0.079791769928434,0.3450866393873665,100,2.2291564486298947,-0.1521375079257995,98,0.612061523519355,-0.1042201860282848,68,0.6688580912506485,True,0.024428416099850803,0.04838707704860816
halftrend_signals,price_momentum_oscillator_signals,ttm_squeeze_volume_signals,mcginley_dynamic_index,adx_dmi_exit,chop,B,False,-0.1185142120522615,-28.443410892542772,0.7750239210691373,0.1916666666666666,-1.5499416965675517,-5.76947656281477,47.883113198415344,31.1404297561734,-0.5940175772339733,240,107,133,43,1.0,0.05,2.9,2.0,1.5,"{""base"": {""mci_length"": 26}, ""c1"": {""amplitude"": 500}, ""c2"": {""s1"": 19, ""s2"": 20, ""sig"": 10}, ""exit_ind"": {""adx_smoothing"": 14, ""adx_threshold"": 25, ""di_length"": 14}, ""vol"": {""bb_length"": 11, ""bb_mult"": 2, ""kc_length"": 25, ""kc_mult"": 1.5}}","{""base"": {""mci_length"": 14}, ""c1"": {""amplitude"": 500}, ""c2"": {""s1"": 8, ""s2"": 16, ""sig"": 10}, ""exit_ind"": {""adx_smoothing"": 14, ""adx_threshold"": 25, ""di_length"": 14}, ""vol"": {""bb_length"": 20, ""bb_mult"": 2, ""kc_length"": 11, ""kc_mult"": 1.84927}}","{""atr_len"": 8, ""atr_mult"": 1.0, ""be_pct"": 0.05, ""tp_mult"": 2.25, ""trail_arm"": 2.0, ""trail_mult"": 1.5}",full,full,,0.0664677440479274,0.2848258224244045,,,,,,False,gate2_tuned_modeB.csv,-0.0550301260173602,0.4045228909860689,145,2.0331067558346367,-0.1670747458472641,107,0.6987117970349763,-0.0794467149389888,133,0.8425118714277514,True,0.024416588921628603,0.06823060437576625
kalman_filter_signals,schaff_trend_cycle_signals,variance_volume_signals,tma_baseline,adx_dmi_exit,trend,A,False,-0.1245893830609167,-23.921161547696023,0.6534881328723013,0.21875,-2.865872093640262,-31.324392075261137,27.16271954683723,15.774899840525489,-0.8806615076391109,192,128,64,6,1.0,0.05,1.6,1.05,1.8,"{""base"": {""length"": 20}, ""c1"": {""k"": 1, ""sharpness"": 1}, ""c2"": {""cycleLen"": 12, ""d1"": 2, ""d2"": 3, ""lowerBand"": 25, ""macdFast"": 12, ""macdSlow"": 50, ""stc_midline"": 62, ""upperBand"": 75}, ""exit_ind"": {""adx_smoothing"": 14, ""adx_threshold"": 25, ""di_length"": 14}, ""vol"": {""ema_len"": 66, ""filter_lookback"": 2, ""hline"": 0, ""lookback"": 87}}","{""base"": {""length"": 37}, ""c1"": {""k"": 1, ""sharpness"": 1}, ""c2"": {""cycleLen"": 10, ""d1"": 3, ""d2"": 3, ""lowerBand"": 25, ""macdFast"": 3, ""macdSlow"": 8, ""stc_midline"": 41, ""upperBand"": 75}, ""exit_ind"": {""adx_smoothing"": 14, ""adx_threshold"": 25, ""di_length"": 14}, ""vol"": {""ema_len"": 43, ""filter_lookback"": 57, ""hline"": 0, ""lookback"": 7}}","{""atr_len"": 16, ""atr_mult"": 1.0, ""be_pct"": 0.01, ""tp_mult"": 3.0, ""trail_arm"": 1.95, ""trail_mult"": 1.0}",full,full,,0.2278316494359601,1.3094343668642066,,,,,,False,gate2_tuned_modeA_trend.csv,-0.079791769928434,0.3331032519805048,138,2.1171278556686515,-0.1040958915311575,128,0.7167108051555585,-0.1655763661204352,64,0.5183232985587337,True,0.024304121602723508,0.05504435889736235
j_tpo_signals,waddah_attar_explosion_signals,chaikin_volatility_volume_signals,ema_baseline,adx_dmi_exit,trend,A,False,-0.1206318706211705,-22.920055418022397,0.6852590627082081,0.2,-2.3108066412180532,-33.60075073966842,30.79468663078904,20.75965078612043,-0.7442860417065112,190,124,66,21,1.0,0.01,2.7,1.1,1.4,"{""base"": {""ma_length"": 25}, ""c1"": {""ema_len"": 200, ""len"": 173}, ""c2"": {""bbLen"": 132, ""bbStd"": 2, ""fastEma"": 25, ""sensitivity"": 35, ""slowEma"": 400}, ""exit_ind"": {""adx_smoothing"": 14, ""adx_threshold"": 25, ""di_length"": 14}, ""vol"": {""cvi_len"": 12, ""roc_len"": 10}}","{""base"": {""ma_length"": 25}, ""c1"": {""ema_len"": 200, ""len"": 40}, ""c2"": {""bbLen"": 200, ""bbStd"": 2, ""fastEma"": 16, ""sensitivity"": 281, ""slowEma"": 75}, ""exit_ind"": {""adx_smoothing"": 14, ""adx_threshold"": 25, ""di_length"": 14}, ""vol"": {""cvi_len"": 66, ""roc_len"": 6}}","{""atr_len"": 10, ""atr_mult"": 1.0, ""be_pct"": 0.01, ""tp_mult"": 2.55, ""trail_arm"": 2.0, ""trail_mult"": 2.0}",full,full,,0.0449348217332128,0.4517777817831421,,,,,,False,gate2_tuned_modeA_trend.csv,-0.079791769928434,0.3480998877490914,122,2.2530674472221253,-0.1040206295160337,124,0.7329284551174627,-0.1518408690611243,66,0.5913880205855657,True,0.02422885958759971,0.04813897936014501
didi_index_signals,linreg_slope_signals,variance_volume_signals,ema_baseline,adx_dmi_exit,trend,A,False,-0.1168195265201624,-29.67215973612125,0.6488723577139096,0.2795275590551181,-3.0978869995969784,-18.354408810708495,29.47909835712477,16.719095687951402,-1.006549093756452,254,196,58,4,1.0,0.05,3.0,2.0,1.5,"{""base"": {""ma_length"": 37}, ""c1"": {""long_p"": 16, ""medium"": 23}, ""c2"": {""length"": 14, ""r2_floor"": 0.246569}, ""exit_ind"": {""adx_smoothing"": 14, ""adx_threshold"": 25, ""di_length"": 14}, ""vol"": {""ema_len"": 8, ""filter_lookback"": 20, ""hline"": 0, ""lookback"": 132}}","{""base"": {""ma_length"": 25}, ""c1"": {""long_p"": 20, ""medium"": 15}, ""c2"": {""length"": 14, ""r2_floor"": 0.162226}, ""exit_ind"": {""adx_smoothing"": 14, ""adx_threshold"": 25, ""di_length"": 14}, ""vol"": {""ema_len"": 10, ""filter_lookback"": 57, ""hline"": 0, ""lookback"": 3}}","{""atr_len"": 30, ""atr_mult"": 1.0, ""be_pct"": 0.06, ""tp_mult"": 1.55, ""trail_arm"": 1.05, ""trail_mult"": 0.65}",full,full,,0.1332131825030951,0.7176062088155523,,,,,,False,gate2_tuned_modeA_trend.csv,-0.079791769928434,0.1907327257338615,242,1.80913789811392,-0.1039406320418726,196,0.6990094950797481,-0.1603413078605898,58,0.4471295022649873,True,0.0241488621134386,0.05234920002279721
ehlers_reverse_ema_signals,kase_peak_oscillator_signals,variance_volume_signals,rma_baseline,adx_dmi_exit,trend,A,False,-0.132286299146262,-30.425848803640257,0.5998286640681024,0.2347826086956521,-2.7940186357194023,-14.296436551308346,45.456787660003,26.651733087170893,-0.6693356563427308,230,156,74,2,1.0,0.01,3.0,1.95,0.6,"{""base"": {""ma_length"": 16}, ""c1"": {""alpha"": 0.657933}, ""c2"": {""long_cycle"": 80, ""sharpness"": 40, ""short_cycle"": 10}, ""exit_ind"": {""adx_smoothing"": 14, ""adx_threshold"": 25, ""di_length"": 14}, ""vol"": {""ema_len"": 43, ""filter_lookback"": 57, ""hline"": 0, ""lookback"": 20}}","{""base"": {""ma_length"": 25}, ""c1"": {""alpha"": 0.187382}, ""c2"": {""long_cycle"": 122, ""sharpness"": 40, ""short_cycle"": 53}, ""exit_ind"": {""adx_smoothing"": 14, ""adx_threshold"": 25, ""di_length"": 14}, ""vol"": {""ema_len"": 19, ""filter_lookback"": 20, ""hline"": 0, ""lookback"": 200}}","{""atr_len"": 29, ""atr_mult"": 1.0, ""be_pct"": 0.05, ""tp_mult"": 2.9, ""trail_arm"": 1.3, ""trail_mult"": 1.6}",full,full,,0.162286665456753,0.9739724795367204,,,,,,False,gate2_tuned_modeA_trend.csv,-0.079791769928434,0.4890602503820744,132,3.690868219599934,-0.1033690480392386,156,0.6989287747199386,-0.1932469906691762,74,0.3636232486349557,True,0.02357727811080461,0.0685162494257734
coral_signals,bears_bulls_impulse_signals,variance_volume_signals,frama_baseline,adx_dmi_exit,chop,B,False,-0.0909345694195509,-21.18775467475536,0.8403117557439729,0.2703862660944206,-1.074175112196586,-4.7197554274951,27.449760050597604,14.538028963410117,-0.7718739484680518,233,141,92,5,1.0,0.05,2.9,2.0,1.5,"{""base"": {""length"": 100}, ""c1"": {""const_d"": 17, ""smooth_period"": 28}, ""c2"": {""length"": 56}, ""exit_ind"": {""adx_smoothing"": 14, ""adx_threshold"": 25, ""di_length"": 14}, ""vol"": {""ema_len"": 19, ""filter_lookback"": 20, ""hline"": 0, ""lookback"": 87}}","{""base"": {""length"": 2}, ""c1"": {""const_d"": 11, ""smooth_period"": 10}, ""c2"": {""length"": 13}, ""exit_ind"": {""adx_smoothing"": 14, ""adx_threshold"": 25, ""di_length"": 14}, ""vol"": {""ema_len"": 100, ""filter_lookback"": 2, ""hline"": 0, ""lookback"": 87}}","{""atr_len"": 26, ""atr_mult"": 1.0, ""be_pct"": 0.05, ""tp_mult"": 2.9, ""trail_arm"": 2.0, ""trail_mult"": 1.5}",full,full,,0.0448799833186301,0.4122173609853049,,,,,,False,gate2_tuned_modeB.csv,-0.0550301260173602,0.4419270352899903,103,1.9764219427416072,-0.0785352518529939,141,0.8528784780689933,-0.1099378713422089,92,0.8238374132191405,True,0.023505125835633696,0.03920643558024121
fisher_transform_signals,volatility_quality_signals,efficiency_ratio_volume_signals,frama_baseline,adx_dmi_exit,chop,B,False,-0.0938832488944613,-41.590279260246355,0.8185782190814819,0.2866817155756208,-1.2009584730906817,-4.54990600713229,57.06441405214843,26.143279628407512,-0.728830391953889,443,349,94,50,1.0,0.05,2.85,2.0,1.5,"{""base"": {""length"": 4}, ""c1"": {""length"": 43}, ""c2"": {""atr_pct"": 0.040025, ""smooth"": 43}, ""exit_ind"": {""adx_smoothing"": 14, ""adx_threshold"": 25, ""di_length"": 14}, ""vol"": {""er_threshold"": 0.369854, ""length"": 19}}","{""base"": {""length"": 19}, ""c1"": {""length"": 10}, ""c2"": {""atr_pct"": 0.060835, ""smooth"": 5}, ""exit_ind"": {""adx_smoothing"": 14, ""adx_threshold"": 25, ""di_length"": 14}, ""vol"": {""er_threshold"": 0.243339, ""length"": 12}}","{""atr_len"": 39, ""atr_mult"": 1.0, ""be_pct"": 0.05, ""tp_mult"": 3.0, ""trail_arm"": 2.0, ""trail_mult"": 1.5}",full,full,,0.0341106127675827,0.4547685886762199,,,,,,False,gate2_tuned_modeB.csv,-0.0550301260173602,0.1373557104803973,334,1.3016819525315697,-0.0980351120639513,349,0.8155134872233922,-0.0784683526588015,94,0.8315578772402629,True,0.023438226641441302,0.0332216063440162
coral_signals,trend_direction_force_index_signals,variance_volume_signals,hma_baseline,adx_dmi_exit,chop,B,False,-0.0822930312615124,-14.154401376980132,0.8062573103409395,0.3197674418604651,-1.2488323738740588,-3.867225927155511,30.390762413572325,17.95518480245843,-0.4657468340004154,172,119,53,48,1.0,0.05,2.95,2.0,1.5,"{""base"": {""ma_length"": 20}, ""c1"": {""const_d"": 7, ""smooth_period"": 10}, ""c2"": {""fhigh"": 0.328967, ""flow"": -0.05, ""lookback"": 24}, ""exit_ind"": {""adx_smoothing"": 14, ""adx_threshold"": 25, ""di_length"": 14}, ""vol"": {""ema_len"": 100, ""filter_lookback"": 200, ""hline"": 0, ""lookback"": 11}}","{""base"": {""ma_length"": 25}, ""c1"": {""const_d"": 61, ""smooth_period"": 12}, ""c2"": {""fhigh"": 0.216438, ""flow"": -0.05, ""lookback"": 13}, ""exit_ind"": {""adx_smoothing"": 14, ""adx_threshold"": 25, ""di_length"": 14}, ""vol"": {""ema_len"": 66, ""filter_lookback"": 25, ""hline"": 0, ""lookback"": 200}}","{""atr_len"": 47, ""atr_mult"": 1.0, ""be_pct"": 0.05, ""tp_mult"": 3.0, ""trail_arm"": 2.0, ""trail_mult"": 1.5}",full,full,,0.0871349706061461,0.5680056091327613,,,,,,False,gate2_tuned_modeB.csv,-0.0550301260173602,0.4475391343223792,110,2.6953915566640547,-0.0840384484992711,119,0.7938645587343695,-0.0783740755767333,53,0.8307541368383334,True,0.0233439495593731,0.026176136020641998
lemantrend_signals,hieken_ashi_smoothed_signals,variance_volume_signals,rma_baseline,adx_dmi_exit,trend,A,False,-0.1147687646247502,-19.74022751545704,0.6763897128613598,0.2790697674418604,-2.900470506293557,,21.70732730425032,12.281391543600677,-0.90938083895717,172,86,86,30,1.0,0.05,1.6,1.0,1.45,"{""base"": {""ma_length"": 20}, ""c1"": {""fast_period"": 12, ""medium_period"": 21, ""slow_period"": 130, ""smooth"": 20}, ""c2"": {""alma_offset1"": 0.85, ""alma_offset2"": 0.85, ""alma_sigma1"": 6, ""alma_sigma2"": 6, ""ama_smooth1"": 0.181, ""ama_smooth2"": 0.181, ""frama_t1_a"": 1, ""frama_t1_b"": 168, ""frama_t2_a"": 1, ""frama_t2_b"": 168, ""lsma_offset1"": 0, ""lsma_offset2"": 0, ""ma_len1"": 6, ""ma_len2"": 8, ""vol_factor1"": 0.82, ""vol_factor2"": 0.665127}, ""exit_ind"": {""adx_smoothing"": 14, ""adx_threshold"": 25, ""di_length"": 14}, ""vol"": {""ema_len"": 8, ""filter_lookback"": 20, ""hline"": 0, ""lookback"": 20}}","{""base"": {""ma_length"": 25}, ""c1"": {""fast_period"": 12, ""medium_period"": 21, ""slow_period"": 130, ""smooth"": 20}, ""c2"": {""alma_offset1"": 0.85, ""alma_offset2"": 0.85, ""alma_sigma1"": 6, ""alma_sigma2"": 6, ""ama_smooth1"": 0.181, ""ama_smooth2"": 0.181, ""frama_t1_a"": 1, ""frama_t1_b"": 168, ""frama_t2_a"": 1, ""frama_t2_b"": 168, ""lsma_offset1"": 0, ""lsma_offset2"": 0, ""ma_len1"": 10, ""ma_len2"": 10, ""vol_factor1"": 1.53653, ""vol_factor2"": 0.189431}, ""exit_ind"": {""adx_smoothing"": 14, ""adx_threshold"": 25, ""di_length"": 14}, ""vol"": {""ema_len"": 5, ""filter_lookback"": 20, ""hline"": 0, ""lookback"": 87}}","{""atr_len"": 22, ""atr_mult"": 1.0, ""be_pct"": 0.16, ""tp_mult"": 1.85, ""trail_arm"": 1.0, ""trail_mult"": 0.7}",full,full,,0.0663656949996212,0.4925782311262917,,,,,,False,gate2_tuned_modeA_trend.csv,-0.079791769928434,0.3606940665256777,102,2.751942608839008,-0.1265589057160113,86,0.6598729408882195,-0.1029786235334891,86,0.6946151164179285,True,0.02318685360505511,0.03497699469631621
price_momentum_oscillator_signals,laguerre_filter_signals,chaikin_volatility_volume_signals,sma_baseline,adx_dmi_exit,trend,A,False,-0.1233476070995675,-27.62986399030313,0.6516849289704442,0.2142857142857142,-2.8668956223796687,-21.390167591287337,30.668202151944463,17.234958437101934,-0.9009287161148868,224,96,128,3,1.0,0.05,2.25,1.8,2.0,"{""base"": {""length"": 25}, ""c1"": {""s1"": 100, ""s2"": 11, ""sig"": 10}, ""c2"": {""alpha"": 0.865752}, ""exit_ind"": {""adx_smoothing"": 14, ""adx_threshold"": 25, ""di_length"": 14}, ""vol"": {""cvi_len"": 28, ""roc_len"": 12}}","{""base"": {""length"": 200}, ""c1"": {""s1"": 4, ""s2"": 16, ""sig"": 10}, ""c2"": {""alpha"": 0.2}, ""exit_ind"": {""adx_smoothing"": 14, ""adx_threshold"": 25, ""di_length"": 14}, ""vol"": {""cvi_len"": 12, ""roc_len"": 15}}","{""atr_len"": 26, ""atr_mult"": 1.0, ""be_pct"": 0.05, ""tp_mult"": 3.0, ""trail_arm"": 2.0, ""trail_mult"": 0.5}",full,full,,0.1480304276433777,0.4919089832115777,,,,,,False,gate2_tuned_modeA_trend.csv,-0.079791769928434,0.3863128153167007,104,2.4577512568144684,-0.1028718523354472,96,0.6957842369824805,-0.1387044231726578,128,0.6211356231389774,True,0.023080082407013203,0.04099636782561851
price_momentum_oscillator_signals,lemantrend_signals,ttm_squeeze_volume_signals,vidya,adx_dmi_exit,trend,A,False,-0.1305602996777055,-22.456371544565357,0.6210232111229462,0.1802325581395348,-2.9996382725833644,-15.52783767633482,24.636974650051723,13.05636171666822,-0.91149062997953,172,88,84,3,1.0,0.02,3.0,1.0,2.0,"{""base"": {""vda_length"": 9}, ""c1"": {""s1"": 19, ""s2"": 16, ""sig"": 10}, ""c2"": {""fast_period"": 18, ""medium_period"": 138, ""slow_period"": 13, ""smooth"": 2}, ""exit_ind"": {""adx_smoothing"": 14, ""adx_threshold"": 25, ""di_length"": 14}, ""vol"": {""bb_length"": 2, ""bb_mult"": 2, ""kc_length"": 87, ""kc_mult"": 1.5}}","{""base"": {""vda_length"": 20}, ""c1"": {""s1"": 35, ""s2"": 20, ""sig"": 10}, ""c2"": {""fast_period"": 34, ""medium_period"": 210, ""slow_period"": 16, ""smooth"": 2}, ""exit_ind"": {""adx_smoothing"": 14, ""adx_threshold"": 25, ""di_length"": 14}, ""vol"": {""bb_length"": 16, ""bb_mult"": 2, ""kc_length"": 16, ""kc_mult"": 1.216696}}","{""atr_len"": 44, ""atr_mult"": 1.0, ""be_pct"": 0.05, ""tp_mult"": 2.9, ""trail_arm"": 1.75, ""trail_mult"": 0.95}",full,full,,0.080028780131133,0.6335209819894297,,,,,,False,gate2_tuned_modeA_trend.csv,-0.079791769928434,0.3342999129556968,110,2.223078721145291,-0.1027458060711839,88,0.697390625495093,-0.1596992929797758,84,0.5433494812389711,True,0.022954036142749906,0.05143077959704585
kuskus_starlight_signals,fisher_transform_signals,vertical_horizontal_filter_volume_signals,sma_baseline,adx_dmi_exit,trend,A,False,-0.1073181646218232,-24.0392688752884,0.6476298007974688,0.2232142857142857,-2.6920856586438786,-10.28078308977116,27.81969531268297,15.643358163400965,-0.8641097109474424,224,166,58,2,1.0,0.05,3.0,1.0,1.8,"{""base"": {""length"": 20}, ""c1"": {""index_smooth"": 0.161709, ""price_smooth"": 0.07, ""range_periods"": 24}, ""c2"": {""length"": 43}, ""exit_ind"": {""adx_smoothing"": 14, ""adx_threshold"": 25, ""di_length"": 14}, ""vol"": {""length"": 52, ""vhf_threshold"": 0.35}}","{""base"": {""length"": 200}, ""c1"": {""index_smooth"": 0.862993, ""price_smooth"": 0.373569, ""range_periods"": 3}, ""c2"": {""length"": 2}, ""exit_ind"": {""adx_smoothing"": 14, ""adx_threshold"": 25, ""di_length"": 14}, ""vol"": {""length"": 15, ""vhf_threshold"": 0.431496}}","{""atr_len"": 36, ""atr_mult"": 1.0, ""be_pct"": 0.05, ""tp_mult"": 3.0, ""trail_arm"": 1.9, ""trail_mult"": 0.5}",full,full,,0.0063168936274416,0.36597629032121,,,,,,False,gate2_tuned_modeA_trend.csv,-0.079791769928434,0.2806768805673851,112,2.30671277744833,-0.1027370181386978,166,0.6256084119212616,-0.1204297217976647,58,0.6918797016072856,True,0.022945248210263808,0.03179160003974725
ichimoku_signals,supertrend_signals,chaikin_volatility_volume_signals,tma_baseline,adx_dmi_exit,trend,A,False,-0.112788149445115,-15.7903409223161,0.6995045225991341,0.2214285714285714,-2.4409110099020364,-27.63421426483426,20.830478672301208,10.043551063756846,-0.758040233771147,140,84,56,4,1.0,0.05,2.25,1.2,2.0,"{""base"": {""length"": 37}, ""c1"": {""base_len"": 14, ""conversion_len"": 9, ""displacement"": 74, ""span_b_len"": 97}, ""c2"": {""atr_period"": 10, ""factor"": 3}, ""exit_ind"": {""adx_smoothing"": 14, ""adx_threshold"": 25, ""di_length"": 14}, ""vol"": {""cvi_len"": 28, ""roc_len"": 12}}","{""base"": {""length"": 87}, ""c1"": {""base_len"": 32, ""conversion_len"": 9, ""displacement"": 26, ""span_b_len"": 64}, ""c2"": {""atr_period"": 28, ""factor"": 3}, ""exit_ind"": {""adx_smoothing"": 14, ""adx_threshold"": 25, ""di_length"": 14}, ""vol"": {""cvi_len"": 19, ""roc_len"": 15}}","{""atr_len"": 19, ""atr_mult"": 1.0, ""be_pct"": 0.05, ""tp_mult"": 2.5, ""trail_arm"": 1.8, ""trail_mult"": 0.65}",full,full,,0.197708221759508,1.371313985154438,,,,,,False,gate2_tuned_modeA_trend.csv,-0.079791769928434,0.4397393211147984,106,2.7114832109841114,-0.1025849924359838,84,0.7311150539611505,-0.1280928849588117,56,0.6500877288930014,True,0.02279322250754981,0.03554716876896376
polychromatic_momentum_signals,coppock_curve_signals,efficiency_ratio_volume_signals,rma_baseline,adx_dmi_exit,chop,B,False,-0.1538894424049327,-33.24011955946547,0.7589538694435798,0.2175925925925926,-1.8680190372392924,-8.550873953954099,34.2448262731082,21.712821176150555,-0.9706610655393596,216,128,88,22,1.05,0.05,2.1,2.0,1.5,"{""base"": {""ma_length"": 11}, ""c1"": {""len"": 14}, ""c2"": {""long_roc"": 5, ""short_roc"": 2, ""smooth_len"": 5}, ""exit_ind"": {""adx_smoothing"": 14, ""adx_threshold"": 25, ""di_length"": 14}, ""vol"": {""er_threshold"": 0.369854, ""length"": 10}}","{""base"": {""ma_length"": 200}, ""c1"": {""len"": 3}, ""c2"": {""long_roc"": 61, ""short_roc"": 11, ""smooth_len"": 10}, ""exit_ind"": {""adx_smoothing"": 14, ""adx_threshold"": 25, ""di_length"": 14}, ""vol"": {""er_threshold"": 0.3, ""length"": 8}}","{""atr_len"": 18, ""atr_mult"": 1.0, ""be_pct"": 0.05, ""tp_mult"": 2.65, ""trail_arm"": 2.0, ""trail_mult"": 1.5}",full,full,,0.1061052783102647,0.3857422959027062,,,,,,False,gate2_tuned_modeB.csv,-0.0550301260173602,0.3882533529339245,116,1.8091138393069577,-0.2062327206138589,128,0.6883296625855504,-0.077753765010131,88,0.8713886739659097,True,0.022723638992770794,0.08696311679463473
bears_bulls_impulse_signals,chandelier_exit_signals,efficiency_ratio_volume_signals,mcginley_dynamic_index,adx_dmi_exit,trend,A,False,-0.1290595813060416,-28.90934621255332,0.6396965637416704,0.21875,-2.833026957822723,-19.41495547410015,29.637341468899695,15.542799008077203,-0.9754365533389592,224,162,62,7,1.0,0.05,2.35,1.4,0.7,"{""base"": {""mci_length"": 11}, ""c1"": {""length"": 11}, ""c2"": {""atr_mult"": 4, ""atr_period"": 12}, ""exit_ind"": {""adx_smoothing"": 14, ""adx_threshold"": 25, ""di_length"": 14}, ""vol"": {""er_threshold"": 0.369854, ""length"": 10}}","{""base"": {""mci_length"": 11}, ""c1"": {""length"": 11}, ""c2"": {""atr_mult"": 6, ""atr_period"": 95}, ""exit_ind"": {""adx_smoothing"": 14, ""adx_threshold"": 25, ""di_length"": 14}, ""vol"": {""er_threshold"": 0.243339, ""length"": 12}}","{""atr_len"": 16, ""atr_mult"": 1.0, ""be_pct"": 0.05, ""tp_mult"": 2.55, ""trail_arm"": 1.25, ""trail_mult"": 1.35}",full,full,,0.1490051197894026,0.4945340877655278,,,,,,False,gate2_tuned_modeA_trend.csv,-0.079791769928434,0.3059123607527634,190,2.1200705236741393,-0.1025038286752349,162,0.7080360841750213,-0.1984471930187944,62,0.4733111093871482,True,0.022712058746800906,0.07068374091858066
ehlers_reverse_ema_signals,coral_signals,efficiency_ratio_volume_signals,mcginley_dynamic_index,adx_dmi_exit,trend,A,False,-0.1319586925236446,-28.76699497015452,0.6244423698941736,0.2293577981651376,-3.3146465266541303,-91.77036665935672,32.03630348590874,17.176622508323778,-0.8979498831008318,218,104,114,25,1.0,0.01,1.35,1.15,0.5,"{""base"": {""mci_length"": 7}, ""c1"": {""alpha"": 0.1}, ""c2"": {""const_d"": 92, ""smooth_period"": 8}, ""exit_ind"": {""adx_smoothing"": 14, ""adx_threshold"": 25, ""di_length"": 14}, ""vol"": {""er_threshold"": 0.369854, ""length"": 10}}","{""base"": {""mci_length"": 92}, ""c1"": {""alpha"": 0.023101}, ""c2"": {""const_d"": 14, ""smooth_period"": 43}, ""exit_ind"": {""adx_smoothing"": 14, ""adx_threshold"": 25, ""di_length"": 14}, ""vol"": {""er_threshold"": 0.3, ""length"": 10}}","{""atr_len"": 40, ""atr_mult"": 1.05, ""be_pct"": 0.05, ""tp_mult"": 3.0, ""trail_arm"": 1.65, ""trail_mult"": 1.35}",full,full,,0.1465260598567809,0.4146696601172544,,,,,,False,gate2_tuned_modeA_trend.csv,-0.079791769928434,0.2985430348941607,130,1.995143449647203,-0.1024629970982558,104,0.726765341071318,-0.1588670462450518,114,0.5183040928631363,True,0.02267122716982181,0.05087325174321981
schaff_trend_cycle_signals,donchian_breakout_signals,chaikin_volatility_volume_signals,wma_baseline,adx_dmi_exit,trend,A,False,-0.1316403199926646,-33.17336063815148,0.6370273137756634,0.242063492063492,-3.062269904297358,-26.969932488015072,34.86935408629806,19.326266740401945,-0.9513614894055916,252,102,150,22,1.0,0.06,3.0,1.4,1.85,"{""base"": {""ma_length"": 25}, ""c1"": {""cycleLen"": 10, ""d1"": 3, ""d2"": 2, ""lowerBand"": 108, ""macdFast"": 12, ""macdSlow"": 27, ""stc_midline"": 41, ""upperBand"": 75}, ""c2"": {""length"": 16}, ""exit_ind"": {""adx_smoothing"": 14, ""adx_threshold"": 25, ""di_length"": 14}, ""vol"": {""cvi_len"": 4, ""roc_len"": 3}}","{""base"": {""ma_length"": 25}, ""c1"": {""cycleLen"": 10, ""d1"": 4, ""d2"": 3, ""lowerBand"": 108, ""macdFast"": 19, ""macdSlow"": 41, ""stc_midline"": 41, ""upperBand"": 75}, ""c2"": {""length"": 25}, ""exit_ind"": {""adx_smoothing"": 14, ""adx_threshold"": 25, ""di_length"": 14}, ""vol"": {""cvi_len"": 8, ""roc_len"": 6}}","{""atr_len"": 6, ""atr_mult"": 1.0, ""be_pct"": 0.19, ""tp_mult"": 3.0, ""trail_arm"": 1.0, ""trail_mult"": 1.45}",full,full,,0.2042844581669982,0.4891546793060626,,,,,,False,gate2_tuned_modeA_trend.csv,-0.079791769928434,0.4211074107296261,106,2.8824910971196096,-0.1024333023739122,102,0.707464774527781,-0.1515010919734162,150,0.5918430696579295,True,0.022641532445478202,0.0471754272452302
schaff_trend_cycle_signals,chandelier_exit_signals,waddah_attar_explosion_volume_signals,fantail_vma,adx_dmi_exit,trend,A,False,-0.1177404086172621,-22.60615845451433,0.6321363016960605,0.2291666666666666,-2.9954814636520606,-13.44216768941625,28.77633099802336,15.12407455435754,-0.7855816801685781,192,104,88,4,1.0,0.01,2.6,1.0,1.1,"{""base"": {""fma_adx_length"": 2, ""fma_ma_length"": 7, ""fma_weighting"": 19}, ""c1"": {""cycleLen"": 10, ""d1"": 3, ""d2"": 3, ""lowerBand"": 25, ""macdFast"": 12, ""macdSlow"": 41, ""stc_midline"": 62, ""upperBand"": 75}, ""c2"": {""atr_mult"": 3, ""atr_period"": 18}, ""exit_ind"": {""adx_smoothing"": 14, ""adx_threshold"": 25, ""di_length"": 14}, ""vol"": {""bbLen"": 20, ""bbStd"": 20, ""fastEma"": 87, ""sensitivity"": 185, ""slowEma"": 400}}","{""base"": {""fma_adx_length"": 13, ""fma_ma_length"": 39, ""fma_weighting"": 2}, ""c1"": {""cycleLen"": 10, ""d1"": 3, ""d2"": 3, ""lowerBand"": 25, ""macdFast"": 23, ""macdSlow"": 41, ""stc_midline"": 41, ""upperBand"": 75}, ""c2"": {""atr_mult"": 3, ""atr_period"": 18}, ""exit_ind"": {""adx_smoothing"": 14, ""adx_threshold"": 25, ""di_length"": 14}, ""vol"": {""bbLen"": 7, ""bbStd"": 2, ""fastEma"": 87, ""sensitivity"": 35, ""slowEma"": 32}}","{""atr_len"": 33, ""atr_mult"": 1.0, ""be_pct"": 0.05, ""tp_mult"": 2.4, ""trail_arm"": 1.2, ""trail_mult"": 1.0}",full,full,,0.0120881327136996,0.271217595439123,,,,,,False,gate2_tuned_modeA_trend.csv,-0.079791769928434,0.4751167537587851,124,3.8958003027844814,-0.1021988584540257,104,0.6762344515949095,-0.1361076951738142,88,0.5815613389784227,True,0.0224070885255917,0.03936150688548597
trend_direction_force_index_signals,donchian_breakout_signals,volatility_ratio_volume_signals,tma_baseline,adx_dmi_exit,trend,A,False,-0.1476918876736747,-15.950723868756873,0.5802441087169246,0.2314814814814814,-3.6959458912459913,,19.369403914745664,9.279023722302298,-0.8235010193893372,108,52,56,4,1.0,0.05,2.75,2.0,1.95,"{""base"": {""length"": 37}, ""c1"": {""fhigh"": 0.5, ""flow"": -0.093691, ""lookback"": 86}, ""c2"": {""length"": 11}, ""exit_ind"": {""adx_smoothing"": 14, ""adx_threshold"": 25, ""di_length"": 14}, ""vol"": {""length"": 5}}","{""base"": {""length"": 87}, ""c1"": {""fhigh"": 0.5, ""flow"": -0.142402, ""lookback"": 16}, ""c2"": {""length"": 20}, ""exit_ind"": {""adx_smoothing"": 14, ""adx_threshold"": 25, ""di_length"": 14}, ""vol"": {""length"": 140}}","{""atr_len"": 8, ""atr_mult"": 1.05, ""be_pct"": 0.05, ""tp_mult"": 1.0, ""trail_arm"": 1.6, ""trail_mult"": 0.85}",full,full,,0.0446626732776536,1.2501483344995103,,,,,,False,gate2_tuned_modeA_trend.csv,-0.079791769928434,0.2956628082066932,102,2.8277337234595588,-0.1021733199579003,52,0.6457991574792784,-0.1899591291240367,56,0.5374908160458242,True,0.022381550029466304,0.06627445461253452
volatility_quality_signals,dpo_signals,efficiency_ratio_volume_signals,ema_baseline,adx_dmi_exit,trend,A,False,-0.1199512557172007,-18.472493380448903,0.6442447639351021,0.2337662337662337,-3.0272860006196933,-26.587940950872685,21.811322577615872,12.370755752097264,-0.8469222035809292,154,100,54,20,1.0,0.09,1.15,1.1,0.55,"{""base"": {""ma_length"": 37}, ""c1"": {""atr_pct"": 0.011399, ""smooth"": 10}, ""c2"": {""len"": 62}, ""exit_ind"": {""adx_smoothing"": 14, ""adx_threshold"": 25, ""di_length"": 14}, ""vol"": {""er_threshold"": 0.369854, ""length"": 10}}","{""base"": {""ma_length"": 25}, ""c1"": {""atr_pct"": 0.075, ""smooth"": 19}, ""c2"": {""len"": 50}, ""exit_ind"": {""adx_smoothing"": 14, ""adx_threshold"": 25, ""di_length"": 14}, ""vol"": {""er_threshold"": 0.243339, ""length"": 12}}","{""atr_len"": 31, ""atr_mult"": 1.0, ""be_pct"": 0.01, ""tp_mult"": 2.3, ""trail_arm"": 1.7, ""trail_mult"": 1.85}",full,full,,0.2072029876452847,0.7850751205545308,,,,,,False,gate2_tuned_modeA_trend.csv,-0.079791769928434,0.4155482079053905,140,2.6349832445995434,-0.1021681883703716,100,0.7136263869673521,-0.1528828619150322,54,0.4919018798904624,True,0.022376418441937607,0.04773375521426791
kase_peak_oscillator_signals,bears_bulls_impulse_signals,variance_volume_signals,tma_baseline,adx_dmi_exit,trend,A,False,-0.1635357447425545,-30.41764852211514,0.5500523959149148,0.1827956989247312,-4.039982300913135,-26.63204546740951,32.21764852211513,15.459278753539872,-0.94413000071174,186,130,56,4,1.0,0.01,3.0,2.0,1.0,"{""base"": {""length"": 20}, ""c1"": {""long_cycle"": 23, ""sharpness"": 40, ""short_cycle"": 15}, ""c2"": {""length"": 56}, ""exit_ind"": {""adx_smoothing"": 14, ""adx_threshold"": 25, ""di_length"": 14}, ""vol"": {""ema_len"": 12, ""filter_lookback"": 132, ""hline"": 0, ""lookback"": 20}}","{""base"": {""length"": 20}, ""c1"": {""long_cycle"": 80, ""sharpness"": 40, ""short_cycle"": 6}, ""c2"": {""length"": 5}, ""exit_ind"": {""adx_smoothing"": 14, ""adx_threshold"": 25, ""di_length"": 14}, ""vol"": {""ema_len"": 4, ""filter_lookback"": 20, ""hline"": 0, ""lookback"": 132}}","{""atr_len"": 33, ""atr_mult"": 1.0, ""be_pct"": 0.01, ""tp_mult"": 1.8, ""trail_arm"": 2.0, ""trail_mult"": 1.5}",full,full,,0.0247329920213368,0.6511772995813724,,,,,,False,gate2_tuned_modeA_trend.csv,-0.079791769928434,0.3602884842658356,108,2.574953948115474,-0.102143628446016,130,0.7046182639402178,-0.3060531575738045,56,0.2432578613269258,True,0.022351858517582007,0.12430662308147626
ehlers_reverse_ema_signals,fx_sniper_ergodic_cci_signals,efficiency_ratio_volume_signals,tma_baseline,adx_dmi_exit,trend,A,False,-0.1551848608160193,-31.657711606467934,0.5691741626625487,0.2156862745098039,-3.5708964954970153,-42.54815941158421,34.23685407036063,16.6978824627877,-0.9246676561289112,204,108,96,4,1.0,0.01,1.3,1.45,1.55,"{""base"": {""length"": 16}, ""c1"": {""alpha"": 0.123285}, ""c2"": {""cci_length"": 17, ""ema1_length"": 5, ""ema2_length"": 3, ""trigger_length"": 22}, ""exit_ind"": {""adx_smoothing"": 14, ""adx_threshold"": 25, ""di_length"": 14}, ""vol"": {""er_threshold"": 0.369854, ""length"": 10}}","{""base"": {""length"": 200}, ""c1"": {""alpha"": 0.123285}, ""c2"": {""cci_length"": 11, ""ema1_length"": 5, ""ema2_length"": 6, ""trigger_length"": 9}, ""exit_ind"": {""adx_smoothing"": 14, ""adx_threshold"": 25, ""di_length"": 14}, ""vol"": {""er_threshold"": 0.562145, ""length"": 4}}","{""atr_len"": 29, ""atr_mult"": 1.0, ""be_pct"": 0.13, ""tp_mult"": 3.0, ""trail_arm"": 2.0, ""trail_mult"": 0.6}",full,full,,0.0704394143164532,0.5115681980155053,,,,,,False,gate2_tuned_modeA_trend.csv,-0.079791769928434,0.3458747477133254,102,2.239490836178096,-0.1020032146183657,108,0.7261266881585505,-0.2150142127883795,96,0.3793417672919237,True,0.022211444689931706,0.07871694377493861
chandelier_exit_signals,coral_signals,damiani_volatmeter_volume_signals,super_smoother_2pole_baseline,adx_dmi_exit,trend,A,False,-0.1022327191786392,-18.401889452155068,0.7335565209698931,0.1722222222222222,-1.9249468058295185,-20.297454043985628,19.55297803658924,11.62084841768828,-0.9411297561793324,180,70,110,2,1.0,0.13,2.95,2.0,0.95,"{""base"": {""cutoff_period"": 18}, ""c1"": {""atr_mult"": 9, ""atr_period"": 5}, ""c2"": {""const_d"": 14, ""smooth_period"": 28}, ""exit_ind"": {""adx_smoothing"": 14, ""adx_threshold"": 25, ""di_length"": 14}, ""vol"": {""lag"": 1.4, ""sedimentation"": 50, ""threshold"": 1.4, ""viscosity"": 6}}","{""base"": {""cutoff_period"": 99}, ""c1"": {""atr_mult"": 3, ""atr_period"": 220}, ""c2"": {""const_d"": 7, ""smooth_period"": 10}, ""exit_ind"": {""adx_smoothing"": 14, ""adx_threshold"": 25, ""di_length"": 14}, ""vol"": {""lag"": 1.4, ""sedimentation"": 62, ""threshold"": 1.725985, ""viscosity"": 7}}","{""atr_len"": 44, ""atr_mult"": 1.0, ""be_pct"": 0.01, ""tp_mult"": 2.9, ""trail_arm"": 1.0, ""trail_mult"": 0.55}",full,full,,0.0861380014584909,0.4485797092359423,,,,,,False,gate2_tuned_modeA_trend.csv,-0.079791769928434,0.5188908360627111,102,3.2100406769964973,-0.102672188609652,70,0.724263047913202,-0.1019530568134493,110,0.7391898546632691,True,0.0221612868850153,0.02252085278311665
mama_fama_signals,kase_peak_oscillator_signals,chaikin_volatility_volume_signals,rma_baseline,adx_dmi_exit,trend,A,False,-0.1677987609184154,-24.49861909408865,0.579853825545547,0.1712328767123287,-3.7602504358057898,-59.53928129474259,27.51599197865623,11.886062708276382,-0.8903411191968614,146,92,54,2,1.0,0.01,2.7,1.1,1.55,"{""base"": {""ma_length"": 20}, ""c1"": {""fast_limit"": 0.075996, ""slow_limit"": 0.040557}, ""c2"": {""long_cycle"": 53, ""sharpness"": 40, ""short_cycle"": 6}, ""exit_ind"": {""adx_smoothing"": 14, ""adx_threshold"": 25, ""di_length"": 14}, ""vol"": {""cvi_len"": 100, ""roc_len"": 15}}","{""base"": {""ma_length"": 132}, ""c1"": {""fast_limit"": 0.17556, ""slow_limit"": 0.05}, ""c2"": {""long_cycle"": 10, ""sharpness"": 40, ""short_cycle"": 8}, ""exit_ind"": {""adx_smoothing"": 14, ""adx_threshold"": 25, ""di_length"": 14}, ""vol"": {""cvi_len"": 10, ""roc_len"": 15}}","{""atr_len"": 48, ""atr_mult"": 1.0, ""be_pct"": 0.01, ""tp_mult"": 2.55, ""trail_arm"": 1.9, ""trail_mult"": 0.5}",full,full,,0.1176443677211346,0.5901521999037982,,,,,,False,gate2_tuned_modeA_trend.csv,-0.079791769928434,0.4328856744766166,112,2.7315426979064696,-0.1016605895595306,92,0.7327778788720908,-0.2804786084187375,54,0.350235683572648,True,0.021868819631096603,0.11127782906070006
qqe_mod_signals,lemantrend_signals,damiani_volatmeter_volume_signals,fantail_vma,adx_dmi_exit,chop,B,False,-0.1249460985463514,-20.61610626014799,0.7659035779403401,0.2787878787878788,-1.7638182434826073,-6.620972208797073,24.621155089602382,12.082549339312704,-0.8373330245929144,165,89,76,50,1.0,0.05,3.0,2.0,1.5,"{""base"": {""fma_adx_length"": 2, ""fma_ma_length"": 3, ""fma_weighting"": 8}, ""c1"": {""fast_factor"": 1.984883, ""rsi_len"": 5, ""rsi_period"": 7}, ""c2"": {""fast_period"": 28, ""medium_period"": 21, ""slow_period"": 11, ""smooth"": 2}, ""exit_ind"": {""adx_smoothing"": 14, ""adx_threshold"": 25, ""di_length"": 14}, ""vol"": {""lag"": 1.4, ""sedimentation"": 94, ""threshold"": 1.4, ""viscosity"": 13}}","{""base"": {""fma_adx_length"": 4, ""fma_ma_length"": 11, ""fma_weighting"": 12}, ""c1"": {""fast_factor"": 6.969306, ""rsi_len"": 5, ""rsi_period"": 17}, ""c2"": {""fast_period"": 42, ""medium_period"": 21, ""slow_period"": 16, ""smooth"": 3}, ""exit_ind"": {""adx_smoothing"": 14, ""adx_threshold"": 25, ""di_length"": 14}, ""vol"": {""lag"": 1.4, ""sedimentation"": 41, ""threshold"": 1.4, ""viscosity"": 4}}","{""atr_len"": 6, ""atr_mult"": 1.0, ""be_pct"": 0.05, ""tp_mult"": 1.85, ""trail_arm"": 2.0, ""trail_mult"": 1.5}",full,full,,0.0499864957663528,0.3988435311092583,,,,,,False,gate2_tuned_modeB.csv,-0.0550301260173602,0.4026461949569231,100,2.0087476160670628,-0.0767579482926471,89,0.8639953825224892,-0.1813769587118736,76,0.6356846116915843,True,0.02172782227528689,0.07403732748490013
ehlers_reverse_ema_signals,mama_fama_signals,variance_volume_signals,mcginley_dynamic_index,adx_dmi_exit,trend,A,False,-0.1136468578128928,-25.2296024344622,0.6917780640271292,0.2072072072072072,-2.323014293957185,-34.5065633620319,24.808967188377757,14.867470312422943,-1.016954968052096,222,150,72,5,1.0,0.09,1.4,1.1,1.5,"{""base"": {""mci_length"": 17}, ""c1"": {""alpha"": 0.187382}, ""c2"": {""fast_limit"": 0.075996, ""slow_limit"": 0.061642}, ""exit_ind"": {""adx_smoothing"": 14, ""adx_threshold"": 25, ""di_length"": 14}, ""vol"": {""ema_len"": 19, ""filter_lookback"": 200, ""hline"": 0, ""lookback"": 20}}","{""base"": {""mci_length"": 11}, ""c1"": {""alpha"": 0.01}, ""c2"": {""fast_limit"": 0.5, ""slow_limit"": 0.05}, ""exit_ind"": {""adx_smoothing"": 14, ""adx_threshold"": 25, ""di_length"": 14}, ""vol"": {""ema_len"": 100, ""filter_lookback"": 16, ""hline"": 0, ""lookback"": 3}}","{""atr_len"": 25, ""atr_mult"": 1.0, ""be_pct"": 0.19, ""tp_mult"": 3.0, ""trail_arm"": 1.9, ""trail_mult"": 0.8}",full,full,,0.1605608862061754,0.7324546756423028,,,,,,False,gate2_tuned_modeA_trend.csv,-0.079791769928434,0.389376810335908,196,2.293522963149796,-0.1014941471482295,150,0.7483616186407529,-0.1389650050309411,72,0.5314757837294786,True,0.02170237721979551,0.04043780616115132
bears_bulls_impulse_signals,dspo_signals,chaikin_volatility_volume_signals,sma_baseline,adx_dmi_exit,trend,A,False,-0.1143336393595063,-22.638060593182256,0.6841409989316691,0.2373737373737373,-2.571266850689764,-20.351483702225273,26.88578929855037,17.094502176433412,-0.8420084060691072,198,96,102,9,1.2,0.01,2.55,1.1,2.0,"{""base"": {""length"": 37}, ""c1"": {""length"": 11}, ""c2"": {""len"": 26}, ""exit_ind"": {""adx_smoothing"": 14, ""adx_threshold"": 25, ""di_length"": 14}, ""vol"": {""cvi_len"": 5, ""roc_len"": 12}}","{""base"": {""length"": 200}, ""c1"": {""length"": 13}, ""c2"": {""len"": 17}, ""exit_ind"": {""adx_smoothing"": 14, ""adx_threshold"": 25, ""di_length"": 14}, ""vol"": {""cvi_len"": 10, ""roc_len"": 15}}","{""atr_len"": 28, ""atr_mult"": 1.0, ""be_pct"": 0.05, ""tp_mult"": 3.0, ""trail_arm"": 1.1, ""trail_mult"": 0.5}",full,full,,0.201127235635363,0.4166199760542977,,,,,,False,gate2_tuned_modeA_trend.csv,-0.079791769928434,0.3468240624106665,116,2.251691171877466,-0.1281177875975377,96,0.6497929373877537,-0.1013603233707709,102,0.7171441223929118,True,0.021568553442336907,0.03494728555572031
dpo_signals,parabolic_sar_signals,fractal_dimension_volume_signals,kama_baseline,adx_dmi_exit,trend,A,False,-0.133678985024576,-27.53787091506267,0.588459337294968,0.2378640776699029,-3.7455576156256583,-18.90137422046514,30.59789395743541,19.38211573374985,-0.8999923639636922,206,130,76,4,1.0,0.17,1.45,1.0,1.8,"{""base"": {""fast_length"": 2, ""length"": 28, ""slow_length"": 16}, ""c1"": {""len"": 94}, ""c2"": {""sar_increment"": 0.02, ""sar_maximum"": 0.2, ""sar_start"": 0.02}, ""exit_ind"": {""adx_smoothing"": 14, ""adx_threshold"": 25, ""di_length"": 14}, ""vol"": {""fd_threshold"": 1.5, ""length"": 11}}","{""base"": {""fast_length"": 2, ""length"": 12, ""slow_length"": 30}, ""c1"": {""len"": 62}, ""c2"": {""sar_increment"": 0.024657, ""sar_maximum"": 0.246569, ""sar_start"": 0.00462}, ""exit_ind"": {""adx_smoothing"": 14, ""adx_threshold"": 25, ""di_length"": 14}, ""vol"": {""fd_threshold"": 1.5, ""length"": 7}}","{""atr_len"": 50, ""atr_mult"": 1.0, ""be_pct"": 0.05, ""tp_mult"": 2.2, ""trail_arm"": 1.0, ""trail_mult"": 0.5}",full,full,,0.1522156357882652,0.7923677007998406,,,,,,False,gate2_tuned_modeA_trend.csv,-0.079791769928434,0.3836116298382688,130,2.991554535853089,-0.15265890708168,130,0.5501690391485614,-0.1012133288742665,76,0.6625639277650598,True,0.021421558945832503,0.04714434804953925
dspo_signals,parabolic_sar_signals,choppiness_index_volume_signals,ema_baseline,adx_dmi_exit,trend,A,False,-0.1384387978344613,-30.73341311925042,0.6531074544092709,0.1801801801801801,-2.8569944565410865,-48.81580341621562,35.29520177315598,19.22581527316281,-0.8707532915316818,222,142,80,4,1.0,0.01,2.4,1.9,1.8,"{""base"": {""ma_length"": 20}, ""c1"": {""len"": 61}, ""c2"": {""sar_increment"": 0.010673, ""sar_maximum"": 0.2, ""sar_start"": 0.02}, ""exit_ind"": {""adx_smoothing"": 14, ""adx_threshold"": 25, ""di_length"": 14}, ""vol"": {""ci_threshold"": 50.127885, ""length"": 11}}","{""base"": {""ma_length"": 57}, ""c1"": {""len"": 40}, ""c2"": {""sar_increment"": 0.016223, ""sar_maximum"": 0.106734, ""sar_start"": 0.010673}, ""exit_ind"": {""adx_smoothing"": 14, ""adx_threshold"": 25, ""di_length"": 14}, ""vol"": {""ci_threshold"": 61.8, ""length"": 3}}","{""atr_len"": 27, ""atr_mult"": 1.0, ""be_pct"": 0.12, ""tp_mult"": 2.95, ""trail_arm"": 1.6, ""trail_mult"": 0.5}",full,full,,0.0861081858777882,0.8280676133221887,,,,,,False,gate2_tuned_modeA_trend.csv,-0.079791769928434,0.3226618557876928,154,2.080215778071842,-0.1010984675312308,142,0.7456851312656346,-0.2047178841226954,80,0.4905410127753647,True,0.021306697602796812,0.0731164058985291
bears_bulls_impulse_signals,ichimoku_signals,choppiness_index_volume_signals,sma_baseline,adx_dmi_exit,trend,A,False,-0.1481233439316622,-15.997321144619525,0.5996589241469802,0.1944444444444444,-3.3672555072875756,-27.960420508916695,19.11773588494526,11.401568164331431,-0.8367790642623646,108,56,52,4,1.0,0.05,2.95,1.35,2.0,"{""base"": {""length"": 37}, ""c1"": {""length"": 13}, ""c2"": {""base_len"": 21, ""conversion_len"": 11, ""displacement"": 32, ""span_b_len"": 225}, ""exit_ind"": {""adx_smoothing"": 14, ""adx_threshold"": 25, ""di_length"": 14}, ""vol"": {""ci_threshold"": 61.8, ""length"": 14}}","{""base"": {""length"": 57}, ""c1"": {""length"": 16}, ""c2"": {""base_len"": 26, ""conversion_len"": 17, ""displacement"": 26, ""span_b_len"": 52}, ""exit_ind"": {""adx_smoothing"": 14, ""adx_threshold"": 25, ""di_length"": 14}, ""vol"": {""ci_threshold"": 61.8, ""length"": 14}}","{""atr_len"": 10, ""atr_mult"": 1.0, ""be_pct"": 0.01, ""tp_mult"": 2.25, ""trail_arm"": 1.55, ""trail_mult"": 1.1}",full,full,,0.1784282243370413,1.14231404594775,,,,,,False,gate2_tuned_modeA_trend.csv,-0.079791769928434,0.3991599794084096,104,2.8263659015828977,-0.1918990638095222,56,0.4916036599198373,-0.1009802609862746,52,0.721011863647722,True,0.02118849105784061,0.06664789246946441
hieken_ashi_smoothed_signals,dpo_signals,variance_volume_signals,kama_baseline,adx_dmi_exit,trend,A,False,-0.1461892427488356,-39.47109554218564,0.5545759893116767,0.2592592592592592,-3.876515128359976,-20.63520808068831,42.81995135437148,25.68462846629285,-0.9217921621519086,270,178,92,7,1.0,0.01,1.0,1.6,1.5,"{""base"": {""fast_length"": 2, ""length"": 19, ""slow_length"": 30}, ""c1"": {""alma_offset1"": 0.85, ""alma_offset2"": 0.85, ""alma_sigma1"": 6, ""alma_sigma2"": 6, ""ama_smooth1"": 0.181, ""ama_smooth2"": 0.181, ""frama_t1_a"": 1, ""frama_t1_b"": 168, ""frama_t2_a"": 1, ""frama_t2_b"": 168, ""lsma_offset1"": 0, ""lsma_offset2"": 0, ""ma_len1"": 8, ""ma_len2"": 8, ""vol_factor1"": 1.53653, ""vol_factor2"": 0.665127}, ""c2"": {""len"": 500}, ""exit_ind"": {""adx_smoothing"": 14, ""adx_threshold"": 25, ""di_length"": 14}, ""vol"": {""ema_len"": 19, ""filter_lookback"": 200, ""hline"": 0, ""lookback"": 20}}","{""base"": {""fast_length"": 2, ""length"": 28, ""slow_length"": 300}, ""c1"": {""alma_offset1"": 0.85, ""alma_offset2"": 0.85, ""alma_sigma1"": 6, ""alma_sigma2"": 6, ""ama_smooth1"": 0.181, ""ama_smooth2"": 0.181, ""frama_t1_a"": 1, ""frama_t1_b"": 168, ""frama_t2_a"": 1, ""frama_t2_b"": 168, ""lsma_offset1"": 0, ""lsma_offset2"": 0, ""ma_len1"": 8, ""ma_len2"": 8, ""vol_factor1"": 1.010934, ""vol_factor2"": 0.82}, ""c2"": {""len"": 50}, ""exit_ind"": {""adx_smoothing"": 14, ""adx_threshold"": 25, ""di_length"": 14}, ""vol"": {""ema_len"": 10, ""filter_lookback"": 25, ""hline"": 0, ""lookback"": 200}}","{""atr_len"": 49, ""atr_mult"": 1.0, ""be_pct"": 0.01, ""tp_mult"": 2.55, ""trail_arm"": 1.8, ""trail_mult"": 1.45}",full,full,,0.1741344974440831,0.7015712793020478,,,,,,False,gate2_tuned_modeA_trend.csv,-0.079791769928434,0.4046341968605654,152,2.8671638003260287,-0.1697010564481176,178,0.5277016382801708,-0.1006989945045727,92,0.6242826642932542,True,0.020907224576138708,0.05540825554791114
kuskus_starlight_signals,ssl_channel_signals,chaikin_volatility_volume_signals,sma_baseline,adx_dmi_exit,trend,A,False,-0.1137700594012417,-32.993317226360105,0.7027629078706294,0.2103448275862069,-2.331667227259458,,35.50778171330847,20.55702111348732,-0.9291855372084274,290,110,180,6,1.0,0.05,2.7,1.95,1.85,"{""base"": {""length"": 25}, ""c1"": {""index_smooth"": 0.07, ""price_smooth"": 0.7, ""range_periods"": 197}, ""c2"": {""len"": 8}, ""exit_ind"": {""adx_smoothing"": 14, ""adx_threshold"": 25, ""di_length"": 14}, ""vol"": {""cvi_len"": 28, ""roc_len"": 12}}","{""base"": {""length"": 200}, ""c1"": {""index_smooth"": 0.567792, ""price_smooth"": 0.161709, ""range_periods"": 24}, ""c2"": {""len"": 8}, ""exit_ind"": {""adx_smoothing"": 14, ""adx_threshold"": 25, ""di_length"": 14}, ""vol"": {""cvi_len"": 12, ""roc_len"": 12}}","{""atr_len"": 50, ""atr_mult"": 1.0, ""be_pct"": 0.05, ""tp_mult"": 3.0, ""trail_arm"": 1.6, ""trail_mult"": 1.45}",full,full,,0.1509017262802645,0.4426584109330346,,,,,,False,gate2_tuned_modeA_trend.csv,-0.079791769928434,0.419072650188052,100,2.4450781040967304,-0.1353052890567811,110,0.6538701907849781,-0.1006096412784121,180,0.7336803613218503,True,0.020817871349978104,0.038165695239162606
schaff_trend_cycle_signals,dpo_signals,chaikin_volatility_volume_signals,tma_baseline,adx_dmi_exit,trend,A,False,-0.1122980734147279,-15.497134131232457,0.6584170190205434,0.2753623188405797,-2.2645360546479956,-19.261772017432392,21.062919273050255,11.80874700026554,-0.7357543334964421,138,70,68,5,1.0,0.01,1.75,1.0,1.4,"{""base"": {""length"": 37}, ""c1"": {""cycleLen"": 10, ""d1"": 3, ""d2"": 4, ""lowerBand"": 20, ""macdFast"": 23, ""macdSlow"": 62, ""stc_midline"": 62, ""upperBand"": 92}, ""c2"": {""len"": 50}, ""exit_ind"": {""adx_smoothing"": 14, ""adx_threshold"": 25, ""di_length"": 14}, ""vol"": {""cvi_len"": 28, ""roc_len"": 12}}","{""base"": {""length"": 37}, ""c1"": {""cycleLen"": 10, ""d1"": 3, ""d2"": 9, ""lowerBand"": 25, ""macdFast"": 23, ""macdSlow"": 41, ""stc_midline"": 41, ""upperBand"": 92}, ""c2"": {""len"": 50}, ""exit_ind"": {""adx_smoothing"": 14, ""adx_threshold"": 25, ""di_length"": 14}, ""vol"": {""cvi_len"": 12, ""roc_len"": 6}}","{""atr_len"": 21, ""atr_mult"": 1.0, ""be_pct"": 0.2, ""tp_mult"": 3.0, ""trail_arm"": 1.35, ""trail_mult"": 1.4}",full,full,,0.284984175803984,0.7318047171742088,,,,,,False,gate2_tuned_modeA_trend.csv,-0.079791769928434,0.3927213574619197,106,2.6673648435714066,-0.1003889097877828,70,0.7121290603513163,-0.1245575065601125,68,0.5958541058217891,True,0.0205971398593488,0.03268143824551366
linreg_slope_signals,hieken_ashi_smoothed_signals,variance_volume_signals,ema_baseline,adx_dmi_exit,chop,B,False,-0.0797757202464766,-13.641648162147495,0.8487558308714684,0.2807017543859649,-1.069556057090168,-4.020213139921634,17.276128041282032,7.918335847317006,-0.7896241640227606,171,87,84,3,1.05,0.05,2.15,2.0,1.5,"{""base"": {""ma_length"": 25}, ""c1"": {""length"": 7, ""r2_floor"": 0.070224}, ""c2"": {""alma_offset1"": 0.85, ""alma_offset2"": 0.85, ""alma_sigma1"": 6, ""alma_sigma2"": 6, ""ama_smooth1"": 0.181, ""ama_smooth2"": 0.181, ""frama_t1_a"": 1, ""frama_t1_b"": 168, ""frama_t2_a"": 1, ""frama_t2_b"": 168, ""lsma_offset1"": 0, ""lsma_offset2"": 0, ""ma_len1"": 6, ""ma_len2"": 8, ""vol_factor1"": 1.53653, ""vol_factor2"": 0.82}, ""exit_ind"": {""adx_smoothing"": 14, ""adx_threshold"": 25, ""di_length"": 14}, ""vol"": {""ema_len"": 10, ""filter_lookback"": 200, ""hline"": 0, ""lookback"": 20}}","{""base"": {""ma_length"": 7}, ""c1"": {""length"": 140, ""r2_floor"": 0.2}, ""c2"": {""alma_offset1"": 0.85, ""alma_offset2"": 0.85, ""alma_sigma1"": 6, ""alma_sigma2"": 6, ""ama_smooth1"": 0.181, ""ama_smooth2"": 0.181, ""frama_t1_a"": 1, ""frama_t1_b"": 168, ""frama_t2_a"": 1, ""frama_t2_b"": 168, ""lsma_offset1"": 0, ""lsma_offset2"": 0, ""ma_len1"": 4, ""ma_len2"": 15, ""vol_factor1"": 1.010934, ""vol_factor2"": 1.53653}, ""exit_ind"": {""adx_smoothing"": 14, ""adx_threshold"": 25, ""di_length"": 14}, ""vol"": {""ema_len"": 8, ""filter_lookback"": 11, ""hline"": 0, ""lookback"": 16}}","{""atr_len"": 46, ""atr_mult"": 1.0, ""be_pct"": 0.05, ""tp_mult"": 2.6, ""trail_arm"": 2.0, ""trail_mult"": 1.5}",full,full,,0.0449042386718355,0.3593208218245077,,,,,,False,gate2_tuned_modeB.csv,-0.0550301260173602,0.5710228783199396,101,3.429235531292024,-0.0842121386486038,87,0.8196031414558549,-0.0751808583299876,84,0.8726344410158762,True,0.020150732312627394,0.02466637247193549
laguerre_filter_signals,fisher_transform_signals,damiani_volatmeter_volume_signals,rma_baseline,adx_dmi_exit,trend,A,False,-0.1132371838537948,-24.006282977004503,0.6999214627874439,0.2311320754716981,-2.354336841941898,,26.950143338358465,13.736756546189795,-0.8907664302785384,212,84,128,27,1.0,0.01,2.9,1.45,2.0,"{""base"": {""ma_length"": 20}, ""c1"": {""alpha"": 0.046203}, ""c2"": {""length"": 66}, ""exit_ind"": {""adx_smoothing"": 14, ""adx_threshold"": 25, ""di_length"": 14}, ""vol"": {""lag"": 1.4, ""sedimentation"": 62, ""threshold"": 1.4, ""viscosity"": 6}}","{""base"": {""ma_length"": 132}, ""c1"": {""alpha"": 0.162226}, ""c2"": {""length"": 12}, ""exit_ind"": {""adx_smoothing"": 14, ""adx_threshold"": 25, ""di_length"": 14}, ""vol"": {""lag"": 1.4, ""sedimentation"": 94, ""threshold"": 1.4, ""viscosity"": 13}}","{""atr_len"": 37, ""atr_mult"": 1.31, ""be_pct"": 0.01, ""tp_mult"": 2.15, ""trail_arm"": 1.65, ""trail_mult"": 1.35}",full,full,,0.1505805652903767,0.3404653268995572,,,,,,False,gate2_tuned_modeA_trend.csv,-0.079791769928434,0.2344225923428753,110,2.008792772928811,-0.1335519855767662,84,0.6260544403850544,-0.0999055952230948,128,0.7442416762288775,True,0.02011382529466081,0.03693702047149651
laguerre_filter_signals,waddah_attar_explosion_signals,choppiness_index_volume_signals,frama_baseline,adx_dmi_exit,chop,B,False,-0.0830809742101251,-28.247531231442533,0.8428553440299318,0.238235294117647,-1.1086553185211088,-4.260826723187255,40.886187783557354,21.58885012716813,-0.6908820010556832,340,126,214,43,1.05,0.05,2.1,2.0,1.5,"{""base"": {""length"": 100}, ""c1"": {""alpha"": 0.2}, ""c2"": {""bbLen"": 11, ""bbStd"": 2, ""fastEma"": 3, ""sensitivity"": 987, ""slowEma"": 49}, ""exit_ind"": {""adx_smoothing"": 14, ""adx_threshold"": 25, ""di_length"": 14}, ""vol"": {""ci_threshold"": 61.8, ""length"": 3}}","{""base"": {""length"": 66}, ""c1"": {""alpha"": 0.2}, ""c2"": {""bbLen"": 3, ""bbStd"": 2, ""fastEma"": 11, ""sensitivity"": 15, ""slowEma"": 6}, ""exit_ind"": {""adx_smoothing"": 14, ""adx_threshold"": 25, ""di_length"": 14}, ""vol"": {""ci_threshold"": 61.8, ""length"": 3}}","{""atr_len"": 2, ""atr_mult"": 1.0, ""be_pct"": 0.05, ""tp_mult"": 2.55, ""trail_arm"": 2.0, ""trail_mult"": 1.5}",full,full,,0.00257721377099,0.1846888525599047,,,,,,False,gate2_tuned_modeB.csv,-0.0550301260173602,0.2865229897701232,149,1.580412956682537,-0.0750969242588629,126,0.8707898680774431,-0.0877818634337654,214,0.8236513793110585,True,0.020066798241502697,0.026409267828953954
chandelier_exit_signals,relative_vigor_index_signals,chaikin_volatility_volume_signals,sma_baseline,adx_dmi_exit,trend,A,False,-0.1168798980527761,-28.752454920982924,0.6905836058130125,0.1869918699186991,-2.4981841463367824,-62.549473650723385,34.905584083570375,19.18132561706681,-0.82372077923533,246,88,158,6,1.0,0.01,2.7,1.4,0.55,"{""base"": {""length"": 25}, ""c1"": {""atr_mult"": 6, ""atr_period"": 8}, ""c2"": {""len"": 12}, ""exit_ind"": {""adx_smoothing"": 14, ""adx_threshold"": 25, ""di_length"": 14}, ""vol"": {""cvi_len"": 12, ""roc_len"": 12}}","{""base"": {""length"": 132}, ""c1"": {""atr_mult"": 6, ""atr_period"": 22}, ""c2"": {""len"": 10}, ""exit_ind"": {""adx_smoothing"": 14, ""adx_threshold"": 25, ""di_length"": 14}, ""vol"": {""cvi_len"": 12, ""roc_len"": 10}}","{""atr_len"": 24, ""atr_mult"": 1.0, ""be_pct"": 0.11, ""tp_mult"": 2.9, ""trail_arm"": 2.0, ""trail_mult"": 1.25}",full,full,,0.0860523562053831,0.3627562533504712,,,,,,False,gate2_tuned_modeA_trend.csv,-0.079791769928434,0.4965085958916735,102,2.8416710526976083,-0.1476732876688687,88,0.6001461749273702,-0.0997291494058384,158,0.7392261625005667,True,0.0199373794774044,0.04390944860891956
aroon_signals,coppock_curve_signals,waddah_attar_explosion_volume_signals,super_smoother_2pole_baseline,adx_dmi_exit,trend,A,False,-0.1342403916217409,-21.746943442722028,0.6602040087074688,0.1851851851851851,-2.814196513810784,,32.44634245821135,19.382878921676056,-0.6702432938544797,162,84,78,27,1.0,0.05,2.55,1.7,1.45,"{""base"": {""cutoff_period"": 28}, ""c1"": {""length"": 250}, ""c2"": {""long_roc"": 3, ""short_roc"": 48, ""smooth_len"": 12}, ""exit_ind"": {""adx_smoothing"": 14, ""adx_threshold"": 25, ""di_length"": 14}, ""vol"": {""bbLen"": 25, ""bbStd"": 6, ""fastEma"": 16, ""sensitivity"": 80, ""slowEma"": 32}}","{""base"": {""cutoff_period"": 15}, ""c1"": {""length"": 164}, ""c2"": {""long_roc"": 61, ""short_roc"": 6, ""smooth_len"": 8}, ""exit_ind"": {""adx_smoothing"": 14, ""adx_threshold"": 25, ""di_length"": 14}, ""vol"": {""bbLen"": 20, ""bbStd"": 2, ""fastEma"": 20, ""sensitivity"": 987, ""slowEma"": 40}}","{""atr_len"": 2, ""atr_mult"": 1.0, ""be_pct"": 0.05, ""tp_mult"": 3.0, ""trail_arm"": 1.1, ""trail_mult"": 1.05}",full,full,,0.0137016566460425,0.3393621528354494,,,,,,False,gate2_tuned_modeA_trend.csv,-0.079791769928434,0.4491434159400826,132,2.6939123115454553,-0.0997066969781027,84,0.7462011349648296,-0.1714305243148897,78,0.5686586807560853,True,0.0199149270496687,0.0557768407180622
halftrend_signals,polychromatic_momentum_signals,variance_volume_signals,t3_baseline,adx_dmi_exit,trend,A,False,-0.1000049412038463,-18.00088941669234,0.739744597840939,0.2055555555555555,-1.960696270529737,-45.369671306534705,24.862548478378407,17.619620252787186,-0.724016262144113,180,118,62,3,1.0,0.12,2.35,1.7,1.5,"{""base"": {""length"": 10, ""volume_factor"": 0.106394}, ""c1"": {""amplitude"": 18}, ""c2"": {""len"": 14}, ""exit_ind"": {""adx_smoothing"": 14, ""adx_threshold"": 25, ""di_length"": 14}, ""vol"": {""ema_len"": 8, ""filter_lookback"": 87, ""hline"": 0, ""lookback"": 20}}","{""base"": {""length"": 10, ""volume_factor"": 0.567792}, ""c1"": {""amplitude"": 41}, ""c2"": {""len"": 11}, ""exit_ind"": {""adx_smoothing"": 14, ""adx_threshold"": 25, ""di_length"": 14}, ""vol"": {""ema_len"": 66, ""filter_lookback"": 132, ""hline"": 0, ""lookback"": 7}}","{""atr_len"": 28, ""atr_mult"": 1.0, ""be_pct"": 0.01, ""tp_mult"": 2.9, ""trail_arm"": 1.85, ""trail_mult"": 1.8}",full,full,,0.1996497364123759,0.8309406276231037,,,,,,False,gate2_tuned_modeA_trend.csv,-0.079791769928434,0.4772978776798877,124,2.7407334362442968,-0.100166488194582,118,0.7464688372654503,-0.0996974808021235,62,0.7258404701275616,True,0.019905710873689503,0.020140214569918755
linreg_slope_signals,coppock_curve_signals,waddah_attar_explosion_volume_signals,wma_baseline,adx_dmi_exit,trend,A,False,-0.1255387389139962,-23.350205438003293,0.648480645213183,0.1989247311827957,-2.8698914199780674,-16.98120553488132,24.878953769080457,11.758155770562128,-0.9385525474557098,186,130,56,45,1.0,0.05,2.35,1.05,0.85,"{""base"": {""ma_length"": 200}, ""c1"": {""length"": 7, ""r2_floor"": 0.106734}, ""c2"": {""long_roc"": 11, ""short_roc"": 9, ""smooth_len"": 10}, ""exit_ind"": {""adx_smoothing"": 14, ""adx_threshold"": 25, ""di_length"": 14}, ""vol"": {""bbLen"": 25, ""bbStd"": 4, ""fastEma"": 16, ""sensitivity"": 427, ""slowEma"": 21}}","{""base"": {""ma_length"": 87}, ""c1"": {""length"": 14, ""r2_floor"": 0.246569}, ""c2"": {""long_roc"": 14, ""short_roc"": 11, ""smooth_len"": 10}, ""exit_ind"": {""adx_smoothing"": 14, ""adx_threshold"": 25, ""di_length"": 14}, ""vol"": {""bbLen"": 20, ""bbStd"": 2, ""fastEma"": 200, ""sensitivity"": 185, ""slowEma"": 14}}","{""atr_len"": 31, ""atr_mult"": 1.0, ""be_pct"": 0.01, ""tp_mult"": 2.15, ""trail_arm"": 1.8, ""trail_mult"": 0.8}",full,full,,0.0368066681776029,0.3464076568424258,,,,,,False,gate2_tuned_modeA_trend.csv,-0.079791769928434,0.2831624525928764,130,2.197809440362683,-0.0994405609313945,130,0.7222480722249903,-0.1861237949450357,56,0.4758131035309133,True,0.019648791002960506,0.0629904080097811
schaff_trend_cycle_signals,kuskus_starlight_signals,chaikin_volatility_volume_signals,wma_baseline,adx_dmi_exit,trend,A,False,-0.1111922856257838,-20.681765126395792,0.6637891935024396,0.2634408602150537,-2.773218012086349,-15.916429222264409,21.55619968741312,12.14444152256488,-0.9594346603901652,186,118,68,5,1.0,0.01,2.6,1.4,1.1,"{""base"": {""ma_length"": 57}, ""c1"": {""cycleLen"": 10, ""d1"": 3, ""d2"": 3, ""lowerBand"": 2, ""macdFast"": 12, ""macdSlow"": 50, ""stc_midline"": 50, ""upperBand"": 75}, ""c2"": {""index_smooth"": 0.567792, ""price_smooth"": 0.106394, ""range_periods"": 37}, ""exit_ind"": {""adx_smoothing"": 14, ""adx_threshold"": 25, ""di_length"": 14}, ""vol"": {""cvi_len"": 12, ""roc_len"": 3}}","{""base"": {""ma_length"": 25}, ""c1"": {""cycleLen"": 19, ""d1"": 3, ""d2"": 3, ""lowerBand"": 2, ""macdFast"": 3, ""macdSlow"": 41, ""stc_midline"": 50, ""upperBand"": 141}, ""c2"": {""index_smooth"": 0.567792, ""price_smooth"": 0.161709, ""range_periods"": 56}, ""exit_ind"": {""adx_smoothing"": 14, ""adx_threshold"": 25, ""di_length"": 14}, ""vol"": {""cvi_len"": 8, ""roc_len"": 6}}","{""atr_len"": 45, ""atr_mult"": 1.0, ""be_pct"": 0.01, ""tp_mult"": 2.75, ""trail_arm"": 2.0, ""trail_mult"": 1.55}",full,full,,0.1591288168867013,0.9807475951399648,,,,,,False,gate2_tuned_modeA_trend.csv,-0.079791769928434,0.4483329275204666,104,2.915445583512839,-0.1179730131741289,118,0.6693078088551097,-0.0994257289977731,68,0.6518256469182085,True,0.01963395906933911,0.028907601157517004
parabolic_sar_signals,bears_bulls_impulse_signals,variance_volume_signals,ema_baseline,adx_dmi_exit,chop,B,False,-0.1114704988464089,-22.07115877158897,0.8061668837230122,0.303030303030303,-1.4781529573642085,-6.168997592293281,33.9789919050245,16.691230177117674,-0.6495530777746614,198,129,69,14,1.0,0.05,2.9,2.0,1.5,"{""base"": {""ma_length"": 20}, ""c1"": {""sar_increment"": 0.056961, ""sar_maximum"": 0.030398, ""sar_start"": 0.02}, ""c2"": {""length"": 5}, ""exit_ind"": {""adx_smoothing"": 14, ""adx_threshold"": 25, ""di_length"": 14}, ""vol"": {""ema_len"": 28, ""filter_lookback"": 87, ""hline"": 0, ""lookback"": 16}}","{""base"": {""ma_length"": 7}, ""c1"": {""sar_increment"": 0.037476, ""sar_maximum"": 0.162226, ""sar_start"": 0.02}, ""c2"": {""length"": 13}, ""exit_ind"": {""adx_smoothing"": 14, ""adx_threshold"": 25, ""di_length"": 14}, ""vol"": {""ema_len"": 12, ""filter_lookback"": 7, ""hline"": 0, ""lookback"": 16}}","{""atr_len"": 9, ""atr_mult"": 1.0, ""be_pct"": 0.05, ""tp_mult"": 1.5, ""trail_arm"": 2.0, ""trail_mult"": 1.5}",full,full,,0.1383449552157566,0.6180075302590254,,,,,,False,gate2_tuned_modeB.csv,-0.0550301260173602,0.3874708272840382,158,2.153433629883068,-0.0746292767258187,129,0.8566863862718851,-0.1803475662892514,69,0.7334834658309454,True,0.019599150708458503,0.07245829549017482
center_of_gravity_signals,kalman_filter_signals,variance_volume_signals,super_smoother_2pole_baseline,adx_dmi_exit,chop,B,False,-0.0915784063048538,-26.28300260949305,0.8369438896838617,0.2613240418118467,-1.2198010983707392,-4.893803585244105,32.824841818485005,17.377380649354023,-0.8007046234931745,287,195,92,21,1.0,0.05,2.75,2.0,1.5,"{""base"": {""cutoff_period"": 150}, ""c1"": {""length"": 12, ""signal_length"": 3}, ""c2"": {""k"": 1, ""sharpness"": 10}, ""exit_ind"": {""adx_smoothing"": 14, ""adx_threshold"": 25, ""di_length"": 14}, ""vol"": {""ema_len"": 66, ""filter_lookback"": 25, ""hline"": 0, ""lookback"": 25}}","{""base"": {""cutoff_period"": 43}, ""c1"": {""length"": 12, ""signal_length"": 2}, ""c2"": {""k"": 1, ""sharpness"": 1}, ""exit_ind"": {""adx_smoothing"": 14, ""adx_threshold"": 25, ""di_length"": 14}, ""vol"": {""ema_len"": 4, ""filter_lookback"": 57, ""hline"": 0, ""lookback"": 87}}","{""atr_len"": 35, ""atr_mult"": 1.0, ""be_pct"": 0.05, ""tp_mult"": 1.5, ""trail_arm"": 2.0, ""trail_mult"": 1.5}",full,full,,-0.0480806764700223,0.5375098740079987,,,,,,False,gate2_tuned_modeB.csv,-0.0550301260173602,0.2272992924793584,192,1.6125699435670189,-0.074590730420998,195,0.8501193921350377,-0.1275848932325916,92,0.8170105441289179,True,0.019560604403637792,0.0460576858094346
bears_bulls_impulse_signals,bears_bulls_impulse_signals,variance_volume_signals,frama_baseline,adx_dmi_exit,trend,A,False,-0.1048189386275411,-35.848077010619065,0.7187109217714082,0.2134502923976608,-2.197920755457947,-21.270495996670455,47.156472285661906,27.779426615892294,-0.7601942060775992,342,184,158,2,1.0,0.16,2.5,1.0,1.75,"{""base"": {""length"": 28}, ""c1"": {""length"": 37}, ""c2"": {""length"": 11}, ""exit_ind"": {""adx_smoothing"": 14, ""adx_threshold"": 25, ""di_length"": 14}, ""vol"": {""ema_len"": 19, ""filter_lookback"": 16, ""hline"": 0, ""lookback"": 132}}","{""base"": {""length"": 66}, ""c1"": {""length"": 86}, ""c2"": {""length"": 11}, ""exit_ind"": {""adx_smoothing"": 14, ""adx_threshold"": 25, ""di_length"": 14}, ""vol"": {""ema_len"": 12, ""filter_lookback"": 20, ""hline"": 0, ""lookback"": 132}}","{""atr_len"": 50, ""atr_mult"": 1.0, ""be_pct"": 0.01, ""tp_mult"": 2.6, ""trail_arm"": 1.0, ""trail_mult"": 0.85}",full,full,,0.0745355321807407,0.4018062876754246,,,,,,False,gate2_tuned_modeA_trend.csv,-0.079791769928434,0.2737513633679212,194,1.992837909404642,-0.1095543921466441,184,0.7141706408860281,-0.0993042332635224,158,0.7243366364727011,True,0.01951246333508841,0.024637542776649257
kuskus_starlight_signals,supertrend_signals,chaikin_volatility_volume_signals,sma_baseline,adx_dmi_exit,trend,A,False,-0.1303873800758393,-27.642124576077933,0.6747985343990832,0.1933962264150943,-2.704277517083177,,28.362932008777413,13.432611967386404,-0.9745862863375192,212,86,126,6,1.0,0.01,2.85,1.9,1.85,"{""base"": {""length"": 25}, ""c1"": {""index_smooth"": 0.373569, ""price_smooth"": 0.07, ""range_periods"": 130}, ""c2"": {""atr_period"": 10, ""factor"": 3}, ""exit_ind"": {""adx_smoothing"": 14, ""adx_threshold"": 25, ""di_length"": 14}, ""vol"": {""cvi_len"": 28, ""roc_len"": 10}}","{""base"": {""length"": 200}, ""c1"": {""index_smooth"": 0.7, ""price_smooth"": 0.07, ""range_periods"": 37}, ""c2"": {""atr_period"": 10, ""factor"": 3}, ""exit_ind"": {""adx_smoothing"": 14, ""adx_threshold"": 25, ""di_length"": 14}, ""vol"": {""cvi_len"": 19, ""roc_len"": 12}}","{""atr_len"": 50, ""atr_mult"": 1.0, ""be_pct"": 0.19, ""tp_mult"": 3.0, ""trail_arm"": 1.0, ""trail_mult"": 1.35}",full,full,,0.1527826321149926,0.5267428613112363,,,,,,False,gate2_tuned_modeA_trend.csv,-0.079791769928434,0.4738875350540034,102,2.726304591982442,-0.0991633666292254,86,0.7491750138201944,-0.1516990083013059,126,0.6252142147850088,True,0.019371596700791402,0.045639417536831664
hieken_ashi_smoothed_signals,bears_bulls_impulse_signals,choppiness_index_volume_signals,t3_baseline,adx_dmi_exit,trend,A,False,-0.1243990555451152,-21.147839442669596,0.638531004478386,0.2470588235294117,-2.950226454275351,-36.411364525235186,20.66860170995449,10.678928042909977,-1.0231867515490558,170,120,50,5,1.0,0.05,1.2,2.0,0.5,"{""base"": {""length"": 12, ""volume_factor"": 0.567792}, ""c1"": {""alma_offset1"": 0.85, ""alma_offset2"": 0.85, ""alma_sigma1"": 6, ""alma_sigma2"": 6, ""ama_smooth1"": 0.181, ""ama_smooth2"": 0.181, ""frama_t1_a"": 1, ""frama_t1_b"": 168, ""frama_t2_a"": 1, ""frama_t2_b"": 168, ""lsma_offset1"": 0, ""lsma_offset2"": 0, ""ma_len1"": 8, ""ma_len2"": 8, ""vol_factor1"": 0.82, ""vol_factor2"": 0.82}, ""c2"": {""length"": 7}, ""exit_ind"": {""adx_smoothing"": 14, ""adx_threshold"": 25, ""di_length"": 14}, ""vol"": {""ci_threshold"": 50.127885, ""length"": 7}}","{""base"": {""length"": 100, ""volume_factor"": 0.567792}, ""c1"": {""alma_offset1"": 0.85, ""alma_offset2"": 0.85, ""alma_sigma1"": 6, ""alma_sigma2"": 6, ""ama_smooth1"": 0.181, ""ama_smooth2"": 0.181, ""frama_t1_a"": 1, ""frama_t1_b"": 168, ""frama_t2_a"": 1, ""frama_t2_b"": 168, ""lsma_offset1"": 0, ""lsma_offset2"": 0, ""ma_len1"": 23, ""ma_len2"": 8, ""vol_factor1"": 8.2, ""vol_factor2"": 2.335389}, ""c2"": {""length"": 86}, ""exit_ind"": {""adx_smoothing"": 14, ""adx_threshold"": 25, ""di_length"": 14}, ""vol"": {""ci_threshold"": 61.8, ""length"": 3}}","{""atr_len"": 50, ""atr_mult"": 1.0, ""be_pct"": 0.05, ""tp_mult"": 2.65, ""trail_arm"": 2.0, ""trail_mult"": 0.55}",full,full,,0.1083448400046559,1.5750374763464945,,,,,,False,gate2_tuned_modeA_trend.csv,-0.079791769928434,0.4790605466085733,116,3.180484936611519,-0.099124663731035,120,0.7063354704497071,-0.1850575958989077,50,0.4859511225030343,True,0.019332893802601003,0.062299359886537356
laguerre_filter_signals,relative_vigor_index_signals,variance_volume_signals,fantail_vma,adx_dmi_exit,trend,A,False,-0.1264111005960432,-29.8330197406662,0.6807052627687336,0.1779661016949152,-2.3936719460893134,-24.53953649731993,30.86275701585131,18.740244931016846,-0.966634955047722,236,182,54,36,1.0,0.05,2.9,1.0,1.25,"{""base"": {""fma_adx_length"": 2, ""fma_ma_length"": 17, ""fma_weighting"": 5}, ""c1"": {""alpha"": 0.106734}, ""c2"": {""len"": 5}, ""exit_ind"": {""adx_smoothing"": 14, ""adx_threshold"": 25, ""di_length"": 14}, ""vol"": {""ema_len"": 28, ""filter_lookback"": 200, ""hline"": 0, ""lookback"": 16}}","{""base"": {""fma_adx_length"": 13, ""fma_ma_length"": 11, ""fma_weighting"": 12}, ""c1"": {""alpha"": 0.2}, ""c2"": {""len"": 4}, ""exit_ind"": {""adx_smoothing"": 14, ""adx_threshold"": 25, ""di_length"": 14}, ""vol"": {""ema_len"": 10, ""filter_lookback"": 11, ""hline"": 0, ""lookback"": 25}}","{""atr_len"": 44, ""atr_mult"": 1.05, ""be_pct"": 0.12, ""tp_mult"": 3.0, ""trail_arm"": 1.0, ""trail_mult"": 1.6}",full,full,,0.1532588515405316,1.298951796378229,,,,,,False,gate2_tuned_modeA_trend.csv,-0.079791769928434,0.4316147238207034,200,2.6425381117975464,-0.0990096600224838,182,0.7441614863580648,-0.2187641040106324,54,0.4863799297141662,True,0.01921789009404981,0.0790951120881241
halftrend_signals,didi_index_signals,choppiness_index_volume_signals,rma_baseline,adx_dmi_exit,trend,A,False,-0.1469277732571968,-37.90736550035679,0.6389139220712252,0.1589147286821705,-2.8105005263067486,-50.58051486808041,44.96797157045896,25.536107000432075,-0.8429858892114109,258,96,162,33,1.0,0.15,2.95,1.75,1.65,"{""base"": {""ma_length"": 16}, ""c1"": {""amplitude"": 41}, ""c2"": {""long_p"": 25, ""medium"": 8}, ""exit_ind"": {""adx_smoothing"": 14, ""adx_threshold"": 25, ""di_length"": 14}, ""vol"": {""ci_threshold"": 61.8, ""length"": 3}}","{""base"": {""ma_length"": 20}, ""c1"": {""amplitude"": 27}, ""c2"": {""long_p"": 25, ""medium"": 8}, ""exit_ind"": {""adx_smoothing"": 14, ""adx_threshold"": 25, ""di_length"": 14}, ""vol"": {""ci_threshold"": 61.8, ""length"": 2}}","{""atr_len"": 39, ""atr_mult"": 1.0, ""be_pct"": 0.01, ""tp_mult"": 2.55, ""trail_arm"": 2.0, ""trail_mult"": 0.55}",full,full,,0.1581043011500898,0.3821138664837021,,,,,,False,gate2_tuned_modeA_trend.csv,-0.079791769928434,0.4411674085431961,122,2.7585868287926205,-0.2279424458582436,96,0.4662811023806977,-0.0989190783825024,162,0.7495387642060236,True,0.019127308454068404,0.083638992191939
didi_index_signals,waddah_attar_explosion_signals,variance_volume_signals,fantail_vma,adx_dmi_exit,chop,B,False,-0.093397616680258,-16.43798053572542,0.8141009495966471,0.2670454545454545,-1.2870285291070749,-4.603063814546589,18.658564011613556,8.483005801223278,-0.8809885115217875,176,103,73,31,1.0,0.05,2.95,2.0,1.5,"{""base"": {""fma_adx_length"": 2, ""fma_ma_length"": 60, ""fma_weighting"": 100}, ""c1"": {""long_p"": 20, ""medium"": 10}, ""c2"": {""bbLen"": 132, ""bbStd"": 2, ""fastEma"": 20, ""sensitivity"": 185, ""slowEma"": 49}, ""exit_ind"": {""adx_smoothing"": 14, ""adx_threshold"": 25, ""di_length"": 14}, ""vol"": {""ema_len"": 10, ""filter_lookback"": 20, ""hline"": 0, ""lookback"": 87}}","{""base"": {""fma_adx_length"": 2, ""fma_ma_length"": 3, ""fma_weighting"": 5}, ""c1"": {""long_p"": 37, ""medium"": 8}, ""c2"": {""bbLen"": 25, ""bbStd"": 2, ""fastEma"": 20, ""sensitivity"": 150, ""slowEma"": 40}, ""exit_ind"": {""adx_smoothing"": 14, ""adx_threshold"": 25, ""di_length"": 14}, ""vol"": {""ema_len"": 10, ""filter_lookback"": 20, ""hline"": 0, ""lookback"": 87}}","{""atr_len"": 19, ""atr_mult"": 1.0, ""be_pct"": 0.05, ""tp_mult"": 1.5, ""trail_arm"": 2.0, ""trail_mult"": 1.5}",full,full,,0.0245765063558483,0.5439117937686938,,,,,,False,gate2_tuned_modeB.csv,-0.0550301260173602,0.2824136405385065,100,1.8917678280923136,-0.1071074903187954,103,0.7530224761103907,-0.0740535483957464,73,0.8764530516592379,True,0.019023422378386202,0.0355503933399107
polychromatic_momentum_signals,price_momentum_oscillator_signals,variance_volume_signals,ema_baseline,adx_dmi_exit,chop,B,False,-0.0786875238250944,-25.180007624030225,0.8365033367432989,0.28125,-1.217638459132185,-3.8871324044437303,32.94911599701675,19.041459958339026,-0.7642088979355335,320,157,163,47,1.0,0.05,1.95,2.0,1.5,"{""base"": {""ma_length"": 25}, ""c1"": {""len"": 14}, ""c2"": {""s1"": 100, ""s2"": 25, ""sig"": 10}, ""exit_ind"": {""adx_smoothing"": 14, ""adx_threshold"": 25, ""di_length"": 14}, ""vol"": {""ema_len"": 100, ""filter_lookback"": 2, ""hline"": 0, ""lookback"": 11}}","{""base"": {""ma_length"": 11}, ""c1"": {""len"": 140}, ""c2"": {""s1"": 100, ""s2"": 37, ""sig"": 10}, ""exit_ind"": {""adx_smoothing"": 14, ""adx_threshold"": 25, ""di_length"": 14}, ""vol"": {""ema_len"": 12, ""filter_lookback"": 20, ""hline"": 0, ""lookback"": 11}}","{""atr_len"": 27, ""atr_mult"": 1.0, ""be_pct"": 0.05, ""tp_mult"": 1.3, ""trail_arm"": 2.0, ""trail_mult"": 1.5}",full,full,,0.051192747332604,0.3632195991794785,,,,,,False,gate2_tuned_modeB.csv,-0.0550301260173602,0.4250275710620634,138,2.736395320938543,-0.0740181328482794,157,0.8382147309325843,-0.08318503537945,163,0.8350075137235574,True,0.018988006830919203,0.023571458096504495
aroon_signals,dspo_signals,efficiency_ratio_volume_signals,t3_baseline,adx_dmi_exit,chop,B,False,-0.0742406259678956,-11.581537650991718,0.8647396767367715,0.3141025641025641,-1.0344890174427712,-4.0010643548122795,25.845579704436695,13.2798561255358,-0.4481051608605866,156,94,62,7,1.0,0.05,1.85,2.0,1.5,"{""base"": {""length"": 10, ""volume_factor"": 0.567792}, ""c1"": {""length"": 25}, ""c2"": {""len"": 3}, ""exit_ind"": {""adx_smoothing"": 14, ""adx_threshold"": 25, ""di_length"": 14}, ""vol"": {""er_threshold"": 0.3, ""length"": 10}}","{""base"": {""length"": 12, ""volume_factor"": 0.567792}, ""c1"": {""length"": 25}, ""c2"": {""len"": 7}, ""exit_ind"": {""adx_smoothing"": 14, ""adx_threshold"": 25, ""di_length"": 14}, ""vol"": {""er_threshold"": 0.3, ""length"": 8}}","{""atr_len"": 21, ""atr_mult"": 1.0, ""be_pct"": 0.05, ""tp_mult"": 1.6, ""trail_arm"": 2.0, ""trail_mult"": 1.5}",full,full,,0.090460380352105,0.3191290234862525,,,,,,False,gate2_tuned_modeB.csv,-0.0550301260173602,0.3624377109527457,104,1.8283111228390243,-0.0738907444814867,94,0.8619669202418294,-0.0747710914472897,62,0.8686916445749087,True,0.018860618464126504,0.019300791947028002
volatility_quality_signals,donchian_breakout_signals,efficiency_ratio_volume_signals,sma_baseline,adx_dmi_exit,trend,A,False,-0.1177275395260151,-18.60095124511039,0.6566166814514898,0.2594936708860759,-2.7692831712742176,-19.658978624409915,18.1009512451104,12.209480244799035,-1.0276228576735744,158,98,60,5,1.0,0.13,1.1,1.0,1.05,"{""base"": {""length"": 16}, ""c1"": {""atr_pct"": 0.075, ""smooth"": 10}, ""c2"": {""length"": 57}, ""exit_ind"": {""adx_smoothing"": 14, ""adx_threshold"": 25, ""di_length"": 14}, ""vol"": {""er_threshold"": 0.369854, ""length"": 10}}","{""base"": {""length"": 200}, ""c1"": {""atr_pct"": 0.060835, ""smooth"": 10}, ""c2"": {""length"": 37}, ""exit_ind"": {""adx_smoothing"": 14, ""adx_threshold"": 25, ""di_length"": 14}, ""vol"": {""er_threshold"": 0.562145, ""length"": 4}}","{""atr_len"": 50, ""atr_mult"": 1.0, ""be_pct"": 0.05, ""tp_mult"": 3.0, ""trail_arm"": 2.0, ""trail_mult"": 0.5}",full,full,,0.2661684961822252,0.9745113704218986,,,,,,False,gate2_tuned_modeA_trend.csv,-0.079791769928434,0.4280776373342947,104,2.6580044766374353,-0.0985472996638509,98,0.7354504990404623,-0.1490552646342166,60,0.4936888169428,True,0.0187555297354169,0.04400951222059975
waddah_attar_explosion_signals,coppock_curve_signals,choppiness_index_volume_signals,vidya,adx_dmi_exit,chop,B,False,-0.0773849154617219,-23.215474638516593,0.8509915425238294,0.2233333333333333,-0.9898848434471385,-3.7554020410163584,46.5457576558137,25.532694414251303,-0.4987667148998897,300,239,61,8,1.0,0.05,2.7,2.0,1.5,"{""base"": {""vda_length"": 6}, ""c1"": {""bbLen"": 132, ""bbStd"": 13, ""fastEma"": 200, ""sensitivity"": 23, ""slowEma"": 49}, ""c2"": {""long_roc"": 14, ""short_roc"": 11, ""smooth_len"": 10}, ""exit_ind"": {""adx_smoothing"": 14, ""adx_threshold"": 25, ""di_length"": 14}, ""vol"": {""ci_threshold"": 61.8, ""length"": 17}}","{""base"": {""vda_length"": 9}, ""c1"": {""bbLen"": 200, ""bbStd"": 2, ""fastEma"": 200, ""sensitivity"": 987, ""slowEma"": 49}, ""c2"": {""long_roc"": 14, ""short_roc"": 14, ""smooth_len"": 8}, ""exit_ind"": {""adx_smoothing"": 14, ""adx_threshold"": 25, ""di_length"": 14}, ""vol"": {""ci_threshold"": 61.8, ""length"": 40}}","{""atr_len"": 3, ""atr_mult"": 1.0, ""be_pct"": 0.05, ""tp_mult"": 2.6, ""trail_arm"": 2.0, ""trail_mult"": 1.5}",full,full,,0.0607230642548993,0.4367088575224002,,,,,,False,gate2_tuned_modeB.csv,-0.0550301260173602,0.2757947980928065,270,1.6462054862853672,-0.073706307421677,239,0.857534895435138,-0.0917978223727175,61,0.825825376001397,True,0.018676181404316795,0.027721938879837045
laguerre_filter_signals,halftrend_signals,chaikin_volatility_volume_signals,mcginley_dynamic_index,adx_dmi_exit,trend,A,False,-0.1327402452212749,-36.10534670018677,0.6238790618343069,0.2316176470588235,-2.760688569104346,-20.664172611999696,38.35262784783986,20.15471197553274,-0.9414047674498616,272,70,202,24,1.0,0.18,2.85,1.85,1.65,"{""base"": {""mci_length"": 17}, ""c1"": {""alpha"": 0.2}, ""c2"": {""amplitude"": 94}, ""exit_ind"": {""adx_smoothing"": 14, ""adx_threshold"": 25, ""di_length"": 14}, ""vol"": {""cvi_len"": 28, ""roc_len"": 34}}","{""base"": {""mci_length"": 40}, ""c1"": {""alpha"": 0.374763}, ""c2"": {""amplitude"": 62}, ""exit_ind"": {""adx_smoothing"": 14, ""adx_threshold"": 25, ""di_length"": 14}, ""vol"": {""cvi_len"": 100, ""roc_len"": 34}}","{""atr_len"": 36, ""atr_mult"": 1.0, ""be_pct"": 0.01, ""tp_mult"": 2.4, ""trail_arm"": 1.0, ""trail_mult"": 0.7}",full,full,,0.1734210613162297,0.3239214469794317,,,,,,False,gate2_tuned_modeA_trend.csv,-0.079791769928434,0.2795107051691396,118,2.204151114928128,-0.0982254232705369,70,0.7052805053647636,-0.144700827085392,202,0.5977438836719614,True,0.01843365334210291,0.04167135524953046
ichimoku_signals,parabolic_sar_signals,choppiness_index_volume_signals,mcginley_dynamic_index,adx_dmi_exit,trend,A,False,-0.1587410726460582,-30.795768093335298,0.566256787417813,0.2422680412371134,-4.1566274066326585,,34.82836324391153,17.152010755681864,-0.8842151977589361,194,134,60,2,1.0,0.05,2.85,1.0,1.9,"{""base"": {""mci_length"": 5}, ""c1"": {""base_len"": 14, ""conversion_len"": 39, ""displacement"": 49, ""span_b_len"": 520}, ""c2"": {""sar_increment"": 0.016223, ""sar_maximum"": 0.2, ""sar_start"": 0.02}, ""exit_ind"": {""adx_smoothing"": 14, ""adx_threshold"": 25, ""di_length"": 14}, ""vol"": {""ci_threshold"": 50.127885, ""length"": 14}}","{""base"": {""mci_length"": 40}, ""c1"": {""base_len"": 32, ""conversion_len"": 9, ""displacement"": 32, ""span_b_len"": 52}, ""c2"": {""sar_increment"": 0.007022, ""sar_maximum"": 0.046203, ""sar_start"": 0.024657}, ""exit_ind"": {""adx_smoothing"": 14, ""adx_threshold"": 25, ""di_length"": 14}, ""vol"": {""ci_threshold"": 61.8, ""length"": 14}}","{""atr_len"": 50, ""atr_mult"": 1.29, ""be_pct"": 0.05, ""tp_mult"": 1.8, ""trail_arm"": 1.3, ""trail_mult"": 0.5}",full,full,,0.2446743513999845,1.9727602186713693,,,,,,False,gate2_tuned_modeA_trend.csv,-0.079791769928434,0.3290560572445712,136,2.5702324135179517,-0.0981043197053125,134,0.7012277536247299,-0.2941631542137235,60,0.3463041017472822,True,0.018312549776878503,0.11634196703108403
halftrend_signals,kase_peak_oscillator_signals,chaikin_volatility_volume_signals,ema_baseline,adx_dmi_exit,trend,A,False,-0.1331356463394405,-25.82831538985147,0.6592512827607936,0.1804123711340206,-2.5490952412450345,-42.185381144260234,39.01827661777703,20.379402169982423,-0.661954284728298,194,136,58,2,1.0,0.18,2.9,1.0,1.55,"{""base"": {""ma_length"": 37}, ""c1"": {""amplitude"": 27}, ""c2"": {""long_cycle"": 35, ""sharpness"": 40, ""short_cycle"": 6}, ""exit_ind"": {""adx_smoothing"": 14, ""adx_threshold"": 25, ""di_length"": 14}, ""vol"": {""cvi_len"": 28, ""roc_len"": 15}}","{""base"": {""ma_length"": 25}, ""c1"": {""amplitude"": 27}, ""c2"": {""long_cycle"": 15, ""sharpness"": 40, ""short_cycle"": 8}, ""exit_ind"": {""adx_smoothing"": 14, ""adx_threshold"": 25, ""di_length"": 14}, ""vol"": {""cvi_len"": 12, ""roc_len"": 15}}","{""atr_len"": 47, ""atr_mult"": 1.0, ""be_pct"": 0.06, ""tp_mult"": 3.0, ""trail_arm"": 1.9, ""trail_mult"": 2.0}",full,full,,0.2065592228506734,0.9805970414491324,,,,,,False,gate2_tuned_modeA_trend.csv,-0.079791769928434,0.3172607871573882,144,2.084818848798515,-0.098067059580327,136,0.7483562244731233,-0.2153654359814997,58,0.4521097129053488,True,0.018275289651893012,0.07692447785247937
schaff_trend_cycle_signals,dpo_signals,efficiency_ratio_volume_signals,mcginley_dynamic_index,adx_dmi_exit,trend,A,False,-0.1689368348164087,-28.04351457952386,0.5110105554558235,0.2228915662650602,-4.016092592819305,-22.547576511438805,36.81122579566844,19.708583374800227,-0.7618196344557405,166,96,70,3,1.0,0.01,2.0,1.1,0.75,"{""base"": {""mci_length"": 17}, ""c1"": {""cycleLen"": 10, ""d1"": 3, ""d2"": 3, ""lowerBand"": 9, ""macdFast"": 12, ""macdSlow"": 62, ""stc_midline"": 62, ""upperBand"": 75}, ""c2"": {""len"": 62}, ""exit_ind"": {""adx_smoothing"": 14, ""adx_threshold"": 25, ""di_length"": 14}, ""vol"": {""er_threshold"": 0.369854, ""length"": 10}}","{""base"": {""mci_length"": 11}, ""c1"": {""cycleLen"": 10, ""d1"": 13, ""d2"": 3, ""lowerBand"": 9, ""macdFast"": 23, ""macdSlow"": 62, ""stc_midline"": 18, ""upperBand"": 75}, ""c2"": {""len"": 50}, ""exit_ind"": {""adx_smoothing"": 14, ""adx_threshold"": 25, ""di_length"": 14}, ""vol"": {""er_threshold"": 0.243339, ""length"": 10}}","{""atr_len"": 21, ""atr_mult"": 1.0, ""be_pct"": 0.17, ""tp_mult"": 2.3, ""trail_arm"": 2.0, ""trail_mult"": 1.4}",full,full,,0.3526914304426164,1.0453823473404087,,,,,,False,gate2_tuned_modeA_trend.csv,-0.079791769928434,0.4377246972596093,110,3.2498000981185133,-0.097939264171241,96,0.7019880071642199,-0.2663049317012103,70,0.2774757619502663,True,0.01814749424280701,0.10233032800779164
kalman_filter_signals,fx_sniper_ergodic_cci_signals,vertical_horizontal_filter_volume_signals,vidya,adx_dmi_exit,trend,A,False,-0.1097095501344356,-37.95950434651474,0.6655782904068013,0.2572254335260115,-2.8838368596871726,-24.20999771405913,43.84321224776228,23.600558725285488,-0.8658011673962636,346,274,72,3,1.0,0.01,1.95,1.55,1.75,"{""base"": {""vda_length"": 9}, ""c1"": {""k"": 3, ""sharpness"": 10}, ""c2"": {""cci_length"": 14, ""ema1_length"": 5, ""ema2_length"": 3, ""trigger_length"": 4}, ""exit_ind"": {""adx_smoothing"": 14, ""adx_threshold"": 25, ""di_length"": 14}, ""vol"": {""length"": 52, ""vhf_threshold"": 0.35}}","{""base"": {""vda_length"": 9}, ""c1"": {""k"": 2, ""sharpness"": 7}, ""c2"": {""cci_length"": 14, ""ema1_length"": 6, ""ema2_length"": 3, ""trigger_length"": 4}, ""exit_ind"": {""adx_smoothing"": 14, ""adx_threshold"": 25, ""di_length"": 14}, ""vol"": {""length"": 28, ""vhf_threshold"": 0.283896}}","{""atr_len"": 5, ""atr_mult"": 1.1, ""be_pct"": 0.01, ""tp_mult"": 1.7, ""trail_arm"": 1.5, ""trail_mult"": 0.5}",full,full,,0.0334334441681983,0.5059590845272709,,,,,,False,gate2_tuned_modeA_trend.csv,-0.079791769928434,0.2531960679686538,312,2.205158145822888,-0.0978473356668334,274,0.7009914231370049,-0.1548518663028107,72,0.5324118355992763,True,0.018055565738399407,0.04655783105638807
center_of_gravity_signals,kase_peak_oscillator_signals,efficiency_ratio_volume_signals,super_smoother_2pole_baseline,adx_dmi_exit,chop,B,False,-0.0906413530740663,-16.587367612554132,0.8429073377065356,0.2295081967213114,-1.0782523756739557,-4.827913487640039,29.83134092737456,18.648708414210805,-0.5560382837947733,183,116,67,48,1.0,0.05,2.15,2.0,1.5,"{""base"": {""cutoff_period"": 12}, ""c1"": {""length"": 12, ""signal_length"": 2}, ""c2"": {""long_cycle"": 650, ""sharpness"": 40, ""short_cycle"": 53}, ""exit_ind"": {""adx_smoothing"": 14, ""adx_threshold"": 25, ""di_length"": 14}, ""vol"": {""er_threshold"": 0.562145, ""length"": 10}}","{""base"": {""cutoff_period"": 150}, ""c1"": {""length"": 66, ""signal_length"": 3}, ""c2"": {""long_cycle"": 185, ""sharpness"": 40, ""short_cycle"": 80}, ""exit_ind"": {""adx_smoothing"": 14, ""adx_threshold"": 25, ""di_length"": 14}, ""vol"": {""er_threshold"": 0.369854, ""length"": 5}}","{""atr_len"": 3, ""atr_mult"": 1.0, ""be_pct"": 0.05, ""tp_mult"": 3.0, ""trail_arm"": 2.0, ""trail_mult"": 1.5}",full,full,,-0.009649304404046,0.2839019924623274,,,,,,False,gate2_tuned_modeB.csv,-0.0550301260173602,0.4455885018336303,139,1.8746924531134144,-0.1007885471975487,116,0.8400188606369865,-0.0730730766811713,67,0.8494005629096931,True,0.0180429506638111,0.0319006859219998
mama_fama_signals,coral_signals,fractal_dimension_volume_signals,rma_baseline,adx_dmi_exit,trend,A,False,-0.1408493206574741,-18.31041168547164,0.6102238193544295,0.1769230769230769,-3.07284773323694,-17.571338610150015,17.81041168547165,9.131244020164884,-1.0280734667356315,130,62,68,4,1.05,0.01,2.25,1.95,0.6,"{""base"": {""ma_length"": 11}, ""c1"": {""fast_limit"": 0.5, ""slow_limit"": 0.142402}, ""c2"": {""const_d"": 92, ""smooth_period"": 12}, ""exit_ind"": {""adx_smoothing"": 14, ""adx_threshold"": 25, ""di_length"": 14}, ""vol"": {""fd_threshold"": 1.5, ""length"": 16}}","{""base"": {""ma_length"": 25}, ""c1"": {""fast_limit"": 0.405565, ""slow_limit"": 0.05}, ""c2"": {""const_d"": 40, ""smooth_period"": 12}, ""exit_ind"": {""adx_smoothing"": 14, ""adx_threshold"": 25, ""di_length"": 14}, ""vol"": {""fd_threshold"": 1.5, ""length"": 3}}","{""atr_len"": 35, ""atr_mult"": 1.0, ""be_pct"": 0.01, ""tp_mult"": 2.65, ""trail_arm"": 1.0, ""trail_mult"": 1.25}",full,full,,0.2453276349472745,0.74511516743256,,,,,,False,gate2_tuned_modeA_trend.csv,-0.079791769928434,0.5095680772617628,122,3.220260908069109,-0.0977798775854074,62,0.7348064480372332,-0.1801185187525938,68,0.4921321894982595,True,0.01798810765697341,0.05915742824056659
halftrend_signals,rex_oscillator_signals,damiani_volatmeter_volume_signals,hma_baseline,adx_dmi_exit,trend,A,False,-0.1715893202011553,-34.31786404023107,0.5535438482722785,0.18,-3.908798597834589,-37.803668048903546,34.79286404023111,20.42241605502083,-0.9863477752377386,200,56,144,2,1.0,0.12,3.0,2.0,1.95,"{""base"": {""ma_length"": 20}, ""c1"": {""amplitude"": 94}, ""c2"": {""almaOffset"": 0.85, ""almaSigma"": 6, ""framaFast"": 34, ""framaSlow"": 89, ""jurikPhase"": 1, ""jurikPower"": 1, ""lsOffset"": 0, ""modFBW"": 0.5, ""modFilter"": 0.8, ""sigAlmaOff"": 0.85, ""sigAlmaSig"": 6, ""sigFramaFast"": 34, ""sigFramaSlow"": 89, ""sigJurikPhase"": 1, ""sigJurikPower"": 1, ""sigLsOff"": 0, ""sigModFBW"": 0.5, ""sigModFilter"": 0.8, ""sigSmooth"": 22, ""sigVolAdj"": 10, ""smooth"": 14, ""volAdj"": 10}, ""exit_ind"": {""adx_smoothing"": 14, ""adx_threshold"": 25, ""di_length"": 14}, ""vol"": {""lag"": 1.4, ""sedimentation"": 50, ""threshold"": 1.4, ""viscosity"": 6}}","{""base"": {""ma_length"": 20}, ""c1"": {""amplitude"": 142}, ""c2"": {""almaOffset"": 0.85, ""almaSigma"": 6, ""framaFast"": 34, ""framaSlow"": 89, ""jurikPhase"": 1, ""jurikPower"": 1, ""lsOffset"": 0, ""modFBW"": 0.5, ""modFilter"": 0.8, ""sigAlmaOff"": 0.85, ""sigAlmaSig"": 6, ""sigFramaFast"": 34, ""sigFramaSlow"": 89, ""sigJurikPhase"": 1, ""sigJurikPower"": 1, ""sigLsOff"": 0, ""sigModFBW"": 0.5, ""sigModFilter"": 0.8, ""sigSmooth"": 22, ""sigVolAdj"": 10, ""smooth"": 14, ""volAdj"": 10}, ""exit_ind"": {""adx_smoothing"": 14, ""adx_threshold"": 25, ""di_length"": 14}, ""vol"": {""lag"": 1.4, ""sedimentation"": 94, ""threshold"": 1.725985, ""viscosity"": 7}}","{""atr_len"": 47, ""atr_mult"": 1.0, ""be_pct"": 0.05, ""tp_mult"": 2.95, ""trail_arm"": 1.9, ""trail_mult"": 1.15}",full,full,,0.2239418428900825,0.4362608420469659,,,,,,False,gate2_tuned_modeA_trend.csv,-0.079791769928434,0.6603856336347489,126,3.87152884826776,-0.3614029166666911,56,0.1794144641710904,-0.0977729215756692,144,0.7303007291479593,True,0.01798115164723521,0.14979614919274614
kuskus_starlight_signals,fx_sniper_ergodic_cci_signals,chaikin_volatility_volume_signals,tma_baseline,adx_dmi_exit,trend,A,False,-0.1052072587688254,-20.41020820115213,0.7204081068335326,0.1958762886597938,-1.990211439743515,,28.72594551918804,15.17985400194221,-0.7105147570344985,194,120,74,4,1.0,0.01,1.65,2.0,0.5,"{""base"": {""length"": 37}, ""c1"": {""index_smooth"": 0.373569, ""price_smooth"": 0.106394, ""range_periods"": 85}, ""c2"": {""cci_length"": 61, ""ema1_length"": 5, ""ema2_length"": 3, ""trigger_length"": 5}, ""exit_ind"": {""adx_smoothing"": 14, ""adx_threshold"": 25, ""di_length"": 14}, ""vol"": {""cvi_len"": 12, ""roc_len"": 12}}","{""base"": {""length"": 16}, ""c1"": {""index_smooth"": 0.7, ""price_smooth"": 0.161709, ""range_periods"": 56}, ""c2"": {""cci_length"": 17, ""ema1_length"": 5, ""ema2_length"": 3, ""trigger_length"": 14}, ""exit_ind"": {""adx_smoothing"": 14, ""adx_threshold"": 25, ""di_length"": 14}, ""vol"": {""cvi_len"": 12, ""roc_len"": 10}}","{""atr_len"": 6, ""atr_mult"": 1.0, ""be_pct"": 0.01, ""tp_mult"": 2.45, ""trail_arm"": 2.0, ""trail_mult"": 1.75}",full,full,,0.1544710789955145,0.6450536234868308,,,,,,False,gate2_tuned_modeA_trend.csv,-0.079791769928434,0.4748417922178369,108,2.8993671688713474,-0.0975244179255567,120,0.7510014861475146,-0.1176659195957475,74,0.6651046903813342,True,0.017732647997122708,0.027803398832218107
ehlers_reverse_ema_signals,kalman_filter_signals,waddah_attar_explosion_volume_signals,fantail_vma,adx_dmi_exit,chop,B,False,-0.1321277662826881,-28.671725283343317,0.7846343128319507,0.216589861751152,-1.5866427780251784,-7.353912762686376,40.38481920041097,19.955635165106568,-0.7099629477368452,217,114,103,15,1.0,0.05,1.95,2.0,1.5,"{""base"": {""fma_adx_length"": 2, ""fma_ma_length"": 39, ""fma_weighting"": 8}, ""c1"": {""alpha"": 0.432876}, ""c2"": {""k"": 1, ""sharpness"": 1}, ""exit_ind"": {""adx_smoothing"": 14, ""adx_threshold"": 25, ""di_length"": 14}, ""vol"": {""bbLen"": 132, ""bbStd"": 9, ""fastEma"": 87, ""sensitivity"": 427, ""slowEma"": 75}}","{""base"": {""fma_adx_length"": 2, ""fma_ma_length"": 60, ""fma_weighting"": 19}, ""c1"": {""alpha"": 0.187382}, ""c2"": {""k"": 1, ""sharpness"": 10}, ""exit_ind"": {""adx_smoothing"": 14, ""adx_threshold"": 25, ""di_length"": 14}, ""vol"": {""bbLen"": 20, ""bbStd"": 2, ""fastEma"": 11, ""sensitivity"": 122, ""slowEma"": 400}}","{""atr_len"": 39, ""atr_mult"": 1.0, ""be_pct"": 0.05, ""tp_mult"": 2.95, ""trail_arm"": 2.0, ""trail_mult"": 1.5}",full,full,,-0.0256716167971234,0.4937077980935217,,,,,,False,gate2_tuned_modeB.csv,-0.0550301260173602,0.371278988790121,105,1.7730508110112635,-0.0726941272770299,114,0.8832974000607484,-0.1979086871239019,103,0.6718500095832163,True,0.017664001259669694,0.0802712811831057
chandelier_exit_signals,supertrend_signals,chaikin_volatility_volume_signals,sma_baseline,adx_dmi_exit,trend,A,False,-0.1589417398034109,-39.09966799163908,0.6055015693451326,0.1626016260162601,-3.317790793115734,-34.68260253999492,38.59966799163911,19.609365148123768,-1.0129534792917978,246,114,132,3,1.0,0.18,2.9,1.55,1.6,"{""base"": {""length"": 25}, ""c1"": {""atr_mult"": 9, ""atr_period"": 8}, ""c2"": {""atr_period"": 10, ""factor"": 3}, ""exit_ind"": {""adx_smoothing"": 14, ""adx_threshold"": 25, ""di_length"": 14}, ""vol"": {""cvi_len"": 28, ""roc_len"": 12}}","{""base"": {""length"": 200}, ""c1"": {""atr_mult"": 3, ""atr_period"": 12}, ""c2"": {""atr_period"": 100, ""factor"": 4}, ""exit_ind"": {""adx_smoothing"": 14, ""adx_threshold"": 25, ""di_length"": 14}, ""vol"": {""cvi_len"": 12, ""roc_len"": 12}}","{""atr_len"": 50, ""atr_mult"": 1.0, ""be_pct"": 0.01, ""tp_mult"": 3.0, ""trail_arm"": 1.0, ""trail_mult"": 1.25}",full,full,,0.088619238707438,0.4956299234057342,,,,,,False,gate2_tuned_modeA_trend.csv,-0.079791769928434,0.4521136602612938,100,2.6346070620578126,-0.0973287868973988,114,0.748366248581255,-0.2121529264040577,132,0.4910049237986871,True,0.0175370169689648,0.07494908672229424
supertrend_signals,waddah_attar_explosion_signals,volatility_ratio_volume_signals,tma_baseline,adx_dmi_exit,trend,A,False,-0.1388171650624625,-36.92536590661505,0.6232105519733158,0.2368421052631578,-3.3223436463955687,,46.08742840055199,28.586175917992072,-0.8012025662549831,266,134,132,5,1.0,0.01,2.1,1.55,2.0,"{""base"": {""length"": 16}, ""c1"": {""atr_period"": 5, ""factor"": 6}, ""c2"": {""bbLen"": 20, ""bbStd"": 2, ""fastEma"": 20, ""sensitivity"": 35, ""slowEma"": 32}, ""exit_ind"": {""adx_smoothing"": 14, ""adx_threshold"": 25, ""di_length"": 14}, ""vol"": {""length"": 2}}","{""base"": {""length"": 16}, ""c1"": {""atr_period"": 10, ""factor"": 3}, ""c2"": {""bbLen"": 200, ""bbStd"": 2, ""fastEma"": 20, ""sensitivity"": 80, ""slowEma"": 40}, ""exit_ind"": {""adx_smoothing"": 14, ""adx_threshold"": 25, ""di_length"": 14}, ""vol"": {""length"": 3}}","{""atr_len"": 18, ""atr_mult"": 1.0, ""be_pct"": 0.01, ""tp_mult"": 1.5, ""trail_arm"": 1.0, ""trail_mult"": 0.5}",full,full,,-0.0102948198270583,0.3009125900353415,,,,,,False,gate2_tuned_modeA_trend.csv,-0.079791769928434,0.2943395419930388,130,2.561801651391636,-0.1797040220180712,134,0.5183932209915693,-0.0973108102741932,132,0.7323952717459686,True,0.0175190403457592,0.05871564621769822
halftrend_signals,fisher_transform_signals,damiani_volatmeter_volume_signals,fantail_vma,adx_dmi_exit,trend,A,False,-0.1155226859073117,-36.04307800308126,0.6920577971738819,0.1858974358974359,-2.417053152560129,-25.897733388036848,40.60548911118902,21.323056116766153,-0.8876405331403687,312,128,184,44,1.0,0.04,2.85,1.95,2.0,"{""base"": {""fma_adx_length"": 4, ""fma_ma_length"": 26, ""fma_weighting"": 8}, ""c1"": {""amplitude"": 27}, ""c2"": {""length"": 8}, ""exit_ind"": {""adx_smoothing"": 14, ""adx_threshold"": 25, ""di_length"": 14}, ""vol"": {""lag"": 1.4, ""sedimentation"": 50, ""threshold"": 1.4, ""viscosity"": 7}}","{""base"": {""fma_adx_length"": 2, ""fma_ma_length"": 2, ""fma_weighting"": 8}, ""c1"": {""amplitude"": 12}, ""c2"": {""length"": 12}, ""exit_ind"": {""adx_smoothing"": 14, ""adx_threshold"": 25, ""di_length"": 14}, ""vol"": {""lag"": 1.4, ""sedimentation"": 62, ""threshold"": 1.725985, ""viscosity"": 6}}","{""atr_len"": 36, ""atr_mult"": 1.0, ""be_pct"": 0.05, ""tp_mult"": 3.0, ""trail_arm"": 1.75, ""trail_mult"": 0.95}",full,full,,0.1778375475388456,0.3691768541573218,,,,,,False,gate2_tuned_modeA_trend.csv,-0.079791769928434,0.4387382376782897,186,2.6293667763306763,-0.0971147730838713,128,0.7266766086881433,-0.1283281904801398,184,0.670057475954303,True,0.017323003155437305,0.03292971185357156
center_of_gravity_signals,schaff_trend_cycle_signals,variance_volume_signals,rma_baseline,adx_dmi_exit,chop,B,False,-0.0724361290181122,-20.13724386703521,0.8725338281768785,0.2230215827338129,-0.8758730928568652,-3.494078577850324,45.26110474124599,27.85955973106481,-0.4449127784696855,278,176,102,32,1.0,0.05,2.3,2.0,1.5,"{""base"": {""ma_length"": 20}, ""c1"": {""length"": 12, ""signal_length"": 3}, ""c2"": {""cycleLen"": 12, ""d1"": 13, ""d2"": 2, ""lowerBand"": 25, ""macdFast"": 12, ""macdSlow"": 50, ""stc_midline"": 27, ""upperBand"": 75}, ""exit_ind"": {""adx_smoothing"": 14, ""adx_threshold"": 25, ""di_length"": 14}, ""vol"": {""ema_len"": 43, ""filter_lookback"": 2, ""hline"": 0, ""lookback"": 87}}","{""base"": {""ma_length"": 20}, ""c1"": {""length"": 10, ""signal_length"": 6}, ""c2"": {""cycleLen"": 10, ""d1"": 2, ""d2"": 3, ""lowerBand"": 25, ""macdFast"": 19, ""macdSlow"": 329, ""stc_midline"": 50, ""upperBand"": 75}, ""exit_ind"": {""adx_smoothing"": 14, ""adx_threshold"": 25, ""di_length"": 14}, ""vol"": {""ema_len"": 10, ""filter_lookback"": 7, ""hline"": 0, ""lookback"": 132}}","{""atr_len"": 24, ""atr_mult"": 1.0, ""be_pct"": 0.05, ""tp_mult"": 2.6, ""trail_arm"": 2.0, ""trail_mult"": 1.5}",full,full,,-0.0015952497743746,0.3828042543750631,,,,,,False,gate2_tuned_modeB.csv,-0.0550301260173602,0.3441523091174677,213,1.7685357031465976,-0.0722573820799497,176,0.8725241779368007,-0.0727445551074905,102,0.8725503646587995,True,0.017227256062589492,0.017470842576359898
polychromatic_momentum_signals,rex_oscillator_signals,variance_volume_signals,ema_baseline,adx_dmi_exit,trend,A,False,-0.1131854130675621,-43.463198617943874,0.6724430260726619,0.2447916666666666,-2.582419406413721,-19.419961654917277,43.30245323623225,22.816448967695564,-1.003712154155209,384,326,58,2,1.0,0.09,3.0,1.0,2.0,"{""base"": {""ma_length"": 20}, ""c1"": {""len"": 11}, ""c2"": {""almaOffset"": 0.85, ""almaSigma"": 6, ""framaFast"": 34, ""framaSlow"": 89, ""jurikPhase"": 1, ""jurikPower"": 1, ""lsOffset"": 0, ""modFBW"": 0.5, ""modFilter"": 0.8, ""sigAlmaOff"": 0.85, ""sigAlmaSig"": 6, ""sigFramaFast"": 34, ""sigFramaSlow"": 89, ""sigJurikPhase"": 1, ""sigJurikPower"": 1, ""sigLsOff"": 0, ""sigModFBW"": 0.5, ""sigModFilter"": 0.8, ""sigSmooth"": 18, ""sigVolAdj"": 10, ""smooth"": 61, ""volAdj"": 10}, ""exit_ind"": {""adx_smoothing"": 14, ""adx_threshold"": 25, ""di_length"": 14}, ""vol"": {""ema_len"": 12, ""filter_lookback"": 200, ""hline"": 0, ""lookback"": 20}}","{""base"": {""ma_length"": 20}, ""c1"": {""len"": 14}, ""c2"": {""almaOffset"": 0.85, ""almaSigma"": 6, ""framaFast"": 34, ""framaSlow"": 89, ""jurikPhase"": 1, ""jurikPower"": 1, ""lsOffset"": 0, ""modFBW"": 0.5, ""modFilter"": 0.8, ""sigAlmaOff"": 0.85, ""sigAlmaSig"": 6, ""sigFramaFast"": 34, ""sigFramaSlow"": 89, ""sigJurikPhase"": 1, ""sigJurikPower"": 1, ""sigLsOff"": 0, ""sigModFBW"": 0.5, ""sigModFilter"": 0.8, ""sigSmooth"": 22, ""sigVolAdj"": 10, ""smooth"": 14, ""volAdj"": 10}, ""exit_ind"": {""adx_smoothing"": 14, ""adx_threshold"": 25, ""di_length"": 14}, ""vol"": {""ema_len"": 8, ""filter_lookback"": 3, ""hline"": 0, ""lookback"": 3}}","{""atr_len"": 44, ""atr_mult"": 1.0, ""be_pct"": 0.01, ""tp_mult"": 1.8, ""trail_arm"": 1.45, ""trail_mult"": 0.85}",full,full,,0.0837752061133626,1.5093766738608638,,,,,,False,gate2_tuned_modeA_trend.csv,-0.079791769928434,0.2289702329343165,394,1.986678268577872,-0.0969089609262531,326,0.7158816566176982,-0.2046702992411267,58,0.4477310689559959,True,0.01711719099781911,0.0709978601552559
ehlers_reverse_ema_signals,mama_fama_signals,variance_volume_signals,lsma_baseline,adx_dmi_exit,trend,A,False,-0.1010088219750505,-30.50466423646527,0.7035842749323383,0.2251655629139073,-2.2755064953578747,-14.8674708285093,35.65294556412921,22.47945896294975,-0.8556001125235589,302,98,204,3,1.2,0.2,2.4,2.0,2.0,"{""base"": {""length"": 37, ""lsma_offset"": 0}, ""c1"": {""alpha"": 0.1}, ""c2"": {""fast_limit"": 0.075996, ""slow_limit"": 0.026683}, ""exit_ind"": {""adx_smoothing"": 14, ""adx_threshold"": 25, ""di_length"": 14}, ""vol"": {""ema_len"": 10, ""filter_lookback"": 20, ""hline"": 0, ""lookback"": 20}}","{""base"": {""length"": 200, ""lsma_offset"": 0}, ""c1"": {""alpha"": 0.035112}, ""c2"": {""fast_limit"": 3.289666, ""slow_limit"": 0.142402}, ""exit_ind"": {""adx_smoothing"": 14, ""adx_threshold"": 25, ""di_length"": 14}, ""vol"": {""ema_len"": 100, ""filter_lookback"": 200, ""hline"": 0, ""lookback"": 7}}","{""atr_len"": 26, ""atr_mult"": 1.0, ""be_pct"": 0.08, ""tp_mult"": 2.6, ""trail_arm"": 1.0, ""trail_mult"": 1.6}",full,full,,0.0894801092522329,0.2635312723594669,,,,,,False,gate2_tuned_modeA_trend.csv,-0.079791769928434,0.448986336625103,100,2.8343376457119396,-0.1096125220123627,98,0.724688969859393,-0.0968756719571261,204,0.6906963851420094,True,0.017083902028692102,0.02345232705631041
fisher_transform_signals,donchian_breakout_signals,variance_volume_signals,rma_baseline,adx_dmi_exit,chop,B,False,-0.0917075902645088,-26.68690876697206,0.8518095487654258,0.1890034364261168,-1.0197077810955886,-4.943525800737456,41.343238097444505,24.730112806049195,-0.6454963373713493,291,156,135,27,1.0,0.05,2.95,2.0,1.5,"{""base"": {""ma_length"": 200}, ""c1"": {""length"": 10}, ""c2"": {""length"": 87}, ""exit_ind"": {""adx_smoothing"": 14, ""adx_threshold"": 25, ""di_length"": 14}, ""vol"": {""ema_len"": 12, ""filter_lookback"": 20, ""hline"": 0, ""lookback"": 7}}","{""base"": {""ma_length"": 200}, ""c1"": {""length"": 4}, ""c2"": {""length"": 16}, ""exit_ind"": {""adx_smoothing"": 14, ""adx_threshold"": 25, ""di_length"": 14}, ""vol"": {""ema_len"": 10, ""filter_lookback"": 7, ""hline"": 0, ""lookback"": 25}}","{""atr_len"": 37, ""atr_mult"": 1.0, ""be_pct"": 0.05, ""tp_mult"": 2.75, ""trail_arm"": 2.0, ""trail_mult"": 1.5}",full,full,,0.0604280066689469,0.3432517566802646,,,,,,False,gate2_tuned_modeB.csv,-0.0550301260173602,0.4440510428859973,131,1.887027991270344,-0.1086707223556196,156,0.8297089565291346,-0.0721057487370029,135,0.879128781515504,True,0.017075622719642698,0.035358109528951055
volatility_quality_signals,mama_fama_signals,variance_volume_signals,ema_baseline,adx_dmi_exit,trend,A,False,-0.1202806848036313,-28.626802983264255,0.6830863414546298,0.1974789915966386,-2.4643274850830665,-23.683646304703025,29.657459026571136,16.659413517401216,-0.9652479990823396,238,154,84,3,1.0,0.2,1.75,1.0,1.6,"{""base"": {""ma_length"": 37}, ""c1"": {""atr_pct"": 0.075, ""smooth"": 10}, ""c2"": {""fast_limit"": 0.266835, ""slow_limit"": 0.093691}, ""exit_ind"": {""adx_smoothing"": 14, ""adx_threshold"": 25, ""di_length"": 14}, ""vol"": {""ema_len"": 12, ""filter_lookback"": 20, ""hline"": 0, ""lookback"": 132}}","{""base"": {""ma_length"": 20}, ""c1"": {""atr_pct"": 0.075, ""smooth"": 19}, ""c2"": {""fast_limit"": 0.17556, ""slow_limit"": 0.328967}, ""exit_ind"": {""adx_smoothing"": 14, ""adx_threshold"": 25, ""di_length"": 14}, ""vol"": {""ema_len"": 5, ""filter_lookback"": 87, ""hline"": 0, ""lookback"": 25}}","{""atr_len"": 27, ""atr_mult"": 1.0, ""be_pct"": 0.05, ""tp_mult"": 2.7, ""trail_arm"": 1.3, ""trail_mult"": 1.25}",full,full,,0.216479993927733,0.5105486144729403,,,,,,False,gate2_tuned_modeA_trend.csv,-0.079791769928434,0.3678069731523871,168,2.3507173169620046,-0.0967665781276097,154,0.7537166367216156,-0.1633898803763375,84,0.5397811073736319,True,0.01697480819917571,0.0502864593235396
qqe_mod_signals,halftrend_signals,variance_volume_signals,lsma_baseline,adx_dmi_exit,trend,A,False,-0.113694129866267,-40.92988675185612,0.6945530839413725,0.2222222222222222,-2.5005927010392996,,41.98423685697126,24.109741040880195,-0.9748870008354082,360,184,176,32,1.0,0.01,2.45,1.55,1.15,"{""base"": {""length"": 37, ""lsma_offset"": 0}, ""c1"": {""fast_factor"": 6.969306, ""rsi_len"": 14, ""rsi_period"": 39}, ""c2"": {""amplitude"": 500}, ""exit_ind"": {""adx_smoothing"": 14, ""adx_threshold"": 25, ""di_length"": 14}, ""vol"": {""ema_len"": 8, ""filter_lookback"": 16, ""hline"": 0, ""lookback"": 132}}","{""base"": {""length"": 57, ""lsma_offset"": 0}, ""c1"": {""fast_factor"": 1.305921, ""rsi_len"": 6, ""rsi_period"": 39}, ""c2"": {""amplitude"": 500}, ""exit_ind"": {""adx_smoothing"": 14, ""adx_threshold"": 25, ""di_length"": 14}, ""vol"": {""ema_len"": 10, ""filter_lookback"": 37, ""hline"": 0, ""lookback"": 200}}","{""atr_len"": 21, ""atr_mult"": 1.0, ""be_pct"": 0.05, ""tp_mult"": 2.3, ""trail_arm"": 2.0, ""trail_mult"": 0.9}",full,full,,0.094187604824766,0.3349221876973292,,,,,,False,gate2_tuned_modeA_trend.csv,-0.079791769928434,0.4596606143980515,152,3.117224648136479,-0.0963634280752485,184,0.7392519005022684,-0.1318125908296044,176,0.648499757787722,True,0.016571658146814508,0.03429623952399245
dpo_signals,laguerre_filter_signals,variance_volume_signals,rma_baseline,adx_dmi_exit,trend,A,False,-0.1457863268806733,-32.65613722127083,0.6133964479040729,0.1785714285714285,-3.1608760592132525,-27.497158295199455,44.75567099179673,23.356352350636648,-0.7296536170188663,224,132,92,30,1.0,0.05,2.15,1.0,1.5,"{""base"": {""ma_length"": 20}, ""c1"": {""len"": 500}, ""c2"": {""alpha"": 0.246569}, ""exit_ind"": {""adx_smoothing"": 14, ""adx_threshold"": 25, ""di_length"": 14}, ""vol"": {""ema_len"": 10, ""filter_lookback"": 87, ""hline"": 0, ""lookback"": 25}}","{""base"": {""ma_length"": 20}, ""c1"": {""len"": 94}, ""c2"": {""alpha"": 0.374763}, ""exit_ind"": {""adx_smoothing"": 14, ""adx_threshold"": 25, ""di_length"": 14}, ""vol"": {""ema_len"": 8, ""filter_lookback"": 7, ""hline"": 0, ""lookback"": 3}}","{""atr_len"": 41, ""atr_mult"": 1.0, ""be_pct"": 0.05, ""tp_mult"": 2.45, ""trail_arm"": 1.95, ""trail_mult"": 0.6}",full,full,,0.140640094836292,0.7394361647392308,,,,,,False,gate2_tuned_modeA_trend.csv,-0.079791769928434,0.340176678265518,144,2.4543750161387683,-0.0961421812131796,132,0.7322946383669471,-0.2170148837079469,92,0.4613211605350665,True,0.01635041128474561,0.07678676253212925
bears_bulls_impulse_signals,chandelier_exit_signals,variance_volume_signals,t3_baseline,adx_dmi_exit,trend,A,False,-0.1053504745778768,-20.648693017263852,0.7199388668140995,0.2142857142857142,-2.070462355224538,-32.45030807735601,24.17372935433163,16.255443930394915,-0.8541790434815082,196,114,82,8,1.0,0.03,1.5,1.75,1.45,"{""base"": {""length"": 28, ""volume_factor"": 0.7}, ""c1"": {""length"": 130}, ""c2"": {""atr_mult"": 4, ""atr_period"": 12}, ""exit_ind"": {""adx_smoothing"": 14, ""adx_threshold"": 25, ""di_length"": 14}, ""vol"": {""ema_len"": 19, ""filter_lookback"": 87, ""hline"": 0, ""lookback"": 20}}","{""base"": {""length"": 12, ""volume_factor"": 1.993625}, ""c1"": {""length"": 56}, ""c2"": {""atr_mult"": 20, ""atr_period"": 12}, ""exit_ind"": {""adx_smoothing"": 14, ""adx_threshold"": 25, ""di_length"": 14}, ""vol"": {""ema_len"": 4, ""filter_lookback"": 132, ""hline"": 0, ""lookback"": 200}}","{""atr_len"": 28, ""atr_mult"": 1.05, ""be_pct"": 0.2, ""tp_mult"": 2.8, ""trail_arm"": 1.8, ""trail_mult"": 1.8}",full,full,,0.1619464119228336,0.6899463337683064,,,,,,False,gate2_tuned_modeA_trend.csv,-0.079791769928434,0.685155556759014,102,4.857193824423066,-0.0960975126085872,114,0.7604351677708344,-0.1182143485351818,82,0.6538008364326815,True,0.01630574268015321,0.0273641606434505
didi_index_signals,lemantrend_signals,variance_volume_signals,kama_baseline,adx_dmi_exit,trend,A,False,-0.177184638931438,-25.160218728264205,0.5137846227444891,0.2394366197183098,-4.590065857612259,-33.4037749425019,24.725800614494737,15.431666267149676,-1.017569425578673,142,80,62,40,1.0,0.05,1.5,1.0,1.25,"{""base"": {""fast_length"": 2, ""length"": 10, ""slow_length"": 11}, ""c1"": {""long_p"": 200, ""medium"": 6}, ""c2"": {""fast_period"": 97, ""medium_period"": 210, ""slow_period"": 16, ""smooth"": 3}, ""exit_ind"": {""adx_smoothing"": 14, ""adx_threshold"": 25, ""di_length"": 14}, ""vol"": {""ema_len"": 8, ""filter_lookback"": 11, ""hline"": 0, ""lookback"": 16}}","{""base"": {""fast_length"": 4, ""length"": 19, ""slow_length"": 37}, ""c1"": {""long_p"": 16, ""medium"": 8}, ""c2"": {""fast_period"": 18, ""medium_period"": 210, ""slow_period"": 11, ""smooth"": 3}, ""exit_ind"": {""adx_smoothing"": 14, ""adx_threshold"": 25, ""di_length"": 14}, ""vol"": {""ema_len"": 10, ""filter_lookback"": 20, ""hline"": 0, ""lookback"": 57}}","{""atr_len"": 9, ""atr_mult"": 1.0, ""be_pct"": 0.05, ""tp_mult"": 3.0, ""trail_arm"": 1.6, ""trail_mult"": 1.4}",full,full,,-0.0124751353551204,0.263028033131536,,,,,,False,gate2_tuned_modeA_trend.csv,-0.079791769928434,0.4439944572272169,104,3.398856859711764,-0.2400987226482313,80,0.3852895363095514,-0.0960051760710596,62,0.7096428821265514,True,0.016213406142625605,0.08826017943121146
qqe_mod_signals,fx_sniper_ergodic_cci_signals,variance_volume_signals,alma_baseline,adx_dmi_exit,trend,A,False,-0.1088238151274762,-33.73538268951764,0.6999889861206322,0.2483870967741935,-2.1856563414853656,-41.00478761458588,42.994675776419186,24.91149773853732,-0.7846409370534226,310,172,138,4,1.0,0.05,2.7,1.85,1.35,"{""base"": {""length"": 9, ""offset"": 0.453619, ""sigma"": 11}, ""c1"": {""fast_factor"": 3.016846, ""rsi_len"": 2, ""rsi_period"": 6}, ""c2"": {""cci_length"": 11, ""ema1_length"": 5, ""ema2_length"": 3, ""trigger_length"": 6}, ""exit_ind"": {""adx_smoothing"": 14, ""adx_threshold"": 25, ""di_length"": 14}, ""vol"": {""ema_len"": 19, ""filter_lookback"": 16, ""hline"": 0, ""lookback"": 132}}","{""base"": {""length"": 9, ""offset"": 0.298451, ""sigma"": 39}, ""c1"": {""fast_factor"": 1.61, ""rsi_len"": 6, ""rsi_period"": 26}, ""c2"": {""cci_length"": 26, ""ema1_length"": 9, ""ema2_length"": 3, ""trigger_length"": 4}, ""exit_ind"": {""adx_smoothing"": 14, ""adx_threshold"": 25, ""di_length"": 14}, ""vol"": {""ema_len"": 10, ""filter_lookback"": 16, ""hline"": 0, ""lookback"": 132}}","{""atr_len"": 28, ""atr_mult"": 1.0, ""be_pct"": 0.05, ""tp_mult"": 3.0, ""trail_arm"": 2.0, ""trail_mult"": 1.65}",full,full,,0.0910944013204035,0.4242896799792254,,,,,,False,gate2_tuned_modeA_trend.csv,-0.079791769928434,0.4323980642840281,150,2.5803853224754323,-0.1191121567118048,172,0.6996427712150195,-0.0960006647470086,138,0.7005228156857891,True,0.0162088948185746,0.027764640800972698
aroon_signals,center_of_gravity_signals,efficiency_ratio_volume_signals,super_smoother_2pole_baseline,adx_dmi_exit,chop,B,False,-0.092700219781203,-16.40793890127294,0.8304298790438834,0.3163841807909605,-1.3473407725447708,-4.992274436001261,28.481514920667166,15.172041008039622,-0.5760908065099717,177,113,64,21,1.0,0.05,1.45,2.0,1.5,"{""base"": {""cutoff_period"": 18}, ""c1"": {""length"": 31}, ""c2"": {""length"": 12, ""signal_length"": 9}, ""exit_ind"": {""adx_smoothing"": 14, ""adx_threshold"": 25, ""di_length"": 14}, ""vol"": {""er_threshold"": 0.562145, ""length"": 5}}","{""base"": {""cutoff_period"": 43}, ""c1"": {""length"": 25}, ""c2"": {""length"": 12, ""signal_length"": 4}, ""exit_ind"": {""adx_smoothing"": 14, ""adx_threshold"": 25, ""di_length"": 14}, ""vol"": {""er_threshold"": 0.243339, ""length"": 8}}","{""atr_len"": 17, ""atr_mult"": 1.0, ""be_pct"": 0.05, ""tp_mult"": 1.6, ""trail_arm"": 2.0, ""trail_mult"": 1.5}",full,full,,0.0428459633612711,0.389991151608837,,,,,,False,gate2_tuned_modeB.csv,-0.0550301260173602,0.2977779798073255,142,1.68515129464128,-0.0711412395924374,113,0.8744676667974791,-0.1307652941769922,64,0.7442478876464652,True,0.016111113575077197,0.0459231408673546
lemantrend_signals,chandelier_exit_signals,variance_volume_signals,mcginley_dynamic_index,adx_dmi_exit,trend,A,False,-0.1109713972479309,-33.51336196887514,0.6754750114937557,0.2450331125827814,-2.670710947985236,-16.59164822521279,33.086006685552285,18.91709324311199,-1.012916496311701,302,110,192,4,1.0,0.01,2.1,1.0,1.6,"{""base"": {""mci_length"": 17}, ""c1"": {""fast_period"": 3, ""medium_period"": 210, ""slow_period"": 13, ""smooth"": 3}, ""c2"": {""atr_mult"": 3, ""atr_period"": 12}, ""exit_ind"": {""adx_smoothing"": 14, ""adx_threshold"": 25, ""di_length"": 14}, ""vol"": {""ema_len"": 10, ""filter_lookback"": 16, ""hline"": 0, ""lookback"": 132}}","{""base"": {""mci_length"": 17}, ""c1"": {""fast_period"": 28, ""medium_period"": 138, ""slow_period"": 16, ""smooth"": 30}, ""c2"": {""atr_mult"": 3, ""atr_period"": 95}, ""exit_ind"": {""adx_smoothing"": 14, ""adx_threshold"": 25, ""di_length"": 14}, ""vol"": {""ema_len"": 8, ""filter_lookback"": 20, ""hline"": 0, ""lookback"": 132}}","{""atr_len"": 9, ""atr_mult"": 1.0, ""be_pct"": 0.05, ""tp_mult"": 2.5, ""trail_arm"": 1.0, ""trail_mult"": 0.9}",full,full,,0.0186428571474998,0.3355509588638896,,,,,,False,gate2_tuned_modeA_trend.csv,-0.079791769928434,0.4796164726308178,118,3.864045440887465,-0.1374224668157333,110,0.6112159440365842,-0.0958171386413774,192,0.7142788242387449,True,0.01602536871294341,0.036828032800121355
ehlers_reverse_ema_signals,bears_bulls_impulse_signals,chaikin_volatility_volume_signals,wma_baseline,adx_dmi_exit,trend,A,False,-0.09575854826787,-18.19412417089531,0.7369185143602835,0.2263157894736842,-2.0560835942164393,-43.178600457113376,28.370914034548232,15.7387101913597,-0.6412949596456323,190,116,74,45,1.0,0.05,1.6,2.0,1.1,"{""base"": {""ma_length"": 11}, ""c1"": {""alpha"": 0.023101}, ""c2"": {""length"": 7}, ""exit_ind"": {""adx_smoothing"": 14, ""adx_threshold"": 25, ""di_length"": 14}, ""vol"": {""cvi_len"": 10, ""roc_len"": 79}}","{""base"": {""ma_length"": 200}, ""c1"": {""alpha"": 0.081113}, ""c2"": {""length"": 7}, ""exit_ind"": {""adx_smoothing"": 14, ""adx_threshold"": 25, ""di_length"": 14}, ""vol"": {""cvi_len"": 28, ""roc_len"": 4}}","{""atr_len"": 50, ""atr_mult"": 1.0, ""be_pct"": 0.05, ""tp_mult"": 2.7, ""trail_arm"": 1.0, ""trail_mult"": 0.95}",full,full,,0.0045720030083868,0.3257514480712988,,,,,,False,gate2_tuned_modeA_trend.csv,-0.079791769928434,0.3780008386434048,116,2.328730220685906,-0.095619105130316,116,0.7507457034805246,-0.0959771348078196,74,0.7119644993759389,True,0.01582733520188201,0.016006350040633804
aroon_signals,fx_sniper_ergodic_cci_signals,damiani_volatmeter_volume_signals,wma_baseline,adx_dmi_exit,chop,B,False,-0.1365281546077106,-25.12118044781875,0.7518785168231414,0.266304347826087,-1.7645163636831054,-6.839662427110306,40.14256538885642,21.18768386324985,-0.6257990789694869,184,100,84,37,1.1,0.05,2.85,2.0,1.5,"{""base"": {""ma_length"": 20}, ""c1"": {""length"": 31}, ""c2"": {""cci_length"": 26, ""ema1_length"": 2, ""ema2_length"": 2, ""trigger_length"": 14}, ""exit_ind"": {""adx_smoothing"": 14, ""adx_threshold"": 25, ""di_length"": 14}, ""vol"": {""lag"": 1.4, ""sedimentation"": 94, ""threshold"": 1.4, ""viscosity"": 7}}","{""base"": {""ma_length"": 16}, ""c1"": {""length"": 25}, ""c2"": {""cci_length"": 26, ""ema1_length"": 5, ""ema2_length"": 3, ""trigger_length"": 6}, ""exit_ind"": {""adx_smoothing"": 14, ""adx_threshold"": 25, ""di_length"": 14}, ""vol"": {""lag"": 1.4, ""sedimentation"": 62, ""threshold"": 1.4, ""viscosity"": 6}}","{""atr_len"": 21, ""atr_mult"": 1.0, ""be_pct"": 0.05, ""tp_mult"": 3.0, ""trail_arm"": 2.0, ""trail_mult"": 1.5}",full,full,,0.1810946065392595,0.4229410129861908,,,,,,False,gate2_tuned_modeB.csv,-0.0550301260173602,0.4665776331056536,125,2.104705085684397,-0.0707136483537551,100,0.8630991109932231,-0.2148787572909908,84,0.6360360539682935,True,0.015683522336394896,0.08776607680501272
coral_signals,halftrend_signals,vertical_horizontal_filter_volume_signals,wma_baseline,adx_dmi_exit,chop,B,False,-0.0760726665300683,-22.137145960249903,0.8287469148469309,0.2508591065292096,-1.193960953363963,-3.7829675064548938,36.38881771360187,19.166193888136448,-0.6083502391993133,291,194,97,9,1.05,0.05,1.65,2.0,1.5,"{""base"": {""ma_length"": 87}, ""c1"": {""const_d"": 140, ""smooth_period"": 66}, ""c2"": {""amplitude"": 50}, ""exit_ind"": {""adx_smoothing"": 14, ""adx_threshold"": 25, ""di_length"": 14}, ""vol"": {""length"": 28, ""vhf_threshold"": 0.283896}}","{""base"": {""ma_length"": 16}, ""c1"": {""const_d"": 11, ""smooth_period"": 10}, ""c2"": {""amplitude"": 41}, ""exit_ind"": {""adx_smoothing"": 14, ""adx_threshold"": 25, ""di_length"": 14}, ""vol"": {""length"": 28, ""vhf_threshold"": 0.35}}","{""atr_len"": 2, ""atr_mult"": 1.2, ""be_pct"": 0.05, ""tp_mult"": 2.75, ""trail_arm"": 2.0, ""trail_mult"": 1.5}",full,full,,0.0362591972009275,0.2307022375667927,,,,,,False,gate2_tuned_modeB.csv,-0.0550301260173602,0.1880458930584379,178,1.5544181393672567,-0.0706483408832304,194,0.8286288600428121,-0.0869213178237443,97,0.8289384744731155,True,0.015618214865870193,0.02375470333612715
price_momentum_oscillator_signals,j_tpo_signals,variance_volume_signals,rma_baseline,adx_dmi_exit,trend,A,False,-0.1446431683581958,-30.08577901850473,0.635703923023303,0.1923076923076923,-3.162128542755976,-101.38034673545006,37.5218653946465,19.291102930605582,-0.8018199175885663,208,154,54,3,1.1,0.05,2.9,1.4,1.4,"{""base"": {""ma_length"": 11}, ""c1"": {""s1"": 350, ""s2"": 25, ""sig"": 10}, ""c2"": {""ema_len"": 200, ""len"": 21}, ""exit_ind"": {""adx_smoothing"": 14, ""adx_threshold"": 25, ""di_length"": 14}, ""vol"": {""ema_len"": 19, ""filter_lookback"": 200, ""hline"": 0, ""lookback"": 16}}","{""base"": {""ma_length"": 20}, ""c1"": {""s1"": 152, ""s2"": 25, ""sig"": 10}, ""c2"": {""ema_len"": 200, ""len"": 14}, ""exit_ind"": {""adx_smoothing"": 14, ""adx_threshold"": 25, ""di_length"": 14}, ""vol"": {""ema_len"": 8, ""filter_lookback"": 3, ""hline"": 0, ""lookback"": 3}}","{""atr_len"": 26, ""atr_mult"": 1.0, ""be_pct"": 0.01, ""tp_mult"": 2.5, ""trail_arm"": 1.0, ""trail_mult"": 0.6}",full,full,,0.1176584689269937,0.9661181947052204,,,,,,False,gate2_tuned_modeA_trend.csv,-0.079791769928434,0.4113483089456722,148,2.739415706398843,-0.1619609523446984,154,0.5977098925631688,-0.095255414026318,54,0.7501323015111815,True,0.015463644097884005,0.04881641325707421
halftrend_signals,laguerre_filter_signals,variance_volume_signals,rma_baseline,adx_dmi_exit,trend,A,False,-0.1562707734702789,-23.128074473601277,0.5763362883078603,0.1959459459459459,-3.804599938572143,-90.300179598173,29.48508389167863,16.53129715758281,-0.7843991408865739,148,66,82,27,1.0,0.05,1.5,1.8,0.6,"{""base"": {""ma_length"": 25}, ""c1"": {""amplitude"": 94}, ""c2"": {""alpha"": 0.2}, ""exit_ind"": {""adx_smoothing"": 14, ""adx_threshold"": 25, ""di_length"": 14}, ""vol"": {""ema_len"": 5, ""filter_lookback"": 20, ""hline"": 0, ""lookback"": 87}}","{""base"": {""ma_length"": 20}, ""c1"": {""amplitude"": 50}, ""c2"": {""alpha"": 0.246569}, ""exit_ind"": {""adx_smoothing"": 14, ""adx_threshold"": 25, ""di_length"": 14}, ""vol"": {""ema_len"": 10, ""filter_lookback"": 3, ""hline"": 0, ""lookback"": 57}}","{""atr_len"": 27, ""atr_mult"": 1.0, ""be_pct"": 0.01, ""tp_mult"": 2.3, ""trail_arm"": 1.0, ""trail_mult"": 0.55}",full,full,,0.1269578368555839,0.5450096957260198,,,,,,False,gate2_tuned_modeA_trend.csv,-0.079791769928434,0.4842820239555431,102,3.352226973498355,-0.0951379381796263,66,0.7488358432057871,-0.2054752506554382,82,0.4305980270652282,True,0.01534616825119231,0.07051482448909825
qqe_mod_signals,fx_sniper_ergodic_cci_signals,chaikin_volatility_volume_signals,t3_baseline,adx_dmi_exit,trend,A,False,-0.1232645723942192,-30.81614309855481,0.6404302896786804,0.264,-3.1835393237171057,-62.07044113741166,32.22708815578579,15.806492944462686,-0.9562186614437372,250,128,122,27,1.0,0.03,1.4,1.25,1.4,"{""base"": {""length"": 12, ""volume_factor"": 0.7}, ""c1"": {""fast_factor"": 3.016846, ""rsi_len"": 4, ""rsi_period"": 7}, ""c2"": {""cci_length"": 17, ""ema1_length"": 4, ""ema2_length"": 3, ""trigger_length"": 9}, ""exit_ind"": {""adx_smoothing"": 14, ""adx_threshold"": 25, ""di_length"": 14}, ""vol"": {""cvi_len"": 19, ""roc_len"": 12}}","{""base"": {""length"": 100, ""volume_factor"": 0.567792}, ""c1"": {""fast_factor"": 3.016846, ""rsi_len"": 6, ""rsi_period"": 17}, ""c2"": {""cci_length"": 14, ""ema1_length"": 14, ""ema2_length"": 4, ""trigger_length"": 4}, ""exit_ind"": {""adx_smoothing"": 14, ""adx_threshold"": 25, ""di_length"": 14}, ""vol"": {""cvi_len"": 12, ""roc_len"": 10}}","{""atr_len"": 50, ""atr_mult"": 1.0, ""be_pct"": 0.02, ""tp_mult"": 2.0, ""trail_arm"": 1.85, ""trail_mult"": 0.55}",full,full,,0.1760000550298313,0.5041607095188748,,,,,,False,gate2_tuned_modeA_trend.csv,-0.079791769928434,0.4950849959855971,112,3.410848676103774,-0.0950535767171647,128,0.7355030908739765,-0.152862994088178,122,0.530278231400964,True,0.015261806788730709,0.04416651547423735
dspo_signals,ehlers_reverse_ema_signals,chaikin_volatility_volume_signals,rma_baseline,adx_dmi_exit,chop,B,False,-0.0737768349318003,-22.870818828858113,0.8795770839137571,0.2290322580645161,-0.8644826120657151,-4.129366732185881,50.78602736792495,29.438625463656432,-0.4503368350347223,310,120,190,27,1.0,0.05,2.15,2.0,1.5,"{""base"": {""ma_length"": 132}, ""c1"": {""len"": 3}, ""c2"": {""alpha"": 0.035112}, ""exit_ind"": {""adx_smoothing"": 14, ""adx_threshold"": 25, ""di_length"": 14}, ""vol"": {""cvi_len"": 12, ""roc_len"": 3}}","{""base"": {""ma_length"": 200}, ""c1"": {""len"": 17}, ""c2"": {""alpha"": 0.1}, ""exit_ind"": {""adx_smoothing"": 14, ""adx_threshold"": 25, ""di_length"": 14}, ""vol"": {""cvi_len"": 2, ""roc_len"": 34}}","{""atr_len"": 31, ""atr_mult"": 1.0, ""be_pct"": 0.05, ""tp_mult"": 2.75, ""trail_arm"": 2.0, ""trail_mult"": 1.5}",full,full,,0.1051478642883563,0.2613607116079759,,,,,,False,gate2_tuned_modeB.csv,-0.0550301260173602,0.3880260098291257,106,1.7462141138829543,-0.0792975870587568,120,0.8739903208124761,-0.0702900441147752,190,0.883264754776186,True,0.015259918097414997,0.019763689569405794
chandelier_exit_signals,fx_sniper_ergodic_cci_signals,fractal_dimension_volume_signals,tma_baseline,adx_dmi_exit,trend,A,False,-0.1465376042309748,-26.083693553113523,0.5652717741147745,0.2808988764044944,-4.250391393418936,,28.007569595283773,14.87564010913789,-0.931308711538676,178,114,64,4,1.0,0.05,1.45,1.05,1.0,"{""base"": {""length"": 16}, ""c1"": {""atr_mult"": 6, ""atr_period"": 12}, ""c2"": {""cci_length"": 14, ""ema1_length"": 5, ""ema2_length"": 3, ""trigger_length"": 5}, ""exit_ind"": {""adx_smoothing"": 14, ""adx_threshold"": 25, ""di_length"": 14}, ""vol"": {""fd_threshold"": 1.5, ""length"": 11}}","{""base"": {""length"": 20}, ""c1"": {""atr_mult"": 3, ""atr_period"": 22}, ""c2"": {""cci_length"": 14, ""ema1_length"": 5, ""ema2_length"": 3, ""trigger_length"": 5}, ""exit_ind"": {""adx_smoothing"": 14, ""adx_threshold"": 25, ""di_length"": 14}, ""vol"": {""fd_threshold"": 1.5, ""length"": 3}}","{""atr_len"": 38, ""atr_mult"": 1.0, ""be_pct"": 0.05, ""tp_mult"": 1.45, ""trail_arm"": 1.0, ""trail_mult"": 1.25}",full,full,,0.1070130489121111,1.115732397719561,,,,,,False,gate2_tuned_modeA_trend.csv,-0.079791769928434,0.2537990130371469,102,2.220868515097623,-0.0949382818936076,114,0.6907724532608203,-0.2384488971444101,64,0.3895708233103101,True,0.015146511965173609,0.08690181959057484
bears_bulls_impulse_signals,laguerre_filter_signals,chaikin_volatility_volume_signals,sma_baseline,adx_dmi_exit,trend,A,False,-0.1217638219168511,-21.186905013532098,0.6517679649247885,0.2413793103448276,-2.8624467500777473,-22.433677568448452,31.029219231273963,16.182400849155023,-0.6828049670092272,174,104,70,9,1.0,0.01,2.7,1.5,2.0,"{""base"": {""length"": 37}, ""c1"": {""length"": 16}, ""c2"": {""alpha"": 0.2}, ""exit_ind"": {""adx_smoothing"": 14, ""adx_threshold"": 25, ""di_length"": 14}, ""vol"": {""cvi_len"": 2, ""roc_len"": 12}}","{""base"": {""length"": 87}, ""c1"": {""length"": 5}, ""c2"": {""alpha"": 0.246569}, ""exit_ind"": {""adx_smoothing"": 14, ""adx_threshold"": 25, ""di_length"": 14}, ""vol"": {""cvi_len"": 10, ""roc_len"": 15}}","{""atr_len"": 34, ""atr_mult"": 1.0, ""be_pct"": 0.01, ""tp_mult"": 2.1, ""trail_arm"": 1.6, ""trail_mult"": 0.5}",full,full,,0.2031210768794712,0.4506933186979094,,,,,,False,gate2_tuned_modeA_trend.csv,-0.079791769928434,0.4566813417538662,120,3.1513887292379734,-0.0948600125814251,104,0.7038653162202547,-0.1617351957866269,70,0.5887188298566323,True,0.015068242652991101,0.048505834255592004
volatility_quality_signals,dspo_signals,vertical_horizontal_filter_volume_signals,sma_baseline,adx_dmi_exit,trend,A,False,-0.1289382856947165,-23.46676799643841,0.64897322421525,0.1868131868131868,-2.7539181898711576,-22.68331850981417,26.643720696607584,15.341589173506923,-0.8807616722774879,182,86,96,3,1.0,0.01,2.95,1.1,1.75,"{""base"": {""length"": 37}, ""c1"": {""atr_pct"": 0.075, ""smooth"": 10}, ""c2"": {""len"": 17}, ""exit_ind"": {""adx_smoothing"": 14, ""adx_threshold"": 25, ""di_length"": 14}, ""vol"": {""length"": 15, ""vhf_threshold"": 0.35}}","{""base"": {""length"": 200}, ""c1"": {""atr_pct"": 0.075, ""smooth"": 28}, ""c2"": {""len"": 7}, ""exit_ind"": {""adx_smoothing"": 14, ""adx_threshold"": 25, ""di_length"": 14}, ""vol"": {""length"": 3, ""vhf_threshold"": 0.431496}}","{""atr_len"": 50, ""atr_mult"": 1.0, ""be_pct"": 0.05, ""tp_mult"": 3.0, ""trail_arm"": 2.0, ""trail_mult"": 0.5}",full,full,,0.0285377818444378,0.373121875597168,,,,,,False,gate2_tuned_modeA_trend.csv,-0.079791769928434,0.3843221523673849,100,2.281073841224614,-0.0944884958808287,86,0.7609996868896688,-0.1597995557363243,96,0.5330312974310357,True,0.014696725952394699,0.04735225588014248
volatility_quality_signals,dspo_signals,variance_volume_signals,sma_baseline,adx_dmi_exit,trend,A,False,-0.1143427567027886,-20.1243251796908,0.7046967167380767,0.1818181818181818,-2.22528296761642,-26.078872527378277,25.83433552682964,13.963317634513198,-0.7789759159391251,176,126,50,6,1.0,0.05,1.95,2.0,1.3,"{""base"": {""length"": 25}, ""c1"": {""atr_pct"": 0.075, ""smooth"": 10}, ""c2"": {""len"": 14}, ""exit_ind"": {""adx_smoothing"": 14, ""adx_threshold"": 25, ""di_length"": 14}, ""vol"": {""ema_len"": 19, ""filter_lookback"": 200, ""hline"": 0, ""lookback"": 20}}","{""base"": {""length"": 20}, ""c1"": {""atr_pct"": 0.075, ""smooth"": 19}, ""c2"": {""len"": 14}, ""exit_ind"": {""adx_smoothing"": 14, ""adx_threshold"": 25, ""di_length"": 14}, ""vol"": {""ema_len"": 5, ""filter_lookback"": 87, ""hline"": 0, ""lookback"": 25}}","{""atr_len"": 38, ""atr_mult"": 1.0, ""be_pct"": 0.01, ""tp_mult"": 2.9, ""trail_arm"": 1.25, ""trail_mult"": 1.25}",full,full,,0.2507984225488346,1.0236086200684695,,,,,,False,gate2_tuned_modeA_trend.csv,-0.079791769928434,0.4720701348465768,148,2.8014100861649767,-0.0944754831267334,126,0.7628305536152749,-0.1644082861144477,50,0.5422015046688788,True,0.014683713198299406,0.049650114692156536
qqe_mod_signals,chandelier_exit_signals,variance_volume_signals,mcginley_dynamic_index,adx_dmi_exit,trend,A,False,-0.1323017447137863,-28.841780347605415,0.6240427479593103,0.2660550458715596,-3.3787776822034807,-43.763603085012235,33.49527505979692,18.52412529993249,-0.8610701149972967,218,160,58,5,1.0,0.11,2.5,1.0,1.35,"{""base"": {""mci_length"": 17}, ""c1"": {""fast_factor"": 1.984883, ""rsi_len"": 5, ""rsi_period"": 6}, ""c2"": {""atr_mult"": 9, ""atr_period"": 3}, ""exit_ind"": {""adx_smoothing"": 14, ""adx_threshold"": 25, ""di_length"": 14}, ""vol"": {""ema_len"": 19, ""filter_lookback"": 200, ""hline"": 0, ""lookback"": 16}}","{""base"": {""mci_length"": 26}, ""c1"": {""fast_factor"": 1.61, ""rsi_len"": 5, ""rsi_period"": 60}, ""c2"": {""atr_mult"": 3, ""atr_period"": 220}, ""exit_ind"": {""adx_smoothing"": 14, ""adx_threshold"": 25, ""di_length"": 14}, ""vol"": {""ema_len"": 10, ""filter_lookback"": 7, ""hline"": 0, ""lookback"": 132}}","{""atr_len"": 12, ""atr_mult"": 1.25, ""be_pct"": 0.02, ""tp_mult"": 2.45, ""trail_arm"": 1.15, ""trail_mult"": 0.6}",full,full,,0.1573065422783694,0.6848910451464478,,,,,,False,gate2_tuned_modeA_trend.csv,-0.079791769928434,0.3934446744899396,172,2.980392506057603,-0.146032858574333,160,0.5945629124719148,-0.0944228099260712,58,0.7130575201411208,True,0.014631039997637207,0.04043606432176812
chandelier_exit_signals,fisher_transform_signals,variance_volume_signals,kama_baseline,adx_dmi_exit,trend,A,False,-0.1450499692042575,-26.97929427199191,0.6200099398310996,0.1989247311827957,-3.3165334059545084,,34.89091527468617,17.516723510334266,-0.7732469629871175,186,86,100,45,1.0,0.01,2.9,1.95,1.6,"{""base"": {""fast_length"": 2, ""length"": 28, ""slow_length"": 11}, ""c1"": {""atr_mult"": 4, ""atr_period"": 22}, ""c2"": {""length"": 43}, ""exit_ind"": {""adx_smoothing"": 14, ""adx_threshold"": 25, ""di_length"": 14}, ""vol"": {""ema_len"": 10, ""filter_lookback"": 57, ""hline"": 0, ""lookback"": 16}}","{""base"": {""fast_length"": 20, ""length"": 19, ""slow_length"": 197}, ""c1"": {""atr_mult"": 3, ""atr_period"": 5}, ""c2"": {""length"": 2}, ""exit_ind"": {""adx_smoothing"": 14, ""adx_threshold"": 25, ""di_length"": 14}, ""vol"": {""ema_len"": 10, ""filter_lookback"": 132, ""hline"": 0, ""lookback"": 5}}","{""atr_len"": 19, ""atr_mult"": 1.05, ""be_pct"": 0.05, ""tp_mult"": 1.8, ""trail_arm"": 1.95, ""trail_mult"": 0.9}",full,full,,0.0904045020638386,0.4749117952374479,,,,,,False,gate2_tuned_modeA_trend.csv,-0.079791769928434,0.4314152268429885,106,3.4068428444924614,-0.0943987834491499,86,0.7293901541124369,-0.1886099889536502,100,0.5399756366984141,True,0.014607013520715903,0.06171261627296605
laguerre_filter_signals,qqe_mod_signals,damiani_volatmeter_volume_signals,rma_baseline,adx_dmi_exit,chop,B,False,-0.1427835825947845,-32.84022399680043,0.7697688416590186,0.2217391304347826,-1.8053801733234551,-7.691081741900062,45.914955893005846,27.873756504293453,-0.7152402383512456,230,143,87,37,1.0,0.05,2.1,2.0,1.5,"{""base"": {""ma_length"": 20}, ""c1"": {""alpha"": 0.2}, ""c2"": {""fast_factor"": 0.565302, ""rsi_len"": 2, ""rsi_period"": 7}, ""exit_ind"": {""adx_smoothing"": 14, ""adx_threshold"": 25, ""di_length"": 14}, ""vol"": {""lag"": 1.4, ""sedimentation"": 62, ""threshold"": 1.4, ""viscosity"": 6}}","{""base"": {""ma_length"": 200}, ""c1"": {""alpha"": 0.2}, ""c2"": {""fast_factor"": 1.61, ""rsi_len"": 5, ""rsi_period"": 6}, ""exit_ind"": {""adx_smoothing"": 14, ""adx_threshold"": 25, ""di_length"": 14}, ""vol"": {""lag"": 1.4, ""sedimentation"": 50, ""threshold"": 1.4, ""viscosity"": 13}}","{""atr_len"": 11, ""atr_mult"": 1.0, ""be_pct"": 0.05, ""tp_mult"": 2.2, ""trail_arm"": 2.0, ""trail_mult"": 1.5}",full,full,,0.1515663304899799,0.4086828391943435,,,,,,False,gate2_tuned_modeB.csv,-0.0550301260173602,0.3690304579301309,116,1.792842698129596,-0.1874715011970355,143,0.6890277861655496,-0.0693310267313143,87,0.8931134679789406,True,0.014300900713954103,0.07337113794681469
halftrend_signals,kase_peak_oscillator_signals,damiani_volatmeter_volume_signals,hma_baseline,adx_dmi_exit,trend,A,False,-0.1357731540143263,-33.128649579495615,0.6549099002135873,0.1762295081967213,-2.8295432935553273,,36.497991329880215,21.209694122096103,-0.9076841867835564,244,112,132,2,1.0,0.01,2.8,2.0,1.4,"{""base"": {""ma_length"": 20}, ""c1"": {""amplitude"": 216}, ""c2"": {""long_cycle"": 80, ""sharpness"": 40, ""short_cycle"": 10}, ""exit_ind"": {""adx_smoothing"": 14, ""adx_threshold"": 25, ""di_length"": 14}, ""vol"": {""lag"": 1.4, ""sedimentation"": 50, ""threshold"": 1.4, ""viscosity"": 7}}","{""base"": {""ma_length"": 16}, ""c1"": {""amplitude"": 62}, ""c2"": {""long_cycle"": 23, ""sharpness"": 40, ""short_cycle"": 15}, ""exit_ind"": {""adx_smoothing"": 14, ""adx_threshold"": 25, ""di_length"": 14}, ""vol"": {""lag"": 1.4, ""sedimentation"": 142, ""threshold"": 1.725985, ""viscosity"": 7}}","{""atr_len"": 50, ""atr_mult"": 1.0, ""be_pct"": 0.05, ""tp_mult"": 3.0, ""trail_arm"": 2.0, ""trail_mult"": 1.2}",full,full,,0.1607464122806194,0.3853438436264602,,,,,,False,gate2_tuned_modeA_trend.csv,-0.079791769928434,0.5424261067508293,146,2.931566136234661,-0.1848979335713509,112,0.5498137269567108,-0.0940915228750327,132,0.7515983796099135,True,0.014299752946598701,0.059702958294757816
chandelier_exit_signals,aroon_signals,efficiency_ratio_volume_signals,rma_baseline,adx_dmi_exit,chop,B,False,-0.0817129159880937,-20.34651608103535,0.8540908969772216,0.2570281124497992,-1.0978689897972724,-4.298979361543184,25.605004913316183,14.479330221474903,-0.7946304306488887,249,167,82,50,1.0,0.05,1.5,2.0,1.5,"{""base"": {""ma_length"": 132}, ""c1"": {""atr_mult"": 13, ""atr_period"": 95}, ""c2"": {""length"": 13}, ""exit_ind"": {""adx_smoothing"": 14, ""adx_threshold"": 25, ""di_length"": 14}, ""vol"": {""er_threshold"": 0.854411, ""length"": 2}}","{""base"": {""ma_length"": 200}, ""c1"": {""atr_mult"": 3, ""atr_period"": 5}, ""c2"": {""length"": 4}, ""exit_ind"": {""adx_smoothing"": 14, ""adx_threshold"": 25, ""di_length"": 14}, ""vol"": {""er_threshold"": 0.562145, ""length"": 2}}","{""atr_len"": 28, ""atr_mult"": 1.0, ""be_pct"": 0.05, ""tp_mult"": 2.05, ""trail_arm"": 2.0, ""trail_mult"": 1.5}",full,full,,0.0472465745914002,0.3800645717593271,,,,,,False,gate2_tuned_modeB.csv,-0.0550301260173602,0.3908881737762091,151,1.893954144817415,-0.0878941519513292,167,0.8543503911934874,-0.0691243012824801,82,0.8534145945640101,True,0.014094175265119892,0.02347910059954445
halftrend_signals,hieken_ashi_smoothed_signals,choppiness_index_volume_signals,rma_baseline,adx_dmi_exit,trend,A,False,-0.152793124402404,-52.86642104323179,0.61404625908645,0.1647398843930635,-3.008826145428128,-33.46573554324616,58.43692984161211,25.749198790965536,-0.9046748552075088,346,198,148,33,1.0,0.15,2.95,1.95,1.7,"{""base"": {""ma_length"": 16}, ""c1"": {""amplitude"": 27}, ""c2"": {""alma_offset1"": 0.85, ""alma_offset2"": 0.85, ""alma_sigma1"": 6, ""alma_sigma2"": 6, ""ama_smooth1"": 0.181, ""ama_smooth2"": 0.181, ""frama_t1_a"": 1, ""frama_t1_b"": 168, ""frama_t2_a"": 1, ""frama_t2_b"": 168, ""lsma_offset1"": 0, ""lsma_offset2"": 0, ""ma_len1"": 8, ""ma_len2"": 6, ""vol_factor1"": 0.665127, ""vol_factor2"": 0.82}, ""exit_ind"": {""adx_smoothing"": 14, ""adx_threshold"": 25, ""di_length"": 14}, ""vol"": {""ci_threshold"": 61.8, ""length"": 3}}","{""base"": {""ma_length"": 16}, ""c1"": {""amplitude"": 18}, ""c2"": {""alma_offset1"": 0.85, ""alma_offset2"": 0.85, ""alma_sigma1"": 6, ""alma_sigma2"": 6, ""ama_smooth1"": 0.181, ""ama_smooth2"": 0.181, ""frama_t1_a"": 1, ""frama_t1_b"": 168, ""frama_t2_a"": 1, ""frama_t2_b"": 168, ""lsma_offset1"": 0, ""lsma_offset2"": 0, ""ma_len1"": 3, ""ma_len2"": 8, ""vol_factor1"": 0.665127, ""vol_factor2"": 1.010934}, ""exit_ind"": {""adx_smoothing"": 14, ""adx_threshold"": 25, ""di_length"": 14}, ""vol"": {""ci_threshold"": 76.189928, ""length"": 2}}","{""atr_len"": 50, ""atr_mult"": 1.0, ""be_pct"": 0.12, ""tp_mult"": 2.45, ""trail_arm"": 1.95, ""trail_mult"": 2.0}",full,full,,0.1738108877955347,0.3501973712495714,,,,,,False,gate2_tuned_modeA_trend.csv,-0.079791769928434,0.4714712772509384,182,2.9662265373093084,-0.0938824513716516,198,0.7494637012619672,-0.2316060518354376,148,0.454005704805252,True,0.01409068144321761,0.08295248167511061
schaff_trend_cycle_signals,halftrend_signals,chaikin_volatility_volume_signals,lsma_baseline,adx_dmi_exit,trend,A,False,-0.1075270861767239,-49.67751381364647,0.6686975351375142,0.2705627705627705,-2.6827837244322468,-14.656394173004916,49.17751381364644,26.055504575169127,-1.010167248427701,462,226,236,2,1.0,0.18,1.7,1.3,1.9,"{""base"": {""length"": 16, ""lsma_offset"": 0}, ""c1"": {""cycleLen"": 10, ""d1"": 3, ""d2"": 3, ""lowerBand"": 108, ""macdFast"": 19, ""macdSlow"": 62, ""stc_midline"": 50, ""upperBand"": 75}, ""c2"": {""amplitude"": 27}, ""exit_ind"": {""adx_smoothing"": 14, ""adx_threshold"": 25, ""di_length"": 14}, ""vol"": {""cvi_len"": 12, ""roc_len"": 3}}","{""base"": {""length"": 57, ""lsma_offset"": 0}, ""c1"": {""cycleLen"": 10, ""d1"": 3, ""d2"": 3, ""lowerBand"": 25, ""macdFast"": 23, ""macdSlow"": 50, ""stc_midline"": 41, ""upperBand"": 61}, ""c2"": {""amplitude"": 18}, ""exit_ind"": {""adx_smoothing"": 14, ""adx_threshold"": 25, ""di_length"": 14}, ""vol"": {""cvi_len"": 100, ""roc_len"": 4}}","{""atr_len"": 45, ""atr_mult"": 1.0, ""be_pct"": 0.01, ""tp_mult"": 2.95, ""trail_arm"": 1.8, ""trail_mult"": 0.5}",full,full,,0.1005031580837527,0.2600685167619295,,,,,,False,gate2_tuned_modeA_trend.csv,-0.079791769928434,0.3627576014859667,278,2.598244531309127,-0.0938588856785467,226,0.7153031284759371,-0.1206161256368428,236,0.6226669315591951,True,0.0140671157501127,0.027445735729260748
volatility_quality_signals,volatility_quality_signals,variance_volume_signals,tma_baseline,adx_dmi_exit,trend,A,False,-0.1092784670279874,-17.047440856366045,0.7140834293169699,0.2115384615384615,-2.2506483705594458,-71.74443284001947,17.11302551992702,11.050071640108351,-0.9961675588291148,156,102,54,27,1.0,0.18,2.9,1.75,1.8,"{""base"": {""length"": 20}, ""c1"": {""atr_pct"": 0.324657, ""smooth"": 19}, ""c2"": {""atr_pct"": 0.092464, ""smooth"": 12}, ""exit_ind"": {""adx_smoothing"": 14, ""adx_threshold"": 25, ""di_length"": 14}, ""vol"": {""ema_len"": 8, ""filter_lookback"": 200, ""hline"": 0, ""lookback"": 20}}","{""base"": {""length"": 20}, ""c1"": {""atr_pct"": 0.140536, ""smooth"": 10}, ""c2"": {""atr_pct"": 0.075, ""smooth"": 10}, ""exit_ind"": {""adx_smoothing"": 14, ""adx_threshold"": 25, ""di_length"": 14}, ""vol"": {""ema_len"": 19, ""filter_lookback"": 87, ""hline"": 0, ""lookback"": 16}}","{""atr_len"": 42, ""atr_mult"": 1.0, ""be_pct"": 0.05, ""tp_mult"": 2.85, ""trail_arm"": 1.0, ""trail_mult"": 1.55}",full,full,,0.1363980166780398,0.7293175142914177,,,,,,False,gate2_tuned_modeA_trend.csv,-0.079791769928434,0.6208406006516044,112,3.567620261493754,-0.0937514570205449,102,0.7524158338402585,-0.1386072637087122,54,0.643581321891883,True,0.0139596870921109,0.036387590436194564
halftrend_signals,fisher_transform_signals,variance_volume_signals,mcginley_dynamic_index,adx_dmi_exit,trend,A,False,-0.1321662617238799,-22.468264493059586,0.6489333672959441,0.2,-2.9568020830780672,,30.988874588418877,19.44657808973002,-0.7250429320675104,170,68,102,39,1.0,0.01,1.95,2.0,2.0,"{""base"": {""mci_length"": 17}, ""c1"": {""amplitude"": 41}, ""c2"": {""length"": 43}, ""exit_ind"": {""adx_smoothing"": 14, ""adx_threshold"": 25, ""di_length"": 14}, ""vol"": {""ema_len"": 19, ""filter_lookback"": 200, ""hline"": 0, ""lookback"": 16}}","{""base"": {""mci_length"": 26}, ""c1"": {""amplitude"": 50}, ""c2"": {""length"": 19}, ""exit_ind"": {""adx_smoothing"": 14, ""adx_threshold"": 25, ""di_length"": 14}, ""vol"": {""ema_len"": 19, ""filter_lookback"": 3, ""hline"": 0, ""lookback"": 57}}","{""atr_len"": 6, ""atr_mult"": 1.0, ""be_pct"": 0.14, ""tp_mult"": 3.0, ""trail_arm"": 1.3, ""trail_mult"": 0.55}",full,full,,0.1742895229029817,0.3891934230399212,,,,,,False,gate2_tuned_modeA_trend.csv,-0.079791769928434,0.5641000625413243,118,3.295303702754352,-0.1899308113727756,68,0.5546449940224569,-0.0936565619579494,102,0.7270580194368332,True,0.013864792029515405,0.062001916736928495
volatility_quality_signals,supertrend_signals,variance_volume_signals,t3_baseline,adx_dmi_exit,trend,A,False,-0.1536135239936369,-27.343207270867374,0.62101479120564,0.1629213483146067,-3.1054161836191407,-69.93218189344626,28.915497169801696,18.06861779249908,-0.9456246631451192,178,116,62,10,1.0,0.05,2.85,2.0,0.9,"{""base"": {""length"": 19, ""volume_factor"": 0.7}, ""c1"": {""atr_pct"": 0.075, ""smooth"": 66}, ""c2"": {""atr_period"": 8, ""factor"": 3}, ""exit_ind"": {""adx_smoothing"": 14, ""adx_threshold"": 25, ""di_length"": 14}, ""vol"": {""ema_len"": 12, ""filter_lookback"": 200, ""hline"": 0, ""lookback"": 20}}","{""base"": {""length"": 10, ""volume_factor"": 0.567792}, ""c1"": {""atr_pct"": 0.075, ""smooth"": 19}, ""c2"": {""atr_period"": 10, ""factor"": 2}, ""exit_ind"": {""adx_smoothing"": 14, ""adx_threshold"": 25, ""di_length"": 14}, ""vol"": {""ema_len"": 28, ""filter_lookback"": 200, ""hline"": 0, ""lookback"": 7}}","{""atr_len"": 21, ""atr_mult"": 1.0, ""be_pct"": 0.01, ""tp_mult"": 2.95, ""trail_arm"": 1.35, ""trail_mult"": 1.35}",full,full,,0.1695863464672528,0.941003457973292,,,,,,False,gate2_tuned_modeA_trend.csv,-0.079791769928434,0.6299687340710018,130,3.729864514307666,-0.0935208522541,116,0.7597168601097503,-0.2660449743450285,62,0.3890819107632686,True,0.013729082325666012,0.09999114337113026
halftrend_signals,laguerre_filter_signals,chaikin_volatility_volume_signals,mcginley_dynamic_index,adx_dmi_exit,trend,A,False,-0.1145955121000893,-47.213350985236815,0.6743906828604358,0.2354368932038835,-2.464366418347395,,49.89569188799302,26.409790174403906,-0.9462410320157983,412,304,108,26,1.0,0.08,2.95,1.9,2.0,"{""base"": {""mci_length"": 14}, ""c1"": {""amplitude"": 41}, ""c2"": {""alpha"": 0.374763}, ""exit_ind"": {""adx_smoothing"": 14, ""adx_threshold"": 25, ""di_length"": 14}, ""vol"": {""cvi_len"": 28, ""roc_len"": 22}}","{""base"": {""mci_length"": 11}, ""c1"": {""amplitude"": 500}, ""c2"": {""alpha"": 0.374763}, ""exit_ind"": {""adx_smoothing"": 14, ""adx_threshold"": 25, ""di_length"": 14}, ""vol"": {""cvi_len"": 8, ""roc_len"": 120}}","{""atr_len"": 37, ""atr_mult"": 1.0, ""be_pct"": 0.01, ""tp_mult"": 1.4, ""trail_arm"": 1.55, ""trail_mult"": 1.45}",full,full,,0.1838604752070368,0.4370998076244349,,,,,,False,gate2_tuned_modeA_trend.csv,-0.079791769928434,0.2596515682344486,318,2.2323760999784263,-0.0934943683514745,304,0.7213501178544289,-0.1739913241332276,108,0.5629985347351496,True,0.013702598423040502,0.05395107631391706
donchian_breakout_signals,j_tpo_signals,chaikin_volatility_volume_signals,ema_baseline,adx_dmi_exit,trend,A,False,-0.0965269145996185,-24.131728649904645,0.7107537705659852,0.256,-2.2951249249439964,-15.3984255714677,23.63172864990464,14.327565054703811,-1.021157995143196,250,146,104,30,1.0,0.05,2.05,1.0,1.55,"{""base"": {""ma_length"": 37}, ""c1"": {""length"": 11}, ""c2"": {""ema_len"": 200, ""len"": 75}, ""exit_ind"": {""adx_smoothing"": 14, ""adx_threshold"": 25, ""di_length"": 14}, ""vol"": {""cvi_len"": 28, ""roc_len"": 12}}","{""base"": {""ma_length"": 132}, ""c1"": {""length"": 3}, ""c2"": {""ema_len"": 200, ""len"": 40}, ""exit_ind"": {""adx_smoothing"": 14, ""adx_threshold"": 25, ""di_length"": 14}, ""vol"": {""cvi_len"": 19, ""roc_len"": 22}}","{""atr_len"": 42, ""atr_mult"": 1.0, ""be_pct"": 0.05, ""tp_mult"": 2.35, ""trail_arm"": 2.0, ""trail_mult"": 0.5}",full,full,,0.1232889596015066,0.4110376801880783,,,,,,False,gate2_tuned_modeA_trend.csv,-0.079791769928434,0.3979580275876214,136,2.872056635094966,-0.0987038193887271,146,0.6953560259484307,-0.0934708751841393,104,0.7309156116609904,True,0.013679105255705301,0.016295577357999205
dspo_signals,dpo_signals,chaikin_volatility_volume_signals,sma_baseline,adx_dmi_exit,trend,A,False,-0.1098038518002621,-30.96468620767392,0.6951188729938851,0.2340425531914893,-2.370606107765375,-28.173665579966087,30.795500798542808,16.40229079837414,-1.0054938352923009,282,104,178,7,1.0,0.02,2.7,1.55,1.7,"{""base"": {""length"": 25}, ""c1"": {""len"": 61}, ""c2"": {""len"": 8}, ""exit_ind"": {""adx_smoothing"": 14, ""adx_threshold"": 25, ""di_length"": 14}, ""vol"": {""cvi_len"": 28, ""roc_len"": 12}}","{""base"": {""length"": 200}, ""c1"": {""len"": 5}, ""c2"": {""len"": 50}, ""exit_ind"": {""adx_smoothing"": 14, ""adx_threshold"": 25, ""di_length"": 14}, ""vol"": {""cvi_len"": 12, ""roc_len"": 15}}","{""atr_len"": 50, ""atr_mult"": 1.15, ""be_pct"": 0.05, ""tp_mult"": 2.95, ""trail_arm"": 2.0, ""trail_mult"": 0.5}",full,full,,0.1465420383413966,0.404624149970559,,,,,,False,gate2_tuned_modeA_trend.csv,-0.079791769928434,0.3426091199530675,108,2.3648213214208305,-0.0933687483378035,104,0.7084748178658649,-0.1194063841603502,178,0.6886010430901861,True,0.0135769784093695,0.02659579632064285
halftrend_signals,relative_vigor_index_signals,chaikin_volatility_volume_signals,tma_baseline,adx_dmi_exit,trend,A,False,-0.1336978251514682,-29.948312833928888,0.6256460895758893,0.21875,-3.2480398118581113,,32.1457324285517,16.088186045299974,-0.9316419496893754,224,86,138,4,1.0,0.01,1.45,1.65,1.85,"{""base"": {""length"": 37}, ""c1"": {""amplitude"": 329}, ""c2"": {""len"": 10}, ""exit_ind"": {""adx_smoothing"": 14, ""adx_threshold"": 25, ""di_length"": 14}, ""vol"": {""cvi_len"": 10, ""roc_len"": 120}}","{""base"": {""length"": 132}, ""c1"": {""amplitude"": 94}, ""c2"": {""len"": 100}, ""exit_ind"": {""adx_smoothing"": 14, ""adx_threshold"": 25, ""di_length"": 14}, ""vol"": {""cvi_len"": 66, ""roc_len"": 3}}","{""atr_len"": 3, ""atr_mult"": 1.0, ""be_pct"": 0.05, ""tp_mult"": 2.7, ""trail_arm"": 1.65, ""trail_mult"": 0.7}",full,full,,0.1245426494633632,0.3719369598639825,,,,,,False,gate2_tuned_modeA_trend.csv,-0.079791769928434,0.6245977178233587,106,4.009425367694367,-0.0933131292470566,86,0.7568203298410042,-0.1588650994107392,138,0.5335450272620852,True,0.013521359318622611,0.046297344400463916
ehlers_reverse_ema_signals,halftrend_signals,variance_volume_signals,kama_baseline,adx_dmi_exit,trend,A,False,-0.0956185574356335,-38.247422974253425,0.7188897870307713,0.25,-2.0164177631705784,-14.41068756800972,49.85701558610744,31.167724840859616,-0.7671422471767643,400,310,90,31,1.0,0.02,1.3,1.0,2.0,"{""base"": {""fast_length"": 2, ""length"": 19, ""slow_length"": 30}, ""c1"": {""alpha"": 0.123285}, ""c2"": {""amplitude"": 12}, ""exit_ind"": {""adx_smoothing"": 14, ""adx_threshold"": 25, ""di_length"": 14}, ""vol"": {""ema_len"": 5, ""filter_lookback"": 200, ""hline"": 0, ""lookback"": 20}}","{""base"": {""fast_length"": 2, ""length"": 12, ""slow_length"": 24}, ""c1"": {""alpha"": 0.123285}, ""c2"": {""amplitude"": 18}, ""exit_ind"": {""adx_smoothing"": 14, ""adx_threshold"": 25, ""di_length"": 14}, ""vol"": {""ema_len"": 28, ""filter_lookback"": 200, ""hline"": 0, ""lookback"": 5}}","{""atr_len"": 33, ""atr_mult"": 1.0, ""be_pct"": 0.01, ""tp_mult"": 2.9, ""trail_arm"": 1.55, ""trail_mult"": 1.4}",full,full,,0.1544472625940388,0.5556542902606292,,,,,,False,gate2_tuned_modeA_trend.csv,-0.079791769928434,0.3528734709967209,324,2.3877881960854888,-0.0931014609147392,310,0.7377957327279375,-0.1042885565631584,90,0.6388075163890418,True,0.013309690986305203,0.018903238810514797
ssl_channel_signals,donchian_breakout_signals,variance_volume_signals,sma_baseline,adx_dmi_exit,chop,B,False,-0.0732431763618375,-27.319704782965403,0.8780141704828128,0.2144772117962466,-0.8484062695020399,-3.956605452161587,35.1938336533827,17.807305657750714,-0.7762639629439613,373,196,177,6,1.0,0.05,2.55,2.0,1.5,"{""base"": {""length"": 132}, ""c1"": {""len"": 66}, ""c2"": {""length"": 200}, ""exit_ind"": {""adx_smoothing"": 14, ""adx_threshold"": 25, ""di_length"": 14}, ""vol"": {""ema_len"": 5, ""filter_lookback"": 3, ""hline"": 0, ""lookback"": 20}}","{""base"": {""length"": 20}, ""c1"": {""len"": 12}, ""c2"": {""length"": 25}, ""exit_ind"": {""adx_smoothing"": 14, ""adx_threshold"": 25, ""di_length"": 14}, ""vol"": {""ema_len"": 5, ""filter_lookback"": 57, ""hline"": 0, ""lookback"": 87}}","{""atr_len"": 13, ""atr_mult"": 1.0, ""be_pct"": 0.05, ""tp_mult"": 2.6, ""trail_arm"": 2.0, ""trail_mult"": 1.5}",full,full,,0.0501579962404799,0.4144139425416461,,,,,,False,gate2_tuned_modeB.csv,-0.0550301260173602,0.233581827403293,196,1.467983924295314,-0.0683224175907832,196,0.8816295233634274,-0.0786921521761124,177,0.8743237564265458,True,0.013292291573422994,0.01847715886608759
supertrend_signals,parabolic_sar_signals,fractal_dimension_volume_signals,wma_baseline,adx_dmi_exit,trend,A,False,-0.1406825099774733,-28.980597055359503,0.6322807411677372,0.2184466019417475,-3.1372672372135346,-58.75519086716423,46.43762268243355,28.97150434118813,-0.6240758114071653,206,132,74,3,1.0,0.12,1.75,1.0,0.5,"{""base"": {""ma_length"": 25}, ""c1"": {""atr_period"": 2, ""factor"": 9}, ""c2"": {""sar_increment"": 0.007022, ""sar_maximum"": 0.2, ""sar_start"": 0.056961}, ""exit_ind"": {""adx_smoothing"": 14, ""adx_threshold"": 25, ""di_length"": 14}, ""vol"": {""fd_threshold"": 1.5, ""length"": 11}}","{""base"": {""ma_length"": 37}, ""c1"": {""atr_period"": 4, ""factor"": 3}, ""c2"": {""sar_increment"": 0.010673, ""sar_maximum"": 0.2, ""sar_start"": 0.02}, ""exit_ind"": {""adx_smoothing"": 14, ""adx_threshold"": 25, ""di_length"": 14}, ""vol"": {""fd_threshold"": 1.5, ""length"": 16}}","{""atr_len"": 50, ""atr_mult"": 1.0, ""be_pct"": 0.05, ""tp_mult"": 2.6, ""trail_arm"": 1.0, ""trail_mult"": 1.4}",full,full,,0.1015661131430473,1.2498931456997646,,,,,,False,gate2_tuned_modeA_trend.csv,-0.079791769928434,0.3255417259288656,122,2.1528804483963824,-0.1674425279268608,132,0.58926414633344,-0.0929484239055931,74,0.7248726652394447,True,0.013156653977159108,0.05040370598779294
coral_signals,qqe_mod_signals,variance_volume_signals,frama_baseline,adx_dmi_exit,chop,B,False,-0.074650266055156,-29.337554559676313,0.8562603626537505,0.2926208651399491,-1.0669925467755983,-3.669005112430304,37.72497623069954,22.039042635563472,-0.7776692655886215,393,308,85,2,1.0,0.05,2.9,2.0,1.5,"{""base"": {""length"": 100}, ""c1"": {""const_d"": 140, ""smooth_period"": 28}, ""c2"": {""fast_factor"": 1.984883, ""rsi_len"": 5, ""rsi_period"": 17}, ""exit_ind"": {""adx_smoothing"": 14, ""adx_threshold"": 25, ""di_length"": 14}, ""vol"": {""ema_len"": 28, ""filter_lookback"": 2, ""hline"": 0, ""lookback"": 87}}","{""base"": {""length"": 10}, ""c1"": {""const_d"": 14, ""smooth_period"": 10}, ""c2"": {""fast_factor"": 1.305921, ""rsi_len"": 4, ""rsi_period"": 11}, ""exit_ind"": {""adx_smoothing"": 14, ""adx_threshold"": 25, ""di_length"": 14}, ""vol"": {""ema_len"": 12, ""filter_lookback"": 57, ""hline"": 0, ""lookback"": 87}}","{""atr_len"": 31, ""atr_mult"": 1.0, ""be_pct"": 0.05, ""tp_mult"": 1.5, ""trail_arm"": 2.0, ""trail_mult"": 1.5}",full,full,,-0.018847781956878,0.3892239920188624,,,,,,False,gate2_tuned_modeB.csv,-0.0550301260173602,0.1890560255294349,291,1.459230944414725,-0.0681561236446497,308,0.8674087037008436,-0.0981819820838139,85,0.8177061178221012,True,0.013125997627289492,0.02813892684687159
kuskus_starlight_signals,donchian_breakout_signals,chaikin_volatility_volume_signals,rma_baseline,adx_dmi_exit,trend,A,False,-0.0961476091924766,-25.76755926358375,0.7308337835810317,0.2462686567164179,-2.1536113070133496,-29.34860081259948,30.207874411804735,17.816332368212606,-0.8530080240771332,268,106,162,2,1.0,0.03,2.1,1.7,1.95,"{""base"": {""ma_length"": 11}, ""c1"": {""index_smooth"": 0.07, ""price_smooth"": 0.07, ""range_periods"": 56}, ""c2"": {""length"": 11}, ""exit_ind"": {""adx_smoothing"": 14, ""adx_threshold"": 25, ""di_length"": 14}, ""vol"": {""cvi_len"": 66, ""roc_len"": 10}}","{""base"": {""ma_length"": 132}, ""c1"": {""index_smooth"": 0.106394, ""price_smooth"": 0.7, ""range_periods"": 24}, ""c2"": {""length"": 37}, ""exit_ind"": {""adx_smoothing"": 14, ""adx_threshold"": 25, ""di_length"": 14}, ""vol"": {""cvi_len"": 28, ""roc_len"": 10}}","{""atr_len"": 50, ""atr_mult"": 1.0, ""be_pct"": 0.01, ""tp_mult"": 2.55, ""trail_arm"": 2.0, ""trail_mult"": 0.5}",full,full,,0.0883525957628894,0.4386702681173825,,,,,,False,gate2_tuned_modeA_trend.csv,-0.079791769928434,0.3824910869343065,108,2.5036754276574444,-0.1012009566280378,106,0.7284227493019745,-0.0928410979074798,162,0.7325274365914567,True,0.013049327979045802,0.017229257339324802
donchian_breakout_signals,trend_direction_force_index_signals,variance_volume_signals,rma_baseline,adx_dmi_exit,trend,A,False,-0.135876311738681,-24.72948873643995,0.651697341740282,0.1758241758241758,-2.869105932117074,,27.481579029111632,14.255727582552844,-0.8998569081581392,182,120,62,26,1.0,0.05,2.9,1.05,1.0,"{""base"": {""ma_length"": 200}, ""c1"": {""length"": 57}, ""c2"": {""fhigh"": 0.328967, ""flow"": -0.05, ""lookback"": 7}, ""exit_ind"": {""adx_smoothing"": 14, ""adx_threshold"": 25, ""di_length"": 14}, ""vol"": {""ema_len"": 100, ""filter_lookback"": 20, ""hline"": 0, ""lookback"": 20}}","{""base"": {""ma_length"": 5}, ""c1"": {""length"": 25}, ""c2"": {""fhigh"": 0.05, ""flow"": -0.5, ""lookback"": 37}, ""exit_ind"": {""adx_smoothing"": 14, ""adx_threshold"": 25, ""di_length"": 14}, ""vol"": {""ema_len"": 12, ""filter_lookback"": 20, ""hline"": 0, ""lookback"": 25}}","{""atr_len"": 42, ""atr_mult"": 1.0, ""be_pct"": 0.05, ""tp_mult"": 2.75, ""trail_arm"": 1.7, ""trail_mult"": 1.1}",full,full,,0.0583544101879735,0.3501991452735337,,,,,,False,gate2_tuned_modeA_trend.csv,-0.079791769928434,0.4443852015793685,100,2.645871116960625,-0.0928385483346103,120,0.7524305377743725,-0.2191752086497856,62,0.4773514255274335,True,0.01304677840617631,0.07621510856376397
ehlers_reverse_ema_signals,lemantrend_signals,variance_volume_signals,rma_baseline,adx_dmi_exit,trend,A,False,-0.1193712022273987,-23.635498041024956,0.6869470458142389,0.202020202020202,-2.4829845049562476,,26.385635022356947,17.01083851563617,-0.8957714309698531,198,108,90,21,1.0,0.05,2.1,1.9,2.0,"{""base"": {""ma_length"": 57}, ""c1"": {""alpha"": 0.01}, ""c2"": {""fast_period"": 28, ""medium_period"": 21, ""slow_period"": 16, ""smooth"": 6}, ""exit_ind"": {""adx_smoothing"": 14, ""adx_threshold"": 25, ""di_length"": 14}, ""vol"": {""ema_len"": 5, ""filter_lookback"": 20, ""hline"": 0, ""lookback"": 200}}","{""base"": {""ma_length"": 37}, ""c1"": {""alpha"": 0.01}, ""c2"": {""fast_period"": 34, ""medium_period"": 21, ""slow_period"": 11, ""smooth"": 9}, ""exit_ind"": {""adx_smoothing"": 14, ""adx_threshold"": 25, ""di_length"": 14}, ""vol"": {""ema_len"": 10, ""filter_lookback"": 25, ""hline"": 0, ""lookback"": 200}}","{""atr_len"": 6, ""atr_mult"": 1.0, ""be_pct"": 0.01, ""tp_mult"": 2.55, ""trail_arm"": 1.7, ""trail_mult"": 0.95}",full,full,,0.0162356476440727,0.4560496407588204,,,,,,False,gate2_tuned_modeA_trend.csv,-0.079791769928434,0.4153913176860169,106,2.630795543508067,-0.1415943103548267,108,0.6443677786436908,-0.0927034724744852,90,0.7432826916091182,True,0.012911702546051201,0.03735712148622196
waddah_attar_explosion_signals,dpo_signals,variance_volume_signals,kama_baseline,adx_dmi_exit,chop,B,False,-0.0691761081392238,-10.445592329022798,0.8549498251462173,0.23841059602649,-0.9446617976858858,-3.370753833968456,17.37976316561445,9.567642144413904,-0.6010204068654523,151,72,79,50,1.0,0.05,2.45,2.0,1.5,"{""base"": {""fast_length"": 2, ""length"": 12, ""slow_length"": 3}, ""c1"": {""bbLen"": 2, ""bbStd"": 2, ""fastEma"": 20, ""sensitivity"": 122, ""slowEma"": 49}, ""c2"": {""len"": 50}, ""exit_ind"": {""adx_smoothing"": 14, ""adx_threshold"": 25, ""di_length"": 14}, ""vol"": {""ema_len"": 10, ""filter_lookback"": 5, ""hline"": 0, ""lookback"": 132}}","{""base"": {""fast_length"": 2, ""length"": 28, ""slow_length"": 24}, ""c1"": {""bbLen"": 200, ""bbStd"": 2, ""fastEma"": 20, ""sensitivity"": 150, ""slowEma"": 32}, ""c2"": {""len"": 94}, ""exit_ind"": {""adx_smoothing"": 14, ""adx_threshold"": 25, ""di_length"": 14}, ""vol"": {""ema_len"": 2, ""filter_lookback"": 25, ""hline"": 0, ""lookback"": 57}}","{""atr_len"": 50, ""atr_mult"": 1.0, ""be_pct"": 0.05, ""tp_mult"": 2.7, ""trail_arm"": 2.0, ""trail_mult"": 1.5}",full,full,,0.1076657387729619,0.5255566848596972,,,,,,False,gate2_tuned_modeB.csv,-0.0550301260173602,0.6272527577629826,104,2.5229772584986203,-0.06794085125858,72,0.8712817811357754,-0.0703019118785447,79,0.8367002408223929,True,0.012910725241219799,0.014091255551202143
price_momentum_oscillator_signals,kase_peak_oscillator_signals,chaikin_volatility_volume_signals,ema_baseline,adx_dmi_exit,trend,A,False,-0.1012603848719379,-21.66972236259472,0.7435649099555587,0.1869158878504672,-1.9149010888223643,-32.562960657602,21.16972236259473,12.458469807696774,-1.0236186375728504,214,142,72,2,1.0,0.1,3.0,1.0,2.0,"{""base"": {""ma_length"": 37}, ""c1"": {""s1"": 19, ""s2"": 132, ""sig"": 10}, ""c2"": {""long_cycle"": 35, ""sharpness"": 40, ""short_cycle"": 6}, ""exit_ind"": {""adx_smoothing"": 14, ""adx_threshold"": 25, ""di_length"": 14}, ""vol"": {""cvi_len"": 28, ""roc_len"": 15}}","{""base"": {""ma_length"": 132}, ""c1"": {""s1"": 35, ""s2"": 25, ""sig"": 10}, ""c2"": {""long_cycle"": 281, ""sharpness"": 40, ""short_cycle"": 2}, ""exit_ind"": {""adx_smoothing"": 14, ""adx_threshold"": 25, ""di_length"": 14}, ""vol"": {""cvi_len"": 12, ""roc_len"": 15}}","{""atr_len"": 50, ""atr_mult"": 1.0, ""be_pct"": 0.05, ""tp_mult"": 2.95, ""trail_arm"": 1.85, ""trail_mult"": 0.5}",full,full,,0.1429636248937627,0.9563319470450208,,,,,,False,gate2_tuned_modeA_trend.csv,-0.079791769928434,0.4486933493629189,134,2.5416643285802847,-0.1056459631948222,142,0.7368118109883376,-0.0926110498462494,72,0.7575603425804015,True,0.01281927991781541,0.019336736592101805
supertrend_signals,parabolic_sar_signals,damiani_volatmeter_volume_signals,frama_baseline,adx_dmi_exit,chop,B,False,-0.1234149543307966,-23.572256277182152,0.7848563663008765,0.3298429319371728,-1.797209247579858,-7.759609399975512,33.89950699818048,16.700840738944965,-0.6953569052920849,191,121,70,45,1.0,0.05,1.5,2.0,1.5,"{""base"": {""length"": 8}, ""c1"": {""atr_period"": 66, ""factor"": 3}, ""c2"": {""sar_increment"": 0.02, ""sar_maximum"": 0.2, ""sar_start"": 0.02}, ""exit_ind"": {""adx_smoothing"": 14, ""adx_threshold"": 25, ""di_length"": 14}, ""vol"": {""lag"": 1.4, ""sedimentation"": 94, ""threshold"": 1.725985, ""viscosity"": 2}}","{""base"": {""length"": 28}, ""c1"": {""atr_period"": 12, ""factor"": 4}, ""c2"": {""sar_increment"": 0.02, ""sar_maximum"": 0.2, ""sar_start"": 0.016223}, ""exit_ind"": {""adx_smoothing"": 14, ""adx_threshold"": 25, ""di_length"": 14}, ""vol"": {""lag"": 1.4, ""sedimentation"": 62, ""threshold"": 1.4, ""viscosity"": 2}}","{""atr_len"": 47, ""atr_mult"": 1.0, ""be_pct"": 0.05, ""tp_mult"": 1.5, ""trail_arm"": 2.0, ""trail_mult"": 1.5}",full,full,,0.1306897953438176,0.4738288096740989,,,,,,False,gate2_tuned_modeB.csv,-0.0550301260173602,0.3537170883179849,113,1.8947266495757964,-0.0678413857199868,121,0.8780175433651721,-0.2194778372151963,70,0.6365420160667484,True,0.012811259702626594,0.08862948545023133
qqe_mod_signals,halftrend_signals,chaikin_volatility_volume_signals,t3_baseline,adx_dmi_exit,trend,A,False,-0.1206420324837809,-18.09630487256714,0.611302528802993,0.2533333333333333,-2.9587746306284277,-16.019268982792873,19.65541819777376,12.324202878041357,-0.9206776823815832,150,70,80,20,1.0,0.01,1.0,1.65,1.4,"{""base"": {""length"": 43, ""volume_factor"": 0.7}, ""c1"": {""fast_factor"": 0.859209, ""rsi_len"": 5, ""rsi_period"": 5}, ""c2"": {""amplitude"": 12}, ""exit_ind"": {""adx_smoothing"": 14, ""adx_threshold"": 25, ""di_length"": 14}, ""vol"": {""cvi_len"": 28, ""roc_len"": 12}}","{""base"": {""length"": 19, ""volume_factor"": 0.106394}, ""c1"": {""fast_factor"": 1.61, ""rsi_len"": 5, ""rsi_period"": 7}, ""c2"": {""amplitude"": 18}, ""exit_ind"": {""adx_smoothing"": 14, ""adx_threshold"": 25, ""di_length"": 14}, ""vol"": {""cvi_len"": 100, ""roc_len"": 6}}","{""atr_len"": 7, ""atr_mult"": 1.0, ""be_pct"": 0.03, ""tp_mult"": 3.0, ""trail_arm"": 1.1, ""trail_mult"": 1.5}",full,full,,0.1293430904919055,0.4621042298876267,,,,,,False,gate2_tuned_modeA_trend.csv,-0.079791769928434,0.4890122368919569,112,3.640838857220443,-0.1526938668842837,70,0.5321462424391528,-0.092596677383341,80,0.6875732345376951,True,0.012804907454907005,0.042853502205378355
dpo_signals,supertrend_signals,chaikin_volatility_volume_signals,sma_baseline,adx_dmi_exit,trend,A,False,-0.1336292015479081,-36.34714282103102,0.6417829821552982,0.1875,-2.9259046326342357,-21.610868701766684,37.693220125843055,18.02860220819466,-0.964288609455016,272,114,158,5,1.0,0.01,2.75,1.55,1.85,"{""base"": {""length"": 25}, ""c1"": {""len"": 142}, ""c2"": {""atr_period"": 10, ""factor"": 3}, ""exit_ind"": {""adx_smoothing"": 14, ""adx_threshold"": 25, ""di_length"": 14}, ""vol"": {""cvi_len"": 19, ""roc_len"": 15}}","{""base"": {""length"": 200}, ""c1"": {""len"": 18}, ""c2"": {""atr_period"": 100, ""factor"": 4}, ""exit_ind"": {""adx_smoothing"": 14, ""adx_threshold"": 25, ""di_length"": 14}, ""vol"": {""cvi_len"": 19, ""roc_len"": 10}}","{""atr_len"": 46, ""atr_mult"": 1.0, ""be_pct"": 0.01, ""tp_mult"": 2.55, ""trail_arm"": 1.0, ""trail_mult"": 1.25}",full,full,,0.1819163765128874,0.5550634758502109,,,,,,False,gate2_tuned_modeA_trend.csv,-0.079791769928434,0.4350706602822989,104,2.8310525341735304,-0.0925685696656873,114,0.7398060914436839,-0.1632552270831814,158,0.5765126161168995,True,0.012776799737253305,0.048120128446000346
ichimoku_signals,kuskus_starlight_signals,chaikin_volatility_volume_signals,tma_baseline,adx_dmi_exit,trend,A,False,-0.1233643178041944,-21.21866266232145,0.6713057904322577,0.2034883720930232,-2.729460515791805,-33.652479879072615,27.001240532703832,15.286319996057404,-0.7858402889534449,172,108,64,4,1.0,0.14,2.3,1.1,2.0,"{""base"": {""length"": 37}, ""c1"": {""base_len"": 14, ""conversion_len"": 9, ""displacement"": 74, ""span_b_len"": 520}, ""c2"": {""index_smooth"": 0.567792, ""price_smooth"": 0.567792, ""range_periods"": 56}, ""exit_ind"": {""adx_smoothing"": 14, ""adx_threshold"": 25, ""di_length"": 14}, ""vol"": {""cvi_len"": 10, ""roc_len"": 12}}","{""base"": {""length"": 87}, ""c1"": {""base_len"": 32, ""conversion_len"": 9, ""displacement"": 21, ""span_b_len"": 64}, ""c2"": {""index_smooth"": 0.7, ""price_smooth"": 0.862993, ""range_periods"": 11}, ""exit_ind"": {""adx_smoothing"": 14, ""adx_threshold"": 25, ""di_length"": 14}, ""vol"": {""cvi_len"": 66, ""roc_len"": 22}}","{""atr_len"": 31, ""atr_mult"": 1.0, ""be_pct"": 0.01, ""tp_mult"": 2.5, ""trail_arm"": 2.0, ""trail_mult"": 0.55}",full,full,,0.1614352116082549,1.3087533213034528,,,,,,False,gate2_tuned_modeA_trend.csv,-0.079791769928434,0.5760670370576995,116,3.4069439425299977,-0.1416552920276115,108,0.627353811866698,-0.0924982988021782,64,0.7480897394323658,True,0.01270652887374421,0.03728502548646086
kuskus_starlight_signals,laguerre_filter_signals,chaikin_volatility_volume_signals,sma_baseline,adx_dmi_exit,trend,A,False,-0.1079909901533216,-34.77309882936957,0.6804813701876694,0.2484472049689441,-2.5952133668644097,-15.289787937813813,38.919912037437214,22.30295170130724,-0.8934526572393379,322,112,210,5,1.0,0.01,2.45,2.0,1.8,"{""base"": {""length"": 25}, ""c1"": {""index_smooth"": 0.567792, ""price_smooth"": 0.862993, ""range_periods"": 16}, ""c2"": {""alpha"": 0.070224}, ""exit_ind"": {""adx_smoothing"": 14, ""adx_threshold"": 25, ""di_length"": 14}, ""vol"": {""cvi_len"": 28, ""roc_len"": 12}}","{""base"": {""length"": 200}, ""c1"": {""index_smooth"": 0.245783, ""price_smooth"": 0.161709, ""range_periods"": 30}, ""c2"": {""alpha"": 0.2}, ""exit_ind"": {""adx_smoothing"": 14, ""adx_threshold"": 25, ""di_length"": 14}, ""vol"": {""cvi_len"": 19, ""roc_len"": 12}}","{""atr_len"": 50, ""atr_mult"": 1.0, ""be_pct"": 0.05, ""tp_mult"": 2.75, ""trail_arm"": 1.3, ""trail_mult"": 1.25}",full,full,,0.178291863499194,0.3291245269364243,,,,,,False,gate2_tuned_modeA_trend.csv,-0.079791769928434,0.4072113092502079,104,2.4603440055869523,-0.1373134543563962,112,0.6350440286421941,-0.0923523425783486,210,0.7091919984603495,True,0.0125605726499146,0.0350411285389384
bears_bulls_impulse_signals,supertrend_signals,chaikin_volatility_volume_signals,t3_baseline,adx_dmi_exit,trend,A,False,-0.094282142953699,-24.70192145386916,0.7394091382480356,0.2137404580152671,-1.9658696251832273,-15.524999867297751,24.436353550864887,11.665088203547148,-1.0108677386113067,262,126,136,2,1.05,0.05,3.0,1.9,2.0,"{""base"": {""length"": 28, ""volume_factor"": 0.7}, ""c1"": {""length"": 130}, ""c2"": {""atr_period"": 10, ""factor"": 3}, ""exit_ind"": {""adx_smoothing"": 14, ""adx_threshold"": 25, ""di_length"": 14}, ""vol"": {""cvi_len"": 43, ""roc_len"": 12}}","{""base"": {""length"": 100, ""volume_factor"": 0.567792}, ""c1"": {""length"": 7}, ""c2"": {""atr_period"": 66, ""factor"": 4}, ""exit_ind"": {""adx_smoothing"": 14, ""adx_threshold"": 25, ""di_length"": 14}, ""vol"": {""cvi_len"": 8, ""roc_len"": 15}}","{""atr_len"": 50, ""atr_mult"": 1.0, ""be_pct"": 0.05, ""tp_mult"": 2.65, ""trail_arm"": 1.85, ""trail_mult"": 0.55}",full,full,,0.1384920299849365,0.5023515582713636,,,,,,False,gate2_tuned_modeA_trend.csv,-0.079791769928434,0.5877279027838156,100,3.613505291229023,-0.0923411810891632,126,0.735578698387886,-0.0960803870340778,136,0.7427276068563644,True,0.012549411160729204,0.014419014133186511
center_of_gravity_signals,hieken_ashi_smoothed_signals,ttm_squeeze_volume_signals,rma_baseline,adx_dmi_exit,chop,B,False,-0.1628260462031389,-40.05520736597218,0.7431108485809023,0.1707317073170731,-1.8751165789817772,-8.573768832358729,52.634024182509904,36.77065695919994,-0.7610135836674707,246,97,149,3,1.0,0.05,3.0,2.0,1.5,"{""base"": {""ma_length"": 37}, ""c1"": {""length"": 19, ""signal_length"": 6}, ""c2"": {""alma_offset1"": 0.85, ""alma_offset2"": 0.85, ""alma_sigma1"": 6, ""alma_sigma2"": 6, ""ama_smooth1"": 0.181, ""ama_smooth2"": 0.181, ""frama_t1_a"": 1, ""frama_t1_b"": 168, ""frama_t2_a"": 1, ""frama_t2_b"": 168, ""lsma_offset1"": 0, ""lsma_offset2"": 0, ""ma_len1"": 80, ""ma_len2"": 15, ""vol_factor1"": 1.53653, ""vol_factor2"": 1.010934}, ""exit_ind"": {""adx_smoothing"": 14, ""adx_threshold"": 25, ""di_length"": 14}, ""vol"": {""bb_length"": 11, ""bb_mult"": 2, ""kc_length"": 25, ""kc_mult"": 1.84927}}","{""base"": {""ma_length"": 200}, ""c1"": {""length"": 19, ""signal_length"": 2}, ""c2"": {""alma_offset1"": 0.85, ""alma_offset2"": 0.85, ""alma_sigma1"": 6, ""alma_sigma2"": 6, ""ama_smooth1"": 0.181, ""ama_smooth2"": 0.181, ""frama_t1_a"": 1, ""frama_t1_b"": 168, ""frama_t2_a"": 1, ""frama_t2_b"": 168, ""lsma_offset1"": 0, ""lsma_offset2"": 0, ""ma_len1"": 15, ""ma_len2"": 8, ""vol_factor1"": 0.82, ""vol_factor2"": 1.010934}, ""exit_ind"": {""adx_smoothing"": 14, ""adx_threshold"": 25, ""di_length"": 14}, ""vol"": {""bb_length"": 16, ""bb_mult"": 2, ""kc_length"": 20, ""kc_mult"": 1.5}}","{""atr_len"": 50, ""atr_mult"": 1.0, ""be_pct"": 0.05, ""tp_mult"": 2.65, ""trail_arm"": 2.0, ""trail_mult"": 1.5}",full,full,,0.0209925573052132,0.6097042129321653,,,,,,False,gate2_tuned_modeB.csv,-0.0550301260173602,0.5912348261676116,105,2.3330298299744427,-0.3092795297337258,97,0.5345219373025775,-0.0674838455154414,149,0.890077010116878,True,0.012453719498081196,0.1333515616072234
j_tpo_signals,kuskus_starlight_signals,variance_volume_signals,kama_baseline,adx_dmi_exit,trend,A,False,-0.0946716447486071,-14.958119870279935,0.743147622133982,0.2531645569620253,-2.101579845372942,-30.35919073679585,15.799502167621254,7.790789445840225,-0.9467462779260472,158,92,66,30,1.0,0.01,2.9,1.5,1.8,"{""base"": {""fast_length"": 2, ""length"": 19, ""slow_length"": 56}, ""c1"": {""ema_len"": 200, ""len"": 114}, ""c2"": {""index_smooth"": 0.7, ""price_smooth"": 0.567792, ""range_periods"": 30}, ""exit_ind"": {""adx_smoothing"": 14, ""adx_threshold"": 25, ""di_length"": 14}, ""vol"": {""ema_len"": 5, ""filter_lookback"": 200, ""hline"": 0, ""lookback"": 20}}","{""base"": {""fast_length"": 13, ""length"": 19, ""slow_length"": 30}, ""c1"": {""ema_len"": 200, ""len"": 49}, ""c2"": {""index_smooth"": 0.7, ""price_smooth"": 0.7, ""range_periods"": 30}, ""exit_ind"": {""adx_smoothing"": 14, ""adx_threshold"": 25, ""di_length"": 14}, ""vol"": {""ema_len"": 12, ""filter_lookback"": 16, ""hline"": 0, ""lookback"": 25}}","{""atr_len"": 49, ""atr_mult"": 1.26, ""be_pct"": 0.05, ""tp_mult"": 2.9, ""trail_arm"": 1.6, ""trail_mult"": 1.25}",full,full,,0.1425866957607924,0.6718998727366623,,,,,,False,gate2_tuned_modeA_trend.csv,-0.079791769928434,0.4225669849042279,100,2.6902679396169145,-0.0964220412907697,92,0.7390933000367403,-0.0922316980534715,66,0.7488352569152624,True,0.012439928125037511,0.014535099743686608
hieken_ashi_smoothed_signals,vortex_signals,variance_volume_signals,sma_baseline,adx_dmi_exit,trend,A,False,-0.1057202376095483,-18.39532134406142,0.7053982160314154,0.2413793103448276,-2.3458231274047145,-21.052772247029576,17.895321344061404,10.109185766315685,-1.0279402638481223,174,104,70,6,1.0,0.17,2.95,1.0,1.4,"{""base"": {""length"": 37}, ""c1"": {""alma_offset1"": 0.85, ""alma_offset2"": 0.85, ""alma_sigma1"": 6, ""alma_sigma2"": 6, ""ama_smooth1"": 0.181, ""ama_smooth2"": 0.181, ""frama_t1_a"": 1, ""frama_t1_b"": 168, ""frama_t2_a"": 1, ""frama_t2_b"": 168, ""lsma_offset1"": 0, ""lsma_offset2"": 0, ""ma_len1"": 8, ""ma_len2"": 8, ""vol_factor1"": 0.82, ""vol_factor2"": 0.82}, ""c2"": {""period"": 140}, ""exit_ind"": {""adx_smoothing"": 14, ""adx_threshold"": 25, ""di_length"": 14}, ""vol"": {""ema_len"": 19, ""filter_lookback"": 200, ""hline"": 0, ""lookback"": 20}}","{""base"": {""length"": 200}, ""c1"": {""alma_offset1"": 0.85, ""alma_offset2"": 0.85, ""alma_sigma1"": 6, ""alma_sigma2"": 6, ""ama_smooth1"": 0.181, ""ama_smooth2"": 0.181, ""frama_t1_a"": 1, ""frama_t1_b"": 168, ""frama_t2_a"": 1, ""frama_t2_b"": 168, ""lsma_offset1"": 0, ""lsma_offset2"": 0, ""ma_len1"": 10, ""ma_len2"": 4, ""vol_factor1"": 0.189431, ""vol_factor2"": 0.189431}, ""c2"": {""period"": 11}, ""exit_ind"": {""adx_smoothing"": 14, ""adx_threshold"": 25, ""di_length"": 14}, ""vol"": {""ema_len"": 10, ""filter_lookback"": 132, ""hline"": 0, ""lookback"": 20}}","{""atr_len"": 26, ""atr_mult"": 1.0, ""be_pct"": 0.05, ""tp_mult"": 3.0, ""trail_arm"": 2.0, ""trail_mult"": 1.55}",full,full,,0.1354615513016339,1.2413121067582742,,,,,,False,gate2_tuned_modeA_trend.csv,-0.079791769928434,0.42296646039057,102,2.500509322970056,-0.0922081224511778,104,0.7541116734635257,-0.125795380130556,70,0.6243521979953025,True,0.012416352522743812,0.0292099813624329
halftrend_signals,center_of_gravity_signals,efficiency_ratio_volume_signals,t3_baseline,adx_dmi_exit,trend,A,False,-0.0979074273711756,-17.623336926811618,0.6922655611704742,0.2722222222222222,-2.297849919382793,-24.361109806736284,19.07524497230866,12.31138329320212,-0.9238852215211516,180,106,74,4,1.0,0.06,1.05,1.0,1.75,"{""base"": {""length"": 10, ""volume_factor"": 0.7}, ""c1"": {""amplitude"": 500}, ""c2"": {""length"": 12, ""signal_length"": 9}, ""exit_ind"": {""adx_smoothing"": 14, ""adx_threshold"": 25, ""di_length"": 14}, ""vol"": {""er_threshold"": 0.369854, ""length"": 8}}","{""base"": {""length"": 12, ""volume_factor"": 0.7}, ""c1"": {""amplitude"": 50}, ""c2"": {""length"": 10, ""signal_length"": 3}, ""exit_ind"": {""adx_smoothing"": 14, ""adx_threshold"": 25, ""di_length"": 14}, ""vol"": {""er_threshold"": 0.3, ""length"": 43}}","{""atr_len"": 49, ""atr_mult"": 1.0, ""be_pct"": 0.01, ""tp_mult"": 1.5, ""trail_arm"": 1.95, ""trail_mult"": 1.2}",full,full,,0.0353168858067272,0.742105632035761,,,,,,False,gate2_tuned_modeA_trend.csv,-0.079791769928434,0.4339810341558626,112,3.4302937912728337,-0.0921555991980686,106,0.719037835786586,-0.1061465325921126,74,0.6508958483637174,True,0.0123638292696346,0.0193592959666566
j_tpo_signals,halftrend_signals,variance_volume_signals,sma_baseline,adx_dmi_exit,trend,A,False,-0.1178048336244265,-21.911699054143337,0.6711396028856786,0.2096774193548387,-2.628251332740097,-15.11732423404572,21.59226014147903,11.695687716073744,-1.0147941396857598,186,104,82,2,1.0,0.05,3.0,1.6,2.0,"{""base"": {""length"": 20}, ""c1"": {""ema_len"": 200, ""len"": 21}, ""c2"": {""amplitude"": 18}, ""exit_ind"": {""adx_smoothing"": 14, ""adx_threshold"": 25, ""di_length"": 14}, ""vol"": {""ema_len"": 8, ""filter_lookback"": 200, ""hline"": 0, ""lookback"": 25}}","{""base"": {""length"": 20}, ""c1"": {""ema_len"": 200, ""len"": 40}, ""c2"": {""amplitude"": 27}, ""exit_ind"": {""adx_smoothing"": 14, ""adx_threshold"": 25, ""di_length"": 14}, ""vol"": {""ema_len"": 66, ""filter_lookback"": 132, ""hline"": 0, ""lookback"": 11}}","{""atr_len"": 44, ""atr_mult"": 1.0, ""be_pct"": 0.01, ""tp_mult"": 2.85, ""trail_arm"": 1.0, ""trail_mult"": 1.15}",full,full,,0.1894259538417339,0.8477869601001892,,,,,,False,gate2_tuned_modeA_trend.csv,-0.079791769928434,0.5930936728706194,136,3.453861118514408,-0.0921445389790249,104,0.7496800430319969,-0.1503495975649358,82,0.5650657698736391,True,0.012352769050590906,0.041455298343546346
hieken_ashi_smoothed_signals,laguerre_filter_signals,variance_volume_signals,kama_baseline,adx_dmi_exit,trend,A,False,-0.0963859764028753,-20.626598950215325,0.6849727676555647,0.2616822429906542,-2.4647317105755744,-10.427134973545956,20.975133115592858,12.198286895116055,-0.9833834587148136,214,86,128,3,1.0,0.05,2.9,1.15,0.65,"{""base"": {""fast_length"": 2, ""length"": 19, ""slow_length"": 56}, ""c1"": {""alma_offset1"": 0.85, ""alma_offset2"": 0.85, ""alma_sigma1"": 6, ""alma_sigma2"": 6, ""ama_smooth1"": 0.181, ""ama_smooth2"": 0.181, ""frama_t1_a"": 1, ""frama_t1_b"": 168, ""frama_t2_a"": 1, ""frama_t2_b"": 168, ""lsma_offset1"": 0, ""lsma_offset2"": 0, ""ma_len1"": 2, ""ma_len2"": 8, ""vol_factor1"": 0.82, ""vol_factor2"": 0.82}, ""c2"": {""alpha"": 0.2}, ""exit_ind"": {""adx_smoothing"": 14, ""adx_threshold"": 25, ""di_length"": 14}, ""vol"": {""ema_len"": 19, ""filter_lookback"": 20, ""hline"": 0, ""lookback"": 132}}","{""base"": {""fast_length"": 2, ""length"": 19, ""slow_length"": 37}, ""c1"": {""alma_offset1"": 0.85, ""alma_offset2"": 0.85, ""alma_sigma1"": 6, ""alma_sigma2"": 6, ""ama_smooth1"": 0.181, ""ama_smooth2"": 0.181, ""frama_t1_a"": 1, ""frama_t1_b"": 168, ""frama_t2_a"": 1, ""frama_t2_b"": 168, ""lsma_offset1"": 0, ""lsma_offset2"": 0, ""ma_len1"": 10, ""ma_len2"": 10, ""vol_factor1"": 1.010934, ""vol_factor2"": 0.82}, ""c2"": {""alpha"": 0.162226}, ""exit_ind"": {""adx_smoothing"": 14, ""adx_threshold"": 25, ""di_length"": 14}, ""vol"": {""ema_len"": 10, ""filter_lookback"": 16, ""hline"": 0, ""lookback"": 25}}","{""atr_len"": 37, ""atr_mult"": 1.1, ""be_pct"": 0.05, ""tp_mult"": 3.0, ""trail_arm"": 1.1, ""trail_mult"": 1.2}",full,full,,0.1677436976261711,0.6359780128742344,,,,,,False,gate2_tuned_modeA_trend.csv,-0.079791769928434,0.4706625465826279,102,3.568993145042618,-0.1027180062757772,86,0.6669220877282718,-0.0921316438320194,128,0.697262439359395,True,0.012339873903585402,0.0176330551254643
ichimoku_signals,relative_vigor_index_signals,chaikin_volatility_volume_signals,sma_baseline,adx_dmi_exit,trend,A,False,-0.1311453908808803,-21.50784410446438,0.6741235741747819,0.1829268292682926,-2.5855627960445307,,27.66440698289238,13.170875060333303,-0.7774554545038609,164,110,54,4,1.0,0.01,2.65,1.3,1.65,"{""base"": {""length"": 25}, ""c1"": {""base_len"": 14, ""conversion_len"": 9, ""displacement"": 3, ""span_b_len"": 97}, ""c2"": {""len"": 10}, ""exit_ind"": {""adx_smoothing"": 14, ""adx_threshold"": 25, ""di_length"": 14}, ""vol"": {""cvi_len"": 12, ""roc_len"": 12}}","{""base"": {""length"": 25}, ""c1"": {""base_len"": 21, ""conversion_len"": 5, ""displacement"": 32, ""span_b_len"": 520}, ""c2"": {""len"": 66}, ""exit_ind"": {""adx_smoothing"": 14, ""adx_threshold"": 25, ""di_length"": 14}, ""vol"": {""cvi_len"": 12, ""roc_len"": 4}}","{""atr_len"": 50, ""atr_mult"": 1.0, ""be_pct"": 0.01, ""tp_mult"": 2.85, ""trail_arm"": 1.55, ""trail_mult"": 1.55}",full,full,,0.1877398574385329,1.1124551675499366,,,,,,False,gate2_tuned_modeA_trend.csv,-0.079791769928434,0.5420245069185782,122,3.13312870464731,-0.092107814350473,110,0.7697304641238173,-0.2106663801094878,54,0.4829097942767104,True,0.012316044422039,0.0715953273015464
bears_bulls_impulse_signals,coral_signals,efficiency_ratio_volume_signals,lsma_baseline,adx_dmi_exit,trend,A,False,-0.1083203245674108,-28.596565685796467,0.7022486988986262,0.2196969696969697,-2.359245725296879,-21.058766759440488,33.28858630309442,21.412503888291106,-0.8590501688904165,264,140,124,3,1.0,0.05,2.3,1.8,1.5,"{""base"": {""length"": 37, ""lsma_offset"": 0}, ""c1"": {""length"": 24}, ""c2"": {""const_d"": 140, ""smooth_period"": 10}, ""exit_ind"": {""adx_smoothing"": 14, ""adx_threshold"": 25, ""di_length"": 14}, ""vol"": {""er_threshold"": 0.369854, ""length"": 10}}","{""base"": {""length"": 25, ""lsma_offset"": 0}, ""c1"": {""length"": 7}, ""c2"": {""const_d"": 14, ""smooth_period"": 12}, ""exit_ind"": {""adx_smoothing"": 14, ""adx_threshold"": 25, ""di_length"": 14}, ""vol"": {""er_threshold"": 0.3, ""length"": 66}}","{""atr_len"": 50, ""atr_mult"": 1.0, ""be_pct"": 0.05, ""tp_mult"": 2.8, ""trail_arm"": 1.05, ""trail_mult"": 0.5}",full,full,,0.0796497116750746,0.3574195666693369,,,,,,False,gate2_tuned_modeA_trend.csv,-0.079791769928434,0.3991774283978697,114,2.5933831833738075,-0.1227002146892415,140,0.6805651747221175,-0.0920849647524406,124,0.7298376609252933,True,0.012293194824006606,0.027600819792407055
j_tpo_signals,bears_bulls_impulse_signals,variance_volume_signals,kama_baseline,adx_dmi_exit,trend,A,False,-0.0971871208226455,-14.578068123396829,0.7453550618999791,0.2133333333333333,-2.0133714872460375,-31.411063520315913,21.12712588631214,12.03258810787409,-0.6900166261063309,150,92,58,4,1.0,0.05,3.0,2.0,1.95,"{""base"": {""fast_length"": 2, ""length"": 19, ""slow_length"": 85}, ""c1"": {""ema_len"": 200, ""len"": 32}, ""c2"": {""length"": 13}, ""exit_ind"": {""adx_smoothing"": 14, ""adx_threshold"": 25, ""di_length"": 14}, ""vol"": {""ema_len"": 19, ""filter_lookback"": 20, ""hline"": 0, ""lookback"": 132}}","{""base"": {""fast_length"": 4, ""length"": 10, ""slow_length"": 16}, ""c1"": {""ema_len"": 200, ""len"": 40}, ""c2"": {""length"": 37}, ""exit_ind"": {""adx_smoothing"": 14, ""adx_threshold"": 25, ""di_length"": 14}, ""vol"": {""ema_len"": 66, ""filter_lookback"": 200, ""hline"": 0, ""lookback"": 11}}","{""atr_len"": 12, ""atr_mult"": 1.0, ""be_pct"": 0.02, ""tp_mult"": 2.5, ""trail_arm"": 1.15, ""trail_mult"": 0.7}",full,full,,0.2483233393386343,1.175805445233475,,,,,,False,gate2_tuned_modeA_trend.csv,-0.079791769928434,0.617258384739869,116,3.864078905192989,-0.0919102058377395,92,0.7584074589407991,-0.1055573997642205,58,0.7248219163715481,True,0.012118435909305503,0.018942032872546005
didi_index_signals,bears_bulls_impulse_signals,variance_volume_signals,kama_baseline,adx_dmi_exit,trend,A,False,-0.1287860569837254,-23.439062371038023,0.656580312767782,0.1923076923076923,-2.523366450383488,-33.23363465530112,29.201910394738903,15.118547145101504,-0.802655102155949,182,112,70,4,1.0,0.01,1.45,2.0,1.75,"{""base"": {""fast_length"": 2, ""length"": 19, ""slow_length"": 130}, ""c1"": {""long_p"": 37, ""medium"": 8}, ""c2"": {""length"": 11}, ""exit_ind"": {""adx_smoothing"": 14, ""adx_threshold"": 25, ""di_length"": 14}, ""vol"": {""ema_len"": 28, ""filter_lookback"": 11, ""hline"": 0, ""lookback"": 132}}","{""base"": {""fast_length"": 2, ""length"": 100, ""slow_length"": 30}, ""c1"": {""long_p"": 37, ""medium"": 3}, ""c2"": {""length"": 56}, ""exit_ind"": {""adx_smoothing"": 14, ""adx_threshold"": 25, ""di_length"": 14}, ""vol"": {""ema_len"": 8, ""filter_lookback"": 11, ""hline"": 0, ""lookback"": 132}}","{""atr_len"": 24, ""atr_mult"": 1.0, ""be_pct"": 0.18, ""tp_mult"": 3.0, ""trail_arm"": 2.0, ""trail_mult"": 0.95}",full,full,,0.1166668213491019,1.019042690338235,,,,,,False,gate2_tuned_modeA_trend.csv,-0.079791769928434,0.4062556040321681,136,2.546665268366575,-0.0918602300848357,112,0.7621298825098269,-0.1878673800219489,70,0.4739713359385433,True,0.0120684601564017,0.0600720351249583
bears_bulls_impulse_signals,schaff_trend_cycle_signals,chaikin_volatility_volume_signals,wma_baseline,adx_dmi_exit,trend,A,False,-0.1204734022179037,-36.38296746980694,0.6825567285211133,0.195364238410596,-2.4653594661990317,-26.70725046530538,35.88672025159442,21.068663705200112,-1.0138281574558343,302,158,144,35,1.0,0.12,3.0,1.55,1.4,"{""base"": {""ma_length"": 37}, ""c1"": {""length"": 37}, ""c2"": {""cycleLen"": 2, ""d1"": 3, ""d2"": 3, ""lowerBand"": 25, ""macdFast"": 43, ""macdSlow"": 41, ""stc_midline"": 62, ""upperBand"": 75}, ""exit_ind"": {""adx_smoothing"": 14, ""adx_threshold"": 25, ""di_length"": 14}, ""vol"": {""cvi_len"": 10, ""roc_len"": 12}}","{""base"": {""ma_length"": 200}, ""c1"": {""length"": 56}, ""c2"": {""cycleLen"": 66, ""d1"": 3, ""d2"": 3, ""lowerBand"": 25, ""macdFast"": 23, ""macdSlow"": 500, ""stc_midline"": 12, ""upperBand"": 75}, ""exit_ind"": {""adx_smoothing"": 14, ""adx_threshold"": 25, ""di_length"": 14}, ""vol"": {""cvi_len"": 28, ""roc_len"": 10}}","{""atr_len"": 50, ""atr_mult"": 1.0, ""be_pct"": 0.09, ""tp_mult"": 2.9, ""trail_arm"": 2.0, ""trail_mult"": 1.3}",full,full,,0.1107642133614545,0.4943543450450754,,,,,,False,gate2_tuned_modeA_trend.csv,-0.079791769928434,0.6024450846366249,140,3.4021237128197614,-0.1466514583325867,158,0.6242344314319964,-0.0917502573142933,144,0.7504773070602361,True,0.011958487385859307,0.03940908789500601
ichimoku_signals,fisher_transform_signals,choppiness_index_volume_signals,rma_baseline,adx_dmi_exit,trend,A,False,-0.1053572520877663,-16.014302317340487,0.7238913393561984,0.2039473684210526,-2.0955803709236136,,19.83285876855789,10.834275082257731,-0.8074631350034535,152,102,50,4,1.0,0.01,1.7,1.0,1.7,"{""base"": {""ma_length"": 20}, ""c1"": {""base_len"": 14, ""conversion_len"": 9, ""displacement"": 32, ""span_b_len"": 520}, ""c2"": {""length"": 10}, ""exit_ind"": {""adx_smoothing"": 14, ""adx_threshold"": 25, ""di_length"": 14}, ""vol"": {""ci_threshold"": 61.8, ""length"": 14}}","{""base"": {""ma_length"": 132}, ""c1"": {""base_len"": 14, ""conversion_len"": 7, ""displacement"": 26, ""span_b_len"": 64}, ""c2"": {""length"": 10}, ""exit_ind"": {""adx_smoothing"": 14, ""adx_threshold"": 25, ""di_length"": 14}, ""vol"": {""ci_threshold"": 61.8, ""length"": 7}}","{""atr_len"": 50, ""atr_mult"": 1.0, ""be_pct"": 0.05, ""tp_mult"": 3.0, ""trail_arm"": 2.0, ""trail_mult"": 1.45}",full,full,,0.2690358629047463,0.925548589513204,,,,,,False,gate2_tuned_modeA_trend.csv,-0.079791769928434,0.2897997685668723,126,1.912869270985648,-0.0915816699788625,102,0.7664667415539004,-0.1334594395899301,50,0.6292793344724171,True,0.0117899000504285,0.0327287848559623
dpo_signals,supertrend_signals,chaikin_volatility_volume_signals,ema_baseline,adx_dmi_exit,trend,A,False,-0.1020422535906966,-37.34746481419496,0.6954395670961298,0.2049180327868852,-2.2448568612412463,-12.091396392708916,38.30416952530169,18.544461728305503,-0.9750234837887616,366,168,198,38,1.0,0.16,3.0,2.0,1.5,"{""base"": {""ma_length"": 20}, ""c1"": {""len"": 142}, ""c2"": {""atr_period"": 10, ""factor"": 3}, ""exit_ind"": {""adx_smoothing"": 14, ""adx_threshold"": 25, ""di_length"": 14}, ""vol"": {""cvi_len"": 28, ""roc_len"": 15}}","{""base"": {""ma_length"": 132}, ""c1"": {""len"": 5}, ""c2"": {""atr_period"": 8, ""factor"": 6}, ""exit_ind"": {""adx_smoothing"": 14, ""adx_threshold"": 25, ""di_length"": 14}, ""vol"": {""cvi_len"": 8, ""roc_len"": 15}}","{""atr_len"": 42, ""atr_mult"": 1.0, ""be_pct"": 0.05, ""tp_mult"": 2.5, ""trail_arm"": 1.9, ""trail_mult"": 0.55}",full,full,,0.170623197434067,0.385289103559482,,,,,,False,gate2_tuned_modeA_trend.csv,-0.079791769928434,0.3334564661543023,174,2.35086305694689,-0.0913735430385952,168,0.6705632384420629,-0.1110944928470251,198,0.7106855816324619,True,0.011581773110161203,0.02144224801437615
didi_index_signals,chandelier_exit_signals,variance_volume_signals,sma_baseline,adx_dmi_exit,trend,A,False,-0.10633542806403,-19.99106047603764,0.7091020500717953,0.2287234042553191,-2.3192319073002796,-21.212456982157413,21.25668005121553,13.90164795785462,-0.9404601484272932,188,130,58,3,1.0,0.16,2.9,1.25,1.3,"{""base"": {""length"": 25}, ""c1"": {""long_p"": 200, ""medium"": 23}, ""c2"": {""atr_mult"": 3, ""atr_period"": 8}, ""exit_ind"": {""adx_smoothing"": 14, ""adx_threshold"": 25, ""di_length"": 14}, ""vol"": {""ema_len"": 19, ""filter_lookback"": 200, ""hline"": 0, ""lookback"": 16}}","{""base"": {""length"": 200}, ""c1"": {""long_p"": 20, ""medium"": 10}, ""c2"": {""atr_mult"": 2, ""atr_period"": 22}, ""exit_ind"": {""adx_smoothing"": 14, ""adx_threshold"": 25, ""di_length"": 14}, ""vol"": {""ema_len"": 8, ""filter_lookback"": 200, ""hline"": 0, ""lookback"": 25}}","{""atr_len"": 26, ""atr_mult"": 1.0, ""be_pct"": 0.05, ""tp_mult"": 3.0, ""trail_arm"": 2.0, ""trail_mult"": 1.0}",full,full,,0.1575607240185016,1.2596537693868617,,,,,,False,gate2_tuned_modeA_trend.csv,-0.079791769928434,0.3664770410711946,112,2.2438008666658726,-0.1130348321252485,130,0.6818545799010612,-0.0913195224095746,58,0.7649518236757419,True,0.011527752481140602,0.02238540733897755
j_tpo_signals,supertrend_signals,efficiency_ratio_volume_signals,mcginley_dynamic_index,adx_dmi_exit,trend,A,False,-0.1306304464210055,-23.774741248623005,0.5806400958170095,0.2802197802197802,-3.749844553984838,-17.412173005800962,25.72956993424889,13.210398752054834,-0.9240240435179684,182,120,62,4,1.0,0.05,2.55,1.55,1.4,"{""base"": {""mci_length"": 14}, ""c1"": {""ema_len"": 200, ""len"": 40}, ""c2"": {""atr_period"": 10, ""factor"": 6}, ""exit_ind"": {""adx_smoothing"": 14, ""adx_threshold"": 25, ""di_length"": 14}, ""vol"": {""er_threshold"": 0.3, ""length"": 12}}","{""base"": {""mci_length"": 14}, ""c1"": {""ema_len"": 200, ""len"": 40}, ""c2"": {""atr_period"": 5, ""factor"": 3}, ""exit_ind"": {""adx_smoothing"": 14, ""adx_threshold"": 25, ""di_length"": 14}, ""vol"": {""er_threshold"": 0.3, ""length"": 10}}","{""atr_len"": 26, ""atr_mult"": 1.31, ""be_pct"": 0.05, ""tp_mult"": 1.7, ""trail_arm"": 2.0, ""trail_mult"": 2.0}",full,full,,0.3599906141292385,1.183427901256948,,,,,,False,gate2_tuned_modeA_trend.csv,-0.079791769928434,0.3346030564431491,112,3.172712716812745,-0.0911109147575395,120,0.6781054063063169,-0.2071198625438428,62,0.4349809797756894,True,0.01131914482910551,0.06932361872225716
chandelier_exit_signals,laguerre_filter_signals,vertical_horizontal_filter_volume_signals,mcginley_dynamic_index,adx_dmi_exit,trend,A,False,-0.1440045633581608,-33.985076952525965,0.6395991507547945,0.1779661016949152,-3.048365311355189,-63.647183451595,36.72392108582656,24.946741108937555,-0.9254207052972444,236,78,158,3,1.0,0.14,2.9,1.75,1.75,"{""base"": {""mci_length"": 14}, ""c1"": {""atr_mult"": 9, ""atr_period"": 41}, ""c2"": {""alpha"": 0.2}, ""exit_ind"": {""adx_smoothing"": 14, ""adx_threshold"": 25, ""di_length"": 14}, ""vol"": {""length"": 10, ""vhf_threshold"": 0.431496}}","{""base"": {""mci_length"": 17}, ""c1"": {""atr_mult"": 9, ""atr_period"": 63}, ""c2"": {""alpha"": 0.246569}, ""exit_ind"": {""adx_smoothing"": 14, ""adx_threshold"": 25, ""di_length"": 14}, ""vol"": {""length"": 23, ""vhf_threshold"": 0.35}}","{""atr_len"": 13, ""atr_mult"": 1.0, ""be_pct"": 0.05, ""tp_mult"": 2.55, ""trail_arm"": 1.0, ""trail_mult"": 0.5}",full,full,,0.0476104674431967,0.3917911363974278,,,,,,False,gate2_tuned_modeA_trend.csv,-0.079791769928434,0.4907788918075982,104,3.1267085311662584,-0.2511515032030599,78,0.4238289044165101,-0.0911092386246031,158,0.7612646979029043,True,0.011317468696169106,0.09133860098539749
aroon_signals,parabolic_sar_signals,efficiency_ratio_volume_signals,super_smoother_2pole_baseline,adx_dmi_exit,chop,B,False,-0.1040350759689451,-15.397191243403878,0.8228624961388007,0.25,-1.3127103796334434,-5.394869072137413,33.83342893957088,17.461689249384293,-0.4550881103687259,148,81,67,2,1.0,0.05,2.95,2.0,1.5,"{""base"": {""cutoff_period"": 99}, ""c1"": {""length"": 71}, ""c2"": {""sar_increment"": 0.002, ""sar_maximum"": 0.030398, ""sar_start"": 0.02}, ""exit_ind"": {""adx_smoothing"": 14, ""adx_threshold"": 25, ""di_length"": 14}, ""vol"": {""er_threshold"": 0.369854, ""length"": 5}}","{""base"": {""cutoff_period"": 43}, ""c1"": {""length"": 25}, ""c2"": {""sar_increment"": 0.02, ""sar_maximum"": 0.070224, ""sar_start"": 0.2}, ""exit_ind"": {""adx_smoothing"": 14, ""adx_threshold"": 25, ""di_length"": 14}, ""vol"": {""er_threshold"": 0.562145, ""length"": 5}}","{""atr_len"": 17, ""atr_mult"": 1.0, ""be_pct"": 0.05, ""tp_mult"": 1.55, ""trail_arm"": 2.0, ""trail_mult"": 1.5}",full,full,,0.0766999523317341,0.3982057502926492,,,,,,False,gate2_tuned_modeB.csv,-0.0550301260173602,0.3533844710967155,112,1.8381675884091533,-0.0663398802435595,81,0.8782162201612999,-0.1496068797563516,67,0.7657953347169292,True,0.011309754226199294,0.05294325398259534
parabolic_sar_signals,hieken_ashi_smoothed_signals,variance_volume_signals,mcginley_dynamic_index,adx_dmi_exit,trend,A,False,-0.1168303405722385,-22.66508607101428,0.6660680688060806,0.268041237113402,-2.733760896806425,-22.2131000413349,23.101140045447448,15.06832182853462,-0.981124136143268,194,128,66,5,1.0,0.01,2.4,1.0,1.35,"{""base"": {""mci_length"": 17}, ""c1"": {""sar_increment"": 0.007022, ""sar_maximum"": 0.162226, ""sar_start"": 0.007022}, ""c2"": {""alma_offset1"": 0.85, ""alma_offset2"": 0.85, ""alma_sigma1"": 6, ""alma_sigma2"": 6, ""ama_smooth1"": 0.181, ""ama_smooth2"": 0.181, ""frama_t1_a"": 1, ""frama_t1_b"": 168, ""frama_t2_a"": 1, ""frama_t2_b"": 168, ""lsma_offset1"": 0, ""lsma_offset2"": 0, ""ma_len1"": 35, ""ma_len2"": 6, ""vol_factor1"": 0.437609, ""vol_factor2"": 0.665127}, ""exit_ind"": {""adx_smoothing"": 14, ""adx_threshold"": 25, ""di_length"": 14}, ""vol"": {""ema_len"": 10, ""filter_lookback"": 200, ""hline"": 0, ""lookback"": 16}}","{""base"": {""mci_length"": 92}, ""c1"": {""sar_increment"": 0.010673, ""sar_maximum"": 0.106734, ""sar_start"": 0.002}, ""c2"": {""alma_offset1"": 0.85, ""alma_offset2"": 0.85, ""alma_sigma1"": 6, ""alma_sigma2"": 6, ""ama_smooth1"": 0.181, ""ama_smooth2"": 0.181, ""frama_t1_a"": 1, ""frama_t1_b"": 168, ""frama_t2_a"": 1, ""frama_t2_b"": 168, ""lsma_offset1"": 0, ""lsma_offset2"": 0, ""ma_len1"": 6, ""ma_len2"": 8, ""vol_factor1"": 0.665127, ""vol_factor2"": 1.53653}, ""exit_ind"": {""adx_smoothing"": 14, ""adx_threshold"": 25, ""di_length"": 14}, ""vol"": {""ema_len"": 100, ""filter_lookback"": 200, ""hline"": 0, ""lookback"": 3}}","{""atr_len"": 29, ""atr_mult"": 1.05, ""be_pct"": 0.05, ""tp_mult"": 3.0, ""trail_arm"": 1.5, ""trail_mult"": 1.2}",full,full,,0.0476673469466291,0.7667254796997087,,,,,,False,gate2_tuned_modeA_trend.csv,-0.079791769928434,0.4602431221961048,128,3.0188112552976265,-0.0910160302500097,128,0.7248886320820224,-0.1668944575608035,66,0.5684896231321823,True,0.01122426032157571,0.04916347397697261
vortex_signals,bears_bulls_impulse_signals,variance_volume_signals,mcginley_dynamic_index,adx_dmi_exit,trend,A,False,-0.09336391145457,-21.66042745746025,0.6662917484504897,0.293103448275862,-2.6628250097082136,-10.00514065087676,21.84545258708697,11.968566648665703,-0.9915302679635905,232,144,88,5,1.0,0.01,1.35,1.0,1.9,"{""base"": {""mci_length"": 17}, ""c1"": {""period"": 14}, ""c2"": {""length"": 37}, ""exit_ind"": {""adx_smoothing"": 14, ""adx_threshold"": 25, ""di_length"": 14}, ""vol"": {""ema_len"": 10, ""filter_lookback"": 25, ""hline"": 0, ""lookback"": 132}}","{""base"": {""mci_length"": 5}, ""c1"": {""period"": 14}, ""c2"": {""length"": 5}, ""exit_ind"": {""adx_smoothing"": 14, ""adx_threshold"": 25, ""di_length"": 14}, ""vol"": {""ema_len"": 12, ""filter_lookback"": 16, ""hline"": 0, ""lookback"": 132}}","{""atr_len"": 3, ""atr_mult"": 1.05, ""be_pct"": 0.01, ""tp_mult"": 1.9, ""trail_arm"": 1.55, ""trail_mult"": 1.35}",full,full,,0.1538948334508744,0.5267514336556691,,,,,,False,gate2_tuned_modeA_trend.csv,-0.079791769928434,0.2472398217868377,156,2.233826669695375,-0.0909549699030893,144,0.6794584911233954,-0.0973058158115384,88,0.6439194953422354,True,0.0111631999746553,0.014338622928879843
donchian_breakout_signals,fisher_transform_signals,chaikin_volatility_volume_signals,wma_baseline,adx_dmi_exit,chop,B,False,-0.0728011350295946,-25.84440293550608,0.8713684248005896,0.2619718309859155,-0.8980948937960239,-4.207229221974185,27.404185580545967,11.7046973698323,-0.9430823207478508,355,137,218,35,1.0,0.05,3.0,2.0,1.5,"{""base"": {""ma_length"": 132}, ""c1"": {""length"": 200}, ""c2"": {""length"": 2}, ""exit_ind"": {""adx_smoothing"": 14, ""adx_threshold"": 25, ""di_length"": 14}, ""vol"": {""cvi_len"": 8, ""roc_len"": 22}}","{""base"": {""ma_length"": 25}, ""c1"": {""length"": 20}, ""c2"": {""length"": 28}, ""exit_ind"": {""adx_smoothing"": 14, ""adx_threshold"": 25, ""di_length"": 14}, ""vol"": {""cvi_len"": 19, ""roc_len"": 120}}","{""atr_len"": 7, ""atr_mult"": 1.0, ""be_pct"": 0.05, ""tp_mult"": 1.1, ""trail_arm"": 2.0, ""trail_mult"": 1.5}",full,full,,0.0413812280058695,0.2671977184758419,,,,,,False,gate2_tuned_modeB.csv,-0.0550301260173602,0.2132131681053616,147,1.637359361827084,-0.083347829506601,137,0.8308815091011905,-0.0661731664821181,218,0.8918604391704372,True,0.011143040464757899,0.019730371976999346
dspo_signals,dpo_signals,waddah_attar_explosion_volume_signals,alma_baseline,adx_dmi_exit,chop,B,False,-0.0968348829752718,-16.558764988771483,0.8093334797416557,0.3040935672514619,-1.35599580761016,-4.600613314478944,28.58687422294589,16.581392643596214,-0.5792436367695011,171,78,93,33,1.0,0.05,2.55,2.0,1.5,"{""base"": {""length"": 11, ""offset"": 0.085, ""sigma"": 6}, ""c1"": {""len"": 11}, ""c2"": {""len"": 329}, ""exit_ind"": {""adx_smoothing"": 14, ""adx_threshold"": 25, ""di_length"": 14}, ""vol"": {""bbLen"": 2, ""bbStd"": 2, ""fastEma"": 20, ""sensitivity"": 1500, ""slowEma"": 40}}","{""base"": {""length"": 11, ""offset"": 0.85, ""sigma"": 6}, ""c1"": {""len"": 14}, ""c2"": {""len"": 50}, ""exit_ind"": {""adx_smoothing"": 14, ""adx_threshold"": 25, ""di_length"": 14}, ""vol"": {""bbLen"": 25, ""bbStd"": 2, ""fastEma"": 20, ""sensitivity"": 53, ""slowEma"": 40}}","{""atr_len"": 34, ""atr_mult"": 1.0, ""be_pct"": 0.05, ""tp_mult"": 1.6, ""trail_arm"": 2.0, ""trail_mult"": 1.5}",full,full,,0.0876273318673606,0.454435627891775,,,,,,False,gate2_tuned_modeB.csv,-0.0550301260173602,0.1768493014103722,107,1.5168437148603642,-0.066128083065214,78,0.8476112859495968,-0.122588973222417,93,0.7848875879360631,True,0.011097957047853803,0.03932840212645531
waddah_attar_explosion_signals,aroon_signals,waddah_attar_explosion_volume_signals,fantail_vma,adx_dmi_exit,chop,B,False,-0.126391886113089,-20.096309891981157,0.7435615542945642,0.2452830188679245,-1.7870017687215975,-6.2864558854383485,26.731475330950627,13.36588435627946,-0.7517845402536745,159,74,85,14,1.0,0.05,3.0,2.0,1.5,"{""base"": {""fma_adx_length"": 2, ""fma_ma_length"": 6, ""fma_weighting"": 10}, ""c1"": {""bbLen"": 200, ""bbStd"": 2, ""fastEma"": 25, ""sensitivity"": 427, ""slowEma"": 40}, ""c2"": {""length"": 20}, ""exit_ind"": {""adx_smoothing"": 14, ""adx_threshold"": 25, ""di_length"": 14}, ""vol"": {""bbLen"": 20, ""bbStd"": 2, ""fastEma"": 20, ""sensitivity"": 281, ""slowEma"": 21}}","{""base"": {""fma_adx_length"": 2, ""fma_ma_length"": 7, ""fma_weighting"": 12}, ""c1"": {""bbLen"": 11, ""bbStd"": 2, ""fastEma"": 16, ""sensitivity"": 150, ""slowEma"": 40}, ""c2"": {""length"": 20}, ""exit_ind"": {""adx_smoothing"": 14, ""adx_threshold"": 25, ""di_length"": 14}, ""vol"": {""bbLen"": 3, ""bbStd"": 2, ""fastEma"": 7, ""sensitivity"": 35, ""slowEma"": 32}}","{""atr_len"": 2, ""atr_mult"": 1.0, ""be_pct"": 0.05, ""tp_mult"": 2.4, ""trail_arm"": 2.0, ""trail_mult"": 1.5}",full,full,,0.1397299825184266,0.4311910229352673,,,,,,False,gate2_tuned_modeB.csv,-0.0550301260173602,0.551384504948742,107,2.6058663956629964,-0.0661159115529987,74,0.8664663808977885,-0.1788674404359911,85,0.635644126536295,True,0.0110857855356385,0.06746154997713469
j_tpo_signals,bears_bulls_impulse_signals,variance_volume_signals,t3_baseline,adx_dmi_exit,trend,A,False,-0.1074615953157367,-15.904316106729034,0.7012555649213542,0.2229729729729729,-2.470469812228723,-15.879661010237328,19.555336488034133,10.288432770868488,-0.8132980026429537,148,98,50,2,1.0,0.01,2.6,1.45,1.25,"{""base"": {""length"": 28, ""volume_factor"": 0.7}, ""c1"": {""ema_len"": 200, ""len"": 40}, ""c2"": {""length"": 13}, ""exit_ind"": {""adx_smoothing"": 14, ""adx_threshold"": 25, ""di_length"": 14}, ""vol"": {""ema_len"": 10, ""filter_lookback"": 200, ""hline"": 0, ""lookback"": 20}}","{""base"": {""length"": 66, ""volume_factor"": 0.7}, ""c1"": {""ema_len"": 200, ""len"": 40}, ""c2"": {""length"": 11}, ""exit_ind"": {""adx_smoothing"": 14, ""adx_threshold"": 25, ""di_length"": 14}, ""vol"": {""ema_len"": 100, ""filter_lookback"": 20, ""hline"": 0, ""lookback"": 20}}","{""atr_len"": 2, ""atr_mult"": 1.1, ""be_pct"": 0.01, ""tp_mult"": 2.6, ""trail_arm"": 1.0, ""trail_mult"": 0.9}",full,full,,0.3676608572932555,2.2581202482590994,,,,,,False,gate2_tuned_modeA_trend.csv,-0.079791769928434,0.5009381065319072,100,3.17799176753003,-0.0907680270936407,98,0.754770890265857,-0.1401809890310448,50,0.5868257325449716,True,0.010976257165206699,0.03568273813390875
schaff_trend_cycle_signals,hieken_ashi_smoothed_signals,variance_volume_signals,mcginley_dynamic_index,adx_dmi_exit,trend,A,False,-0.1376034986678142,-33.30004667761104,0.6369781907776071,0.1983471074380165,-2.958510496520096,-27.800496225376467,39.508622653210125,26.626389224282978,-0.8428551653117519,242,134,108,42,1.0,0.11,2.9,1.7,1.6,"{""base"": {""mci_length"": 11}, ""c1"": {""cycleLen"": 100, ""d1"": 2, ""d2"": 2, ""lowerBand"": 25, ""macdFast"": 23, ""macdSlow"": 216, ""stc_midline"": 94, ""upperBand"": 75}, ""c2"": {""alma_offset1"": 0.85, ""alma_offset2"": 0.85, ""alma_sigma1"": 6, ""alma_sigma2"": 6, ""ama_smooth1"": 0.181, ""ama_smooth2"": 0.181, ""frama_t1_a"": 1, ""frama_t1_b"": 168, ""frama_t2_a"": 1, ""frama_t2_b"": 168, ""lsma_offset1"": 0, ""lsma_offset2"": 0, ""ma_len1"": 4, ""ma_len2"": 8, ""vol_factor1"": 0.82, ""vol_factor2"": 0.82}, ""exit_ind"": {""adx_smoothing"": 14, ""adx_threshold"": 25, ""di_length"": 14}, ""vol"": {""ema_len"": 12, ""filter_lookback"": 200, ""hline"": 0, ""lookback"": 132}}","{""base"": {""mci_length"": 92}, ""c1"": {""cycleLen"": 66, ""d1"": 3, ""d2"": 3, ""lowerBand"": 108, ""macdFast"": 8, ""macdSlow"": 18, ""stc_midline"": 94, ""upperBand"": 75}, ""c2"": {""alma_offset1"": 0.85, ""alma_offset2"": 0.85, ""alma_sigma1"": 6, ""alma_sigma2"": 6, ""ama_smooth1"": 0.181, ""ama_smooth2"": 0.181, ""frama_t1_a"": 1, ""frama_t1_b"": 168, ""frama_t2_a"": 1, ""frama_t2_b"": 168, ""lsma_offset1"": 0, ""lsma_offset2"": 0, ""ma_len1"": 8, ""ma_len2"": 8, ""vol_factor1"": 2.335389, ""vol_factor2"": 0.82}, ""exit_ind"": {""adx_smoothing"": 14, ""adx_threshold"": 25, ""di_length"": 14}, ""vol"": {""ema_len"": 19, ""filter_lookback"": 11, ""hline"": 0, ""lookback"": 3}}","{""atr_len"": 29, ""atr_mult"": 1.05, ""be_pct"": 0.01, ""tp_mult"": 2.9, ""trail_arm"": 2.0, ""trail_mult"": 1.25}",full,full,,0.0503410969799579,0.4646047606080713,,,,,,False,gate2_tuned_modeA_trend.csv,-0.079791769928434,0.515873301364546,100,3.3066745309710814,-0.1753600708955238,134,0.533279220232741,-0.0907573812741744,108,0.7631420704169919,True,0.010965611345740409,0.05326695615641509
polychromatic_momentum_signals,fx_sniper_ergodic_cci_signals,efficiency_ratio_volume_signals,kama_baseline,adx_dmi_exit,chop,B,False,-0.0750075397122009,-15.376545641001192,0.8713297303930952,0.2390243902439024,-0.8943550664728084,-4.02070842544105,17.7392011282591,8.974333650633492,-0.866811618506646,205,105,100,22,1.0,0.05,2.6,2.0,1.5,"{""base"": {""fast_length"": 2, ""length"": 19, ""slow_length"": 5}, ""c1"": {""len"": 14}, ""c2"": {""cci_length"": 17, ""ema1_length"": 5, ""ema2_length"": 3, ""trigger_length"": 6}, ""exit_ind"": {""adx_smoothing"": 14, ""adx_threshold"": 25, ""di_length"": 14}, ""vol"": {""er_threshold"": 0.369854, ""length"": 10}}","{""base"": {""fast_length"": 20, ""length"": 12, ""slow_length"": 30}, ""c1"": {""len"": 17}, ""c2"": {""cci_length"": 17, ""ema1_length"": 6, ""ema2_length"": 3, ""trigger_length"": 4}, ""exit_ind"": {""adx_smoothing"": 14, ""adx_threshold"": 25, ""di_length"": 14}, ""vol"": {""er_threshold"": 0.3, ""length"": 5}}","{""atr_len"": 32, ""atr_mult"": 1.0, ""be_pct"": 0.05, ""tp_mult"": 2.55, ""trail_arm"": 2.0, ""trail_mult"": 1.5}",full,full,,0.0755602531732738,0.4842172111800149,,,,,,False,gate2_tuned_modeB.csv,-0.0550301260173602,0.3824000553497398,117,1.817793200629556,-0.0837138062218955,105,0.8589997312769105,-0.0658659598770216,100,0.8847762661737406,True,0.010835833859661394,0.019759757032098348
donchian_breakout_signals,fx_sniper_ergodic_cci_signals,choppiness_index_volume_signals,ema_baseline,adx_dmi_exit,trend,A,False,-0.1189106279794018,-23.78212559588036,0.6974955553546175,0.17,-2.189096920788996,-87.9943097374195,28.599753126152063,18.080139784220016,-0.831550030903365,200,136,64,4,1.0,0.05,1.85,1.0,1.8,"{""base"": {""ma_length"": 20}, ""c1"": {""length"": 57}, ""c2"": {""cci_length"": 26, ""ema1_length"": 6, ""ema2_length"": 3, ""trigger_length"": 6}, ""exit_ind"": {""adx_smoothing"": 14, ""adx_threshold"": 25, ""di_length"": 14}, ""vol"": {""ci_threshold"": 50.127885, ""length"": 11}}","{""base"": {""ma_length"": 25}, ""c1"": {""length"": 87}, ""c2"": {""cci_length"": 2, ""ema1_length"": 5, ""ema2_length"": 3, ""trigger_length"": 3}, ""exit_ind"": {""adx_smoothing"": 14, ""adx_threshold"": 25, ""di_length"": 14}, ""vol"": {""ci_threshold"": 32.980801, ""length"": 3}}","{""atr_len"": 49, ""atr_mult"": 1.0, ""be_pct"": 0.01, ""tp_mult"": 3.0, ""trail_arm"": 1.9, ""trail_mult"": 0.95}",full,full,,0.1289569952409939,1.1377833307364915,,,,,,False,gate2_tuned_modeA_trend.csv,-0.079791769928434,0.3935916317972404,140,2.377570711290344,-0.0905635999397501,136,0.7760609165126174,-0.1791480625636615,64,0.514533535787695,True,0.01077183001131611,0.05506406132327181
ehlers_reverse_ema_signals,ichimoku_signals,chaikin_volatility_volume_signals,sma_baseline,adx_dmi_exit,trend,A,False,-0.1176819886596283,-21.65348591337162,0.5579555610766538,0.2826086956521739,-3.644430407107298,-11.046012332388338,23.62471515896479,12.850821018358705,-0.9165607190465892,184,114,70,4,1.0,0.05,3.0,2.0,1.8,"{""base"": {""length"": 37}, ""c1"": {""alpha"": 1.0}, ""c2"": {""base_len"": 26, ""conversion_len"": 9, ""displacement"": 49, ""span_b_len"": 64}, ""exit_ind"": {""adx_smoothing"": 14, ""adx_threshold"": 25, ""di_length"": 14}, ""vol"": {""cvi_len"": 28, ""roc_len"": 22}}","{""base"": {""length"": 20}, ""c1"": {""alpha"": 0.657933}, ""c2"": {""base_len"": 14, ""conversion_len"": 9, ""displacement"": 74, ""span_b_len"": 225}, ""exit_ind"": {""adx_smoothing"": 14, ""adx_threshold"": 25, ""di_length"": 14}, ""vol"": {""cvi_len"": 8, ""roc_len"": 22}}","{""atr_len"": 40, ""atr_mult"": 1.0, ""be_pct"": 0.05, ""tp_mult"": 3.0, ""trail_arm"": 2.0, ""trail_mult"": 1.95}",full,full,,0.1874751251250358,1.190329478295675,,,,,,False,gate2_tuned_modeA_trend.csv,-0.079791769928434,0.5233255288659381,102,4.805742341393565,-0.1343524935156814,114,0.5305072508418809,-0.0905328807511991,70,0.6126823774132598,True,0.010741110822765104,0.03265091720500625
center_of_gravity_signals,linreg_slope_signals,variance_volume_signals,rma_baseline,adx_dmi_exit,chop,B,False,-0.0958346122185771,-22.137795422491312,0.8432951743336803,0.2164502164502164,-1.1035719035909657,-5.461694450397392,40.580107298467546,25.109675734570953,-0.5455331909220289,231,123,108,10,1.0,0.05,2.7,2.0,1.5,"{""base"": {""ma_length"": 20}, ""c1"": {""length"": 8, ""signal_length"": 4}, ""c2"": {""length"": 14, ""r2_floor"": 0.2}, ""exit_ind"": {""adx_smoothing"": 14, ""adx_threshold"": 25, ""di_length"": 14}, ""vol"": {""ema_len"": 2, ""filter_lookback"": 16, ""hline"": 0, ""lookback"": 87}}","{""base"": {""ma_length"": 20}, ""c1"": {""length"": 43, ""signal_length"": 2}, ""c2"": {""length"": 14, ""r2_floor"": 0.2}, ""exit_ind"": {""adx_smoothing"": 14, ""adx_threshold"": 25, ""di_length"": 14}, ""vol"": {""ema_len"": 100, ""filter_lookback"": 5, ""hline"": 0, ""lookback"": 2}}","{""atr_len"": 16, ""atr_mult"": 1.0, ""be_pct"": 0.05, ""tp_mult"": 2.65, ""trail_arm"": 2.0, ""trail_mult"": 1.5}",full,full,,-0.0534842417224153,0.4086563422251931,,,,,,False,gate2_tuned_modeB.csv,-0.0550301260173602,0.2936819578458227,152,1.592438733791287,-0.0657632525104686,123,0.8892964110737467,-0.1300825496639228,108,0.7940124989961608,True,0.010733126493108404,0.0428927750698355
price_momentum_oscillator_signals,kalman_filter_signals,waddah_attar_explosion_volume_signals,wma_baseline,adx_dmi_exit,trend,A,False,-0.0973470435134426,-12.071033395666891,0.6944042178312178,0.2741935483870967,-2.493157137615895,,17.96998496832882,10.63030575976085,-0.6717330825229665,124,74,50,48,1.0,0.01,2.25,1.45,1.9,"{""base"": {""ma_length"": 20}, ""c1"": {""s1"": 35, ""s2"": 20, ""sig"": 10}, ""c2"": {""k"": 1, ""sharpness"": 1}, ""exit_ind"": {""adx_smoothing"": 14, ""adx_threshold"": 25, ""di_length"": 14}, ""vol"": {""bbLen"": 87, ""bbStd"": 2, ""fastEma"": 5, ""sensitivity"": 185, ""slowEma"": 40}}","{""base"": {""ma_length"": 132}, ""c1"": {""s1"": 35, ""s2"": 20, ""sig"": 10}, ""c2"": {""k"": 1, ""sharpness"": 1}, ""exit_ind"": {""adx_smoothing"": 14, ""adx_threshold"": 25, ""di_length"": 14}, ""vol"": {""bbLen"": 132, ""bbStd"": 2, ""fastEma"": 20, ""sensitivity"": 122, ""slowEma"": 40}}","{""atr_len"": 23, ""atr_mult"": 1.25, ""be_pct"": 0.08, ""tp_mult"": 1.5, ""trail_arm"": 1.9, ""trail_mult"": 1.9}",full,full,,0.0898342185376965,0.2363409194126412,,,,,,False,gate2_tuned_modeA_trend.csv,-0.079791769928434,0.1907572850322136,116,1.8510709639898777,-0.0903633504852119,74,0.6738103445899665,-0.1076829091952242,50,0.7166239231704623,True,0.010571580556777899,0.019231359911784054
polychromatic_momentum_signals,fx_sniper_ergodic_cci_signals,variance_volume_signals,tma_baseline,adx_dmi_exit,trend,A,False,-0.103425954848525,-16.755004685461053,0.67759232047367,0.2407407407407407,-2.4568904543670342,-11.825431659725275,19.74043165010081,12.138588737552634,-0.8487658721168588,162,110,52,5,1.0,0.05,2.75,1.1,1.2,"{""base"": {""length"": 20}, ""c1"": {""len"": 14}, ""c2"": {""cci_length"": 14, ""ema1_length"": 5, ""ema2_length"": 3, ""trigger_length"": 6}, ""exit_ind"": {""adx_smoothing"": 14, ""adx_threshold"": 25, ""di_length"": 14}, ""vol"": {""ema_len"": 10, ""filter_lookback"": 200, ""hline"": 0, ""lookback"": 37}}","{""base"": {""length"": 20}, ""c1"": {""len"": 14}, ""c2"": {""cci_length"": 17, ""ema1_length"": 4, ""ema2_length"": 3, ""trigger_length"": 5}, ""exit_ind"": {""adx_smoothing"": 14, ""adx_threshold"": 25, ""di_length"": 14}, ""vol"": {""ema_len"": 28, ""filter_lookback"": 132, ""hline"": 0, ""lookback"": 7}}","{""atr_len"": 28, ""atr_mult"": 1.0, ""be_pct"": 0.05, ""tp_mult"": 2.9, ""trail_arm"": 1.3, ""trail_mult"": 0.75}",full,full,,0.1827279921382176,1.2177337705731217,,,,,,False,gate2_tuned_modeA_trend.csv,-0.079791769928434,0.4866918847376147,118,3.0684367770671814,-0.0903586942573179,110,0.7021391597034266,-0.1310682368683861,52,0.6335513218566902,True,0.010566924328883912,0.030921695634418003
bears_bulls_impulse_signals,coral_signals,efficiency_ratio_volume_signals,tma_baseline,adx_dmi_exit,trend,A,False,-0.1037347523703283,-14.315395827105307,0.7115046860566512,0.217391304347826,-2.3197896807651452,-61.74263633006907,18.89913514579979,10.132955271644336,-0.7574630117551602,138,80,58,7,1.0,0.01,1.95,1.0,1.9,"{""base"": {""length"": 16}, ""c1"": {""length"": 24}, ""c2"": {""const_d"": 140, ""smooth_period"": 10}, ""exit_ind"": {""adx_smoothing"": 14, ""adx_threshold"": 25, ""di_length"": 14}, ""vol"": {""er_threshold"": 0.369854, ""length"": 10}}","{""base"": {""length"": 16}, ""c1"": {""length"": 130}, ""c2"": {""const_d"": 14, ""smooth_period"": 12}, ""exit_ind"": {""adx_smoothing"": 14, ""adx_threshold"": 25, ""di_length"": 14}, ""vol"": {""er_threshold"": 0.3, ""length"": 43}}","{""atr_len"": 46, ""atr_mult"": 1.05, ""be_pct"": 0.05, ""tp_mult"": 3.0, ""trail_arm"": 2.0, ""trail_mult"": 1.7}",full,full,,0.1480352322541439,0.891618677523775,,,,,,False,gate2_tuned_modeA_trend.csv,-0.079791769928434,0.4659899344084692,102,2.638999079643581,-0.0902148173548068,80,0.7671875681166272,-0.1223829385986337,58,0.6188040238721428,True,0.010423047426372803,0.02650710804828625
bears_bulls_impulse_signals,kase_peak_oscillator_signals,variance_volume_signals,mcginley_dynamic_index,adx_dmi_exit,trend,A,False,-0.1209696425656454,-33.62956063324945,0.6728486517659671,0.2122302158273381,-2.646656076214932,-21.564218086797577,40.21504286215649,23.627452108893173,-0.836243311949714,278,136,142,34,1.0,0.01,2.55,1.1,1.35,"{""base"": {""mci_length"": 14}, ""c1"": {""length"": 11}, ""c2"": {""long_cycle"": 281, ""sharpness"": 40, ""short_cycle"": 35}, ""exit_ind"": {""adx_smoothing"": 14, ""adx_threshold"": 25, ""di_length"": 14}, ""vol"": {""ema_len"": 12, ""filter_lookback"": 25, ""hline"": 0, ""lookback"": 132}}","{""base"": {""mci_length"": 61}, ""c1"": {""length"": 13}, ""c2"": {""long_cycle"": 185, ""sharpness"": 40, ""short_cycle"": 8}, ""exit_ind"": {""adx_smoothing"": 14, ""adx_threshold"": 25, ""di_length"": 14}, ""vol"": {""ema_len"": 4, ""filter_lookback"": 20, ""hline"": 0, ""lookback"": 200}}","{""atr_len"": 44, ""atr_mult"": 1.0, ""be_pct"": 0.01, ""tp_mult"": 2.6, ""trail_arm"": 1.15, ""trail_mult"": 0.65}",full,full,,0.1631434280862974,0.4187782305431371,,,,,,False,gate2_tuned_modeA_trend.csv,-0.079791769928434,0.4280503484206847,106,2.8263927575782164,-0.0901880446659093,136,0.7528650446955271,-0.1504506095682097,142,0.59814966503271,True,0.0103962747374753,0.040527557188625496
kase_peak_oscillator_signals,coral_signals,chaikin_volatility_volume_signals,wma_baseline,adx_dmi_exit,trend,A,False,-0.0978570399889241,-26.42140079700951,0.7313325892873246,0.2407407407407407,-2.120466446291451,-20.784658169046853,28.040276637137143,12.193206497597847,-0.9422660531821015,270,152,118,2,1.1,0.17,2.25,1.05,2.0,"{""base"": {""ma_length"": 57}, ""c1"": {""long_cycle"": 122, ""sharpness"": 40, ""short_cycle"": 80}, ""c2"": {""const_d"": 11, ""smooth_period"": 28}, ""exit_ind"": {""adx_smoothing"": 14, ""adx_threshold"": 25, ""di_length"": 14}, ""vol"": {""cvi_len"": 10, ""roc_len"": 15}}","{""base"": {""ma_length"": 200}, ""c1"": {""long_cycle"": 80, ""sharpness"": 40, ""short_cycle"": 10}, ""c2"": {""const_d"": 61, ""smooth_period"": 43}, ""exit_ind"": {""adx_smoothing"": 14, ""adx_threshold"": 25, ""di_length"": 14}, ""vol"": {""cvi_len"": 8, ""roc_len"": 15}}","{""atr_len"": 26, ""atr_mult"": 1.0, ""be_pct"": 0.01, ""tp_mult"": 2.75, ""trail_arm"": 1.7, ""trail_mult"": 1.0}",full,full,,0.1159562847293176,0.5973444591680821,,,,,,False,gate2_tuned_modeA_trend.csv,-0.079791769928434,0.4555396101130506,162,2.7233053451866693,-0.1038404132914935,152,0.7278665030981553,-0.09014964387036,118,0.7363157570354212,True,0.010357873941925999,0.017203258652492753
halftrend_signals,fisher_transform_signals,damiani_volatmeter_volume_signals,super_smoother_2pole_baseline,adx_dmi_exit,trend,A,False,-0.1213752299363602,-21.847541388544848,0.6660722793795438,0.1944444444444444,-2.5162669195809917,-19.81415583269265,21.996510259053803,14.284426726685048,-0.993227613437107,180,86,94,48,1.0,0.17,1.65,1.55,2.0,"{""base"": {""cutoff_period"": 99}, ""c1"": {""amplitude"": 8}, ""c2"": {""length"": 28}, ""exit_ind"": {""adx_smoothing"": 14, ""adx_threshold"": 25, ""di_length"": 14}, ""vol"": {""lag"": 1.4, ""sedimentation"": 62, ""threshold"": 1.4, ""viscosity"": 6}}","{""base"": {""cutoff_period"": 99}, ""c1"": {""amplitude"": 8}, ""c2"": {""length"": 5}, ""exit_ind"": {""adx_smoothing"": 14, ""adx_threshold"": 25, ""di_length"": 14}, ""vol"": {""lag"": 1.4, ""sedimentation"": 142, ""threshold"": 1.4, ""viscosity"": 6}}","{""atr_len"": 34, ""atr_mult"": 1.0, ""be_pct"": 0.01, ""tp_mult"": 2.45, ""trail_arm"": 1.0, ""trail_mult"": 0.5}",full,full,,0.1691901771430101,0.4357381965387276,,,,,,False,gate2_tuned_modeA_trend.csv,-0.079791769928434,0.3691665111613674,104,2.5777187446875396,-0.1556093316154542,86,0.5987928905472751,-0.0900546688256998,94,0.7360468533072779,True,0.01026289889726581,0.043040230292143
fx_sniper_ergodic_cci_signals,price_momentum_oscillator_signals,chaikin_volatility_volume_signals,sma_baseline,adx_dmi_exit,trend,A,False,-0.0916523265691677,-18.88037927324856,0.6889447646874518,0.3009708737864077,-2.337480704642618,-10.160886272716866,22.82348582034265,14.53164927010352,-0.8272346924508969,206,118,88,3,1.0,0.01,2.5,1.0,1.6,"{""base"": {""length"": 37}, ""c1"": {""cci_length"": 14, ""ema1_length"": 6, ""ema2_length"": 3, ""trigger_length"": 33}, ""c2"": {""s1"": 43, ""s2"": 20, ""sig"": 10}, ""exit_ind"": {""adx_smoothing"": 14, ""adx_threshold"": 25, ""di_length"": 14}, ""vol"": {""cvi_len"": 28, ""roc_len"": 12}}","{""base"": {""length"": 132}, ""c1"": {""cci_length"": 14, ""ema1_length"": 6, ""ema2_length"": 3, ""trigger_length"": 6}, ""c2"": {""s1"": 43, ""s2"": 20, ""sig"": 10}, ""exit_ind"": {""adx_smoothing"": 14, ""adx_threshold"": 25, ""di_length"": 14}, ""vol"": {""cvi_len"": 12, ""roc_len"": 15}}","{""atr_len"": 50, ""atr_mult"": 1.0, ""be_pct"": 0.01, ""tp_mult"": 2.95, ""trail_arm"": 2.0, ""trail_mult"": 0.5}",full,full,,0.2299465096468884,0.569901393512806,,,,,,False,gate2_tuned_modeA_trend.csv,-0.079791769928434,0.4550577325995993,126,3.582172947009995,-0.0900460479115244,118,0.690736621852028,-0.093806200223735,88,0.6866075648454963,True,0.010254277983090407,0.01213435413919571
schaff_trend_cycle_signals,halftrend_signals,variance_volume_signals,hma_baseline,adx_dmi_exit,trend,A,False,-0.1125675411546239,-24.539723971708025,0.6814635637478849,0.2247706422018348,-2.4783158811251633,-14.702956073989858,24.235514992692536,13.001472934403411,-1.012552197843009,218,118,100,3,1.0,0.07,2.9,1.5,1.4,"{""base"": {""ma_length"": 57}, ""c1"": {""cycleLen"": 10, ""d1"": 30, ""d2"": 4, ""lowerBand"": 25, ""macdFast"": 23, ""macdSlow"": 50, ""stc_midline"": 50, ""upperBand"": 75}, ""c2"": {""amplitude"": 18}, ""exit_ind"": {""adx_smoothing"": 14, ""adx_threshold"": 25, ""di_length"": 14}, ""vol"": {""ema_len"": 12, ""filter_lookback"": 11, ""hline"": 0, ""lookback"": 25}}","{""base"": {""ma_length"": 87}, ""c1"": {""cycleLen"": 100, ""d1"": 2, ""d2"": 6, ""lowerBand"": 25, ""macdFast"": 8, ""macdSlow"": 50, ""stc_midline"": 62, ""upperBand"": 75}, ""c2"": {""amplitude"": 62}, ""exit_ind"": {""adx_smoothing"": 14, ""adx_threshold"": 25, ""di_length"": 14}, ""vol"": {""ema_len"": 12, ""filter_lookback"": 37, ""hline"": 0, ""lookback"": 200}}","{""atr_len"": 30, ""atr_mult"": 1.0, ""be_pct"": 0.05, ""tp_mult"": 3.0, ""trail_arm"": 1.55, ""trail_mult"": 1.05}",full,full,,0.1636195413307688,0.900217906832033,,,,,,False,gate2_tuned_modeA_trend.csv,-0.079791769928434,0.5056667890269742,106,3.1331134108033516,-0.1318216239846418,118,0.6555710873192732,-0.0898477234152029,100,0.7181461201527037,True,0.01005595348676891,0.03104290377148837
qqe_mod_signals,price_momentum_oscillator_signals,variance_volume_signals,vidya,adx_dmi_exit,trend,A,False,-0.1187671257031297,-20.19041136953205,0.64967729430238,0.2529411764705882,-2.920233254249352,-16.031514980211128,27.568377959070588,16.055561828859158,-0.732375745845757,170,114,56,30,1.0,0.04,2.5,1.0,1.4,"{""base"": {""vda_length"": 13}, ""c1"": {""fast_factor"": 0.859209, ""rsi_len"": 5, ""rsi_period"": 6}, ""c2"": {""s1"": 43, ""s2"": 37, ""sig"": 10}, ""exit_ind"": {""adx_smoothing"": 14, ""adx_threshold"": 25, ""di_length"": 14}, ""vol"": {""ema_len"": 5, ""filter_lookback"": 200, ""hline"": 0, ""lookback"": 20}}","{""base"": {""vda_length"": 20}, ""c1"": {""fast_factor"": 1.984883, ""rsi_len"": 5, ""rsi_period"": 6}, ""c2"": {""s1"": 66, ""s2"": 37, ""sig"": 10}, ""exit_ind"": {""adx_smoothing"": 14, ""adx_threshold"": 25, ""di_length"": 14}, ""vol"": {""ema_len"": 19, ""filter_lookback"": 11, ""hline"": 0, ""lookback"": 200}}","{""atr_len"": 6, ""atr_mult"": 1.0, ""be_pct"": 0.01, ""tp_mult"": 2.25, ""trail_arm"": 1.0, ""trail_mult"": 0.85}",full,full,,0.1034759291336197,0.8007805708458016,,,,,,False,gate2_tuned_modeA_trend.csv,-0.079791769928434,0.4712366961856406,106,3.886579918210891,-0.0897449835494605,114,0.7425153604895858,-0.1778479150873848,56,0.4435924893006838,True,0.00995321362102651,0.054004679389988666
halftrend_signals,laguerre_filter_signals,chaikin_volatility_volume_signals,tma_baseline,adx_dmi_exit,trend,A,False,-0.1140567722831161,-18.477197109864814,0.6814276360368137,0.2469135802469135,-2.75987769126877,,17.977197109864814,10.502184109584103,-1.027813012058795,162,82,80,4,1.0,0.01,1.6,1.5,1.85,"{""base"": {""length"": 37}, ""c1"": {""amplitude"": 329}, ""c2"": {""alpha"": 0.162226}, ""exit_ind"": {""adx_smoothing"": 14, ""adx_threshold"": 25, ""di_length"": 14}, ""vol"": {""cvi_len"": 43, ""roc_len"": 12}}","{""base"": {""length"": 57}, ""c1"": {""amplitude"": 41}, ""c2"": {""alpha"": 0.246569}, ""exit_ind"": {""adx_smoothing"": 14, ""adx_threshold"": 25, ""di_length"": 14}, ""vol"": {""cvi_len"": 28, ""roc_len"": 2}}","{""atr_len"": 30, ""atr_mult"": 1.0, ""be_pct"": 0.01, ""tp_mult"": 2.4, ""trail_arm"": 1.05, ""trail_mult"": 0.55}",full,full,,0.1316372339174589,0.4255477653783672,,,,,,False,gate2_tuned_modeA_trend.csv,-0.079791769928434,0.3134805949762039,136,2.2180960261932503,-0.1378994429449959,82,0.6466326774534482,-0.0896180348546894,80,0.7242522004471096,True,0.009826264926255407,0.03396696897140865
linreg_slope_signals,coral_signals,waddah_attar_explosion_volume_signals,frama_baseline,adx_dmi_exit,chop,B,False,-0.1250922593534861,-30.272326763543653,0.7813411436494909,0.3099173553719008,-1.8339223817297752,-7.445425392009073,36.57232676354367,19.812374133728024,-0.8277386057296185,242,177,65,2,1.0,0.05,1.4,2.0,1.5,"{""base"": {""length"": 28}, ""c1"": {""length"": 14, ""r2_floor"": 0.374763}, ""c2"": {""const_d"": 61, ""smooth_period"": 10}, ""exit_ind"": {""adx_smoothing"": 14, ""adx_threshold"": 25, ""di_length"": 14}, ""vol"": {""bbLen"": 25, ""bbStd"": 6, ""fastEma"": 3, ""sensitivity"": 80, ""slowEma"": 173}}","{""base"": {""length"": 66}, ""c1"": {""length"": 14, ""r2_floor"": 0.106734}, ""c2"": {""const_d"": 11, ""smooth_period"": 8}, ""exit_ind"": {""adx_smoothing"": 14, ""adx_threshold"": 25, ""di_length"": 14}, ""vol"": {""bbLen"": 11, ""bbStd"": 4, ""fastEma"": 20, ""sensitivity"": 649, ""slowEma"": 9}}","{""atr_len"": 12, ""atr_mult"": 1.0, ""be_pct"": 0.05, ""tp_mult"": 1.5, ""trail_arm"": 2.0, ""trail_mult"": 1.5}",full,full,,-0.0155617540695589,0.2927618495416162,,,,,,False,gate2_tuned_modeB.csv,-0.0550301260173602,0.237652158042363,206,1.5789218663420694,-0.0647492782694701,177,0.87863850438902,-0.2894108386130375,65,0.5725749611529272,True,0.009719152252109904,0.12204993242389359
trend_direction_force_index_signals,bears_bulls_impulse_signals,waddah_attar_explosion_volume_signals,ema_baseline,adx_dmi_exit,chop,B,False,-0.1445133706646728,-24.278246271665036,0.7750021814221074,0.244047619047619,-1.671771053128423,-8.84451316835111,36.63048565420233,18.04239735930719,-0.6627879985227491,168,92,76,47,1.0,0.05,2.4,2.0,1.5,"{""base"": {""ma_length"": 11}, ""c1"": {""fhigh"": 0.0076, ""flow"": -0.328967, ""lookback"": 24}, ""c2"": {""length"": 13}, ""exit_ind"": {""adx_smoothing"": 14, ""adx_threshold"": 25, ""di_length"": 14}, ""vol"": {""bbLen"": 132, ""bbStd"": 2, ""fastEma"": 7, ""sensitivity"": 23, ""slowEma"": 400}}","{""base"": {""ma_length"": 20}, ""c1"": {""fhigh"": 0.026683, ""flow"": -0.0076, ""lookback"": 3}, ""c2"": {""length"": 13}, ""exit_ind"": {""adx_smoothing"": 14, ""adx_threshold"": 25, ""di_length"": 14}, ""vol"": {""bbLen"": 20, ""bbStd"": 6, ""fastEma"": 87, ""sensitivity"": 23, ""slowEma"": 6}}","{""atr_len"": 2, ""atr_mult"": 1.0, ""be_pct"": 0.05, ""tp_mult"": 2.85, ""trail_arm"": 2.0, ""trail_mult"": 1.5}",full,full,,0.0749922358304409,0.660598127087547,,,,,,False,gate2_tuned_modeB.csv,-0.0550301260173602,0.5887767372285554,100,2.2210347891841336,-0.0644828435170833,92,0.8993506099563222,-0.2413924298433339,76,0.6253117746508405,True,0.009452717499723103,0.09790751066284839
supertrend_signals,relative_vigor_index_signals,chaikin_volatility_volume_signals,sma_baseline,adx_dmi_exit,trend,A,False,-0.1444475681896892,-27.44503795604095,0.6364895634961463,0.1631578947368421,-2.952432855969986,,31.899999999999977,20.149768591167444,-0.8603460174307513,190,78,112,3,1.0,0.08,3.0,1.25,1.75,"{""base"": {""length"": 25}, ""c1"": {""atr_period"": 5, ""factor"": 9}, ""c2"": {""len"": 2}, ""exit_ind"": {""adx_smoothing"": 14, ""adx_threshold"": 25, ""di_length"": 14}, ""vol"": {""cvi_len"": 43, ""roc_len"": 10}}","{""base"": {""length"": 132}, ""c1"": {""atr_period"": 28, ""factor"": 6}, ""c2"": {""len"": 10}, ""exit_ind"": {""adx_smoothing"": 14, ""adx_threshold"": 25, ""di_length"": 14}, ""vol"": {""cvi_len"": 28, ""roc_len"": 10}}","{""atr_len"": 24, ""atr_mult"": 1.0, ""be_pct"": 0.11, ""tp_mult"": 2.9, ""trail_arm"": 2.0, ""trail_mult"": 0.65}",full,full,,0.1195632574570949,0.4986413224753805,,,,,,False,gate2_tuned_modeA_trend.csv,-0.079791769928434,0.5157749601116747,108,2.920817092829682,-0.2237179487179484,78,0.4278688524590166,-0.0892414103217944,112,0.7778880454213116,True,0.009449640393360409,0.07668790959143741
price_momentum_oscillator_signals,supertrend_signals,chaikin_volatility_volume_signals,sma_baseline,adx_dmi_exit,trend,A,False,-0.0973167448235566,-21.79895084047668,0.7437547287216656,0.2053571428571428,-1.9557731780126777,-26.384943906092527,24.848921231374497,10.972169981549753,-0.877259444685796,224,76,148,3,1.0,0.14,3.0,2.0,1.45,"{""base"": {""length"": 25}, ""c1"": {""s1"": 100, ""s2"": 11, ""sig"": 10}, ""c2"": {""atr_period"": 10, ""factor"": 3}, ""exit_ind"": {""adx_smoothing"": 14, ""adx_threshold"": 25, ""di_length"": 14}, ""vol"": {""cvi_len"": 28, ""roc_len"": 10}}","{""base"": {""length"": 200}, ""c1"": {""s1"": 8, ""s2"": 16, ""sig"": 10}, ""c2"": {""atr_period"": 10, ""factor"": 6}, ""exit_ind"": {""adx_smoothing"": 14, ""adx_threshold"": 25, ""di_length"": 14}, ""vol"": {""cvi_len"": 8, ""roc_len"": 15}}","{""atr_len"": 50, ""atr_mult"": 1.0, ""be_pct"": 0.05, ""tp_mult"": 3.0, ""trail_arm"": 2.0, ""trail_mult"": 0.5}",full,full,,0.185039433504762,0.583713671153021,,,,,,False,gate2_tuned_modeA_trend.csv,-0.079791769928434,0.4943487162813061,102,2.8729630760539355,-0.1130637969029729,76,0.6854973487011998,-0.0892304207827752,148,0.7713174541396083,True,0.009438650854341202,0.021355338914440053
bears_bulls_impulse_signals,kase_peak_oscillator_signals,variance_volume_signals,kama_baseline,adx_dmi_exit,trend,A,False,-0.101241922170864,-27.740286674816744,0.7183727241135357,0.2445255474452554,-2.0491816248804566,,31.421760852403267,18.018164556803065,-0.8828367959746295,274,200,74,20,1.0,0.01,2.0,1.0,1.95,"{""base"": {""fast_length"": 2, ""length"": 28, ""slow_length"": 30}, ""c1"": {""length"": 130}, ""c2"": {""long_cycle"": 23, ""sharpness"": 40, ""short_cycle"": 8}, ""exit_ind"": {""adx_smoothing"": 14, ""adx_threshold"": 25, ""di_length"": 14}, ""vol"": {""ema_len"": 66, ""filter_lookback"": 25, ""hline"": 0, ""lookback"": 20}}","{""base"": {""fast_length"": 2, ""length"": 19, ""slow_length"": 56}, ""c1"": {""length"": 86}, ""c2"": {""long_cycle"": 15, ""sharpness"": 40, ""short_cycle"": 10}, ""exit_ind"": {""adx_smoothing"": 14, ""adx_threshold"": 25, ""di_length"": 14}, ""vol"": {""ema_len"": 28, ""filter_lookback"": 16, ""hline"": 0, ""lookback"": 200}}","{""atr_len"": 41, ""atr_mult"": 1.0, ""be_pct"": 0.08, ""tp_mult"": 1.7, ""trail_arm"": 1.95, ""trail_mult"": 1.45}",full,full,,0.1345722512296205,0.7854135099025441,,,,,,False,gate2_tuned_modeA_trend.csv,-0.079791769928434,0.4186804232314113,166,2.9041356234634073,-0.1057190242749583,200,0.7083613123449424,-0.0891416462138525,74,0.7462891607759585,True,0.009349876285418501,0.017638565315971397
fx_sniper_ergodic_cci_signals,j_tpo_signals,variance_volume_signals,mcginley_dynamic_index,adx_dmi_exit,trend,A,False,-0.0907753361673572,-20.69677664615745,0.7008803612615788,0.3157894736842105,-2.4227320021765073,-11.386204024169478,25.93139527454685,13.417384709215852,-0.7981358668529694,228,152,76,2,1.0,0.01,2.15,1.0,0.55,"{""base"": {""mci_length"": 17}, ""c1"": {""cci_length"": 14, ""ema1_length"": 5, ""ema2_length"": 3, ""trigger_length"": 5}, ""c2"": {""ema_len"": 200, ""len"": 40}, ""exit_ind"": {""adx_smoothing"": 14, ""adx_threshold"": 25, ""di_length"": 14}, ""vol"": {""ema_len"": 12, ""filter_lookback"": 200, ""hline"": 0, ""lookback"": 25}}","{""base"": {""mci_length"": 26}, ""c1"": {""cci_length"": 17, ""ema1_length"": 6, ""ema2_length"": 4, ""trigger_length"": 6}, ""c2"": {""ema_len"": 200, ""len"": 114}, ""exit_ind"": {""adx_smoothing"": 14, ""adx_threshold"": 25, ""di_length"": 14}, ""vol"": {""ema_len"": 8, ""filter_lookback"": 37, ""hline"": 0, ""lookback"": 200}}","{""atr_len"": 5, ""atr_mult"": 1.0, ""be_pct"": 0.05, ""tp_mult"": 2.95, ""trail_arm"": 1.7, ""trail_mult"": 0.55}",full,full,,0.1773692062575016,0.7120171028682828,,,,,,False,gate2_tuned_modeA_trend.csv,-0.079791769928434,0.3884658544193748,124,3.244038367592334,-0.0915962080910699,152,0.7161517005397059,-0.0891335923199317,76,0.6636932451174262,True,0.009341822391497709,0.010573130277066814
supertrend_signals,relative_vigor_index_signals,variance_volume_signals,rma_baseline,adx_dmi_exit,trend,A,False,-0.0931857944469834,-13.977869167047512,0.748318958843198,0.2,-1.934957649964891,-23.221491519482072,25.063216359070484,13.954253162583452,-0.5577045247023478,150,96,54,18,1.0,0.01,2.4,1.9,1.95,"{""base"": {""ma_length"": 20}, ""c1"": {""atr_period"": 5, ""factor"": 9}, ""c2"": {""len"": 5}, ""exit_ind"": {""adx_smoothing"": 14, ""adx_threshold"": 25, ""di_length"": 14}, ""vol"": {""ema_len"": 12, ""filter_lookback"": 87, ""hline"": 0, ""lookback"": 25}}","{""base"": {""ma_length"": 57}, ""c1"": {""atr_period"": 43, ""factor"": 6}, ""c2"": {""len"": 10}, ""exit_ind"": {""adx_smoothing"": 14, ""adx_threshold"": 25, ""di_length"": 14}, ""vol"": {""ema_len"": 66, ""filter_lookback"": 57, ""hline"": 0, ""lookback"": 3}}","{""atr_len"": 21, ""atr_mult"": 1.0, ""be_pct"": 0.05, ""tp_mult"": 3.0, ""trail_arm"": 1.0, ""trail_mult"": 1.2}",full,full,,0.1691035331551306,0.7257890091685864,,,,,,False,gate2_tuned_modeA_trend.csv,-0.079791769928434,0.5572315869314097,102,3.105097106185329,-0.0890912188741827,96,0.7659217791497239,-0.1004650399097401,54,0.7144677813091597,True,0.009299448945748703,0.014986359463527402
ehlers_reverse_ema_signals,halftrend_signals,chaikin_volatility_volume_signals,fantail_vma,adx_dmi_exit,trend,A,False,-0.1038382142526856,-42.781344272106494,0.7091341421505186,0.2257281553398058,-2.192229811436623,-15.699748751252011,45.98185331846618,29.13638504475119,-0.93039625818922,412,328,84,29,1.0,0.05,3.0,2.0,2.0,"{""base"": {""fma_adx_length"": 13, ""fma_ma_length"": 39, ""fma_weighting"": 100}, ""c1"": {""alpha"": 0.187382}, ""c2"": {""amplitude"": 12}, ""exit_ind"": {""adx_smoothing"": 14, ""adx_threshold"": 25, ""di_length"": 14}, ""vol"": {""cvi_len"": 28, ""roc_len"": 12}}","{""base"": {""fma_adx_length"": 2, ""fma_ma_length"": 7, ""fma_weighting"": 28}, ""c1"": {""alpha"": 0.187382}, ""c2"": {""amplitude"": 329}, ""exit_ind"": {""adx_smoothing"": 14, ""adx_threshold"": 25, ""di_length"": 14}, ""vol"": {""cvi_len"": 66, ""roc_len"": 79}}","{""atr_len"": 39, ""atr_mult"": 1.0, ""be_pct"": 0.05, ""tp_mult"": 3.0, ""trail_arm"": 1.5, ""trail_mult"": 0.95}",full,full,,0.1277791341961066,0.6243413876042985,,,,,,False,gate2_tuned_modeA_trend.csv,-0.079791769928434,0.3095615373615609,406,2.190079590343933,-0.0890731762309813,328,0.7498878172959559,-0.161492172242198,84,0.5518720855741913,True,0.009281406302547299,0.04549090430815565
didi_index_signals,qqe_mod_signals,variance_volume_signals,mcginley_dynamic_index,adx_dmi_exit,trend,A,False,-0.13953505830208,-25.116310494374403,0.59194820720154,0.2388888888888889,-3.4240284042678586,-19.695545208371357,27.010359492871732,12.025096719921564,-0.929876942252576,180,116,64,2,1.0,0.05,2.45,1.75,0.6,"{""base"": {""mci_length"": 14}, ""c1"": {""long_p"": 25, ""medium"": 10}, ""c2"": {""fast_factor"": 10.592725, ""rsi_len"": 4, ""rsi_period"": 7}, ""exit_ind"": {""adx_smoothing"": 14, ""adx_threshold"": 25, ""di_length"": 14}, ""vol"": {""ema_len"": 19, ""filter_lookback"": 200, ""hline"": 0, ""lookback"": 20}}","{""base"": {""mci_length"": 40}, ""c1"": {""long_p"": 87, ""medium"": 10}, ""c2"": {""fast_factor"": 16.1, ""rsi_len"": 5, ""rsi_period"": 17}, ""exit_ind"": {""adx_smoothing"": 14, ""adx_threshold"": 25, ""di_length"": 14}, ""vol"": {""ema_len"": 12, ""filter_lookback"": 57, ""hline"": 0, ""lookback"": 3}}","{""atr_len"": 2, ""atr_mult"": 1.0, ""be_pct"": 0.01, ""tp_mult"": 2.6, ""trail_arm"": 2.0, ""trail_mult"": 1.55}",full,full,,0.1105227383172264,1.252786931591391,,,,,,False,gate2_tuned_modeA_trend.csv,-0.079791769928434,0.594884591122935,102,4.359524483940212,-0.0889342776750759,116,0.7301369016405758,-0.2312489731885247,64,0.3654520474598125,True,0.009142507746641909,0.08029985550336631
kuskus_starlight_signals,bears_bulls_impulse_signals,variance_volume_signals,tma_baseline,adx_dmi_exit,chop,B,False,-0.1034133680218955,-18.717819611963098,0.8376632195800502,0.2430939226519337,-1.145970230606589,-6.139948323312996,27.00790836010672,11.767624793114772,-0.6930495824553047,181,97,84,25,1.0,0.05,3.0,2.0,1.5,"{""base"": {""length"": 25}, ""c1"": {""index_smooth"": 0.7, ""price_smooth"": 0.7, ""range_periods"": 30}, ""c2"": {""length"": 7}, ""exit_ind"": {""adx_smoothing"": 14, ""adx_threshold"": 25, ""di_length"": 14}, ""vol"": {""ema_len"": 4, ""filter_lookback"": 200, ""hline"": 0, ""lookback"": 37}}","{""base"": {""length"": 11}, ""c1"": {""index_smooth"": 0.7, ""price_smooth"": 0.7, ""range_periods"": 85}, ""c2"": {""length"": 13}, ""exit_ind"": {""adx_smoothing"": 14, ""adx_threshold"": 25, ""di_length"": 14}, ""vol"": {""ema_len"": 8, ""filter_lookback"": 5, ""hline"": 0, ""lookback"": 3}}","{""atr_len"": 34, ""atr_mult"": 1.0, ""be_pct"": 0.05, ""tp_mult"": 3.0, ""trail_arm"": 2.0, ""trail_mult"": 1.5}",full,full,,-0.0619215833046751,0.5316511630198281,,,,,,False,gate2_tuned_modeB.csv,-0.0550301260173602,0.4649566750914439,100,2.19260901659814,-0.064164166519824,97,0.8878244422406081,-0.1487368507088114,84,0.7911369937211149,True,0.009134040502463796,0.051420382596957505
halftrend_signals,relative_vigor_index_signals,variance_volume_signals,rma_baseline,adx_dmi_exit,trend,A,False,-0.0900884794910132,-13.15291800568793,0.7386003583710882,0.2328767123287671,-1.8191729313179876,-111.7976959912627,17.07806966933248,10.122730602726872,-0.7701642082715564,146,92,54,21,1.05,0.01,1.0,1.45,1.75,"{""base"": {""ma_length"": 20}, ""c1"": {""amplitude"": 41}, ""c2"": {""len"": 5}, ""exit_ind"": {""adx_smoothing"": 14, ""adx_threshold"": 25, ""di_length"": 14}, ""vol"": {""ema_len"": 10, ""filter_lookback"": 132, ""hline"": 0, ""lookback"": 25}}","{""base"": {""ma_length"": 20}, ""c1"": {""amplitude"": 50}, ""c2"": {""len"": 12}, ""exit_ind"": {""adx_smoothing"": 14, ""adx_threshold"": 25, ""di_length"": 14}, ""vol"": {""ema_len"": 8, ""filter_lookback"": 16, ""hline"": 0, ""lookback"": 200}}","{""atr_len"": 35, ""atr_mult"": 1.0, ""be_pct"": 0.05, ""tp_mult"": 3.0, ""trail_arm"": 1.85, ""trail_mult"": 1.95}",full,full,,0.1825456900953485,0.6430601640163903,,,,,,False,gate2_tuned_modeA_trend.csv,-0.079791769928434,0.5038489456452343,106,2.9735619583283883,-0.0908328559328159,92,0.7730244174954753,-0.088820282590164,54,0.6447188696393438,True,0.009028512661730007,0.010034799333055955
chandelier_exit_signals,rex_oscillator_signals,variance_volume_signals,ema_baseline,adx_dmi_exit,trend,A,False,-0.1173838332286177,-31.693634971726784,0.7028024232087539,0.1962962962962963,-2.2143446733743186,-107.82626040703562,32.37637023682655,15.612157120874024,-0.9789125445469736,270,212,58,2,1.0,0.01,2.2,2.0,1.55,"{""base"": {""ma_length"": 37}, ""c1"": {""atr_mult"": 4, ""atr_period"": 8}, ""c2"": {""almaOffset"": 0.85, ""almaSigma"": 6, ""framaFast"": 34, ""framaSlow"": 89, ""jurikPhase"": 1, ""jurikPower"": 1, ""lsOffset"": 0, ""modFBW"": 0.5, ""modFilter"": 0.8, ""sigAlmaOff"": 0.85, ""sigAlmaSig"": 6, ""sigFramaFast"": 34, ""sigFramaSlow"": 89, ""sigJurikPhase"": 1, ""sigJurikPower"": 1, ""sigLsOff"": 0, ""sigModFBW"": 0.5, ""sigModFilter"": 0.8, ""sigSmooth"": 22, ""sigVolAdj"": 10, ""smooth"": 40, ""volAdj"": 10}, ""exit_ind"": {""adx_smoothing"": 14, ""adx_threshold"": 25, ""di_length"": 14}, ""vol"": {""ema_len"": 10, ""filter_lookback"": 200, ""hline"": 0, ""lookback"": 25}}","{""base"": {""ma_length"": 16}, ""c1"": {""atr_mult"": 6, ""atr_period"": 63}, ""c2"": {""almaOffset"": 0.85, ""almaSigma"": 6, ""framaFast"": 34, ""framaSlow"": 89, ""jurikPhase"": 1, ""jurikPower"": 1, ""lsOffset"": 0, ""modFBW"": 0.5, ""modFilter"": 0.8, ""sigAlmaOff"": 0.85, ""sigAlmaSig"": 6, ""sigFramaFast"": 34, ""sigFramaSlow"": 89, ""sigJurikPhase"": 1, ""sigJurikPower"": 1, ""sigLsOff"": 0, ""sigModFBW"": 0.5, ""sigModFilter"": 0.8, ""sigSmooth"": 27, ""sigVolAdj"": 10, ""smooth"": 14, ""volAdj"": 10}, ""exit_ind"": {""adx_smoothing"": 14, ""adx_threshold"": 25, ""di_length"": 14}, ""vol"": {""ema_len"": 19, ""filter_lookback"": 11, ""hline"": 0, ""lookback"": 200}}","{""atr_len"": 48, ""atr_mult"": 1.0, ""be_pct"": 0.02, ""tp_mult"": 2.55, ""trail_arm"": 1.05, ""trail_mult"": 1.65}",full,full,,0.1433487260552881,0.8965154314722986,,,,,,False,gate2_tuned_modeA_trend.csv,-0.079791769928434,0.5846496289812125,188,3.892477111801788,-0.0886012227808894,212,0.7754293106051973,-0.2225892369341074,58,0.4386880112096407,True,0.008809452852455407,0.07580345992906441
bears_bulls_impulse_signals,halftrend_signals,chaikin_volatility_volume_signals,kama_baseline,adx_dmi_exit,trend,A,False,-0.1213145683048163,-31.541787759252266,0.6732604490877618,0.2076923076923077,-2.524849595903142,-22.491929951251223,41.032011793647314,20.723679819825083,-0.768711705335775,260,116,144,44,1.0,0.14,3.0,1.6,1.6,"{""base"": {""fast_length"": 2, ""length"": 28, ""slow_length"": 300}, ""c1"": {""length"": 37}, ""c2"": {""amplitude"": 27}, ""exit_ind"": {""adx_smoothing"": 14, ""adx_threshold"": 25, ""di_length"": 14}, ""vol"": {""cvi_len"": 19, ""roc_len"": 12}}","{""base"": {""fast_length"": 2, ""length"": 43, ""slow_length"": 37}, ""c1"": {""length"": 13}, ""c2"": {""amplitude"": 27}, ""exit_ind"": {""adx_smoothing"": 14, ""adx_threshold"": 25, ""di_length"": 14}, ""vol"": {""cvi_len"": 43, ""roc_len"": 6}}","{""atr_len"": 25, ""atr_mult"": 1.0, ""be_pct"": 0.05, ""tp_mult"": 3.0, ""trail_arm"": 2.0, ""trail_mult"": 0.5}",full,full,,0.1268325242970184,0.5415385627225765,,,,,,False,gate2_tuned_modeA_trend.csv,-0.079791769928434,0.4775992036451955,172,3.0033101800714643,-0.0883611775599635,116,0.7453024989924132,-0.1478603552937256,144,0.6217568338581951,True,0.00856940763152951,0.03831899649841056
dspo_signals,dpo_signals,variance_volume_signals,ema_baseline,adx_dmi_exit,trend,A,False,-0.1192417468189822,-30.52588718565945,0.6881804445481641,0.20703125,-2.5122111903341744,-31.374240024191735,30.02588718565946,14.204776431004976,-1.0166522972962742,256,172,84,5,1.0,0.02,1.9,1.0,1.45,"{""base"": {""ma_length"": 37}, ""c1"": {""len"": 7}, ""c2"": {""len"": 142}, ""exit_ind"": {""adx_smoothing"": 14, ""adx_threshold"": 25, ""di_length"": 14}, ""vol"": {""ema_len"": 19, ""filter_lookback"": 200, ""hline"": 0, ""lookback"": 20}}","{""base"": {""ma_length"": 132}, ""c1"": {""len"": 14}, ""c2"": {""len"": 62}, ""exit_ind"": {""adx_smoothing"": 14, ""adx_threshold"": 25, ""di_length"": 14}, ""vol"": {""ema_len"": 12, ""filter_lookback"": 20, ""hline"": 0, ""lookback"": 25}}","{""atr_len"": 50, ""atr_mult"": 1.0, ""be_pct"": 0.05, ""tp_mult"": 2.8, ""trail_arm"": 2.0, ""trail_mult"": 0.5}",full,full,,0.1426898107294049,0.7260469847853305,,,,,,False,gate2_tuned_modeA_trend.csv,-0.079791769928434,0.2696610395794105,168,1.8547746160253025,-0.0883366879485119,172,0.7743271326423196,-0.1825235340299451,84,0.4984444816917507,True,0.00854491802007791,0.0556383410607945
supertrend_signals,donchian_breakout_signals,chaikin_volatility_volume_signals,rma_baseline,adx_dmi_exit,trend,A,False,-0.114137359197717,-29.675713391406433,0.7001675685514254,0.1923076923076923,-2.290643649071475,-21.90750156723828,39.139013224069195,20.247103842701694,-0.758213121560174,260,110,150,3,1.05,0.01,3.0,1.8,2.0,"{""base"": {""ma_length"": 16}, ""c1"": {""atr_period"": 10, ""factor"": 6}, ""c2"": {""length"": 16}, ""exit_ind"": {""adx_smoothing"": 14, ""adx_threshold"": 25, ""di_length"": 14}, ""vol"": {""cvi_len"": 2, ""roc_len"": 22}}","{""base"": {""ma_length"": 132}, ""c1"": {""atr_period"": 43, ""factor"": 2}, ""c2"": {""length"": 37}, ""exit_ind"": {""adx_smoothing"": 14, ""adx_threshold"": 25, ""di_length"": 14}, ""vol"": {""cvi_len"": 8, ""roc_len"": 15}}","{""atr_len"": 50, ""atr_mult"": 1.0, ""be_pct"": 0.01, ""tp_mult"": 3.0, ""trail_arm"": 1.65, ""trail_mult"": 1.35}",full,full,,0.0803562720791138,0.4097184005876308,,,,,,False,gate2_tuned_modeA_trend.csv,-0.079791769928434,0.3566955013270239,108,2.308485871032117,-0.0882258791748647,110,0.7612392608177424,-0.1331391112144753,150,0.6576085372461702,True,0.008434109246430704,0.030890725266236
dpo_signals,supertrend_signals,vertical_horizontal_filter_volume_signals,mcginley_dynamic_index,adx_dmi_exit,trend,A,False,-0.1253712185014306,-33.599486558383404,0.6421051611267135,0.1753731343283582,-2.8832367024019123,-15.299699831017644,37.229449675481675,21.547105545188476,-0.9024975349155144,268,82,186,3,1.0,0.05,2.75,2.0,1.8,"{""base"": {""mci_length"": 14}, ""c1"": {""len"": 500}, ""c2"": {""atr_period"": 8, ""factor"": 3}, ""exit_ind"": {""adx_smoothing"": 14, ""adx_threshold"": 25, ""di_length"": 14}, ""vol"": {""length"": 10, ""vhf_threshold"": 0.431496}}","{""base"": {""mci_length"": 17}, ""c1"": {""len"": 62}, ""c2"": {""atr_period"": 2, ""factor"": 3}, ""exit_ind"": {""adx_smoothing"": 14, ""adx_threshold"": 25, ""di_length"": 14}, ""vol"": {""length"": 23, ""vhf_threshold"": 0.35}}","{""atr_len"": 50, ""atr_mult"": 1.1, ""be_pct"": 0.05, ""tp_mult"": 2.8, ""trail_arm"": 1.3, ""trail_mult"": 1.2}",full,full,,0.0976515322576067,0.4985683953774468,,,,,,False,gate2_tuned_modeA_trend.csv,-0.079791769928434,0.3618525825068448,102,2.5481268421048155,-0.2096555921011584,82,0.3738227465866706,-0.0882135914305829,186,0.752991610630155,True,0.008421821502148902,0.06914282183743665
bears_bulls_impulse_signals,chandelier_exit_signals,chaikin_volatility_volume_signals,t3_baseline,adx_dmi_exit,trend,A,False,-0.0903787085471114,-31.451790574394785,0.7574639148297805,0.2097701149425287,-1.8095128469925117,-19.98254486898243,46.41443929122565,26.708940524115757,-0.6776294414988343,348,148,200,2,1.0,0.08,2.65,1.95,1.6,"{""base"": {""length"": 28, ""volume_factor"": 0.7}, ""c1"": {""length"": 37}, ""c2"": {""atr_mult"": 4, ""atr_period"": 18}, ""exit_ind"": {""adx_smoothing"": 14, ""adx_threshold"": 25, ""di_length"": 14}, ""vol"": {""cvi_len"": 12, ""roc_len"": 3}}","{""base"": {""length"": 100, ""volume_factor"": 0.567792}, ""c1"": {""length"": 56}, ""c2"": {""atr_mult"": 2, ""atr_period"": 63}, ""exit_ind"": {""adx_smoothing"": 14, ""adx_threshold"": 25, ""di_length"": 14}, ""vol"": {""cvi_len"": 43, ""roc_len"": 12}}","{""atr_len"": 41, ""atr_mult"": 1.0, ""be_pct"": 0.01, ""tp_mult"": 3.0, ""trail_arm"": 2.0, ""trail_mult"": 0.5}",full,full,,0.1369311357625,0.3652895081002377,,,,,,False,gate2_tuned_modeA_trend.csv,-0.079791769928434,0.6138097781962811,104,3.4447809907535043,-0.0880842801127026,148,0.773642770590901,-0.0920765855885739,200,0.7445380196147594,True,0.008292510184268603,0.010288662922204247
dspo_signals,supertrend_signals,efficiency_ratio_volume_signals,rma_baseline,adx_dmi_exit,chop,B,False,-0.1626931829198965,-38.72097753493537,0.7362441224699551,0.1932773109243697,-2.031209592789648,-8.832226270250818,42.70024115098894,21.24197808950104,-0.9068093409125536,238,136,102,2,1.0,0.05,2.85,2.0,1.5,"{""base"": {""ma_length"": 132}, ""c1"": {""len"": 140}, ""c2"": {""atr_period"": 19, ""factor"": 3}, ""exit_ind"": {""adx_smoothing"": 14, ""adx_threshold"": 25, ""di_length"": 14}, ""vol"": {""er_threshold"": 0.069304, ""length"": 2}}","{""base"": {""ma_length"": 200}, ""c1"": {""len"": 14}, ""c2"": {""atr_period"": 43, ""factor"": 3}, ""exit_ind"": {""adx_smoothing"": 14, ""adx_threshold"": 25, ""di_length"": 14}, ""vol"": {""er_threshold"": 0.3, ""length"": 10}}","{""atr_len"": 15, ""atr_mult"": 1.0, ""be_pct"": 0.05, ""tp_mult"": 2.2, ""trail_arm"": 2.0, ""trail_mult"": 1.5}",full,full,,0.0673235056314712,0.3251557090295622,,,,,,False,gate2_tuned_modeB.csv,-0.0550301260173602,0.3496200137993767,110,1.7432714487351917,-0.0632941186727575,136,0.8910490061222042,-0.2952252685827486,102,0.5558434869725987,True,0.008263992655397297,0.12422956761039286
schaff_trend_cycle_signals,halftrend_signals,efficiency_ratio_volume_signals,sma_baseline,adx_dmi_exit,trend,A,False,-0.163220655708133,-25.46242229046875,0.5575784247441354,0.2115384615384615,-3.864626417669803,-25.927946402628113,27.364483184832075,11.94380038014224,-0.9304916200493925,156,100,56,2,1.0,0.05,2.95,1.75,0.6,"{""base"": {""length"": 16}, ""c1"": {""cycleLen"": 12, ""d1"": 3, ""d2"": 3, ""lowerBand"": 20, ""macdFast"": 28, ""macdSlow"": 62, ""stc_midline"": 50, ""upperBand"": 75}, ""c2"": {""amplitude"": 62}, ""exit_ind"": {""adx_smoothing"": 14, ""adx_threshold"": 25, ""di_length"": 14}, ""vol"": {""er_threshold"": 0.369854, ""length"": 10}}","{""base"": {""length"": 20}, ""c1"": {""cycleLen"": 8, ""d1"": 3, ""d2"": 30, ""lowerBand"": 20, ""macdFast"": 28, ""macdSlow"": 41, ""stc_midline"": 41, ""upperBand"": 75}, ""c2"": {""amplitude"": 50}, ""exit_ind"": {""adx_smoothing"": 14, ""adx_threshold"": 25, ""di_length"": 14}, ""vol"": {""er_threshold"": 0.854411, ""length"": 2}}","{""atr_len"": 45, ""atr_mult"": 1.0, ""be_pct"": 0.08, ""tp_mult"": 3.0, ""trail_arm"": 1.0, ""trail_mult"": 1.45}",full,full,,0.231293463353321,1.4262714381116044,,,,,,False,gate2_tuned_modeA_trend.csv,-0.079791769928434,0.598801686200837,114,3.4372767584243356,-0.0880093354086508,100,0.7671737321855417,-0.2975265848143514,56,0.1564642507212227,True,0.008217565480216807,0.11297619018306711
kuskus_starlight_signals,coral_signals,chaikin_volatility_volume_signals,wma_baseline,adx_dmi_exit,trend,A,False,-0.1236962237199655,-35.37711998391015,0.6776101784496603,0.1958041958041958,-2.6130448992695463,-30.351566580697103,41.116781674003,20.922972661971123,-0.8604058621221835,286,164,122,3,1.0,0.01,2.25,1.0,1.9,"{""base"": {""ma_length"": 37}, ""c1"": {""index_smooth"": 0.7, ""price_smooth"": 0.161709, ""range_periods"": 197}, ""c2"": {""const_d"": 11, ""smooth_period"": 28}, ""exit_ind"": {""adx_smoothing"": 14, ""adx_threshold"": 25, ""di_length"": 14}, ""vol"": {""cvi_len"": 66, ""roc_len"": 15}}","{""base"": {""ma_length"": 200}, ""c1"": {""index_smooth"": 0.7, ""price_smooth"": 0.7, ""range_periods"": 37}, ""c2"": {""const_d"": 61, ""smooth_period"": 43}, ""exit_ind"": {""adx_smoothing"": 14, ""adx_threshold"": 25, ""di_length"": 14}, ""vol"": {""cvi_len"": 8, ""roc_len"": 12}}","{""atr_len"": 50, ""atr_mult"": 1.0, ""be_pct"": 0.01, ""tp_mult"": 2.9, ""trail_arm"": 1.95, ""trail_mult"": 0.8}",full,full,,0.1269544483240426,0.4751561917154664,,,,,,False,gate2_tuned_modeA_trend.csv,-0.079791769928434,0.3527695392778132,156,2.179439129846901,-0.0880064681364527,164,0.77090704951009,-0.171672616471573,122,0.5518366380341299,True,0.008214698208018706,0.05004777237557885
ehlers_reverse_ema_signals,ssl_channel_signals,variance_volume_signals,t3_baseline,adx_dmi_exit,trend,A,False,-0.0928780811354217,-21.361958661146993,0.7375209146809598,0.2434782608695652,-1.9803275732745649,-19.96892208328985,24.09507338851768,13.082982424226646,-0.8865695620303389,230,154,76,22,1.0,0.03,1.3,1.0,1.25,"{""base"": {""length"": 19, ""volume_factor"": 0.7}, ""c1"": {""alpha"": 0.432876}, ""c2"": {""len"": 43}, ""exit_ind"": {""adx_smoothing"": 14, ""adx_threshold"": 25, ""di_length"": 14}, ""vol"": {""ema_len"": 19, ""filter_lookback"": 200, ""hline"": 0, ""lookback"": 20}}","{""base"": {""length"": 100, ""volume_factor"": 0.567792}, ""c1"": {""alpha"": 0.035112}, ""c2"": {""len"": 43}, ""exit_ind"": {""adx_smoothing"": 14, ""adx_threshold"": 25, ""di_length"": 14}, ""vol"": {""ema_len"": 100, ""filter_lookback"": 200, ""hline"": 0, ""lookback"": 7}}","{""atr_len"": 41, ""atr_mult"": 1.0, ""be_pct"": 0.05, ""tp_mult"": 3.0, ""trail_arm"": 1.9, ""trail_mult"": 0.5}",full,full,,0.136474320036377,0.6181015955474443,,,,,,False,gate2_tuned_modeA_trend.csv,-0.079791769928434,0.5445140203900068,114,3.1628192403588344,-0.0879838540637769,154,0.7707512743936799,-0.1027953307279651,76,0.649373502140036,True,0.008192084135342906,0.015597822467437003
dspo_signals,waddah_attar_explosion_signals,chaikin_volatility_volume_signals,kama_baseline,adx_dmi_exit,trend,A,False,-0.1005196980440144,-15.681072894866247,0.7289310671777184,0.2051282051282051,-2.032673658616506,-24.7358565920384,18.81326811300662,12.120769296016435,-0.833511370840725,156,106,50,49,1.0,0.01,2.6,2.0,1.65,"{""base"": {""fast_length"": 2, ""length"": 8, ""slow_length"": 37}, ""c1"": {""len"": 26}, ""c2"": {""bbLen"": 200, ""bbStd"": 2, ""fastEma"": 20, ""sensitivity"": 281, ""slowEma"": 32}, ""exit_ind"": {""adx_smoothing"": 14, ""adx_threshold"": 25, ""di_length"": 14}, ""vol"": {""cvi_len"": 43, ""roc_len"": 3}}","{""base"": {""fast_length"": 2, ""length"": 12, ""slow_length"": 30}, ""c1"": {""len"": 14}, ""c2"": {""bbLen"": 37, ""bbStd"": 2, ""fastEma"": 25, ""sensitivity"": 80, ""slowEma"": 40}, ""exit_ind"": {""adx_smoothing"": 14, ""adx_threshold"": 25, ""di_length"": 14}, ""vol"": {""cvi_len"": 28, ""roc_len"": 2}}","{""atr_len"": 9, ""atr_mult"": 1.0, ""be_pct"": 0.01, ""tp_mult"": 2.6, ""trail_arm"": 2.0, ""trail_mult"": 0.7}",full,full,,0.0019383772587297,0.3690194860695872,,,,,,False,gate2_tuned_modeA_trend.csv,-0.079791769928434,0.3681392724927109,118,2.3430283565768972,-0.0879599309459326,106,0.7637479137035866,-0.1271464042919478,50,0.6541880916620614,True,0.008168161017498607,0.0277613976905062
parabolic_sar_signals,lemantrend_signals,efficiency_ratio_volume_signals,wma_baseline,adx_dmi_exit,chop,B,False,-0.1003787518110848,-20.27650786583914,0.7789788344617994,0.2821782178217821,-1.5366286998102217,-5.0654742836494595,32.94801376621692,17.2370461629238,-0.6154091111443433,202,143,59,9,1.0,0.05,2.25,2.0,1.5,"{""base"": {""ma_length"": 200}, ""c1"": {""sar_increment"": 0.007022, ""sar_maximum"": 0.070224, ""sar_start"": 0.02}, ""c2"": {""fast_period"": 18, ""medium_period"": 21, ""slow_period"": 7, ""smooth"": 3}, ""exit_ind"": {""adx_smoothing"": 14, ""adx_threshold"": 25, ""di_length"": 14}, ""vol"": {""er_threshold"": 0.369854, ""length"": 8}}","{""base"": {""ma_length"": 3}, ""c1"": {""sar_increment"": 0.02, ""sar_maximum"": 0.106734, ""sar_start"": 0.002}, ""c2"": {""fast_period"": 8, ""medium_period"": 91, ""slow_period"": 2, ""smooth"": 2}, ""exit_ind"": {""adx_smoothing"": 14, ""adx_threshold"": 25, ""di_length"": 14}, ""vol"": {""er_threshold"": 0.562145, ""length"": 2}}","{""atr_len"": 4, ""atr_mult"": 1.0, ""be_pct"": 0.05, ""tp_mult"": 2.9, ""trail_arm"": 2.0, ""trail_mult"": 1.5}",full,full,,-0.0302425527151766,0.4255873495691917,,,,,,False,gate2_tuned_modeB.csv,-0.0550301260173602,0.2448737234208313,161,1.9557319726674625,-0.1157210049646779,143,0.718386300323977,-0.0631932907778,59,0.8869440698747615,True,0.008163164760439802,0.034427021853878755
kalman_filter_signals,center_of_gravity_signals,variance_volume_signals,vidya,adx_dmi_exit,trend,A,False,-0.1252610503939633,-32.567873102430454,0.658575364592042,0.1807692307692307,-2.620520792805416,-18.59146397049296,34.704310404203795,19.906809863768206,-0.9384388487513484,260,104,156,2,1.0,0.06,2.9,2.0,1.55,"{""base"": {""vda_length"": 6}, ""c1"": {""k"": 1, ""sharpness"": 1}, ""c2"": {""length"": 10, ""signal_length"": 13}, ""exit_ind"": {""adx_smoothing"": 14, ""adx_threshold"": 25, ""di_length"": 14}, ""vol"": {""ema_len"": 19, ""filter_lookback"": 20, ""hline"": 0, ""lookback"": 132}}","{""base"": {""vda_length"": 13}, ""c1"": {""k"": 1, ""sharpness"": 1}, ""c2"": {""length"": 12, ""signal_length"": 3}, ""exit_ind"": {""adx_smoothing"": 14, ""adx_threshold"": 25, ""di_length"": 14}, ""vol"": {""ema_len"": 19, ""filter_lookback"": 11, ""hline"": 0, ""lookback"": 132}}","{""atr_len"": 2, ""atr_mult"": 1.05, ""be_pct"": 0.01, ""tp_mult"": 2.85, ""trail_arm"": 1.15, ""trail_mult"": 1.4}",full,full,,0.0913399238885975,1.0416205001481995,,,,,,False,gate2_tuned_modeA_trend.csv,-0.079791769928434,0.4471419443223224,110,3.0252929832023425,-0.0879128569524037,104,0.7700876885142244,-0.1501598460216696,156,0.5788481317574329,True,0.0081210870239697,0.03924458155860265
schaff_trend_cycle_signals,fisher_transform_signals,variance_volume_signals,hma_baseline,adx_dmi_exit,trend,A,False,-0.1040055580510058,-55.33095688313508,0.7006446272182831,0.25,-2.336224906195395,-15.928124440308666,59.40880247060789,32.74430433247904,-0.9313595726914324,532,350,182,3,1.0,0.08,1.7,2.0,1.9,"{""base"": {""ma_length"": 57}, ""c1"": {""cycleLen"": 10, ""d1"": 9, ""d2"": 3, ""lowerBand"": 25, ""macdFast"": 100, ""macdSlow"": 216, ""stc_midline"": 62, ""upperBand"": 75}, ""c2"": {""length"": 66}, ""exit_ind"": {""adx_smoothing"": 14, ""adx_threshold"": 25, ""di_length"": 14}, ""vol"": {""ema_len"": 19, ""filter_lookback"": 20, ""hline"": 0, ""lookback"": 132}}","{""base"": {""ma_length"": 87}, ""c1"": {""cycleLen"": 19, ""d1"": 3, ""d2"": 2, ""lowerBand"": 25, ""macdFast"": 8, ""macdSlow"": 41, ""stc_midline"": 94, ""upperBand"": 75}, ""c2"": {""length"": 19}, ""exit_ind"": {""adx_smoothing"": 14, ""adx_threshold"": 25, ""di_length"": 14}, ""vol"": {""ema_len"": 5, ""filter_lookback"": 20, ""hline"": 0, ""lookback"": 200}}","{""atr_len"": 33, ""atr_mult"": 1.05, ""be_pct"": 0.2, ""tp_mult"": 2.9, ""trail_arm"": 1.5, ""trail_mult"": 1.05}",full,full,,0.0910810375822216,0.45206978426902,,,,,,False,gate2_tuned_modeA_trend.csv,-0.079791769928434,0.2612100803244767,462,1.99971076502932,-0.0878919952048663,350,0.7467516896882885,-0.1349931789089662,182,0.6122550114619166,True,0.00810022527643231,0.031650817128482264
bears_bulls_impulse_signals,dpo_signals,efficiency_ratio_volume_signals,t3_baseline,adx_dmi_exit,trend,A,False,-0.0950263352418151,-18.435109036912134,0.7435195834571962,0.2319587628865979,-1.8358897432936907,-21.6170672219418,22.64139980258666,14.950930206530508,-0.8142212582989691,194,134,60,2,1.0,0.06,2.7,1.55,1.95,"{""base"": {""length"": 12, ""volume_factor"": 0.245783}, ""c1"": {""length"": 5}, ""c2"": {""len"": 50}, ""exit_ind"": {""adx_smoothing"": 14, ""adx_threshold"": 25, ""di_length"": 14}, ""vol"": {""er_threshold"": 0.369854, ""length"": 10}}","{""base"": {""length"": 10, ""volume_factor"": 0.567792}, ""c1"": {""length"": 13}, ""c2"": {""len"": 216}, ""exit_ind"": {""adx_smoothing"": 14, ""adx_threshold"": 25, ""di_length"": 14}, ""vol"": {""er_threshold"": 0.3, ""length"": 43}}","{""atr_len"": 33, ""atr_mult"": 1.1, ""be_pct"": 0.05, ""tp_mult"": 2.9, ""trail_arm"": 1.15, ""trail_mult"": 1.1}",full,full,,0.1220521881434506,0.8217406125823036,,,,,,False,gate2_tuned_modeA_trend.csv,-0.079791769928434,0.5015840257498418,116,3.465938866125931,-0.0877559890429224,134,0.7689620913568177,-0.1112634417526755,60,0.6817944131229514,True,0.0079642191144884,0.01971794546936495
rex_oscillator_signals,coppock_curve_signals,waddah_attar_explosion_volume_signals,frama_baseline,adx_dmi_exit,chop,B,False,-0.0737535781124423,-12.759369013452524,0.8525638355029009,0.2427745664739884,-0.9537221386288082,-3.5166337670002945,18.44496781994768,9.4343939565536,-0.6917533897594362,173,102,71,6,1.0,0.05,2.95,2.0,1.5,"{""base"": {""length"": 4}, ""c1"": {""almaOffset"": 0.85, ""almaSigma"": 6, ""framaFast"": 34, ""framaSlow"": 89, ""jurikPhase"": 1, ""jurikPower"": 1, ""lsOffset"": 0, ""modFBW"": 0.5, ""modFilter"": 0.8, ""sigAlmaOff"": 0.85, ""sigAlmaSig"": 6, ""sigFramaFast"": 34, ""sigFramaSlow"": 89, ""sigJurikPhase"": 1, ""sigJurikPower"": 1, ""sigLsOff"": 0, ""sigModFBW"": 0.5, ""sigModFilter"": 0.8, ""sigSmooth"": 22, ""sigVolAdj"": 10, ""smooth"": 26, ""volAdj"": 10}, ""c2"": {""long_roc"": 7, ""short_roc"": 6, ""smooth_len"": 10}, ""exit_ind"": {""adx_smoothing"": 14, ""adx_threshold"": 25, ""di_length"": 14}, ""vol"": {""bbLen"": 37, ""bbStd"": 20, ""fastEma"": 132, ""sensitivity"": 23, ""slowEma"": 32}}","{""base"": {""length"": 5}, ""c1"": {""almaOffset"": 0.85, ""almaSigma"": 6, ""framaFast"": 34, ""framaSlow"": 89, ""jurikPhase"": 1, ""jurikPower"": 1, ""lsOffset"": 0, ""modFBW"": 0.5, ""modFilter"": 0.8, ""sigAlmaOff"": 0.85, ""sigAlmaSig"": 6, ""sigFramaFast"": 34, ""sigFramaSlow"": 89, ""sigJurikPhase"": 1, ""sigJurikPower"": 1, ""sigLsOff"": 0, ""sigModFBW"": 0.5, ""sigModFilter"": 0.8, ""sigSmooth"": 27, ""sigVolAdj"": 10, ""smooth"": 2, ""volAdj"": 10}, ""c2"": {""long_roc"": 17, ""short_roc"": 110, ""smooth_len"": 10}, ""exit_ind"": {""adx_smoothing"": 14, ""adx_threshold"": 25, ""di_length"": 14}, ""vol"": {""bbLen"": 20, ""bbStd"": 2, ""fastEma"": 16, ""sensitivity"": 35, ""slowEma"": 21}}","{""atr_len"": 26, ""atr_mult"": 1.0, ""be_pct"": 0.05, ""tp_mult"": 2.85, ""trail_arm"": 2.0, ""trail_mult"": 1.5}",full,full,,0.0212568042932463,0.640273466668643,,,,,,False,gate2_tuned_modeB.csv,-0.0550301260173602,0.5800745515601368,116,2.70783704283404,-0.0812939995112834,102,0.8344641140785884,-0.0629208600465015,71,0.8774376540421087,True,0.007890734029141304,0.01707730376153225
kuskus_starlight_signals,parabolic_sar_signals,variance_volume_signals,rma_baseline,adx_dmi_exit,chop,B,False,-0.0720232482419037,-18.149858556959735,0.878611989711424,0.2777777777777778,-0.8862816963974288,-4.102083441852505,32.950839055169126,17.76901309609495,-0.5508162789594426,252,147,105,49,1.0,0.05,2.95,2.0,1.5,"{""base"": {""ma_length"": 20}, ""c1"": {""index_smooth"": 0.245783, ""price_smooth"": 0.07, ""range_periods"": 30}, ""c2"": {""sar_increment"": 0.056961, ""sar_maximum"": 0.070224, ""sar_start"": 0.056961}, ""exit_ind"": {""adx_smoothing"": 14, ""adx_threshold"": 25, ""di_length"": 14}, ""vol"": {""ema_len"": 10, ""filter_lookback"": 37, ""hline"": 0, ""lookback"": 57}}","{""base"": {""ma_length"": 20}, ""c1"": {""index_smooth"": 0.7, ""price_smooth"": 0.7, ""range_periods"": 56}, ""c2"": {""sar_increment"": 0.00462, ""sar_maximum"": 0.2, ""sar_start"": 0.02}, ""exit_ind"": {""adx_smoothing"": 14, ""adx_threshold"": 25, ""di_length"": 14}, ""vol"": {""ema_len"": 5, ""filter_lookback"": 37, ""hline"": 0, ""lookback"": 57}}","{""atr_len"": 50, ""atr_mult"": 1.0, ""be_pct"": 0.05, ""tp_mult"": 1.5, ""trail_arm"": 2.0, ""trail_mult"": 1.5}",full,full,,0.1281540451294709,0.4619058212897557,,,,,,False,gate2_tuned_modeB.csv,-0.0550301260173602,0.3610938623469812,204,1.9430715634565072,-0.0629157165056901,147,0.8861690029012284,-0.0847737926726027,105,0.8696184345993699,True,0.007885590488329895,0.018814628571786195
parabolic_sar_signals,supertrend_signals,chaikin_volatility_volume_signals,kama_baseline,adx_dmi_exit,trend,A,False,-0.0892894621743575,-41.25173152455319,0.7306922963304817,0.2748917748917749,-2.065035279959989,-13.63601724971762,47.098913249225305,29.074104722552487,-0.8758531498650176,462,348,114,4,1.0,0.01,1.35,1.7,0.85,"{""base"": {""fast_length"": 2, ""length"": 28, ""slow_length"": 300}, ""c1"": {""sar_increment"": 0.00462, ""sar_maximum"": 0.374763, ""sar_start"": 0.024657}, ""c2"": {""atr_period"": 12, ""factor"": 6}, ""exit_ind"": {""adx_smoothing"": 14, ""adx_threshold"": 25, ""di_length"": 14}, ""vol"": {""cvi_len"": 28, ""roc_len"": 15}}","{""base"": {""fast_length"": 2, ""length"": 12, ""slow_length"": 300}, ""c1"": {""sar_increment"": 0.02, ""sar_maximum"": 0.106734, ""sar_start"": 0.02}, ""c2"": {""atr_period"": 4, ""factor"": 3}, ""exit_ind"": {""adx_smoothing"": 14, ""adx_threshold"": 25, ""di_length"": 14}, ""vol"": {""cvi_len"": 8, ""roc_len"": 3}}","{""atr_len"": 30, ""atr_mult"": 1.0, ""be_pct"": 0.01, ""tp_mult"": 2.95, ""trail_arm"": 1.45, ""trail_mult"": 0.5}",full,full,,0.092816775855565,0.4942181920763525,,,,,,False,gate2_tuned_modeA_trend.csv,-0.079791769928434,0.2495208637373851,492,2.044049105825973,-0.0898219222562662,348,0.7315782250746108,-0.0876640577137941,114,0.7278831677118394,True,0.007872287785360102,0.008951220056596154
volatility_quality_signals,schaff_trend_cycle_signals,chaikin_volatility_volume_signals,kama_baseline,adx_dmi_exit,trend,A,False,-0.0968607079212325,-26.346112554575264,0.7332246826726111,0.2279411764705882,-2.074123074456488,-34.19315838334342,28.92131447753425,18.61189832880681,-0.9109583374932916,272,184,88,2,1.0,0.03,1.85,1.8,2.0,"{""base"": {""fast_length"": 2, ""length"": 66, ""slow_length"": 11}, ""c1"": {""atr_pct"": 0.075, ""smooth"": 10}, ""c2"": {""cycleLen"": 2, ""d1"": 3, ""d2"": 3, ""lowerBand"": 25, ""macdFast"": 66, ""macdSlow"": 41, ""stc_midline"": 50, ""upperBand"": 75}, ""exit_ind"": {""adx_smoothing"": 14, ""adx_threshold"": 25, ""di_length"": 14}, ""vol"": {""cvi_len"": 12, ""roc_len"": 3}}","{""base"": {""fast_length"": 20, ""length"": 8, ""slow_length"": 3}, ""c1"": {""atr_pct"": 0.011399, ""smooth"": 100}, ""c2"": {""cycleLen"": 12, ""d1"": 2, ""d2"": 3, ""lowerBand"": 25, ""macdFast"": 19, ""macdSlow"": 41, ""stc_midline"": 62, ""upperBand"": 75}, ""exit_ind"": {""adx_smoothing"": 14, ""adx_threshold"": 25, ""di_length"": 14}, ""vol"": {""cvi_len"": 12, ""roc_len"": 3}}","{""atr_len"": 50, ""atr_mult"": 1.0, ""be_pct"": 0.2, ""tp_mult"": 2.45, ""trail_arm"": 1.0, ""trail_mult"": 1.1}",full,full,,0.0629238095717998,0.3946584783469408,,,,,,False,gate2_tuned_modeA_trend.csv,-0.079791769928434,0.3233211164385139,200,2.175713150685504,-0.1012702544994624,184,0.7370168313123349,-0.0876407468940247,88,0.7235949471817975,True,0.007848976965590698,0.014663730768309555
supertrend_signals,fx_sniper_ergodic_cci_signals,damiani_volatmeter_volume_signals,wma_baseline,adx_dmi_exit,trend,A,False,-0.0971102302614267,-18.64516421019393,0.7439755707495189,0.2135416666666666,-2.013703610863486,-151.67702140386194,33.75735788556943,17.19982956686912,-0.5523288959224013,192,116,76,44,1.0,0.05,2.95,1.9,0.7,"{""base"": {""ma_length"": 11}, ""c1"": {""atr_period"": 10, ""factor"": 3}, ""c2"": {""cci_length"": 14, ""ema1_length"": 5, ""ema2_length"": 3, ""trigger_length"": 9}, ""exit_ind"": {""adx_smoothing"": 14, ""adx_threshold"": 25, ""di_length"": 14}, ""vol"": {""lag"": 1.4, ""sedimentation"": 142, ""threshold"": 1.4, ""viscosity"": 7}}","{""base"": {""ma_length"": 20}, ""c1"": {""atr_period"": 10, ""factor"": 3}, ""c2"": {""cci_length"": 17, ""ema1_length"": 5, ""ema2_length"": 4, ""trigger_length"": 3}, ""exit_ind"": {""adx_smoothing"": 14, ""adx_threshold"": 25, ""di_length"": 14}, ""vol"": {""lag"": 1.4, ""sedimentation"": 142, ""threshold"": 1.4, ""viscosity"": 6}}","{""atr_len"": 31, ""atr_mult"": 1.0, ""be_pct"": 0.03, ""tp_mult"": 2.3, ""trail_arm"": 2.0, ""trail_mult"": 1.4}",full,full,,0.1017450763278146,0.29436876091422,,,,,,False,gate2_tuned_modeA_trend.csv,-0.079791769928434,0.4954303402248691,132,3.1095743519252497,-0.0876062896088371,116,0.7580397715565452,-0.111616244941695,76,0.7248131189694089,True,0.0078145196804031,0.019819497346832055
schaff_trend_cycle_signals,laguerre_filter_signals,variance_volume_signals,hma_baseline,adx_dmi_exit,trend,A,False,-0.116957886343852,-20.116756451142553,0.6416674742045513,0.25,-2.744852585268287,-13.528564293809776,22.818844651337812,14.4519049022909,-0.8815852317905656,172,66,106,2,1.05,0.05,3.0,1.0,1.85,"{""base"": {""ma_length"": 57}, ""c1"": {""cycleLen"": 10, ""d1"": 9, ""d2"": 20, ""lowerBand"": 25, ""macdFast"": 19, ""macdSlow"": 50, ""stc_midline"": 142, ""upperBand"": 75}, ""c2"": {""alpha"": 0.246569}, ""exit_ind"": {""adx_smoothing"": 14, ""adx_threshold"": 25, ""di_length"": 14}, ""vol"": {""ema_len"": 12, ""filter_lookback"": 200, ""hline"": 0, ""lookback"": 20}}","{""base"": {""ma_length"": 57}, ""c1"": {""cycleLen"": 12, ""d1"": 2, ""d2"": 9, ""lowerBand"": 25, ""macdFast"": 12, ""macdSlow"": 329, ""stc_midline"": 142, ""upperBand"": 75}, ""c2"": {""alpha"": 0.246569}, ""exit_ind"": {""adx_smoothing"": 14, ""adx_threshold"": 25, ""di_length"": 14}, ""vol"": {""ema_len"": 43, ""filter_lookback"": 200, ""hline"": 0, ""lookback"": 11}}","{""atr_len"": 41, ""atr_mult"": 1.0, ""be_pct"": 0.05, ""tp_mult"": 2.7, ""trail_arm"": 2.0, ""trail_mult"": 1.65}",full,full,,0.1127469456335887,0.7890939350501229,,,,,,False,gate2_tuned_modeA_trend.csv,-0.079791769928434,0.5668671555341646,112,3.6371710718787567,-0.1642642757620289,66,0.5570758116749501,-0.0875029646306475,106,0.707060880561078,True,0.0077111947022135,0.0460918502679042
halftrend_signals,hieken_ashi_smoothed_signals,chaikin_volatility_volume_signals,rma_baseline,adx_dmi_exit,trend,A,False,-0.1170346577015303,-20.12996112466322,0.6728685101880798,0.2034883720930232,-2.69746287319283,-63.14601172961645,26.295113392872075,16.124521328510706,-0.7655400006801238,172,76,96,33,1.0,0.01,2.3,2.0,1.65,"{""base"": {""ma_length"": 16}, ""c1"": {""amplitude"": 41}, ""c2"": {""alma_offset1"": 0.85, ""alma_offset2"": 0.85, ""alma_sigma1"": 6, ""alma_sigma2"": 6, ""ama_smooth1"": 0.181, ""ama_smooth2"": 0.181, ""frama_t1_a"": 1, ""frama_t1_b"": 168, ""frama_t2_a"": 1, ""frama_t2_b"": 168, ""lsma_offset1"": 0, ""lsma_offset2"": 0, ""ma_len1"": 8, ""ma_len2"": 8, ""vol_factor1"": 0.82, ""vol_factor2"": 0.82}, ""exit_ind"": {""adx_smoothing"": 14, ""adx_threshold"": 25, ""di_length"": 14}, ""vol"": {""cvi_len"": 28, ""roc_len"": 34}}","{""base"": {""ma_length"": 37}, ""c1"": {""amplitude"": 50}, ""c2"": {""alma_offset1"": 0.85, ""alma_offset2"": 0.85, ""alma_sigma1"": 6, ""alma_sigma2"": 6, ""ama_smooth1"": 0.181, ""ama_smooth2"": 0.181, ""frama_t1_a"": 1, ""frama_t1_b"": 168, ""frama_t2_a"": 1, ""frama_t2_b"": 168, ""lsma_offset1"": 0, ""lsma_offset2"": 0, ""ma_len1"": 6, ""ma_len2"": 8, ""vol_factor1"": 0.82, ""vol_factor2"": 1.010934}, ""exit_ind"": {""adx_smoothing"": 14, ""adx_threshold"": 25, ""di_length"": 14}, ""vol"": {""cvi_len"": 100, ""roc_len"": 34}}","{""atr_len"": 50, ""atr_mult"": 1.0, ""be_pct"": 0.05, ""tp_mult"": 2.95, ""trail_arm"": 1.7, ""trail_mult"": 0.55}",full,full,,0.1944946365484177,0.4677189955807242,,,,,,False,gate2_tuned_modeA_trend.csv,-0.079791769928434,0.4743575636639747,108,2.829664888418188,-0.154386841127693,76,0.6088866691431777,-0.0874641791558182,96,0.7337364095075504,True,0.0076724092273842,0.0411337402133216
supertrend_signals,bears_bulls_impulse_signals,variance_volume_signals,hma_baseline,adx_dmi_exit,chop,B,False,-0.0911597563914031,-16.13527688127835,0.8388652093067207,0.288135593220339,-1.2601413129014811,-4.9944334717750145,19.265307024901972,9.479048164207748,-0.8375302226132288,177,124,53,14,1.05,0.05,2.45,2.0,1.5,"{""base"": {""ma_length"": 132}, ""c1"": {""atr_period"": 8, ""factor"": 4}, ""c2"": {""length"": 7}, ""exit_ind"": {""adx_smoothing"": 14, ""adx_threshold"": 25, ""di_length"": 14}, ""vol"": {""ema_len"": 19, ""filter_lookback"": 7, ""hline"": 0, ""lookback"": 7}}","{""base"": {""ma_length"": 200}, ""c1"": {""atr_period"": 12, ""factor"": 3}, ""c2"": {""length"": 24}, ""exit_ind"": {""adx_smoothing"": 14, ""adx_threshold"": 25, ""di_length"": 14}, ""vol"": {""ema_len"": 19, ""filter_lookback"": 57, ""hline"": 0, ""lookback"": 3}}","{""atr_len"": 15, ""atr_mult"": 1.0, ""be_pct"": 0.05, ""tp_mult"": 1.5, ""trail_arm"": 2.0, ""trail_mult"": 1.5}",full,full,,0.0097128773316934,0.5870023947231762,,,,,,False,gate2_tuned_modeB.csv,-0.0550301260173602,0.3947615162553609,100,1.9775783393316229,-0.0626246148196029,124,0.8902649245912493,-0.1579212196914638,53,0.7150195908487348,True,0.007594488802242692,0.05524279123817314
chandelier_exit_signals,donchian_breakout_signals,variance_volume_signals,rma_baseline,adx_dmi_exit,trend,A,False,-0.0952634092054493,-18.29057456744627,0.7310209622434368,0.2239583333333333,-2.161137231110725,,17.790574567446285,10.209799931344806,-1.0281047696410492,192,112,80,23,1.0,0.01,2.1,2.0,1.95,"{""base"": {""ma_length"": 20}, ""c1"": {""atr_mult"": 9, ""atr_period"": 27}, ""c2"": {""length"": 16}, ""exit_ind"": {""adx_smoothing"": 14, ""adx_threshold"": 25, ""di_length"": 14}, ""vol"": {""ema_len"": 8, ""filter_lookback"": 87, ""hline"": 0, ""lookback"": 200}}","{""base"": {""ma_length"": 132}, ""c1"": {""atr_mult"": 6, ""atr_period"": 18}, ""c2"": {""length"": 20}, ""exit_ind"": {""adx_smoothing"": 14, ""adx_threshold"": 25, ""di_length"": 14}, ""vol"": {""ema_len"": 66, ""filter_lookback"": 5, ""hline"": 0, ""lookback"": 25}}","{""atr_len"": 34, ""atr_mult"": 1.0, ""be_pct"": 0.01, ""tp_mult"": 2.5, ""trail_arm"": 1.5, ""trail_mult"": 1.4}",full,full,,0.1025974082525419,0.9577152684398756,,,,,,False,gate2_tuned_modeA_trend.csv,-0.079791769928434,0.4146461595439242,102,2.53796030085383,-0.1009236083801157,112,0.7308703776530245,-0.0873391303609163,80,0.7312642142741028,True,0.007547360432482303,0.014339599442082004
polychromatic_momentum_signals,hieken_ashi_smoothed_signals,chaikin_volatility_volume_signals,mcginley_dynamic_index,adx_dmi_exit,chop,B,False,-0.1230307133263125,-23.12977410534676,0.7843976248250322,0.1808510638297872,-1.537354631471898,-6.069707458979086,32.2505756944402,17.260612313483986,-0.7171894952974185,188,110,78,9,1.0,0.05,3.0,2.0,1.5,"{""base"": {""mci_length"": 40}, ""c1"": {""len"": 61}, ""c2"": {""alma_offset1"": 0.85, ""alma_offset2"": 0.85, ""alma_sigma1"": 6, ""alma_sigma2"": 6, ""ama_smooth1"": 0.181, ""ama_smooth2"": 0.181, ""frama_t1_a"": 1, ""frama_t1_b"": 168, ""frama_t2_a"": 1, ""frama_t2_b"": 168, ""lsma_offset1"": 0, ""lsma_offset2"": 0, ""ma_len1"": 4, ""ma_len2"": 8, ""vol_factor1"": 0.287918, ""vol_factor2"": 0.665127}, ""exit_ind"": {""adx_smoothing"": 14, ""adx_threshold"": 25, ""di_length"": 14}, ""vol"": {""cvi_len"": 10, ""roc_len"": 22}}","{""base"": {""mci_length"": 26}, ""c1"": {""len"": 17}, ""c2"": {""alma_offset1"": 0.85, ""alma_offset2"": 0.85, ""alma_sigma1"": 6, ""alma_sigma2"": 6, ""ama_smooth1"": 0.181, ""ama_smooth2"": 0.181, ""frama_t1_a"": 1, ""frama_t1_b"": 168, ""frama_t2_a"": 1, ""frama_t2_b"": 168, ""lsma_offset1"": 0, ""lsma_offset2"": 0, ""ma_len1"": 8, ""ma_len2"": 8, ""vol_factor1"": 1.010934, ""vol_factor2"": 1.53653}, ""exit_ind"": {""adx_smoothing"": 14, ""adx_threshold"": 25, ""di_length"": 14}, ""vol"": {""cvi_len"": 10, ""roc_len"": 22}}","{""atr_len"": 15, ""atr_mult"": 1.0, ""be_pct"": 0.05, ""tp_mult"": 2.15, ""trail_arm"": 2.0, ""trail_mult"": 1.5}",full,full,,0.0917801792361736,0.5031821152805924,,,,,,False,gate2_tuned_modeB.csv,-0.0550301260173602,0.3789898890154046,106,1.835049984596853,-0.1659314421600299,110,0.7121174946553578,-0.0625296854838905,78,0.8888419809701203,True,0.007499559466530296,0.0592004378046
halftrend_signals,chandelier_exit_signals,chaikin_volatility_volume_signals,sma_baseline,adx_dmi_exit,trend,A,False,-0.0981005375053803,-28.449155876560287,0.748868284513561,0.2,-1.90186999758154,-46.53508517430519,34.527552197736426,18.83384651677316,-0.8239551913102421,290,148,142,3,1.05,0.01,2.6,2.0,1.8,"{""base"": {""length"": 25}, ""c1"": {""amplitude"": 27}, ""c2"": {""atr_mult"": 3, ""atr_period"": 8}, ""exit_ind"": {""adx_smoothing"": 14, ""adx_threshold"": 25, ""di_length"": 14}, ""vol"": {""cvi_len"": 19, ""roc_len"": 15}}","{""base"": {""length"": 37}, ""c1"": {""amplitude"": 41}, ""c2"": {""atr_mult"": 3, ""atr_period"": 22}, ""exit_ind"": {""adx_smoothing"": 14, ""adx_threshold"": 25, ""di_length"": 14}, ""vol"": {""cvi_len"": 66, ""roc_len"": 2}}","{""atr_len"": 45, ""atr_mult"": 1.0, ""be_pct"": 0.05, ""tp_mult"": 2.9, ""trail_arm"": 1.9, ""trail_mult"": 0.75}",full,full,,0.1776284660765196,0.4788023223806377,,,,,,False,gate2_tuned_modeA_trend.csv,-0.079791769928434,0.3363658124355152,214,2.1645810904471134,-0.0872115554690866,148,0.7812320303487319,-0.1094496173741934,142,0.7136927646381226,True,0.007419785540652604,0.018538816493206003
price_momentum_oscillator_signals,ssl_channel_signals,choppiness_index_volume_signals,ema_baseline,adx_dmi_exit,trend,A,False,-0.0912007073154243,-48.15397346254403,0.7482395469973093,0.2215909090909091,-1.8937633517979435,-54.958818171633176,61.92720990912827,36.05398855646679,-0.7775899081067106,528,176,352,22,1.0,0.01,2.85,1.9,1.75,"{""base"": {""ma_length"": 20}, ""c1"": {""s1"": 100, ""s2"": 20, ""sig"": 10}, ""c2"": {""len"": 10}, ""exit_ind"": {""adx_smoothing"": 14, ""adx_threshold"": 25, ""di_length"": 14}, ""vol"": {""ci_threshold"": 61.8, ""length"": 40}}","{""base"": {""ma_length"": 25}, ""c1"": {""s1"": 100, ""s2"": 37, ""sig"": 10}, ""c2"": {""len"": 12}, ""exit_ind"": {""adx_smoothing"": 14, ""adx_threshold"": 25, ""di_length"": 14}, ""vol"": {""ci_threshold"": 32.980801, ""length"": 2}}","{""atr_len"": 2, ""atr_mult"": 1.05, ""be_pct"": 0.05, ""tp_mult"": 1.5, ""trail_arm"": 1.65, ""trail_mult"": 0.85}",full,full,,0.1179160754331075,0.2000054289290067,,,,,,False,gate2_tuned_modeA_trend.csv,-0.079791769928434,0.311357438809238,160,2.7685807715426223,-0.0870566365429084,176,0.7214187630626929,-0.0932727427016822,352,0.7590647748274968,True,0.007264866614474411,0.01037291969386131
laguerre_filter_signals,kase_peak_oscillator_signals,variance_volume_signals,ema_baseline,adx_dmi_exit,trend,A,False,-0.0972424282315236,-16.920182512285106,0.7474641996857945,0.2126436781609195,-1.9206896204867312,-25.582530149637787,22.734414541027192,13.68238193450267,-0.744254156259465,174,104,70,3,1.0,0.05,2.9,1.0,1.35,"{""base"": {""ma_length"": 20}, ""c1"": {""alpha"": 0.046203}, ""c2"": {""long_cycle"": 10, ""sharpness"": 40, ""short_cycle"": 6}, ""exit_ind"": {""adx_smoothing"": 14, ""adx_threshold"": 25, ""di_length"": 14}, ""vol"": {""ema_len"": 10, ""filter_lookback"": 200, ""hline"": 0, ""lookback"": 16}}","{""base"": {""ma_length"": 132}, ""c1"": {""alpha"": 0.2}, ""c2"": {""long_cycle"": 281, ""sharpness"": 40, ""short_cycle"": 2}, ""exit_ind"": {""adx_smoothing"": 14, ""adx_threshold"": 25, ""di_length"": 14}, ""vol"": {""ema_len"": 100, ""filter_lookback"": 200, ""hline"": 0, ""lookback"": 25}}","{""atr_len"": 50, ""atr_mult"": 1.05, ""be_pct"": 0.01, ""tp_mult"": 2.8, ""trail_arm"": 2.0, ""trail_mult"": 0.5}",full,full,,0.1345342177874237,1.2027628183195838,,,,,,False,gate2_tuned_modeA_trend.csv,-0.079791769928434,0.6156683645856659,102,3.616590549489078,-0.1041329231918712,104,0.7292620085374076,-0.0870051214332926,70,0.7744311666544264,True,0.007213351504858606,0.015777252384147913
volatility_quality_signals,ichimoku_signals,volatility_ratio_volume_signals,mcginley_dynamic_index,adx_dmi_exit,chop,B,False,-0.0981449006560235,-16.095763707587857,0.8383356723716615,0.2378048780487804,-1.1769476042341902,-5.366144998021791,19.257110347897353,9.2643464439132,-0.8358348379794854,164,81,83,17,1.0,0.05,2.75,2.0,1.5,"{""base"": {""mci_length"": 17}, ""c1"": {""atr_pct"": 0.213603, ""smooth"": 8}, ""c2"": {""base_len"": 21, ""conversion_len"": 5, ""displacement"": 21, ""span_b_len"": 52}, ""exit_ind"": {""adx_smoothing"": 14, ""adx_threshold"": 25, ""di_length"": 14}, ""vol"": {""length"": 11}}","{""base"": {""mci_length"": 14}, ""c1"": {""atr_pct"": 0.075, ""smooth"": 10}, ""c2"": {""base_len"": 26, ""conversion_len"": 5, ""displacement"": 74, ""span_b_len"": 64}, ""exit_ind"": {""adx_smoothing"": 14, ""adx_threshold"": 25, ""di_length"": 14}, ""vol"": {""length"": 61}}","{""atr_len"": 10, ""atr_mult"": 1.0, ""be_pct"": 0.05, ""tp_mult"": 2.0, ""trail_arm"": 2.0, ""trail_mult"": 1.5}",full,full,,0.1478629936197251,0.7090546283051181,,,,,,False,gate2_tuned_modeB.csv,-0.0550301260173602,0.5026590773937722,100,2.204432755490995,-0.0622259157176743,81,0.8929176301485054,-0.1331983678850149,83,0.789393649275091,True,0.007195789700314099,0.0426820157839844
schaff_trend_cycle_signals,kase_peak_oscillator_signals,chaikin_volatility_volume_signals,mcginley_dynamic_index,adx_dmi_exit,trend,A,False,-0.1322486127915693,-31.739667069976633,0.6002049888989244,0.2375,-3.056336408256677,-16.134184979358952,32.81053788876474,20.690140744350924,-0.967361985273798,240,168,72,5,1.0,0.05,2.8,1.0,0.7,"{""base"": {""mci_length"": 17}, ""c1"": {""cycleLen"": 10, ""d1"": 3, ""d2"": 3, ""lowerBand"": 2, ""macdFast"": 12, ""macdSlow"": 62, ""stc_midline"": 50, ""upperBand"": 75}, ""c2"": {""long_cycle"": 80, ""sharpness"": 40, ""short_cycle"": 23}, ""exit_ind"": {""adx_smoothing"": 14, ""adx_threshold"": 25, ""di_length"": 14}, ""vol"": {""cvi_len"": 8, ""roc_len"": 34}}","{""base"": {""mci_length"": 40}, ""c1"": {""cycleLen"": 12, ""d1"": 3, ""d2"": 4, ""lowerBand"": 25, ""macdFast"": 12, ""macdSlow"": 216, ""stc_midline"": 5, ""upperBand"": 75}, ""c2"": {""long_cycle"": 428, ""sharpness"": 40, ""short_cycle"": 15}, ""exit_ind"": {""adx_smoothing"": 14, ""adx_threshold"": 25, ""di_length"": 14}, ""vol"": {""cvi_len"": 2, ""roc_len"": 79}}","{""atr_len"": 44, ""atr_mult"": 1.0, ""be_pct"": 0.01, ""tp_mult"": 2.9, ""trail_arm"": 1.85, ""trail_mult"": 0.6}",full,full,,0.1832433428887808,0.5725564069150697,,,,,,False,gate2_tuned_modeA_trend.csv,-0.079791769928434,0.4526218445436269,172,2.826726306513278,-0.1516477188711789,168,0.5787614210171791,-0.0869840319391467,72,0.6687921283963862,True,0.0071922620107126994,0.0395241054767288
polychromatic_momentum_signals,dspo_signals,efficiency_ratio_volume_signals,frama_baseline,adx_dmi_exit,chop,B,False,-0.1101585863540525,-25.11615768872397,0.7893600102093001,0.2280701754385964,-1.4187781831913175,-5.11266934539368,49.925753895015504,27.006902263912753,-0.5030701737932398,228,146,82,16,1.0,0.05,2.9,2.0,1.5,"{""base"": {""length"": 19}, ""c1"": {""len"": 14}, ""c2"": {""len"": 2}, ""exit_ind"": {""adx_smoothing"": 14, ""adx_threshold"": 25, ""di_length"": 14}, ""vol"": {""er_threshold"": 0.369854, ""length"": 10}}","{""base"": {""length"": 8}, ""c1"": {""len"": 61}, ""c2"": {""len"": 7}, ""exit_ind"": {""adx_smoothing"": 14, ""adx_threshold"": 25, ""di_length"": 14}, ""vol"": {""er_threshold"": 0.854411, ""length"": 2}}","{""atr_len"": 31, ""atr_mult"": 1.0, ""be_pct"": 0.05, ""tp_mult"": 3.0, ""trail_arm"": 2.0, ""trail_mult"": 1.5}",full,full,,0.0802080986922162,0.2707516147296276,,,,,,False,gate2_tuned_modeB.csv,-0.0550301260173602,0.3969471798580394,154,2.0389664006422956,-0.0621716677490846,146,0.8760389551387384,-0.1955987097238733,82,0.6514167752309387,True,0.007141541731724398,0.07385506271911874
bears_bulls_impulse_signals,kase_peak_oscillator_signals,variance_volume_signals,vidya,adx_dmi_exit,trend,A,False,-0.1175520436032013,-53.13352370864699,0.6745591125272348,0.2389380530973451,-2.627802615670186,-25.734824664096568,56.499374130846434,36.183953725370195,-0.9404267662433836,452,330,122,33,1.0,0.05,1.9,1.35,1.8,"{""base"": {""vda_length"": 13}, ""c1"": {""length"": 16}, ""c2"": {""long_cycle"": 281, ""sharpness"": 40, ""short_cycle"": 35}, ""exit_ind"": {""adx_smoothing"": 14, ""adx_threshold"": 25, ""di_length"": 14}, ""vol"": {""ema_len"": 12, ""filter_lookback"": 20, ""hline"": 0, ""lookback"": 132}}","{""base"": {""vda_length"": 9}, ""c1"": {""length"": 11}, ""c2"": {""long_cycle"": 122, ""sharpness"": 40, ""short_cycle"": 10}, ""exit_ind"": {""adx_smoothing"": 14, ""adx_threshold"": 25, ""di_length"": 14}, ""vol"": {""ema_len"": 8, ""filter_lookback"": 16, ""hline"": 0, ""lookback"": 200}}","{""atr_len"": 7, ""atr_mult"": 1.0, ""be_pct"": 0.01, ""tp_mult"": 2.55, ""trail_arm"": 1.3, ""trail_mult"": 0.5}",full,full,,0.0888948465444079,0.4145684841893355,,,,,,False,gate2_tuned_modeA_trend.csv,-0.079791769928434,0.3848683419771265,376,2.5971573515766115,-0.1288733144738282,330,0.651074310873342,-0.0869289338711777,122,0.7437276329812486,True,0.0071371639427437045,0.02810935424406895
dpo_signals,vortex_signals,variance_volume_signals,rma_baseline,adx_dmi_exit,trend,A,False,-0.1110462607069619,-34.20224829774429,0.6746724568528645,0.2045454545454545,-2.5813094805909103,-13.957937590041224,33.88544317495923,16.537791861593643,-1.0093492984922556,308,220,88,28,1.0,0.01,2.05,1.7,1.6,"{""base"": {""ma_length"": 16}, ""c1"": {""len"": 500}, ""c2"": {""period"": 14}, ""exit_ind"": {""adx_smoothing"": 14, ""adx_threshold"": 25, ""di_length"": 14}, ""vol"": {""ema_len"": 66, ""filter_lookback"": 25, ""hline"": 0, ""lookback"": 20}}","{""base"": {""ma_length"": 11}, ""c1"": {""len"": 62}, ""c2"": {""period"": 14}, ""exit_ind"": {""adx_smoothing"": 14, ""adx_threshold"": 25, ""di_length"": 14}, ""vol"": {""ema_len"": 19, ""filter_lookback"": 11, ""hline"": 0, ""lookback"": 200}}","{""atr_len"": 50, ""atr_mult"": 1.0, ""be_pct"": 0.01, ""tp_mult"": 2.65, ""trail_arm"": 1.0, ""trail_mult"": 1.65}",full,full,,0.2725441322188201,0.7781880017870492,,,,,,False,gate2_tuned_modeA_trend.csv,-0.079791769928434,0.4101734701556448,210,2.721368649519412,-0.0868988901755288,220,0.7400753676734444,-0.1714146870355449,88,0.5223491277952852,True,0.007107120247094811,0.04936501867710287
center_of_gravity_signals,donchian_breakout_signals,variance_volume_signals,t3_baseline,adx_dmi_exit,chop,B,False,-0.1167929631245585,-38.77526375735342,0.8039627061600291,0.2740963855421687,-1.5185382232954094,-7.050690742349673,44.30751597952059,23.85070780251579,-0.8751396439212653,332,196,136,19,1.0,0.05,2.6,2.0,1.5,"{""base"": {""length"": 19, ""volume_factor"": 0.7}, ""c1"": {""length"": 43, ""signal_length"": 2}, ""c2"": {""length"": 11}, ""exit_ind"": {""adx_smoothing"": 14, ""adx_threshold"": 25, ""di_length"": 14}, ""vol"": {""ema_len"": 8, ""filter_lookback"": 200, ""hline"": 0, ""lookback"": 20}}","{""base"": {""length"": 10, ""volume_factor"": 0.161709}, ""c1"": {""length"": 12, ""signal_length"": 2}, ""c2"": {""length"": 20}, ""exit_ind"": {""adx_smoothing"": 14, ""adx_threshold"": 25, ""di_length"": 14}, ""vol"": {""ema_len"": 19, ""filter_lookback"": 16, ""hline"": 0, ""lookback"": 87}}","{""atr_len"": 3, ""atr_mult"": 1.0, ""be_pct"": 0.05, ""tp_mult"": 1.5, ""trail_arm"": 2.0, ""trail_mult"": 1.5}",full,full,,0.0483939340641111,0.4243015992445465,,,,,,False,gate2_tuned_modeB.csv,-0.0550301260173602,0.2611793567427454,194,1.6200415538453372,-0.1547367807722826,196,0.7275770911014982,-0.0621092259263679,136,0.9023111570224424,True,0.007079099909007701,0.05339287733196505
fisher_transform_signals,linreg_slope_signals,variance_volume_signals,frama_baseline,adx_dmi_exit,chop,B,False,-0.1189334386062105,-25.213888984516643,0.7864787630113345,0.2877358490566037,-1.7091211750152109,-6.42016954318014,29.52485810490017,16.890486377286255,-0.8539884897984305,212,119,93,26,1.0,0.05,1.5,2.0,1.5,"{""base"": {""length"": 19}, ""c1"": {""length"": 43}, ""c2"": {""length"": 14, ""r2_floor"": 0.2}, ""exit_ind"": {""adx_smoothing"": 14, ""adx_threshold"": 25, ""di_length"": 14}, ""vol"": {""ema_len"": 12, ""filter_lookback"": 20, ""hline"": 0, ""lookback"": 7}}","{""base"": {""length"": 10}, ""c1"": {""length"": 4}, ""c2"": {""length"": 92, ""r2_floor"": 0.374763}, ""exit_ind"": {""adx_smoothing"": 14, ""adx_threshold"": 25, ""di_length"": 14}, ""vol"": {""ema_len"": 10, ""filter_lookback"": 25, ""hline"": 0, ""lookback"": 87}}","{""atr_len"": 29, ""atr_mult"": 1.0, ""be_pct"": 0.05, ""tp_mult"": 1.9, ""trail_arm"": 2.0, ""trail_mult"": 1.5}",full,full,,0.0378354026443885,0.1801903477689012,,,,,,False,gate2_tuned_modeB.csv,-0.0550301260173602,0.3351469000453321,100,1.909399108155643,-0.1634287249419002,119,0.7103883636905691,-0.0619986098540916,93,0.8867972883352063,True,0.006968483836731397,0.0576835413806357
glitch_index_signals,ichimoku_signals,variance_volume_signals,fantail_vma,adx_dmi_exit,chop,B,False,-0.0729620275265955,-17.21903849627655,0.8489118408914137,0.2584745762711864,-1.0354994654481045,-3.456729002211818,28.919863001181383,14.04130799092537,-0.5954052581636762,236,161,75,38,1.0,0.05,1.9,2.0,1.5,"{""base"": {""fma_adx_length"": 2, ""fma_ma_length"": 26, ""fma_weighting"": 12}, ""c1"": {""length"": 130, ""multiplier"": 1, ""smooth"": 3}, ""c2"": {""base_len"": 21, ""conversion_len"": 9, ""displacement"": 74, ""span_b_len"": 148}, ""exit_ind"": {""adx_smoothing"": 14, ""adx_threshold"": 25, ""di_length"": 14}, ""vol"": {""ema_len"": 100, ""filter_lookback"": 5, ""hline"": 0, ""lookback"": 20}}","{""base"": {""fma_adx_length"": 2, ""fma_ma_length"": 7, ""fma_weighting"": 12}, ""c1"": {""length"": 30, ""multiplier"": 1, ""smooth"": 3}, ""c2"": {""base_len"": 260, ""conversion_len"": 17, ""displacement"": 171, ""span_b_len"": 5}, ""exit_ind"": {""adx_smoothing"": 14, ""adx_threshold"": 25, ""di_length"": 14}, ""vol"": {""ema_len"": 2, ""filter_lookback"": 16, ""hline"": 0, ""lookback"": 200}}","{""atr_len"": 24, ""atr_mult"": 1.0, ""be_pct"": 0.05, ""tp_mult"": 2.45, ""trail_arm"": 2.0, ""trail_mult"": 1.5}",full,full,,0.0895718181137964,0.5198415376338473,,,,,,False,gate2_tuned_modeB.csv,-0.0550301260173602,0.3917664063446889,159,2.126736868108975,-0.0619856087029776,161,0.8659139906325806,-0.0965247399346285,75,0.8169075999229474,True,0.006955482685617395,0.02422504830144285
volatility_quality_signals,ichimoku_signals,variance_volume_signals,kama_baseline,adx_dmi_exit,trend,A,False,-0.2277780897471296,-25.511146051678516,0.4337202146263319,0.1607142857142857,-5.339842007773738,-42.86656823533144,28.171737126513197,20.69437427655818,-0.9055581463476484,112,62,50,2,1.0,0.05,2.95,1.5,1.3,"{""base"": {""fast_length"": 2, ""length"": 19, ""slow_length"": 30}, ""c1"": {""atr_pct"": 0.075, ""smooth"": 10}, ""c2"": {""base_len"": 21, ""conversion_len"": 9, ""displacement"": 32, ""span_b_len"": 64}, ""exit_ind"": {""adx_smoothing"": 14, ""adx_threshold"": 25, ""di_length"": 14}, ""vol"": {""ema_len"": 8, ""filter_lookback"": 25, ""hline"": 0, ""lookback"": 20}}","{""base"": {""fast_length"": 2, ""length"": 12, ""slow_length"": 130}, ""c1"": {""atr_pct"": 0.49345, ""smooth"": 10}, ""c2"": {""base_len"": 26, ""conversion_len"": 11, ""displacement"": 32, ""span_b_len"": 148}, ""exit_ind"": {""adx_smoothing"": 14, ""adx_threshold"": 25, ""di_length"": 14}, ""vol"": {""ema_len"": 8, ""filter_lookback"": 20, ""hline"": 0, ""lookback"": 25}}","{""atr_len"": 40, ""atr_mult"": 1.05, ""be_pct"": 0.05, ""tp_mult"": 3.0, ""trail_arm"": 2.0, ""trail_mult"": 1.2}",full,full,,0.3098721826567838,1.2729615282546414,,,,,,False,gate2_tuned_modeA_trend.csv,-0.079791769928434,0.588895268751691,100,3.1810935879692255,-0.3415623507941677,62,0.2697632500262611,-0.0866856060488022,50,0.729958564902589,True,0.006893836120368202,0.13433220849305094
laguerre_filter_signals,polychromatic_momentum_signals,chaikin_volatility_volume_signals,sma_baseline,adx_dmi_exit,trend,A,False,-0.1104453938579449,-28.93669319078158,0.7037924456511034,0.1984732824427481,-2.3355439615987974,-35.50900459813792,33.721382942925615,19.9498968702251,-0.8581111053410159,262,104,158,20,1.0,0.05,2.65,2.0,1.95,"{""base"": {""length"": 25}, ""c1"": {""alpha"": 0.070224}, ""c2"": {""len"": 3}, ""exit_ind"": {""adx_smoothing"": 14, ""adx_threshold"": 25, ""di_length"": 14}, ""vol"": {""cvi_len"": 28, ""roc_len"": 10}}","{""base"": {""length"": 200}, ""c1"": {""alpha"": 0.2}, ""c2"": {""len"": 2}, ""exit_ind"": {""adx_smoothing"": 14, ""adx_threshold"": 25, ""di_length"": 14}, ""vol"": {""cvi_len"": 10, ""roc_len"": 15}}","{""atr_len"": 50, ""atr_mult"": 1.0, ""be_pct"": 0.05, ""tp_mult"": 3.0, ""trail_arm"": 2.0, ""trail_mult"": 0.5}",full,full,,0.1243703492191787,0.4996154716306066,,,,,,False,gate2_tuned_modeA_trend.csv,-0.079791769928434,0.4334700070470178,100,2.4947241622310963,-0.1467023320949043,104,0.6278770112714617,-0.0865800674234906,158,0.7586963081185552,True,0.0067882974950566055,0.03684942983076346
supertrend_signals,ehlers_reverse_ema_signals,waddah_attar_explosion_volume_signals,tma_baseline,adx_dmi_exit,trend,A,False,-0.1547808465441068,-20.740633436910308,0.5928632240364442,0.1567164179104477,-3.333924764566303,-21.21376739320309,24.87217560327286,11.836033825187556,-0.8338889917688224,134,84,50,2,1.0,0.05,2.9,1.1,1.35,"{""base"": {""length"": 37}, ""c1"": {""atr_period"": 8, ""factor"": 2}, ""c2"": {""alpha"": 0.187382}, ""exit_ind"": {""adx_smoothing"": 14, ""adx_threshold"": 25, ""di_length"": 14}, ""vol"": {""bbLen"": 37, ""bbStd"": 20, ""fastEma"": 57, ""sensitivity"": 80, ""slowEma"": 40}}","{""base"": {""length"": 25}, ""c1"": {""atr_period"": 8, ""factor"": 2}, ""c2"": {""alpha"": 0.01}, ""exit_ind"": {""adx_smoothing"": 14, ""adx_threshold"": 25, ""di_length"": 14}, ""vol"": {""bbLen"": 25, ""bbStd"": 20, ""fastEma"": 87, ""sensitivity"": 15, ""slowEma"": 14}}","{""atr_len"": 28, ""atr_mult"": 1.0, ""be_pct"": 0.05, ""tp_mult"": 3.0, ""trail_arm"": 1.3, ""trail_mult"": 1.2}",full,full,,0.0069126367627883,1.218220451803557,,,,,,False,gate2_tuned_modeA_trend.csv,-0.079791769928434,0.3727789369222695,102,2.3093728561051807,-0.0865271536375446,84,0.7660305901116654,-0.2694470506271311,50,0.3222336647876469,True,0.006735383709110601,0.09819533220390385
bears_bulls_impulse_signals,ehlers_reverse_ema_signals,variance_volume_signals,ema_baseline,adx_dmi_exit,trend,A,False,-0.1203364833160703,-42.59911509388891,0.6718566519546392,0.2231638418079096,-2.540950905369754,-20.40704892096901,42.09911509388893,23.400644271521426,-1.011876734199398,354,244,110,2,1.0,0.01,2.9,1.0,1.3,"{""base"": {""ma_length"": 25}, ""c1"": {""length"": 5}, ""c2"": {""alpha"": 0.035112}, ""exit_ind"": {""adx_smoothing"": 14, ""adx_threshold"": 25, ""di_length"": 14}, ""vol"": {""ema_len"": 19, ""filter_lookback"": 20, ""hline"": 0, ""lookback"": 132}}","{""base"": {""ma_length"": 37}, ""c1"": {""length"": 7}, ""c2"": {""alpha"": 0.023101}, ""exit_ind"": {""adx_smoothing"": 14, ""adx_threshold"": 25, ""di_length"": 14}, ""vol"": {""ema_len"": 5, ""filter_lookback"": 16, ""hline"": 0, ""lookback"": 200}}","{""atr_len"": 2, ""atr_mult"": 1.0, ""be_pct"": 0.03, ""tp_mult"": 2.4, ""trail_arm"": 1.0, ""trail_mult"": 0.55}",full,full,,0.1480523783780072,0.4147393241399391,,,,,,False,gate2_tuned_modeA_trend.csv,-0.079791769928434,0.3074048343847883,238,2.27020585942876,-0.0864904368877475,244,0.7635834495235302,-0.1954131681207135,110,0.4699530241922224,True,0.0066986669593135095,0.06116003257579651
mama_fama_signals,center_of_gravity_signals,fractal_dimension_volume_signals,ema_baseline,adx_dmi_exit,trend,A,False,-0.1169382009535811,-18.476235750665825,0.6793769106765878,0.2215189873417721,-2.5158687088617055,-19.679296645738074,20.14685520443827,12.302825922925988,-0.9170779043766386,158,90,68,4,1.0,0.05,1.85,1.6,1.3,"{""base"": {""ma_length"": 20}, ""c1"": {""fast_limit"": 0.616423, ""slow_limit"": 0.093691}, ""c2"": {""length"": 10, ""signal_length"": 4}, ""exit_ind"": {""adx_smoothing"": 14, ""adx_threshold"": 25, ""di_length"": 14}, ""vol"": {""fd_threshold"": 1.5, ""length"": 16}}","{""base"": {""ma_length"": 37}, ""c1"": {""fast_limit"": 0.405565, ""slow_limit"": 0.05}, ""c2"": {""length"": 4, ""signal_length"": 3}, ""exit_ind"": {""adx_smoothing"": 14, ""adx_threshold"": 25, ""di_length"": 14}, ""vol"": {""fd_threshold"": 1.5, ""length"": 3}}","{""atr_len"": 26, ""atr_mult"": 1.0, ""be_pct"": 0.05, ""tp_mult"": 2.55, ""trail_arm"": 1.0, ""trail_mult"": 1.25}",full,full,,0.0864722345724194,0.6370738703014348,,,,,,False,gate2_tuned_modeA_trend.csv,-0.079791769928434,0.5078455835830337,124,3.245469012095884,-0.1399553165912651,90,0.6419016030633851,-0.0864743714331171,68,0.7380895098437861,True,0.006682601504683111,0.033423074083757096
dpo_signals,fx_sniper_ergodic_cci_signals,variance_volume_signals,frama_baseline,adx_dmi_exit,trend,A,False,-0.1084377425990645,-59.85763391468362,0.6947488650910807,0.161231884057971,-2.246586608028229,-13.274443427903948,63.02703665655082,37.10956155793988,-0.9497136005435568,552,276,276,34,1.0,0.15,2.95,1.0,1.55,"{""base"": {""length"": 12}, ""c1"": {""len"": 50}, ""c2"": {""cci_length"": 17, ""ema1_length"": 6, ""ema2_length"": 3, ""trigger_length"": 3}, ""exit_ind"": {""adx_smoothing"": 14, ""adx_threshold"": 25, ""di_length"": 14}, ""vol"": {""ema_len"": 5, ""filter_lookback"": 37, ""hline"": 0, ""lookback"": 11}}","{""base"": {""length"": 12}, ""c1"": {""len"": 62}, ""c2"": {""cci_length"": 17, ""ema1_length"": 2, ""ema2_length"": 2, ""trigger_length"": 9}, ""exit_ind"": {""adx_smoothing"": 14, ""adx_threshold"": 25, ""di_length"": 14}, ""vol"": {""ema_len"": 12, ""filter_lookback"": 200, ""hline"": 0, ""lookback"": 7}}","{""atr_len"": 18, ""atr_mult"": 1.0, ""be_pct"": 0.01, ""tp_mult"": 2.95, ""trail_arm"": 2.0, ""trail_mult"": 1.4}",full,full,,0.062788317559331,0.2838897820767647,,,,,,False,gate2_tuned_modeA_trend.csv,-0.079791769928434,0.3801437426002163,264,2.5415627980279063,-0.0863953240675298,276,0.7519815628988931,-0.1304801611305992,276,0.6396967237272174,True,0.006603554139095802,0.0286459726706305
volatility_quality_signals,dpo_signals,variance_volume_signals,kama_baseline,adx_dmi_exit,trend,A,False,-0.1289983520408169,-22.703709959183776,0.6756612862973747,0.1704545454545454,-2.52128615791875,,30.122472209474264,18.102811373067308,-0.7537133672595072,176,94,82,22,1.0,0.01,3.0,1.8,1.95,"{""base"": {""fast_length"": 2, ""length"": 28, ""slow_length"": 16}, ""c1"": {""atr_pct"": 0.49345, ""smooth"": 10}, ""c2"": {""len"": 142}, ""exit_ind"": {""adx_smoothing"": 14, ""adx_threshold"": 25, ""di_length"": 14}, ""vol"": {""ema_len"": 19, ""filter_lookback"": 200, ""hline"": 0, ""lookback"": 20}}","{""base"": {""fast_length"": 13, ""length"": 19, ""slow_length"": 30}, ""c1"": {""atr_pct"": 0.075, ""smooth"": 28}, ""c2"": {""len"": 27}, ""exit_ind"": {""adx_smoothing"": 14, ""adx_threshold"": 25, ""di_length"": 14}, ""vol"": {""ema_len"": 4, ""filter_lookback"": 25, ""hline"": 0, ""lookback"": 25}}","{""atr_len"": 33, ""atr_mult"": 1.0, ""be_pct"": 0.05, ""tp_mult"": 2.95, ""trail_arm"": 2.0, ""trail_mult"": 1.25}",full,full,,0.1613733966683165,0.8607316870765885,,,,,,False,gate2_tuned_modeA_trend.csv,-0.079791769928434,0.4588154822101583,104,2.6742740403458387,-0.1663115281128632,94,0.5991465732664326,-0.0862247111777394,82,0.7719217317233988,True,0.006432941249305407,0.0464763497168673
dpo_signals,coral_signals,variance_volume_signals,sma_baseline,adx_dmi_exit,trend,A,False,-0.0959665218134307,-28.406090456775495,0.7442887984981061,0.1824324324324324,-1.888744743879475,-19.763608644310818,31.18035005052324,19.49921885283393,-0.9110253865254092,296,120,176,34,1.0,0.01,3.0,2.0,1.9,"{""base"": {""length"": 20}, ""c1"": {""len"": 142}, ""c2"": {""const_d"": 2, ""smooth_period"": 19}, ""exit_ind"": {""adx_smoothing"": 14, ""adx_threshold"": 25, ""di_length"": 14}, ""vol"": {""ema_len"": 10, ""filter_lookback"": 16, ""hline"": 0, ""lookback"": 25}}","{""base"": {""length"": 20}, ""c1"": {""len"": 94}, ""c2"": {""const_d"": 11, ""smooth_period"": 100}, ""exit_ind"": {""adx_smoothing"": 14, ""adx_threshold"": 25, ""di_length"": 14}, ""vol"": {""ema_len"": 12, ""filter_lookback"": 16, ""hline"": 0, ""lookback"": 25}}","{""atr_len"": 36, ""atr_mult"": 1.0, ""be_pct"": 0.01, ""tp_mult"": 2.9, ""trail_arm"": 1.3, ""trail_mult"": 1.35}",full,full,,0.1847436280636188,0.4647073418357696,,,,,,False,gate2_tuned_modeA_trend.csv,-0.079791769928434,0.3949327597114409,132,2.3513175761487486,-0.086157967327411,120,0.7779898208303719,-0.1026541725993532,176,0.7199626371401666,True,0.006366197398977008,0.01461430003494811
bears_bulls_impulse_signals,dspo_signals,efficiency_ratio_volume_signals,t3_baseline,adx_dmi_exit,trend,A,False,-0.1019699112466282,-18.76246366937959,0.7177382741739284,0.2282608695652173,-2.0735090648705774,-18.60032873517067,22.394567880024827,13.82415135611809,-0.8378131594186754,184,130,54,2,1.0,0.01,2.05,1.0,1.75,"{""base"": {""length"": 28, ""volume_factor"": 0.567792}, ""c1"": {""length"": 5}, ""c2"": {""len"": 17}, ""exit_ind"": {""adx_smoothing"": 14, ""adx_threshold"": 25, ""di_length"": 14}, ""vol"": {""er_threshold"": 0.369854, ""length"": 10}}","{""base"": {""length"": 10, ""volume_factor"": 0.567792}, ""c1"": {""length"": 13}, ""c2"": {""len"": 92}, ""exit_ind"": {""adx_smoothing"": 14, ""adx_threshold"": 25, ""di_length"": 14}, ""vol"": {""er_threshold"": 0.3, ""length"": 43}}","{""atr_len"": 33, ""atr_mult"": 1.15, ""be_pct"": 0.01, ""tp_mult"": 2.9, ""trail_arm"": 1.15, ""trail_mult"": 1.1}",full,full,,0.1346783289487249,0.7566739266280196,,,,,,False,gate2_tuned_modeA_trend.csv,-0.079791769928434,0.503155167455847,116,3.515279559725575,-0.0861265573490002,130,0.769777584290807,-0.1401113187779546,54,0.575864556146155,True,0.006334787420566201,0.0333271681350434
kalman_filter_signals,parabolic_sar_signals,variance_volume_signals,sma_baseline,adx_dmi_exit,trend,A,False,-0.1123656063494387,-29.664520076251833,0.680283255833893,0.2348484848484848,-2.6352542595736392,-43.481157881476165,36.628875216049344,21.128317887125565,-0.8098670762146143,264,148,116,4,1.0,0.01,1.3,1.65,1.0,"{""base"": {""length"": 25}, ""c1"": {""k"": 1, ""sharpness"": 1}, ""c2"": {""sar_increment"": 0.016223, ""sar_maximum"": 0.070224, ""sar_start"": 0.037476}, ""exit_ind"": {""adx_smoothing"": 14, ""adx_threshold"": 25, ""di_length"": 14}, ""vol"": {""ema_len"": 19, ""filter_lookback"": 20, ""hline"": 0, ""lookback"": 132}}","{""base"": {""length"": 20}, ""c1"": {""k"": 1, ""sharpness"": 10}, ""c2"": {""sar_increment"": 0.007022, ""sar_maximum"": 0.106734, ""sar_start"": 0.010673}, ""exit_ind"": {""adx_smoothing"": 14, ""adx_threshold"": 25, ""di_length"": 14}, ""vol"": {""ema_len"": 2, ""filter_lookback"": 87, ""hline"": 0, ""lookback"": 132}}","{""atr_len"": 2, ""atr_mult"": 1.0, ""be_pct"": 0.02, ""tp_mult"": 2.3, ""trail_arm"": 1.8, ""trail_mult"": 1.3}",full,full,,0.2081725189420063,0.7335001133195286,,,,,,False,gate2_tuned_modeA_trend.csv,-0.079791769928434,0.4979286380600377,112,3.162650183268785,-0.1330252742663744,148,0.6470703599354326,-0.0860067196967968,116,0.730357311220853,True,0.006214949768362801,0.0297242270531516
laguerre_filter_signals,price_momentum_oscillator_signals,waddah_attar_explosion_volume_signals,alma_baseline,adx_dmi_exit,trend,A,False,-0.0980102832974222,-21.1702211922432,0.74339125827584,0.2129629629629629,-2.03169183910666,,28.07708494764564,17.562656395996466,-0.7540035310545441,216,148,68,2,1.0,0.01,2.65,1.75,2.0,"{""base"": {""length"": 9, ""offset"": 0.85, ""sigma"": 6}, ""c1"": {""alpha"": 0.02}, ""c2"": {""s1"": 230, ""s2"": 37, ""sig"": 10}, ""exit_ind"": {""adx_smoothing"": 14, ""adx_threshold"": 25, ""di_length"": 14}, ""vol"": {""bbLen"": 37, ""bbStd"": 4, ""fastEma"": 7, ""sensitivity"": 122, ""slowEma"": 6}}","{""base"": {""length"": 9, ""offset"": 0.129192, ""sigma"": 6}, ""c1"": {""alpha"": 0.02}, ""c2"": {""s1"": 350, ""s2"": 20, ""sig"": 10}, ""exit_ind"": {""adx_smoothing"": 14, ""adx_threshold"": 25, ""di_length"": 14}, ""vol"": {""bbLen"": 200, ""bbStd"": 20, ""fastEma"": 200, ""sensitivity"": 23, ""slowEma"": 6}}","{""atr_len"": 32, ""atr_mult"": 1.0, ""be_pct"": 0.2, ""tp_mult"": 2.6, ""trail_arm"": 1.6, ""trail_mult"": 1.1}",full,full,,0.0068069569918092,1.8220671524457128,,,,,,False,gate2_tuned_modeA_trend.csv,-0.079791769928434,0.5900155638776453,104,3.5045558629908236,-0.0859227675287161,148,0.7788422679260869,-0.1243184058528412,68,0.6618539360802713,True,0.006130997600282101,0.02532881676234465
center_of_gravity_signals,ehlers_reverse_ema_signals,variance_volume_signals,super_smoother_2pole_baseline,adx_dmi_exit,chop,B,False,-0.0850246388461189,-13.859016131917386,0.8474922802279649,0.2699386503067484,-1.1673810865015732,-4.669776954488744,17.75681343073628,11.165968904563584,-0.7804900460308957,163,94,69,10,1.2,0.05,2.35,2.0,1.5,"{""base"": {""cutoff_period"": 65}, ""c1"": {""length"": 8, ""signal_length"": 2}, ""c2"": {""alpha"": 0.123285}, ""exit_ind"": {""adx_smoothing"": 14, ""adx_threshold"": 25, ""di_length"": 14}, ""vol"": {""ema_len"": 100, ""filter_lookback"": 25, ""hline"": 0, ""lookback"": 25}}","{""base"": {""cutoff_period"": 150}, ""c1"": {""length"": 66, ""signal_length"": 3}, ""c2"": {""alpha"": 0.035112}, ""exit_ind"": {""adx_smoothing"": 14, ""adx_threshold"": 25, ""di_length"": 14}, ""vol"": {""ema_len"": 28, ""filter_lookback"": 132, ""hline"": 0, ""lookback"": 16}}","{""atr_len"": 35, ""atr_mult"": 1.05, ""be_pct"": 0.05, ""tp_mult"": 1.75, ""trail_arm"": 2.0, ""trail_mult"": 1.5}",full,full,,-0.0018945601768041,0.4425333465957425,,,,,,False,gate2_tuned_modeB.csv,-0.0550301260173602,0.4244465817624132,108,2.000068259479248,-0.1025966009720181,94,0.8120456039810515,-0.0610860237760533,69,0.8934638924608289,True,0.006055897758693099,0.026811186356675502
dspo_signals,relative_vigor_index_signals,waddah_attar_explosion_volume_signals,rma_baseline,adx_dmi_exit,chop,B,False,-0.0890748521604761,-16.567922501848567,0.8317013301860585,0.2150537634408602,-1.156935487286204,-4.267269711481656,22.2634759223516,13.546975204519528,-0.7441750138043389,186,108,78,33,1.0,0.05,1.55,2.0,1.5,"{""base"": {""ma_length"": 25}, ""c1"": {""len"": 40}, ""c2"": {""len"": 43}, ""exit_ind"": {""adx_smoothing"": 14, ""adx_threshold"": 25, ""di_length"": 14}, ""vol"": {""bbLen"": 20, ""bbStd"": 2, ""fastEma"": 20, ""sensitivity"": 427, ""slowEma"": 6}}","{""base"": {""ma_length"": 20}, ""c1"": {""len"": 26}, ""c2"": {""len"": 10}, ""exit_ind"": {""adx_smoothing"": 14, ""adx_threshold"": 25, ""di_length"": 14}, ""vol"": {""bbLen"": 37, ""bbStd"": 13, ""fastEma"": 200, ""sensitivity"": 23, ""slowEma"": 49}}","{""atr_len"": 2, ""atr_mult"": 1.0, ""be_pct"": 0.05, ""tp_mult"": 3.0, ""trail_arm"": 2.0, ""trail_mult"": 1.5}",full,full,,0.0459123668461797,0.2945948356090237,,,,,,False,gate2_tuned_modeB.csv,-0.0550301260173602,0.3775129176219023,123,1.9043664072657152,-0.0610046082729041,108,0.8821676118372342,-0.1279413436971143,78,0.7653524623636633,True,0.005974482255543895,0.039442849967649
schaff_trend_cycle_signals,fisher_transform_signals,efficiency_ratio_volume_signals,vidya,adx_dmi_exit,chop,B,False,-0.0713682784017418,-28.904152752705464,0.8623352008076393,0.2345679012345679,-0.9524392264246294,-3.4556292770786237,34.503600303595306,19.630062620204797,-0.8377141080460994,405,270,135,16,1.0,0.05,2.65,2.0,1.5,"{""base"": {""vda_length"": 4}, ""c1"": {""cycleLen"": 10, ""d1"": 3, ""d2"": 3, ""lowerBand"": 20, ""macdFast"": 23, ""macdSlow"": 50, ""stc_midline"": 94, ""upperBand"": 7}, ""c2"": {""length"": 8}, ""exit_ind"": {""adx_smoothing"": 14, ""adx_threshold"": 25, ""di_length"": 14}, ""vol"": {""er_threshold"": 0.369854, ""length"": 10}}","{""base"": {""vda_length"": 13}, ""c1"": {""cycleLen"": 19, ""d1"": 4, ""d2"": 3, ""lowerBand"": 2, ""macdFast"": 19, ""macdSlow"": 41, ""stc_midline"": 50, ""upperBand"": 75}, ""c2"": {""length"": 2}, ""exit_ind"": {""adx_smoothing"": 14, ""adx_threshold"": 25, ""di_length"": 14}, ""vol"": {""er_threshold"": 0.3, ""length"": 4}}","{""atr_len"": 2, ""atr_mult"": 1.05, ""be_pct"": 0.05, ""tp_mult"": 2.25, ""trail_arm"": 2.0, ""trail_mult"": 1.5}",full,full,,0.0947484256023516,0.3121439674844393,,,,,,False,gate2_tuned_modeB.csv,-0.0550301260173602,0.2532354378421338,345,1.639193939132492,-0.0765583947448933,270,0.8484381812139588,-0.060988045715439,135,0.8880958185657462,True,0.005957919698078795,0.013743094212805944
volatility_quality_signals,fx_sniper_ergodic_cci_signals,chaikin_volatility_volume_signals,hma_baseline,adx_dmi_exit,trend,A,False,-0.1033790752642347,-33.288062235083586,0.7350615381686757,0.1832298136645962,-1.9666347075443191,-25.65855413549272,38.61039017316397,21.027767629244853,-0.8621529615678515,322,202,120,32,1.0,0.01,3.0,1.65,2.0,"{""base"": {""ma_length"": 57}, ""c1"": {""atr_pct"": 0.040025, ""smooth"": 28}, ""c2"": {""cci_length"": 14, ""ema1_length"": 6, ""ema2_length"": 3, ""trigger_length"": 22}, ""exit_ind"": {""adx_smoothing"": 14, ""adx_threshold"": 25, ""di_length"": 14}, ""vol"": {""cvi_len"": 19, ""roc_len"": 12}}","{""base"": {""ma_length"": 87}, ""c1"": {""atr_pct"": 0.0075, ""smooth"": 28}, ""c2"": {""cci_length"": 14, ""ema1_length"": 5, ""ema2_length"": 4, ""trigger_length"": 33}, ""exit_ind"": {""adx_smoothing"": 14, ""adx_threshold"": 25, ""di_length"": 14}, ""vol"": {""cvi_len"": 19, ""roc_len"": 10}}","{""atr_len"": 39, ""atr_mult"": 1.0, ""be_pct"": 0.01, ""tp_mult"": 2.95, ""trail_arm"": 1.25, ""trail_mult"": 1.2}",full,full,,0.0995974725248375,0.4696312719616845,,,,,,False,gate2_tuned_modeA_trend.csv,-0.079791769928434,0.435700794300702,230,2.681884381461983,-0.0857009734395655,202,0.7783368730614538,-0.1331372133357612,120,0.6639775695519672,True,0.0059092035111315,0.029627323459229346
center_of_gravity_signals,price_momentum_oscillator_signals,volatility_ratio_volume_signals,mcginley_dynamic_index,adx_dmi_exit,chop,B,False,-0.0868992145095062,-16.858447614844213,0.8562895685893389,0.2525773195876288,-1.0506289567294158,-5.27546925792454,23.41817508904233,10.867557072120452,-0.719887333267591,194,87,107,3,1.0,0.05,2.85,2.0,1.5,"{""base"": {""mci_length"": 61}, ""c1"": {""length"": 12, ""signal_length"": 20}, ""c2"": {""s1"": 43, ""s2"": 25, ""sig"": 10}, ""exit_ind"": {""adx_smoothing"": 14, ""adx_threshold"": 25, ""di_length"": 14}, ""vol"": {""length"": 17}}","{""base"": {""mci_length"": 40}, ""c1"": {""length"": 19, ""signal_length"": 2}, ""c2"": {""s1"": 28, ""s2"": 20, ""sig"": 10}, ""exit_ind"": {""adx_smoothing"": 14, ""adx_threshold"": 25, ""di_length"": 14}, ""vol"": {""length"": 140}}","{""atr_len"": 18, ""atr_mult"": 1.0, ""be_pct"": 0.05, ""tp_mult"": 1.45, ""trail_arm"": 2.0, ""trail_mult"": 1.5}",full,full,,-0.0213070790511185,0.5389120668577853,,,,,,False,gate2_tuned_modeB.csv,-0.0550301260173602,0.2522278529533328,106,1.6033362903231358,-0.1189383071387447,87,0.7968966923797571,-0.0608487373249852,107,0.9018876590922588,True,0.005818611307624996,0.034863396214504745
fisher_transform_signals,dspo_signals,waddah_attar_explosion_volume_signals,ema_baseline,adx_dmi_exit,trend,A,False,-0.0961772369757102,-22.120764504413355,0.5969725563337607,0.3217391304347826,-3.0812915818865574,-9.49816275734514,21.62076450441336,10.321459879416,-1.0231259167499802,230,108,122,43,1.0,0.18,2.95,1.0,0.6,"{""base"": {""ma_length"": 37}, ""c1"": {""length"": 28}, ""c2"": {""len"": 11}, ""exit_ind"": {""adx_smoothing"": 14, ""adx_threshold"": 25, ""di_length"": 14}, ""vol"": {""bbLen"": 200, ""bbStd"": 2, ""fastEma"": 37, ""sensitivity"": 150, ""slowEma"": 32}}","{""base"": {""ma_length"": 16}, ""c1"": {""length"": 100}, ""c2"": {""len"": 17}, ""exit_ind"": {""adx_smoothing"": 14, ""adx_threshold"": 25, ""di_length"": 14}, ""vol"": {""bbLen"": 37, ""bbStd"": 6, ""fastEma"": 5, ""sensitivity"": 649, ""slowEma"": 4}}","{""atr_len"": 2, ""atr_mult"": 1.0, ""be_pct"": 0.05, ""tp_mult"": 1.7, ""trail_arm"": 1.65, ""trail_mult"": 0.5}",full,full,,0.0338255282302077,0.3925841990270099,,,,,,False,gate2_tuned_modeA_trend.csv,-0.079791769928434,0.2216612115745067,150,2.461153367816368,-0.0855021324073023,108,0.6419225819910613,-0.1056273295444647,122,0.5571353780067156,True,0.005710362478868303,0.015772961047449505
parabolic_sar_signals,supertrend_signals,variance_volume_signals,mcginley_dynamic_index,adx_dmi_exit,trend,A,False,-0.1107905851734802,-37.44721778863633,0.6831706852548979,0.2248520710059171,-2.400398951877346,-15.180987526157365,45.96549546215315,22.637891247427643,-0.8146810430765277,338,258,80,4,1.0,0.01,2.05,1.35,0.9,"{""base"": {""mci_length"": 17}, ""c1"": {""sar_increment"": 0.02, ""sar_maximum"": 0.162226, ""sar_start"": 0.02}, ""c2"": {""atr_period"": 12, ""factor"": 4}, ""exit_ind"": {""adx_smoothing"": 14, ""adx_threshold"": 25, ""di_length"": 14}, ""vol"": {""ema_len"": 12, ""filter_lookback"": 200, ""hline"": 0, ""lookback"": 25}}","{""base"": {""mci_length"": 11}, ""c1"": {""sar_increment"": 0.02, ""sar_maximum"": 0.070224, ""sar_start"": 0.02}, ""c2"": {""atr_period"": 19, ""factor"": 3}, ""exit_ind"": {""adx_smoothing"": 14, ""adx_threshold"": 25, ""di_length"": 14}, ""vol"": {""ema_len"": 28, ""filter_lookback"": 16, ""hline"": 0, ""lookback"": 200}}","{""atr_len"": 29, ""atr_mult"": 1.0, ""be_pct"": 0.01, ""tp_mult"": 2.95, ""trail_arm"": 1.0, ""trail_mult"": 1.6}",full,full,,0.050805807662895,0.6623010042511597,,,,,,False,gate2_tuned_modeA_trend.csv,-0.079791769928434,0.3020727795199789,232,2.1762289922125535,-0.0853958042717432,258,0.7529518437069098,-0.192688753581582,80,0.4686682636177602,True,0.005604034343309208,0.059250508998228604
qqe_mod_signals,dpo_signals,volatility_ratio_volume_signals,rma_baseline,adx_dmi_exit,trend,A,False,-0.0975827861257396,-31.616822704739633,0.7128606578194397,0.2685185185185185,-2.202105582614453,-15.585821235440145,31.116822704739615,17.24160486105634,-1.016068478608642,324,150,174,6,1.0,0.06,2.95,1.0,1.8,"{""base"": {""ma_length"": 20}, ""c1"": {""fast_factor"": 1.61, ""rsi_len"": 6, ""rsi_period"": 6}, ""c2"": {""len"": 142}, ""exit_ind"": {""adx_smoothing"": 14, ""adx_threshold"": 25, ""di_length"": 14}, ""vol"": {""length"": 140}}","{""base"": {""ma_length"": 25}, ""c1"": {""fast_factor"": 1.305921, ""rsi_len"": 5, ""rsi_period"": 6}, ""c2"": {""len"": 62}, ""exit_ind"": {""adx_smoothing"": 14, ""adx_threshold"": 25, ""di_length"": 14}, ""vol"": {""length"": 140}}","{""atr_len"": 47, ""atr_mult"": 1.0, ""be_pct"": 0.12, ""tp_mult"": 3.0, ""trail_arm"": 1.8, ""trail_mult"": 0.65}",full,full,,0.1818634064275051,0.3509720641659087,,,,,,False,gate2_tuned_modeA_trend.csv,-0.079791769928434,0.4162322953068139,170,2.7111289091640978,-0.1118100569041564,150,0.6862830871130496,-0.0853178975236561,174,0.737942354886163,True,0.0055261275952220995,0.018772207285472256
donchian_breakout_signals,donchian_breakout_signals,chaikin_volatility_volume_signals,sma_baseline,adx_dmi_exit,trend,A,False,-0.1382147947564697,-35.106557868143305,0.6338842359853005,0.2125984251968504,-3.207394900511615,-37.437879795807106,37.01021282734624,19.080973538602713,-0.9485640634361238,254,84,170,3,1.0,0.01,3.0,1.0,1.9,"{""base"": {""length"": 25}, ""c1"": {""length"": 57}, ""c2"": {""length"": 11}, ""exit_ind"": {""adx_smoothing"": 14, ""adx_threshold"": 25, ""di_length"": 14}, ""vol"": {""cvi_len"": 19, ""roc_len"": 10}}","{""base"": {""length"": 200}, ""c1"": {""length"": 37}, ""c2"": {""length"": 5}, ""exit_ind"": {""adx_smoothing"": 14, ""adx_threshold"": 25, ""di_length"": 14}, ""vol"": {""cvi_len"": 19, ""roc_len"": 12}}","{""atr_len"": 50, ""atr_mult"": 1.0, ""be_pct"": 0.05, ""tp_mult"": 1.75, ""trail_arm"": 1.9, ""trail_mult"": 1.25}",full,full,,0.102681367831026,0.5022710472757292,,,,,,False,gate2_tuned_modeA_trend.csv,-0.079791769928434,0.3563395807682918,100,2.484748253201219,-0.0852024399989914,84,0.7488770189503406,-0.1644091347542824,170,0.585251918546769,True,0.0054106700705574,0.045014017448202895
dspo_signals,halftrend_signals,variance_volume_signals,mcginley_dynamic_index,adx_dmi_exit,trend,A,False,-0.0915697987374908,-36.9941986899463,0.7456486487405389,0.2400990099009901,-1.8611072828410855,-32.2280115286956,39.52412536892828,26.948801823334794,-0.935990318435462,404,318,86,3,1.0,0.12,3.0,1.75,2.0,"{""base"": {""mci_length"": 17}, ""c1"": {""len"": 26}, ""c2"": {""amplitude"": 216}, ""exit_ind"": {""adx_smoothing"": 14, ""adx_threshold"": 25, ""di_length"": 14}, ""vol"": {""ema_len"": 5, ""filter_lookback"": 200, ""hline"": 0, ""lookback"": 87}}","{""base"": {""mci_length"": 11}, ""c1"": {""len"": 17}, ""c2"": {""amplitude"": 94}, ""exit_ind"": {""adx_smoothing"": 14, ""adx_threshold"": 25, ""di_length"": 14}, ""vol"": {""ema_len"": 4, ""filter_lookback"": 200, ""hline"": 0, ""lookback"": 7}}","{""atr_len"": 50, ""atr_mult"": 1.0, ""be_pct"": 0.19, ""tp_mult"": 1.65, ""trail_arm"": 1.2, ""trail_mult"": 1.5}",full,full,,0.0914925796606303,0.7599362610786955,,,,,,False,gate2_tuned_modeA_trend.csv,-0.079791769928434,0.1940824832395062,354,1.748317304738522,-0.093296793962425,318,0.7397510484206036,-0.0851839326731992,86,0.7670294995709792,True,0.0053921627447652,0.009448593389378104
donchian_breakout_signals,fx_sniper_ergodic_cci_signals,variance_volume_signals,kama_baseline,adx_dmi_exit,chop,B,False,-0.0995001088964533,-21.29302330384101,0.8183119957595747,0.2710280373831775,-1.2790321861618863,-5.096900875605047,38.2224093387303,20.654926756509784,-0.5570821848288107,214,139,75,4,1.0,0.05,2.55,2.0,1.5,"{""base"": {""fast_length"": 2, ""length"": 66, ""slow_length"": 11}, ""c1"": {""length"": 20}, ""c2"": {""cci_length"": 14, ""ema1_length"": 5, ""ema2_length"": 3, ""trigger_length"": 14}, ""exit_ind"": {""adx_smoothing"": 14, ""adx_threshold"": 25, ""di_length"": 14}, ""vol"": {""ema_len"": 8, ""filter_lookback"": 200, ""hline"": 0, ""lookback"": 37}}","{""base"": {""fast_length"": 2, ""length"": 12, ""slow_length"": 5}, ""c1"": {""length"": 20}, ""c2"": {""cci_length"": 26, ""ema1_length"": 4, ""ema2_length"": 3, ""trigger_length"": 6}, ""exit_ind"": {""adx_smoothing"": 14, ""adx_threshold"": 25, ""di_length"": 14}, ""vol"": {""ema_len"": 43, ""filter_lookback"": 20, ""hline"": 0, ""lookback"": 87}}","{""atr_len"": 23, ""atr_mult"": 1.0, ""be_pct"": 0.05, ""tp_mult"": 3.0, ""trail_arm"": 2.0, ""trail_mult"": 1.5}",full,full,,0.0856005186081695,0.5414795456031711,,,,,,False,gate2_tuned_modeB.csv,-0.0550301260173602,0.394459204042938,139,2.090255538785413,-0.1205904483435543,139,0.7578540382207815,-0.060412679787826,75,0.9055511306119524,True,0.0053825537704658005,0.03547143804832995
halftrend_signals,laguerre_filter_signals,choppiness_index_volume_signals,rma_baseline,adx_dmi_exit,trend,A,False,-0.1243637484416938,-46.263314420310095,0.6756029941441951,0.1881720430107527,-2.461269444981103,-36.8073519408791,58.83805005790339,29.022918126671403,-0.7862822505977287,372,96,276,36,1.05,0.1,2.55,2.0,1.95,"{""base"": {""ma_length"": 20}, ""c1"": {""amplitude"": 94}, ""c2"": {""alpha"": 2.0}, ""exit_ind"": {""adx_smoothing"": 14, ""adx_threshold"": 25, ""di_length"": 14}, ""vol"": {""ci_threshold"": 61.8, ""length"": 3}}","{""base"": {""ma_length"": 16}, ""c1"": {""amplitude"": 41}, ""c2"": {""alpha"": 0.374763}, ""exit_ind"": {""adx_smoothing"": 14, ""adx_threshold"": 25, ""di_length"": 14}, ""vol"": {""ci_threshold"": 50.127885, ""length"": 2}}","{""atr_len"": 50, ""atr_mult"": 1.0, ""be_pct"": 0.05, ""tp_mult"": 2.6, ""trail_arm"": 2.0, ""trail_mult"": 1.1}",full,full,,0.1106855261160114,0.301567354908034,,,,,,False,gate2_tuned_modeA_trend.csv,-0.079791769928434,0.3569098980277839,100,2.3218885112140133,-0.0851670052626492,96,0.7890129050279906,-0.1379973982431006,276,0.6332892575738464,True,0.005375235334215203,0.0317904318244409
bears_bulls_impulse_signals,qqe_mod_signals,chaikin_volatility_volume_signals,wma_baseline,adx_dmi_exit,trend,A,False,-0.1114442485722484,-18.722633760137732,0.686986059400032,0.2261904761904762,-2.426801269933217,-15.013930349710805,21.64118685831927,9.57966681481716,-0.8651389539174192,168,114,54,14,1.05,0.01,2.35,1.0,1.55,"{""base"": {""ma_length"": 57}, ""c1"": {""length"": 11}, ""c2"": {""fast_factor"": 4.585338, ""rsi_len"": 4, ""rsi_period"": 17}, ""exit_ind"": {""adx_smoothing"": 14, ""adx_threshold"": 25, ""di_length"": 14}, ""vol"": {""cvi_len"": 5, ""roc_len"": 12}}","{""base"": {""ma_length"": 200}, ""c1"": {""length"": 7}, ""c2"": {""fast_factor"": 4.585338, ""rsi_len"": 14, ""rsi_period"": 5}, ""exit_ind"": {""adx_smoothing"": 14, ""adx_threshold"": 25, ""di_length"": 14}, ""vol"": {""cvi_len"": 28, ""roc_len"": 15}}","{""atr_len"": 48, ""atr_mult"": 1.0, ""be_pct"": 0.05, ""tp_mult"": 3.0, ""trail_arm"": 2.0, ""trail_mult"": 0.55}",full,full,,0.1626881695914415,0.5963881300903683,,,,,,False,gate2_tuned_modeA_trend.csv,-0.079791769928434,0.5122495188855511,110,2.9644154942987817,-0.0851508582523709,114,0.7531599697899671,-0.166952517025323,54,0.5599691736490169,True,0.005359088323936903,0.04625991771041295
laguerre_filter_signals,waddah_attar_explosion_signals,chaikin_volatility_volume_signals,vidya,adx_dmi_exit,chop,B,False,-0.1402436218522149,-22.71946674005882,0.7225503722515131,0.2469135802469135,-2.145245234158228,-7.0868031953433555,26.13846073487363,10.198474610408272,-0.8691968119510103,162,101,61,9,1.0,0.05,2.9,2.0,1.5,"{""base"": {""vda_length"": 20}, ""c1"": {""alpha"": 0.106734}, ""c2"": {""bbLen"": 200, ""bbStd"": 2, ""fastEma"": 25, ""sensitivity"": 1500, ""slowEma"": 32}, ""exit_ind"": {""adx_smoothing"": 14, ""adx_threshold"": 25, ""di_length"": 14}, ""vol"": {""cvi_len"": 100, ""roc_len"": 12}}","{""base"": {""vda_length"": 2}, ""c1"": {""alpha"": 0.246569}, ""c2"": {""bbLen"": 132, ""bbStd"": 2, ""fastEma"": 7, ""sensitivity"": 427, ""slowEma"": 49}, ""exit_ind"": {""adx_smoothing"": 14, ""adx_threshold"": 25, ""di_length"": 14}, ""vol"": {""cvi_len"": 12, ""roc_len"": 34}}","{""atr_len"": 23, ""atr_mult"": 1.0, ""be_pct"": 0.05, ""tp_mult"": 1.45, ""trail_arm"": 2.0, ""trail_mult"": 1.5}",full,full,,0.0858246215437737,0.5716300417166017,,,,,,False,gate2_tuned_modeB.csv,-0.0550301260173602,0.3938721762939721,107,2.3290858929802023,-0.0603850278478098,101,0.870927149792041,-0.2724685070070495,61,0.520126039411685,True,0.0053549018304496,0.11139664141006944
dspo_signals,center_of_gravity_signals,variance_volume_signals,hma_baseline,adx_dmi_exit,trend,A,False,-0.0962242971038758,-39.45196181258911,0.7376942986059165,0.224390243902439,-2.0288669748582313,-27.41889763532764,47.25946514899019,30.716284801834433,-0.8347949281315998,410,158,252,3,1.0,0.01,2.05,1.15,0.5,"{""base"": {""ma_length"": 37}, ""c1"": {""len"": 17}, ""c2"": {""length"": 10, ""signal_length"": 3}, ""exit_ind"": {""adx_smoothing"": 14, ""adx_threshold"": 25, ""di_length"": 14}, ""vol"": {""ema_len"": 12, ""filter_lookback"": 20, ""hline"": 0, ""lookback"": 25}}","{""base"": {""ma_length"": 132}, ""c1"": {""len"": 11}, ""c2"": {""length"": 10, ""signal_length"": 3}, ""exit_ind"": {""adx_smoothing"": 14, ""adx_threshold"": 25, ""di_length"": 14}, ""vol"": {""ema_len"": 19, ""filter_lookback"": 16, ""hline"": 0, ""lookback"": 37}}","{""atr_len"": 32, ""atr_mult"": 1.0, ""be_pct"": 0.01, ""tp_mult"": 2.85, ""trail_arm"": 2.0, ""trail_mult"": 1.55}",full,full,,0.1211183426553461,0.2287088133927889,,,,,,False,gate2_tuned_modeA_trend.csv,-0.079791769928434,0.4188214907332234,146,2.6057242558445393,-0.1139331822735606,158,0.7142628127107526,-0.0851211071958988,252,0.754583398792321,True,0.005329337267464804,0.01973537480629571
donchian_breakout_signals,center_of_gravity_signals,fractal_dimension_volume_signals,t3_baseline,adx_dmi_exit,trend,A,False,-0.1612040950107344,-22.56857330150282,0.5690000439577592,0.2142857142857142,-4.00412445446457,-68.00358009480941,24.576229874406497,16.83634904042242,-0.918309009023616,140,86,54,4,1.0,0.01,1.65,1.0,0.9,"{""base"": {""length"": 12, ""volume_factor"": 0.567792}, ""c1"": {""length"": 20}, ""c2"": {""length"": 10, ""signal_length"": 3}, ""exit_ind"": {""adx_smoothing"": 14, ""adx_threshold"": 25, ""di_length"": 14}, ""vol"": {""fd_threshold"": 1.5, ""length"": 11}}","{""base"": {""length"": 12, ""volume_factor"": 0.7}, ""c1"": {""length"": 20}, ""c2"": {""length"": 8, ""signal_length"": 3}, ""exit_ind"": {""adx_smoothing"": 14, ""adx_threshold"": 25, ""di_length"": 14}, ""vol"": {""fd_threshold"": 1.5, ""length"": 16}}","{""atr_len"": 38, ""atr_mult"": 1.0, ""be_pct"": 0.05, ""tp_mult"": 2.15, ""trail_arm"": 1.0, ""trail_mult"": 0.65}",full,full,,0.1292216877069833,1.1519355930633133,,,,,,False,gate2_tuned_modeA_trend.csv,-0.079791769928434,0.358984750778006,106,2.4361387392733196,-0.2090024179530422,86,0.4790084653924171,-0.0850808399544663,54,0.7428039973710842,True,0.005289070026032308,0.06724985902532025
center_of_gravity_signals,kuskus_starlight_signals,variance_volume_signals,rma_baseline,adx_dmi_exit,chop,B,False,-0.0832558287177791,-16.484654086120262,0.864344839931863,0.1868686868686868,-0.907071605330206,-4.658151500671574,30.075007032862334,16.497148912280778,-0.5481180459278969,198,113,85,44,1.0,0.05,3.0,2.0,1.5,"{""base"": {""ma_length"": 37}, ""c1"": {""length"": 28, ""signal_length"": 13}, ""c2"": {""index_smooth"": 0.7, ""price_smooth"": 0.106394, ""range_periods"": 37}, ""exit_ind"": {""adx_smoothing"": 14, ""adx_threshold"": 25, ""di_length"": 14}, ""vol"": {""ema_len"": 8, ""filter_lookback"": 7, ""hline"": 0, ""lookback"": 87}}","{""base"": {""ma_length"": 200}, ""c1"": {""length"": 19, ""signal_length"": 2}, ""c2"": {""index_smooth"": 0.567792, ""price_smooth"": 0.245783, ""range_periods"": 197}, ""exit_ind"": {""adx_smoothing"": 14, ""adx_threshold"": 25, ""di_length"": 14}, ""vol"": {""ema_len"": 10, ""filter_lookback"": 20, ""hline"": 0, ""lookback"": 200}}","{""atr_len"": 2, ""atr_mult"": 1.0, ""be_pct"": 0.05, ""tp_mult"": 3.0, ""trail_arm"": 2.0, ""trail_mult"": 1.5}",full,full,,0.0445152733545188,0.302804233344417,,,,,,False,gate2_tuned_modeB.csv,-0.0550301260173602,0.4880812658393714,106,2.029310169497783,-0.0601995784248399,113,0.9025602978888854,-0.1139070791072158,85,0.8127465676382394,True,0.005169452407479701,0.03202320274866765
qqe_mod_signals,fx_sniper_ergodic_cci_signals,efficiency_ratio_volume_signals,fantail_vma,adx_dmi_exit,trend,A,False,-0.1053362280888773,-22.120607898664232,0.7003621596877025,0.2523809523809524,-2.4917267212062364,-19.66285342935504,24.080985192468777,16.518678368214957,-0.9185923134732192,210,96,114,37,1.0,0.01,2.7,1.2,0.8,"{""base"": {""fma_adx_length"": 2, ""fma_ma_length"": 5, ""fma_weighting"": 10}, ""c1"": {""fast_factor"": 1.305921, ""rsi_len"": 4, ""rsi_period"": 11}, ""c2"": {""cci_length"": 5, ""ema1_length"": 3, ""ema2_length"": 3, ""trigger_length"": 6}, ""exit_ind"": {""adx_smoothing"": 14, ""adx_threshold"": 25, ""di_length"": 14}, ""vol"": {""er_threshold"": 0.369854, ""length"": 10}}","{""base"": {""fma_adx_length"": 2, ""fma_ma_length"": 5, ""fma_weighting"": 5}, ""c1"": {""fast_factor"": 1.61, ""rsi_len"": 5, ""rsi_period"": 5}, ""c2"": {""cci_length"": 11, ""ema1_length"": 6, ""ema2_length"": 4, ""trigger_length"": 5}, ""exit_ind"": {""adx_smoothing"": 14, ""adx_threshold"": 25, ""di_length"": 14}, ""vol"": {""er_threshold"": 0.369854, ""length"": 12}}","{""atr_len"": 13, ""atr_mult"": 1.0, ""be_pct"": 0.07, ""tp_mult"": 1.45, ""trail_arm"": 1.05, ""trail_mult"": 0.5}",full,full,,0.1534166413028731,0.5345799164635144,,,,,,False,gate2_tuned_modeA_trend.csv,-0.079791769928434,0.4236072915813708,102,4.129757974217593,-0.1295817606687921,96,0.6145978906101522,-0.0849189374952647,114,0.7669920083217652,True,0.005127167566830709,0.027458579153594412
center_of_gravity_signals,kalman_filter_signals,waddah_attar_explosion_volume_signals,fantail_vma,adx_dmi_exit,chop,B,False,-0.1016115551842581,-21.948095919799755,0.790581926062462,0.2685185185185185,-1.63820240044021,-5.322998304532051,28.15649571918034,13.174979173072929,-0.7795038181846119,216,142,74,21,1.0,0.05,1.65,2.0,1.5,"{""base"": {""fma_adx_length"": 2, ""fma_ma_length"": 6, ""fma_weighting"": 10}, ""c1"": {""length"": 100, ""signal_length"": 4}, ""c2"": {""k"": 3, ""sharpness"": 1}, ""exit_ind"": {""adx_smoothing"": 14, ""adx_threshold"": 25, ""di_length"": 14}, ""vol"": {""bbLen"": 57, ""bbStd"": 2, ""fastEma"": 57, ""sensitivity"": 15, ""slowEma"": 40}}","{""base"": {""fma_adx_length"": 2, ""fma_ma_length"": 11, ""fma_weighting"": 10}, ""c1"": {""length"": 5, ""signal_length"": 20}, ""c2"": {""k"": 2, ""sharpness"": 3}, ""exit_ind"": {""adx_smoothing"": 14, ""adx_threshold"": 25, ""di_length"": 14}, ""vol"": {""bbLen"": 132, ""bbStd"": 20, ""fastEma"": 5, ""sensitivity"": 649, ""slowEma"": 400}}","{""atr_len"": 14, ""atr_mult"": 1.0, ""be_pct"": 0.05, ""tp_mult"": 1.5, ""trail_arm"": 2.0, ""trail_mult"": 1.5}",full,full,,-0.0071207678811139,0.3728703273783438,,,,,,False,gate2_tuned_modeB.csv,-0.0550301260173602,0.3184511371092515,112,2.003464363355912,-0.0601166442178744,142,0.8711147645923608,-0.1812369248765079,74,0.6522927158504858,True,0.005086518200514201,0.06564665852983095
volatility_quality_signals,donchian_breakout_signals,chaikin_volatility_volume_signals,mcginley_dynamic_index,adx_dmi_exit,trend,A,False,-0.1120668660556554,-57.15410168838429,0.6954151257629317,0.2058823529411764,-2.187801287367712,-21.21956367618353,59.14868761689945,31.68703409617499,-0.9662784415195496,510,266,244,5,1.15,0.02,2.95,1.65,1.85,"{""base"": {""mci_length"": 11}, ""c1"": {""atr_pct"": 0.075, ""smooth"": 10}, ""c2"": {""length"": 87}, ""exit_ind"": {""adx_smoothing"": 14, ""adx_threshold"": 25, ""di_length"": 14}, ""vol"": {""cvi_len"": 8, ""roc_len"": 12}}","{""base"": {""mci_length"": 11}, ""c1"": {""atr_pct"": 0.060835, ""smooth"": 100}, ""c2"": {""length"": 25}, ""exit_ind"": {""adx_smoothing"": 14, ""adx_threshold"": 25, ""di_length"": 14}, ""vol"": {""cvi_len"": 10, ""roc_len"": 12}}","{""atr_len"": 43, ""atr_mult"": 1.0, ""be_pct"": 0.01, ""tp_mult"": 2.8, ""trail_arm"": 1.9, ""trail_mult"": 2.0}",full,full,,0.1619071149764579,0.3012224878618479,,,,,,False,gate2_tuned_modeA_trend.csv,-0.079791769928434,0.3834433071137154,294,2.464056263525096,-0.0847913431515701,266,0.7851952640160224,-0.1418016574183059,244,0.5813512102805918,True,0.0049995732231361,0.03350473035650399
donchian_breakout_signals,halftrend_signals,chaikin_volatility_volume_signals,ema_baseline,adx_dmi_exit,trend,A,False,-0.0899842196153397,-37.97334067767338,0.7527985640742713,0.2369668246445497,-1.9085793706394956,-58.68931607221474,46.71870927406769,25.244169185153883,-0.8128080006429322,422,302,120,20,1.0,0.05,1.95,1.85,1.5,"{""base"": {""ma_length"": 37}, ""c1"": {""length"": 11}, ""c2"": {""amplitude"": 18}, ""exit_ind"": {""adx_smoothing"": 14, ""adx_threshold"": 25, ""di_length"": 14}, ""vol"": {""cvi_len"": 28, ""roc_len"": 12}}","{""base"": {""ma_length"": 20}, ""c1"": {""length"": 37}, ""c2"": {""amplitude"": 329}, ""exit_ind"": {""adx_smoothing"": 14, ""adx_threshold"": 25, ""di_length"": 14}, ""vol"": {""cvi_len"": 19, ""roc_len"": 4}}","{""atr_len"": 4, ""atr_mult"": 1.0, ""be_pct"": 0.02, ""tp_mult"": 2.15, ""trail_arm"": 1.0, ""trail_mult"": 1.2}",full,full,,0.1540889761435374,0.4021323737258725,,,,,,False,gate2_tuned_modeA_trend.csv,-0.079791769928434,0.2586923641306717,306,1.965364188097386,-0.0847912110198007,302,0.7723827046401794,-0.1030532912474462,120,0.6992092190964376,True,0.004999441091366699,0.014130481205189449
center_of_gravity_signals,hieken_ashi_smoothed_signals,ttm_squeeze_volume_signals,mcginley_dynamic_index,adx_dmi_exit,chop,B,False,-0.083431719191434,-15.268004612032422,0.8533364660747647,0.273224043715847,-1.080124056401475,-4.587157255341056,22.618049575488225,12.248133793237953,-0.6750363050127346,183,108,75,3,1.0,0.05,2.85,2.0,1.5,"{""base"": {""mci_length"": 11}, ""c1"": {""length"": 12, ""signal_length"": 20}, ""c2"": {""alma_offset1"": 0.85, ""alma_offset2"": 0.85, ""alma_sigma1"": 6, ""alma_sigma2"": 6, ""ama_smooth1"": 0.181, ""ama_smooth2"": 0.181, ""frama_t1_a"": 1, ""frama_t1_b"": 168, ""frama_t2_a"": 1, ""frama_t2_b"": 168, ""lsma_offset1"": 0, ""lsma_offset2"": 0, ""ma_len1"": 10, ""ma_len2"": 8, ""vol_factor1"": 0.287918, ""vol_factor2"": 0.82}, ""exit_ind"": {""adx_smoothing"": 14, ""adx_threshold"": 25, ""di_length"": 14}, ""vol"": {""bb_length"": 3, ""bb_mult"": 2, ""kc_length"": 132, ""kc_mult"": 2.810726}}","{""base"": {""mci_length"": 14}, ""c1"": {""length"": 12, ""signal_length"": 2}, ""c2"": {""alma_offset1"": 0.85, ""alma_offset2"": 0.85, ""alma_sigma1"": 6, ""alma_sigma2"": 6, ""ama_smooth1"": 0.181, ""ama_smooth2"": 0.181, ""frama_t1_a"": 1, ""frama_t1_b"": 168, ""frama_t2_a"": 1, ""frama_t2_b"": 168, ""lsma_offset1"": 0, ""lsma_offset2"": 0, ""ma_len1"": 10, ""ma_len2"": 8, ""vol_factor1"": 0.82, ""vol_factor2"": 0.82}, ""exit_ind"": {""adx_smoothing"": 14, ""adx_threshold"": 25, ""di_length"": 14}, ""vol"": {""bb_length"": 37, ""bb_mult"": 2, ""kc_length"": 25, ""kc_mult"": 2.810726}}","{""atr_len"": 7, ""atr_mult"": 1.0, ""be_pct"": 0.05, ""tp_mult"": 1.5, ""trail_arm"": 2.0, ""trail_mult"": 1.5}",full,full,,0.0181304683935845,0.4213514438260561,,,,,,False,gate2_tuned_modeB.csv,-0.0550301260173602,0.3678040372687634,138,1.9602060106917325,-0.0599966834393212,108,0.887460234482108,-0.1171781706744764,75,0.8111077168982436,True,0.004966557421960997,0.0335573010395386
qqe_mod_signals,coral_signals,efficiency_ratio_volume_signals,rma_baseline,adx_dmi_exit,trend,A,False,-0.1512843786019607,-24.205500576313725,0.6106326492334206,0.20625,-3.4714870494988883,-56.761983403716464,28.335796698267117,15.152106721800724,-0.8542375156790286,160,94,66,36,1.2,0.05,1.95,1.2,1.75,"{""base"": {""ma_length"": 200}, ""c1"": {""fast_factor"": 0.161, ""rsi_len"": 50, ""rsi_period"": 6}, ""c2"": {""const_d"": 5, ""smooth_period"": 12}, ""exit_ind"": {""adx_smoothing"": 14, ""adx_threshold"": 25, ""di_length"": 14}, ""vol"": {""er_threshold"": 0.369854, ""length"": 12}}","{""base"": {""ma_length"": 132}, ""c1"": {""fast_factor"": 1.984883, ""rsi_len"": 6, ""rsi_period"": 7}, ""c2"": {""const_d"": 11, ""smooth_period"": 10}, ""exit_ind"": {""adx_smoothing"": 14, ""adx_threshold"": 25, ""di_length"": 14}, ""vol"": {""er_threshold"": 0.3, ""length"": 12}}","{""atr_len"": 38, ""atr_mult"": 1.0, ""be_pct"": 0.01, ""tp_mult"": 2.5, ""trail_arm"": 1.65, ""trail_mult"": 0.5}",full,full,,0.0767572423579102,0.3387223248265975,,,,,,False,gate2_tuned_modeA_trend.csv,-0.079791769928434,0.3339816162212977,116,2.2962260464336817,-0.0847565572215343,94,0.7797084127250742,-0.2460361242043862,66,0.3754467616350196,True,0.004964787293100306,0.08560457078452625
trend_direction_force_index_signals,supertrend_signals,variance_volume_signals,ema_baseline,adx_dmi_exit,trend,A,False,-0.1298496208966145,-21.55503706883801,0.6103136872729431,0.253012048192771,-3.3373936837940947,-17.000477339929386,29.685381129428627,13.6829040446339,-0.7261162312472185,166,116,50,2,1.0,0.1,3.0,1.35,1.95,"{""base"": {""ma_length"": 20}, ""c1"": {""fhigh"": 0.216438, ""flow"": -0.093691, ""lookback"": 56}, ""c2"": {""atr_period"": 19, ""factor"": 3}, ""exit_ind"": {""adx_smoothing"": 14, ""adx_threshold"": 25, ""di_length"": 14}, ""vol"": {""ema_len"": 100, ""filter_lookback"": 16, ""hline"": 0, ""lookback"": 20}}","{""base"": {""ma_length"": 57}, ""c1"": {""fhigh"": 0.093691, ""flow"": -0.328967, ""lookback"": 3}, ""c2"": {""atr_period"": 43, ""factor"": 4}, ""exit_ind"": {""adx_smoothing"": 14, ""adx_threshold"": 25, ""di_length"": 14}, ""vol"": {""ema_len"": 66, ""filter_lookback"": 132, ""hline"": 0, ""lookback"": 16}}","{""atr_len"": 35, ""atr_mult"": 1.15, ""be_pct"": 0.05, ""tp_mult"": 2.7, ""trail_arm"": 1.0, ""trail_mult"": 0.55}",full,full,,0.0380399762049306,1.3256290277602716,,,,,,False,gate2_tuned_modeA_trend.csv,-0.079791769928434,0.5417422311992298,100,3.7021346896845846,-0.0847010499482095,116,0.7240928628194346,-0.234594305496914,50,0.4046688814994518,True,0.004909280019775503,0.07985590779412775
laguerre_filter_signals,linreg_slope_signals,waddah_attar_explosion_volume_signals,alma_baseline,adx_dmi_exit,chop,B,False,-0.0889391184067033,-20.63387547035517,0.8334806598499541,0.2672413793103448,-1.162868971728379,-4.432404416572853,20.633875470355175,8.442406221855684,-0.9999999999999998,232,124,108,47,1.0,0.05,3.0,2.0,1.5,"{""base"": {""length"": 9, ""offset"": 0.196361, ""sigma"": 6}, ""c1"": {""alpha"": 0.070224}, ""c2"": {""length"": 7, ""r2_floor"": 0.2}, ""exit_ind"": {""adx_smoothing"": 14, ""adx_threshold"": 25, ""di_length"": 14}, ""vol"": {""bbLen"": 20, ""bbStd"": 2, ""fastEma"": 11, ""sensitivity"": 1500, ""slowEma"": 400}}","{""base"": {""length"": 9, ""offset"": 0.453619, ""sigma"": 17}, ""c1"": {""alpha"": 0.2}, ""c2"": {""length"": 14, ""r2_floor"": 0.2}, ""exit_ind"": {""adx_smoothing"": 14, ""adx_threshold"": 25, ""di_length"": 14}, ""vol"": {""bbLen"": 20, ""bbStd"": 2, ""fastEma"": 2, ""sensitivity"": 150, ""slowEma"": 400}}","{""atr_len"": 50, ""atr_mult"": 1.0, ""be_pct"": 0.05, ""tp_mult"": 2.0, ""trail_arm"": 2.0, ""trail_mult"": 1.5}",full,full,,0.0403857365128465,0.3526819968784532,,,,,,False,gate2_tuned_modeB.csv,-0.0550301260173602,0.3797532950449767,100,2.0095421936831586,-0.059939151335552,124,0.8751414708616044,-0.1222353768958029,108,0.79496371483433,True,0.004909025318191797,0.03605713809831724
halftrend_signals,dpo_signals,chaikin_volatility_volume_signals,sma_baseline,adx_dmi_exit,trend,A,False,-0.1510719152165147,-30.51652687373597,0.5769552596825759,0.2475247524752475,-3.8958867031686335,-36.64878379807681,37.53873621039949,20.783126366278548,-0.8129343167733458,202,72,130,3,1.0,0.03,2.1,1.05,2.0,"{""base"": {""length"": 25}, ""c1"": {""amplitude"": 500}, ""c2"": {""len"": 142}, ""exit_ind"": {""adx_smoothing"": 14, ""adx_threshold"": 25, ""di_length"": 14}, ""vol"": {""cvi_len"": 28, ""roc_len"": 15}}","{""base"": {""length"": 132}, ""c1"": {""amplitude"": 18}, ""c2"": {""len"": 142}, ""exit_ind"": {""adx_smoothing"": 14, ""adx_threshold"": 25, ""di_length"": 14}, ""vol"": {""cvi_len"": 2, ""roc_len"": 120}}","{""atr_len"": 30, ""atr_mult"": 1.0, ""be_pct"": 0.01, ""tp_mult"": 2.7, ""trail_arm"": 1.0, ""trail_mult"": 1.9}",full,full,,0.1818788224818073,0.3895623732062259,,,,,,False,gate2_tuned_modeA_trend.csv,-0.079791769928434,0.3164220113680978,106,2.097731891548054,-0.0845381348637431,72,0.7250228477087695,-0.187921393565742,130,0.5114043767290701,True,0.004746364935309111,0.056437994286308565
bears_bulls_impulse_signals,chandelier_exit_signals,chaikin_volatility_volume_signals,tma_baseline,adx_dmi_exit,trend,A,False,-0.0886577532398254,-36.17236332184876,0.7476479762901218,0.2450980392156862,-1.887365222701388,-14.905517416699327,40.992146161443465,24.43711078520309,-0.882421798053401,408,212,196,46,1.0,0.03,2.8,1.0,1.25,"{""base"": {""length"": 20}, ""c1"": {""length"": 11}, ""c2"": {""atr_mult"": 4, ""atr_period"": 22}, ""exit_ind"": {""adx_smoothing"": 14, ""adx_threshold"": 25, ""di_length"": 14}, ""vol"": {""cvi_len"": 12, ""roc_len"": 3}}","{""base"": {""length"": 37}, ""c1"": {""length"": 7}, ""c2"": {""atr_mult"": 6, ""atr_period"": 145}, ""exit_ind"": {""adx_smoothing"": 14, ""adx_threshold"": 25, ""di_length"": 14}, ""vol"": {""cvi_len"": 2, ""roc_len"": 52}}","{""atr_len"": 21, ""atr_mult"": 1.0, ""be_pct"": 0.01, ""tp_mult"": 2.7, ""trail_arm"": 1.0, ""trail_mult"": 0.55}",full,full,,0.1708692226058452,0.2547722011850467,,,,,,False,gate2_tuned_modeA_trend.csv,-0.079791769928434,0.3371305664979513,200,2.3621077919950952,-0.0924668728043222,212,0.7273580700082858,-0.0845376851394513,196,0.7680683212075803,True,0.004745915211017304,0.00871050904345276
volatility_quality_signals,bears_bulls_impulse_signals,chaikin_volatility_volume_signals,lsma_baseline,adx_dmi_exit,trend,A,False,-0.1034366641449349,-29.99663260203112,0.6953042244931975,0.2310344827586206,-2.321142799884008,-13.25862356839909,31.778976633529258,16.528768342711473,-0.9439143666565516,290,148,142,3,1.0,0.19,3.0,2.0,2.0,"{""base"": {""length"": 37, ""lsma_offset"": 0}, ""c1"": {""atr_pct"": 0.075, ""smooth"": 10}, ""c2"": {""length"": 11}, ""exit_ind"": {""adx_smoothing"": 14, ""adx_threshold"": 25, ""di_length"": 14}, ""vol"": {""cvi_len"": 28, ""roc_len"": 12}}","{""base"": {""length"": 57, ""lsma_offset"": 0}, ""c1"": {""atr_pct"": 0.075, ""smooth"": 10}, ""c2"": {""length"": 7}, ""exit_ind"": {""adx_smoothing"": 14, ""adx_threshold"": 25, ""di_length"": 14}, ""vol"": {""cvi_len"": 100, ""roc_len"": 2}}","{""atr_len"": 39, ""atr_mult"": 1.0, ""be_pct"": 0.11, ""tp_mult"": 3.0, ""trail_arm"": 1.0, ""trail_mult"": 1.1}",full,full,,0.0665164471654869,0.290009586011033,,,,,,False,gate2_tuned_modeA_trend.csv,-0.079791769928434,0.4756288325450962,160,2.8867723710410083,-0.0844789916099521,148,0.7470463016464858,-0.1231953650968887,142,0.6431321686098728,True,0.004687221681518111,0.02404540842498641
j_tpo_signals,lemantrend_signals,volatility_ratio_volume_signals,super_smoother_2pole_baseline,adx_dmi_exit,trend,A,False,-0.0950048919555176,-30.97159477749875,0.7452433094311498,0.2116564417177914,-1.7857801151169663,-28.938106727607707,45.60491395948485,26.792026732128186,-0.679128455433854,326,190,136,45,1.0,0.17,3.0,1.95,1.85,"{""base"": {""cutoff_period"": 65}, ""c1"": {""ema_len"": 200, ""len"": 49}, ""c2"": {""fast_period"": 3, ""medium_period"": 210, ""slow_period"": 13, ""smooth"": 3}, ""exit_ind"": {""adx_smoothing"": 14, ""adx_threshold"": 25, ""di_length"": 14}, ""vol"": {""length"": 26}}","{""base"": {""cutoff_period"": 65}, ""c1"": {""ema_len"": 200, ""len"": 75}, ""c2"": {""fast_period"": 340, ""medium_period"": 21, ""slow_period"": 86, ""smooth"": 30}, ""exit_ind"": {""adx_smoothing"": 14, ""adx_threshold"": 25, ""di_length"": 14}, ""vol"": {""length"": 17}}","{""atr_len"": 19, ""atr_mult"": 1.0, ""be_pct"": 0.05, ""tp_mult"": 3.0, ""trail_arm"": 1.85, ""trail_mult"": 1.4}",full,full,,0.0620961629724752,0.4227091692684774,,,,,,False,gate2_tuned_modeA_trend.csv,-0.079791769928434,0.4949901816980683,156,2.8319113082024776,-0.1026287543303898,190,0.7356890349969121,-0.0843539077553284,136,0.7599898670698817,True,0.004562137826894408,0.013699561114425107
supertrend_signals,fx_sniper_ergodic_cci_signals,fractal_dimension_volume_signals,alma_baseline,adx_dmi_exit,trend,A,False,-0.1139239847611672,-35.7721312150065,0.6911732559028361,0.197452229299363,-1.858218833280832,-24.153705747458087,41.5392606772652,25.16647074955821,-0.8611643691238082,314,100,214,2,1.0,0.01,2.95,1.8,2.0,"{""base"": {""length"": 9, ""offset"": 0.85, ""sigma"": 6}, ""c1"": {""atr_period"": 10, ""factor"": 3}, ""c2"": {""cci_length"": 17, ""ema1_length"": 3, ""ema2_length"": 4, ""trigger_length"": 4}, ""exit_ind"": {""adx_smoothing"": 14, ""adx_threshold"": 25, ""di_length"": 14}, ""vol"": {""fd_threshold"": 1.5, ""length"": 24}}","{""base"": {""length"": 11, ""offset"": 0.85, ""sigma"": 6}, ""c1"": {""atr_period"": 8, ""factor"": 3}, ""c2"": {""cci_length"": 14, ""ema1_length"": 5, ""ema2_length"": 3, ""trigger_length"": 4}, ""exit_ind"": {""adx_smoothing"": 14, ""adx_threshold"": 25, ""di_length"": 14}, ""vol"": {""fd_threshold"": 1.5, ""length"": 3}}","{""atr_len"": 40, ""atr_mult"": 1.0, ""be_pct"": 0.07, ""tp_mult"": 1.5, ""trail_arm"": 1.25, ""trail_mult"": 1.85}",full,full,,0.082459388852641,0.7585745704338024,,,,,,False,gate2_tuned_modeA_trend.csv,-0.079791769928434,0.2375656835064997,130,2.0649496157187928,-0.1772235818129431,100,0.5077122727418252,-0.0843447338023933,214,0.7739040586627017,True,0.004552963873959301,0.0509923878792342
kase_peak_oscillator_signals,schaff_trend_cycle_signals,variance_volume_signals,tma_baseline,adx_dmi_exit,trend,A,False,-0.0889513335037076,-26.15169205009004,0.7423358784836791,0.2176870748299319,-1.8556302003879712,-13.875157001324691,28.25170656460328,13.518335120402629,-0.9256676933936316,294,134,160,11,1.0,0.01,1.6,1.9,2.0,"{""base"": {""length"": 16}, ""c1"": {""long_cycle"": 185, ""sharpness"": 40, ""short_cycle"": 15}, ""c2"": {""cycleLen"": 10, ""d1"": 3, ""d2"": 3, ""lowerBand"": 25, ""macdFast"": 2, ""macdSlow"": 62, ""stc_midline"": 50, ""upperBand"": 75}, ""exit_ind"": {""adx_smoothing"": 14, ""adx_threshold"": 25, ""di_length"": 14}, ""vol"": {""ema_len"": 8, ""filter_lookback"": 25, ""hline"": 0, ""lookback"": 132}}","{""base"": {""length"": 16}, ""c1"": {""long_cycle"": 80, ""sharpness"": 40, ""short_cycle"": 15}, ""c2"": {""cycleLen"": 10, ""d1"": 3, ""d2"": 2, ""lowerBand"": 25, ""macdFast"": 8, ""macdSlow"": 50, ""stc_midline"": 50, ""upperBand"": 75}, ""exit_ind"": {""adx_smoothing"": 14, ""adx_threshold"": 25, ""di_length"": 14}, ""vol"": {""ema_len"": 10, ""filter_lookback"": 25, ""hline"": 0, ""lookback"": 132}}","{""atr_len"": 24, ""atr_mult"": 1.0, ""be_pct"": 0.01, ""tp_mult"": 2.6, ""trail_arm"": 2.0, ""trail_mult"": 1.6}",full,full,,0.0084614458093756,0.3914401092577165,,,,,,False,gate2_tuned_modeA_trend.csv,-0.079791769928434,0.579939063061306,104,4.242547309097645,-0.0843141239895092,134,0.7556885183658243,-0.0928349964718488,160,0.7311597611132534,True,0.004522354061075207,0.008782790302245005
dpo_signals,dspo_signals,chaikin_volatility_volume_signals,sma_baseline,adx_dmi_exit,trend,A,False,-0.1396022218818008,-34.342146582923014,0.6294668310098376,0.1747967479674796,-3.055215792297906,-22.43351329181783,33.842146582923,20.19115359738479,-1.0147744765177609,246,100,146,5,1.0,0.17,2.95,1.75,1.75,"{""base"": {""length"": 25}, ""c1"": {""len"": 216}, ""c2"": {""len"": 5}, ""exit_ind"": {""adx_smoothing"": 14, ""adx_threshold"": 25, ""di_length"": 14}, ""vol"": {""cvi_len"": 28, ""roc_len"": 10}}","{""base"": {""length"": 200}, ""c1"": {""len"": 62}, ""c2"": {""len"": 11}, ""exit_ind"": {""adx_smoothing"": 14, ""adx_threshold"": 25, ""di_length"": 14}, ""vol"": {""cvi_len"": 19, ""roc_len"": 12}}","{""atr_len"": 26, ""atr_mult"": 1.0, ""be_pct"": 0.05, ""tp_mult"": 3.0, ""trail_arm"": 2.0, ""trail_mult"": 0.5}",full,full,,0.1392659059145926,0.5965540459356643,,,,,,False,gate2_tuned_modeA_trend.csv,-0.079791769928434,0.4248789411588076,106,2.516049993776347,-0.2203341938910271,100,0.4599699414301907,-0.0843063506426047,146,0.7627585411220185,True,0.004514580714170699,0.07252850233838189
volatility_quality_signals,aroon_signals,variance_volume_signals,rma_baseline,adx_dmi_exit,trend,A,False,-0.1071102757964115,-25.49224563954595,0.7272104418935692,0.1680672268907563,-1.9114201985262904,-36.03873187701499,38.41300742459567,19.32777236155352,-0.6636357668580612,238,114,124,27,1.0,0.01,2.5,1.85,1.3,"{""base"": {""ma_length"": 3}, ""c1"": {""atr_pct"": 0.075, ""smooth"": 66}, ""c2"": {""length"": 71}, ""exit_ind"": {""adx_smoothing"": 14, ""adx_threshold"": 25, ""di_length"": 14}, ""vol"": {""ema_len"": 66, ""filter_lookback"": 87, ""hline"": 0, ""lookback"": 5}}","{""base"": {""ma_length"": 7}, ""c1"": {""atr_pct"": 0.49345, ""smooth"": 4}, ""c2"": {""length"": 25}, ""exit_ind"": {""adx_smoothing"": 14, ""adx_threshold"": 25, ""di_length"": 14}, ""vol"": {""ema_len"": 28, ""filter_lookback"": 132, ""hline"": 0, ""lookback"": 11}}","{""atr_len"": 4, ""atr_mult"": 1.0, ""be_pct"": 0.18, ""tp_mult"": 3.0, ""trail_arm"": 1.9, ""trail_mult"": 1.45}",full,full,,0.0024589924171396,0.3238081818849944,,,,,,False,gate2_tuned_modeA_trend.csv,-0.079791769928434,0.522469143039606,132,3.109398164587016,-0.0842907774588947,114,0.7885786355017225,-0.128089492009935,124,0.6691021456410008,True,0.0044990075304607025,0.02639836480598086
linreg_slope_signals,hieken_ashi_smoothed_signals,variance_volume_signals,sma_baseline,adx_dmi_exit,trend,A,False,-0.0994135318425505,-21.672149941676015,0.7258877376621243,0.2247706422018348,-2.0255220195385246,-24.058713277132185,25.91751325392358,15.955073642966491,-0.836197120045656,218,106,112,7,1.0,0.05,2.05,1.0,1.95,"{""base"": {""length"": 20}, ""c1"": {""length"": 14, ""r2_floor"": 0.106734}, ""c2"": {""alma_offset1"": 0.85, ""alma_offset2"": 0.85, ""alma_sigma1"": 6, ""alma_sigma2"": 6, ""ama_smooth1"": 0.181, ""ama_smooth2"": 0.181, ""frama_t1_a"": 1, ""frama_t1_b"": 168, ""frama_t2_a"": 1, ""frama_t2_b"": 168, ""lsma_offset1"": 0, ""lsma_offset2"": 0, ""ma_len1"": 10, ""ma_len2"": 8, ""vol_factor1"": 0.82, ""vol_factor2"": 0.82}, ""exit_ind"": {""adx_smoothing"": 14, ""adx_threshold"": 25, ""di_length"": 14}, ""vol"": {""ema_len"": 43, ""filter_lookback"": 20, ""hline"": 0, ""lookback"": 132}}","{""base"": {""length"": 16}, ""c1"": {""length"": 92, ""r2_floor"": 0.246569}, ""c2"": {""alma_offset1"": 0.85, ""alma_offset2"": 0.85, ""alma_sigma1"": 6, ""alma_sigma2"": 6, ""ama_smooth1"": 0.181, ""ama_smooth2"": 0.181, ""frama_t1_a"": 1, ""frama_t1_b"": 168, ""frama_t2_a"": 1, ""frama_t2_b"": 168, ""lsma_offset1"": 0, ""lsma_offset2"": 0, ""ma_len1"": 3, ""ma_len2"": 8, ""vol_factor1"": 0.437609, ""vol_factor2"": 1.010934}, ""exit_ind"": {""adx_smoothing"": 14, ""adx_threshold"": 25, ""di_length"": 14}, ""vol"": {""ema_len"": 12, ""filter_lookback"": 25, ""hline"": 0, ""lookback"": 200}}","{""atr_len"": 42, ""atr_mult"": 1.0, ""be_pct"": 0.01, ""tp_mult"": 3.0, ""trail_arm"": 1.95, ""trail_mult"": 1.65}",full,full,,0.1597459452441928,0.3731069112582523,,,,,,False,gate2_tuned_modeA_trend.csv,-0.079791769928434,0.6081796083596692,116,3.2046510803038015,-0.1154672090722236,106,0.7085827580558165,-0.0842198730358956,112,0.7454978144137829,True,0.004428103107461612,0.020051771125625603
donchian_breakout_signals,fisher_transform_signals,damiani_volatmeter_volume_signals,ema_baseline,adx_dmi_exit,trend,A,False,-0.141430874357827,-48.0864972816612,0.6332500697571035,0.1911764705882352,-3.030316700582392,-58.418810627270105,55.685238700011055,27.455820811480137,-0.8635411898064047,340,148,192,45,1.0,0.11,2.1,1.95,2.0,"{""base"": {""ma_length"": 16}, ""c1"": {""length"": 87}, ""c2"": {""length"": 66}, ""exit_ind"": {""adx_smoothing"": 14, ""adx_threshold"": 25, ""di_length"": 14}, ""vol"": {""lag"": 1.4, ""sedimentation"": 50, ""threshold"": 1.4, ""viscosity"": 6}}","{""base"": {""ma_length"": 20}, ""c1"": {""length"": 20}, ""c2"": {""length"": 12}, ""exit_ind"": {""adx_smoothing"": 14, ""adx_threshold"": 25, ""di_length"": 14}, ""vol"": {""lag"": 1.4, ""sedimentation"": 94, ""threshold"": 1.4, ""viscosity"": 4}}","{""atr_len"": 43, ""atr_mult"": 1.0, ""be_pct"": 0.07, ""tp_mult"": 2.6, ""trail_arm"": 1.0, ""trail_mult"": 1.15}",full,full,,0.1850561638715532,0.3160845285334952,,,,,,False,gate2_tuned_modeA_trend.csv,-0.079791769928434,0.3781776550005181,210,2.3629997661133304,-0.0841867912595151,148,0.7856044354153321,-0.1855565217461091,192,0.5119609291061247,True,0.004395021331081106,0.05507988657437811
laguerre_filter_signals,laguerre_filter_signals,ttm_squeeze_volume_signals,rma_baseline,adx_dmi_exit,chop,B,False,-0.1598800710220949,-25.740691434557284,0.7180419867022473,0.2360248447204969,-2.170349292906986,-8.026908296020496,33.0180395347583,19.996538274868215,-0.7795947850707458,161,96,65,3,1.0,0.05,1.6,2.0,1.5,"{""base"": {""ma_length"": 16}, ""c1"": {""alpha"": 0.2}, ""c2"": {""alpha"": 0.2}, ""exit_ind"": {""adx_smoothing"": 14, ""adx_threshold"": 25, ""di_length"": 14}, ""vol"": {""bb_length"": 3, ""bb_mult"": 2, ""kc_length"": 5, ""kc_mult"": 1.5}}","{""base"": {""ma_length"": 7}, ""c1"": {""alpha"": 0.374763}, ""c2"": {""alpha"": 0.046203}, ""exit_ind"": {""adx_smoothing"": 14, ""adx_threshold"": 25, ""di_length"": 14}, ""vol"": {""bb_length"": 132, ""bb_mult"": 2, ""kc_length"": 57, ""kc_mult"": 6.493142}}","{""atr_len"": 5, ""atr_mult"": 1.0, ""be_pct"": 0.05, ""tp_mult"": 2.9, ""trail_arm"": 2.0, ""trail_mult"": 1.5}",full,full,,0.0064117900572667,0.2794040877912174,,,,,,False,gate2_tuned_modeB.csv,-0.0550301260173602,0.5514381139004797,145,2.523530947308835,-0.2279170461977684,96,0.6119690752910822,-0.0593946923011002,65,0.8893962709961977,True,0.004364566283739997,0.08862574323207409
bears_bulls_impulse_signals,dpo_signals,chaikin_volatility_volume_signals,tma_baseline,adx_dmi_exit,trend,A,False,-0.0949972307971883,-25.839246776835218,0.7264821483005323,0.2316176470588235,-2.0656722320624668,-13.507608158784896,33.82094538908331,19.354767273070525,-0.7640013157401443,272,94,178,10,1.0,0.01,3.0,1.4,1.95,"{""base"": {""length"": 37}, ""c1"": {""length"": 16}, ""c2"": {""len"": 500}, ""exit_ind"": {""adx_smoothing"": 14, ""adx_threshold"": 25, ""di_length"": 14}, ""vol"": {""cvi_len"": 28, ""roc_len"": 12}}","{""base"": {""length"": 87}, ""c1"": {""length"": 24}, ""c2"": {""len"": 142}, ""exit_ind"": {""adx_smoothing"": 14, ""adx_threshold"": 25, ""di_length"": 14}, ""vol"": {""cvi_len"": 43, ""roc_len"": 4}}","{""atr_len"": 26, ""atr_mult"": 1.0, ""be_pct"": 0.12, ""tp_mult"": 1.7, ""trail_arm"": 2.0, ""trail_mult"": 0.95}",full,full,,0.1769266736195282,0.5080581604609613,,,,,,False,gate2_tuned_modeA_trend.csv,-0.079791769928434,0.4142474911149119,100,3.170212940848954,-0.1156606772274926,94,0.6754595922571857,-0.0840850736935444,178,0.7545164939873562,True,0.004293303765110404,0.020081105532084503
trend_direction_force_index_signals,kase_peak_oscillator_signals,efficiency_ratio_volume_signals,sma_baseline,adx_dmi_exit,chop,B,False,-0.0602724805966775,-16.936567047666383,0.9086285593687458,0.2597864768683274,-0.6290357205175235,-4.003115826620788,34.831225688169376,16.985519647741864,-0.4862466569305652,281,192,89,31,1.05,0.05,2.8,2.0,1.5,"{""base"": {""length"": 20}, ""c1"": {""fhigh"": 0.040557, ""flow"": -0.5, ""lookback"": 11}, ""c2"": {""long_cycle"": 80, ""sharpness"": 40, ""short_cycle"": 35}, ""exit_ind"": {""adx_smoothing"": 14, ""adx_threshold"": 25, ""di_length"": 14}, ""vol"": {""er_threshold"": 0.369854, ""length"": 8}}","{""base"": {""length"": 20}, ""c1"": {""fhigh"": 0.142402, ""flow"": -0.328967, ""lookback"": 5}, ""c2"": {""long_cycle"": 80, ""sharpness"": 40, ""short_cycle"": 53}, ""exit_ind"": {""adx_smoothing"": 14, ""adx_threshold"": 25, ""di_length"": 14}, ""vol"": {""er_threshold"": 0.243339, ""length"": 8}}","{""atr_len"": 3, ""atr_mult"": 1.0, ""be_pct"": 0.05, ""tp_mult"": 3.0, ""trail_arm"": 2.0, ""trail_mult"": 1.5}",full,full,,0.0715960237753127,0.5117254480353876,,,,,,False,gate2_tuned_modeB.csv,-0.0550301260173602,0.5700296987399631,229,2.1546386334251983,-0.0592901995667764,192,0.9105376608734294,-0.0623915587735428,89,0.9044483779272862,True,0.004260073549416196,0.005810753152799393
coppock_curve_signals,ehlers_reverse_ema_signals,variance_volume_signals,kama_baseline,adx_dmi_exit,trend,A,False,-0.1326864424264246,-26.537288485284932,0.6145973662299643,0.24,-3.078342294722171,-19.41647176132136,26.134691744626146,12.708067757214833,-1.0154046867892204,200,104,96,20,1.0,0.07,3.0,1.9,1.8,"{""base"": {""fast_length"": 2, ""length"": 28, ""slow_length"": 16}, ""c1"": {""long_roc"": 3, ""short_roc"": 6, ""smooth_len"": 10}, ""c2"": {""alpha"": 0.053367}, ""exit_ind"": {""adx_smoothing"": 14, ""adx_threshold"": 25, ""di_length"": 14}, ""vol"": {""ema_len"": 8, ""filter_lookback"": 200, ""hline"": 0, ""lookback"": 20}}","{""base"": {""fast_length"": 9, ""length"": 12, ""slow_length"": 85}, ""c1"": {""long_roc"": 61, ""short_roc"": 9, ""smooth_len"": 8}, ""c2"": {""alpha"": 0.123285}, ""exit_ind"": {""adx_smoothing"": 14, ""adx_threshold"": 25, ""di_length"": 14}, ""vol"": {""ema_len"": 8, ""filter_lookback"": 25, ""hline"": 0, ""lookback"": 20}}","{""atr_len"": 34, ""atr_mult"": 1.05, ""be_pct"": 0.01, ""tp_mult"": 3.0, ""trail_arm"": 2.0, ""trail_mult"": 1.2}",full,full,,0.1141104829000618,0.5890902101378307,,,,,,False,gate2_tuned_modeA_trend.csv,-0.079791769928434,0.5059268578568048,128,3.1138579182628807,-0.1776853461089833,104,0.5540143846895461,-0.0839376301036528,96,0.7061406233000704,True,0.004145860175218799,0.051019718177884046
ehlers_reverse_ema_signals,supertrend_signals,variance_volume_signals,ema_baseline,adx_dmi_exit,trend,A,False,-0.1082901917369769,-20.79171681349957,0.6774788253357724,0.2447916666666666,-2.6673711774875786,-21.503076735894528,21.0917168134996,11.524770365262295,-0.9857764067926412,192,108,84,5,1.0,0.02,1.8,1.5,1.5,"{""base"": {""ma_length"": 37}, ""c1"": {""alpha"": 0.187382}, ""c2"": {""atr_period"": 5, ""factor"": 9}, ""exit_ind"": {""adx_smoothing"": 14, ""adx_threshold"": 25, ""di_length"": 14}, ""vol"": {""ema_len"": 19, ""filter_lookback"": 200, ""hline"": 0, ""lookback"": 20}}","{""base"": {""ma_length"": 20}, ""c1"": {""alpha"": 0.081113}, ""c2"": {""atr_period"": 8, ""factor"": 6}, ""exit_ind"": {""adx_smoothing"": 14, ""adx_threshold"": 25, ""di_length"": 14}, ""vol"": {""ema_len"": 100, ""filter_lookback"": 200, ""hline"": 0, ""lookback"": 16}}","{""atr_len"": 48, ""atr_mult"": 1.0, ""be_pct"": 0.06, ""tp_mult"": 2.4, ""trail_arm"": 1.75, ""trail_mult"": 1.85}",full,full,,0.1682211852792816,0.7675853918430482,,,,,,False,gate2_tuned_modeA_trend.csv,-0.079791769928434,0.4753297520762343,126,2.973343645870586,-0.1273924503851256,108,0.6436271959791076,-0.0837301449036428,84,0.7280173482397687,True,0.003938374975208811,0.025769527715950202
hieken_ashi_smoothed_signals,dpo_signals,volatility_ratio_volume_signals,kama_baseline,adx_dmi_exit,chop,B,False,-0.0668226719873826,-22.586063131735333,0.8941879428912809,0.2307692307692307,-0.7444385922105539,-3.943056282450935,48.84925413091076,23.61545061838967,-0.4623624973107493,338,120,218,38,1.0,0.05,2.8,2.0,1.5,"{""base"": {""fast_length"": 2, ""length"": 19, ""slow_length"": 130}, ""c1"": {""alma_offset1"": 0.85, ""alma_offset2"": 0.85, ""alma_sigma1"": 6, ""alma_sigma2"": 6, ""ama_smooth1"": 0.181, ""ama_smooth2"": 0.181, ""frama_t1_a"": 1, ""frama_t1_b"": 168, ""frama_t2_a"": 1, ""frama_t2_b"": 168, ""lsma_offset1"": 0, ""lsma_offset2"": 0, ""ma_len1"": 2, ""ma_len2"": 8, ""vol_factor1"": 0.82, ""vol_factor2"": 0.82}, ""c2"": {""len"": 50}, ""exit_ind"": {""adx_smoothing"": 14, ""adx_threshold"": 25, ""di_length"": 14}, ""vol"": {""length"": 40}}","{""base"": {""fast_length"": 20, ""length"": 28, ""slow_length"": 30}, ""c1"": {""alma_offset1"": 0.85, ""alma_offset2"": 0.85, ""alma_sigma1"": 6, ""alma_sigma2"": 6, ""ama_smooth1"": 0.181, ""ama_smooth2"": 0.181, ""frama_t1_a"": 1, ""frama_t1_b"": 168, ""frama_t2_a"": 1, ""frama_t2_b"": 168, ""lsma_offset1"": 0, ""lsma_offset2"": 0, ""ma_len1"": 15, ""ma_len2"": 10, ""vol_factor1"": 2.335389, ""vol_factor2"": 5.395052}, ""c2"": {""len"": 27}, ""exit_ind"": {""adx_smoothing"": 14, ""adx_threshold"": 25, ""di_length"": 14}, ""vol"": {""length"": 3}}","{""atr_len"": 11, ""atr_mult"": 1.0, ""be_pct"": 0.05, ""tp_mult"": 2.2, ""trail_arm"": 2.0, ""trail_mult"": 1.5}",full,full,,0.1127189571804264,0.3605921074658107,,,,,,False,gate2_tuned_modeB.csv,-0.0550301260173602,0.510605846590401,103,2.25197357029835,-0.0811263348091137,120,0.8714578518837268,-0.0589490961222095,218,0.9066877608930456,True,0.003918970104849297,0.01500758944830139
mama_fama_signals,didi_index_signals,volatility_ratio_volume_signals,ema_baseline,adx_dmi_exit,chop,B,False,-0.1224738522670645,-28.781355282760178,0.7868898186936665,0.251063829787234,-1.645171377855586,-6.270611864293861,42.678886816923175,23.280529368739668,-0.6743698683197074,235,160,75,38,1.0,0.05,2.3,2.0,1.5,"{""base"": {""ma_length"": 37}, ""c1"": {""fast_limit"": 0.075996, ""slow_limit"": 0.061642}, ""c2"": {""long_p"": 25, ""medium"": 53}, ""exit_ind"": {""adx_smoothing"": 14, ""adx_threshold"": 25, ""di_length"": 14}, ""vol"": {""length"": 140}}","{""base"": {""ma_length"": 16}, ""c1"": {""fast_limit"": 0.5, ""slow_limit"": 0.093691}, ""c2"": {""long_p"": 11, ""medium"": 53}, ""exit_ind"": {""adx_smoothing"": 14, ""adx_threshold"": 25, ""di_length"": 14}, ""vol"": {""length"": 40}}","{""atr_len"": 26, ""atr_mult"": 1.0, ""be_pct"": 0.05, ""tp_mult"": 1.85, ""trail_arm"": 2.0, ""trail_mult"": 1.5}",full,full,,0.0516899429842099,0.454085397818317,,,,,,False,gate2_tuned_modeB.csv,-0.0550301260173602,0.2595197555279149,208,1.625297621070054,-0.1523079537842167,160,0.7425851922721396,-0.0588277690304732,75,0.8907483873959114,True,0.003797643013113,0.050537735389984746
bears_bulls_impulse_signals,chandelier_exit_signals,variance_volume_signals,ema_baseline,adx_dmi_exit,trend,A,False,-0.1154435401879257,-33.47862665449848,0.6703784617906962,0.2275862068965517,-2.69393181868014,-17.620620775191625,39.53262394993982,22.26741642813208,-0.8468607268996988,290,206,84,41,1.0,0.11,2.95,1.0,1.9,"{""base"": {""ma_length"": 37}, ""c1"": {""length"": 11}, ""c2"": {""atr_mult"": 4, ""atr_period"": 27}, ""exit_ind"": {""adx_smoothing"": 14, ""adx_threshold"": 25, ""di_length"": 14}, ""vol"": {""ema_len"": 19, ""filter_lookback"": 20, ""hline"": 0, ""lookback"": 132}}","{""base"": {""ma_length"": 37}, ""c1"": {""length"": 16}, ""c2"": {""atr_mult"": 6, ""atr_period"": 95}, ""exit_ind"": {""adx_smoothing"": 14, ""adx_threshold"": 25, ""di_length"": 14}, ""vol"": {""ema_len"": 12, ""filter_lookback"": 16, ""hline"": 0, ""lookback"": 200}}","{""atr_len"": 26, ""atr_mult"": 1.15, ""be_pct"": 0.09, ""tp_mult"": 2.35, ""trail_arm"": 1.15, ""trail_mult"": 0.5}",full,full,,0.1754514625965312,0.5546826156155958,,,,,,False,gate2_tuned_modeA_trend.csv,-0.079791769928434,0.395342324731198,208,3.0840216457431313,-0.0835575115003752,206,0.754281187754348,-0.1936402295883473,84,0.4838860911224458,True,0.0037657415719412057,0.05880710061592727
halftrend_signals,price_momentum_oscillator_signals,chaikin_volatility_volume_signals,mcginley_dynamic_index,adx_dmi_exit,trend,A,False,-0.1277728608798605,-58.264424561216416,0.6835968188204623,0.1776315789473684,-2.4806058151085195,-57.94510744964478,59.520553750864146,32.63353728952974,-0.9788958752819148,456,276,180,24,1.0,0.07,3.0,1.9,0.8,"{""base"": {""mci_length"": 14}, ""c1"": {""amplitude"": 62}, ""c2"": {""s1"": 12, ""s2"": 20, ""sig"": 10}, ""exit_ind"": {""adx_smoothing"": 14, ""adx_threshold"": 25, ""di_length"": 14}, ""vol"": {""cvi_len"": 8, ""roc_len"": 34}}","{""base"": {""mci_length"": 11}, ""c1"": {""amplitude"": 329}, ""c2"": {""s1"": 12, ""s2"": 16, ""sig"": 10}, ""exit_ind"": {""adx_smoothing"": 14, ""adx_threshold"": 25, ""di_length"": 14}, ""vol"": {""cvi_len"": 2, ""roc_len"": 79}}","{""atr_len"": 32, ""atr_mult"": 1.0, ""be_pct"": 0.01, ""tp_mult"": 2.7, ""trail_arm"": 1.0, ""trail_mult"": 0.85}",full,full,,0.1590973483692677,0.3247633879313892,,,,,,False,gate2_tuned_modeA_trend.csv,-0.079791769928434,0.2995885127171054,274,2.044044429597003,-0.0835475858907537,276,0.787109928077688,-0.195584949196491,180,0.5357425451428817,True,0.0037558159623197057,0.05977449761518834
donchian_breakout_signals,price_momentum_oscillator_signals,chaikin_volatility_volume_signals,ema_baseline,adx_dmi_exit,trend,A,False,-0.1090206908769079,-31.834041736057117,0.6926725005880477,0.2260273972602739,-2.2961982634210965,-17.000028785480307,37.23162695739397,22.667395502332443,-0.8550268773504424,292,146,146,2,1.0,0.1,3.0,1.85,2.0,"{""base"": {""ma_length"": 20}, ""c1"": {""length"": 200}, ""c2"": {""s1"": 12, ""s2"": 20, ""sig"": 10}, ""exit_ind"": {""adx_smoothing"": 14, ""adx_threshold"": 25, ""di_length"": 14}, ""vol"": {""cvi_len"": 28, ""roc_len"": 15}}","{""base"": {""ma_length"": 132}, ""c1"": {""length"": 3}, ""c2"": {""s1"": 43, ""s2"": 20, ""sig"": 10}, ""exit_ind"": {""adx_smoothing"": 14, ""adx_threshold"": 25, ""di_length"": 14}, ""vol"": {""cvi_len"": 10, ""roc_len"": 22}}","{""atr_len"": 50, ""atr_mult"": 1.0, ""be_pct"": 0.05, ""tp_mult"": 2.95, ""trail_arm"": 1.55, ""trail_mult"": 0.5}",full,full,,0.1344545362715916,0.3570232912167563,,,,,,False,gate2_tuned_modeA_trend.csv,-0.079791769928434,0.3787266769632503,144,2.5416023614155208,-0.1346065945884807,146,0.5807280095105863,-0.0834347871653351,146,0.7851984368275431,True,0.0036430172369011082,0.029228920948473916
ichimoku_signals,supertrend_signals,volatility_ratio_volume_signals,rma_baseline,adx_dmi_exit,chop,B,False,-0.0737779616250064,-11.952029783251035,0.8666499542220061,0.228395061728395,-0.8979466771755925,-3.4563960349959917,24.512989063206582,14.868595093484847,-0.4875794523643284,162,99,63,50,1.1,0.05,2.45,2.0,1.5,"{""base"": {""ma_length"": 16}, ""c1"": {""base_len"": 21, ""conversion_len"": 59, ""displacement"": 32, ""span_b_len"": 52}, ""c2"": {""atr_period"": 12, ""factor"": 9}, ""exit_ind"": {""adx_smoothing"": 14, ""adx_threshold"": 25, ""di_length"": 14}, ""vol"": {""length"": 14}}","{""base"": {""ma_length"": 16}, ""c1"": {""base_len"": 21, ""conversion_len"": 11, ""displacement"": 49, ""span_b_len"": 225}, ""c2"": {""atr_period"": 2, ""factor"": 9}, ""exit_ind"": {""adx_smoothing"": 14, ""adx_threshold"": 25, ""di_length"": 14}, ""vol"": {""length"": 2}}","{""atr_len"": 3, ""atr_mult"": 1.0, ""be_pct"": 0.05, ""tp_mult"": 2.75, ""trail_arm"": 2.0, ""trail_mult"": 1.5}",full,full,,0.1764101146384288,0.5098105607905531,,,,,,False,gate2_tuned_modeB.csv,-0.0550301260173602,0.5971124987517792,100,2.4277338924475163,-0.0585637544794866,99,0.8969877209169418,-0.0976860014251089,63,0.8154450541350944,True,0.0035336284621263966,0.023094751934937548
ehlers_reverse_ema_signals,donchian_breakout_signals,variance_volume_signals,ema_baseline,adx_dmi_exit,trend,A,False,-0.1608294733350095,-33.130871507011975,0.5795945008716874,0.1990291262135922,-3.636110257216392,-54.087026972821874,38.09230155623608,22.82256232199699,-0.8697524211841205,206,142,64,8,1.0,0.01,1.95,1.0,0.85,"{""base"": {""ma_length"": 37}, ""c1"": {""alpha"": 0.187382}, ""c2"": {""length"": 37}, ""exit_ind"": {""adx_smoothing"": 14, ""adx_threshold"": 25, ""di_length"": 14}, ""vol"": {""ema_len"": 19, ""filter_lookback"": 200, ""hline"": 0, ""lookback"": 20}}","{""base"": {""ma_length"": 25}, ""c1"": {""alpha"": 0.01}, ""c2"": {""length"": 20}, ""exit_ind"": {""adx_smoothing"": 14, ""adx_threshold"": 25, ""di_length"": 14}, ""vol"": {""ema_len"": 10, ""filter_lookback"": 5, ""hline"": 0, ""lookback"": 25}}","{""atr_len"": 7, ""atr_mult"": 1.0, ""be_pct"": 0.2, ""tp_mult"": 2.45, ""trail_arm"": 1.95, ""trail_mult"": 1.15}",full,full,,0.1511834145455989,0.8427115037065928,,,,,,False,gate2_tuned_modeA_trend.csv,-0.079791769928434,0.3374292920220293,178,2.2012482795984236,-0.1957629003142336,142,0.5207184164720488,-0.0833209322248561,64,0.743713428304787,True,0.0035291622964221114,0.05975014634111085
center_of_gravity_signals,ssl_channel_signals,efficiency_ratio_volume_signals,vidya,adx_dmi_exit,chop,B,False,-0.0666924761727571,-20.14112780417265,0.8805390920209444,0.2980132450331126,-0.862855417438356,-3.5358882755081913,33.57797939701261,19.589534635637023,-0.5998314420898293,302,163,139,5,1.0,0.05,2.85,2.0,1.5,"{""base"": {""vda_length"": 13}, ""c1"": {""length"": 8, ""signal_length"": 2}, ""c2"": {""len"": 100}, ""exit_ind"": {""adx_smoothing"": 14, ""adx_threshold"": 25, ""di_length"": 14}, ""vol"": {""er_threshold"": 0.369854, ""length"": 8}}","{""base"": {""vda_length"": 4}, ""c1"": {""length"": 12, ""signal_length"": 4}, ""c2"": {""len"": 28}, ""exit_ind"": {""adx_smoothing"": 14, ""adx_threshold"": 25, ""di_length"": 14}, ""vol"": {""er_threshold"": 0.562145, ""length"": 5}}","{""atr_len"": 24, ""atr_mult"": 1.0, ""be_pct"": 0.05, ""tp_mult"": 1.35, ""trail_arm"": 2.0, ""trail_mult"": 1.5}",full,full,,0.0136510079855985,0.3797617125423262,,,,,,False,gate2_tuned_modeB.csv,-0.0550301260173602,0.214613500317056,219,1.502977559718185,-0.0737210609759739,163,0.8649319857466898,-0.0584503227704236,139,0.8979753214545251,True,0.0034201967530633967,0.01105556585583855
lemantrend_signals,hieken_ashi_smoothed_signals,volatility_ratio_volume_signals,frama_baseline,adx_dmi_exit,chop,B,False,-0.089876851947237,-40.5344602282039,0.8202181619449145,0.2815964523281596,-1.248486845772437,-4.400170408566079,61.94859317602912,37.50408101895994,-0.6543241444244552,451,163,288,3,1.0,0.05,2.95,2.0,1.5,"{""base"": {""length"": 2}, ""c1"": {""fast_period"": 12, ""medium_period"": 91, ""slow_period"": 56, ""smooth"": 4}, ""c2"": {""alma_offset1"": 0.85, ""alma_offset2"": 0.85, ""alma_sigma1"": 6, ""alma_sigma2"": 6, ""ama_smooth1"": 0.181, ""ama_smooth2"": 0.181, ""frama_t1_a"": 1, ""frama_t1_b"": 168, ""frama_t2_a"": 1, ""frama_t2_b"": 168, ""lsma_offset1"": 0, ""lsma_offset2"": 0, ""ma_len1"": 2, ""ma_len2"": 6, ""vol_factor1"": 1.010934, ""vol_factor2"": 0.82}, ""exit_ind"": {""adx_smoothing"": 14, ""adx_threshold"": 25, ""di_length"": 14}, ""vol"": {""length"": 61}}","{""base"": {""length"": 2}, ""c1"": {""fast_period"": 97, ""medium_period"": 21, ""slow_period"": 24, ""smooth"": 2}, ""c2"": {""alma_offset1"": 0.85, ""alma_offset2"": 0.85, ""alma_sigma1"": 6, ""alma_sigma2"": 6, ""ama_smooth1"": 0.181, ""ama_smooth2"": 0.181, ""frama_t1_a"": 1, ""frama_t1_b"": 168, ""frama_t2_a"": 1, ""frama_t2_b"": 168, ""lsma_offset1"": 0, ""lsma_offset2"": 0, ""ma_len1"": 8, ""ma_len2"": 2, ""vol_factor1"": 0.287918, ""vol_factor2"": 1.010934}, ""exit_ind"": {""adx_smoothing"": 14, ""adx_threshold"": 25, ""di_length"": 14}, ""vol"": {""length"": 61}}","{""atr_len"": 24, ""atr_mult"": 1.0, ""be_pct"": 0.05, ""tp_mult"": 1.45, ""trail_arm"": 2.0, ""trail_mult"": 1.5}",full,full,,-0.0202703351080134,0.3366774503248627,,,,,,False,gate2_tuned_modeB.csv,-0.0550301260173602,0.2285050773791429,177,1.6139859532235707,-0.0584400553073004,163,0.8789477283787215,-0.10766920560109,288,0.7887309713692234,True,0.003409929289940196,0.028024504436834997
hieken_ashi_smoothed_signals,linreg_slope_signals,variance_volume_signals,kama_baseline,adx_dmi_exit,trend,A,False,-0.1213350465756124,-21.112298104156572,0.68123865912789,0.1896551724137931,-2.3395798960817324,-25.948776064811025,24.5083347453676,12.134648605327216,-0.8614333990254919,174,122,52,3,1.0,0.01,3.0,1.0,1.65,"{""base"": {""fast_length"": 2, ""length"": 28, ""slow_length"": 16}, ""c1"": {""alma_offset1"": 0.85, ""alma_offset2"": 0.85, ""alma_sigma1"": 6, ""alma_sigma2"": 6, ""ama_smooth1"": 0.181, ""ama_smooth2"": 0.181, ""frama_t1_a"": 1, ""frama_t1_b"": 168, ""frama_t2_a"": 1, ""frama_t2_b"": 168, ""lsma_offset1"": 0, ""lsma_offset2"": 0, ""ma_len1"": 35, ""ma_len2"": 8, ""vol_factor1"": 0.82, ""vol_factor2"": 1.53653}, ""c2"": {""length"": 14, ""r2_floor"": 0.162226}, ""exit_ind"": {""adx_smoothing"": 14, ""adx_threshold"": 25, ""di_length"": 14}, ""vol"": {""ema_len"": 12, ""filter_lookback"": 25, ""hline"": 0, ""lookback"": 132}}","{""base"": {""fast_length"": 2, ""length"": 100, ""slow_length"": 300}, ""c1"": {""alma_offset1"": 0.85, ""alma_offset2"": 0.85, ""alma_sigma1"": 6, ""alma_sigma2"": 6, ""ama_smooth1"": 0.181, ""ama_smooth2"": 0.181, ""frama_t1_a"": 1, ""frama_t1_b"": 168, ""frama_t2_a"": 1, ""frama_t2_b"": 168, ""lsma_offset1"": 0, ""lsma_offset2"": 0, ""ma_len1"": 8, ""ma_len2"": 8, ""vol_factor1"": 0.82, ""vol_factor2"": 0.82}, ""c2"": {""length"": 14, ""r2_floor"": 0.162226}, ""exit_ind"": {""adx_smoothing"": 14, ""adx_threshold"": 25, ""di_length"": 14}, ""vol"": {""ema_len"": 10, ""filter_lookback"": 16, ""hline"": 0, ""lookback"": 132}}","{""atr_len"": 5, ""atr_mult"": 1.0, ""be_pct"": 0.01, ""tp_mult"": 2.95, ""trail_arm"": 1.5, ""trail_mult"": 1.05}",full,full,,0.1089270409661856,0.5802142550836348,,,,,,False,gate2_tuned_modeA_trend.csv,-0.079791769928434,0.3492747140659316,108,2.300747211004158,-0.0831451975008484,122,0.7754480826537689,-0.2109343078664051,52,0.4791540001519064,True,0.0033534275724143997,0.06724798275519274
halftrend_signals,halftrend_signals,variance_volume_signals,t3_baseline,adx_dmi_exit,trend,A,False,-0.1380544638605022,-27.88700169982145,0.6313425236760952,0.2178217821782178,-3.1251286661724578,-41.14818195396176,32.08150109982262,18.023937006499892,-0.8692548896964064,202,124,78,3,1.0,0.18,2.25,1.0,2.0,"{""base"": {""length"": 10, ""volume_factor"": 0.373569}, ""c1"": {""amplitude"": 500}, ""c2"": {""amplitude"": 41}, ""exit_ind"": {""adx_smoothing"": 14, ""adx_threshold"": 25, ""di_length"": 14}, ""vol"": {""ema_len"": 43, ""filter_lookback"": 3, ""hline"": 0, ""lookback"": 16}}","{""base"": {""length"": 19, ""volume_factor"": 3.030133}, ""c1"": {""amplitude"": 12}, ""c2"": {""amplitude"": 50}, ""exit_ind"": {""adx_smoothing"": 14, ""adx_threshold"": 25, ""di_length"": 14}, ""vol"": {""ema_len"": 19, ""filter_lookback"": 16, ""hline"": 0, ""lookback"": 200}}","{""atr_len"": 3, ""atr_mult"": 1.05, ""be_pct"": 0.01, ""tp_mult"": 2.35, ""trail_arm"": 1.0, ""trail_mult"": 1.4}",full,full,,0.1247823369358484,0.6759428766927787,,,,,,False,gate2_tuned_modeA_trend.csv,-0.079791769928434,0.4164443040879437,104,2.929849556501774,-0.0831327194289908,124,0.7664850792052992,-0.2253659550080331,78,0.4419509685515363,True,0.0033409495005568,0.07445756729007795
hieken_ashi_smoothed_signals,ssl_channel_signals,fractal_dimension_volume_signals,tma_baseline,adx_dmi_exit,trend,A,False,-0.0960544230559286,-21.32408191841617,0.7176663213505123,0.2477477477477477,-2.161348949702779,-15.114991436594824,31.158014470695207,15.27425894477081,-0.6843851343118135,222,138,84,7,1.0,0.06,1.25,1.5,1.45,"{""base"": {""length"": 25}, ""c1"": {""alma_offset1"": 0.85, ""alma_offset2"": 0.85, ""alma_sigma1"": 6, ""alma_sigma2"": 6, ""ama_smooth1"": 0.181, ""ama_smooth2"": 0.181, ""frama_t1_a"": 1, ""frama_t1_b"": 168, ""frama_t2_a"": 1, ""frama_t2_b"": 168, ""lsma_offset1"": 0, ""lsma_offset2"": 0, ""ma_len1"": 8, ""ma_len2"": 8, ""vol_factor1"": 0.82, ""vol_factor2"": 0.82}, ""c2"": {""len"": 10}, ""exit_ind"": {""adx_smoothing"": 14, ""adx_threshold"": 25, ""di_length"": 14}, ""vol"": {""fd_threshold"": 1.5, ""length"": 24}}","{""base"": {""length"": 132}, ""c1"": {""alma_offset1"": 0.85, ""alma_offset2"": 0.85, ""alma_sigma1"": 6, ""alma_sigma2"": 6, ""ama_smooth1"": 0.181, ""ama_smooth2"": 0.181, ""frama_t1_a"": 1, ""frama_t1_b"": 168, ""frama_t2_a"": 1, ""frama_t2_b"": 168, ""lsma_offset1"": 0, ""lsma_offset2"": 0, ""ma_len1"": 23, ""ma_len2"": 6, ""vol_factor1"": 1.010934, ""vol_factor2"": 0.82}, ""c2"": {""len"": 2}, ""exit_ind"": {""adx_smoothing"": 14, ""adx_threshold"": 25, ""di_length"": 14}, ""vol"": {""fd_threshold"": 1.5, ""length"": 300}}","{""atr_len"": 39, ""atr_mult"": 1.0, ""be_pct"": 0.05, ""tp_mult"": 3.0, ""trail_arm"": 1.05, ""trail_mult"": 0.7}",full,full,,0.1417092804658356,0.7012142532521665,,,,,,False,gate2_tuned_modeA_trend.csv,-0.079791769928434,0.5134165460182778,182,3.1980259014718753,-0.0831260122072216,138,0.7741035300494723,-0.1172939551645188,84,0.6018521994662632,True,0.0033342422787876053,0.0204182137574362
ehlers_reverse_ema_signals,supertrend_signals,efficiency_ratio_volume_signals,wma_baseline,adx_dmi_exit,trend,A,False,-0.088335324284934,-21.0238071798143,0.6623140850085902,0.2815126050420168,-2.741781926476196,-8.576017650655638,24.92017068208626,12.176101621307284,-0.8436461952055232,238,162,76,27,1.0,0.05,1.6,1.8,1.65,"{""base"": {""ma_length"": 25}, ""c1"": {""alpha"": 0.123285}, ""c2"": {""atr_period"": 10, ""factor"": 3}, ""exit_ind"": {""adx_smoothing"": 14, ""adx_threshold"": 25, ""di_length"": 14}, ""vol"": {""er_threshold"": 0.369854, ""length"": 10}}","{""base"": {""ma_length"": 16}, ""c1"": {""alpha"": 1.0}, ""c2"": {""atr_period"": 12, ""factor"": 2}, ""exit_ind"": {""adx_smoothing"": 14, ""adx_threshold"": 25, ""di_length"": 14}, ""vol"": {""er_threshold"": 0.3, ""length"": 10}}","{""atr_len"": 35, ""atr_mult"": 1.0, ""be_pct"": 0.01, ""tp_mult"": 1.6, ""trail_arm"": 1.0, ""trail_mult"": 0.5}",full,full,,0.1791540688309241,0.8725376169312202,,,,,,False,gate2_tuned_modeA_trend.csv,-0.079791769928434,0.1672297305082904,216,2.038176659118493,-0.0831048351950866,162,0.6545416945156504,-0.0994845247132929,76,0.6753213183913854,True,0.0033130652666526067,0.01150291002575575
parabolic_sar_signals,vortex_signals,variance_volume_signals,sma_baseline,adx_dmi_exit,trend,A,False,-0.1163825489526581,-22.578214496815683,0.6831704273314841,0.2164948453608247,-2.5674515074950905,-20.653975364460575,26.4178752765687,16.650321218830904,-0.8546567148358596,194,94,100,3,1.0,0.12,2.4,1.0,1.15,"{""base"": {""length"": 37}, ""c1"": {""sar_increment"": 0.010673, ""sar_maximum"": 0.2, ""sar_start"": 0.007022}, ""c2"": {""period"": 140}, ""exit_ind"": {""adx_smoothing"": 14, ""adx_threshold"": 25, ""di_length"": 14}, ""vol"": {""ema_len"": 19, ""filter_lookback"": 87, ""hline"": 0, ""lookback"": 20}}","{""base"": {""length"": 200}, ""c1"": {""sar_increment"": 0.010673, ""sar_maximum"": 0.02, ""sar_start"": 0.010673}, ""c2"": {""period"": 5}, ""exit_ind"": {""adx_smoothing"": 14, ""adx_threshold"": 25, ""di_length"": 14}, ""vol"": {""ema_len"": 4, ""filter_lookback"": 11, ""hline"": 0, ""lookback"": 132}}","{""atr_len"": 50, ""atr_mult"": 1.0, ""be_pct"": 0.01, ""tp_mult"": 2.95, ""trail_arm"": 1.0, ""trail_mult"": 0.5}",full,full,,0.0725730305604984,0.7542918676776583,,,,,,False,gate2_tuned_modeA_trend.csv,-0.079791769928434,0.5969574552279381,102,3.5370691847187348,-0.1518991334907114,94,0.6179787937325789,-0.0829969594868881,100,0.7550752517305278,True,0.0032051895584540996,0.037656276560365756
halftrend_signals,j_tpo_signals,variance_volume_signals,kama_baseline,adx_dmi_exit,trend,A,False,-0.1129719489640628,-24.175997078309447,0.6818947752854019,0.2383177570093458,-2.6255863462011546,,32.9568306853995,20.240836804604676,-0.7335655940065824,214,100,114,3,1.0,0.01,1.4,1.6,1.8,"{""base"": {""fast_length"": 2, ""length"": 19, ""slow_length"": 24}, ""c1"": {""amplitude"": 216}, ""c2"": {""ema_len"": 200, ""len"": 40}, ""exit_ind"": {""adx_smoothing"": 14, ""adx_threshold"": 25, ""di_length"": 14}, ""vol"": {""ema_len"": 100, ""filter_lookback"": 3, ""hline"": 0, ""lookback"": 16}}","{""base"": {""fast_length"": 2, ""length"": 19, ""slow_length"": 30}, ""c1"": {""amplitude"": 41}, ""c2"": {""ema_len"": 200, ""len"": 32}, ""exit_ind"": {""adx_smoothing"": 14, ""adx_threshold"": 25, ""di_length"": 14}, ""vol"": {""ema_len"": 66, ""filter_lookback"": 132, ""hline"": 0, ""lookback"": 11}}","{""atr_len"": 33, ""atr_mult"": 1.0, ""be_pct"": 0.2, ""tp_mult"": 3.0, ""trail_arm"": 1.0, ""trail_mult"": 1.05}",full,full,,0.1121969470896529,0.48500417635484,,,,,,False,gate2_tuned_modeA_trend.csv,-0.079791769928434,0.6227112453108935,128,3.415364830296798,-0.1471644421595283,100,0.6410623361962715,-0.0829785338803211,114,0.7297270610755258,True,0.003186763951887106,0.035279718091490705
ehlers_reverse_ema_signals,halftrend_signals,volatility_ratio_volume_signals,rma_baseline,adx_dmi_exit,trend,A,False,-0.1028478326585854,-39.49356774089679,0.6647730959350542,0.2630208333333333,-2.705292383255212,-11.763125658569278,44.96678171552861,25.849093334410863,-0.8782831733599088,384,202,182,3,1.0,0.01,1.45,1.0,1.75,"{""base"": {""ma_length"": 20}, ""c1"": {""alpha"": 0.123285}, ""c2"": {""amplitude"": 41}, ""exit_ind"": {""adx_smoothing"": 14, ""adx_threshold"": 25, ""di_length"": 14}, ""vol"": {""length"": 140}}","{""base"": {""ma_length"": 25}, ""c1"": {""alpha"": 0.284804}, ""c2"": {""amplitude"": 50}, ""exit_ind"": {""adx_smoothing"": 14, ""adx_threshold"": 25, ""di_length"": 14}, ""vol"": {""length"": 140}}","{""atr_len"": 46, ""atr_mult"": 1.0, ""be_pct"": 0.14, ""tp_mult"": 2.55, ""trail_arm"": 1.05, ""trail_mult"": 0.7}",full,full,,0.1694911657507495,0.3417520023304893,,,,,,False,gate2_tuned_modeA_trend.csv,-0.079791769928434,0.3067432852723594,218,2.312537795701219,-0.0826161638775714,202,0.7439600936439785,-0.1253027617452053,182,0.5667089355204866,True,0.002824393949137402,0.024167692882954353
qqe_mod_signals,fisher_transform_signals,chaikin_volatility_volume_signals,mcginley_dynamic_index,adx_dmi_exit,trend,A,False,-0.0883060825379901,-37.26516683103183,0.7561379381568843,0.2227488151658767,-1.8002072597092869,-22.62649655609483,47.80554185893795,29.69912313687594,-0.7795156247991477,422,114,308,42,1.0,0.18,2.85,1.95,1.95,"{""base"": {""mci_length"": 7}, ""c1"": {""fast_factor"": 1.61, ""rsi_len"": 50, ""rsi_period"": 11}, ""c2"": {""length"": 43}, ""exit_ind"": {""adx_smoothing"": 14, ""adx_threshold"": 25, ""di_length"": 14}, ""vol"": {""cvi_len"": 43, ""roc_len"": 2}}","{""base"": {""mci_length"": 61}, ""c1"": {""fast_factor"": 16.1, ""rsi_len"": 6, ""rsi_period"": 5}, ""c2"": {""length"": 12}, ""exit_ind"": {""adx_smoothing"": 14, ""adx_threshold"": 25, ""di_length"": 14}, ""vol"": {""cvi_len"": 66, ""roc_len"": 10}}","{""atr_len"": 31, ""atr_mult"": 1.0, ""be_pct"": 0.13, ""tp_mult"": 2.5, ""trail_arm"": 2.0, ""trail_mult"": 1.85}",full,full,,0.058850282592023,0.2646299632171859,,,,,,False,gate2_tuned_modeA_trend.csv,-0.079791769928434,0.3542049786975965,136,2.376339345796374,-0.0825924495262397,114,0.7526277956268767,-0.090420868782599,308,0.757302239576436,True,0.002800679597805708,0.006714889225985357
schaff_trend_cycle_signals,halftrend_signals,efficiency_ratio_volume_signals,mcginley_dynamic_index,adx_dmi_exit,trend,A,False,-0.1383576829052784,-26.84139048362401,0.5891504980524407,0.2371134020618556,-3.469470109359534,-20.737924729395345,29.320277929569315,19.19070341006619,-0.9154548448722116,194,126,68,2,1.0,0.08,1.4,1.4,0.5,"{""base"": {""mci_length"": 11}, ""c1"": {""cycleLen"": 12, ""d1"": 2, ""d2"": 3, ""lowerBand"": 25, ""macdFast"": 28, ""macdSlow"": 500, ""stc_midline"": 62, ""upperBand"": 75}, ""c2"": {""amplitude"": 27}, ""exit_ind"": {""adx_smoothing"": 14, ""adx_threshold"": 25, ""di_length"": 14}, ""vol"": {""er_threshold"": 0.369854, ""length"": 10}}","{""base"": {""mci_length"": 11}, ""c1"": {""cycleLen"": 10, ""d1"": 3, ""d2"": 3, ""lowerBand"": 47, ""macdFast"": 23, ""macdSlow"": 94, ""stc_midline"": 27, ""upperBand"": 75}, ""c2"": {""amplitude"": 18}, ""exit_ind"": {""adx_smoothing"": 14, ""adx_threshold"": 25, ""di_length"": 14}, ""vol"": {""er_threshold"": 0.105336, ""length"": 100}}","{""atr_len"": 48, ""atr_mult"": 1.0, ""be_pct"": 0.01, ""tp_mult"": 2.65, ""trail_arm"": 1.5, ""trail_mult"": 1.1}",full,full,,0.1881753505297163,1.5429641537759202,,,,,,False,gate2_tuned_modeA_trend.csv,-0.079791769928434,0.432467114404034,188,3.1365359124392533,-0.168517894551371,126,0.5385116445698768,-0.0824725848551657,68,0.7097397757834084,True,0.002680814926731709,0.045703469774834374
bears_bulls_impulse_signals,ssl_channel_signals,chaikin_volatility_volume_signals,t3_baseline,adx_dmi_exit,trend,A,False,-0.0868802397170033,-26.93287431227103,0.7703838541527914,0.2064516129032258,-1.748876853907954,-19.938229555281907,37.73312408576998,19.021226966952867,-0.713772712035472,310,150,160,3,1.0,0.07,2.65,1.4,1.8,"{""base"": {""length"": 28, ""volume_factor"": 0.7}, ""c1"": {""length"": 130}, ""c2"": {""len"": 8}, ""exit_ind"": {""adx_smoothing"": 14, ""adx_threshold"": 25, ""di_length"": 14}, ""vol"": {""cvi_len"": 43, ""roc_len"": 12}}","{""base"": {""length"": 100, ""volume_factor"": 0.567792}, ""c1"": {""length"": 56}, ""c2"": {""len"": 4}, ""exit_ind"": {""adx_smoothing"": 14, ""adx_threshold"": 25, ""di_length"": 14}, ""vol"": {""cvi_len"": 28, ""roc_len"": 12}}","{""atr_len"": 41, ""atr_mult"": 1.0, ""be_pct"": 0.05, ""tp_mult"": 3.0, ""trail_arm"": 2.0, ""trail_mult"": 0.5}",full,full,,0.1400803062836643,0.3936608424542419,,,,,,False,gate2_tuned_modeA_trend.csv,-0.079791769928434,0.6000006824664366,112,3.317244015042785,-0.0916195903855895,150,0.7620761355035981,-0.0824370984652036,160,0.7784443817101302,True,0.0026453285367696033,0.007236574496962564
bears_bulls_impulse_signals,dspo_signals,variance_volume_signals,vidya,adx_dmi_exit,trend,A,False,-0.1409874794573344,-36.656744658906945,0.6203921104033981,0.2115384615384615,-3.143025292506597,-25.35530901578695,36.15674465890697,19.50172930215325,-1.0138286785692916,260,184,76,3,1.0,0.05,3.0,2.0,1.75,"{""base"": {""vda_length"": 13}, ""c1"": {""length"": 5}, ""c2"": {""len"": 17}, ""exit_ind"": {""adx_smoothing"": 14, ""adx_threshold"": 25, ""di_length"": 14}, ""vol"": {""ema_len"": 28, ""filter_lookback"": 16, ""hline"": 0, ""lookback"": 132}}","{""base"": {""vda_length"": 13}, ""c1"": {""length"": 11}, ""c2"": {""len"": 40}, ""exit_ind"": {""adx_smoothing"": 14, ""adx_threshold"": 25, ""di_length"": 14}, ""vol"": {""ema_len"": 19, ""filter_lookback"": 20, ""hline"": 0, ""lookback"": 200}}","{""atr_len"": 33, ""atr_mult"": 1.0, ""be_pct"": 0.01, ""tp_mult"": 2.5, ""trail_arm"": 1.25, ""trail_mult"": 0.5}",full,full,,0.0920956702733887,0.8885637037840176,,,,,,False,gate2_tuned_modeA_trend.csv,-0.079791769928434,0.3988184528187332,146,2.773071937087304,-0.0823256531095094,184,0.7710222638882739,-0.2830108485099631,76,0.2927103102201682,True,0.0025338831810754053,0.10287648088130226
linreg_slope_signals,coral_signals,choppiness_index_volume_signals,sma_baseline,adx_dmi_exit,trend,A,False,-0.1078626878280508,-14.453600168958818,0.6959807921068172,0.2313432835820895,-2.450473485943564,-21.148852004931832,15.045075981178272,9.48428442440988,-0.9606864190676468,134,84,50,2,1.0,0.01,2.1,1.85,0.5,"{""base"": {""length"": 16}, ""c1"": {""length"": 14, ""r2_floor"": 0.246569}, ""c2"": {""const_d"": 92, ""smooth_period"": 10}, ""exit_ind"": {""adx_smoothing"": 14, ""adx_threshold"": 25, ""di_length"": 14}, ""vol"": {""ci_threshold"": 50.127885, ""length"": 14}}","{""base"": {""length"": 132}, ""c1"": {""length"": 92, ""r2_floor"": 0.2}, ""c2"": {""const_d"": 61, ""smooth_period"": 4}, ""exit_ind"": {""adx_smoothing"": 14, ""adx_threshold"": 25, ""di_length"": 14}, ""vol"": {""ci_threshold"": 61.8, ""length"": 7}}","{""atr_len"": 10, ""atr_mult"": 1.0, ""be_pct"": 0.05, ""tp_mult"": 2.95, ""trail_arm"": 1.0, ""trail_mult"": 2.0}",full,full,,0.0821518280678725,1.2090108399514323,,,,,,False,gate2_tuned_modeA_trend.csv,-0.079791769928434,0.5503486297867095,104,3.0441520534934945,-0.0822560937294087,84,0.7771125202170857,-0.1508817659137696,50,0.543936052224668,True,0.0024643238009747076,0.03677715989315515
qqe_mod_signals,halftrend_signals,volatility_ratio_volume_signals,rma_baseline,adx_dmi_exit,trend,A,False,-0.115807573843966,-30.341584347119092,0.6640755007194435,0.2404580152671755,-2.589766888831577,-15.107523881846918,32.408980984475434,19.40065890326251,-0.9362091440534132,262,106,156,22,1.0,0.17,2.9,1.45,1.95,"{""base"": {""ma_length"": 20}, ""c1"": {""fast_factor"": 0.565302, ""rsi_len"": 9, ""rsi_period"": 7}, ""c2"": {""amplitude"": 41}, ""exit_ind"": {""adx_smoothing"": 14, ""adx_threshold"": 25, ""di_length"": 14}, ""vol"": {""length"": 140}}","{""base"": {""ma_length"": 25}, ""c1"": {""fast_factor"": 1.305921, ""rsi_len"": 5, ""rsi_period"": 6}, ""c2"": {""amplitude"": 18}, ""exit_ind"": {""adx_smoothing"": 14, ""adx_threshold"": 25, ""di_length"": 14}, ""vol"": {""length"": 140}}","{""atr_len"": 47, ""atr_mult"": 1.0, ""be_pct"": 0.05, ""tp_mult"": 3.0, ""trail_arm"": 1.0, ""trail_mult"": 1.7}",full,full,,0.1929669154495976,0.4275295029455415,,,,,,False,gate2_tuned_modeA_trend.csv,-0.079791769928434,0.4712295577263122,120,3.101198203469919,-0.1653161716833071,106,0.5245939881533215,-0.082167116337747,156,0.7602419747223857,True,0.0023753464093130006,0.04394987408209304
didi_index_signals,didi_index_signals,variance_volume_signals,wma_baseline,adx_dmi_exit,trend,A,False,-0.1436120608407271,-36.76468757522615,0.5986666067605809,0.2265625,-3.46390596147472,-21.678459010719106,38.85909032601995,24.655288951416154,-0.9461026304727624,256,128,128,2,1.0,0.05,2.2,1.0,1.3,"{""base"": {""ma_length"": 37}, ""c1"": {""long_p"": 16, ""medium"": 8}, ""c2"": {""long_p"": 200, ""medium"": 80}, ""exit_ind"": {""adx_smoothing"": 14, ""adx_threshold"": 25, ""di_length"": 14}, ""vol"": {""ema_len"": 10, ""filter_lookback"": 200, ""hline"": 0, ""lookback"": 25}}","{""base"": {""ma_length"": 200}, ""c1"": {""long_p"": 87, ""medium"": 10}, ""c2"": {""long_p"": 11, ""medium"": 10}, ""exit_ind"": {""adx_smoothing"": 14, ""adx_threshold"": 25, ""di_length"": 14}, ""vol"": {""ema_len"": 19, ""filter_lookback"": 200, ""hline"": 0, ""lookback"": 3}}","{""atr_len"": 2, ""atr_mult"": 1.0, ""be_pct"": 0.01, ""tp_mult"": 3.0, ""trail_arm"": 1.5, ""trail_mult"": 1.3}",full,full,,0.094933370502708,0.6799100574175174,,,,,,False,gate2_tuned_modeA_trend.csv,-0.079791769928434,0.5340753206845762,126,3.0391966789774716,-0.2051039336792304,128,0.5046546507369529,-0.0821201880022238,128,0.7277291463897717,True,0.0023284180737898064,0.06382029091229312
linreg_slope_signals,supertrend_signals,choppiness_index_volume_signals,wma_baseline,adx_dmi_exit,trend,A,False,-0.0848278233978796,-15.09935256482257,0.752141070920361,0.2415730337078651,-1.8928629159389745,-14.156311116502849,19.255378648531156,10.11162577542725,-0.7841628482322461,178,120,58,3,1.0,0.05,2.2,1.0,0.5,"{""base"": {""ma_length"": 37}, ""c1"": {""length"": 17, ""r2_floor"": 0.106734}, ""c2"": {""atr_period"": 8, ""factor"": 4}, ""exit_ind"": {""adx_smoothing"": 14, ""adx_threshold"": 25, ""di_length"": 14}, ""vol"": {""ci_threshold"": 50.127885, ""length"": 26}}","{""base"": {""ma_length"": 200}, ""c1"": {""length"": 14, ""r2_floor"": 0.2}, ""c2"": {""atr_period"": 10, ""factor"": 6}, ""exit_ind"": {""adx_smoothing"": 14, ""adx_threshold"": 25, ""di_length"": 14}, ""vol"": {""ci_threshold"": 61.8, ""length"": 14}}","{""atr_len"": 35, ""atr_mult"": 1.0, ""be_pct"": 0.09, ""tp_mult"": 2.9, ""trail_arm"": 2.0, ""trail_mult"": 0.5}",full,full,,0.0744904687508151,1.0779084549153166,,,,,,False,gate2_tuned_modeA_trend.csv,-0.079791769928434,0.2984937885352953,130,1.946443719746059,-0.0820462906486326,120,0.7652036994723926,-0.0905827187411491,58,0.7232922918974534,True,0.002254520720198605,0.006522734766456859
polychromatic_momentum_signals,parabolic_sar_signals,variance_volume_signals,kama_baseline,adx_dmi_exit,chop,B,False,-0.0606722713703187,-11.649076103101203,0.880984829111388,0.3177083333333333,-0.8937380942434673,-3.395522830012403,28.21400644328437,13.768346056580686,-0.4128827334933133,192,97,95,4,1.0,0.05,2.1,2.0,1.5,"{""base"": {""fast_length"": 2, ""length"": 43, ""slow_length"": 30}, ""c1"": {""len"": 26}, ""c2"": {""sar_increment"": 0.02, ""sar_maximum"": 0.162226, ""sar_start"": 0.016223}, ""exit_ind"": {""adx_smoothing"": 14, ""adx_threshold"": 25, ""di_length"": 14}, ""vol"": {""ema_len"": 8, ""filter_lookback"": 57, ""hline"": 0, ""lookback"": 57}}","{""base"": {""fast_length"": 4, ""length"": 43, ""slow_length"": 30}, ""c1"": {""len"": 14}, ""c2"": {""sar_increment"": 0.016223, ""sar_maximum"": 0.2, ""sar_start"": 0.02}, ""exit_ind"": {""adx_smoothing"": 14, ""adx_threshold"": 25, ""di_length"": 14}, ""vol"": {""ema_len"": 10, ""filter_lookback"": 57, ""hline"": 0, ""lookback"": 87}}","{""atr_len"": 36, ""atr_mult"": 1.0, ""be_pct"": 0.05, ""tp_mult"": 1.05, ""trail_arm"": 2.0, ""trail_mult"": 1.5}",full,full,,0.033911680385984,0.4593548210942201,,,,,,False,gate2_tuned_modeB.csv,-0.0550301260173602,0.2651840195397333,114,1.8939045733173303,-0.0570563908140775,97,0.8781878622100218,-0.064364275727744,95,0.883407939929425,True,0.002026264796717296,0.005680207253550548
price_momentum_oscillator_signals,fx_sniper_ergodic_cci_signals,chaikin_volatility_volume_signals,wma_baseline,adx_dmi_exit,trend,A,False,-0.1157254101263574,-25.69104104805136,0.6777927687747535,0.2297297297297297,-2.4845082404057495,-124.18038180665424,29.515368198677585,18.651766848690997,-0.8704292921272935,222,132,90,4,1.0,0.01,1.65,1.0,1.9,"{""base"": {""ma_length"": 37}, ""c1"": {""s1"": 100, ""s2"": 16, ""sig"": 10}, ""c2"": {""cci_length"": 61, ""ema1_length"": 5, ""ema2_length"": 3, ""trigger_length"": 5}, ""exit_ind"": {""adx_smoothing"": 14, ""adx_threshold"": 25, ""di_length"": 14}, ""vol"": {""cvi_len"": 43, ""roc_len"": 10}}","{""base"": {""ma_length"": 37}, ""c1"": {""s1"": 100, ""s2"": 16, ""sig"": 10}, ""c2"": {""cci_length"": 26, ""ema1_length"": 9, ""ema2_length"": 3, ""trigger_length"": 6}, ""exit_ind"": {""adx_smoothing"": 14, ""adx_threshold"": 25, ""di_length"": 14}, ""vol"": {""cvi_len"": 5, ""roc_len"": 22}}","{""atr_len"": 2, ""atr_mult"": 1.0, ""be_pct"": 0.02, ""tp_mult"": 2.05, ""trail_arm"": 1.05, ""trail_mult"": 1.95}",full,full,,0.2318162733151043,0.5423254433575411,,,,,,False,gate2_tuned_modeA_trend.csv,-0.079791769928434,0.4444766486362252,168,3.1962375579672297,-0.1388600296530678,132,0.6314527317706684,-0.0817946348205156,90,0.7546160955384531,True,0.00200286489208161,0.030535562308357703
volatility_quality_signals,lemantrend_signals,efficiency_ratio_volume_signals,frama_baseline,adx_dmi_exit,chop,B,False,-0.0647529078559796,-30.30436087659849,0.8732480181372934,0.2863247863247863,-0.9005831987768698,-3.2218185386448086,32.30738579500334,16.147620785257843,-0.9380010214656662,468,226,242,18,1.0,0.05,2.5,2.0,1.5,"{""base"": {""length"": 12}, ""c1"": {""atr_pct"": 0.075, ""smooth"": 12}, ""c2"": {""fast_period"": 28, ""medium_period"": 210, ""slow_period"": 24, ""smooth"": 4}, ""exit_ind"": {""adx_smoothing"": 14, ""adx_threshold"": 25, ""di_length"": 14}, ""vol"": {""er_threshold"": 0.369854, ""length"": 5}}","{""base"": {""length"": 66}, ""c1"": {""atr_pct"": 0.324657, ""smooth"": 12}, ""c2"": {""fast_period"": 3, ""medium_period"": 21, ""slow_period"": 11, ""smooth"": 3}, ""exit_ind"": {""adx_smoothing"": 14, ""adx_threshold"": 25, ""di_length"": 14}, ""vol"": {""er_threshold"": 0.105336, ""length"": 12}}","{""atr_len"": 43, ""atr_mult"": 1.0, ""be_pct"": 0.05, ""tp_mult"": 1.5, ""trail_arm"": 2.0, ""trail_mult"": 1.5}",full,full,,-0.0071662331772232,0.2506978474692936,,,,,,False,gate2_tuned_modeB.csv,-0.0550301260173602,0.251492683146428,256,1.7128136151949684,-0.0568452751018402,226,0.8769290262633405,-0.0721377219156306,242,0.8703953130993786,True,0.0018151490844799945,0.009461372491375193
bears_bulls_impulse_signals,price_momentum_oscillator_signals,efficiency_ratio_volume_signals,t3_baseline,adx_dmi_exit,trend,A,False,-0.1060909647645717,-19.945101375739497,0.7083952258424411,0.2446808510638297,-2.1509932194190298,-23.570718996296485,26.167501435604827,14.631238791152812,-0.7622088576099659,188,132,56,5,1.0,0.07,1.55,1.0,1.8,"{""base"": {""length"": 28, ""volume_factor"": 0.567792}, ""c1"": {""length"": 16}, ""c2"": {""s1"": 35, ""s2"": 20, ""sig"": 10}, ""exit_ind"": {""adx_smoothing"": 14, ""adx_threshold"": 25, ""di_length"": 14}, ""vol"": {""er_threshold"": 0.369854, ""length"": 10}}","{""base"": {""length"": 10, ""volume_factor"": 0.567792}, ""c1"": {""length"": 13}, ""c2"": {""s1"": 350, ""s2"": 37, ""sig"": 10}, ""exit_ind"": {""adx_smoothing"": 14, ""adx_threshold"": 25, ""di_length"": 14}, ""vol"": {""er_threshold"": 0.3, ""length"": 43}}","{""atr_len"": 33, ""atr_mult"": 1.1, ""be_pct"": 0.05, ""tp_mult"": 2.9, ""trail_arm"": 1.15, ""trail_mult"": 1.1}",full,full,,0.1205641030121829,0.6138055426346315,,,,,,False,gate2_tuned_modeA_trend.csv,-0.079791769928434,0.5362675660835712,102,3.791496960213102,-0.0815098676647848,132,0.7843728577836091,-0.1640321222140695,56,0.5034703327574116,True,0.0017180977363508015,0.04297922501099315
price_momentum_oscillator_signals,fx_sniper_ergodic_cci_signals,chaikin_volatility_volume_signals,tma_baseline,adx_dmi_exit,trend,A,False,-0.0865770718696703,-13.506023211668577,0.770046997149732,0.2115384615384615,-1.6985341700165817,-79.66777514886945,28.87330200794942,17.407765089133388,-0.4677685707007147,156,78,78,4,1.0,0.01,1.85,2.0,1.75,"{""base"": {""length"": 37}, ""c1"": {""s1"": 100, ""s2"": 16, ""sig"": 10}, ""c2"": {""cci_length"": 61, ""ema1_length"": 5, ""ema2_length"": 3, ""trigger_length"": 5}, ""exit_ind"": {""adx_smoothing"": 14, ""adx_threshold"": 25, ""di_length"": 14}, ""vol"": {""cvi_len"": 28, ""roc_len"": 12}}","{""base"": {""length"": 37}, ""c1"": {""s1"": 100, ""s2"": 7, ""sig"": 10}, ""c2"": {""cci_length"": 140, ""ema1_length"": 4, ""ema2_length"": 3, ""trigger_length"": 9}, ""exit_ind"": {""adx_smoothing"": 14, ""adx_threshold"": 25, ""di_length"": 14}, ""vol"": {""cvi_len"": 28, ""roc_len"": 6}}","{""atr_len"": 45, ""atr_mult"": 1.0, ""be_pct"": 0.05, ""tp_mult"": 2.5, ""trail_arm"": 1.95, ""trail_mult"": 0.5}",full,full,,0.2427799774692437,0.6347297975211824,,,,,,False,gate2_tuned_modeA_trend.csv,-0.079791769928434,0.6213648739412647,110,4.283328474470561,-0.0814104539562756,78,0.7933868625650481,-0.091743689783065,78,0.7444282927471759,True,0.0016186840278415993,0.006785301941236305
j_tpo_signals,ehlers_reverse_ema_signals,variance_volume_signals,vidya,adx_dmi_exit,trend,A,False,-0.087161779311395,-30.680946317611053,0.7713530961063875,0.2017045454545454,-1.6816974944687646,-27.120370692522343,33.17796415273706,18.93698925699379,-0.9247386661932958,352,254,98,5,1.0,0.01,2.5,1.1,1.7,"{""base"": {""vda_length"": 13}, ""c1"": {""ema_len"": 200, ""len"": 40}, ""c2"": {""alpha"": 0.657933}, ""exit_ind"": {""adx_smoothing"": 14, ""adx_threshold"": 25, ""di_length"": 14}, ""vol"": {""ema_len"": 12, ""filter_lookback"": 16, ""hline"": 0, ""lookback"": 132}}","{""base"": {""vda_length"": 9}, ""c1"": {""ema_len"": 200, ""len"": 173}, ""c2"": {""alpha"": 0.01}, ""exit_ind"": {""adx_smoothing"": 14, ""adx_threshold"": 25, ""di_length"": 14}, ""vol"": {""ema_len"": 4, ""filter_lookback"": 11, ""hline"": 0, ""lookback"": 37}}","{""atr_len"": 44, ""atr_mult"": 1.0, ""be_pct"": 0.06, ""tp_mult"": 2.55, ""trail_arm"": 1.75, ""trail_mult"": 0.5}",full,full,,0.0948219811592806,0.6385145629141845,,,,,,False,gate2_tuned_modeA_trend.csv,-0.079791769928434,0.313397668075019,234,2.1196191500695334,-0.0814090771367711,254,0.7871794448257703,-0.1020718441313385,98,0.7298199366524005,True,0.0016173072083371098,0.01194869070562081
dspo_signals,coral_signals,chaikin_volatility_volume_signals,kama_baseline,adx_dmi_exit,trend,A,False,-0.0867656297585159,-19.435501065907573,0.7703836749167271,0.2053571428571428,-1.724679572434675,-71.42763419968529,23.902454170915817,12.31169070720322,-0.813117386479771,224,106,118,4,1.0,0.01,2.95,1.7,1.75,"{""base"": {""fast_length"": 2, ""length"": 10, ""slow_length"": 85}, ""c1"": {""len"": 26}, ""c2"": {""const_d"": 2, ""smooth_period"": 19}, ""exit_ind"": {""adx_smoothing"": 14, ""adx_threshold"": 25, ""di_length"": 14}, ""vol"": {""cvi_len"": 43, ""roc_len"": 10}}","{""base"": {""fast_length"": 9, ""length"": 28, ""slow_length"": 30}, ""c1"": {""len"": 11}, ""c2"": {""const_d"": 11, ""smooth_period"": 10}, ""exit_ind"": {""adx_smoothing"": 14, ""adx_threshold"": 25, ""di_length"": 14}, ""vol"": {""cvi_len"": 43, ""roc_len"": 10}}","{""atr_len"": 42, ""atr_mult"": 1.0, ""be_pct"": 0.01, ""tp_mult"": 2.45, ""trail_arm"": 1.65, ""trail_mult"": 0.5}",full,full,,0.1405709929713457,0.4339601102397636,,,,,,False,gate2_tuned_modeA_trend.csv,-0.079791769928434,0.4758581558038805,118,3.0796763846243684,-0.0813743947261481,106,0.7730082673428497,-0.0916086036011514,118,0.7682454396608147,True,0.0015826247977141078,0.006699729235215765
dspo_signals,parabolic_sar_signals,waddah_attar_explosion_volume_signals,sma_baseline,adx_dmi_exit,chop,B,False,-0.1104850284760394,-16.79372432835799,0.7981244386801688,0.2302631578947368,-1.377537918289649,-5.456651540068242,21.408878406017138,7.813577870076699,-0.7844280307387788,152,71,81,3,1.0,0.05,3.0,2.0,1.5,"{""base"": {""length"": 57}, ""c1"": {""len"": 17}, ""c2"": {""sar_increment"": 0.007022, ""sar_maximum"": 0.030398, ""sar_start"": 0.02}, ""exit_ind"": {""adx_smoothing"": 14, ""adx_threshold"": 25, ""di_length"": 14}, ""vol"": {""bbLen"": 87, ""bbStd"": 9, ""fastEma"": 87, ""sensitivity"": 281, ""slowEma"": 75}}","{""base"": {""length"": 7}, ""c1"": {""len"": 14}, ""c2"": {""sar_increment"": 0.02, ""sar_maximum"": 0.162226, ""sar_start"": 0.024657}, ""exit_ind"": {""adx_smoothing"": 14, ""adx_threshold"": 25, ""di_length"": 14}, ""vol"": {""bbLen"": 5, ""bbStd"": 2, ""fastEma"": 5, ""sensitivity"": 122, ""slowEma"": 6}}","{""atr_len"": 34, ""atr_mult"": 1.05, ""be_pct"": 0.05, ""tp_mult"": 2.5, ""trail_arm"": 2.0, ""trail_mult"": 1.5}",full,full,,0.0928587316455909,0.4682339771156433,,,,,,False,gate2_tuned_modeB.csv,-0.0550301260173602,0.3708855436612145,103,2.1502484667827653,-0.0565502868983947,71,0.872038185018238,-0.15776115998237,81,0.7533621100238941,True,0.001520160881034495,0.05212559742302215
bears_bulls_impulse_signals,volatility_quality_signals,chaikin_volatility_volume_signals,sma_baseline,adx_dmi_exit,trend,A,False,-0.1390747402904984,-36.15943247552959,0.6482217090825527,0.1538461538461538,-2.728458677868237,-28.60654571885072,43.144547710535505,25.21475041893141,-0.8380996995988855,260,94,166,35,1.0,0.11,3.0,1.5,1.45,"{""base"": {""length"": 25}, ""c1"": {""length"": 37}, ""c2"": {""atr_pct"": 0.140536, ""smooth"": 43}, ""exit_ind"": {""adx_smoothing"": 14, ""adx_threshold"": 25, ""di_length"": 14}, ""vol"": {""cvi_len"": 12, ""roc_len"": 12}}","{""base"": {""length"": 200}, ""c1"": {""length"": 37}, ""c2"": {""atr_pct"": 0.075, ""smooth"": 19}, ""exit_ind"": {""adx_smoothing"": 14, ""adx_threshold"": 25, ""di_length"": 14}, ""vol"": {""cvi_len"": 19, ""roc_len"": 10}}","{""atr_len"": 50, ""atr_mult"": 1.0, ""be_pct"": 0.05, ""tp_mult"": 3.0, ""trail_arm"": 2.0, ""trail_mult"": 0.5}",full,full,,0.1627196231414577,0.4293376654809156,,,,,,False,gate2_tuned_modeA_trend.csv,-0.079791769928434,0.4395336101833069,102,2.545945801334392,-0.2413269421510079,94,0.4211568069755808,-0.0811728910441857,166,0.7881357540332562,True,0.001381121115751699,0.0814581466691628
dspo_signals,center_of_gravity_signals,chaikin_volatility_volume_signals,kama_baseline,adx_dmi_exit,trend,A,False,-0.1502467014306722,-23.73897882604622,0.6171132447411897,0.1835443037974683,-3.2422887379092873,,26.85573627727628,17.21774478529827,-0.8839444422952845,158,98,60,3,1.0,0.02,1.85,1.85,2.0,"{""base"": {""fast_length"": 2, ""length"": 28, ""slow_length"": 130}, ""c1"": {""len"": 40}, ""c2"": {""length"": 28, ""signal_length"": 9}, ""exit_ind"": {""adx_smoothing"": 14, ""adx_threshold"": 25, ""di_length"": 14}, ""vol"": {""cvi_len"": 43, ""roc_len"": 22}}","{""base"": {""fast_length"": 13, ""length"": 28, ""slow_length"": 30}, ""c1"": {""len"": 26}, ""c2"": {""length"": 100, ""signal_length"": 9}, ""exit_ind"": {""adx_smoothing"": 14, ""adx_threshold"": 25, ""di_length"": 14}, ""vol"": {""cvi_len"": 8, ""roc_len"": 15}}","{""atr_len"": 50, ""atr_mult"": 1.0, ""be_pct"": 0.01, ""tp_mult"": 2.95, ""trail_arm"": 1.6, ""trail_mult"": 1.3}",full,full,,0.1375628774095705,0.7619053955282381,,,,,,False,gate2_tuned_modeA_trend.csv,-0.079791769928434,0.4274679367783867,108,2.4892431345827637,-0.1926182334046565,98,0.5395954421059426,-0.0810398658731646,60,0.7684575260766721,True,0.001248095944730604,0.05703727971047655
hieken_ashi_smoothed_signals,donchian_breakout_signals,variance_volume_signals,kama_baseline,adx_dmi_exit,trend,A,False,-0.0945703089423761,-27.992811446943332,0.7079137287626996,0.3074324324324324,-2.39699876518819,-20.15765493473359,32.21437205497299,14.748649606522005,-0.8689541239287336,296,106,190,4,1.0,0.01,2.15,1.0,1.45,"{""base"": {""fast_length"": 2, ""length"": 12, ""slow_length"": 37}, ""c1"": {""alma_offset1"": 0.85, ""alma_offset2"": 0.85, ""alma_sigma1"": 6, ""alma_sigma2"": 6, ""ama_smooth1"": 0.181, ""ama_smooth2"": 0.181, ""frama_t1_a"": 1, ""frama_t1_b"": 168, ""frama_t2_a"": 1, ""frama_t2_b"": 168, ""lsma_offset1"": 0, ""lsma_offset2"": 0, ""ma_len1"": 8, ""ma_len2"": 4, ""vol_factor1"": 0.665127, ""vol_factor2"": 0.189431}, ""c2"": {""length"": 37}, ""exit_ind"": {""adx_smoothing"": 14, ""adx_threshold"": 25, ""di_length"": 14}, ""vol"": {""ema_len"": 10, ""filter_lookback"": 20, ""hline"": 0, ""lookback"": 20}}","{""base"": {""fast_length"": 20, ""length"": 43, ""slow_length"": 24}, ""c1"": {""alma_offset1"": 0.85, ""alma_offset2"": 0.85, ""alma_sigma1"": 6, ""alma_sigma2"": 6, ""ama_smooth1"": 0.181, ""ama_smooth2"": 0.181, ""frama_t1_a"": 1, ""frama_t1_b"": 168, ""frama_t2_a"": 1, ""frama_t2_b"": 168, ""lsma_offset1"": 0, ""lsma_offset2"": 0, ""ma_len1"": 8, ""ma_len2"": 8, ""vol_factor1"": 0.82, ""vol_factor2"": 0.82}, ""c2"": {""length"": 25}, ""exit_ind"": {""adx_smoothing"": 14, ""adx_threshold"": 25, ""di_length"": 14}, ""vol"": {""ema_len"": 19, ""filter_lookback"": 20, ""hline"": 0, ""lookback"": 20}}","{""atr_len"": 49, ""atr_mult"": 1.0, ""be_pct"": 0.01, ""tp_mult"": 2.05, ""trail_arm"": 1.5, ""trail_mult"": 1.25}",full,full,,0.1296235389336455,0.4608343616013544,,,,,,False,gate2_tuned_modeA_trend.csv,-0.079791769928434,0.4786567298929149,102,3.5058564312085903,-0.0809540464103938,106,0.7680775967702228,-0.1021667501444293,190,0.6700796269118071,True,0.0011622764819598091,0.011768628348977558
bears_bulls_impulse_signals,laguerre_filter_signals,efficiency_ratio_volume_signals,wma_baseline,adx_dmi_exit,trend,A,False,-0.1019181179591438,-17.122243817136162,0.7037397370464664,0.2678571428571428,-2.4362481936232374,-120.50213408643596,19.584574838968088,11.552501123006309,-0.8742719184828796,168,116,52,5,1.0,0.01,2.45,1.2,1.9,"{""base"": {""ma_length"": 25}, ""c1"": {""length"": 16}, ""c2"": {""alpha"": 0.2}, ""exit_ind"": {""adx_smoothing"": 14, ""adx_threshold"": 25, ""di_length"": 14}, ""vol"": {""er_threshold"": 0.369854, ""length"": 10}}","{""base"": {""ma_length"": 20}, ""c1"": {""length"": 13}, ""c2"": {""alpha"": 0.2}, ""exit_ind"": {""adx_smoothing"": 14, ""adx_threshold"": 25, ""di_length"": 14}, ""vol"": {""er_threshold"": 0.3, ""length"": 43}}","{""atr_len"": 28, ""atr_mult"": 1.0, ""be_pct"": 0.05, ""tp_mult"": 1.6, ""trail_arm"": 1.95, ""trail_mult"": 1.0}",full,full,,0.2366125585702072,0.8106135046527649,,,,,,False,gate2_tuned_modeA_trend.csv,-0.079791769928434,0.3431923823674907,104,2.5518264246182207,-0.0808223465779566,116,0.7596053281271039,-0.1489779156556383,52,0.5878150626028301,True,0.0010305766495226076,0.035108361188363454
bears_bulls_impulse_signals,donchian_breakout_signals,efficiency_ratio_volume_signals,wma_baseline,adx_dmi_exit,trend,A,False,-0.1417550975829671,-24.66538697943628,0.6006181671079694,0.2413793103448276,-3.575348146065978,-147.59091347613062,27.851032142510817,13.419983816319588,-0.8856184163382557,174,116,58,5,1.0,0.05,2.35,1.2,1.85,"{""base"": {""ma_length"": 37}, ""c1"": {""length"": 16}, ""c2"": {""length"": 25}, ""exit_ind"": {""adx_smoothing"": 14, ""adx_threshold"": 25, ""di_length"": 14}, ""vol"": {""er_threshold"": 0.369854, ""length"": 10}}","{""base"": {""ma_length"": 20}, ""c1"": {""length"": 13}, ""c2"": {""length"": 37}, ""exit_ind"": {""adx_smoothing"": 14, ""adx_threshold"": 25, ""di_length"": 14}, ""vol"": {""er_threshold"": 0.3, ""length"": 43}}","{""atr_len"": 28, ""atr_mult"": 1.0, ""be_pct"": 0.05, ""tp_mult"": 1.6, ""trail_arm"": 1.95, ""trail_mult"": 1.0}",full,full,,0.191137254062592,0.6933296099149615,,,,,,False,gate2_tuned_modeA_trend.csv,-0.079791769928434,0.3431923823674907,104,2.5518264246182207,-0.0808223465779566,116,0.7596053281271039,-0.2636205995929883,58,0.3281754591376256,True,0.0010305766495226076,0.09242970315703845
bears_bulls_impulse_signals,dspo_signals,variance_volume_signals,kama_baseline,adx_dmi_exit,chop,B,False,-0.0905488407989142,-23.27105208532095,0.846813252866985,0.3307392996108949,-1.2049838152206,-6.239734450930088,28.934440623200658,12.832546025362092,-0.8042682555494575,257,194,63,7,1.0,0.05,2.7,2.0,1.5,"{""base"": {""fast_length"": 2, ""length"": 10, ""slow_length"": 130}, ""c1"": {""length"": 3}, ""c2"": {""len"": 26}, ""exit_ind"": {""adx_smoothing"": 14, ""adx_threshold"": 25, ""di_length"": 14}, ""vol"": {""ema_len"": 8, ""filter_lookback"": 57, ""hline"": 0, ""lookback"": 20}}","{""base"": {""fast_length"": 2, ""length"": 19, ""slow_length"": 24}, ""c1"": {""length"": 11}, ""c2"": {""len"": 17}, ""exit_ind"": {""adx_smoothing"": 14, ""adx_threshold"": 25, ""di_length"": 14}, ""vol"": {""ema_len"": 8, ""filter_lookback"": 20, ""hline"": 0, ""lookback"": 132}}","{""atr_len"": 18, ""atr_mult"": 1.0, ""be_pct"": 0.05, ""tp_mult"": 1.6, ""trail_arm"": 2.0, ""trail_mult"": 1.5}",full,full,,0.1344004735192593,0.455317811790084,,,,,,False,gate2_tuned_modeB.csv,-0.0550301260173602,0.3265739501221667,175,1.710388499011707,-0.0560440794660076,194,0.9066695219164232,-0.196801597919293,63,0.6499356239955463,True,0.001013953448647395,0.0713927126752901
waddah_attar_explosion_signals,vortex_signals,chaikin_volatility_volume_signals,vidya,adx_dmi_exit,chop,B,False,-0.0615522286918834,-11.941132366225396,0.8570985420523223,0.2783505154639175,-0.8907946732367579,-3.0125149289146003,25.140353132258973,17.155403391535526,-0.4749787046906302,194,121,73,2,1.0,0.05,2.45,2.0,1.5,"{""base"": {""vda_length"": 4}, ""c1"": {""bbLen"": 57, ""bbStd"": 2, ""fastEma"": 16, ""sensitivity"": 150, ""slowEma"": 21}, ""c2"": {""period"": 17}, ""exit_ind"": {""adx_smoothing"": 14, ""adx_threshold"": 25, ""di_length"": 14}, ""vol"": {""cvi_len"": 43, ""roc_len"": 120}}","{""base"": {""vda_length"": 2}, ""c1"": {""bbLen"": 57, ""bbStd"": 2, ""fastEma"": 25, ""sensitivity"": 53, ""slowEma"": 49}, ""c2"": {""period"": 14}, ""exit_ind"": {""adx_smoothing"": 14, ""adx_threshold"": 25, ""di_length"": 14}, ""vol"": {""cvi_len"": 43, ""roc_len"": 22}}","{""atr_len"": 2, ""atr_mult"": 1.0, ""be_pct"": 0.05, ""tp_mult"": 3.0, ""trail_arm"": 2.0, ""trail_mult"": 1.5}",full,full,,0.032106552705501,0.4532798598581605,,,,,,False,gate2_tuned_modeB.csv,-0.0550301260173602,0.5717090249666985,135,3.2306497023492877,-0.0648870098898877,121,0.8535991535159325,-0.0560247146513558,73,0.8633681604893421,True,0.0009945886339955967,0.005425736253261544
ehlers_reverse_ema_signals,j_tpo_signals,waddah_attar_explosion_volume_signals,mcginley_dynamic_index,adx_dmi_exit,trend,A,False,-0.0821087317869909,-26.43901163541107,0.7432927668512596,0.2826086956521739,-1.9373057451843656,-12.12190669336442,38.1166236887356,23.08492304486819,-0.6936346684668309,322,134,188,2,1.0,0.01,1.65,1.4,1.75,"{""base"": {""mci_length"": 2}, ""c1"": {""alpha"": 0.432876}, ""c2"": {""ema_len"": 200, ""len"": 40}, ""exit_ind"": {""adx_smoothing"": 14, ""adx_threshold"": 25, ""di_length"": 14}, ""vol"": {""bbLen"": 57, ""bbStd"": 2, ""fastEma"": 7, ""sensitivity"": 122, ""slowEma"": 14}}","{""base"": {""mci_length"": 7}, ""c1"": {""alpha"": 0.123285}, ""c2"": {""ema_len"": 200, ""len"": 114}, ""exit_ind"": {""adx_smoothing"": 14, ""adx_threshold"": 25, ""di_length"": 14}, ""vol"": {""bbLen"": 57, ""bbStd"": 2, ""fastEma"": 16, ""sensitivity"": 23, ""slowEma"": 32}}","{""atr_len"": 23, ""atr_mult"": 1.0, ""be_pct"": 0.19, ""tp_mult"": 3.0, ""trail_arm"": 1.0, ""trail_mult"": 0.7}",full,full,,-0.0001815979768227,0.3261316117450196,,,,,,False,gate2_tuned_modeA_trend.csv,-0.079791769928434,0.3029026568540525,102,2.1272250330137252,-0.0807438373973923,134,0.7656496318275274,-0.0830815820434069,188,0.7251281112833348,True,0.0009520674689583036,0.0021209397919656064
bears_bulls_impulse_signals,kase_peak_oscillator_signals,efficiency_ratio_volume_signals,mcginley_dynamic_index,adx_dmi_exit,trend,A,False,-0.1279040463863174,-26.85984974112666,0.6423591133005853,0.2333333333333333,-2.987601846847912,-25.202486226099595,31.0927078485555,18.091445543176473,-0.8638633171467087,210,136,74,4,1.0,0.01,1.75,1.0,1.8,"{""base"": {""mci_length"": 11}, ""c1"": {""length"": 13}, ""c2"": {""long_cycle"": 53, ""sharpness"": 40, ""short_cycle"": 23}, ""exit_ind"": {""adx_smoothing"": 14, ""adx_threshold"": 25, ""di_length"": 14}, ""vol"": {""er_threshold"": 0.369854, ""length"": 10}}","{""base"": {""mci_length"": 11}, ""c1"": {""length"": 13}, ""c2"": {""long_cycle"": 80, ""sharpness"": 40, ""short_cycle"": 3}, ""exit_ind"": {""adx_smoothing"": 14, ""adx_threshold"": 25, ""di_length"": 14}, ""vol"": {""er_threshold"": 0.369854, ""length"": 12}}","{""atr_len"": 12, ""atr_mult"": 1.0, ""be_pct"": 0.05, ""tp_mult"": 2.75, ""trail_arm"": 1.15, ""trail_mult"": 0.5}",full,full,,0.1189437577285621,0.5444817926529723,,,,,,False,gate2_tuned_modeA_trend.csv,-0.079791769928434,0.2766843926159371,162,2.0013475185072704,-0.1535740714202852,136,0.5987112420602361,-0.0807267030806468,74,0.7408942290181567,True,0.0009349331522128107,0.03735861732203201
schaff_trend_cycle_signals,qqe_mod_signals,variance_volume_signals,fantail_vma,adx_dmi_exit,chop,B,False,-0.1278435974598884,-22.116942360560703,0.7634347885856553,0.2485549132947976,-1.6733937056037913,-6.175680308038556,25.37267426247228,10.588615085560804,-0.8716835337011755,173,103,70,22,1.0,0.05,2.4,2.0,1.5,"{""base"": {""fma_adx_length"": 2, ""fma_ma_length"": 26, ""fma_weighting"": 19}, ""c1"": {""cycleLen"": 10, ""d1"": 3, ""d2"": 2, ""lowerBand"": 2, ""macdFast"": 151, ""macdSlow"": 41, ""stc_midline"": 41, ""upperBand"": 26}, ""c2"": {""fast_factor"": 1.61, ""rsi_len"": 5, ""rsi_period"": 5}, ""exit_ind"": {""adx_smoothing"": 14, ""adx_threshold"": 25, ""di_length"": 14}, ""vol"": {""ema_len"": 10, ""filter_lookback"": 16, ""hline"": 0, ""lookback"": 87}}","{""base"": {""fma_adx_length"": 2, ""fma_ma_length"": 7, ""fma_weighting"": 19}, ""c1"": {""cycleLen"": 28, ""d1"": 4, ""d2"": 4, ""lowerBand"": 31, ""macdFast"": 2, ""macdSlow"": 62, ""stc_midline"": 41, ""upperBand"": 61}, ""c2"": {""fast_factor"": 0.859209, ""rsi_len"": 4, ""rsi_period"": 7}, ""exit_ind"": {""adx_smoothing"": 14, ""adx_threshold"": 25, ""di_length"": 14}, ""vol"": {""ema_len"": 12, ""filter_lookback"": 132, ""hline"": 0, ""lookback"": 7}}","{""atr_len"": 32, ""atr_mult"": 1.0, ""be_pct"": 0.05, ""tp_mult"": 2.9, ""trail_arm"": 2.0, ""trail_mult"": 1.5}",full,full,,0.0797826858731211,0.4158198059383889,,,,,,False,gate2_tuned_modeB.csv,-0.0550301260173602,0.5213657117308441,116,2.3975052282417337,-0.0559597430522812,103,0.8846018252429829,-0.2336155546596532,70,0.624450415005521,True,0.0009296170349209973,0.089757522838607
dspo_signals,parabolic_sar_signals,fractal_dimension_volume_signals,wma_baseline,adx_dmi_exit,trend,A,False,-0.090514598522722,-18.646007295680732,0.7109695869047131,0.3106796116504854,-2.46555701254622,-23.637795858304894,21.384710243778205,14.4473484345368,-0.87193172519631,206,138,68,13,1.0,0.11,1.6,1.0,0.55,"{""base"": {""ma_length"": 25}, ""c1"": {""len"": 61}, ""c2"": {""sar_increment"": 0.016223, ""sar_maximum"": 0.162226, ""sar_start"": 0.02}, ""exit_ind"": {""adx_smoothing"": 14, ""adx_threshold"": 25, ""di_length"": 14}, ""vol"": {""fd_threshold"": 1.5, ""length"": 11}}","{""base"": {""ma_length"": 20}, ""c1"": {""len"": 92}, ""c2"": {""sar_increment"": 0.2, ""sar_maximum"": 0.070224, ""sar_start"": 0.002}, ""exit_ind"": {""adx_smoothing"": 14, ""adx_threshold"": 25, ""di_length"": 14}, ""vol"": {""fd_threshold"": 1.216696, ""length"": 56}}","{""atr_len"": 32, ""atr_mult"": 1.0, ""be_pct"": 0.01, ""tp_mult"": 1.3, ""trail_arm"": 1.7, ""trail_mult"": 1.45}",full,full,,0.1119830906885481,1.0559540629576087,,,,,,False,gate2_tuned_modeA_trend.csv,-0.079791769928434,0.3320547050635054,102,2.8235748284375286,-0.0953474841866232,138,0.6940010972615347,-0.0807066834989223,68,0.7448872135856421,True,0.0009149135704882988,0.008235313914338752
fx_sniper_ergodic_cci_signals,coppock_curve_signals,variance_volume_signals,alma_baseline,adx_dmi_exit,trend,A,False,-0.0914521698681614,-77.3685357084646,0.6977150911140969,0.2966903073286052,-2.350295165125663,-10.849440032087514,80.05072052686484,41.564799170251,-0.9664939328372428,846,330,516,2,1.0,0.01,1.85,1.8,0.75,"{""base"": {""length"": 9, ""offset"": 0.85, ""sigma"": 6}, ""c1"": {""cci_length"": 17, ""ema1_length"": 6, ""ema2_length"": 3, ""trigger_length"": 5}, ""c2"": {""long_roc"": 92, ""short_roc"": 72, ""smooth_len"": 12}, ""exit_ind"": {""adx_smoothing"": 14, ""adx_threshold"": 25, ""di_length"": 14}, ""vol"": {""ema_len"": 12, ""filter_lookback"": 20, ""hline"": 0, ""lookback"": 132}}","{""base"": {""length"": 17, ""offset"": 0.196361, ""sigma"": 11}, ""c1"": {""cci_length"": 17, ""ema1_length"": 5, ""ema2_length"": 3, ""trigger_length"": 9}, ""c2"": {""long_roc"": 61, ""short_roc"": 9, ""smooth_len"": 10}, ""exit_ind"": {""adx_smoothing"": 14, ""adx_threshold"": 25, ""di_length"": 14}, ""vol"": {""ema_len"": 10, ""filter_lookback"": 20, ""hline"": 0, ""lookback"": 200}}","{""atr_len"": 3, ""atr_mult"": 1.0, ""be_pct"": 0.09, ""tp_mult"": 3.0, ""trail_arm"": 1.55, ""trail_mult"": 0.5}",full,full,,0.0931728695250851,0.3557425077804368,,,,,,False,gate2_tuned_modeA_trend.csv,-0.079791769928434,0.3274739872516726,332,2.576373443882043,-0.0806380934401557,330,0.757656530518532,-0.0983681489790953,516,0.652677070897896,True,0.0008463235117217027,0.009711351281191508
kuskus_starlight_signals,lemantrend_signals,chaikin_volatility_volume_signals,t3_baseline,adx_dmi_exit,trend,A,False,-0.0871697361185616,-14.818855140155485,0.7534902325447078,0.2294117647058823,-1.8282302815211784,-24.51666616905002,17.003304792950395,8.68894746022877,-0.8715279365161656,170,92,78,44,1.0,0.13,3.0,1.0,1.95,"{""base"": {""length"": 100, ""volume_factor"": 0.7}, ""c1"": {""index_smooth"": 0.7, ""price_smooth"": 0.245783, ""range_periods"": 37}, ""c2"": {""fast_period"": 34, ""medium_period"": 21, ""slow_period"": 13, ""smooth"": 20}, ""exit_ind"": {""adx_smoothing"": 14, ""adx_threshold"": 25, ""di_length"": 14}, ""vol"": {""cvi_len"": 28, ""roc_len"": 15}}","{""base"": {""length"": 28, ""volume_factor"": 0.7}, ""c1"": {""index_smooth"": 0.7, ""price_smooth"": 0.161709, ""range_periods"": 130}, ""c2"": {""fast_period"": 34, ""medium_period"": 210, ""slow_period"": 11, ""smooth"": 2}, ""exit_ind"": {""adx_smoothing"": 14, ""adx_threshold"": 25, ""di_length"": 14}, ""vol"": {""cvi_len"": 4, ""roc_len"": 120}}","{""atr_len"": 16, ""atr_mult"": 1.0, ""be_pct"": 0.01, ""tp_mult"": 1.55, ""trail_arm"": 2.0, ""trail_mult"": 0.9}",full,full,,0.0550136100531018,0.4288772838003895,,,,,,False,gate2_tuned_modeA_trend.csv,-0.079791769928434,0.5592673222844702,108,5.026724720448189,-0.0927264737227576,92,0.7156388139168768,-0.0806156353546381,78,0.7911975121122808,True,0.0008238654262041067,0.006879284610263853
qqe_mod_signals,parabolic_sar_signals,variance_volume_signals,rma_baseline,adx_dmi_exit,trend,A,False,-0.1354653159901237,-20.31979739851856,0.6259094155371067,0.2066666666666666,-3.080281412717764,-20.282550026861077,25.216374800851565,14.914320653413911,-0.8058175514520174,150,78,72,3,1.0,0.01,2.95,1.05,2.0,"{""base"": {""ma_length"": 20}, ""c1"": {""fast_factor"": 1.61, ""rsi_len"": 5, ""rsi_period"": 6}, ""c2"": {""sar_increment"": 0.00462, ""sar_maximum"": 0.02, ""sar_start"": 0.010673}, ""exit_ind"": {""adx_smoothing"": 14, ""adx_threshold"": 25, ""di_length"": 14}, ""vol"": {""ema_len"": 100, ""filter_lookback"": 2, ""hline"": 0, ""lookback"": 132}}","{""base"": {""ma_length"": 200}, ""c1"": {""fast_factor"": 1.305921, ""rsi_len"": 5, ""rsi_period"": 6}, ""c2"": {""sar_increment"": 0.086575, ""sar_maximum"": 0.162226, ""sar_start"": 0.02}, ""exit_ind"": {""adx_smoothing"": 14, ""adx_threshold"": 25, ""di_length"": 14}, ""vol"": {""ema_len"": 8, ""filter_lookback"": 11, ""hline"": 0, ""lookback"": 200}}","{""atr_len"": 46, ""atr_mult"": 1.0, ""be_pct"": 0.04, ""tp_mult"": 1.95, ""trail_arm"": 1.45, ""trail_mult"": 1.1}",full,full,,0.1203327035774063,0.7508243438176233,,,,,,False,gate2_tuned_modeA_trend.csv,-0.079791769928434,0.3713858597720586,100,2.62789452521962,-0.1861075213957888,78,0.5085262995026681,-0.0806029268006532,72,0.7658159265874592,True,0.000811156872219207,0.053563454169786986
vortex_signals,j_tpo_signals,variance_volume_signals,mcginley_dynamic_index,adx_dmi_exit,trend,A,False,-0.1534761198418331,-39.903791158876615,0.5071422859152952,0.2538461538461538,-4.506594144330093,-15.495293586761598,39.53007704640566,26.19044650843562,-1.0094539181401605,260,168,92,5,1.0,0.01,2.35,1.15,1.3,"{""base"": {""mci_length"": 17}, ""c1"": {""period"": 14}, ""c2"": {""ema_len"": 200, ""len"": 173}, ""exit_ind"": {""adx_smoothing"": 14, ""adx_threshold"": 25, ""di_length"": 14}, ""vol"": {""ema_len"": 19, ""filter_lookback"": 200, ""hline"": 0, ""lookback"": 20}}","{""base"": {""mci_length"": 26}, ""c1"": {""period"": 14}, ""c2"": {""ema_len"": 200, ""len"": 75}, ""exit_ind"": {""adx_smoothing"": 14, ""adx_threshold"": 25, ""di_length"": 14}, ""vol"": {""ema_len"": 100, ""filter_lookback"": 3, ""hline"": 0, ""lookback"": 2}}","{""atr_len"": 16, ""atr_mult"": 1.0, ""be_pct"": 0.12, ""tp_mult"": 2.95, ""trail_arm"": 1.25, ""trail_mult"": 1.3}",full,full,,0.2461024172018933,0.7227515715733737,,,,,,False,gate2_tuned_modeA_trend.csv,-0.079791769928434,0.2939673486530527,150,2.3825441883739105,-0.1934524649429394,168,0.3977749390174029,-0.0804758374832911,92,0.7257612663723271,True,0.0006840675548571012,0.05717238128468126
kase_peak_oscillator_signals,bears_bulls_impulse_signals,variance_volume_signals,sma_baseline,adx_dmi_exit,trend,A,False,-0.1454621245320028,-28.80150065733655,0.5951634242137905,0.1717171717171717,-2.9749300216601564,-16.6439921869367,33.967633155893296,16.606273049942278,-0.8479101421389311,198,134,64,3,1.0,0.16,2.85,1.6,0.85,"{""base"": {""length"": 20}, ""c1"": {""long_cycle"": 23, ""sharpness"": 40, ""short_cycle"": 3}, ""c2"": {""length"": 56}, ""exit_ind"": {""adx_smoothing"": 14, ""adx_threshold"": 25, ""di_length"": 14}, ""vol"": {""ema_len"": 19, ""filter_lookback"": 200, ""hline"": 0, ""lookback"": 20}}","{""base"": {""length"": 20}, ""c1"": {""long_cycle"": 80, ""sharpness"": 40, ""short_cycle"": 4}, ""c2"": {""length"": 5}, ""exit_ind"": {""adx_smoothing"": 14, ""adx_threshold"": 25, ""di_length"": 14}, ""vol"": {""ema_len"": 2, ""filter_lookback"": 16, ""hline"": 0, ""lookback"": 200}}","{""atr_len"": 24, ""atr_mult"": 1.0, ""be_pct"": 0.05, ""tp_mult"": 3.0, ""trail_arm"": 2.0, ""trail_mult"": 1.6}",full,full,,0.03619422462841,0.7820482645592789,,,,,,False,gate2_tuned_modeA_trend.csv,-0.079791769928434,0.4879145663941633,152,3.158477137134265,-0.0804554007112798,134,0.7768805777627061,-0.2815699525316414,64,0.2104593901919663,True,0.0006636307828458005,0.1012209066930266
polychromatic_momentum_signals,aroon_signals,efficiency_ratio_volume_signals,rma_baseline,adx_dmi_exit,chop,B,False,-0.1386975330251519,-30.92954986460887,0.7636389706438195,0.2197309417040358,-1.705254343595496,-6.869756544191603,38.4554704249927,19.07394249692345,-0.8042951892874872,223,102,121,8,1.0,0.05,2.5,2.0,1.5,"{""base"": {""ma_length"": 11}, ""c1"": {""len"": 7}, ""c2"": {""length"": 25}, ""exit_ind"": {""adx_smoothing"": 14, ""adx_threshold"": 25, ""di_length"": 14}, ""vol"": {""er_threshold"": 0.243339, ""length"": 10}}","{""base"": {""ma_length"": 11}, ""c1"": {""len"": 140}, ""c2"": {""length"": 20}, ""exit_ind"": {""adx_smoothing"": 14, ""adx_threshold"": 25, ""di_length"": 14}, ""vol"": {""er_threshold"": 0.3, ""length"": 5}}","{""atr_len"": 50, ""atr_mult"": 1.0, ""be_pct"": 0.05, ""tp_mult"": 2.85, ""trail_arm"": 2.0, ""trail_mult"": 1.5}",full,full,,0.048663722131274,0.2705650327454899,,,,,,False,gate2_tuned_modeB.csv,-0.0550301260173602,0.4021400549757858,102,2.0497827600679113,-0.0555642306005767,102,0.8808434778916561,-0.2087768458128102,121,0.6967103530724912,True,0.0005341045832164965,0.07714041218933324
chandelier_exit_signals,laguerre_filter_signals,chaikin_volatility_volume_signals,rma_baseline,adx_dmi_exit,trend,A,False,-0.0866860866266277,-15.603495592793,0.7544895710549548,0.2277777777777777,-1.812282123809026,-15.53218900965894,23.425191696585248,10.23622232080175,-0.6660989500063541,180,106,74,22,1.0,0.05,2.0,2.0,1.5,"{""base"": {""ma_length"": 20}, ""c1"": {""atr_mult"": 9, ""atr_period"": 5}, ""c2"": {""alpha"": 0.374763}, ""exit_ind"": {""adx_smoothing"": 14, ""adx_threshold"": 25, ""di_length"": 14}, ""vol"": {""cvi_len"": 28, ""roc_len"": 22}}","{""base"": {""ma_length"": 57}, ""c1"": {""atr_mult"": 2, ""atr_period"": 8}, ""c2"": {""alpha"": 0.2}, ""exit_ind"": {""adx_smoothing"": 14, ""adx_threshold"": 25, ""di_length"": 14}, ""vol"": {""cvi_len"": 66, ""roc_len"": 22}}","{""atr_len"": 50, ""atr_mult"": 1.0, ""be_pct"": 0.09, ""tp_mult"": 3.0, ""trail_arm"": 2.0, ""trail_mult"": 0.5}",full,full,,0.103843110542556,0.5614479078588819,,,,,,False,gate2_tuned_modeA_trend.csv,-0.079791769928434,0.3578941171539139,122,2.173741542931334,-0.0800694519526163,106,0.7740037809379279,-0.0961639687272387,74,0.7263025505455514,True,0.00027768202418231025,0.008324940411493509
center_of_gravity_signals,ehlers_reverse_ema_signals,variance_volume_signals,rma_baseline,adx_dmi_exit,trend,A,False,-0.086012521339862,-19.43882982280882,0.7301638922464047,0.3185840707964602,-2.16744661772597,-14.638568822026157,21.44517662630393,9.322759827898157,-0.9064429807011154,226,92,134,16,1.0,0.1,1.9,1.6,1.6,"{""base"": {""ma_length"": 16}, ""c1"": {""length"": 19, ""signal_length"": 4}, ""c2"": {""alpha"": 0.053367}, ""exit_ind"": {""adx_smoothing"": 14, ""adx_threshold"": 25, ""di_length"": 14}, ""vol"": {""ema_len"": 66, ""filter_lookback"": 57, ""hline"": 0, ""lookback"": 3}}","{""base"": {""ma_length"": 132}, ""c1"": {""length"": 28, ""signal_length"": 9}, ""c2"": {""alpha"": 0.035112}, ""exit_ind"": {""adx_smoothing"": 14, ""adx_threshold"": 25, ""di_length"": 14}, ""vol"": {""ema_len"": 100, ""filter_lookback"": 200, ""hline"": 0, ""lookback"": 2}}","{""atr_len"": 50, ""atr_mult"": 1.0, ""be_pct"": 0.05, ""tp_mult"": 3.0, ""trail_arm"": 1.0, ""trail_mult"": 1.2}",full,full,,0.0480301733364582,0.4230084845724002,,,,,,False,gate2_tuned_modeA_trend.csv,-0.079791769928434,0.3944777613021373,102,2.6395197868746108,-0.0947559472901812,92,0.7153334102598397,-0.0800095721799413,134,0.7411298919678959,True,0.00021780225150730415,0.007590989806627257
kuskus_starlight_signals,ssl_channel_signals,variance_volume_signals,rma_baseline,adx_dmi_exit,chop,B,False,-0.0571607891237763,-19.94911540419796,0.9023432371422232,0.2865329512893982,-0.7205498012842633,-3.3179625737532925,35.23689065042749,21.491459740158497,-0.5661428984215989,349,179,170,45,1.0,0.05,2.45,2.0,1.5,"{""base"": {""ma_length"": 20}, ""c1"": {""index_smooth"": 0.7, ""price_smooth"": 0.161709, ""range_periods"": 37}, ""c2"": {""len"": 10}, ""exit_ind"": {""adx_smoothing"": 14, ""adx_threshold"": 25, ""di_length"": 14}, ""vol"": {""ema_len"": 12, ""filter_lookback"": 37, ""hline"": 0, ""lookback"": 57}}","{""base"": {""ma_length"": 20}, ""c1"": {""index_smooth"": 0.7, ""price_smooth"": 0.7, ""range_periods"": 56}, ""c2"": {""len"": 19}, ""exit_ind"": {""adx_smoothing"": 14, ""adx_threshold"": 25, ""di_length"": 14}, ""vol"": {""ema_len"": 5, ""filter_lookback"": 37, ""hline"": 0, ""lookback"": 57}}","{""atr_len"": 50, ""atr_mult"": 1.0, ""be_pct"": 0.05, ""tp_mult"": 1.5, ""trail_arm"": 2.0, ""trail_mult"": 1.5}",full,full,,0.1113986332938705,0.4239141558344438,,,,,,False,gate2_tuned_modeB.csv,-0.0550301260173602,0.2803282865984305,230,1.6801395955872287,-0.0590443218889935,179,0.893500880005446,-0.0551775399180477,170,0.9106974547746132,True,0.00014741390068749582,0.0020808048861603937
waddah_attar_explosion_signals,vortex_signals,chaikin_volatility_volume_signals,tma_baseline,adx_dmi_exit,trend,A,False,-0.097214173932121,-32.858390789056905,0.7238790689995218,0.2544378698224852,-2.2143116657824757,,39.31566328123743,20.022180549456767,-0.8357582715573282,338,144,194,29,1.0,0.17,2.25,1.0,1.35,"{""base"": {""length"": 16}, ""c1"": {""bbLen"": 132, ""bbStd"": 2, ""fastEma"": 200, ""sensitivity"": 80, ""slowEma"": 40}, ""c2"": {""period"": 14}, ""exit_ind"": {""adx_smoothing"": 14, ""adx_threshold"": 25, ""di_length"": 14}, ""vol"": {""cvi_len"": 12, ""roc_len"": 3}}","{""base"": {""length"": 11}, ""c1"": {""bbLen"": 20, ""bbStd"": 2, ""fastEma"": 25, ""sensitivity"": 23, ""slowEma"": 40}, ""c2"": {""period"": 17}, ""exit_ind"": {""adx_smoothing"": 14, ""adx_threshold"": 25, ""di_length"": 14}, ""vol"": {""cvi_len"": 100, ""roc_len"": 6}}","{""atr_len"": 31, ""atr_mult"": 1.0, ""be_pct"": 0.02, ""tp_mult"": 1.35, ""trail_arm"": 2.0, ""trail_mult"": 1.35}",full,full,,-0.0803896413715442,0.1871082267267127,,,,,,False,gate2_tuned_modeA_trend.csv,-0.079791769928434,0.2513904350648738,164,2.161352995792655,-0.0798532887021755,144,0.7500244875410157,-0.110100604205895,194,0.7074038737541969,True,6.151877374151182e-05,0.015185176525601266
