member,vote,pair,entry,exit,R,open_at_boundary,R_mtm,exit_day
A-chop|chop|halftrend_signals|schaff_trend_cycle_signals|choppiness_index_volume_signals|mcginley_dynamic_index,1.0,AUDCAD,2019-04-24,2019-05-16,2.7999999999999914,False,2.7999999999999914,2019-05-16
A-chop|chop|halftrend_signals|schaff_trend_cycle_signals|choppiness_index_volume_signals|mcginley_dynamic_index,1.0,AUDCHF,2016-06-23,2016-06-24,-1.0000000000000009,False,-1.0000000000000009,2016-06-24
A-chop|chop|halftrend_signals|schaff_trend_cycle_signals|choppiness_index_volume_signals|mcginley_dynamic_index,1.0,AUDCHF,2017-12-14,2017-12-18,-0.4562965629922935,False,-0.4562965629922935,2017-12-18
A-chop|chop|halftrend_signals|schaff_trend_cycle_signals|choppiness_index_volume_signals|mcginley_dynamic_index,1.0,AUDCHF,2018-01-25,2018-02-02,2.800000000000009,False,2.800000000000009,2018-02-02
A-chop|chop|halftrend_signals|schaff_trend_cycle_signals|choppiness_index_volume_signals|mcginley_dynamic_index,1.0,AUDCHF,2018-05-29,2018-05-30,-0.999999999999992,False,-0.999999999999992,2018-05-30
A-chop|chop|halftrend_signals|schaff_trend_cycle_signals|choppiness_index_volume_signals|mcginley_dynamic_index,1.0,AUDCHF,2019-02-21,2019-02-25,-1.0000000000000038,False,-1.0000000000000038,2019-02-25
A-chop|chop|halftrend_signals|schaff_trend_cycle_signals|choppiness_index_volume_signals|mcginley_dynamic_index,1.0,AUDCHF,2019-03-12,2019-04-15,-1.0000000000000007,False,-1.0000000000000007,2019-04-15
A-chop|chop|halftrend_signals|schaff_trend_cycle_signals|choppiness_index_volume_signals|mcginley_dynamic_index,1.0,AUDJPY,2018-12-06,2018-12-11,-0.2174209456409889,False,-0.2174209456409889,2018-12-11
A-chop|chop|halftrend_signals|schaff_trend_cycle_signals|choppiness_index_volume_signals|mcginley_dynamic_index,1.0,AUDJPY,2019-12-11,2019-12-27,2.7999999999999954,False,2.7999999999999954,2019-12-27
A-chop|chop|halftrend_signals|schaff_trend_cycle_signals|choppiness_index_volume_signals|mcginley_dynamic_index,1.0,CADCHF,2016-10-24,2016-10-26,-0.9999999999999976,False,-0.9999999999999976,2016-10-26
A-chop|chop|halftrend_signals|schaff_trend_cycle_signals|choppiness_index_volume_signals|mcginley_dynamic_index,1.0,CADCHF,2018-08-21,2018-09-03,2.799999999999996,False,2.799999999999996,2018-09-03
A-chop|chop|halftrend_signals|schaff_trend_cycle_signals|choppiness_index_volume_signals|mcginley_dynamic_index,1.0,CADCHF,2019-07-01,2019-07-23,-0.9999999999999984,False,-0.9999999999999984,2019-07-23
A-chop|chop|halftrend_signals|schaff_trend_cycle_signals|choppiness_index_volume_signals|mcginley_dynamic_index,1.0,CADCHF,2019-11-13,2019-11-27,-0.999999999999997,False,-0.999999999999997,2019-11-27
A-chop|chop|halftrend_signals|schaff_trend_cycle_signals|choppiness_index_volume_signals|mcginley_dynamic_index,1.0,CADCHF,2019-12-06,2020-01-27,2.799999999999995,False,2.799999999999995,2020-01-27
A-chop|chop|halftrend_signals|schaff_trend_cycle_signals|choppiness_index_volume_signals|mcginley_dynamic_index,1.0,CADCHF,2020-09-02,2020-09-03,-0.999999999999992,False,-0.999999999999992,2020-09-03
A-chop|chop|halftrend_signals|schaff_trend_cycle_signals|choppiness_index_volume_signals|mcginley_dynamic_index,1.0,CADCHF,2020-12-02,2020-12-04,-0.9999999999999919,False,-0.9999999999999919,2020-12-04
A-chop|chop|halftrend_signals|schaff_trend_cycle_signals|choppiness_index_volume_signals|mcginley_dynamic_index,1.0,CADCHF,2020-12-18,2020-12-24,-1.0000000000000098,False,-1.0000000000000098,2020-12-24
A-chop|chop|halftrend_signals|schaff_trend_cycle_signals|choppiness_index_volume_signals|mcginley_dynamic_index,1.0,CHFJPY,2018-01-10,2018-01-12,-1.000000000000008,False,-1.000000000000008,2018-01-12
A-chop|chop|halftrend_signals|schaff_trend_cycle_signals|choppiness_index_volume_signals|mcginley_dynamic_index,1.0,CHFJPY,2018-12-19,2019-01-02,2.799999999999996,False,2.799999999999996,2019-01-02
A-chop|chop|halftrend_signals|schaff_trend_cycle_signals|choppiness_index_volume_signals|mcginley_dynamic_index,1.0,CHFJPY,2019-11-22,2019-11-27,-0.9999999999999978,False,-0.9999999999999978,2019-11-27
A-chop|chop|halftrend_signals|schaff_trend_cycle_signals|choppiness_index_volume_signals|mcginley_dynamic_index,1.0,EURAUD,2016-09-12,2016-09-13,-1.0000000000000009,False,-1.0000000000000009,2016-09-13
A-chop|chop|halftrend_signals|schaff_trend_cycle_signals|choppiness_index_volume_signals|mcginley_dynamic_index,1.0,EURAUD,2019-04-24,2019-05-14,2.799999999999992,False,2.799999999999992,2019-05-14
A-chop|chop|halftrend_signals|schaff_trend_cycle_signals|choppiness_index_volume_signals|mcginley_dynamic_index,1.0,EURAUD,2020-01-21,2020-01-30,2.8000000000000087,False,2.8000000000000087,2020-01-30
A-chop|chop|halftrend_signals|schaff_trend_cycle_signals|choppiness_index_volume_signals|mcginley_dynamic_index,1.0,EURCHF,2016-09-21,2016-10-04,-1.0000000000000207,False,-1.0000000000000207,2016-10-04
A-chop|chop|halftrend_signals|schaff_trend_cycle_signals|choppiness_index_volume_signals|mcginley_dynamic_index,1.0,EURCHF,2019-03-07,2019-03-11,-0.9999999999999808,False,-0.9999999999999808,2019-03-11
A-chop|chop|halftrend_signals|schaff_trend_cycle_signals|choppiness_index_volume_signals|mcginley_dynamic_index,1.0,EURCHF,2019-05-13,2019-06-03,2.8000000000000096,False,2.8000000000000096,2019-06-03
A-chop|chop|halftrend_signals|schaff_trend_cycle_signals|choppiness_index_volume_signals|mcginley_dynamic_index,1.0,EURGBP,2017-03-31,2017-04-04,-0.9999999999999997,False,-0.9999999999999997,2017-04-04
A-chop|chop|halftrend_signals|schaff_trend_cycle_signals|choppiness_index_volume_signals|mcginley_dynamic_index,1.0,EURGBP,2017-05-15,2017-05-26,2.800000000000001,False,2.800000000000001,2017-05-26
A-chop|chop|halftrend_signals|schaff_trend_cycle_signals|choppiness_index_volume_signals|mcginley_dynamic_index,1.0,EURGBP,2018-01-17,2018-02-05,-1.000000000000008,False,-1.000000000000008,2018-02-05
A-chop|chop|halftrend_signals|schaff_trend_cycle_signals|choppiness_index_volume_signals|mcginley_dynamic_index,1.0,EURNZD,2016-02-22,2016-03-10,-0.9999999999999981,False,-0.9999999999999981,2016-03-10
A-chop|chop|halftrend_signals|schaff_trend_cycle_signals|choppiness_index_volume_signals|mcginley_dynamic_index,1.0,EURNZD,2016-05-31,2016-06-09,2.800000000000001,False,2.800000000000001,2016-06-09
A-chop|chop|halftrend_signals|schaff_trend_cycle_signals|choppiness_index_volume_signals|mcginley_dynamic_index,1.0,EURNZD,2019-07-31,2019-08-06,2.7999999999999994,False,2.7999999999999994,2019-08-06
A-chop|chop|halftrend_signals|schaff_trend_cycle_signals|choppiness_index_volume_signals|mcginley_dynamic_index,1.0,EURUSD,2016-02-26,2016-03-03,-0.2284218773229221,False,-0.2284218773229221,2016-03-03
A-chop|chop|halftrend_signals|schaff_trend_cycle_signals|choppiness_index_volume_signals|mcginley_dynamic_index,1.0,EURUSD,2020-01-17,2020-02-07,2.800000000000014,False,2.800000000000014,2020-02-07
A-chop|chop|halftrend_signals|schaff_trend_cycle_signals|choppiness_index_volume_signals|mcginley_dynamic_index,1.0,EURUSD,2020-03-31,2020-04-24,2.8000000000000096,False,2.8000000000000096,2020-04-24
A-chop|chop|halftrend_signals|schaff_trend_cycle_signals|choppiness_index_volume_signals|mcginley_dynamic_index,1.0,GBPCAD,2017-04-14,2017-04-18,2.800000000000005,False,2.800000000000005,2017-04-18
A-chop|chop|halftrend_signals|schaff_trend_cycle_signals|choppiness_index_volume_signals|mcginley_dynamic_index,1.0,GBPCAD,2019-02-12,2019-02-19,-0.9999999999999946,False,-0.9999999999999946,2019-02-19
A-chop|chop|halftrend_signals|schaff_trend_cycle_signals|choppiness_index_volume_signals|mcginley_dynamic_index,1.0,GBPCAD,2020-10-23,2020-10-28,-0.999999999999994,False,-0.999999999999994,2020-10-28
A-chop|chop|halftrend_signals|schaff_trend_cycle_signals|choppiness_index_volume_signals|mcginley_dynamic_index,1.0,GBPCAD,2020-12-04,2020-12-11,2.7999999999999994,False,2.7999999999999994,2020-12-11
A-chop|chop|halftrend_signals|schaff_trend_cycle_signals|choppiness_index_volume_signals|mcginley_dynamic_index,1.0,GBPCHF,2017-02-21,2017-02-28,-0.999999999999994,False,-0.999999999999994,2017-02-28
A-chop|chop|halftrend_signals|schaff_trend_cycle_signals|choppiness_index_volume_signals|mcginley_dynamic_index,1.0,GBPCHF,2017-03-31,2017-04-04,-1.0000000000000058,False,-1.0000000000000058,2017-04-04
A-chop|chop|halftrend_signals|schaff_trend_cycle_signals|choppiness_index_volume_signals|mcginley_dynamic_index,1.0,GBPCHF,2020-09-08,2020-09-10,2.7999999999999936,False,2.7999999999999936,2020-09-10
A-chop|chop|halftrend_signals|schaff_trend_cycle_signals|choppiness_index_volume_signals|mcginley_dynamic_index,1.0,GBPCHF,2020-12-07,2020-12-09,-0.052257430570731025,False,-0.052257430570731025,2020-12-09
A-chop|chop|halftrend_signals|schaff_trend_cycle_signals|choppiness_index_volume_signals|mcginley_dynamic_index,1.0,GBPUSD,2016-06-09,2016-06-16,2.7999999999999967,False,2.7999999999999967,2016-06-16
A-chop|chop|halftrend_signals|schaff_trend_cycle_signals|choppiness_index_volume_signals|mcginley_dynamic_index,1.0,NZDCAD,2017-01-17,2017-02-07,2.799999999999993,False,2.799999999999993,2017-02-07
A-chop|chop|halftrend_signals|schaff_trend_cycle_signals|choppiness_index_volume_signals|mcginley_dynamic_index,1.0,NZDCAD,2018-06-27,2018-07-02,2.800000000000007,False,2.800000000000007,2018-07-02
A-chop|chop|halftrend_signals|schaff_trend_cycle_signals|choppiness_index_volume_signals|mcginley_dynamic_index,1.0,NZDCHF,2020-08-28,2020-09-03,0.13001507540545595,False,0.13001507540545595,2020-09-03
A-chop|chop|halftrend_signals|schaff_trend_cycle_signals|choppiness_index_volume_signals|mcginley_dynamic_index,1.0,NZDCHF,2020-10-06,2020-10-14,-1.0000000000000027,False,-1.0000000000000027,2020-10-14
A-chop|chop|halftrend_signals|schaff_trend_cycle_signals|choppiness_index_volume_signals|mcginley_dynamic_index,1.0,NZDCHF,2020-10-15,2020-10-27,-0.9999999999999989,False,-0.9999999999999989,2020-10-27
A-chop|chop|halftrend_signals|schaff_trend_cycle_signals|choppiness_index_volume_signals|mcginley_dynamic_index,1.0,NZDJPY,2017-03-22,2017-04-11,2.800000000000001,False,2.800000000000001,2017-04-11
A-chop|chop|halftrend_signals|schaff_trend_cycle_signals|choppiness_index_volume_signals|mcginley_dynamic_index,1.0,NZDJPY,2019-03-27,2019-04-01,-0.9999999999999944,False,-0.9999999999999944,2019-04-01
A-chop|chop|halftrend_signals|schaff_trend_cycle_signals|choppiness_index_volume_signals|mcginley_dynamic_index,1.0,NZDJPY,2019-04-02,2019-04-15,-0.9999999999999966,False,-0.9999999999999966,2019-04-15
A-chop|chop|halftrend_signals|schaff_trend_cycle_signals|choppiness_index_volume_signals|mcginley_dynamic_index,1.0,NZDUSD,2016-02-03,2016-02-09,-1.000000000000005,False,-1.000000000000005,2016-02-09
A-chop|chop|halftrend_signals|schaff_trend_cycle_signals|choppiness_index_volume_signals|mcginley_dynamic_index,1.0,NZDUSD,2017-03-02,2017-04-27,2.7999999999999985,False,2.7999999999999985,2017-04-27
A-chop|chop|halftrend_signals|schaff_trend_cycle_signals|choppiness_index_volume_signals|mcginley_dynamic_index,1.0,NZDUSD,2019-07-25,2019-08-02,2.7999999999999945,False,2.7999999999999945,2019-08-02
A-chop|chop|halftrend_signals|schaff_trend_cycle_signals|choppiness_index_volume_signals|mcginley_dynamic_index,1.0,USDCAD,2019-09-04,2019-09-11,0.44438806166618927,False,0.44438806166618927,2019-09-11
A-chop|chop|halftrend_signals|schaff_trend_cycle_signals|choppiness_index_volume_signals|mcginley_dynamic_index,1.0,USDCAD,2019-11-08,2019-12-05,-0.9999999999999959,False,-0.9999999999999959,2019-12-05
A-chop|chop|halftrend_signals|schaff_trend_cycle_signals|choppiness_index_volume_signals|mcginley_dynamic_index,1.0,USDCHF,2016-06-03,2016-06-23,2.8000000000000034,False,2.8000000000000034,2016-06-23
A-chop|chop|halftrend_signals|schaff_trend_cycle_signals|choppiness_index_volume_signals|mcginley_dynamic_index,1.0,USDCHF,2016-07-29,2016-08-05,-1.0000000000000058,False,-1.0000000000000058,2016-08-05
A-chop|chop|halftrend_signals|schaff_trend_cycle_signals|choppiness_index_volume_signals|mcginley_dynamic_index,1.0,USDCHF,2016-08-10,2016-08-18,2.7999999999999967,False,2.7999999999999967,2016-08-18
A-chop|chop|halftrend_signals|schaff_trend_cycle_signals|choppiness_index_volume_signals|mcginley_dynamic_index,1.0,USDCHF,2016-11-01,2016-11-09,-1.0000000000000036,False,-1.0000000000000036,2016-11-09
A-chop|chop|halftrend_signals|schaff_trend_cycle_signals|choppiness_index_volume_signals|mcginley_dynamic_index,1.0,USDCHF,2018-04-12,2018-04-25,2.7999999999999967,False,2.7999999999999967,2018-04-25
A-chop|chop|halftrend_signals|schaff_trend_cycle_signals|choppiness_index_volume_signals|mcginley_dynamic_index,1.0,USDCHF,2019-01-16,2019-02-11,2.7999999999999914,False,2.7999999999999914,2019-02-11
A-chop|chop|halftrend_signals|schaff_trend_cycle_signals|choppiness_index_volume_signals|mcginley_dynamic_index,1.0,USDCHF,2019-10-17,2019-10-25,-0.9999999999999922,False,-0.9999999999999922,2019-10-25
A-chop|chop|halftrend_signals|schaff_trend_cycle_signals|choppiness_index_volume_signals|mcginley_dynamic_index,1.0,USDCHF,2019-10-30,2019-11-07,-0.9999999999999999,False,-0.9999999999999999,2019-11-07
A-chop|chop|polychromatic_momentum_signals|schaff_trend_cycle_signals|efficiency_ratio_volume_signals|alma_baseline,1.0,AUDCAD,2017-11-14,2017-11-30,-1.0000000000000095,False,-1.0000000000000095,2017-11-30
A-chop|chop|polychromatic_momentum_signals|schaff_trend_cycle_signals|efficiency_ratio_volume_signals|alma_baseline,1.0,AUDCHF,2016-04-06,2016-04-13,-1.0000000000000049,False,-1.0000000000000049,2016-04-13
A-chop|chop|polychromatic_momentum_signals|schaff_trend_cycle_signals|efficiency_ratio_volume_signals|alma_baseline,1.0,AUDCHF,2018-01-31,2018-02-06,2.799999999999992,False,2.799999999999992,2018-02-06
A-chop|chop|polychromatic_momentum_signals|schaff_trend_cycle_signals|efficiency_ratio_volume_signals|alma_baseline,1.0,AUDJPY,2016-04-08,2016-04-12,-0.9999999999999984,False,-0.9999999999999984,2016-04-12
A-chop|chop|polychromatic_momentum_signals|schaff_trend_cycle_signals|efficiency_ratio_volume_signals|alma_baseline,1.0,AUDJPY,2017-05-30,2017-06-14,-1.0000000000000027,False,-1.0000000000000027,2017-06-14
A-chop|chop|polychromatic_momentum_signals|schaff_trend_cycle_signals|efficiency_ratio_volume_signals|alma_baseline,1.0,AUDJPY,2020-01-21,2020-01-27,2.799999999999995,False,2.799999999999995,2020-01-27
A-chop|chop|polychromatic_momentum_signals|schaff_trend_cycle_signals|efficiency_ratio_volume_signals|alma_baseline,1.0,AUDNZD,2016-08-23,2016-09-14,2.8000000000000007,False,2.8000000000000007,2016-09-14
A-chop|chop|polychromatic_momentum_signals|schaff_trend_cycle_signals|efficiency_ratio_volume_signals|alma_baseline,1.0,AUDNZD,2017-04-07,2017-04-28,-1.0000000000000158,False,-1.0000000000000158,2017-04-28
A-chop|chop|polychromatic_momentum_signals|schaff_trend_cycle_signals|efficiency_ratio_volume_signals|alma_baseline,1.0,AUDNZD,2018-10-16,2018-11-13,2.799999999999983,False,2.799999999999983,2018-11-13
A-chop|chop|polychromatic_momentum_signals|schaff_trend_cycle_signals|efficiency_ratio_volume_signals|alma_baseline,1.0,AUDNZD,2019-11-19,2019-12-02,2.7999999999999927,False,2.7999999999999927,2019-12-02
A-chop|chop|polychromatic_momentum_signals|schaff_trend_cycle_signals|efficiency_ratio_volume_signals|alma_baseline,1.0,AUDNZD,2020-03-11,2020-03-16,2.8000000000000034,False,2.8000000000000034,2020-03-16
A-chop|chop|polychromatic_momentum_signals|schaff_trend_cycle_signals|efficiency_ratio_volume_signals|alma_baseline,1.0,AUDUSD,2020-01-21,2020-01-28,2.7999999999999865,False,2.7999999999999865,2020-01-28
A-chop|chop|polychromatic_momentum_signals|schaff_trend_cycle_signals|efficiency_ratio_volume_signals|alma_baseline,1.0,CADCHF,2016-09-23,2016-09-29,-0.9999999999999989,False,-0.9999999999999989,2016-09-29
A-chop|chop|polychromatic_momentum_signals|schaff_trend_cycle_signals|efficiency_ratio_volume_signals|alma_baseline,1.0,CADCHF,2018-08-24,2018-08-31,2.7999999999999887,False,2.7999999999999887,2018-08-31
A-chop|chop|polychromatic_momentum_signals|schaff_trend_cycle_signals|efficiency_ratio_volume_signals|alma_baseline,1.0,CADCHF,2018-11-06,2018-11-08,-0.15019993322565608,False,-0.15019993322565608,2018-11-08
A-chop|chop|polychromatic_momentum_signals|schaff_trend_cycle_signals|efficiency_ratio_volume_signals|alma_baseline,1.0,CADCHF,2019-11-14,2019-11-18,-1.0000000000000073,False,-1.0000000000000073,2019-11-18
A-chop|chop|polychromatic_momentum_signals|schaff_trend_cycle_signals|efficiency_ratio_volume_signals|alma_baseline,1.0,CADCHF,2020-01-09,2020-01-30,2.8,False,2.8,2020-01-30
A-chop|chop|polychromatic_momentum_signals|schaff_trend_cycle_signals|efficiency_ratio_volume_signals|alma_baseline,1.0,CADCHF,2020-06-25,2020-07-15,-1.0000000000000113,False,-1.0000000000000113,2020-07-15
A-chop|chop|polychromatic_momentum_signals|schaff_trend_cycle_signals|efficiency_ratio_volume_signals|alma_baseline,1.0,EURAUD,2016-06-08,2016-06-24,2.8000000000000025,False,2.8000000000000025,2016-06-24
A-chop|chop|polychromatic_momentum_signals|schaff_trend_cycle_signals|efficiency_ratio_volume_signals|alma_baseline,1.0,EURAUD,2019-11-01,2019-11-14,-1.0000000000000042,False,-1.0000000000000042,2019-11-14
A-chop|chop|polychromatic_momentum_signals|schaff_trend_cycle_signals|efficiency_ratio_volume_signals|alma_baseline,1.0,EURAUD,2020-12-09,2020-12-31,2.8000000000000016,False,2.8000000000000016,2020-12-31
A-chop|chop|polychromatic_momentum_signals|schaff_trend_cycle_signals|efficiency_ratio_volume_signals|alma_baseline,1.0,EURCAD,2016-08-29,2016-08-31,-1.0,False,-1.0,2016-08-31
A-chop|chop|polychromatic_momentum_signals|schaff_trend_cycle_signals|efficiency_ratio_volume_signals|alma_baseline,1.0,EURCAD,2019-01-17,2019-01-23,-1.0000000000000049,False,-1.0000000000000049,2019-01-23
A-chop|chop|polychromatic_momentum_signals|schaff_trend_cycle_signals|efficiency_ratio_volume_signals|alma_baseline,1.0,EURCAD,2019-05-30,2019-05-31,-0.9999999999999826,False,-0.9999999999999826,2019-05-31
A-chop|chop|polychromatic_momentum_signals|schaff_trend_cycle_signals|efficiency_ratio_volume_signals|alma_baseline,1.0,EURCAD,2019-06-19,2019-06-21,-1.0000000000000042,False,-1.0000000000000042,2019-06-21
A-chop|chop|polychromatic_momentum_signals|schaff_trend_cycle_signals|efficiency_ratio_volume_signals|alma_baseline,1.0,EURCAD,2019-11-07,2019-11-14,-0.6117678081910185,False,-0.6117678081910185,2019-11-14
A-chop|chop|polychromatic_momentum_signals|schaff_trend_cycle_signals|efficiency_ratio_volume_signals|alma_baseline,1.0,EURCHF,2016-10-20,2016-11-09,2.8000000000000114,False,2.8000000000000114,2016-11-09
A-chop|chop|polychromatic_momentum_signals|schaff_trend_cycle_signals|efficiency_ratio_volume_signals|alma_baseline,1.0,EURCHF,2019-05-17,2019-06-03,2.7999999999999785,False,2.7999999999999785,2019-06-03
A-chop|chop|polychromatic_momentum_signals|schaff_trend_cycle_signals|efficiency_ratio_volume_signals|alma_baseline,1.0,EURCHF,2020-10-14,2020-11-09,-1.0000000000000275,False,-1.0000000000000275,2020-11-09
A-chop|chop|polychromatic_momentum_signals|schaff_trend_cycle_signals|efficiency_ratio_volume_signals|alma_baseline,1.0,EURGBP,2018-01-23,2018-02-05,-0.999999999999997,False,-0.999999999999997,2018-02-05
A-chop|chop|polychromatic_momentum_signals|schaff_trend_cycle_signals|efficiency_ratio_volume_signals|alma_baseline,1.0,EURGBP,2019-02-25,2019-02-27,2.80000000000001,False,2.80000000000001,2019-02-27
A-chop|chop|polychromatic_momentum_signals|schaff_trend_cycle_signals|efficiency_ratio_volume_signals|alma_baseline,1.0,EURJPY,2019-05-06,2019-05-15,2.8000000000000007,False,2.8000000000000007,2019-05-15
A-chop|chop|polychromatic_momentum_signals|schaff_trend_cycle_signals|efficiency_ratio_volume_signals|alma_baseline,1.0,EURNZD,2016-06-02,2016-06-09,2.8000000000000047,False,2.8000000000000047,2016-06-09
A-chop|chop|polychromatic_momentum_signals|schaff_trend_cycle_signals|efficiency_ratio_volume_signals|alma_baseline,1.0,EURNZD,2016-11-18,2016-12-13,2.7999999999999954,False,2.7999999999999954,2016-12-13
A-chop|chop|polychromatic_momentum_signals|schaff_trend_cycle_signals|efficiency_ratio_volume_signals|alma_baseline,1.0,EURNZD,2018-05-24,2018-06-26,-0.6803212297695731,False,-0.6803212297695731,2018-06-26
A-chop|chop|polychromatic_momentum_signals|schaff_trend_cycle_signals|efficiency_ratio_volume_signals|alma_baseline,1.0,EURUSD,2016-01-14,2016-01-15,-1.0000000000000042,False,-1.0000000000000042,2016-01-15
A-chop|chop|polychromatic_momentum_signals|schaff_trend_cycle_signals|efficiency_ratio_volume_signals|alma_baseline,1.0,EURUSD,2016-05-23,2016-06-03,-0.9999999999999892,False,-0.9999999999999892,2016-06-03
A-chop|chop|polychromatic_momentum_signals|schaff_trend_cycle_signals|efficiency_ratio_volume_signals|alma_baseline,1.0,GBPAUD,2016-09-26,2016-10-07,2.800000000000003,False,2.800000000000003,2016-10-07
A-chop|chop|polychromatic_momentum_signals|schaff_trend_cycle_signals|efficiency_ratio_volume_signals|alma_baseline,1.0,GBPAUD,2019-07-02,2019-07-16,2.7999999999999936,False,2.7999999999999936,2019-07-16
A-chop|chop|polychromatic_momentum_signals|schaff_trend_cycle_signals|efficiency_ratio_volume_signals|alma_baseline,1.0,GBPCAD,2017-01-30,2017-02-01,-0.9999999999999946,False,-0.9999999999999946,2017-02-01
A-chop|chop|polychromatic_momentum_signals|schaff_trend_cycle_signals|efficiency_ratio_volume_signals|alma_baseline,1.0,GBPCAD,2020-05-08,2020-06-19,2.7999999999999945,False,2.7999999999999945,2020-06-19
A-chop|chop|polychromatic_momentum_signals|schaff_trend_cycle_signals|efficiency_ratio_volume_signals|alma_baseline,1.0,GBPCHF,2017-03-07,2017-03-23,-1.000000000000005,False,-1.000000000000005,2017-03-23
A-chop|chop|polychromatic_momentum_signals|schaff_trend_cycle_signals|efficiency_ratio_volume_signals|alma_baseline,1.0,GBPCHF,2019-03-29,2019-04-01,-0.999999999999993,False,-0.999999999999993,2019-04-01
A-chop|chop|polychromatic_momentum_signals|schaff_trend_cycle_signals|efficiency_ratio_volume_signals|alma_baseline,1.0,GBPJPY,2020-11-02,2020-11-03,-0.9999999999999902,False,-0.9999999999999902,2020-11-03
A-chop|chop|polychromatic_momentum_signals|schaff_trend_cycle_signals|efficiency_ratio_volume_signals|alma_baseline,1.0,GBPNZD,2018-08-16,2018-08-24,0.6550244847958109,False,0.6550244847958109,2018-08-24
A-chop|chop|polychromatic_momentum_signals|schaff_trend_cycle_signals|efficiency_ratio_volume_signals|alma_baseline,1.0,GBPUSD,2016-08-12,2016-08-16,-0.9999999999999958,False,-0.9999999999999958,2016-08-16
A-chop|chop|polychromatic_momentum_signals|schaff_trend_cycle_signals|efficiency_ratio_volume_signals|alma_baseline,1.0,NZDCAD,2017-06-30,2017-07-12,2.8,False,2.8,2017-07-12
A-chop|chop|polychromatic_momentum_signals|schaff_trend_cycle_signals|efficiency_ratio_volume_signals|alma_baseline,1.0,NZDCAD,2017-08-16,2017-08-24,2.7999999999999994,False,2.7999999999999994,2017-08-24
A-chop|chop|polychromatic_momentum_signals|schaff_trend_cycle_signals|efficiency_ratio_volume_signals|alma_baseline,1.0,NZDCAD,2020-05-27,2020-06-02,-1.0000000000000036,False,-1.0000000000000036,2020-06-02
A-chop|chop|polychromatic_momentum_signals|schaff_trend_cycle_signals|efficiency_ratio_volume_signals|alma_baseline,1.0,NZDCHF,2016-03-24,2016-03-29,-0.9999999999999953,False,-0.9999999999999953,2016-03-29
A-chop|chop|polychromatic_momentum_signals|schaff_trend_cycle_signals|efficiency_ratio_volume_signals|alma_baseline,1.0,NZDCHF,2018-06-25,2018-07-02,2.799999999999989,False,2.799999999999989,2018-07-02
A-chop|chop|polychromatic_momentum_signals|schaff_trend_cycle_signals|efficiency_ratio_volume_signals|alma_baseline,1.0,NZDCHF,2019-05-07,2019-05-13,2.800000000000006,False,2.800000000000006,2019-05-13
A-chop|chop|polychromatic_momentum_signals|schaff_trend_cycle_signals|efficiency_ratio_volume_signals|alma_baseline,1.0,NZDCHF,2020-08-03,2020-08-17,2.80000000000001,False,2.80000000000001,2020-08-17
A-chop|chop|polychromatic_momentum_signals|schaff_trend_cycle_signals|efficiency_ratio_volume_signals|alma_baseline,1.0,NZDJPY,2016-05-03,2016-05-31,-1.0000000000000013,False,-1.0000000000000013,2016-05-31
A-chop|chop|polychromatic_momentum_signals|schaff_trend_cycle_signals|efficiency_ratio_volume_signals|alma_baseline,1.0,NZDJPY,2016-08-05,2016-08-11,-0.9999999999999923,False,-0.9999999999999923,2016-08-11
A-chop|chop|polychromatic_momentum_signals|schaff_trend_cycle_signals|efficiency_ratio_volume_signals|alma_baseline,1.0,NZDJPY,2018-08-07,2018-08-09,2.7999999999999994,False,2.7999999999999994,2018-08-09
A-chop|chop|polychromatic_momentum_signals|schaff_trend_cycle_signals|efficiency_ratio_volume_signals|alma_baseline,1.0,NZDUSD,2016-01-13,2016-02-03,-1.0000000000000033,False,-1.0000000000000033,2016-02-03
A-chop|chop|polychromatic_momentum_signals|schaff_trend_cycle_signals|efficiency_ratio_volume_signals|alma_baseline,1.0,NZDUSD,2016-05-10,2016-05-11,-1.0000000000000069,False,-1.0000000000000069,2016-05-11
A-chop|chop|polychromatic_momentum_signals|schaff_trend_cycle_signals|efficiency_ratio_volume_signals|alma_baseline,1.0,NZDUSD,2016-12-22,2016-12-29,-0.999999999999997,False,-0.999999999999997,2016-12-29
A-chop|chop|polychromatic_momentum_signals|schaff_trend_cycle_signals|efficiency_ratio_volume_signals|alma_baseline,1.0,USDCAD,2016-08-16,2016-08-26,-1.0000000000000024,False,-1.0000000000000024,2016-08-26
A-chop|chop|polychromatic_momentum_signals|schaff_trend_cycle_signals|efficiency_ratio_volume_signals|alma_baseline,1.0,USDCAD,2017-12-29,2018-01-24,2.8000000000000087,False,2.8000000000000087,2018-01-24
A-chop|chop|polychromatic_momentum_signals|schaff_trend_cycle_signals|efficiency_ratio_volume_signals|alma_baseline,1.0,USDCAD,2018-04-05,2018-04-23,-1.00000000000001,False,-1.00000000000001,2018-04-23
A-chop|chop|polychromatic_momentum_signals|schaff_trend_cycle_signals|efficiency_ratio_volume_signals|alma_baseline,1.0,USDCAD,2018-09-12,2018-09-17,-0.42665806427525993,False,-0.42665806427525993,2018-09-17
A-chop|chop|polychromatic_momentum_signals|schaff_trend_cycle_signals|efficiency_ratio_volume_signals|alma_baseline,1.0,USDCAD,2019-06-06,2019-06-18,-1.0000000000000129,False,-1.0000000000000129,2019-06-18
A-chop|chop|polychromatic_momentum_signals|schaff_trend_cycle_signals|efficiency_ratio_volume_signals|alma_baseline,1.0,USDCAD,2019-09-10,2019-09-12,-1.0000000000000082,False,-1.0000000000000082,2019-09-12
A-chop|chop|polychromatic_momentum_signals|schaff_trend_cycle_signals|efficiency_ratio_volume_signals|alma_baseline,1.0,USDCAD,2019-12-13,2019-12-31,2.800000000000004,False,2.800000000000004,2019-12-31
A-chop|chop|polychromatic_momentum_signals|schaff_trend_cycle_signals|efficiency_ratio_volume_signals|alma_baseline,1.0,USDCHF,2017-01-13,2017-02-22,-0.16990333784545775,False,-0.16990333784545775,2017-02-22
A-chop|chop|polychromatic_momentum_signals|schaff_trend_cycle_signals|efficiency_ratio_volume_signals|alma_baseline,1.0,USDJPY,2018-08-07,2018-09-07,0.6647952448300062,False,0.6647952448300062,2018-09-07
A-chop|chop|polychromatic_momentum_signals|schaff_trend_cycle_signals|efficiency_ratio_volume_signals|alma_baseline,1.0,USDJPY,2020-10-27,2020-11-02,-1.0000000000000138,False,-1.0000000000000138,2020-11-02
B|chop|waddah_attar_explosion_signals|volatility_quality_signals|variance_volume_signals|fantail_vma,1.0,AUDCAD,2017-08-28,2017-08-31,-0.5815551110724458,False,-0.5815551110724458,2017-08-31
B|chop|waddah_attar_explosion_signals|volatility_quality_signals|variance_volume_signals|fantail_vma,1.0,AUDCHF,2016-04-27,2016-05-06,2.599999999999998,False,2.599999999999998,2016-05-06
B|chop|waddah_attar_explosion_signals|volatility_quality_signals|variance_volume_signals|fantail_vma,1.0,AUDCHF,2016-06-20,2016-07-08,2.6000000000000068,False,2.6000000000000068,2016-07-08
B|chop|waddah_attar_explosion_signals|volatility_quality_signals|variance_volume_signals|fantail_vma,1.0,AUDCHF,2017-09-08,2017-09-11,-0.9999999999999928,False,-0.9999999999999928,2017-09-11
B|chop|waddah_attar_explosion_signals|volatility_quality_signals|variance_volume_signals|fantail_vma,1.0,AUDCHF,2017-10-23,2017-10-24,-0.3204787759320692,False,-0.3204787759320692,2017-10-24
B|chop|waddah_attar_explosion_signals|volatility_quality_signals|variance_volume_signals|fantail_vma,1.0,AUDNZD,2016-04-27,2016-05-02,2.5999999999999917,False,2.5999999999999917,2016-05-02
B|chop|waddah_attar_explosion_signals|volatility_quality_signals|variance_volume_signals|fantail_vma,1.0,AUDNZD,2017-01-03,2017-01-23,0.7022256299483435,False,0.7022256299483435,2017-01-23
B|chop|waddah_attar_explosion_signals|volatility_quality_signals|variance_volume_signals|fantail_vma,1.0,AUDNZD,2018-10-26,2018-10-29,-0.9999999999999926,False,-0.9999999999999926,2018-10-29
B|chop|waddah_attar_explosion_signals|volatility_quality_signals|variance_volume_signals|fantail_vma,1.0,AUDUSD,2016-10-04,2016-10-17,-0.115321012820168,False,-0.115321012820168,2016-10-17
B|chop|waddah_attar_explosion_signals|volatility_quality_signals|variance_volume_signals|fantail_vma,1.0,AUDUSD,2016-10-21,2016-10-24,-0.04161862370666597,False,-0.04161862370666597,2016-10-24
B|chop|waddah_attar_explosion_signals|volatility_quality_signals|variance_volume_signals|fantail_vma,1.0,AUDUSD,2016-10-27,2016-11-01,-0.9999999999999942,False,-0.9999999999999942,2016-11-01
B|chop|waddah_attar_explosion_signals|volatility_quality_signals|variance_volume_signals|fantail_vma,1.0,CADCHF,2016-07-22,2016-08-04,0.5135238526524142,False,0.5135238526524142,2016-08-04
B|chop|waddah_attar_explosion_signals|volatility_quality_signals|variance_volume_signals|fantail_vma,1.0,CADCHF,2018-08-10,2018-08-14,-0.7808941269108257,False,-0.7808941269108257,2018-08-14
B|chop|waddah_attar_explosion_signals|volatility_quality_signals|variance_volume_signals|fantail_vma,1.0,CADCHF,2019-03-14,2019-03-25,2.6000000000000085,False,2.6000000000000085,2019-03-25
B|chop|waddah_attar_explosion_signals|volatility_quality_signals|variance_volume_signals|fantail_vma,1.0,CADCHF,2020-11-02,2020-11-04,-1.000000000000011,False,-1.000000000000011,2020-11-04
B|chop|waddah_attar_explosion_signals|volatility_quality_signals|variance_volume_signals|fantail_vma,1.0,CHFJPY,2019-10-10,2019-10-17,2.600000000000008,False,2.600000000000008,2019-10-17
B|chop|waddah_attar_explosion_signals|volatility_quality_signals|variance_volume_signals|fantail_vma,1.0,CHFJPY,2019-12-06,2019-12-10,-1.0000000000000042,False,-1.0000000000000042,2019-12-10
B|chop|waddah_attar_explosion_signals|volatility_quality_signals|variance_volume_signals|fantail_vma,1.0,EURAUD,2016-04-27,2016-05-03,2.600000000000002,False,2.600000000000002,2016-05-03
B|chop|waddah_attar_explosion_signals|volatility_quality_signals|variance_volume_signals|fantail_vma,1.0,EURCAD,2016-06-03,2016-06-06,-1.0000000000000007,False,-1.0000000000000007,2016-06-06
B|chop|waddah_attar_explosion_signals|volatility_quality_signals|variance_volume_signals|fantail_vma,1.0,EURCAD,2016-07-08,2016-07-14,-0.546310987596303,False,-0.546310987596303,2016-07-14
B|chop|waddah_attar_explosion_signals|volatility_quality_signals|variance_volume_signals|fantail_vma,1.0,EURCAD,2016-07-20,2016-08-02,2.599999999999996,False,2.599999999999996,2016-08-02
B|chop|waddah_attar_explosion_signals|volatility_quality_signals|variance_volume_signals|fantail_vma,1.0,EURCAD,2020-12-17,2020-12-31,-0.5564392272640817,False,-0.5564392272640817,2020-12-31
B|chop|waddah_attar_explosion_signals|volatility_quality_signals|variance_volume_signals|fantail_vma,1.0,EURCHF,2016-04-13,2016-05-05,2.599999999999992,False,2.599999999999992,2016-05-05
B|chop|waddah_attar_explosion_signals|volatility_quality_signals|variance_volume_signals|fantail_vma,1.0,EURGBP,2018-04-18,2018-05-04,2.5999999999999908,False,2.5999999999999908,2018-05-04
B|chop|waddah_attar_explosion_signals|volatility_quality_signals|variance_volume_signals|fantail_vma,1.0,EURJPY,2018-11-13,2018-11-23,-0.41348012000948553,False,-0.41348012000948553,2018-11-23
B|chop|waddah_attar_explosion_signals|volatility_quality_signals|variance_volume_signals|fantail_vma,1.0,EURJPY,2018-12-10,2018-12-11,-0.38369718453348156,False,-0.38369718453348156,2018-12-11
B|chop|waddah_attar_explosion_signals|volatility_quality_signals|variance_volume_signals|fantail_vma,1.0,EURJPY,2018-12-12,2018-12-14,-0.6560877815202598,False,-0.6560877815202598,2018-12-14
B|chop|waddah_attar_explosion_signals|volatility_quality_signals|variance_volume_signals|fantail_vma,1.0,EURNZD,2016-01-21,2016-01-25,-0.6243193545523991,False,-0.6243193545523991,2016-01-25
B|chop|waddah_attar_explosion_signals|volatility_quality_signals|variance_volume_signals|fantail_vma,1.0,EURUSD,2020-05-12,2020-05-13,-0.2980282515880514,False,-0.2980282515880514,2020-05-13
B|chop|waddah_attar_explosion_signals|volatility_quality_signals|variance_volume_signals|fantail_vma,1.0,EURUSD,2020-05-18,2020-06-02,2.600000000000003,False,2.600000000000003,2020-06-02
B|chop|waddah_attar_explosion_signals|volatility_quality_signals|variance_volume_signals|fantail_vma,1.0,GBPAUD,2017-03-21,2017-04-11,2.5999999999999988,False,2.5999999999999988,2017-04-11
B|chop|waddah_attar_explosion_signals|volatility_quality_signals|variance_volume_signals|fantail_vma,1.0,GBPAUD,2017-08-30,2017-09-05,-1.000000000000001,False,-1.000000000000001,2017-09-05
B|chop|waddah_attar_explosion_signals|volatility_quality_signals|variance_volume_signals|fantail_vma,1.0,GBPAUD,2019-12-12,2019-12-13,-0.9999999999999953,False,-0.9999999999999953,2019-12-13
B|chop|waddah_attar_explosion_signals|volatility_quality_signals|variance_volume_signals|fantail_vma,1.0,GBPAUD,2019-12-17,2019-12-23,2.6000000000000028,False,2.6000000000000028,2019-12-23
B|chop|waddah_attar_explosion_signals|volatility_quality_signals|variance_volume_signals|fantail_vma,1.0,GBPCAD,2017-03-16,2017-03-27,2.599999999999994,False,2.599999999999994,2017-03-27
B|chop|waddah_attar_explosion_signals|volatility_quality_signals|variance_volume_signals|fantail_vma,1.0,GBPCAD,2017-11-02,2017-11-17,-1.0000000000000042,False,-1.0000000000000042,2017-11-17
B|chop|waddah_attar_explosion_signals|volatility_quality_signals|variance_volume_signals|fantail_vma,1.0,GBPCAD,2018-12-18,2018-12-31,2.600000000000004,False,2.600000000000004,2018-12-31
B|chop|waddah_attar_explosion_signals|volatility_quality_signals|variance_volume_signals|fantail_vma,1.0,GBPCAD,2020-12-16,2020-12-21,-1.0000000000000053,False,-1.0000000000000053,2020-12-21
B|chop|waddah_attar_explosion_signals|volatility_quality_signals|variance_volume_signals|fantail_vma,1.0,GBPCHF,2017-11-02,2017-11-06,-0.7732114449751122,False,-0.7732114449751122,2017-11-06
B|chop|waddah_attar_explosion_signals|volatility_quality_signals|variance_volume_signals|fantail_vma,1.0,GBPJPY,2018-08-21,2018-08-29,2.5999999999999956,False,2.5999999999999956,2018-08-29
B|chop|waddah_attar_explosion_signals|volatility_quality_signals|variance_volume_signals|fantail_vma,1.0,GBPNZD,2018-08-29,2018-09-05,2.599999999999998,False,2.599999999999998,2018-09-05
B|chop|waddah_attar_explosion_signals|volatility_quality_signals|variance_volume_signals|fantail_vma,1.0,GBPUSD,2019-04-30,2019-05-14,-0.9999999999999993,False,-0.9999999999999993,2019-05-14
B|chop|waddah_attar_explosion_signals|volatility_quality_signals|variance_volume_signals|fantail_vma,1.0,NZDCHF,2016-06-14,2016-06-15,-0.34584120340200764,False,-0.34584120340200764,2016-06-15
B|chop|waddah_attar_explosion_signals|volatility_quality_signals|variance_volume_signals|fantail_vma,1.0,NZDJPY,2016-01-04,2016-01-07,2.6,False,2.6,2016-01-07
B|chop|waddah_attar_explosion_signals|volatility_quality_signals|variance_volume_signals|fantail_vma,1.0,NZDUSD,2017-03-15,2017-03-16,-1.000000000000007,False,-1.000000000000007,2017-03-16
B|chop|waddah_attar_explosion_signals|volatility_quality_signals|variance_volume_signals|fantail_vma,1.0,NZDUSD,2019-03-27,2019-04-16,0.5943442796149916,False,0.5943442796149916,2019-04-16
B|chop|waddah_attar_explosion_signals|volatility_quality_signals|variance_volume_signals|fantail_vma,1.0,NZDUSD,2019-06-20,2019-06-28,2.5999999999999948,False,2.5999999999999948,2019-06-28
B|chop|waddah_attar_explosion_signals|volatility_quality_signals|variance_volume_signals|fantail_vma,1.0,USDCAD,2016-11-28,2016-12-12,2.6000000000000068,False,2.6000000000000068,2016-12-12
B|chop|waddah_attar_explosion_signals|volatility_quality_signals|variance_volume_signals|fantail_vma,1.0,USDCAD,2017-12-13,2017-12-15,-0.5592114279094178,False,-0.5592114279094178,2017-12-15
B|chop|waddah_attar_explosion_signals|volatility_quality_signals|variance_volume_signals|fantail_vma,1.0,USDCAD,2017-12-20,2017-12-28,2.600000000000002,False,2.600000000000002,2017-12-28
B|chop|waddah_attar_explosion_signals|volatility_quality_signals|variance_volume_signals|fantail_vma,1.0,USDCAD,2019-10-11,2019-10-30,0.6431957402407239,False,0.6431957402407239,2019-10-30
B|chop|waddah_attar_explosion_signals|volatility_quality_signals|variance_volume_signals|fantail_vma,1.0,USDCHF,2016-08-10,2016-08-11,-0.0656055962045452,False,-0.0656055962045452,2016-08-11
B|chop|waddah_attar_explosion_signals|volatility_quality_signals|variance_volume_signals|fantail_vma,1.0,USDCHF,2016-09-30,2016-10-12,2.600000000000003,False,2.600000000000003,2016-10-12
B|chop|waddah_attar_explosion_signals|volatility_quality_signals|variance_volume_signals|fantail_vma,1.0,USDCHF,2017-03-15,2017-03-27,2.6000000000000045,False,2.6000000000000045,2017-03-27
B|chop|waddah_attar_explosion_signals|volatility_quality_signals|variance_volume_signals|fantail_vma,1.0,USDCHF,2018-12-20,2018-12-21,-1.0000000000000004,False,-1.0000000000000004,2018-12-21
B|chop|waddah_attar_explosion_signals|volatility_quality_signals|variance_volume_signals|fantail_vma,1.0,USDCHF,2019-10-30,2019-11-05,-0.585105741906273,False,-0.585105741906273,2019-11-05
B|chop|waddah_attar_explosion_signals|volatility_quality_signals|variance_volume_signals|fantail_vma,1.0,USDCHF,2019-12-02,2019-12-19,2.600000000000001,False,2.600000000000001,2019-12-19
A-trend|trend|didi_index_signals|ehlers_reverse_ema_signals|variance_volume_signals|sma_baseline,1.0,AUDJPY,2017-11-03,2017-11-17,1.4749999999999952,False,1.4749999999999952,2017-11-17
A-trend|trend|didi_index_signals|ehlers_reverse_ema_signals|variance_volume_signals|sma_baseline,1.0,AUDJPY,2017-11-03,2017-12-01,1.3859301670166315,False,1.3859301670166315,2017-12-01
A-trend|trend|didi_index_signals|ehlers_reverse_ema_signals|variance_volume_signals|sma_baseline,1.0,CADCHF,2017-06-21,2017-07-04,1.4749999999999994,False,1.4749999999999994,2017-07-04
A-trend|trend|didi_index_signals|ehlers_reverse_ema_signals|variance_volume_signals|sma_baseline,1.0,CADCHF,2017-06-21,2017-07-18,2.113437823767414,False,2.113437823767414,2017-07-18
A-trend|trend|didi_index_signals|ehlers_reverse_ema_signals|variance_volume_signals|sma_baseline,1.0,CADJPY,2017-06-21,2017-06-28,1.4750000000000008,False,1.4750000000000008,2017-06-28
A-trend|trend|didi_index_signals|ehlers_reverse_ema_signals|variance_volume_signals|sma_baseline,1.0,CADJPY,2017-06-21,2017-07-31,2.8960336119837433,False,2.8960336119837433,2017-07-31
A-trend|trend|didi_index_signals|ehlers_reverse_ema_signals|variance_volume_signals|sma_baseline,1.0,CHFJPY,2016-06-24,2016-07-21,-0.4999999999999995,False,-0.4999999999999995,2016-07-21
A-trend|trend|didi_index_signals|ehlers_reverse_ema_signals|variance_volume_signals|sma_baseline,1.0,CHFJPY,2016-06-24,2016-07-21,-0.4999999999999995,False,-0.4999999999999995,2016-07-21
A-trend|trend|didi_index_signals|ehlers_reverse_ema_signals|variance_volume_signals|sma_baseline,1.0,CHFJPY,2020-03-30,2020-03-31,-0.20528671422647707,False,-0.20528671422647707,2020-03-31
A-trend|trend|didi_index_signals|ehlers_reverse_ema_signals|variance_volume_signals|sma_baseline,1.0,CHFJPY,2020-03-30,2020-03-31,-0.20528671422647707,False,-0.20528671422647707,2020-03-31
A-trend|trend|didi_index_signals|ehlers_reverse_ema_signals|variance_volume_signals|sma_baseline,1.0,CHFJPY,2020-04-03,2020-04-07,-0.5000000000000007,False,-0.5000000000000007,2020-04-07
A-trend|trend|didi_index_signals|ehlers_reverse_ema_signals|variance_volume_signals|sma_baseline,1.0,CHFJPY,2020-04-03,2020-04-07,-0.5000000000000007,False,-0.5000000000000007,2020-04-07
A-trend|trend|didi_index_signals|ehlers_reverse_ema_signals|variance_volume_signals|sma_baseline,1.0,EURCAD,2017-09-08,2017-09-29,-0.4999999999999968,False,-0.4999999999999968,2017-09-29
A-trend|trend|didi_index_signals|ehlers_reverse_ema_signals|variance_volume_signals|sma_baseline,1.0,EURCAD,2017-09-08,2017-09-29,-0.4999999999999968,False,-0.4999999999999968,2017-09-29
A-trend|trend|didi_index_signals|ehlers_reverse_ema_signals|variance_volume_signals|sma_baseline,1.0,EURCHF,2016-01-12,2016-01-26,1.474999999999991,False,1.474999999999991,2016-01-26
A-trend|trend|didi_index_signals|ehlers_reverse_ema_signals|variance_volume_signals|sma_baseline,1.0,EURCHF,2016-01-12,2016-02-05,2.122028296354316,False,2.122028296354316,2016-02-05
A-trend|trend|didi_index_signals|ehlers_reverse_ema_signals|variance_volume_signals|sma_baseline,1.0,EURCHF,2018-01-09,2018-01-25,-0.5000000000000038,False,-0.5000000000000038,2018-01-25
A-trend|trend|didi_index_signals|ehlers_reverse_ema_signals|variance_volume_signals|sma_baseline,1.0,EURCHF,2018-01-09,2018-01-25,-0.5000000000000038,False,-0.5000000000000038,2018-01-25
A-trend|trend|didi_index_signals|ehlers_reverse_ema_signals|variance_volume_signals|sma_baseline,1.0,EURCHF,2020-05-22,2020-06-02,1.4750000000000025,False,1.4750000000000025,2020-06-02
A-trend|trend|didi_index_signals|ehlers_reverse_ema_signals|variance_volume_signals|sma_baseline,1.0,EURCHF,2020-05-22,2020-06-09,1.8400584424950126,False,1.8400584424950126,2020-06-09
A-trend|trend|didi_index_signals|ehlers_reverse_ema_signals|variance_volume_signals|sma_baseline,1.0,EURJPY,2017-09-06,2017-09-15,1.4750000000000025,False,1.4750000000000025,2017-09-15
A-trend|trend|didi_index_signals|ehlers_reverse_ema_signals|variance_volume_signals|sma_baseline,1.0,EURJPY,2017-09-06,2017-09-25,1.4087691341526212,False,1.4087691341526212,2017-09-25
A-trend|trend|didi_index_signals|ehlers_reverse_ema_signals|variance_volume_signals|sma_baseline,1.0,EURJPY,2017-12-04,2017-12-05,-0.095664867398972,False,-0.095664867398972,2017-12-05
A-trend|trend|didi_index_signals|ehlers_reverse_ema_signals|variance_volume_signals|sma_baseline,1.0,EURJPY,2017-12-04,2017-12-05,-0.095664867398972,False,-0.095664867398972,2017-12-05
A-trend|trend|didi_index_signals|ehlers_reverse_ema_signals|variance_volume_signals|sma_baseline,1.0,EURJPY,2017-12-11,2017-12-13,-0.5000000000000051,False,-0.5000000000000051,2017-12-13
A-trend|trend|didi_index_signals|ehlers_reverse_ema_signals|variance_volume_signals|sma_baseline,1.0,EURJPY,2017-12-11,2017-12-13,-0.5000000000000051,False,-0.5000000000000051,2017-12-13
A-trend|trend|didi_index_signals|ehlers_reverse_ema_signals|variance_volume_signals|sma_baseline,1.0,EURJPY,2018-02-06,2018-02-07,-0.5000000000000004,False,-0.5000000000000004,2018-02-07
A-trend|trend|didi_index_signals|ehlers_reverse_ema_signals|variance_volume_signals|sma_baseline,1.0,EURJPY,2018-02-06,2018-02-07,-0.5000000000000004,False,-0.5000000000000004,2018-02-07
A-trend|trend|didi_index_signals|ehlers_reverse_ema_signals|variance_volume_signals|sma_baseline,1.0,EURJPY,2018-02-12,2018-03-23,1.4749999999999954,False,1.4749999999999954,2018-03-23
A-trend|trend|didi_index_signals|ehlers_reverse_ema_signals|variance_volume_signals|sma_baseline,1.0,EURJPY,2018-02-12,2018-04-12,0.39835512264160305,False,0.39835512264160305,2018-04-12
A-trend|trend|didi_index_signals|ehlers_reverse_ema_signals|variance_volume_signals|sma_baseline,1.0,EURJPY,2020-01-22,2020-01-23,-0.5000000000000066,False,-0.5000000000000066,2020-01-23
A-trend|trend|didi_index_signals|ehlers_reverse_ema_signals|variance_volume_signals|sma_baseline,1.0,EURJPY,2020-01-22,2020-01-23,-0.5000000000000066,False,-0.5000000000000066,2020-01-23
A-trend|trend|didi_index_signals|ehlers_reverse_ema_signals|variance_volume_signals|sma_baseline,1.0,GBPCAD,2016-01-26,2016-02-17,1.4750000000000008,False,1.4750000000000008,2016-02-17
A-trend|trend|didi_index_signals|ehlers_reverse_ema_signals|variance_volume_signals|sma_baseline,1.0,GBPCAD,2016-01-26,2016-03-04,2.5127854217123233,False,2.5127854217123233,2016-03-04
A-trend|trend|didi_index_signals|ehlers_reverse_ema_signals|variance_volume_signals|sma_baseline,1.0,GBPCHF,2018-09-27,2018-10-12,1.4749999999999994,False,1.4749999999999994,2018-10-12
A-trend|trend|didi_index_signals|ehlers_reverse_ema_signals|variance_volume_signals|sma_baseline,1.0,GBPCHF,2018-09-27,2018-10-30,0.0,False,0.0,2018-10-30
A-trend|trend|didi_index_signals|ehlers_reverse_ema_signals|variance_volume_signals|sma_baseline,1.0,GBPCHF,2018-11-23,2018-12-10,1.4749999999999976,False,1.4749999999999976,2018-12-10
A-trend|trend|didi_index_signals|ehlers_reverse_ema_signals|variance_volume_signals|sma_baseline,1.0,GBPCHF,2018-11-23,2018-12-12,1.1885803398239094,False,1.1885803398239094,2018-12-12
A-trend|trend|didi_index_signals|ehlers_reverse_ema_signals|variance_volume_signals|sma_baseline,1.0,GBPJPY,2017-04-03,2017-04-18,-0.499999999999999,False,-0.499999999999999,2017-04-18
A-trend|trend|didi_index_signals|ehlers_reverse_ema_signals|variance_volume_signals|sma_baseline,1.0,GBPJPY,2017-04-03,2017-04-18,-0.499999999999999,False,-0.499999999999999,2017-04-18
A-trend|trend|didi_index_signals|ehlers_reverse_ema_signals|variance_volume_signals|sma_baseline,1.0,GBPUSD,2018-07-26,2018-08-10,1.4749999999999983,False,1.4749999999999983,2018-08-10
A-trend|trend|didi_index_signals|ehlers_reverse_ema_signals|variance_volume_signals|sma_baseline,1.0,GBPUSD,2018-07-26,2018-08-21,1.4406106306918178,False,1.4406106306918178,2018-08-21
A-trend|trend|didi_index_signals|ehlers_reverse_ema_signals|variance_volume_signals|sma_baseline,1.0,GBPUSD,2020-12-23,2021-02-22,1.475,True,0.44256416251995206,2020-12-31
A-trend|trend|didi_index_signals|ehlers_reverse_ema_signals|variance_volume_signals|sma_baseline,1.0,GBPUSD,2020-12-23,2021-02-25,1.324847116471947,True,0.44256416251995206,2020-12-31
A-trend|trend|didi_index_signals|ehlers_reverse_ema_signals|variance_volume_signals|sma_baseline,1.0,NZDCAD,2019-11-05,2019-12-02,1.4750000000000014,False,1.4750000000000014,2019-12-02
A-trend|trend|didi_index_signals|ehlers_reverse_ema_signals|variance_volume_signals|sma_baseline,1.0,NZDCAD,2019-11-05,2019-12-05,1.6944286602578071,False,1.6944286602578071,2019-12-05
A-trend|trend|didi_index_signals|ehlers_reverse_ema_signals|variance_volume_signals|sma_baseline,1.0,NZDUSD,2019-10-24,2019-10-28,-0.4999999999999952,False,-0.4999999999999952,2019-10-28
A-trend|trend|didi_index_signals|ehlers_reverse_ema_signals|variance_volume_signals|sma_baseline,1.0,NZDUSD,2019-10-24,2019-10-28,-0.4999999999999952,False,-0.4999999999999952,2019-10-28
A-trend|trend|didi_index_signals|ehlers_reverse_ema_signals|variance_volume_signals|sma_baseline,1.0,USDJPY,2018-04-12,2018-04-25,1.4750000000000052,False,1.4750000000000052,2018-04-25
A-trend|trend|didi_index_signals|ehlers_reverse_ema_signals|variance_volume_signals|sma_baseline,1.0,USDJPY,2018-04-12,2018-05-03,1.1197855666470853,False,1.1197855666470853,2018-05-03
B|chop|mama_fama_signals|qqe_mod_signals|waddah_attar_explosion_volume_signals|fantail_vma,0.5,AUDCAD,2016-01-11,2016-01-15,-0.9999999999999968,False,-0.9999999999999968,2016-01-15
B|chop|mama_fama_signals|qqe_mod_signals|waddah_attar_explosion_volume_signals|fantail_vma,0.5,AUDCAD,2017-11-06,2017-11-28,0.6006429139695342,False,0.6006429139695342,2017-11-28
B|chop|mama_fama_signals|qqe_mod_signals|waddah_attar_explosion_volume_signals|fantail_vma,0.5,AUDCAD,2019-03-12,2019-03-14,-1.0000000000000073,False,-1.0000000000000073,2019-03-14
B|chop|mama_fama_signals|qqe_mod_signals|waddah_attar_explosion_volume_signals|fantail_vma,0.5,AUDCAD,2019-04-26,2019-05-15,2.7499999999999947,False,2.7499999999999947,2019-05-15
B|chop|mama_fama_signals|qqe_mod_signals|waddah_attar_explosion_volume_signals|fantail_vma,0.5,AUDCHF,2016-04-06,2016-04-12,-0.9126301736937341,False,-0.9126301736937341,2016-04-12
B|chop|mama_fama_signals|qqe_mod_signals|waddah_attar_explosion_volume_signals|fantail_vma,0.5,AUDCHF,2018-01-25,2018-02-05,2.7500000000000067,False,2.7500000000000067,2018-02-05
B|chop|mama_fama_signals|qqe_mod_signals|waddah_attar_explosion_volume_signals|fantail_vma,0.5,AUDCHF,2018-05-30,2018-06-04,-0.7674467838120291,False,-0.7674467838120291,2018-06-04
B|chop|mama_fama_signals|qqe_mod_signals|waddah_attar_explosion_volume_signals|fantail_vma,0.5,AUDCHF,2019-04-05,2019-04-17,2.7500000000000018,False,2.7500000000000018,2019-04-17
B|chop|mama_fama_signals|qqe_mod_signals|waddah_attar_explosion_volume_signals|fantail_vma,0.5,AUDJPY,2018-07-26,2018-07-31,-0.9999999999999939,False,-0.9999999999999939,2018-07-31
B|chop|mama_fama_signals|qqe_mod_signals|waddah_attar_explosion_volume_signals|fantail_vma,0.5,AUDJPY,2018-08-02,2018-08-13,2.750000000000002,False,2.750000000000002,2018-08-13
B|chop|mama_fama_signals|qqe_mod_signals|waddah_attar_explosion_volume_signals|fantail_vma,0.5,AUDJPY,2018-10-05,2018-10-30,-0.21376519637350122,False,-0.21376519637350122,2018-10-30
B|chop|mama_fama_signals|qqe_mod_signals|waddah_attar_explosion_volume_signals|fantail_vma,0.5,AUDNZD,2016-02-18,2016-02-19,-0.06907821078906025,False,-0.06907821078906025,2016-02-19
B|chop|mama_fama_signals|qqe_mod_signals|waddah_attar_explosion_volume_signals|fantail_vma,0.5,AUDNZD,2016-08-18,2016-09-02,2.750000000000009,False,2.750000000000009,2016-09-02
B|chop|mama_fama_signals|qqe_mod_signals|waddah_attar_explosion_volume_signals|fantail_vma,0.5,CADCHF,2016-11-17,2016-12-08,2.749999999999994,False,2.749999999999994,2016-12-08
B|chop|mama_fama_signals|qqe_mod_signals|waddah_attar_explosion_volume_signals|fantail_vma,0.5,CADCHF,2017-03-01,2017-03-22,2.7500000000000027,False,2.7500000000000027,2017-03-22
B|chop|mama_fama_signals|qqe_mod_signals|waddah_attar_explosion_volume_signals|fantail_vma,0.5,CADCHF,2018-01-18,2018-02-02,2.7500000000000004,False,2.7500000000000004,2018-02-02
B|chop|mama_fama_signals|qqe_mod_signals|waddah_attar_explosion_volume_signals|fantail_vma,0.5,CADCHF,2018-11-16,2018-12-03,0.8851238030009143,False,0.8851238030009143,2018-12-03
B|chop|mama_fama_signals|qqe_mod_signals|waddah_attar_explosion_volume_signals|fantail_vma,0.5,CADCHF,2019-05-10,2019-05-31,2.7500000000000018,False,2.7500000000000018,2019-05-31
B|chop|mama_fama_signals|qqe_mod_signals|waddah_attar_explosion_volume_signals|fantail_vma,0.5,CADJPY,2019-12-06,2019-12-09,-0.11998932762479969,False,-0.11998932762479969,2019-12-09
B|chop|mama_fama_signals|qqe_mod_signals|waddah_attar_explosion_volume_signals|fantail_vma,0.5,CHFJPY,2018-01-12,2018-01-18,-1.0000000000000078,False,-1.0000000000000078,2018-01-18
B|chop|mama_fama_signals|qqe_mod_signals|waddah_attar_explosion_volume_signals|fantail_vma,0.5,CHFJPY,2019-08-01,2019-08-05,-1.000000000000002,False,-1.000000000000002,2019-08-05
B|chop|mama_fama_signals|qqe_mod_signals|waddah_attar_explosion_volume_signals|fantail_vma,0.5,CHFJPY,2019-10-15,2019-11-08,0.9085342452262047,False,0.9085342452262047,2019-11-08
B|chop|mama_fama_signals|qqe_mod_signals|waddah_attar_explosion_volume_signals|fantail_vma,0.5,EURAUD,2016-05-02,2016-05-06,2.7500000000000013,False,2.7500000000000013,2016-05-06
B|chop|mama_fama_signals|qqe_mod_signals|waddah_attar_explosion_volume_signals|fantail_vma,0.5,EURAUD,2016-09-06,2016-09-09,-0.9999999999999951,False,-0.9999999999999951,2016-09-09
B|chop|mama_fama_signals|qqe_mod_signals|waddah_attar_explosion_volume_signals|fantail_vma,0.5,EURAUD,2019-11-19,2019-12-06,-0.6441738871537378,False,-0.6441738871537378,2019-12-06
B|chop|mama_fama_signals|qqe_mod_signals|waddah_attar_explosion_volume_signals|fantail_vma,0.5,EURCAD,2016-05-26,2016-06-01,-0.9999999999999934,False,-0.9999999999999934,2016-06-01
B|chop|mama_fama_signals|qqe_mod_signals|waddah_attar_explosion_volume_signals|fantail_vma,0.5,EURCAD,2016-10-12,2016-10-27,0.18976390768858395,False,0.18976390768858395,2016-10-27
B|chop|mama_fama_signals|qqe_mod_signals|waddah_attar_explosion_volume_signals|fantail_vma,0.5,EURCAD,2016-11-15,2016-12-09,2.749999999999998,False,2.749999999999998,2016-12-09
B|chop|mama_fama_signals|qqe_mod_signals|waddah_attar_explosion_volume_signals|fantail_vma,0.5,EURCAD,2017-03-01,2017-03-10,2.7500000000000067,False,2.7500000000000067,2017-03-10
B|chop|mama_fama_signals|qqe_mod_signals|waddah_attar_explosion_volume_signals|fantail_vma,0.5,EURCAD,2019-03-05,2019-03-26,-0.2537726459354851,False,-0.2537726459354851,2019-03-26
B|chop|mama_fama_signals|qqe_mod_signals|waddah_attar_explosion_volume_signals|fantail_vma,0.5,EURCAD,2019-11-15,2019-11-25,0.536487376951535,False,0.536487376951535,2019-11-25
B|chop|mama_fama_signals|qqe_mod_signals|waddah_attar_explosion_volume_signals|fantail_vma,0.5,EURCHF,2016-12-02,2016-12-05,-0.9999999999999812,False,-0.9999999999999812,2016-12-05
B|chop|mama_fama_signals|qqe_mod_signals|waddah_attar_explosion_volume_signals|fantail_vma,0.5,EURCHF,2017-06-19,2017-06-26,0.0981525618227032,False,0.0981525618227032,2017-06-26
B|chop|mama_fama_signals|qqe_mod_signals|waddah_attar_explosion_volume_signals|fantail_vma,0.5,EURCHF,2020-12-18,2020-12-21,-0.46083989089599675,False,-0.46083989089599675,2020-12-21
B|chop|mama_fama_signals|qqe_mod_signals|waddah_attar_explosion_volume_signals|fantail_vma,0.5,EURGBP,2018-01-18,2018-02-02,-0.23605325614001946,False,-0.23605325614001946,2018-02-02
B|chop|mama_fama_signals|qqe_mod_signals|waddah_attar_explosion_volume_signals|fantail_vma,0.5,EURGBP,2018-02-23,2018-02-26,-0.34412310214098285,False,-0.34412310214098285,2018-02-26
B|chop|mama_fama_signals|qqe_mod_signals|waddah_attar_explosion_volume_signals|fantail_vma,0.5,EURGBP,2018-06-18,2018-07-18,2.749999999999998,False,2.749999999999998,2018-07-18
B|chop|mama_fama_signals|qqe_mod_signals|waddah_attar_explosion_volume_signals|fantail_vma,0.5,EURGBP,2020-12-03,2020-12-11,2.7500000000000067,False,2.7500000000000067,2020-12-11
B|chop|mama_fama_signals|qqe_mod_signals|waddah_attar_explosion_volume_signals|fantail_vma,0.5,EURJPY,2019-07-01,2019-07-03,-0.999999999999993,False,-0.999999999999993,2019-07-03
B|chop|mama_fama_signals|qqe_mod_signals|waddah_attar_explosion_volume_signals|fantail_vma,0.5,EURJPY,2020-03-25,2020-03-27,-0.9999999999999961,False,-0.9999999999999961,2020-03-27
B|chop|mama_fama_signals|qqe_mod_signals|waddah_attar_explosion_volume_signals|fantail_vma,0.5,EURNZD,2016-05-27,2016-06-03,2.749999999999992,False,2.749999999999992,2016-06-03
B|chop|mama_fama_signals|qqe_mod_signals|waddah_attar_explosion_volume_signals|fantail_vma,0.5,EURUSD,2016-01-28,2016-01-29,-0.9999999999999888,False,-0.9999999999999888,2016-01-29
B|chop|mama_fama_signals|qqe_mod_signals|waddah_attar_explosion_volume_signals|fantail_vma,0.5,EURUSD,2016-06-17,2016-06-21,-0.33746439954403057,False,-0.33746439954403057,2016-06-21
B|chop|mama_fama_signals|qqe_mod_signals|waddah_attar_explosion_volume_signals|fantail_vma,0.5,EURUSD,2016-06-22,2016-06-24,-0.9999999999999915,False,-0.9999999999999915,2016-06-24
B|chop|mama_fama_signals|qqe_mod_signals|waddah_attar_explosion_volume_signals|fantail_vma,0.5,EURUSD,2020-05-20,2020-05-22,-0.9999999999999908,False,-0.9999999999999908,2020-05-22
B|chop|mama_fama_signals|qqe_mod_signals|waddah_attar_explosion_volume_signals|fantail_vma,0.5,GBPAUD,2019-04-30,2019-05-06,2.7500000000000036,False,2.7500000000000036,2019-05-06
B|chop|mama_fama_signals|qqe_mod_signals|waddah_attar_explosion_volume_signals|fantail_vma,0.5,GBPAUD,2019-06-19,2019-06-25,-1.0000000000000013,False,-1.0000000000000013,2019-06-25
B|chop|mama_fama_signals|qqe_mod_signals|waddah_attar_explosion_volume_signals|fantail_vma,0.5,GBPCAD,2019-04-03,2019-04-15,0.28028149634661637,False,0.28028149634661637,2019-04-15
B|chop|mama_fama_signals|qqe_mod_signals|waddah_attar_explosion_volume_signals|fantail_vma,0.5,GBPCHF,2019-03-25,2019-04-10,-0.16847675272094725,False,-0.16847675272094725,2019-04-10
B|chop|mama_fama_signals|qqe_mod_signals|waddah_attar_explosion_volume_signals|fantail_vma,0.5,GBPNZD,2018-06-22,2018-07-17,0.8090503594209472,False,0.8090503594209472,2018-07-17
B|chop|mama_fama_signals|qqe_mod_signals|waddah_attar_explosion_volume_signals|fantail_vma,0.5,GBPNZD,2018-07-19,2018-08-09,-0.5022546905637918,False,-0.5022546905637918,2018-08-09
B|chop|mama_fama_signals|qqe_mod_signals|waddah_attar_explosion_volume_signals|fantail_vma,0.5,GBPUSD,2017-11-20,2017-11-30,2.749999999999994,False,2.749999999999994,2017-11-30
B|chop|mama_fama_signals|qqe_mod_signals|waddah_attar_explosion_volume_signals|fantail_vma,0.5,NZDCAD,2017-02-28,2017-03-01,-1.0,False,-1.0,2017-03-01
B|chop|mama_fama_signals|qqe_mod_signals|waddah_attar_explosion_volume_signals|fantail_vma,0.5,NZDCAD,2020-05-15,2020-05-19,-1.0000000000000024,False,-1.0000000000000024,2020-05-19
B|chop|mama_fama_signals|qqe_mod_signals|waddah_attar_explosion_volume_signals|fantail_vma,0.5,NZDCAD,2020-08-07,2020-08-20,2.7500000000000053,False,2.7500000000000053,2020-08-20
B|chop|mama_fama_signals|qqe_mod_signals|waddah_attar_explosion_volume_signals|fantail_vma,0.5,NZDCAD,2020-12-10,2020-12-17,-0.9999999999999929,False,-0.9999999999999929,2020-12-17
B|chop|mama_fama_signals|qqe_mod_signals|waddah_attar_explosion_volume_signals|fantail_vma,0.5,NZDCHF,2017-10-18,2017-10-19,-1.0000000000000042,False,-1.0000000000000042,2017-10-19
B|chop|mama_fama_signals|qqe_mod_signals|waddah_attar_explosion_volume_signals|fantail_vma,0.5,NZDJPY,2016-04-20,2016-04-28,-1.0000000000000036,False,-1.0000000000000036,2016-04-28
B|chop|mama_fama_signals|qqe_mod_signals|waddah_attar_explosion_volume_signals|fantail_vma,0.5,NZDJPY,2016-08-29,2016-09-02,2.7499999999999973,False,2.7499999999999973,2016-09-02
B|chop|mama_fama_signals|qqe_mod_signals|waddah_attar_explosion_volume_signals|fantail_vma,0.5,NZDJPY,2017-08-04,2017-08-09,2.7499999999999916,False,2.7499999999999916,2017-08-09
B|chop|mama_fama_signals|qqe_mod_signals|waddah_attar_explosion_volume_signals|fantail_vma,0.5,NZDJPY,2019-03-28,2019-04-01,-1.0070475438247917,False,-1.0070475438247917,2019-04-01
B|chop|mama_fama_signals|qqe_mod_signals|waddah_attar_explosion_volume_signals|fantail_vma,0.5,NZDJPY,2020-08-27,2020-09-08,-1.0000000000000064,False,-1.0000000000000064,2020-09-08
B|chop|mama_fama_signals|qqe_mod_signals|waddah_attar_explosion_volume_signals|fantail_vma,0.5,NZDUSD,2017-02-10,2017-03-03,2.7500000000000036,False,2.7500000000000036,2017-03-03
B|chop|mama_fama_signals|qqe_mod_signals|waddah_attar_explosion_volume_signals|fantail_vma,0.5,NZDUSD,2018-02-12,2018-02-14,-0.9999999999999968,False,-0.9999999999999968,2018-02-14
B|chop|mama_fama_signals|qqe_mod_signals|waddah_attar_explosion_volume_signals|fantail_vma,0.5,USDCAD,2018-10-12,2018-10-16,-0.9999999999999871,False,-0.9999999999999871,2018-10-16
B|chop|mama_fama_signals|qqe_mod_signals|waddah_attar_explosion_volume_signals|fantail_vma,0.5,USDCHF,2017-12-28,2018-01-09,-0.6197869139400813,False,-0.6197869139400813,2018-01-09
B|chop|mama_fama_signals|qqe_mod_signals|waddah_attar_explosion_volume_signals|fantail_vma,0.5,USDCHF,2019-10-30,2019-11-05,-0.7367153405752687,False,-0.7367153405752687,2019-11-05
B|chop|mama_fama_signals|qqe_mod_signals|waddah_attar_explosion_volume_signals|fantail_vma,0.5,USDCHF,2019-11-19,2019-11-29,2.7500000000000053,False,2.7500000000000053,2019-11-29
B|chop|mama_fama_signals|qqe_mod_signals|waddah_attar_explosion_volume_signals|fantail_vma,0.5,USDJPY,2020-08-17,2020-08-18,-0.99999999999999,False,-0.99999999999999,2020-08-18
B|chop|polychromatic_momentum_signals|center_of_gravity_signals|ttm_squeeze_volume_signals|tma_baseline,0.5,AUDCAD,2020-03-12,2020-03-13,-0.9999999999999978,False,-0.9999999999999978,2020-03-13
B|chop|polychromatic_momentum_signals|center_of_gravity_signals|ttm_squeeze_volume_signals|tma_baseline,0.5,AUDCHF,2016-09-21,2016-09-30,-1.0000000000000064,False,-1.0000000000000064,2016-09-30
B|chop|polychromatic_momentum_signals|center_of_gravity_signals|ttm_squeeze_volume_signals|tma_baseline,0.5,AUDCHF,2019-04-11,2019-04-16,1.3499999999999917,False,1.3499999999999917,2019-04-16
B|chop|polychromatic_momentum_signals|center_of_gravity_signals|ttm_squeeze_volume_signals|tma_baseline,0.5,AUDCHF,2019-04-29,2019-04-30,-0.2041842139283295,False,-0.2041842139283295,2019-04-30
B|chop|polychromatic_momentum_signals|center_of_gravity_signals|ttm_squeeze_volume_signals|tma_baseline,0.5,AUDJPY,2016-02-05,2016-02-09,1.3499999999999963,False,1.3499999999999963,2016-02-09
B|chop|polychromatic_momentum_signals|center_of_gravity_signals|ttm_squeeze_volume_signals|tma_baseline,0.5,AUDJPY,2016-04-28,2016-05-03,1.3499999999999988,False,1.3499999999999988,2016-05-03
B|chop|polychromatic_momentum_signals|center_of_gravity_signals|ttm_squeeze_volume_signals|tma_baseline,0.5,AUDJPY,2018-01-17,2018-01-23,-0.9999999999999913,False,-0.9999999999999913,2018-01-23
B|chop|polychromatic_momentum_signals|center_of_gravity_signals|ttm_squeeze_volume_signals|tma_baseline,0.5,AUDJPY,2018-07-25,2018-07-26,-0.8624431070628341,False,-0.8624431070628341,2018-07-26
B|chop|polychromatic_momentum_signals|center_of_gravity_signals|ttm_squeeze_volume_signals|tma_baseline,0.5,AUDNZD,2016-02-16,2016-02-26,-1.0000000000000038,False,-1.0000000000000038,2016-02-26
B|chop|polychromatic_momentum_signals|center_of_gravity_signals|ttm_squeeze_volume_signals|tma_baseline,0.5,AUDNZD,2016-04-27,2016-04-28,1.3500000000000005,False,1.3500000000000005,2016-04-28
B|chop|polychromatic_momentum_signals|center_of_gravity_signals|ttm_squeeze_volume_signals|tma_baseline,0.5,AUDNZD,2018-01-31,2018-02-05,1.3500000000000112,False,1.3500000000000112,2018-02-05
B|chop|polychromatic_momentum_signals|center_of_gravity_signals|ttm_squeeze_volume_signals|tma_baseline,0.5,AUDUSD,2018-08-23,2018-08-24,-1.0000000000000058,False,-1.0000000000000058,2018-08-24
B|chop|polychromatic_momentum_signals|center_of_gravity_signals|ttm_squeeze_volume_signals|tma_baseline,0.5,AUDUSD,2019-06-24,2019-07-01,1.3499999999999885,False,1.3499999999999885,2019-07-01
B|chop|polychromatic_momentum_signals|center_of_gravity_signals|ttm_squeeze_volume_signals|tma_baseline,0.5,AUDUSD,2019-07-11,2019-07-15,1.3500000000000076,False,1.3500000000000076,2019-07-15
B|chop|polychromatic_momentum_signals|center_of_gravity_signals|ttm_squeeze_volume_signals|tma_baseline,0.5,CADJPY,2019-05-23,2019-05-31,1.3500000000000099,False,1.3500000000000099,2019-05-31
B|chop|polychromatic_momentum_signals|center_of_gravity_signals|ttm_squeeze_volume_signals|tma_baseline,0.5,CHFJPY,2017-12-06,2017-12-07,-0.4346017878399727,False,-0.4346017878399727,2017-12-07
B|chop|polychromatic_momentum_signals|center_of_gravity_signals|ttm_squeeze_volume_signals|tma_baseline,0.5,EURAUD,2016-06-08,2016-06-22,1.349999999999994,False,1.349999999999994,2016-06-22
B|chop|polychromatic_momentum_signals|center_of_gravity_signals|ttm_squeeze_volume_signals|tma_baseline,0.5,EURCAD,2016-09-08,2016-09-12,1.3500000000000036,False,1.3500000000000036,2016-09-12
B|chop|polychromatic_momentum_signals|center_of_gravity_signals|ttm_squeeze_volume_signals|tma_baseline,0.5,EURCAD,2016-09-23,2016-09-28,-0.9999999999999986,False,-0.9999999999999986,2016-09-28
B|chop|polychromatic_momentum_signals|center_of_gravity_signals|ttm_squeeze_volume_signals|tma_baseline,0.5,EURCAD,2017-11-14,2017-11-24,1.349999999999991,False,1.349999999999991,2017-11-24
B|chop|polychromatic_momentum_signals|center_of_gravity_signals|ttm_squeeze_volume_signals|tma_baseline,0.5,EURCAD,2019-10-30,2019-11-05,-1.00000000000001,False,-1.00000000000001,2019-11-05
B|chop|polychromatic_momentum_signals|center_of_gravity_signals|ttm_squeeze_volume_signals|tma_baseline,0.5,EURCAD,2019-11-07,2019-11-11,-0.5378242570777537,False,-0.5378242570777537,2019-11-11
B|chop|polychromatic_momentum_signals|center_of_gravity_signals|ttm_squeeze_volume_signals|tma_baseline,0.5,EURCHF,2016-09-08,2016-09-12,-0.6822419222069638,False,-0.6822419222069638,2016-09-12
B|chop|polychromatic_momentum_signals|center_of_gravity_signals|ttm_squeeze_volume_signals|tma_baseline,0.5,EURCHF,2019-02-12,2019-02-14,-0.8803347770371025,False,-0.8803347770371025,2019-02-14
B|chop|polychromatic_momentum_signals|center_of_gravity_signals|ttm_squeeze_volume_signals|tma_baseline,0.5,EURCHF,2019-06-13,2019-06-17,0.004452938699967624,False,0.004452938699967624,2019-06-17
B|chop|polychromatic_momentum_signals|center_of_gravity_signals|ttm_squeeze_volume_signals|tma_baseline,0.5,EURGBP,2017-04-27,2017-05-01,-0.4758172712247641,False,-0.4758172712247641,2017-05-01
B|chop|polychromatic_momentum_signals|center_of_gravity_signals|ttm_squeeze_volume_signals|tma_baseline,0.5,EURGBP,2017-07-18,2017-07-20,1.3500000000000032,False,1.3500000000000032,2017-07-20
B|chop|polychromatic_momentum_signals|center_of_gravity_signals|ttm_squeeze_volume_signals|tma_baseline,0.5,EURNZD,2016-04-14,2016-04-19,1.3500000000000052,False,1.3500000000000052,2016-04-19
B|chop|polychromatic_momentum_signals|center_of_gravity_signals|ttm_squeeze_volume_signals|tma_baseline,0.5,EURNZD,2018-06-14,2018-06-15,-0.9999999999999984,False,-0.9999999999999984,2018-06-15
B|chop|polychromatic_momentum_signals|center_of_gravity_signals|ttm_squeeze_volume_signals|tma_baseline,0.5,EURUSD,2016-06-14,2016-06-15,-0.9999999999999922,False,-0.9999999999999922,2016-06-15
B|chop|polychromatic_momentum_signals|center_of_gravity_signals|ttm_squeeze_volume_signals|tma_baseline,0.5,EURUSD,2016-11-09,2016-11-14,1.3499999999999992,False,1.3499999999999992,2016-11-14
B|chop|polychromatic_momentum_signals|center_of_gravity_signals|ttm_squeeze_volume_signals|tma_baseline,0.5,EURUSD,2017-05-12,2017-05-16,1.349999999999993,False,1.349999999999993,2017-05-16
B|chop|polychromatic_momentum_signals|center_of_gravity_signals|ttm_squeeze_volume_signals|tma_baseline,0.5,GBPAUD,2018-09-25,2018-09-26,-0.2918783922012214,False,-0.2918783922012214,2018-09-26
B|chop|polychromatic_momentum_signals|center_of_gravity_signals|ttm_squeeze_volume_signals|tma_baseline,0.5,GBPCAD,2019-05-13,2019-05-14,-0.746139452659992,False,-0.746139452659992,2019-05-14
B|chop|polychromatic_momentum_signals|center_of_gravity_signals|ttm_squeeze_volume_signals|tma_baseline,0.5,GBPCHF,2020-12-18,2020-12-21,1.3500000000000025,False,1.3500000000000025,2020-12-21
B|chop|polychromatic_momentum_signals|center_of_gravity_signals|ttm_squeeze_volume_signals|tma_baseline,0.5,GBPNZD,2018-05-21,2018-05-29,1.3500000000000005,False,1.3500000000000005,2018-05-29
B|chop|polychromatic_momentum_signals|center_of_gravity_signals|ttm_squeeze_volume_signals|tma_baseline,0.5,GBPNZD,2018-09-25,2018-09-26,-0.4122442203443151,False,-0.4122442203443151,2018-09-26
B|chop|polychromatic_momentum_signals|center_of_gravity_signals|ttm_squeeze_volume_signals|tma_baseline,0.5,GBPNZD,2020-12-18,2020-12-21,-0.10203837994396851,False,-0.10203837994396851,2020-12-21
B|chop|polychromatic_momentum_signals|center_of_gravity_signals|ttm_squeeze_volume_signals|tma_baseline,0.5,GBPUSD,2019-03-11,2019-03-12,-0.9999999999999912,False,-0.9999999999999912,2019-03-12
B|chop|polychromatic_momentum_signals|center_of_gravity_signals|ttm_squeeze_volume_signals|tma_baseline,0.5,GBPUSD,2019-12-31,2020-01-02,-0.9999999999999979,False,-0.9999999999999979,2020-01-02
B|chop|polychromatic_momentum_signals|center_of_gravity_signals|ttm_squeeze_volume_signals|tma_baseline,0.5,GBPUSD,2020-03-10,2020-03-12,1.3499999999999996,False,1.3499999999999996,2020-03-12
B|chop|polychromatic_momentum_signals|center_of_gravity_signals|ttm_squeeze_volume_signals|tma_baseline,0.5,NZDCAD,2019-05-29,2019-05-31,-0.44665104373476344,False,-0.44665104373476344,2019-05-31
B|chop|polychromatic_momentum_signals|center_of_gravity_signals|ttm_squeeze_volume_signals|tma_baseline,0.5,NZDCAD,2020-07-30,2020-07-31,-0.9999999999999996,False,-0.9999999999999996,2020-07-31
B|chop|polychromatic_momentum_signals|center_of_gravity_signals|ttm_squeeze_volume_signals|tma_baseline,0.5,NZDCHF,2016-04-28,2016-05-03,-1.0000000000000024,False,-1.0000000000000024,2016-05-03
B|chop|polychromatic_momentum_signals|center_of_gravity_signals|ttm_squeeze_volume_signals|tma_baseline,0.5,NZDCHF,2017-05-12,2017-05-16,1.3500000000000083,False,1.3500000000000083,2017-05-16
B|chop|polychromatic_momentum_signals|center_of_gravity_signals|ttm_squeeze_volume_signals|tma_baseline,0.5,NZDCHF,2017-10-19,2017-11-02,-1.000000000000007,False,-1.000000000000007,2017-11-02
B|chop|polychromatic_momentum_signals|center_of_gravity_signals|ttm_squeeze_volume_signals|tma_baseline,0.5,NZDCHF,2020-09-14,2020-09-18,1.350000000000004,False,1.350000000000004,2020-09-18
B|chop|polychromatic_momentum_signals|center_of_gravity_signals|ttm_squeeze_volume_signals|tma_baseline,0.5,NZDCHF,2020-10-28,2020-10-29,-0.546999376646881,False,-0.546999376646881,2020-10-29
B|chop|polychromatic_momentum_signals|center_of_gravity_signals|ttm_squeeze_volume_signals|tma_baseline,0.5,NZDJPY,2018-05-23,2018-05-29,1.3500000000000054,False,1.3500000000000054,2018-05-29
B|chop|polychromatic_momentum_signals|center_of_gravity_signals|ttm_squeeze_volume_signals|tma_baseline,0.5,NZDJPY,2018-08-07,2018-08-09,1.3499999999999983,False,1.3499999999999983,2018-08-09
B|chop|polychromatic_momentum_signals|center_of_gravity_signals|ttm_squeeze_volume_signals|tma_baseline,0.5,NZDUSD,2016-09-15,2016-09-16,-0.5345681922379465,False,-0.5345681922379465,2016-09-16
B|chop|polychromatic_momentum_signals|center_of_gravity_signals|ttm_squeeze_volume_signals|tma_baseline,0.5,NZDUSD,2016-10-21,2016-10-25,-0.05883118907594061,False,-0.05883118907594061,2016-10-25
B|chop|polychromatic_momentum_signals|center_of_gravity_signals|ttm_squeeze_volume_signals|tma_baseline,0.5,NZDUSD,2017-05-11,2017-05-15,-1.0000000000000062,False,-1.0000000000000062,2017-05-15
B|chop|polychromatic_momentum_signals|center_of_gravity_signals|ttm_squeeze_volume_signals|tma_baseline,0.5,NZDUSD,2019-02-14,2019-02-21,-0.599981425956094,False,-0.599981425956094,2019-02-21
B|chop|polychromatic_momentum_signals|center_of_gravity_signals|ttm_squeeze_volume_signals|tma_baseline,0.5,NZDUSD,2019-06-20,2019-06-25,1.3500000000000072,False,1.3500000000000072,2019-06-25
B|chop|polychromatic_momentum_signals|center_of_gravity_signals|ttm_squeeze_volume_signals|tma_baseline,0.5,USDCAD,2017-12-07,2017-12-14,-0.9999999999999928,False,-0.9999999999999928,2017-12-14
B|chop|polychromatic_momentum_signals|center_of_gravity_signals|ttm_squeeze_volume_signals|tma_baseline,0.5,USDCAD,2018-05-15,2018-05-16,-0.9999999999999939,False,-0.9999999999999939,2018-05-16
B|chop|polychromatic_momentum_signals|center_of_gravity_signals|ttm_squeeze_volume_signals|tma_baseline,0.5,USDCAD,2018-09-12,2018-09-27,-0.4566612124564017,False,-0.4566612124564017,2018-09-27
B|chop|polychromatic_momentum_signals|center_of_gravity_signals|ttm_squeeze_volume_signals|tma_baseline,0.5,USDCAD,2018-09-28,2018-10-01,1.3499999999999985,False,1.3499999999999985,2018-10-01
B|chop|polychromatic_momentum_signals|center_of_gravity_signals|ttm_squeeze_volume_signals|tma_baseline,0.5,USDCAD,2019-01-25,2019-02-01,1.3500000000000014,False,1.3500000000000014,2019-02-01
B|chop|polychromatic_momentum_signals|center_of_gravity_signals|ttm_squeeze_volume_signals|tma_baseline,0.5,USDCAD,2019-06-06,2019-06-07,1.3500000000000056,False,1.3500000000000056,2019-06-07
B|chop|polychromatic_momentum_signals|center_of_gravity_signals|ttm_squeeze_volume_signals|tma_baseline,0.5,USDCAD,2019-06-18,2019-06-19,1.3499999999999952,False,1.3499999999999952,2019-06-19
B|chop|polychromatic_momentum_signals|center_of_gravity_signals|ttm_squeeze_volume_signals|tma_baseline,0.5,USDCAD,2020-02-18,2020-02-19,-0.8247514069546026,False,-0.8247514069546026,2020-02-19
B|chop|polychromatic_momentum_signals|center_of_gravity_signals|ttm_squeeze_volume_signals|tma_baseline,0.5,USDCHF,2016-05-06,2016-05-18,1.3500000000000045,False,1.3500000000000045,2016-05-18
B|chop|polychromatic_momentum_signals|center_of_gravity_signals|ttm_squeeze_volume_signals|tma_baseline,0.5,USDCHF,2016-08-10,2016-08-16,1.3500000000000034,False,1.3500000000000034,2016-08-16
B|chop|polychromatic_momentum_signals|center_of_gravity_signals|ttm_squeeze_volume_signals|tma_baseline,0.5,USDCHF,2016-11-09,2016-11-10,-0.30995255394982896,False,-0.30995255394982896,2016-11-10
B|chop|polychromatic_momentum_signals|center_of_gravity_signals|ttm_squeeze_volume_signals|tma_baseline,0.5,USDCHF,2017-05-16,2017-05-18,1.3500000000000085,False,1.3500000000000085,2017-05-18
B|chop|polychromatic_momentum_signals|center_of_gravity_signals|ttm_squeeze_volume_signals|tma_baseline,0.5,USDCHF,2018-03-28,2018-04-17,1.3499999999999996,False,1.3499999999999996,2018-04-17
B|chop|polychromatic_momentum_signals|center_of_gravity_signals|ttm_squeeze_volume_signals|tma_baseline,0.5,USDCHF,2019-08-20,2019-08-21,-0.7438233525861117,False,-0.7438233525861117,2019-08-21
B|chop|polychromatic_momentum_signals|center_of_gravity_signals|ttm_squeeze_volume_signals|tma_baseline,0.5,USDJPY,2016-02-03,2016-02-05,1.3499999999999963,False,1.3499999999999963,2016-02-05
B|chop|polychromatic_momentum_signals|center_of_gravity_signals|ttm_squeeze_volume_signals|tma_baseline,0.5,USDJPY,2019-05-23,2019-05-31,1.3500000000000025,False,1.3500000000000025,2019-05-31
B|chop|polychromatic_momentum_signals|center_of_gravity_signals|ttm_squeeze_volume_signals|tma_baseline,0.5,USDJPY,2020-01-10,2020-01-14,1.3499999999999972,False,1.3499999999999972,2020-01-14
B|trend|vortex_signals|volatility_quality_signals|variance_volume_signals|kama_baseline,0.5,AUDCAD,2019-07-26,2019-07-31,0.7249999999999946,False,0.7249999999999946,2019-07-31
B|trend|vortex_signals|volatility_quality_signals|variance_volume_signals|kama_baseline,0.5,AUDCAD,2019-07-26,2019-08-07,1.0630541376322589,False,1.0630541376322589,2019-08-07
B|trend|vortex_signals|volatility_quality_signals|variance_volume_signals|kama_baseline,0.5,AUDCAD,2019-09-24,2019-09-30,0.7250000000000049,False,0.7250000000000049,2019-09-30
B|trend|vortex_signals|volatility_quality_signals|variance_volume_signals|kama_baseline,0.5,AUDCAD,2019-09-24,2019-10-02,0.8129632607546129,False,0.8129632607546129,2019-10-02
B|trend|vortex_signals|volatility_quality_signals|variance_volume_signals|kama_baseline,0.5,AUDCAD,2020-08-19,2020-08-27,-0.26912261186528,False,-0.26912261186528,2020-08-27
B|trend|vortex_signals|volatility_quality_signals|variance_volume_signals|kama_baseline,0.5,AUDCAD,2020-08-19,2020-08-27,-0.26912261186528,False,-0.26912261186528,2020-08-27
B|trend|vortex_signals|volatility_quality_signals|variance_volume_signals|kama_baseline,0.5,AUDCAD,2020-10-06,2020-10-15,0.724999999999996,False,0.724999999999996,2020-10-15
B|trend|vortex_signals|volatility_quality_signals|variance_volume_signals|kama_baseline,0.5,AUDCAD,2020-10-06,2020-10-21,0.9804203662336726,False,0.9804203662336726,2020-10-21
B|trend|vortex_signals|volatility_quality_signals|variance_volume_signals|kama_baseline,0.5,AUDCHF,2020-06-15,2020-06-17,-0.15887236069626984,False,-0.15887236069626984,2020-06-17
B|trend|vortex_signals|volatility_quality_signals|variance_volume_signals|kama_baseline,0.5,AUDCHF,2020-06-15,2020-06-17,-0.15887236069626984,False,-0.15887236069626984,2020-06-17
B|trend|vortex_signals|volatility_quality_signals|variance_volume_signals|kama_baseline,0.5,AUDJPY,2018-06-04,2018-06-08,-0.4999999999999965,False,-0.4999999999999965,2018-06-08
B|trend|vortex_signals|volatility_quality_signals|variance_volume_signals|kama_baseline,0.5,AUDJPY,2018-06-04,2018-06-08,-0.4999999999999965,False,-0.4999999999999965,2018-06-08
B|trend|vortex_signals|volatility_quality_signals|variance_volume_signals|kama_baseline,0.5,AUDNZD,2016-11-16,2016-11-21,0.7249999999999988,False,0.7249999999999988,2016-11-21
B|trend|vortex_signals|volatility_quality_signals|variance_volume_signals|kama_baseline,0.5,AUDNZD,2016-11-16,2016-11-24,0.0,False,0.0,2016-11-24
B|trend|vortex_signals|volatility_quality_signals|variance_volume_signals|kama_baseline,0.5,AUDUSD,2020-09-09,2020-09-21,-0.5000000000000024,False,-0.5000000000000024,2020-09-21
B|trend|vortex_signals|volatility_quality_signals|variance_volume_signals|kama_baseline,0.5,AUDUSD,2020-09-09,2020-09-21,-0.5000000000000024,False,-0.5000000000000024,2020-09-21
B|trend|vortex_signals|volatility_quality_signals|variance_volume_signals|kama_baseline,0.5,AUDUSD,2020-12-23,2020-12-31,0.7250000000000008,False,0.7250000000000008,2020-12-31
B|trend|vortex_signals|volatility_quality_signals|variance_volume_signals|kama_baseline,0.5,AUDUSD,2020-12-23,2021-01-11,0.8480037079090352,True,0.7281356251073414,2020-12-31
B|trend|vortex_signals|volatility_quality_signals|variance_volume_signals|kama_baseline,0.5,CADCHF,2017-12-27,2018-01-05,0.7249999999999963,False,0.7249999999999963,2018-01-05
B|trend|vortex_signals|volatility_quality_signals|variance_volume_signals|kama_baseline,0.5,CADCHF,2017-12-27,2018-01-10,0.2659531092532058,False,0.2659531092532058,2018-01-10
B|trend|vortex_signals|volatility_quality_signals|variance_volume_signals|kama_baseline,0.5,CADJPY,2016-04-13,2016-04-18,-0.7200825362895494,False,-0.7200825362895494,2016-04-18
B|trend|vortex_signals|volatility_quality_signals|variance_volume_signals|kama_baseline,0.5,CADJPY,2016-04-13,2016-04-18,-0.7200825362895494,False,-0.7200825362895494,2016-04-18
B|trend|vortex_signals|volatility_quality_signals|variance_volume_signals|kama_baseline,0.5,CADJPY,2016-04-21,2016-04-22,0.7250000000000025,False,0.7250000000000025,2016-04-22
B|trend|vortex_signals|volatility_quality_signals|variance_volume_signals|kama_baseline,0.5,CADJPY,2016-04-21,2016-04-28,0.25705147074943246,False,0.25705147074943246,2016-04-28
B|trend|vortex_signals|volatility_quality_signals|variance_volume_signals|kama_baseline,0.5,CADJPY,2017-05-22,2017-05-30,-0.04372023714197226,False,-0.04372023714197226,2017-05-30
B|trend|vortex_signals|volatility_quality_signals|variance_volume_signals|kama_baseline,0.5,CADJPY,2017-05-22,2017-05-30,-0.04372023714197226,False,-0.04372023714197226,2017-05-30
B|trend|vortex_signals|volatility_quality_signals|variance_volume_signals|kama_baseline,0.5,CADJPY,2017-06-15,2017-06-27,0.7250000000000018,False,0.7250000000000018,2017-06-27
B|trend|vortex_signals|volatility_quality_signals|variance_volume_signals|kama_baseline,0.5,CADJPY,2017-06-15,2017-07-27,2.3030446319889784,False,2.3030446319889784,2017-07-27
B|trend|vortex_signals|volatility_quality_signals|variance_volume_signals|kama_baseline,0.5,CHFJPY,2017-02-07,2017-02-10,-0.5000000000000024,False,-0.5000000000000024,2017-02-10
B|trend|vortex_signals|volatility_quality_signals|variance_volume_signals|kama_baseline,0.5,CHFJPY,2017-02-07,2017-02-10,-0.5000000000000024,False,-0.5000000000000024,2017-02-10
B|trend|vortex_signals|volatility_quality_signals|variance_volume_signals|kama_baseline,0.5,CHFJPY,2020-04-02,2020-04-07,-0.5000000000000008,False,-0.5000000000000008,2020-04-07
B|trend|vortex_signals|volatility_quality_signals|variance_volume_signals|kama_baseline,0.5,CHFJPY,2020-04-02,2020-04-07,-0.5000000000000008,False,-0.5000000000000008,2020-04-07
B|trend|vortex_signals|volatility_quality_signals|variance_volume_signals|kama_baseline,0.5,EURCHF,2019-10-04,2019-10-08,-0.35484035254996316,False,-0.35484035254996316,2019-10-08
B|trend|vortex_signals|volatility_quality_signals|variance_volume_signals|kama_baseline,0.5,EURCHF,2019-10-04,2019-10-08,-0.35484035254996316,False,-0.35484035254996316,2019-10-08
B|trend|vortex_signals|volatility_quality_signals|variance_volume_signals|kama_baseline,0.5,EURCHF,2020-05-18,2020-05-27,0.7250000000000035,False,0.7250000000000035,2020-05-27
B|trend|vortex_signals|volatility_quality_signals|variance_volume_signals|kama_baseline,0.5,EURCHF,2020-05-18,2020-06-08,1.8999292037398803,False,1.8999292037398803,2020-06-08
B|trend|vortex_signals|volatility_quality_signals|variance_volume_signals|kama_baseline,0.5,EURGBP,2016-06-06,2016-06-07,-0.49999999999999667,False,-0.49999999999999667,2016-06-07
B|trend|vortex_signals|volatility_quality_signals|variance_volume_signals|kama_baseline,0.5,EURGBP,2016-06-06,2016-06-07,-0.49999999999999667,False,-0.49999999999999667,2016-06-07
B|trend|vortex_signals|volatility_quality_signals|variance_volume_signals|kama_baseline,0.5,EURGBP,2016-06-24,2016-07-05,0.7249999999999999,False,0.7249999999999999,2016-07-05
B|trend|vortex_signals|volatility_quality_signals|variance_volume_signals|kama_baseline,0.5,EURGBP,2016-06-24,2016-07-12,0.5986420464187803,False,0.5986420464187803,2016-07-12
B|trend|vortex_signals|volatility_quality_signals|variance_volume_signals|kama_baseline,0.5,EURJPY,2017-09-06,2017-09-12,0.7249999999999949,False,0.7249999999999949,2017-09-12
B|trend|vortex_signals|volatility_quality_signals|variance_volume_signals|kama_baseline,0.5,EURJPY,2017-09-06,2017-09-25,1.3519705471623402,False,1.3519705471623402,2017-09-25
B|trend|vortex_signals|volatility_quality_signals|variance_volume_signals|kama_baseline,0.5,EURJPY,2017-12-07,2017-12-14,-0.3877238995063766,False,-0.3877238995063766,2017-12-14
B|trend|vortex_signals|volatility_quality_signals|variance_volume_signals|kama_baseline,0.5,EURJPY,2017-12-07,2017-12-14,-0.3877238995063766,False,-0.3877238995063766,2017-12-14
B|trend|vortex_signals|volatility_quality_signals|variance_volume_signals|kama_baseline,0.5,EURNZD,2018-10-16,2018-10-19,0.7249999999999989,False,0.7249999999999989,2018-10-19
B|trend|vortex_signals|volatility_quality_signals|variance_volume_signals|kama_baseline,0.5,EURNZD,2018-10-16,2018-10-26,0.0,False,0.0,2018-10-26
B|trend|vortex_signals|volatility_quality_signals|variance_volume_signals|kama_baseline,0.5,EURNZD,2019-02-25,2019-02-27,-0.499999999999999,False,-0.499999999999999,2019-02-27
B|trend|vortex_signals|volatility_quality_signals|variance_volume_signals|kama_baseline,0.5,EURNZD,2019-02-25,2019-02-27,-0.499999999999999,False,-0.499999999999999,2019-02-27
B|trend|vortex_signals|volatility_quality_signals|variance_volume_signals|kama_baseline,0.5,EURNZD,2019-09-27,2019-10-14,0.725000000000001,False,0.725000000000001,2019-10-14
B|trend|vortex_signals|volatility_quality_signals|variance_volume_signals|kama_baseline,0.5,EURNZD,2019-09-27,2019-10-18,0.3600797798066689,False,0.3600797798066689,2019-10-18
B|trend|vortex_signals|volatility_quality_signals|variance_volume_signals|kama_baseline,0.5,GBPAUD,2020-04-08,2020-04-22,0.7250000000000001,False,0.7250000000000001,2020-04-22
B|trend|vortex_signals|volatility_quality_signals|variance_volume_signals|kama_baseline,0.5,GBPAUD,2020-04-08,2020-04-30,0.8958053282492713,False,0.8958053282492713,2020-04-30
B|trend|vortex_signals|volatility_quality_signals|variance_volume_signals|kama_baseline,0.5,GBPCAD,2016-06-24,2016-07-05,0.7250000000000004,False,0.7250000000000004,2016-07-05
B|trend|vortex_signals|volatility_quality_signals|variance_volume_signals|kama_baseline,0.5,GBPCAD,2016-06-24,2016-07-12,0.4763764887195557,False,0.4763764887195557,2016-07-12
B|trend|vortex_signals|volatility_quality_signals|variance_volume_signals|kama_baseline,0.5,GBPCAD,2018-06-29,2018-07-11,-0.3256565686689715,False,-0.3256565686689715,2018-07-11
B|trend|vortex_signals|volatility_quality_signals|variance_volume_signals|kama_baseline,0.5,GBPCAD,2018-06-29,2018-07-11,-0.3256565686689715,False,-0.3256565686689715,2018-07-11
B|trend|vortex_signals|volatility_quality_signals|variance_volume_signals|kama_baseline,0.5,GBPCAD,2018-07-12,2018-07-18,0.7250000000000014,False,0.7250000000000014,2018-07-18
B|trend|vortex_signals|volatility_quality_signals|variance_volume_signals|kama_baseline,0.5,GBPCAD,2018-07-12,2018-08-21,2.7016724892674038,False,2.7016724892674038,2018-08-21
B|trend|vortex_signals|volatility_quality_signals|variance_volume_signals|kama_baseline,0.5,GBPCAD,2019-12-18,2020-01-22,-0.2532218099217999,False,-0.2532218099217999,2020-01-22
B|trend|vortex_signals|volatility_quality_signals|variance_volume_signals|kama_baseline,0.5,GBPCAD,2019-12-18,2020-01-22,-0.2532218099217999,False,-0.2532218099217999,2020-01-22
B|trend|vortex_signals|volatility_quality_signals|variance_volume_signals|kama_baseline,0.5,GBPJPY,2016-11-29,2016-12-01,0.7249999999999999,False,0.7249999999999999,2016-12-01
B|trend|vortex_signals|volatility_quality_signals|variance_volume_signals|kama_baseline,0.5,GBPJPY,2016-11-29,2016-12-19,1.0255773000630746,False,1.0255773000630746,2016-12-19
B|trend|vortex_signals|volatility_quality_signals|variance_volume_signals|kama_baseline,0.5,GBPJPY,2017-04-18,2017-04-24,0.7250000000000009,False,0.7250000000000009,2017-04-24
B|trend|vortex_signals|volatility_quality_signals|variance_volume_signals|kama_baseline,0.5,GBPJPY,2017-04-18,2017-05-12,1.923032310645166,False,1.923032310645166,2017-05-12
B|trend|vortex_signals|volatility_quality_signals|variance_volume_signals|kama_baseline,0.5,GBPJPY,2020-06-15,2020-06-16,-0.098476328643197,False,-0.098476328643197,2020-06-16
B|trend|vortex_signals|volatility_quality_signals|variance_volume_signals|kama_baseline,0.5,GBPJPY,2020-06-15,2020-06-16,-0.098476328643197,False,-0.098476328643197,2020-06-16
B|trend|vortex_signals|volatility_quality_signals|variance_volume_signals|kama_baseline,0.5,GBPNZD,2020-03-13,2020-03-16,-0.6543537217051069,False,-0.6543537217051069,2020-03-16
B|trend|vortex_signals|volatility_quality_signals|variance_volume_signals|kama_baseline,0.5,GBPNZD,2020-03-13,2020-03-16,-0.6543537217051069,False,-0.6543537217051069,2020-03-16
B|trend|vortex_signals|volatility_quality_signals|variance_volume_signals|kama_baseline,0.5,GBPNZD,2020-03-24,2020-03-26,-0.23574133784336826,False,-0.23574133784336826,2020-03-26
B|trend|vortex_signals|volatility_quality_signals|variance_volume_signals|kama_baseline,0.5,GBPNZD,2020-03-24,2020-03-26,-0.23574133784336826,False,-0.23574133784336826,2020-03-26
B|trend|vortex_signals|volatility_quality_signals|variance_volume_signals|kama_baseline,0.5,GBPUSD,2018-10-24,2018-10-30,0.7250000000000005,False,0.7250000000000005,2018-10-30
B|trend|vortex_signals|volatility_quality_signals|variance_volume_signals|kama_baseline,0.5,GBPUSD,2018-10-24,2018-11-01,0.0,False,0.0,2018-11-01
B|trend|vortex_signals|volatility_quality_signals|variance_volume_signals|kama_baseline,0.5,GBPUSD,2018-11-02,2018-11-05,-0.2761354376442905,False,-0.2761354376442905,2018-11-05
B|trend|vortex_signals|volatility_quality_signals|variance_volume_signals|kama_baseline,0.5,GBPUSD,2018-11-02,2018-11-05,-0.2761354376442905,False,-0.2761354376442905,2018-11-05
B|trend|vortex_signals|volatility_quality_signals|variance_volume_signals|kama_baseline,0.5,GBPUSD,2018-11-09,2018-11-14,-0.06925372147062994,False,-0.06925372147062994,2018-11-14
B|trend|vortex_signals|volatility_quality_signals|variance_volume_signals|kama_baseline,0.5,GBPUSD,2018-11-09,2018-11-14,-0.06925372147062994,False,-0.06925372147062994,2018-11-14
B|trend|vortex_signals|volatility_quality_signals|variance_volume_signals|kama_baseline,0.5,GBPUSD,2020-12-22,2020-12-31,0.7250000000000005,False,0.7250000000000005,2020-12-31
B|trend|vortex_signals|volatility_quality_signals|variance_volume_signals|kama_baseline,0.5,GBPUSD,2020-12-22,2021-02-26,1.57485758330654,True,0.8177374860669603,2020-12-31
B|trend|vortex_signals|volatility_quality_signals|variance_volume_signals|kama_baseline,0.5,NZDCAD,2019-11-08,2019-11-11,-0.41266358605238734,False,-0.41266358605238734,2019-11-11
B|trend|vortex_signals|volatility_quality_signals|variance_volume_signals|kama_baseline,0.5,NZDCAD,2019-11-08,2019-11-11,-0.41266358605238734,False,-0.41266358605238734,2019-11-11
B|trend|vortex_signals|volatility_quality_signals|variance_volume_signals|kama_baseline,0.5,NZDCAD,2020-03-18,2020-03-19,-0.5000000000000004,False,-0.5000000000000004,2020-03-19
B|trend|vortex_signals|volatility_quality_signals|variance_volume_signals|kama_baseline,0.5,NZDCAD,2020-03-18,2020-03-19,-0.5000000000000004,False,-0.5000000000000004,2020-03-19
B|trend|vortex_signals|volatility_quality_signals|variance_volume_signals|kama_baseline,0.5,NZDCHF,2016-11-21,2016-11-30,0.7250000000000019,False,0.7250000000000019,2016-11-30
B|trend|vortex_signals|volatility_quality_signals|variance_volume_signals|kama_baseline,0.5,NZDCHF,2016-11-21,2016-12-05,0.1314927347216944,False,0.1314927347216944,2016-12-05
B|trend|vortex_signals|volatility_quality_signals|variance_volume_signals|kama_baseline,0.5,NZDCHF,2020-06-12,2020-06-24,-0.3162415146094556,False,-0.3162415146094556,2020-06-24
B|trend|vortex_signals|volatility_quality_signals|variance_volume_signals|kama_baseline,0.5,NZDCHF,2020-06-12,2020-06-24,-0.3162415146094556,False,-0.3162415146094556,2020-06-24
B|trend|vortex_signals|volatility_quality_signals|variance_volume_signals|kama_baseline,0.5,NZDJPY,2020-06-12,2020-06-18,-0.17965498212958395,False,-0.17965498212958395,2020-06-18
B|trend|vortex_signals|volatility_quality_signals|variance_volume_signals|kama_baseline,0.5,NZDJPY,2020-06-12,2020-06-18,-0.17965498212958395,False,-0.17965498212958395,2020-06-18
B|trend|vortex_signals|volatility_quality_signals|variance_volume_signals|kama_baseline,0.5,NZDUSD,2016-11-14,2016-11-24,0.7250000000000001,False,0.7250000000000001,2016-11-24
B|trend|vortex_signals|volatility_quality_signals|variance_volume_signals|kama_baseline,0.5,NZDUSD,2016-11-14,2016-11-29,0.0,False,0.0,2016-11-29
B|trend|vortex_signals|volatility_quality_signals|variance_volume_signals|kama_baseline,0.5,USDCAD,2020-06-12,2020-06-18,-0.042881558459261726,False,-0.042881558459261726,2020-06-18
B|trend|vortex_signals|volatility_quality_signals|variance_volume_signals|kama_baseline,0.5,USDCAD,2020-06-12,2020-06-18,-0.042881558459261726,False,-0.042881558459261726,2020-06-18
B|trend|vortex_signals|volatility_quality_signals|variance_volume_signals|kama_baseline,0.5,USDCHF,2020-03-16,2020-03-17,-0.5000000000000004,False,-0.5000000000000004,2020-03-17
B|trend|vortex_signals|volatility_quality_signals|variance_volume_signals|kama_baseline,0.5,USDCHF,2020-03-16,2020-03-17,-0.5000000000000004,False,-0.5000000000000004,2020-03-17
B|trend|polychromatic_momentum_signals|lemantrend_signals|chaikin_volatility_volume_signals|wma_baseline,0.5,AUDCAD,2019-07-24,2019-08-01,1.500000000000004,False,1.500000000000004,2019-08-01
B|trend|polychromatic_momentum_signals|lemantrend_signals|chaikin_volatility_volume_signals|wma_baseline,0.5,AUDCAD,2019-07-24,2019-08-06,1.8774015218594235,False,1.8774015218594235,2019-08-06
B|trend|polychromatic_momentum_signals|lemantrend_signals|chaikin_volatility_volume_signals|wma_baseline,0.5,AUDCAD,2020-09-29,2020-10-02,-0.12097842156483062,False,-0.12097842156483062,2020-10-02
B|trend|polychromatic_momentum_signals|lemantrend_signals|chaikin_volatility_volume_signals|wma_baseline,0.5,AUDCAD,2020-09-29,2020-10-02,-0.12097842156483062,False,-0.12097842156483062,2020-10-02
B|trend|polychromatic_momentum_signals|lemantrend_signals|chaikin_volatility_volume_signals|wma_baseline,0.5,AUDCHF,2018-12-06,2018-12-24,1.4999999999999998,False,1.4999999999999998,2018-12-24
B|trend|polychromatic_momentum_signals|lemantrend_signals|chaikin_volatility_volume_signals|wma_baseline,0.5,AUDCHF,2018-12-06,2019-01-04,1.3834868746539555,False,1.3834868746539555,2019-01-04
B|trend|polychromatic_momentum_signals|lemantrend_signals|chaikin_volatility_volume_signals|wma_baseline,0.5,AUDCHF,2020-08-06,2020-08-07,-0.4722185238257252,False,-0.4722185238257252,2020-08-07
B|trend|polychromatic_momentum_signals|lemantrend_signals|chaikin_volatility_volume_signals|wma_baseline,0.5,AUDCHF,2020-08-06,2020-08-07,-0.4722185238257252,False,-0.4722185238257252,2020-08-07
B|trend|polychromatic_momentum_signals|lemantrend_signals|chaikin_volatility_volume_signals|wma_baseline,0.5,AUDJPY,2018-06-01,2018-06-14,-0.09651934775539087,False,-0.09651934775539087,2018-06-14
B|trend|polychromatic_momentum_signals|lemantrend_signals|chaikin_volatility_volume_signals|wma_baseline,0.5,AUDJPY,2018-06-01,2018-06-14,-0.09651934775539087,False,-0.09651934775539087,2018-06-14
B|trend|polychromatic_momentum_signals|lemantrend_signals|chaikin_volatility_volume_signals|wma_baseline,0.5,CADJPY,2016-02-17,2016-02-18,-0.26425259073242097,False,-0.26425259073242097,2016-02-18
B|trend|polychromatic_momentum_signals|lemantrend_signals|chaikin_volatility_volume_signals|wma_baseline,0.5,CADJPY,2016-02-17,2016-02-18,-0.26425259073242097,False,-0.26425259073242097,2016-02-18
B|trend|polychromatic_momentum_signals|lemantrend_signals|chaikin_volatility_volume_signals|wma_baseline,0.5,CADJPY,2017-12-20,2018-01-04,1.500000000000005,False,1.500000000000005,2018-01-04
B|trend|polychromatic_momentum_signals|lemantrend_signals|chaikin_volatility_volume_signals|wma_baseline,0.5,CADJPY,2017-12-20,2018-01-09,1.8966940434739752,False,1.8966940434739752,2018-01-09
B|trend|polychromatic_momentum_signals|lemantrend_signals|chaikin_volatility_volume_signals|wma_baseline,0.5,CHFJPY,2016-03-18,2016-04-05,0.14465906361504183,False,0.14465906361504183,2016-04-05
B|trend|polychromatic_momentum_signals|lemantrend_signals|chaikin_volatility_volume_signals|wma_baseline,0.5,CHFJPY,2016-03-18,2016-04-05,0.14465906361504183,False,0.14465906361504183,2016-04-05
B|trend|polychromatic_momentum_signals|lemantrend_signals|chaikin_volatility_volume_signals|wma_baseline,0.5,CHFJPY,2020-03-30,2020-04-07,0.09881474166140977,False,0.09881474166140977,2020-04-07
B|trend|polychromatic_momentum_signals|lemantrend_signals|chaikin_volatility_volume_signals|wma_baseline,0.5,CHFJPY,2020-03-30,2020-04-07,0.09881474166140977,False,0.09881474166140977,2020-04-07
B|trend|polychromatic_momentum_signals|lemantrend_signals|chaikin_volatility_volume_signals|wma_baseline,0.5,CHFJPY,2020-09-14,2020-09-21,1.500000000000003,False,1.500000000000003,2020-09-21
B|trend|polychromatic_momentum_signals|lemantrend_signals|chaikin_volatility_volume_signals|wma_baseline,0.5,CHFJPY,2020-09-14,2020-09-29,1.29856123422413,False,1.29856123422413,2020-09-29
B|trend|polychromatic_momentum_signals|lemantrend_signals|chaikin_volatility_volume_signals|wma_baseline,0.5,EURAUD,2018-01-30,2018-02-02,1.499999999999999,False,1.499999999999999,2018-02-02
B|trend|polychromatic_momentum_signals|lemantrend_signals|chaikin_volatility_volume_signals|wma_baseline,0.5,EURAUD,2018-01-30,2018-02-13,1.1905730100643763,False,1.1905730100643763,2018-02-13
B|trend|polychromatic_momentum_signals|lemantrend_signals|chaikin_volatility_volume_signals|wma_baseline,0.5,EURCHF,2019-09-11,2019-09-12,-0.5000000000000014,False,-0.5000000000000014,2019-09-12
B|trend|polychromatic_momentum_signals|lemantrend_signals|chaikin_volatility_volume_signals|wma_baseline,0.5,EURCHF,2019-09-11,2019-09-12,-0.5000000000000014,False,-0.5000000000000014,2019-09-12
B|trend|polychromatic_momentum_signals|lemantrend_signals|chaikin_volatility_volume_signals|wma_baseline,0.5,EURCHF,2019-10-02,2019-10-08,-0.3550314055884987,False,-0.3550314055884987,2019-10-08
B|trend|polychromatic_momentum_signals|lemantrend_signals|chaikin_volatility_volume_signals|wma_baseline,0.5,EURCHF,2019-10-02,2019-10-08,-0.3550314055884987,False,-0.3550314055884987,2019-10-08
B|trend|polychromatic_momentum_signals|lemantrend_signals|chaikin_volatility_volume_signals|wma_baseline,0.5,EURCHF,2020-05-18,2020-06-02,1.4999999999999922,False,1.4999999999999922,2020-06-02
B|trend|polychromatic_momentum_signals|lemantrend_signals|chaikin_volatility_volume_signals|wma_baseline,0.5,EURCHF,2020-05-18,2020-06-04,1.3895926291299936,False,1.3895926291299936,2020-06-04
B|trend|polychromatic_momentum_signals|lemantrend_signals|chaikin_volatility_volume_signals|wma_baseline,0.5,EURGBP,2017-11-02,2017-11-03,-0.2663951908252014,False,-0.2663951908252014,2017-11-03
B|trend|polychromatic_momentum_signals|lemantrend_signals|chaikin_volatility_volume_signals|wma_baseline,0.5,EURGBP,2017-11-02,2017-11-03,-0.2663951908252014,False,-0.2663951908252014,2017-11-03
B|trend|polychromatic_momentum_signals|lemantrend_signals|chaikin_volatility_volume_signals|wma_baseline,0.5,EURJPY,2017-11-30,2017-12-06,-0.500000000000002,False,-0.500000000000002,2017-12-06
B|trend|polychromatic_momentum_signals|lemantrend_signals|chaikin_volatility_volume_signals|wma_baseline,0.5,EURJPY,2017-11-30,2017-12-06,-0.500000000000002,False,-0.500000000000002,2017-12-06
B|trend|polychromatic_momentum_signals|lemantrend_signals|chaikin_volatility_volume_signals|wma_baseline,0.5,EURJPY,2020-09-16,2020-09-29,-0.0584869731715168,False,-0.0584869731715168,2020-09-29
B|trend|polychromatic_momentum_signals|lemantrend_signals|chaikin_volatility_volume_signals|wma_baseline,0.5,EURJPY,2020-09-16,2020-09-29,-0.0584869731715168,False,-0.0584869731715168,2020-09-29
B|trend|polychromatic_momentum_signals|lemantrend_signals|chaikin_volatility_volume_signals|wma_baseline,0.5,EURJPY,2020-11-18,2020-11-23,-0.49999999999999517,False,-0.49999999999999517,2020-11-23
B|trend|polychromatic_momentum_signals|lemantrend_signals|chaikin_volatility_volume_signals|wma_baseline,0.5,EURJPY,2020-11-18,2020-11-23,-0.49999999999999517,False,-0.49999999999999517,2020-11-23
B|trend|polychromatic_momentum_signals|lemantrend_signals|chaikin_volatility_volume_signals|wma_baseline,0.5,EURNZD,2018-10-15,2018-10-31,1.5000000000000022,False,1.5000000000000022,2018-10-31
B|trend|polychromatic_momentum_signals|lemantrend_signals|chaikin_volatility_volume_signals|wma_baseline,0.5,EURNZD,2018-10-15,2018-11-19,3.787681004581539,False,3.787681004581539,2018-11-19
B|trend|polychromatic_momentum_signals|lemantrend_signals|chaikin_volatility_volume_signals|wma_baseline,0.5,EURUSD,2017-12-19,2018-01-02,1.5000000000000042,False,1.5000000000000042,2018-01-02
B|trend|polychromatic_momentum_signals|lemantrend_signals|chaikin_volatility_volume_signals|wma_baseline,0.5,EURUSD,2017-12-19,2018-01-08,1.075073708247835,False,1.075073708247835,2018-01-08
B|trend|polychromatic_momentum_signals|lemantrend_signals|chaikin_volatility_volume_signals|wma_baseline,0.5,EURUSD,2020-11-05,2020-12-03,1.4999999999999962,False,1.4999999999999962,2020-12-03
B|trend|polychromatic_momentum_signals|lemantrend_signals|chaikin_volatility_volume_signals|wma_baseline,0.5,EURUSD,2020-11-05,2020-12-21,1.627941600192621,False,1.627941600192621,2020-12-21
B|trend|polychromatic_momentum_signals|lemantrend_signals|chaikin_volatility_volume_signals|wma_baseline,0.5,GBPAUD,2017-06-02,2017-06-09,1.5000000000000018,False,1.5000000000000018,2017-06-09
B|trend|polychromatic_momentum_signals|lemantrend_signals|chaikin_volatility_volume_signals|wma_baseline,0.5,GBPAUD,2017-06-02,2017-06-13,1.1884063262901101,False,1.1884063262901101,2017-06-13
B|trend|polychromatic_momentum_signals|lemantrend_signals|chaikin_volatility_volume_signals|wma_baseline,0.5,GBPAUD,2019-08-12,2019-08-13,-0.37108266532092055,False,-0.37108266532092055,2019-08-13
B|trend|polychromatic_momentum_signals|lemantrend_signals|chaikin_volatility_volume_signals|wma_baseline,0.5,GBPAUD,2019-08-12,2019-08-13,-0.37108266532092055,False,-0.37108266532092055,2019-08-13
B|trend|polychromatic_momentum_signals|lemantrend_signals|chaikin_volatility_volume_signals|wma_baseline,0.5,GBPAUD,2019-08-14,2019-08-15,-0.0758808831159107,False,-0.0758808831159107,2019-08-15
B|trend|polychromatic_momentum_signals|lemantrend_signals|chaikin_volatility_volume_signals|wma_baseline,0.5,GBPAUD,2019-08-14,2019-08-15,-0.0758808831159107,False,-0.0758808831159107,2019-08-15
B|trend|polychromatic_momentum_signals|lemantrend_signals|chaikin_volatility_volume_signals|wma_baseline,0.5,GBPAUD,2019-08-16,2019-09-02,0.12863073882238663,False,0.12863073882238663,2019-09-02
B|trend|polychromatic_momentum_signals|lemantrend_signals|chaikin_volatility_volume_signals|wma_baseline,0.5,GBPAUD,2019-08-16,2019-09-02,0.12863073882238663,False,0.12863073882238663,2019-09-02
B|trend|polychromatic_momentum_signals|lemantrend_signals|chaikin_volatility_volume_signals|wma_baseline,0.5,GBPCAD,2016-01-20,2016-01-29,1.4999999999999993,False,1.4999999999999993,2016-01-29
B|trend|polychromatic_momentum_signals|lemantrend_signals|chaikin_volatility_volume_signals|wma_baseline,0.5,GBPCAD,2016-01-20,2016-02-01,0.9804939973153082,False,0.9804939973153082,2016-02-01
B|trend|polychromatic_momentum_signals|lemantrend_signals|chaikin_volatility_volume_signals|wma_baseline,0.5,GBPCAD,2018-06-14,2018-06-22,1.5,False,1.5,2018-06-22
B|trend|polychromatic_momentum_signals|lemantrend_signals|chaikin_volatility_volume_signals|wma_baseline,0.5,GBPCAD,2018-06-14,2018-06-27,0.46539848766188185,False,0.46539848766188185,2018-06-27
B|trend|polychromatic_momentum_signals|lemantrend_signals|chaikin_volatility_volume_signals|wma_baseline,0.5,GBPCHF,2018-09-24,2018-10-08,1.5000000000000029,False,1.5000000000000029,2018-10-08
B|trend|polychromatic_momentum_signals|lemantrend_signals|chaikin_volatility_volume_signals|wma_baseline,0.5,GBPCHF,2018-09-24,2018-10-18,1.2347868403561126,False,1.2347868403561126,2018-10-18
B|trend|polychromatic_momentum_signals|lemantrend_signals|chaikin_volatility_volume_signals|wma_baseline,0.5,GBPCHF,2018-11-01,2018-11-12,-0.16782747716069996,False,-0.16782747716069996,2018-11-12
B|trend|polychromatic_momentum_signals|lemantrend_signals|chaikin_volatility_volume_signals|wma_baseline,0.5,GBPCHF,2018-11-01,2018-11-12,-0.16782747716069996,False,-0.16782747716069996,2018-11-12
B|trend|polychromatic_momentum_signals|lemantrend_signals|chaikin_volatility_volume_signals|wma_baseline,0.5,GBPCHF,2019-09-04,2019-09-13,1.4999999999999998,False,1.4999999999999998,2019-09-13
B|trend|polychromatic_momentum_signals|lemantrend_signals|chaikin_volatility_volume_signals|wma_baseline,0.5,GBPCHF,2019-09-04,2019-09-19,1.5035265454724311,False,1.5035265454724311,2019-09-19
B|trend|polychromatic_momentum_signals|lemantrend_signals|chaikin_volatility_volume_signals|wma_baseline,0.5,GBPJPY,2017-02-02,2017-02-13,-0.2601694822890511,False,-0.2601694822890511,2017-02-13
B|trend|polychromatic_momentum_signals|lemantrend_signals|chaikin_volatility_volume_signals|wma_baseline,0.5,GBPJPY,2017-02-02,2017-02-13,-0.2601694822890511,False,-0.2601694822890511,2017-02-13
B|trend|polychromatic_momentum_signals|lemantrend_signals|chaikin_volatility_volume_signals|wma_baseline,0.5,GBPJPY,2019-09-05,2019-09-25,0.33675128230023427,False,0.33675128230023427,2019-09-25
B|trend|polychromatic_momentum_signals|lemantrend_signals|chaikin_volatility_volume_signals|wma_baseline,0.5,GBPJPY,2019-09-05,2019-09-25,0.33675128230023427,False,0.33675128230023427,2019-09-25
B|trend|polychromatic_momentum_signals|lemantrend_signals|chaikin_volatility_volume_signals|wma_baseline,0.5,GBPNZD,2016-01-25,2016-01-29,-0.16619891369892004,False,-0.16619891369892004,2016-01-29
B|trend|polychromatic_momentum_signals|lemantrend_signals|chaikin_volatility_volume_signals|wma_baseline,0.5,GBPNZD,2016-01-25,2016-01-29,-0.16619891369892004,False,-0.16619891369892004,2016-01-29
B|trend|polychromatic_momentum_signals|lemantrend_signals|chaikin_volatility_volume_signals|wma_baseline,0.5,GBPNZD,2016-02-02,2016-02-03,-0.5000000000000017,False,-0.5000000000000017,2016-02-03
B|trend|polychromatic_momentum_signals|lemantrend_signals|chaikin_volatility_volume_signals|wma_baseline,0.5,GBPNZD,2016-02-02,2016-02-03,-0.5000000000000017,False,-0.5000000000000017,2016-02-03
B|trend|polychromatic_momentum_signals|lemantrend_signals|chaikin_volatility_volume_signals|wma_baseline,0.5,GBPNZD,2020-03-20,2020-03-23,-0.15916569355294788,False,-0.15916569355294788,2020-03-23
B|trend|polychromatic_momentum_signals|lemantrend_signals|chaikin_volatility_volume_signals|wma_baseline,0.5,GBPNZD,2020-03-20,2020-03-23,-0.15916569355294788,False,-0.15916569355294788,2020-03-23
B|trend|polychromatic_momentum_signals|lemantrend_signals|chaikin_volatility_volume_signals|wma_baseline,0.5,GBPUSD,2018-09-06,2018-09-20,1.4999999999999998,False,1.4999999999999998,2018-09-20
B|trend|polychromatic_momentum_signals|lemantrend_signals|chaikin_volatility_volume_signals|wma_baseline,0.5,GBPUSD,2018-09-06,2018-09-21,1.224062019712295,False,1.224062019712295,2018-09-21
B|trend|polychromatic_momentum_signals|lemantrend_signals|chaikin_volatility_volume_signals|wma_baseline,0.5,GBPUSD,2019-09-04,2019-09-25,0.3765720551216325,False,0.3765720551216325,2019-09-25
B|trend|polychromatic_momentum_signals|lemantrend_signals|chaikin_volatility_volume_signals|wma_baseline,0.5,GBPUSD,2019-09-04,2019-09-25,0.3765720551216325,False,0.3765720551216325,2019-09-25
B|trend|polychromatic_momentum_signals|lemantrend_signals|chaikin_volatility_volume_signals|wma_baseline,0.5,NZDCAD,2016-01-20,2016-02-04,0.37447217128025506,False,0.37447217128025506,2016-02-04
B|trend|polychromatic_momentum_signals|lemantrend_signals|chaikin_volatility_volume_signals|wma_baseline,0.5,NZDCAD,2016-01-20,2016-02-04,0.37447217128025506,False,0.37447217128025506,2016-02-04
B|trend|polychromatic_momentum_signals|lemantrend_signals|chaikin_volatility_volume_signals|wma_baseline,0.5,NZDCAD,2019-01-03,2019-01-11,-0.20519198157119434,False,-0.20519198157119434,2019-01-11
B|trend|polychromatic_momentum_signals|lemantrend_signals|chaikin_volatility_volume_signals|wma_baseline,0.5,NZDCAD,2019-01-03,2019-01-11,-0.20519198157119434,False,-0.20519198157119434,2019-01-11
B|trend|polychromatic_momentum_signals|lemantrend_signals|chaikin_volatility_volume_signals|wma_baseline,0.5,NZDCAD,2019-10-21,2019-10-24,-0.3313404459307669,False,-0.3313404459307669,2019-10-24
B|trend|polychromatic_momentum_signals|lemantrend_signals|chaikin_volatility_volume_signals|wma_baseline,0.5,NZDCAD,2019-10-21,2019-10-24,-0.3313404459307669,False,-0.3313404459307669,2019-10-24
B|trend|polychromatic_momentum_signals|lemantrend_signals|chaikin_volatility_volume_signals|wma_baseline,0.5,NZDCAD,2020-03-12,2020-03-13,-0.17503552824871274,False,-0.17503552824871274,2020-03-13
B|trend|polychromatic_momentum_signals|lemantrend_signals|chaikin_volatility_volume_signals|wma_baseline,0.5,NZDCAD,2020-03-12,2020-03-13,-0.17503552824871274,False,-0.17503552824871274,2020-03-13
B|trend|polychromatic_momentum_signals|lemantrend_signals|chaikin_volatility_volume_signals|wma_baseline,0.5,NZDCAD,2020-03-16,2020-03-24,0.09946748105580362,False,0.09946748105580362,2020-03-24
B|trend|polychromatic_momentum_signals|lemantrend_signals|chaikin_volatility_volume_signals|wma_baseline,0.5,NZDCAD,2020-03-16,2020-03-24,0.09946748105580362,False,0.09946748105580362,2020-03-24
B|trend|polychromatic_momentum_signals|lemantrend_signals|chaikin_volatility_volume_signals|wma_baseline,0.5,NZDCHF,2019-10-16,2019-10-17,-0.0825330646574161,False,-0.0825330646574161,2019-10-17
B|trend|polychromatic_momentum_signals|lemantrend_signals|chaikin_volatility_volume_signals|wma_baseline,0.5,NZDCHF,2019-10-16,2019-10-17,-0.0825330646574161,False,-0.0825330646574161,2019-10-17
B|trend|polychromatic_momentum_signals|lemantrend_signals|chaikin_volatility_volume_signals|wma_baseline,0.5,NZDUSD,2018-11-01,2018-11-26,0.7519972104311159,False,0.7519972104311159,2018-11-26
B|trend|polychromatic_momentum_signals|lemantrend_signals|chaikin_volatility_volume_signals|wma_baseline,0.5,NZDUSD,2018-11-01,2018-11-26,0.7519972104311159,False,0.7519972104311159,2018-11-26
B|trend|polychromatic_momentum_signals|lemantrend_signals|chaikin_volatility_volume_signals|wma_baseline,0.5,USDCAD,2017-12-01,2017-12-06,-0.5000000000000032,False,-0.5000000000000032,2017-12-06
B|trend|polychromatic_momentum_signals|lemantrend_signals|chaikin_volatility_volume_signals|wma_baseline,0.5,USDCAD,2017-12-01,2017-12-06,-0.5000000000000032,False,-0.5000000000000032,2017-12-06
B|trend|polychromatic_momentum_signals|lemantrend_signals|chaikin_volatility_volume_signals|wma_baseline,0.5,USDCAD,2020-11-03,2020-11-04,-0.49999999999999645,False,-0.49999999999999645,2020-11-04
B|trend|polychromatic_momentum_signals|lemantrend_signals|chaikin_volatility_volume_signals|wma_baseline,0.5,USDCAD,2020-11-03,2020-11-04,-0.49999999999999645,False,-0.49999999999999645,2020-11-04
B|trend|polychromatic_momentum_signals|lemantrend_signals|chaikin_volatility_volume_signals|wma_baseline,0.5,USDCHF,2020-03-26,2020-04-01,-0.08443619550053665,False,-0.08443619550053665,2020-04-01
B|trend|polychromatic_momentum_signals|lemantrend_signals|chaikin_volatility_volume_signals|wma_baseline,0.5,USDCHF,2020-03-26,2020-04-01,-0.08443619550053665,False,-0.08443619550053665,2020-04-01
B|trend|polychromatic_momentum_signals|lemantrend_signals|chaikin_volatility_volume_signals|wma_baseline,0.5,USDCHF,2020-11-12,2020-11-17,-0.26091984312833355,False,-0.26091984312833355,2020-11-17
B|trend|polychromatic_momentum_signals|lemantrend_signals|chaikin_volatility_volume_signals|wma_baseline,0.5,USDCHF,2020-11-12,2020-11-17,-0.26091984312833355,False,-0.26091984312833355,2020-11-17
B|trend|polychromatic_momentum_signals|lemantrend_signals|chaikin_volatility_volume_signals|wma_baseline,0.5,USDJPY,2018-06-07,2018-06-11,-0.24996335643836992,False,-0.24996335643836992,2018-06-11
B|trend|polychromatic_momentum_signals|lemantrend_signals|chaikin_volatility_volume_signals|wma_baseline,0.5,USDJPY,2018-06-07,2018-06-11,-0.24996335643836992,False,-0.24996335643836992,2018-06-11
B|trend|polychromatic_momentum_signals|lemantrend_signals|chaikin_volatility_volume_signals|wma_baseline,0.5,USDJPY,2020-02-04,2020-02-19,1.500000000000001,False,1.500000000000001,2020-02-19
B|trend|polychromatic_momentum_signals|lemantrend_signals|chaikin_volatility_volume_signals|wma_baseline,0.5,USDJPY,2020-02-04,2020-02-21,1.7999161180101426,False,1.7999161180101426,2020-02-21
B|chop|ehlers_reverse_ema_signals|linreg_slope_signals|variance_volume_signals|fantail_vma,0.5,AUDCAD,2017-05-16,2017-06-01,1.8095238095238146,False,1.8095238095238146,2017-06-01
B|chop|ehlers_reverse_ema_signals|linreg_slope_signals|variance_volume_signals|fantail_vma,0.5,AUDCAD,2017-09-01,2017-09-06,1.8095238095238058,False,1.8095238095238058,2017-09-06
B|chop|ehlers_reverse_ema_signals|linreg_slope_signals|variance_volume_signals|fantail_vma,0.5,AUDCAD,2018-02-26,2018-03-05,1.8095238095238058,False,1.8095238095238058,2018-03-05
B|chop|ehlers_reverse_ema_signals|linreg_slope_signals|variance_volume_signals|fantail_vma,0.5,AUDCAD,2019-04-30,2019-05-15,1.8095238095238058,False,1.8095238095238058,2019-05-15
B|chop|ehlers_reverse_ema_signals|linreg_slope_signals|variance_volume_signals|fantail_vma,0.5,AUDCHF,2016-09-30,2016-10-18,1.8095238095238053,False,1.8095238095238053,2016-10-18
B|chop|ehlers_reverse_ema_signals|linreg_slope_signals|variance_volume_signals|fantail_vma,0.5,AUDCHF,2019-03-06,2019-03-11,-0.9999999999999939,False,-0.9999999999999939,2019-03-11
B|chop|ehlers_reverse_ema_signals|linreg_slope_signals|variance_volume_signals|fantail_vma,0.5,AUDCHF,2019-03-27,2019-04-01,-1.000000000000007,False,-1.000000000000007,2019-04-01
B|chop|ehlers_reverse_ema_signals|linreg_slope_signals|variance_volume_signals|fantail_vma,0.5,AUDJPY,2018-05-07,2018-05-10,-0.515240524506339,False,-0.515240524506339,2018-05-10
B|chop|ehlers_reverse_ema_signals|linreg_slope_signals|variance_volume_signals|fantail_vma,0.5,AUDJPY,2019-12-12,2019-12-18,-0.9999999999999912,False,-0.9999999999999912,2019-12-18
B|chop|ehlers_reverse_ema_signals|linreg_slope_signals|variance_volume_signals|fantail_vma,0.5,AUDNZD,2016-04-22,2016-04-27,-0.99999999999999,False,-0.99999999999999,2016-04-27
B|chop|ehlers_reverse_ema_signals|linreg_slope_signals|variance_volume_signals|fantail_vma,0.5,AUDUSD,2017-09-05,2017-09-08,1.8095238095238042,False,1.8095238095238042,2017-09-08
B|chop|ehlers_reverse_ema_signals|linreg_slope_signals|variance_volume_signals|fantail_vma,0.5,AUDUSD,2017-09-14,2017-09-18,-0.6601470316247533,False,-0.6601470316247533,2017-09-18
B|chop|ehlers_reverse_ema_signals|linreg_slope_signals|variance_volume_signals|fantail_vma,0.5,AUDUSD,2019-03-14,2019-03-15,-0.32058346374132113,False,-0.32058346374132113,2019-03-15
B|chop|ehlers_reverse_ema_signals|linreg_slope_signals|variance_volume_signals|fantail_vma,0.5,CADCHF,2016-12-29,2017-01-03,-1.000000000000001,False,-1.000000000000001,2017-01-03
B|chop|ehlers_reverse_ema_signals|linreg_slope_signals|variance_volume_signals|fantail_vma,0.5,CADCHF,2018-08-21,2018-08-31,1.8095238095238022,False,1.8095238095238022,2018-08-31
B|chop|ehlers_reverse_ema_signals|linreg_slope_signals|variance_volume_signals|fantail_vma,0.5,CADCHF,2018-11-16,2018-11-20,1.8095238095238064,False,1.8095238095238064,2018-11-20
B|chop|ehlers_reverse_ema_signals|linreg_slope_signals|variance_volume_signals|fantail_vma,0.5,CADCHF,2019-10-21,2019-10-28,1.809523809523819,False,1.809523809523819,2019-10-28
B|chop|ehlers_reverse_ema_signals|linreg_slope_signals|variance_volume_signals|fantail_vma,0.5,CADCHF,2020-10-16,2020-10-19,-0.6988471910964743,False,-0.6988471910964743,2020-10-19
B|chop|ehlers_reverse_ema_signals|linreg_slope_signals|variance_volume_signals|fantail_vma,0.5,CADJPY,2020-10-28,2020-11-02,-0.9999999999999908,False,-0.9999999999999908,2020-11-02
B|chop|ehlers_reverse_ema_signals|linreg_slope_signals|variance_volume_signals|fantail_vma,0.5,CHFJPY,2019-12-09,2019-12-12,1.809523809523818,False,1.809523809523818,2019-12-12
B|chop|ehlers_reverse_ema_signals|linreg_slope_signals|variance_volume_signals|fantail_vma,0.5,EURAUD,2019-04-30,2019-05-09,1.8095238095238115,False,1.8095238095238115,2019-05-09
B|chop|ehlers_reverse_ema_signals|linreg_slope_signals|variance_volume_signals|fantail_vma,0.5,EURCAD,2019-05-24,2019-05-31,-0.45305912234343315,False,-0.45305912234343315,2019-05-31
B|chop|ehlers_reverse_ema_signals|linreg_slope_signals|variance_volume_signals|fantail_vma,0.5,EURCHF,2016-04-12,2016-04-13,-0.41767155922014865,False,-0.41767155922014865,2016-04-13
B|chop|ehlers_reverse_ema_signals|linreg_slope_signals|variance_volume_signals|fantail_vma,0.5,EURNZD,2016-05-31,2016-06-09,1.8095238095238064,False,1.8095238095238064,2016-06-09
B|chop|ehlers_reverse_ema_signals|linreg_slope_signals|variance_volume_signals|fantail_vma,0.5,EURNZD,2018-08-15,2018-08-17,-0.3849858017838933,False,-0.3849858017838933,2018-08-17
B|chop|ehlers_reverse_ema_signals|linreg_slope_signals|variance_volume_signals|fantail_vma,0.5,EURNZD,2019-06-19,2019-06-20,-0.2447483031520065,False,-0.2447483031520065,2019-06-20
B|chop|ehlers_reverse_ema_signals|linreg_slope_signals|variance_volume_signals|fantail_vma,0.5,EURNZD,2019-06-21,2019-06-25,-0.9999999999999908,False,-0.9999999999999908,2019-06-25
B|chop|ehlers_reverse_ema_signals|linreg_slope_signals|variance_volume_signals|fantail_vma,0.5,EURNZD,2020-12-14,2020-12-31,-1.0000000000000053,False,-1.0000000000000053,2020-12-31
B|chop|ehlers_reverse_ema_signals|linreg_slope_signals|variance_volume_signals|fantail_vma,0.5,EURUSD,2016-03-16,2016-04-01,1.809523809523811,False,1.809523809523811,2016-04-01
B|chop|ehlers_reverse_ema_signals|linreg_slope_signals|variance_volume_signals|fantail_vma,0.5,EURUSD,2017-06-26,2017-06-27,-0.9999999999999909,False,-0.9999999999999909,2017-06-27
B|chop|ehlers_reverse_ema_signals|linreg_slope_signals|variance_volume_signals|fantail_vma,0.5,EURUSD,2019-08-26,2019-08-30,1.8095238095238206,False,1.8095238095238206,2019-08-30
B|chop|ehlers_reverse_ema_signals|linreg_slope_signals|variance_volume_signals|fantail_vma,0.5,EURUSD,2020-07-13,2020-07-21,1.809523809523799,False,1.809523809523799,2020-07-21
B|chop|ehlers_reverse_ema_signals|linreg_slope_signals|variance_volume_signals|fantail_vma,0.5,GBPAUD,2017-11-03,2017-11-08,-0.04277115794886854,False,-0.04277115794886854,2017-11-08
B|chop|ehlers_reverse_ema_signals|linreg_slope_signals|variance_volume_signals|fantail_vma,0.5,GBPAUD,2018-01-22,2018-01-25,1.8095238095238146,False,1.8095238095238146,2018-01-25
B|chop|ehlers_reverse_ema_signals|linreg_slope_signals|variance_volume_signals|fantail_vma,0.5,GBPAUD,2019-04-03,2019-04-17,1.8095238095238142,False,1.8095238095238142,2019-04-17
B|chop|ehlers_reverse_ema_signals|linreg_slope_signals|variance_volume_signals|fantail_vma,0.5,GBPCAD,2020-10-20,2020-10-21,-1.0000000000000016,False,-1.0000000000000016,2020-10-21
B|chop|ehlers_reverse_ema_signals|linreg_slope_signals|variance_volume_signals|fantail_vma,0.5,GBPCHF,2017-09-11,2017-09-13,1.8095238095238018,False,1.8095238095238018,2017-09-13
B|chop|ehlers_reverse_ema_signals|linreg_slope_signals|variance_volume_signals|fantail_vma,0.5,GBPCHF,2017-10-25,2017-11-02,-0.6544931678755508,False,-0.6544931678755508,2017-11-02
B|chop|ehlers_reverse_ema_signals|linreg_slope_signals|variance_volume_signals|fantail_vma,0.5,GBPCHF,2017-11-06,2017-11-08,-0.17621934272583265,False,-0.17621934272583265,2017-11-08
B|chop|ehlers_reverse_ema_signals|linreg_slope_signals|variance_volume_signals|fantail_vma,0.5,GBPJPY,2018-08-02,2018-08-08,1.8095238095238024,False,1.8095238095238024,2018-08-08
B|chop|ehlers_reverse_ema_signals|linreg_slope_signals|variance_volume_signals|fantail_vma,0.5,GBPJPY,2018-11-13,2018-11-15,-0.9999999999999981,False,-0.9999999999999981,2018-11-15
B|chop|ehlers_reverse_ema_signals|linreg_slope_signals|variance_volume_signals|fantail_vma,0.5,GBPNZD,2017-07-05,2017-07-13,-1.0000000000000056,False,-1.0000000000000056,2017-07-13
B|chop|ehlers_reverse_ema_signals|linreg_slope_signals|variance_volume_signals|fantail_vma,0.5,GBPNZD,2018-04-30,2018-05-01,-0.789033629169692,False,-0.789033629169692,2018-05-01
B|chop|ehlers_reverse_ema_signals|linreg_slope_signals|variance_volume_signals|fantail_vma,0.5,GBPUSD,2017-11-22,2017-11-30,1.809523809523806,False,1.809523809523806,2017-11-30
B|chop|ehlers_reverse_ema_signals|linreg_slope_signals|variance_volume_signals|fantail_vma,0.5,GBPUSD,2020-07-20,2020-07-27,1.8095238095238102,False,1.8095238095238102,2020-07-27
B|chop|ehlers_reverse_ema_signals|linreg_slope_signals|variance_volume_signals|fantail_vma,0.5,NZDCAD,2016-08-29,2016-09-07,1.8095238095238146,False,1.8095238095238146,2016-09-07
B|chop|ehlers_reverse_ema_signals|linreg_slope_signals|variance_volume_signals|fantail_vma,0.5,NZDCAD,2017-02-28,2017-03-01,-1.0000000000000018,False,-1.0000000000000018,2017-03-01
B|chop|ehlers_reverse_ema_signals|linreg_slope_signals|variance_volume_signals|fantail_vma,0.5,NZDCAD,2020-11-03,2020-11-11,1.809523809523803,False,1.809523809523803,2020-11-11
B|chop|ehlers_reverse_ema_signals|linreg_slope_signals|variance_volume_signals|fantail_vma,0.5,NZDCAD,2020-12-23,2021-01-06,1.8095238095238069,True,0.5189182382013346,2020-12-31
B|chop|ehlers_reverse_ema_signals|linreg_slope_signals|variance_volume_signals|fantail_vma,0.5,NZDCHF,2018-08-03,2018-08-06,-0.1920564963132511,False,-0.1920564963132511,2018-08-06
B|chop|ehlers_reverse_ema_signals|linreg_slope_signals|variance_volume_signals|fantail_vma,0.5,NZDCHF,2018-08-07,2018-08-09,1.8095238095238084,False,1.8095238095238084,2018-08-09
B|chop|ehlers_reverse_ema_signals|linreg_slope_signals|variance_volume_signals|fantail_vma,0.5,NZDCHF,2020-07-15,2020-07-16,-0.32796939241378903,False,-0.32796939241378903,2020-07-16
B|chop|ehlers_reverse_ema_signals|linreg_slope_signals|variance_volume_signals|fantail_vma,0.5,NZDJPY,2016-05-13,2016-05-17,-0.6535838049926724,False,-0.6535838049926724,2016-05-17
B|chop|ehlers_reverse_ema_signals|linreg_slope_signals|variance_volume_signals|fantail_vma,0.5,NZDJPY,2019-04-02,2019-04-12,-0.738055853743453,False,-0.738055853743453,2019-04-12
B|chop|ehlers_reverse_ema_signals|linreg_slope_signals|variance_volume_signals|fantail_vma,0.5,NZDJPY,2020-07-15,2020-07-16,-0.16848505202348893,False,-0.16848505202348893,2020-07-16
B|chop|ehlers_reverse_ema_signals|linreg_slope_signals|variance_volume_signals|fantail_vma,0.5,NZDUSD,2018-06-20,2018-06-22,-0.6648500154143221,False,-0.6648500154143221,2018-06-22
B|chop|ehlers_reverse_ema_signals|linreg_slope_signals|variance_volume_signals|fantail_vma,0.5,NZDUSD,2018-06-25,2018-06-27,1.809523809523805,False,1.809523809523805,2018-06-27
B|chop|ehlers_reverse_ema_signals|linreg_slope_signals|variance_volume_signals|fantail_vma,0.5,USDCAD,2018-10-17,2018-11-09,1.8095238095238164,False,1.8095238095238164,2018-11-09
B|chop|ehlers_reverse_ema_signals|linreg_slope_signals|variance_volume_signals|fantail_vma,0.5,USDCAD,2019-05-01,2019-05-21,-0.41969681761846517,False,-0.41969681761846517,2019-05-21
B|chop|ehlers_reverse_ema_signals|linreg_slope_signals|variance_volume_signals|fantail_vma,0.5,USDCAD,2019-12-10,2019-12-16,1.8095238095238033,False,1.8095238095238033,2019-12-16
B|chop|ehlers_reverse_ema_signals|linreg_slope_signals|variance_volume_signals|fantail_vma,0.5,USDCHF,2016-03-16,2016-03-25,-0.06780903646254027,False,-0.06780903646254027,2016-03-25
B|chop|ehlers_reverse_ema_signals|linreg_slope_signals|variance_volume_signals|fantail_vma,0.5,USDCHF,2016-03-28,2016-04-01,1.8095238095238064,False,1.8095238095238064,2016-04-01
B|chop|ehlers_reverse_ema_signals|linreg_slope_signals|variance_volume_signals|fantail_vma,0.5,USDCHF,2017-01-05,2017-01-06,-0.9999999999999869,False,-0.9999999999999869,2017-01-06
B|chop|ehlers_reverse_ema_signals|linreg_slope_signals|variance_volume_signals|fantail_vma,0.5,USDCHF,2017-02-17,2017-03-15,-0.3014542657183073,False,-0.3014542657183073,2017-03-15
B|chop|ehlers_reverse_ema_signals|linreg_slope_signals|variance_volume_signals|fantail_vma,0.5,USDCHF,2017-05-02,2017-05-03,-0.48694908840139384,False,-0.48694908840139384,2017-05-03
B|chop|ehlers_reverse_ema_signals|linreg_slope_signals|variance_volume_signals|fantail_vma,0.5,USDCHF,2017-05-04,2017-05-08,-1.0000000000000049,False,-1.0000000000000049,2017-05-08
B|chop|ehlers_reverse_ema_signals|linreg_slope_signals|variance_volume_signals|fantail_vma,0.5,USDCHF,2017-07-05,2017-07-07,-0.025783755414015248,False,-0.025783755414015248,2017-07-07
B|chop|ehlers_reverse_ema_signals|linreg_slope_signals|variance_volume_signals|fantail_vma,0.5,USDCHF,2017-12-28,2018-01-09,-0.6984824287919403,False,-0.6984824287919403,2018-01-09
B|chop|ehlers_reverse_ema_signals|linreg_slope_signals|variance_volume_signals|fantail_vma,0.5,USDCHF,2018-01-10,2018-01-15,1.809523809523808,False,1.809523809523808,2018-01-15
B|chop|ehlers_reverse_ema_signals|linreg_slope_signals|variance_volume_signals|fantail_vma,0.5,USDCHF,2018-06-20,2018-06-21,-0.5977811197558581,False,-0.5977811197558581,2018-06-21
B|chop|ehlers_reverse_ema_signals|linreg_slope_signals|variance_volume_signals|fantail_vma,0.5,USDJPY,2018-07-09,2018-07-11,1.8095238095238089,False,1.8095238095238089,2018-07-11
B|chop|ehlers_reverse_ema_signals|linreg_slope_signals|variance_volume_signals|fantail_vma,0.5,USDJPY,2019-05-03,2019-05-08,1.8095238095238204,False,1.8095238095238204,2019-05-08
B|chop|ehlers_reverse_ema_signals|linreg_slope_signals|variance_volume_signals|fantail_vma,0.5,USDJPY,2020-07-17,2020-07-20,-0.3128173371805117,False,-0.3128173371805117,2020-07-20
B|chop|ehlers_reverse_ema_signals|linreg_slope_signals|variance_volume_signals|fantail_vma,0.5,USDJPY,2020-07-21,2020-07-22,-0.4754258002128077,False,-0.4754258002128077,2020-07-22
B|chop|ehlers_reverse_ema_signals|linreg_slope_signals|variance_volume_signals|fantail_vma,0.5,USDJPY,2020-07-23,2020-07-27,1.8095238095238053,False,1.8095238095238053,2020-07-27
B|chop|dspo_signals|ssl_channel_signals|waddah_attar_explosion_volume_signals|sma_baseline,0.5,AUDCAD,2017-05-12,2017-06-01,1.7499999999999962,False,1.7499999999999962,2017-06-01
B|chop|dspo_signals|ssl_channel_signals|waddah_attar_explosion_volume_signals|sma_baseline,0.5,AUDCAD,2019-03-25,2019-03-29,-1.0000000000000078,False,-1.0000000000000078,2019-03-29
B|chop|dspo_signals|ssl_channel_signals|waddah_attar_explosion_volume_signals|sma_baseline,0.5,AUDCAD,2019-05-02,2019-05-14,1.750000000000007,False,1.750000000000007,2019-05-14
B|chop|dspo_signals|ssl_channel_signals|waddah_attar_explosion_volume_signals|sma_baseline,0.5,AUDCHF,2019-04-11,2019-04-17,1.7499999999999993,False,1.7499999999999993,2019-04-17
B|chop|dspo_signals|ssl_channel_signals|waddah_attar_explosion_volume_signals|sma_baseline,0.5,AUDJPY,2016-07-20,2016-07-26,-0.9999999999999961,False,-0.9999999999999961,2016-07-26
B|chop|dspo_signals|ssl_channel_signals|waddah_attar_explosion_volume_signals|sma_baseline,0.5,AUDJPY,2019-02-25,2019-03-06,-1.0000000000000036,False,-1.0000000000000036,2019-03-06
B|chop|dspo_signals|ssl_channel_signals|waddah_attar_explosion_volume_signals|sma_baseline,0.5,AUDJPY,2019-03-18,2019-03-20,-0.658382800871015,False,-0.658382800871015,2019-03-20
B|chop|dspo_signals|ssl_channel_signals|waddah_attar_explosion_volume_signals|sma_baseline,0.5,AUDNZD,2017-01-13,2017-01-24,-0.9999999999999812,False,-0.9999999999999812,2017-01-24
B|chop|dspo_signals|ssl_channel_signals|waddah_attar_explosion_volume_signals|sma_baseline,0.5,AUDUSD,2019-04-11,2019-04-23,-0.43360092393025984,False,-0.43360092393025984,2019-04-23
B|chop|dspo_signals|ssl_channel_signals|waddah_attar_explosion_volume_signals|sma_baseline,0.5,CADCHF,2016-02-23,2016-02-26,1.750000000000001,False,1.750000000000001,2016-02-26
B|chop|dspo_signals|ssl_channel_signals|waddah_attar_explosion_volume_signals|sma_baseline,0.5,CADCHF,2016-07-27,2016-08-02,1.7499999999999956,False,1.7499999999999956,2016-08-02
B|chop|dspo_signals|ssl_channel_signals|waddah_attar_explosion_volume_signals|sma_baseline,0.5,CADCHF,2018-01-22,2018-01-25,1.75,False,1.75,2018-01-25
B|chop|dspo_signals|ssl_channel_signals|waddah_attar_explosion_volume_signals|sma_baseline,0.5,CADCHF,2018-08-23,2018-08-31,1.7500000000000109,False,1.7500000000000109,2018-08-31
B|chop|dspo_signals|ssl_channel_signals|waddah_attar_explosion_volume_signals|sma_baseline,0.5,CADCHF,2019-05-17,2019-05-31,1.750000000000009,False,1.750000000000009,2019-05-31
B|chop|dspo_signals|ssl_channel_signals|waddah_attar_explosion_volume_signals|sma_baseline,0.5,CADJPY,2018-09-07,2018-09-11,-1.0000000000000002,False,-1.0000000000000002,2018-09-11
B|chop|dspo_signals|ssl_channel_signals|waddah_attar_explosion_volume_signals|sma_baseline,0.5,CADJPY,2019-04-29,2019-05-06,1.749999999999988,False,1.749999999999988,2019-05-06
B|chop|dspo_signals|ssl_channel_signals|waddah_attar_explosion_volume_signals|sma_baseline,0.5,EURAUD,2016-02-26,2016-03-02,1.7500000000000013,False,1.7500000000000013,2016-03-02
B|chop|dspo_signals|ssl_channel_signals|waddah_attar_explosion_volume_signals|sma_baseline,0.5,EURAUD,2016-09-12,2016-09-13,1.749999999999992,False,1.749999999999992,2016-09-13
B|chop|dspo_signals|ssl_channel_signals|waddah_attar_explosion_volume_signals|sma_baseline,0.5,EURAUD,2019-03-28,2019-04-17,1.750000000000009,False,1.750000000000009,2019-04-17
B|chop|dspo_signals|ssl_channel_signals|waddah_attar_explosion_volume_signals|sma_baseline,0.5,EURAUD,2019-12-12,2019-12-13,-0.9999999999999961,False,-0.9999999999999961,2019-12-13
B|chop|dspo_signals|ssl_channel_signals|waddah_attar_explosion_volume_signals|sma_baseline,0.5,EURCAD,2016-07-29,2016-08-11,-0.9999999999999953,False,-0.9999999999999953,2016-08-11
B|chop|dspo_signals|ssl_channel_signals|waddah_attar_explosion_volume_signals|sma_baseline,0.5,EURCAD,2016-11-16,2016-12-05,1.749999999999996,False,1.749999999999996,2016-12-05
B|chop|dspo_signals|ssl_channel_signals|waddah_attar_explosion_volume_signals|sma_baseline,0.5,EURCAD,2019-05-09,2019-05-15,-0.8107574097169752,False,-0.8107574097169752,2019-05-15
B|chop|dspo_signals|ssl_channel_signals|waddah_attar_explosion_volume_signals|sma_baseline,0.5,EURCAD,2019-06-03,2019-06-06,-0.9999999999999942,False,-0.9999999999999942,2019-06-06
B|chop|dspo_signals|ssl_channel_signals|waddah_attar_explosion_volume_signals|sma_baseline,0.5,EURCAD,2020-05-11,2020-05-12,-0.8394761337827721,False,-0.8394761337827721,2020-05-12
B|chop|dspo_signals|ssl_channel_signals|waddah_attar_explosion_volume_signals|sma_baseline,0.5,EURCAD,2020-05-14,2020-05-15,-0.6241248239974477,False,-0.6241248239974477,2020-05-15
B|chop|dspo_signals|ssl_channel_signals|waddah_attar_explosion_volume_signals|sma_baseline,0.5,EURCAD,2020-05-18,2020-05-20,-0.35881997988393544,False,-0.35881997988393544,2020-05-20
B|chop|dspo_signals|ssl_channel_signals|waddah_attar_explosion_volume_signals|sma_baseline,0.5,EURCHF,2016-10-17,2016-10-24,1.750000000000024,False,1.750000000000024,2016-10-24
B|chop|dspo_signals|ssl_channel_signals|waddah_attar_explosion_volume_signals|sma_baseline,0.5,EURCHF,2020-10-14,2020-11-04,1.749999999999969,False,1.749999999999969,2020-11-04
B|chop|dspo_signals|ssl_channel_signals|waddah_attar_explosion_volume_signals|sma_baseline,0.5,EURGBP,2018-03-01,2018-03-14,-0.7459297412967156,False,-0.7459297412967156,2018-03-14
B|chop|dspo_signals|ssl_channel_signals|waddah_attar_explosion_volume_signals|sma_baseline,0.5,EURGBP,2018-05-21,2018-05-22,-0.2559728077369301,False,-0.2559728077369301,2018-05-22
B|chop|dspo_signals|ssl_channel_signals|waddah_attar_explosion_volume_signals|sma_baseline,0.5,EURGBP,2020-08-25,2020-09-01,1.7499999999999993,False,1.7499999999999993,2020-09-01
B|chop|dspo_signals|ssl_channel_signals|waddah_attar_explosion_volume_signals|sma_baseline,0.5,EURNZD,2018-04-09,2018-04-13,1.7499999999999998,False,1.7499999999999998,2018-04-13
B|chop|dspo_signals|ssl_channel_signals|waddah_attar_explosion_volume_signals|sma_baseline,0.5,EURUSD,2016-01-15,2016-01-18,-0.2170154807912114,False,-0.2170154807912114,2016-01-18
B|chop|dspo_signals|ssl_channel_signals|waddah_attar_explosion_volume_signals|sma_baseline,0.5,EURUSD,2016-01-19,2016-01-21,-0.9999999999999966,False,-0.9999999999999966,2016-01-21
B|chop|dspo_signals|ssl_channel_signals|waddah_attar_explosion_volume_signals|sma_baseline,0.5,EURUSD,2016-10-07,2016-10-11,1.7500000000000144,False,1.7500000000000144,2016-10-11
B|chop|dspo_signals|ssl_channel_signals|waddah_attar_explosion_volume_signals|sma_baseline,0.5,EURUSD,2020-05-26,2020-05-29,1.750000000000003,False,1.750000000000003,2020-05-29
B|chop|dspo_signals|ssl_channel_signals|waddah_attar_explosion_volume_signals|sma_baseline,0.5,GBPCAD,2017-03-09,2017-03-14,-0.9999999999999956,False,-0.9999999999999956,2017-03-14
B|chop|dspo_signals|ssl_channel_signals|waddah_attar_explosion_volume_signals|sma_baseline,0.5,GBPCAD,2017-03-16,2017-03-22,1.7499999999999936,False,1.7499999999999936,2017-03-22
B|chop|dspo_signals|ssl_channel_signals|waddah_attar_explosion_volume_signals|sma_baseline,0.5,GBPCAD,2018-12-21,2018-12-31,1.7499999999999947,False,1.7499999999999947,2018-12-31
B|chop|dspo_signals|ssl_channel_signals|waddah_attar_explosion_volume_signals|sma_baseline,0.5,GBPCAD,2020-10-29,2020-11-02,-0.9999999999999983,False,-0.9999999999999983,2020-11-02
B|chop|dspo_signals|ssl_channel_signals|waddah_attar_explosion_volume_signals|sma_baseline,0.5,GBPCAD,2020-11-10,2020-12-02,-0.20879378060561135,False,-0.20879378060561135,2020-12-02
B|chop|dspo_signals|ssl_channel_signals|waddah_attar_explosion_volume_signals|sma_baseline,0.5,GBPCHF,2017-02-22,2017-02-28,-0.9999999999999897,False,-0.9999999999999897,2017-02-28
B|chop|dspo_signals|ssl_channel_signals|waddah_attar_explosion_volume_signals|sma_baseline,0.5,GBPJPY,2018-11-19,2018-12-10,1.7499999999999958,False,1.7499999999999958,2018-12-10
B|chop|dspo_signals|ssl_channel_signals|waddah_attar_explosion_volume_signals|sma_baseline,0.5,NZDJPY,2016-07-14,2016-07-19,-1.0000000000000047,False,-1.0000000000000047,2016-07-19
B|chop|dspo_signals|ssl_channel_signals|waddah_attar_explosion_volume_signals|sma_baseline,0.5,NZDUSD,2017-01-18,2017-01-24,1.7499999999999982,False,1.7499999999999982,2017-01-24
B|chop|dspo_signals|ssl_channel_signals|waddah_attar_explosion_volume_signals|sma_baseline,0.5,NZDUSD,2019-04-03,2019-04-17,1.750000000000007,False,1.750000000000007,2019-04-17
B|chop|dspo_signals|ssl_channel_signals|waddah_attar_explosion_volume_signals|sma_baseline,0.5,NZDUSD,2020-05-12,2020-05-13,-0.9999999999999973,False,-0.9999999999999973,2020-05-13
B|chop|dspo_signals|ssl_channel_signals|waddah_attar_explosion_volume_signals|sma_baseline,0.5,NZDUSD,2020-05-21,2020-06-01,1.7500000000000033,False,1.7500000000000033,2020-06-01
B|chop|dspo_signals|ssl_channel_signals|waddah_attar_explosion_volume_signals|sma_baseline,0.5,USDCAD,2017-01-10,2017-01-12,1.7499999999999956,False,1.7499999999999956,2017-01-12
B|chop|dspo_signals|ssl_channel_signals|waddah_attar_explosion_volume_signals|sma_baseline,0.5,USDCAD,2018-08-17,2018-08-23,-0.19488158853922374,False,-0.19488158853922374,2018-08-23
B|chop|dspo_signals|ssl_channel_signals|waddah_attar_explosion_volume_signals|sma_baseline,0.5,USDCAD,2018-09-06,2018-09-11,-0.999999999999991,False,-0.999999999999991,2018-09-11
B|chop|dspo_signals|ssl_channel_signals|waddah_attar_explosion_volume_signals|sma_baseline,0.5,USDCAD,2019-09-11,2019-09-13,-1.000000000000013,False,-1.000000000000013,2019-09-13
B|chop|dspo_signals|ssl_channel_signals|waddah_attar_explosion_volume_signals|sma_baseline,0.5,USDCHF,2016-08-12,2016-08-16,1.7500000000000002,False,1.7500000000000002,2016-08-16
B|chop|dspo_signals|ssl_channel_signals|waddah_attar_explosion_volume_signals|sma_baseline,0.5,USDCHF,2017-03-17,2017-03-27,1.7500000000000064,False,1.7500000000000064,2017-03-27
B|chop|dspo_signals|ssl_channel_signals|waddah_attar_explosion_volume_signals|sma_baseline,0.5,USDCHF,2017-12-28,2018-01-15,1.7499999999999973,False,1.7499999999999973,2018-01-15
B|chop|dspo_signals|ssl_channel_signals|waddah_attar_explosion_volume_signals|sma_baseline,0.5,USDCHF,2019-11-04,2019-11-05,-1.0000000000000044,False,-1.0000000000000044,2019-11-05
B|chop|dspo_signals|ssl_channel_signals|waddah_attar_explosion_volume_signals|sma_baseline,0.5,USDCHF,2019-11-18,2019-11-20,-0.3308957098059653,False,-0.3308957098059653,2019-11-20
B|chop|dspo_signals|ssl_channel_signals|waddah_attar_explosion_volume_signals|sma_baseline,0.5,USDCHF,2019-12-09,2019-12-17,1.7500000000000069,False,1.7500000000000069,2019-12-17
B|chop|dspo_signals|ssl_channel_signals|waddah_attar_explosion_volume_signals|sma_baseline,0.5,USDJPY,2020-01-07,2020-01-08,-1.0,False,-1.0,2020-01-08
A-trend|trend|aroon_signals|aroon_signals|waddah_attar_explosion_volume_signals|fantail_vma,1.0,AUDCAD,2019-10-28,2019-10-30,1.3750000000000042,False,1.3750000000000042,2019-10-30
A-trend|trend|aroon_signals|aroon_signals|waddah_attar_explosion_volume_signals|fantail_vma,1.0,AUDCAD,2019-10-28,2019-11-14,1.288349526565472,False,1.288349526565472,2019-11-14
A-trend|trend|aroon_signals|aroon_signals|waddah_attar_explosion_volume_signals|fantail_vma,1.0,AUDCAD,2020-09-02,2020-09-07,0.30350399121281524,False,0.30350399121281524,2020-09-07
A-trend|trend|aroon_signals|aroon_signals|waddah_attar_explosion_volume_signals|fantail_vma,1.0,AUDCAD,2020-09-02,2020-09-07,0.30350399121281524,False,0.30350399121281524,2020-09-07
A-trend|trend|aroon_signals|aroon_signals|waddah_attar_explosion_volume_signals|fantail_vma,1.0,AUDJPY,2017-01-23,2017-01-25,-0.5000000000000017,False,-0.5000000000000017,2017-01-25
A-trend|trend|aroon_signals|aroon_signals|waddah_attar_explosion_volume_signals|fantail_vma,1.0,AUDJPY,2017-01-23,2017-01-25,-0.5000000000000017,False,-0.5000000000000017,2017-01-25
A-trend|trend|aroon_signals|aroon_signals|waddah_attar_explosion_volume_signals|fantail_vma,1.0,AUDJPY,2020-10-26,2020-10-28,-0.4999999999999942,False,-0.4999999999999942,2020-10-28
A-trend|trend|aroon_signals|aroon_signals|waddah_attar_explosion_volume_signals|fantail_vma,1.0,AUDJPY,2020-10-26,2020-10-28,-0.4999999999999942,False,-0.4999999999999942,2020-10-28
A-trend|trend|aroon_signals|aroon_signals|waddah_attar_explosion_volume_signals|fantail_vma,1.0,AUDUSD,2016-01-04,2016-01-08,1.3749999999999993,False,1.3749999999999993,2016-01-08
A-trend|trend|aroon_signals|aroon_signals|waddah_attar_explosion_volume_signals|fantail_vma,1.0,AUDUSD,2016-01-04,2016-01-21,1.3569033321491302,False,1.3569033321491302,2016-01-21
A-trend|trend|aroon_signals|aroon_signals|waddah_attar_explosion_volume_signals|fantail_vma,1.0,CADCHF,2017-12-20,2018-01-05,1.374999999999998,False,1.374999999999998,2018-01-05
A-trend|trend|aroon_signals|aroon_signals|waddah_attar_explosion_volume_signals|fantail_vma,1.0,CADCHF,2017-12-20,2018-01-10,1.203699971216509,False,1.203699971216509,2018-01-10
A-trend|trend|aroon_signals|aroon_signals|waddah_attar_explosion_volume_signals|fantail_vma,1.0,CADJPY,2016-02-12,2016-02-25,0.468334580189743,False,0.468334580189743,2016-02-25
A-trend|trend|aroon_signals|aroon_signals|waddah_attar_explosion_volume_signals|fantail_vma,1.0,CADJPY,2016-02-12,2016-02-25,0.468334580189743,False,0.468334580189743,2016-02-25
A-trend|trend|aroon_signals|aroon_signals|waddah_attar_explosion_volume_signals|fantail_vma,1.0,CADJPY,2016-05-09,2016-05-16,0.40232031621657177,False,0.40232031621657177,2016-05-16
A-trend|trend|aroon_signals|aroon_signals|waddah_attar_explosion_volume_signals|fantail_vma,1.0,CADJPY,2016-05-09,2016-05-16,0.40232031621657177,False,0.40232031621657177,2016-05-16
A-trend|trend|aroon_signals|aroon_signals|waddah_attar_explosion_volume_signals|fantail_vma,1.0,CHFJPY,2016-04-12,2016-04-14,-0.21902871751737055,False,-0.21902871751737055,2016-04-14
A-trend|trend|aroon_signals|aroon_signals|waddah_attar_explosion_volume_signals|fantail_vma,1.0,CHFJPY,2016-04-12,2016-04-14,-0.21902871751737055,False,-0.21902871751737055,2016-04-14
A-trend|trend|aroon_signals|aroon_signals|waddah_attar_explosion_volume_signals|fantail_vma,1.0,CHFJPY,2016-08-08,2016-08-16,0.004867075210571042,False,0.004867075210571042,2016-08-16
A-trend|trend|aroon_signals|aroon_signals|waddah_attar_explosion_volume_signals|fantail_vma,1.0,CHFJPY,2016-08-08,2016-08-16,0.004867075210571042,False,0.004867075210571042,2016-08-16
A-trend|trend|aroon_signals|aroon_signals|waddah_attar_explosion_volume_signals|fantail_vma,1.0,CHFJPY,2020-02-28,2020-03-02,-0.5,False,-0.5,2020-03-02
A-trend|trend|aroon_signals|aroon_signals|waddah_attar_explosion_volume_signals|fantail_vma,1.0,CHFJPY,2020-02-28,2020-03-02,-0.5,False,-0.5,2020-03-02
A-trend|trend|aroon_signals|aroon_signals|waddah_attar_explosion_volume_signals|fantail_vma,1.0,CHFJPY,2020-03-30,2020-03-31,0.20528671422647707,False,0.20528671422647707,2020-03-31
A-trend|trend|aroon_signals|aroon_signals|waddah_attar_explosion_volume_signals|fantail_vma,1.0,CHFJPY,2020-03-30,2020-03-31,0.20528671422647707,False,0.20528671422647707,2020-03-31
A-trend|trend|aroon_signals|aroon_signals|waddah_attar_explosion_volume_signals|fantail_vma,1.0,CHFJPY,2020-04-06,2020-04-17,-0.16179967700956918,False,-0.16179967700956918,2020-04-17
A-trend|trend|aroon_signals|aroon_signals|waddah_attar_explosion_volume_signals|fantail_vma,1.0,CHFJPY,2020-04-06,2020-04-17,-0.16179967700956918,False,-0.16179967700956918,2020-04-17
A-trend|trend|aroon_signals|aroon_signals|waddah_attar_explosion_volume_signals|fantail_vma,1.0,EURAUD,2017-08-16,2017-08-17,-0.0924769584168419,False,-0.0924769584168419,2017-08-17
A-trend|trend|aroon_signals|aroon_signals|waddah_attar_explosion_volume_signals|fantail_vma,1.0,EURAUD,2017-08-16,2017-08-17,-0.0924769584168419,False,-0.0924769584168419,2017-08-17
A-trend|trend|aroon_signals|aroon_signals|waddah_attar_explosion_volume_signals|fantail_vma,1.0,EURAUD,2018-04-26,2018-05-03,0.5978468240238908,False,0.5978468240238908,2018-05-03
A-trend|trend|aroon_signals|aroon_signals|waddah_attar_explosion_volume_signals|fantail_vma,1.0,EURAUD,2018-04-26,2018-05-03,0.5978468240238908,False,0.5978468240238908,2018-05-03
A-trend|trend|aroon_signals|aroon_signals|waddah_attar_explosion_volume_signals|fantail_vma,1.0,EURAUD,2020-07-08,2020-07-16,0.5369171776393583,False,0.5369171776393583,2020-07-16
A-trend|trend|aroon_signals|aroon_signals|waddah_attar_explosion_volume_signals|fantail_vma,1.0,EURAUD,2020-07-08,2020-07-16,0.5369171776393583,False,0.5369171776393583,2020-07-16
A-trend|trend|aroon_signals|aroon_signals|waddah_attar_explosion_volume_signals|fantail_vma,1.0,EURCHF,2019-09-30,2019-10-11,1.3749999999999891,False,1.3749999999999891,2019-10-11
A-trend|trend|aroon_signals|aroon_signals|waddah_attar_explosion_volume_signals|fantail_vma,1.0,EURCHF,2019-09-30,2019-11-11,0.9625146204654896,False,0.9625146204654896,2019-11-11
A-trend|trend|aroon_signals|aroon_signals|waddah_attar_explosion_volume_signals|fantail_vma,1.0,EURGBP,2016-06-24,2016-08-05,0.7436193176985804,False,0.7436193176985804,2016-08-05
A-trend|trend|aroon_signals|aroon_signals|waddah_attar_explosion_volume_signals|fantail_vma,1.0,EURGBP,2016-06-24,2016-08-05,0.7436193176985804,False,0.7436193176985804,2016-08-05
A-trend|trend|aroon_signals|aroon_signals|waddah_attar_explosion_volume_signals|fantail_vma,1.0,EURJPY,2016-10-25,2016-11-07,1.3750000000000029,False,1.3750000000000029,2016-11-07
A-trend|trend|aroon_signals|aroon_signals|waddah_attar_explosion_volume_signals|fantail_vma,1.0,EURJPY,2016-10-25,2016-11-07,1.0619255108923795,False,1.0619255108923795,2016-11-07
A-trend|trend|aroon_signals|aroon_signals|waddah_attar_explosion_volume_signals|fantail_vma,1.0,EURJPY,2019-10-07,2019-10-10,0.8920391674641053,False,0.8920391674641053,2019-10-10
A-trend|trend|aroon_signals|aroon_signals|waddah_attar_explosion_volume_signals|fantail_vma,1.0,EURJPY,2019-10-07,2019-10-10,0.8920391674641053,False,0.8920391674641053,2019-10-10
A-trend|trend|aroon_signals|aroon_signals|waddah_attar_explosion_volume_signals|fantail_vma,1.0,EURJPY,2020-11-09,2020-11-18,-0.5000000000000014,False,-0.5000000000000014,2020-11-18
A-trend|trend|aroon_signals|aroon_signals|waddah_attar_explosion_volume_signals|fantail_vma,1.0,EURJPY,2020-11-09,2020-11-18,-0.5000000000000014,False,-0.5000000000000014,2020-11-18
A-trend|trend|aroon_signals|aroon_signals|waddah_attar_explosion_volume_signals|fantail_vma,1.0,EURNZD,2016-01-04,2016-01-08,1.375,False,1.375,2016-01-08
A-trend|trend|aroon_signals|aroon_signals|waddah_attar_explosion_volume_signals|fantail_vma,1.0,EURNZD,2016-01-04,2016-01-21,1.8752235771166088,False,1.8752235771166088,2016-01-21
A-trend|trend|aroon_signals|aroon_signals|waddah_attar_explosion_volume_signals|fantail_vma,1.0,GBPCHF,2018-01-10,2018-01-12,-0.4999999999999998,False,-0.4999999999999998,2018-01-12
A-trend|trend|aroon_signals|aroon_signals|waddah_attar_explosion_volume_signals|fantail_vma,1.0,GBPCHF,2018-01-10,2018-01-12,-0.4999999999999998,False,-0.4999999999999998,2018-01-12
A-trend|trend|aroon_signals|aroon_signals|waddah_attar_explosion_volume_signals|fantail_vma,1.0,GBPNZD,2020-03-13,2020-03-16,-0.6543537217051069,False,-0.6543537217051069,2020-03-16
A-trend|trend|aroon_signals|aroon_signals|waddah_attar_explosion_volume_signals|fantail_vma,1.0,GBPNZD,2020-03-13,2020-03-16,-0.6543537217051069,False,-0.6543537217051069,2020-03-16
A-trend|trend|aroon_signals|aroon_signals|waddah_attar_explosion_volume_signals|fantail_vma,1.0,GBPUSD,2018-10-17,2018-10-25,1.3749999999999942,False,1.3749999999999942,2018-10-25
A-trend|trend|aroon_signals|aroon_signals|waddah_attar_explosion_volume_signals|fantail_vma,1.0,GBPUSD,2018-10-17,2018-11-01,1.373577767358844,False,1.373577767358844,2018-11-01
A-trend|trend|aroon_signals|aroon_signals|waddah_attar_explosion_volume_signals|fantail_vma,1.0,GBPUSD,2018-11-28,2018-12-03,-0.4999999999999949,False,-0.4999999999999949,2018-12-03
A-trend|trend|aroon_signals|aroon_signals|waddah_attar_explosion_volume_signals|fantail_vma,1.0,GBPUSD,2018-11-28,2018-12-03,-0.4999999999999949,False,-0.4999999999999949,2018-12-03
A-trend|trend|aroon_signals|aroon_signals|waddah_attar_explosion_volume_signals|fantail_vma,1.0,NZDCAD,2019-10-29,2019-10-31,1.375,False,1.375,2019-10-31
A-trend|trend|aroon_signals|aroon_signals|waddah_attar_explosion_volume_signals|fantail_vma,1.0,NZDCAD,2019-10-29,2019-11-07,0.49740848816395705,False,0.49740848816395705,2019-11-07
A-trend|trend|aroon_signals|aroon_signals|waddah_attar_explosion_volume_signals|fantail_vma,1.0,NZDCHF,2016-10-24,2016-10-26,-0.12019981973405558,False,-0.12019981973405558,2016-10-26
A-trend|trend|aroon_signals|aroon_signals|waddah_attar_explosion_volume_signals|fantail_vma,1.0,NZDCHF,2016-10-24,2016-10-26,-0.12019981973405558,False,-0.12019981973405558,2016-10-26
A-trend|trend|aroon_signals|aroon_signals|waddah_attar_explosion_volume_signals|fantail_vma,1.0,USDJPY,2016-08-03,2016-08-16,-0.500000000000002,False,-0.500000000000002,2016-08-16
A-trend|trend|aroon_signals|aroon_signals|waddah_attar_explosion_volume_signals|fantail_vma,1.0,USDJPY,2016-08-03,2016-08-16,-0.500000000000002,False,-0.500000000000002,2016-08-16
A-trend|trend|aroon_signals|aroon_signals|waddah_attar_explosion_volume_signals|fantail_vma,1.0,USDJPY,2018-06-18,2018-06-28,0.048964687878777224,False,0.048964687878777224,2018-06-28
A-trend|trend|aroon_signals|aroon_signals|waddah_attar_explosion_volume_signals|fantail_vma,1.0,USDJPY,2018-06-18,2018-06-28,0.048964687878777224,False,0.048964687878777224,2018-06-28
A-trend|trend|aroon_signals|aroon_signals|waddah_attar_explosion_volume_signals|fantail_vma,1.0,USDJPY,2020-02-04,2020-02-13,0.23622974099974833,False,0.23622974099974833,2020-02-13
A-trend|trend|aroon_signals|aroon_signals|waddah_attar_explosion_volume_signals|fantail_vma,1.0,USDJPY,2020-02-04,2020-02-13,0.23622974099974833,False,0.23622974099974833,2020-02-13
A-chop|chop|j_tpo_signals|fx_sniper_ergodic_cci_signals|fractal_dimension_volume_signals|hma_baseline,0.5,AUDCHF,2017-07-26,2017-07-28,1.500000000000002,False,1.500000000000002,2017-07-28
A-chop|chop|j_tpo_signals|fx_sniper_ergodic_cci_signals|fractal_dimension_volume_signals|hma_baseline,0.5,AUDCHF,2017-10-18,2017-10-25,-1.0000000000000007,False,-1.0000000000000007,2017-10-25
A-chop|chop|j_tpo_signals|fx_sniper_ergodic_cci_signals|fractal_dimension_volume_signals|hma_baseline,0.5,AUDCHF,2020-03-05,2020-03-09,1.4999999999999911,False,1.4999999999999911,2020-03-09
A-chop|chop|j_tpo_signals|fx_sniper_ergodic_cci_signals|fractal_dimension_volume_signals|hma_baseline,0.5,AUDJPY,2016-08-23,2016-08-31,-1.0000000000000007,False,-1.0000000000000007,2016-08-31
A-chop|chop|j_tpo_signals|fx_sniper_ergodic_cci_signals|fractal_dimension_volume_signals|hma_baseline,0.5,AUDJPY,2017-06-26,2017-06-29,1.5000000000000069,False,1.5000000000000069,2017-06-29
A-chop|chop|j_tpo_signals|fx_sniper_ergodic_cci_signals|fractal_dimension_volume_signals|hma_baseline,0.5,AUDJPY,2019-02-22,2019-03-08,-1.0000000000000078,False,-1.0000000000000078,2019-03-08
A-chop|chop|j_tpo_signals|fx_sniper_ergodic_cci_signals|fractal_dimension_volume_signals|hma_baseline,0.5,AUDJPY,2019-05-13,2019-06-13,1.4999999999999896,False,1.4999999999999896,2019-06-13
A-chop|chop|j_tpo_signals|fx_sniper_ergodic_cci_signals|fractal_dimension_volume_signals|hma_baseline,0.5,AUDNZD,2017-08-22,2017-08-28,1.4999999999999958,False,1.4999999999999958,2017-08-28
A-chop|chop|j_tpo_signals|fx_sniper_ergodic_cci_signals|fractal_dimension_volume_signals|hma_baseline,0.5,AUDNZD,2018-10-02,2018-10-08,-1.0000000000000164,False,-1.0000000000000164,2018-10-08
A-chop|chop|j_tpo_signals|fx_sniper_ergodic_cci_signals|fractal_dimension_volume_signals|hma_baseline,0.5,AUDNZD,2019-11-08,2019-11-11,-1.0000000000000027,False,-1.0000000000000027,2019-11-11
A-chop|chop|j_tpo_signals|fx_sniper_ergodic_cci_signals|fractal_dimension_volume_signals|hma_baseline,0.5,AUDNZD,2019-11-20,2019-12-02,1.4999999999999991,False,1.4999999999999991,2019-12-02
A-chop|chop|j_tpo_signals|fx_sniper_ergodic_cci_signals|fractal_dimension_volume_signals|hma_baseline,0.5,AUDNZD,2019-12-02,2019-12-06,1.4999999999999845,False,1.4999999999999845,2019-12-06
A-chop|chop|j_tpo_signals|fx_sniper_ergodic_cci_signals|fractal_dimension_volume_signals|hma_baseline,0.5,AUDUSD,2017-09-05,2017-09-08,1.5000000000000013,False,1.5000000000000013,2017-09-08
A-chop|chop|j_tpo_signals|fx_sniper_ergodic_cci_signals|fractal_dimension_volume_signals|hma_baseline,0.5,AUDUSD,2019-05-13,2019-05-17,1.500000000000009,False,1.500000000000009,2019-05-17
A-chop|chop|j_tpo_signals|fx_sniper_ergodic_cci_signals|fractal_dimension_volume_signals|hma_baseline,0.5,AUDUSD,2019-10-31,2019-11-08,-0.9999999999999951,False,-0.9999999999999951,2019-11-08
A-chop|chop|j_tpo_signals|fx_sniper_ergodic_cci_signals|fractal_dimension_volume_signals|hma_baseline,0.5,CADCHF,2016-06-07,2016-06-15,1.4999999999999956,False,1.4999999999999956,2016-06-15
A-chop|chop|j_tpo_signals|fx_sniper_ergodic_cci_signals|fractal_dimension_volume_signals|hma_baseline,0.5,CADCHF,2017-02-21,2017-02-28,-1.0000000000000036,False,-1.0000000000000036,2017-02-28
A-chop|chop|j_tpo_signals|fx_sniper_ergodic_cci_signals|fractal_dimension_volume_signals|hma_baseline,0.5,CADJPY,2017-06-26,2017-06-28,1.5,False,1.5,2017-06-28
A-chop|chop|j_tpo_signals|fx_sniper_ergodic_cci_signals|fractal_dimension_volume_signals|hma_baseline,0.5,EURAUD,2018-05-16,2018-05-21,1.499999999999992,False,1.499999999999992,2018-05-21
A-chop|chop|j_tpo_signals|fx_sniper_ergodic_cci_signals|fractal_dimension_volume_signals|hma_baseline,0.5,EURAUD,2019-04-10,2019-04-12,-1.000000000000009,False,-1.000000000000009,2019-04-12
A-chop|chop|j_tpo_signals|fx_sniper_ergodic_cci_signals|fractal_dimension_volume_signals|hma_baseline,0.5,EURAUD,2019-04-16,2019-04-23,-1.0000000000000053,False,-1.0000000000000053,2019-04-23
A-chop|chop|j_tpo_signals|fx_sniper_ergodic_cci_signals|fractal_dimension_volume_signals|hma_baseline,0.5,EURAUD,2019-05-09,2019-05-14,1.5000000000000084,False,1.5000000000000084,2019-05-14
A-chop|chop|j_tpo_signals|fx_sniper_ergodic_cci_signals|fractal_dimension_volume_signals|hma_baseline,0.5,EURCAD,2016-12-08,2016-12-22,-1.000000000000002,False,-1.000000000000002,2016-12-22
A-chop|chop|j_tpo_signals|fx_sniper_ergodic_cci_signals|fractal_dimension_volume_signals|hma_baseline,0.5,EURCAD,2018-02-02,2018-02-22,1.500000000000001,False,1.500000000000001,2018-02-22
A-chop|chop|j_tpo_signals|fx_sniper_ergodic_cci_signals|fractal_dimension_volume_signals|hma_baseline,0.5,EURCAD,2018-08-10,2018-08-14,1.4999999999999962,False,1.4999999999999962,2018-08-14
A-chop|chop|j_tpo_signals|fx_sniper_ergodic_cci_signals|fractal_dimension_volume_signals|hma_baseline,0.5,EURCAD,2019-06-17,2019-06-19,1.500000000000006,False,1.500000000000006,2019-06-19
A-chop|chop|j_tpo_signals|fx_sniper_ergodic_cci_signals|fractal_dimension_volume_signals|hma_baseline,0.5,EURCAD,2019-06-26,2019-07-02,1.500000000000013,False,1.500000000000013,2019-07-02
A-chop|chop|j_tpo_signals|fx_sniper_ergodic_cci_signals|fractal_dimension_volume_signals|hma_baseline,0.5,EURCAD,2020-05-14,2020-05-29,-0.9999999999999932,False,-0.9999999999999932,2020-05-29
A-chop|chop|j_tpo_signals|fx_sniper_ergodic_cci_signals|fractal_dimension_volume_signals|hma_baseline,0.5,EURCHF,2016-04-05,2016-04-20,-0.9999999999999913,False,-0.9999999999999913,2016-04-20
A-chop|chop|j_tpo_signals|fx_sniper_ergodic_cci_signals|fractal_dimension_volume_signals|hma_baseline,0.5,EURCHF,2016-04-22,2016-04-27,0.24468677922683787,False,0.24468677922683787,2016-04-27
A-chop|chop|j_tpo_signals|fx_sniper_ergodic_cci_signals|fractal_dimension_volume_signals|hma_baseline,0.5,EURGBP,2017-08-21,2017-08-25,1.5000000000000007,False,1.5000000000000007,2017-08-25
A-chop|chop|j_tpo_signals|fx_sniper_ergodic_cci_signals|fractal_dimension_volume_signals|hma_baseline,0.5,EURGBP,2020-08-20,2020-08-24,-1.0000000000000053,False,-1.0000000000000053,2020-08-24
A-chop|chop|j_tpo_signals|fx_sniper_ergodic_cci_signals|fractal_dimension_volume_signals|hma_baseline,0.5,EURGBP,2020-08-25,2020-09-01,1.4999999999999967,False,1.4999999999999967,2020-09-01
A-chop|chop|j_tpo_signals|fx_sniper_ergodic_cci_signals|fractal_dimension_volume_signals|hma_baseline,0.5,EURNZD,2016-02-16,2016-02-22,-1.0000000000000018,False,-1.0000000000000018,2016-02-22
A-chop|chop|j_tpo_signals|fx_sniper_ergodic_cci_signals|fractal_dimension_volume_signals|hma_baseline,0.5,EURNZD,2016-11-25,2016-12-05,1.5000000000000073,False,1.5000000000000073,2016-12-05
A-chop|chop|j_tpo_signals|fx_sniper_ergodic_cci_signals|fractal_dimension_volume_signals|hma_baseline,0.5,EURNZD,2020-08-13,2020-08-26,-1.0000000000000027,False,-1.0000000000000027,2020-08-26
A-chop|chop|j_tpo_signals|fx_sniper_ergodic_cci_signals|fractal_dimension_volume_signals|hma_baseline,0.5,EURUSD,2016-01-25,2016-01-28,-0.9999999999999936,False,-0.9999999999999936,2016-01-28
A-chop|chop|j_tpo_signals|fx_sniper_ergodic_cci_signals|fractal_dimension_volume_signals|hma_baseline,0.5,EURUSD,2016-02-08,2016-02-11,1.5000000000000069,False,1.5000000000000069,2016-02-11
A-chop|chop|j_tpo_signals|fx_sniper_ergodic_cci_signals|fractal_dimension_volume_signals|hma_baseline,0.5,EURUSD,2017-07-06,2017-07-18,1.4999999999999871,False,1.4999999999999871,2017-07-18
A-chop|chop|j_tpo_signals|fx_sniper_ergodic_cci_signals|fractal_dimension_volume_signals|hma_baseline,0.5,GBPAUD,2018-11-21,2018-11-22,-0.9999999999999943,False,-0.9999999999999943,2018-11-22
A-chop|chop|j_tpo_signals|fx_sniper_ergodic_cci_signals|fractal_dimension_volume_signals|hma_baseline,0.5,GBPAUD,2019-04-12,2019-04-24,-1.0000000000000044,False,-1.0000000000000044,2019-04-24
A-chop|chop|j_tpo_signals|fx_sniper_ergodic_cci_signals|fractal_dimension_volume_signals|hma_baseline,0.5,GBPAUD,2019-11-25,2019-12-05,1.4999999999999951,False,1.4999999999999951,2019-12-05
A-chop|chop|j_tpo_signals|fx_sniper_ergodic_cci_signals|fractal_dimension_volume_signals|hma_baseline,0.5,GBPCAD,2017-01-03,2017-01-09,1.4999999999999951,False,1.4999999999999951,2017-01-09
A-chop|chop|j_tpo_signals|fx_sniper_ergodic_cci_signals|fractal_dimension_volume_signals|hma_baseline,0.5,GBPCAD,2017-07-07,2017-07-12,1.5000000000000058,False,1.5000000000000058,2017-07-12
A-chop|chop|j_tpo_signals|fx_sniper_ergodic_cci_signals|fractal_dimension_volume_signals|hma_baseline,0.5,GBPCHF,2020-08-04,2020-09-01,1.4999999999999931,False,1.4999999999999931,2020-09-01
A-chop|chop|j_tpo_signals|fx_sniper_ergodic_cci_signals|fractal_dimension_volume_signals|hma_baseline,0.5,GBPJPY,2018-08-02,2018-08-08,1.4999999999999891,False,1.4999999999999891,2018-08-08
A-chop|chop|j_tpo_signals|fx_sniper_ergodic_cci_signals|fractal_dimension_volume_signals|hma_baseline,0.5,GBPNZD,2018-11-07,2018-11-12,1.5000000000000049,False,1.5000000000000049,2018-11-12
A-chop|chop|j_tpo_signals|fx_sniper_ergodic_cci_signals|fractal_dimension_volume_signals|hma_baseline,0.5,GBPNZD,2019-04-11,2019-05-01,1.499999999999996,False,1.499999999999996,2019-05-01
A-chop|chop|j_tpo_signals|fx_sniper_ergodic_cci_signals|fractal_dimension_volume_signals|hma_baseline,0.5,GBPNZD,2019-06-04,2019-06-12,-0.999999999999993,False,-0.999999999999993,2019-06-12
A-chop|chop|j_tpo_signals|fx_sniper_ergodic_cci_signals|fractal_dimension_volume_signals|hma_baseline,0.5,GBPNZD,2019-12-02,2019-12-04,-0.9999999999999953,False,-0.9999999999999953,2019-12-04
A-chop|chop|j_tpo_signals|fx_sniper_ergodic_cci_signals|fractal_dimension_volume_signals|hma_baseline,0.5,GBPUSD,2016-09-07,2016-09-13,-0.9999999999999969,False,-0.9999999999999969,2016-09-13
A-chop|chop|j_tpo_signals|fx_sniper_ergodic_cci_signals|fractal_dimension_volume_signals|hma_baseline,0.5,GBPUSD,2019-07-16,2019-07-18,-1.0000000000000058,False,-1.0000000000000058,2019-07-18
A-chop|chop|j_tpo_signals|fx_sniper_ergodic_cci_signals|fractal_dimension_volume_signals|hma_baseline,0.5,GBPUSD,2019-07-23,2019-07-24,-0.999999999999997,False,-0.999999999999997,2019-07-24
A-chop|chop|j_tpo_signals|fx_sniper_ergodic_cci_signals|fractal_dimension_volume_signals|hma_baseline,0.5,GBPUSD,2020-02-24,2020-02-28,1.4999999999999938,False,1.4999999999999938,2020-02-28
A-chop|chop|j_tpo_signals|fx_sniper_ergodic_cci_signals|fractal_dimension_volume_signals|hma_baseline,0.5,GBPUSD,2020-07-20,2020-07-27,1.4999999999999978,False,1.4999999999999978,2020-07-27
A-chop|chop|j_tpo_signals|fx_sniper_ergodic_cci_signals|fractal_dimension_volume_signals|hma_baseline,0.5,GBPUSD,2020-09-21,2020-09-30,-0.9999999999999912,False,-0.9999999999999912,2020-09-30
A-chop|chop|j_tpo_signals|fx_sniper_ergodic_cci_signals|fractal_dimension_volume_signals|hma_baseline,0.5,NZDCAD,2016-09-06,2016-09-20,1.4999999999999971,False,1.4999999999999971,2016-09-20
A-chop|chop|j_tpo_signals|fx_sniper_ergodic_cci_signals|fractal_dimension_volume_signals|hma_baseline,0.5,NZDCAD,2016-12-09,2016-12-14,-1.0000000000000049,False,-1.0000000000000049,2016-12-14
A-chop|chop|j_tpo_signals|fx_sniper_ergodic_cci_signals|fractal_dimension_volume_signals|hma_baseline,0.5,NZDCAD,2016-12-15,2016-12-20,1.5000000000000049,False,1.5000000000000049,2016-12-20
A-chop|chop|j_tpo_signals|fx_sniper_ergodic_cci_signals|fractal_dimension_volume_signals|hma_baseline,0.5,NZDCAD,2017-12-14,2018-01-02,-0.9999999999999971,False,-0.9999999999999971,2018-01-02
A-chop|chop|j_tpo_signals|fx_sniper_ergodic_cci_signals|fractal_dimension_volume_signals|hma_baseline,0.5,NZDCAD,2018-11-02,2018-11-06,1.4999999999999982,False,1.4999999999999982,2018-11-06
A-chop|chop|j_tpo_signals|fx_sniper_ergodic_cci_signals|fractal_dimension_volume_signals|hma_baseline,0.5,NZDCAD,2020-08-17,2020-08-19,-1.0000000000000069,False,-1.0000000000000069,2020-08-19
A-chop|chop|j_tpo_signals|fx_sniper_ergodic_cci_signals|fractal_dimension_volume_signals|hma_baseline,0.5,NZDCAD,2020-08-20,2020-08-26,-0.9999999999999976,False,-0.9999999999999976,2020-08-26
A-chop|chop|j_tpo_signals|fx_sniper_ergodic_cci_signals|fractal_dimension_volume_signals|hma_baseline,0.5,NZDCHF,2019-07-15,2019-07-29,-1.0000000000000033,False,-1.0000000000000033,2019-07-29
A-chop|chop|j_tpo_signals|fx_sniper_ergodic_cci_signals|fractal_dimension_volume_signals|hma_baseline,0.5,NZDCHF,2020-08-20,2020-08-26,-1.0000000000000078,False,-1.0000000000000078,2020-08-26
A-chop|chop|j_tpo_signals|fx_sniper_ergodic_cci_signals|fractal_dimension_volume_signals|hma_baseline,0.5,NZDJPY,2018-08-02,2018-08-09,1.5000000000000033,False,1.5000000000000033,2018-08-09
A-chop|chop|j_tpo_signals|fx_sniper_ergodic_cci_signals|fractal_dimension_volume_signals|hma_baseline,0.5,NZDJPY,2018-10-30,2018-11-01,1.2740117833146278,False,1.2740117833146278,2018-11-01
A-chop|chop|j_tpo_signals|fx_sniper_ergodic_cci_signals|fractal_dimension_volume_signals|hma_baseline,0.5,NZDJPY,2019-05-01,2019-05-06,1.5000000000000009,False,1.5000000000000009,2019-05-06
A-chop|chop|j_tpo_signals|fx_sniper_ergodic_cci_signals|fractal_dimension_volume_signals|hma_baseline,0.5,NZDJPY,2019-11-22,2019-11-29,1.5000000000000044,False,1.5000000000000044,2019-11-29
A-chop|chop|j_tpo_signals|fx_sniper_ergodic_cci_signals|fractal_dimension_volume_signals|hma_baseline,0.5,NZDUSD,2016-06-22,2016-06-24,-1.0000000000000029,False,-1.0000000000000029,2016-06-24
A-chop|chop|j_tpo_signals|fx_sniper_ergodic_cci_signals|fractal_dimension_volume_signals|hma_baseline,0.5,NZDUSD,2017-08-24,2017-08-29,-1.0000000000000082,False,-1.0000000000000082,2017-08-29
A-chop|chop|j_tpo_signals|fx_sniper_ergodic_cci_signals|fractal_dimension_volume_signals|hma_baseline,0.5,NZDUSD,2017-08-30,2017-09-08,-0.999999999999993,False,-0.999999999999993,2017-09-08
A-chop|chop|j_tpo_signals|fx_sniper_ergodic_cci_signals|fractal_dimension_volume_signals|hma_baseline,0.5,NZDUSD,2018-01-04,2018-01-11,1.4999999999999938,False,1.4999999999999938,2018-01-11
A-chop|chop|j_tpo_signals|fx_sniper_ergodic_cci_signals|fractal_dimension_volume_signals|hma_baseline,0.5,NZDUSD,2020-11-05,2020-11-11,1.4999999999999998,False,1.4999999999999998,2020-11-11
A-chop|chop|j_tpo_signals|fx_sniper_ergodic_cci_signals|fractal_dimension_volume_signals|hma_baseline,0.5,NZDUSD,2020-11-24,2020-12-02,1.500000000000003,False,1.500000000000003,2020-12-02
A-chop|chop|j_tpo_signals|fx_sniper_ergodic_cci_signals|fractal_dimension_volume_signals|hma_baseline,0.5,USDCAD,2017-01-17,2017-01-18,-1.0000000000000053,False,-1.0000000000000053,2017-01-18
A-chop|chop|j_tpo_signals|fx_sniper_ergodic_cci_signals|fractal_dimension_volume_signals|hma_baseline,0.5,USDCAD,2018-07-23,2018-07-25,-1.0000000000000084,False,-1.0000000000000084,2018-07-25
A-chop|chop|j_tpo_signals|fx_sniper_ergodic_cci_signals|fractal_dimension_volume_signals|hma_baseline,0.5,USDCAD,2018-08-01,2018-08-08,-1.0,False,-1.0,2018-08-08
A-chop|chop|j_tpo_signals|fx_sniper_ergodic_cci_signals|fractal_dimension_volume_signals|hma_baseline,0.5,USDCAD,2019-01-30,2019-02-07,-0.9999999999999912,False,-0.9999999999999912,2019-02-07
A-chop|chop|j_tpo_signals|fx_sniper_ergodic_cci_signals|fractal_dimension_volume_signals|hma_baseline,0.5,USDCHF,2017-12-27,2017-12-29,1.5000000000000018,False,1.5000000000000018,2017-12-29
A-chop|chop|j_tpo_signals|fx_sniper_ergodic_cci_signals|fractal_dimension_volume_signals|hma_baseline,0.5,USDCHF,2018-01-12,2018-01-19,1.5000000000000002,False,1.5000000000000002,2018-01-19
A-chop|chop|j_tpo_signals|fx_sniper_ergodic_cci_signals|fractal_dimension_volume_signals|hma_baseline,0.5,USDCHF,2018-04-17,2018-04-23,1.4999999999999927,False,1.4999999999999927,2018-04-23
A-chop|chop|j_tpo_signals|fx_sniper_ergodic_cci_signals|fractal_dimension_volume_signals|hma_baseline,0.5,USDCHF,2019-09-10,2019-09-13,-1.0000000000000007,False,-1.0000000000000007,2019-09-13
A-chop|chop|j_tpo_signals|fx_sniper_ergodic_cci_signals|fractal_dimension_volume_signals|hma_baseline,0.5,USDCHF,2019-09-18,2019-09-19,-0.9999999999999933,False,-0.9999999999999933,2019-09-19
A-chop|chop|j_tpo_signals|fx_sniper_ergodic_cci_signals|fractal_dimension_volume_signals|hma_baseline,0.5,USDJPY,2019-02-25,2019-02-26,-1.0000000000000002,False,-1.0000000000000002,2019-02-26
A-chop|chop|j_tpo_signals|fx_sniper_ergodic_cci_signals|fractal_dimension_volume_signals|hma_baseline,0.5,USDJPY,2019-02-28,2019-03-20,-0.9999999999999943,False,-0.9999999999999943,2019-03-20
A-chop|chop|j_tpo_signals|fx_sniper_ergodic_cci_signals|fractal_dimension_volume_signals|hma_baseline,0.5,USDJPY,2020-07-17,2020-07-24,1.500000000000002,False,1.500000000000002,2020-07-24
A-chop|chop|j_tpo_signals|fx_sniper_ergodic_cci_signals|fractal_dimension_volume_signals|hma_baseline,0.5,USDJPY,2020-12-07,2020-12-17,1.4999999999999971,False,1.4999999999999971,2020-12-17
A-trend|trend|bears_bulls_impulse_signals|aroon_signals|waddah_attar_explosion_volume_signals|sma_baseline,1.0,AUDCHF,2018-06-15,2018-08-10,1.3250000000000035,False,1.3250000000000035,2018-08-10
A-trend|trend|bears_bulls_impulse_signals|aroon_signals|waddah_attar_explosion_volume_signals|sma_baseline,1.0,AUDCHF,2018-06-15,2018-08-16,1.3469769890567505,False,1.3469769890567505,2018-08-16
A-trend|trend|bears_bulls_impulse_signals|aroon_signals|waddah_attar_explosion_volume_signals|sma_baseline,1.0,AUDCHF,2019-09-20,2019-10-01,-0.5000000000000046,False,-0.5000000000000046,2019-10-01
A-trend|trend|bears_bulls_impulse_signals|aroon_signals|waddah_attar_explosion_volume_signals|sma_baseline,1.0,AUDCHF,2019-09-20,2019-10-01,-0.5000000000000046,False,-0.5000000000000046,2019-10-01
A-trend|trend|bears_bulls_impulse_signals|aroon_signals|waddah_attar_explosion_volume_signals|sma_baseline,1.0,AUDJPY,2019-09-20,2019-10-11,-0.4999999999999989,False,-0.4999999999999989,2019-10-11
A-trend|trend|bears_bulls_impulse_signals|aroon_signals|waddah_attar_explosion_volume_signals|sma_baseline,1.0,AUDJPY,2019-09-20,2019-10-11,-0.4999999999999989,False,-0.4999999999999989,2019-10-11
A-trend|trend|bears_bulls_impulse_signals|aroon_signals|waddah_attar_explosion_volume_signals|sma_baseline,1.0,AUDJPY,2020-05-04,2020-05-08,-0.5000000000000032,False,-0.5000000000000032,2020-05-08
A-trend|trend|bears_bulls_impulse_signals|aroon_signals|waddah_attar_explosion_volume_signals|sma_baseline,1.0,AUDJPY,2020-05-04,2020-05-08,-0.5000000000000032,False,-0.5000000000000032,2020-05-08
A-trend|trend|bears_bulls_impulse_signals|aroon_signals|waddah_attar_explosion_volume_signals|sma_baseline,1.0,AUDNZD,2018-06-28,2018-08-09,1.3250000000000062,False,1.3250000000000062,2018-08-09
A-trend|trend|bears_bulls_impulse_signals|aroon_signals|waddah_attar_explosion_volume_signals|sma_baseline,1.0,AUDNZD,2018-06-28,2018-08-10,1.6542371751269573,False,1.6542371751269573,2018-08-10
A-trend|trend|bears_bulls_impulse_signals|aroon_signals|waddah_attar_explosion_volume_signals|sma_baseline,1.0,CADJPY,2016-10-26,2016-10-28,-0.4999999999999969,False,-0.4999999999999969,2016-10-28
A-trend|trend|bears_bulls_impulse_signals|aroon_signals|waddah_attar_explosion_volume_signals|sma_baseline,1.0,CADJPY,2016-10-26,2016-10-28,-0.4999999999999969,False,-0.4999999999999969,2016-10-28
A-trend|trend|bears_bulls_impulse_signals|aroon_signals|waddah_attar_explosion_volume_signals|sma_baseline,1.0,CHFJPY,2016-04-05,2016-04-14,1.3250000000000022,False,1.3250000000000022,2016-04-14
A-trend|trend|bears_bulls_impulse_signals|aroon_signals|waddah_attar_explosion_volume_signals|sma_baseline,1.0,CHFJPY,2016-04-05,2016-05-04,1.6855436330075073,False,1.6855436330075073,2016-05-04
A-trend|trend|bears_bulls_impulse_signals|aroon_signals|waddah_attar_explosion_volume_signals|sma_baseline,1.0,CHFJPY,2020-04-01,2020-04-07,-0.5000000000000014,False,-0.5000000000000014,2020-04-07
A-trend|trend|bears_bulls_impulse_signals|aroon_signals|waddah_attar_explosion_volume_signals|sma_baseline,1.0,CHFJPY,2020-04-01,2020-04-07,-0.5000000000000014,False,-0.5000000000000014,2020-04-07
A-trend|trend|bears_bulls_impulse_signals|aroon_signals|waddah_attar_explosion_volume_signals|sma_baseline,1.0,EURCHF,2016-01-04,2016-01-25,1.325000000000004,False,1.325000000000004,2016-01-25
A-trend|trend|bears_bulls_impulse_signals|aroon_signals|waddah_attar_explosion_volume_signals|sma_baseline,1.0,EURCHF,2016-01-04,2016-02-05,2.1684096636181254,False,2.1684096636181254,2016-02-05
A-trend|trend|bears_bulls_impulse_signals|aroon_signals|waddah_attar_explosion_volume_signals|sma_baseline,1.0,EURCHF,2019-10-11,2019-11-12,-0.4999999999999942,False,-0.4999999999999942,2019-11-12
A-trend|trend|bears_bulls_impulse_signals|aroon_signals|waddah_attar_explosion_volume_signals|sma_baseline,1.0,EURCHF,2019-10-11,2019-11-12,-0.4999999999999942,False,-0.4999999999999942,2019-11-12
A-trend|trend|bears_bulls_impulse_signals|aroon_signals|waddah_attar_explosion_volume_signals|sma_baseline,1.0,EURGBP,2020-05-04,2020-05-20,1.324999999999998,False,1.324999999999998,2020-05-20
A-trend|trend|bears_bulls_impulse_signals|aroon_signals|waddah_attar_explosion_volume_signals|sma_baseline,1.0,EURGBP,2020-05-04,2020-06-01,1.027369197459145,False,1.027369197459145,2020-06-01
A-trend|trend|bears_bulls_impulse_signals|aroon_signals|waddah_attar_explosion_volume_signals|sma_baseline,1.0,EURJPY,2016-10-18,2016-10-28,-0.4999999999999977,False,-0.4999999999999977,2016-10-28
A-trend|trend|bears_bulls_impulse_signals|aroon_signals|waddah_attar_explosion_volume_signals|sma_baseline,1.0,EURJPY,2016-10-18,2016-10-28,-0.4999999999999977,False,-0.4999999999999977,2016-10-28
A-trend|trend|bears_bulls_impulse_signals|aroon_signals|waddah_attar_explosion_volume_signals|sma_baseline,1.0,EURJPY,2017-03-23,2017-04-11,1.3249999999999988,False,1.3249999999999988,2017-04-11
A-trend|trend|bears_bulls_impulse_signals|aroon_signals|waddah_attar_explosion_volume_signals|sma_baseline,1.0,EURJPY,2017-03-23,2017-04-18,1.673784196834155,False,1.673784196834155,2017-04-18
A-trend|trend|bears_bulls_impulse_signals|aroon_signals|waddah_attar_explosion_volume_signals|sma_baseline,1.0,EURJPY,2018-02-09,2018-03-05,1.3249999999999986,False,1.3249999999999986,2018-03-05
A-trend|trend|bears_bulls_impulse_signals|aroon_signals|waddah_attar_explosion_volume_signals|sma_baseline,1.0,EURJPY,2018-02-09,2018-04-11,0.4155458763146925,False,0.4155458763146925,2018-04-11
A-trend|trend|bears_bulls_impulse_signals|aroon_signals|waddah_attar_explosion_volume_signals|sma_baseline,1.0,EURJPY,2020-11-24,2020-12-02,1.3249999999999995,False,1.3249999999999995,2020-12-02
A-trend|trend|bears_bulls_impulse_signals|aroon_signals|waddah_attar_explosion_volume_signals|sma_baseline,1.0,EURJPY,2020-11-24,2020-12-31,1.3258189594959966,False,1.3258189594959966,2020-12-31
A-trend|trend|bears_bulls_impulse_signals|aroon_signals|waddah_attar_explosion_volume_signals|sma_baseline,1.0,EURNZD,2018-02-28,2018-04-04,-0.49999999999999756,False,-0.49999999999999756,2018-04-04
A-trend|trend|bears_bulls_impulse_signals|aroon_signals|waddah_attar_explosion_volume_signals|sma_baseline,1.0,EURNZD,2018-02-28,2018-04-04,-0.49999999999999756,False,-0.49999999999999756,2018-04-04
A-trend|trend|bears_bulls_impulse_signals|aroon_signals|waddah_attar_explosion_volume_signals|sma_baseline,1.0,EURUSD,2017-03-13,2017-03-27,1.325000000000004,False,1.325000000000004,2017-03-27
A-trend|trend|bears_bulls_impulse_signals|aroon_signals|waddah_attar_explosion_volume_signals|sma_baseline,1.0,EURUSD,2017-03-13,2017-03-29,0.9098349904959542,False,0.9098349904959542,2017-03-29
A-trend|trend|bears_bulls_impulse_signals|aroon_signals|waddah_attar_explosion_volume_signals|sma_baseline,1.0,EURUSD,2017-10-11,2017-10-16,-0.5000000000000058,False,-0.5000000000000058,2017-10-16
A-trend|trend|bears_bulls_impulse_signals|aroon_signals|waddah_attar_explosion_volume_signals|sma_baseline,1.0,EURUSD,2017-10-11,2017-10-16,-0.5000000000000058,False,-0.5000000000000058,2017-10-16
A-trend|trend|bears_bulls_impulse_signals|aroon_signals|waddah_attar_explosion_volume_signals|sma_baseline,1.0,EURUSD,2018-04-23,2018-05-01,1.324999999999997,False,1.324999999999997,2018-05-01
A-trend|trend|bears_bulls_impulse_signals|aroon_signals|waddah_attar_explosion_volume_signals|sma_baseline,1.0,EURUSD,2018-04-23,2018-05-10,1.7965770908582166,False,1.7965770908582166,2018-05-10
A-trend|trend|bears_bulls_impulse_signals|aroon_signals|waddah_attar_explosion_volume_signals|sma_baseline,1.0,GBPNZD,2018-02-15,2018-02-27,-0.4999999999999998,False,-0.4999999999999998,2018-02-27
A-trend|trend|bears_bulls_impulse_signals|aroon_signals|waddah_attar_explosion_volume_signals|sma_baseline,1.0,GBPNZD,2018-02-15,2018-02-27,-0.4999999999999998,False,-0.4999999999999998,2018-02-27
A-trend|trend|bears_bulls_impulse_signals|aroon_signals|waddah_attar_explosion_volume_signals|sma_baseline,1.0,GBPNZD,2018-02-27,2018-03-01,-0.5000000000000031,False,-0.5000000000000031,2018-03-01
A-trend|trend|bears_bulls_impulse_signals|aroon_signals|waddah_attar_explosion_volume_signals|sma_baseline,1.0,GBPNZD,2018-02-27,2018-03-01,-0.5000000000000031,False,-0.5000000000000031,2018-03-01
A-trend|trend|bears_bulls_impulse_signals|aroon_signals|waddah_attar_explosion_volume_signals|sma_baseline,1.0,GBPNZD,2020-10-26,2020-11-26,1.3249999999999997,False,1.3249999999999997,2020-11-26
A-trend|trend|bears_bulls_impulse_signals|aroon_signals|waddah_attar_explosion_volume_signals|sma_baseline,1.0,GBPNZD,2020-10-26,2020-12-14,2.002949267854882,False,2.002949267854882,2020-12-14
A-trend|trend|bears_bulls_impulse_signals|aroon_signals|waddah_attar_explosion_volume_signals|sma_baseline,1.0,NZDJPY,2020-05-21,2020-06-02,1.3250000000000028,False,1.3250000000000028,2020-06-02
A-trend|trend|bears_bulls_impulse_signals|aroon_signals|waddah_attar_explosion_volume_signals|sma_baseline,1.0,NZDJPY,2020-05-21,2020-06-09,2.4583010449118508,False,2.4583010449118508,2020-06-09
A-trend|trend|bears_bulls_impulse_signals|aroon_signals|waddah_attar_explosion_volume_signals|sma_baseline,1.0,NZDUSD,2016-11-14,2016-12-08,-0.5000000000000032,False,-0.5000000000000032,2016-12-08
A-trend|trend|bears_bulls_impulse_signals|aroon_signals|waddah_attar_explosion_volume_signals|sma_baseline,1.0,NZDUSD,2016-11-14,2016-12-08,-0.5000000000000032,False,-0.5000000000000032,2016-12-08
A-trend|trend|bears_bulls_impulse_signals|aroon_signals|waddah_attar_explosion_volume_signals|sma_baseline,1.0,USDCAD,2020-10-05,2020-10-07,-0.500000000000003,False,-0.500000000000003,2020-10-07
A-trend|trend|bears_bulls_impulse_signals|aroon_signals|waddah_attar_explosion_volume_signals|sma_baseline,1.0,USDCAD,2020-10-05,2020-10-07,-0.500000000000003,False,-0.500000000000003,2020-10-07
A-trend|trend|bears_bulls_impulse_signals|aroon_signals|waddah_attar_explosion_volume_signals|sma_baseline,1.0,USDJPY,2017-03-20,2017-03-27,1.3249999999999997,False,1.3249999999999997,2017-03-27
A-trend|trend|bears_bulls_impulse_signals|aroon_signals|waddah_attar_explosion_volume_signals|sma_baseline,1.0,USDJPY,2017-03-20,2017-04-20,1.81252212783084,False,1.81252212783084,2017-04-20
A-chop|chop|coral_signals|relative_vigor_index_signals|waddah_attar_explosion_volume_signals|t3_baseline,0.5,AUDCAD,2020-01-02,2020-01-06,1.4499999999999929,False,1.4499999999999929,2020-01-06
A-chop|chop|coral_signals|relative_vigor_index_signals|waddah_attar_explosion_volume_signals|t3_baseline,0.5,AUDCHF,2016-08-16,2016-08-19,1.450000000000005,False,1.450000000000005,2016-08-19
A-chop|chop|coral_signals|relative_vigor_index_signals|waddah_attar_explosion_volume_signals|t3_baseline,0.5,AUDCHF,2018-05-24,2018-05-29,1.4500000000000002,False,1.4500000000000002,2018-05-29
A-chop|chop|coral_signals|relative_vigor_index_signals|waddah_attar_explosion_volume_signals|t3_baseline,0.5,AUDJPY,2016-06-22,2016-06-23,1.449999999999997,False,1.449999999999997,2016-06-23
A-chop|chop|coral_signals|relative_vigor_index_signals|waddah_attar_explosion_volume_signals|t3_baseline,0.5,AUDNZD,2016-04-27,2016-04-28,1.4499999999999915,False,1.4499999999999915,2016-04-28
A-chop|chop|coral_signals|relative_vigor_index_signals|waddah_attar_explosion_volume_signals|t3_baseline,0.5,AUDNZD,2016-05-26,2016-06-01,-0.9999999999999987,False,-0.9999999999999987,2016-06-01
A-chop|chop|coral_signals|relative_vigor_index_signals|waddah_attar_explosion_volume_signals|t3_baseline,0.5,AUDNZD,2016-06-23,2016-06-30,-0.6779078136812466,False,-0.6779078136812466,2016-06-30
A-chop|chop|coral_signals|relative_vigor_index_signals|waddah_attar_explosion_volume_signals|t3_baseline,0.5,AUDUSD,2016-05-26,2016-06-03,1.4500000000000015,False,1.4500000000000015,2016-06-03
A-chop|chop|coral_signals|relative_vigor_index_signals|waddah_attar_explosion_volume_signals|t3_baseline,0.5,AUDUSD,2016-11-09,2016-11-10,-0.9999999999999999,False,-0.9999999999999999,2016-11-10
A-chop|chop|coral_signals|relative_vigor_index_signals|waddah_attar_explosion_volume_signals|t3_baseline,0.5,AUDUSD,2017-09-15,2017-09-20,-0.9999999999999926,False,-0.9999999999999926,2017-09-20
A-chop|chop|coral_signals|relative_vigor_index_signals|waddah_attar_explosion_volume_signals|t3_baseline,0.5,AUDUSD,2018-08-24,2018-08-29,-0.26729136604814285,False,-0.26729136604814285,2018-08-29
A-chop|chop|coral_signals|relative_vigor_index_signals|waddah_attar_explosion_volume_signals|t3_baseline,0.5,AUDUSD,2019-05-24,2019-06-04,1.4500000000000017,False,1.4500000000000017,2019-06-04
A-chop|chop|coral_signals|relative_vigor_index_signals|waddah_attar_explosion_volume_signals|t3_baseline,0.5,CADJPY,2018-05-23,2018-05-24,1.450000000000004,False,1.450000000000004,2018-05-24
A-chop|chop|coral_signals|relative_vigor_index_signals|waddah_attar_explosion_volume_signals|t3_baseline,0.5,CHFJPY,2017-11-24,2017-11-27,-1.0000000000000033,False,-1.0000000000000033,2017-11-27
A-chop|chop|coral_signals|relative_vigor_index_signals|waddah_attar_explosion_volume_signals|t3_baseline,0.5,CHFJPY,2017-11-29,2017-12-01,1.4499999999999988,False,1.4499999999999988,2017-12-01
A-chop|chop|coral_signals|relative_vigor_index_signals|waddah_attar_explosion_volume_signals|t3_baseline,0.5,CHFJPY,2018-04-05,2018-04-12,0.09349714626702071,False,0.09349714626702071,2018-04-12
A-chop|chop|coral_signals|relative_vigor_index_signals|waddah_attar_explosion_volume_signals|t3_baseline,0.5,CHFJPY,2019-12-06,2019-12-10,-1.0000000000000013,False,-1.0000000000000013,2019-12-10
A-chop|chop|coral_signals|relative_vigor_index_signals|waddah_attar_explosion_volume_signals|t3_baseline,0.5,EURAUD,2018-10-16,2018-10-19,1.450000000000007,False,1.450000000000007,2018-10-19
A-chop|chop|coral_signals|relative_vigor_index_signals|waddah_attar_explosion_volume_signals|t3_baseline,0.5,EURAUD,2019-05-24,2019-06-03,0.6191596090988566,False,0.6191596090988566,2019-06-03
A-chop|chop|coral_signals|relative_vigor_index_signals|waddah_attar_explosion_volume_signals|t3_baseline,0.5,EURAUD,2020-01-03,2020-01-07,1.4500000000000022,False,1.4500000000000022,2020-01-07
A-chop|chop|coral_signals|relative_vigor_index_signals|waddah_attar_explosion_volume_signals|t3_baseline,0.5,EURCAD,2016-09-21,2016-09-23,-1.0000000000000073,False,-1.0000000000000073,2016-09-23
A-chop|chop|coral_signals|relative_vigor_index_signals|waddah_attar_explosion_volume_signals|t3_baseline,0.5,EURCAD,2016-12-21,2016-12-27,1.449999999999993,False,1.449999999999993,2016-12-27
A-chop|chop|coral_signals|relative_vigor_index_signals|waddah_attar_explosion_volume_signals|t3_baseline,0.5,EURCAD,2019-01-02,2019-01-04,1.4499999999999966,False,1.4499999999999966,2019-01-04
A-chop|chop|coral_signals|relative_vigor_index_signals|waddah_attar_explosion_volume_signals|t3_baseline,0.5,EURCAD,2019-02-21,2019-02-22,-1.0000000000000107,False,-1.0000000000000107,2019-02-22
A-chop|chop|coral_signals|relative_vigor_index_signals|waddah_attar_explosion_volume_signals|t3_baseline,0.5,EURCAD,2019-02-26,2019-03-06,1.4499999999999924,False,1.4499999999999924,2019-03-06
A-chop|chop|coral_signals|relative_vigor_index_signals|waddah_attar_explosion_volume_signals|t3_baseline,0.5,EURGBP,2017-04-24,2017-04-27,-0.9999999999999933,False,-0.9999999999999933,2017-04-27
A-chop|chop|coral_signals|relative_vigor_index_signals|waddah_attar_explosion_volume_signals|t3_baseline,0.5,EURGBP,2017-07-13,2017-07-18,-0.9999999999999951,False,-0.9999999999999951,2017-07-18
A-chop|chop|coral_signals|relative_vigor_index_signals|waddah_attar_explosion_volume_signals|t3_baseline,0.5,EURGBP,2018-07-31,2018-08-03,0.20593537086338787,False,0.20593537086338787,2018-08-03
A-chop|chop|coral_signals|relative_vigor_index_signals|waddah_attar_explosion_volume_signals|t3_baseline,0.5,EURGBP,2019-03-19,2019-03-20,1.4499999999999975,False,1.4499999999999975,2019-03-20
A-chop|chop|coral_signals|relative_vigor_index_signals|waddah_attar_explosion_volume_signals|t3_baseline,0.5,EURGBP,2020-11-12,2020-11-18,-0.9999999999999928,False,-0.9999999999999928,2020-11-18
A-chop|chop|coral_signals|relative_vigor_index_signals|waddah_attar_explosion_volume_signals|t3_baseline,0.5,EURJPY,2019-06-21,2019-07-01,1.4500000000000066,False,1.4500000000000066,2019-07-01
A-chop|chop|coral_signals|relative_vigor_index_signals|waddah_attar_explosion_volume_signals|t3_baseline,0.5,EURNZD,2019-06-20,2019-06-21,-1.0000000000000064,False,-1.0000000000000064,2019-06-21
A-chop|chop|coral_signals|relative_vigor_index_signals|waddah_attar_explosion_volume_signals|t3_baseline,0.5,EURNZD,2020-07-13,2020-07-21,0.05251428874863873,False,0.05251428874863873,2020-07-21
A-chop|chop|coral_signals|relative_vigor_index_signals|waddah_attar_explosion_volume_signals|t3_baseline,0.5,EURNZD,2020-12-01,2020-12-09,0.8396413855276598,False,0.8396413855276598,2020-12-09
A-chop|chop|coral_signals|relative_vigor_index_signals|waddah_attar_explosion_volume_signals|t3_baseline,0.5,EURUSD,2019-08-23,2019-08-27,-1.0000000000000124,False,-1.0000000000000124,2019-08-27
A-chop|chop|coral_signals|relative_vigor_index_signals|waddah_attar_explosion_volume_signals|t3_baseline,0.5,GBPAUD,2017-03-08,2017-03-14,-0.4969153778108763,False,-0.4969153778108763,2017-03-14
A-chop|chop|coral_signals|relative_vigor_index_signals|waddah_attar_explosion_volume_signals|t3_baseline,0.5,GBPAUD,2017-11-02,2017-11-03,-1.000000000000003,False,-1.000000000000003,2017-11-03
A-chop|chop|coral_signals|relative_vigor_index_signals|waddah_attar_explosion_volume_signals|t3_baseline,0.5,GBPCAD,2017-11-02,2017-11-13,0.17160616236853016,False,0.17160616236853016,2017-11-13
A-chop|chop|coral_signals|relative_vigor_index_signals|waddah_attar_explosion_volume_signals|t3_baseline,0.5,GBPCAD,2020-07-01,2020-07-10,1.4500000000000068,False,1.4500000000000068,2020-07-10
A-chop|chop|coral_signals|relative_vigor_index_signals|waddah_attar_explosion_volume_signals|t3_baseline,0.5,GBPCHF,2017-11-02,2017-11-07,-1.0000000000000013,False,-1.0000000000000013,2017-11-07
A-chop|chop|coral_signals|relative_vigor_index_signals|waddah_attar_explosion_volume_signals|t3_baseline,0.5,GBPCHF,2019-03-19,2019-03-20,1.450000000000003,False,1.450000000000003,2019-03-20
A-chop|chop|coral_signals|relative_vigor_index_signals|waddah_attar_explosion_volume_signals|t3_baseline,0.5,GBPJPY,2018-12-13,2018-12-14,-1.000000000000008,False,-1.000000000000008,2018-12-14
A-chop|chop|coral_signals|relative_vigor_index_signals|waddah_attar_explosion_volume_signals|t3_baseline,0.5,GBPNZD,2019-05-14,2019-05-22,0.7387541761238303,False,0.7387541761238303,2019-05-22
A-chop|chop|coral_signals|relative_vigor_index_signals|waddah_attar_explosion_volume_signals|t3_baseline,0.5,GBPNZD,2020-12-15,2020-12-21,-1.0000000000000033,False,-1.0000000000000033,2020-12-21
A-chop|chop|coral_signals|relative_vigor_index_signals|waddah_attar_explosion_volume_signals|t3_baseline,0.5,GBPUSD,2016-08-17,2016-08-26,0.5409713247786374,False,0.5409713247786374,2016-08-26
A-chop|chop|coral_signals|relative_vigor_index_signals|waddah_attar_explosion_volume_signals|t3_baseline,0.5,NZDCAD,2017-01-11,2017-01-18,1.449999999999997,False,1.449999999999997,2017-01-18
A-chop|chop|coral_signals|relative_vigor_index_signals|waddah_attar_explosion_volume_signals|t3_baseline,0.5,NZDCHF,2016-06-14,2016-06-16,-0.9999999999999994,False,-0.9999999999999994,2016-06-16
A-chop|chop|coral_signals|relative_vigor_index_signals|waddah_attar_explosion_volume_signals|t3_baseline,0.5,NZDCHF,2017-05-08,2017-05-10,1.4499999999999968,False,1.4499999999999968,2017-05-10
A-chop|chop|coral_signals|relative_vigor_index_signals|waddah_attar_explosion_volume_signals|t3_baseline,0.5,NZDJPY,2019-06-24,2019-06-26,1.4500000000000062,False,1.4500000000000062,2019-06-26
A-chop|chop|coral_signals|relative_vigor_index_signals|waddah_attar_explosion_volume_signals|t3_baseline,0.5,NZDUSD,2016-04-21,2016-04-28,-0.5362209760103777,False,-0.5362209760103777,2016-04-28
A-chop|chop|coral_signals|relative_vigor_index_signals|waddah_attar_explosion_volume_signals|t3_baseline,0.5,NZDUSD,2016-09-09,2016-09-20,0.09708478470710574,False,0.09708478470710574,2016-09-20
A-chop|chop|coral_signals|relative_vigor_index_signals|waddah_attar_explosion_volume_signals|t3_baseline,0.5,NZDUSD,2017-05-05,2017-05-11,-1.0000000000000027,False,-1.0000000000000027,2017-05-11
A-chop|chop|coral_signals|relative_vigor_index_signals|waddah_attar_explosion_volume_signals|t3_baseline,0.5,NZDUSD,2017-05-17,2017-05-23,1.4500000000000017,False,1.4500000000000017,2017-05-23
A-chop|chop|coral_signals|relative_vigor_index_signals|waddah_attar_explosion_volume_signals|t3_baseline,0.5,NZDUSD,2018-02-21,2018-02-28,1.4500000000000055,False,1.4500000000000055,2018-02-28
A-chop|chop|coral_signals|relative_vigor_index_signals|waddah_attar_explosion_volume_signals|t3_baseline,0.5,NZDUSD,2019-07-23,2019-07-26,1.4499999999999917,False,1.4499999999999917,2019-07-26
A-chop|chop|coral_signals|relative_vigor_index_signals|waddah_attar_explosion_volume_signals|t3_baseline,0.5,USDCAD,2016-11-16,2016-11-18,-1.0000000000000027,False,-1.0000000000000027,2016-11-18
A-chop|chop|coral_signals|relative_vigor_index_signals|waddah_attar_explosion_volume_signals|t3_baseline,0.5,USDCAD,2018-12-03,2018-12-05,-0.9999999999999895,False,-0.9999999999999895,2018-12-05
A-chop|chop|coral_signals|relative_vigor_index_signals|waddah_attar_explosion_volume_signals|t3_baseline,0.5,USDCAD,2019-05-14,2019-05-17,0.013797558026193132,False,0.013797558026193132,2019-05-17
A-chop|chop|coral_signals|relative_vigor_index_signals|waddah_attar_explosion_volume_signals|t3_baseline,0.5,USDCHF,2016-12-29,2016-12-30,1.450000000000009,False,1.450000000000009,2016-12-30
A-chop|chop|coral_signals|relative_vigor_index_signals|waddah_attar_explosion_volume_signals|t3_baseline,0.5,USDCHF,2017-05-08,2017-05-09,1.449999999999996,False,1.449999999999996,2017-05-09
A-chop|chop|coral_signals|relative_vigor_index_signals|waddah_attar_explosion_volume_signals|t3_baseline,0.5,USDJPY,2017-09-12,2017-09-18,1.4500000000000006,False,1.4500000000000006,2017-09-18
A-chop|chop|coral_signals|relative_vigor_index_signals|waddah_attar_explosion_volume_signals|t3_baseline,0.5,USDJPY,2019-04-25,2019-05-06,1.4500000000000062,False,1.4500000000000062,2019-05-06
B|chop|aroon_signals|fisher_transform_signals|variance_volume_signals|fantail_vma,0.5,AUDCAD,2017-06-28,2017-07-04,1.3500000000000054,False,1.3500000000000054,2017-07-04
B|chop|aroon_signals|fisher_transform_signals|variance_volume_signals|fantail_vma,0.5,AUDCAD,2017-09-06,2017-09-19,-0.8235021556762107,False,-0.8235021556762107,2017-09-19
B|chop|aroon_signals|fisher_transform_signals|variance_volume_signals|fantail_vma,0.5,AUDCAD,2017-11-13,2017-11-17,1.3500000000000072,False,1.3500000000000072,2017-11-17
B|chop|aroon_signals|fisher_transform_signals|variance_volume_signals|fantail_vma,0.5,AUDCAD,2018-03-02,2018-03-05,1.349999999999996,False,1.349999999999996,2018-03-05
B|chop|aroon_signals|fisher_transform_signals|variance_volume_signals|fantail_vma,0.5,AUDCAD,2019-05-02,2019-05-13,1.3499999999999994,False,1.3499999999999994,2019-05-13
B|chop|aroon_signals|fisher_transform_signals|variance_volume_signals|fantail_vma,0.5,AUDCHF,2016-10-04,2016-10-05,-0.512953702427266,False,-0.512953702427266,2016-10-05
B|chop|aroon_signals|fisher_transform_signals|variance_volume_signals|fantail_vma,0.5,AUDCHF,2020-12-23,2020-12-31,1.3500000000000045,False,1.3500000000000045,2020-12-31
B|chop|aroon_signals|fisher_transform_signals|variance_volume_signals|fantail_vma,0.5,AUDJPY,2016-04-28,2016-05-03,1.3500000000000014,False,1.3500000000000014,2016-05-03
B|chop|aroon_signals|fisher_transform_signals|variance_volume_signals|fantail_vma,0.5,AUDJPY,2016-11-10,2016-11-23,1.3500000000000008,False,1.3500000000000008,2016-11-23
B|chop|aroon_signals|fisher_transform_signals|variance_volume_signals|fantail_vma,0.5,AUDJPY,2017-06-06,2017-06-07,-1.0000000000000044,False,-1.0000000000000044,2017-06-07
B|chop|aroon_signals|fisher_transform_signals|variance_volume_signals|fantail_vma,0.5,AUDJPY,2018-10-23,2018-10-26,1.350000000000004,False,1.350000000000004,2018-10-26
B|chop|aroon_signals|fisher_transform_signals|variance_volume_signals|fantail_vma,0.5,AUDJPY,2019-05-03,2019-05-06,1.3500000000000112,False,1.3500000000000112,2019-05-06
B|chop|aroon_signals|fisher_transform_signals|variance_volume_signals|fantail_vma,0.5,AUDNZD,2017-05-17,2017-05-18,-0.6907982927644446,False,-0.6907982927644446,2017-05-18
B|chop|aroon_signals|fisher_transform_signals|variance_volume_signals|fantail_vma,0.5,AUDNZD,2017-05-22,2017-05-25,1.350000000000002,False,1.350000000000002,2017-05-25
B|chop|aroon_signals|fisher_transform_signals|variance_volume_signals|fantail_vma,0.5,AUDNZD,2018-01-31,2018-02-05,1.3499999999999936,False,1.3499999999999936,2018-02-05
B|chop|aroon_signals|fisher_transform_signals|variance_volume_signals|fantail_vma,0.5,AUDNZD,2019-10-30,2019-10-31,-0.9999999999999875,False,-0.9999999999999875,2019-10-31
B|chop|aroon_signals|fisher_transform_signals|variance_volume_signals|fantail_vma,0.5,AUDNZD,2019-11-05,2019-11-11,-1.0000000000000198,False,-1.0000000000000198,2019-11-11
B|chop|aroon_signals|fisher_transform_signals|variance_volume_signals|fantail_vma,0.5,AUDUSD,2016-10-04,2016-10-13,1.3499999999999932,False,1.3499999999999932,2016-10-13
B|chop|aroon_signals|fisher_transform_signals|variance_volume_signals|fantail_vma,0.5,AUDUSD,2018-08-23,2018-08-24,-1.0000000000000038,False,-1.0000000000000038,2018-08-24
B|chop|aroon_signals|fisher_transform_signals|variance_volume_signals|fantail_vma,0.5,AUDUSD,2018-08-30,2018-08-31,1.349999999999993,False,1.349999999999993,2018-08-31
B|chop|aroon_signals|fisher_transform_signals|variance_volume_signals|fantail_vma,0.5,AUDUSD,2019-02-28,2019-03-07,1.349999999999998,False,1.349999999999998,2019-03-07
B|chop|aroon_signals|fisher_transform_signals|variance_volume_signals|fantail_vma,0.5,AUDUSD,2019-04-24,2019-04-30,-1.0000000000000058,False,-1.0000000000000058,2019-04-30
B|chop|aroon_signals|fisher_transform_signals|variance_volume_signals|fantail_vma,0.5,CADCHF,2016-07-29,2016-08-04,-0.689814488684022,False,-0.689814488684022,2016-08-04
B|chop|aroon_signals|fisher_transform_signals|variance_volume_signals|fantail_vma,0.5,CADCHF,2016-09-13,2016-09-26,1.3500000000000023,False,1.3500000000000023,2016-09-26
B|chop|aroon_signals|fisher_transform_signals|variance_volume_signals|fantail_vma,0.5,CADCHF,2017-01-25,2017-01-27,-0.7452601100683105,False,-0.7452601100683105,2017-01-27
B|chop|aroon_signals|fisher_transform_signals|variance_volume_signals|fantail_vma,0.5,CADCHF,2020-11-06,2020-11-09,-1.0000000000000013,False,-1.0000000000000013,2020-11-09
B|chop|aroon_signals|fisher_transform_signals|variance_volume_signals|fantail_vma,0.5,CADJPY,2018-05-29,2018-05-30,-0.9999999999999943,False,-0.9999999999999943,2018-05-30
B|chop|aroon_signals|fisher_transform_signals|variance_volume_signals|fantail_vma,0.5,CADJPY,2018-09-11,2018-09-18,1.3499999999999952,False,1.3499999999999952,2018-09-18
B|chop|aroon_signals|fisher_transform_signals|variance_volume_signals|fantail_vma,0.5,CADJPY,2020-11-24,2020-11-26,-0.4024887176079596,False,-0.4024887176079596,2020-11-26
B|chop|aroon_signals|fisher_transform_signals|variance_volume_signals|fantail_vma,0.5,CADJPY,2020-12-01,2020-12-04,1.3500000000000023,False,1.3500000000000023,2020-12-04
B|chop|aroon_signals|fisher_transform_signals|variance_volume_signals|fantail_vma,0.5,CHFJPY,2018-01-18,2018-01-19,-0.9999999999999923,False,-0.9999999999999923,2018-01-19
B|chop|aroon_signals|fisher_transform_signals|variance_volume_signals|fantail_vma,0.5,CHFJPY,2018-12-21,2018-12-27,-0.7658757332362371,False,-0.7658757332362371,2018-12-27
B|chop|aroon_signals|fisher_transform_signals|variance_volume_signals|fantail_vma,0.5,CHFJPY,2019-06-20,2019-06-24,1.3500000000000003,False,1.3500000000000003,2019-06-24
B|chop|aroon_signals|fisher_transform_signals|variance_volume_signals|fantail_vma,0.5,CHFJPY,2019-08-12,2019-08-13,-0.999999999999989,False,-0.999999999999989,2019-08-13
B|chop|aroon_signals|fisher_transform_signals|variance_volume_signals|fantail_vma,0.5,CHFJPY,2019-08-19,2019-08-26,1.3499999999999996,False,1.3499999999999996,2019-08-26
B|chop|aroon_signals|fisher_transform_signals|variance_volume_signals|fantail_vma,0.5,EURAUD,2017-10-24,2017-10-25,1.3500000000000079,False,1.3500000000000079,2017-10-25
B|chop|aroon_signals|fisher_transform_signals|variance_volume_signals|fantail_vma,0.5,EURAUD,2019-03-19,2019-03-22,-1.0000000000000082,False,-1.0000000000000082,2019-03-22
B|chop|aroon_signals|fisher_transform_signals|variance_volume_signals|fantail_vma,0.5,EURAUD,2020-12-23,2020-12-31,1.3500000000000016,False,1.3500000000000016,2020-12-31
B|chop|aroon_signals|fisher_transform_signals|variance_volume_signals|fantail_vma,0.5,EURCAD,2016-09-02,2016-09-08,-1.000000000000005,False,-1.000000000000005,2016-09-08
B|chop|aroon_signals|fisher_transform_signals|variance_volume_signals|fantail_vma,0.5,EURCAD,2016-09-12,2016-09-13,1.3499999999999956,False,1.3499999999999956,2016-09-13
B|chop|aroon_signals|fisher_transform_signals|variance_volume_signals|fantail_vma,0.5,EURCAD,2016-10-07,2016-10-10,-0.999999999999994,False,-0.999999999999994,2016-10-10
B|chop|aroon_signals|fisher_transform_signals|variance_volume_signals|fantail_vma,0.5,EURCAD,2017-12-07,2017-12-11,-0.013424262269021053,False,-0.013424262269021053,2017-12-11
B|chop|aroon_signals|fisher_transform_signals|variance_volume_signals|fantail_vma,0.5,EURCAD,2018-01-19,2018-02-02,1.3499999999999923,False,1.3499999999999923,2018-02-02
B|chop|aroon_signals|fisher_transform_signals|variance_volume_signals|fantail_vma,0.5,EURCAD,2018-08-02,2018-08-07,-0.5447446281223597,False,-0.5447446281223597,2018-08-07
B|chop|aroon_signals|fisher_transform_signals|variance_volume_signals|fantail_vma,0.5,EURCAD,2019-05-20,2019-05-23,-0.9999999999999981,False,-0.9999999999999981,2019-05-23
B|chop|aroon_signals|fisher_transform_signals|variance_volume_signals|fantail_vma,0.5,EURCAD,2019-09-03,2019-09-06,1.3499999999999879,False,1.3499999999999879,2019-09-06
B|chop|aroon_signals|fisher_transform_signals|variance_volume_signals|fantail_vma,0.5,EURCAD,2020-10-30,2020-11-02,1.350000000000002,False,1.350000000000002,2020-11-02
B|chop|aroon_signals|fisher_transform_signals|variance_volume_signals|fantail_vma,0.5,EURCAD,2020-11-24,2020-11-25,-0.4107510218399418,False,-0.4107510218399418,2020-11-25
B|chop|aroon_signals|fisher_transform_signals|variance_volume_signals|fantail_vma,0.5,EURCAD,2020-12-03,2020-12-04,-0.9999999999999916,False,-0.9999999999999916,2020-12-04
B|chop|aroon_signals|fisher_transform_signals|variance_volume_signals|fantail_vma,0.5,EURCAD,2020-12-17,2020-12-21,1.3500000000000005,False,1.3500000000000005,2020-12-21
B|chop|aroon_signals|fisher_transform_signals|variance_volume_signals|fantail_vma,0.5,EURCAD,2020-12-21,2020-12-23,-1.00000000000001,False,-1.00000000000001,2020-12-23
B|chop|aroon_signals|fisher_transform_signals|variance_volume_signals|fantail_vma,0.5,EURCHF,2020-11-09,2020-11-24,1.3500000000000094,False,1.3500000000000094,2020-11-24
B|chop|aroon_signals|fisher_transform_signals|variance_volume_signals|fantail_vma,0.5,EURGBP,2018-01-23,2018-01-24,1.3499999999999956,False,1.3499999999999956,2018-01-24
B|chop|aroon_signals|fisher_transform_signals|variance_volume_signals|fantail_vma,0.5,EURGBP,2018-03-19,2018-03-21,1.3500000000000016,False,1.3500000000000016,2018-03-21
B|chop|aroon_signals|fisher_transform_signals|variance_volume_signals|fantail_vma,0.5,EURGBP,2020-09-08,2020-09-10,1.349999999999994,False,1.349999999999994,2020-09-10
B|chop|aroon_signals|fisher_transform_signals|variance_volume_signals|fantail_vma,0.5,EURJPY,2016-01-04,2016-01-05,1.3499999999999965,False,1.3499999999999965,2016-01-05
B|chop|aroon_signals|fisher_transform_signals|variance_volume_signals|fantail_vma,0.5,EURJPY,2018-12-19,2018-12-21,1.3499999999999983,False,1.3499999999999983,2018-12-21
B|chop|aroon_signals|fisher_transform_signals|variance_volume_signals|fantail_vma,0.5,EURJPY,2019-07-18,2019-07-25,1.3500000000000094,False,1.3500000000000094,2019-07-25
B|chop|aroon_signals|fisher_transform_signals|variance_volume_signals|fantail_vma,0.5,EURJPY,2020-04-17,2020-04-30,-0.34753923984943563,False,-0.34753923984943563,2020-04-30
B|chop|aroon_signals|fisher_transform_signals|variance_volume_signals|fantail_vma,0.5,EURNZD,2018-03-16,2018-03-29,-0.1849254893631424,False,-0.1849254893631424,2018-03-29
B|chop|aroon_signals|fisher_transform_signals|variance_volume_signals|fantail_vma,0.5,EURNZD,2018-08-22,2018-08-28,1.3499999999999943,False,1.3499999999999943,2018-08-28
B|chop|aroon_signals|fisher_transform_signals|variance_volume_signals|fantail_vma,0.5,EURNZD,2019-06-21,2019-06-25,-0.9999999999999969,False,-0.9999999999999969,2019-06-25
B|chop|aroon_signals|fisher_transform_signals|variance_volume_signals|fantail_vma,0.5,EURUSD,2017-04-24,2017-05-04,1.3500000000000054,False,1.3500000000000054,2017-05-04
B|chop|aroon_signals|fisher_transform_signals|variance_volume_signals|fantail_vma,0.5,EURUSD,2019-06-20,2019-06-21,1.349999999999987,False,1.349999999999987,2019-06-21
B|chop|aroon_signals|fisher_transform_signals|variance_volume_signals|fantail_vma,0.5,GBPAUD,2019-03-13,2019-03-20,-0.9999999999999968,False,-0.9999999999999968,2019-03-20
B|chop|aroon_signals|fisher_transform_signals|variance_volume_signals|fantail_vma,0.5,GBPAUD,2019-05-03,2019-05-07,-0.9999999999999958,False,-0.9999999999999958,2019-05-07
B|chop|aroon_signals|fisher_transform_signals|variance_volume_signals|fantail_vma,0.5,GBPCAD,2017-01-06,2017-01-10,1.3499999999999936,False,1.3499999999999936,2017-01-10
B|chop|aroon_signals|fisher_transform_signals|variance_volume_signals|fantail_vma,0.5,GBPCAD,2017-04-17,2017-04-18,1.3500000000000048,False,1.3500000000000048,2017-04-18
B|chop|aroon_signals|fisher_transform_signals|variance_volume_signals|fantail_vma,0.5,GBPCAD,2018-01-18,2018-01-23,1.3500000000000003,False,1.3500000000000003,2018-01-23
B|chop|aroon_signals|fisher_transform_signals|variance_volume_signals|fantail_vma,0.5,GBPCAD,2019-01-25,2019-01-30,-1.0000000000000007,False,-1.0000000000000007,2019-01-30
B|chop|aroon_signals|fisher_transform_signals|variance_volume_signals|fantail_vma,0.5,GBPCAD,2019-02-27,2019-03-01,-0.9999999999999928,False,-0.9999999999999928,2019-03-01
B|chop|aroon_signals|fisher_transform_signals|variance_volume_signals|fantail_vma,0.5,GBPCHF,2017-03-08,2017-03-17,-0.2785440368084305,False,-0.2785440368084305,2017-03-17
B|chop|aroon_signals|fisher_transform_signals|variance_volume_signals|fantail_vma,0.5,GBPCHF,2020-06-23,2020-06-29,1.3500000000000068,False,1.3500000000000068,2020-06-29
B|chop|aroon_signals|fisher_transform_signals|variance_volume_signals|fantail_vma,0.5,GBPNZD,2018-05-15,2018-05-16,-0.9999999999999958,False,-0.9999999999999958,2018-05-16
B|chop|aroon_signals|fisher_transform_signals|variance_volume_signals|fantail_vma,0.5,GBPNZD,2019-12-13,2019-12-17,-0.9999999999999913,False,-0.9999999999999913,2019-12-17
B|chop|aroon_signals|fisher_transform_signals|variance_volume_signals|fantail_vma,0.5,GBPUSD,2016-06-21,2016-06-23,1.3499999999999943,False,1.3499999999999943,2016-06-23
B|chop|aroon_signals|fisher_transform_signals|variance_volume_signals|fantail_vma,0.5,GBPUSD,2017-11-29,2017-11-30,1.349999999999992,False,1.349999999999992,2017-11-30
B|chop|aroon_signals|fisher_transform_signals|variance_volume_signals|fantail_vma,0.5,GBPUSD,2019-05-15,2019-05-17,1.3499999999999934,False,1.3499999999999934,2019-05-17
B|chop|aroon_signals|fisher_transform_signals|variance_volume_signals|fantail_vma,0.5,GBPUSD,2019-07-05,2019-07-12,-0.6334757468665975,False,-0.6334757468665975,2019-07-12
B|chop|aroon_signals|fisher_transform_signals|variance_volume_signals|fantail_vma,0.5,GBPUSD,2020-03-09,2020-03-10,-0.9999999999999961,False,-0.9999999999999961,2020-03-10
B|chop|aroon_signals|fisher_transform_signals|variance_volume_signals|fantail_vma,0.5,NZDCHF,2016-01-06,2016-01-07,1.3500000000000045,False,1.3500000000000045,2016-01-07
B|chop|aroon_signals|fisher_transform_signals|variance_volume_signals|fantail_vma,0.5,NZDCHF,2016-04-04,2016-04-12,-0.6665453997078962,False,-0.6665453997078962,2016-04-12
B|chop|aroon_signals|fisher_transform_signals|variance_volume_signals|fantail_vma,0.5,NZDCHF,2017-05-12,2017-05-17,1.3500000000000016,False,1.3500000000000016,2017-05-17
B|chop|aroon_signals|fisher_transform_signals|variance_volume_signals|fantail_vma,0.5,NZDCHF,2017-11-14,2017-12-01,1.3500000000000034,False,1.3500000000000034,2017-12-01
B|chop|aroon_signals|fisher_transform_signals|variance_volume_signals|fantail_vma,0.5,NZDCHF,2018-06-22,2018-06-28,1.3499999999999912,False,1.3499999999999912,2018-06-28
B|chop|aroon_signals|fisher_transform_signals|variance_volume_signals|fantail_vma,0.5,NZDCHF,2020-11-03,2020-11-09,1.3500000000000085,False,1.3500000000000085,2020-11-09
B|chop|aroon_signals|fisher_transform_signals|variance_volume_signals|fantail_vma,0.5,NZDJPY,2016-04-29,2016-05-02,-0.4353562579174037,False,-0.4353562579174037,2016-05-02
B|chop|aroon_signals|fisher_transform_signals|variance_volume_signals|fantail_vma,0.5,NZDJPY,2016-05-03,2016-05-12,-0.5599582122377665,False,-0.5599582122377665,2016-05-12
B|chop|aroon_signals|fisher_transform_signals|variance_volume_signals|fantail_vma,0.5,NZDJPY,2016-06-16,2016-06-20,-0.999999999999999,False,-0.999999999999999,2016-06-20
B|chop|aroon_signals|fisher_transform_signals|variance_volume_signals|fantail_vma,0.5,NZDJPY,2018-05-08,2018-05-09,-1.0000000000000007,False,-1.0000000000000007,2018-05-09
B|chop|aroon_signals|fisher_transform_signals|variance_volume_signals|fantail_vma,0.5,NZDJPY,2018-05-10,2018-05-18,-0.7088304094054118,False,-0.7088304094054118,2018-05-18
B|chop|aroon_signals|fisher_transform_signals|variance_volume_signals|fantail_vma,0.5,NZDJPY,2019-04-09,2019-04-10,-0.2064844881968938,False,-0.2064844881968938,2019-04-10
B|chop|aroon_signals|fisher_transform_signals|variance_volume_signals|fantail_vma,0.5,NZDJPY,2019-04-18,2019-04-24,1.3499999999999934,False,1.3499999999999934,2019-04-24
B|chop|aroon_signals|fisher_transform_signals|variance_volume_signals|fantail_vma,0.5,NZDJPY,2020-08-28,2020-09-02,1.3499999999999994,False,1.3499999999999994,2020-09-02
B|chop|aroon_signals|fisher_transform_signals|variance_volume_signals|fantail_vma,0.5,NZDUSD,2016-03-29,2016-04-07,-0.7695082927518758,False,-0.7695082927518758,2016-04-07
B|chop|aroon_signals|fisher_transform_signals|variance_volume_signals|fantail_vma,0.5,NZDUSD,2016-04-11,2016-04-19,1.350000000000002,False,1.350000000000002,2016-04-19
B|chop|aroon_signals|fisher_transform_signals|variance_volume_signals|fantail_vma,0.5,NZDUSD,2017-05-11,2017-05-15,-0.9999999999999978,False,-0.9999999999999978,2017-05-15
B|chop|aroon_signals|fisher_transform_signals|variance_volume_signals|fantail_vma,0.5,NZDUSD,2019-02-15,2019-02-18,-0.26180245304224337,False,-0.26180245304224337,2019-02-18
B|chop|aroon_signals|fisher_transform_signals|variance_volume_signals|fantail_vma,0.5,NZDUSD,2019-02-19,2019-02-20,-0.4613265396344212,False,-0.4613265396344212,2019-02-20
B|chop|aroon_signals|fisher_transform_signals|variance_volume_signals|fantail_vma,0.5,NZDUSD,2019-04-02,2019-04-17,1.349999999999997,False,1.349999999999997,2019-04-17
B|chop|aroon_signals|fisher_transform_signals|variance_volume_signals|fantail_vma,0.5,NZDUSD,2020-11-05,2020-11-09,1.3499999999999996,False,1.3499999999999996,2020-11-09
B|chop|aroon_signals|fisher_transform_signals|variance_volume_signals|fantail_vma,0.5,USDCAD,2016-11-09,2016-11-14,1.3499999999999976,False,1.3499999999999976,2016-11-14
B|chop|aroon_signals|fisher_transform_signals|variance_volume_signals|fantail_vma,0.5,USDCAD,2017-12-19,2017-12-20,-0.509150847154931,False,-0.509150847154931,2017-12-20
B|chop|aroon_signals|fisher_transform_signals|variance_volume_signals|fantail_vma,0.5,USDCAD,2018-09-04,2018-09-11,-0.999999999999992,False,-0.999999999999992,2018-09-11
B|chop|aroon_signals|fisher_transform_signals|variance_volume_signals|fantail_vma,0.5,USDCAD,2019-05-06,2019-05-10,-0.4491179164861766,False,-0.4491179164861766,2019-05-10
B|chop|aroon_signals|fisher_transform_signals|variance_volume_signals|fantail_vma,0.5,USDCHF,2017-05-04,2017-05-08,-1.0000000000000033,False,-1.0000000000000033,2017-05-08
B|chop|aroon_signals|fisher_transform_signals|variance_volume_signals|fantail_vma,0.5,USDCHF,2017-05-16,2017-05-18,1.3500000000000023,False,1.3500000000000023,2017-05-18
B|chop|aroon_signals|fisher_transform_signals|variance_volume_signals|fantail_vma,0.5,USDCHF,2017-07-18,2017-07-20,-0.9999999999999959,False,-0.9999999999999959,2017-07-20
B|chop|aroon_signals|fisher_transform_signals|variance_volume_signals|fantail_vma,0.5,USDCHF,2019-10-18,2019-10-22,-0.866847146601082,False,-0.866847146601082,2019-10-22
B|chop|aroon_signals|fisher_transform_signals|variance_volume_signals|fantail_vma,0.5,USDCHF,2019-10-31,2019-11-05,-0.9999999999999898,False,-0.9999999999999898,2019-11-05
B|chop|aroon_signals|fisher_transform_signals|variance_volume_signals|fantail_vma,0.5,USDCHF,2019-11-14,2019-11-15,-0.3514470238063885,False,-0.3514470238063885,2019-11-15
B|chop|aroon_signals|fisher_transform_signals|variance_volume_signals|fantail_vma,0.5,USDCHF,2020-02-28,2020-03-02,1.350000000000002,False,1.350000000000002,2020-03-02
B|chop|aroon_signals|fisher_transform_signals|variance_volume_signals|fantail_vma,0.5,USDJPY,2019-05-07,2019-05-09,1.349999999999987,False,1.349999999999987,2019-05-09
B|chop|aroon_signals|fisher_transform_signals|variance_volume_signals|fantail_vma,0.5,USDJPY,2019-05-23,2019-05-31,1.3499999999999899,False,1.3499999999999899,2019-05-31
B|chop|aroon_signals|fisher_transform_signals|variance_volume_signals|fantail_vma,0.5,USDJPY,2019-12-13,2019-12-19,0.022184609343622663,False,0.022184609343622663,2019-12-19
B|chop|aroon_signals|fisher_transform_signals|variance_volume_signals|fantail_vma,0.5,USDJPY,2019-12-26,2019-12-27,-0.43015766762853547,False,-0.43015766762853547,2019-12-27
B|trend|hieken_ashi_smoothed_signals|aroon_signals|waddah_attar_explosion_volume_signals|kama_baseline,0.5,AUDCAD,2019-10-30,2019-11-12,-0.2525867371330061,False,-0.2525867371330061,2019-11-12
B|trend|hieken_ashi_smoothed_signals|aroon_signals|waddah_attar_explosion_volume_signals|kama_baseline,0.5,AUDCAD,2019-10-30,2019-11-12,-0.2525867371330061,False,-0.2525867371330061,2019-11-12
B|trend|hieken_ashi_smoothed_signals|aroon_signals|waddah_attar_explosion_volume_signals|kama_baseline,0.5,AUDJPY,2017-05-10,2017-05-12,-0.27199632565967674,False,-0.27199632565967674,2017-05-12
B|trend|hieken_ashi_smoothed_signals|aroon_signals|waddah_attar_explosion_volume_signals|kama_baseline,0.5,AUDJPY,2017-05-10,2017-05-12,-0.27199632565967674,False,-0.27199632565967674,2017-05-12
B|trend|hieken_ashi_smoothed_signals|aroon_signals|waddah_attar_explosion_volume_signals|kama_baseline,0.5,AUDNZD,2016-11-17,2016-11-24,-0.20964792440315544,False,-0.20964792440315544,2016-11-24
B|trend|hieken_ashi_smoothed_signals|aroon_signals|waddah_attar_explosion_volume_signals|kama_baseline,0.5,AUDNZD,2016-11-17,2016-11-24,-0.20964792440315544,False,-0.20964792440315544,2016-11-24
B|trend|hieken_ashi_smoothed_signals|aroon_signals|waddah_attar_explosion_volume_signals|kama_baseline,0.5,AUDUSD,2016-01-04,2016-01-06,0.7999999999999986,False,0.7999999999999986,2016-01-06
B|trend|hieken_ashi_smoothed_signals|aroon_signals|waddah_attar_explosion_volume_signals|kama_baseline,0.5,AUDUSD,2016-01-04,2016-01-13,0.9866660080963066,False,0.9866660080963066,2016-01-13
B|trend|hieken_ashi_smoothed_signals|aroon_signals|waddah_attar_explosion_volume_signals|kama_baseline,0.5,AUDUSD,2019-01-25,2019-01-28,-0.12239807418540266,False,-0.12239807418540266,2019-01-28
B|trend|hieken_ashi_smoothed_signals|aroon_signals|waddah_attar_explosion_volume_signals|kama_baseline,0.5,AUDUSD,2019-01-25,2019-01-28,-0.12239807418540266,False,-0.12239807418540266,2019-01-28
B|trend|hieken_ashi_smoothed_signals|aroon_signals|waddah_attar_explosion_volume_signals|kama_baseline,0.5,CADCHF,2017-12-20,2017-12-21,0.7999999999999965,False,0.7999999999999965,2017-12-21
B|trend|hieken_ashi_smoothed_signals|aroon_signals|waddah_attar_explosion_volume_signals|kama_baseline,0.5,CADCHF,2017-12-20,2018-01-10,1.1140075563577734,False,1.1140075563577734,2018-01-10
B|trend|hieken_ashi_smoothed_signals|aroon_signals|waddah_attar_explosion_volume_signals|kama_baseline,0.5,CADJPY,2017-01-23,2017-01-24,-0.5000000000000011,False,-0.5000000000000011,2017-01-24
B|trend|hieken_ashi_smoothed_signals|aroon_signals|waddah_attar_explosion_volume_signals|kama_baseline,0.5,CADJPY,2017-01-23,2017-01-24,-0.5000000000000011,False,-0.5000000000000011,2017-01-24
B|trend|hieken_ashi_smoothed_signals|aroon_signals|waddah_attar_explosion_volume_signals|kama_baseline,0.5,CADJPY,2017-12-20,2017-12-21,0.799999999999998,False,0.799999999999998,2017-12-21
B|trend|hieken_ashi_smoothed_signals|aroon_signals|waddah_attar_explosion_volume_signals|kama_baseline,0.5,CADJPY,2017-12-20,2018-01-09,1.6805948907252775,False,1.6805948907252775,2018-01-09
B|trend|hieken_ashi_smoothed_signals|aroon_signals|waddah_attar_explosion_volume_signals|kama_baseline,0.5,CADJPY,2019-03-20,2019-03-22,0.7999999999999947,False,0.7999999999999947,2019-03-22
B|trend|hieken_ashi_smoothed_signals|aroon_signals|waddah_attar_explosion_volume_signals|kama_baseline,0.5,CADJPY,2019-03-20,2019-03-26,0.5594095280991285,False,0.5594095280991285,2019-03-26
B|trend|hieken_ashi_smoothed_signals|aroon_signals|waddah_attar_explosion_volume_signals|kama_baseline,0.5,CADJPY,2020-07-07,2020-07-08,-0.33657002226323285,False,-0.33657002226323285,2020-07-08
B|trend|hieken_ashi_smoothed_signals|aroon_signals|waddah_attar_explosion_volume_signals|kama_baseline,0.5,CADJPY,2020-07-07,2020-07-08,-0.33657002226323285,False,-0.33657002226323285,2020-07-08
B|trend|hieken_ashi_smoothed_signals|aroon_signals|waddah_attar_explosion_volume_signals|kama_baseline,0.5,CADJPY,2020-09-16,2020-09-21,0.7999999999999968,False,0.7999999999999968,2020-09-21
B|trend|hieken_ashi_smoothed_signals|aroon_signals|waddah_attar_explosion_volume_signals|kama_baseline,0.5,CADJPY,2020-09-16,2020-10-05,0.0,False,0.0,2020-10-05
B|trend|hieken_ashi_smoothed_signals|aroon_signals|waddah_attar_explosion_volume_signals|kama_baseline,0.5,CHFJPY,2017-09-12,2017-09-13,-0.1081501640523585,False,-0.1081501640523585,2017-09-13
B|trend|hieken_ashi_smoothed_signals|aroon_signals|waddah_attar_explosion_volume_signals|kama_baseline,0.5,CHFJPY,2017-09-12,2017-09-13,-0.1081501640523585,False,-0.1081501640523585,2017-09-13
B|trend|hieken_ashi_smoothed_signals|aroon_signals|waddah_attar_explosion_volume_signals|kama_baseline,0.5,EURCAD,2018-06-18,2018-06-22,0.8000000000000022,False,0.8000000000000022,2018-06-22
B|trend|hieken_ashi_smoothed_signals|aroon_signals|waddah_attar_explosion_volume_signals|kama_baseline,0.5,EURCAD,2018-06-18,2018-06-28,0.0,False,0.0,2018-06-28
B|trend|hieken_ashi_smoothed_signals|aroon_signals|waddah_attar_explosion_volume_signals|kama_baseline,0.5,EURGBP,2017-09-12,2017-09-14,0.8000000000000018,False,0.8000000000000018,2017-09-14
B|trend|hieken_ashi_smoothed_signals|aroon_signals|waddah_attar_explosion_volume_signals|kama_baseline,0.5,EURGBP,2017-09-12,2017-09-19,0.9356932833183759,False,0.9356932833183759,2017-09-19
B|trend|hieken_ashi_smoothed_signals|aroon_signals|waddah_attar_explosion_volume_signals|kama_baseline,0.5,EURJPY,2017-03-24,2017-03-29,-0.49999999999999756,False,-0.49999999999999756,2017-03-29
B|trend|hieken_ashi_smoothed_signals|aroon_signals|waddah_attar_explosion_volume_signals|kama_baseline,0.5,EURJPY,2017-03-24,2017-03-29,-0.49999999999999756,False,-0.49999999999999756,2017-03-29
B|trend|hieken_ashi_smoothed_signals|aroon_signals|waddah_attar_explosion_volume_signals|kama_baseline,0.5,EURJPY,2018-02-08,2018-02-09,-0.03910626116510503,False,-0.03910626116510503,2018-02-09
B|trend|hieken_ashi_smoothed_signals|aroon_signals|waddah_attar_explosion_volume_signals|kama_baseline,0.5,EURJPY,2018-02-08,2018-02-09,-0.03910626116510503,False,-0.03910626116510503,2018-02-09
B|trend|hieken_ashi_smoothed_signals|aroon_signals|waddah_attar_explosion_volume_signals|kama_baseline,0.5,EURJPY,2020-11-23,2020-11-30,0.799999999999997,False,0.799999999999997,2020-11-30
B|trend|hieken_ashi_smoothed_signals|aroon_signals|waddah_attar_explosion_volume_signals|kama_baseline,0.5,EURJPY,2020-11-23,2020-12-09,1.5075768622074528,False,1.5075768622074528,2020-12-09
B|trend|hieken_ashi_smoothed_signals|aroon_signals|waddah_attar_explosion_volume_signals|kama_baseline,0.5,EURNZD,2018-12-21,2018-12-26,-0.27569552643830914,False,-0.27569552643830914,2018-12-26
B|trend|hieken_ashi_smoothed_signals|aroon_signals|waddah_attar_explosion_volume_signals|kama_baseline,0.5,EURNZD,2018-12-21,2018-12-26,-0.27569552643830914,False,-0.27569552643830914,2018-12-26
B|trend|hieken_ashi_smoothed_signals|aroon_signals|waddah_attar_explosion_volume_signals|kama_baseline,0.5,EURNZD,2020-01-30,2020-02-03,0.799999999999997,False,0.799999999999997,2020-02-03
B|trend|hieken_ashi_smoothed_signals|aroon_signals|waddah_attar_explosion_volume_signals|kama_baseline,0.5,EURNZD,2020-01-30,2020-02-04,0.0,False,0.0,2020-02-04
B|trend|hieken_ashi_smoothed_signals|aroon_signals|waddah_attar_explosion_volume_signals|kama_baseline,0.5,GBPAUD,2017-01-09,2017-01-12,0.7999999999999982,False,0.7999999999999982,2017-01-12
B|trend|hieken_ashi_smoothed_signals|aroon_signals|waddah_attar_explosion_volume_signals|kama_baseline,0.5,GBPAUD,2017-01-09,2017-01-17,0.5993440790996827,False,0.5993440790996827,2017-01-17
B|trend|hieken_ashi_smoothed_signals|aroon_signals|waddah_attar_explosion_volume_signals|kama_baseline,0.5,GBPCAD,2017-06-09,2017-06-13,0.7999999999999997,False,0.7999999999999997,2017-06-13
B|trend|hieken_ashi_smoothed_signals|aroon_signals|waddah_attar_explosion_volume_signals|kama_baseline,0.5,GBPCAD,2017-06-09,2017-08-01,1.5618353310132749,False,1.5618353310132749,2017-08-01
B|trend|hieken_ashi_smoothed_signals|aroon_signals|waddah_attar_explosion_volume_signals|kama_baseline,0.5,GBPNZD,2020-10-28,2020-10-29,-0.1653428520088867,False,-0.1653428520088867,2020-10-29
B|trend|hieken_ashi_smoothed_signals|aroon_signals|waddah_attar_explosion_volume_signals|kama_baseline,0.5,GBPNZD,2020-10-28,2020-10-29,-0.1653428520088867,False,-0.1653428520088867,2020-10-29
B|trend|hieken_ashi_smoothed_signals|aroon_signals|waddah_attar_explosion_volume_signals|kama_baseline,0.5,NZDCHF,2018-03-08,2018-03-16,-0.3019396432575273,False,-0.3019396432575273,2018-03-16
B|trend|hieken_ashi_smoothed_signals|aroon_signals|waddah_attar_explosion_volume_signals|kama_baseline,0.5,NZDCHF,2018-03-08,2018-03-16,-0.3019396432575273,False,-0.3019396432575273,2018-03-16
B|trend|hieken_ashi_smoothed_signals|aroon_signals|waddah_attar_explosion_volume_signals|kama_baseline,0.5,NZDCHF,2018-12-20,2018-12-28,0.799999999999998,False,0.799999999999998,2018-12-28
B|trend|hieken_ashi_smoothed_signals|aroon_signals|waddah_attar_explosion_volume_signals|kama_baseline,0.5,NZDCHF,2018-12-20,2019-01-11,0.0,False,0.0,2019-01-11
B|trend|hieken_ashi_smoothed_signals|aroon_signals|waddah_attar_explosion_volume_signals|kama_baseline,0.5,NZDJPY,2017-09-15,2017-09-20,0.799999999999999,False,0.799999999999999,2017-09-20
B|trend|hieken_ashi_smoothed_signals|aroon_signals|waddah_attar_explosion_volume_signals|kama_baseline,0.5,NZDJPY,2017-09-15,2017-09-26,0.0,False,0.0,2017-09-26
B|trend|hieken_ashi_smoothed_signals|aroon_signals|waddah_attar_explosion_volume_signals|kama_baseline,0.5,NZDJPY,2020-01-27,2020-01-28,-0.16240161483695012,False,-0.16240161483695012,2020-01-28
B|trend|hieken_ashi_smoothed_signals|aroon_signals|waddah_attar_explosion_volume_signals|kama_baseline,0.5,NZDJPY,2020-01-27,2020-01-28,-0.16240161483695012,False,-0.16240161483695012,2020-01-28
B|trend|hieken_ashi_smoothed_signals|aroon_signals|waddah_attar_explosion_volume_signals|kama_baseline,0.5,NZDUSD,2020-01-27,2020-01-31,0.7999999999999957,False,0.7999999999999957,2020-01-31
B|trend|hieken_ashi_smoothed_signals|aroon_signals|waddah_attar_explosion_volume_signals|kama_baseline,0.5,NZDUSD,2020-01-27,2020-02-12,1.3353474684224853,False,1.3353474684224853,2020-02-12
B|chop|donchian_breakout_signals|fx_sniper_ergodic_cci_signals|variance_volume_signals|sma_baseline,0.5,AUDCAD,2017-06-22,2017-06-23,-0.9999999999999875,False,-0.9999999999999875,2017-06-23
B|chop|donchian_breakout_signals|fx_sniper_ergodic_cci_signals|variance_volume_signals|sma_baseline,0.5,AUDCAD,2019-04-01,2019-04-03,-0.441415395638589,False,-0.441415395638589,2019-04-03
B|chop|donchian_breakout_signals|fx_sniper_ergodic_cci_signals|variance_volume_signals|sma_baseline,0.5,AUDCAD,2020-01-03,2020-01-30,2.9999999999999942,False,2.9999999999999942,2020-01-30
B|chop|donchian_breakout_signals|fx_sniper_ergodic_cci_signals|variance_volume_signals|sma_baseline,0.5,AUDCHF,2016-02-05,2016-02-17,-0.9999999999999983,False,-0.9999999999999983,2016-02-17
B|chop|donchian_breakout_signals|fx_sniper_ergodic_cci_signals|variance_volume_signals|sma_baseline,0.5,AUDCHF,2016-09-30,2016-10-19,3.0000000000000058,False,3.0000000000000058,2016-10-19
B|chop|donchian_breakout_signals|fx_sniper_ergodic_cci_signals|variance_volume_signals|sma_baseline,0.5,AUDCHF,2018-03-22,2018-04-03,-1.0000000000000049,False,-1.0000000000000049,2018-04-03
B|chop|donchian_breakout_signals|fx_sniper_ergodic_cci_signals|variance_volume_signals|sma_baseline,0.5,AUDJPY,2016-04-28,2016-05-06,2.9999999999999973,False,2.9999999999999973,2016-05-06
B|chop|donchian_breakout_signals|fx_sniper_ergodic_cci_signals|variance_volume_signals|sma_baseline,0.5,AUDNZD,2016-01-19,2016-02-03,-0.999999999999997,False,-0.999999999999997,2016-02-03
B|chop|donchian_breakout_signals|fx_sniper_ergodic_cci_signals|variance_volume_signals|sma_baseline,0.5,AUDNZD,2016-02-16,2016-02-26,-0.9999999999999926,False,-0.9999999999999926,2016-02-26
B|chop|donchian_breakout_signals|fx_sniper_ergodic_cci_signals|variance_volume_signals|sma_baseline,0.5,AUDNZD,2017-02-08,2017-02-21,3.0000000000000004,False,3.0000000000000004,2017-02-21
B|chop|donchian_breakout_signals|fx_sniper_ergodic_cci_signals|variance_volume_signals|sma_baseline,0.5,AUDNZD,2018-10-16,2018-10-18,-0.9999999999999827,False,-0.9999999999999827,2018-10-18
B|chop|donchian_breakout_signals|fx_sniper_ergodic_cci_signals|variance_volume_signals|sma_baseline,0.5,AUDUSD,2016-09-06,2016-09-09,-0.9999999999999943,False,-0.9999999999999943,2016-09-09
B|chop|donchian_breakout_signals|fx_sniper_ergodic_cci_signals|variance_volume_signals|sma_baseline,0.5,AUDUSD,2016-09-21,2016-10-06,-0.49360460390961913,False,-0.49360460390961913,2016-10-06
B|chop|donchian_breakout_signals|fx_sniper_ergodic_cci_signals|variance_volume_signals|sma_baseline,0.5,AUDUSD,2019-04-23,2019-05-13,2.9999999999999942,False,2.9999999999999942,2019-05-13
B|chop|donchian_breakout_signals|fx_sniper_ergodic_cci_signals|variance_volume_signals|sma_baseline,0.5,CADCHF,2016-02-08,2016-02-15,-0.4625401357818953,False,-0.4625401357818953,2016-02-15
B|chop|donchian_breakout_signals|fx_sniper_ergodic_cci_signals|variance_volume_signals|sma_baseline,0.5,CADCHF,2016-09-09,2016-10-04,0.9478266431769474,False,0.9478266431769474,2016-10-04
B|chop|donchian_breakout_signals|fx_sniper_ergodic_cci_signals|variance_volume_signals|sma_baseline,0.5,CADCHF,2016-10-25,2016-11-02,2.9999999999999964,False,2.9999999999999964,2016-11-02
B|chop|donchian_breakout_signals|fx_sniper_ergodic_cci_signals|variance_volume_signals|sma_baseline,0.5,CADCHF,2020-12-15,2020-12-16,-0.9999999999999948,False,-0.9999999999999948,2020-12-16
B|chop|donchian_breakout_signals|fx_sniper_ergodic_cci_signals|variance_volume_signals|sma_baseline,0.5,CADJPY,2016-07-26,2016-07-27,-0.9999999999999958,False,-0.9999999999999958,2016-07-27
B|chop|donchian_breakout_signals|fx_sniper_ergodic_cci_signals|variance_volume_signals|sma_baseline,0.5,CADJPY,2018-08-22,2018-09-03,-0.34118340099396327,False,-0.34118340099396327,2018-09-03
B|chop|donchian_breakout_signals|fx_sniper_ergodic_cci_signals|variance_volume_signals|sma_baseline,0.5,CHFJPY,2018-01-22,2018-01-31,3.0000000000000084,False,3.0000000000000084,2018-01-31
B|chop|donchian_breakout_signals|fx_sniper_ergodic_cci_signals|variance_volume_signals|sma_baseline,0.5,CHFJPY,2018-12-04,2018-12-05,-0.5967932234890715,False,-0.5967932234890715,2018-12-05
B|chop|donchian_breakout_signals|fx_sniper_ergodic_cci_signals|variance_volume_signals|sma_baseline,0.5,CHFJPY,2019-06-14,2019-06-20,-0.9999999999999968,False,-0.9999999999999968,2019-06-20
B|chop|donchian_breakout_signals|fx_sniper_ergodic_cci_signals|variance_volume_signals|sma_baseline,0.5,CHFJPY,2019-12-09,2019-12-13,2.9999999999999876,False,2.9999999999999876,2019-12-13
B|chop|donchian_breakout_signals|fx_sniper_ergodic_cci_signals|variance_volume_signals|sma_baseline,0.5,EURAUD,2018-10-10,2018-10-12,-1.000000000000003,False,-1.000000000000003,2018-10-12
B|chop|donchian_breakout_signals|fx_sniper_ergodic_cci_signals|variance_volume_signals|sma_baseline,0.5,EURCAD,2016-10-28,2016-11-09,-1.0,False,-1.0,2016-11-09
B|chop|donchian_breakout_signals|fx_sniper_ergodic_cci_signals|variance_volume_signals|sma_baseline,0.5,EURCAD,2017-11-14,2017-11-30,2.999999999999998,False,2.999999999999998,2017-11-30
B|chop|donchian_breakout_signals|fx_sniper_ergodic_cci_signals|variance_volume_signals|sma_baseline,0.5,EURCAD,2018-01-12,2018-02-06,2.9999999999999982,False,2.9999999999999982,2018-02-06
B|chop|donchian_breakout_signals|fx_sniper_ergodic_cci_signals|variance_volume_signals|sma_baseline,0.5,EURCAD,2019-06-07,2019-06-11,-0.10088707299844811,False,-0.10088707299844811,2019-06-11
B|chop|donchian_breakout_signals|fx_sniper_ergodic_cci_signals|variance_volume_signals|sma_baseline,0.5,EURCAD,2019-06-18,2019-06-24,-0.9999999999999964,False,-0.9999999999999964,2019-06-24
B|chop|donchian_breakout_signals|fx_sniper_ergodic_cci_signals|variance_volume_signals|sma_baseline,0.5,EURCAD,2020-11-09,2020-11-12,-0.9999999999999918,False,-0.9999999999999918,2020-11-12
B|chop|donchian_breakout_signals|fx_sniper_ergodic_cci_signals|variance_volume_signals|sma_baseline,0.5,EURCHF,2016-03-07,2016-03-10,-0.9999999999999958,False,-0.9999999999999958,2016-03-10
B|chop|donchian_breakout_signals|fx_sniper_ergodic_cci_signals|variance_volume_signals|sma_baseline,0.5,EURCHF,2016-10-06,2016-10-12,-0.6738272172559175,False,-0.6738272172559175,2016-10-12
B|chop|donchian_breakout_signals|fx_sniper_ergodic_cci_signals|variance_volume_signals|sma_baseline,0.5,EURCHF,2019-03-21,2019-04-09,0.5388376560488077,False,0.5388376560488077,2019-04-09
B|chop|donchian_breakout_signals|fx_sniper_ergodic_cci_signals|variance_volume_signals|sma_baseline,0.5,EURCHF,2020-12-17,2020-12-21,-1.000000000000006,False,-1.000000000000006,2020-12-21
B|chop|donchian_breakout_signals|fx_sniper_ergodic_cci_signals|variance_volume_signals|sma_baseline,0.5,EURGBP,2018-03-14,2018-03-22,3.0000000000000036,False,3.0000000000000036,2018-03-22
B|chop|donchian_breakout_signals|fx_sniper_ergodic_cci_signals|variance_volume_signals|sma_baseline,0.5,EURGBP,2018-06-28,2018-08-08,2.9999999999999947,False,2.9999999999999947,2018-08-08
B|chop|donchian_breakout_signals|fx_sniper_ergodic_cci_signals|variance_volume_signals|sma_baseline,0.5,EURJPY,2016-02-10,2016-02-23,3.0000000000000018,False,3.0000000000000018,2016-02-23
B|chop|donchian_breakout_signals|fx_sniper_ergodic_cci_signals|variance_volume_signals|sma_baseline,0.5,EURJPY,2018-12-20,2019-01-02,2.999999999999994,False,2.999999999999994,2019-01-02
B|chop|donchian_breakout_signals|fx_sniper_ergodic_cci_signals|variance_volume_signals|sma_baseline,0.5,EURJPY,2020-03-16,2020-03-17,-0.9999999999999997,False,-0.9999999999999997,2020-03-17
B|chop|donchian_breakout_signals|fx_sniper_ergodic_cci_signals|variance_volume_signals|sma_baseline,0.5,EURNZD,2018-04-03,2018-04-19,-0.5316455090506312,False,-0.5316455090506312,2018-04-19
B|chop|donchian_breakout_signals|fx_sniper_ergodic_cci_signals|variance_volume_signals|sma_baseline,0.5,EURUSD,2016-06-14,2016-06-15,-0.9999999999999939,False,-0.9999999999999939,2016-06-15
B|chop|donchian_breakout_signals|fx_sniper_ergodic_cci_signals|variance_volume_signals|sma_baseline,0.5,EURUSD,2016-06-16,2016-06-17,-0.5779754344418191,False,-0.5779754344418191,2016-06-17
B|chop|donchian_breakout_signals|fx_sniper_ergodic_cci_signals|variance_volume_signals|sma_baseline,0.5,EURUSD,2019-01-28,2019-02-05,-0.2860068281177316,False,-0.2860068281177316,2019-02-05
B|chop|donchian_breakout_signals|fx_sniper_ergodic_cci_signals|variance_volume_signals|sma_baseline,0.5,EURUSD,2019-08-26,2019-09-03,2.9999999999999876,False,2.9999999999999876,2019-09-03
B|chop|donchian_breakout_signals|fx_sniper_ergodic_cci_signals|variance_volume_signals|sma_baseline,0.5,GBPAUD,2017-11-03,2017-11-17,2.9999999999999996,False,2.9999999999999996,2017-11-17
B|chop|donchian_breakout_signals|fx_sniper_ergodic_cci_signals|variance_volume_signals|sma_baseline,0.5,GBPCAD,2019-05-15,2019-06-10,3.0000000000000044,False,3.0000000000000044,2019-06-10
B|chop|donchian_breakout_signals|fx_sniper_ergodic_cci_signals|variance_volume_signals|sma_baseline,0.5,GBPCAD,2020-11-04,2020-11-05,-0.653139086241611,False,-0.653139086241611,2020-11-05
B|chop|donchian_breakout_signals|fx_sniper_ergodic_cci_signals|variance_volume_signals|sma_baseline,0.5,GBPCAD,2020-11-17,2020-12-02,-1.000000000000004,False,-1.000000000000004,2020-12-02
B|chop|donchian_breakout_signals|fx_sniper_ergodic_cci_signals|variance_volume_signals|sma_baseline,0.5,GBPCHF,2020-02-26,2020-03-02,3.0000000000000098,False,3.0000000000000098,2020-03-02
B|chop|donchian_breakout_signals|fx_sniper_ergodic_cci_signals|variance_volume_signals|sma_baseline,0.5,GBPCHF,2020-08-28,2020-09-08,-0.9999999999999923,False,-0.9999999999999923,2020-09-08
B|chop|donchian_breakout_signals|fx_sniper_ergodic_cci_signals|variance_volume_signals|sma_baseline,0.5,GBPCHF,2020-12-17,2020-12-18,-0.6900462637500147,False,-0.6900462637500147,2020-12-18
B|chop|donchian_breakout_signals|fx_sniper_ergodic_cci_signals|variance_volume_signals|sma_baseline,0.5,GBPJPY,2018-07-19,2018-08-09,2.9999999999999902,False,2.9999999999999902,2018-08-09
B|chop|donchian_breakout_signals|fx_sniper_ergodic_cci_signals|variance_volume_signals|sma_baseline,0.5,GBPJPY,2018-11-13,2018-11-15,-0.999999999999997,False,-0.999999999999997,2018-11-15
B|chop|donchian_breakout_signals|fx_sniper_ergodic_cci_signals|variance_volume_signals|sma_baseline,0.5,GBPNZD,2018-05-14,2018-05-18,-0.9999999999999928,False,-0.9999999999999928,2018-05-18
B|chop|donchian_breakout_signals|fx_sniper_ergodic_cci_signals|variance_volume_signals|sma_baseline,0.5,GBPNZD,2018-08-24,2018-08-29,-0.9999999999999948,False,-0.9999999999999948,2018-08-29
B|chop|donchian_breakout_signals|fx_sniper_ergodic_cci_signals|variance_volume_signals|sma_baseline,0.5,GBPNZD,2020-03-26,2020-04-10,0.06919654793701213,False,0.06919654793701213,2020-04-10
B|chop|donchian_breakout_signals|fx_sniper_ergodic_cci_signals|variance_volume_signals|sma_baseline,0.5,GBPUSD,2016-09-16,2016-10-07,3.0000000000000027,False,3.0000000000000027,2016-10-07
B|chop|donchian_breakout_signals|fx_sniper_ergodic_cci_signals|variance_volume_signals|sma_baseline,0.5,GBPUSD,2020-01-06,2020-01-08,-0.6930546126501607,False,-0.6930546126501607,2020-01-08
B|chop|donchian_breakout_signals|fx_sniper_ergodic_cci_signals|variance_volume_signals|sma_baseline,0.5,NZDCHF,2020-10-23,2020-10-26,-0.2519448422301649,False,-0.2519448422301649,2020-10-26
B|chop|donchian_breakout_signals|fx_sniper_ergodic_cci_signals|variance_volume_signals|sma_baseline,0.5,NZDJPY,2016-06-16,2016-06-20,-0.9999999999999986,False,-0.9999999999999986,2016-06-20
B|chop|donchian_breakout_signals|fx_sniper_ergodic_cci_signals|variance_volume_signals|sma_baseline,0.5,NZDJPY,2016-07-11,2016-07-25,-0.14606887644116676,False,-0.14606887644116676,2016-07-25
B|chop|donchian_breakout_signals|fx_sniper_ergodic_cci_signals|variance_volume_signals|sma_baseline,0.5,NZDJPY,2019-04-23,2019-05-08,3.000000000000009,False,3.000000000000009,2019-05-08
B|chop|donchian_breakout_signals|fx_sniper_ergodic_cci_signals|variance_volume_signals|sma_baseline,0.5,NZDJPY,2019-11-26,2019-12-12,3.000000000000008,False,3.000000000000008,2019-12-12
B|chop|donchian_breakout_signals|fx_sniper_ergodic_cci_signals|variance_volume_signals|sma_baseline,0.5,NZDJPY,2020-08-26,2020-09-08,0.013234313864774408,False,0.013234313864774408,2020-09-08
B|chop|donchian_breakout_signals|fx_sniper_ergodic_cci_signals|variance_volume_signals|sma_baseline,0.5,NZDUSD,2018-02-14,2018-02-21,-0.6443214446683438,False,-0.6443214446683438,2018-02-21
B|chop|donchian_breakout_signals|fx_sniper_ergodic_cci_signals|variance_volume_signals|sma_baseline,0.5,NZDUSD,2018-02-22,2018-02-23,-0.9999999999999983,False,-0.9999999999999983,2018-02-23
B|chop|donchian_breakout_signals|fx_sniper_ergodic_cci_signals|variance_volume_signals|sma_baseline,0.5,NZDUSD,2019-06-14,2019-06-19,-0.9999999999999926,False,-0.9999999999999926,2019-06-19
B|chop|donchian_breakout_signals|fx_sniper_ergodic_cci_signals|variance_volume_signals|sma_baseline,0.5,USDCAD,2018-08-28,2018-08-31,-0.9999999999999913,False,-0.9999999999999913,2018-08-31
B|chop|donchian_breakout_signals|fx_sniper_ergodic_cci_signals|variance_volume_signals|sma_baseline,0.5,USDCAD,2019-10-11,2019-11-05,0.7193188637765182,False,0.7193188637765182,2019-11-05
B|chop|donchian_breakout_signals|fx_sniper_ergodic_cci_signals|variance_volume_signals|sma_baseline,0.5,USDCHF,2016-08-08,2016-08-10,-0.9999999999999963,False,-0.9999999999999963,2016-08-10
B|chop|donchian_breakout_signals|fx_sniper_ergodic_cci_signals|variance_volume_signals|sma_baseline,0.5,USDCHF,2016-11-10,2016-11-18,3.0000000000000067,False,3.0000000000000067,2016-11-18
B|chop|donchian_breakout_signals|fx_sniper_ergodic_cci_signals|variance_volume_signals|sma_baseline,0.5,USDJPY,2019-04-01,2019-04-10,-0.5533279974968253,False,-0.5533279974968253,2019-04-10
B|chop|donchian_breakout_signals|fx_sniper_ergodic_cci_signals|variance_volume_signals|sma_baseline,0.5,USDJPY,2019-04-11,2019-04-25,-0.07332184400450031,False,-0.07332184400450031,2019-04-25
B|chop|donchian_breakout_signals|fx_sniper_ergodic_cci_signals|variance_volume_signals|sma_baseline,0.5,USDJPY,2019-12-12,2019-12-30,-0.9999999999999877,False,-0.9999999999999877,2019-12-30
B|chop|donchian_breakout_signals|fx_sniper_ergodic_cci_signals|variance_volume_signals|sma_baseline,0.5,USDJPY,2020-01-13,2020-01-23,-0.9999999999999979,False,-0.9999999999999979,2020-01-23
B|chop|donchian_breakout_signals|fx_sniper_ergodic_cci_signals|variance_volume_signals|sma_baseline,0.5,USDJPY,2020-11-24,2020-12-02,0.05481149703670164,False,0.05481149703670164,2020-12-02
A-trend|trend|j_tpo_signals|waddah_attar_explosion_signals|chaikin_volatility_volume_signals|frama_baseline,0.5,AUDCAD,2016-04-14,2016-04-21,-0.17511340630623531,False,-0.17511340630623531,2016-04-21
A-trend|trend|j_tpo_signals|waddah_attar_explosion_signals|chaikin_volatility_volume_signals|frama_baseline,0.5,AUDCAD,2016-04-14,2016-04-21,-0.17511340630623531,False,-0.17511340630623531,2016-04-21
A-trend|trend|j_tpo_signals|waddah_attar_explosion_signals|chaikin_volatility_volume_signals|frama_baseline,0.5,AUDCAD,2016-06-28,2016-07-08,1.2250000000000028,False,1.2250000000000028,2016-07-08
A-trend|trend|j_tpo_signals|waddah_attar_explosion_signals|chaikin_volatility_volume_signals|frama_baseline,0.5,AUDCAD,2016-06-28,2016-07-15,1.0584977415376862,False,1.0584977415376862,2016-07-15
A-trend|trend|j_tpo_signals|waddah_attar_explosion_signals|chaikin_volatility_volume_signals|frama_baseline,0.5,AUDCHF,2019-10-10,2019-11-07,1.2250000000000045,False,1.2250000000000045,2019-11-07
A-trend|trend|j_tpo_signals|waddah_attar_explosion_signals|chaikin_volatility_volume_signals|frama_baseline,0.5,AUDCHF,2019-10-10,2019-11-14,0.0,False,0.0,2019-11-14
A-trend|trend|j_tpo_signals|waddah_attar_explosion_signals|chaikin_volatility_volume_signals|frama_baseline,0.5,AUDCHF,2020-07-27,2020-07-28,0.04832493966410771,False,0.04832493966410771,2020-07-28
A-trend|trend|j_tpo_signals|waddah_attar_explosion_signals|chaikin_volatility_volume_signals|frama_baseline,0.5,AUDCHF,2020-07-27,2020-07-28,0.04832493966410771,False,0.04832493966410771,2020-07-28
A-trend|trend|j_tpo_signals|waddah_attar_explosion_signals|chaikin_volatility_volume_signals|frama_baseline,0.5,AUDJPY,2017-09-08,2017-09-11,-0.4999999999999972,False,-0.4999999999999972,2017-09-11
A-trend|trend|j_tpo_signals|waddah_attar_explosion_signals|chaikin_volatility_volume_signals|frama_baseline,0.5,AUDJPY,2017-09-08,2017-09-11,-0.4999999999999972,False,-0.4999999999999972,2017-09-11
A-trend|trend|j_tpo_signals|waddah_attar_explosion_signals|chaikin_volatility_volume_signals|frama_baseline,0.5,AUDJPY,2019-10-10,2019-10-21,1.2249999999999948,False,1.2249999999999948,2019-10-21
A-trend|trend|j_tpo_signals|waddah_attar_explosion_signals|chaikin_volatility_volume_signals|frama_baseline,0.5,AUDJPY,2019-10-10,2019-11-13,1.1094145637369501,False,1.1094145637369501,2019-11-13
A-trend|trend|j_tpo_signals|waddah_attar_explosion_signals|chaikin_volatility_volume_signals|frama_baseline,0.5,AUDNZD,2016-11-17,2017-01-17,0.36009095979398664,False,0.36009095979398664,2017-01-17
A-trend|trend|j_tpo_signals|waddah_attar_explosion_signals|chaikin_volatility_volume_signals|frama_baseline,0.5,AUDNZD,2016-11-17,2017-01-17,0.36009095979398664,False,0.36009095979398664,2017-01-17
A-trend|trend|j_tpo_signals|waddah_attar_explosion_signals|chaikin_volatility_volume_signals|frama_baseline,0.5,AUDNZD,2018-07-05,2018-07-12,-0.37833422018696905,False,-0.37833422018696905,2018-07-12
A-trend|trend|j_tpo_signals|waddah_attar_explosion_signals|chaikin_volatility_volume_signals|frama_baseline,0.5,AUDNZD,2018-07-05,2018-07-12,-0.37833422018696905,False,-0.37833422018696905,2018-07-12
A-trend|trend|j_tpo_signals|waddah_attar_explosion_signals|chaikin_volatility_volume_signals|frama_baseline,0.5,AUDNZD,2020-03-02,2020-03-09,-0.4999999999999998,False,-0.4999999999999998,2020-03-09
A-trend|trend|j_tpo_signals|waddah_attar_explosion_signals|chaikin_volatility_volume_signals|frama_baseline,0.5,AUDNZD,2020-03-02,2020-03-09,-0.4999999999999998,False,-0.4999999999999998,2020-03-09
A-trend|trend|j_tpo_signals|waddah_attar_explosion_signals|chaikin_volatility_volume_signals|frama_baseline,0.5,AUDNZD,2020-09-23,2020-10-07,-0.4999999999999967,False,-0.4999999999999967,2020-10-07
A-trend|trend|j_tpo_signals|waddah_attar_explosion_signals|chaikin_volatility_volume_signals|frama_baseline,0.5,AUDNZD,2020-09-23,2020-10-07,-0.4999999999999967,False,-0.4999999999999967,2020-10-07
A-trend|trend|j_tpo_signals|waddah_attar_explosion_signals|chaikin_volatility_volume_signals|frama_baseline,0.5,CADCHF,2017-06-22,2017-06-27,-0.49999999999999806,False,-0.49999999999999806,2017-06-27
A-trend|trend|j_tpo_signals|waddah_attar_explosion_signals|chaikin_volatility_volume_signals|frama_baseline,0.5,CADCHF,2017-06-22,2017-06-27,-0.49999999999999806,False,-0.49999999999999806,2017-06-27
A-trend|trend|j_tpo_signals|waddah_attar_explosion_signals|chaikin_volatility_volume_signals|frama_baseline,0.5,CADCHF,2017-06-28,2017-07-10,1.2249999999999976,False,1.2249999999999976,2017-07-10
A-trend|trend|j_tpo_signals|waddah_attar_explosion_signals|chaikin_volatility_volume_signals|frama_baseline,0.5,CADCHF,2017-06-28,2017-07-18,1.4183100599717313,False,1.4183100599717313,2017-07-18
A-trend|trend|j_tpo_signals|waddah_attar_explosion_signals|chaikin_volatility_volume_signals|frama_baseline,0.5,CADJPY,2017-05-24,2017-05-30,-0.49999999999999645,False,-0.49999999999999645,2017-05-30
A-trend|trend|j_tpo_signals|waddah_attar_explosion_signals|chaikin_volatility_volume_signals|frama_baseline,0.5,CADJPY,2017-05-24,2017-05-30,-0.49999999999999645,False,-0.49999999999999645,2017-05-30
A-trend|trend|j_tpo_signals|waddah_attar_explosion_signals|chaikin_volatility_volume_signals|frama_baseline,0.5,CADJPY,2017-06-12,2017-06-20,1.2250000000000043,False,1.2250000000000043,2017-06-20
A-trend|trend|j_tpo_signals|waddah_attar_explosion_signals|chaikin_volatility_volume_signals|frama_baseline,0.5,CADJPY,2017-06-12,2017-07-31,3.5627094941393387,False,3.5627094941393387,2017-07-31
A-trend|trend|j_tpo_signals|waddah_attar_explosion_signals|chaikin_volatility_volume_signals|frama_baseline,0.5,CHFJPY,2017-02-02,2017-02-24,1.224999999999998,False,1.224999999999998,2017-02-24
A-trend|trend|j_tpo_signals|waddah_attar_explosion_signals|chaikin_volatility_volume_signals|frama_baseline,0.5,CHFJPY,2017-02-02,2017-03-09,0.0,False,0.0,2017-03-09
A-trend|trend|j_tpo_signals|waddah_attar_explosion_signals|chaikin_volatility_volume_signals|frama_baseline,0.5,CHFJPY,2017-05-08,2017-05-09,0.1367282845841334,False,0.1367282845841334,2017-05-09
A-trend|trend|j_tpo_signals|waddah_attar_explosion_signals|chaikin_volatility_volume_signals|frama_baseline,0.5,CHFJPY,2017-05-08,2017-05-09,0.1367282845841334,False,0.1367282845841334,2017-05-09
A-trend|trend|j_tpo_signals|waddah_attar_explosion_signals|chaikin_volatility_volume_signals|frama_baseline,0.5,CHFJPY,2020-02-28,2020-03-02,-0.5000000000000012,False,-0.5000000000000012,2020-03-02
A-trend|trend|j_tpo_signals|waddah_attar_explosion_signals|chaikin_volatility_volume_signals|frama_baseline,0.5,CHFJPY,2020-02-28,2020-03-02,-0.5000000000000012,False,-0.5000000000000012,2020-03-02
A-trend|trend|j_tpo_signals|waddah_attar_explosion_signals|chaikin_volatility_volume_signals|frama_baseline,0.5,CHFJPY,2020-11-09,2020-11-13,-0.5000000000000013,False,-0.5000000000000013,2020-11-13
A-trend|trend|j_tpo_signals|waddah_attar_explosion_signals|chaikin_volatility_volume_signals|frama_baseline,0.5,CHFJPY,2020-11-09,2020-11-13,-0.5000000000000013,False,-0.5000000000000013,2020-11-13
A-trend|trend|j_tpo_signals|waddah_attar_explosion_signals|chaikin_volatility_volume_signals|frama_baseline,0.5,EURAUD,2017-07-12,2017-07-18,1.2249999999999994,False,1.2249999999999994,2017-07-18
A-trend|trend|j_tpo_signals|waddah_attar_explosion_signals|chaikin_volatility_volume_signals|frama_baseline,0.5,EURAUD,2017-07-12,2017-07-20,0.9686052165506882,False,0.9686052165506882,2017-07-20
A-trend|trend|j_tpo_signals|waddah_attar_explosion_signals|chaikin_volatility_volume_signals|frama_baseline,0.5,EURAUD,2020-09-03,2020-09-04,-0.15518647256371482,False,-0.15518647256371482,2020-09-04
A-trend|trend|j_tpo_signals|waddah_attar_explosion_signals|chaikin_volatility_volume_signals|frama_baseline,0.5,EURAUD,2020-09-03,2020-09-04,-0.15518647256371482,False,-0.15518647256371482,2020-09-04
A-trend|trend|j_tpo_signals|waddah_attar_explosion_signals|chaikin_volatility_volume_signals|frama_baseline,0.5,EURCAD,2018-06-22,2018-06-28,-0.49999999999999545,False,-0.49999999999999545,2018-06-28
A-trend|trend|j_tpo_signals|waddah_attar_explosion_signals|chaikin_volatility_volume_signals|frama_baseline,0.5,EURCAD,2018-06-22,2018-06-28,-0.49999999999999545,False,-0.49999999999999545,2018-06-28
A-trend|trend|j_tpo_signals|waddah_attar_explosion_signals|chaikin_volatility_volume_signals|frama_baseline,0.5,EURGBP,2020-03-06,2020-03-09,-0.4999999999999988,False,-0.4999999999999988,2020-03-09
A-trend|trend|j_tpo_signals|waddah_attar_explosion_signals|chaikin_volatility_volume_signals|frama_baseline,0.5,EURGBP,2020-03-06,2020-03-09,-0.4999999999999988,False,-0.4999999999999988,2020-03-09
A-trend|trend|j_tpo_signals|waddah_attar_explosion_signals|chaikin_volatility_volume_signals|frama_baseline,0.5,EURJPY,2017-02-02,2017-02-22,1.2249999999999972,False,1.2249999999999972,2017-02-22
A-trend|trend|j_tpo_signals|waddah_attar_explosion_signals|chaikin_volatility_volume_signals|frama_baseline,0.5,EURJPY,2017-02-02,2017-03-09,0.0,False,0.0,2017-03-09
A-trend|trend|j_tpo_signals|waddah_attar_explosion_signals|chaikin_volatility_volume_signals|frama_baseline,0.5,EURJPY,2017-03-17,2017-03-27,0.40300878717634137,False,0.40300878717634137,2017-03-27
A-trend|trend|j_tpo_signals|waddah_attar_explosion_signals|chaikin_volatility_volume_signals|frama_baseline,0.5,EURJPY,2017-03-17,2017-03-27,0.40300878717634137,False,0.40300878717634137,2017-03-27
A-trend|trend|j_tpo_signals|waddah_attar_explosion_signals|chaikin_volatility_volume_signals|frama_baseline,0.5,EURJPY,2017-11-27,2017-11-30,-0.5000000000000021,False,-0.5000000000000021,2017-11-30
A-trend|trend|j_tpo_signals|waddah_attar_explosion_signals|chaikin_volatility_volume_signals|frama_baseline,0.5,EURJPY,2017-11-27,2017-11-30,-0.5000000000000021,False,-0.5000000000000021,2017-11-30
A-trend|trend|j_tpo_signals|waddah_attar_explosion_signals|chaikin_volatility_volume_signals|frama_baseline,0.5,EURJPY,2017-12-06,2017-12-07,-0.352001100600611,False,-0.352001100600611,2017-12-07
A-trend|trend|j_tpo_signals|waddah_attar_explosion_signals|chaikin_volatility_volume_signals|frama_baseline,0.5,EURJPY,2017-12-06,2017-12-07,-0.352001100600611,False,-0.352001100600611,2017-12-07
A-trend|trend|j_tpo_signals|waddah_attar_explosion_signals|chaikin_volatility_volume_signals|frama_baseline,0.5,EURJPY,2018-02-14,2018-02-28,1.2249999999999985,False,1.2249999999999985,2018-02-28
A-trend|trend|j_tpo_signals|waddah_attar_explosion_signals|chaikin_volatility_volume_signals|frama_baseline,0.5,EURJPY,2018-02-14,2018-03-26,0.9738970199256229,False,0.9738970199256229,2018-03-26
A-trend|trend|j_tpo_signals|waddah_attar_explosion_signals|chaikin_volatility_volume_signals|frama_baseline,0.5,EURNZD,2018-10-23,2018-11-01,1.2249999999999952,False,1.2249999999999952,2018-11-01
A-trend|trend|j_tpo_signals|waddah_attar_explosion_signals|chaikin_volatility_volume_signals|frama_baseline,0.5,EURNZD,2018-10-23,2018-11-19,3.3985511047610943,False,3.3985511047610943,2018-11-19
A-trend|trend|j_tpo_signals|waddah_attar_explosion_signals|chaikin_volatility_volume_signals|frama_baseline,0.5,GBPAUD,2016-05-05,2016-05-18,1.2249999999999985,False,1.2249999999999985,2016-05-18
A-trend|trend|j_tpo_signals|waddah_attar_explosion_signals|chaikin_volatility_volume_signals|frama_baseline,0.5,GBPAUD,2016-05-05,2016-05-31,1.6962727370937565,False,1.6962727370937565,2016-05-31
A-trend|trend|j_tpo_signals|waddah_attar_explosion_signals|chaikin_volatility_volume_signals|frama_baseline,0.5,GBPAUD,2020-08-07,2020-08-31,-0.49999999999999895,False,-0.49999999999999895,2020-08-31
A-trend|trend|j_tpo_signals|waddah_attar_explosion_signals|chaikin_volatility_volume_signals|frama_baseline,0.5,GBPAUD,2020-08-07,2020-08-31,-0.49999999999999895,False,-0.49999999999999895,2020-08-31
A-trend|trend|j_tpo_signals|waddah_attar_explosion_signals|chaikin_volatility_volume_signals|frama_baseline,0.5,GBPCAD,2016-06-13,2016-06-14,-0.49999999999999745,False,-0.49999999999999745,2016-06-14
A-trend|trend|j_tpo_signals|waddah_attar_explosion_signals|chaikin_volatility_volume_signals|frama_baseline,0.5,GBPCAD,2016-06-13,2016-06-14,-0.49999999999999745,False,-0.49999999999999745,2016-06-14
A-trend|trend|j_tpo_signals|waddah_attar_explosion_signals|chaikin_volatility_volume_signals|frama_baseline,0.5,GBPCAD,2016-06-15,2016-06-20,1.2249999999999992,False,1.2249999999999992,2016-06-20
A-trend|trend|j_tpo_signals|waddah_attar_explosion_signals|chaikin_volatility_volume_signals|frama_baseline,0.5,GBPCAD,2016-06-15,2016-06-21,1.173787858730794,False,1.173787858730794,2016-06-21
A-trend|trend|j_tpo_signals|waddah_attar_explosion_signals|chaikin_volatility_volume_signals|frama_baseline,0.5,GBPCAD,2017-06-09,2017-06-20,1.2250000000000005,False,1.2250000000000005,2017-06-20
A-trend|trend|j_tpo_signals|waddah_attar_explosion_signals|chaikin_volatility_volume_signals|frama_baseline,0.5,GBPCAD,2017-06-09,2017-08-01,2.098337974608867,False,2.098337974608867,2017-08-01
A-trend|trend|j_tpo_signals|waddah_attar_explosion_signals|chaikin_volatility_volume_signals|frama_baseline,0.5,GBPCAD,2019-09-11,2019-09-13,1.2250000000000032,False,1.2250000000000032,2019-09-13
A-trend|trend|j_tpo_signals|waddah_attar_explosion_signals|chaikin_volatility_volume_signals|frama_baseline,0.5,GBPCAD,2019-09-11,2019-09-17,0.5785271984680405,False,0.5785271984680405,2019-09-17
A-trend|trend|j_tpo_signals|waddah_attar_explosion_signals|chaikin_volatility_volume_signals|frama_baseline,0.5,GBPJPY,2017-01-30,2017-02-01,-0.49999999999999817,False,-0.49999999999999817,2017-02-01
A-trend|trend|j_tpo_signals|waddah_attar_explosion_signals|chaikin_volatility_volume_signals|frama_baseline,0.5,GBPJPY,2017-01-30,2017-02-01,-0.49999999999999817,False,-0.49999999999999817,2017-02-01
A-trend|trend|j_tpo_signals|waddah_attar_explosion_signals|chaikin_volatility_volume_signals|frama_baseline,0.5,GBPJPY,2017-02-02,2017-04-12,1.2249999999999985,False,1.2249999999999985,2017-04-12
A-trend|trend|j_tpo_signals|waddah_attar_explosion_signals|chaikin_volatility_volume_signals|frama_baseline,0.5,GBPJPY,2017-02-02,2017-04-24,-0.18123093106389981,False,-0.18123093106389981,2017-04-24
A-trend|trend|j_tpo_signals|waddah_attar_explosion_signals|chaikin_volatility_volume_signals|frama_baseline,0.5,GBPUSD,2016-11-23,2016-12-22,-0.5000000000000022,False,-0.5000000000000022,2016-12-22
A-trend|trend|j_tpo_signals|waddah_attar_explosion_signals|chaikin_volatility_volume_signals|frama_baseline,0.5,GBPUSD,2016-11-23,2016-12-22,-0.5000000000000022,False,-0.5000000000000022,2016-12-22
A-trend|trend|j_tpo_signals|waddah_attar_explosion_signals|chaikin_volatility_volume_signals|frama_baseline,0.5,GBPUSD,2017-09-13,2017-09-14,-0.4999999999999992,False,-0.4999999999999992,2017-09-14
A-trend|trend|j_tpo_signals|waddah_attar_explosion_signals|chaikin_volatility_volume_signals|frama_baseline,0.5,GBPUSD,2017-09-13,2017-09-14,-0.4999999999999992,False,-0.4999999999999992,2017-09-14
A-trend|trend|j_tpo_signals|waddah_attar_explosion_signals|chaikin_volatility_volume_signals|frama_baseline,0.5,GBPUSD,2019-10-10,2019-10-11,1.2249999999999952,False,1.2249999999999952,2019-10-11
A-trend|trend|j_tpo_signals|waddah_attar_explosion_signals|chaikin_volatility_volume_signals|frama_baseline,0.5,GBPUSD,2019-10-10,2019-10-24,1.9207769421729055,False,1.9207769421729055,2019-10-24
A-trend|trend|j_tpo_signals|waddah_attar_explosion_signals|chaikin_volatility_volume_signals|frama_baseline,0.5,NZDCHF,2019-10-11,2019-10-14,-0.5000000000000001,False,-0.5000000000000001,2019-10-14
A-trend|trend|j_tpo_signals|waddah_attar_explosion_signals|chaikin_volatility_volume_signals|frama_baseline,0.5,NZDCHF,2019-10-11,2019-10-14,-0.5000000000000001,False,-0.5000000000000001,2019-10-14
A-trend|trend|j_tpo_signals|waddah_attar_explosion_signals|chaikin_volatility_volume_signals|frama_baseline,0.5,NZDCHF,2020-05-18,2020-06-02,1.225,False,1.225,2020-06-02
A-trend|trend|j_tpo_signals|waddah_attar_explosion_signals|chaikin_volatility_volume_signals|frama_baseline,0.5,NZDCHF,2020-05-18,2020-06-10,1.8766283752384592,False,1.8766283752384592,2020-06-10
A-trend|trend|j_tpo_signals|waddah_attar_explosion_signals|chaikin_volatility_volume_signals|frama_baseline,0.5,NZDJPY,2020-05-20,2020-06-02,1.2250000000000032,False,1.2250000000000032,2020-06-02
A-trend|trend|j_tpo_signals|waddah_attar_explosion_signals|chaikin_volatility_volume_signals|frama_baseline,0.5,NZDJPY,2020-05-20,2020-06-09,1.8216203473653068,False,1.8216203473653068,2020-06-09
A-trend|trend|j_tpo_signals|waddah_attar_explosion_signals|chaikin_volatility_volume_signals|frama_baseline,0.5,NZDUSD,2016-11-09,2016-11-14,1.2250000000000008,False,1.2250000000000008,2016-11-14
A-trend|trend|j_tpo_signals|waddah_attar_explosion_signals|chaikin_volatility_volume_signals|frama_baseline,0.5,NZDUSD,2016-11-09,2017-01-05,1.9642761129374449,False,1.9642761129374449,2017-01-05
A-trend|trend|j_tpo_signals|waddah_attar_explosion_signals|chaikin_volatility_volume_signals|frama_baseline,0.5,USDCAD,2016-02-12,2016-02-29,1.2250000000000039,False,1.2250000000000039,2016-02-29
A-trend|trend|j_tpo_signals|waddah_attar_explosion_signals|chaikin_volatility_volume_signals|frama_baseline,0.5,USDCAD,2016-02-12,2016-03-23,2.2676683679324086,False,2.2676683679324086,2016-03-23
A-trend|trend|j_tpo_signals|waddah_attar_explosion_signals|chaikin_volatility_volume_signals|frama_baseline,0.5,USDCHF,2017-08-22,2017-08-25,-0.5000000000000029,False,-0.5000000000000029,2017-08-25
A-trend|trend|j_tpo_signals|waddah_attar_explosion_signals|chaikin_volatility_volume_signals|frama_baseline,0.5,USDCHF,2017-08-22,2017-08-25,-0.5000000000000029,False,-0.5000000000000029,2017-08-25
B|chop|bears_bulls_impulse_signals|donchian_breakout_signals|variance_volume_signals|mcginley_dynamic_index,0.5,AUDCHF,2016-08-19,2016-08-26,-1.0000000000000009,False,-1.0000000000000009,2016-08-26
B|chop|bears_bulls_impulse_signals|donchian_breakout_signals|variance_volume_signals|mcginley_dynamic_index,0.5,AUDCHF,2017-04-20,2017-05-04,2.450000000000005,False,2.450000000000005,2017-05-04
B|chop|bears_bulls_impulse_signals|donchian_breakout_signals|variance_volume_signals|mcginley_dynamic_index,0.5,AUDCHF,2017-09-13,2017-09-26,-0.8270293283865459,False,-0.8270293283865459,2017-09-26
B|chop|bears_bulls_impulse_signals|donchian_breakout_signals|variance_volume_signals|mcginley_dynamic_index,0.5,AUDCHF,2019-12-24,2020-01-03,-0.6435850914524011,False,-0.6435850914524011,2020-01-03
B|chop|bears_bulls_impulse_signals|donchian_breakout_signals|variance_volume_signals|mcginley_dynamic_index,0.5,AUDCHF,2020-01-08,2020-01-13,-1.0000000000000044,False,-1.0000000000000044,2020-01-13
B|chop|bears_bulls_impulse_signals|donchian_breakout_signals|variance_volume_signals|mcginley_dynamic_index,0.5,AUDCHF,2020-12-14,2020-12-31,2.4500000000000073,False,2.4500000000000073,2020-12-31
B|chop|bears_bulls_impulse_signals|donchian_breakout_signals|variance_volume_signals|mcginley_dynamic_index,0.5,AUDJPY,2016-06-13,2016-06-16,2.4499999999999975,False,2.4499999999999975,2016-06-16
B|chop|bears_bulls_impulse_signals|donchian_breakout_signals|variance_volume_signals|mcginley_dynamic_index,0.5,AUDJPY,2018-02-06,2018-02-08,2.4499999999999984,False,2.4499999999999984,2018-02-08
B|chop|bears_bulls_impulse_signals|donchian_breakout_signals|variance_volume_signals|mcginley_dynamic_index,0.5,AUDNZD,2017-01-11,2017-01-17,-1.0000000000000113,False,-1.0000000000000113,2017-01-17
B|chop|bears_bulls_impulse_signals|donchian_breakout_signals|variance_volume_signals|mcginley_dynamic_index,0.5,AUDNZD,2017-02-03,2017-02-07,-0.9999999999999944,False,-0.9999999999999944,2017-02-07
B|chop|bears_bulls_impulse_signals|donchian_breakout_signals|variance_volume_signals|mcginley_dynamic_index,0.5,AUDNZD,2018-10-17,2018-11-07,2.4499999999999873,False,2.4499999999999873,2018-11-07
B|chop|bears_bulls_impulse_signals|donchian_breakout_signals|variance_volume_signals|mcginley_dynamic_index,0.5,AUDUSD,2016-09-12,2016-09-21,-0.7622273860170183,False,-0.7622273860170183,2016-09-21
B|chop|bears_bulls_impulse_signals|donchian_breakout_signals|variance_volume_signals|mcginley_dynamic_index,0.5,AUDUSD,2016-11-14,2016-11-18,2.4500000000000015,False,2.4500000000000015,2016-11-18
B|chop|bears_bulls_impulse_signals|donchian_breakout_signals|variance_volume_signals|mcginley_dynamic_index,0.5,CADCHF,2018-11-21,2018-12-03,-0.9999999999999899,False,-0.9999999999999899,2018-12-03
B|chop|bears_bulls_impulse_signals|donchian_breakout_signals|variance_volume_signals|mcginley_dynamic_index,0.5,CADCHF,2019-05-24,2019-06-11,-0.3378156027087683,False,-0.3378156027087683,2019-06-11
B|chop|bears_bulls_impulse_signals|donchian_breakout_signals|variance_volume_signals|mcginley_dynamic_index,0.5,CADJPY,2020-07-23,2020-07-24,-1.0000000000000064,False,-1.0000000000000064,2020-07-24
B|chop|bears_bulls_impulse_signals|donchian_breakout_signals|variance_volume_signals|mcginley_dynamic_index,0.5,CHFJPY,2019-08-16,2019-09-02,2.449999999999992,False,2.449999999999992,2019-09-02
B|chop|bears_bulls_impulse_signals|donchian_breakout_signals|variance_volume_signals|mcginley_dynamic_index,0.5,EURAUD,2019-04-01,2019-04-02,-0.9999999999999932,False,-0.9999999999999932,2019-04-02
B|chop|bears_bulls_impulse_signals|donchian_breakout_signals|variance_volume_signals|mcginley_dynamic_index,0.5,EURAUD,2019-05-02,2019-05-13,2.4499999999999904,False,2.4499999999999904,2019-05-13
B|chop|bears_bulls_impulse_signals|donchian_breakout_signals|variance_volume_signals|mcginley_dynamic_index,0.5,EURCAD,2016-09-06,2016-09-08,-0.9999999999999974,False,-0.9999999999999974,2016-09-08
B|chop|bears_bulls_impulse_signals|donchian_breakout_signals|variance_volume_signals|mcginley_dynamic_index,0.5,EURCHF,2016-09-09,2016-09-13,-1.0000000000000102,False,-1.0000000000000102,2016-09-13
B|chop|bears_bulls_impulse_signals|donchian_breakout_signals|variance_volume_signals|mcginley_dynamic_index,0.5,EURGBP,2020-09-09,2020-09-10,2.4500000000000006,False,2.4500000000000006,2020-09-10
B|chop|bears_bulls_impulse_signals|donchian_breakout_signals|variance_volume_signals|mcginley_dynamic_index,0.5,EURGBP,2020-12-08,2020-12-09,-1.0000000000000044,False,-1.0000000000000044,2020-12-09
B|chop|bears_bulls_impulse_signals|donchian_breakout_signals|variance_volume_signals|mcginley_dynamic_index,0.5,EURNZD,2016-02-23,2016-03-09,0.20815359697688077,False,0.20815359697688077,2016-03-09
B|chop|bears_bulls_impulse_signals|donchian_breakout_signals|variance_volume_signals|mcginley_dynamic_index,0.5,EURNZD,2018-06-26,2018-07-02,2.450000000000004,False,2.450000000000004,2018-07-02
B|chop|bears_bulls_impulse_signals|donchian_breakout_signals|variance_volume_signals|mcginley_dynamic_index,0.5,EURUSD,2016-08-01,2016-08-05,-0.999999999999997,False,-0.999999999999997,2016-08-05
B|chop|bears_bulls_impulse_signals|donchian_breakout_signals|variance_volume_signals|mcginley_dynamic_index,0.5,EURUSD,2020-05-07,2020-05-18,-0.8574035559848998,False,-0.8574035559848998,2020-05-18
B|chop|bears_bulls_impulse_signals|donchian_breakout_signals|variance_volume_signals|mcginley_dynamic_index,0.5,GBPAUD,2016-09-22,2016-10-04,2.450000000000001,False,2.450000000000001,2016-10-04
B|chop|bears_bulls_impulse_signals|donchian_breakout_signals|variance_volume_signals|mcginley_dynamic_index,0.5,GBPAUD,2017-03-24,2017-03-29,-1.0000000000000038,False,-1.0000000000000038,2017-03-29
B|chop|bears_bulls_impulse_signals|donchian_breakout_signals|variance_volume_signals|mcginley_dynamic_index,0.5,GBPCAD,2017-03-22,2017-04-10,-0.7086201248569621,False,-0.7086201248569621,2017-04-10
B|chop|bears_bulls_impulse_signals|donchian_breakout_signals|variance_volume_signals|mcginley_dynamic_index,0.5,GBPCHF,2017-05-23,2017-06-02,2.4499999999999886,False,2.4499999999999886,2017-06-02
B|chop|bears_bulls_impulse_signals|donchian_breakout_signals|variance_volume_signals|mcginley_dynamic_index,0.5,GBPCHF,2020-09-09,2020-09-10,2.4500000000000046,False,2.4500000000000046,2020-09-10
B|chop|bears_bulls_impulse_signals|donchian_breakout_signals|variance_volume_signals|mcginley_dynamic_index,0.5,GBPJPY,2017-08-09,2017-08-18,2.4499999999999926,False,2.4499999999999926,2017-08-18
B|chop|bears_bulls_impulse_signals|donchian_breakout_signals|variance_volume_signals|mcginley_dynamic_index,0.5,GBPJPY,2020-09-09,2020-09-17,2.4500000000000055,False,2.4500000000000055,2020-09-17
B|chop|bears_bulls_impulse_signals|donchian_breakout_signals|variance_volume_signals|mcginley_dynamic_index,0.5,GBPNZD,2020-11-05,2020-11-27,2.449999999999995,False,2.449999999999995,2020-11-27
B|chop|bears_bulls_impulse_signals|donchian_breakout_signals|variance_volume_signals|mcginley_dynamic_index,0.5,GBPUSD,2016-09-26,2016-10-06,2.449999999999997,False,2.449999999999997,2016-10-06
B|chop|bears_bulls_impulse_signals|donchian_breakout_signals|variance_volume_signals|mcginley_dynamic_index,0.5,GBPUSD,2019-07-03,2019-07-17,2.4499999999999926,False,2.4499999999999926,2019-07-17
B|chop|bears_bulls_impulse_signals|donchian_breakout_signals|variance_volume_signals|mcginley_dynamic_index,0.5,NZDCAD,2017-04-19,2017-04-26,-0.999999999999993,False,-0.999999999999993,2017-04-26
B|chop|bears_bulls_impulse_signals|donchian_breakout_signals|variance_volume_signals|mcginley_dynamic_index,0.5,NZDCAD,2020-05-14,2020-05-19,-0.44317755237791095,False,-0.44317755237791095,2020-05-19
B|chop|bears_bulls_impulse_signals|donchian_breakout_signals|variance_volume_signals|mcginley_dynamic_index,0.5,NZDCHF,2020-07-30,2020-08-13,2.450000000000005,False,2.450000000000005,2020-08-13
B|chop|bears_bulls_impulse_signals|donchian_breakout_signals|variance_volume_signals|mcginley_dynamic_index,0.5,NZDJPY,2017-12-18,2018-01-02,2.449999999999991,False,2.449999999999991,2018-01-02
B|chop|bears_bulls_impulse_signals|donchian_breakout_signals|variance_volume_signals|mcginley_dynamic_index,0.5,NZDJPY,2018-04-11,2018-04-20,-0.999999999999998,False,-0.999999999999998,2018-04-20
B|chop|bears_bulls_impulse_signals|donchian_breakout_signals|variance_volume_signals|mcginley_dynamic_index,0.5,NZDJPY,2019-07-01,2019-07-03,-1.0000000000000038,False,-1.0000000000000038,2019-07-03
B|chop|bears_bulls_impulse_signals|donchian_breakout_signals|variance_volume_signals|mcginley_dynamic_index,0.5,NZDUSD,2016-05-10,2016-05-11,-1.0000000000000044,False,-1.0000000000000044,2016-05-11
B|chop|bears_bulls_impulse_signals|donchian_breakout_signals|variance_volume_signals|mcginley_dynamic_index,0.5,USDCAD,2016-10-24,2016-11-14,2.4500000000000095,False,2.4500000000000095,2016-11-14
B|chop|bears_bulls_impulse_signals|donchian_breakout_signals|variance_volume_signals|mcginley_dynamic_index,0.5,USDCAD,2016-12-02,2016-12-15,-1.0000000000000069,False,-1.0000000000000069,2016-12-15
B|chop|bears_bulls_impulse_signals|donchian_breakout_signals|variance_volume_signals|mcginley_dynamic_index,0.5,USDCAD,2018-09-05,2018-09-11,-0.999999999999999,False,-0.999999999999999,2018-09-11
B|chop|bears_bulls_impulse_signals|donchian_breakout_signals|variance_volume_signals|mcginley_dynamic_index,0.5,USDCAD,2019-08-02,2019-09-02,2.44999999999999,False,2.44999999999999,2019-09-02
B|chop|bears_bulls_impulse_signals|donchian_breakout_signals|variance_volume_signals|mcginley_dynamic_index,0.5,USDCAD,2019-09-09,2019-09-13,-0.9999999999999862,False,-0.9999999999999862,2019-09-13
B|chop|bears_bulls_impulse_signals|donchian_breakout_signals|variance_volume_signals|mcginley_dynamic_index,0.5,USDCAD,2019-10-03,2019-10-10,-1.0000000000000149,False,-1.0000000000000149,2019-10-10
B|chop|bears_bulls_impulse_signals|donchian_breakout_signals|variance_volume_signals|mcginley_dynamic_index,0.5,USDCHF,2016-08-01,2016-08-05,-1.0000000000000036,False,-1.0000000000000036,2016-08-05
B|chop|bears_bulls_impulse_signals|donchian_breakout_signals|variance_volume_signals|mcginley_dynamic_index,0.5,USDCHF,2016-08-11,2016-08-18,2.4499999999999984,False,2.4499999999999984,2016-08-18
B|chop|bears_bulls_impulse_signals|donchian_breakout_signals|variance_volume_signals|mcginley_dynamic_index,0.5,USDCHF,2017-03-17,2017-03-27,2.45,False,2.45,2017-03-27
B|chop|bears_bulls_impulse_signals|donchian_breakout_signals|variance_volume_signals|mcginley_dynamic_index,0.5,USDJPY,2019-05-06,2019-05-09,2.4499999999999877,False,2.4499999999999877,2019-05-09
B|chop|bears_bulls_impulse_signals|donchian_breakout_signals|variance_volume_signals|mcginley_dynamic_index,0.5,USDJPY,2019-12-13,2019-12-30,-0.999999999999994,False,-0.999999999999994,2019-12-30
B|chop|bears_bulls_impulse_signals|donchian_breakout_signals|variance_volume_signals|mcginley_dynamic_index,0.5,USDJPY,2020-06-11,2020-06-16,-0.9999999999999949,False,-0.9999999999999949,2020-06-16
B|trend|adx_dmi_signals|dspo_signals|variance_volume_signals|sma_baseline,0.5,AUDCAD,2020-08-28,2020-09-02,-0.4999999999999968,False,-0.4999999999999968,2020-09-02
B|trend|adx_dmi_signals|dspo_signals|variance_volume_signals|sma_baseline,0.5,AUDCAD,2020-08-28,2020-09-02,-0.4999999999999968,False,-0.4999999999999968,2020-09-02
B|trend|adx_dmi_signals|dspo_signals|variance_volume_signals|sma_baseline,0.5,AUDCAD,2020-09-09,2020-09-16,0.699999999999998,False,0.699999999999998,2020-09-16
B|trend|adx_dmi_signals|dspo_signals|variance_volume_signals|sma_baseline,0.5,AUDCAD,2020-09-09,2020-09-22,0.0,False,0.0,2020-09-22
B|trend|adx_dmi_signals|dspo_signals|variance_volume_signals|sma_baseline,0.5,AUDJPY,2017-11-03,2017-11-14,0.7000000000000022,False,0.7000000000000022,2017-11-14
B|trend|adx_dmi_signals|dspo_signals|variance_volume_signals|sma_baseline,0.5,AUDJPY,2017-11-03,2017-12-01,1.4485152721972636,False,1.4485152721972636,2017-12-01
B|trend|adx_dmi_signals|dspo_signals|variance_volume_signals|sma_baseline,0.5,AUDJPY,2018-06-04,2018-06-08,-0.5000000000000027,False,-0.5000000000000027,2018-06-08
B|trend|adx_dmi_signals|dspo_signals|variance_volume_signals|sma_baseline,0.5,AUDJPY,2018-06-04,2018-06-08,-0.5000000000000027,False,-0.5000000000000027,2018-06-08
B|trend|adx_dmi_signals|dspo_signals|variance_volume_signals|sma_baseline,0.5,CADCHF,2017-12-07,2017-12-19,0.6999999999999984,False,0.6999999999999984,2017-12-19
B|trend|adx_dmi_signals|dspo_signals|variance_volume_signals|sma_baseline,0.5,CADCHF,2017-12-07,2017-12-21,0.0,False,0.0,2017-12-21
B|trend|adx_dmi_signals|dspo_signals|variance_volume_signals|sma_baseline,0.5,CADJPY,2016-04-14,2016-04-18,0.7000000000000028,False,0.7000000000000028,2016-04-18
B|trend|adx_dmi_signals|dspo_signals|variance_volume_signals|sma_baseline,0.5,CADJPY,2016-04-14,2016-04-19,0.0,False,0.0,2016-04-19
B|trend|adx_dmi_signals|dspo_signals|variance_volume_signals|sma_baseline,0.5,CHFJPY,2016-06-24,2016-07-14,-0.255873987730265,False,-0.255873987730265,2016-07-14
B|trend|adx_dmi_signals|dspo_signals|variance_volume_signals|sma_baseline,0.5,CHFJPY,2016-06-24,2016-07-14,-0.255873987730265,False,-0.255873987730265,2016-07-14
B|trend|adx_dmi_signals|dspo_signals|variance_volume_signals|sma_baseline,0.5,EURCHF,2017-10-06,2017-10-11,0.6999999999999936,False,0.6999999999999936,2017-10-11
B|trend|adx_dmi_signals|dspo_signals|variance_volume_signals|sma_baseline,0.5,EURCHF,2017-10-06,2017-10-26,1.6039442989621646,False,1.6039442989621646,2017-10-26
B|trend|adx_dmi_signals|dspo_signals|variance_volume_signals|sma_baseline,0.5,EURCHF,2019-10-08,2019-10-09,-0.39725362583972584,False,-0.39725362583972584,2019-10-09
B|trend|adx_dmi_signals|dspo_signals|variance_volume_signals|sma_baseline,0.5,EURCHF,2019-10-08,2019-10-09,-0.39725362583972584,False,-0.39725362583972584,2019-10-09
B|trend|adx_dmi_signals|dspo_signals|variance_volume_signals|sma_baseline,0.5,EURCHF,2019-12-18,2020-01-03,0.7000000000000067,False,0.7000000000000067,2020-01-03
B|trend|adx_dmi_signals|dspo_signals|variance_volume_signals|sma_baseline,0.5,EURCHF,2019-12-18,2020-02-27,2.437469067083016,False,2.437469067083016,2020-02-27
B|trend|adx_dmi_signals|dspo_signals|variance_volume_signals|sma_baseline,0.5,EURGBP,2016-06-24,2016-07-05,0.7000000000000008,False,0.7000000000000008,2016-07-05
B|trend|adx_dmi_signals|dspo_signals|variance_volume_signals|sma_baseline,0.5,EURGBP,2016-06-24,2016-07-12,0.5205186686928348,False,0.5205186686928348,2016-07-12
B|trend|adx_dmi_signals|dspo_signals|variance_volume_signals|sma_baseline,0.5,EURJPY,2016-05-13,2016-05-17,-0.49999999999999906,False,-0.49999999999999906,2016-05-17
B|trend|adx_dmi_signals|dspo_signals|variance_volume_signals|sma_baseline,0.5,EURJPY,2016-05-13,2016-05-17,-0.49999999999999906,False,-0.49999999999999906,2016-05-17
B|trend|adx_dmi_signals|dspo_signals|variance_volume_signals|sma_baseline,0.5,EURJPY,2016-11-10,2016-11-23,0.699999999999998,False,0.699999999999998,2016-11-23
B|trend|adx_dmi_signals|dspo_signals|variance_volume_signals|sma_baseline,0.5,EURJPY,2016-11-10,2016-11-29,0.8070041722362685,False,0.8070041722362685,2016-11-29
B|trend|adx_dmi_signals|dspo_signals|variance_volume_signals|sma_baseline,0.5,EURJPY,2017-09-07,2017-09-12,0.7000000000000002,False,0.7000000000000002,2017-09-12
B|trend|adx_dmi_signals|dspo_signals|variance_volume_signals|sma_baseline,0.5,EURJPY,2017-09-07,2017-09-25,1.1214971180385431,False,1.1214971180385431,2017-09-25
B|trend|adx_dmi_signals|dspo_signals|variance_volume_signals|sma_baseline,0.5,EURJPY,2017-12-07,2017-12-14,-0.3972528455388341,False,-0.3972528455388341,2017-12-14
B|trend|adx_dmi_signals|dspo_signals|variance_volume_signals|sma_baseline,0.5,EURJPY,2017-12-07,2017-12-14,-0.3972528455388341,False,-0.3972528455388341,2017-12-14
B|trend|adx_dmi_signals|dspo_signals|variance_volume_signals|sma_baseline,0.5,EURJPY,2018-06-08,2018-06-11,-0.29229451185436445,False,-0.29229451185436445,2018-06-11
B|trend|adx_dmi_signals|dspo_signals|variance_volume_signals|sma_baseline,0.5,EURJPY,2018-06-08,2018-06-11,-0.29229451185436445,False,-0.29229451185436445,2018-06-11
B|trend|adx_dmi_signals|dspo_signals|variance_volume_signals|sma_baseline,0.5,GBPAUD,2020-03-25,2020-04-07,0.05078958660228051,False,0.05078958660228051,2020-04-07
B|trend|adx_dmi_signals|dspo_signals|variance_volume_signals|sma_baseline,0.5,GBPAUD,2020-03-25,2020-04-07,0.05078958660228051,False,0.05078958660228051,2020-04-07
B|trend|adx_dmi_signals|dspo_signals|variance_volume_signals|sma_baseline,0.5,GBPAUD,2020-10-02,2020-10-15,0.7000000000000025,False,0.7000000000000025,2020-10-15
B|trend|adx_dmi_signals|dspo_signals|variance_volume_signals|sma_baseline,0.5,GBPAUD,2020-10-02,2020-10-28,0.507882931232457,False,0.507882931232457,2020-10-28
B|trend|adx_dmi_signals|dspo_signals|variance_volume_signals|sma_baseline,0.5,GBPCAD,2016-06-24,2016-07-06,0.7000000000000003,False,0.7000000000000003,2016-07-06
B|trend|adx_dmi_signals|dspo_signals|variance_volume_signals|sma_baseline,0.5,GBPCAD,2016-06-24,2016-07-26,0.30765009583019925,False,0.30765009583019925,2016-07-26
B|trend|adx_dmi_signals|dspo_signals|variance_volume_signals|sma_baseline,0.5,GBPCAD,2018-07-06,2018-07-11,-0.31481457059997303,False,-0.31481457059997303,2018-07-11
B|trend|adx_dmi_signals|dspo_signals|variance_volume_signals|sma_baseline,0.5,GBPCAD,2018-07-06,2018-07-11,-0.31481457059997303,False,-0.31481457059997303,2018-07-11
B|trend|adx_dmi_signals|dspo_signals|variance_volume_signals|sma_baseline,0.5,GBPCAD,2018-07-13,2018-07-18,0.7000000000000003,False,0.7000000000000003,2018-07-18
B|trend|adx_dmi_signals|dspo_signals|variance_volume_signals|sma_baseline,0.5,GBPCAD,2018-07-13,2018-08-21,2.7789515135029865,False,2.7789515135029865,2018-08-21
B|trend|adx_dmi_signals|dspo_signals|variance_volume_signals|sma_baseline,0.5,GBPJPY,2016-06-24,2016-07-20,-0.061635353687791224,False,-0.061635353687791224,2016-07-20
B|trend|adx_dmi_signals|dspo_signals|variance_volume_signals|sma_baseline,0.5,GBPJPY,2016-06-24,2016-07-20,-0.061635353687791224,False,-0.061635353687791224,2016-07-20
B|trend|adx_dmi_signals|dspo_signals|variance_volume_signals|sma_baseline,0.5,GBPJPY,2017-02-01,2017-02-02,-0.4999999999999987,False,-0.4999999999999987,2017-02-02
B|trend|adx_dmi_signals|dspo_signals|variance_volume_signals|sma_baseline,0.5,GBPJPY,2017-02-01,2017-02-02,-0.4999999999999987,False,-0.4999999999999987,2017-02-02
B|trend|adx_dmi_signals|dspo_signals|variance_volume_signals|sma_baseline,0.5,GBPUSD,2018-07-26,2018-08-06,0.6999999999999953,False,0.6999999999999953,2018-08-06
B|trend|adx_dmi_signals|dspo_signals|variance_volume_signals|sma_baseline,0.5,GBPUSD,2018-07-26,2018-08-21,1.5589352658064732,False,1.5589352658064732,2018-08-21
B|trend|adx_dmi_signals|dspo_signals|variance_volume_signals|sma_baseline,0.5,GBPUSD,2018-11-15,2018-12-12,0.7000000000000006,False,0.7000000000000006,2018-12-12
B|trend|adx_dmi_signals|dspo_signals|variance_volume_signals|sma_baseline,0.5,GBPUSD,2018-11-15,2018-12-24,0.1393588652001857,False,0.1393588652001857,2018-12-24
B|trend|adx_dmi_signals|dspo_signals|variance_volume_signals|sma_baseline,0.5,NZDCAD,2020-03-16,2020-03-19,0.6999999999999988,False,0.6999999999999988,2020-03-19
B|trend|adx_dmi_signals|dspo_signals|variance_volume_signals|sma_baseline,0.5,NZDCAD,2020-03-16,2020-03-24,0.09258997770233551,False,0.09258997770233551,2020-03-24
B|trend|adx_dmi_signals|dspo_signals|variance_volume_signals|sma_baseline,0.5,USDCHF,2017-08-14,2017-08-17,-0.5000000000000019,False,-0.5000000000000019,2017-08-17
B|trend|adx_dmi_signals|dspo_signals|variance_volume_signals|sma_baseline,0.5,USDCHF,2017-08-14,2017-08-17,-0.5000000000000019,False,-0.5000000000000019,2017-08-17
B|trend|adx_dmi_signals|dspo_signals|variance_volume_signals|sma_baseline,0.5,USDJPY,2018-06-05,2018-06-07,-0.07481739352305962,False,-0.07481739352305962,2018-06-07
B|trend|adx_dmi_signals|dspo_signals|variance_volume_signals|sma_baseline,0.5,USDJPY,2018-06-05,2018-06-07,-0.07481739352305962,False,-0.07481739352305962,2018-06-07
A-chop|chop|donchian_breakout_signals|chandelier_exit_signals|efficiency_ratio_volume_signals|hma_baseline,0.5,AUDCAD,2017-11-15,2017-11-30,-1.0000000000000053,False,-1.0000000000000053,2017-11-30
A-chop|chop|donchian_breakout_signals|chandelier_exit_signals|efficiency_ratio_volume_signals|hma_baseline,0.5,AUDCAD,2017-12-20,2018-01-17,-0.9999999999999925,False,-0.9999999999999925,2018-01-17
A-chop|chop|donchian_breakout_signals|chandelier_exit_signals|efficiency_ratio_volume_signals|hma_baseline,0.5,AUDCAD,2019-05-15,2019-05-31,-1.0000000000000013,False,-1.0000000000000013,2019-05-31
A-chop|chop|donchian_breakout_signals|chandelier_exit_signals|efficiency_ratio_volume_signals|hma_baseline,0.5,AUDCAD,2019-06-19,2019-07-18,-0.9999999999999968,False,-0.9999999999999968,2019-07-18
A-chop|chop|donchian_breakout_signals|chandelier_exit_signals|efficiency_ratio_volume_signals|hma_baseline,0.5,AUDCAD,2019-12-31,2020-01-06,2.1691176470588243,False,2.1691176470588243,2020-01-06
A-chop|chop|donchian_breakout_signals|chandelier_exit_signals|efficiency_ratio_volume_signals|hma_baseline,0.5,AUDCHF,2017-07-20,2017-07-27,-0.9999999999999971,False,-0.9999999999999971,2017-07-27
A-chop|chop|donchian_breakout_signals|chandelier_exit_signals|efficiency_ratio_volume_signals|hma_baseline,0.5,AUDCHF,2018-02-08,2018-03-08,-1.0000000000000033,False,-1.0000000000000033,2018-03-08
A-chop|chop|donchian_breakout_signals|chandelier_exit_signals|efficiency_ratio_volume_signals|hma_baseline,0.5,AUDCHF,2019-04-19,2019-05-01,2.1691176470588207,False,2.1691176470588207,2019-05-01
A-chop|chop|donchian_breakout_signals|chandelier_exit_signals|efficiency_ratio_volume_signals|hma_baseline,0.5,AUDCHF,2019-05-09,2019-05-23,2.1691176470588274,False,2.1691176470588274,2019-05-23
A-chop|chop|donchian_breakout_signals|chandelier_exit_signals|efficiency_ratio_volume_signals|hma_baseline,0.5,AUDCHF,2019-07-08,2019-07-30,2.1691176470588314,False,2.1691176470588314,2019-07-30
A-chop|chop|donchian_breakout_signals|chandelier_exit_signals|efficiency_ratio_volume_signals|hma_baseline,0.5,AUDCHF,2020-01-27,2020-02-26,2.1691176470588207,False,2.1691176470588207,2020-02-26
A-chop|chop|donchian_breakout_signals|chandelier_exit_signals|efficiency_ratio_volume_signals|hma_baseline,0.5,AUDCHF,2020-03-05,2020-03-09,2.1691176470588225,False,2.1691176470588225,2020-03-09
A-chop|chop|donchian_breakout_signals|chandelier_exit_signals|efficiency_ratio_volume_signals|hma_baseline,0.5,AUDJPY,2018-07-17,2018-08-10,2.1691176470588216,False,2.1691176470588216,2018-08-10
A-chop|chop|donchian_breakout_signals|chandelier_exit_signals|efficiency_ratio_volume_signals|hma_baseline,0.5,AUDJPY,2018-09-24,2018-10-08,2.1691176470588274,False,2.1691176470588274,2018-10-08
A-chop|chop|donchian_breakout_signals|chandelier_exit_signals|efficiency_ratio_volume_signals|hma_baseline,0.5,AUDJPY,2018-12-27,2019-01-03,2.1691176470588203,False,2.1691176470588203,2019-01-03
A-chop|chop|donchian_breakout_signals|chandelier_exit_signals|efficiency_ratio_volume_signals|hma_baseline,0.5,AUDJPY,2019-05-01,2019-05-09,2.169117647058823,False,2.169117647058823,2019-05-09
A-chop|chop|donchian_breakout_signals|chandelier_exit_signals|efficiency_ratio_volume_signals|hma_baseline,0.5,AUDJPY,2019-05-13,2019-08-01,2.169117647058824,False,2.169117647058824,2019-08-01
A-chop|chop|donchian_breakout_signals|chandelier_exit_signals|efficiency_ratio_volume_signals|hma_baseline,0.5,AUDNZD,2016-06-09,2016-07-14,-0.9999999999999971,False,-0.9999999999999971,2016-07-14
A-chop|chop|donchian_breakout_signals|chandelier_exit_signals|efficiency_ratio_volume_signals|hma_baseline,0.5,AUDNZD,2017-01-13,2017-01-31,2.169117647058826,False,2.169117647058826,2017-01-31
A-chop|chop|donchian_breakout_signals|chandelier_exit_signals|efficiency_ratio_volume_signals|hma_baseline,0.5,AUDNZD,2017-02-16,2017-03-01,-1.0000000000000118,False,-1.0000000000000118,2017-03-01
A-chop|chop|donchian_breakout_signals|chandelier_exit_signals|efficiency_ratio_volume_signals|hma_baseline,0.5,AUDNZD,2018-11-20,2018-12-10,2.169117647058824,False,2.169117647058824,2018-12-10
A-chop|chop|donchian_breakout_signals|chandelier_exit_signals|efficiency_ratio_volume_signals|hma_baseline,0.5,AUDNZD,2019-12-10,2019-12-12,-0.9999999999999926,False,-0.9999999999999926,2019-12-12
A-chop|chop|donchian_breakout_signals|chandelier_exit_signals|efficiency_ratio_volume_signals|hma_baseline,0.5,AUDUSD,2016-11-17,2017-01-17,-0.9999999999999963,False,-0.9999999999999963,2017-01-17
A-chop|chop|donchian_breakout_signals|chandelier_exit_signals|efficiency_ratio_volume_signals|hma_baseline,0.5,AUDUSD,2019-05-02,2019-05-17,2.1691176470588225,False,2.1691176470588225,2019-05-17
A-chop|chop|donchian_breakout_signals|chandelier_exit_signals|efficiency_ratio_volume_signals|hma_baseline,0.5,CADCHF,2016-10-19,2016-10-28,2.1691176470588234,False,2.1691176470588234,2016-10-28
A-chop|chop|donchian_breakout_signals|chandelier_exit_signals|efficiency_ratio_volume_signals|hma_baseline,0.5,CADCHF,2018-02-02,2018-03-02,2.1691176470588247,False,2.1691176470588247,2018-03-02
A-chop|chop|donchian_breakout_signals|chandelier_exit_signals|efficiency_ratio_volume_signals|hma_baseline,0.5,CADCHF,2018-08-29,2018-09-05,2.1691176470588247,False,2.1691176470588247,2018-09-05
A-chop|chop|donchian_breakout_signals|chandelier_exit_signals|efficiency_ratio_volume_signals|hma_baseline,0.5,CADCHF,2019-05-31,2019-06-10,-1.0304768601079446,False,-1.0304768601079446,2019-06-10
A-chop|chop|donchian_breakout_signals|chandelier_exit_signals|efficiency_ratio_volume_signals|hma_baseline,0.5,CADCHF,2019-07-09,2019-08-02,2.1691176470588234,False,2.1691176470588234,2019-08-02
A-chop|chop|donchian_breakout_signals|chandelier_exit_signals|efficiency_ratio_volume_signals|hma_baseline,0.5,CADCHF,2019-08-12,2019-08-22,-0.9999999999999961,False,-0.9999999999999961,2019-08-22
A-chop|chop|donchian_breakout_signals|chandelier_exit_signals|efficiency_ratio_volume_signals|hma_baseline,0.5,CADCHF,2020-01-14,2020-01-31,2.169117647058831,False,2.169117647058831,2020-01-31
A-chop|chop|donchian_breakout_signals|chandelier_exit_signals|efficiency_ratio_volume_signals|hma_baseline,0.5,CADCHF,2020-02-20,2020-02-26,2.169117647058822,False,2.169117647058822,2020-02-26
A-chop|chop|donchian_breakout_signals|chandelier_exit_signals|efficiency_ratio_volume_signals|hma_baseline,0.5,CADCHF,2020-09-21,2020-09-23,-0.9999999999999971,False,-0.9999999999999971,2020-09-23
A-chop|chop|donchian_breakout_signals|chandelier_exit_signals|efficiency_ratio_volume_signals|hma_baseline,0.5,CADJPY,2016-07-20,2016-08-01,2.1691176470588234,False,2.1691176470588234,2016-08-01
A-chop|chop|donchian_breakout_signals|chandelier_exit_signals|efficiency_ratio_volume_signals|hma_baseline,0.5,CADJPY,2018-12-28,2019-01-03,2.1691176470588274,False,2.1691176470588274,2019-01-03
A-chop|chop|donchian_breakout_signals|chandelier_exit_signals|efficiency_ratio_volume_signals|hma_baseline,0.5,CADJPY,2019-05-13,2019-05-20,-1.0000000000000042,False,-1.0000000000000042,2019-05-20
A-chop|chop|donchian_breakout_signals|chandelier_exit_signals|efficiency_ratio_volume_signals|hma_baseline,0.5,CADJPY,2019-06-12,2019-06-26,-0.9999999999999909,False,-0.9999999999999909,2019-06-26
A-chop|chop|donchian_breakout_signals|chandelier_exit_signals|efficiency_ratio_volume_signals|hma_baseline,0.5,CADJPY,2020-12-08,2020-12-10,-1.0000000000000053,False,-1.0000000000000053,2020-12-10
A-chop|chop|donchian_breakout_signals|chandelier_exit_signals|efficiency_ratio_volume_signals|hma_baseline,0.5,CHFJPY,2018-02-28,2018-04-27,2.169117647058827,False,2.169117647058827,2018-04-27
A-chop|chop|donchian_breakout_signals|chandelier_exit_signals|efficiency_ratio_volume_signals|hma_baseline,0.5,CHFJPY,2019-01-02,2019-01-03,2.169117647058828,False,2.169117647058828,2019-01-03
A-chop|chop|donchian_breakout_signals|chandelier_exit_signals|efficiency_ratio_volume_signals|hma_baseline,0.5,CHFJPY,2019-08-27,2019-09-05,-1.0000000000000053,False,-1.0000000000000053,2019-09-05
A-chop|chop|donchian_breakout_signals|chandelier_exit_signals|efficiency_ratio_volume_signals|hma_baseline,0.5,EURAUD,2018-05-29,2018-06-04,-0.511752501369463,False,-0.511752501369463,2018-06-04
A-chop|chop|donchian_breakout_signals|chandelier_exit_signals|efficiency_ratio_volume_signals|hma_baseline,0.5,EURAUD,2018-08-30,2018-11-01,-0.9999999999999944,False,-0.9999999999999944,2018-11-01
A-chop|chop|donchian_breakout_signals|chandelier_exit_signals|efficiency_ratio_volume_signals|hma_baseline,0.5,EURAUD,2019-05-13,2019-07-15,-0.9999999999999926,False,-0.9999999999999926,2019-07-15
A-chop|chop|donchian_breakout_signals|chandelier_exit_signals|efficiency_ratio_volume_signals|hma_baseline,0.5,EURAUD,2019-07-23,2019-07-29,2.1691176470588203,False,2.1691176470588203,2019-07-29
A-chop|chop|donchian_breakout_signals|chandelier_exit_signals|efficiency_ratio_volume_signals|hma_baseline,0.5,EURCAD,2017-03-27,2017-03-29,-1.0000000000000062,False,-1.0000000000000062,2017-03-29
A-chop|chop|donchian_breakout_signals|chandelier_exit_signals|efficiency_ratio_volume_signals|hma_baseline,0.5,EURCAD,2018-01-19,2018-02-22,2.169117647058822,False,2.169117647058822,2018-02-22
A-chop|chop|donchian_breakout_signals|chandelier_exit_signals|efficiency_ratio_volume_signals|hma_baseline,0.5,EURCAD,2018-12-27,2019-01-03,-0.9999999999999996,False,-0.9999999999999996,2019-01-03
A-chop|chop|donchian_breakout_signals|chandelier_exit_signals|efficiency_ratio_volume_signals|hma_baseline,0.5,EURCAD,2019-01-11,2019-01-18,-1.0000000000000064,False,-1.0000000000000064,2019-01-18
A-chop|chop|donchian_breakout_signals|chandelier_exit_signals|efficiency_ratio_volume_signals|hma_baseline,0.5,EURCAD,2020-12-14,2020-12-21,2.169117647058827,False,2.169117647058827,2020-12-21
A-chop|chop|donchian_breakout_signals|chandelier_exit_signals|efficiency_ratio_volume_signals|hma_baseline,0.5,EURCHF,2016-03-25,2016-04-07,-0.9999999999999851,False,-0.9999999999999851,2016-04-07
A-chop|chop|donchian_breakout_signals|chandelier_exit_signals|efficiency_ratio_volume_signals|hma_baseline,0.5,EURCHF,2017-07-06,2017-07-21,2.1691176470588003,False,2.1691176470588003,2017-07-21
A-chop|chop|donchian_breakout_signals|chandelier_exit_signals|efficiency_ratio_volume_signals|hma_baseline,0.5,EURCHF,2019-04-23,2019-04-24,-1.0000000000000044,False,-1.0000000000000044,2019-04-24
A-chop|chop|donchian_breakout_signals|chandelier_exit_signals|efficiency_ratio_volume_signals|hma_baseline,0.5,EURCHF,2019-05-21,2019-05-23,-0.9999999999999933,False,-0.9999999999999933,2019-05-23
A-chop|chop|donchian_breakout_signals|chandelier_exit_signals|efficiency_ratio_volume_signals|hma_baseline,0.5,EURCHF,2020-01-14,2020-02-12,2.169117647058808,False,2.169117647058808,2020-02-12
A-chop|chop|donchian_breakout_signals|chandelier_exit_signals|efficiency_ratio_volume_signals|hma_baseline,0.5,EURGBP,2017-05-26,2017-07-11,2.1691176470588163,False,2.1691176470588163,2017-07-11
A-chop|chop|donchian_breakout_signals|chandelier_exit_signals|efficiency_ratio_volume_signals|hma_baseline,0.5,EURGBP,2017-08-03,2017-08-25,2.1691176470588225,False,2.1691176470588225,2017-08-25
A-chop|chop|donchian_breakout_signals|chandelier_exit_signals|efficiency_ratio_volume_signals|hma_baseline,0.5,EURGBP,2018-03-23,2018-04-12,-0.9999999999999925,False,-0.9999999999999925,2018-04-12
A-chop|chop|donchian_breakout_signals|chandelier_exit_signals|efficiency_ratio_volume_signals|hma_baseline,0.5,EURJPY,2016-02-18,2016-03-30,-0.9999999999999969,False,-0.9999999999999969,2016-03-30
A-chop|chop|donchian_breakout_signals|chandelier_exit_signals|efficiency_ratio_volume_signals|hma_baseline,0.5,EURJPY,2020-04-22,2020-04-30,-0.999999999999994,False,-0.999999999999994,2020-04-30
A-chop|chop|donchian_breakout_signals|chandelier_exit_signals|efficiency_ratio_volume_signals|hma_baseline,0.5,EURNZD,2018-05-31,2018-06-14,-0.6477684957315653,False,-0.6477684957315653,2018-06-14
A-chop|chop|donchian_breakout_signals|chandelier_exit_signals|efficiency_ratio_volume_signals|hma_baseline,0.5,EURNZD,2018-09-10,2018-09-20,-0.9999999999999944,False,-0.9999999999999944,2018-09-20
A-chop|chop|donchian_breakout_signals|chandelier_exit_signals|efficiency_ratio_volume_signals|hma_baseline,0.5,EURNZD,2019-07-23,2019-07-30,2.169117647058819,False,2.169117647058819,2019-07-30
A-chop|chop|donchian_breakout_signals|chandelier_exit_signals|efficiency_ratio_volume_signals|hma_baseline,0.5,EURNZD,2020-07-08,2020-07-24,2.1691176470588216,False,2.1691176470588216,2020-07-24
A-chop|chop|donchian_breakout_signals|chandelier_exit_signals|efficiency_ratio_volume_signals|hma_baseline,0.5,EURNZD,2020-08-20,2020-08-26,-1.0000000000000047,False,-1.0000000000000047,2020-08-26
A-chop|chop|donchian_breakout_signals|chandelier_exit_signals|efficiency_ratio_volume_signals|hma_baseline,0.5,EURUSD,2016-02-12,2016-02-29,2.1691176470588256,False,2.1691176470588256,2016-02-29
A-chop|chop|donchian_breakout_signals|chandelier_exit_signals|efficiency_ratio_volume_signals|hma_baseline,0.5,EURUSD,2020-03-19,2020-03-26,-1.0000000000000009,False,-1.0000000000000009,2020-03-26
A-chop|chop|donchian_breakout_signals|chandelier_exit_signals|efficiency_ratio_volume_signals|hma_baseline,0.5,EURUSD,2020-06-08,2020-06-10,-1.0000000000000082,False,-1.0000000000000082,2020-06-10
A-chop|chop|donchian_breakout_signals|chandelier_exit_signals|efficiency_ratio_volume_signals|hma_baseline,0.5,GBPAUD,2017-09-19,2017-09-21,-0.9999999999999959,False,-0.9999999999999959,2017-09-21
A-chop|chop|donchian_breakout_signals|chandelier_exit_signals|efficiency_ratio_volume_signals|hma_baseline,0.5,GBPCAD,2017-01-26,2017-03-23,-0.9999999999999978,False,-0.9999999999999978,2017-03-23
A-chop|chop|donchian_breakout_signals|chandelier_exit_signals|efficiency_ratio_volume_signals|hma_baseline,0.5,GBPCAD,2020-05-20,2020-06-11,-1.0000000000000004,False,-1.0000000000000004,2020-06-11
A-chop|chop|donchian_breakout_signals|chandelier_exit_signals|efficiency_ratio_volume_signals|hma_baseline,0.5,GBPCAD,2020-12-10,2020-12-16,-0.999999999999996,False,-0.999999999999996,2020-12-16
A-chop|chop|donchian_breakout_signals|chandelier_exit_signals|efficiency_ratio_volume_signals|hma_baseline,0.5,GBPCHF,2020-03-09,2020-03-13,2.1691176470588203,False,2.1691176470588203,2020-03-13
A-chop|chop|donchian_breakout_signals|chandelier_exit_signals|efficiency_ratio_volume_signals|hma_baseline,0.5,GBPCHF,2020-06-26,2020-07-02,-1.0000000000000084,False,-1.0000000000000084,2020-07-02
A-chop|chop|donchian_breakout_signals|chandelier_exit_signals|efficiency_ratio_volume_signals|hma_baseline,0.5,GBPCHF,2020-12-10,2020-12-16,-1.0,False,-1.0,2020-12-16
A-chop|chop|donchian_breakout_signals|chandelier_exit_signals|efficiency_ratio_volume_signals|hma_baseline,0.5,GBPJPY,2018-07-17,2018-08-03,2.1691176470588314,False,2.1691176470588314,2018-08-03
A-chop|chop|donchian_breakout_signals|chandelier_exit_signals|efficiency_ratio_volume_signals|hma_baseline,0.5,GBPJPY,2018-11-09,2018-12-04,2.169117647058831,False,2.169117647058831,2018-12-04
A-chop|chop|donchian_breakout_signals|chandelier_exit_signals|efficiency_ratio_volume_signals|hma_baseline,0.5,GBPJPY,2019-01-02,2019-01-03,2.169117647058818,False,2.169117647058818,2019-01-03
A-chop|chop|donchian_breakout_signals|chandelier_exit_signals|efficiency_ratio_volume_signals|hma_baseline,0.5,GBPJPY,2019-03-04,2019-05-08,2.1691176470588247,False,2.1691176470588247,2019-05-08
A-chop|chop|donchian_breakout_signals|chandelier_exit_signals|efficiency_ratio_volume_signals|hma_baseline,0.5,GBPJPY,2020-03-09,2020-03-18,2.169117647058824,False,2.169117647058824,2020-03-18
A-chop|chop|donchian_breakout_signals|chandelier_exit_signals|efficiency_ratio_volume_signals|hma_baseline,0.5,GBPJPY,2020-08-07,2020-08-13,-0.9999999999999918,False,-0.9999999999999918,2020-08-13
A-chop|chop|donchian_breakout_signals|chandelier_exit_signals|efficiency_ratio_volume_signals|hma_baseline,0.5,GBPNZD,2019-06-27,2019-07-17,2.169117647058828,False,2.169117647058828,2019-07-17
A-chop|chop|donchian_breakout_signals|chandelier_exit_signals|efficiency_ratio_volume_signals|hma_baseline,0.5,GBPUSD,2016-05-13,2016-05-17,-0.9999999999999994,False,-0.9999999999999994,2016-05-17
A-chop|chop|donchian_breakout_signals|chandelier_exit_signals|efficiency_ratio_volume_signals|hma_baseline,0.5,GBPUSD,2019-04-26,2019-05-01,2.16911764705882,False,2.16911764705882,2019-05-01
A-chop|chop|donchian_breakout_signals|chandelier_exit_signals|efficiency_ratio_volume_signals|hma_baseline,0.5,NZDCAD,2016-07-22,2016-08-02,2.169117647058827,False,2.169117647058827,2016-08-02
A-chop|chop|donchian_breakout_signals|chandelier_exit_signals|efficiency_ratio_volume_signals|hma_baseline,0.5,NZDCAD,2016-08-30,2016-09-20,2.169117647058829,False,2.169117647058829,2016-09-20
A-chop|chop|donchian_breakout_signals|chandelier_exit_signals|efficiency_ratio_volume_signals|hma_baseline,0.5,NZDCAD,2017-06-06,2017-06-13,-1.0000000000000049,False,-1.0000000000000049,2017-06-13
A-chop|chop|donchian_breakout_signals|chandelier_exit_signals|efficiency_ratio_volume_signals|hma_baseline,0.5,NZDCAD,2017-07-06,2017-07-11,-1.0000000000000047,False,-1.0000000000000047,2017-07-11
A-chop|chop|donchian_breakout_signals|chandelier_exit_signals|efficiency_ratio_volume_signals|hma_baseline,0.5,NZDCAD,2020-06-09,2020-07-02,-0.9999999999999953,False,-0.9999999999999953,2020-07-02
A-chop|chop|donchian_breakout_signals|chandelier_exit_signals|efficiency_ratio_volume_signals|hma_baseline,0.5,NZDCHF,2017-05-04,2017-05-08,-0.9999999999999944,False,-0.9999999999999944,2017-05-08
A-chop|chop|donchian_breakout_signals|chandelier_exit_signals|efficiency_ratio_volume_signals|hma_baseline,0.5,NZDCHF,2017-10-25,2017-11-01,-1.000000000000004,False,-1.000000000000004,2017-11-01
A-chop|chop|donchian_breakout_signals|chandelier_exit_signals|efficiency_ratio_volume_signals|hma_baseline,0.5,NZDCHF,2019-05-22,2019-05-28,-0.9999999999999976,False,-0.9999999999999976,2019-05-28
A-chop|chop|donchian_breakout_signals|chandelier_exit_signals|efficiency_ratio_volume_signals|hma_baseline,0.5,NZDJPY,2018-04-30,2018-05-24,2.169117647058827,False,2.169117647058827,2018-05-24
A-chop|chop|donchian_breakout_signals|chandelier_exit_signals|efficiency_ratio_volume_signals|hma_baseline,0.5,NZDJPY,2018-06-08,2018-06-27,2.169117647058827,False,2.169117647058827,2018-06-27
A-chop|chop|donchian_breakout_signals|chandelier_exit_signals|efficiency_ratio_volume_signals|hma_baseline,0.5,NZDJPY,2019-05-13,2019-07-01,-0.9999999999999974,False,-0.9999999999999974,2019-07-01
A-chop|chop|donchian_breakout_signals|chandelier_exit_signals|efficiency_ratio_volume_signals|hma_baseline,0.5,NZDJPY,2019-07-02,2019-07-16,-0.999999999999996,False,-0.999999999999996,2019-07-16
A-chop|chop|donchian_breakout_signals|chandelier_exit_signals|efficiency_ratio_volume_signals|hma_baseline,0.5,NZDUSD,2017-05-31,2017-06-06,-1.0,False,-1.0,2017-06-06
A-chop|chop|donchian_breakout_signals|chandelier_exit_signals|efficiency_ratio_volume_signals|hma_baseline,0.5,NZDUSD,2017-06-12,2017-06-14,-0.9999999999999915,False,-0.9999999999999915,2017-06-14
A-chop|chop|donchian_breakout_signals|chandelier_exit_signals|efficiency_ratio_volume_signals|hma_baseline,0.5,NZDUSD,2018-01-03,2018-01-05,-0.9999999999999978,False,-0.9999999999999978,2018-01-05
A-chop|chop|donchian_breakout_signals|chandelier_exit_signals|efficiency_ratio_volume_signals|hma_baseline,0.5,NZDUSD,2018-01-09,2018-01-10,-1.0000000000000029,False,-1.0000000000000029,2018-01-10
A-chop|chop|donchian_breakout_signals|chandelier_exit_signals|efficiency_ratio_volume_signals|hma_baseline,0.5,NZDUSD,2018-04-30,2018-05-15,2.1691176470588305,False,2.1691176470588305,2018-05-15
A-chop|chop|donchian_breakout_signals|chandelier_exit_signals|efficiency_ratio_volume_signals|hma_baseline,0.5,NZDUSD,2018-06-26,2018-07-02,2.1691176470588274,False,2.1691176470588274,2018-07-02
A-chop|chop|donchian_breakout_signals|chandelier_exit_signals|efficiency_ratio_volume_signals|hma_baseline,0.5,NZDUSD,2019-05-15,2019-06-04,-0.9999999999999986,False,-0.9999999999999986,2019-06-04
A-chop|chop|donchian_breakout_signals|chandelier_exit_signals|efficiency_ratio_volume_signals|hma_baseline,0.5,NZDUSD,2019-07-01,2019-07-17,-0.9999999999999928,False,-0.9999999999999928,2019-07-17
A-chop|chop|donchian_breakout_signals|chandelier_exit_signals|efficiency_ratio_volume_signals|hma_baseline,0.5,NZDUSD,2019-07-22,2019-07-26,2.1691176470588287,False,2.1691176470588287,2019-07-26
A-chop|chop|donchian_breakout_signals|chandelier_exit_signals|efficiency_ratio_volume_signals|hma_baseline,0.5,NZDUSD,2020-11-16,2020-12-03,2.1691176470588234,False,2.1691176470588234,2020-12-03
A-chop|chop|donchian_breakout_signals|chandelier_exit_signals|efficiency_ratio_volume_signals|hma_baseline,0.5,USDCAD,2017-01-13,2017-01-31,-1.0000000000000042,False,-1.0000000000000042,2017-01-31
A-chop|chop|donchian_breakout_signals|chandelier_exit_signals|efficiency_ratio_volume_signals|hma_baseline,0.5,USDCAD,2019-06-27,2019-07-26,-1.0000000000000042,False,-1.0000000000000042,2019-07-26
A-chop|chop|donchian_breakout_signals|chandelier_exit_signals|efficiency_ratio_volume_signals|hma_baseline,0.5,USDCAD,2019-07-30,2019-08-01,-1.000000000000015,False,-1.000000000000015,2019-08-01
A-chop|chop|donchian_breakout_signals|chandelier_exit_signals|efficiency_ratio_volume_signals|hma_baseline,0.5,USDCAD,2019-08-02,2019-08-07,-1.0000000000000062,False,-1.0000000000000062,2019-08-07
A-chop|chop|donchian_breakout_signals|chandelier_exit_signals|efficiency_ratio_volume_signals|hma_baseline,0.5,USDCAD,2019-11-07,2019-11-12,-0.9999999999999871,False,-0.9999999999999871,2019-11-12
A-chop|chop|donchian_breakout_signals|chandelier_exit_signals|efficiency_ratio_volume_signals|hma_baseline,0.5,USDCAD,2019-11-14,2019-11-20,-0.999999999999997,False,-0.999999999999997,2019-11-20
A-chop|chop|donchian_breakout_signals|chandelier_exit_signals|efficiency_ratio_volume_signals|hma_baseline,0.5,USDCAD,2020-02-05,2020-02-26,-0.7860342960411097,False,-0.7860342960411097,2020-02-26
A-chop|chop|donchian_breakout_signals|chandelier_exit_signals|efficiency_ratio_volume_signals|hma_baseline,0.5,USDCHF,2016-11-15,2016-12-15,2.1691176470588176,False,2.1691176470588176,2016-12-15
A-chop|chop|donchian_breakout_signals|chandelier_exit_signals|efficiency_ratio_volume_signals|hma_baseline,0.5,USDCHF,2018-10-31,2018-11-01,-0.9999999999999984,False,-0.9999999999999984,2018-11-01
A-chop|chop|donchian_breakout_signals|chandelier_exit_signals|efficiency_ratio_volume_signals|hma_baseline,0.5,USDCHF,2019-04-10,2019-04-18,2.1691176470588456,False,2.1691176470588456,2019-04-18
A-chop|chop|donchian_breakout_signals|chandelier_exit_signals|efficiency_ratio_volume_signals|hma_baseline,0.5,USDJPY,2018-12-31,2019-01-03,2.16911764705882,False,2.16911764705882,2019-01-03
A-chop|chop|donchian_breakout_signals|chandelier_exit_signals|efficiency_ratio_volume_signals|hma_baseline,0.5,USDJPY,2019-04-08,2019-04-12,-1.0000000000000069,False,-1.0000000000000069,2019-04-12
A-chop|chop|donchian_breakout_signals|chandelier_exit_signals|efficiency_ratio_volume_signals|hma_baseline,0.5,USDJPY,2019-05-31,2019-08-01,-1.0000000000000042,False,-1.0000000000000042,2019-08-01
A-chop|chop|donchian_breakout_signals|chandelier_exit_signals|efficiency_ratio_volume_signals|hma_baseline,0.5,USDJPY,2020-03-03,2020-03-09,2.1691176470588216,False,2.1691176470588216,2020-03-09
A-chop|chop|donchian_breakout_signals|chandelier_exit_signals|efficiency_ratio_volume_signals|hma_baseline,0.5,USDJPY,2020-11-05,2020-11-09,-0.9999999999999963,False,-0.9999999999999963,2020-11-09
B|chop|dpo_signals|waddah_attar_explosion_signals|choppiness_index_volume_signals|sma_baseline,0.5,AUDCAD,2017-04-20,2017-05-01,2.1499999999999897,False,2.1499999999999897,2017-05-01
B|chop|dpo_signals|waddah_attar_explosion_signals|choppiness_index_volume_signals|sma_baseline,0.5,AUDCAD,2017-05-09,2017-05-12,-0.9999999999999905,False,-0.9999999999999905,2017-05-12
B|chop|dpo_signals|waddah_attar_explosion_signals|choppiness_index_volume_signals|sma_baseline,0.5,AUDCAD,2017-11-03,2017-11-17,2.1500000000000004,False,2.1500000000000004,2017-11-17
B|chop|dpo_signals|waddah_attar_explosion_signals|choppiness_index_volume_signals|sma_baseline,0.5,AUDCAD,2019-04-25,2019-05-15,2.1500000000000044,False,2.1500000000000044,2019-05-15
B|chop|dpo_signals|waddah_attar_explosion_signals|choppiness_index_volume_signals|sma_baseline,0.5,AUDCAD,2019-12-18,2019-12-19,-0.9334344411426849,False,-0.9334344411426849,2019-12-19
B|chop|dpo_signals|waddah_attar_explosion_signals|choppiness_index_volume_signals|sma_baseline,0.5,AUDCHF,2016-02-22,2016-02-24,-1.0000000000000027,False,-1.0000000000000027,2016-02-24
B|chop|dpo_signals|waddah_attar_explosion_signals|choppiness_index_volume_signals|sma_baseline,0.5,AUDCHF,2017-01-11,2017-01-30,-0.4000291033369306,False,-0.4000291033369306,2017-01-30
B|chop|dpo_signals|waddah_attar_explosion_signals|choppiness_index_volume_signals|sma_baseline,0.5,AUDCHF,2019-05-06,2019-05-07,-1.0000000000000102,False,-1.0000000000000102,2019-05-07
B|chop|dpo_signals|waddah_attar_explosion_signals|choppiness_index_volume_signals|sma_baseline,0.5,AUDJPY,2016-04-18,2016-04-28,-1.0000000000000013,False,-1.0000000000000013,2016-04-28
B|chop|dpo_signals|waddah_attar_explosion_signals|choppiness_index_volume_signals|sma_baseline,0.5,AUDJPY,2016-04-28,2016-05-06,2.149999999999995,False,2.149999999999995,2016-05-06
B|chop|dpo_signals|waddah_attar_explosion_signals|choppiness_index_volume_signals|sma_baseline,0.5,AUDJPY,2016-07-29,2016-08-11,-0.649473577464423,False,-0.649473577464423,2016-08-11
B|chop|dpo_signals|waddah_attar_explosion_signals|choppiness_index_volume_signals|sma_baseline,0.5,AUDJPY,2018-10-04,2018-10-23,2.149999999999997,False,2.149999999999997,2018-10-23
B|chop|dpo_signals|waddah_attar_explosion_signals|choppiness_index_volume_signals|sma_baseline,0.5,AUDNZD,2016-02-03,2016-02-16,-0.9999999999999892,False,-0.9999999999999892,2016-02-16
B|chop|dpo_signals|waddah_attar_explosion_signals|choppiness_index_volume_signals|sma_baseline,0.5,AUDNZD,2016-02-16,2016-02-26,-1.0000000000000038,False,-1.0000000000000038,2016-02-26
B|chop|dpo_signals|waddah_attar_explosion_signals|choppiness_index_volume_signals|sma_baseline,0.5,AUDNZD,2016-08-16,2016-08-31,2.1500000000000123,False,2.1500000000000123,2016-08-31
B|chop|dpo_signals|waddah_attar_explosion_signals|choppiness_index_volume_signals|sma_baseline,0.5,AUDNZD,2017-02-08,2017-02-10,2.1500000000000035,False,2.1500000000000035,2017-02-10
B|chop|dpo_signals|waddah_attar_explosion_signals|choppiness_index_volume_signals|sma_baseline,0.5,AUDNZD,2017-04-25,2017-05-03,-0.9999999999999953,False,-0.9999999999999953,2017-05-03
B|chop|dpo_signals|waddah_attar_explosion_signals|choppiness_index_volume_signals|sma_baseline,0.5,AUDUSD,2019-04-23,2019-04-25,2.1499999999999986,False,2.1499999999999986,2019-04-25
B|chop|dpo_signals|waddah_attar_explosion_signals|choppiness_index_volume_signals|sma_baseline,0.5,AUDUSD,2019-07-24,2019-07-30,2.150000000000001,False,2.150000000000001,2019-07-30
B|chop|dpo_signals|waddah_attar_explosion_signals|choppiness_index_volume_signals|sma_baseline,0.5,CADCHF,2016-10-25,2016-11-01,2.150000000000005,False,2.150000000000005,2016-11-01
B|chop|dpo_signals|waddah_attar_explosion_signals|choppiness_index_volume_signals|sma_baseline,0.5,CADCHF,2017-02-28,2017-03-21,2.1500000000000026,False,2.1500000000000026,2017-03-21
B|chop|dpo_signals|waddah_attar_explosion_signals|choppiness_index_volume_signals|sma_baseline,0.5,CADCHF,2019-12-05,2019-12-06,-0.4849587976954846,False,-0.4849587976954846,2019-12-06
B|chop|dpo_signals|waddah_attar_explosion_signals|choppiness_index_volume_signals|sma_baseline,0.5,CADJPY,2018-05-08,2018-05-09,-1.000000000000002,False,-1.000000000000002,2018-05-09
B|chop|dpo_signals|waddah_attar_explosion_signals|choppiness_index_volume_signals|sma_baseline,0.5,CADJPY,2018-08-10,2018-08-14,-0.9999999999999981,False,-0.9999999999999981,2018-08-14
B|chop|dpo_signals|waddah_attar_explosion_signals|choppiness_index_volume_signals|sma_baseline,0.5,CADJPY,2019-11-27,2019-12-02,-0.9999999999999974,False,-0.9999999999999974,2019-12-02
B|chop|dpo_signals|waddah_attar_explosion_signals|choppiness_index_volume_signals|sma_baseline,0.5,CADJPY,2020-11-17,2020-11-23,-0.5764032743941363,False,-0.5764032743941363,2020-11-23
B|chop|dpo_signals|waddah_attar_explosion_signals|choppiness_index_volume_signals|sma_baseline,0.5,CHFJPY,2018-12-14,2018-12-21,2.15000000000001,False,2.15000000000001,2018-12-21
B|chop|dpo_signals|waddah_attar_explosion_signals|choppiness_index_volume_signals|sma_baseline,0.5,CHFJPY,2019-10-15,2019-10-21,2.149999999999991,False,2.149999999999991,2019-10-21
B|chop|dpo_signals|waddah_attar_explosion_signals|choppiness_index_volume_signals|sma_baseline,0.5,EURAUD,2017-01-09,2017-01-19,2.1500000000000004,False,2.1500000000000004,2017-01-19
B|chop|dpo_signals|waddah_attar_explosion_signals|choppiness_index_volume_signals|sma_baseline,0.5,EURAUD,2020-01-07,2020-01-10,-1.000000000000005,False,-1.000000000000005,2020-01-10
B|chop|dpo_signals|waddah_attar_explosion_signals|choppiness_index_volume_signals|sma_baseline,0.5,EURAUD,2020-02-12,2020-02-20,-0.9999999999999925,False,-0.9999999999999925,2020-02-20
B|chop|dpo_signals|waddah_attar_explosion_signals|choppiness_index_volume_signals|sma_baseline,0.5,EURCAD,2016-08-11,2016-08-19,-0.9999999999999929,False,-0.9999999999999929,2016-08-19
B|chop|dpo_signals|waddah_attar_explosion_signals|choppiness_index_volume_signals|sma_baseline,0.5,EURCAD,2016-09-08,2016-09-13,2.149999999999993,False,2.149999999999993,2016-09-13
B|chop|dpo_signals|waddah_attar_explosion_signals|choppiness_index_volume_signals|sma_baseline,0.5,EURCAD,2016-10-28,2016-11-09,-0.9999999999999953,False,-0.9999999999999953,2016-11-09
B|chop|dpo_signals|waddah_attar_explosion_signals|choppiness_index_volume_signals|sma_baseline,0.5,EURCAD,2016-11-14,2016-11-21,2.1500000000000012,False,2.1500000000000012,2016-11-21
B|chop|dpo_signals|waddah_attar_explosion_signals|choppiness_index_volume_signals|sma_baseline,0.5,EURCAD,2017-11-06,2017-11-14,-1.0000000000000038,False,-1.0000000000000038,2017-11-14
B|chop|dpo_signals|waddah_attar_explosion_signals|choppiness_index_volume_signals|sma_baseline,0.5,EURCAD,2018-01-12,2018-02-02,2.1500000000000044,False,2.1500000000000044,2018-02-02
B|chop|dpo_signals|waddah_attar_explosion_signals|choppiness_index_volume_signals|sma_baseline,0.5,EURCAD,2019-05-28,2019-05-29,-0.1770222516295764,False,-0.1770222516295764,2019-05-29
B|chop|dpo_signals|waddah_attar_explosion_signals|choppiness_index_volume_signals|sma_baseline,0.5,EURCAD,2019-11-05,2019-11-11,-0.3864901810389423,False,-0.3864901810389423,2019-11-11
B|chop|dpo_signals|waddah_attar_explosion_signals|choppiness_index_volume_signals|sma_baseline,0.5,EURCAD,2020-05-12,2020-05-14,-0.5687488993503433,False,-0.5687488993503433,2020-05-14
B|chop|dpo_signals|waddah_attar_explosion_signals|choppiness_index_volume_signals|sma_baseline,0.5,EURCHF,2019-02-08,2019-02-11,-0.99999999999999,False,-0.99999999999999,2019-02-11
B|chop|dpo_signals|waddah_attar_explosion_signals|choppiness_index_volume_signals|sma_baseline,0.5,EURGBP,2018-02-06,2018-02-08,-0.9999999999999973,False,-0.9999999999999973,2018-02-08
B|chop|dpo_signals|waddah_attar_explosion_signals|choppiness_index_volume_signals|sma_baseline,0.5,EURGBP,2018-02-09,2018-02-20,-0.6976733861643796,False,-0.6976733861643796,2018-02-20
B|chop|dpo_signals|waddah_attar_explosion_signals|choppiness_index_volume_signals|sma_baseline,0.5,EURGBP,2018-03-16,2018-03-22,2.1500000000000012,False,2.1500000000000012,2018-03-22
B|chop|dpo_signals|waddah_attar_explosion_signals|choppiness_index_volume_signals|sma_baseline,0.5,EURGBP,2020-09-08,2020-09-10,2.1499999999999964,False,2.1499999999999964,2020-09-10
B|chop|dpo_signals|waddah_attar_explosion_signals|choppiness_index_volume_signals|sma_baseline,0.5,EURGBP,2020-12-30,2021-01-06,-0.37374783360383307,True,1.1160883582790273,2020-12-31
B|chop|dpo_signals|waddah_attar_explosion_signals|choppiness_index_volume_signals|sma_baseline,0.5,EURJPY,2018-11-06,2018-11-12,-1.0000000000000033,False,-1.0000000000000033,2018-11-12
B|chop|dpo_signals|waddah_attar_explosion_signals|choppiness_index_volume_signals|sma_baseline,0.5,EURNZD,2018-03-14,2018-03-15,-0.2976402394286606,False,-0.2976402394286606,2018-03-15
B|chop|dpo_signals|waddah_attar_explosion_signals|choppiness_index_volume_signals|sma_baseline,0.5,EURNZD,2018-04-04,2018-04-19,-1.0000000000000027,False,-1.0000000000000027,2018-04-19
B|chop|dpo_signals|waddah_attar_explosion_signals|choppiness_index_volume_signals|sma_baseline,0.5,EURNZD,2018-04-19,2018-04-25,2.149999999999994,False,2.149999999999994,2018-04-25
B|chop|dpo_signals|waddah_attar_explosion_signals|choppiness_index_volume_signals|sma_baseline,0.5,EURNZD,2018-05-23,2018-05-29,2.1500000000000083,False,2.1500000000000083,2018-05-29
B|chop|dpo_signals|waddah_attar_explosion_signals|choppiness_index_volume_signals|sma_baseline,0.5,EURNZD,2020-09-23,2020-10-01,-0.9999999999999932,False,-0.9999999999999932,2020-10-01
B|chop|dpo_signals|waddah_attar_explosion_signals|choppiness_index_volume_signals|sma_baseline,0.5,EURNZD,2020-10-26,2020-11-09,2.1500000000000035,False,2.1500000000000035,2020-11-09
B|chop|dpo_signals|waddah_attar_explosion_signals|choppiness_index_volume_signals|sma_baseline,0.5,EURUSD,2016-06-03,2016-06-10,-1.0000000000000082,False,-1.0000000000000082,2016-06-10
B|chop|dpo_signals|waddah_attar_explosion_signals|choppiness_index_volume_signals|sma_baseline,0.5,EURUSD,2016-06-14,2016-06-15,-0.9999999999999922,False,-0.9999999999999922,2016-06-15
B|chop|dpo_signals|waddah_attar_explosion_signals|choppiness_index_volume_signals|sma_baseline,0.5,EURUSD,2016-06-24,2016-07-28,0.303353926248135,False,0.303353926248135,2016-07-28
B|chop|dpo_signals|waddah_attar_explosion_signals|choppiness_index_volume_signals|sma_baseline,0.5,EURUSD,2016-08-30,2016-09-02,-0.9999999999999892,False,-0.9999999999999892,2016-09-02
B|chop|dpo_signals|waddah_attar_explosion_signals|choppiness_index_volume_signals|sma_baseline,0.5,EURUSD,2016-09-02,2016-09-06,-1.0000000000000107,False,-1.0000000000000107,2016-09-06
B|chop|dpo_signals|waddah_attar_explosion_signals|choppiness_index_volume_signals|sma_baseline,0.5,EURUSD,2017-04-18,2017-04-24,2.1500000000000035,False,2.1500000000000035,2017-04-24
B|chop|dpo_signals|waddah_attar_explosion_signals|choppiness_index_volume_signals|sma_baseline,0.5,EURUSD,2019-02-06,2019-02-26,-0.38191743431929387,False,-0.38191743431929387,2019-02-26
B|chop|dpo_signals|waddah_attar_explosion_signals|choppiness_index_volume_signals|sma_baseline,0.5,EURUSD,2019-03-20,2019-03-21,-0.9999999999999959,False,-0.9999999999999959,2019-03-21
B|chop|dpo_signals|waddah_attar_explosion_signals|choppiness_index_volume_signals|sma_baseline,0.5,EURUSD,2020-05-20,2020-05-22,-0.9999999999999944,False,-0.9999999999999944,2020-05-22
B|chop|dpo_signals|waddah_attar_explosion_signals|choppiness_index_volume_signals|sma_baseline,0.5,GBPAUD,2018-01-12,2018-01-15,-0.1877724731151086,False,-0.1877724731151086,2018-01-15
B|chop|dpo_signals|waddah_attar_explosion_signals|choppiness_index_volume_signals|sma_baseline,0.5,GBPAUD,2018-01-16,2018-01-24,2.150000000000002,False,2.150000000000002,2018-01-24
B|chop|dpo_signals|waddah_attar_explosion_signals|choppiness_index_volume_signals|sma_baseline,0.5,GBPAUD,2019-01-10,2019-01-14,-0.5865260589286148,False,-0.5865260589286148,2019-01-14
B|chop|dpo_signals|waddah_attar_explosion_signals|choppiness_index_volume_signals|sma_baseline,0.5,GBPAUD,2019-04-24,2019-05-03,2.1499999999999977,False,2.1499999999999977,2019-05-03
B|chop|dpo_signals|waddah_attar_explosion_signals|choppiness_index_volume_signals|sma_baseline,0.5,GBPCAD,2018-01-12,2018-01-22,2.1500000000000052,False,2.1500000000000052,2018-01-22
B|chop|dpo_signals|waddah_attar_explosion_signals|choppiness_index_volume_signals|sma_baseline,0.5,GBPCAD,2019-01-08,2019-01-11,-0.9999999999999984,False,-0.9999999999999984,2019-01-11
B|chop|dpo_signals|waddah_attar_explosion_signals|choppiness_index_volume_signals|sma_baseline,0.5,GBPCAD,2019-02-19,2019-02-22,-0.7363019220042255,False,-0.7363019220042255,2019-02-22
B|chop|dpo_signals|waddah_attar_explosion_signals|choppiness_index_volume_signals|sma_baseline,0.5,GBPCAD,2019-05-14,2019-05-20,2.149999999999999,False,2.149999999999999,2019-05-20
B|chop|dpo_signals|waddah_attar_explosion_signals|choppiness_index_volume_signals|sma_baseline,0.5,GBPCAD,2020-09-28,2020-10-08,-0.6111457475350163,False,-0.6111457475350163,2020-10-08
B|chop|dpo_signals|waddah_attar_explosion_signals|choppiness_index_volume_signals|sma_baseline,0.5,GBPCAD,2020-12-07,2020-12-11,2.149999999999996,False,2.149999999999996,2020-12-11
B|chop|dpo_signals|waddah_attar_explosion_signals|choppiness_index_volume_signals|sma_baseline,0.5,GBPCAD,2020-12-17,2020-12-21,-1.0000000000000053,False,-1.0000000000000053,2020-12-21
B|chop|dpo_signals|waddah_attar_explosion_signals|choppiness_index_volume_signals|sma_baseline,0.5,GBPCHF,2020-09-09,2020-09-10,2.1499999999999893,False,2.1499999999999893,2020-09-10
B|chop|dpo_signals|waddah_attar_explosion_signals|choppiness_index_volume_signals|sma_baseline,0.5,GBPCHF,2020-09-30,2020-10-01,-0.9999999999999971,False,-0.9999999999999971,2020-10-01
B|chop|dpo_signals|waddah_attar_explosion_signals|choppiness_index_volume_signals|sma_baseline,0.5,GBPCHF,2020-12-17,2020-12-18,-0.6860019300261843,False,-0.6860019300261843,2020-12-18
B|chop|dpo_signals|waddah_attar_explosion_signals|choppiness_index_volume_signals|sma_baseline,0.5,GBPJPY,2017-11-29,2017-12-04,2.1499999999999964,False,2.1499999999999964,2017-12-04
B|chop|dpo_signals|waddah_attar_explosion_signals|choppiness_index_volume_signals|sma_baseline,0.5,GBPJPY,2018-11-16,2018-12-10,2.150000000000004,False,2.150000000000004,2018-12-10
B|chop|dpo_signals|waddah_attar_explosion_signals|choppiness_index_volume_signals|sma_baseline,0.5,GBPUSD,2017-06-27,2017-06-30,2.1499999999999906,False,2.1499999999999906,2017-06-30
B|chop|dpo_signals|waddah_attar_explosion_signals|choppiness_index_volume_signals|sma_baseline,0.5,NZDCAD,2017-04-19,2017-04-26,-0.9999999999999923,False,-0.9999999999999923,2017-04-26
B|chop|dpo_signals|waddah_attar_explosion_signals|choppiness_index_volume_signals|sma_baseline,0.5,NZDCAD,2018-06-27,2018-06-29,2.149999999999993,False,2.149999999999993,2018-06-29
B|chop|dpo_signals|waddah_attar_explosion_signals|choppiness_index_volume_signals|sma_baseline,0.5,NZDCAD,2020-08-28,2020-09-04,-1.0000000000000038,False,-1.0000000000000038,2020-09-04
B|chop|dpo_signals|waddah_attar_explosion_signals|choppiness_index_volume_signals|sma_baseline,0.5,NZDCHF,2017-03-02,2017-03-08,2.1500000000000026,False,2.1500000000000026,2017-03-08
B|chop|dpo_signals|waddah_attar_explosion_signals|choppiness_index_volume_signals|sma_baseline,0.5,NZDCHF,2020-10-27,2020-10-28,-1.0000000000000102,False,-1.0000000000000102,2020-10-28
B|chop|dpo_signals|waddah_attar_explosion_signals|choppiness_index_volume_signals|sma_baseline,0.5,NZDJPY,2016-04-19,2016-04-21,-1.0000000000000042,False,-1.0000000000000042,2016-04-21
B|chop|dpo_signals|waddah_attar_explosion_signals|choppiness_index_volume_signals|sma_baseline,0.5,NZDJPY,2016-06-24,2016-07-04,-0.9999999999999996,False,-0.9999999999999996,2016-07-04
B|chop|dpo_signals|waddah_attar_explosion_signals|choppiness_index_volume_signals|sma_baseline,0.5,NZDJPY,2018-04-20,2018-05-08,2.1500000000000012,False,2.1500000000000012,2018-05-08
B|chop|dpo_signals|waddah_attar_explosion_signals|choppiness_index_volume_signals|sma_baseline,0.5,NZDJPY,2018-10-04,2018-10-10,2.149999999999998,False,2.149999999999998,2018-10-10
B|chop|dpo_signals|waddah_attar_explosion_signals|choppiness_index_volume_signals|sma_baseline,0.5,NZDUSD,2016-10-19,2016-10-21,-0.999999999999994,False,-0.999999999999994,2016-10-21
B|chop|dpo_signals|waddah_attar_explosion_signals|choppiness_index_volume_signals|sma_baseline,0.5,NZDUSD,2019-02-07,2019-02-13,-1.0000000000000058,False,-1.0000000000000058,2019-02-13
B|chop|dpo_signals|waddah_attar_explosion_signals|choppiness_index_volume_signals|sma_baseline,0.5,NZDUSD,2019-02-14,2019-02-21,-0.599981425956094,False,-0.599981425956094,2019-02-21
B|chop|dpo_signals|waddah_attar_explosion_signals|choppiness_index_volume_signals|sma_baseline,0.5,NZDUSD,2019-03-05,2019-03-11,-0.571860726872707,False,-0.571860726872707,2019-03-11
B|chop|dpo_signals|waddah_attar_explosion_signals|choppiness_index_volume_signals|sma_baseline,0.5,USDCAD,2016-09-09,2016-09-22,-0.07045242315558779,False,-0.07045242315558779,2016-09-22
B|chop|dpo_signals|waddah_attar_explosion_signals|choppiness_index_volume_signals|sma_baseline,0.5,USDCAD,2017-01-04,2017-01-12,2.1500000000000026,False,2.1500000000000026,2017-01-12
B|chop|dpo_signals|waddah_attar_explosion_signals|choppiness_index_volume_signals|sma_baseline,0.5,USDCAD,2018-04-20,2018-05-08,2.1499999999999937,False,2.1499999999999937,2018-05-08
B|chop|dpo_signals|waddah_attar_explosion_signals|choppiness_index_volume_signals|sma_baseline,0.5,USDCAD,2019-02-07,2019-02-12,-0.8900522594963831,False,-0.8900522594963831,2019-02-12
B|chop|dpo_signals|waddah_attar_explosion_signals|choppiness_index_volume_signals|sma_baseline,0.5,USDCAD,2019-06-14,2019-06-18,-0.5407307583318031,False,-0.5407307583318031,2019-06-18
B|chop|dpo_signals|waddah_attar_explosion_signals|choppiness_index_volume_signals|sma_baseline,0.5,USDCAD,2019-12-04,2019-12-06,-1.000000000000017,False,-1.000000000000017,2019-12-06
B|chop|dpo_signals|waddah_attar_explosion_signals|choppiness_index_volume_signals|sma_baseline,0.5,USDCHF,2016-06-03,2016-06-08,2.149999999999996,False,2.149999999999996,2016-06-08
B|chop|dpo_signals|waddah_attar_explosion_signals|choppiness_index_volume_signals|sma_baseline,0.5,USDCHF,2016-06-24,2016-07-12,2.149999999999996,False,2.149999999999996,2016-07-12
B|chop|dpo_signals|waddah_attar_explosion_signals|choppiness_index_volume_signals|sma_baseline,0.5,USDCHF,2016-08-26,2016-09-06,-1.0000000000000047,False,-1.0000000000000047,2016-09-06
B|chop|dpo_signals|waddah_attar_explosion_signals|choppiness_index_volume_signals|sma_baseline,0.5,USDCHF,2016-09-06,2016-09-08,-0.4045355439574527,False,-0.4045355439574527,2016-09-08
B|chop|dpo_signals|waddah_attar_explosion_signals|choppiness_index_volume_signals|sma_baseline,0.5,USDCHF,2016-10-04,2016-10-21,2.150000000000004,False,2.150000000000004,2016-10-21
B|chop|dpo_signals|waddah_attar_explosion_signals|choppiness_index_volume_signals|sma_baseline,0.5,USDCHF,2016-11-10,2016-11-16,2.149999999999989,False,2.149999999999989,2016-11-16
B|chop|dpo_signals|waddah_attar_explosion_signals|choppiness_index_volume_signals|sma_baseline,0.5,USDCHF,2017-03-15,2017-03-27,2.150000000000004,False,2.150000000000004,2017-03-27
B|chop|dpo_signals|waddah_attar_explosion_signals|choppiness_index_volume_signals|sma_baseline,0.5,USDCHF,2017-04-18,2017-05-08,-0.421765832342401,False,-0.421765832342401,2017-05-08
B|chop|dpo_signals|waddah_attar_explosion_signals|choppiness_index_volume_signals|sma_baseline,0.5,USDCHF,2017-05-15,2017-05-17,2.149999999999994,False,2.149999999999994,2017-05-17
B|chop|dpo_signals|waddah_attar_explosion_signals|choppiness_index_volume_signals|sma_baseline,0.5,USDCHF,2019-11-05,2019-11-13,-0.5183073343182515,False,-0.5183073343182515,2019-11-13
B|chop|dpo_signals|waddah_attar_explosion_signals|choppiness_index_volume_signals|sma_baseline,0.5,USDCHF,2019-12-03,2019-12-27,2.1499999999999972,False,2.1499999999999972,2019-12-27
B|chop|dpo_signals|waddah_attar_explosion_signals|choppiness_index_volume_signals|sma_baseline,0.5,USDJPY,2017-12-29,2018-01-05,-0.5331605264676528,False,-0.5331605264676528,2018-01-05
B|chop|dpo_signals|waddah_attar_explosion_signals|choppiness_index_volume_signals|sma_baseline,0.5,USDJPY,2020-03-31,2020-04-02,-0.22955034813225825,False,-0.22955034813225825,2020-04-02
B|chop|dpo_signals|waddah_attar_explosion_signals|choppiness_index_volume_signals|sma_baseline,0.5,USDJPY,2020-06-30,2020-07-01,-0.6494898415508547,False,-0.6494898415508547,2020-07-01
B|chop|polychromatic_momentum_signals|parabolic_sar_signals|choppiness_index_volume_signals|tma_baseline,0.5,AUDCAD,2017-08-25,2017-08-28,-1.0000000000000022,False,-1.0000000000000022,2017-08-28
B|chop|polychromatic_momentum_signals|parabolic_sar_signals|choppiness_index_volume_signals|tma_baseline,0.5,AUDCAD,2020-01-14,2020-01-22,1.5999999999999932,False,1.5999999999999932,2020-01-22
B|chop|polychromatic_momentum_signals|parabolic_sar_signals|choppiness_index_volume_signals|tma_baseline,0.5,AUDCHF,2016-02-17,2016-03-04,1.6000000000000005,False,1.6000000000000005,2016-03-04
B|chop|polychromatic_momentum_signals|parabolic_sar_signals|choppiness_index_volume_signals|tma_baseline,0.5,AUDCHF,2016-04-06,2016-04-13,-1.0000000000000053,False,-1.0000000000000053,2016-04-13
B|chop|polychromatic_momentum_signals|parabolic_sar_signals|choppiness_index_volume_signals|tma_baseline,0.5,AUDCHF,2016-06-24,2016-06-27,-0.999999999999998,False,-0.999999999999998,2016-06-27
B|chop|polychromatic_momentum_signals|parabolic_sar_signals|choppiness_index_volume_signals|tma_baseline,0.5,AUDCHF,2016-10-04,2016-10-18,1.6000000000000076,False,1.6000000000000076,2016-10-18
B|chop|polychromatic_momentum_signals|parabolic_sar_signals|choppiness_index_volume_signals|tma_baseline,0.5,AUDCHF,2017-03-14,2017-03-15,-1.0000000000000098,False,-1.0000000000000098,2017-03-15
B|chop|polychromatic_momentum_signals|parabolic_sar_signals|choppiness_index_volume_signals|tma_baseline,0.5,AUDCHF,2019-04-11,2019-04-16,1.5999999999999976,False,1.5999999999999976,2019-04-16
B|chop|polychromatic_momentum_signals|parabolic_sar_signals|choppiness_index_volume_signals|tma_baseline,0.5,AUDJPY,2016-04-28,2016-05-03,1.5999999999999994,False,1.5999999999999994,2016-05-03
B|chop|polychromatic_momentum_signals|parabolic_sar_signals|choppiness_index_volume_signals|tma_baseline,0.5,AUDJPY,2016-06-24,2016-07-12,-0.9999999999999994,False,-0.9999999999999994,2016-07-12
B|chop|polychromatic_momentum_signals|parabolic_sar_signals|choppiness_index_volume_signals|tma_baseline,0.5,AUDJPY,2016-08-09,2016-08-11,-0.34698211401799745,False,-0.34698211401799745,2016-08-11
B|chop|polychromatic_momentum_signals|parabolic_sar_signals|choppiness_index_volume_signals|tma_baseline,0.5,AUDJPY,2017-05-30,2017-06-14,-0.9999999999999923,False,-0.9999999999999923,2017-06-14
B|chop|polychromatic_momentum_signals|parabolic_sar_signals|choppiness_index_volume_signals|tma_baseline,0.5,AUDJPY,2019-12-13,2019-12-27,1.5999999999999992,False,1.5999999999999992,2019-12-27
B|chop|polychromatic_momentum_signals|parabolic_sar_signals|choppiness_index_volume_signals|tma_baseline,0.5,AUDNZD,2016-04-27,2016-04-28,1.6000000000000025,False,1.6000000000000025,2016-04-28
B|chop|polychromatic_momentum_signals|parabolic_sar_signals|choppiness_index_volume_signals|tma_baseline,0.5,AUDNZD,2017-04-07,2017-04-19,1.599999999999988,False,1.599999999999988,2017-04-19
B|chop|polychromatic_momentum_signals|parabolic_sar_signals|choppiness_index_volume_signals|tma_baseline,0.5,AUDNZD,2018-10-16,2018-10-18,-0.9999999999999918,False,-0.9999999999999918,2018-10-18
B|chop|polychromatic_momentum_signals|parabolic_sar_signals|choppiness_index_volume_signals|tma_baseline,0.5,AUDNZD,2019-10-30,2019-10-31,-0.9999999999999951,False,-0.9999999999999951,2019-10-31
B|chop|polychromatic_momentum_signals|parabolic_sar_signals|choppiness_index_volume_signals|tma_baseline,0.5,AUDNZD,2020-03-11,2020-03-12,1.6000000000000005,False,1.6000000000000005,2020-03-12
B|chop|polychromatic_momentum_signals|parabolic_sar_signals|choppiness_index_volume_signals|tma_baseline,0.5,AUDUSD,2019-06-24,2019-07-01,1.6000000000000063,False,1.6000000000000063,2019-07-01
B|chop|polychromatic_momentum_signals|parabolic_sar_signals|choppiness_index_volume_signals|tma_baseline,0.5,AUDUSD,2019-12-13,2019-12-26,1.5999999999999983,False,1.5999999999999983,2019-12-26
B|chop|polychromatic_momentum_signals|parabolic_sar_signals|choppiness_index_volume_signals|tma_baseline,0.5,CADCHF,2017-01-03,2017-01-18,-0.9999999999999922,False,-0.9999999999999922,2017-01-18
B|chop|polychromatic_momentum_signals|parabolic_sar_signals|choppiness_index_volume_signals|tma_baseline,0.5,CADCHF,2017-01-24,2017-01-25,-0.6085545733775374,False,-0.6085545733775374,2017-01-25
B|chop|polychromatic_momentum_signals|parabolic_sar_signals|choppiness_index_volume_signals|tma_baseline,0.5,CADCHF,2017-01-27,2017-02-10,-0.9999999999999922,False,-0.9999999999999922,2017-02-10
B|chop|polychromatic_momentum_signals|parabolic_sar_signals|choppiness_index_volume_signals|tma_baseline,0.5,CADCHF,2018-08-24,2018-08-30,1.600000000000002,False,1.600000000000002,2018-08-30
B|chop|polychromatic_momentum_signals|parabolic_sar_signals|choppiness_index_volume_signals|tma_baseline,0.5,CADCHF,2019-03-07,2019-03-21,1.599999999999992,False,1.599999999999992,2019-03-21
B|chop|polychromatic_momentum_signals|parabolic_sar_signals|choppiness_index_volume_signals|tma_baseline,0.5,CADCHF,2020-06-25,2020-07-24,1.6000000000000016,False,1.6000000000000016,2020-07-24
B|chop|polychromatic_momentum_signals|parabolic_sar_signals|choppiness_index_volume_signals|tma_baseline,0.5,CADCHF,2020-10-13,2020-10-15,-1.0000000000000102,False,-1.0000000000000102,2020-10-15
B|chop|polychromatic_momentum_signals|parabolic_sar_signals|choppiness_index_volume_signals|tma_baseline,0.5,CADJPY,2016-07-28,2016-07-29,-0.9999999999999997,False,-0.9999999999999997,2016-07-29
B|chop|polychromatic_momentum_signals|parabolic_sar_signals|choppiness_index_volume_signals|tma_baseline,0.5,CADJPY,2019-12-12,2019-12-27,1.6000000000000056,False,1.6000000000000056,2019-12-27
B|chop|polychromatic_momentum_signals|parabolic_sar_signals|choppiness_index_volume_signals|tma_baseline,0.5,CHFJPY,2019-11-22,2019-11-26,-0.9999999999999867,False,-0.9999999999999867,2019-11-26
B|chop|polychromatic_momentum_signals|parabolic_sar_signals|choppiness_index_volume_signals|tma_baseline,0.5,EURAUD,2016-06-08,2016-06-22,1.6000000000000068,False,1.6000000000000068,2016-06-22
B|chop|polychromatic_momentum_signals|parabolic_sar_signals|choppiness_index_volume_signals|tma_baseline,0.5,EURAUD,2019-11-01,2019-11-07,1.5999999999999996,False,1.5999999999999996,2019-11-07
B|chop|polychromatic_momentum_signals|parabolic_sar_signals|choppiness_index_volume_signals|tma_baseline,0.5,EURCAD,2019-08-08,2019-08-26,-0.7490120701913224,False,-0.7490120701913224,2019-08-26
B|chop|polychromatic_momentum_signals|parabolic_sar_signals|choppiness_index_volume_signals|tma_baseline,0.5,EURCAD,2019-10-30,2019-11-05,-0.999999999999996,False,-0.999999999999996,2019-11-05
B|chop|polychromatic_momentum_signals|parabolic_sar_signals|choppiness_index_volume_signals|tma_baseline,0.5,EURCAD,2019-11-06,2019-11-07,-0.39460726153895437,False,-0.39460726153895437,2019-11-07
B|chop|polychromatic_momentum_signals|parabolic_sar_signals|choppiness_index_volume_signals|tma_baseline,0.5,EURCHF,2016-12-12,2016-12-13,-0.39412877881015596,False,-0.39412877881015596,2016-12-13
B|chop|polychromatic_momentum_signals|parabolic_sar_signals|choppiness_index_volume_signals|tma_baseline,0.5,EURGBP,2017-04-04,2017-04-17,1.6000000000000072,False,1.6000000000000072,2017-04-17
B|chop|polychromatic_momentum_signals|parabolic_sar_signals|choppiness_index_volume_signals|tma_baseline,0.5,EURGBP,2018-01-23,2018-01-24,1.6000000000000003,False,1.6000000000000003,2018-01-24
B|chop|polychromatic_momentum_signals|parabolic_sar_signals|choppiness_index_volume_signals|tma_baseline,0.5,EURGBP,2018-02-14,2018-02-20,-0.9999999999999951,False,-0.9999999999999951,2018-02-20
B|chop|polychromatic_momentum_signals|parabolic_sar_signals|choppiness_index_volume_signals|tma_baseline,0.5,EURNZD,2016-04-14,2016-04-19,1.5999999999999994,False,1.5999999999999994,2016-04-19
B|chop|polychromatic_momentum_signals|parabolic_sar_signals|choppiness_index_volume_signals|tma_baseline,0.5,EURNZD,2016-06-02,2016-06-09,1.5999999999999932,False,1.5999999999999932,2016-06-09
B|chop|polychromatic_momentum_signals|parabolic_sar_signals|choppiness_index_volume_signals|tma_baseline,0.5,EURNZD,2018-06-26,2018-06-29,1.6000000000000059,False,1.6000000000000059,2018-06-29
B|chop|polychromatic_momentum_signals|parabolic_sar_signals|choppiness_index_volume_signals|tma_baseline,0.5,EURNZD,2020-10-28,2020-11-03,1.5999999999999976,False,1.5999999999999976,2020-11-03
B|chop|polychromatic_momentum_signals|parabolic_sar_signals|choppiness_index_volume_signals|tma_baseline,0.5,EURUSD,2016-06-14,2016-06-15,-1.0000000000000024,False,-1.0000000000000024,2016-06-15
B|chop|polychromatic_momentum_signals|parabolic_sar_signals|choppiness_index_volume_signals|tma_baseline,0.5,EURUSD,2016-06-29,2016-07-29,-0.36534575808581793,False,-0.36534575808581793,2016-07-29
B|chop|polychromatic_momentum_signals|parabolic_sar_signals|choppiness_index_volume_signals|tma_baseline,0.5,EURUSD,2016-08-08,2016-08-12,1.59999999999999,False,1.59999999999999,2016-08-12
B|chop|polychromatic_momentum_signals|parabolic_sar_signals|choppiness_index_volume_signals|tma_baseline,0.5,EURUSD,2016-09-27,2016-09-29,-0.10841869526530294,False,-0.10841869526530294,2016-09-29
B|chop|polychromatic_momentum_signals|parabolic_sar_signals|choppiness_index_volume_signals|tma_baseline,0.5,EURUSD,2020-01-21,2020-01-27,1.6000000000000112,False,1.6000000000000112,2020-01-27
B|chop|polychromatic_momentum_signals|parabolic_sar_signals|choppiness_index_volume_signals|tma_baseline,0.5,GBPCAD,2019-05-07,2019-05-08,-1.0000000000000049,False,-1.0000000000000049,2019-05-08
B|chop|polychromatic_momentum_signals|parabolic_sar_signals|choppiness_index_volume_signals|tma_baseline,0.5,GBPCAD,2020-05-08,2020-05-18,1.6000000000000025,False,1.6000000000000025,2020-05-18
B|chop|polychromatic_momentum_signals|parabolic_sar_signals|choppiness_index_volume_signals|tma_baseline,0.5,GBPCHF,2017-04-04,2017-04-17,1.6000000000000063,False,1.6000000000000063,2017-04-17
B|chop|polychromatic_momentum_signals|parabolic_sar_signals|choppiness_index_volume_signals|tma_baseline,0.5,GBPCHF,2019-04-23,2019-05-02,1.5999999999999963,False,1.5999999999999963,2019-05-02
B|chop|polychromatic_momentum_signals|parabolic_sar_signals|choppiness_index_volume_signals|tma_baseline,0.5,GBPJPY,2020-11-13,2020-12-01,1.5999999999999996,False,1.5999999999999996,2020-12-01
B|chop|polychromatic_momentum_signals|parabolic_sar_signals|choppiness_index_volume_signals|tma_baseline,0.5,GBPNZD,2018-05-11,2018-05-15,1.6000000000000025,False,1.6000000000000025,2018-05-15
B|chop|polychromatic_momentum_signals|parabolic_sar_signals|choppiness_index_volume_signals|tma_baseline,0.5,GBPUSD,2016-08-19,2016-08-23,-0.8993031669336857,False,-0.8993031669336857,2016-08-23
B|chop|polychromatic_momentum_signals|parabolic_sar_signals|choppiness_index_volume_signals|tma_baseline,0.5,GBPUSD,2020-06-30,2020-07-02,-1.000000000000002,False,-1.000000000000002,2020-07-02
B|chop|polychromatic_momentum_signals|parabolic_sar_signals|choppiness_index_volume_signals|tma_baseline,0.5,NZDCAD,2017-06-30,2017-07-06,1.599999999999996,False,1.599999999999996,2017-07-06
B|chop|polychromatic_momentum_signals|parabolic_sar_signals|choppiness_index_volume_signals|tma_baseline,0.5,NZDCAD,2018-10-26,2018-11-01,1.6000000000000012,False,1.6000000000000012,2018-11-01
B|chop|polychromatic_momentum_signals|parabolic_sar_signals|choppiness_index_volume_signals|tma_baseline,0.5,NZDCAD,2020-05-20,2020-06-03,1.5999999999999952,False,1.5999999999999952,2020-06-03
B|chop|polychromatic_momentum_signals|parabolic_sar_signals|choppiness_index_volume_signals|tma_baseline,0.5,NZDCHF,2016-04-15,2016-05-03,-0.9999999999999974,False,-0.9999999999999974,2016-05-03
B|chop|polychromatic_momentum_signals|parabolic_sar_signals|choppiness_index_volume_signals|tma_baseline,0.5,NZDCHF,2017-03-01,2017-03-03,1.5999999999999945,False,1.5999999999999945,2017-03-03
B|chop|polychromatic_momentum_signals|parabolic_sar_signals|choppiness_index_volume_signals|tma_baseline,0.5,NZDCHF,2019-05-07,2019-05-08,1.5999999999999983,False,1.5999999999999983,2019-05-08
B|chop|polychromatic_momentum_signals|parabolic_sar_signals|choppiness_index_volume_signals|tma_baseline,0.5,NZDJPY,2016-06-28,2016-07-12,-0.9999999999999968,False,-0.9999999999999968,2016-07-12
B|chop|polychromatic_momentum_signals|parabolic_sar_signals|choppiness_index_volume_signals|tma_baseline,0.5,NZDJPY,2016-09-27,2016-09-29,-0.9999999999999918,False,-0.9999999999999918,2016-09-29
B|chop|polychromatic_momentum_signals|parabolic_sar_signals|choppiness_index_volume_signals|tma_baseline,0.5,NZDJPY,2016-10-19,2016-10-21,-1.0000000000000002,False,-1.0000000000000002,2016-10-21
B|chop|polychromatic_momentum_signals|parabolic_sar_signals|choppiness_index_volume_signals|tma_baseline,0.5,NZDJPY,2018-06-06,2018-06-08,-1.0000000000000013,False,-1.0000000000000013,2018-06-08
B|chop|polychromatic_momentum_signals|parabolic_sar_signals|choppiness_index_volume_signals|tma_baseline,0.5,NZDJPY,2018-08-07,2018-08-09,1.5999999999999994,False,1.5999999999999994,2018-08-09
B|chop|polychromatic_momentum_signals|parabolic_sar_signals|choppiness_index_volume_signals|tma_baseline,0.5,NZDUSD,2017-02-22,2017-02-23,-0.675055281039901,False,-0.675055281039901,2017-02-23
B|chop|polychromatic_momentum_signals|parabolic_sar_signals|choppiness_index_volume_signals|tma_baseline,0.5,NZDUSD,2017-02-24,2017-03-01,1.6000000000000025,False,1.6000000000000025,2017-03-01
B|chop|polychromatic_momentum_signals|parabolic_sar_signals|choppiness_index_volume_signals|tma_baseline,0.5,NZDUSD,2019-03-04,2019-03-05,-1.0000000000000089,False,-1.0000000000000089,2019-03-05
B|chop|polychromatic_momentum_signals|parabolic_sar_signals|choppiness_index_volume_signals|tma_baseline,0.5,NZDUSD,2019-03-12,2019-03-14,-0.674231061625978,False,-0.674231061625978,2019-03-14
B|chop|polychromatic_momentum_signals|parabolic_sar_signals|choppiness_index_volume_signals|tma_baseline,0.5,USDCAD,2016-09-12,2016-09-14,1.5999999999999952,False,1.5999999999999952,2016-09-14
B|chop|polychromatic_momentum_signals|parabolic_sar_signals|choppiness_index_volume_signals|tma_baseline,0.5,USDCAD,2018-09-11,2018-09-12,-0.7429995444850449,False,-0.7429995444850449,2018-09-12
B|chop|polychromatic_momentum_signals|parabolic_sar_signals|choppiness_index_volume_signals|tma_baseline,0.5,USDCAD,2018-10-19,2018-10-24,-1.0000000000000093,False,-1.0000000000000093,2018-10-24
B|chop|polychromatic_momentum_signals|parabolic_sar_signals|choppiness_index_volume_signals|tma_baseline,0.5,USDCAD,2019-06-06,2019-06-10,1.6000000000000136,False,1.6000000000000136,2019-06-10
B|chop|polychromatic_momentum_signals|parabolic_sar_signals|choppiness_index_volume_signals|tma_baseline,0.5,USDCAD,2019-09-16,2019-09-18,-0.9999999999999939,False,-0.9999999999999939,2019-09-18
B|chop|polychromatic_momentum_signals|parabolic_sar_signals|choppiness_index_volume_signals|tma_baseline,0.5,USDCAD,2019-12-13,2019-12-27,1.6000000000000116,False,1.6000000000000116,2019-12-27
B|chop|polychromatic_momentum_signals|parabolic_sar_signals|choppiness_index_volume_signals|tma_baseline,0.5,USDCHF,2017-01-13,2017-01-30,1.5999999999999963,False,1.5999999999999963,2017-01-30
B|chop|polychromatic_momentum_signals|parabolic_sar_signals|choppiness_index_volume_signals|tma_baseline,0.5,USDCHF,2017-02-22,2017-02-24,-0.9999999999999892,False,-0.9999999999999892,2017-02-24
B|chop|polychromatic_momentum_signals|parabolic_sar_signals|choppiness_index_volume_signals|tma_baseline,0.5,USDCHF,2019-07-25,2019-08-02,-1.000000000000001,False,-1.000000000000001,2019-08-02
B|chop|polychromatic_momentum_signals|parabolic_sar_signals|choppiness_index_volume_signals|tma_baseline,0.5,USDCHF,2019-09-03,2019-09-04,-0.9999999999999929,False,-0.9999999999999929,2019-09-04
B|chop|polychromatic_momentum_signals|parabolic_sar_signals|choppiness_index_volume_signals|tma_baseline,0.5,USDCHF,2019-10-23,2019-10-25,-0.7834312846011369,False,-0.7834312846011369,2019-10-25
B|chop|polychromatic_momentum_signals|parabolic_sar_signals|choppiness_index_volume_signals|tma_baseline,0.5,USDJPY,2016-02-03,2016-02-08,1.5999999999999974,False,1.5999999999999974,2016-02-08
B|chop|polychromatic_momentum_signals|parabolic_sar_signals|choppiness_index_volume_signals|tma_baseline,0.5,USDJPY,2017-09-15,2017-09-21,1.5999999999999983,False,1.5999999999999983,2017-09-21
B|chop|polychromatic_momentum_signals|parabolic_sar_signals|choppiness_index_volume_signals|tma_baseline,0.5,USDJPY,2020-01-10,2020-01-27,-0.9999999999999973,False,-0.9999999999999973,2020-01-27
B|trend|kuskus_starlight_signals|coral_signals|variance_volume_signals|mcginley_dynamic_index,0.5,AUDCAD,2020-08-13,2020-08-14,-0.41550853075394484,False,-0.41550853075394484,2020-08-14
B|trend|kuskus_starlight_signals|coral_signals|variance_volume_signals|mcginley_dynamic_index,0.5,AUDCAD,2020-08-13,2020-08-14,-0.41550853075394484,False,-0.41550853075394484,2020-08-14
B|trend|kuskus_starlight_signals|coral_signals|variance_volume_signals|mcginley_dynamic_index,0.5,AUDCHF,2018-06-15,2018-07-02,1.0750000000000015,False,1.0750000000000015,2018-07-02
B|trend|kuskus_starlight_signals|coral_signals|variance_volume_signals|mcginley_dynamic_index,0.5,AUDCHF,2018-06-15,2018-07-09,0.19609822709826116,False,0.19609822709826116,2018-07-09
B|trend|kuskus_starlight_signals|coral_signals|variance_volume_signals|mcginley_dynamic_index,0.5,AUDJPY,2018-06-01,2018-06-14,-0.11465948197024031,False,-0.11465948197024031,2018-06-14
B|trend|kuskus_starlight_signals|coral_signals|variance_volume_signals|mcginley_dynamic_index,0.5,AUDJPY,2018-06-01,2018-06-14,-0.11465948197024031,False,-0.11465948197024031,2018-06-14
B|trend|kuskus_starlight_signals|coral_signals|variance_volume_signals|mcginley_dynamic_index,0.5,AUDUSD,2020-10-06,2020-10-09,-0.4999999999999977,False,-0.4999999999999977,2020-10-09
B|trend|kuskus_starlight_signals|coral_signals|variance_volume_signals|mcginley_dynamic_index,0.5,AUDUSD,2020-10-06,2020-10-09,-0.4999999999999977,False,-0.4999999999999977,2020-10-09
B|trend|kuskus_starlight_signals|coral_signals|variance_volume_signals|mcginley_dynamic_index,0.5,CADCHF,2017-06-28,2017-07-07,1.074999999999999,False,1.074999999999999,2017-07-07
B|trend|kuskus_starlight_signals|coral_signals|variance_volume_signals|mcginley_dynamic_index,0.5,CADCHF,2017-06-28,2017-07-11,0.7841111694443795,False,0.7841111694443795,2017-07-11
B|trend|kuskus_starlight_signals|coral_signals|variance_volume_signals|mcginley_dynamic_index,0.5,CADJPY,2016-04-12,2016-04-18,-0.5803102314842543,False,-0.5803102314842543,2016-04-18
B|trend|kuskus_starlight_signals|coral_signals|variance_volume_signals|mcginley_dynamic_index,0.5,CADJPY,2016-04-12,2016-04-18,-0.5803102314842543,False,-0.5803102314842543,2016-04-18
B|trend|kuskus_starlight_signals|coral_signals|variance_volume_signals|mcginley_dynamic_index,0.5,CADJPY,2017-06-13,2017-06-27,1.0750000000000042,False,1.0750000000000042,2017-06-27
B|trend|kuskus_starlight_signals|coral_signals|variance_volume_signals|mcginley_dynamic_index,0.5,CADJPY,2017-06-13,2017-07-05,2.4344220553375897,False,2.4344220553375897,2017-07-05
B|trend|kuskus_starlight_signals|coral_signals|variance_volume_signals|mcginley_dynamic_index,0.5,CADJPY,2019-03-12,2019-03-20,-0.13165732395256696,False,-0.13165732395256696,2019-03-20
B|trend|kuskus_starlight_signals|coral_signals|variance_volume_signals|mcginley_dynamic_index,0.5,CADJPY,2019-03-12,2019-03-20,-0.13165732395256696,False,-0.13165732395256696,2019-03-20
B|trend|kuskus_starlight_signals|coral_signals|variance_volume_signals|mcginley_dynamic_index,0.5,CHFJPY,2017-02-17,2017-03-02,-0.2246097520414581,False,-0.2246097520414581,2017-03-02
B|trend|kuskus_starlight_signals|coral_signals|variance_volume_signals|mcginley_dynamic_index,0.5,CHFJPY,2017-02-17,2017-03-02,-0.2246097520414581,False,-0.2246097520414581,2017-03-02
B|trend|kuskus_starlight_signals|coral_signals|variance_volume_signals|mcginley_dynamic_index,0.5,CHFJPY,2020-02-28,2020-03-02,-0.5000000000000004,False,-0.5000000000000004,2020-03-02
B|trend|kuskus_starlight_signals|coral_signals|variance_volume_signals|mcginley_dynamic_index,0.5,CHFJPY,2020-02-28,2020-03-02,-0.5000000000000004,False,-0.5000000000000004,2020-03-02
B|trend|kuskus_starlight_signals|coral_signals|variance_volume_signals|mcginley_dynamic_index,0.5,EURAUD,2017-07-17,2017-07-20,1.075,False,1.075,2017-07-20
B|trend|kuskus_starlight_signals|coral_signals|variance_volume_signals|mcginley_dynamic_index,0.5,EURAUD,2017-07-17,2017-07-21,0.0,False,0.0,2017-07-21
B|trend|kuskus_starlight_signals|coral_signals|variance_volume_signals|mcginley_dynamic_index,0.5,EURCHF,2019-10-08,2019-10-09,-0.401085089488407,False,-0.401085089488407,2019-10-09
B|trend|kuskus_starlight_signals|coral_signals|variance_volume_signals|mcginley_dynamic_index,0.5,EURCHF,2019-10-08,2019-10-09,-0.401085089488407,False,-0.401085089488407,2019-10-09
B|trend|kuskus_starlight_signals|coral_signals|variance_volume_signals|mcginley_dynamic_index,0.5,EURGBP,2017-09-13,2017-09-15,1.075,False,1.075,2017-09-15
B|trend|kuskus_starlight_signals|coral_signals|variance_volume_signals|mcginley_dynamic_index,0.5,EURGBP,2017-09-13,2017-09-18,1.309692662169194,False,1.309692662169194,2017-09-18
B|trend|kuskus_starlight_signals|coral_signals|variance_volume_signals|mcginley_dynamic_index,0.5,EURJPY,2017-12-04,2017-12-06,-0.500000000000005,False,-0.500000000000005,2017-12-06
B|trend|kuskus_starlight_signals|coral_signals|variance_volume_signals|mcginley_dynamic_index,0.5,EURJPY,2017-12-04,2017-12-06,-0.500000000000005,False,-0.500000000000005,2017-12-06
B|trend|kuskus_starlight_signals|coral_signals|variance_volume_signals|mcginley_dynamic_index,0.5,EURJPY,2018-02-12,2018-02-28,1.0750000000000037,False,1.0750000000000037,2018-02-28
B|trend|kuskus_starlight_signals|coral_signals|variance_volume_signals|mcginley_dynamic_index,0.5,EURJPY,2018-02-12,2018-03-05,1.0732041334244924,False,1.0732041334244924,2018-03-05
B|trend|kuskus_starlight_signals|coral_signals|variance_volume_signals|mcginley_dynamic_index,0.5,EURJPY,2018-06-08,2018-06-11,-0.3257730214143788,False,-0.3257730214143788,2018-06-11
B|trend|kuskus_starlight_signals|coral_signals|variance_volume_signals|mcginley_dynamic_index,0.5,EURJPY,2018-06-08,2018-06-11,-0.3257730214143788,False,-0.3257730214143788,2018-06-11
B|trend|kuskus_starlight_signals|coral_signals|variance_volume_signals|mcginley_dynamic_index,0.5,EURJPY,2020-11-17,2020-11-23,-0.106962217435426,False,-0.106962217435426,2020-11-23
B|trend|kuskus_starlight_signals|coral_signals|variance_volume_signals|mcginley_dynamic_index,0.5,EURJPY,2020-11-17,2020-11-23,-0.106962217435426,False,-0.106962217435426,2020-11-23
B|trend|kuskus_starlight_signals|coral_signals|variance_volume_signals|mcginley_dynamic_index,0.5,EURNZD,2018-10-18,2018-11-01,1.0750000000000015,False,1.0750000000000015,2018-11-01
B|trend|kuskus_starlight_signals|coral_signals|variance_volume_signals|mcginley_dynamic_index,0.5,EURNZD,2018-10-18,2018-11-16,3.7688131656052497,False,3.7688131656052497,2018-11-16
B|trend|kuskus_starlight_signals|coral_signals|variance_volume_signals|mcginley_dynamic_index,0.5,EURUSD,2020-11-09,2020-11-30,1.0750000000000002,False,1.0750000000000002,2020-11-30
B|trend|kuskus_starlight_signals|coral_signals|variance_volume_signals|mcginley_dynamic_index,0.5,EURUSD,2020-11-09,2020-12-07,1.7440205069264616,False,1.7440205069264616,2020-12-07
B|trend|kuskus_starlight_signals|coral_signals|variance_volume_signals|mcginley_dynamic_index,0.5,GBPAUD,2020-04-08,2020-04-28,1.0750000000000002,False,1.0750000000000002,2020-04-28
B|trend|kuskus_starlight_signals|coral_signals|variance_volume_signals|mcginley_dynamic_index,0.5,GBPAUD,2020-04-08,2020-05-22,1.679806079225987,False,1.679806079225987,2020-05-22
B|trend|kuskus_starlight_signals|coral_signals|variance_volume_signals|mcginley_dynamic_index,0.5,GBPAUD,2020-07-31,2020-08-05,-0.4999999999999989,False,-0.4999999999999989,2020-08-05
B|trend|kuskus_starlight_signals|coral_signals|variance_volume_signals|mcginley_dynamic_index,0.5,GBPAUD,2020-07-31,2020-08-05,-0.4999999999999989,False,-0.4999999999999989,2020-08-05
B|trend|kuskus_starlight_signals|coral_signals|variance_volume_signals|mcginley_dynamic_index,0.5,GBPAUD,2020-10-01,2020-10-02,-0.4999999999999982,False,-0.4999999999999982,2020-10-02
B|trend|kuskus_starlight_signals|coral_signals|variance_volume_signals|mcginley_dynamic_index,0.5,GBPAUD,2020-10-01,2020-10-02,-0.4999999999999982,False,-0.4999999999999982,2020-10-02
B|trend|kuskus_starlight_signals|coral_signals|variance_volume_signals|mcginley_dynamic_index,0.5,GBPCAD,2019-10-02,2019-10-08,-0.49999999999999856,False,-0.49999999999999856,2019-10-08
B|trend|kuskus_starlight_signals|coral_signals|variance_volume_signals|mcginley_dynamic_index,0.5,GBPCAD,2019-10-02,2019-10-08,-0.49999999999999856,False,-0.49999999999999856,2019-10-08
B|trend|kuskus_starlight_signals|coral_signals|variance_volume_signals|mcginley_dynamic_index,0.5,GBPCAD,2019-12-23,2019-12-27,-0.5000000000000018,False,-0.5000000000000018,2019-12-27
B|trend|kuskus_starlight_signals|coral_signals|variance_volume_signals|mcginley_dynamic_index,0.5,GBPCAD,2019-12-23,2019-12-27,-0.5000000000000018,False,-0.5000000000000018,2019-12-27
B|trend|kuskus_starlight_signals|coral_signals|variance_volume_signals|mcginley_dynamic_index,0.5,GBPJPY,2020-06-01,2020-06-04,1.0750000000000046,False,1.0750000000000046,2020-06-04
B|trend|kuskus_starlight_signals|coral_signals|variance_volume_signals|mcginley_dynamic_index,0.5,GBPJPY,2020-06-01,2020-06-08,1.2553402559052975,False,1.2553402559052975,2020-06-08
B|trend|kuskus_starlight_signals|coral_signals|variance_volume_signals|mcginley_dynamic_index,0.5,GBPNZD,2020-03-17,2020-03-19,-0.5000000000000024,False,-0.5000000000000024,2020-03-19
B|trend|kuskus_starlight_signals|coral_signals|variance_volume_signals|mcginley_dynamic_index,0.5,GBPNZD,2020-03-17,2020-03-19,-0.5000000000000024,False,-0.5000000000000024,2020-03-19
B|trend|kuskus_starlight_signals|coral_signals|variance_volume_signals|mcginley_dynamic_index,0.5,GBPUSD,2018-10-23,2018-10-30,1.0750000000000035,False,1.0750000000000035,2018-10-30
B|trend|kuskus_starlight_signals|coral_signals|variance_volume_signals|mcginley_dynamic_index,0.5,GBPUSD,2018-10-23,2018-11-01,0.0,False,0.0,2018-11-01
B|trend|kuskus_starlight_signals|coral_signals|variance_volume_signals|mcginley_dynamic_index,0.5,GBPUSD,2018-11-09,2018-11-15,1.075,False,1.075,2018-11-15
B|trend|kuskus_starlight_signals|coral_signals|variance_volume_signals|mcginley_dynamic_index,0.5,GBPUSD,2018-11-09,2018-11-16,0.6039800837673613,False,0.6039800837673613,2018-11-16
B|trend|kuskus_starlight_signals|coral_signals|variance_volume_signals|mcginley_dynamic_index,0.5,NZDCAD,2019-01-16,2019-01-22,-0.2522599524460979,False,-0.2522599524460979,2019-01-22
B|trend|kuskus_starlight_signals|coral_signals|variance_volume_signals|mcginley_dynamic_index,0.5,NZDCAD,2019-01-16,2019-01-22,-0.2522599524460979,False,-0.2522599524460979,2019-01-22
B|trend|kuskus_starlight_signals|coral_signals|variance_volume_signals|mcginley_dynamic_index,0.5,NZDCAD,2019-04-02,2019-05-07,1.0749999999999962,False,1.0749999999999962,2019-05-07
B|trend|kuskus_starlight_signals|coral_signals|variance_volume_signals|mcginley_dynamic_index,0.5,NZDCAD,2019-04-02,2019-05-23,1.894081051011275,False,1.894081051011275,2019-05-23
B|trend|kuskus_starlight_signals|coral_signals|variance_volume_signals|mcginley_dynamic_index,0.5,NZDCAD,2020-03-12,2020-03-13,-0.5000000000000004,False,-0.5000000000000004,2020-03-13
B|trend|kuskus_starlight_signals|coral_signals|variance_volume_signals|mcginley_dynamic_index,0.5,NZDCAD,2020-03-12,2020-03-13,-0.5000000000000004,False,-0.5000000000000004,2020-03-13
B|trend|kuskus_starlight_signals|coral_signals|variance_volume_signals|mcginley_dynamic_index,0.5,NZDCAD,2020-03-16,2020-03-19,1.0750000000000024,False,1.0750000000000024,2020-03-19
B|trend|kuskus_starlight_signals|coral_signals|variance_volume_signals|mcginley_dynamic_index,0.5,NZDCAD,2020-03-16,2020-03-20,0.7441210641962417,False,0.7441210641962417,2020-03-20
B|trend|kuskus_starlight_signals|coral_signals|variance_volume_signals|mcginley_dynamic_index,0.5,NZDCHF,2016-11-02,2016-11-08,1.0750000000000006,False,1.0750000000000006,2016-11-08
B|trend|kuskus_starlight_signals|coral_signals|variance_volume_signals|mcginley_dynamic_index,0.5,NZDCHF,2016-11-02,2016-11-09,0.6875612243306845,False,0.6875612243306845,2016-11-09
B|trend|kuskus_starlight_signals|coral_signals|variance_volume_signals|mcginley_dynamic_index,0.5,NZDCHF,2016-11-21,2016-12-08,1.0749999999999984,False,1.0749999999999984,2016-12-08
B|trend|kuskus_starlight_signals|coral_signals|variance_volume_signals|mcginley_dynamic_index,0.5,NZDCHF,2016-11-21,2016-12-12,0.7825668093133182,False,0.7825668093133182,2016-12-12
B|trend|kuskus_starlight_signals|coral_signals|variance_volume_signals|mcginley_dynamic_index,0.5,NZDJPY,2020-01-29,2020-02-25,1.0749999999999948,False,1.0749999999999948,2020-02-25
B|trend|kuskus_starlight_signals|coral_signals|variance_volume_signals|mcginley_dynamic_index,0.5,NZDJPY,2020-01-29,2020-03-02,2.902795432079155,False,2.902795432079155,2020-03-02
B|trend|kuskus_starlight_signals|coral_signals|variance_volume_signals|mcginley_dynamic_index,0.5,USDCAD,2016-05-11,2016-05-13,-0.32967273949000114,False,-0.32967273949000114,2016-05-13
B|trend|kuskus_starlight_signals|coral_signals|variance_volume_signals|mcginley_dynamic_index,0.5,USDCAD,2016-05-11,2016-05-13,-0.32967273949000114,False,-0.32967273949000114,2016-05-13
B|trend|kuskus_starlight_signals|coral_signals|variance_volume_signals|mcginley_dynamic_index,0.5,USDCAD,2020-09-21,2020-10-05,-0.28278148079087334,False,-0.28278148079087334,2020-10-05
B|trend|kuskus_starlight_signals|coral_signals|variance_volume_signals|mcginley_dynamic_index,0.5,USDCAD,2020-09-21,2020-10-05,-0.28278148079087334,False,-0.28278148079087334,2020-10-05
B|trend|kuskus_starlight_signals|coral_signals|variance_volume_signals|mcginley_dynamic_index,0.5,USDCAD,2020-10-06,2020-10-07,-0.3687933759375233,False,-0.3687933759375233,2020-10-07
B|trend|kuskus_starlight_signals|coral_signals|variance_volume_signals|mcginley_dynamic_index,0.5,USDCAD,2020-10-06,2020-10-07,-0.3687933759375233,False,-0.3687933759375233,2020-10-07
B|trend|kuskus_starlight_signals|coral_signals|variance_volume_signals|mcginley_dynamic_index,0.5,USDCHF,2017-08-14,2017-08-17,-0.49999999999999967,False,-0.49999999999999967,2017-08-17
B|trend|kuskus_starlight_signals|coral_signals|variance_volume_signals|mcginley_dynamic_index,0.5,USDCHF,2017-08-14,2017-08-17,-0.49999999999999967,False,-0.49999999999999967,2017-08-17
B|trend|kuskus_starlight_signals|coral_signals|variance_volume_signals|mcginley_dynamic_index,0.5,USDCHF,2020-11-12,2020-11-16,-0.2103070313002039,False,-0.2103070313002039,2020-11-16
B|trend|kuskus_starlight_signals|coral_signals|variance_volume_signals|mcginley_dynamic_index,0.5,USDCHF,2020-11-12,2020-11-16,-0.2103070313002039,False,-0.2103070313002039,2020-11-16
B|trend|kuskus_starlight_signals|coral_signals|variance_volume_signals|mcginley_dynamic_index,0.5,USDJPY,2018-06-01,2018-07-03,1.0750000000000035,False,1.0750000000000035,2018-07-03
B|trend|kuskus_starlight_signals|coral_signals|variance_volume_signals|mcginley_dynamic_index,0.5,USDJPY,2018-06-01,2018-07-19,2.048287741154744,False,2.048287741154744,2018-07-19
B|chop|polychromatic_momentum_signals|fisher_transform_signals|damiani_volatmeter_volume_signals|rma_baseline,0.5,AUDCAD,2018-02-12,2018-03-02,1.8500000000000079,False,1.8500000000000079,2018-03-02
B|chop|polychromatic_momentum_signals|fisher_transform_signals|damiani_volatmeter_volume_signals|rma_baseline,0.5,AUDCHF,2016-02-17,2016-02-19,-1.0000000000000009,False,-1.0000000000000009,2016-02-19
B|chop|polychromatic_momentum_signals|fisher_transform_signals|damiani_volatmeter_volume_signals|rma_baseline,0.5,AUDCHF,2016-06-24,2016-06-27,-1.0000000000000058,False,-1.0000000000000058,2016-06-27
B|chop|polychromatic_momentum_signals|fisher_transform_signals|damiani_volatmeter_volume_signals|rma_baseline,0.5,AUDCHF,2019-02-28,2019-03-11,-1.0000000000000009,False,-1.0000000000000009,2019-03-11
B|chop|polychromatic_momentum_signals|fisher_transform_signals|damiani_volatmeter_volume_signals|rma_baseline,0.5,AUDCHF,2019-12-17,2019-12-20,-1.0000000000000004,False,-1.0000000000000004,2019-12-20
B|chop|polychromatic_momentum_signals|fisher_transform_signals|damiani_volatmeter_volume_signals|rma_baseline,0.5,AUDCHF,2019-12-23,2020-01-03,-0.999999999999992,False,-0.999999999999992,2020-01-03
B|chop|polychromatic_momentum_signals|fisher_transform_signals|damiani_volatmeter_volume_signals|rma_baseline,0.5,AUDJPY,2016-02-04,2016-02-08,1.8499999999999954,False,1.8499999999999954,2016-02-08
B|chop|polychromatic_momentum_signals|fisher_transform_signals|damiani_volatmeter_volume_signals|rma_baseline,0.5,AUDJPY,2016-04-28,2016-05-03,1.8499999999999956,False,1.8499999999999956,2016-05-03
B|chop|polychromatic_momentum_signals|fisher_transform_signals|damiani_volatmeter_volume_signals|rma_baseline,0.5,AUDJPY,2018-07-31,2018-08-02,-0.9999999999999908,False,-0.9999999999999908,2018-08-02
B|chop|polychromatic_momentum_signals|fisher_transform_signals|damiani_volatmeter_volume_signals|rma_baseline,0.5,AUDJPY,2019-12-13,2019-12-27,1.8499999999999994,False,1.8499999999999994,2019-12-27
B|chop|polychromatic_momentum_signals|fisher_transform_signals|damiani_volatmeter_volume_signals|rma_baseline,0.5,AUDNZD,2016-01-19,2016-01-28,1.8500000000000079,False,1.8500000000000079,2016-01-28
B|chop|polychromatic_momentum_signals|fisher_transform_signals|damiani_volatmeter_volume_signals|rma_baseline,0.5,AUDNZD,2018-01-31,2018-02-06,1.8499999999999879,False,1.8499999999999879,2018-02-06
B|chop|polychromatic_momentum_signals|fisher_transform_signals|damiani_volatmeter_volume_signals|rma_baseline,0.5,AUDNZD,2018-10-16,2018-10-18,-1.0000000000000147,False,-1.0000000000000147,2018-10-18
B|chop|polychromatic_momentum_signals|fisher_transform_signals|damiani_volatmeter_volume_signals|rma_baseline,0.5,AUDUSD,2016-02-05,2016-02-08,-0.2089237226043813,False,-0.2089237226043813,2016-02-08
B|chop|polychromatic_momentum_signals|fisher_transform_signals|damiani_volatmeter_volume_signals|rma_baseline,0.5,AUDUSD,2019-12-13,2019-12-27,1.8499999999999954,False,1.8499999999999954,2019-12-27
B|chop|polychromatic_momentum_signals|fisher_transform_signals|damiani_volatmeter_volume_signals|rma_baseline,0.5,CADCHF,2016-02-17,2016-02-19,-1.0000000000000036,False,-1.0000000000000036,2016-02-19
B|chop|polychromatic_momentum_signals|fisher_transform_signals|damiani_volatmeter_volume_signals|rma_baseline,0.5,CADCHF,2017-01-03,2017-01-18,-0.9999999999999999,False,-0.9999999999999999,2017-01-18
B|chop|polychromatic_momentum_signals|fisher_transform_signals|damiani_volatmeter_volume_signals|rma_baseline,0.5,CADCHF,2020-11-06,2020-11-09,-1.0000000000000087,False,-1.0000000000000087,2020-11-09
B|chop|polychromatic_momentum_signals|fisher_transform_signals|damiani_volatmeter_volume_signals|rma_baseline,0.5,CADJPY,2018-09-11,2018-09-19,1.849999999999995,False,1.849999999999995,2018-09-19
B|chop|polychromatic_momentum_signals|fisher_transform_signals|damiani_volatmeter_volume_signals|rma_baseline,0.5,CADJPY,2020-11-13,2020-11-16,-0.9999999999999922,False,-0.9999999999999922,2020-11-16
B|chop|polychromatic_momentum_signals|fisher_transform_signals|damiani_volatmeter_volume_signals|rma_baseline,0.5,CHFJPY,2017-12-05,2017-12-08,-0.38664580699036544,False,-0.38664580699036544,2017-12-08
B|chop|polychromatic_momentum_signals|fisher_transform_signals|damiani_volatmeter_volume_signals|rma_baseline,0.5,EURAUD,2019-12-17,2019-12-19,-0.9999999999999898,False,-0.9999999999999898,2019-12-19
B|chop|polychromatic_momentum_signals|fisher_transform_signals|damiani_volatmeter_volume_signals|rma_baseline,0.5,EURAUD,2019-12-19,2019-12-26,1.8499999999999934,False,1.8499999999999934,2019-12-26
B|chop|polychromatic_momentum_signals|fisher_transform_signals|damiani_volatmeter_volume_signals|rma_baseline,0.5,EURAUD,2020-01-10,2020-01-15,-0.31675362278553787,False,-0.31675362278553787,2020-01-15
B|chop|polychromatic_momentum_signals|fisher_transform_signals|damiani_volatmeter_volume_signals|rma_baseline,0.5,EURAUD,2020-02-20,2020-02-25,1.8499999999999952,False,1.8499999999999952,2020-02-25
B|chop|polychromatic_momentum_signals|fisher_transform_signals|damiani_volatmeter_volume_signals|rma_baseline,0.5,EURCAD,2018-11-20,2018-11-23,-0.9999999999999974,False,-0.9999999999999974,2018-11-23
B|chop|polychromatic_momentum_signals|fisher_transform_signals|damiani_volatmeter_volume_signals|rma_baseline,0.5,EURCAD,2019-05-23,2019-05-30,-0.48622143323048017,False,-0.48622143323048017,2019-05-30
B|chop|polychromatic_momentum_signals|fisher_transform_signals|damiani_volatmeter_volume_signals|rma_baseline,0.5,EURCAD,2019-10-30,2019-11-05,-1.0000000000000093,False,-1.0000000000000093,2019-11-05
B|chop|polychromatic_momentum_signals|fisher_transform_signals|damiani_volatmeter_volume_signals|rma_baseline,0.5,EURCAD,2020-05-07,2020-05-12,-0.8837276398481103,False,-0.8837276398481103,2020-05-12
B|chop|polychromatic_momentum_signals|fisher_transform_signals|damiani_volatmeter_volume_signals|rma_baseline,0.5,EURCAD,2020-12-16,2020-12-21,1.8499999999999936,False,1.8499999999999936,2020-12-21
B|chop|polychromatic_momentum_signals|fisher_transform_signals|damiani_volatmeter_volume_signals|rma_baseline,0.5,EURGBP,2018-02-08,2018-02-09,-0.9999999999999993,False,-0.9999999999999993,2018-02-09
B|chop|polychromatic_momentum_signals|fisher_transform_signals|damiani_volatmeter_volume_signals|rma_baseline,0.5,EURGBP,2018-06-05,2018-06-06,-0.5483015940157486,False,-0.5483015940157486,2018-06-06
B|chop|polychromatic_momentum_signals|fisher_transform_signals|damiani_volatmeter_volume_signals|rma_baseline,0.5,EURJPY,2020-03-30,2020-04-02,1.8499999999999988,False,1.8499999999999988,2020-04-02
B|chop|polychromatic_momentum_signals|fisher_transform_signals|damiani_volatmeter_volume_signals|rma_baseline,0.5,EURUSD,2016-06-29,2016-07-29,-0.4957765554115845,False,-0.4957765554115845,2016-07-29
B|chop|polychromatic_momentum_signals|fisher_transform_signals|damiani_volatmeter_volume_signals|rma_baseline,0.5,EURUSD,2019-03-22,2019-04-12,0.03788444943078401,False,0.03788444943078401,2019-04-12
B|chop|polychromatic_momentum_signals|fisher_transform_signals|damiani_volatmeter_volume_signals|rma_baseline,0.5,EURUSD,2019-06-20,2019-06-24,1.8499999999999934,False,1.8499999999999934,2019-06-24
B|chop|polychromatic_momentum_signals|fisher_transform_signals|damiani_volatmeter_volume_signals|rma_baseline,0.5,EURUSD,2020-03-26,2020-03-31,-1.0000000000000087,False,-1.0000000000000087,2020-03-31
B|chop|polychromatic_momentum_signals|fisher_transform_signals|damiani_volatmeter_volume_signals|rma_baseline,0.5,EURUSD,2020-04-01,2020-04-03,1.8500000000000099,False,1.8500000000000099,2020-04-03
B|chop|polychromatic_momentum_signals|fisher_transform_signals|damiani_volatmeter_volume_signals|rma_baseline,0.5,EURUSD,2020-05-05,2020-05-18,-0.8154634212906197,False,-0.8154634212906197,2020-05-18
B|chop|polychromatic_momentum_signals|fisher_transform_signals|damiani_volatmeter_volume_signals|rma_baseline,0.5,GBPCAD,2020-10-21,2020-10-23,-1.0000000000000042,False,-1.0000000000000042,2020-10-23
B|chop|polychromatic_momentum_signals|fisher_transform_signals|damiani_volatmeter_volume_signals|rma_baseline,0.5,GBPCAD,2020-11-10,2020-12-02,-0.22125149596376556,False,-0.22125149596376556,2020-12-02
B|chop|polychromatic_momentum_signals|fisher_transform_signals|damiani_volatmeter_volume_signals|rma_baseline,0.5,GBPCHF,2019-03-29,2019-04-01,-1.0000000000000022,False,-1.0000000000000022,2019-04-01
B|chop|polychromatic_momentum_signals|fisher_transform_signals|damiani_volatmeter_volume_signals|rma_baseline,0.5,GBPJPY,2018-03-27,2018-03-30,-0.15061152885999007,False,-0.15061152885999007,2018-03-30
B|chop|polychromatic_momentum_signals|fisher_transform_signals|damiani_volatmeter_volume_signals|rma_baseline,0.5,GBPJPY,2018-09-10,2018-09-17,1.8500000000000087,False,1.8500000000000087,2018-09-17
B|chop|polychromatic_momentum_signals|fisher_transform_signals|damiani_volatmeter_volume_signals|rma_baseline,0.5,GBPJPY,2018-10-22,2018-10-26,1.8499999999999894,False,1.8499999999999894,2018-10-26
B|chop|polychromatic_momentum_signals|fisher_transform_signals|damiani_volatmeter_volume_signals|rma_baseline,0.5,GBPJPY,2020-12-23,2021-01-13,1.8499999999999963,True,1.1486120360087935,2020-12-31
B|chop|polychromatic_momentum_signals|fisher_transform_signals|damiani_volatmeter_volume_signals|rma_baseline,0.5,GBPNZD,2018-05-21,2018-05-30,1.8500000000000054,False,1.8500000000000054,2018-05-30
B|chop|polychromatic_momentum_signals|fisher_transform_signals|damiani_volatmeter_volume_signals|rma_baseline,0.5,GBPNZD,2018-08-29,2018-09-05,1.8500000000000056,False,1.8500000000000056,2018-09-05
B|chop|polychromatic_momentum_signals|fisher_transform_signals|damiani_volatmeter_volume_signals|rma_baseline,0.5,GBPNZD,2019-12-17,2019-12-23,1.849999999999997,False,1.849999999999997,2019-12-23
B|chop|polychromatic_momentum_signals|fisher_transform_signals|damiani_volatmeter_volume_signals|rma_baseline,0.5,GBPUSD,2016-06-07,2016-06-09,-0.6293374204965457,False,-0.6293374204965457,2016-06-09
B|chop|polychromatic_momentum_signals|fisher_transform_signals|damiani_volatmeter_volume_signals|rma_baseline,0.5,NZDCAD,2017-05-01,2017-05-11,-1.0000000000000018,False,-1.0000000000000018,2017-05-11
B|chop|polychromatic_momentum_signals|fisher_transform_signals|damiani_volatmeter_volume_signals|rma_baseline,0.5,NZDCAD,2017-05-22,2017-05-31,1.8500000000000008,False,1.8500000000000008,2017-05-31
B|chop|polychromatic_momentum_signals|fisher_transform_signals|damiani_volatmeter_volume_signals|rma_baseline,0.5,NZDCAD,2018-10-24,2018-10-26,-0.38675787933193,False,-0.38675787933193,2018-10-26
B|chop|polychromatic_momentum_signals|fisher_transform_signals|damiani_volatmeter_volume_signals|rma_baseline,0.5,NZDCHF,2016-03-17,2016-03-18,-0.3800893256298721,False,-0.3800893256298721,2016-03-18
B|chop|polychromatic_momentum_signals|fisher_transform_signals|damiani_volatmeter_volume_signals|rma_baseline,0.5,NZDJPY,2016-06-21,2016-06-23,1.8499999999999952,False,1.8499999999999952,2016-06-23
B|chop|polychromatic_momentum_signals|fisher_transform_signals|damiani_volatmeter_volume_signals|rma_baseline,0.5,NZDJPY,2016-06-28,2016-06-30,-0.9999999999999976,False,-0.9999999999999976,2016-06-30
B|chop|polychromatic_momentum_signals|fisher_transform_signals|damiani_volatmeter_volume_signals|rma_baseline,0.5,NZDJPY,2018-05-23,2018-05-29,1.8500000000000005,False,1.8500000000000005,2018-05-29
B|chop|polychromatic_momentum_signals|fisher_transform_signals|damiani_volatmeter_volume_signals|rma_baseline,0.5,NZDUSD,2016-04-28,2016-05-04,-0.9999999999999974,False,-0.9999999999999974,2016-05-04
B|chop|polychromatic_momentum_signals|fisher_transform_signals|damiani_volatmeter_volume_signals|rma_baseline,0.5,NZDUSD,2017-01-18,2017-01-24,1.8499999999999954,False,1.8499999999999954,2017-01-24
B|chop|polychromatic_momentum_signals|fisher_transform_signals|damiani_volatmeter_volume_signals|rma_baseline,0.5,USDCAD,2016-09-12,2016-09-16,1.8499999999999925,False,1.8499999999999925,2016-09-16
B|chop|polychromatic_momentum_signals|fisher_transform_signals|damiani_volatmeter_volume_signals|rma_baseline,0.5,USDCAD,2017-02-28,2017-03-08,1.8499999999999925,False,1.8499999999999925,2017-03-08
B|chop|polychromatic_momentum_signals|fisher_transform_signals|damiani_volatmeter_volume_signals|rma_baseline,0.5,USDCAD,2017-12-07,2017-12-14,-1.0000000000000113,False,-1.0000000000000113,2017-12-14
B|chop|polychromatic_momentum_signals|fisher_transform_signals|damiani_volatmeter_volume_signals|rma_baseline,0.5,USDCAD,2018-09-12,2018-09-27,-0.4513411560937515,False,-0.4513411560937515,2018-09-27
B|chop|polychromatic_momentum_signals|fisher_transform_signals|damiani_volatmeter_volume_signals|rma_baseline,0.5,USDCAD,2018-10-19,2018-10-24,-1.0000000000000058,False,-1.0000000000000058,2018-10-24
B|chop|polychromatic_momentum_signals|fisher_transform_signals|damiani_volatmeter_volume_signals|rma_baseline,0.5,USDCAD,2019-10-02,2019-10-11,-1.0000000000000158,False,-1.0000000000000158,2019-10-11
B|chop|polychromatic_momentum_signals|fisher_transform_signals|damiani_volatmeter_volume_signals|rma_baseline,0.5,USDCHF,2016-08-05,2016-08-10,-0.726275846718076,False,-0.726275846718076,2016-08-10
B|chop|polychromatic_momentum_signals|fisher_transform_signals|damiani_volatmeter_volume_signals|rma_baseline,0.5,USDCHF,2016-09-06,2016-09-09,-0.9999999999999968,False,-0.9999999999999968,2016-09-09
B|chop|polychromatic_momentum_signals|fisher_transform_signals|damiani_volatmeter_volume_signals|rma_baseline,0.5,USDCHF,2017-05-15,2017-05-17,1.8500000000000012,False,1.8500000000000012,2017-05-17
B|chop|polychromatic_momentum_signals|fisher_transform_signals|damiani_volatmeter_volume_signals|rma_baseline,0.5,USDCHF,2018-12-27,2019-01-09,1.849999999999997,False,1.849999999999997,2019-01-09
B|chop|polychromatic_momentum_signals|fisher_transform_signals|damiani_volatmeter_volume_signals|rma_baseline,0.5,USDCHF,2020-05-05,2020-05-12,-0.4189802921106663,False,-0.4189802921106663,2020-05-12
B|chop|polychromatic_momentum_signals|fisher_transform_signals|damiani_volatmeter_volume_signals|rma_baseline,0.5,USDJPY,2016-02-03,2016-02-08,1.8499999999999972,False,1.8499999999999972,2016-02-08
B|chop|polychromatic_momentum_signals|fisher_transform_signals|damiani_volatmeter_volume_signals|rma_baseline,0.5,USDJPY,2017-09-15,2017-09-21,1.85,False,1.85,2017-09-21
B|chop|polychromatic_momentum_signals|fisher_transform_signals|damiani_volatmeter_volume_signals|rma_baseline,0.5,USDJPY,2020-01-08,2020-01-14,1.8500000000000025,False,1.8500000000000025,2020-01-14
B|chop|polychromatic_momentum_signals|fisher_transform_signals|damiani_volatmeter_volume_signals|rma_baseline,0.5,USDJPY,2020-03-27,2020-04-03,-0.4465395687294832,False,-0.4465395687294832,2020-04-03
B|chop|polychromatic_momentum_signals|fisher_transform_signals|damiani_volatmeter_volume_signals|rma_baseline,0.5,USDJPY,2020-11-13,2020-12-16,1.8499999999999956,False,1.8499999999999956,2020-12-16
