sid,src_label,src_mode,slice,c1,c2,vol,base,exit_ind,ft_seconds,adopted,ft_total_R,ft_expectancy_R,ft_profit_factor,ft_sharpe,ft_sortino,ft_calmar,ft_max_dd_R,ft_ulcer_R,ft_win_rate,ft_n_blind,ft_n_w2,ft_n_w3,ft_risk_atr_len,ft_risk_atr_mult,ft_risk_tp_mult,ft_risk_trail_mult,ft_risk_trail_arm,ft_risk_be_pct,ft_ip2,variants,prev_total_R,prev_sortino,at_edge,costed
B|chop|bears_bulls_impulse_signals|schaff_trend_cycle_signals|variance_volume_signals|t3_baseline,B,B,chop,bears_bulls_impulse_signals,schaff_trend_cycle_signals,variance_volume_signals,t3_baseline,adx_dmi_exit,244.8,False,-10.882590662601974,-0.05697691446388468,0.9430725841101115,-0.2165858258801175,-6.65696633162451,-0.18818095788632622,57.830456305657556,31.808458143109185,0.08376963350785341,191,141,50,28,0.2,7.15,1.5,2.0,0.05,"{""base"": {""length"": 12, ""volume_factor"": 0.7}, ""c1"": {""length"": 3}, ""c2"": {""cycleLen"": 10, ""d1"": 2, ""d2"": 6, ""lowerBand"": 25, ""macdFast"": 12, ""macdSlow"": 50, ""stc_midline"": 50, ""upperBand"": 75}, ""exit_ind"": {""adx_smoothing"": 14, ""adx_threshold"": 25, ""di_length"": 14}, ""vol"": {""ema_len"": 2, ""filter_lookback"": 200, ""hline"": 0, ""lookback"": 20}}",0,74.18649428536116,37.03789490899483,,True
B|trend|coral_signals|polychromatic_momentum_signals|chaikin_volatility_volume_signals|wma_baseline,B,B,trend,coral_signals,polychromatic_momentum_signals,chaikin_volatility_volume_signals,wma_baseline,adx_dmi_exit,183.8,False,-84.1185468069476,-0.4005645086045124,0.2657048111136646,-9.154479692935578,-21.362666291782023,-0.9453084329128171,88.98529186685633,68.71635084306934,0.13333333333333333,210,116,94,43,0.75,10.75,1.1,2.6,0.05,"{""base"": {""ma_length"": 37}, ""c1"": {""const_d"": 61, ""smooth_period"": 28}, ""c2"": {""len"": 14}, ""exit_ind"": {""adx_smoothing"": 14, ""adx_threshold"": 25, ""di_length"": 14}, ""vol"": {""cvi_len"": 19, ""roc_len"": 12}}",0,72.30042108554305,29.412139154356527,,True
B|chop|bears_bulls_impulse_signals|ichimoku_signals|variance_volume_signals|t3_baseline,B,B,chop,bears_bulls_impulse_signals,ichimoku_signals,variance_volume_signals,t3_baseline,adx_dmi_exit,140.3,False,-82.0611346528191,-0.43418589763396354,0.5863832104802532,-2.7666998056601675,-33.277082308599695,-0.8761885904639307,93.65693133411926,62.67606921678298,0.10052910052910052,189,100,89,42,0.4,3.1,1.5,2.0,0.05,"{""base"": {""length"": 19, ""volume_factor"": 0.567792}, ""c1"": {""length"": 24}, ""c2"": {""base_len"": 21, ""conversion_len"": 7, ""displacement"": 32, ""span_b_len"": 97}, ""exit_ind"": {""adx_smoothing"": 14, ""adx_threshold"": 25, ""di_length"": 14}, ""vol"": {""ema_len"": 12, ""filter_lookback"": 16, ""hline"": 0, ""lookback"": 20}}",0,68.81310350743833,28.21731122172616,,True
B|chop|ichimoku_signals|fisher_transform_signals|chaikin_volatility_volume_signals|wma_baseline,B,B,chop,ichimoku_signals,fisher_transform_signals,chaikin_volatility_volume_signals,wma_baseline,adx_dmi_exit,82.5,False,-85.2622024801604,-0.43724206400082255,0.5589620288724243,-2.6966339088101385,-33.771723407597705,-0.9294332965787808,91.73568753562874,46.62271993141645,0.11794871794871795,195,115,80,13,0.2,11.25,1.5,2.0,0.05,"{""base"": {""ma_length"": 57}, ""c1"": {""base_len"": 21, ""conversion_len"": 9, ""displacement"": 21, ""span_b_len"": 148}, ""c2"": {""length"": 10}, ""exit_ind"": {""adx_smoothing"": 14, ""adx_threshold"": 25, ""di_length"": 14}, ""vol"": {""cvi_len"": 5, ""roc_len"": 10}}",0,55.22724612582536,40.71074167741873,,True
B|chop|parabolic_sar_signals|bears_bulls_impulse_signals|variance_volume_signals|fantail_vma,B,B,chop,parabolic_sar_signals,bears_bulls_impulse_signals,variance_volume_signals,fantail_vma,adx_dmi_exit,167.8,False,89.88190862073654,0.4449599436670126,1.3549300458882267,0.5713776241687418,8.095995345776538,0.8860532835446177,101.44074886915138,43.13547617658676,0.09900990099009901,202,116,86,26,0.05,13.25,1.5,2.0,0.05,"{""base"": {""fma_adx_length"": 6, ""fma_ma_length"": 7, ""fma_weighting"": 5}, ""c1"": {""sar_increment"": 0.2, ""sar_maximum"": 0.162226, ""sar_start"": 0.02}, ""c2"": {""length"": 11}, ""exit_ind"": {""adx_smoothing"": 14, ""adx_threshold"": 25, ""di_length"": 14}, ""vol"": {""ema_len"": 12, ""filter_lookback"": 87, ""hline"": 0, ""lookback"": 16}}",0,66.97739861294502,24.542451823993776,atr_mult,True
B|chop|center_of_gravity_signals|linreg_slope_signals|efficiency_ratio_volume_signals|fantail_vma,B,B,chop,center_of_gravity_signals,linreg_slope_signals,efficiency_ratio_volume_signals,fantail_vma,adx_dmi_exit,133.5,False,-48.948685188166266,-0.26747915403369543,0.7138009660590052,-1.367928106861877,-4.495730344586758,-0.5220818002123824,93.75673537796948,40.294228564131856,0.22404371584699453,183,114,69,12,0.1,8.0,1.5,2.0,0.05,"{""base"": {""fma_adx_length"": 2, ""fma_ma_length"": 7, ""fma_weighting"": 4}, ""c1"": {""length"": 10, ""signal_length"": 3}, ""c2"": {""length"": 14, ""r2_floor"": 0.02}, ""exit_ind"": {""adx_smoothing"": 14, ""adx_threshold"": 25, ""di_length"": 14}, ""vol"": {""er_threshold"": 0.369854, ""length"": 10}}",0,59.564773269122966,26.84946090579352,,True
B|trend|ehlers_reverse_ema_signals|aroon_signals|variance_volume_signals|tma_baseline,B,B,trend,ehlers_reverse_ema_signals,aroon_signals,variance_volume_signals,tma_baseline,adx_dmi_exit,279.1,False,-78.56150554207852,-0.15050096847141478,0.7023258215801064,-1.36154207611627,-20.386116779910807,-0.8191955461558605,95.90079671542962,47.28926731472674,0.12260536398467432,522,236,286,32,0.15,9.0,0.5,2.9,0.05,"{""base"": {""length"": 16}, ""c1"": {""alpha"": 0.081113}, ""c2"": {""length"": 20}, ""exit_ind"": {""adx_smoothing"": 14, ""adx_threshold"": 25, ""di_length"": 14}, ""vol"": {""ema_len"": 10, ""filter_lookback"": 11, ""hline"": 0, ""lookback"": 20}}",0,50.88718809288832,38.10300364918744,,True
B|chop|aroon_signals|parabolic_sar_signals|choppiness_index_volume_signals|sma_baseline,B,B,chop,aroon_signals,parabolic_sar_signals,choppiness_index_volume_signals,sma_baseline,adx_dmi_exit,77.5,False,-19.681188571096186,-0.10933993650608992,0.888972025631207,-0.7229475178239866,-4.574240397799508,-0.30484528597321237,64.56123639328845,37.699064067748196,0.17777777777777778,180,97,83,7,0.25,1.3,1.5,2.0,0.05,"{""base"": {""length"": 20}, ""c1"": {""length"": 25}, ""c2"": {""sar_increment"": 0.02, ""sar_maximum"": 0.106734, ""sar_start"": 0.016223}, ""exit_ind"": {""adx_smoothing"": 14, ""adx_threshold"": 25, ""di_length"": 14}, ""vol"": {""ci_threshold"": 32.980801, ""length"": 2}}",0,67.36888779280912,22.39247537403855,,True
B|chop|polychromatic_momentum_signals|bears_bulls_impulse_signals|variance_volume_signals|ema_baseline,B,B,chop,polychromatic_momentum_signals,bears_bulls_impulse_signals,variance_volume_signals,ema_baseline,adx_dmi_exit,76.5,False,99.17374487347996,0.4722559279689522,1.5394219309768322,2.0619133686288658,26.91347950888744,3.5999138151616887,27.548921992463203,9.357795077861452,0.22857142857142856,210,136,74,8,0.25,5.95,1.5,2.0,0.05,"{""base"": {""ma_length"": 11}, ""c1"": {""len"": 14}, ""c2"": {""length"": 7}, ""exit_ind"": {""adx_smoothing"": 14, ""adx_threshold"": 25, ""di_length"": 14}, ""vol"": {""ema_len"": 10, ""filter_lookback"": 3, ""hline"": 0, ""lookback"": 57}}",0,53.16938268210387,28.32743073030267,,True
B|chop|ichimoku_signals|price_momentum_oscillator_signals|ttm_squeeze_volume_signals|rma_baseline,B,B,chop,ichimoku_signals,price_momentum_oscillator_signals,ttm_squeeze_volume_signals,rma_baseline,adx_dmi_exit,83.1,False,-28.954664135487327,-0.1821048058835681,0.8385362811729866,-0.5588231508980692,-24.800812000772932,-0.28586321360151024,101.28852807150544,50.61838070337361,0.07547169811320754,159,94,65,20,0.2,7.85,1.5,2.0,0.05,"{""base"": {""ma_length"": 20}, ""c1"": {""base_len"": 14, ""conversion_len"": 9, ""displacement"": 171, ""span_b_len"": 225}, ""c2"": {""s1"": 43, ""s2"": 16, ""sig"": 10}, ""exit_ind"": {""adx_smoothing"": 14, ""adx_threshold"": 25, ""di_length"": 14}, ""vol"": {""bb_length"": 3, ""bb_mult"": 2, ""kc_length"": 25, ""kc_mult"": 1.216696}}",0,49.51871510015593,33.622204249313754,,True
B|chop|fisher_transform_signals|qqe_mod_signals|variance_volume_signals|sma_baseline,B,B,chop,fisher_transform_signals,qqe_mod_signals,variance_volume_signals,sma_baseline,adx_dmi_exit,241.4,False,-15.099759189692747,-0.041827587783082404,0.9403367023941445,-0.31190460121060626,-2.3167558749425283,-0.17611996185111725,85.73564876454667,57.12677805586295,0.22160664819944598,361,156,205,42,0.95,3.2,1.5,2.0,0.05,"{""base"": {""length"": 25}, ""c1"": {""length"": 5}, ""c2"": {""fast_factor"": 10.592725, ""rsi_len"": 9, ""rsi_period"": 11}, ""exit_ind"": {""adx_smoothing"": 14, ""adx_threshold"": 25, ""di_length"": 14}, ""vol"": {""ema_len"": 12, ""filter_lookback"": 200, ""hline"": 0, ""lookback"": 16}}",0,130.35444081599752,18.98565072449612,,True
B|chop|linreg_slope_signals|vortex_signals|variance_volume_signals|fantail_vma,B,B,chop,linreg_slope_signals,vortex_signals,variance_volume_signals,fantail_vma,adx_dmi_exit,155.7,False,-33.659297359190454,-0.24749483352345922,0.7735328168889289,-0.6064800120582751,-9.49598761800092,-0.550088546267341,61.188871478215,28.9057243420586,0.058823529411764705,136,82,54,47,0.2,14.0,1.5,2.0,0.05,"{""base"": {""fma_adx_length"": 2, ""fma_ma_length"": 60, ""fma_weighting"": 12}, ""c1"": {""length"": 17, ""r2_floor"": 0.2}, ""c2"": {""period"": 40}, ""exit_ind"": {""adx_smoothing"": 14, ""adx_threshold"": 25, ""di_length"": 14}, ""vol"": {""ema_len"": 100, ""filter_lookback"": 2, ""hline"": 0, ""lookback"": 87}}",0,51.24149965736153,27.59141302707426,,True
B|trend|hieken_ashi_smoothed_signals|center_of_gravity_signals|volatility_ratio_volume_signals|t3_baseline,B,B,trend,hieken_ashi_smoothed_signals,center_of_gravity_signals,volatility_ratio_volume_signals,t3_baseline,adx_dmi_exit,1504.1,False,-88.82596923772739,-0.19394316427451397,0.6291746938140916,-2.5554419744068806,-8.646363947753954,-0.889272013996652,99.88616288340972,34.056245478092706,0.12882096069868995,458,278,180,6,0.15,6.95,0.5,1.45,0.05,"{""base"": {""length"": 12, ""volume_factor"": 0.7}, ""c1"": {""alma_offset1"": 0.85, ""alma_offset2"": 0.85, ""alma_sigma1"": 6, ""alma_sigma2"": 6, ""ama_smooth1"": 0.181, ""ama_smooth2"": 0.181, ""frama_t1_a"": 1, ""frama_t1_b"": 168, ""frama_t2_a"": 1, ""frama_t2_b"": 168, ""lsma_offset1"": 0, ""lsma_offset2"": 0, ""ma_len1"": 8, ""ma_len2"": 8, ""vol_factor1"": 0.82, ""vol_factor2"": 0.82}, ""c2"": {""length"": 12, ""signal_length"": 3}, ""exit_ind"": {""adx_smoothing"": 14, ""adx_threshold"": 25, ""di_length"": 14}, ""vol"": {""length"": 26}}",0,89.22339466251594,18.996511061272304,,True
B|chop|kuskus_starlight_signals|bears_bulls_impulse_signals|volatility_ratio_volume_signals|fantail_vma,B,B,chop,kuskus_starlight_signals,bears_bulls_impulse_signals,volatility_ratio_volume_signals,fantail_vma,adx_dmi_exit,205.5,False,-31.825196959045847,-0.14871587364040115,0.8296966570975942,-1.0456562775287244,-14.152656016063995,-0.43361029312450855,73.39585213653459,42.36381301158114,0.1542056074766355,214,112,102,4,0.55,11.25,1.5,2.0,0.05,"{""base"": {""fma_adx_length"": 2, ""fma_ma_length"": 39, ""fma_weighting"": 2}, ""c1"": {""index_smooth"": 0.7, ""price_smooth"": 0.7, ""range_periods"": 3}, ""c2"": {""length"": 56}, ""exit_ind"": {""adx_smoothing"": 14, ""adx_threshold"": 25, ""di_length"": 14}, ""vol"": {""length"": 140}}",0,70.8592730782831,19.83642828310525,,True
B|trend|trend_direction_force_index_signals|kalman_filter_signals|choppiness_index_volume_signals|ema_baseline,B,B,trend,trend_direction_force_index_signals,kalman_filter_signals,choppiness_index_volume_signals,ema_baseline,adx_dmi_exit,121.4,False,-15.19990792613972,-0.1519990792613972,0.7010904634737012,-1.553379506119813,-73.65885284638368,-0.46389303770878376,32.76597553870102,17.5748202629186,0.1,100,84,16,50,0.8,7.9,0.65,1.4,0.05,"{""base"": {""ma_length"": 25}, ""c1"": {""fhigh"": 0.216438, ""flow"": -0.142402, ""lookback"": 37}, ""c2"": {""k"": 1, ""sharpness"": 1}, ""exit_ind"": {""adx_smoothing"": 14, ""adx_threshold"": 25, ""di_length"": 14}, ""vol"": {""ci_threshold"": 61.8, ""length"": 2}}",0,45.55733992880613,38.9025506642746,,True
B|trend|coral_signals|vortex_signals|chaikin_volatility_volume_signals|fantail_vma,B,B,trend,coral_signals,vortex_signals,chaikin_volatility_volume_signals,fantail_vma,adx_dmi_exit,442.6,False,-77.16444950274318,-0.11835038267291899,0.7042063704780818,-0.8495465063001627,-6.413939028258125,-0.6760713876577442,114.13654077283192,88.04851446926156,0.20552147239263804,652,236,416,2,0.95,5.35,0.5,1.6,0.001,"{""base"": {""fma_adx_length"": 2, ""fma_ma_length"": 7, ""fma_weighting"": 8}, ""c1"": {""const_d"": 11, ""smooth_period"": 10}, ""c2"": {""period"": 61}, ""exit_ind"": {""adx_smoothing"": 14, ""adx_threshold"": 25, ""di_length"": 14}, ""vol"": {""cvi_len"": 43, ""roc_len"": 6}}",0,74.90620402458077,19.13596831212124,,True
B|trend|fisher_transform_signals|coral_signals|williams_vix_fix_volume_signals|hma_baseline,B,B,trend,fisher_transform_signals,coral_signals,williams_vix_fix_volume_signals,hma_baseline,adx_dmi_exit,149.0,False,33.41823146009192,0.09945902220265451,1.2327982636111816,1.0012983644395672,23.187302098923222,0.886270275307845,37.706591760040844,16.612868192386358,0.2261904761904762,336,244,92,41,0.3,3.85,0.5,1.0,0.05,"{""base"": {""ma_length"": 16}, ""c1"": {""length"": 10}, ""c2"": {""const_d"": 14, ""smooth_period"": 10}, ""exit_ind"": {""adx_smoothing"": 14, ""adx_threshold"": 25, ""di_length"": 14}, ""vol"": {""bb_length"": 7, ""bb_mult"": 2, ""lookback"": 220}}",0,54.14197585344769,22.81706424609724,,True
B|chop|kuskus_starlight_signals|center_of_gravity_signals|variance_volume_signals|rma_baseline,B,B,chop,kuskus_starlight_signals,center_of_gravity_signals,variance_volume_signals,rma_baseline,adx_dmi_exit,184.0,False,26.718461836027345,0.09150158163023063,1.1211196776402248,0.4039225648888858,4.1017549618812525,0.5670610908437529,47.11743102717888,16.437062565995717,0.2328767123287671,292,211,81,13,0.15,15.0,1.5,2.0,0.05,"{""base"": {""ma_length"": 37}, ""c1"": {""index_smooth"": 0.862993, ""price_smooth"": 0.106394, ""range_periods"": 30}, ""c2"": {""length"": 10, ""signal_length"": 6}, ""exit_ind"": {""adx_smoothing"": 14, ""adx_threshold"": 25, ""di_length"": 14}, ""vol"": {""ema_len"": 28, ""filter_lookback"": 20, ""hline"": 0, ""lookback"": 57}}",0,63.88477946960069,19.958616086341163,tp_mult,True
B|chop|fx_sniper_ergodic_cci_signals|hieken_ashi_smoothed_signals|variance_volume_signals|kama_baseline,B,B,chop,fx_sniper_ergodic_cci_signals,hieken_ashi_smoothed_signals,variance_volume_signals,kama_baseline,adx_dmi_exit,1420.7,False,55.80897666069355,0.15165482788231943,1.2326565211492069,1.1505967041126128,6.266348266919398,2.903689136659257,19.22002460804145,7.335732836058228,0.3342391304347826,368,247,121,50,0.45,9.5,1.5,2.0,0.05,"{""base"": {""fast_length"": 2, ""length"": 8, ""slow_length"": 30}, ""c1"": {""cci_length"": 14, ""ema1_length"": 5, ""ema2_length"": 3, ""trigger_length"": 5}, ""c2"": {""alma_offset1"": 0.85, ""alma_offset2"": 0.85, ""alma_sigma1"": 6, ""alma_sigma2"": 6, ""ama_smooth1"": 0.181, ""ama_smooth2"": 0.181, ""frama_t1_a"": 1, ""frama_t1_b"": 168, ""frama_t2_a"": 1, ""frama_t2_b"": 168, ""lsma_offset1"": 0, ""lsma_offset2"": 0, ""ma_len1"": 2, ""ma_len2"": 10, ""vol_factor1"": 0.124633, ""vol_factor2"": 0.82}, ""exit_ind"": {""adx_smoothing"": 14, ""adx_threshold"": 25, ""di_length"": 14}, ""vol"": {""ema_len"": 8, ""filter_lookback"": 200, ""hline"": 0, ""lookback"": 20}}",0,72.04611754023186,18.495048776497217,,True
B|trend|ssl_channel_signals|relative_vigor_index_signals|chaikin_volatility_volume_signals|tma_baseline,B,B,trend,ssl_channel_signals,relative_vigor_index_signals,chaikin_volatility_volume_signals,tma_baseline,adx_dmi_exit,173.5,False,34.504375491716225,0.1380175019668649,1.4199405585491875,1.6333709749184446,15.88751912115026,1.6211455292469366,21.283946980222304,9.373377609806978,0.248,250,124,126,4,1.0,5.75,1.7,1.0,0.001,"{""base"": {""length"": 37}, ""c1"": {""len"": 10}, ""c2"": {""len"": 12}, ""exit_ind"": {""adx_smoothing"": 14, ""adx_threshold"": 25, ""di_length"": 14}, ""vol"": {""cvi_len"": 10, ""roc_len"": 10}}",0,51.1485816925926,23.54723098533124,,True
B|trend|kalman_filter_signals|vortex_signals|variance_volume_signals|ema_baseline,B,B,trend,kalman_filter_signals,vortex_signals,variance_volume_signals,ema_baseline,adx_dmi_exit,168.0,False,-7.282872238897657,-0.04495600147467689,0.9304775240268209,-0.2846158682368077,-0.6871795923396326,-0.11690241388734614,62.298732735457875,17.181595823445235,0.14814814814814814,162,120,42,31,0.05,11.75,0.5,1.45,0.05,"{""base"": {""ma_length"": 25}, ""c1"": {""k"": 10, ""sharpness"": 1}, ""c2"": {""period"": 14}, ""exit_ind"": {""adx_smoothing"": 14, ""adx_threshold"": 25, ""di_length"": 14}, ""vol"": {""ema_len"": 28, ""filter_lookback"": 200, ""hline"": 0, ""lookback"": 20}}",0,42.858732470757055,40.33750336527419,atr_mult,True
B|chop|bears_bulls_impulse_signals|dpo_signals|variance_volume_signals|sma_baseline,B,B,chop,bears_bulls_impulse_signals,dpo_signals,variance_volume_signals,sma_baseline,adx_dmi_exit,82.0,False,6.121476076066141,0.029149886076505434,1.0355981831670946,0.19667990781166758,2.624783911351328,0.14666541055015697,41.73769434186192,22.020440575776995,0.2,210,99,111,2,0.5,3.75,1.5,2.0,0.05,"{""base"": {""length"": 37}, ""c1"": {""length"": 11}, ""c2"": {""len"": 142}, ""exit_ind"": {""adx_smoothing"": 14, ""adx_threshold"": 25, ""di_length"": 14}, ""vol"": {""ema_len"": 66, ""filter_lookback"": 200, ""hline"": 0, ""lookback"": 16}}",0,57.44168994949198,20.16279961035149,,True
B|trend|laguerre_filter_signals|polychromatic_momentum_signals|chaikin_volatility_volume_signals|sma_baseline,B,B,trend,laguerre_filter_signals,polychromatic_momentum_signals,chaikin_volatility_volume_signals,sma_baseline,adx_dmi_exit,179.4,False,-149.09448719593377,-0.5287038553047296,0.238556346939584,-8.431899958179608,-18.9675774563462,-0.9981376246155388,149.37267518931748,112.29341545705648,0.07092198581560284,282,126,156,4,0.3,11.75,0.65,2.0,0.05,"{""base"": {""length"": 25}, ""c1"": {""alpha"": 0.569607}, ""c2"": {""len"": 14}, ""exit_ind"": {""adx_smoothing"": 14, ""adx_threshold"": 25, ""di_length"": 14}, ""vol"": {""cvi_len"": 28, ""roc_len"": 10}}",0,58.12204448947069,19.53956445878136,,True
B|trend|coppock_curve_signals|hieken_ashi_smoothed_signals|variance_volume_signals|sma_baseline,B,B,trend,coppock_curve_signals,hieken_ashi_smoothed_signals,variance_volume_signals,sma_baseline,adx_dmi_exit,1356.5,False,-49.30562288555524,-0.3377097457914742,0.5338325223128062,-2.327792508595948,-3.4374002870795586,-0.6878515950403682,71.68061140086711,27.67220865537097,0.1232876712328767,146,102,44,18,0.05,14.25,0.5,1.0,0.05,"{""base"": {""length"": 16}, ""c1"": {""long_roc"": 140, ""short_roc"": 2, ""smooth_len"": 100}, ""c2"": {""alma_offset1"": 0.85, ""alma_offset2"": 0.85, ""alma_sigma1"": 6, ""alma_sigma2"": 6, ""ama_smooth1"": 0.181, ""ama_smooth2"": 0.181, ""frama_t1_a"": 1, ""frama_t1_b"": 168, ""frama_t2_a"": 1, ""frama_t2_b"": 168, ""lsma_offset1"": 0, ""lsma_offset2"": 0, ""ma_len1"": 6, ""ma_len2"": 8, ""vol_factor1"": 0.82, ""vol_factor2"": 0.82}, ""exit_ind"": {""adx_smoothing"": 14, ""adx_threshold"": 25, ""di_length"": 14}, ""vol"": {""ema_len"": 28, ""filter_lookback"": 200, ""hline"": 0, ""lookback"": 20}}",0,43.030917336716584,30.824261028111195,atr_mult,True
B|trend|laguerre_filter_signals|coral_signals|chaikin_volatility_volume_signals|vidya,B,B,trend,laguerre_filter_signals,coral_signals,chaikin_volatility_volume_signals,vidya,adx_dmi_exit,290.0,False,20.11512258922771,0.03838763852906051,1.110347610179128,0.4740925500148781,4.242381829516528,0.6370566852361171,31.575090655821768,13.218929588156936,0.22137404580152673,524,420,104,21,0.8,11.0,1.1,2.85,0.05,"{""base"": {""vda_length"": 9}, ""c1"": {""alpha"": 0.2}, ""c2"": {""const_d"": 40, ""smooth_period"": 28}, ""exit_ind"": {""adx_smoothing"": 14, ""adx_threshold"": 25, ""di_length"": 14}, ""vol"": {""cvi_len"": 28, ""roc_len"": 15}}",0,56.33583647063702,19.408986139254377,,True
B|chop|hieken_ashi_smoothed_signals|parabolic_sar_signals|volatility_ratio_volume_signals|rma_baseline,B,B,chop,hieken_ashi_smoothed_signals,parabolic_sar_signals,volatility_ratio_volume_signals,rma_baseline,adx_dmi_exit,1346.1,False,-109.56493940934844,-0.2816579419263456,0.7033449473598687,-1.1215423123196768,-22.93658165893445,-0.6270820997092034,174.7218417814142,126.71015178027724,0.13881748071979436,389,150,239,10,0.55,2.1,1.5,2.0,0.05,"{""base"": {""ma_length"": 11}, ""c1"": {""alma_offset1"": 0.85, ""alma_offset2"": 0.85, ""alma_sigma1"": 6, ""alma_sigma2"": 6, ""ama_smooth1"": 0.181, ""ama_smooth2"": 0.181, ""frama_t1_a"": 1, ""frama_t1_b"": 168, ""frama_t2_a"": 1, ""frama_t2_b"": 168, ""lsma_offset1"": 0, ""lsma_offset2"": 0, ""ma_len1"": 10, ""ma_len2"": 8, ""vol_factor1"": 0.82, ""vol_factor2"": 0.82}, ""c2"": {""sar_increment"": 0.024657, ""sar_maximum"": 0.162226, ""sar_start"": 0.02}, ""exit_ind"": {""adx_smoothing"": 14, ""adx_threshold"": 25, ""di_length"": 14}, ""vol"": {""length"": 17}}",0,98.81930577146348,16.010239927175043,,True
B|trend|schaff_trend_cycle_signals|ssl_channel_signals|chaikin_volatility_volume_signals|ema_baseline,B,B,trend,schaff_trend_cycle_signals,ssl_channel_signals,chaikin_volatility_volume_signals,ema_baseline,adx_dmi_exit,348.9,False,-89.32162029990859,-0.45111929444398274,0.32036911258712275,-5.445837080850421,-19.08271205148779,-0.8965993187989725,99.62267249941496,70.43085220937638,0.06060606060606061,198,74,124,3,0.3,15.0,0.5,1.75,0.05,"{""base"": {""ma_length"": 37}, ""c1"": {""cycleLen"": 10, ""d1"": 3, ""d2"": 4, ""lowerBand"": 25, ""macdFast"": 19, ""macdSlow"": 41, ""stc_midline"": 62, ""upperBand"": 75}, ""c2"": {""len"": 66}, ""exit_ind"": {""adx_smoothing"": 14, ""adx_threshold"": 25, ""di_length"": 14}, ""vol"": {""cvi_len"": 10, ""roc_len"": 3}}",0,63.54167386918824,17.442293710273706,tp_mult,True
B|chop|waddah_attar_explosion_signals|hieken_ashi_smoothed_signals|choppiness_index_volume_signals|ema_baseline,B,B,chop,waddah_attar_explosion_signals,hieken_ashi_smoothed_signals,choppiness_index_volume_signals,ema_baseline,adx_dmi_exit,1482.7,True,68.96084498921236,0.3648721957101183,1.4456687228629548,1.3480672048526807,25.481831525811625,1.8793466022668845,36.69405361737488,16.387912858528452,0.164021164021164,189,128,61,34,0.5,4.2,1.5,2.0,0.05,"{""base"": {""ma_length"": 25}, ""c1"": {""bbLen"": 200, ""bbStd"": 2, ""fastEma"": 132, ""sensitivity"": 23, ""slowEma"": 21}, ""c2"": {""alma_offset1"": 0.85, ""alma_offset2"": 0.85, ""alma_sigma1"": 6, ""alma_sigma2"": 6, ""ama_smooth1"": 0.181, ""ama_smooth2"": 0.181, ""frama_t1_a"": 1, ""frama_t1_b"": 168, ""frama_t2_a"": 1, ""frama_t2_b"": 168, ""lsma_offset1"": 0, ""lsma_offset2"": 0, ""ma_len1"": 2, ""ma_len2"": 6, ""vol_factor1"": 0.082, ""vol_factor2"": 0.82}, ""exit_ind"": {""adx_smoothing"": 14, ""adx_threshold"": 25, ""di_length"": 14}, ""vol"": {""ci_threshold"": 50.127885, ""length"": 7}}",0,48.10673609116404,21.71711352349137,,True
B|chop|parabolic_sar_signals|dpo_signals|variance_volume_signals|rma_baseline,B,B,chop,parabolic_sar_signals,dpo_signals,variance_volume_signals,rma_baseline,adx_dmi_exit,110.1,False,-175.10536729871762,-0.627617803938056,0.5617600258265985,-2.1544011628043687,-10.554074250921113,-0.8211442522449637,213.24556169027437,100.01475244677498,0.1003584229390681,279,132,147,4,0.05,15.0,1.5,2.0,0.05,"{""base"": {""ma_length"": 20}, ""c1"": {""sar_increment"": 0.016223, ""sar_maximum"": 0.070224, ""sar_start"": 0.010673}, ""c2"": {""len"": 50}, ""exit_ind"": {""adx_smoothing"": 14, ""adx_threshold"": 25, ""di_length"": 14}, ""vol"": {""ema_len"": 10, ""filter_lookback"": 200, ""hline"": 0, ""lookback"": 16}}",0,64.01103531614538,17.1433124477708,"tp_mult,atr_mult",True
B|trend|parabolic_sar_signals|waddah_attar_explosion_signals|williams_vix_fix_volume_signals|mcginley_dynamic_index,B,B,trend,parabolic_sar_signals,waddah_attar_explosion_signals,williams_vix_fix_volume_signals,mcginley_dynamic_index,adx_dmi_exit,263.6,False,-75.16668546265244,-0.7091196741759664,0.07676062781410561,-17.183277564883713,-28.4364259022612,-1.0115996220569554,74.304778119441,50.42523351384461,0.03773584905660377,106,76,30,14,0.5,3.0,0.5,2.1,0.001,"{""base"": {""mci_length"": 11}, ""c1"": {""sar_increment"": 0.2, ""sar_maximum"": 0.2, ""sar_start"": 0.010673}, ""c2"": {""bbLen"": 57, ""bbStd"": 2, ""fastEma"": 57, ""sensitivity"": 150, ""slowEma"": 40}, ""exit_ind"": {""adx_smoothing"": 14, ""adx_threshold"": 25, ""di_length"": 14}, ""vol"": {""bb_length"": 20, ""bb_mult"": 2, ""lookback"": 8}}",0,39.426496266036295,33.660626792526436,,True
B|trend|polychromatic_momentum_signals|lemantrend_signals|chaikin_volatility_volume_signals|ema_baseline,B,B,trend,polychromatic_momentum_signals,lemantrend_signals,chaikin_volatility_volume_signals,ema_baseline,adx_dmi_exit,182.9,False,-0.2892075250786177,-0.0023323187506340136,0.9920254697029214,-0.04881114738437362,-0.22525860209969534,-0.022594799102847996,12.799738725809874,7.001499960202147,0.23387096774193547,124,74,50,2,0.8,1.65,1.3,1.85,0.001,"{""base"": {""ma_length"": 87}, ""c1"": {""len"": 14}, ""c2"": {""fast_period"": 18, ""medium_period"": 2, ""slow_period"": 16, ""smooth"": 4}, ""exit_ind"": {""adx_smoothing"": 14, ""adx_threshold"": 25, ""di_length"": 14}, ""vol"": {""cvi_len"": 100, ""roc_len"": 6}}",0,48.81039532188363,20.748297524173545,,True
B|trend|j_tpo_signals|lemantrend_signals|damiani_volatmeter_volume_signals|sma_baseline,B,B,trend,j_tpo_signals,lemantrend_signals,damiani_volatmeter_volume_signals,sma_baseline,adx_dmi_exit,357.5,False,1.573597565852893,0.011743265416812634,1.0278966526506927,0.11888370959003651,1.346268629290038,0.07848470992109753,20.049734112986673,9.693093178009017,0.19402985074626866,134,66,68,49,0.85,7.6,0.5,1.0,0.05,"{""base"": {""length"": 25}, ""c1"": {""ema_len"": 200, ""len"": 40}, ""c2"": {""fast_period"": 34, ""medium_period"": 2, ""slow_period"": 11, ""smooth"": 13}, ""exit_ind"": {""adx_smoothing"": 14, ""adx_threshold"": 25, ""di_length"": 14}, ""vol"": {""lag"": 1.4, ""sedimentation"": 50, ""threshold"": 1.4, ""viscosity"": 4}}",0,39.29242444734161,31.500080418872237,,True
B|chop|price_momentum_oscillator_signals|center_of_gravity_signals|efficiency_ratio_volume_signals|fantail_vma,B,B,chop,price_momentum_oscillator_signals,center_of_gravity_signals,efficiency_ratio_volume_signals,fantail_vma,adx_dmi_exit,166.6,False,-15.09879863876608,-0.08778371301608186,0.9153802199985362,-0.4374849273974914,-10.222096393674104,-0.41279772606963017,36.57674857496486,19.005562093515724,0.11627906976744186,172,113,59,19,0.25,1.6,1.5,2.0,0.05,"{""base"": {""fma_adx_length"": 2, ""fma_ma_length"": 26, ""fma_weighting"": 10}, ""c1"": {""s1"": 35, ""s2"": 25, ""sig"": 10}, ""c2"": {""length"": 66, ""signal_length"": 2}, ""exit_ind"": {""adx_smoothing"": 14, ""adx_threshold"": 25, ""di_length"": 14}, ""vol"": {""er_threshold"": 0.369854, ""length"": 10}}",0,47.66056163115616,20.75366403057868,,True
B|trend|lemantrend_signals|hieken_ashi_smoothed_signals|chaikin_volatility_volume_signals|sma_baseline,B,B,trend,lemantrend_signals,hieken_ashi_smoothed_signals,chaikin_volatility_volume_signals,sma_baseline,adx_dmi_exit,1472.1,False,-102.24846413807475,-0.32153605074866276,0.5697406470730932,-1.843694276517371,-4.044372477219628,-0.549574453443717,186.05024942002004,119.99650376968972,0.06289308176100629,318,102,216,5,0.2,13.75,0.5,2.0,0.05,"{""base"": {""length"": 20}, ""c1"": {""fast_period"": 28, ""medium_period"": 210, ""slow_period"": 11, ""smooth"": 6}, ""c2"": {""alma_offset1"": 0.85, ""alma_offset2"": 0.85, ""alma_sigma1"": 6, ""alma_sigma2"": 6, ""ama_smooth1"": 0.181, ""ama_smooth2"": 0.181, ""frama_t1_a"": 1, ""frama_t1_b"": 168, ""frama_t2_a"": 1, ""frama_t2_b"": 168, ""lsma_offset1"": 0, ""lsma_offset2"": 0, ""ma_len1"": 8, ""ma_len2"": 8, ""vol_factor1"": 0.82, ""vol_factor2"": 0.82}, ""exit_ind"": {""adx_smoothing"": 14, ""adx_threshold"": 25, ""di_length"": 14}, ""vol"": {""cvi_len"": 8, ""roc_len"": 4}}",0,63.56526657063403,16.548042266386155,,True
B|chop|polychromatic_momentum_signals|mama_fama_signals|efficiency_ratio_volume_signals|ema_baseline,B,B,chop,polychromatic_momentum_signals,mama_fama_signals,efficiency_ratio_volume_signals,ema_baseline,adx_dmi_exit,218.6,False,-119.12777174092449,-0.5926754812981317,0.46904229497796096,-3.5248547613762566,-23.37217885082402,-0.8645995236028989,137.7837582474063,59.36637928318977,0.12437810945273632,201,94,107,19,0.1,6.3,1.5,2.0,0.05,"{""base"": {""ma_length"": 11}, ""c1"": {""len"": 14}, ""c2"": {""fast_limit"": 1.424018, ""slow_limit"": 0.142402}, ""exit_ind"": {""adx_smoothing"": 14, ""adx_threshold"": 25, ""di_length"": 14}, ""vol"": {""er_threshold"": 0.369854, ""length"": 10}}",0,63.8519075067347,16.30934465632266,,True
B|trend|ssl_channel_signals|kuskus_starlight_signals|chaikin_volatility_volume_signals|wma_baseline,B,B,trend,ssl_channel_signals,kuskus_starlight_signals,chaikin_volatility_volume_signals,wma_baseline,adx_dmi_exit,284.7,False,-143.09813574970292,-0.4184156016073185,0.17232764530723618,-11.5332984199615,-19.593351473011655,-0.9998043791517689,143.12613420548024,104.23909316457369,0.14035087719298245,342,146,196,5,0.95,12.0,0.65,2.0,0.05,"{""base"": {""ma_length"": 37}, ""c1"": {""len"": 10}, ""c2"": {""index_smooth"": 0.373569, ""price_smooth"": 0.567792, ""range_periods"": 85}, ""exit_ind"": {""adx_smoothing"": 14, ""adx_threshold"": 25, ""di_length"": 14}, ""vol"": {""cvi_len"": 43, ""roc_len"": 10}}",0,55.92695655680036,17.201809813757023,,True
B|trend|trend_direction_force_index_signals|polychromatic_momentum_signals|volatility_ratio_volume_signals|sma_baseline,B,B,trend,trend_direction_force_index_signals,polychromatic_momentum_signals,volatility_ratio_volume_signals,sma_baseline,adx_dmi_exit,128.2,False,-25.16003949351576,-0.24666705385799767,0.5915569535225798,-1.9369016877020018,-35.59372099660175,-0.5461732524729837,46.066041095193135,27.420927130656345,0.058823529411764705,102,42,60,25,0.25,2.95,0.55,1.0,0.001,"{""base"": {""length"": 37}, ""c1"": {""fhigh"": 0.5, ""flow"": -0.061642, ""lookback"": 7}, ""c2"": {""len"": 14}, ""exit_ind"": {""adx_smoothing"": 14, ""adx_threshold"": 25, ""di_length"": 14}, ""vol"": {""length"": 61}}",0,35.4106783112387,48.358894738620286,,True
B|trend|polychromatic_momentum_signals|ssl_channel_signals|chaikin_volatility_volume_signals|tma_baseline,B,B,trend,polychromatic_momentum_signals,ssl_channel_signals,chaikin_volatility_volume_signals,tma_baseline,adx_dmi_exit,236.9,True,98.14303509102699,0.22613602555536172,1.5965960885326567,0.8744892485319484,35.24591200791951,2.716599541289793,36.12716324189263,13.38164528092043,0.22580645161290322,434,330,104,2,0.3,15.0,0.9,2.2,0.001,"{""base"": {""length"": 37}, ""c1"": {""len"": 17}, ""c2"": {""len"": 12}, ""exit_ind"": {""adx_smoothing"": 14, ""adx_threshold"": 25, ""di_length"": 14}, ""vol"": {""cvi_len"": 28, ""roc_len"": 12}}",0,52.06448414190823,17.71548122595921,tp_mult,True
B|chop|fx_sniper_ergodic_cci_signals|schaff_trend_cycle_signals|variance_volume_signals|fantail_vma,B,B,chop,fx_sniper_ergodic_cci_signals,schaff_trend_cycle_signals,variance_volume_signals,fantail_vma,adx_dmi_exit,298.5,False,103.87141584227597,0.6971235962568857,1.4776964638729526,1.3206072253638224,12.719681034958835,1.7463894263772852,59.477808484987854,28.940419847358587,0.12080536912751678,149,80,69,10,0.35,5.45,1.5,2.0,0.05,"{""base"": {""fma_adx_length"": 20, ""fma_ma_length"": 17, ""fma_weighting"": 2}, ""c1"": {""cci_length"": 14, ""ema1_length"": 6, ""ema2_length"": 3, ""trigger_length"": 6}, ""c2"": {""cycleLen"": 8, ""d1"": 9, ""d2"": 6, ""lowerBand"": 25, ""macdFast"": 28, ""macdSlow"": 50, ""stc_midline"": 41, ""upperBand"": 75}, ""exit_ind"": {""adx_smoothing"": 14, ""adx_threshold"": 25, ""di_length"": 14}, ""vol"": {""ema_len"": 8, ""filter_lookback"": 200, ""hline"": 0, ""lookback"": 16}}",0,76.96980065168808,14.8612905200251,,True
B|chop|lemantrend_signals|vortex_signals|variance_volume_signals|super_smoother_2pole_baseline,B,B,chop,lemantrend_signals,vortex_signals,variance_volume_signals,super_smoother_2pole_baseline,adx_dmi_exit,166.2,False,-24.812621446892482,-0.17230987115897556,0.7847724768931689,-1.3641520025179144,-10.913952445257774,-0.3966979042109989,62.54790152280448,37.06736035855672,0.2361111111111111,144,79,65,7,0.45,3.95,1.5,2.0,0.05,"{""base"": {""cutoff_period"": 15}, ""c1"": {""fast_period"": 18, ""medium_period"": 21, ""slow_period"": 3, ""smooth"": 6}, ""c2"": {""period"": 7}, ""exit_ind"": {""adx_smoothing"": 14, ""adx_threshold"": 25, ""di_length"": 14}, ""vol"": {""ema_len"": 10, ""filter_lookback"": 132, ""hline"": 0, ""lookback"": 16}}",0,51.15404241349584,17.88818276452039,,True
B|chop|qqe_mod_signals|waddah_attar_explosion_signals|variance_volume_signals|ema_baseline,B,B,chop,qqe_mod_signals,waddah_attar_explosion_signals,variance_volume_signals,ema_baseline,adx_dmi_exit,365.5,False,-16.84069796169523,-0.07760690304928677,0.9075401342808239,-0.49873385861977465,-4.453048711494848,-0.47378094935449994,35.54532529144479,16.36233868259297,0.15668202764976957,217,125,92,8,0.3,3.2,1.5,2.0,0.05,"{""base"": {""ma_length"": 25}, ""c1"": {""fast_factor"": 1.61, ""rsi_len"": 5, ""rsi_period"": 6}, ""c2"": {""bbLen"": 87, ""bbStd"": 2, ""fastEma"": 5, ""sensitivity"": 53, ""slowEma"": 32}, ""exit_ind"": {""adx_smoothing"": 14, ""adx_threshold"": 25, ""di_length"": 14}, ""vol"": {""ema_len"": 28, ""filter_lookback"": 200, ""hline"": 0, ""lookback"": 16}}",0,49.51309019283785,18.21016955050145,,True
B|trend|dspo_signals|polychromatic_momentum_signals|chaikin_volatility_volume_signals|sma_baseline,B,B,trend,dspo_signals,polychromatic_momentum_signals,chaikin_volatility_volume_signals,sma_baseline,adx_dmi_exit,158.1,False,-40.5896108596433,-0.17495521922260043,0.6341628082593705,-2.4954363122004652,-10.958750406981551,-0.6411975054944917,63.30282091216275,43.0005801310933,0.16379310344827586,232,88,144,11,0.85,6.7,0.6,1.0,0.05,"{""base"": {""length"": 37}, ""c1"": {""len"": 5}, ""c2"": {""len"": 14}, ""exit_ind"": {""adx_smoothing"": 14, ""adx_threshold"": 25, ""di_length"": 14}, ""vol"": {""cvi_len"": 28, ""roc_len"": 12}}",0,39.72333491600762,24.41393689196243,,True
B|trend|lemantrend_signals|hieken_ashi_smoothed_signals|volatility_ratio_volume_signals|sma_baseline,B,B,trend,lemantrend_signals,hieken_ashi_smoothed_signals,volatility_ratio_volume_signals,sma_baseline,adx_dmi_exit,1445.0,False,-33.2139375677811,-0.25948388724828986,0.5708512648964931,-1.4563449147256273,-43.80120715619769,-0.5758840900924208,57.674692076405094,31.341262090760793,0.015625,128,88,40,24,0.1,12.5,0.5,2.0,0.05,"{""base"": {""length"": 132}, ""c1"": {""fast_period"": 28, ""medium_period"": 210, ""slow_period"": 13, ""smooth"": 3}, ""c2"": {""alma_offset1"": 0.85, ""alma_offset2"": 0.85, ""alma_sigma1"": 6, ""alma_sigma2"": 6, ""ama_smooth1"": 0.181, ""ama_smooth2"": 0.181, ""frama_t1_a"": 1, ""frama_t1_b"": 168, ""frama_t2_a"": 1, ""frama_t2_b"": 168, ""lsma_offset1"": 0, ""lsma_offset2"": 0, ""ma_len1"": 23, ""ma_len2"": 10, ""vol_factor1"": 2.335389, ""vol_factor2"": 0.82}, ""exit_ind"": {""adx_smoothing"": 14, ""adx_threshold"": 25, ""di_length"": 14}, ""vol"": {""length"": 40}}",0,73.69167694737692,14.582871068002344,,True
B|trend|coral_signals|j_tpo_signals|waddah_attar_explosion_volume_signals|sma_baseline,B,B,trend,coral_signals,j_tpo_signals,waddah_attar_explosion_volume_signals,sma_baseline,adx_dmi_exit,435.0,False,-21.046580886902913,-0.10419099448961838,0.7452354757014242,-1.0848752619816968,-10.780234333159258,-0.4238090216327448,49.66053059894747,33.81027745846248,0.18316831683168316,202,116,86,4,0.8,1.5,1.5,1.55,0.001,"{""base"": {""length"": 20}, ""c1"": {""const_d"": 11, ""smooth_period"": 12}, ""c2"": {""ema_len"": 200, ""len"": 40}, ""exit_ind"": {""adx_smoothing"": 14, ""adx_threshold"": 25, ""di_length"": 14}, ""vol"": {""bbLen"": 20, ""bbStd"": 2, ""fastEma"": 20, ""sensitivity"": 35, ""slowEma"": 40}}",0,40.2680435354659,23.117570042554217,,True
B|trend|dspo_signals|trend_direction_force_index_signals|waddah_attar_explosion_volume_signals|rma_baseline,B,B,trend,dspo_signals,trend_direction_force_index_signals,waddah_attar_explosion_volume_signals,rma_baseline,adx_dmi_exit,274.0,False,-21.36647529945499,-0.2322442967332064,0.798741507227013,-0.5617746924544469,-2.4862314037271576,-0.23847874193735413,89.59488433173527,50.443373055426974,0.021739130434782608,92,80,12,9,0.15,14.75,0.5,2.0,0.05,"{""base"": {""ma_length"": 16}, ""c1"": {""len"": 11}, ""c2"": {""fhigh"": 0.026683, ""flow"": -0.093691, ""lookback"": 37}, ""exit_ind"": {""adx_smoothing"": 14, ""adx_threshold"": 25, ""di_length"": 14}, ""vol"": {""bbLen"": 37, ""bbStd"": 2, ""fastEma"": 20, ""sensitivity"": 80, ""slowEma"": 6}}",0,33.25670512874715,48.72123010009341,,True
B|trend|laguerre_filter_signals|schaff_trend_cycle_signals|waddah_attar_explosion_volume_signals|t3_baseline,B,B,trend,laguerre_filter_signals,schaff_trend_cycle_signals,waddah_attar_explosion_volume_signals,t3_baseline,adx_dmi_exit,478.6,False,1.9686523185055407,0.010816770980799674,1.0223630777432213,0.07787595657036851,1.1264336583358947,0.07890774900110083,24.948783147749864,13.365648196249506,0.12087912087912088,182,142,40,50,0.8,5.55,0.9,1.25,0.05,"{""base"": {""length"": 43, ""volume_factor"": 0.7}, ""c1"": {""alpha"": 0.070224}, ""c2"": {""cycleLen"": 10, ""d1"": 3, ""d2"": 3, ""lowerBand"": 25, ""macdFast"": 28, ""macdSlow"": 94, ""stc_midline"": 50, ""upperBand"": 75}, ""exit_ind"": {""adx_smoothing"": 14, ""adx_threshold"": 25, ""di_length"": 14}, ""vol"": {""bbLen"": 57, ""bbStd"": 2, ""fastEma"": 11, ""sensitivity"": 80, ""slowEma"": 40}}",0,33.019924479237005,53.22770136708167,,True
B|chop|aroon_signals|fx_sniper_ergodic_cci_signals|ttm_squeeze_volume_signals|super_smoother_2pole_baseline,B,B,chop,aroon_signals,fx_sniper_ergodic_cci_signals,ttm_squeeze_volume_signals,super_smoother_2pole_baseline,adx_dmi_exit,95.2,False,10.454175135970251,0.08167324324976759,1.1180021946327465,0.5251640411699646,4.586519144017629,0.4530435358407442,23.07543162837478,11.786105271823297,0.25,128,75,53,11,0.6,7.9,1.5,2.0,0.05,"{""base"": {""cutoff_period"": 18}, ""c1"": {""length"": 25}, ""c2"": {""cci_length"": 14, ""ema1_length"": 5, ""ema2_length"": 3, ""trigger_length"": 6}, ""exit_ind"": {""adx_smoothing"": 14, ""adx_threshold"": 25, ""di_length"": 14}, ""vol"": {""bb_length"": 5, ""bb_mult"": 2, ""kc_length"": 3, ""kc_mult"": 1.5}}",0,48.3828729679539,17.857821080446467,,True
B|chop|volatility_quality_signals|mama_fama_signals|volatility_ratio_volume_signals|mcginley_dynamic_index,B,B,chop,volatility_quality_signals,mama_fama_signals,volatility_ratio_volume_signals,mcginley_dynamic_index,adx_dmi_exit,275.9,False,-20.561730848688548,-0.09885447523407956,0.8636453871401066,-0.9011626998549117,-6.370996892292967,-0.4380748637496759,46.93656849583112,29.368367943988925,0.2548076923076923,208,91,117,45,0.65,1.5,1.5,2.0,0.05,"{""base"": {""mci_length"": 26}, ""c1"": {""atr_pct"": 0.75, ""smooth"": 8}, ""c2"": {""fast_limit"": 0.616423, ""slow_limit"": 0.011551}, ""exit_ind"": {""adx_smoothing"": 14, ""adx_threshold"": 25, ""di_length"": 14}, ""vol"": {""length"": 140}}",0,53.69348050104355,16.372757608566914,,True
B|trend|fx_sniper_ergodic_cci_signals|vortex_signals|variance_volume_signals|tma_baseline,B,B,trend,fx_sniper_ergodic_cci_signals,vortex_signals,variance_volume_signals,tma_baseline,adx_dmi_exit,293.1,False,-54.072911832591785,-0.15628009200171036,0.6171526160137701,-2.2516597700151917,-17.401358897308956,-1.010024542237931,53.536235577782485,25.63772955027809,0.15028901734104047,346,304,42,6,0.15,15.0,0.5,2.0,0.05,"{""base"": {""length"": 25}, ""c1"": {""cci_length"": 61, ""ema1_length"": 50, ""ema2_length"": 4, ""trigger_length"": 5}, ""c2"": {""period"": 92}, ""exit_ind"": {""adx_smoothing"": 14, ""adx_threshold"": 25, ""di_length"": 14}, ""vol"": {""ema_len"": 19, ""filter_lookback"": 200, ""hline"": 0, ""lookback"": 25}}",0,34.833557614344315,29.541989612150577,tp_mult,True
B|chop|polychromatic_momentum_signals|ssl_channel_signals|chaikin_volatility_volume_signals|kama_baseline,B,B,chop,polychromatic_momentum_signals,ssl_channel_signals,chaikin_volatility_volume_signals,kama_baseline,adx_dmi_exit,76.7,False,-42.48926812139659,-0.21459226323937672,0.7773796667060056,-0.9023959090943927,-15.351727051129801,-0.7954889872829373,53.412767242099015,32.52252063757013,0.10606060606060606,198,91,107,39,0.45,14.75,1.5,2.0,0.05,"{""base"": {""fast_length"": 20, ""length"": 10, ""slow_length"": 30}, ""c1"": {""len"": 61}, ""c2"": {""len"": 66}, ""exit_ind"": {""adx_smoothing"": 14, ""adx_threshold"": 25, ""di_length"": 14}, ""vol"": {""cvi_len"": 5, ""roc_len"": 15}}",0,59.592761056892755,15.212140742907817,,True
B|trend|donchian_breakout_signals|linreg_slope_signals|efficiency_ratio_volume_signals|ema_baseline,B,B,trend,donchian_breakout_signals,linreg_slope_signals,efficiency_ratio_volume_signals,ema_baseline,adx_dmi_exit,94.0,True,40.930119333611756,0.26237255983084457,1.5673551178332221,1.5720042008583914,69.55721003306945,2.0262863225152676,20.199573416063146,8.785234392139738,0.16666666666666666,156,118,38,7,0.55,3.2,0.85,1.0,0.001,"{""base"": {""ma_length"": 20}, ""c1"": {""length"": 25}, ""c2"": {""length"": 11, ""r2_floor"": 0.106734}, ""exit_ind"": {""adx_smoothing"": 14, ""adx_threshold"": 25, ""di_length"": 14}, ""vol"": {""er_threshold"": 0.369854, ""length"": 12}}",0,38.73180436744751,22.891251702877916,,True
B|chop|schaff_trend_cycle_signals|fx_sniper_ergodic_cci_signals|efficiency_ratio_volume_signals|frama_baseline,B,B,chop,schaff_trend_cycle_signals,fx_sniper_ergodic_cci_signals,efficiency_ratio_volume_signals,frama_baseline,adx_dmi_exit,270.8,False,26.169876720081504,0.11895398509127957,1.1381406061331043,0.7179856333796008,10.827235627461057,0.6353416731205072,41.190241136784024,21.194052240273496,0.22272727272727272,220,143,77,49,0.3,2.85,1.5,2.0,0.05,"{""base"": {""length"": 8}, ""c1"": {""cycleLen"": 100, ""d1"": 4, ""d2"": 4, ""lowerBand"": 25, ""macdFast"": 23, ""macdSlow"": 41, ""stc_midline"": 41, ""upperBand"": 75}, ""c2"": {""cci_length"": 11, ""ema1_length"": 4, ""ema2_length"": 3, ""trigger_length"": 6}, ""exit_ind"": {""adx_smoothing"": 14, ""adx_threshold"": 25, ""di_length"": 14}, ""vol"": {""er_threshold"": 0.369854, ""length"": 8}}",0,53.2029379461604,15.906061217333075,,True
B|chop|bears_bulls_impulse_signals|kase_peak_oscillator_signals|volatility_ratio_volume_signals|ema_baseline,B,B,chop,bears_bulls_impulse_signals,kase_peak_oscillator_signals,volatility_ratio_volume_signals,ema_baseline,adx_dmi_exit,103.9,False,-52.085364548983634,-0.2741334976262296,0.7245997010041814,-1.4583894265358575,-20.579832161035142,-0.7457338873533377,69.84443838785211,23.73943494098862,0.12105263157894737,190,124,66,43,0.15,4.55,1.5,2.0,0.05,"{""base"": {""ma_length"": 200}, ""c1"": {""length"": 5}, ""c2"": {""long_cycle"": 281, ""sharpness"": 40, ""short_cycle"": 10}, ""exit_ind"": {""adx_smoothing"": 14, ""adx_threshold"": 25, ""di_length"": 14}, ""vol"": {""length"": 61}}",0,40.54910759089353,20.596151290873216,,True
B|trend|ehlers_reverse_ema_signals|j_tpo_signals|waddah_attar_explosion_volume_signals|sma_baseline,B,B,trend,ehlers_reverse_ema_signals,j_tpo_signals,waddah_attar_explosion_volume_signals,sma_baseline,adx_dmi_exit,421.5,False,-143.10133124157772,-0.7301088328651925,0.11343000898958361,-10.90979532971061,-33.826549687916916,-0.9234479928323176,154.9641477942575,96.7547186118209,0.01020408163265306,196,150,46,50,0.1,9.5,0.5,1.0,0.05,"{""base"": {""length"": 20}, ""c1"": {""alpha"": 0.1}, ""c2"": {""ema_len"": 200, ""len"": 40}, ""exit_ind"": {""adx_smoothing"": 14, ""adx_threshold"": 25, ""di_length"": 14}, ""vol"": {""bbLen"": 20, ""bbStd"": 2, ""fastEma"": 11, ""sensitivity"": 53, ""slowEma"": 32}}",0,34.44411414549003,26.681298446884647,,True
B|chop|volatility_quality_signals|dpo_signals|fractal_dimension_volume_signals|rma_baseline,B,B,chop,volatility_quality_signals,dpo_signals,fractal_dimension_volume_signals,rma_baseline,adx_dmi_exit,110.5,False,8.051786055573917,0.04448500583190009,1.0578953197186873,0.3201953245435063,2.7226365016241387,0.2810408331619103,28.649879681132333,11.586541314411834,0.18232044198895028,181,86,95,20,0.6,3.2,1.5,2.0,0.05,"{""base"": {""ma_length"": 20}, ""c1"": {""atr_pct"": 0.075, ""smooth"": 12}, ""c2"": {""len"": 62}, ""exit_ind"": {""adx_smoothing"": 14, ""adx_threshold"": 25, ""di_length"": 14}, ""vol"": {""fd_threshold"": 1.5, ""length"": 24}}",0,48.29235288133958,16.73086695946006,,True
B|trend|parabolic_sar_signals|chandelier_exit_signals|variance_volume_signals|ema_baseline,B,B,trend,parabolic_sar_signals,chandelier_exit_signals,variance_volume_signals,ema_baseline,adx_dmi_exit,228.3,True,80.13823911283517,0.3257651996456714,1.8100509351134564,1.4040532346437444,30.686758399426527,3.8314268114624825,20.916030256166067,9.758185388724867,0.21951219512195122,246,108,138,4,1.0,1.35,1.7,1.0,0.001,"{""base"": {""ma_length"": 25}, ""c1"": {""sar_increment"": 0.02, ""sar_maximum"": 0.162226, ""sar_start"": 0.02}, ""c2"": {""atr_mult"": 6, ""atr_period"": 27}, ""exit_ind"": {""adx_smoothing"": 14, ""adx_threshold"": 25, ""di_length"": 14}, ""vol"": {""ema_len"": 100, ""filter_lookback"": 2, ""hline"": 0, ""lookback"": 25}}",0,43.79439449000863,18.275656056386456,,True
B|trend|hieken_ashi_smoothed_signals|ehlers_reverse_ema_signals|variance_volume_signals|ema_baseline,B,B,trend,hieken_ashi_smoothed_signals,ehlers_reverse_ema_signals,variance_volume_signals,ema_baseline,adx_dmi_exit,1379.2,False,-4.030307754853274,-0.02798824829759218,0.9619844322632911,-0.11950503613913341,-0.4027614622244201,-0.07988127031028659,50.453726376635714,16.798403482889476,0.125,144,94,50,22,0.05,13.25,1.95,1.65,0.05,"{""base"": {""ma_length"": 25}, ""c1"": {""alma_offset1"": 0.85, ""alma_offset2"": 0.85, ""alma_sigma1"": 6, ""alma_sigma2"": 6, ""ama_smooth1"": 0.181, ""ama_smooth2"": 0.181, ""frama_t1_a"": 1, ""frama_t1_b"": 168, ""frama_t2_a"": 1, ""frama_t2_b"": 168, ""lsma_offset1"": 0, ""lsma_offset2"": 0, ""ma_len1"": 2, ""ma_len2"": 6, ""vol_factor1"": 0.82, ""vol_factor2"": 0.82}, ""c2"": {""alpha"": 0.1}, ""exit_ind"": {""adx_smoothing"": 14, ""adx_threshold"": 25, ""di_length"": 14}, ""vol"": {""ema_len"": 19, ""filter_lookback"": 200, ""hline"": 0, ""lookback"": 20}}",0,31.400551273915937,31.2009753479177,atr_mult,True
B|trend|parabolic_sar_signals|coral_signals|williams_vix_fix_volume_signals|mcginley_dynamic_index,B,B,trend,parabolic_sar_signals,coral_signals,williams_vix_fix_volume_signals,mcginley_dynamic_index,adx_dmi_exit,119.7,False,-5.217286185474425,-0.03573483688681113,0.8847338898778838,-0.7199945271894275,-4.531827139269236,-0.32785859720794197,15.913220607618833,9.832574155767263,0.3287671232876712,146,108,38,28,0.75,8.5,0.5,2.0,0.05,"{""base"": {""mci_length"": 7}, ""c1"": {""sar_increment"": 0.00462, ""sar_maximum"": 0.2, ""sar_start"": 0.016223}, ""c2"": {""const_d"": 26, ""smooth_period"": 8}, ""exit_ind"": {""adx_smoothing"": 14, ""adx_threshold"": 25, ""di_length"": 14}, ""vol"": {""bb_length"": 200, ""bb_mult"": 2, ""lookback"": 8}}",0,30.119498203233533,35.19945547150967,,True
B|chop|polychromatic_momentum_signals|schaff_trend_cycle_signals|chaikin_volatility_volume_signals|ema_baseline,B,B,chop,polychromatic_momentum_signals,schaff_trend_cycle_signals,chaikin_volatility_volume_signals,ema_baseline,adx_dmi_exit,192.0,False,4.317029536862794,0.018138779566650394,1.0230429062869022,0.13634030695842048,1.3690721840141125,0.09830788478901438,43.91336001306387,21.685503864419026,0.23109243697478993,238,85,153,5,0.55,1.95,1.5,2.0,0.05,"{""base"": {""ma_length"": 25}, ""c1"": {""len"": 14}, ""c2"": {""cycleLen"": 19, ""d1"": 9, ""d2"": 6, ""lowerBand"": 25, ""macdFast"": 230, ""macdSlow"": 94, ""stc_midline"": 94, ""upperBand"": 75}, ""exit_ind"": {""adx_smoothing"": 14, ""adx_threshold"": 25, ""di_length"": 14}, ""vol"": {""cvi_len"": 8, ""roc_len"": 22}}",0,61.900765565904706,13.856113623631767,,True
B|chop|donchian_breakout_signals|fx_sniper_ergodic_cci_signals|variance_volume_signals|sma_baseline,B,B,chop,donchian_breakout_signals,fx_sniper_ergodic_cci_signals,variance_volume_signals,sma_baseline,adx_dmi_exit,97.0,False,-90.0964955998597,-0.45048247799929847,0.5506105446545569,-3.0898120860722846,-22.78182810225277,-0.7623706547513384,118.17938562869575,83.36906578350508,0.13,200,121,79,37,0.7,12.0,1.5,2.0,0.05,"{""base"": {""length"": 20}, ""c1"": {""length"": 25}, ""c2"": {""cci_length"": 11, ""ema1_length"": 9, ""ema2_length"": 3, ""trigger_length"": 4}, ""exit_ind"": {""adx_smoothing"": 14, ""adx_threshold"": 25, ""di_length"": 14}, ""vol"": {""ema_len"": 12, ""filter_lookback"": 200, ""hline"": 0, ""lookback"": 16}}",0,40.2805963381039,19.40534529005056,,True
B|chop|center_of_gravity_signals|dpo_signals|variance_volume_signals|ema_baseline,B,B,chop,center_of_gravity_signals,dpo_signals,variance_volume_signals,ema_baseline,adx_dmi_exit,110.1,True,93.46857227759315,0.2453243366865962,1.290270039044586,0.7747583449711454,16.063113617055134,1.5794943973220223,59.17626073005758,23.35490480876321,0.15748031496062992,381,133,248,2,0.75,11.0,1.5,2.0,0.05,"{""base"": {""ma_length"": 87}, ""c1"": {""length"": 28, ""signal_length"": 4}, ""c2"": {""len"": 50}, ""exit_ind"": {""adx_smoothing"": 14, ""adx_threshold"": 25, ""di_length"": 14}, ""vol"": {""ema_len"": 2, ""filter_lookback"": 20, ""hline"": 0, ""lookback"": 20}}",0,84.57631280565606,12.500927043271028,,True
B|chop|coral_signals|lemantrend_signals|variance_volume_signals|sma_baseline,B,B,chop,coral_signals,lemantrend_signals,variance_volume_signals,sma_baseline,adx_dmi_exit,195.4,False,-54.174035228879745,-0.23553928360382498,0.7463379924553047,-1.4875001050548708,-24.436571703263454,-0.7591073352464678,71.36544822253688,48.92018154391957,0.13478260869565217,230,147,83,5,0.6,2.6,1.5,2.0,0.05,"{""base"": {""length"": 25}, ""c1"": {""const_d"": 14, ""smooth_period"": 12}, ""c2"": {""fast_period"": 3, ""medium_period"": 21, ""slow_period"": 16, ""smooth"": 3}, ""exit_ind"": {""adx_smoothing"": 14, ""adx_threshold"": 25, ""di_length"": 14}, ""vol"": {""ema_len"": 28, ""filter_lookback"": 57, ""hline"": 0, ""lookback"": 16}}",0,66.63197832581456,13.21437730183647,,True
B|chop|trend_direction_force_index_signals|lemantrend_signals|choppiness_index_volume_signals|frama_baseline,B,B,chop,trend_direction_force_index_signals,lemantrend_signals,choppiness_index_volume_signals,frama_baseline,adx_dmi_exit,194.4,False,-21.97009539993371,-0.10876284851452332,0.8494730948858089,-0.9060824608122503,-6.687380116438908,-0.5134039911529972,42.79299689625222,27.328325570888932,0.23267326732673269,202,127,75,9,0.55,2.65,1.5,2.0,0.05,"{""base"": {""length"": 12}, ""c1"": {""fhigh"": 0.328967, ""flow"": -0.05, ""lookback"": 11}, ""c2"": {""fast_period"": 28, ""medium_period"": 2, ""slow_period"": 13, ""smooth"": 3}, ""exit_ind"": {""adx_smoothing"": 14, ""adx_threshold"": 25, ""di_length"": 14}, ""vol"": {""ci_threshold"": 61.8, ""length"": 17}}",0,40.54285176853707,18.826643151836834,,True
B|chop|polychromatic_momentum_signals|coral_signals|variance_volume_signals|fantail_vma,B,B,chop,polychromatic_momentum_signals,coral_signals,variance_volume_signals,fantail_vma,adx_dmi_exit,170.8,False,-27.635099996776475,-0.13613349752106638,0.8522066638964202,-0.7003112239119594,-11.733863110862517,-0.32171976278874065,85.89804915069281,45.5245913087307,0.1477832512315271,203,125,78,10,0.4,4.5,1.5,2.0,0.05,"{""base"": {""fma_adx_length"": 2, ""fma_ma_length"": 17, ""fma_weighting"": 12}, ""c1"": {""len"": 61}, ""c2"": {""const_d"": 61, ""smooth_period"": 66}, ""exit_ind"": {""adx_smoothing"": 14, ""adx_threshold"": 25, ""di_length"": 14}, ""vol"": {""ema_len"": 10, ""filter_lookback"": 20, ""hline"": 0, ""lookback"": 11}}",0,71.94072997671248,12.708716763536792,,True
B|chop|waddah_attar_explosion_signals|dpo_signals|volatility_ratio_volume_signals|alma_baseline,B,B,chop,waddah_attar_explosion_signals,dpo_signals,volatility_ratio_volume_signals,alma_baseline,adx_dmi_exit,223.6,True,94.3899205666986,0.3470217667893331,1.3577205913728037,1.2883182747655122,24.848758152576792,1.7050714691869522,55.35833674567763,18.988760012711975,0.13970588235294118,272,149,123,50,0.3,3.0,1.5,2.0,0.05,"{""base"": {""length"": 26, ""offset"": 0.129192, ""sigma"": 5}, ""c1"": {""bbLen"": 57, ""bbStd"": 20, ""fastEma"": 20, ""sensitivity"": 80, ""slowEma"": 400}, ""c2"": {""len"": 62}, ""exit_ind"": {""adx_smoothing"": 14, ""adx_threshold"": 25, ""di_length"": 14}, ""vol"": {""length"": 3}}",0,65.95367321592892,12.975016300054111,,True
B|chop|polychromatic_momentum_signals|bears_bulls_impulse_signals|choppiness_index_volume_signals|mcginley_dynamic_index,B,B,chop,polychromatic_momentum_signals,bears_bulls_impulse_signals,choppiness_index_volume_signals,mcginley_dynamic_index,adx_dmi_exit,68.6,False,24.583834270907246,0.17559881622076604,1.22502444220967,1.0147276801872855,14.804936175625516,1.2126244201173504,20.273246904039894,7.885480508489798,0.2785714285714286,140,86,54,12,0.6,14.5,1.5,2.0,0.05,"{""base"": {""mci_length"": 5}, ""c1"": {""len"": 14}, ""c2"": {""length"": 7}, ""exit_ind"": {""adx_smoothing"": 14, ""adx_threshold"": 25, ""di_length"": 14}, ""vol"": {""ci_threshold"": 50.127885, ""length"": 2}}",0,37.76907880093177,20.17956741493683,,True
B|trend|parabolic_sar_signals|schaff_trend_cycle_signals|variance_volume_signals|ema_baseline,B,B,trend,parabolic_sar_signals,schaff_trend_cycle_signals,variance_volume_signals,ema_baseline,adx_dmi_exit,314.0,False,-50.630205833335786,-0.23658974688474665,0.6886194238126,-1.1661815158391606,-9.456333329259984,-0.44425348280023835,113.96693057801419,49.89465635565177,0.056074766355140186,214,120,94,18,0.05,13.5,1.95,1.65,0.05,"{""base"": {""ma_length"": 25}, ""c1"": {""sar_increment"": 0.056961, ""sar_maximum"": 0.106734, ""sar_start"": 0.007022}, ""c2"": {""cycleLen"": 10, ""d1"": 3, ""d2"": 4, ""lowerBand"": 25, ""macdFast"": 28, ""macdSlow"": 50, ""stc_midline"": 62, ""upperBand"": 75}, ""exit_ind"": {""adx_smoothing"": 14, ""adx_threshold"": 25, ""di_length"": 14}, ""vol"": {""ema_len"": 19, ""filter_lookback"": 200, ""hline"": 0, ""lookback"": 20}}",0,41.48038165540259,17.7333168246557,atr_mult,True
B|trend|fisher_transform_signals|dspo_signals|variance_volume_signals|mcginley_dynamic_index,B,B,trend,fisher_transform_signals,dspo_signals,variance_volume_signals,mcginley_dynamic_index,adx_dmi_exit,250.1,False,-32.95497574882818,-0.11940208604647892,0.6952708385436078,-1.6225168194348538,-14.741036195369706,-0.6537537641968695,50.40885047799773,35.76553165884251,0.1956521739130435,276,134,142,13,0.85,6.8,0.5,1.6,0.05,"{""base"": {""mci_length"": 11}, ""c1"": {""length"": 12}, ""c2"": {""len"": 11}, ""exit_ind"": {""adx_smoothing"": 14, ""adx_threshold"": 25, ""di_length"": 14}, ""vol"": {""ema_len"": 12, ""filter_lookback"": 87, ""hline"": 0, ""lookback"": 25}}",0,36.654432132100496,20.34821880833188,,True
B|trend|dspo_signals|bears_bulls_impulse_signals|chaikin_volatility_volume_signals|rma_baseline,B,B,trend,dspo_signals,bears_bulls_impulse_signals,chaikin_volatility_volume_signals,rma_baseline,adx_dmi_exit,141.7,False,-30.814978114337144,-0.1604946776788393,0.6957982220029308,-1.4332180922296829,-55.095012509365596,-0.6325364066377698,48.71652886848574,25.45861691280824,0.0625,192,134,58,21,0.3,9.0,0.6,2.35,0.05,"{""base"": {""ma_length"": 11}, ""c1"": {""len"": 14}, ""c2"": {""length"": 13}, ""exit_ind"": {""adx_smoothing"": 14, ""adx_threshold"": 25, ""di_length"": 14}, ""vol"": {""cvi_len"": 2, ""roc_len"": 15}}",0,37.50861662326825,19.694113739907063,,True
B|trend|waddah_attar_explosion_signals|fx_sniper_ergodic_cci_signals|variance_volume_signals|rma_baseline,B,B,trend,waddah_attar_explosion_signals,fx_sniper_ergodic_cci_signals,variance_volume_signals,rma_baseline,adx_dmi_exit,442.6,False,-171.02844991857154,-0.7009362701580801,0.05447862526837736,-19.06062453700622,-26.98512253343574,-1.0050952779914955,170.16143012863571,112.29003020213192,0.01639344262295082,244,118,126,5,0.25,15.0,2.75,2.0,0.05,"{""base"": {""ma_length"": 16}, ""c1"": {""bbLen"": 5, ""bbStd"": 2, ""fastEma"": 16, ""sensitivity"": 150, ""slowEma"": 9}, ""c2"": {""cci_length"": 2, ""ema1_length"": 14, ""ema2_length"": 3, ""trigger_length"": 2}, ""exit_ind"": {""adx_smoothing"": 14, ""adx_threshold"": 25, ""di_length"": 14}, ""vol"": {""ema_len"": 19, ""filter_lookback"": 200, ""hline"": 0, ""lookback"": 20}}",0,37.126127291108006,19.71931115534144,tp_mult,True
B|chop|center_of_gravity_signals|ichimoku_signals|variance_volume_signals|t3_baseline,B,B,chop,center_of_gravity_signals,ichimoku_signals,variance_volume_signals,t3_baseline,adx_dmi_exit,129.8,False,-16.337949689494877,-0.11039155195604647,0.8865534577131438,-0.4465755365814202,-10.261414393082132,-0.4491810454529416,36.37274959592328,19.405555233380053,0.12837837837837837,148,98,50,37,0.2,6.05,1.5,2.0,0.05,"{""base"": {""length"": 19, ""volume_factor"": 0.7}, ""c1"": {""length"": 100, ""signal_length"": 3}, ""c2"": {""base_len"": 21, ""conversion_len"": 11, ""displacement"": 26, ""span_b_len"": 18}, ""exit_ind"": {""adx_smoothing"": 14, ""adx_threshold"": 25, ""di_length"": 14}, ""vol"": {""ema_len"": 10, ""filter_lookback"": 132, ""hline"": 0, ""lookback"": 11}}",0,39.54317857812848,17.995516560048355,,True
B|trend|relative_vigor_index_signals|fisher_transform_signals|chaikin_volatility_volume_signals|tma_baseline,B,B,trend,relative_vigor_index_signals,fisher_transform_signals,chaikin_volatility_volume_signals,tma_baseline,adx_dmi_exit,203.2,False,-58.08992005555496,-0.20031006915708607,0.6879335842566382,-0.9428752844941006,-14.756832644945897,-0.4452026597228128,130.4797237548452,64.80706777331262,0.034482758620689655,290,126,164,4,0.1,11.75,0.5,1.0,0.05,"{""base"": {""length"": 37}, ""c1"": {""len"": 10}, ""c2"": {""length"": 12}, ""exit_ind"": {""adx_smoothing"": 14, ""adx_threshold"": 25, ""di_length"": 14}, ""vol"": {""cvi_len"": 10, ""roc_len"": 10}}",0,46.997067854953094,15.219999202919952,,True
B|chop|laguerre_filter_signals|ssl_channel_signals|damiani_volatmeter_volume_signals|rma_baseline,B,B,chop,laguerre_filter_signals,ssl_channel_signals,damiani_volatmeter_volume_signals,rma_baseline,adx_dmi_exit,99.5,True,49.69138946198822,0.39753111569590577,1.464900104400362,1.2107825449526106,31.134175200385837,1.559640696526757,31.860793048455648,14.074956488048187,0.168,125,71,54,41,0.8,8.75,1.5,2.0,0.05,"{""base"": {""ma_length"": 20}, ""c1"": {""alpha"": 0.2}, ""c2"": {""len"": 8}, ""exit_ind"": {""adx_smoothing"": 14, ""adx_threshold"": 25, ""di_length"": 14}, ""vol"": {""lag"": 1.4, ""sedimentation"": 94, ""threshold"": 1.4, ""viscosity"": 6}}",0,47.052282000028,15.04644358529781,,True
B|chop|lemantrend_signals|volatility_quality_signals|variance_volume_signals|kama_baseline,B,B,chop,lemantrend_signals,volatility_quality_signals,variance_volume_signals,kama_baseline,adx_dmi_exit,261.1,False,48.12564234823951,0.1648138436583545,1.20952826931452,0.9854817878905274,9.43401096662176,1.4570841549007567,33.028732202168094,15.657241919224052,0.22602739726027396,292,152,140,38,0.45,5.95,1.5,2.0,0.05,"{""base"": {""fast_length"": 2, ""length"": 4, ""slow_length"": 37}, ""c1"": {""fast_period"": 18, ""medium_period"": 210, ""slow_period"": 11, ""smooth"": 3}, ""c2"": {""atr_pct"": 0.075, ""smooth"": 10}, ""exit_ind"": {""adx_smoothing"": 14, ""adx_threshold"": 25, ""di_length"": 14}, ""vol"": {""ema_len"": 10, ""filter_lookback"": 20, ""hline"": 0, ""lookback"": 16}}",0,66.10066947597676,12.182924645279956,,True
B|chop|dspo_signals|bears_bulls_impulse_signals|variance_volume_signals|mcginley_dynamic_index,B,B,chop,dspo_signals,bears_bulls_impulse_signals,variance_volume_signals,mcginley_dynamic_index,adx_dmi_exit,78.4,False,2.247304484075876,0.015938329674296994,1.0158486512284397,0.06664141292101308,0.8971620018836367,0.03560705994396748,63.114014120017586,34.36579579282258,0.18439716312056736,141,90,51,22,0.7,6.25,1.5,2.0,0.05,"{""base"": {""mci_length"": 14}, ""c1"": {""len"": 14}, ""c2"": {""length"": 5}, ""exit_ind"": {""adx_smoothing"": 14, ""adx_threshold"": 25, ""di_length"": 14}, ""vol"": {""ema_len"": 10, ""filter_lookback"": 20, ""hline"": 0, ""lookback"": 57}}",0,33.894249452896325,20.5471356004499,,True
B|chop|kuskus_starlight_signals|donchian_breakout_signals|waddah_attar_explosion_volume_signals|wma_baseline,B,B,chop,kuskus_starlight_signals,donchian_breakout_signals,waddah_attar_explosion_volume_signals,wma_baseline,adx_dmi_exit,311.1,False,-6.148766355005577,-0.026850508100461034,0.9595115671767879,-0.26164712495020365,-1.636674996102191,-0.15779835957146313,38.96597133014521,16.064893862624356,0.27510917030567683,229,153,76,37,0.55,15.0,1.5,2.0,0.05,"{""base"": {""ma_length"": 200}, ""c1"": {""index_smooth"": 1.993625, ""price_smooth"": 0.7, ""range_periods"": 5}, ""c2"": {""length"": 200}, ""exit_ind"": {""adx_smoothing"": 14, ""adx_threshold"": 25, ""di_length"": 14}, ""vol"": {""bbLen"": 20, ""bbStd"": 2, ""fastEma"": 2, ""sensitivity"": 23, ""slowEma"": 400}}",0,41.81135484755165,16.40610016996624,tp_mult,True
B|trend|ehlers_reverse_ema_signals|dpo_signals|variance_volume_signals|frama_baseline,B,B,trend,ehlers_reverse_ema_signals,dpo_signals,variance_volume_signals,frama_baseline,adx_dmi_exit,394.3,False,13.698688062797896,0.01892083986574295,1.0399183018236757,0.1693309926787071,1.6685069209058525,0.20505634590226973,66.80450684187417,25.99106076184913,0.16022099447513813,724,542,182,25,0.25,12.0,0.5,1.45,0.05,"{""base"": {""length"": 28}, ""c1"": {""alpha"": 0.1}, ""c2"": {""len"": 500}, ""exit_ind"": {""adx_smoothing"": 14, ""adx_threshold"": 25, ""di_length"": 14}, ""vol"": {""ema_len"": 8, ""filter_lookback"": 57, ""hline"": 0, ""lookback"": 20}}",0,71.6321094366834,11.44251460845015,,True
B|trend|fx_sniper_ergodic_cci_signals|lemantrend_signals|williams_vix_fix_volume_signals|mcginley_dynamic_index,B,B,trend,fx_sniper_ergodic_cci_signals,lemantrend_signals,williams_vix_fix_volume_signals,mcginley_dynamic_index,adx_dmi_exit,200.1,True,107.39190601951493,0.8523167144405948,2.1217065005330884,1.4119041065703986,41.79899344166189,2.852870900725079,37.64345102059138,17.828843043778786,0.07142857142857142,126,66,60,46,0.1,1.5,0.5,1.2,0.001,"{""base"": {""mci_length"": 26}, ""c1"": {""cci_length"": 7, ""ema1_length"": 3, ""ema2_length"": 3, ""trigger_length"": 5}, ""c2"": {""fast_period"": 18, ""medium_period"": 210, ""slow_period"": 86, ""smooth"": 3}, ""exit_ind"": {""adx_smoothing"": 14, ""adx_threshold"": 25, ""di_length"": 14}, ""vol"": {""bb_length"": 11, ""bb_mult"": 2, ""lookback"": 5}}",0,27.65791429559487,25.413161497212492,,True
B|chop|schaff_trend_cycle_signals|fisher_transform_signals|efficiency_ratio_volume_signals|super_smoother_2pole_baseline,B,B,chop,schaff_trend_cycle_signals,fisher_transform_signals,efficiency_ratio_volume_signals,super_smoother_2pole_baseline,adx_dmi_exit,182.3,False,-29.026323935794196,-0.17277573771306068,0.8607464242228917,-0.5669291659063226,-9.073136187533326,-0.34526088092333185,84.07069998248582,52.96277408500352,0.08333333333333333,168,106,62,26,0.15,7.5,1.5,2.0,0.05,"{""base"": {""cutoff_period"": 28}, ""c1"": {""cycleLen"": 10, ""d1"": 3, ""d2"": 6, ""lowerBand"": 25, ""macdFast"": 23, ""macdSlow"": 41, ""stc_midline"": 41, ""upperBand"": 75}, ""c2"": {""length"": 8}, ""exit_ind"": {""adx_smoothing"": 14, ""adx_threshold"": 25, ""di_length"": 14}, ""vol"": {""er_threshold"": 0.243339, ""length"": 10}}",0,36.6406716267288,18.224341794434963,,True
B|trend|kase_peak_oscillator_signals|parabolic_sar_signals|chaikin_volatility_volume_signals|tma_baseline,B,B,trend,kase_peak_oscillator_signals,parabolic_sar_signals,chaikin_volatility_volume_signals,tma_baseline,adx_dmi_exit,320.2,False,-25.830035296716602,-0.058972683325836994,0.8557780052510352,-0.8418746252912027,-7.68918737777095,-0.5104814066704153,50.59936553848548,29.678454960559588,0.1917808219178082,438,286,152,4,1.0,6.95,0.5,1.1,0.05,"{""base"": {""length"": 37}, ""c1"": {""long_cycle"": 185, ""sharpness"": 40, ""short_cycle"": 80}, ""c2"": {""sar_increment"": 0.007022, ""sar_maximum"": 0.106734, ""sar_start"": 0.02}, ""exit_ind"": {""adx_smoothing"": 14, ""adx_threshold"": 25, ""di_length"": 14}, ""vol"": {""cvi_len"": 19, ""roc_len"": 10}}",0,37.712474274012706,17.572389980505818,,True
B|trend|ssl_channel_signals|chandelier_exit_signals|variance_volume_signals|ema_baseline,B,B,trend,ssl_channel_signals,chandelier_exit_signals,variance_volume_signals,ema_baseline,adx_dmi_exit,303.6,False,31.76992687379843,0.07253407962054435,1.1721610630184056,0.7034055898601416,9.937086429509911,1.0654211293408018,29.819125976462608,13.640399114039933,0.18493150684931506,438,364,74,4,1.05,13.25,0.5,1.0,0.05,"{""base"": {""ma_length"": 25}, ""c1"": {""len"": 10}, ""c2"": {""atr_mult"": 4, ""atr_period"": 8}, ""exit_ind"": {""adx_smoothing"": 14, ""adx_threshold"": 25, ""di_length"": 14}, ""vol"": {""ema_len"": 10, ""filter_lookback"": 200, ""hline"": 0, ""lookback"": 25}}",0,38.59749348222278,17.10177027437791,,True
B|trend|volatility_quality_signals|coral_signals|chaikin_volatility_volume_signals|vidya,B,B,trend,volatility_quality_signals,coral_signals,chaikin_volatility_volume_signals,vidya,adx_dmi_exit,688.0,False,-80.2610856097963,-0.057329346864140214,0.8532313073889001,-0.7560887777561086,-6.893610441216696,-0.8199748370599195,97.88237636361912,62.44915301976867,0.20857142857142857,1400,804,596,33,0.8,7.25,0.5,1.95,0.05,"{""base"": {""vda_length"": 2}, ""c1"": {""atr_pct"": 0.075, ""smooth"": 12}, ""c2"": {""const_d"": 92, ""smooth_period"": 10}, ""exit_ind"": {""adx_smoothing"": 14, ""adx_threshold"": 25, ""di_length"": 14}, ""vol"": {""cvi_len"": 4, ""roc_len"": 12}}",0,80.18938476969196,10.779577380709432,,True
B|chop|fisher_transform_signals|hieken_ashi_smoothed_signals|variance_volume_signals|sma_baseline,B,B,chop,fisher_transform_signals,hieken_ashi_smoothed_signals,variance_volume_signals,sma_baseline,adx_dmi_exit,1359.9,False,13.240284790723393,0.03988037587567287,1.0425322019623333,0.15451345933484043,4.373926662104802,0.32047602659306296,41.31443132105406,21.862775065103214,0.15060240963855423,332,200,132,15,0.5,5.9,1.5,2.0,0.05,"{""base"": {""length"": 20}, ""c1"": {""length"": 12}, ""c2"": {""alma_offset1"": 0.85, ""alma_offset2"": 0.85, ""alma_sigma1"": 6, ""alma_sigma2"": 6, ""ama_smooth1"": 0.181, ""ama_smooth2"": 0.181, ""frama_t1_a"": 1, ""frama_t1_b"": 168, ""frama_t2_a"": 1, ""frama_t2_b"": 168, ""lsma_offset1"": 0, ""lsma_offset2"": 0, ""ma_len1"": 2, ""ma_len2"": 8, ""vol_factor1"": 0.82, ""vol_factor2"": 0.665127}, ""exit_ind"": {""adx_smoothing"": 14, ""adx_threshold"": 25, ""di_length"": 14}, ""vol"": {""ema_len"": 28, ""filter_lookback"": 11, ""hline"": 0, ""lookback"": 20}}",0,93.23229322497242,10.52244754067276,,True
B|trend|fisher_transform_signals|kalman_filter_signals|variance_volume_signals|ema_baseline,B,B,trend,fisher_transform_signals,kalman_filter_signals,variance_volume_signals,ema_baseline,adx_dmi_exit,317.8,False,-73.55845029592871,-0.16419296941055514,0.6474338705265824,-1.7959117959336885,-14.834983776449358,-1.0075327964708847,73.008492183663,34.24171139869015,0.12053571428571429,448,336,112,4,0.25,11.0,0.5,1.2,0.05,"{""base"": {""ma_length"": 20}, ""c1"": {""length"": 8}, ""c2"": {""k"": 1, ""sharpness"": 1}, ""exit_ind"": {""adx_smoothing"": 14, ""adx_threshold"": 25, ""di_length"": 14}, ""vol"": {""ema_len"": 28, ""filter_lookback"": 200, ""hline"": 0, ""lookback"": 20}}",0,28.00901019424833,22.92810124116473,,True
B|chop|supertrend_signals|ichimoku_signals|volatility_ratio_volume_signals|mcginley_dynamic_index,B,B,chop,supertrend_signals,ichimoku_signals,volatility_ratio_volume_signals,mcginley_dynamic_index,adx_dmi_exit,105.1,False,-63.16553272889441,-0.2993627143549498,0.6515169130710323,-2.6427513748106444,-23.004631325399462,-0.8308703351273293,76.02333367602348,51.23098528883844,0.17061611374407584,211,101,110,2,0.5,2.25,1.5,2.0,0.05,"{""base"": {""mci_length"": 17}, ""c1"": {""atr_period"": 43, ""factor"": 9}, ""c2"": {""base_len"": 21, ""conversion_len"": 59, ""displacement"": 113, ""span_b_len"": 42}, ""exit_ind"": {""adx_smoothing"": 14, ""adx_threshold"": 25, ""di_length"": 14}, ""vol"": {""length"": 140}}",0,39.34870859651347,16.298676044481468,,True
B|chop|qqe_mod_signals|lemantrend_signals|variance_volume_signals|t3_baseline,B,B,chop,qqe_mod_signals,lemantrend_signals,variance_volume_signals,t3_baseline,adx_dmi_exit,324.1,False,-158.1890544680729,-0.779256425951098,0.5586591586878267,-1.5865271677645902,-14.168039766213704,-0.775462648346628,203.99313210681316,136.38147862797538,0.019704433497536946,203,138,65,29,0.1,3.95,1.5,2.0,0.05,"{""base"": {""length"": 10, ""volume_factor"": 0.7}, ""c1"": {""fast_factor"": 1.61, ""rsi_len"": 5, ""rsi_period"": 6}, ""c2"": {""fast_period"": 18, ""medium_period"": 21, ""slow_period"": 3, ""smooth"": 9}, ""exit_ind"": {""adx_smoothing"": 14, ""adx_threshold"": 25, ""di_length"": 14}, ""vol"": {""ema_len"": 8, ""filter_lookback"": 200, ""hline"": 0, ""lookback"": 16}}",0,36.76802454038852,17.255851609933675,,True
B|trend|center_of_gravity_signals|volatility_quality_signals|variance_volume_signals|ema_baseline,B,B,trend,center_of_gravity_signals,volatility_quality_signals,variance_volume_signals,ema_baseline,adx_dmi_exit,389.0,False,9.702043778517698,0.019023615251995488,1.0379864971100372,0.1368860330058941,1.3789640652629587,0.1255212404948286,77.2940399590571,33.98247205471254,0.10588235294117647,510,402,108,3,0.2,11.75,0.5,2.0,0.05,"{""base"": {""ma_length"": 20}, ""c1"": {""length"": 43, ""signal_length"": 4}, ""c2"": {""atr_pct"": 0.026334, ""smooth"": 43}, ""exit_ind"": {""adx_smoothing"": 14, ""adx_threshold"": 25, ""di_length"": 14}, ""vol"": {""ema_len"": 19, ""filter_lookback"": 200, ""hline"": 0, ""lookback"": 20}}",0,50.80569112659924,12.827538816436372,,True
B|trend|lemantrend_signals|volatility_quality_signals|variance_volume_signals|kama_baseline,B,B,trend,lemantrend_signals,volatility_quality_signals,variance_volume_signals,kama_baseline,adx_dmi_exit,309.4,False,-59.222326683472524,-0.3443158528108868,0.40340083200167803,-4.599399754297717,-10.063939384390201,-1.0094310316141053,58.669017326299695,27.329653691854247,0.12790697674418605,172,112,60,9,0.05,11.5,1.2,2.0,0.05,"{""base"": {""fast_length"": 9, ""length"": 12, ""slow_length"": 30}, ""c1"": {""fast_period"": 34, ""medium_period"": 21, ""slow_period"": 7, ""smooth"": 4}, ""c2"": {""atr_pct"": 0.075, ""smooth"": 100}, ""exit_ind"": {""adx_smoothing"": 14, ""adx_threshold"": 25, ""di_length"": 14}, ""vol"": {""ema_len"": 10, ""filter_lookback"": 20, ""hline"": 0, ""lookback"": 200}}",0,44.16892784986584,14.29652440309745,atr_mult,True
B|trend|aroon_signals|halftrend_signals|waddah_attar_explosion_volume_signals|wma_baseline,B,B,trend,aroon_signals,halftrend_signals,waddah_attar_explosion_volume_signals,wma_baseline,adx_dmi_exit,338.5,False,12.600804536971895,0.09265297453655805,1.1978390433217803,0.8634610953644508,15.986902535184152,0.4735840332766293,26.607325525291788,12.465944947967976,0.13970588235294118,136,70,66,4,0.3,2.35,0.8,1.2,0.05,"{""base"": {""ma_length"": 16}, ""c1"": {""length"": 20}, ""c2"": {""amplitude"": 41}, ""exit_ind"": {""adx_smoothing"": 14, ""adx_threshold"": 25, ""di_length"": 14}, ""vol"": {""bbLen"": 132, ""bbStd"": 20, ""fastEma"": 5, ""sensitivity"": 649, ""slowEma"": 75}}",0,29.258320390069905,20.66183572856596,,True
B|chop|ssl_channel_signals|supertrend_signals|damiani_volatmeter_volume_signals|mcginley_dynamic_index,B,B,chop,ssl_channel_signals,supertrend_signals,damiani_volatmeter_volume_signals,mcginley_dynamic_index,adx_dmi_exit,136.4,False,30.181171409820223,0.16492443393344383,1.2764597356362288,1.6262318545588481,8.738643906655689,2.2922004427414935,13.166898865844061,5.221344521092452,0.28415300546448086,183,110,73,31,0.75,1.95,1.5,2.0,0.05,"{""base"": {""mci_length"": 92}, ""c1"": {""len"": 10}, ""c2"": {""atr_period"": 43, ""factor"": 6}, ""exit_ind"": {""adx_smoothing"": 14, ""adx_threshold"": 25, ""di_length"": 14}, ""vol"": {""lag"": 1.4, ""sedimentation"": 94, ""threshold"": 1.4, ""viscosity"": 7}}",0,41.14018501127814,15.087050204184417,,True
B|trend|trend_direction_force_index_signals|ehlers_reverse_ema_signals|variance_volume_signals|mcginley_dynamic_index,B,B,trend,trend_direction_force_index_signals,ehlers_reverse_ema_signals,variance_volume_signals,mcginley_dynamic_index,adx_dmi_exit,148.8,False,-68.26690469922974,-0.7585211633247749,0.03859122079048953,-26.82494377252733,-36.67049124824314,-0.9889256892740227,69.0313796472867,45.188658358100206,0.044444444444444446,90,72,18,37,0.65,4.4,0.6,1.0,0.18,"{""base"": {""mci_length"": 14}, ""c1"": {""fhigh"": 0.328967, ""flow"": -0.5, ""lookback"": 86}, ""c2"": {""alpha"": 0.1}, ""exit_ind"": {""adx_smoothing"": 14, ""adx_threshold"": 25, ""di_length"": 14}, ""vol"": {""ema_len"": 100, ""filter_lookback"": 132, ""hline"": 0, ""lookback"": 2}}",0,25.975476526100497,23.43576418663912,,True
B|chop|chandelier_exit_signals|kase_peak_oscillator_signals|volatility_ratio_volume_signals|ema_baseline,B,B,chop,chandelier_exit_signals,kase_peak_oscillator_signals,volatility_ratio_volume_signals,ema_baseline,adx_dmi_exit,141.0,True,107.60780668816905,0.45404137843109305,1.6152558610760288,2.085761701576253,27.422406582673823,2.588384174995237,41.573352104259044,16.055424353510826,0.22784810126582278,237,122,115,11,0.6,7.4,1.5,2.0,0.05,"{""base"": {""ma_length"": 37}, ""c1"": {""atr_mult"": 20, ""atr_period"": 22}, ""c2"": {""long_cycle"": 65, ""sharpness"": 40, ""short_cycle"": 15}, ""exit_ind"": {""adx_smoothing"": 14, ""adx_threshold"": 25, ""di_length"": 14}, ""vol"": {""length"": 61}}",0,48.203788400367145,12.943280145990682,,True
B|trend|dpo_signals|parabolic_sar_signals|chaikin_volatility_volume_signals|tma_baseline,B,B,trend,dpo_signals,parabolic_sar_signals,chaikin_volatility_volume_signals,tma_baseline,adx_dmi_exit,259.2,False,10.74154209194472,0.03159277085866094,1.086592414042362,0.36632834923136703,4.070407564477267,0.38512659550687367,27.890938245403532,15.800072695967847,0.20588235294117646,340,180,160,5,0.95,7.8,0.95,1.0,0.05,"{""base"": {""length"": 37}, ""c1"": {""len"": 142}, ""c2"": {""sar_increment"": 0.002, ""sar_maximum"": 0.046203, ""sar_start"": 0.131587}, ""exit_ind"": {""adx_smoothing"": 14, ""adx_threshold"": 25, ""di_length"": 14}, ""vol"": {""cvi_len"": 28, ""roc_len"": 12}}",0,38.727188350484,15.782400425512678,,True
B|trend|ehlers_reverse_ema_signals|coral_signals|chaikin_volatility_volume_signals|tma_baseline,B,B,trend,ehlers_reverse_ema_signals,coral_signals,chaikin_volatility_volume_signals,tma_baseline,adx_dmi_exit,328.7,False,-118.37193834224229,-0.261884819341244,0.507109124816124,-2.6554851073133343,-107.75139328783528,-1.004657743740839,117.8231483106723,55.13296401281188,0.05309734513274336,452,202,250,36,0.25,15.0,0.5,2.2,0.05,"{""base"": {""length"": 37}, ""c1"": {""alpha"": 0.123285}, ""c2"": {""const_d"": 17, ""smooth_period"": 10}, ""exit_ind"": {""adx_smoothing"": 14, ""adx_threshold"": 25, ""di_length"": 14}, ""vol"": {""cvi_len"": 19, ""roc_len"": 12}}",0,63.387922772189974,10.787152613644809,tp_mult,True
B|trend|relative_vigor_index_signals|laguerre_filter_signals|variance_volume_signals|fantail_vma,B,B,trend,relative_vigor_index_signals,laguerre_filter_signals,variance_volume_signals,fantail_vma,adx_dmi_exit,362.1,True,298.536186501969,0.597072373003938,2.3663027605005413,0.9677713086384679,49.45644830797703,9.252689222780925,32.264802082290515,10.999623775633566,0.18,500,426,74,3,0.9,3.65,0.8,1.0,0.06,"{""base"": {""fma_adx_length"": 4, ""fma_ma_length"": 26, ""fma_weighting"": 5}, ""c1"": {""len"": 8}, ""c2"": {""alpha"": 0.162226}, ""exit_ind"": {""adx_smoothing"": 14, ""adx_threshold"": 25, ""di_length"": 14}, ""vol"": {""ema_len"": 28, ""filter_lookback"": 200, ""hline"": 0, ""lookback"": 16}}",0,49.367212614149864,12.547768408308308,,True
B|trend|price_momentum_oscillator_signals|relative_vigor_index_signals|chaikin_volatility_volume_signals|wma_baseline,B,B,trend,price_momentum_oscillator_signals,relative_vigor_index_signals,chaikin_volatility_volume_signals,wma_baseline,adx_dmi_exit,161.7,True,93.85783284094181,0.5654086315719387,2.1462823754766482,1.6531476032213992,49.92228758099633,3.5647990410880968,26.32906701307158,13.357943425053618,0.0963855421686747,166,78,88,40,0.7,6.55,0.5,1.85,0.05,"{""base"": {""ma_length"": 200}, ""c1"": {""s1"": 28, ""s2"": 37, ""sig"": 10}, ""c2"": {""len"": 10}, ""exit_ind"": {""adx_smoothing"": 14, ""adx_threshold"": 25, ""di_length"": 14}, ""vol"": {""cvi_len"": 28, ""roc_len"": 10}}",0,36.02464726194161,16.519798289391964,,True
B|chop|parabolic_sar_signals|volatility_quality_signals|variance_volume_signals|fantail_vma,B,B,chop,parabolic_sar_signals,volatility_quality_signals,variance_volume_signals,fantail_vma,adx_dmi_exit,254.3,False,-45.08159351691087,-0.14044110129878776,0.8347178267002726,-1.0047461386218428,-8.441046152702757,-0.5410091619947035,83.32870621025124,61.32041853627928,0.19003115264797507,321,140,181,50,0.75,5.0,1.5,2.0,0.05,"{""base"": {""fma_adx_length"": 2, ""fma_ma_length"": 17, ""fma_weighting"": 8}, ""c1"": {""sar_increment"": 0.02, ""sar_maximum"": 0.2, ""sar_start"": 0.02}, ""c2"": {""atr_pct"": 0.075, ""smooth"": 10}, ""exit_ind"": {""adx_smoothing"": 14, ""adx_threshold"": 25, ""di_length"": 14}, ""vol"": {""ema_len"": 10, ""filter_lookback"": 200, ""hline"": 0, ""lookback"": 16}}",0,62.028496739514694,10.700412559073484,,True
B|chop|bears_bulls_impulse_signals|kalman_filter_signals|variance_volume_signals|ema_baseline,B,B,chop,bears_bulls_impulse_signals,kalman_filter_signals,variance_volume_signals,ema_baseline,adx_dmi_exit,106.3,False,-10.211843057392802,-0.03461641714370441,0.9571115215898832,-0.14850269773456848,-3.4832244026973322,-0.16600280097218575,61.51608887071625,22.54072880253267,0.2440677966101695,295,134,161,2,0.8,1.25,1.5,2.0,0.05,"{""base"": {""ma_length"": 87}, ""c1"": {""length"": 13}, ""c2"": {""k"": 2, ""sharpness"": 3}, ""exit_ind"": {""adx_smoothing"": 14, ""adx_threshold"": 25, ""di_length"": 14}, ""vol"": {""ema_len"": 12, ""filter_lookback"": 16, ""hline"": 0, ""lookback"": 87}}",0,30.715680358778048,18.82057964237335,,True
B|chop|donchian_breakout_signals|dpo_signals|variance_volume_signals|rma_baseline,B,B,chop,donchian_breakout_signals,dpo_signals,variance_volume_signals,rma_baseline,adx_dmi_exit,101.3,False,-71.41572401983711,-0.21773086591413754,0.7392368466698364,-1.46500684466582,-13.183477942153969,-0.8282025874749598,86.22977650621785,56.79998071783898,0.14329268292682926,328,123,205,34,0.55,5.0,1.5,2.0,0.05,"{""base"": {""ma_length"": 16}, ""c1"": {""length"": 200}, ""c2"": {""len"": 329}, ""exit_ind"": {""adx_smoothing"": 14, ""adx_threshold"": 25, ""di_length"": 14}, ""vol"": {""ema_len"": 12, ""filter_lookback"": 11, ""hline"": 0, ""lookback"": 37}}",0,69.49341794792697,9.97673946601317,,True
B|chop|dspo_signals|bears_bulls_impulse_signals|waddah_attar_explosion_volume_signals|wma_baseline,B,B,chop,dspo_signals,bears_bulls_impulse_signals,waddah_attar_explosion_volume_signals,wma_baseline,adx_dmi_exit,222.7,False,-41.82409542816846,-0.21338824198045134,0.7858831824723562,-0.6516613955510849,-14.175666605259053,-0.3707177468709873,112.81924262105417,75.9073663925425,0.10714285714285714,196,107,89,48,0.6,8.5,1.5,2.0,0.05,"{""base"": {""ma_length"": 200}, ""c1"": {""len"": 11}, ""c2"": {""length"": 7}, ""exit_ind"": {""adx_smoothing"": 14, ""adx_threshold"": 25, ""di_length"": 14}, ""vol"": {""bbLen"": 132, ""bbStd"": 4, ""fastEma"": 3, ""sensitivity"": 15, ""slowEma"": 400}}",0,33.41753159114618,17.12678244905437,,True
B|chop|qqe_mod_signals|waddah_attar_explosion_signals|variance_volume_signals|t3_baseline,B,B,chop,qqe_mod_signals,waddah_attar_explosion_signals,variance_volume_signals,t3_baseline,adx_dmi_exit,410.9,False,-167.0935135889638,-0.6710582875058787,0.49915224871494746,-1.8892514985315514,-12.296281433504008,-0.8793743936491156,190.01407682065934,143.9744899076372,0.15261044176706828,249,128,121,32,0.7,1.6,1.5,2.0,0.05,"{""base"": {""length"": 19, ""volume_factor"": 0.373569}, ""c1"": {""fast_factor"": 1.61, ""rsi_len"": 5, ""rsi_period"": 6}, ""c2"": {""bbLen"": 20, ""bbStd"": 2, ""fastEma"": 7, ""sensitivity"": 150, ""slowEma"": 400}, ""exit_ind"": {""adx_smoothing"": 14, ""adx_threshold"": 25, ""di_length"": 14}, ""vol"": {""ema_len"": 19, ""filter_lookback"": 200, ""hline"": 0, ""lookback"": 16}}",0,42.483286084230095,13.801882545976357,,True
B|trend|waddah_attar_explosion_signals|schaff_trend_cycle_signals|volatility_ratio_volume_signals|t3_baseline,B,B,trend,waddah_attar_explosion_signals,schaff_trend_cycle_signals,volatility_ratio_volume_signals,t3_baseline,adx_dmi_exit,399.9,False,5.682963544391613,0.06765432790942397,1.0817479207824512,0.23509931762228942,1.5171952156593227,0.10715738493090726,53.033802085183986,34.209116934336876,0.11904761904761904,84,48,36,16,0.2,3.95,1.5,2.0,0.05,"{""base"": {""length"": 8, ""volume_factor"": 3.030133}, ""c1"": {""bbLen"": 20, ""bbStd"": 2, ""fastEma"": 5, ""sensitivity"": 150, ""slowEma"": 21}, ""c2"": {""cycleLen"": 10, ""d1"": 3, ""d2"": 3, ""lowerBand"": 25, ""macdFast"": 5, ""macdSlow"": 50, ""stc_midline"": 50, ""upperBand"": 75}, ""exit_ind"": {""adx_smoothing"": 14, ""adx_threshold"": 25, ""di_length"": 14}, ""vol"": {""length"": 5}}",0,23.504800118229547,23.348915729358616,,True
B|trend|rex_oscillator_signals|volatility_quality_signals|variance_volume_signals|mcginley_dynamic_index,B,B,trend,rex_oscillator_signals,volatility_quality_signals,variance_volume_signals,mcginley_dynamic_index,adx_dmi_exit,311.5,False,36.86878798255277,0.1254040407569822,1.2521507158926493,0.5984730926234916,22.039805855263886,0.46884103055066323,78.63814295273951,41.73404460227086,0.10204081632653061,294,178,116,14,0.3,14.5,0.5,1.0,0.17,"{""base"": {""mci_length"": 17}, ""c1"": {""almaOffset"": 0.85, ""almaSigma"": 6, ""framaFast"": 34, ""framaSlow"": 89, ""jurikPhase"": 1, ""jurikPower"": 1, ""lsOffset"": 0, ""modFBW"": 0.5, ""modFilter"": 0.8, ""sigAlmaOff"": 0.85, ""sigAlmaSig"": 6, ""sigFramaFast"": 34, ""sigFramaSlow"": 89, ""sigJurikPhase"": 1, ""sigJurikPower"": 1, ""sigLsOff"": 0, ""sigModFBW"": 0.5, ""sigModFilter"": 0.8, ""sigSmooth"": 95, ""sigVolAdj"": 10, ""smooth"": 14, ""volAdj"": 10}, ""c2"": {""atr_pct"": 0.092464, ""smooth"": 28}, ""exit_ind"": {""adx_smoothing"": 14, ""adx_threshold"": 25, ""di_length"": 14}, ""vol"": {""ema_len"": 8, ""filter_lookback"": 200, ""hline"": 0, ""lookback"": 20}}",0,53.54044005684348,11.083545330896197,,True
B|trend|chandelier_exit_signals|center_of_gravity_signals|chaikin_volatility_volume_signals|t3_baseline,B,B,trend,chandelier_exit_signals,center_of_gravity_signals,chaikin_volatility_volume_signals,t3_baseline,adx_dmi_exit,347.9,False,0.3888286443887061,0.0008640636541971247,1.0026941963761846,0.012698307307664563,0.08633154281597413,0.01688734297447847,23.024856247447318,11.00559975778797,0.26222222222222225,450,274,176,4,1.0,9.0,0.5,1.0,0.05,"{""base"": {""length"": 12, ""volume_factor"": 0.567792}, ""c1"": {""atr_mult"": 6, ""atr_period"": 2}, ""c2"": {""length"": 12, ""signal_length"": 3}, ""exit_ind"": {""adx_smoothing"": 14, ""adx_threshold"": 25, ""di_length"": 14}, ""vol"": {""cvi_len"": 19, ""roc_len"": 10}}",0,45.62349974117461,12.600702127374332,,True
B|trend|ehlers_reverse_ema_signals|coral_signals|variance_volume_signals|fantail_vma,B,B,trend,ehlers_reverse_ema_signals,coral_signals,variance_volume_signals,fantail_vma,adx_dmi_exit,348.3,False,-102.96776748369555,-0.4326376785029225,0.20376252434013187,-10.556109348229297,-43.385208138660516,-1.0051240255808875,102.44284771144315,59.22347082354748,0.058823529411764705,238,128,110,6,0.3,4.35,0.65,1.0,0.05,"{""base"": {""fma_adx_length"": 2, ""fma_ma_length"": 17, ""fma_weighting"": 12}, ""c1"": {""alpha"": 0.1}, ""c2"": {""const_d"": 40, ""smooth_period"": 10}, ""exit_ind"": {""adx_smoothing"": 14, ""adx_threshold"": 25, ""di_length"": 14}, ""vol"": {""ema_len"": 12, ""filter_lookback"": 200, ""hline"": 0, ""lookback"": 25}}",0,27.821248026420925,19.21682799515959,,True
B|chop|ssl_channel_signals|donchian_breakout_signals|variance_volume_signals|ema_baseline,B,B,chop,ssl_channel_signals,donchian_breakout_signals,variance_volume_signals,ema_baseline,adx_dmi_exit,95.6,True,80.97699217060583,0.3252088038980154,1.3509597368904072,0.9193764756141113,32.054248543239254,0.8289289666922565,97.68869882028008,50.10879569594626,0.14056224899598393,249,91,158,29,0.45,7.25,1.5,2.0,0.05,"{""base"": {""ma_length"": 37}, ""c1"": {""len"": 12}, ""c2"": {""length"": 25}, ""exit_ind"": {""adx_smoothing"": 14, ""adx_threshold"": 25, ""di_length"": 14}, ""vol"": {""ema_len"": 12, ""filter_lookback"": 20, ""hline"": 0, ""lookback"": 20}}",0,49.99172149331184,11.444964909741005,,True
B|chop|halftrend_signals|hieken_ashi_smoothed_signals|variance_volume_signals|ema_baseline,B,B,chop,halftrend_signals,hieken_ashi_smoothed_signals,variance_volume_signals,ema_baseline,adx_dmi_exit,1341.5,False,-23.981755202707948,-0.11102664445698124,0.8729982379592791,-0.6791826198680777,-6.868041470552599,-0.5143568687119232,46.624739867407996,20.932615710453774,0.18518518518518517,216,78,138,4,0.3,2.45,1.5,2.0,0.05,"{""base"": {""ma_length"": 20}, ""c1"": {""amplitude"": 27}, ""c2"": {""alma_offset1"": 0.85, ""alma_offset2"": 0.85, ""alma_sigma1"": 6, ""alma_sigma2"": 6, ""ama_smooth1"": 0.181, ""ama_smooth2"": 0.181, ""frama_t1_a"": 1, ""frama_t1_b"": 168, ""frama_t2_a"": 1, ""frama_t2_b"": 168, ""lsma_offset1"": 0, ""lsma_offset2"": 0, ""ma_len1"": 8, ""ma_len2"": 8, ""vol_factor1"": 0.82, ""vol_factor2"": 0.82}, ""exit_ind"": {""adx_smoothing"": 14, ""adx_threshold"": 25, ""di_length"": 14}, ""vol"": {""ema_len"": 8, ""filter_lookback"": 20, ""hline"": 0, ""lookback"": 11}}",0,52.191625168709514,10.901329719466128,,True
B|trend|volatility_quality_signals|kalman_filter_signals|variance_volume_signals|ema_baseline,B,B,trend,volatility_quality_signals,kalman_filter_signals,variance_volume_signals,ema_baseline,adx_dmi_exit,188.8,False,0.10771037000599648,0.0007377422603150444,1.001296046795027,0.0038898604805911873,0.04764187901269063,0.002335737063318475,46.11408180207067,20.364930787497027,0.0547945205479452,146,84,62,25,0.25,10.75,0.5,1.65,0.05,"{""base"": {""ma_length"": 20}, ""c1"": {""atr_pct"": 0.026334, ""smooth"": 10}, ""c2"": {""k"": 2, ""sharpness"": 4}, ""exit_ind"": {""adx_smoothing"": 14, ""adx_threshold"": 25, ""di_length"": 14}, ""vol"": {""ema_len"": 19, ""filter_lookback"": 200, ""hline"": 0, ""lookback"": 20}}",0,27.265654723667453,19.011790069477065,,True
B|trend|volatility_quality_signals|qqe_mod_signals|variance_volume_signals|ema_baseline,B,B,trend,volatility_quality_signals,qqe_mod_signals,variance_volume_signals,ema_baseline,adx_dmi_exit,296.1,False,16.655609284881713,0.16015008927770877,1.2883798318502273,0.7143135739902488,23.69205435111513,0.4464022376713293,37.310765671261414,17.562446719554824,0.057692307692307696,104,64,40,18,0.25,9.75,0.75,1.6,0.05,"{""base"": {""ma_length"": 25}, ""c1"": {""atr_pct"": 0.040025, ""smooth"": 10}, ""c2"": {""fast_factor"": 1.61, ""rsi_len"": 14, ""rsi_period"": 7}, ""exit_ind"": {""adx_smoothing"": 14, ""adx_threshold"": 25, ""di_length"": 14}, ""vol"": {""ema_len"": 28, ""filter_lookback"": 200, ""hline"": 0, ""lookback"": 16}}",0,22.432818624775862,22.493486612088873,,True
B|chop|mama_fama_signals|rex_oscillator_signals|waddah_attar_explosion_volume_signals|fantail_vma,B,B,chop,mama_fama_signals,rex_oscillator_signals,waddah_attar_explosion_volume_signals,fantail_vma,adx_dmi_exit,496.5,False,-73.87233214855557,-0.310387950204015,0.6650341843794119,-2.030198580526825,-11.87752407486788,-0.7137051562092388,103.50539225598396,50.145568539538004,0.14705882352941177,238,186,52,8,0.2,6.45,1.5,2.0,0.05,"{""base"": {""fma_adx_length"": 2, ""fma_ma_length"": 7, ""fma_weighting"": 10}, ""c1"": {""fast_limit"": 0.05, ""slow_limit"": 0.05}, ""c2"": {""almaOffset"": 0.85, ""almaSigma"": 6, ""framaFast"": 34, ""framaSlow"": 89, ""jurikPhase"": 1, ""jurikPower"": 1, ""lsOffset"": 0, ""modFBW"": 0.5, ""modFilter"": 0.8, ""sigAlmaOff"": 0.85, ""sigAlmaSig"": 6, ""sigFramaFast"": 34, ""sigFramaSlow"": 89, ""sigJurikPhase"": 1, ""sigJurikPower"": 1, ""sigLsOff"": 0, ""sigModFBW"": 0.5, ""sigModFilter"": 0.8, ""sigSmooth"": 8, ""sigVolAdj"": 10, ""smooth"": 14, ""volAdj"": 10}, ""exit_ind"": {""adx_smoothing"": 14, ""adx_threshold"": 25, ""di_length"": 14}, ""vol"": {""bbLen"": 25, ""bbStd"": 2, ""fastEma"": 16, ""sensitivity"": 35, ""slowEma"": 49}}",0,30.777404200939337,17.098490985667887,,True
B|chop|polychromatic_momentum_signals|laguerre_filter_signals|volatility_ratio_volume_signals|rma_baseline,B,B,chop,polychromatic_momentum_signals,laguerre_filter_signals,volatility_ratio_volume_signals,rma_baseline,adx_dmi_exit,97.7,False,-51.54938108482188,-0.1424016052066903,0.8252137207128533,-0.869817989005668,-7.999229962399171,-0.7307953762625,70.53873458868938,41.53154955909802,0.17403314917127072,362,173,189,24,0.7,14.5,1.5,2.0,0.05,"{""base"": {""ma_length"": 20}, ""c1"": {""len"": 14}, ""c2"": {""alpha"": 0.02}, ""exit_ind"": {""adx_smoothing"": 14, ""adx_threshold"": 25, ""di_length"": 14}, ""vol"": {""length"": 61}}",0,66.86221764445767,9.096173645030072,,True
B|chop|waddah_attar_explosion_signals|kuskus_starlight_signals|waddah_attar_explosion_volume_signals|fantail_vma,B,B,chop,waddah_attar_explosion_signals,kuskus_starlight_signals,waddah_attar_explosion_volume_signals,fantail_vma,adx_dmi_exit,532.7,False,19.173721129053728,0.1047744323992007,1.186473358861202,1.1220712127023285,5.80175765845475,1.1430286343488452,16.77448889106485,5.755537890208936,0.3442622950819672,183,119,64,19,0.6,2.6,1.5,2.0,0.05,"{""base"": {""fma_adx_length"": 2, ""fma_ma_length"": 26, ""fma_weighting"": 10}, ""c1"": {""bbLen"": 37, ""bbStd"": 2, ""fastEma"": 20, ""sensitivity"": 80, ""slowEma"": 49}, ""c2"": {""index_smooth"": 0.7, ""price_smooth"": 0.567792, ""range_periods"": 30}, ""exit_ind"": {""adx_smoothing"": 14, ""adx_threshold"": 25, ""di_length"": 14}, ""vol"": {""bbLen"": 20, ""bbStd"": 2, ""fastEma"": 5, ""sensitivity"": 185, ""slowEma"": 14}}",0,38.113300830151736,14.171909714194667,,True
B|chop|fisher_transform_signals|hieken_ashi_smoothed_signals|variance_volume_signals|frama_baseline,B,B,chop,fisher_transform_signals,hieken_ashi_smoothed_signals,variance_volume_signals,frama_baseline,adx_dmi_exit,1420.9,False,-13.441302161104973,-0.02986956035801105,0.9634485634704035,-0.18891180043028047,-2.0581071632317363,-0.2869212047958468,46.84666708641792,23.695469018219125,0.17555555555555555,450,171,279,2,0.55,5.25,1.5,2.0,0.05,"{""base"": {""length"": 28}, ""c1"": {""length"": 100}, ""c2"": {""alma_offset1"": 0.85, ""alma_offset2"": 0.85, ""alma_sigma1"": 6, ""alma_sigma2"": 6, ""ama_smooth1"": 0.181, ""ama_smooth2"": 0.181, ""frama_t1_a"": 1, ""frama_t1_b"": 168, ""frama_t2_a"": 1, ""frama_t2_b"": 168, ""lsma_offset1"": 0, ""lsma_offset2"": 0, ""ma_len1"": 4, ""ma_len2"": 8, ""vol_factor1"": 3.549584, ""vol_factor2"": 0.437609}, ""exit_ind"": {""adx_smoothing"": 14, ""adx_threshold"": 25, ""di_length"": 14}, ""vol"": {""ema_len"": 10, ""filter_lookback"": 20, ""hline"": 0, ""lookback"": 20}}",0,112.03556304161302,7.878074762608833,,True
B|trend|vortex_signals|donchian_breakout_signals|variance_volume_signals|ema_baseline,B,B,trend,vortex_signals,donchian_breakout_signals,variance_volume_signals,ema_baseline,adx_dmi_exit,152.2,False,-7.203995109708085,-0.04802663406472057,0.9049383605555752,-0.4173432223119693,-17.95838137031986,-0.16231760163770714,44.3820943448105,20.802750769600472,0.10666666666666667,150,58,92,3,0.3,8.75,0.55,1.2,0.05,"{""base"": {""ma_length"": 25}, ""c1"": {""period"": 11}, ""c2"": {""length"": 37}, ""exit_ind"": {""adx_smoothing"": 14, ""adx_threshold"": 25, ""di_length"": 14}, ""vol"": {""ema_len"": 28, ""filter_lookback"": 200, ""hline"": 0, ""lookback"": 16}}",0,44.28722795402006,12.1830587041171,,True
B|trend|dspo_signals|coral_signals|variance_volume_signals|super_smoother_2pole_baseline,B,B,trend,dspo_signals,coral_signals,variance_volume_signals,super_smoother_2pole_baseline,adx_dmi_exit,191.8,False,-10.90573291383643,-0.05800921762678952,0.8702251294370484,-0.5619025370323191,-5.619525644180569,-0.30730866031349086,35.4878801746469,17.014224517423074,0.1702127659574468,188,118,70,4,1.0,6.5,0.5,1.2,0.05,"{""base"": {""cutoff_period"": 43}, ""c1"": {""len"": 11}, ""c2"": {""const_d"": 26, ""smooth_period"": 10}, ""exit_ind"": {""adx_smoothing"": 14, ""adx_threshold"": 25, ""di_length"": 14}, ""vol"": {""ema_len"": 28, ""filter_lookback"": 87, ""hline"": 0, ""lookback"": 16}}",0,31.901138100159773,16.109594334681343,,True
B|trend|coppock_curve_signals|fx_sniper_ergodic_cci_signals|variance_volume_signals|vidya,B,B,trend,coppock_curve_signals,fx_sniper_ergodic_cci_signals,variance_volume_signals,vidya,adx_dmi_exit,353.4,False,28.165130307179837,0.0998763486070207,1.2348490453200622,1.003082146178475,16.7471500035166,0.861162348957488,32.70594719018566,10.594312545432265,0.20567375886524822,282,188,94,3,0.4,6.3,0.5,1.0,0.05,"{""base"": {""vda_length"": 9}, ""c1"": {""long_roc"": 14, ""short_roc"": 14, ""smooth_len"": 28}, ""c2"": {""cci_length"": 17, ""ema1_length"": 5, ""ema2_length"": 3, ""trigger_length"": 9}, ""exit_ind"": {""adx_smoothing"": 14, ""adx_threshold"": 25, ""di_length"": 14}, ""vol"": {""ema_len"": 12, ""filter_lookback"": 16, ""hline"": 0, ""lookback"": 132}}",0,17.847140382805314,26.886770190187363,,True
B|trend|center_of_gravity_signals|rex_oscillator_signals|variance_volume_signals|sma_baseline,B,B,trend,center_of_gravity_signals,rex_oscillator_signals,variance_volume_signals,sma_baseline,adx_dmi_exit,193.2,True,73.03378535481014,0.3121101938239749,1.825101668931819,0.8899528579096738,36.05420169177668,2.0446500230722973,35.719455423021174,13.109968177373851,0.20512820512820512,234,200,34,4,0.2,12.25,0.5,2.65,0.05,"{""base"": {""length"": 25}, ""c1"": {""length"": 43, ""signal_length"": 2}, ""c2"": {""almaOffset"": 0.85, ""almaSigma"": 6, ""framaFast"": 34, ""framaSlow"": 89, ""jurikPhase"": 1, ""jurikPower"": 1, ""lsOffset"": 0, ""modFBW"": 0.5, ""modFilter"": 0.8, ""sigAlmaOff"": 0.85, ""sigAlmaSig"": 6, ""sigFramaFast"": 34, ""sigFramaSlow"": 89, ""sigJurikPhase"": 1, ""sigJurikPower"": 1, ""sigLsOff"": 0, ""sigModFBW"": 0.5, ""sigModFilter"": 0.8, ""sigSmooth"": 3, ""sigVolAdj"": 10, ""smooth"": 92, ""volAdj"": 10}, ""exit_ind"": {""adx_smoothing"": 14, ""adx_threshold"": 25, ""di_length"": 14}, ""vol"": {""ema_len"": 28, ""filter_lookback"": 57, ""hline"": 0, ""lookback"": 25}}",0,21.134513533294236,22.19788840520333,,True
B|trend|price_momentum_oscillator_signals|linreg_slope_signals|variance_volume_signals|wma_baseline,B,B,trend,price_momentum_oscillator_signals,linreg_slope_signals,variance_volume_signals,wma_baseline,adx_dmi_exit,164.6,False,-60.843924822909884,-0.3755797828574684,0.45341208416563344,-2.339798488823903,-23.902258914854574,-0.5623932204177794,108.18751473872919,64.16779383222352,0.024691358024691357,162,136,26,37,0.15,6.4,0.5,1.4,0.05,"{""base"": {""ma_length"": 20}, ""c1"": {""s1"": 100, ""s2"": 20, ""sig"": 10}, ""c2"": {""length"": 14, ""r2_floor"": 0.374763}, ""exit_ind"": {""adx_smoothing"": 14, ""adx_threshold"": 25, ""di_length"": 14}, ""vol"": {""ema_len"": 5, ""filter_lookback"": 11, ""hline"": 0, ""lookback"": 20}}",0,22.883393782447957,20.369838093226697,,True
B|trend|fx_sniper_ergodic_cci_signals|supertrend_signals|chaikin_volatility_volume_signals|ema_baseline,B,B,trend,fx_sniper_ergodic_cci_signals,supertrend_signals,chaikin_volatility_volume_signals,ema_baseline,adx_dmi_exit,399.9,False,50.70054417028496,0.09863919099277228,1.2497974477361362,0.8523931510462905,11.617760967982065,1.2550916991814671,40.39588836684229,17.508441160194632,0.19844357976653695,514,310,204,4,1.0,5.85,0.5,2.7,0.001,"{""base"": {""ma_length"": 20}, ""c1"": {""cci_length"": 40, ""ema1_length"": 5, ""ema2_length"": 3, ""trigger_length"": 5}, ""c2"": {""atr_period"": 19, ""factor"": 4}, ""exit_ind"": {""adx_smoothing"": 14, ""adx_threshold"": 25, ""di_length"": 14}, ""vol"": {""cvi_len"": 28, ""roc_len"": 10}}",0,35.46874480687128,14.386932822825774,,True
B|chop|aroon_signals|center_of_gravity_signals|chaikin_volatility_volume_signals|sma_baseline,B,B,chop,aroon_signals,center_of_gravity_signals,chaikin_volatility_volume_signals,sma_baseline,adx_dmi_exit,70.9,False,-284.46562647551576,-1.3809010993957076,0.18079692815554027,-9.117607753927167,-16.536353160391286,-0.9904274584166189,287.2150040451085,142.2470438337688,0.04854368932038835,206,90,116,38,0.05,13.25,1.5,2.0,0.05,"{""base"": {""length"": 200}, ""c1"": {""length"": 71}, ""c2"": {""length"": 8, ""signal_length"": 4}, ""exit_ind"": {""adx_smoothing"": 14, ""adx_threshold"": 25, ""di_length"": 14}, ""vol"": {""cvi_len"": 12, ""roc_len"": 3}}",0,43.27465351480974,12.011631147693596,atr_mult,True
B|trend|fisher_transform_signals|schaff_trend_cycle_signals|williams_vix_fix_volume_signals|mcginley_dynamic_index,B,B,trend,fisher_transform_signals,schaff_trend_cycle_signals,williams_vix_fix_volume_signals,mcginley_dynamic_index,adx_dmi_exit,188.0,False,-20.55678543728508,-0.17421004607868712,0.7344403130317718,-1.4499352962694345,-7.381916531907328,-0.3980293097877258,51.64641128626502,17.868630982486813,0.13559322033898305,118,80,38,17,0.05,4.45,1.25,2.35,0.05,"{""base"": {""mci_length"": 7}, ""c1"": {""length"": 12}, ""c2"": {""cycleLen"": 5, ""d1"": 2, ""d2"": 3, ""lowerBand"": 25, ""macdFast"": 66, ""macdSlow"": 5, ""stc_midline"": 50, ""upperBand"": 75}, ""exit_ind"": {""adx_smoothing"": 14, ""adx_threshold"": 25, ""di_length"": 14}, ""vol"": {""bb_length"": 11, ""bb_mult"": 2, ""lookback"": 2}}",0,20.182877073296066,22.03159243381597,atr_mult,True
B|trend|donchian_breakout_signals|relative_vigor_index_signals|chaikin_volatility_volume_signals|tma_baseline,B,B,trend,donchian_breakout_signals,relative_vigor_index_signals,chaikin_volatility_volume_signals,tma_baseline,adx_dmi_exit,153.8,True,39.728674663488405,0.14290890166722447,1.512302226576365,1.8586240443741295,14.194219932187005,3.2375992580095776,12.271029085889072,4.702488127364781,0.31654676258992803,278,144,134,4,1.0,10.5,0.65,2.2,0.05,"{""base"": {""length"": 37}, ""c1"": {""length"": 11}, ""c2"": {""len"": 12}, ""exit_ind"": {""adx_smoothing"": 14, ""adx_threshold"": 25, ""di_length"": 14}, ""vol"": {""cvi_len"": 12, ""roc_len"": 10}}",0,38.16523451826332,13.18422914119657,,True
B|chop|laguerre_filter_signals|donchian_breakout_signals|efficiency_ratio_volume_signals|rma_baseline,B,B,chop,laguerre_filter_signals,donchian_breakout_signals,efficiency_ratio_volume_signals,rma_baseline,adx_dmi_exit,53.0,False,13.828724665289784,0.09877660475206988,1.1118975255454104,0.33586380611363537,8.230597068931663,0.49606125495060793,27.877050520034445,17.70779214535434,0.21428571428571427,140,82,58,50,0.8,2.65,1.5,2.0,0.05,"{""base"": {""ma_length"": 7}, ""c1"": {""alpha"": 0.2}, ""c2"": {""length"": 5}, ""exit_ind"": {""adx_smoothing"": 14, ""adx_threshold"": 25, ""di_length"": 14}, ""vol"": {""er_threshold"": 0.369854, ""length"": 12}}",0,27.608310318670604,16.71619408629409,,True
B|trend|donchian_breakout_signals|fx_sniper_ergodic_cci_signals|chaikin_volatility_volume_signals|ema_baseline,B,B,trend,donchian_breakout_signals,fx_sniper_ergodic_cci_signals,chaikin_volatility_volume_signals,ema_baseline,adx_dmi_exit,202.1,False,-137.21993747102465,-0.5237402193550559,0.0997788385093575,-17.9120706465132,-33.9608542709995,-1.0054500828798263,136.47613124462342,94.51791289820993,0.07633587786259542,262,172,90,25,0.8,7.95,0.5,2.85,0.05,"{""base"": {""ma_length"": 16}, ""c1"": {""length"": 25}, ""c2"": {""cci_length"": 26, ""ema1_length"": 9, ""ema2_length"": 3, ""trigger_length"": 5}, ""exit_ind"": {""adx_smoothing"": 14, ""adx_threshold"": 25, ""di_length"": 14}, ""vol"": {""cvi_len"": 43, ""roc_len"": 10}}",0,29.201346148997573,15.984018603065657,,True
B|chop|halftrend_signals|polychromatic_momentum_signals|chaikin_volatility_volume_signals|rma_baseline,B,B,chop,halftrend_signals,polychromatic_momentum_signals,chaikin_volatility_volume_signals,rma_baseline,adx_dmi_exit,103.1,False,-12.395178224277831,-0.04958071289711133,0.9421926234958988,-0.2748849109348607,-3.5317242933367674,-0.2497555859248938,49.629233229663555,22.529725818771883,0.168,250,99,151,23,0.55,6.95,1.5,2.0,0.05,"{""base"": {""ma_length"": 16}, ""c1"": {""amplitude"": 500}, ""c2"": {""len"": 14}, ""exit_ind"": {""adx_smoothing"": 14, ""adx_threshold"": 25, ""di_length"": 14}, ""vol"": {""cvi_len"": 28, ""roc_len"": 6}}",0,40.04973174136366,12.41937527301723,,True
B|trend|dspo_signals|polychromatic_momentum_signals|waddah_attar_explosion_volume_signals|sma_baseline,B,B,trend,dspo_signals,polychromatic_momentum_signals,waddah_attar_explosion_volume_signals,sma_baseline,adx_dmi_exit,291.8,False,-42.741063823283966,-0.24284695354138616,0.5072580265063874,-2.938340674657014,-45.420756727492595,-0.9465118377244537,45.15639648632334,29.057449146210434,0.07954545454545454,176,150,26,4,1.0,9.75,0.5,2.0,0.05,"{""base"": {""length"": 37}, ""c1"": {""len"": 3}, ""c2"": {""len"": 14}, ""exit_ind"": {""adx_smoothing"": 14, ""adx_threshold"": 25, ""di_length"": 14}, ""vol"": {""bbLen"": 132, ""bbStd"": 9, ""fastEma"": 200, ""sensitivity"": 15, ""slowEma"": 40}}",0,19.616889122774857,21.46538852283136,,True
B|chop|fisher_transform_signals|chandelier_exit_signals|efficiency_ratio_volume_signals|fantail_vma,B,B,chop,fisher_transform_signals,chandelier_exit_signals,efficiency_ratio_volume_signals,fantail_vma,adx_dmi_exit,214.9,False,-166.2188972325503,-0.44562707032855303,0.5678732389859817,-2.0876315003508736,-8.823076081129782,-0.7774884189312423,213.78954745208875,73.0300250730677,0.18498659517426275,373,250,123,27,0.05,6.65,1.5,2.0,0.05,"{""base"": {""fma_adx_length"": 2, ""fma_ma_length"": 26, ""fma_weighting"": 12}, ""c1"": {""length"": 12}, ""c2"": {""atr_mult"": 9, ""atr_period"": 220}, ""exit_ind"": {""adx_smoothing"": 14, ""adx_threshold"": 25, ""di_length"": 14}, ""vol"": {""er_threshold"": 0.369854, ""length"": 10}}",0,39.972275798182785,12.311543176130348,atr_mult,True
B|chop|volatility_quality_signals|kase_peak_oscillator_signals|waddah_attar_explosion_volume_signals|vidya,B,B,chop,volatility_quality_signals,kase_peak_oscillator_signals,waddah_attar_explosion_volume_signals,vidya,adx_dmi_exit,430.9,False,-8.370176448672273,-0.04103027670917781,0.9467673735448442,-0.3240372090036657,-2.43074331675201,-0.20947222252453326,39.958407600759394,18.211946205881418,0.22549019607843138,204,114,90,47,0.35,1.85,1.5,2.0,0.05,"{""base"": {""vda_length"": 6}, ""c1"": {""atr_pct"": 0.075, ""smooth"": 28}, ""c2"": {""long_cycle"": 428, ""sharpness"": 40, ""short_cycle"": 8}, ""exit_ind"": {""adx_smoothing"": 14, ""adx_threshold"": 25, ""di_length"": 14}, ""vol"": {""bbLen"": 25, ""bbStd"": 9, ""fastEma"": 5, ""sensitivity"": 53, ""slowEma"": 400}}",0,37.1917551152613,13.07498690655845,,True
B|trend|ssl_channel_signals|laguerre_filter_signals|chaikin_volatility_volume_signals|sma_baseline,B,B,trend,ssl_channel_signals,laguerre_filter_signals,chaikin_volatility_volume_signals,sma_baseline,adx_dmi_exit,311.8,False,-16.7970522781998,-0.033195755490513436,0.9225190452623576,-0.3395399231235816,-4.5917118101945515,-0.2669664867686672,62.91820550777538,29.36652012302136,0.16403162055335968,506,348,158,7,0.9,1.8,0.5,1.2,0.04,"{""base"": {""length"": 37}, ""c1"": {""len"": 10}, ""c2"": {""alpha"": 0.070224}, ""exit_ind"": {""adx_smoothing"": 14, ""adx_threshold"": 25, ""di_length"": 14}, ""vol"": {""cvi_len"": 28, ""roc_len"": 10}}",0,22.31369095867143,18.91321207670402,,True
B|trend|center_of_gravity_signals|rex_oscillator_signals|variance_volume_signals|mcginley_dynamic_index,B,B,trend,center_of_gravity_signals,rex_oscillator_signals,variance_volume_signals,mcginley_dynamic_index,adx_dmi_exit,259.3,False,33.124292788603746,0.12178048819339612,1.279725168628985,0.6674772621684472,16.000226058416093,1.0094854528974282,32.8130461845986,13.69071757439241,0.13970588235294118,272,176,96,2,0.8,13.5,0.65,2.0,0.05,"{""base"": {""mci_length"": 14}, ""c1"": {""length"": 10, ""signal_length"": 20}, ""c2"": {""almaOffset"": 0.85, ""almaSigma"": 6, ""framaFast"": 34, ""framaSlow"": 89, ""jurikPhase"": 1, ""jurikPower"": 1, ""lsOffset"": 0, ""modFBW"": 0.5, ""modFilter"": 0.8, ""sigAlmaOff"": 0.85, ""sigAlmaSig"": 6, ""sigFramaFast"": 34, ""sigFramaSlow"": 89, ""sigJurikPhase"": 1, ""sigJurikPower"": 1, ""sigLsOff"": 0, ""sigModFBW"": 0.5, ""sigModFilter"": 0.8, ""sigSmooth"": 12, ""sigVolAdj"": 10, ""smooth"": 17, ""volAdj"": 10}, ""exit_ind"": {""adx_smoothing"": 14, ""adx_threshold"": 25, ""di_length"": 14}, ""vol"": {""ema_len"": 12, ""filter_lookback"": 200, ""hline"": 0, ""lookback"": 25}}",0,35.309686412067435,13.3702779961727,,True
