date,open,high,low,close
2003-12-01,1.874900,1.877800,1.853400,1.860400
2003-12-02,1.860600,1.871600,1.854300,1.869000
2003-12-03,1.869000,1.875700,1.859400,1.874200
2003-12-04,1.874100,1.878500,1.865300,1.870000
2003-12-05,1.870900,1.887100,1.869500,1.886500
2003-12-08,1.885800,1.890400,1.875800,1.885800
2003-12-09,1.885800,1.895600,1.884500,1.887000
2003-12-10,1.887000,1.891100,1.876800,1.882100
2003-12-11,1.882300,1.890000,1.875800,1.885900
2003-12-12,1.885600,1.899500,1.881300,1.897800
2003-12-15,1.886800,1.898100,1.884900,1.895000
2003-12-16,1.896600,1.904400,1.889000,1.892700
2003-12-17,1.891300,1.923400,1.891000,1.916200
2003-12-18,1.916400,1.927400,1.906100,1.913900
2003-12-19,1.913800,1.928900,1.913100,1.920100
2003-12-22,1.922600,1.939000,1.920600,1.932200
2003-12-23,1.932500,1.937500,1.860000,1.924800
2003-12-24,1.926400,1.931700,1.916700,1.921700
2003-12-25,1.922000,1.924600,1.920200,1.922600
2003-12-26,1.922000,1.926000,1.916400,1.917600
2003-12-29,1.917000,1.925900,1.913400,1.916700
2003-12-30,1.916600,1.921400,1.910000,1.911700
2003-12-31,1.911000,1.926200,1.910700,1.921500
2004-01-01,1.919600,1.920500,1.912000,1.918400
2004-01-02,1.918500,1.922600,1.907200,1.909200
2004-01-05,1.909000,1.913100,1.880700,1.890000
2004-01-06,1.890300,1.900700,1.887100,1.894900
2004-01-07,1.895300,1.901200,1.877700,1.882600
2004-01-08,1.882700,1.890200,1.868800,1.884500
2004-01-09,1.884300,1.885700,1.868000,1.881800
2004-01-12,1.881000,1.888000,1.861100,1.870200
2004-01-13,1.871000,1.872400,1.851600,1.864700
2004-01-14,1.864700,1.925900,1.851200,1.860700
2004-01-15,1.860100,1.877100,1.859500,1.871300
2004-01-16,1.871700,1.873500,1.852700,1.858000
2004-01-19,1.871400,1.894300,1.871400,1.885200
2004-01-20,1.885000,1.895100,1.878800,1.887200
2004-01-21,1.887700,1.889700,1.870300,1.882700
2004-01-22,1.882900,1.888700,1.871900,1.878400
2004-01-23,1.876900,1.883700,1.867700,1.872800
2004-01-26,1.870900,1.874100,1.850800,1.864400
2004-01-27,1.864200,1.865200,1.845000,1.862800
2004-01-28,1.862500,1.867600,1.837000,1.845100
2004-01-29,1.846000,1.863200,1.840300,1.853200
2004-01-30,1.852400,1.866300,1.847200,1.854600
2004-02-02,1.852300,1.856000,1.838900,1.846900
2004-02-03,1.837600,1.849700,1.831100,1.845400
2004-02-04,1.844600,1.849700,1.831100,1.838500
2004-02-05,1.837600,1.847100,1.823400,1.831900
2004-02-06,1.831800,1.839600,1.822100,1.837000
2004-02-09,1.837300,1.837300,1.818000,1.821600
2004-02-10,1.822500,1.829700,1.812400,1.820800
2004-02-11,1.820900,1.834500,1.819000,1.832500
2004-02-12,1.833000,1.838500,1.827700,1.834600
2004-02-13,1.834200,1.835400,1.813400,1.816000
2004-02-16,1.813200,1.813200,1.801400,1.808600
2004-02-17,1.808200,1.820000,1.802100,1.813300
2004-02-18,1.819400,1.824900,1.808700,1.816200
2004-02-19,1.814600,1.816000,1.806500,1.812000
2004-02-20,1.813100,1.854600,1.808600,1.832800
2004-02-23,1.834900,1.843400,1.825000,1.836400
2004-02-24,1.836200,1.848300,1.829800,1.835200
2004-02-25,1.835100,1.837600,1.811500,1.817500
2004-02-26,1.817200,1.820200,1.800600,1.809900
2004-02-27,1.809800,1.822800,1.805600,1.814700
2004-03-01,1.819200,1.819800,1.799500,1.801200
2004-03-02,1.801100,1.808400,1.782500,1.802900
2004-03-03,1.803600,1.831700,1.800100,1.824200
2004-03-04,1.824300,1.828900,1.807700,1.829300
2004-03-05,1.829100,1.842000,1.815800,1.831400
2004-03-08,1.831300,1.839700,1.824300,1.827000
2004-03-09,1.826500,1.830000,1.810200,1.819900
2004-03-10,1.826500,1.865100,1.810200,1.849500
2004-03-11,1.850700,1.913500,1.849000,1.911300
2004-03-12,1.911400,1.934200,1.888600,1.896900
2004-03-15,1.897700,1.914700,1.890500,1.896400
2004-03-16,1.895200,1.904900,1.881700,1.883800
2004-03-17,1.883400,1.889900,1.872800,1.877300
2004-03-18,1.877400,1.887500,1.869400,1.879700
2004-03-19,1.879500,1.891600,1.865300,1.868400
2004-03-22,1.872600,1.878000,1.855200,1.863800
2004-03-23,1.864100,1.872300,1.857700,1.867100
2004-03-24,1.867300,1.877300,1.848400,1.861800
2004-03-25,1.861600,1.882900,1.857800,1.871900
2004-03-26,1.873500,1.882900,1.858200,1.860000
2004-03-28,1.867400,1.871500,1.856800,1.868000
2004-03-29,1.866700,1.870200,1.846500,1.851900
2004-03-30,1.851600,1.851800,1.828900,1.841800
2004-03-31,1.841300,1.857500,1.840800,1.849700
2004-04-01,1.848800,1.854300,1.836700,1.839300
2004-04-04,1.845900,1.859200,1.840900,1.843400
2004-04-05,1.842900,1.852400,1.835300,1.847700
2004-04-06,1.847200,1.851300,1.832900,1.844000
2004-04-07,1.843800,1.846400,1.830800,1.833200
2004-04-08,1.833500,1.837100,1.829100,1.831000
2004-04-11,1.832200,1.832500,1.829500,1.831000
2004-04-12,1.832200,1.832300,1.811200,1.828100
2004-04-13,1.827800,1.891400,1.825900,1.881100
2004-04-14,1.881200,1.884900,1.867200,1.874500
2004-04-15,1.874700,1.881600,1.867700,1.876000
2004-04-18,1.875300,1.876500,1.858600,1.864200
2004-04-19,1.874700,1.888100,1.861100,1.882100
2004-04-20,1.882800,1.909000,1.879500,1.897400
2004-04-21,1.898400,1.911700,1.888100,1.895800
2004-04-22,1.895800,1.902100,1.878200,1.883700
2004-04-25,1.886800,1.889100,1.877200,1.879800
2004-04-26,1.881700,1.898100,1.878600,1.890500
2004-04-27,1.889300,1.911000,1.887200,1.898500
2004-04-28,1.898800,1.926000,1.898500,1.921900
2004-04-29,1.925300,1.927800,1.907200,1.917500
2004-05-02,1.909500,1.915100,1.903200,1.907400
2004-05-03,1.906700,1.919000,1.903600,1.912000
2004-05-04,1.911400,1.920800,1.905800,1.910000
2004-05-05,1.908500,1.921100,1.899800,1.915400
2004-05-06,1.914100,1.929500,1.908100,1.920600
2004-05-09,1.927500,1.966900,1.925900,1.953500
2004-05-10,1.955300,1.962800,1.946500,1.950900
2004-05-11,1.950600,1.954100,1.932600,1.943500
2004-05-12,1.943500,1.976700,1.943000,1.966700
2004-05-13,1.966700,1.976100,1.959500,1.968900
2004-05-16,1.968500,2.015900,1.967600,2.013300
2004-05-17,2.016100,2.030200,1.981500,1.993200
2004-05-18,1.993100,2.000200,1.964600,1.976400
2004-05-19,1.977800,1.982300,1.961200,1.963900
2004-05-20,1.964000,1.974400,1.957700,1.972900
2004-05-23,1.967400,1.974400,1.953800,1.968500
2004-05-24,1.969800,1.972400,1.954500,1.959300
2004-05-25,1.958700,1.961300,1.944400,1.944900
2004-05-26,1.945900,1.949000,1.923700,1.935500
2004-05-27,1.935300,1.951600,1.930200,1.939600
2004-05-30,1.938800,1.942100,1.921000,1.923500
2004-05-31,1.923500,1.953400,1.917900,1.943500
2004-06-01,1.944400,1.969100,1.939200,1.960700
2004-06-02,1.960900,1.980600,1.947400,1.971500
2004-06-03,1.972800,1.983700,1.954300,1.970700
2004-06-06,1.965800,1.974400,1.941200,1.947700
2004-06-07,1.952400,1.961200,1.943200,1.953500
2004-06-08,1.953600,1.962300,1.932700,1.936300
2004-06-09,1.936300,1.944200,1.902800,1.908800
2004-06-10,1.907900,1.916600,1.902100,1.903600
2004-06-13,1.911300,1.933400,1.905700,1.929300
2004-06-14,1.931100,1.942400,1.900200,1.911800
2004-06-15,1.911700,1.917100,1.902700,1.910500
2004-06-16,1.910400,1.939200,1.908300,1.934400
2004-06-17,1.935800,1.940500,1.916900,1.935400
2004-06-20,1.931900,1.936200,1.920100,1.922400
2004-06-21,1.922600,1.939100,1.921000,1.928500
2004-06-22,1.928200,1.938500,1.924200,1.933700
2004-06-23,1.933300,1.933300,1.913200,1.911600
2004-06-24,1.911200,1.920000,1.897400,1.916600
2004-06-27,1.912000,1.913200,1.896400,1.897800
2004-06-28,1.898200,1.921600,1.896900,1.913300
2004-06-29,1.914100,1.928000,1.912100,1.913700
2004-06-30,1.914200,1.916300,1.891400,1.894500
2004-07-01,1.895800,1.909400,1.892900,1.901800
2004-07-04,1.902800,1.907300,1.893400,1.895200
2004-07-05,1.895400,1.897200,1.878400,1.889200
2004-07-06,1.889400,1.891100,1.879600,1.881900
2004-07-07,1.882200,1.892000,1.879500,1.885600
2004-07-08,1.884700,1.892600,1.879500,1.879500
2004-07-11,1.885000,1.889800,1.872400,1.879900
2004-07-12,1.879600,1.880500,1.870300,1.875100
2004-07-13,1.875300,1.899700,1.871100,1.896700
2004-07-14,1.896800,1.907800,1.893500,1.899400
2004-07-15,1.899700,1.901300,1.885400,1.886200
2004-07-18,1.885300,1.901100,1.878000,1.898900
2004-07-19,1.898500,1.901200,1.881500,1.888700
2004-07-20,1.886600,1.919400,1.885100,1.919000
2004-07-21,1.917700,1.922700,1.903300,1.909300
2004-07-22,1.909000,1.917700,1.900500,1.904300
2004-07-25,1.905300,1.910800,1.892100,1.905200
2004-07-26,1.904000,1.927400,1.898200,1.916000
2004-07-27,1.916100,1.927600,1.907400,1.913400
2004-07-28,1.913400,1.914500,1.895300,1.901900
2004-07-29,1.899900,1.907300,1.885500,1.886600
2004-08-01,1.891000,1.894200,1.873500,1.883100
2004-08-02,1.883300,1.886200,1.859900,1.868700
2004-08-03,1.868700,1.871900,1.859800,1.866600
2004-08-04,1.866600,1.874500,1.861500,1.874700
2004-08-05,1.875300,1.894100,1.865500,1.884300
2004-08-08,1.880000,1.880500,1.870600,1.873700
2004-08-09,1.874600,1.881600,1.871200,1.874200
2004-08-10,1.873900,1.884400,1.861000,1.865900
2004-08-11,1.866000,1.869200,1.853900,1.859100
2004-08-12,1.860500,1.872200,1.852400,1.856000
2004-08-15,1.859100,1.863100,1.849600,1.859100
2004-08-16,1.859100,1.861700,1.850800,1.857700
2004-08-17,1.857100,1.860300,1.849300,1.857100
2004-08-18,1.858200,1.861500,1.837200,1.839600
2004-08-19,1.839200,1.842400,1.825700,1.830400
2004-08-22,1.828100,1.837400,1.821900,1.832800
2004-08-23,1.833500,1.867600,1.831100,1.863400
2004-08-24,1.863700,1.867200,1.848500,1.861100
2004-08-25,1.860500,1.862400,1.844200,1.859000
2004-08-26,1.857600,1.858700,1.832400,1.838700
2004-08-29,1.835700,1.856600,1.835300,1.854000
2004-08-30,1.852300,1.861400,1.848700,1.855800
2004-08-31,1.856400,1.863000,1.848600,1.861400
2004-09-01,1.861100,1.883700,1.857800,1.878800
2004-09-02,1.880500,1.881800,1.857800,1.865200
2004-09-05,1.862200,1.864900,1.853100,1.856500
2004-09-06,1.856700,1.872600,1.853600,1.870800
2004-09-07,1.871300,1.878300,1.862100,1.860600
2004-09-08,1.860400,1.874200,1.858100,1.872900
2004-09-09,1.873000,1.879500,1.861500,1.871700
2004-09-12,1.868700,1.871500,1.858800,1.862000
2004-09-13,1.862200,1.862500,1.845600,1.846700
2004-09-14,1.846700,1.852200,1.844000,1.849300
2004-09-15,1.849300,1.854900,1.838400,1.842300
2004-09-16,1.843400,1.848300,1.840400,1.840400
2004-09-19,1.842000,1.844300,1.834400,1.838600
2004-09-20,1.838800,1.861100,1.838400,1.853900
2004-09-21,1.854900,1.858200,1.846200,1.849600
2004-09-22,1.849900,1.851700,1.835300,1.837100
2004-09-23,1.837600,1.847500,1.832500,1.833500
2004-09-26,1.836900,1.850800,1.834500,1.841800
2004-09-27,1.841600,1.845500,1.836500,1.838600
2004-09-28,1.838300,1.843400,1.834900,1.841100
2004-09-29,1.841100,1.844600,1.830700,1.837000
2004-09-30,1.835800,1.848200,1.828200,1.836600
2004-10-03,1.841400,1.845800,1.827300,1.837000
2004-10-04,1.837000,1.837800,1.824000,1.828900
2004-10-05,1.827800,1.830600,1.815900,1.819900
2004-10-06,1.820000,1.823000,1.811900,1.816100
2004-10-07,1.816200,1.823600,1.808300,1.809000
2004-10-10,1.811800,1.818200,1.811500,1.815600
2004-10-11,1.813500,1.820100,1.807800,1.817600
2004-10-12,1.818200,1.827900,1.812300,1.822100
2004-10-13,1.821200,1.825500,1.812200,1.816600
2004-10-14,1.816600,1.817100,1.809300,1.813400
2004-10-17,1.818100,1.825600,1.811700,1.822900
2004-10-18,1.823200,1.828000,1.813400,1.824900
2004-10-19,1.825000,1.826400,1.816200,1.821700
2004-10-20,1.821800,1.824700,1.814000,1.818000
2004-10-21,1.817800,1.824000,1.815300,1.822300
2004-10-24,1.824000,1.829700,1.816100,1.826400
2004-10-25,1.826400,1.835200,1.822800,1.829300
2004-10-26,1.829400,1.852500,1.824100,1.847100
2004-10-28,1.847400,1.870600,1.840200,1.862900
2004-11-01,1.864100,1.868700,1.860100,1.865100
2004-11-02,1.864900,1.867300,1.848900,1.852600
2004-11-03,1.851300,1.861300,1.848700,1.855900
2004-11-04,1.856000,1.866500,1.854800,1.862100
2004-11-05,1.861900,1.869200,1.854200,1.868100
2004-11-08,1.863300,1.872000,1.857500,1.867300
2004-11-09,1.866800,1.872200,1.859000,1.870300
2004-11-10,1.870300,1.894400,1.869100,1.879700
2004-11-11,1.880600,1.884400,1.872200,1.875400
2004-11-12,1.875000,1.875300,1.858000,1.870100
2004-11-15,1.870400,1.870400,1.844100,1.848300
2004-11-16,1.848200,1.854800,1.844600,1.852200
2004-11-17,1.852200,1.852900,1.834800,1.842100
2004-11-18,1.842200,1.843100,1.829700,1.835600
2004-11-19,1.835000,1.845700,1.827900,1.832200
2004-11-22,1.832900,1.839600,1.830900,1.835700
2004-11-23,1.835700,1.844600,1.830000,1.834500
2004-11-24,1.834300,1.856100,1.833800,1.852500
2004-11-25,1.851900,1.853700,1.839200,1.848000
2004-11-26,1.848200,1.855900,1.843300,1.847700
2004-11-29,1.854600,1.856500,1.844700,1.855300
2004-11-30,1.854500,1.865400,1.850900,1.855900
2004-12-01,1.855900,1.863300,1.848400,1.854400
2004-12-02,1.854700,1.856300,1.842800,1.850500
2004-12-03,1.851300,1.869200,1.847700,1.866500
2004-12-06,1.863000,1.866900,1.847600,1.861200
2004-12-07,1.861300,1.873200,1.851300,1.868400
2004-12-08,1.869000,1.892400,1.858600,1.871000
2004-12-09,1.872600,1.881700,1.861200,1.876400
2004-12-10,1.875200,1.884500,1.870900,1.879700
2004-12-13,1.879200,1.881900,1.864600,1.874800
2004-12-14,1.874900,1.877300,1.863900,1.875700
2004-12-15,1.876100,1.876100,1.863300,1.865500
2004-12-16,1.865800,1.874200,1.857400,1.863800
2004-12-17,1.865300,1.868200,1.856000,1.864400
2004-12-20,1.859200,1.886500,1.858600,1.883900
2004-12-21,1.884200,1.884200,1.869700,1.880300
2004-12-22,1.880000,1.883900,1.871100,1.881700
2004-12-23,1.882500,1.895100,1.877700,1.891900
2004-12-24,1.892200,1.892900,1.880400,1.885200
2004-12-27,1.885900,1.891800,1.878700,1.879300
2004-12-28,1.879300,1.892100,1.876900,1.890100
2004-12-29,1.889900,1.909300,1.885500,1.906400
2004-12-30,1.906400,1.909200,1.895500,1.896800
2004-12-31,1.897500,1.898300,1.876200,1.887700
2005-01-03,1.889900,1.894900,1.876400,1.885900
2005-01-04,1.885900,1.892900,1.877600,1.890200
2005-01-05,1.890100,1.902200,1.884800,1.896200
2005-01-06,1.895300,1.896900,1.882600,1.883800
2005-01-07,1.883600,1.887100,1.868500,1.886400
2005-01-10,1.879800,1.888300,1.875700,1.883100
2005-01-11,1.883100,1.888000,1.875200,1.876200
2005-01-12,1.875500,1.887400,1.872100,1.874300
2005-01-13,1.874300,1.880800,1.867400,1.875100
2005-01-14,1.874800,1.879000,1.868500,1.873300
2005-01-17,1.875000,1.878900,1.868600,1.878100
2005-01-18,1.877100,1.884900,1.864200,1.865500
2005-01-19,1.865600,1.866500,1.849300,1.852900
2005-01-20,1.852500,1.853900,1.834500,1.838900
2005-01-21,1.838900,1.839300,1.819900,1.818000
2005-01-24,1.822200,1.833000,1.820400,1.822000
2005-01-25,1.822400,1.833700,1.820700,1.824000
2005-01-26,1.823700,1.829700,1.816300,1.824600
2005-01-27,1.824600,1.829400,1.818400,1.819700
2005-01-28,1.819900,1.833500,1.818900,1.830800
2005-01-31,1.830100,1.836800,1.822500,1.835700
2005-02-01,1.835700,1.838000,1.826400,1.831000
2005-02-02,1.831200,1.837100,1.822000,1.823300
2005-02-03,1.823500,1.829900,1.821300,1.825500
2005-02-04,1.824700,1.829000,1.809400,1.810500
2005-02-07,1.816200,1.823100,1.810800,1.820300
2005-02-08,1.819600,1.831300,1.817200,1.826100
2005-02-09,1.825800,1.829500,1.815400,1.816600
2005-02-10,1.817700,1.820200,1.806200,1.809000
2005-02-11,1.809300,1.812100,1.797700,1.798000
2005-02-14,1.805500,1.815600,1.804500,1.813200
2005-02-15,1.812900,1.821600,1.810300,1.821100
2005-02-16,1.820900,1.827400,1.816700,1.825300
2005-02-17,1.826100,1.827500,1.811900,1.823000
2005-02-18,1.823900,1.824100,1.801900,1.806000
2005-02-21,1.807000,1.808000,1.795000,1.799000
2005-02-22,1.799100,1.822800,1.797600,1.820100
2005-02-23,1.819600,1.832200,1.816600,1.827000
2005-02-24,1.827300,1.835900,1.823400,1.831100
2005-02-25,1.831400,1.834100,1.824600,1.828700
2005-02-28,1.832000,1.833900,1.815300,1.819100
2005-03-01,1.819000,1.822600,1.811100,1.814200
2005-03-02,1.814500,1.819600,1.804200,1.807700
2005-03-03,1.807100,1.811300,1.799000,1.801300
2005-03-04,1.802100,1.806900,1.793700,1.800000
2005-03-07,1.801500,1.804800,1.792500,1.793600
2005-03-08,1.793600,1.804700,1.792000,1.807700
2005-03-09,1.806300,1.830200,1.805400,1.810500
2005-03-10,1.811700,1.823400,1.802000,1.822100
2005-03-11,1.821900,1.824300,1.814000,1.824200
2005-03-14,1.815300,1.819700,1.808100,1.808500
2005-03-15,1.808600,1.810100,1.794400,1.797800
2005-03-16,1.798700,1.807500,1.796600,1.799600
2005-03-17,1.799000,1.804400,1.795600,1.800400
2005-03-18,1.800800,1.802400,1.783700,1.787000
2005-03-21,1.791200,1.792300,1.780800,1.790400
2005-03-22,1.790400,1.799400,1.781100,1.799100
2005-03-23,1.798800,1.814900,1.790300,1.811900
2005-03-24,1.811800,1.820900,1.806200,1.813300
2005-03-25,1.814100,1.816700,1.810300,1.815200
2005-03-27,1.813300,1.828000,1.812700,1.826700
2005-03-28,1.825900,1.826900,1.811100,1.820400
2005-03-29,1.819800,1.827400,1.816400,1.822000
2005-03-30,1.822300,1.825100,1.815400,1.820900
2005-03-31,1.820000,1.827800,1.813200,1.818900
2005-04-03,1.821800,1.824000,1.812500,1.817000
2005-04-04,1.816800,1.825500,1.810400,1.811900
2005-04-05,1.810800,1.814600,1.803200,1.809800
2005-04-06,1.808300,1.811100,1.800200,1.804500
2005-04-07,1.803600,1.806700,1.794700,1.799200
2005-04-10,1.802400,1.803500,1.792800,1.799000
2005-04-11,1.799000,1.800000,1.787600,1.788000
2005-04-12,1.788200,1.789900,1.777600,1.776700
2005-04-13,1.776800,1.790100,1.769400,1.786600
2005-04-14,1.786100,1.806500,1.786100,1.793800
2005-04-17,1.800200,1.820800,1.800000,1.814000
2005-04-18,1.814700,1.816100,1.800400,1.802700
2005-04-19,1.801800,1.806300,1.793700,1.798400
2005-04-20,1.799300,1.801300,1.791200,1.795700
2005-04-21,1.794900,1.795100,1.780800,1.784400
2005-04-24,1.782000,1.785600,1.770900,1.783900
2005-04-25,1.783700,1.796100,1.778600,1.794200
2005-04-26,1.793200,1.798600,1.781400,1.784500
2005-04-27,1.784500,1.787800,1.767900,1.771200
2005-04-28,1.771000,1.775000,1.755300,1.757600
2005-05-01,1.759300,1.766000,1.757300,1.757900
2005-05-02,1.758100,1.777600,1.753600,1.773200
2005-05-03,1.772900,1.776100,1.761000,1.764400
2005-05-04,1.764200,1.769300,1.757300,1.763400
2005-05-05,1.763200,1.764000,1.746400,1.747900
2005-05-08,1.750100,1.762100,1.747200,1.758600
2005-05-09,1.759600,1.765300,1.753200,1.758800
2005-05-10,1.758900,1.762500,1.747700,1.761200
2005-05-11,1.761200,1.770100,1.756600,1.769200
2005-05-12,1.768300,1.775800,1.762100,1.769300
2005-05-15,1.771800,1.791000,1.770000,1.780900
2005-05-16,1.781500,1.785100,1.777000,1.782600
2005-05-17,1.782600,1.784800,1.772500,1.777800
2005-05-18,1.777600,1.782100,1.770600,1.780800
2005-05-19,1.781000,1.785600,1.769100,1.769400
2005-05-22,1.772000,1.774600,1.766800,1.767900
2005-05-23,1.767400,1.769700,1.759800,1.763200
2005-05-24,1.763700,1.767300,1.760900,1.762200
2005-05-25,1.762200,1.764700,1.755000,1.762400
2005-05-26,1.762600,1.763200,1.754700,1.759900
2005-05-29,1.757500,1.757700,1.746200,1.753400
2005-05-30,1.753300,1.757600,1.741700,1.745300
2005-05-31,1.744000,1.757100,1.743700,1.749100
2005-06-01,1.748900,1.756100,1.741300,1.750200
2005-06-02,1.749300,1.752900,1.736700,1.739500
2005-06-05,1.747400,1.748900,1.727000,1.729300
2005-06-06,1.729000,1.731900,1.713700,1.717700
2005-06-07,1.717500,1.724400,1.711700,1.713000
2005-06-08,1.713900,1.719400,1.708700,1.714900
2005-06-09,1.714600,1.720400,1.706900,1.708800
2005-06-12,1.712700,1.718200,1.704200,1.716400
2005-06-13,1.716400,1.718400,1.694900,1.698500
2005-06-14,1.698500,1.703000,1.693500,1.698200
2005-06-15,1.698900,1.701700,1.687000,1.692300
2005-06-16,1.692400,1.716700,1.691600,1.714400
2005-06-19,1.702700,1.707200,1.694500,1.695600
2005-06-20,1.695600,1.701800,1.689700,1.696900
2005-06-21,1.696300,1.703900,1.687300,1.697500
2005-06-22,1.697700,1.708400,1.692700,1.708600
2005-06-23,1.707800,1.716700,1.696300,1.714000
2005-06-26,1.714000,1.723300,1.710000,1.722900
2005-06-27,1.720700,1.723900,1.712100,1.718900
2005-06-28,1.721100,1.731300,1.714000,1.725200
2005-06-29,1.724000,1.741600,1.722300,1.736000
2005-06-30,1.740300,1.755600,1.738700,1.739500
2005-07-03,1.752000,1.755100,1.747400,1.751400
2005-07-04,1.750600,1.763900,1.749800,1.757500
2005-07-05,1.757700,1.774300,1.756300,1.773100
2005-07-06,1.772400,1.779500,1.761600,1.773800
2005-07-07,1.774100,1.782300,1.766100,1.775900
2005-07-10,1.771400,1.781400,1.770500,1.777800
2005-07-11,1.777100,1.789200,1.772600,1.788700
2005-07-12,1.788100,1.803800,1.780200,1.795700
2005-07-13,1.796100,1.796700,1.779100,1.791200
2005-07-14,1.790100,1.794500,1.782500,1.784100
2005-07-17,1.782600,1.792100,1.776100,1.780100
2005-07-18,1.779000,1.785100,1.773100,1.782400
2005-07-19,1.781900,1.798200,1.777200,1.790100
2005-07-20,1.789700,1.794400,1.765400,1.775100
2005-07-21,1.774500,1.777800,1.754200,1.756600
2005-07-24,1.762900,1.771300,1.758200,1.761100
2005-07-25,1.761700,1.764900,1.754700,1.764200
2005-07-26,1.764300,1.776900,1.759800,1.772500
2005-07-27,1.771700,1.781100,1.769600,1.773800
2005-07-28,1.773700,1.784400,1.765400,1.779400
2005-07-31,1.784600,1.788300,1.778500,1.781600
2005-08-01,1.782300,1.783700,1.771700,1.773800
2005-08-02,1.773800,1.786700,1.770300,1.784200
2005-08-03,1.784800,1.792900,1.779200,1.790900
2005-08-04,1.790700,1.797500,1.780200,1.804800
2005-08-07,1.787100,1.789200,1.777900,1.781200
2005-08-08,1.780900,1.789600,1.776900,1.786000
2005-08-09,1.787100,1.788900,1.774700,1.776300
2005-08-10,1.776500,1.778500,1.761500,1.763700
2005-08-11,1.763600,1.769400,1.752600,1.754300
2005-08-14,1.750100,1.755400,1.745700,1.752100
2005-08-15,1.752400,1.757100,1.746300,1.751700
2005-08-16,1.751800,1.755400,1.746700,1.751200
2005-08-17,1.752400,1.754100,1.744300,1.749100
2005-08-18,1.749400,1.755400,1.742800,1.743300
2005-08-21,1.752300,1.757000,1.747600,1.752900
2005-08-22,1.753700,1.756100,1.748500,1.751500
2005-08-23,1.751100,1.763900,1.746700,1.763500
2005-08-24,1.763800,1.765600,1.755000,1.760600
2005-08-25,1.760500,1.768600,1.757800,1.765500
2005-08-28,1.769100,1.771500,1.757400,1.761100
2005-08-29,1.760900,1.777000,1.760400,1.776000
2005-08-30,1.775900,1.781100,1.768700,1.773700
2005-08-31,1.773500,1.776700,1.767300,1.770400
2005-09-01,1.768700,1.780000,1.766000,1.770100
2005-09-04,1.774000,1.775200,1.761400,1.764800
2005-09-05,1.764500,1.765800,1.755200,1.756000
2005-09-06,1.756000,1.768500,1.754900,1.762000
2005-09-07,1.760700,1.766500,1.755400,1.757300
2005-09-08,1.756600,1.764600,1.752200,1.753100
2005-09-11,1.750800,1.752500,1.737300,1.745700
2005-09-12,1.745300,1.749900,1.741400,1.741800
2005-09-13,1.741400,1.743200,1.729800,1.732400
2005-09-14,1.732200,1.734300,1.722900,1.732200
2005-09-15,1.732100,1.740900,1.730400,1.733300
2005-09-18,1.734600,1.740000,1.728900,1.731800
2005-09-19,1.731600,1.739300,1.728100,1.739300
2005-09-21,1.742900,1.754600,1.740100,1.750000
2005-09-22,1.750700,1.757600,1.747800,1.749200
2005-09-25,1.752000,1.762300,1.747500,1.760600
2005-09-26,1.761200,1.770500,1.759600,1.764500
2005-09-27,1.765000,1.769800,1.743800,1.745900
2005-09-28,1.745400,1.750600,1.734900,1.741600
2005-09-29,1.741000,1.743600,1.731200,1.733100
2005-10-02,1.733500,1.735000,1.718700,1.720000
2005-10-03,1.721200,1.723700,1.707800,1.708300
2005-10-04,1.709400,1.731100,1.705700,1.728700
2005-10-05,1.728700,1.750000,1.719300,1.744600
2005-10-06,1.743800,1.744900,1.733200,1.740900
2005-10-09,1.742700,1.742900,1.723000,1.725900
2005-10-10,1.726800,1.735400,1.718200,1.731100
2005-10-11,1.731000,1.731600,1.721600,1.723000
2005-10-12,1.723800,1.738400,1.721600,1.735000
2005-10-13,1.735300,1.739400,1.726100,1.730600
2005-10-16,1.733200,1.736000,1.722000,1.725500
2005-10-17,1.724700,1.727900,1.712900,1.719000
2005-10-18,1.718200,1.719600,1.710600,1.716600
2005-10-19,1.716800,1.717400,1.705900,1.715300
2005-10-20,1.714800,1.717800,1.702100,1.708100
2005-10-23,1.706200,1.708000,1.698600,1.701200
2005-10-24,1.700800,1.719400,1.698900,1.715600
2005-10-25,1.715500,1.721700,1.709400,1.720700
2005-10-26,1.721100,1.721200,1.709500,1.716300
2005-10-27,1.716500,1.720200,1.710600,1.715400
2005-10-31,1.714900,1.716800,1.707400,1.711600
2005-11-01,1.711600,1.726500,1.707600,1.725400
2005-11-02,1.725000,1.744600,1.719900,1.741800
2005-11-03,1.742600,1.744400,1.729000,1.730900
2005-11-04,1.731700,1.737800,1.727700,1.730900
2005-11-07,1.728600,1.739700,1.724000,1.732400
2005-11-08,1.732400,1.737100,1.721500,1.723800
2005-11-09,1.723400,1.727200,1.708600,1.711500
2005-11-10,1.710700,1.714300,1.699700,1.699700
2005-11-11,1.700300,1.706200,1.696200,1.702500
2005-11-14,1.708600,1.723100,1.706400,1.717700
2005-11-15,1.717600,1.722700,1.705400,1.712300
2005-11-16,1.712300,1.714000,1.701200,1.704000
2005-11-17,1.704000,1.709300,1.700100,1.708100
2005-11-18,1.707600,1.714500,1.699100,1.712200
2005-11-21,1.708500,1.717600,1.699700,1.701300
2005-11-22,1.700900,1.708700,1.700200,1.706700
2005-11-23,1.706700,1.711700,1.697500,1.702100
2005-11-24,1.701000,1.702900,1.691200,1.694200
2005-11-25,1.694600,1.695500,1.679300,1.680300
2005-11-28,1.679300,1.687500,1.674700,1.682100
2005-11-29,1.682100,1.683900,1.674800,1.677100
2005-11-30,1.677300,1.679100,1.670200,1.674900
2005-12-01,1.673700,1.674200,1.659500,1.663500
2005-12-02,1.663100,1.663900,1.639000,1.645000
2005-12-05,1.641400,1.642400,1.632300,1.639000
2005-12-06,1.638800,1.644900,1.636900,1.644200
2005-12-07,1.645700,1.672400,1.645700,1.664700
2005-12-08,1.665500,1.690000,1.665300,1.685600
2005-12-09,1.686700,1.686700,1.673300,1.677600
2005-12-12,1.675600,1.686700,1.670900,1.681100
2005-12-13,1.681100,1.692600,1.678900,1.692500
2005-12-14,1.691800,1.703000,1.690300,1.691000
2005-12-15,1.691800,1.734600,1.690900,1.728800
2005-12-16,1.728600,1.743800,1.728600,1.738600
2005-12-19,1.745500,1.747200,1.730400,1.742700
2005-12-20,1.743100,1.748000,1.724300,1.739400
2005-12-21,1.738900,1.747500,1.735400,1.742500
2005-12-22,1.742900,1.767900,1.741700,1.767600
2005-12-23,1.767300,1.767300,1.756400,1.759400
2005-12-26,1.759100,1.760200,1.750000,1.752600
2005-12-27,1.752400,1.762000,1.750500,1.762300
2005-12-28,1.762400,1.762400,1.734000,1.735600
2005-12-29,1.735700,1.744300,1.729800,1.731600
2005-12-30,1.731600,1.738700,1.724200,1.735000
2006-01-02,1.727600,1.738200,1.722800,1.734700
2006-01-03,1.734900,1.760200,1.731800,1.754000
2006-01-04,1.753900,1.766700,1.752100,1.760900
2006-01-05,1.760700,1.767200,1.753600,1.762300
2006-01-06,1.761800,1.768500,1.753900,1.753900
2006-01-09,1.755600,1.758400,1.738500,1.741700
2006-01-10,1.741000,1.745200,1.734700,1.735800
2006-01-11,1.735800,1.741200,1.734400,1.740500
2006-01-12,1.739600,1.740700,1.727400,1.734600
2006-01-13,1.734200,1.738700,1.728500,1.731500
2006-01-16,1.736700,1.743000,1.731900,1.741600
2006-01-17,1.741200,1.756900,1.740400,1.755600
2006-01-18,1.755500,1.768400,1.753400,1.763400
2006-01-19,1.762900,1.786000,1.759300,1.773800
2006-01-20,1.774500,1.787100,1.768800,1.781400
2006-01-23,1.783500,1.799400,1.783300,1.796900
2006-01-24,1.796700,1.815000,1.794200,1.794800
2006-01-25,1.795800,1.800000,1.777700,1.781200
2006-01-26,1.781000,1.789900,1.775600,1.783400
2006-01-27,1.784100,1.802700,1.772600,1.775000
2006-01-30,1.775800,1.776800,1.768600,1.771200
2006-01-31,1.771600,1.777700,1.763200,1.764400
2006-02-01,1.764300,1.767500,1.757900,1.759200
2006-02-02,1.759300,1.763300,1.748500,1.749300
2006-02-03,1.748800,1.754000,1.742400,1.748100
2006-02-06,1.747800,1.761700,1.747800,1.753500
2006-02-07,1.753800,1.768600,1.748500,1.766500
2006-02-08,1.766200,1.773200,1.758300,1.769500
2006-02-09,1.769600,1.773900,1.758300,1.760200
2006-02-10,1.759900,1.776600,1.750900,1.776200
2006-02-13,1.752800,1.764900,1.746600,1.763300
2006-02-14,1.763600,1.769800,1.756400,1.759100
2006-02-15,1.759700,1.764300,1.754100,1.759700
2006-02-16,1.759600,1.778400,1.758600,1.772000
2006-02-17,1.772300,1.791900,1.771500,1.781900
2006-02-20,1.784900,1.788200,1.778000,1.780300
2006-02-21,1.780800,1.803400,1.779300,1.799000
2006-02-22,1.798800,1.811900,1.798600,1.809200
2006-02-23,1.808600,1.809500,1.799000,1.801500
2006-02-24,1.801700,1.802500,1.787900,1.790100
2006-02-27,1.799000,1.804500,1.789700,1.792600
2006-02-28,1.792800,1.803200,1.791600,1.799000
2006-03-01,1.799200,1.802100,1.788900,1.791000
2006-03-02,1.791400,1.804900,1.787700,1.804300
2006-03-03,1.804200,1.810500,1.797900,1.808700
2006-03-06,1.810600,1.831200,1.809000,1.829700
2006-03-07,1.829200,1.839100,1.826900,1.834000
2006-03-08,1.834500,1.837600,1.825100,1.831400
2006-03-09,1.831700,1.844200,1.829100,1.840900
2006-03-10,1.841300,1.860700,1.839600,1.851000
2006-03-13,1.852400,1.881400,1.851800,1.876500
2006-03-14,1.875800,1.890200,1.865700,1.870300
2006-03-15,1.869500,1.874100,1.860500,1.869500
2006-03-16,1.869100,1.909400,1.868600,1.899900
2006-03-17,1.899600,1.930200,1.899300,1.921300
2006-03-20,1.925300,1.952700,1.925300,1.947300
2006-03-21,1.947300,1.951600,1.930700,1.938500
2006-03-22,1.937300,1.954100,1.919400,1.921000
2006-03-23,1.921200,1.944300,1.913000,1.941200
2006-03-24,1.942900,1.978700,1.939700,1.977900
2006-03-26,1.973200,1.988600,1.967500,1.981400
2006-03-27,1.981100,1.999900,1.961600,1.985000
2006-03-28,1.984800,2.003000,1.982500,1.986900
2006-03-29,1.986700,1.991800,1.976100,1.980900
2006-03-30,1.980700,1.988700,1.963900,1.965800
2006-04-02,1.967000,2.002400,1.954400,2.002300
2006-04-03,2.001000,2.021100,1.998300,2.011700
2006-04-04,2.011500,2.012800,1.992500,1.997500
2006-04-05,1.997900,2.009500,1.983300,1.992200
2006-04-06,1.993200,1.996200,1.978300,1.987400
2006-04-09,1.986900,1.994800,1.979600,1.990100
2006-04-10,1.993000,1.994000,1.979100,1.981700
2006-04-11,1.981200,1.984600,1.943500,1.939900
2006-04-12,1.939200,1.961800,1.933600,1.953900
2006-04-13,1.954700,1.962300,1.953400,1.958000
2006-04-16,1.960900,1.970600,1.954400,1.962200
2006-04-17,1.961500,1.966000,1.950300,1.960400
2006-04-18,1.960300,1.962800,1.939100,1.952600
2006-04-19,1.953100,1.969400,1.943500,1.965500
2006-04-20,1.966500,1.966500,1.941300,1.949100
2006-04-23,1.948300,1.976500,1.941900,1.968800
2006-04-24,1.969800,1.993400,1.963800,1.984600
2006-04-25,1.985600,1.985800,1.963600,1.974100
2006-04-26,1.973300,1.983100,1.968800,1.979300
2006-04-27,1.979900,1.986000,1.973700,1.981000
2006-04-30,1.979700,1.983800,1.971800,1.982400
2006-05-01,1.982500,1.984300,1.968800,1.969100
2006-05-02,1.968700,1.975200,1.957900,1.971700
2006-05-03,1.971500,1.986900,1.965900,1.987700
2006-05-04,1.987600,1.987600,1.974900,1.978600
2006-05-07,1.980500,2.012800,1.979200,2.004300
2006-05-08,2.004000,2.032500,2.002900,2.020700
2006-05-09,2.021500,2.050000,2.018400,2.042900
2006-05-10,2.043000,2.051400,2.013500,2.038800
2006-05-11,2.038900,2.065600,2.030000,2.058000
2006-05-14,2.062000,2.080700,2.054700,2.060100
2006-05-15,2.060100,2.065400,2.046000,2.052700
2006-05-16,2.052200,2.057300,2.041400,2.045200
2006-05-17,2.044800,2.065400,2.040300,2.065000
2006-05-18,2.065100,2.067200,2.048500,2.056600
2006-05-21,2.057800,2.079100,2.056600,2.062200
2006-05-22,2.062200,2.069600,2.039400,2.047900
2006-05-23,2.046900,2.058800,2.006300,2.010200
2006-05-24,2.008200,2.015000,1.990100,1.998500
2006-05-25,1.997800,2.013400,1.997100,2.011300
2006-05-28,2.004500,2.014200,2.003300,2.006300
2006-05-29,2.006600,2.017300,2.003000,2.010900
2006-05-30,2.011200,2.021000,2.000800,2.015800
2006-05-31,2.015700,2.044500,2.014800,2.038600
2006-06-01,2.039000,2.054300,2.034300,2.050600
2006-06-04,2.048200,2.054500,2.037400,2.039400
2006-06-05,2.037900,2.050500,2.033700,2.041000
2006-06-06,2.041600,2.049000,2.029600,2.030300
2006-06-07,2.030600,2.039800,2.016900,2.018600
2006-06-08,2.017700,2.020800,1.990400,1.991000
2006-06-11,1.994500,2.008700,1.989700,2.013400
2006-06-12,2.013300,2.027400,2.006700,2.019500
2006-06-13,2.019700,2.027300,2.007100,2.021900
2006-06-14,2.021600,2.034500,2.019700,2.024500
2006-06-15,2.023900,2.049300,2.022100,2.043300
2006-06-18,2.050400,2.050800,2.032800,2.040100
2006-06-19,2.039100,2.040100,2.018000,2.030600
2006-06-20,2.030600,2.050000,2.022200,2.048900
2006-06-21,2.050300,2.067600,2.048000,2.065200
2006-06-22,2.064400,2.072600,2.050500,2.055200
2006-06-25,2.055900,2.083700,2.053300,2.080000
2006-06-26,2.081400,2.088600,2.070900,2.086700
2006-06-27,2.086100,2.115000,2.085200,2.106200
2006-06-28,2.105700,2.110900,2.083000,2.092100
2006-06-29,2.092300,2.105900,2.075200,2.099100
2006-07-02,2.100600,2.114400,2.088600,2.107000
2006-07-03,2.108800,2.109500,2.091400,2.099500
2006-07-04,2.099700,2.106900,2.090200,2.105300
2006-07-05,2.105700,2.114000,2.101700,2.112500
2006-07-06,2.112700,2.114300,2.092000,2.102200
2006-07-09,2.096200,2.097700,2.078500,2.083800
2006-07-10,2.082900,2.085000,2.066000,2.068800
2006-07-11,2.068800,2.069300,2.052600,2.053000
2006-07-12,2.053300,2.063500,2.045500,2.051600
2006-07-13,2.052000,2.056900,2.032300,2.035200
2006-07-16,2.030800,2.033500,2.010600,2.014100
2006-07-17,2.014100,2.015900,1.991100,2.001800
2006-07-18,2.001200,2.021200,2.000600,2.014100
2006-07-19,2.013700,2.034200,2.012100,2.029000
2006-07-20,2.028800,2.036500,2.026900,2.036100
2006-07-23,2.035000,2.037000,2.021600,2.026800
2006-07-24,2.025900,2.026800,2.009700,2.009800
2006-07-25,2.010700,2.047500,2.008900,2.044400
2006-07-26,2.044200,2.057300,2.042900,2.048900
2006-07-27,2.049000,2.067300,2.045900,2.063500
2006-07-30,2.062800,2.073300,2.055300,2.061700
2006-07-31,2.062900,2.069800,2.057000,2.065300
2006-08-01,2.065700,2.079100,2.052400,2.054700
2006-08-02,2.055300,2.069800,2.047100,2.068100
2006-08-03,2.068000,2.072300,2.055500,2.057200
2006-08-06,2.055600,2.064900,2.051200,2.053200
2006-08-07,2.053300,2.059200,2.045000,2.049300
2006-08-08,2.049600,2.051200,2.034400,2.036200
2006-08-09,2.035100,2.035300,2.012300,2.015100
2006-08-10,2.015000,2.020200,2.002000,2.005400
2006-08-13,2.006600,2.026000,1.998200,2.016400
2006-08-14,2.016400,2.024500,2.011100,2.012400
2006-08-15,2.013100,2.015300,1.996700,2.000000
2006-08-16,1.999400,2.010900,1.998900,2.010400
2006-08-17,2.009500,2.010100,1.995700,2.007400
2006-08-20,2.007700,2.015700,2.007400,2.010100
2006-08-21,2.009200,2.017200,2.002500,2.008300
2006-08-22,2.008100,2.009000,1.995200,2.007800
2006-08-23,2.006600,2.016500,2.002400,2.011100
2006-08-24,2.011000,2.014600,1.999900,2.002400
2006-08-27,2.005300,2.010500,1.999300,2.003500
2006-08-28,2.003000,2.005200,1.982600,1.989200
2006-08-29,1.989000,1.991800,1.970200,1.973000
2006-08-30,1.972600,1.975700,1.948300,1.952000
2006-08-31,1.952100,1.961900,1.948600,1.957600
2006-09-03,1.954000,1.980200,1.952800,1.973800
2006-09-04,1.973800,1.991900,1.972100,1.986400
2006-09-05,1.986700,1.987200,1.966700,1.971300
2006-09-06,1.970800,1.981400,1.960900,1.971900
2006-09-07,1.971800,1.992600,1.968000,1.987700
2006-09-10,1.986900,1.997100,1.979600,1.987500
2006-09-11,1.988300,1.992200,1.964600,1.971200
2006-09-12,1.970900,1.984200,1.937600,1.941000
2006-09-13,1.940400,1.942500,1.911600,1.924800
2006-09-14,1.924300,1.933700,1.902900,1.907300
2006-09-17,1.903300,1.914400,1.901500,1.912900
2006-09-18,1.913300,1.926600,1.904100,1.923200
2006-09-19,1.924100,1.933800,1.911300,1.929000
2006-09-20,1.928500,1.935500,1.919400,1.930300
2006-09-21,1.930200,1.948700,1.926400,1.939300
2006-09-24,1.932200,1.934700,1.900400,1.908200
2006-09-25,1.907700,1.930900,1.891600,1.921900
2006-09-26,1.921600,1.939900,1.918800,1.933100
2006-09-27,1.933500,1.941300,1.925200,1.939500
2006-09-28,1.939300,1.949600,1.935400,1.941900
2006-10-01,1.943800,1.951600,1.927900,1.930100
2006-10-02,1.931500,1.941000,1.923400,1.936800
2006-10-03,1.936300,1.937700,1.913400,1.916500
2006-10-04,1.916700,1.916900,1.907200,1.913200
2006-10-05,1.912300,1.919900,1.902300,1.908900
2006-10-08,1.913100,1.925100,1.904800,1.909100
2006-10-09,1.909500,1.917500,1.896900,1.897200
2006-10-10,1.897400,1.908100,1.894500,1.899500
2006-10-11,1.899000,1.908100,1.893300,1.905400
2006-10-12,1.905800,1.908800,1.896800,1.900000
2006-10-15,1.903800,1.909800,1.895700,1.898100
2006-10-16,1.897300,1.901200,1.884100,1.891700
2006-10-17,1.892000,1.893400,1.882800,1.888900
2006-10-18,1.888300,1.893300,1.884000,1.888800
2006-10-19,1.888400,1.892300,1.882300,1.887400
2006-10-22,1.886100,1.892800,1.880300,1.891400
2006-10-23,1.890500,1.902200,1.887600,1.898400
2006-10-24,1.898500,1.923600,1.894800,1.920700
2006-10-25,1.920500,1.937200,1.918200,1.926500
2006-10-26,1.926200,1.932400,1.920100,1.928800
2006-10-30,1.920000,1.925200,1.906400,1.909300
2006-10-31,1.909200,1.912700,1.896500,1.900700
2006-11-01,1.900200,1.907100,1.891100,1.894700
2006-11-02,1.894900,1.902700,1.890400,1.894200
2006-11-03,1.894100,1.899900,1.890200,1.896800
2006-11-06,1.896400,1.908200,1.894900,1.902000
2006-11-07,1.901500,1.909700,1.897800,1.906100
2006-11-08,1.906200,1.915700,1.903200,1.911800
2006-11-09,1.910900,1.933500,1.910400,1.927800
2006-11-10,1.927900,1.935700,1.924100,1.929200
2006-11-13,1.930000,1.943600,1.929000,1.940800
2006-11-14,1.940800,1.945600,1.929700,1.931000
2006-11-15,1.931600,1.945200,1.930700,1.945000
2006-11-16,1.944500,1.946600,1.921400,1.923900
2006-11-17,1.924000,1.934300,1.919700,1.930300
2006-11-20,1.923900,1.930500,1.910300,1.914900
2006-11-21,1.914700,1.918800,1.908400,1.916500
2006-11-22,1.916800,1.929900,1.915500,1.927600
2006-11-23,1.916800,1.938500,1.915900,1.934600
2006-11-24,1.934500,1.953600,1.928000,1.947300
2006-11-27,1.954100,1.963600,1.947300,1.962200
2006-11-28,1.962200,1.962600,1.933300,1.942900
2006-11-29,1.942900,1.945400,1.933300,1.938200
2006-11-30,1.937400,1.940700,1.929400,1.937900
2006-12-01,1.938600,1.946600,1.931700,1.937400
2006-12-04,1.942100,1.942600,1.928100,1.932000
2006-12-05,1.932700,1.944600,1.929500,1.938900
2006-12-06,1.939000,1.949000,1.931800,1.936300
2006-12-07,1.936500,1.939600,1.919800,1.929800
2006-12-08,1.929800,1.957300,1.912600,1.952200
2006-12-11,1.922400,1.927000,1.913900,1.923300
2006-12-12,1.923300,1.924000,1.913500,1.919200
2006-12-13,1.918200,1.921600,1.902700,1.904800
2006-12-14,1.905500,1.921200,1.902300,1.908700
2006-12-15,1.909300,1.913900,1.891600,1.894300
2006-12-18,1.898200,1.899100,1.891700,1.894200
2006-12-19,1.894900,1.901200,1.890400,1.892900
2006-12-20,1.893600,1.900100,1.886200,1.895200
2006-12-21,1.895000,1.901300,1.888600,1.889800
2006-12-22,1.889700,1.892600,1.871400,1.873400
2006-12-25,1.876300,1.883000,1.870500,1.872900
2006-12-26,1.872600,1.876900,1.866400,1.871800
2006-12-27,1.871400,1.877500,1.865400,1.871700
2006-12-28,1.871800,1.873200,1.860600,1.862400
2006-12-29,1.862800,1.874800,1.860400,1.871000
2007-01-01,1.845500,1.874700,1.845500,1.872800
2007-01-02,1.873100,1.879600,1.866200,1.877900
2007-01-03,1.877800,1.878800,1.856800,1.864600
2007-01-04,1.864400,1.883000,1.862700,1.880600
2007-01-05,1.881000,1.896000,1.879000,1.894900
2007-01-08,1.893100,1.900000,1.883300,1.884700
2007-01-09,1.884100,1.885500,1.875000,1.876200
2007-01-10,1.877100,1.887100,1.873900,1.881000
2007-01-11,1.881700,1.884600,1.859900,1.871000
2007-01-12,1.871200,1.872100,1.863100,1.870300
2007-01-15,1.866000,1.867300,1.854600,1.855600
2007-01-16,1.856400,1.873300,1.853900,1.872400
2007-01-17,1.871700,1.873500,1.864200,1.867400
2007-01-18,1.867600,1.870700,1.858600,1.864200
2007-01-19,1.864900,1.871700,1.858200,1.862800
2007-01-22,1.865500,1.866200,1.847900,1.851600
2007-01-23,1.851100,1.858500,1.844900,1.857200
2007-01-24,1.857600,1.869600,1.845700,1.851500
2007-01-25,1.850800,1.859400,1.844200,1.856100
2007-01-26,1.857000,1.861600,1.849800,1.856100
2007-01-29,1.856100,1.865300,1.851000,1.860500
2007-01-30,1.860300,1.886900,1.853400,1.884900
2007-01-31,1.884800,1.898900,1.880000,1.888200
2007-02-01,1.888300,1.913500,1.887700,1.906400
2007-02-02,1.905800,1.920200,1.900100,1.904700
2007-02-05,1.894300,1.898300,1.886000,1.888400
2007-02-06,1.887400,1.909000,1.887300,1.906900
2007-02-07,1.906400,1.913900,1.889000,1.891100
2007-02-08,1.892000,1.908400,1.886900,1.902900
2007-02-09,1.901800,1.909500,1.898200,1.901700
2007-02-12,1.902300,1.902600,1.888400,1.895000
2007-02-13,1.895100,1.898100,1.886800,1.888200
2007-02-14,1.888400,1.896600,1.884500,1.894800
2007-02-15,1.895300,1.896700,1.883500,1.894600
2007-02-16,1.894300,1.894400,1.879000,1.881900
2007-02-19,1.877100,1.878100,1.870400,1.876600
2007-02-20,1.876900,1.882700,1.870800,1.872500
2007-02-21,1.872100,1.878200,1.856300,1.859600
2007-02-22,1.860200,1.862800,1.852600,1.862000
2007-02-23,1.862000,1.867500,1.854600,1.867500
2007-02-26,1.858800,1.860900,1.849200,1.855800
2007-02-27,1.855600,1.897300,1.853500,1.896100
2007-02-28,1.896100,1.896200,1.880600,1.885700
2007-03-01,1.886500,1.907700,1.881900,1.896900
2007-03-02,1.897200,1.920600,1.895100,1.912400
2007-03-05,1.925200,1.945700,1.921100,1.942500
2007-03-06,1.941900,1.941900,1.916900,1.916800
2007-03-07,1.917100,1.946100,1.911900,1.943500
2007-03-08,1.943700,1.944000,1.909600,1.909300
2007-03-09,1.909100,1.912100,1.895200,1.898400
2007-03-12,1.890200,1.907200,1.887300,1.893400
2007-03-13,1.893100,1.928400,1.889800,1.924100
2007-03-14,1.923800,1.927500,1.902400,1.906200
2007-03-15,1.906000,1.911600,1.898700,1.908000
2007-03-16,1.907400,1.917300,1.893100,1.909100
2007-03-19,1.909500,1.911300,1.888000,1.891000
2007-03-20,1.890800,1.897200,1.882900,1.883600
2007-03-21,1.883000,1.890200,1.880400,1.886000
2007-03-22,1.885100,1.889400,1.867600,1.873200
2007-03-23,1.873500,1.875700,1.860900,1.863400
2007-03-25,1.866000,1.869900,1.853500,1.857900
2007-03-26,1.857800,1.863400,1.851200,1.862700
2007-03-27,1.862800,1.883600,1.859100,1.873100
2007-03-28,1.872900,1.875800,1.861400,1.869900
2007-03-29,1.869900,1.873000,1.858700,1.868400
2007-04-01,1.867400,1.869000,1.845400,1.846900
2007-04-02,1.847000,1.856400,1.845300,1.849900
2007-04-03,1.850800,1.860500,1.849600,1.853600
2007-04-04,1.853400,1.857500,1.845500,1.855000
2007-04-05,1.855100,1.857000,1.849900,1.856100
2007-04-08,1.852300,1.856000,1.845000,1.854900
2007-04-09,1.854200,1.854700,1.836800,1.841500
2007-04-10,1.841200,1.847200,1.838000,1.843500
2007-04-11,1.843500,1.854100,1.833100,1.833700
2007-04-12,1.833500,1.840000,1.830100,1.831300
2007-04-15,1.830300,1.834900,1.826800,1.829600
2007-04-16,1.830000,1.832900,1.818500,1.816600
2007-04-17,1.816600,1.835900,1.812100,1.819300
2007-04-18,1.819800,1.840900,1.819600,1.826800
2007-04-19,1.827500,1.831700,1.815100,1.815200
2007-04-22,1.816800,1.828200,1.816800,1.821100
2007-04-23,1.818100,1.836300,1.818100,1.834000
2007-04-24,1.834000,1.834700,1.824500,1.830700
2007-04-25,1.830100,1.844200,1.822500,1.836000
2007-04-26,1.835700,1.847900,1.831500,1.836700
2007-04-29,1.843800,1.846600,1.835000,1.841200
2007-04-30,1.841400,1.844400,1.831600,1.835300
2007-05-01,1.835700,1.843200,1.834700,1.840700
2007-05-02,1.840900,1.846600,1.837900,1.839800
2007-05-03,1.841200,1.849200,1.838900,1.846300
2007-05-06,1.848700,1.849800,1.840200,1.844200
2007-05-07,1.844200,1.847100,1.831900,1.840300
2007-05-08,1.841100,1.846400,1.835300,1.845500
2007-05-09,1.845300,1.855500,1.839000,1.853100
2007-05-10,1.853400,1.854600,1.839600,1.839600
2007-05-13,1.834600,1.838900,1.829600,1.835800
2007-05-14,1.835800,1.842200,1.832900,1.841000
2007-05-15,1.840700,1.848500,1.837800,1.842900
2007-05-16,1.842900,1.850800,1.841600,1.848000
2007-05-17,1.848300,1.853400,1.844900,1.849000
2007-05-20,1.848400,1.852100,1.841200,1.842800
2007-05-21,1.842100,1.852100,1.842100,1.849800
2007-05-22,1.850400,1.852900,1.842200,1.844300
2007-05-23,1.844300,1.854200,1.841500,1.851900
2007-05-24,1.852600,1.855700,1.845600,1.849200
2007-05-27,1.850800,1.853400,1.846900,1.851200
2007-05-28,1.850300,1.853700,1.843200,1.850100
2007-05-29,1.849400,1.850400,1.834900,1.837100
2007-05-30,1.837600,1.842200,1.822700,1.823500
2007-05-31,1.823200,1.824600,1.802800,1.805900
2007-06-03,1.804000,1.809800,1.800400,1.803300
2007-06-04,1.804200,1.807000,1.791300,1.801000
2007-06-05,1.801000,1.804100,1.784000,1.790000
2007-06-06,1.789800,1.794000,1.777600,1.785200
2007-06-07,1.785300,1.785400,1.748800,1.750200
2007-06-10,1.754700,1.785200,1.748700,1.776500
2007-06-11,1.776800,1.779800,1.769200,1.777900
2007-06-12,1.776700,1.778700,1.768000,1.776100
2007-06-13,1.776000,1.777500,1.766200,1.773600
2007-06-14,1.773200,1.775900,1.766900,1.772600
2007-06-17,1.777400,1.780400,1.768900,1.777600
2007-06-18,1.777600,1.779300,1.766500,1.770300
2007-06-19,1.770600,1.770900,1.757100,1.765600
2007-06-20,1.764600,1.765800,1.749700,1.753600
2007-06-21,1.753100,1.769000,1.748500,1.761700
2007-06-24,1.757900,1.763000,1.751500,1.759100
2007-06-25,1.759300,1.761000,1.748400,1.753500
2007-06-26,1.754300,1.774700,1.753400,1.760600
2007-06-27,1.760500,1.763700,1.743200,1.746100
2007-06-28,1.746400,1.757400,1.739200,1.754100
2007-07-01,1.749200,1.751200,1.738800,1.741900
2007-07-02,1.740700,1.745100,1.733400,1.740500
2007-07-03,1.740900,1.742900,1.738100,1.740500
2007-07-04,1.742000,1.742500,1.729500,1.736700
2007-07-05,1.736600,1.745800,1.730600,1.741500
2007-07-08,1.740200,1.749800,1.738400,1.745800
2007-07-09,1.745800,1.781900,1.745200,1.775300
2007-07-10,1.775600,1.776500,1.753100,1.758800
2007-07-11,1.757600,1.765000,1.751000,1.750800
2007-07-12,1.750900,1.761400,1.748300,1.753500
2007-07-15,1.745700,1.751000,1.733800,1.737600
2007-07-16,1.737000,1.747700,1.736300,1.745900
2007-07-17,1.746200,1.746900,1.736400,1.739300
2007-07-18,1.739100,1.745100,1.737200,1.738000
2007-07-19,1.738500,1.740300,1.730200,1.734000
2007-07-22,1.736300,1.737200,1.709900,1.710800
2007-07-23,1.711500,1.720000,1.703900,1.717700
2007-07-24,1.717400,1.723200,1.702300,1.711600
2007-07-25,1.711900,1.764100,1.708800,1.759200
2007-07-26,1.757900,1.785600,1.745000,1.779700
2007-07-29,1.783600,1.807300,1.774200,1.777000
2007-07-30,1.779200,1.800200,1.771800,1.794800
2007-07-31,1.795800,1.810700,1.780200,1.783300
2007-08-01,1.783200,1.795400,1.775800,1.782000
2007-08-02,1.782600,1.812800,1.782100,1.811300
2007-08-05,1.824900,1.824900,1.798800,1.802900
2007-08-06,1.803400,1.819900,1.801400,1.802600
2007-08-07,1.802000,1.809900,1.790800,1.790900
2007-08-08,1.791700,1.822000,1.790300,1.819500
2007-08-09,1.819800,1.844400,1.817400,1.834000
2007-08-12,1.835000,1.852100,1.833800,1.848400
2007-08-13,1.848600,1.865000,1.847300,1.863300
2007-08-14,1.864700,1.901900,1.862800,1.901300
2007-08-15,1.900600,1.990800,1.898000,1.929200
2007-08-16,1.929500,2.012500,1.929500,1.939100
2007-08-19,1.942900,1.974100,1.920000,1.923800
2007-08-20,1.923600,1.944400,1.923300,1.939700
2007-08-21,1.939100,1.950200,1.914000,1.914700
2007-08-22,1.914900,1.915300,1.889100,1.904500
2007-08-23,1.903800,1.911500,1.890900,1.897900
2007-08-26,1.882600,1.910100,1.880300,1.908100
2007-08-27,1.908300,1.956700,1.904300,1.950600
2007-08-28,1.949700,1.972800,1.923800,1.939200
2007-08-29,1.939700,1.951800,1.928900,1.939700
2007-08-30,1.940200,1.950600,1.922800,1.939400
2007-09-02,1.938500,1.941800,1.931100,1.937300
2007-09-03,1.937200,1.960000,1.930900,1.954000
2007-09-04,1.954700,1.991100,1.951900,1.982900
2007-09-05,1.982000,1.994800,1.967400,1.976400
2007-09-06,1.975300,2.004600,1.973400,1.990800
2007-09-10,1.985900,1.990200,1.955900,1.956900
2007-09-11,1.957000,1.966000,1.941800,1.955100
2007-09-12,1.955900,1.962500,1.932400,1.957200
2007-09-13,1.957000,1.957000,1.937700,1.944800
2007-09-16,1.944600,1.968600,1.939700,1.962200
2007-09-17,1.961700,1.977100,1.920000,1.930100
2007-09-18,1.929300,1.932000,1.893900,1.898600
2007-09-19,1.898600,1.912100,1.884600,1.897900
2007-09-20,1.897300,1.901800,1.885800,1.895300
2007-09-23,1.891600,1.898900,1.879700,1.888000
2007-09-24,1.887100,1.926500,1.884400,1.900100
2007-09-25,1.899000,1.906900,1.892800,1.898000
2007-09-26,1.897900,1.898300,1.876500,1.877200
2007-09-27,1.877200,1.887000,1.868100,1.880600
2007-09-30,1.878700,1.880500,1.854700,1.856700
2007-10-01,1.856800,1.877700,1.855900,1.868200
2007-10-02,1.868100,1.874200,1.856100,1.871400
2007-10-03,1.872000,1.878800,1.865800,1.869300
2007-10-04,1.868600,1.871400,1.852700,1.855000
2007-10-07,1.853200,1.854600,1.836900,1.840500
2007-10-08,1.840600,1.850500,1.835800,1.845200
2007-10-09,1.846400,1.859100,1.843700,1.853200
2007-10-10,1.852100,1.855100,1.834900,1.838600
2007-10-11,1.840100,1.847360,1.823400,1.827000
2007-10-14,1.832800,1.869150,1.828800,1.858600
2007-10-15,1.859530,1.912570,1.856600,1.894200
2007-10-16,1.894800,1.910400,1.882300,1.892900
2007-10-17,1.892900,1.912300,1.884700,1.895400
2007-10-18,1.894900,1.916300,1.889800,1.909400
2007-10-21,1.925700,1.940500,1.891100,1.893300
2007-10-22,1.893900,1.897740,1.879400,1.882700
2007-10-23,1.882500,1.900200,1.878200,1.884680
2007-10-24,1.885800,1.895130,1.875300,1.879900
2007-10-25,1.880100,1.883460,1.871600,1.876100
2007-10-29,1.871100,1.879450,1.864500,1.870430
2007-10-30,1.870560,1.891300,1.868600,1.884540
2007-10-31,1.883500,1.888820,1.870700,1.873300
2007-11-01,1.873250,1.904200,1.867700,1.899300
2007-11-02,1.899400,1.906610,1.886200,1.894200
2007-11-05,1.898800,1.902140,1.874400,1.877000
2007-11-06,1.876900,1.879540,1.858900,1.860360
2007-11-07,1.860000,1.905400,1.855600,1.900700
2007-11-08,1.900350,1.910500,1.881870,1.889000
2007-11-09,1.889500,1.923600,1.883100,1.919800
2007-11-12,1.925400,1.954790,1.921400,1.942500
2007-11-13,1.942700,1.945240,1.913700,1.917600
2007-11-14,1.917700,1.927400,1.911100,1.924600
2007-11-15,1.924040,1.940000,1.916300,1.931700
2007-11-16,1.932220,1.942210,1.920300,1.937700
2007-11-19,1.931760,1.953900,1.923900,1.948600
2007-11-20,1.949400,1.952400,1.931400,1.943000
2007-11-21,1.942700,1.984000,1.940900,1.977900
2007-11-22,1.977240,1.980900,1.960500,1.971700
2007-11-23,1.972100,1.986360,1.952400,1.955200
2007-11-27,1.975900,1.976700,1.945900,1.950660
2007-11-28,1.952100,1.953700,1.908700,1.924300
2007-11-29,1.923800,1.928920,1.905500,1.912800
2007-11-30,1.912700,1.928510,1.904200,1.917900
2007-12-03,1.917100,1.925100,1.907200,1.917300
2007-12-04,1.917670,1.940360,1.916900,1.937400
2007-12-05,1.937100,1.945760,1.889300,1.891460
2007-12-06,1.892010,1.899100,1.879100,1.884220
2007-12-07,1.884600,1.889400,1.873500,1.887500
2007-12-10,1.890150,1.896000,1.876900,1.880500
2007-12-11,1.880950,1.896900,1.868200,1.884800
2007-12-12,1.884900,1.887050,1.850500,1.869920
2007-12-13,1.869600,1.879300,1.863000,1.870300
2007-12-14,1.870400,1.886600,1.861100,1.877500
2007-12-17,1.875700,1.914100,1.875700,1.913300
2007-12-19,1.907390,1.911500,1.896100,1.905600
2007-12-20,1.904500,1.905600,1.875600,1.882000
2007-12-21,1.882300,1.885800,1.872200,1.876900
2007-12-24,1.879940,1.886200,1.874400,1.876200
2007-12-25,1.876000,1.882800,1.875000,1.879300
2007-12-26,1.880200,1.891030,1.877700,1.886300
2007-12-27,1.886100,1.901300,1.879700,1.891600
2007-12-28,1.891100,1.905500,1.889500,1.899200
2007-12-31,1.899700,1.907500,1.890040,1.899700
2008-01-01,1.907800,1.907800,1.899400,1.901300
2008-01-02,1.901500,1.910380,1.892200,1.897700
2008-01-03,1.897560,1.915500,1.887800,1.907500
2008-01-04,1.906900,1.927150,1.898000,1.926400
2008-01-07,1.920500,1.929870,1.907900,1.911000
2008-01-08,1.911500,1.915700,1.900500,1.912800
2008-01-09,1.912200,1.916850,1.891970,1.894160
2008-01-10,1.893300,1.899400,1.880000,1.882300
2008-01-11,1.882500,1.891900,1.876200,1.886000
2008-01-14,1.888730,1.891700,1.877600,1.885300
2008-01-15,1.884200,1.912200,1.873500,1.902000
2008-01-16,1.901200,1.931300,1.893900,1.906400
2008-01-17,1.906700,1.918950,1.887400,1.917700
2008-01-18,1.918180,1.930600,1.907200,1.921200
2008-01-22,1.914000,1.947000,1.903900,1.911000
2008-01-23,1.910900,1.926200,1.902800,1.914500
2008-01-24,1.915300,1.918000,1.899600,1.906600
2008-01-25,1.906760,1.918430,1.899110,1.903600
2008-01-28,1.907190,1.913030,1.898200,1.899650
2008-01-29,1.899700,1.903800,1.892300,1.898000
2008-01-30,1.899100,1.909130,1.887600,1.907090
2008-01-31,1.906840,1.906840,1.880900,1.887800
2008-02-01,1.888000,1.889650,1.861400,1.862800
2008-02-04,1.868100,1.873700,1.858900,1.869500
2008-02-05,1.869700,1.878700,1.855300,1.870800
2008-02-06,1.870700,1.874300,1.854300,1.861600
2008-02-07,1.862000,1.866200,1.828100,1.839500
2008-02-08,1.839700,1.846500,1.831400,1.840900
2008-02-11,1.841900,1.847900,1.833000,1.840000
2008-02-12,1.840800,1.847900,1.830000,1.846900
2008-02-13,1.845600,1.863800,1.835900,1.854200
2008-02-14,1.854300,1.862900,1.843500,1.860200
2008-02-15,1.860500,1.865600,1.853600,1.856300
2008-02-18,1.853500,1.856400,1.837600,1.837900
2008-02-19,1.837700,1.847900,1.834400,1.842900
2008-02-20,1.841700,1.853600,1.839400,1.842200
2008-02-21,1.841800,1.854700,1.836500,1.849000
2008-02-22,1.848900,1.849500,1.830900,1.833200
2008-02-25,1.838000,1.838700,1.820500,1.822300
2008-02-26,1.822700,1.838000,1.819000,1.834600
2008-02-27,1.834600,1.855900,1.832600,1.853100
2008-02-28,1.852000,1.868700,1.847400,1.865900
2008-02-29,1.866800,1.901800,1.858900,1.890600
2008-03-03,1.909800,1.916400,1.879000,1.883900
2008-03-04,1.883400,1.909100,1.883200,1.900500
2008-03-05,1.900500,1.913600,1.895600,1.901200
2008-03-06,1.902300,1.934400,1.901100,1.928900
2008-03-07,1.929000,1.941300,1.921100,1.929800
2008-03-10,1.938800,1.948100,1.928000,1.944000
2008-03-11,1.944100,1.946200,1.903500,1.912900
2008-03-12,1.912800,1.933800,1.907600,1.925100
2008-03-13,1.924300,1.940800,1.901300,1.911900
2008-03-14,1.911500,1.928800,1.896100,1.925400
2008-03-17,1.927600,1.983200,1.925200,1.964500
2008-03-18,1.965200,1.973300,1.915400,1.931400
2008-03-19,1.932000,1.959100,1.921500,1.954000
2008-03-20,1.954600,1.958900,1.932300,1.946800
2008-03-21,1.947300,1.953000,1.942800,1.946300
2008-03-24,1.948000,1.950600,1.924600,1.924900
2008-03-25,1.925600,1.943100,1.925100,1.937200
2008-03-26,1.937700,1.971600,1.936500,1.967200
2008-03-27,1.965900,1.973200,1.954200,1.961400
2008-03-28,1.961400,1.987900,1.956800,1.978700
2008-03-30,1.993900,2.017200,1.985700,2.006800
2008-04-01,1.982900,1.989200,1.969700,1.986800
2008-04-02,1.987200,1.999000,1.972900,1.993000
2008-04-03,1.992800,2.005500,1.989300,1.994400
2008-04-06,1.992800,1.995200,1.964800,1.972500
2008-04-07,1.972700,1.987300,1.960600,1.966600
2008-04-08,1.965900,1.987500,1.965200,1.983800
2008-04-09,1.983600,1.987600,1.963400,1.970700
2008-04-10,1.970500,1.994300,1.969300,1.991800
2008-04-13,1.991900,2.011200,1.990700,2.000000
2008-04-14,1.999700,2.021100,1.994100,2.010600
2008-04-15,2.010600,2.026100,2.008400,2.012100
2008-04-16,2.013000,2.025300,2.009100,2.009700
2008-04-17,2.010600,2.015200,1.991400,1.999400
2008-04-20,1.997500,2.008800,1.994200,2.001900
2008-04-21,2.002800,2.009200,1.995700,2.003600
2008-04-22,2.004000,2.006300,1.985300,1.998400
2008-04-23,1.998300,2.000900,1.982200,1.993500
2008-04-24,1.993900,2.001700,1.989000,1.996100
2008-04-27,1.992400,1.997200,1.985900,1.998300
2008-04-28,1.998000,2.013200,1.995500,2.011000
2008-04-29,2.009400,2.015000,1.985200,1.996300
2008-05-01,1.988100,1.992500,1.964900,1.969600
2008-05-04,1.980000,1.980300,1.965800,1.974000
2008-05-05,1.973900,1.975200,1.957600,1.962900
2008-05-06,1.963000,1.979800,1.960700,1.981000
2008-05-07,1.980700,1.999400,1.976800,1.992000
2008-05-08,1.992000,2.019100,1.992000,2.012300
2008-05-11,2.015800,2.020200,2.005900,2.016400
2008-05-12,2.016300,2.026200,2.008100,2.025500
2008-05-13,2.025500,2.045600,2.022500,2.045100
2008-05-14,2.045200,2.055300,2.020200,2.024200
2008-05-15,2.025200,2.028700,2.007300,2.013400
2008-05-18,2.016400,2.021000,2.003200,2.008900
2008-05-19,2.009100,2.023400,2.005500,2.021200
2008-05-20,2.020700,2.034800,2.016500,2.029700
2008-05-21,2.030800,2.032800,1.996700,2.001400
2008-05-22,2.000400,2.009300,1.994300,2.002100
2008-05-25,2.011200,2.012800,1.998800,2.005000
2008-05-26,2.004800,2.005800,1.984200,1.987600
2008-05-27,1.987700,2.001900,1.986200,1.991900
2008-05-28,1.991700,1.995300,1.984800,1.986800
2008-05-29,1.986800,1.991200,1.978900,1.982900
2008-06-01,1.986100,1.987300,1.974200,1.980000
2008-06-02,1.980300,1.985400,1.970300,1.978900
2008-06-03,1.978600,2.006300,1.970400,2.004600
2008-06-04,2.004500,2.035600,2.002800,2.034300
2008-06-05,2.034500,2.057200,2.028900,2.049900
2008-06-08,2.054700,2.065700,2.051100,2.061900
2008-06-09,2.062500,2.063700,2.050500,2.050900
2008-06-10,2.050900,2.062000,2.043600,2.059400
2008-06-11,2.058400,2.061700,2.045600,2.061000
2008-06-12,2.060800,2.062600,2.045700,2.045700
2008-06-15,2.049500,2.061800,2.046400,2.053400
2008-06-16,2.053800,2.060800,2.047700,2.051300
2008-06-17,2.052600,2.054600,2.043400,2.047000
2008-06-18,2.046600,2.055100,2.030500,2.037200
2008-06-19,2.038100,2.053000,2.034500,2.047800
2008-06-22,2.049300,2.050400,2.039800,2.047200
2008-06-23,2.046600,2.059000,2.046600,2.049300
2008-06-24,2.050100,2.069200,2.048900,2.069000
2008-06-25,2.068800,2.089100,2.066800,2.088300
2008-06-26,2.088300,2.088900,2.065100,2.066000
2008-06-29,2.072300,2.073800,2.060500,2.066500
2008-07-01,2.083700,2.090300,2.079900,2.088800
2008-07-02,2.088700,2.094900,2.073200,2.075800
2008-07-03,2.077000,2.079600,2.062800,2.066700
2008-07-06,2.070100,2.088200,2.063400,2.085700
2008-07-07,2.086800,2.093100,2.077000,2.082100
2008-07-08,2.082700,2.084600,2.065400,2.078000
2008-07-09,2.077500,2.083800,2.070100,2.079400
2008-07-10,2.080100,2.094000,2.075800,2.085600
2008-07-13,2.095300,2.096700,2.078400,2.082300
2008-07-14,2.082200,2.083500,2.055000,2.060500
2008-07-15,2.060100,2.065500,2.047500,2.051400
2008-07-16,2.051200,2.081300,2.049900,2.075900
2008-07-17,2.075800,2.081600,2.069800,2.077500
2008-07-20,2.083500,2.091900,2.079100,2.090200
2008-07-21,2.090000,2.094000,2.075500,2.078500
2008-07-22,2.078700,2.109800,2.076700,2.104800
2008-07-23,2.104900,2.117200,2.103800,2.107900
2008-07-24,2.108100,2.116700,2.105200,2.113200
2008-07-27,2.110000,2.117700,2.108300,2.112700
2008-07-28,2.112700,2.128200,2.104900,2.107900
2008-07-29,2.106800,2.127700,2.106800,2.120100
2008-07-30,2.120300,2.133700,2.118300,2.131100
2008-07-31,2.128900,2.144600,2.128700,2.139200
2008-08-03,2.137200,2.141500,2.129200,2.138400
2008-08-04,2.138500,2.144200,2.124800,2.128500
2008-08-05,2.129500,2.149700,2.127800,2.137400
2008-08-06,2.137600,2.156800,2.137000,2.146000
2008-08-07,2.145300,2.177100,2.126500,2.133200
2008-08-10,2.131200,2.143400,2.124900,2.132200
2008-08-11,2.131800,2.153500,2.128600,2.150800
2008-08-12,2.150400,2.184500,2.115900,2.127700
2008-08-13,2.131300,2.133500,2.106600,2.112400
2008-08-14,2.112600,2.119000,2.073500,2.080000
2008-08-17,2.083200,2.084000,2.055600,2.070600
2008-08-18,2.070100,2.079400,2.061600,2.067700
2008-08-19,2.067600,2.074800,2.063000,2.067900
2008-08-20,2.068100,2.079200,2.063900,2.069300
2008-08-21,2.069200,2.087300,2.067000,2.080800
2008-08-24,2.083400,2.115200,2.080600,2.109900
2008-08-25,2.111600,2.114000,2.098000,2.103800
2008-08-26,2.104200,2.106100,2.089700,2.095800
2008-08-27,2.095400,2.101700,2.083900,2.090800
2008-08-28,2.090400,2.099300,2.085700,2.096400
2008-08-31,2.103300,2.106800,2.093800,2.103300
2008-09-01,2.102400,2.126600,2.100400,2.115700
2008-09-02,2.116100,2.141100,2.100700,2.115200
2008-09-03,2.116300,2.156700,2.103700,2.133000
2008-09-04,2.133100,2.151200,2.129500,2.140300
2008-09-07,2.111300,2.119800,2.095100,2.106000
2008-09-08,2.106800,2.126400,2.090300,2.114900
2008-09-09,2.113300,2.143100,2.099700,2.139300
2008-09-10,2.139500,2.159100,2.129700,2.148000
2008-09-11,2.147500,2.149800,2.124100,2.136200
2008-09-14,2.141000,2.179500,2.134900,2.177300
2008-09-15,2.178600,2.194400,2.132500,2.148000
2008-09-16,2.147800,2.179200,2.129400,2.169700
2008-09-17,2.171700,2.171700,2.116600,2.121400
2008-09-18,2.121600,2.126100,2.091600,2.094400
2008-09-21,2.114400,2.148800,2.100500,2.138700
2008-09-22,2.138300,2.157600,2.133200,2.142000
2008-09-23,2.144300,2.160800,2.133300,2.143500
2008-09-24,2.145200,2.150300,2.132200,2.132200
2008-09-25,2.130100,2.138000,2.121600,2.126400
2008-09-28,2.123400,2.160900,2.109300,2.155900
2008-09-29,2.156200,2.156200,2.092400,2.106200
2008-09-30,2.105700,2.113500,2.070900,2.081100
2008-10-01,2.081400,2.103900,2.068400,2.098400
2008-10-02,2.099100,2.101900,2.072200,2.084100
2008-10-05,2.075200,2.175000,2.073300,2.139800
2008-10-06,2.138800,2.187500,2.114600,2.177800
2008-10-07,2.178600,2.337600,2.171800,2.268300
2008-10-08,2.268100,2.296800,2.195700,2.259700
2008-10-09,2.260100,2.298700,2.222400,2.257200
2008-10-12,2.232700,2.279900,2.191100,2.200300
2008-10-13,2.199800,2.208900,2.163900,2.192600
2008-10-14,2.192500,2.273100,2.173700,2.250800
2008-10-15,2.250500,2.259600,2.172600,2.199300
2008-10-16,2.199700,2.208500,2.165600,2.182100
2008-10-19,2.202200,2.203700,2.127700,2.144500
2008-10-20,2.143600,2.167600,2.129800,2.142700
2008-10-21,2.144100,2.196800,2.130300,2.169300
2008-10-22,2.172400,2.215600,2.136000,2.175200
2008-10-23,2.173700,2.298600,2.164800,2.268100
2008-10-27,2.257100,2.323400,2.245500,2.277700
2008-10-28,2.277200,2.281700,2.214500,2.219800
2008-10-29,2.221400,2.234700,2.181900,2.223200
2008-10-30,2.223100,2.237200,2.177800,2.186800
2008-10-31,2.186200,2.202500,2.168300,2.184400
2008-11-03,2.173900,2.190800,2.120200,2.133500
2008-11-04,2.134000,2.154100,2.106500,2.137600
2008-11-05,2.140900,2.175200,2.121900,2.156400
2008-11-06,2.155800,2.174500,2.128900,2.170200
2008-11-07,2.170700,2.182500,2.140400,2.149500
2008-11-10,2.144700,2.204800,2.136200,2.187300
2008-11-11,2.187100,2.203000,2.161400,2.189100
2008-11-12,2.189600,2.245500,2.170300,2.233900
2008-11-13,2.234800,2.261100,2.215700,2.240100
2008-11-14,2.239300,2.289100,2.235400,2.275600
2008-11-17,2.281100,2.300400,2.253500,2.291700
2008-11-18,2.292500,2.302600,2.279500,2.286300
2008-11-19,2.286600,2.313000,2.281100,2.307200
2008-11-20,2.304100,2.402300,2.302400,2.383600
2008-11-21,2.385900,2.395300,2.337400,2.341000
2008-11-24,2.349100,2.381800,2.345000,2.359100
2008-11-25,2.357300,2.403700,2.338400,2.384200
2008-11-26,2.384700,2.388900,2.325100,2.329700
2008-11-27,2.332500,2.355900,2.318300,2.339100
2008-11-28,2.335900,2.342000,2.305200,2.310900
2008-12-01,2.325200,2.394700,2.319700,2.392100
2008-12-02,2.391100,2.402400,2.365800,2.385200
2008-12-03,2.385200,2.404100,2.370200,2.382400
2008-12-04,2.382600,2.415100,2.349300,2.396600
2008-12-05,2.396700,2.430700,2.369700,2.376400
2008-12-08,2.381100,2.400000,2.355800,2.368100
2008-12-09,2.368900,2.397900,2.367400,2.387000
2008-12-10,2.386300,2.407600,2.357500,2.387500
2008-12-11,2.387600,2.425100,2.382100,2.417000
2008-12-12,2.416800,2.458200,2.407000,2.436700
2008-12-15,2.445500,2.479200,2.430700,2.468300
2008-12-16,2.468100,2.472200,2.419800,2.429500
2008-12-17,2.430700,2.444800,2.404100,2.425700
2008-12-18,2.430400,2.456400,2.391400,2.436700
2008-12-19,2.436800,2.465000,2.405000,2.419400
2008-12-22,2.423300,2.442100,2.409700,2.429400
2008-12-23,2.430600,2.464500,2.429900,2.452700
2008-12-24,2.451900,2.462100,2.419900,2.430200
2008-12-25,2.429900,2.450900,2.426100,2.440000
2008-12-26,2.440400,2.449200,2.413400,2.430500
2008-12-29,2.445000,2.460900,2.412000,2.425000
2008-12-30,2.424900,2.458700,2.413600,2.445300
2008-12-31,2.444200,2.450300,2.368100,2.405700
2009-01-01,2.405700,2.415400,2.385700,2.401200
2009-01-02,2.401700,2.416100,2.359100,2.372500
2009-01-05,2.361700,2.382700,2.301000,2.315400
2009-01-06,2.315200,2.319200,2.251100,2.262900
2009-01-07,2.262800,2.312200,2.249800,2.311700
2009-01-08,2.311400,2.333300,2.294600,2.303200
2009-01-09,2.302600,2.320200,2.261400,2.275100
2009-01-12,2.281500,2.334200,2.275500,2.335500
2009-01-13,2.335400,2.405400,2.330200,2.389100
2009-01-14,2.388200,2.439900,2.377300,2.430500
2009-01-15,2.430300,2.475800,2.419400,2.429800
2009-01-16,2.430000,2.453000,2.407700,2.421900
2009-01-19,2.419300,2.441300,2.406400,2.435800
2009-01-20,2.436200,2.487700,2.423700,2.480400
2009-01-21,2.480500,2.489800,2.435900,2.452900
2009-01-22,2.455000,2.476300,2.439200,2.464100
2009-01-23,2.466000,2.473600,2.419000,2.449400
2009-01-26,2.445400,2.508400,2.431900,2.491300
2009-01-27,2.490400,2.506500,2.480500,2.500600
2009-01-28,2.501400,2.522500,2.458900,2.516100
2009-01-29,2.515900,2.544700,2.506700,2.520100
2009-01-30,2.520300,2.536600,2.507600,2.514700
2009-02-02,2.508600,2.567000,2.506100,2.547800
2009-02-03,2.547700,2.559800,2.519200,2.549200
2009-02-04,2.547800,2.572600,2.505000,2.527300
2009-02-05,2.522300,2.535500,2.468400,2.476600
2009-02-06,2.476000,2.495800,2.414800,2.429400
2009-02-09,2.438600,2.462300,2.397600,2.424900
2009-02-10,2.423700,2.481600,2.399400,2.457700
2009-02-11,2.457400,2.480800,2.443900,2.451100
2009-02-12,2.450400,2.482800,2.436600,2.464900
2009-02-13,2.464200,2.471200,2.431600,2.458700
2009-02-16,2.454800,2.476700,2.447900,2.458300
2009-02-17,2.457600,2.493100,2.455400,2.476600
2009-02-18,2.477900,2.479100,2.451600,2.457700
2009-02-19,2.458100,2.493000,2.451500,2.485700
2009-02-20,2.485400,2.511200,2.482200,2.494900
2009-02-23,2.511000,2.524300,2.486700,2.500400
2009-02-24,2.500900,2.507800,2.479000,2.503200
2009-02-25,2.503700,2.506800,2.475900,2.498600
2009-02-26,2.499000,2.509700,2.487900,2.504500
2009-02-27,2.504900,2.535000,2.503900,2.525800
2009-03-02,2.540900,2.557700,2.538100,2.548700
2009-03-03,2.548700,2.551500,2.524000,2.535100
2009-03-04,2.534400,2.545200,2.487900,2.505500
2009-03-05,2.505200,2.524900,2.483900,2.514400
2009-03-06,2.513900,2.533900,2.500800,2.542000
2009-03-09,2.515800,2.563900,2.509800,2.549800
2009-03-10,2.548100,2.557700,2.509900,2.515700
2009-03-11,2.514300,2.536100,2.496500,2.505000
2009-03-12,2.505100,2.511100,2.467000,2.478500
2009-03-13,2.478100,2.485800,2.452700,2.461500
2009-03-16,2.462700,2.466400,2.435200,2.449100
2009-03-17,2.448900,2.460300,2.437100,2.456900
2009-03-18,2.457400,2.487000,2.454400,2.475400
2009-03-19,2.476200,2.487100,2.444700,2.452300
2009-03-20,2.452000,2.456600,2.410100,2.410100
2009-03-23,2.430400,2.430400,2.376700,2.384100
2009-03-24,2.384200,2.398000,2.377700,2.391900
2009-03-25,2.392400,2.415600,2.372800,2.386100
2009-03-26,2.386800,2.391400,2.338000,2.340200
2009-03-27,2.340600,2.366200,2.322000,2.322200
2009-03-29,2.333100,2.357300,2.333000,2.344300
2009-03-30,2.344900,2.370700,2.320500,2.364300
2009-03-31,2.365100,2.380900,2.325100,2.334600
2009-04-01,2.336200,2.347600,2.305600,2.305900
2009-04-02,2.306400,2.319900,2.283100,2.295900
2009-04-05,2.282900,2.297200,2.267800,2.291400
2009-04-06,2.291100,2.310900,2.287200,2.301700
2009-04-07,2.301400,2.312000,2.287500,2.292400
2009-04-08,2.292600,2.297400,2.253200,2.255100
2009-04-09,2.256100,2.261100,2.248300,2.265800
2009-04-12,2.251100,2.273100,2.244300,2.258100
2009-04-13,2.258200,2.279700,2.247900,2.275400
2009-04-14,2.274900,2.298100,2.269800,2.278100
2009-04-15,2.277900,2.316600,2.277900,2.296100
2009-04-16,2.296300,2.304500,2.281800,2.297400
2009-04-19,2.286200,2.349400,2.284300,2.332800
2009-04-20,2.332300,2.339700,2.290500,2.305400
2009-04-21,2.304500,2.343500,2.302700,2.336200
2009-04-22,2.336700,2.346700,2.323700,2.340100
2009-04-23,2.340800,2.344100,2.308800,2.313900
2009-04-26,2.339200,2.339200,2.290300,2.308800
2009-04-27,2.307100,2.358100,2.306800,2.348900
2009-04-28,2.348200,2.350300,2.305400,2.349800
2009-04-29,2.349300,2.353700,2.323600,2.340600
2009-04-30,2.340500,2.351100,2.313300,2.322800
2009-05-03,2.315700,2.335300,2.304200,2.322500
2009-05-04,2.322700,2.327200,2.286800,2.296300
2009-05-05,2.295600,2.302100,2.263500,2.266100
2009-05-06,2.266500,2.268100,2.225300,2.254900
2009-05-07,2.254300,2.273600,2.247500,2.257700
2009-05-10,2.250900,2.271500,2.227100,2.260700
2009-05-11,2.260700,2.272900,2.242300,2.253500
2009-05-12,2.254200,2.304700,2.246500,2.294400
2009-05-13,2.294100,2.310800,2.279800,2.294900
2009-05-14,2.295000,2.311100,2.290700,2.306800
2009-05-17,2.304500,2.304500,2.270600,2.272300
2009-05-18,2.272300,2.278000,2.247000,2.266900
2009-05-19,2.266400,2.279100,2.248700,2.272700
2009-05-20,2.272700,2.288700,2.259700,2.268400
2009-05-21,2.268200,2.272900,2.244500,2.256200
2009-05-24,2.272300,2.274600,2.253900,2.259600
2009-05-25,2.261300,2.274100,2.232200,2.246700
2009-05-26,2.246500,2.255900,2.230200,2.245000
2009-05-27,2.245200,2.258500,2.217100,2.234700
2009-05-28,2.234100,2.238400,2.204300,2.208000
2009-05-31,2.207200,2.211500,2.164300,2.183100
2009-06-01,2.182800,2.190300,2.168500,2.181600
2009-06-02,2.181200,2.250000,2.178300,2.227400
2009-06-03,2.227700,2.256000,2.224200,2.238800
2009-06-04,2.238900,2.242600,2.207200,2.229700
2009-06-07,2.228000,2.253800,2.223500,2.235600
2009-06-08,2.236700,2.247000,2.232400,2.241800
2009-06-09,2.242100,2.245300,2.202700,2.207600
2009-06-10,2.207000,2.209900,2.175900,2.185000
2009-06-11,2.185200,2.197300,2.175800,2.176900
2009-06-14,2.184600,2.195200,2.181700,2.188000
2009-06-15,2.188100,2.205200,2.175500,2.198400
2009-06-16,2.198400,2.215000,2.190000,2.206300
2009-06-17,2.206300,2.210600,2.167000,2.173500
2009-06-18,2.172700,2.181900,2.159600,2.164100
2009-06-21,2.169000,2.205700,2.169000,2.203000
2009-06-22,2.203300,2.214200,2.194900,2.205600
2009-06-23,2.204300,2.207400,2.165200,2.181000
2009-06-24,2.180600,2.192000,2.161000,2.178000
2009-06-25,2.177600,2.202900,2.169400,2.169800
2009-06-28,2.174500,2.180400,2.158100,2.158000
2009-06-29,2.157200,2.177200,2.154900,2.173600
2009-06-30,2.173600,2.213700,2.169800,2.204600
2009-07-01,2.204800,2.230700,2.203300,2.225000
2009-07-02,2.224800,2.226100,2.189900,2.190500
2009-07-05,2.221800,2.230900,2.192100,2.196900
2009-07-06,2.197200,2.215900,2.192100,2.214800
2009-07-07,2.215200,2.231400,2.204700,2.218000
2009-07-08,2.217600,2.229200,2.201400,2.214900
2009-07-09,2.215200,2.227000,2.212000,2.217100
2009-07-12,2.220000,2.249700,2.203600,2.204200
2009-07-13,2.204400,2.210700,2.177600,2.182700
2009-07-14,2.182700,2.195700,2.164400,2.172600
2009-07-15,2.172800,2.201300,2.168900,2.184000
2009-07-16,2.184000,2.196600,2.179900,2.185900
2009-07-19,2.162600,2.165100,2.161600,2.163300
2009-07-20,2.165200,2.166200,2.162500,2.162500
2009-07-21,2.156500,2.157800,2.155400,2.156100
2009-07-22,2.159800,2.162000,2.159600,2.160300
2009-07-23,2.159800,2.168100,2.156600,2.166200
2009-07-26,2.170400,2.171900,2.169000,2.171000
2009-07-27,2.159200,2.160300,2.156200,2.158000
2009-07-28,2.162100,2.162300,2.158500,2.158500
2009-07-29,2.156500,2.157800,2.154800,2.156600
2009-07-30,2.156500,2.163700,2.147900,2.152000
2009-08-02,2.158200,2.158600,2.154900,2.154900
2009-08-03,2.136100,2.139000,2.134800,2.137800
2009-08-04,2.144900,2.147000,2.143200,2.144800
2009-08-05,2.140500,2.141900,2.139100,2.140300
2009-08-06,2.140500,2.142800,2.101700,2.103400
2009-08-09,2.090500,2.092600,2.089100,2.089100
2009-08-10,2.116500,2.119200,2.115900,2.119200
2009-08-11,2.115300,2.117300,2.114700,2.116100
2009-08-12,2.104300,2.105600,2.100000,2.101400
2009-08-13,2.104300,2.105600,2.075500,2.091000
2009-08-16,2.106100,2.108400,2.106000,2.108300
2009-08-17,2.092800,2.094100,2.090300,2.092900
2009-08-18,2.109200,2.110900,2.108300,2.108700
2009-08-19,2.104000,2.105200,2.103800,2.104600
2009-08-20,2.104000,2.117400,2.090000,2.098800
2009-08-23,2.088200,2.088200,2.084800,2.085200
2009-08-24,2.088900,2.090400,2.086800,2.090300
2009-08-25,2.089500,2.092900,2.089000,2.090700
2009-08-26,2.088300,2.090300,2.087000,2.087700
2009-08-27,2.083000,2.083000,2.083000,2.083000
2009-08-30,2.088800,2.091900,2.088800,2.090100
2009-08-31,2.102600,2.105500,2.102300,2.102600
2009-09-01,2.116200,2.117700,2.115300,2.115900
2009-09-02,2.099400,2.100300,2.097200,2.099400
2009-09-03,2.099400,2.101100,2.074600,2.079200
2009-09-06,2.069300,2.070500,2.068600,2.069900
2009-09-07,2.079400,2.079400,2.076800,2.077700
2009-09-08,2.085300,2.086700,2.082500,2.083700
2009-09-09,2.072200,2.074600,2.071700,2.072700
2009-09-10,2.072200,2.077400,2.053800,2.059600
2009-09-13,2.086500,2.087900,2.085600,2.086400
2009-09-14,2.080200,2.080700,2.078700,2.078900
2009-09-15,2.063000,2.063000,2.059900,2.059900
2009-09-16,2.073700,2.076200,2.072500,2.073700
2009-09-17,2.073700,2.076300,2.037500,2.037500
2009-09-20,2.071900,2.072100,2.053200,2.055900
2009-09-21,2.037200,2.037900,2.029300,2.032600
2009-09-22,2.046900,2.049300,2.046300,2.047600
2009-09-23,2.048100,2.056700,2.048100,2.054600
2009-09-24,2.048100,2.056700,2.010900,2.047700
2009-09-27,2.037200,2.037700,2.035400,2.036500
2009-09-28,2.036800,2.037000,2.033800,2.034000
2009-09-29,2.021800,2.025400,2.021800,2.024700
2009-09-30,2.033700,2.036600,2.032700,2.034400
2009-10-01,2.035000,2.035000,2.008600,2.008600
2009-10-04,2.006200,2.008500,2.005700,2.007700
2009-10-05,1.998900,2.000800,1.997900,2.000800
2009-10-06,1.993800,1.994300,1.986600,1.990100
2009-10-07,1.992300,1.994200,1.991900,1.993400
2009-10-08,1.992300,2.009800,1.988700,2.004200
2009-10-11,2.002200,2.002600,1.999800,2.001700
2009-10-12,2.009900,2.012700,2.009700,2.010100
2009-10-13,2.008900,2.010600,2.006700,2.007300
2009-10-14,2.003600,2.004000,1.994300,1.999400
2009-10-15,2.003600,2.019000,1.994300,2.011800
2009-10-18,1.978500,1.980200,1.978400,1.979200
2009-10-19,1.994100,1.997600,1.984800,1.991900
2009-10-20,1.981600,1.982400,1.980200,1.981000
2009-10-21,1.980300,1.982000,1.980000,1.981500
2009-10-22,1.980300,1.993000,1.980000,1.987600
2009-10-26,1.988900,1.997400,1.985000,1.991200
2009-10-27,1.990400,1.994900,1.983500,1.989700
2009-10-28,1.987700,2.043200,1.985100,2.043200
2009-10-29,2.044000,2.052500,2.014300,2.032400
2009-10-30,2.032300,2.054900,2.023900,2.030600
2009-11-02,2.061400,2.065100,2.041100,2.050600
2009-11-03,2.050300,2.064300,2.036000,2.038400
2009-11-04,2.036300,2.057900,2.032800,2.057200
2009-11-05,2.057900,2.068400,2.054300,2.060800
2009-11-06,2.061100,2.064200,2.043700,2.046400
2009-11-09,2.027300,2.033000,2.011300,2.014900
2009-11-10,2.015000,2.028200,2.013700,2.021100
2009-11-11,2.022300,2.029200,2.016800,2.022900
2009-11-12,2.023200,2.032300,2.016400,2.024700
2009-11-13,2.023800,2.028800,2.003000,2.003900
2009-11-16,2.010400,2.018200,1.994700,2.000100
2009-11-17,1.999800,2.004000,1.992500,1.993800
2009-11-18,1.993900,2.009300,1.992300,2.006100
2009-11-19,2.006100,2.043600,2.006100,2.040000
2009-11-20,2.040500,2.058800,2.037200,2.051600
2009-11-23,2.051300,2.057800,2.034100,2.044000
2009-11-24,2.043600,2.068000,2.043600,2.061300
2009-11-25,2.061500,2.072800,2.049200,2.069900
2009-11-26,2.070300,2.118400,2.070100,2.111600
2009-11-27,2.110500,2.114800,2.096400,2.105800
2009-11-30,2.098800,2.106600,2.087100,2.093300
2009-12-01,2.094400,2.098000,2.067100,2.075700
2009-12-02,2.075600,2.086300,2.067400,2.080200
2009-12-03,2.078500,2.090300,2.070000,2.084200
2009-12-04,2.084200,2.089400,2.066000,2.071700
2009-12-07,2.075100,2.085700,2.070100,2.073700
2009-12-08,2.073800,2.082100,2.070300,2.081000
2009-12-09,2.080200,2.080700,2.036500,2.040300
2009-12-10,2.039800,2.041300,2.011200,2.021500
2009-12-11,2.021800,2.033000,2.013600,2.014000
2009-12-14,2.018000,2.026000,2.006000,2.014600
2009-12-15,2.014400,2.019600,2.008600,2.014700
2009-12-16,2.014900,2.029600,2.013100,2.018500
2009-12-17,2.017700,2.026300,2.012500,2.020700
2009-12-18,2.021700,2.025500,2.011900,2.013400
2009-12-21,2.016100,2.028000,2.015400,2.026300
2009-12-22,2.025700,2.041000,2.024200,2.038500
2009-12-23,2.037900,2.039500,2.030100,2.033900
2009-12-24,2.033900,2.041900,2.025500,2.031200
2009-12-25,2.030800,2.044700,2.025900,2.039400
2009-12-28,2.032900,2.033900,2.026800,2.029900
2009-12-29,2.030500,2.030500,1.992200,2.000500
2009-12-30,2.000400,2.004600,1.980800,1.981900
2009-12-31,1.983100,1.985700,1.969400,1.972000
2010-01-01,1.974900,1.974900,1.974900,1.974900
2010-01-04,1.977800,1.983400,1.960300,1.963500
2010-01-05,1.963100,1.969000,1.954100,1.957100
2010-01-06,1.957200,1.962200,1.950000,1.950600
2010-01-07,1.950400,1.957900,1.943700,1.953300
2010-01-08,1.953700,1.960200,1.951500,1.956200
2010-01-11,1.952900,1.962900,1.950800,1.955000
2010-01-12,1.955600,1.965500,1.950300,1.960100
2010-01-13,1.960100,1.966900,1.951900,1.961500
2010-01-14,1.962100,1.962500,1.946300,1.952600
2010-01-15,1.952900,1.956300,1.943700,1.948600
2010-01-18,1.952700,1.955000,1.942000,1.944100
2010-01-19,1.944100,1.950200,1.929800,1.946100
2010-01-20,1.945800,1.967000,1.942100,1.954000
2010-01-21,1.953700,1.983800,1.951200,1.974700
2010-01-22,1.975300,1.991600,1.971100,1.990300
2010-01-25,1.983600,1.986100,1.975000,1.980500
2010-01-26,1.981200,2.000200,1.976200,1.989300
2010-01-27,1.988500,1.995700,1.980300,1.985700
2010-01-28,1.986400,1.987000,1.964000,1.981000
2010-01-29,1.980300,1.983200,1.965900,1.976800
2010-02-01,1.972200,1.985200,1.961700,1.963400
2010-02-02,1.963200,1.973200,1.956400,1.957800
2010-02-03,1.958900,1.991200,1.957600,1.988400
2010-02-04,1.988300,2.005000,1.983100,1.994600
2010-02-05,1.995100,1.996600,1.980800,1.982200
2010-02-08,1.985400,2.000100,1.979600,1.998900
2010-02-09,1.999200,1.999600,1.978200,1.981700
2010-02-10,1.981700,1.986300,1.976100,1.978750
2010-02-11,1.978800,1.978800,1.945800,1.960030
2010-02-12,1.961400,1.965700,1.945950,1.952400
2010-02-15,1.955000,1.956200,1.946500,1.949900
2010-02-16,1.950200,1.950600,1.936200,1.947300
2010-02-17,1.947400,1.953650,1.931200,1.935700
2010-02-18,1.935300,1.939750,1.926400,1.935200
2010-02-19,1.935550,1.949800,1.932250,1.944900
2010-02-22,1.945000,1.945150,1.935500,1.938420
2010-02-23,1.938100,1.956950,1.934400,1.945900
2010-02-24,1.946000,1.966200,1.945900,1.950100
2010-02-25,1.949800,1.966750,1.947400,1.959200
2010-02-26,1.959200,1.959800,1.943400,1.950800
2010-03-01,1.948400,1.952800,1.928900,1.937600
2010-03-02,1.937400,1.956360,1.936200,1.953100
2010-03-03,1.953600,1.978750,1.951800,1.973900
2010-03-04,1.974500,1.985900,1.972400,1.979050
2010-03-05,1.978800,1.979450,1.951200,1.954600
2010-03-08,1.948700,1.956850,1.943500,1.945900
2010-03-09,1.945400,1.951480,1.931600,1.933300
2010-03-10,1.933700,1.947400,1.919500,1.947300
2010-03-11,1.947010,1.959050,1.943800,1.955200
2010-03-12,1.955850,1.964550,1.951500,1.961100
2010-03-15,1.956950,1.959980,1.944300,1.944400
2010-03-16,1.944700,1.949400,1.929400,1.932100
2010-03-17,1.932100,1.938100,1.915800,1.923400
2010-03-18,1.923500,1.924450,1.901300,1.903600
2010-03-19,1.902400,1.911800,1.901500,1.908700
2010-03-22,1.912450,1.927600,1.910400,1.916500
2010-03-23,1.916600,1.919600,1.905800,1.909300
2010-03-24,1.909100,1.912150,1.893800,1.894200
2010-03-25,1.894300,1.897050,1.879700,1.887000
2010-03-26,1.887100,1.907200,1.881100,1.906400
2010-03-28,1.910100,1.910240,1.895200,1.900150
2010-03-29,1.900150,1.901550,1.887200,1.890100
2010-03-30,1.890600,1.911400,1.885900,1.909800
2010-03-31,1.910200,1.920400,1.906800,1.918800
2010-04-01,1.919250,1.920800,1.908900,1.911300
2010-04-04,1.909200,1.923450,1.908200,1.915400
2010-04-05,1.914700,1.919200,1.894000,1.897300
2010-04-06,1.898200,1.902050,1.883100,1.886600
2010-04-07,1.886950,1.895850,1.884600,1.887500
2010-04-08,1.887400,1.889940,1.875500,1.884000
2010-04-11,1.896000,1.910150,1.896000,1.905300
2010-04-12,1.905300,1.919450,1.900400,1.919450
2010-04-13,1.919140,1.919900,1.906100,1.907600
2010-04-14,1.907600,1.911050,1.895600,1.906100
2010-04-15,1.906950,1.908000,1.891000,1.903100
2010-04-18,1.906300,1.906850,1.887700,1.900500
2010-04-19,1.900200,1.904300,1.886000,1.886950
2010-04-20,1.886400,1.890800,1.877900,1.885500
2010-04-21,1.885300,1.885950,1.866400,1.868800
2010-04-22,1.868700,1.874050,1.857000,1.864400
2010-04-25,1.862150,1.864300,1.838800,1.852900
2010-04-26,1.853300,1.860150,1.843000,1.847900
2010-04-27,1.848200,1.853200,1.826700,1.838600
2010-04-28,1.838900,1.845250,1.826900,1.829400
2010-04-29,1.830100,1.831350,1.813100,1.827000
2010-05-02,1.828100,1.828450,1.801600,1.805300
2010-05-03,1.804200,1.814100,1.799700,1.800300
2010-05-04,1.799400,1.805700,1.764800,1.765400
2010-05-05,1.766700,1.788600,1.752300,1.770100
2010-05-06,1.770000,1.798200,1.769000,1.783700
2010-05-09,1.794700,1.798400,1.767200,1.771600
2010-05-10,1.772200,1.775350,1.759100,1.761100
2010-05-11,1.761600,1.775850,1.758900,1.765700
2010-05-12,1.765500,1.768200,1.748200,1.759000
2010-05-13,1.758700,1.762400,1.737200,1.747200
2010-05-16,1.750200,1.779950,1.745100,1.772950
2010-05-17,1.771900,1.776900,1.754100,1.767050
2010-05-18,1.766300,1.844600,1.765200,1.816800
2010-05-19,1.816350,1.878500,1.795800,1.868900
2010-05-20,1.868100,1.886450,1.840250,1.849900
2010-05-23,1.854200,1.866090,1.831400,1.840750
2010-05-24,1.840850,1.856130,1.834800,1.842900
2010-05-25,1.843200,1.849600,1.818000,1.822700
2010-05-26,1.822200,1.838000,1.795700,1.813400
2010-05-27,1.813390,1.822550,1.795100,1.806600
2010-05-30,1.814900,1.823550,1.797900,1.803300
2010-05-31,1.802550,1.814850,1.795700,1.806000
2010-06-01,1.807400,1.818020,1.794000,1.798100
2010-06-02,1.797900,1.799500,1.773600,1.778800
2010-06-03,1.779000,1.793050,1.769800,1.783300
2010-06-06,1.790550,1.810750,1.785300,1.809100
2010-06-07,1.809200,1.811470,1.787100,1.793800
2010-06-08,1.794400,1.804200,1.775050,1.777100
2010-06-09,1.778100,1.788100,1.761300,1.769400
2010-06-10,1.769000,1.778700,1.748900,1.753900
2010-06-13,1.755300,1.761700,1.748900,1.756900
2010-06-14,1.756200,1.772500,1.755000,1.762800
2010-06-15,1.763400,1.775450,1.761100,1.763400
2010-06-16,1.764050,1.767150,1.753700,1.758350
2010-06-17,1.758500,1.762250,1.750100,1.753200
2010-06-20,1.744400,1.749450,1.731000,1.736800
2010-06-21,1.737500,1.743250,1.730800,1.739300
2010-06-22,1.738750,1.743950,1.718100,1.727600
2010-06-23,1.728250,1.747100,1.723400,1.740500
2010-06-24,1.739900,1.751850,1.706500,1.730700
2010-06-27,1.737200,1.748900,1.729500,1.738200
2010-06-28,1.740100,1.762150,1.736700,1.760200
2010-06-29,1.759300,1.787050,1.757400,1.783900
2010-06-30,1.783500,1.788600,1.788250,1.808280
2010-07-01,1.807500,1.825700,1.797000,1.821900
2010-07-04,1.824400,1.829650,1.807800,1.824000
2010-07-05,1.823300,1.828590,1.806300,1.821700
2010-07-06,1.821500,1.823950,1.793100,1.795100
2010-07-07,1.794900,1.798150,1.784600,1.789500
2010-07-08,1.789400,1.795300,1.775500,1.775500
2010-07-11,1.779400,1.782100,1.763500,1.768000
2010-07-12,1.768200,1.772730,1.762200,1.771500
2010-07-13,1.771100,1.773650,1.757900,1.764100
2010-07-14,1.763900,1.792750,1.760380,1.782700
2010-07-15,1.782200,1.821200,1.782200,1.818100
2010-07-18,1.821300,1.842650,1.815000,1.832700
2010-07-19,1.835000,1.835300,1.794500,1.798400
2010-07-20,1.798600,1.801700,1.781000,1.793800
2010-07-21,1.794400,1.797700,1.773400,1.776400
2010-07-22,1.776700,1.785600,1.761000,1.774700
2010-07-25,1.773100,1.781000,1.765300,1.770900
2010-07-26,1.771600,1.775000,1.761100,1.774300
2010-07-27,1.771600,1.802600,1.771200,1.797800
2010-07-28,1.797100,1.810750,1.792700,1.804450
2010-07-29,1.804700,1.815000,1.793200,1.796900
2010-08-01,1.795000,1.801050,1.780450,1.796600
2010-08-02,1.796800,1.806150,1.792100,1.801700
2010-08-03,1.802100,1.807790,1.787200,1.801700
2010-08-04,1.802500,1.817450,1.801200,1.802650
2010-08-05,1.805100,1.822550,1.799600,1.805000
2010-08-08,1.810700,1.820280,1.810700,1.812300
2010-08-09,1.814300,1.829100,1.811000,1.814300
2010-08-10,1.823000,1.825000,1.797000,1.822900
2010-08-11,1.803200,1.814450,1.799700,1.804050
2010-08-12,1.797700,1.807150,1.794900,1.796800
2010-08-15,1.807700,1.826400,1.805700,1.808200
2010-08-16,1.818850,1.819350,1.803000,1.818200
2010-08-17,1.808100,1.809450,1.792100,1.807700
2010-08-18,1.801300,1.818050,1.790800,1.801350
2010-08-19,1.812400,1.819000,1.803000,1.812100
2010-08-22,1.800050,1.802500,1.783000,1.799500
2010-08-23,1.789600,1.799800,1.787100,1.789300
2010-08-24,1.795900,1.819350,1.795200,1.795800
2010-08-25,1.804100,1.811850,1.794000,1.804300
2010-08-26,1.808300,1.809450,1.794500,1.808800
2010-08-29,1.787200,1.793700,1.784200,1.787100
2010-08-30,1.798900,1.823300,1.794200,1.799600
2010-08-31,1.811700,1.817100,1.796100,1.811500
2010-09-01,1.797100,1.801900,1.784000,1.797100
2010-09-02,1.795200,1.795950,1.779600,1.795400
2010-09-05,1.791900,1.792950,1.773400,1.791800
2010-09-06,1.778950,1.779050,1.760900,1.778600
2010-09-07,1.765000,1.772400,1.758000,1.765400
2010-09-08,1.761700,1.766140,1.747000,1.761300
2010-09-09,1.749600,1.755230,1.741100,1.750150
2010-09-12,1.743500,1.756800,1.742800,1.743600
2010-09-13,1.762150,1.772450,1.757900,1.762350
2010-09-14,1.771500,1.776200,1.768200,1.771800
2010-09-15,1.788500,1.810300,1.784900,1.788000
2010-09-16,1.804300,1.804650,1.789000,1.804300
2010-09-19,1.795100,1.797700,1.787000,1.795200
2010-09-20,1.791200,1.806050,1.789800,1.791750
2010-09-21,1.808000,1.820500,1.801500,1.808800
2010-09-22,1.829100,1.835050,1.820200,1.829300
2010-09-23,1.826000,1.838300,1.824300,1.826200
2010-09-26,1.830900,1.836380,1.829000,1.830700
2010-09-27,1.830200,1.838700,1.828000,1.830000
2010-09-28,1.835400,1.847050,1.835400,1.835500
2010-09-29,1.850000,1.857900,1.840600,1.850300
2010-09-30,1.855700,1.859490,1.846300,1.856200
2010-10-03,1.851200,1.854450,1.843000,1.852050
2010-10-04,1.849600,1.858300,1.844600,1.849700
2010-10-05,1.847800,1.853250,1.838000,1.847900
2010-10-06,1.851500,1.857400,1.840000,1.850900
2010-10-07,1.854600,1.868000,1.843000,1.854600
2010-10-10,1.847700,1.854200,1.843200,1.847800
2010-10-11,1.846100,1.851350,1.832000,1.845900
2010-10-12,1.838200,1.846700,1.826600,1.837900
2010-10-13,1.842700,1.857350,1.837300,1.842800
2010-10-14,1.852700,1.861450,1.850300,1.852500
2010-10-17,1.851600,1.852000,1.839800,1.851800
2010-10-18,1.843200,1.853600,1.842000,1.843800
2010-10-19,1.844000,1.856370,1.840800,1.843500
2010-10-20,1.855000,1.864700,1.848800,1.855100
2010-10-21,1.863700,1.870090,1.856800,1.863600
2010-10-24,1.864600,1.867400,1.852300,1.864900
2010-10-25,1.853100,1.856850,1.846500,1.854400
2010-10-26,1.850000,1.855000,1.845200,1.849900
2010-10-27,1.844700,1.848700,1.840600,1.844600
2010-10-28,1.844700,1.852100,1.816800,1.844600
2010-11-01,1.819500,1.826350,1.807000,1.823600
2010-11-02,1.813550,1.822200,1.808200,1.813000
2010-11-03,1.818800,1.820100,1.805200,1.819400
2010-11-04,1.795500,1.803900,1.785900,1.795300
2010-11-05,1.790000,1.791900,1.765900,1.790100
2010-11-08,1.774900,1.777350,1.762300,1.775750
2010-11-09,1.762200,1.775850,1.758500,1.762600
2010-11-10,1.772700,1.774950,1.756400,1.772800
2010-11-11,1.761300,1.762750,1.747700,1.762050
2010-11-12,1.750700,1.769210,1.747300,1.751350
2010-11-15,1.766050,1.778600,1.750000,1.765000
2010-11-16,1.757000,1.766450,1.755300,1.756900
2010-11-17,1.755300,1.765400,1.752800,1.755400
2010-11-18,1.756100,1.759250,1.751500,1.756500
2010-11-19,1.751200,1.763800,1.750800,1.750900
2010-11-22,1.759500,1.780950,1.754600,1.759950
2010-11-23,1.764050,1.772200,1.750000,1.763000
2010-11-24,1.759600,1.760490,1.748100,1.759500
2010-11-25,1.752400,1.759650,1.747300,1.752300
2010-11-26,1.752800,1.766400,1.751000,1.752600
2010-11-29,1.761800,1.769800,1.755400,1.761500
2010-11-30,1.758700,1.762950,1.744000,1.758800
2010-12-01,1.751000,1.757800,1.743500,1.751000
2010-12-02,1.754250,1.757000,1.740600,1.753400
2010-12-03,1.746300,1.757600,1.743000,1.745900
2010-12-06,1.752000,1.753300,1.743000,1.752000
2010-12-07,1.744800,1.753450,1.743400,1.744800
2010-12-08,1.750300,1.770850,1.750000,1.749900
2010-12-09,1.772000,1.778960,1.765500,1.773250
2010-12-10,1.766500,1.768100,1.758400,1.767450
2010-12-13,1.765500,1.772150,1.757900,1.765600
2010-12-14,1.781400,1.787300,1.774400,1.781200
2010-12-15,1.779000,1.793350,1.775700,1.779400
2010-12-16,1.785600,1.799000,1.785600,1.785500
2010-12-17,1.787900,1.804100,1.784400,1.787400
2010-12-20,1.788300,1.789390,1.765500,1.788700
2010-12-21,1.770700,1.772110,1.759600,1.770500
2010-12-22,1.761900,1.771600,1.758500,1.761600
2010-12-23,1.764900,1.765150,1.747900,1.764600
2010-12-24,1.754200,1.756400,1.749700,1.752700
2010-12-27,1.751110,1.760500,1.750400,1.751400
2010-12-28,1.756700,1.764100,1.736900,1.756600
2010-12-29,1.732700,1.734050,1.715600,1.732800
2010-12-30,1.723300,1.729850,1.716000,1.723700
2010-12-31,1.723400,1.727200,1.716000,1.723500
2011-01-03,1.715600,1.722850,1.706000,1.715880
2011-01-04,1.726200,1.753050,1.723200,1.725500
2011-01-05,1.733600,1.739650,1.724500,1.734450
2011-01-06,1.734100,1.736850,1.722800,1.734300
2011-01-07,1.716800,1.718500,1.699300,1.716700
2011-01-10,1.697500,1.704510,1.692900,1.698150
2011-01-11,1.697600,1.709100,1.695900,1.697600
2011-01-12,1.709300,1.719900,1.705900,1.709300
2011-01-13,1.721700,1.735800,1.708700,1.721200
2011-01-14,1.729400,1.749200,1.726700,1.728800
2011-01-17,1.739300,1.740200,1.714900,1.739000
2011-01-18,1.719400,1.741250,1.718200,1.719700
2011-01-19,1.733400,1.744600,1.731700,1.733100
2011-01-20,1.757600,1.779900,1.753500,1.758000
2011-01-21,1.782200,1.793100,1.780500,1.783000
2011-01-24,1.794200,1.795600,1.783300,1.794300
2011-01-25,1.783800,1.788550,1.777200,1.784400
2011-01-26,1.782500,1.785700,1.775600,1.782700
2011-01-27,1.771200,1.782400,1.769800,1.771700
2011-01-28,1.776500,1.780600,1.758500,1.776400
2011-01-31,1.763600,1.779200,1.757300,1.763300
2011-02-01,1.774100,1.776400,1.766100,1.773900
2011-02-02,1.766800,1.776060,1.763900,1.766900
2011-02-03,1.783900,1.790550,1.766300,1.784200
2011-02-04,1.762200,1.769250,1.753100,1.762300
2011-02-07,1.761900,1.770800,1.754700,1.762000
2011-02-08,1.759100,1.765350,1.750100,1.758700
2011-02-09,1.756400,1.773000,1.755300,1.756100
2011-02-10,1.777600,1.780600,1.771600,1.777600
2011-02-11,1.785300,1.790000,1.779800,1.784900
2011-02-14,1.783200,1.786500,1.776000,1.783000
2011-02-15,1.783500,1.796950,1.779800,1.783500
2011-02-16,1.794200,1.802100,1.789000,1.794300
2011-02-17,1.796000,1.801250,1.791900,1.796100
2011-02-18,1.794200,1.794750,1.777000,1.794500
2011-02-21,1.795000,1.797050,1.786400,1.795400
2011-02-22,1.795550,1.825400,1.795200,1.793300
2011-02-23,1.828350,1.848400,1.822800,1.828050
2011-02-24,1.845600,1.848200,1.837300,1.846000
2011-02-25,1.840100,1.846700,1.825800,1.839000
2011-02-28,1.826100,1.841450,1.822700,1.826300
2011-03-01,1.835000,1.843420,1.834250,1.834900
2011-03-02,1.841600,1.868200,1.841100,1.841800
2011-03-03,1.865700,1.881750,1.854100,1.865300
2011-03-04,1.886300,1.899900,1.884500,1.886200
2011-03-07,1.896500,1.901490,1.890800,1.896400
2011-03-08,1.892900,1.896350,1.875300,1.892800
2011-03-09,1.877200,1.882850,1.872000,1.877200
2011-03-10,1.887800,1.890100,1.877200,1.887800
2011-03-11,1.877300,1.882850,1.863000,1.878400
2011-03-14,1.883800,1.894200,1.879600,1.883700
2011-03-15,1.892800,1.911200,1.891800,1.892800
2011-03-16,1.909200,1.911700,1.896600,1.909200
2011-03-17,1.924600,1.955100,1.919700,1.922100
2011-03-18,1.943200,1.945700,1.926500,1.942100
2011-03-21,1.933900,1.937050,1.924000,1.934500
2011-03-22,1.931700,1.935900,1.910000,1.932300
2011-03-23,1.915900,1.918300,1.907000,1.915500
2011-03-24,1.895450,1.895450,1.880500,1.896400
2011-03-25,1.886100,1.891900,1.866700,1.886000
2011-03-27,1.867100,1.877650,1.864300,1.867000
2011-03-28,1.874400,1.880050,1.863400,1.875250
2011-03-29,1.865200,1.865200,1.842500,1.865400
2011-03-30,1.852400,1.867000,1.852100,1.853350
2011-03-31,1.860200,1.867350,1.844300,1.860100
2011-04-03,1.849800,1.856500,1.845700,1.849900
2011-04-04,1.851000,1.853200,1.837400,1.850900
2011-04-05,1.851900,1.853200,1.834000,1.852300
2011-04-06,1.842800,1.844500,1.829600,1.842900
2011-04-07,1.837500,1.849700,1.836300,1.838900
2011-04-10,1.849300,1.852020,1.840800,1.849600
2011-04-11,1.844000,1.856050,1.838300,1.844200
2011-04-12,1.844300,1.845400,1.827800,1.843900
2011-04-13,1.833400,1.833950,1.819000,1.832900
2011-04-17,1.808100,1.819700,1.802000,1.807500
2011-04-18,1.808100,1.819200,1.805700,1.808700
2011-04-19,1.815600,1.824100,1.809950,1.815500
2011-04-20,1.822400,1.827800,1.815200,1.822000
2011-04-21,1.815200,1.818800,1.812800,1.815800
2011-04-24,1.812700,1.823620,1.812000,1.812900
2011-04-25,1.822150,1.822400,1.813000,1.821500
2011-04-26,1.818500,1.831500,1.812610,1.818700
2011-04-27,1.841100,1.852700,1.838100,1.841200
2011-04-28,1.846200,1.852600,1.835300,1.845800
2011-05-01,1.831100,1.839650,1.829900,1.830800
2011-05-02,1.839600,1.849600,1.835800,1.839200
2011-05-03,1.855400,1.887800,1.853800,1.855400
2011-05-04,1.868900,1.887650,1.853400,1.868900
2011-05-05,1.845500,1.850200,1.819600,1.846000
2011-05-08,1.816600,1.819400,1.803000,1.815900
2011-05-09,1.812400,1.815550,1.803500,1.812100
2011-05-10,1.810500,1.813750,1.802200,1.810500
2011-05-11,1.795500,1.804050,1.784000,1.795500
2011-05-12,1.791300,1.806350,1.788100,1.791300
2011-05-15,1.791100,1.819750,1.790200,1.791100
2011-05-16,1.814300,1.820100,1.810600,1.813900
2011-05-17,1.813100,1.817250,1.801600,1.813100
2011-05-18,1.804900,1.810900,1.796300,1.805200
2011-05-19,1.807600,1.809650,1.785500,1.807900
2011-05-22,1.778400,1.783500,1.771700,1.777900
2011-05-23,1.776500,1.777050,1.757000,1.776000
2011-05-24,1.767000,1.773900,1.759500,1.766900
2011-05-25,1.764400,1.766700,1.740400,1.764300
2011-05-26,1.746000,1.750800,1.735900,1.745600
2011-05-29,1.746800,1.749200,1.738400,1.746750
2011-05-30,1.749800,1.751650,1.740600,1.749100
2011-05-31,1.747800,1.757200,1.745900,1.747500
2011-06-01,1.757800,1.775150,1.754900,1.757600
2011-06-02,1.776900,1.795500,1.769800,1.777250
2011-06-05,1.793650,1.796750,1.785000,1.793200
2011-06-06,1.789200,1.790400,1.782300,1.789800
2011-06-07,1.787400,1.799550,1.785000,1.787700
2011-06-08,1.774100,1.787100,1.750200,1.773700
2011-06-09,1.757900,1.760500,1.743500,1.757500
2011-06-12,1.745800,1.770650,1.744400,1.745900
2011-06-13,1.764400,1.771700,1.758900,1.764950
2011-06-14,1.764100,1.769300,1.755100,1.763700
2011-06-15,1.757900,1.767650,1.756500,1.758800
2011-06-16,1.761800,1.768500,1.757600,1.761800
2011-06-19,1.760900,1.768200,1.758000,1.760700
2011-06-20,1.766500,1.772650,1.761200,1.766400
2011-06-21,1.769900,1.771450,1.759800,1.769600
2011-06-22,1.757850,1.758300,1.744900,1.756800
2011-06-23,1.750200,1.754750,1.741500,1.750300
2011-06-26,1.760900,1.774650,1.756100,1.760300
2011-06-27,1.775300,1.782800,1.769900,1.775800
2011-06-28,1.769400,1.770800,1.750300,1.768800
2011-06-29,1.751000,1.754800,1.742900,1.751600
2011-06-30,1.749800,1.758100,1.748900,1.749600
2011-07-03,1.754100,1.758150,1.747000,1.754400
2011-07-04,1.747800,1.751850,1.741000,1.748000
2011-07-05,1.744500,1.746100,1.727600,1.744400
2011-07-06,1.731100,1.734500,1.718000,1.731200
2011-07-07,1.725700,1.726300,1.704200,1.726450
2011-07-10,1.701000,1.703650,1.685200,1.701100
2011-07-11,1.698700,1.713650,1.697200,1.699300
2011-07-12,1.707800,1.707800,1.690300,1.708450
2011-07-13,1.675350,1.687900,1.673100,1.675100
2011-07-14,1.680700,1.686750,1.673000,1.680100
2011-07-17,1.664200,1.670350,1.659300,1.665000
2011-07-18,1.670300,1.672300,1.653900,1.670800
2011-07-19,1.653200,1.663850,1.652600,1.653400
2011-07-20,1.661100,1.669300,1.651700,1.661100
2011-07-21,1.670200,1.675730,1.657000,1.670400
2011-07-24,1.661400,1.665150,1.656100,1.662600
2011-07-25,1.666100,1.667000,1.655400,1.666200
2011-07-26,1.661600,1.665600,1.648800,1.662200
2011-07-27,1.648300,1.650150,1.633700,1.648400
2011-07-28,1.644900,1.657200,1.638100,1.645500
2011-07-31,1.628400,1.640550,1.620100,1.628000
2011-08-01,1.626300,1.636550,1.619900,1.626450
2011-08-02,1.642100,1.661600,1.641000,1.642300
2011-08-03,1.655600,1.681950,1.655600,1.656400
2011-08-04,1.697700,1.700800,1.679500,1.696600
2011-08-07,1.707000,1.733100,1.702800,1.705700
2011-08-08,1.735200,1.776100,1.729500,1.735200
2011-08-09,1.712200,1.752450,1.707300,1.710900
2011-08-10,1.744700,1.747200,1.723400,1.744800
2011-08-11,1.714500,1.731400,1.709500,1.715000
2011-08-14,1.708800,1.745700,1.703900,1.709100
2011-08-15,1.731900,1.740400,1.719900,1.730900
2011-08-16,1.725100,1.728300,1.717000,1.726400
2011-08-17,1.727150,1.736250,1.720700,1.728000
2011-08-18,1.740200,1.751850,1.735700,1.739600
2011-08-21,1.753670,1.759800,1.739400,1.753300
2011-08-22,1.743800,1.748850,1.725200,1.745070
2011-08-23,1.729900,1.745800,1.729900,1.730000
2011-08-24,1.737600,1.743400,1.729100,1.738460
2011-08-25,1.735400,1.736100,1.716100,1.734600
2011-08-28,1.724100,1.725950,1.712500,1.724000
2011-08-29,1.711400,1.711400,1.688700,1.711300
2011-08-30,1.692700,1.695350,1.682100,1.692700
2011-08-31,1.685000,1.692100,1.673000,1.684600
2011-09-01,1.673300,1.678350,1.667700,1.673600
2011-09-04,1.677400,1.696100,1.675700,1.677100
2011-09-05,1.698000,1.703700,1.689000,1.694100
2011-09-06,1.696900,1.702400,1.687100,1.696800
2011-09-07,1.688100,1.690700,1.666400,1.688300
2011-09-08,1.663000,1.668800,1.656000,1.663000
2011-09-11,1.658100,1.671500,1.654000,1.659100
2011-09-12,1.657050,1.663750,1.653600,1.656700
2011-09-13,1.661400,1.670750,1.656900,1.662400
2011-09-14,1.677800,1.687400,1.675900,1.677700
2011-09-15,1.684500,1.686100,1.654600,1.684100
2011-09-18,1.658700,1.663950,1.651500,1.659000
2011-09-19,1.662800,1.665700,1.655400,1.662300
2011-09-20,1.665300,1.684760,1.660000,1.665200
2011-09-21,1.697300,1.728000,1.693600,1.697600
2011-09-22,1.720800,1.737550,1.715800,1.721300
2011-09-25,1.745800,1.753000,1.731100,1.745200
2011-09-26,1.733900,1.735300,1.713800,1.734600
2011-09-27,1.723000,1.738900,1.721200,1.724900
2011-09-28,1.747300,1.756550,1.740500,1.747680
2011-09-29,1.766750,1.774000,1.750700,1.766610
2011-10-02,1.751500,1.757400,1.738900,1.750200
2011-10-03,1.753100,1.767100,1.741400,1.753100
2011-10-04,1.753100,1.755640,1.744700,1.753100
2011-10-05,1.741500,1.747800,1.721100,1.742000
2011-10-06,1.745200,1.745800,1.732000,1.744800
2011-10-09,1.738300,1.744980,1.730900,1.738500
2011-10-10,1.738200,1.749580,1.737800,1.738100
2011-10-11,1.748300,1.753980,1.727700,1.747800
2011-10-12,1.732300,1.737800,1.730200,1.732800
2011-10-13,1.733400,1.735080,1.724000,1.734980
2011-10-16,1.725000,1.729280,1.718600,1.724500
2011-10-17,1.733500,1.740500,1.724300,1.733100
2011-10-18,1.729700,1.734980,1.726000,1.729300
2011-10-19,1.734800,1.737480,1.725100,1.734900
2011-10-20,1.736500,1.740240,1.727400,1.736860
2011-10-23,1.728580,1.728580,1.715800,1.727100
2011-10-24,1.729900,1.746680,1.722400,1.729400
2011-10-25,1.743500,1.751900,1.736700,1.743800
2011-10-26,1.734600,1.739600,1.721000,1.734300
2011-10-27,1.723600,1.734380,1.719600,1.724200
2011-10-31,1.724300,1.731680,1.716400,1.724200
2011-11-01,1.713700,1.724400,1.708100,1.713700
2011-11-02,1.721610,1.740800,1.720600,1.720600
2011-11-03,1.749000,1.751500,1.727000,1.748300
2011-11-04,1.737100,1.745100,1.734600,1.736800
2011-11-07,1.728730,1.732800,1.724900,1.730500
2011-11-08,1.728800,1.737320,1.725000,1.729400
2011-11-09,1.733100,1.741180,1.728300,1.733600
2011-11-10,1.734200,1.752800,1.733300,1.733300
2011-11-11,1.749800,1.757500,1.748700,1.749500
2011-11-14,1.742900,1.750180,1.741800,1.742600
2011-11-15,1.751500,1.762800,1.751500,1.751400
2011-11-16,1.755680,1.763280,1.751800,1.755200
2011-11-17,1.760200,1.773750,1.755800,1.760600
2011-11-18,1.773480,1.784000,1.769000,1.772800
2011-11-21,1.790380,1.805400,1.783300,1.790100
2011-11-22,1.799280,1.812530,1.797800,1.799180
2011-11-23,1.803800,1.811700,1.801000,1.805660
2011-11-24,1.804380,1.805280,1.794000,1.804000
2011-11-25,1.797100,1.798300,1.784000,1.797300
2011-11-28,1.773800,1.775300,1.761400,1.773400
2011-11-29,1.762600,1.768880,1.745400,1.763180
2011-11-30,1.745000,1.751650,1.720700,1.744600
2011-12-01,1.724500,1.737510,1.722800,1.725000
2011-12-02,1.727100,1.731780,1.721900,1.727780
2011-12-05,1.718880,1.726000,1.716600,1.718600
2011-12-06,1.715000,1.724100,1.714300,1.715100
2011-12-07,1.718200,1.725200,1.715000,1.718000
2011-12-08,1.716800,1.719880,1.706900,1.716880
2011-12-09,1.727000,1.742080,1.723900,1.727000
2011-12-12,1.725200,1.737110,1.724200,1.725100
2011-12-13,1.727500,1.729320,1.714300,1.727900
2011-12-14,1.721900,1.730800,1.720200,1.721700
2011-12-15,1.732690,1.739180,1.722400,1.731600
2011-12-16,1.722400,1.722800,1.704300,1.723000
2011-12-19,1.711100,1.716400,1.707500,1.710500
2011-12-20,1.718000,1.720400,1.699900,1.718700
2011-12-21,1.703000,1.704600,1.690000,1.703100
2011-12-22,1.696600,1.700800,1.684100,1.695900
2011-12-23,1.685800,1.690000,1.684000,1.685800
2011-12-26,1.683900,1.688900,1.683900,1.683900
2011-12-27,1.684900,1.693900,1.683700,1.684500
2011-12-28,1.692300,1.692600,1.675800,1.692900
2011-12-29,1.682600,1.684400,1.674900,1.684460
2011-12-30,1.677600,1.677600,1.669600,1.677500
2012-01-02,1.660700,1.665400,1.659000,1.662400
2012-01-03,1.656100,1.659410,1.650600,1.656100
2012-01-04,1.651300,1.655380,1.640700,1.651500
2012-01-05,1.643700,1.645900,1.634700,1.643200
2012-01-06,1.637300,1.641400,1.627200,1.637700
2012-01-09,1.625730,1.629400,1.620000,1.625600
2012-01-10,1.619300,1.620600,1.605500,1.619400
2012-01-11,1.605000,1.607300,1.595800,1.606100
2012-01-12,1.593200,1.617000,1.593200,1.594300
2012-01-13,1.615500,1.623500,1.599900,1.614500
2012-01-16,1.594300,1.599600,1.592000,1.594000
2012-01-17,1.594600,1.599000,1.590000,1.594300
2012-01-18,1.591100,1.595000,1.587200,1.591000
2012-01-19,1.599900,1.613100,1.599100,1.601000
2012-01-20,1.614300,1.617160,1.602200,1.614000
2012-01-23,1.600200,1.607600,1.594700,1.600400
2012-01-24,1.604300,1.616200,1.602300,1.604100
2012-01-25,1.605700,1.611200,1.604000,1.606400
2012-01-26,1.603300,1.605300,1.595000,1.602700
2012-01-27,1.593900,1.597600,1.589000,1.595300
2012-01-30,1.603300,1.607700,1.600700,1.603900
2012-01-31,1.603290,1.604000,1.583100,1.602600
2012-02-01,1.603290,1.604000,1.581200,1.584600
2012-02-02,1.580000,1.582300,1.571600,1.579600
2012-02-03,1.578600,1.585890,1.566000,1.578600
2012-02-06,1.573200,1.576900,1.566600,1.572800
2012-02-07,1.573000,1.585500,1.568800,1.573450
2012-02-08,1.585500,1.588300,1.578100,1.586000
2012-02-09,1.589200,1.592210,1.585400,1.588300
2012-02-10,1.592400,1.601400,1.590600,1.593500
2012-02-13,1.594200,1.594300,1.583000,1.594000
2012-02-14,1.581530,1.586930,1.579500,1.581100
2012-02-15,1.571100,1.575020,1.558200,1.571000
2012-02-16,1.567400,1.577400,1.566800,1.567400
2012-02-17,1.570200,1.580900,1.566300,1.570600
2012-02-20,1.569600,1.580600,1.568400,1.569800
2012-02-21,1.577000,1.585900,1.575000,1.577110
2012-02-22,1.584900,1.599300,1.584400,1.585300
2012-02-23,1.598900,1.601400,1.591400,1.598600
2012-02-24,1.596800,1.610700,1.592300,1.596800
2012-02-27,1.611200,1.613430,1.598900,1.611240
2012-02-28,1.594600,1.606600,1.594000,1.595000
2012-02-29,1.603300,1.604000,1.584700,1.603100
2012-03-01,1.595000,1.599730,1.588400,1.594700
2012-03-02,1.587960,1.590700,1.582600,1.587900
2012-03-05,1.589500,1.611000,1.589300,1.589800
2012-03-06,1.608600,1.621500,1.607200,1.608600
2012-03-07,1.612400,1.614900,1.603300,1.612100
2012-03-08,1.612500,1.613260,1.596600,1.613400
2012-03-09,1.609900,1.611440,1.590800,1.609800
2012-03-12,1.601900,1.610100,1.597500,1.601400
2012-03-13,1.605800,1.606160,1.590300,1.605200
2012-03-14,1.591300,1.613500,1.590100,1.591500
2012-03-15,1.611800,1.614100,1.594500,1.611700
2012-03-16,1.596400,1.599400,1.589600,1.596500
2012-03-19,1.594100,1.605710,1.591800,1.593200
2012-03-20,1.602700,1.621800,1.600300,1.602500
2012-03-21,1.618100,1.627500,1.614500,1.618000
2012-03-22,1.625900,1.638910,1.623200,1.625300
2012-03-23,1.627700,1.631600,1.621200,1.627700
2012-03-25,1.623500,1.626100,1.616400,1.622600
2012-03-26,1.623100,1.625100,1.616400,1.623200
2012-03-27,1.625500,1.631800,1.624500,1.626000
2012-03-28,1.627400,1.633700,1.625800,1.627500
2012-03-29,1.628000,1.631400,1.621900,1.628200
2012-04-01,1.625100,1.630410,1.614900,1.624300
2012-04-02,1.615700,1.624900,1.614800,1.615300
2012-04-03,1.619000,1.621250,1.610000,1.617800
2012-04-04,1.611200,1.612600,1.597700,1.610400
2012-04-05,1.600800,1.606000,1.594600,1.600900
2012-04-08,1.598300,1.600000,1.587800,1.598300
2012-04-09,1.596400,1.607640,1.594300,1.596200
2012-04-10,1.605000,1.607100,1.598200,1.605200
2012-04-11,1.601500,1.602940,1.591600,1.600200
2012-04-12,1.587100,1.590600,1.581400,1.586800
2012-04-15,1.587600,1.596700,1.585200,1.586700
2012-04-16,1.601700,1.608900,1.595100,1.601100
2012-04-17,1.596600,1.605880,1.594400,1.597100
2012-04-18,1.604600,1.612900,1.600900,1.604600
2012-04-19,1.613200,1.621300,1.612800,1.612700
2012-04-22,1.612300,1.621500,1.612300,1.613100
2012-04-23,1.617700,1.626680,1.615200,1.618000
2012-04-24,1.620700,1.628020,1.620200,1.621000
2012-04-25,1.622700,1.627800,1.615400,1.621700
2012-04-26,1.621300,1.625570,1.615600,1.621500
2012-04-29,1.607800,1.620170,1.607000,1.607000
2012-04-30,1.617100,1.632260,1.616500,1.617600
2012-05-01,1.623700,1.626700,1.614800,1.623300
2012-05-02,1.629100,1.642950,1.626900,1.629100
2012-05-03,1.642200,1.656600,1.639800,1.642200
2012-05-06,1.635700,1.642600,1.635600,1.635700
2012-05-07,1.637900,1.652830,1.637700,1.637570
2012-05-08,1.653800,1.654000,1.647630,1.653400
2012-05-09,1.649400,1.650100,1.640600,1.649600
2012-05-10,1.649700,1.654000,1.641300,1.649580
2012-05-13,1.650900,1.656700,1.646500,1.650900
2012-05-14,1.649900,1.657200,1.648000,1.650500
2012-05-15,1.653930,1.664500,1.653900,1.654200
2012-05-16,1.661400,1.664600,1.657500,1.660900
2012-05-17,1.660200,1.686600,1.660200,1.661600
2012-05-20,1.684900,1.690100,1.677100,1.685000
2012-05-21,1.670000,1.677500,1.666220,1.669400
2012-05-22,1.683000,1.692200,1.681400,1.682100
2012-05-23,1.676700,1.677400,1.663100,1.676300
2012-05-24,1.662000,1.666600,1.653200,1.661700
2012-05-27,1.656000,1.656000,1.645200,1.655400
2012-05-28,1.649600,1.651000,1.639800,1.649100
2012-05-29,1.638300,1.644500,1.637100,1.638200
2012-05-30,1.645800,1.647700,1.638700,1.645700
2012-05-31,1.640100,1.648600,1.639600,1.640400
2012-06-03,1.650100,1.651500,1.641400,1.650040
2012-06-04,1.650200,1.653500,1.643500,1.649900
2012-06-05,1.641700,1.642300,1.629200,1.641800
2012-06-06,1.632300,1.635260,1.625600,1.632100
2012-06-07,1.635600,1.641500,1.623700,1.635200
2012-06-10,1.628100,1.628450,1.616200,1.628300
2012-06-11,1.623380,1.623700,1.606500,1.622980
2012-06-12,1.608400,1.619200,1.604800,1.607600
2012-06-13,1.618300,1.619600,1.610600,1.618300
2012-06-14,1.612400,1.614400,1.601500,1.611550
2012-06-17,1.604300,1.605200,1.588900,1.603770
2012-06-18,1.589600,1.592500,1.583400,1.590100
2012-06-19,1.593800,1.598010,1.590000,1.593200
2012-06-20,1.584000,1.590700,1.581000,1.584000
2012-06-21,1.593830,1.597600,1.585860,1.592600
2012-06-24,1.590100,1.593800,1.584300,1.591600
2012-06-25,1.588430,1.588790,1.575900,1.587590
2012-06-26,1.581000,1.584300,1.574000,1.580600
2012-06-27,1.575400,1.581500,1.567600,1.574600
2012-06-28,1.580700,1.587700,1.573800,1.580090
2012-07-01,1.578870,1.578870,1.565300,1.577900
2012-07-02,1.566340,1.569160,1.562000,1.565400
2012-07-03,1.565500,1.567340,1.554900,1.565400
2012-07-04,1.557400,1.562900,1.537300,1.557100
2012-07-05,1.540420,1.546330,1.539500,1.540400
2012-07-08,1.539000,1.549000,1.538400,1.539100
2012-07-09,1.546400,1.548500,1.536880,1.545730
2012-07-10,1.542700,1.544300,1.532400,1.542400
2012-07-11,1.540100,1.550100,1.536600,1.539500
2012-07-12,1.542700,1.545400,1.535500,1.542900
2012-07-15,1.537300,1.539200,1.531700,1.537300
2012-07-16,1.540310,1.541100,1.535300,1.539500
2012-07-17,1.539700,1.544900,1.532500,1.539000
2012-07-18,1.534300,1.537000,1.522100,1.535000
2012-07-19,1.527500,1.529100,1.518700,1.527900
2012-07-22,1.521400,1.536720,1.521300,1.522400
2012-07-23,1.535200,1.536900,1.527800,1.535500
2012-07-24,1.541800,1.544100,1.538900,1.541100
2012-07-25,1.536620,1.538600,1.530500,1.536600
2012-07-26,1.534400,1.536000,1.523200,1.533800
2012-07-29,1.521800,1.522400,1.511200,1.521000
2012-07-30,1.514830,1.521400,1.512000,1.514500
2012-07-31,1.519200,1.519920,1.512100,1.518800
2012-08-01,1.510600,1.516300,1.499400,1.511400
2012-08-02,1.504800,1.511400,1.496000,1.504500
2012-08-05,1.518500,1.518800,1.509400,1.518300
2012-08-06,1.510600,1.521100,1.507600,1.511100
2012-08-07,1.519080,1.525600,1.512800,1.519700
2012-08-08,1.523190,1.523200,1.512600,1.523500
2012-08-09,1.513800,1.519600,1.508800,1.513700
2012-08-12,1.513100,1.528100,1.511600,1.512790
2012-08-13,1.522700,1.530910,1.521100,1.522800
2012-08-14,1.530400,1.533300,1.519930,1.530600
2012-08-15,1.522600,1.527500,1.518200,1.522700
2012-08-16,1.522400,1.531720,1.521100,1.522000
2012-08-19,1.526700,1.528900,1.521100,1.526700
2012-08-20,1.525900,1.536200,1.520700,1.525800
2012-08-21,1.539400,1.542600,1.536200,1.539200
2012-08-22,1.535300,1.542000,1.531600,1.536300
2012-08-23,1.544900,1.548020,1.540900,1.545250
2012-08-26,1.542100,1.547000,1.541100,1.542600
2012-08-27,1.545500,1.561330,1.542800,1.546000
2012-08-28,1.560700,1.566780,1.557800,1.560900
2012-08-29,1.563500,1.570200,1.561200,1.563400
2012-08-30,1.567500,1.573600,1.562600,1.567100
2012-09-02,1.572600,1.579700,1.567900,1.571900
2012-09-03,1.578800,1.587000,1.577400,1.578500
2012-09-04,1.579000,1.590100,1.574700,1.578000
2012-09-05,1.584800,1.586600,1.573700,1.583600
2012-09-06,1.576600,1.582900,1.571800,1.576800
2012-09-09,1.577500,1.579700,1.571800,1.577000
2012-09-10,1.578500,1.580000,1.566000,1.577800
2012-09-11,1.572500,1.575850,1.564400,1.571800
2012-09-12,1.572000,1.574870,1.564900,1.572000
2012-09-13,1.563000,1.584800,1.557300,1.562720
2012-09-16,1.582100,1.589700,1.577100,1.581550
2012-09-17,1.585860,1.588300,1.575100,1.586300
2012-09-18,1.575200,1.578900,1.570200,1.575300
2012-09-19,1.572400,1.579000,1.565200,1.573200
2012-09-20,1.563700,1.566000,1.556500,1.564000
2012-09-23,1.567200,1.576800,1.567200,1.567900
2012-09-24,1.574300,1.574900,1.562600,1.573720
2012-09-25,1.574370,1.574760,1.560900,1.573200
2012-09-26,1.560700,1.561600,1.547500,1.560500
2012-09-27,1.554000,1.556110,1.546900,1.554300
2012-09-30,1.547200,1.556710,1.542300,1.546400
2012-10-01,1.555800,1.558800,1.550100,1.554800
2012-10-02,1.564160,1.575440,1.561800,1.564170
2012-10-03,1.573200,1.588400,1.571600,1.573400
2012-10-04,1.583800,1.585870,1.574900,1.583170
2012-10-07,1.589900,1.590400,1.578110,1.589280
2012-10-08,1.580480,1.581520,1.572200,1.580520
2012-10-09,1.575750,1.578500,1.569500,1.575600
2012-10-10,1.574100,1.582900,1.571170,1.574520
2012-10-11,1.583670,1.584260,1.576180,1.583600
2012-10-14,1.586470,1.590830,1.580500,1.586900
2012-10-15,1.587780,1.605500,1.586300,1.587100
2012-10-16,1.602550,1.605200,1.594900,1.602680
2012-10-17,1.595410,1.598700,1.592200,1.595000
2012-10-18,1.594250,1.596900,1.590000,1.594700
2012-10-21,1.596500,1.599800,1.592800,1.596400
2012-10-22,1.597300,1.600600,1.594390,1.597320
2012-10-23,1.599300,1.599800,1.587400,1.598400
2012-10-24,1.579900,1.581300,1.573800,1.579760
2012-10-25,1.578000,1.582780,1.568600,1.578400
2012-10-29,1.574200,1.576640,1.568400,1.573900
2012-10-30,1.573810,1.581100,1.570500,1.574300
2012-10-31,1.576900,1.582900,1.574800,1.576700
2012-11-01,1.576200,1.577800,1.562700,1.576900
2012-11-02,1.563820,1.565200,1.550670,1.563740
2012-11-05,1.555240,1.556600,1.547800,1.555200
2012-11-06,1.547940,1.549910,1.543100,1.548400
2012-11-07,1.547230,1.555200,1.538400,1.547100
2012-11-08,1.556300,1.562640,1.554800,1.556400
2012-11-09,1.566600,1.567100,1.556900,1.566440
2012-11-12,1.561000,1.561500,1.552700,1.561000
2012-11-13,1.552700,1.556800,1.546800,1.553780
2012-11-14,1.556500,1.573250,1.554700,1.556500
2012-11-15,1.570100,1.577880,1.567300,1.570300
2012-11-16,1.576800,1.577700,1.569800,1.576800
2012-11-19,1.568500,1.571000,1.560100,1.568560
2012-11-20,1.559850,1.570940,1.557900,1.559580
2012-11-21,1.567800,1.578800,1.565100,1.567800
2012-11-22,1.576160,1.581700,1.572400,1.576380
2012-11-23,1.578180,1.579500,1.573700,1.577900
2012-11-26,1.574300,1.577240,1.571400,1.573300
2012-11-27,1.578800,1.579460,1.571800,1.578100
2012-11-28,1.576000,1.577250,1.568000,1.575900
2012-11-29,1.571500,1.579500,1.567200,1.571800
2012-11-30,1.576630,1.588160,1.575200,1.576840
2012-12-03,1.586160,1.592400,1.585200,1.586000
2012-12-04,1.590000,1.590290,1.583200,1.590000
2012-12-05,1.588380,1.590000,1.581300,1.587980
2012-12-06,1.576660,1.576810,1.555100,1.576200
2012-12-07,1.557700,1.559400,1.548400,1.558700
2012-12-10,1.547800,1.550400,1.546100,1.547300
2012-12-11,1.549800,1.552480,1.545200,1.549900
2012-12-12,1.549810,1.551800,1.545500,1.549800
2012-12-13,1.549500,1.550600,1.544100,1.550400
2012-12-14,1.549600,1.557800,1.548900,1.550360
2012-12-17,1.556400,1.561700,1.553800,1.556900
2012-12-18,1.558500,1.568820,1.557400,1.558500
2012-12-19,1.574520,1.591360,1.573300,1.573500
2012-12-20,1.581400,1.592890,1.578700,1.582120
2012-12-21,1.587000,1.605620,1.585600,1.586800
2012-12-24,1.600900,1.608280,1.600400,1.601000
2012-12-25,1.602500,1.604700,1.601400,1.602500
2012-12-26,1.602500,1.621900,1.598300,1.601900
2012-12-27,1.614010,1.621490,1.610600,1.614020
2012-12-28,1.613400,1.615240,1.601100,1.613000
2012-12-31,1.607000,1.609500,1.600500,1.606100
2013-01-01,1.592400,1.596700,1.592300,1.592400
2013-01-02,1.595600,1.596000,1.578850,1.595100
2013-01-03,1.580900,1.584100,1.568500,1.581000
2013-01-04,1.576100,1.583900,1.573500,1.575300
2013-01-07,1.571170,1.573520,1.557800,1.571140
2013-01-08,1.567000,1.571200,1.563100,1.566900
2013-01-09,1.561700,1.562500,1.551000,1.561000
2013-01-10,1.555600,1.568400,1.550500,1.555810
2013-01-11,1.572300,1.592750,1.570600,1.572430
2013-01-14,1.596100,1.596800,1.583300,1.595900
2013-01-15,1.587900,1.592530,1.580700,1.587400
2013-01-16,1.580000,1.586500,1.578000,1.581200
2013-01-17,1.581900,1.594300,1.577700,1.581100
2013-01-18,1.597800,1.603240,1.589200,1.597570
2013-01-21,1.592520,1.596220,1.589200,1.591800
2013-01-22,1.591800,1.592200,1.577400,1.592470
2013-01-23,1.582500,1.585510,1.574700,1.582680
2013-01-24,1.578800,1.594900,1.576000,1.579050
2013-01-25,1.597900,1.609200,1.594800,1.598100
2013-01-28,1.610400,1.623630,1.606700,1.610930
2013-01-29,1.612200,1.612870,1.603900,1.612100
2013-01-30,1.608600,1.635500,1.608200,1.609370
2013-01-31,1.622900,1.626000,1.614600,1.622400
2013-02-01,1.620600,1.627130,1.606900,1.620000
2013-02-04,1.612840,1.614900,1.599700,1.613000
2013-02-05,1.602600,1.610600,1.596300,1.602500
2013-02-06,1.605500,1.610500,1.603200,1.605800
2013-02-07,1.612200,1.625200,1.604300,1.613100
2013-02-08,1.605600,1.607800,1.594400,1.605900
2013-02-11,1.600000,1.610500,1.598300,1.599200
2013-02-12,1.602600,1.613000,1.598300,1.603320
2013-02-13,1.599300,1.608200,1.594400,1.600000
2013-02-14,1.589300,1.589300,1.568100,1.589200
2013-02-15,1.568900,1.580430,1.564200,1.569100
2013-02-18,1.576800,1.585300,1.576600,1.576300
2013-02-19,1.577600,1.586400,1.576200,1.578400
2013-02-20,1.582600,1.602200,1.581600,1.583140
2013-02-21,1.590100,1.592580,1.574900,1.589600
2013-02-22,1.578700,1.581550,1.568400,1.579000
2013-02-25,1.576250,1.585000,1.573900,1.575900
2013-02-26,1.568400,1.587500,1.563200,1.568100
2013-02-27,1.580800,1.592540,1.579100,1.581230
2013-02-28,1.592190,1.592190,1.575200,1.592270
2013-03-01,1.583800,1.584230,1.573100,1.584240
2013-03-04,1.579890,1.588000,1.577400,1.580100
2013-03-05,1.574600,1.578200,1.569200,1.574900
2013-03-06,1.567600,1.570500,1.559200,1.567800
2013-03-07,1.567700,1.582800,1.567300,1.568100
2013-03-08,1.581800,1.587300,1.572200,1.581500
2013-03-11,1.582600,1.587400,1.576100,1.581500
2013-03-12,1.578300,1.583400,1.575000,1.578360
2013-03-13,1.579700,1.582500,1.568300,1.579100
2013-03-14,1.583100,1.587230,1.576200,1.583120
2013-03-15,1.583600,1.591610,1.579800,1.583550
2013-03-18,1.566500,1.574000,1.562500,1.566790
2013-03-19,1.566000,1.572800,1.563400,1.566600
2013-03-20,1.561100,1.576770,1.561100,1.561690
2013-03-21,1.565400,1.567300,1.545000,1.566220
2013-03-22,1.550600,1.561000,1.547500,1.550400
2013-03-25,1.557000,1.562500,1.540000,1.557700
2013-03-26,1.540000,1.542600,1.531900,1.539400
2013-03-27,1.532700,1.534340,1.525900,1.532500
2013-03-28,1.525400,1.535720,1.522200,1.524400
2013-03-29,1.530030,1.534220,1.528200,1.530000
2013-03-31,1.528200,1.537430,1.527500,1.528200
2013-04-01,1.532600,1.535300,1.518200,1.533100
2013-04-02,1.523920,1.524120,1.517600,1.523920
2013-04-03,1.526300,1.535000,1.520000,1.526380
2013-04-04,1.536700,1.551900,1.533000,1.536400
2013-04-07,1.545200,1.545700,1.535300,1.545230
2013-04-08,1.537800,1.540600,1.532300,1.537600
2013-04-09,1.535200,1.535600,1.523400,1.535110
2013-04-10,1.522200,1.523100,1.507600,1.522000
2013-04-11,1.519000,1.530990,1.516200,1.519450
2013-04-14,1.528550,1.546500,1.526500,1.527800
2013-04-15,1.546400,1.550900,1.539900,1.546400
2013-04-16,1.551000,1.557490,1.540700,1.550800
2013-04-17,1.542500,1.552020,1.540200,1.541900
2013-04-18,1.550200,1.555150,1.540200,1.550980
2013-04-21,1.554200,1.554240,1.543500,1.554000
2013-04-22,1.550950,1.560600,1.542200,1.551160
2013-04-23,1.542800,1.544020,1.531100,1.542800
2013-04-24,1.535600,1.536400,1.523000,1.535700
2013-04-25,1.529250,1.532970,1.525300,1.528800
2013-04-28,1.534000,1.535770,1.527500,1.534320
2013-04-29,1.531100,1.538430,1.525200,1.531600
2013-04-30,1.537100,1.555800,1.533300,1.537320
2013-05-01,1.548900,1.556900,1.536400,1.548900
2013-05-02,1.535900,1.545300,1.530100,1.535860
2013-05-05,1.536700,1.542050,1.532900,1.536570
2013-05-06,1.534700,1.554900,1.533800,1.534900
2013-05-07,1.545400,1.571400,1.545100,1.546000
2013-05-08,1.556400,1.559350,1.549700,1.556200
2013-05-09,1.551600,1.568970,1.550900,1.551800
2013-05-12,1.567500,1.575390,1.560000,1.566700
2013-05-13,1.571500,1.580100,1.565300,1.571600
2013-05-14,1.574900,1.576930,1.559200,1.574610
2013-05-15,1.559900,1.581480,1.557300,1.559600
2013-05-16,1.575800,1.592170,1.575800,1.577090
2013-05-19,1.582680,1.585950,1.574300,1.582650
2013-05-20,1.575800,1.585080,1.569700,1.575800
2013-05-21,1.581300,1.594860,1.580400,1.580600
2013-05-22,1.596200,1.603690,1.584300,1.596200
2013-05-23,1.596100,1.605080,1.592600,1.596100
2013-05-26,1.598470,1.603850,1.595700,1.598100
2013-05-27,1.599400,1.600500,1.588700,1.598500
2013-05-28,1.593500,1.597200,1.588600,1.593630
2013-05-29,1.596860,1.620150,1.594600,1.596700
2013-05-30,1.612800,1.630890,1.609600,1.611600
2013-06-02,1.628700,1.636300,1.614800,1.628300
2013-06-03,1.615700,1.636340,1.615040,1.615000
2013-06-04,1.630500,1.648380,1.623700,1.629900
2013-06-05,1.646200,1.660940,1.645840,1.646600
2013-06-06,1.654830,1.680470,1.653600,1.654200
2013-06-09,1.684860,1.685000,1.669700,1.683800
2013-06-10,1.678400,1.710200,1.677900,1.677900
2013-06-11,1.686030,1.690100,1.654300,1.686050
2013-06-12,1.676640,1.689900,1.655900,1.676580
2013-06-13,1.650970,1.659900,1.638800,1.649910
2013-06-16,1.657000,1.668760,1.645300,1.656900
2013-06-17,1.670950,1.682100,1.666830,1.670400
2013-06-18,1.673800,1.681800,1.663400,1.674880
2013-06-19,1.690180,1.710440,1.682900,1.689200
2013-06-20,1.703560,1.704900,1.691600,1.703400
2013-06-23,1.686600,1.703220,1.683250,1.687500
2013-06-24,1.691270,1.700350,1.684610,1.691000
2013-06-25,1.690000,1.693800,1.658000,1.690140
2013-06-26,1.672810,1.674090,1.659800,1.672610
2013-06-27,1.671070,1.687510,1.669040,1.670400
2013-06-30,1.681950,1.683800,1.667700,1.681770
2013-07-01,1.669730,1.680610,1.668100,1.669600
2013-07-02,1.673380,1.681500,1.668000,1.673360
2013-07-03,1.672600,1.673100,1.643000,1.673660
2013-07-04,1.650790,1.669960,1.642100,1.650100
2013-07-07,1.661600,1.674555,1.644600,1.661600
2013-07-08,1.647900,1.661858,1.625400,1.648000
2013-07-09,1.630700,1.648220,1.623000,1.631150
2013-07-10,1.656500,1.680597,1.644000,1.657990
2013-07-11,1.668300,1.685201,1.658400,1.668300
2013-07-14,1.673990,1.692194,1.667700,1.673800
2013-07-15,1.675200,1.682952,1.660300,1.674300
2013-07-16,1.667400,1.685658,1.656300,1.667600
2013-07-17,1.659700,1.667900,1.656500,1.659100
2013-07-18,1.658700,1.661770,1.642830,1.658610
2013-07-21,1.657690,1.666900,1.654500,1.657300
2013-07-22,1.653480,1.659090,1.647100,1.653700
2013-07-23,1.652660,1.666400,1.649900,1.652200
2013-07-24,1.656120,1.656600,1.639900,1.657100
2013-07-25,1.646600,1.646660,1.639800,1.646400
2013-07-28,1.644700,1.653220,1.640400,1.644160
2013-07-29,1.652520,1.664700,1.649600,1.652900
2013-07-30,1.658700,1.671000,1.656900,1.658600
2013-07-31,1.669400,1.683820,1.660200,1.670510
2013-08-01,1.671500,1.698000,1.670000,1.671800
2013-08-04,1.709100,1.714790,1.697310,1.709100
2013-08-05,1.691090,1.694300,1.682500,1.691540
2013-08-06,1.684200,1.686600,1.666720,1.683970
2013-08-07,1.676200,1.679530,1.664640,1.675850
2013-08-08,1.673180,1.675300,1.657880,1.672100
2013-08-11,1.661300,1.663500,1.651100,1.658600
2013-08-12,1.664900,1.668600,1.660600,1.665400
2013-08-13,1.662200,1.664800,1.647100,1.661750
2013-08-14,1.646400,1.652420,1.639800,1.646600
2013-08-15,1.652500,1.656400,1.638800,1.653540
2013-08-18,1.640900,1.652930,1.632610,1.640740
2013-08-19,1.653200,1.683950,1.652000,1.653500
2013-08-20,1.686100,1.699620,1.684300,1.686000
2013-08-21,1.700400,1.707670,1.697200,1.700600
2013-08-22,1.703800,1.719500,1.700700,1.702400
2013-08-25,1.715920,1.716610,1.698500,1.715200
2013-08-26,1.706010,1.720400,1.705860,1.705570
2013-08-27,1.724400,1.725330,1.706400,1.725380
2013-08-28,1.705500,1.706970,1.697000,1.705800
2013-08-29,1.704600,1.707800,1.696760,1.705200
2013-09-01,1.700100,1.700900,1.686500,1.699700
2013-09-02,1.686800,1.690400,1.680000,1.687700
2013-09-03,1.688100,1.688800,1.662700,1.687600
2013-09-04,1.671540,1.679900,1.659500,1.671100
2013-09-05,1.663300,1.663300,1.638830,1.662600
2013-09-08,1.650500,1.656300,1.644600,1.650200
2013-09-09,1.653000,1.653640,1.641700,1.652930
2013-09-10,1.646800,1.650700,1.641400,1.646400
2013-09-11,1.634100,1.640540,1.628600,1.633100
2013-09-12,1.635100,1.638600,1.624400,1.634600
2013-09-15,1.629700,1.632290,1.624000,1.630090
2013-09-16,1.629440,1.633680,1.618600,1.629800
2013-09-17,1.623800,1.626120,1.619100,1.622900
2013-09-18,1.612200,1.617600,1.606860,1.611100
2013-09-19,1.612700,1.618400,1.610400,1.613420
2013-09-22,1.618600,1.620600,1.609300,1.617400
2013-09-23,1.613700,1.632200,1.613700,1.614500
2013-09-24,1.632800,1.643400,1.630600,1.633300
2013-09-25,1.638700,1.640590,1.625200,1.638500
2013-09-26,1.628840,1.641500,1.621700,1.628200
2013-09-29,1.632100,1.634800,1.624350,1.631500
2013-09-30,1.629300,1.640540,1.627300,1.630500
2013-10-01,1.636970,1.651100,1.633900,1.637160
2013-10-02,1.634100,1.645300,1.629900,1.634310
2013-10-03,1.643740,1.643800,1.627500,1.644280
2013-10-06,1.632000,1.642410,1.628200,1.631300
2013-10-07,1.635900,1.639700,1.628200,1.636300
2013-10-08,1.635390,1.639500,1.623700,1.635710
2013-10-09,1.628500,1.640000,1.626900,1.628900
2013-10-10,1.634110,1.635400,1.623000,1.634000
2013-10-13,1.628200,1.631030,1.618100,1.628780
2013-10-14,1.620920,1.620920,1.606740,1.619600
2013-10-15,1.608200,1.613500,1.601200,1.608800
2013-10-16,1.603100,1.614000,1.602200,1.603200
2013-10-17,1.615470,1.616430,1.608800,1.615310
2013-10-20,1.610000,1.619200,1.608300,1.610610
2013-10-21,1.616400,1.619700,1.611900,1.617250
2013-10-22,1.617700,1.646290,1.617700,1.618100
2013-10-23,1.637100,1.658100,1.632300,1.636600
2013-10-24,1.654800,1.666040,1.654800,1.654000
2013-10-28,1.664260,1.665540,1.656600,1.663700
2013-10-29,1.661740,1.670810,1.661740,1.661500
2013-10-30,1.664770,1.671500,1.659100,1.664600
2013-10-31,1.662900,1.664750,1.641900,1.662800
2013-11-01,1.643500,1.644200,1.632000,1.642300
2013-11-04,1.632120,1.632600,1.624100,1.631600
2013-11-05,1.628800,1.634100,1.618200,1.629590
2013-11-06,1.611000,1.612900,1.604600,1.611100
2013-11-07,1.613400,1.617980,1.591400,1.613600
2013-11-08,1.611700,1.619830,1.604300,1.610400
2013-11-11,1.617900,1.628120,1.610900,1.618100
2013-11-12,1.622700,1.634700,1.622400,1.622900
2013-11-13,1.636200,1.638240,1.625300,1.635400
2013-11-14,1.625800,1.631010,1.617670,1.626600
2013-11-15,1.625070,1.626410,1.618200,1.624700
2013-11-18,1.614600,1.618640,1.607780,1.614400
2013-11-19,1.622700,1.625310,1.616100,1.622990
2013-11-20,1.618900,1.630500,1.616800,1.618700
2013-11-21,1.624220,1.643430,1.622600,1.623800
2013-11-22,1.637580,1.662700,1.634500,1.637200
2013-11-25,1.653500,1.653900,1.643700,1.653680
2013-11-26,1.642200,1.658960,1.637400,1.643300
2013-11-27,1.655500,1.672920,1.653900,1.655900
2013-11-28,1.662600,1.675590,1.660300,1.665290
2013-11-29,1.676500,1.684270,1.665700,1.676100
2013-12-02,1.664000,1.667300,1.648500,1.663300
2013-12-03,1.652200,1.659000,1.644500,1.652710
2013-12-04,1.648800,1.661830,1.648200,1.648500
2013-12-05,1.654810,1.671700,1.652300,1.655130
2013-12-06,1.662300,1.674190,1.652860,1.662400
2013-12-09,1.653100,1.661100,1.646900,1.652970
2013-12-10,1.659000,1.661860,1.651650,1.658700
2013-12-11,1.656190,1.679210,1.655200,1.656000
2013-12-12,1.665300,1.673140,1.655100,1.665300
2013-12-13,1.672600,1.673200,1.659800,1.672000
2013-12-16,1.662100,1.671650,1.658800,1.662710
2013-12-17,1.664300,1.666400,1.660200,1.665700
2013-12-18,1.662700,1.671500,1.661000,1.662800
2013-12-19,1.666900,1.676100,1.663800,1.666000
2013-12-20,1.666060,1.674430,1.659700,1.665970
2013-12-23,1.664900,1.671920,1.664500,1.664900
2013-12-24,1.670810,1.673600,1.668400,1.670500
2013-12-25,1.669430,1.671920,1.669430,1.669430
2013-12-26,1.671800,1.679200,1.670280,1.671100
2013-12-27,1.678400,1.698230,1.675790,1.677950
2013-12-30,1.686300,1.692100,1.681900,1.686200
2013-12-31,1.679600,1.681700,1.670600,1.680000
2014-01-01,1.670800,1.671400,1.670800,1.670800
2014-01-02,1.676500,1.682520,1.657500,1.677000
2014-01-03,1.668810,1.669800,1.636000,1.668500
2014-01-06,1.644200,1.648200,1.639300,1.644530
2014-01-07,1.643700,1.649850,1.641800,1.644110
2014-01-08,1.643600,1.646310,1.635000,1.643700
2014-01-09,1.642000,1.650240,1.641110,1.642210
2014-01-10,1.649880,1.656690,1.647170,1.649100
2014-01-13,1.646210,1.649150,1.627500,1.645500
2014-01-14,1.631400,1.634000,1.622290,1.631100
2014-01-15,1.633370,1.635400,1.626300,1.633460
2014-01-16,1.631500,1.640880,1.629900,1.631500
2014-01-17,1.630790,1.646100,1.628400,1.630820
2014-01-20,1.638890,1.649400,1.636900,1.638790
2014-01-21,1.628950,1.630660,1.623600,1.628400
2014-01-22,1.630700,1.633880,1.624900,1.630200
2014-01-23,1.630420,1.643730,1.630100,1.630100
2014-01-24,1.652100,1.668200,1.648800,1.651630
2014-01-27,1.662250,1.668300,1.653600,1.661900
2014-01-28,1.662500,1.662900,1.645060,1.662400
2014-01-29,1.651510,1.655950,1.643200,1.651300
2014-01-30,1.663820,1.671870,1.658800,1.662200
2014-01-31,1.656400,1.674550,1.656400,1.657300
2014-02-03,1.664380,1.669300,1.660100,1.664900
2014-02-04,1.674900,1.678410,1.650100,1.675000
2014-02-05,1.643000,1.652900,1.641700,1.642900
2014-02-06,1.644800,1.654690,1.635700,1.644600
2014-02-07,1.648200,1.654600,1.638900,1.648000
2014-02-10,1.643600,1.652220,1.642900,1.643400
2014-02-11,1.650320,1.651120,1.640000,1.649700
2014-02-12,1.640610,1.641710,1.624700,1.641200
2014-02-13,1.633200,1.642820,1.630100,1.631800
2014-02-14,1.638660,1.641880,1.632300,1.638600
2014-02-17,1.634800,1.640400,1.634200,1.634800
2014-02-18,1.638330,1.657010,1.634000,1.638320
2014-02-19,1.656700,1.661630,1.647000,1.657560
2014-02-20,1.659110,1.667000,1.649500,1.657900
2014-02-21,1.651760,1.661200,1.649300,1.651980
2014-02-24,1.658980,1.662200,1.651000,1.659080
2014-02-25,1.648140,1.653070,1.645300,1.647770
2014-02-26,1.650350,1.652580,1.644500,1.649800
2014-02-27,1.646000,1.648870,1.630800,1.646300
2014-02-28,1.637300,1.643600,1.627000,1.638160
2014-03-03,1.646970,1.651130,1.641800,1.646700
2014-03-04,1.642520,1.643130,1.637100,1.642180
2014-03-05,1.636970,1.639190,1.628600,1.636800
2014-03-06,1.631850,1.633800,1.620100,1.632120
2014-03-07,1.635100,1.641800,1.629900,1.635100
2014-03-10,1.637850,1.643600,1.636900,1.637300
2014-03-11,1.637800,1.638050,1.629500,1.638250
2014-03-12,1.638500,1.644600,1.632200,1.638490
2014-03-13,1.630900,1.630900,1.618900,1.631190
2014-03-14,1.623630,1.629970,1.620000,1.623600
2014-03-17,1.628800,1.630160,1.617500,1.629200
2014-03-18,1.625800,1.629260,1.608400,1.626100
2014-03-19,1.614900,1.619340,1.612000,1.614500
2014-03-20,1.619090,1.622970,1.613000,1.619200
2014-03-21,1.614430,1.616000,1.608800,1.615180
2014-03-24,1.615470,1.622580,1.610600,1.615390
2014-03-25,1.618900,1.618900,1.609400,1.618780
2014-03-26,1.611400,1.611740,1.599600,1.611100
2014-03-27,1.602160,1.604320,1.583400,1.601900
2014-03-28,1.584800,1.589310,1.576200,1.585940
2014-03-30,1.585800,1.596050,1.583800,1.585100
2014-03-31,1.587100,1.594600,1.584700,1.587170
2014-04-01,1.600300,1.610400,1.599900,1.600210
2014-04-02,1.605370,1.617760,1.603900,1.605410
2014-04-03,1.603670,1.605640,1.589800,1.603300
2014-04-06,1.591540,1.600380,1.590000,1.590600
2014-04-07,1.596070,1.596300,1.585500,1.595700
2014-04-08,1.591110,1.597360,1.583000,1.591080
2014-04-09,1.588450,1.595630,1.583200,1.588500
2014-04-10,1.601700,1.609870,1.595100,1.601000
2014-04-13,1.593700,1.602580,1.591500,1.593700
2014-04-14,1.590340,1.601200,1.589500,1.590000
2014-04-15,1.605500,1.611800,1.603400,1.606300
2014-04-16,1.600900,1.611620,1.598800,1.601530
2014-04-17,1.610000,1.611600,1.607700,1.610140
2014-04-20,1.607500,1.613240,1.607500,1.608010
2014-04-21,1.607840,1.609480,1.601700,1.607600
2014-04-22,1.602400,1.614650,1.600600,1.603000
2014-04-23,1.603200,1.616320,1.599500,1.603300
2014-04-24,1.613000,1.616320,1.609200,1.614500
2014-04-27,1.612400,1.624890,1.609700,1.612600
2014-04-28,1.622700,1.627900,1.615200,1.622500
2014-04-29,1.613370,1.620030,1.609700,1.612700
2014-04-30,1.611130,1.612100,1.605800,1.610300
2014-05-01,1.607000,1.609300,1.599400,1.607090
2014-05-04,1.601710,1.604300,1.598200,1.601400
2014-05-05,1.597000,1.597700,1.587000,1.597400
2014-05-06,1.599200,1.608230,1.598700,1.598600
2014-05-07,1.607400,1.617250,1.600400,1.607800
2014-05-08,1.601060,1.605100,1.593700,1.600400
2014-05-11,1.594900,1.598170,1.592900,1.595340
2014-05-12,1.594500,1.596200,1.582570,1.595060
2014-05-13,1.588000,1.588890,1.580000,1.587900
2014-05-14,1.583200,1.590270,1.574400,1.583400
2014-05-15,1.584900,1.590600,1.583600,1.584620
2014-05-18,1.585400,1.588970,1.582900,1.586160
2014-05-19,1.587800,1.598830,1.587800,1.587800
2014-05-20,1.600250,1.601820,1.594300,1.599920
2014-05-21,1.597420,1.598780,1.590600,1.596600
2014-05-22,1.593300,1.597300,1.591300,1.593800
2014-05-25,1.595760,1.597560,1.594000,1.594400
2014-05-26,1.594200,1.597480,1.592100,1.594300
2014-05-27,1.590800,1.605010,1.590800,1.590700
2014-05-28,1.601500,1.609400,1.599500,1.600300
2014-05-29,1.602500,1.607940,1.596800,1.601800
2014-06-01,1.605110,1.610660,1.603900,1.604790
2014-06-02,1.609500,1.617200,1.604100,1.609800
2014-06-03,1.614100,1.620200,1.613400,1.613930
2014-06-04,1.614300,1.614470,1.598500,1.614600
2014-06-05,1.609870,1.610280,1.596800,1.610340
2014-06-08,1.602100,1.603100,1.597600,1.603800
2014-06-09,1.599970,1.599970,1.588900,1.599000
2014-06-10,1.586800,1.586900,1.578200,1.586900
2014-06-11,1.572230,1.572230,1.556000,1.572900
2014-06-12,1.561900,1.568420,1.561000,1.561760
2014-06-15,1.561700,1.564580,1.556300,1.562240
2014-06-16,1.564700,1.568270,1.563300,1.564600
2014-06-17,1.563700,1.565550,1.561300,1.564200
2014-06-18,1.558100,1.564020,1.557800,1.557900
2014-06-19,1.562590,1.564390,1.560200,1.562200
2014-06-22,1.560600,1.561830,1.553400,1.561150
2014-06-23,1.561100,1.566540,1.557700,1.562310
2014-06-24,1.569000,1.570260,1.560300,1.569310
2014-06-25,1.558700,1.558740,1.549600,1.560000
2014-06-26,1.551230,1.556700,1.550100,1.551540
2014-06-29,1.554920,1.563860,1.553000,1.554100
2014-06-30,1.561500,1.564650,1.556500,1.561700
2014-07-01,1.560400,1.562760,1.556200,1.561030
2014-07-02,1.556800,1.560720,1.552500,1.557270
2014-07-03,1.554900,1.557700,1.552500,1.555100
2014-07-06,1.555930,1.558330,1.550700,1.554900
2014-07-07,1.554400,1.555200,1.543800,1.554830
2014-07-08,1.548400,1.549610,1.544400,1.547600
2014-07-09,1.546130,1.548780,1.541800,1.546030
2014-07-10,1.544000,1.545310,1.540500,1.543620
2014-07-13,1.543610,1.547860,1.540900,1.543000
2014-07-14,1.545200,1.549620,1.542900,1.545100
2014-07-15,1.555500,1.559570,1.551100,1.554200
2014-07-16,1.551800,1.558880,1.551000,1.551950
2014-07-17,1.559500,1.562420,1.554800,1.559580
2014-07-20,1.553300,1.556600,1.552300,1.553900
2014-07-21,1.558160,1.559050,1.550300,1.557870
2014-07-22,1.552900,1.555110,1.547700,1.552400
2014-07-23,1.562500,1.570900,1.559900,1.562600
2014-07-24,1.568300,1.575000,1.567600,1.568400
2014-07-27,1.569750,1.574210,1.568900,1.569770
2014-07-28,1.571600,1.579200,1.569700,1.570900
2014-07-29,1.575640,1.579640,1.573800,1.575680
2014-07-30,1.577300,1.579100,1.571500,1.577200
2014-07-31,1.573500,1.582690,1.572800,1.574220
2014-08-03,1.577200,1.579640,1.572600,1.577700
2014-08-04,1.575000,1.579600,1.569700,1.574200
2014-08-05,1.583500,1.586650,1.576900,1.584060
2014-08-06,1.579110,1.582640,1.572700,1.579130
2014-08-07,1.580160,1.583820,1.577900,1.579200
2014-08-10,1.583800,1.584050,1.580000,1.583600
2014-08-11,1.582000,1.589360,1.580900,1.581900
2014-08-12,1.585500,1.586920,1.578400,1.585700
2014-08-13,1.576320,1.579100,1.571100,1.576360
2014-08-14,1.575270,1.579200,1.573300,1.575200
2014-08-17,1.578600,1.579220,1.574700,1.578510
2014-08-18,1.579200,1.584440,1.575000,1.579200
2014-08-19,1.581410,1.588250,1.578700,1.580000
2014-08-20,1.583400,1.586010,1.578800,1.583100
2014-08-21,1.580800,1.582500,1.573760,1.581030
2014-08-24,1.578800,1.582180,1.576300,1.579300
2014-08-25,1.585700,1.586320,1.580800,1.585910
2014-08-26,1.578300,1.579790,1.570800,1.578980
2014-08-27,1.576710,1.576710,1.570500,1.576000
2014-08-28,1.573400,1.576610,1.568200,1.574180
2014-08-31,1.571230,1.571280,1.564900,1.571560
2014-09-01,1.565100,1.581570,1.564900,1.564900
2014-09-02,1.580600,1.583200,1.576900,1.581250
2014-09-03,1.579300,1.580700,1.555300,1.579980
2014-09-04,1.561600,1.562990,1.554600,1.562660
2014-09-07,1.557300,1.563000,1.553600,1.557920
2014-09-08,1.558500,1.565700,1.556000,1.558200
2014-09-09,1.566600,1.574610,1.565000,1.566900
2014-09-10,1.575750,1.582940,1.571000,1.575100
2014-09-11,1.578700,1.588880,1.577500,1.578100
2014-09-14,1.589900,1.594230,1.579600,1.589700
2014-09-15,1.582280,1.589030,1.579400,1.581600
2014-09-16,1.581760,1.591480,1.579300,1.581700
2014-09-17,1.586310,1.589610,1.582800,1.585600
2014-09-18,1.584800,1.589600,1.574300,1.584200
2014-09-21,1.576000,1.585560,1.574300,1.576100
2014-09-22,1.583200,1.597520,1.578800,1.583850
2014-09-23,1.590510,1.593200,1.583000,1.590000
2014-09-24,1.584760,1.608060,1.582500,1.584200
2014-09-25,1.604830,1.615100,1.602900,1.604500
2014-09-28,1.612200,1.643790,1.610800,1.611600
2014-09-29,1.635960,1.637450,1.616100,1.634400
2014-09-30,1.616500,1.624530,1.607200,1.617350
2014-10-01,1.620900,1.622100,1.600600,1.621730
2014-10-02,1.605600,1.614730,1.603000,1.604900
2014-10-05,1.618200,1.618670,1.607200,1.618300
2014-10-06,1.614400,1.620220,1.606400,1.614260
2014-10-07,1.618930,1.626570,1.615800,1.618710
2014-10-08,1.611200,1.613500,1.602600,1.611000
2014-10-09,1.613500,1.621630,1.611000,1.613400
2014-10-12,1.613100,1.616200,1.606100,1.614320
2014-10-13,1.616700,1.618590,1.605900,1.615600
2014-10-14,1.614510,1.617010,1.607900,1.613540
2014-10-15,1.609200,1.618400,1.602200,1.609190
2014-10-16,1.611370,1.614230,1.604700,1.611100
2014-10-19,1.608280,1.609200,1.600900,1.606900
2014-10-20,1.606290,1.607540,1.590800,1.606300
2014-10-21,1.594900,1.597500,1.589900,1.595100
2014-10-22,1.609400,1.615530,1.605800,1.609550
2014-10-23,1.615910,1.620400,1.609900,1.615870
2014-10-27,1.614300,1.616060,1.608500,1.614410
2014-10-28,1.609350,1.610500,1.602700,1.608900
2014-10-29,1.607000,1.608520,1.599900,1.607200
2014-10-30,1.623100,1.623100,1.608800,1.622500
2014-10-31,1.607600,1.610180,1.596000,1.608300
2014-11-03,1.606900,1.619840,1.602800,1.606900
2014-11-04,1.615200,1.619960,1.609000,1.614200
2014-11-05,1.604660,1.621300,1.602500,1.604100
2014-11-06,1.617200,1.626400,1.606400,1.617740
2014-11-07,1.609120,1.615120,1.603800,1.609390
2014-11-10,1.604600,1.605030,1.595700,1.604830
2014-11-11,1.602000,1.607910,1.595200,1.601200
2014-11-12,1.594480,1.596020,1.578600,1.593800
2014-11-13,1.580600,1.584800,1.572300,1.580380
2014-11-14,1.584690,1.587500,1.579800,1.584580
2014-11-17,1.577700,1.579580,1.570900,1.577600
2014-11-18,1.570300,1.578530,1.567700,1.570530
2014-11-19,1.584500,1.597860,1.584200,1.585300
2014-11-20,1.599100,1.603520,1.593000,1.599900
2014-11-21,1.595000,1.596000,1.565100,1.595600
2014-11-24,1.567300,1.582410,1.565100,1.567740
2014-11-25,1.581800,1.600200,1.580000,1.581400
2014-11-26,1.593500,1.596810,1.586800,1.592800
2014-11-27,1.587100,1.589540,1.578500,1.587160
2014-11-28,1.583800,1.591600,1.582400,1.585080
2014-12-01,1.596000,1.598840,1.582100,1.595900
2014-12-02,1.585350,1.593010,1.579500,1.585100
2014-12-03,1.587000,1.593900,1.580500,1.587200
2014-12-04,1.588100,1.598000,1.584900,1.588040
2014-12-05,1.591500,1.596040,1.588960,1.591900
2014-12-08,1.601000,1.608030,1.598200,1.600700
2014-12-09,1.608700,1.615390,1.603280,1.608600
2014-12-10,1.610300,1.613300,1.602300,1.610310
2014-12-11,1.595580,1.597320,1.584300,1.595720
2014-12-12,1.590300,1.605400,1.586700,1.590000
2014-12-15,1.606400,1.607940,1.598100,1.604900
2014-12-16,1.606570,1.612760,1.599000,1.606630
2014-12-17,1.606100,1.615980,1.602100,1.605550
2014-12-18,1.602770,1.605160,1.581600,1.603010
2014-12-19,1.578600,1.582200,1.574300,1.580080
2014-12-22,1.577400,1.586050,1.577400,1.577590
2014-12-23,1.582800,1.584020,1.574400,1.581900
2014-12-24,1.578220,1.581700,1.574300,1.578060
2014-12-25,1.574770,1.578900,1.574150,1.577440
2014-12-26,1.578820,1.579520,1.568600,1.578200
2014-12-29,1.570380,1.572000,1.563100,1.569900
2014-12-30,1.561900,1.562660,1.549500,1.561900
2014-12-31,1.552400,1.553640,1.548100,1.552570
2015-01-01,1.550850,1.550850,1.550850,1.550850
2015-01-02,1.550000,1.562500,1.548300,1.551200
2015-01-05,1.558700,1.567710,1.547100,1.558300
2015-01-06,1.550200,1.552430,1.530150,1.550220
2015-01-07,1.532200,1.534010,1.525200,1.532960
2015-01-08,1.522410,1.523840,1.506200,1.522400
2015-01-09,1.509100,1.513600,1.505100,1.509970
2015-01-12,1.512670,1.525030,1.506700,1.512560
2015-01-13,1.522700,1.525450,1.519200,1.522900
2015-01-14,1.520740,1.532940,1.517000,1.520700
2015-01-15,1.528660,1.528660,1.486000,1.527100
2015-01-16,1.483400,1.492240,1.479000,1.483460
2015-01-19,1.483100,1.495800,1.480900,1.483800
2015-01-20,1.493700,1.508000,1.488810,1.494260
2015-01-21,1.509300,1.524200,1.506200,1.509690
2015-01-22,1.533900,1.543660,1.511920,1.533700
2015-01-23,1.511950,1.516370,1.490270,1.511020
2015-01-26,1.501500,1.521180,1.499800,1.500200
2015-01-27,1.512300,1.528090,1.509900,1.512250
2015-01-28,1.525100,1.528500,1.513280,1.524500
2015-01-29,1.539700,1.559480,1.534900,1.540000
2015-01-30,1.557200,1.568000,1.552700,1.556830
2015-02-02,1.555900,1.563880,1.549800,1.556300
2015-02-03,1.552590,1.580460,1.550390,1.553020
2015-02-04,1.570800,1.570800,1.540900,1.562600
2015-02-05,1.537730,1.551370,1.533700,1.538100
2015-02-06,1.548100,1.549600,1.534100,1.548200
2015-02-09,1.539000,1.540630,1.519800,1.539200
2015-02-10,1.530100,1.530910,1.522800,1.529820
2015-02-11,1.525200,1.534100,1.521500,1.525950
2015-02-12,1.532800,1.547660,1.532800,1.532800
2015-02-13,1.534300,1.539170,1.526540,1.534020
2015-02-16,1.523200,1.524520,1.514700,1.523690
2015-02-17,1.512900,1.518480,1.507200,1.514090
2015-02-18,1.511900,1.515830,1.508800,1.512300
2015-02-19,1.510900,1.519610,1.507300,1.509500
2015-02-20,1.511300,1.511620,1.495180,1.511700
2015-02-23,1.511600,1.514900,1.502340,1.511100
2015-02-24,1.504830,1.522800,1.503800,1.504100
2015-02-25,1.514500,1.514800,1.500800,1.514600
2015-02-26,1.500560,1.505500,1.483900,1.500730
2015-02-27,1.485800,1.487360,1.481100,1.486300
2015-03-02,1.478100,1.491760,1.477700,1.478100
2015-03-03,1.488400,1.490100,1.477800,1.488600
2015-03-04,1.479000,1.479900,1.459500,1.478560
2015-03-05,1.459970,1.481350,1.458000,1.459860
2015-03-06,1.472100,1.476770,1.460430,1.472760
2015-03-09,1.472300,1.479820,1.470700,1.472350
2015-03-10,1.476400,1.486640,1.471100,1.475400
2015-03-11,1.468480,1.475490,1.459300,1.468420
2015-03-12,1.443500,1.445150,1.429120,1.443200
2015-03-13,1.434420,1.446580,1.432500,1.434300
2015-03-16,1.432260,1.434900,1.425400,1.431400
2015-03-17,1.432360,1.450430,1.429100,1.431800
2015-03-18,1.448330,1.457830,1.440300,1.448560
2015-03-19,1.445300,1.449600,1.435400,1.445950
2015-03-20,1.435600,1.441910,1.425690,1.435580
2015-03-23,1.429810,1.433990,1.413000,1.429720
2015-03-24,1.429000,1.436020,1.424200,1.429400
2015-03-25,1.429930,1.439670,1.427700,1.430030
2015-03-26,1.445180,1.449290,1.437200,1.444400
2015-03-27,1.434300,1.440730,1.428300,1.433600
2015-03-29,1.441760,1.444630,1.438500,1.441700
2015-03-30,1.443600,1.445260,1.430700,1.443740
2015-03-31,1.441000,1.451800,1.438400,1.441800
2015-04-01,1.447290,1.453610,1.440100,1.447000
2015-04-02,1.447600,1.449810,1.443700,1.448100
2015-04-05,1.443500,1.450300,1.441100,1.443500
2015-04-06,1.450500,1.454470,1.437500,1.450400
2015-04-07,1.440800,1.441700,1.425660,1.441000
2015-04-08,1.427500,1.429400,1.411900,1.427300
2015-04-09,1.408300,1.411030,1.404100,1.407800
2015-04-12,1.407800,1.423470,1.407000,1.407430
2015-04-13,1.416820,1.419820,1.411300,1.416700
2015-04-14,1.417150,1.418600,1.403000,1.417220
2015-04-15,1.405700,1.409550,1.397300,1.406300
2015-04-16,1.405800,1.407950,1.399200,1.405660
2015-04-19,1.402420,1.404320,1.394300,1.402550
2015-04-20,1.403470,1.404950,1.387700,1.403000
2015-04-21,1.400120,1.400640,1.390200,1.400200
2015-04-22,1.403510,1.426350,1.402600,1.402200
2015-04-23,1.426300,1.439240,1.424700,1.426540
2015-04-26,1.427500,1.428610,1.421500,1.428460
2015-04-27,1.425400,1.427220,1.417400,1.425800
2015-04-28,1.420570,1.447630,1.419100,1.419600
2015-04-29,1.460200,1.476940,1.455500,1.460400
2015-04-30,1.473800,1.489260,1.472700,1.474300
2015-05-03,1.486100,1.490250,1.475400,1.485800
2015-05-04,1.478100,1.485770,1.472500,1.478200
2015-05-05,1.490300,1.511440,1.489700,1.490700
2015-05-06,1.514790,1.524440,1.506500,1.514360
2015-05-07,1.510900,1.515080,1.499700,1.510900
2015-05-10,1.508230,1.517900,1.504800,1.508000
2015-05-11,1.517400,1.531360,1.513800,1.517460
2015-05-12,1.511300,1.523940,1.504900,1.512790
2015-05-13,1.506600,1.526030,1.502200,1.506200
2015-05-14,1.521870,1.529200,1.521100,1.521000
2015-05-17,1.535250,1.540300,1.531800,1.535000
2015-05-18,1.534900,1.536130,1.506030,1.534600
2015-05-19,1.514230,1.522030,1.508200,1.514490
2015-05-20,1.519700,1.528200,1.513900,1.519100
2015-05-21,1.510870,1.520600,1.503700,1.510400
2015-05-24,1.505400,1.505800,1.498800,1.504600
2015-05-25,1.500520,1.507640,1.493200,1.500300
2015-05-26,1.502730,1.507580,1.496800,1.502360
2015-05-27,1.505000,1.527670,1.501800,1.504940
2015-05-28,1.525900,1.546880,1.525300,1.525420
2015-05-31,1.544400,1.544400,1.530800,1.544400
2015-06-01,1.537100,1.557710,1.533900,1.536500
2015-06-02,1.556390,1.577650,1.551000,1.555920
2015-06-03,1.574430,1.591010,1.572100,1.574020
2015-06-04,1.571800,1.583050,1.568800,1.572220
2015-06-07,1.576200,1.584050,1.572100,1.575300
2015-06-08,1.581000,1.593600,1.569800,1.582070
2015-06-09,1.580050,1.585910,1.564800,1.579400
2015-06-10,1.605590,1.613730,1.600600,1.604750
2015-06-11,1.602700,1.615340,1.600000,1.602370
2015-06-14,1.605000,1.613330,1.601100,1.604400
2015-06-15,1.610700,1.620700,1.602300,1.610300
2015-06-16,1.609200,1.628370,1.608400,1.609650
2015-06-17,1.650450,1.650900,1.635400,1.649200
2015-06-18,1.642900,1.644460,1.635600,1.643640
2015-06-21,1.646500,1.658000,1.640500,1.647330
2015-06-22,1.651100,1.651710,1.630600,1.651810
2015-06-23,1.627600,1.633850,1.624100,1.627500
2015-06-24,1.626200,1.626550,1.614700,1.626200
2015-06-25,1.626200,1.636750,1.620700,1.626550
2015-06-28,1.608350,1.638100,1.603600,1.607800
2015-06-29,1.640500,1.657240,1.636900,1.641150
2015-06-30,1.640660,1.646070,1.634400,1.640860
2015-07-01,1.644000,1.661820,1.644000,1.643880
2015-07-02,1.648400,1.662180,1.647100,1.648100
2015-07-05,1.644200,1.656750,1.643230,1.644590
2015-07-06,1.655360,1.660950,1.643100,1.655480
2015-07-07,1.651720,1.660000,1.641300,1.651300
2015-07-08,1.648400,1.651500,1.635900,1.647800
2015-07-09,1.638700,1.667850,1.636600,1.639090
2015-07-12,1.657700,1.660800,1.645400,1.657900
2015-07-13,1.643850,1.653110,1.639100,1.643500
2015-07-14,1.642370,1.660490,1.635800,1.642100
2015-07-15,1.664900,1.680000,1.661430,1.664480
2015-07-16,1.668200,1.668650,1.658180,1.668460
2015-07-19,1.662260,1.663300,1.642900,1.661800
2015-07-20,1.646930,1.648400,1.636000,1.645500
2015-07-21,1.649600,1.658820,1.647900,1.649900
2015-07-22,1.649800,1.655900,1.639000,1.649800
2015-07-23,1.659600,1.671060,1.658900,1.660200
2015-07-26,1.667640,1.679780,1.665000,1.667850
2015-07-27,1.673020,1.674000,1.650400,1.672800
2015-07-28,1.648100,1.657440,1.645600,1.648330
2015-07-29,1.649510,1.661780,1.648200,1.649000
2015-07-30,1.655710,1.679500,1.654400,1.655700
2015-08-02,1.666300,1.668270,1.658900,1.666470
2015-08-03,1.667110,1.668910,1.659500,1.667820
2015-08-04,1.665170,1.667940,1.659900,1.664700
2015-08-05,1.669900,1.672060,1.664000,1.670860
2015-08-06,1.668600,1.670890,1.654940,1.669100
2015-08-09,1.658820,1.669880,1.655400,1.658600
2015-08-10,1.664700,1.693640,1.662500,1.665650
2015-08-11,1.685350,1.706900,1.682770,1.683800
2015-08-12,1.687420,1.698050,1.678600,1.687000
2015-08-13,1.702670,1.709970,1.695200,1.700900
2015-08-16,1.695400,1.699310,1.682400,1.695200
2015-08-17,1.683200,1.685510,1.673440,1.683830
2015-08-18,1.673600,1.687140,1.672400,1.673100
2015-08-19,1.684100,1.694200,1.681700,1.684200
2015-08-20,1.695400,1.706090,1.686900,1.695900
2015-08-23,1.716600,1.857630,1.715800,1.715300
2015-08-24,1.791500,1.794150,1.746500,1.792200
2015-08-25,1.785480,1.786300,1.749300,1.784780
2015-08-26,1.759300,1.764100,1.734300,1.758300
2015-08-27,1.734900,1.749000,1.727700,1.735900
2015-08-30,1.735000,1.770730,1.733500,1.735340
2015-08-31,1.766300,1.784200,1.762400,1.767000
2015-09-01,1.787540,1.787540,1.764700,1.787540
2015-09-02,1.759100,1.773940,1.734100,1.760460
2015-09-03,1.739000,1.772500,1.738100,1.739900
2015-09-06,1.773150,1.787480,1.769980,1.771800
2015-09-07,1.779400,1.787220,1.761000,1.780600
2015-09-08,1.758140,1.761500,1.734630,1.758180
2015-09-09,1.791000,1.795430,1.766190,1.789600
2015-09-10,1.786500,1.798840,1.784400,1.788000
2015-09-13,1.793400,1.800190,1.781500,1.793300
2015-09-14,1.783300,1.794880,1.782000,1.782800
2015-09-15,1.775850,1.781540,1.764700,1.775000
2015-09-16,1.776910,1.790060,1.770700,1.777100
2015-09-17,1.789500,1.797570,1.768100,1.788930
2015-09-20,1.767800,1.784700,1.766970,1.768700
2015-09-21,1.766800,1.775240,1.762300,1.768350
2015-09-22,1.768980,1.787220,1.762600,1.768100
2015-09-23,1.778900,1.791220,1.772400,1.781600
2015-09-24,1.765400,1.768630,1.753600,1.765550
2015-09-27,1.755900,1.770320,1.745100,1.756960
2015-09-28,1.780400,1.789800,1.754130,1.780600
2015-09-29,1.767980,1.771200,1.743200,1.771070
2015-09-30,1.748300,1.748600,1.729200,1.747950
2015-10-01,1.748300,1.764000,1.738600,1.749210
2015-10-04,1.739300,1.741600,1.719800,1.738500
2015-10-05,1.723490,1.732830,1.716000,1.722900
2015-10-06,1.721900,1.724000,1.687900,1.721900
2015-10-07,1.700900,1.712240,1.694700,1.701130
2015-10-08,1.691930,1.699200,1.684400,1.692390
2015-10-11,1.701900,1.702100,1.685800,1.701100
2015-10-12,1.692800,1.709960,1.691500,1.694030
2015-10-13,1.711600,1.713570,1.683960,1.711500
2015-10-14,1.684900,1.685610,1.655990,1.685620
2015-10-15,1.662000,1.673920,1.661500,1.662300
2015-10-18,1.672000,1.676330,1.659200,1.671350
2015-10-19,1.664210,1.681770,1.658600,1.664350
2015-10-20,1.680700,1.694600,1.679790,1.680860
2015-10-21,1.687860,1.689250,1.638600,1.687400
2015-10-22,1.631500,1.638470,1.616300,1.630950
2015-10-26,1.632680,1.634240,1.623190,1.632600
2015-10-27,1.630030,1.634610,1.622300,1.630870
2015-10-28,1.628430,1.651020,1.627530,1.629170
2015-10-29,1.635690,1.644030,1.631200,1.635310
2015-10-30,1.639200,1.640900,1.623000,1.639610
2015-11-02,1.628260,1.636320,1.624400,1.628010
2015-11-03,1.630390,1.644300,1.624460,1.630100
2015-11-04,1.645410,1.655920,1.639200,1.645480
2015-11-05,1.648630,1.650200,1.637670,1.647800
2015-11-06,1.646800,1.649440,1.634560,1.647110
2015-11-09,1.641600,1.648250,1.639320,1.642570
2015-11-10,1.645700,1.649490,1.635300,1.645610
2015-11-11,1.639100,1.640960,1.633000,1.638440
2015-11-12,1.642000,1.651130,1.632600,1.641930
2015-11-13,1.650520,1.652600,1.644200,1.651430
2015-11-16,1.637470,1.657100,1.637470,1.638180
2015-11-17,1.648280,1.651480,1.644000,1.648000
2015-11-18,1.642800,1.654040,1.640100,1.642980
2015-11-19,1.643530,1.643960,1.630000,1.643970
2015-11-20,1.634800,1.634800,1.622400,1.635030
2015-11-23,1.626110,1.635340,1.625970,1.624820
2015-11-24,1.633780,1.637530,1.626800,1.634130
2015-11-25,1.623120,1.625860,1.610900,1.622640
2015-11-26,1.615470,1.617410,1.608920,1.615430
2015-11-27,1.613090,1.623730,1.611600,1.612960
2015-11-30,1.621380,1.623820,1.602660,1.621780
2015-12-01,1.602200,1.602460,1.589510,1.601900
2015-12-02,1.592700,1.596070,1.587700,1.592700
2015-12-03,1.597310,1.640940,1.582500,1.597390
2015-12-04,1.634690,1.637400,1.611600,1.635470
2015-12-07,1.616820,1.632800,1.616350,1.617100
2015-12-08,1.633080,1.645510,1.630840,1.632060
2015-12-09,1.640580,1.657300,1.639200,1.640380
2015-12-10,1.638030,1.638050,1.616400,1.637890
2015-12-11,1.618670,1.644530,1.615500,1.619170
2015-12-14,1.635000,1.638990,1.622400,1.634500
2015-12-15,1.620980,1.625310,1.616270,1.620910
2015-12-16,1.615780,1.622810,1.614800,1.615810
2015-12-17,1.607300,1.620400,1.602200,1.607080
2015-12-18,1.617800,1.620930,1.606910,1.617740
2015-12-21,1.614360,1.616940,1.605800,1.615600
2015-12-22,1.610100,1.612000,1.597190,1.609990
2015-12-23,1.608500,1.614750,1.600670,1.608500
2015-12-24,1.606390,1.610090,1.601700,1.606360
2015-12-25,1.607220,1.609100,1.601230,1.605080
2015-12-28,1.602720,1.608770,1.601920,1.602790
2015-12-29,1.600830,1.601750,1.587700,1.600970
2015-12-30,1.591610,1.598800,1.590400,1.591770
2015-12-31,1.598020,1.598020,1.586470,1.597700
2016-01-01,1.587250,1.587250,1.587250,1.587250
2016-01-04,1.589000,1.619060,1.588900,1.588060
2016-01-05,1.604850,1.610340,1.597320,1.604700
2016-01-06,1.604750,1.622830,1.603600,1.604850
2016-01-07,1.622400,1.648970,1.617070,1.622650
2016-01-08,1.649230,1.666330,1.628800,1.648980
2016-01-11,1.678240,1.680720,1.652870,1.678470
2016-01-12,1.656130,1.670860,1.650500,1.656080
2016-01-13,1.658110,1.661490,1.640900,1.657590
2016-01-14,1.678630,1.701700,1.668500,1.678500
2016-01-15,1.672290,1.712620,1.672290,1.672550
2016-01-18,1.694690,1.698590,1.678720,1.694780
2016-01-19,1.688320,1.698000,1.668180,1.688120
2016-01-20,1.705600,1.726890,1.704090,1.704400
2016-01-21,1.680950,1.700610,1.672420,1.682500
2016-01-22,1.659590,1.673270,1.652500,1.659000
2016-01-25,1.668670,1.676300,1.655500,1.667780
2016-01-26,1.684670,1.688870,1.667630,1.684800
2016-01-27,1.668080,1.680170,1.666900,1.668610
2016-01-28,1.696660,1.699010,1.675410,1.696990
2016-01-29,1.687800,1.689560,1.665380,1.687680
2016-02-01,1.672650,1.683300,1.670100,1.673250
2016-02-02,1.664280,1.690900,1.662800,1.664600
2016-02-03,1.675490,1.676420,1.651130,1.675680
2016-02-04,1.668590,1.669060,1.659130,1.668820
2016-02-05,1.665320,1.681900,1.661800,1.664900
2016-02-08,1.681180,1.689230,1.675500,1.680790
2016-02-09,1.690700,1.714170,1.685850,1.690510
2016-02-10,1.699040,1.710010,1.674080,1.699000
2016-02-11,1.687610,1.720740,1.678360,1.687200
2016-02-12,1.686090,1.703070,1.686090,1.685210
2016-02-15,1.690490,1.694710,1.671000,1.690440
2016-02-16,1.680570,1.701300,1.673700,1.680230
2016-02-17,1.693100,1.702800,1.678180,1.693100
2016-02-18,1.677140,1.680180,1.670290,1.676730
2016-02-19,1.672400,1.688700,1.672230,1.672050
2016-02-22,1.678700,1.679160,1.639500,1.678720
2016-02-23,1.642580,1.654600,1.639300,1.642680
2016-02-24,1.660690,1.668040,1.657500,1.660780
2016-02-25,1.652600,1.659440,1.643530,1.652430
2016-02-26,1.633380,1.640490,1.627530,1.633400
2016-02-29,1.657300,1.663480,1.647000,1.657100
2016-03-01,1.648620,1.650750,1.638500,1.648750
2016-03-02,1.638420,1.647090,1.631800,1.638000
2016-03-03,1.631360,1.632280,1.621400,1.631270
2016-03-04,1.627760,1.628290,1.612570,1.627900
2016-03-07,1.619650,1.623350,1.613900,1.619270
2016-03-08,1.623330,1.636380,1.622320,1.623490
2016-03-09,1.631430,1.633280,1.614590,1.631230
2016-03-10,1.654800,1.673490,1.623780,1.654700
2016-03-11,1.671750,1.676500,1.651950,1.671900
2016-03-14,1.656390,1.661620,1.651600,1.656490
2016-03-15,1.660780,1.683400,1.660300,1.660830
2016-03-16,1.679860,1.686990,1.673600,1.679930
2016-03-17,1.664400,1.664510,1.650000,1.664380
2016-03-18,1.654800,1.661230,1.647680,1.654720
2016-03-21,1.664890,1.670080,1.657200,1.664450
2016-03-22,1.661780,1.668080,1.658380,1.660910
2016-03-23,1.662100,1.671500,1.656600,1.662920
2016-03-24,1.663400,1.672600,1.663250,1.663160
2016-03-25,1.667080,1.670000,1.662100,1.665830
2016-03-27,1.670780,1.672040,1.660970,1.670780
2016-03-28,1.661800,1.664100,1.642990,1.661750
2016-03-29,1.644490,1.650600,1.626480,1.643810
2016-03-30,1.642190,1.644980,1.636430,1.642030
2016-03-31,1.644200,1.664470,1.641380,1.644700
2016-04-03,1.652050,1.664250,1.651500,1.651910
2016-04-04,1.672400,1.679700,1.669700,1.671800
2016-04-05,1.673350,1.675680,1.666380,1.673700
2016-04-06,1.668220,1.682540,1.664600,1.669360
2016-04-07,1.676530,1.678270,1.668520,1.677190
2016-04-10,1.672600,1.680280,1.662300,1.673100
2016-04-11,1.663710,1.664740,1.646000,1.663750
2016-04-12,1.643800,1.645210,1.629690,1.644220
2016-04-13,1.630900,1.648880,1.630900,1.631050
2016-04-14,1.641860,1.642920,1.627300,1.641820
2016-04-17,1.639370,1.641160,1.626640,1.641100
2016-04-18,1.619590,1.621580,1.610500,1.619320
2016-04-19,1.614900,1.626340,1.614300,1.615210
2016-04-20,1.620300,1.637330,1.618280,1.619880
2016-04-21,1.634880,1.640970,1.629450,1.634690
2016-04-24,1.635660,1.644710,1.634600,1.635630
2016-04-25,1.639800,1.643820,1.634880,1.639400
2016-04-26,1.639110,1.653510,1.637620,1.638900
2016-04-27,1.634500,1.639050,1.621790,1.635570
2016-04-28,1.631000,1.641360,1.627260,1.630970
2016-05-01,1.636790,1.646350,1.634300,1.637350
2016-05-02,1.638350,1.667380,1.635310,1.638270
2016-05-03,1.660180,1.671400,1.657290,1.659320
2016-05-04,1.668290,1.671280,1.652180,1.668080
2016-05-05,1.655320,1.676420,1.654370,1.654660
2016-05-08,1.664630,1.684670,1.663920,1.664620
2016-05-09,1.681260,1.692730,1.681260,1.681650
2016-05-10,1.672620,1.680510,1.667160,1.672720
2016-05-11,1.675920,1.676890,1.665340,1.676160
2016-05-12,1.667940,1.673320,1.665060,1.668270
2016-05-15,1.673410,1.676080,1.663800,1.672830
2016-05-16,1.667600,1.669660,1.655950,1.667580
2016-05-17,1.663290,1.670090,1.660750,1.664630
2016-05-18,1.661150,1.666830,1.658500,1.660230
2016-05-19,1.656850,1.660670,1.653880,1.657230
2016-05-22,1.658150,1.658500,1.647510,1.658330
2016-05-23,1.661170,1.670970,1.653350,1.660420
2016-05-24,1.649900,1.653830,1.646490,1.649560
2016-05-25,1.662480,1.668520,1.655850,1.663330
2016-05-26,1.658180,1.662580,1.655160,1.657450
2016-05-29,1.659340,1.665420,1.657570,1.658720
2016-05-30,1.661690,1.661960,1.644240,1.661620
2016-05-31,1.641300,1.644270,1.633910,1.641450
2016-06-01,1.640460,1.650700,1.635370,1.640460
2016-06-02,1.636530,1.637540,1.624500,1.635470
2016-06-05,1.636620,1.641780,1.634520,1.636130
2016-06-06,1.643050,1.646750,1.625930,1.643260
2016-06-07,1.634370,1.634370,1.622240,1.633970
2016-06-08,1.600400,1.603870,1.584680,1.599800
2016-06-09,1.589760,1.596580,1.586840,1.589930
2016-06-12,1.594170,1.599380,1.591830,1.594220
2016-06-13,1.603430,1.608040,1.594870,1.603360
2016-06-14,1.604760,1.609240,1.592940,1.604240
2016-06-15,1.591310,1.604130,1.587810,1.591370
2016-06-16,1.595300,1.599610,1.592400,1.594190
2016-06-19,1.602050,1.602820,1.590000,1.601070
2016-06-20,1.591550,1.595300,1.576080,1.591470
2016-06-21,1.578630,1.578740,1.571900,1.578090
2016-06-22,1.581050,1.581210,1.569450,1.581390
2016-06-23,1.569470,1.585790,1.545460,1.572520
2016-06-26,1.556530,1.570390,1.553660,1.556570
2016-06-27,1.571210,1.573300,1.562160,1.570020
2016-06-28,1.565210,1.567090,1.554000,1.564940
2016-06-29,1.561560,1.569650,1.551290,1.561830
2016-06-30,1.556520,1.559840,1.547170,1.556840
2016-07-03,1.551390,1.552630,1.538730,1.551710
2016-07-04,1.544670,1.555310,1.542510,1.544980
2016-07-05,1.551990,1.559920,1.551990,1.551750
2016-07-06,1.556640,1.556640,1.530730,1.555860
2016-07-07,1.529550,1.529550,1.511500,1.530020
2016-07-10,1.513300,1.531030,1.513190,1.513580
2016-07-11,1.529060,1.530340,1.514700,1.529220
2016-07-12,1.516510,1.527540,1.513500,1.516800
2016-07-13,1.527790,1.549160,1.522140,1.527550
2016-07-14,1.550920,1.557310,1.547900,1.550800
2016-07-17,1.562710,1.563560,1.551430,1.562620
2016-07-18,1.571720,1.577120,1.561470,1.572270
2016-07-19,1.563280,1.568620,1.556870,1.563190
2016-07-20,1.582080,1.583580,1.573170,1.581570
2016-07-21,1.574550,1.579950,1.569540,1.574640
2016-07-24,1.565700,1.574140,1.565080,1.565260
2016-07-25,1.570470,1.572820,1.553260,1.570460
2016-07-26,1.554590,1.568480,1.554070,1.554660
2016-07-27,1.558400,1.570430,1.555020,1.559900
2016-07-28,1.563320,1.565840,1.547120,1.563030
2016-07-31,1.552970,1.556820,1.545730,1.552760
2016-08-01,1.557010,1.558110,1.545660,1.556960
2016-08-02,1.556100,1.561560,1.553320,1.556250
2016-08-03,1.558160,1.558670,1.545470,1.558160
2016-08-04,1.550650,1.553810,1.543400,1.550610
2016-08-07,1.556970,1.564170,1.550920,1.557540
2016-08-08,1.550000,1.557350,1.546400,1.550190
2016-08-09,1.551710,1.551810,1.540080,1.551510
2016-08-10,1.534750,1.542120,1.530600,1.534350
2016-08-11,1.544190,1.551190,1.543650,1.544370
2016-08-14,1.552150,1.555650,1.547800,1.551500
2016-08-15,1.549630,1.557480,1.544300,1.549550
2016-08-16,1.548600,1.562360,1.546300,1.547300
2016-08-17,1.555510,1.557970,1.549100,1.555460
2016-08-18,1.558360,1.564460,1.556100,1.558060
2016-08-21,1.557800,1.563880,1.552600,1.557860
2016-08-22,1.552690,1.552970,1.543370,1.553200
2016-08-23,1.552930,1.553880,1.536400,1.553210
2016-08-24,1.539600,1.549060,1.535800,1.538790
2016-08-25,1.545910,1.545910,1.532480,1.545670
2016-08-28,1.550070,1.551700,1.539800,1.549710
2016-08-29,1.541810,1.545560,1.538900,1.541650
2016-08-30,1.539460,1.541060,1.534300,1.538680
2016-08-31,1.539990,1.540000,1.530700,1.539700
2016-09-01,1.535740,1.538050,1.526800,1.535830
2016-09-04,1.529980,1.530050,1.521700,1.530130
2016-09-05,1.525230,1.525860,1.515600,1.525830
2016-09-06,1.516410,1.519510,1.502100,1.516450
2016-09-07,1.508690,1.521560,1.504500,1.508750
2016-09-08,1.521340,1.532180,1.520000,1.521600
2016-09-11,1.532610,1.542270,1.531200,1.532250
2016-09-12,1.527530,1.547780,1.525400,1.527290
2016-09-13,1.548000,1.549170,1.539960,1.547800
2016-09-14,1.546000,1.550340,1.538200,1.545500
2016-09-15,1.536010,1.538910,1.534100,1.535680
2016-09-18,1.533500,1.533600,1.523820,1.534030
2016-09-19,1.530140,1.531350,1.518900,1.530610
2016-09-20,1.523560,1.528580,1.516520,1.522600
2016-09-21,1.521700,1.538110,1.518900,1.523730
2016-09-22,1.532800,1.551500,1.532500,1.532830
2016-09-25,1.553470,1.555040,1.546300,1.553410
2016-09-26,1.545800,1.548130,1.533700,1.545510
2016-09-27,1.538090,1.549760,1.536900,1.537660
2016-09-28,1.541070,1.545770,1.537500,1.539900
2016-09-29,1.548250,1.550570,1.534010,1.548340
2016-10-02,1.546400,1.547830,1.540000,1.546060
2016-10-03,1.536750,1.548840,1.530400,1.536780
2016-10-04,1.559990,1.565300,1.556600,1.559450
2016-10-05,1.562810,1.566650,1.555360,1.562450
2016-10-06,1.556120,1.568010,1.553500,1.555250
2016-10-09,1.560610,1.565660,1.560300,1.560350
2016-10-10,1.562650,1.576320,1.562650,1.562560
2016-10-11,1.561460,1.564300,1.556200,1.561230
2016-10-12,1.562430,1.565540,1.557700,1.562350
2016-10-13,1.559600,1.560230,1.547800,1.559070
2016-10-16,1.546300,1.547940,1.539610,1.546910
2016-10-17,1.534000,1.535030,1.522600,1.535570
2016-10-18,1.522670,1.526850,1.514170,1.522770
2016-10-19,1.517760,1.528000,1.510690,1.516900
2016-10-20,1.520290,1.522290,1.516400,1.520000
2016-10-23,1.520570,1.527470,1.515400,1.520210
2016-10-24,1.524260,1.525560,1.518600,1.524550
2016-10-25,1.519010,1.526850,1.517880,1.519070
2016-10-26,1.525550,1.534740,1.521300,1.525810
2016-10-27,1.529050,1.534620,1.525300,1.529180
2016-10-31,1.533160,1.536900,1.529200,1.533060
2016-11-01,1.532400,1.540630,1.527500,1.533060
2016-11-02,1.533800,1.535020,1.519300,1.534380
2016-11-03,1.523190,1.526210,1.511800,1.523190
2016-11-04,1.514330,1.522190,1.513500,1.513830
2016-11-07,1.515140,1.517840,1.507400,1.515840
2016-11-08,1.505390,1.508190,1.499770,1.505770
2016-11-09,1.494940,1.551260,1.488050,1.494690
2016-11-10,1.497610,1.514730,1.494970,1.497600
2016-11-11,1.509660,1.524400,1.508800,1.509530
2016-11-14,1.521270,1.525210,1.512000,1.522190
2016-11-15,1.507400,1.519390,1.506200,1.506500
2016-11-16,1.511880,1.519480,1.510200,1.512180
2016-11-17,1.508990,1.515590,1.505300,1.508530
2016-11-18,1.512280,1.513230,1.504400,1.512850
2016-11-21,1.511200,1.515400,1.501800,1.511900
2016-11-22,1.502820,1.506330,1.499500,1.503010
2016-11-23,1.503950,1.506540,1.501600,1.503970
2016-11-24,1.506160,1.511820,1.504300,1.506560
2016-11-25,1.506430,1.508670,1.502000,1.506200
2016-11-28,1.505290,1.508980,1.495920,1.505160
2016-11-29,1.498480,1.499680,1.489500,1.498680
2016-11-30,1.491860,1.496140,1.484190,1.492180
2016-12-01,1.496220,1.503240,1.493400,1.496490
2016-12-02,1.502110,1.506510,1.493100,1.502290
2016-12-05,1.490520,1.513630,1.483300,1.490690
2016-12-06,1.505870,1.512460,1.501400,1.505550
2016-12-07,1.504590,1.508310,1.500600,1.504560
2016-12-08,1.497480,1.506660,1.479740,1.498060
2016-12-09,1.478570,1.482070,1.471600,1.478750
2016-12-12,1.479300,1.481210,1.473400,1.479980
2016-12-13,1.478100,1.480680,1.468800,1.477100
2016-12-14,1.475920,1.477170,1.471100,1.475630
2016-12-15,1.477670,1.482830,1.473300,1.476840
2016-12-16,1.477000,1.500270,1.477000,1.477620
2016-12-19,1.500320,1.503640,1.495800,1.500550
2016-12-20,1.501380,1.506070,1.498600,1.501740
2016-12-21,1.500220,1.509980,1.496900,1.500250
2016-12-22,1.509800,1.517420,1.507600,1.509600
2016-12-23,1.511670,1.523230,1.510100,1.511580
2016-12-26,1.518350,1.519800,1.508150,1.518100
2016-12-27,1.518570,1.518570,1.512700,1.518820
2016-12-28,1.516640,1.517310,1.503300,1.516850
2016-12-29,1.503760,1.509380,1.500900,1.503910
2016-12-30,1.516440,1.522120,1.511500,1.516660
2017-01-02,1.516600,1.517800,1.504760,1.515900
2017-01-03,1.509050,1.509090,1.499600,1.509120
2017-01-04,1.505220,1.508950,1.499900,1.504300
2017-01-05,1.505940,1.510000,1.503800,1.507020
2017-01-06,1.510870,1.513380,1.505600,1.510710
2017-01-09,1.511180,1.514360,1.504100,1.511280
2017-01-10,1.508970,1.519060,1.506500,1.509190
2017-01-11,1.510910,1.514210,1.499300,1.510960
2017-01-12,1.499170,1.501130,1.491950,1.499370
2017-01-13,1.492760,1.500200,1.489500,1.492870
2017-01-16,1.491580,1.497100,1.490100,1.490390
2017-01-17,1.492970,1.494250,1.485230,1.493120
2017-01-18,1.485030,1.488170,1.482300,1.485110
2017-01-19,1.490920,1.492620,1.477100,1.490800
2017-01-20,1.481370,1.493120,1.477700,1.481000
2017-01-23,1.490120,1.495020,1.486700,1.490010
2017-01-24,1.486910,1.488860,1.478300,1.486820
2017-01-25,1.479160,1.484610,1.476900,1.478680
2017-01-26,1.472460,1.482960,1.471800,1.472580
2017-01-27,1.474830,1.475760,1.470000,1.474540
2017-01-30,1.473680,1.478060,1.464930,1.473190
2017-01-31,1.468050,1.474200,1.465700,1.467820
2017-02-01,1.481120,1.486500,1.479290,1.480920
2017-02-02,1.483340,1.483340,1.474440,1.484000
2017-02-03,1.476940,1.480280,1.471200,1.477110
2017-02-06,1.474460,1.474960,1.466400,1.474310
2017-02-07,1.467600,1.468630,1.453000,1.468480
2017-02-08,1.463560,1.464520,1.456200,1.463070
2017-02-09,1.477500,1.485770,1.476100,1.477870
2017-02-10,1.482270,1.483400,1.475100,1.481260
2017-02-13,1.476760,1.482630,1.472700,1.475600
2017-02-14,1.475790,1.480060,1.474200,1.475900
2017-02-15,1.474630,1.477190,1.467650,1.474750
2017-02-16,1.468320,1.477340,1.465600,1.468480
2017-02-17,1.478300,1.483370,1.476800,1.479060
2017-02-20,1.479380,1.479950,1.475800,1.479520
2017-02-21,1.478750,1.480110,1.471700,1.477800
2017-02-22,1.471720,1.473450,1.463300,1.471330
2017-02-23,1.469130,1.470450,1.459800,1.469240
2017-02-24,1.463000,1.473230,1.462000,1.463100
2017-02-27,1.467640,1.471710,1.465500,1.466300
2017-02-28,1.473340,1.474480,1.467500,1.473070
2017-03-01,1.473310,1.484170,1.472200,1.473640
2017-03-02,1.480090,1.486780,1.473600,1.480540
2017-03-03,1.488170,1.507250,1.487800,1.487760
2017-03-06,1.509040,1.513440,1.505090,1.508980
2017-03-07,1.512340,1.517090,1.508900,1.512610
2017-03-08,1.517920,1.525870,1.514100,1.517680
2017-03-09,1.524490,1.534800,1.524000,1.524740
2017-03-10,1.534090,1.539360,1.530900,1.533000
2017-03-13,1.544050,1.545300,1.536000,1.543860
2017-03-14,1.539200,1.542900,1.534860,1.539510
2017-03-15,1.531690,1.533460,1.526020,1.530700
2017-03-16,1.528280,1.539070,1.525410,1.528090
2017-03-17,1.542190,1.542780,1.528200,1.541700
2017-03-20,1.528560,1.530160,1.523280,1.528430
2017-03-21,1.522780,1.533980,1.522090,1.523080
2017-03-22,1.535520,1.537810,1.530810,1.535580
2017-03-23,1.532560,1.534890,1.528650,1.532860
2017-03-24,1.534050,1.541380,1.530200,1.534230
2017-03-26,1.539470,1.546120,1.537000,1.539610
2017-03-27,1.541310,1.548360,1.540320,1.540910
2017-03-28,1.543370,1.545120,1.529100,1.542700
2017-03-29,1.529040,1.534220,1.525700,1.529540
2017-03-30,1.526200,1.531560,1.525900,1.525200
2017-04-02,1.523350,1.527200,1.520800,1.522900
2017-04-03,1.520540,1.529350,1.520200,1.519600
2017-04-04,1.530530,1.533580,1.528200,1.530950
2017-04-05,1.529950,1.533390,1.525240,1.529520
2017-04-06,1.526530,1.530930,1.522800,1.526380
2017-04-09,1.524640,1.527660,1.521200,1.524350
2017-04-10,1.521670,1.531510,1.521000,1.520700
2017-04-11,1.524300,1.533940,1.523500,1.523900
2017-04-12,1.525880,1.526350,1.515000,1.525580
2017-04-13,1.517880,1.520180,1.515600,1.517430
2017-04-16,1.512330,1.518550,1.509460,1.512660
2017-04-17,1.517730,1.524710,1.515500,1.518150
2017-04-18,1.521800,1.529120,1.520400,1.522540
2017-04-19,1.522070,1.536330,1.520800,1.522150
2017-04-20,1.532550,1.533550,1.523240,1.533020
2017-04-23,1.544150,1.547400,1.539000,1.544160
2017-04-24,1.549180,1.574690,1.548100,1.549040
2017-04-25,1.572170,1.584080,1.572170,1.572270
2017-04-26,1.580350,1.590120,1.574700,1.580490
2017-04-27,1.578600,1.593770,1.577200,1.578360
2017-04-30,1.586240,1.589270,1.576100,1.586670
2017-05-01,1.576050,1.581140,1.572000,1.575740
2017-05-02,1.570370,1.581410,1.569800,1.570700
2017-05-03,1.581060,1.600290,1.579800,1.581060
2017-05-04,1.597470,1.600580,1.587370,1.597020
2017-05-07,1.589710,1.592030,1.576600,1.589000
2017-05-08,1.578550,1.585800,1.575110,1.578580
2017-05-09,1.577600,1.580020,1.562500,1.578120
2017-05-10,1.590770,1.593970,1.583990,1.590350
2017-05-11,1.587530,1.596010,1.584950,1.586600
2017-05-14,1.590600,1.594610,1.583800,1.591310
2017-05-15,1.593360,1.610730,1.589800,1.593650
2017-05-16,1.610290,1.615140,1.604500,1.609960
2017-05-17,1.607240,1.612210,1.602400,1.607640
2017-05-18,1.611710,1.623400,1.610500,1.611260
2017-05-21,1.615530,1.616740,1.605000,1.615840
2017-05-22,1.604060,1.607390,1.592430,1.604480
2017-05-23,1.594800,1.599310,1.588900,1.594870
2017-05-24,1.594070,1.600490,1.589700,1.593000
2017-05-25,1.597080,1.598180,1.579700,1.597170
2017-05-28,1.584860,1.586660,1.576700,1.584850
2017-05-29,1.578310,1.581800,1.572900,1.577200
2017-05-30,1.576810,1.585250,1.569600,1.575600
2017-05-31,1.586400,1.592600,1.584900,1.586790
2017-06-01,1.587850,1.587990,1.577000,1.587820
2017-06-04,1.580090,1.583580,1.574300,1.580470
2017-06-05,1.578760,1.580140,1.562800,1.578730
2017-06-06,1.569990,1.571700,1.556500,1.569890
2017-06-07,1.565340,1.565340,1.552440,1.565510
2017-06-08,1.554240,1.554960,1.547960,1.553460
2017-06-11,1.554140,1.562460,1.552300,1.553820
2017-06-12,1.553970,1.555410,1.547300,1.553610
2017-06-13,1.555620,1.555820,1.540850,1.554400
2017-06-14,1.547460,1.556050,1.545270,1.547530
2017-06-15,1.547480,1.547900,1.541290,1.546600
2017-06-18,1.541630,1.544260,1.534100,1.542550
2017-06-19,1.542440,1.543540,1.533600,1.542190
2017-06-20,1.538590,1.544330,1.537100,1.538310
2017-06-21,1.540850,1.541430,1.533400,1.540640
2017-06-22,1.535290,1.538950,1.531300,1.535270
2017-06-25,1.537430,1.539940,1.532600,1.537460
2017-06-26,1.535290,1.556470,1.524900,1.534300
2017-06-27,1.559920,1.567700,1.550040,1.560220
2017-06-28,1.557650,1.567280,1.554000,1.558120
2017-06-29,1.564870,1.564870,1.553700,1.565070
2017-07-02,1.557310,1.562380,1.555400,1.556940
2017-07-03,1.560320,1.565060,1.553700,1.560130
2017-07-04,1.558080,1.562940,1.555600,1.557960
2017-07-05,1.557990,1.571670,1.555200,1.557760
2017-07-06,1.567740,1.570170,1.563800,1.568460
2017-07-09,1.566470,1.569970,1.564700,1.567220
2017-07-11,1.588980,1.589670,1.570680,1.588480
2017-07-12,1.573620,1.573950,1.545840,1.573650
2017-07-13,1.556940,1.563220,1.554700,1.556870
2017-07-16,1.558700,1.566950,1.558300,1.559500
2017-07-17,1.576240,1.582570,1.564750,1.576130
2017-07-18,1.570220,1.572010,1.561860,1.570960
2017-07-19,1.565440,1.577100,1.560560,1.565340
2017-07-20,1.570760,1.571860,1.562800,1.570760
2017-07-23,1.567440,1.571680,1.562800,1.567320
2017-07-24,1.564390,1.574020,1.563600,1.564320
2017-07-25,1.569040,1.570050,1.563080,1.568960
2017-07-26,1.558650,1.559490,1.553070,1.558370
2017-07-27,1.557560,1.569720,1.556000,1.557650
2017-07-30,1.562240,1.576250,1.560100,1.562000
2017-07-31,1.574520,1.582830,1.571600,1.574880
2017-08-01,1.589980,1.597090,1.587600,1.590460
2017-08-02,1.599330,1.602600,1.596100,1.599240
2017-08-03,1.596090,1.599460,1.585100,1.595300
2017-08-06,1.589690,1.603740,1.589100,1.589630
2017-08-07,1.603340,1.608530,1.599650,1.603400
2017-08-08,1.604380,1.607100,1.596670,1.604790
2017-08-09,1.599300,1.616550,1.598210,1.599110
2017-08-10,1.618380,1.622380,1.611000,1.618120
2017-08-13,1.616120,1.619060,1.613100,1.616340
2017-08-14,1.614010,1.621330,1.609710,1.614220
2017-08-15,1.622760,1.624340,1.609300,1.622400
2017-08-16,1.609040,1.611430,1.599900,1.609340
2017-08-17,1.609040,1.610270,1.601500,1.607700
2017-08-20,1.608040,1.612720,1.604100,1.607910
2017-08-21,1.611890,1.616640,1.610100,1.612040
2017-08-22,1.615200,1.637530,1.615200,1.615350
2017-08-23,1.632430,1.639860,1.631200,1.633220
2017-08-24,1.636910,1.642320,1.631400,1.637000
2017-08-27,1.647180,1.652030,1.644640,1.647400
2017-08-28,1.651310,1.663430,1.649200,1.651350
2017-08-29,1.648610,1.655570,1.645430,1.648370
2017-08-30,1.650440,1.663870,1.650300,1.649800
2017-08-31,1.659080,1.666460,1.654200,1.658930
2017-09-03,1.657610,1.661420,1.655000,1.657660
2017-09-04,1.660830,1.661460,1.640500,1.660770
2017-09-05,1.642500,1.657980,1.641300,1.641900
2017-09-06,1.655350,1.668630,1.651600,1.655000
2017-09-07,1.659410,1.659470,1.646760,1.659370
2017-09-10,1.660930,1.662300,1.647100,1.659450
2017-09-11,1.648470,1.656630,1.632800,1.648500
2017-09-12,1.644050,1.648220,1.639600,1.643600
2017-09-13,1.639940,1.651610,1.635600,1.639000
2017-09-14,1.648950,1.650800,1.640190,1.649010
2017-09-17,1.637290,1.646820,1.627740,1.637520
2017-09-18,1.646080,1.648540,1.636310,1.645880
2017-09-19,1.639850,1.644000,1.623150,1.639370
2017-09-20,1.618650,1.633440,1.617200,1.618240
2017-09-21,1.636600,1.642590,1.629100,1.636270
2017-09-24,1.636000,1.644980,1.628460,1.635810
2017-09-25,1.630950,1.639160,1.630930,1.629990
2017-09-26,1.635610,1.638360,1.626080,1.636200
2017-09-27,1.627900,1.638600,1.623300,1.628060
2017-09-28,1.631420,1.637150,1.630400,1.630400
2017-10-01,1.635810,1.637540,1.627790,1.635390
2017-10-02,1.631510,1.644410,1.628600,1.631330
2017-10-03,1.640090,1.642870,1.634500,1.639870
2017-10-04,1.642260,1.645060,1.640000,1.642500
2017-10-05,1.646510,1.656450,1.643400,1.646340
2017-10-08,1.660550,1.661300,1.656400,1.660530
2017-10-09,1.661450,1.670280,1.659800,1.661550
2017-10-10,1.670050,1.675830,1.664900,1.669300
2017-10-11,1.671110,1.674210,1.660600,1.671420
2017-10-12,1.659340,1.662590,1.644760,1.659460
2017-10-15,1.645720,1.646620,1.639050,1.645960
2017-10-16,1.640970,1.644560,1.636200,1.641410
2017-10-17,1.640500,1.651630,1.640000,1.640180
2017-10-18,1.647780,1.687640,1.647100,1.648620
2017-10-19,1.685340,1.694850,1.684600,1.685110
2017-10-22,1.693200,1.695690,1.682700,1.693070
2017-10-23,1.682880,1.706670,1.680340,1.683410
2017-10-24,1.702870,1.721440,1.700800,1.703270
2017-10-25,1.715750,1.720860,1.705300,1.714630
2017-10-26,1.701400,1.705240,1.683500,1.702010
2017-10-30,1.691510,1.699360,1.690700,1.691190
2017-10-31,1.694890,1.703190,1.694400,1.692990
2017-11-01,1.688140,1.690250,1.679370,1.687490
2017-11-02,1.687290,1.690920,1.680200,1.687210
2017-11-03,1.685900,1.687100,1.677800,1.686640
2017-11-06,1.681320,1.688750,1.676300,1.680910
2017-11-07,1.672800,1.680090,1.668900,1.672960
2017-11-08,1.678350,1.681050,1.671280,1.678510
2017-11-09,1.666570,1.676380,1.662990,1.666000
2017-11-10,1.676880,1.682220,1.674510,1.676970
2017-11-13,1.683670,1.690580,1.678800,1.683700
2017-11-14,1.691090,1.710640,1.690200,1.690890
2017-11-15,1.714090,1.721250,1.711300,1.714170
2017-11-17,1.717920,1.740670,1.716100,1.717000
2017-11-20,1.724880,1.728230,1.715800,1.724910
2017-11-21,1.723290,1.729770,1.714900,1.722990
2017-11-22,1.714820,1.723450,1.713500,1.714280
2017-11-23,1.719040,1.720870,1.714800,1.718690
2017-11-24,1.719960,1.734210,1.718000,1.719910
2017-11-27,1.735480,1.739370,1.721500,1.734400
2017-11-28,1.719720,1.721090,1.711400,1.720380
2017-11-29,1.717050,1.721360,1.709700,1.716100
2017-11-30,1.726330,1.739520,1.726330,1.721520
2017-12-01,1.741470,1.747890,1.721670,1.741500
2017-12-04,1.729460,1.733880,1.724600,1.729890
2017-12-05,1.728480,1.730800,1.717110,1.727880
2017-12-06,1.720000,1.720570,1.709800,1.720970
2017-12-07,1.713100,1.726290,1.712600,1.714140
2017-12-08,1.724370,1.725120,1.711870,1.724210
2017-12-11,1.719760,1.720120,1.700300,1.719100
2017-12-12,1.704600,1.705460,1.690400,1.704340
2017-12-13,1.692210,1.694280,1.679400,1.692420
2017-12-14,1.685440,1.696020,1.684100,1.684100
2017-12-15,1.684830,1.687160,1.675600,1.684530
2017-12-18,1.678200,1.687680,1.673600,1.677870
2017-12-19,1.685300,1.693430,1.679700,1.683900
2017-12-20,1.697910,1.706050,1.694900,1.698100
2017-12-21,1.692270,1.699050,1.689700,1.692960
2017-12-22,1.689480,1.691900,1.685200,1.690490
2017-12-25,1.689800,1.690500,1.685380,1.690800
2017-12-26,1.689190,1.690750,1.685900,1.689240
2017-12-27,1.686020,1.687190,1.679200,1.686040
2017-12-28,1.683330,1.687290,1.680300,1.683520
2017-12-29,1.682400,1.693470,1.680400,1.682400
2018-01-01,1.688700,1.693200,1.688700,1.688700
2018-01-02,1.694080,1.697580,1.686600,1.694440
2018-01-03,1.698000,1.702440,1.689100,1.698900
2018-01-04,1.694380,1.697150,1.687000,1.694300
2018-01-05,1.686110,1.688750,1.676900,1.685600
2018-01-08,1.678380,1.679950,1.666600,1.678800
2018-01-09,1.668300,1.669880,1.658300,1.668310
2018-01-10,1.669260,1.670380,1.658110,1.669760
2018-01-11,1.658810,1.666650,1.652200,1.659100
2018-01-12,1.658180,1.680150,1.657300,1.658410
2018-01-15,1.682080,1.685360,1.675400,1.681880
2018-01-16,1.681010,1.684970,1.677100,1.681180
2018-01-17,1.688480,1.693570,1.676300,1.688080
2018-01-18,1.675190,1.681660,1.671300,1.675150
2018-01-19,1.677150,1.684290,1.675800,1.677150
2018-01-22,1.681800,1.683310,1.671200,1.681500
2018-01-23,1.674540,1.675610,1.668800,1.673700
2018-01-24,1.671870,1.673970,1.664600,1.671830
2018-01-25,1.688390,1.701230,1.680500,1.688000
2018-01-26,1.695100,1.696070,1.688400,1.695170
2018-01-29,1.687200,1.695530,1.684700,1.687870
2018-01-30,1.690170,1.696960,1.686420,1.689400
2018-01-31,1.690520,1.691550,1.678600,1.690630
2018-02-01,1.683610,1.694930,1.682700,1.682900
2018-02-02,1.690760,1.704400,1.690500,1.691100
2018-02-05,1.708920,1.709560,1.699250,1.709110
2018-02-06,1.702330,1.705350,1.688960,1.701780
2018-02-07,1.688890,1.695710,1.685300,1.688760
2018-02-08,1.696700,1.709080,1.691880,1.697320
2018-02-09,1.697020,1.701940,1.685750,1.696590
2018-02-12,1.690850,1.696610,1.687900,1.690780
2018-02-13,1.694000,1.699730,1.686130,1.693100
2018-02-14,1.696260,1.698390,1.685130,1.696170
2018-02-15,1.690390,1.693450,1.684700,1.690610
2018-02-16,1.689850,1.692530,1.680200,1.689100
2018-02-19,1.679690,1.683030,1.676600,1.679910
2018-02-20,1.683720,1.684980,1.674690,1.683580
2018-02-21,1.680160,1.682030,1.674800,1.679920
2018-02-22,1.678560,1.679820,1.674100,1.678480
2018-02-23,1.683750,1.690720,1.681500,1.683080
2018-02-26,1.687150,1.687710,1.677800,1.687910
2018-02-27,1.689180,1.694110,1.687440,1.689000
2018-02-28,1.690180,1.694860,1.686700,1.690280
2018-03-01,1.691550,1.695690,1.681340,1.691330
2018-03-02,1.689740,1.703480,1.685500,1.689100
2018-03-05,1.702890,1.709240,1.700570,1.703140
2018-03-06,1.707490,1.708260,1.697400,1.707500
2018-03-07,1.705070,1.707930,1.700330,1.704780
2018-03-08,1.703080,1.712870,1.695200,1.703390
2018-03-09,1.695240,1.696470,1.687170,1.694920
2018-03-12,1.683910,1.689550,1.681700,1.684000
2018-03-13,1.689910,1.690460,1.681200,1.689980
2018-03-14,1.690740,1.691660,1.684200,1.690680
2018-03-15,1.692150,1.694220,1.686900,1.691650
2018-03-16,1.692760,1.702790,1.692000,1.691800
2018-03-19,1.699140,1.708110,1.698100,1.699100
2018-03-20,1.703160,1.710810,1.702600,1.703190
2018-03-21,1.705830,1.716160,1.704500,1.706130
2018-03-22,1.707100,1.710880,1.699450,1.707540
2018-03-23,1.707800,1.709260,1.698750,1.707800
2018-03-25,1.705880,1.707710,1.697100,1.706210
2018-03-26,1.705910,1.711150,1.702200,1.705780
2018-03-27,1.706990,1.710580,1.702780,1.706610
2018-03-28,1.706960,1.713840,1.703070,1.707050
2018-03-29,1.701910,1.704050,1.699600,1.701600
2018-04-01,1.701820,1.706310,1.701400,1.702240
2018-04-02,1.706310,1.709080,1.688000,1.706580
2018-04-03,1.690400,1.691490,1.681190,1.690390
2018-04-04,1.678770,1.687070,1.677060,1.678640
2018-04-05,1.686720,1.690720,1.684100,1.686800
2018-04-08,1.686200,1.688700,1.679700,1.686930
2018-04-09,1.686230,1.686620,1.674800,1.686150
2018-04-10,1.677680,1.682780,1.676000,1.677170
2018-04-11,1.679060,1.679970,1.668930,1.678980
2018-04-12,1.670510,1.677170,1.666400,1.670860
2018-04-15,1.677980,1.685730,1.674800,1.678110
2018-04-16,1.681060,1.689090,1.679200,1.681290
2018-04-17,1.685480,1.692410,1.684400,1.685590
2018-04-18,1.689940,1.697070,1.687200,1.689200
2018-04-19,1.701290,1.706640,1.699800,1.700560
2018-04-22,1.703860,1.708170,1.701600,1.703520
2018-04-23,1.707730,1.719050,1.707500,1.707420
2018-04-24,1.719760,1.724750,1.718200,1.718600
2018-04-25,1.720160,1.725630,1.713000,1.720060
2018-04-26,1.713800,1.716410,1.710100,1.713960
2018-04-29,1.712210,1.716630,1.710700,1.710500
2018-04-30,1.716230,1.717090,1.711980,1.716510
2018-05-01,1.712470,1.713900,1.706500,1.712890
2018-05-02,1.708480,1.709740,1.700000,1.708390
2018-05-03,1.702700,1.706920,1.700140,1.702700
2018-05-06,1.702500,1.704690,1.696300,1.702880
2018-05-07,1.698950,1.704460,1.696100,1.699170
2018-05-08,1.702980,1.704250,1.695700,1.702300
2018-05-09,1.708550,1.717900,1.707300,1.709240
2018-05-10,1.711380,1.716840,1.706700,1.710800
2018-05-13,1.715060,1.727520,1.713900,1.715150
2018-05-14,1.724000,1.728900,1.720800,1.724560
2018-05-15,1.722380,1.724890,1.705980,1.722110
2018-05-16,1.711180,1.715710,1.705280,1.710200
2018-05-17,1.712960,1.714730,1.701700,1.712690
2018-05-20,1.701500,1.704660,1.696200,1.701000
2018-05-21,1.696030,1.701010,1.688800,1.694900
2018-05-22,1.697340,1.706060,1.693600,1.697850
2018-05-23,1.690410,1.697610,1.687700,1.689890
2018-05-24,1.691240,1.693520,1.683000,1.691290
2018-05-27,1.688640,1.689590,1.670280,1.688100
2018-05-28,1.675430,1.678310,1.665870,1.675240
2018-05-29,1.674000,1.676020,1.662700,1.674370
2018-05-30,1.669400,1.675590,1.660930,1.670250
2018-05-31,1.668390,1.676620,1.665100,1.669030
2018-06-03,1.670600,1.671640,1.661200,1.671480
2018-06-04,1.663430,1.666570,1.660330,1.663880
2018-06-05,1.668240,1.674160,1.661750,1.667990
2018-06-06,1.674020,1.682010,1.672500,1.673100
2018-06-07,1.680570,1.680990,1.671400,1.680340
2018-06-10,1.674800,1.678670,1.672100,1.675230
2018-06-11,1.677520,1.678760,1.669900,1.677720
2018-06-12,1.676000,1.678180,1.669580,1.676850
2018-06-13,1.680440,1.682060,1.657640,1.679500
2018-06-14,1.661050,1.673630,1.660580,1.661510
2018-06-17,1.670940,1.674870,1.666900,1.670910
2018-06-18,1.678210,1.682530,1.670000,1.678070
2018-06-19,1.678240,1.686510,1.673800,1.678240
2018-06-20,1.685000,1.692430,1.680400,1.685560
2018-06-21,1.689120,1.689910,1.681800,1.688200
2018-06-24,1.686370,1.697120,1.684100,1.686120
2018-06-25,1.698350,1.701790,1.696100,1.698490
2018-06-26,1.700470,1.711170,1.700470,1.700740
2018-06-27,1.702610,1.715680,1.702610,1.702590
2018-06-28,1.711600,1.725440,1.711300,1.712430
2018-07-01,1.722960,1.732800,1.717200,1.722200
2018-07-02,1.734860,1.737510,1.725290,1.734000
2018-07-03,1.726850,1.726850,1.717930,1.726380
2018-07-04,1.724610,1.728130,1.720200,1.724590
2018-07-05,1.720330,1.722800,1.715500,1.720540
2018-07-08,1.719160,1.721750,1.716500,1.719240
2018-07-09,1.716400,1.721130,1.713000,1.716250
2018-07-10,1.720150,1.729940,1.719000,1.720000
2018-07-11,1.728100,1.729740,1.721600,1.728380
2018-07-12,1.722160,1.728550,1.719600,1.722300
2018-07-15,1.726600,1.730540,1.723300,1.726120
2018-07-16,1.725880,1.728720,1.712900,1.725850
2018-07-17,1.720690,1.722870,1.714300,1.720870
2018-07-18,1.714310,1.727660,1.712000,1.714230
2018-07-19,1.727050,1.730190,1.720000,1.727030
2018-07-22,1.720920,1.726010,1.716900,1.721180
2018-07-23,1.724100,1.724780,1.717300,1.723100
2018-07-24,1.718040,1.720380,1.714600,1.716800
2018-07-25,1.714770,1.719900,1.712500,1.714700
2018-07-26,1.715430,1.718920,1.713800,1.715580
2018-07-29,1.715100,1.718220,1.711500,1.715530
2018-07-30,1.714990,1.722460,1.713000,1.715400
2018-07-31,1.718220,1.720770,1.715400,1.718220
2018-08-01,1.716580,1.720920,1.715500,1.716670
2018-08-02,1.719870,1.722470,1.715000,1.718900
2018-08-05,1.714170,1.716910,1.712050,1.714180
2018-08-06,1.716500,1.721510,1.714800,1.716400
2018-08-07,1.721300,1.723520,1.718100,1.721240
2018-08-08,1.734270,1.747550,1.734270,1.734420
2018-08-09,1.744050,1.748590,1.725800,1.744370
2018-08-12,1.730460,1.735160,1.726000,1.729300
2018-08-13,1.733560,1.734260,1.721400,1.733740
2018-08-14,1.725800,1.730620,1.723100,1.726580
2018-08-15,1.729530,1.730310,1.722800,1.729220
2018-08-16,1.727070,1.728050,1.723400,1.726950
2018-08-19,1.725100,1.728330,1.722200,1.725500
2018-08-20,1.729740,1.733460,1.724700,1.730470
2018-08-21,1.726690,1.732650,1.724100,1.726910
2018-08-22,1.729680,1.739670,1.727600,1.729820
2018-08-23,1.741460,1.742350,1.735720,1.740800
2018-08-26,1.737730,1.744490,1.735600,1.738320
2018-08-27,1.743020,1.747610,1.741000,1.742790
2018-08-28,1.741240,1.746540,1.737800,1.741580
2018-08-29,1.744570,1.759490,1.744400,1.743500
2018-08-30,1.754760,1.757810,1.752480,1.754450
2018-09-02,1.755270,1.760060,1.753400,1.754000
2018-09-03,1.757830,1.767290,1.756000,1.757200
2018-09-04,1.768490,1.773120,1.762400,1.767800
2018-09-05,1.762780,1.768310,1.760630,1.763460
2018-09-06,1.764300,1.770960,1.763000,1.765010
2018-09-09,1.768430,1.775430,1.766800,1.768430
2018-09-10,1.776900,1.782490,1.774100,1.778040
2018-09-11,1.779650,1.781980,1.772900,1.779960
2018-09-12,1.772130,1.780240,1.770700,1.771200
2018-09-13,1.778540,1.778650,1.773800,1.778580
2018-09-16,1.777120,1.777500,1.772400,1.777080
2018-09-17,1.777760,1.777970,1.769300,1.776900
2018-09-18,1.772390,1.773480,1.762900,1.772360
2018-09-19,1.757070,1.764850,1.754900,1.757330
2018-09-20,1.762260,1.762960,1.756500,1.762410
2018-09-23,1.757000,1.772320,1.755900,1.757500
2018-09-24,1.769420,1.772200,1.766900,1.769530
2018-09-25,1.770380,1.770540,1.759100,1.770450
2018-09-26,1.763620,1.767620,1.759500,1.762970
2018-09-27,1.758220,1.763470,1.749280,1.758310
2018-09-30,1.751990,1.758710,1.748420,1.752000
2018-10-01,1.752570,1.752820,1.748000,1.752300
2018-10-02,1.752980,1.762980,1.752200,1.753050
2018-10-03,1.764600,1.773610,1.763900,1.764920
2018-10-04,1.776880,1.786560,1.774900,1.777110
2018-10-07,1.789820,1.792690,1.776700,1.789200
2018-10-08,1.781230,1.784380,1.776500,1.780800
2018-10-09,1.774000,1.782610,1.771200,1.773000
2018-10-10,1.784600,1.787340,1.772300,1.785210
2018-10-11,1.776040,1.780580,1.770760,1.775870
2018-10-14,1.777080,1.777380,1.767540,1.777030
2018-10-15,1.762120,1.765360,1.756050,1.762340
2018-10-16,1.757880,1.759230,1.752800,1.758230
2018-10-17,1.757250,1.759580,1.749100,1.757290
2018-10-18,1.751840,1.752970,1.735200,1.751970
2018-10-21,1.745470,1.750950,1.744000,1.745200
2018-10-22,1.749070,1.753050,1.745720,1.749130
2018-10-23,1.750430,1.751510,1.740100,1.750460
2018-10-24,1.751520,1.751840,1.740730,1.750720
2018-10-25,1.742550,1.758620,1.742500,1.741600
2018-10-29,1.746630,1.748030,1.737260,1.746560
2018-10-30,1.742870,1.744260,1.728500,1.742600
2018-10-31,1.729850,1.736760,1.726510,1.729780
2018-11-01,1.733900,1.734330,1.715100,1.734280
2018-11-02,1.714760,1.716990,1.705980,1.714490
2018-11-05,1.713690,1.716630,1.706300,1.714030
2018-11-06,1.712740,1.715240,1.706700,1.712940
2018-11-07,1.697770,1.698230,1.686880,1.696720
2018-11-08,1.684900,1.687920,1.681200,1.684300
2018-11-09,1.683780,1.685360,1.678900,1.683950
2018-11-12,1.682540,1.682760,1.667700,1.682480
2018-11-13,1.671080,1.672790,1.663520,1.670570
2018-11-14,1.671330,1.671530,1.660500,1.670800
2018-11-15,1.665800,1.667970,1.655300,1.664800
2018-11-16,1.659330,1.667900,1.657000,1.658600
2018-11-19,1.662940,1.676600,1.659600,1.663150
2018-11-20,1.674170,1.674220,1.664000,1.674430
2018-11-21,1.673800,1.675670,1.663500,1.674490
2018-11-22,1.667650,1.678760,1.665800,1.667990
2018-11-23,1.674240,1.677430,1.670030,1.674100
2018-11-26,1.674010,1.674350,1.668500,1.673800
2018-11-27,1.672580,1.677170,1.662300,1.672450
2018-11-28,1.661700,1.663780,1.656800,1.660900
2018-11-29,1.655580,1.662180,1.654100,1.654720
2018-11-30,1.659230,1.661090,1.645690,1.659040
2018-12-03,1.640200,1.645460,1.634280,1.641060
2018-12-04,1.638820,1.641610,1.632900,1.638870
2018-12-05,1.634290,1.644140,1.632700,1.633300
2018-12-06,1.646470,1.655210,1.645600,1.646140
2018-12-07,1.652000,1.660700,1.649430,1.652400
2018-12-10,1.665630,1.665750,1.651350,1.665540
2018-12-11,1.651580,1.658370,1.642820,1.651990
2018-12-12,1.644180,1.662250,1.641600,1.643760
2018-12-13,1.660630,1.661190,1.651120,1.657960
2018-12-14,1.657850,1.672550,1.655100,1.657090
2018-12-17,1.663700,1.667560,1.660800,1.663800
2018-12-18,1.662800,1.666050,1.652400,1.666690
2018-12-19,1.659300,1.667510,1.656400,1.659870
2018-12-20,1.680600,1.696340,1.677600,1.680130
2018-12-21,1.689750,1.698110,1.685700,1.691020
2018-12-24,1.692910,1.700180,1.686900,1.692810
2018-12-25,1.692400,1.695500,1.685200,1.691600
2018-12-26,1.694800,1.697900,1.689800,1.695000
2018-12-27,1.685740,1.704480,1.685500,1.685000
2018-12-28,1.705950,1.710850,1.704300,1.706200
2018-12-31,1.704700,1.708480,1.700100,1.705260
2019-01-01,1.707700,1.720400,1.703200,1.708500
2019-01-02,1.707200,1.712300,1.700980,1.707300
2019-01-03,1.705790,1.715580,1.702880,1.706010
2019-01-04,1.703180,1.707370,1.691180,1.702940
2019-01-07,1.691700,1.696950,1.690200,1.691940
2019-01-08,1.699160,1.703700,1.693800,1.699660
2019-01-09,1.699840,1.700490,1.687700,1.699490
2019-01-10,1.700400,1.705580,1.694600,1.701470
2019-01-11,1.695400,1.696760,1.680000,1.695880
2019-01-14,1.679500,1.687670,1.678300,1.679880
2019-01-15,1.680610,1.681440,1.671000,1.679700
2019-01-16,1.673150,1.686800,1.668600,1.672800
2019-01-17,1.682870,1.693440,1.680500,1.682560
2019-01-18,1.683750,1.688070,1.678700,1.684310
2019-01-21,1.685400,1.693490,1.685400,1.686070
2019-01-22,1.689510,1.693830,1.685970,1.689400
2019-01-23,1.682930,1.683080,1.669990,1.683180
2019-01-24,1.676240,1.680670,1.670300,1.676110
2019-01-25,1.672450,1.675660,1.666500,1.673200
2019-01-28,1.668580,1.673780,1.660500,1.668600
2019-01-29,1.672580,1.675550,1.667400,1.671900
2019-01-30,1.675590,1.676020,1.668200,1.676110
2019-01-31,1.665280,1.666250,1.652900,1.664500
2019-02-01,1.655840,1.661230,1.652800,1.654800
2019-02-04,1.660480,1.664380,1.658200,1.660440
2019-02-05,1.662460,1.664370,1.653700,1.662580
2019-02-06,1.652890,1.664370,1.650800,1.652980
2019-02-07,1.678320,1.684170,1.675330,1.678730
2019-02-08,1.680810,1.684670,1.674700,1.680430
2019-02-11,1.674200,1.678060,1.671800,1.674970
2019-02-12,1.674150,1.679520,1.672400,1.673100
2019-02-13,1.681410,1.682840,1.653800,1.681260
2019-02-14,1.654720,1.655340,1.647300,1.654540
2019-02-15,1.652810,1.656940,1.640500,1.653190
2019-02-18,1.645100,1.652810,1.640900,1.644800
2019-02-19,1.649100,1.657400,1.648800,1.649680
2019-02-20,1.648640,1.653530,1.647800,1.649050
2019-02-21,1.653730,1.666320,1.648900,1.654250
2019-02-22,1.664380,1.675480,1.656800,1.663970
2019-02-25,1.651370,1.653620,1.646000,1.651870
2019-02-26,1.650560,1.652660,1.647500,1.650400
2019-02-27,1.651000,1.664830,1.648800,1.651950
2019-02-28,1.662780,1.672570,1.659860,1.660470
2019-03-01,1.667730,1.671500,1.663600,1.667170
2019-03-04,1.666700,1.670130,1.662990,1.667210
2019-03-05,1.661530,1.668880,1.660700,1.661360
2019-03-06,1.662230,1.672450,1.661700,1.662240
2019-03-07,1.670200,1.671300,1.655060,1.670720
2019-03-08,1.654700,1.658620,1.650240,1.654500
2019-03-11,1.650860,1.653530,1.643000,1.649900
2019-03-12,1.647240,1.648580,1.639700,1.646870
2019-03-13,1.646740,1.653690,1.645800,1.646780
2019-03-14,1.652460,1.659670,1.650800,1.651300
2019-03-15,1.653780,1.654990,1.650000,1.653830
2019-03-18,1.653860,1.655270,1.649500,1.653950
2019-03-19,1.655810,1.656700,1.650600,1.656150
2019-03-20,1.656580,1.661590,1.655700,1.655700
2019-03-21,1.651990,1.652610,1.645760,1.651100
2019-03-22,1.652320,1.652670,1.636950,1.652810
2019-03-25,1.642410,1.645790,1.636600,1.641500
2019-03-26,1.636900,1.640350,1.630600,1.636970
2019-03-27,1.631610,1.659510,1.629390,1.631100
2019-03-28,1.656140,1.658420,1.648100,1.655100
2019-03-29,1.655600,1.656540,1.645240,1.655770
2019-03-31,1.644600,1.647140,1.642500,1.644610
2019-04-01,1.649810,1.659830,1.649100,1.650040
2019-04-02,1.659780,1.660810,1.652200,1.659040
2019-04-03,1.656130,1.661970,1.653000,1.656430
2019-04-04,1.660930,1.669240,1.658400,1.660690
2019-04-07,1.665600,1.671240,1.665600,1.665600
2019-04-08,1.669200,1.672830,1.666800,1.670240
2019-04-09,1.668180,1.671280,1.665250,1.668350
2019-04-10,1.666060,1.674750,1.664800,1.665920
2019-04-11,1.674550,1.678140,1.669200,1.674450
2019-04-14,1.668900,1.675040,1.667000,1.669880
2019-04-15,1.670350,1.675380,1.668900,1.669500
2019-04-16,1.681990,1.684500,1.675200,1.681660
2019-04-17,1.679510,1.683870,1.676600,1.678600
2019-04-18,1.680060,1.681800,1.678600,1.679300
2019-04-21,1.682060,1.686470,1.680800,1.681600
2019-04-22,1.685550,1.689990,1.683100,1.684860
2019-04-23,1.686000,1.695620,1.685400,1.686640
2019-04-24,1.691490,1.692670,1.680800,1.690200
2019-04-25,1.678900,1.679220,1.671300,1.678810
2019-04-28,1.671300,1.675620,1.668500,1.671500
2019-04-29,1.675800,1.683200,1.674400,1.676780
2019-04-30,1.685950,1.691350,1.683900,1.685540
2019-05-01,1.689500,1.693020,1.687200,1.690000
2019-05-02,1.689210,1.690150,1.681200,1.688650
2019-05-05,1.692950,1.695140,1.687800,1.692730
2019-05-06,1.694960,1.697870,1.690600,1.694300
2019-05-07,1.696130,1.711610,1.694400,1.696420
2019-05-08,1.699600,1.707550,1.699120,1.700560
2019-05-09,1.702670,1.704420,1.698290,1.703050
2019-05-12,1.704870,1.709980,1.703900,1.704550
2019-05-13,1.708440,1.708950,1.702500,1.708360
2019-05-14,1.704790,1.709910,1.703900,1.704940
2019-05-15,1.707590,1.712100,1.702500,1.707600
2019-05-16,1.709370,1.712840,1.706700,1.709640
2019-05-19,1.710290,1.710290,1.704000,1.710250
2019-05-20,1.707830,1.717410,1.706000,1.707660
2019-05-21,1.715670,1.719030,1.714200,1.715810
2019-05-22,1.716940,1.719460,1.711100,1.717250
2019-05-23,1.714700,1.716260,1.707500,1.713900
2019-05-26,1.709590,1.711050,1.707800,1.708500
2019-05-27,1.709460,1.709460,1.704300,1.709770
2019-05-28,1.705890,1.712690,1.704000,1.706200
2019-05-29,1.709290,1.712900,1.704900,1.709620
2019-05-30,1.710630,1.714980,1.706800,1.710620
2019-06-02,1.709780,1.710220,1.701900,1.709970
2019-06-03,1.705400,1.709520,1.701350,1.704900
2019-06-04,1.701800,1.702630,1.693390,1.702540
2019-06-05,1.693700,1.702800,1.692100,1.694180
2019-06-06,1.703470,1.704000,1.696900,1.703550
2019-06-09,1.699930,1.710160,1.698900,1.699400
2019-06-10,1.711820,1.721470,1.710900,1.711730
2019-06-11,1.720520,1.725520,1.716700,1.720600
2019-06-12,1.716920,1.720800,1.713800,1.717160
2019-06-13,1.719730,1.727000,1.718900,1.719820
2019-06-16,1.725880,1.728650,1.720800,1.725200
2019-06-17,1.726600,1.730600,1.713300,1.727380
2019-06-18,1.712880,1.720030,1.712000,1.713700
2019-06-19,1.713950,1.717630,1.710600,1.713200
2019-06-20,1.715560,1.726800,1.710900,1.715430
2019-06-23,1.724980,1.726490,1.719000,1.725490
2019-06-24,1.720500,1.720500,1.709600,1.720910
2019-06-25,1.713370,1.713720,1.698500,1.712900
2019-06-26,1.702580,1.702580,1.695100,1.702630
2019-06-27,1.696460,1.698860,1.693200,1.696860
2019-06-30,1.690030,1.695630,1.688000,1.689100
2019-07-01,1.691670,1.698240,1.687700,1.691630
2019-07-02,1.690560,1.691840,1.679600,1.689700
2019-07-03,1.682680,1.689560,1.679800,1.681400
2019-07-04,1.686070,1.697460,1.684700,1.686380
2019-07-07,1.693150,1.693590,1.687400,1.693040
2019-07-08,1.692040,1.697120,1.690300,1.691500
2019-07-09,1.696400,1.700850,1.691410,1.696600
2019-07-10,1.693500,1.694180,1.684800,1.694080
2019-07-11,1.688840,1.688840,1.683200,1.688230
2019-07-14,1.683520,1.683530,1.674000,1.683540
2019-07-15,1.674000,1.674370,1.667900,1.674650
2019-07-16,1.672800,1.672800,1.665100,1.673050
2019-07-17,1.667670,1.669160,1.660700,1.666400
2019-07-18,1.661350,1.662230,1.655400,1.661550
2019-07-21,1.659110,1.659110,1.652200,1.658400
2019-07-22,1.662180,1.664200,1.658900,1.662910
2019-07-23,1.664530,1.665470,1.658700,1.664420
2019-07-24,1.661900,1.674910,1.657820,1.662520
2019-07-25,1.673510,1.678240,1.672400,1.672600
2019-07-28,1.676780,1.682190,1.675900,1.676100
2019-07-29,1.679900,1.687710,1.678600,1.680350
2019-07-30,1.686370,1.692620,1.684800,1.686080
2019-07-31,1.689720,1.690650,1.680000,1.688700
2019-08-01,1.690360,1.703320,1.689700,1.690300
2019-08-04,1.703090,1.714780,1.702200,1.703180
2019-08-05,1.714290,1.717520,1.706200,1.713300
2019-08-06,1.715400,1.757040,1.710200,1.715020
2019-08-07,1.736960,1.740640,1.726400,1.736600
2019-08-08,1.724810,1.731770,1.720600,1.724780
2019-08-11,1.734110,1.739000,1.728500,1.734160
2019-08-12,1.739270,1.747000,1.727700,1.738700
2019-08-13,1.729510,1.740320,1.726000,1.729360
2019-08-14,1.730140,1.734260,1.720800,1.730590
2019-08-15,1.726710,1.727810,1.719200,1.726590
2019-08-18,1.725100,1.732160,1.724300,1.725850
2019-08-19,1.730040,1.731110,1.723100,1.730300
2019-08-20,1.731300,1.734330,1.727600,1.730930
2019-08-21,1.731610,1.741010,1.729800,1.731380
2019-08-22,1.734650,1.743360,1.730500,1.734920
2019-08-25,1.750900,1.750900,1.735100,1.751110
2019-08-26,1.738310,1.746520,1.737600,1.737950
2019-08-27,1.742420,1.752050,1.740800,1.741700
2019-08-28,1.749360,1.757050,1.743700,1.748200
2019-08-29,1.750700,1.756210,1.742900,1.749700
2019-09-01,1.743400,1.746460,1.734400,1.744350
2019-09-02,1.738950,1.743350,1.732300,1.738400
2019-09-03,1.730960,1.736200,1.727600,1.730960
2019-09-04,1.735810,1.736450,1.727300,1.736010
2019-09-05,1.731370,1.731460,1.713000,1.730600
2019-09-08,1.714530,1.719990,1.711400,1.714600
2019-09-09,1.718120,1.722150,1.713800,1.718720
2019-09-10,1.722230,1.723510,1.711900,1.722370
2019-09-11,1.715110,1.726540,1.699700,1.715210
2019-09-12,1.727080,1.738390,1.725600,1.726930
2019-09-15,1.735730,1.738190,1.728800,1.735600
2019-09-16,1.734800,1.743540,1.733900,1.734730
2019-09-17,1.740000,1.747470,1.740000,1.740650
2019-09-18,1.745760,1.754890,1.744400,1.744760
2019-09-19,1.754880,1.761120,1.752900,1.754340
2019-09-22,1.758090,1.758520,1.746800,1.758080
2019-09-23,1.745880,1.747410,1.737900,1.745400
2019-09-24,1.743340,1.748390,1.732400,1.742300
2019-09-25,1.745660,1.746040,1.729500,1.745750
2019-09-26,1.734250,1.739960,1.732100,1.734130
2019-09-29,1.741560,1.750170,1.736300,1.740580
2019-09-30,1.739600,1.754870,1.738800,1.739900
2019-10-01,1.750780,1.754310,1.746400,1.751110
2019-10-02,1.748710,1.750580,1.739900,1.748990
2019-10-03,1.740970,1.741160,1.732100,1.741040
2019-10-06,1.737800,1.747480,1.736500,1.738710
2019-10-07,1.743740,1.744050,1.735800,1.743760
2019-10-08,1.739770,1.743140,1.734800,1.739940
2019-10-09,1.747000,1.747480,1.738100,1.747120
2019-10-10,1.739900,1.744170,1.735800,1.740340
2019-10-13,1.741900,1.755530,1.741300,1.741700
2019-10-14,1.749110,1.758160,1.746000,1.748620
2019-10-15,1.752790,1.769700,1.752200,1.752680
2019-10-16,1.761530,1.762500,1.750900,1.760300
2019-10-17,1.749800,1.750800,1.744500,1.750000
2019-10-20,1.747220,1.747330,1.739200,1.747050
2019-10-21,1.738910,1.738910,1.731600,1.738910
2019-10-22,1.735490,1.740950,1.731200,1.735590
2019-10-23,1.733510,1.742870,1.733100,1.732900
2019-10-24,1.740610,1.748840,1.738900,1.740300
2019-10-28,1.742500,1.751100,1.742400,1.742400
2019-10-29,1.746870,1.750260,1.740400,1.746960
2019-10-30,1.749030,1.751440,1.743500,1.749330
2019-10-31,1.738460,1.746170,1.733100,1.739300
2019-11-01,1.738890,1.740060,1.729300,1.739100
2019-11-04,1.734200,1.737800,1.727300,1.735140
2019-11-05,1.738370,1.739560,1.729500,1.737940
2019-11-06,1.737540,1.740930,1.734400,1.737390
2019-11-07,1.739060,1.742330,1.734640,1.738770
2019-11-08,1.733620,1.743250,1.730500,1.733700
2019-11-11,1.740090,1.740110,1.731100,1.740460
2019-11-12,1.734050,1.743190,1.731600,1.733680
2019-11-13,1.737530,1.738930,1.716640,1.737990
2019-11-14,1.716050,1.729120,1.714600,1.715400
2019-11-15,1.726100,1.729330,1.723200,1.726820
2019-11-18,1.726750,1.732180,1.725400,1.726670
2019-11-19,1.730790,1.734510,1.722900,1.730420
2019-11-20,1.722050,1.726720,1.720400,1.722420
2019-11-21,1.727300,1.731140,1.721000,1.727400
2019-11-22,1.727660,1.728500,1.720200,1.726700
2019-11-25,1.718700,1.720910,1.714200,1.719640
2019-11-26,1.716690,1.718480,1.713600,1.716460
2019-11-27,1.714870,1.714870,1.710400,1.714910
2019-11-28,1.713140,1.716880,1.710700,1.715100
2019-11-29,1.714400,1.718820,1.707800,1.715110
2019-12-02,1.712610,1.712610,1.699100,1.713020
2019-12-03,1.704470,1.704470,1.695600,1.704150
2019-12-04,1.699290,1.704060,1.695100,1.700050
2019-12-05,1.692370,1.701220,1.688800,1.692040
2019-12-06,1.696650,1.697160,1.682800,1.696960
2019-12-09,1.685840,1.690310,1.684600,1.685890
2019-12-10,1.689140,1.696030,1.684200,1.689570
2019-12-11,1.693650,1.700210,1.686500,1.694840
2019-12-12,1.691440,1.692980,1.685390,1.691530
2019-12-13,1.689360,1.693970,1.683660,1.689650
2019-12-16,1.687140,1.690250,1.684000,1.687260
2019-12-17,1.687970,1.699350,1.685900,1.688850
2019-12-18,1.697500,1.698600,1.687800,1.697380
2019-12-19,1.688190,1.692470,1.683700,1.688110
2019-12-20,1.681500,1.686280,1.675200,1.681700
2019-12-23,1.676810,1.678480,1.670800,1.677000
2019-12-24,1.671100,1.674560,1.667500,1.671900
2019-12-25,1.669500,1.673200,1.666450,1.669400
2019-12-26,1.669690,1.669800,1.663900,1.669850
2019-12-27,1.662830,1.669160,1.661400,1.663540
2019-12-30,1.667260,1.669320,1.661670,1.667260
2019-12-31,1.662970,1.668300,1.661500,1.663660
2020-01-01,1.666200,1.667100,1.659800,1.666100
2020-01-02,1.665220,1.673440,1.664200,1.665160
2020-01-03,1.667520,1.675450,1.667000,1.667160
2020-01-06,1.676280,1.681340,1.674100,1.677020
2020-01-07,1.678610,1.683510,1.674800,1.678550
2020-01-08,1.682200,1.686490,1.670390,1.682100
2020-01-09,1.669900,1.681720,1.668300,1.669940
2020-01-10,1.681250,1.682150,1.673200,1.681210
2020-01-13,1.675130,1.680700,1.671900,1.674650
2020-01-14,1.680350,1.683480,1.678600,1.680300
2020-01-15,1.684460,1.691470,1.681100,1.683680
2020-01-16,1.684890,1.684890,1.674100,1.684800
2020-01-17,1.677700,1.679220,1.674000,1.677690
2020-01-20,1.675850,1.680420,1.674500,1.675790
2020-01-21,1.679130,1.682780,1.676800,1.679040
2020-01-22,1.680740,1.683210,1.676600,1.680100
2020-01-23,1.681600,1.683630,1.674000,1.682340
2020-01-24,1.670330,1.671710,1.665600,1.671200
2020-01-27,1.676840,1.682290,1.673500,1.677240
2020-01-28,1.683680,1.689890,1.681700,1.683560
2020-01-29,1.685430,1.689000,1.682500,1.685410
2020-01-30,1.686400,1.701120,1.686100,1.687470
2020-01-31,1.700680,1.714640,1.698200,1.700380
2020-02-03,1.716860,1.717150,1.705770,1.716710
2020-02-04,1.712520,1.714590,1.703100,1.712120
2020-02-05,1.701130,1.704430,1.695200,1.701200
2020-02-06,1.697210,1.703490,1.695800,1.697140
2020-02-07,1.699840,1.710670,1.698500,1.698800
2020-02-10,1.711370,1.712130,1.706390,1.710810
2020-02-11,1.708010,1.710270,1.701140,1.707920
2020-02-12,1.703600,1.704380,1.681300,1.703500
2020-02-13,1.686550,1.687550,1.678350,1.686990
2020-02-14,1.682670,1.687190,1.681600,1.682500
2020-02-17,1.681780,1.687190,1.681700,1.681510
2020-02-18,1.682600,1.694200,1.682400,1.682100
2020-02-19,1.687940,1.692430,1.685300,1.688080
2020-02-20,1.692080,1.706440,1.689400,1.691950
2020-02-21,1.703380,1.714220,1.700400,1.703630
2020-02-24,1.714230,1.716210,1.708700,1.713810
2020-02-25,1.710080,1.718850,1.708000,1.710190
2020-02-26,1.721110,1.729070,1.719000,1.720850
2020-02-27,1.730230,1.739370,1.727900,1.731610
2020-02-28,1.742140,1.772360,1.741670,1.742360
2020-03-02,1.773780,1.786630,1.765400,1.773910
2020-03-03,1.778850,1.781700,1.766490,1.778160
2020-03-04,1.781300,1.781790,1.764840,1.782440
2020-03-05,1.767800,1.781200,1.763000,1.768080
2020-03-06,1.777360,1.786260,1.768480,1.777760
2020-03-09,1.799060,1.901780,1.773170,1.798730
2020-03-10,1.797720,1.811170,1.794120,1.797500
2020-03-11,1.805760,1.807950,1.786580,1.805590
2020-03-12,1.796970,1.824660,1.794520,1.797570
2020-03-13,1.827070,1.830380,1.807230,1.829020
2020-03-16,1.843200,1.859980,1.820520,1.843140
2020-03-17,1.846210,1.855200,1.830850,1.846460
2020-03-18,1.852730,1.881290,1.845520,1.851510
2020-03-19,1.913630,1.989420,1.818080,1.912420
2020-03-20,1.874000,1.885520,1.836550,1.874720
2020-03-23,1.897510,1.908580,1.878690,1.900570
2020-03-24,1.874280,1.885880,1.854740,1.873840
2020-03-25,1.854430,1.865260,1.832890,1.853320
2020-03-26,1.874170,1.888060,1.844210,1.873590
2020-03-27,1.848640,1.859250,1.833970,1.847680
2020-03-29,1.840280,1.847210,1.830320,1.838370
2020-03-30,1.836800,1.851810,1.825430,1.835590
2020-03-31,1.852200,1.861570,1.837930,1.852620
2020-04-01,1.845540,1.849430,1.830030,1.845060
2020-04-02,1.832570,1.848310,1.831750,1.833810
2020-04-05,1.845400,1.845840,1.810510,1.845920
2020-04-06,1.815720,1.824120,1.805840,1.815360
2020-04-07,1.826210,1.829570,1.802100,1.826930
2020-04-08,1.805690,1.813730,1.800280,1.805360
2020-04-09,1.798400,1.802780,1.791840,1.796000
2020-04-12,1.797820,1.802670,1.790500,1.799340
2020-04-13,1.789880,1.805890,1.784000,1.789520
2020-04-14,1.800350,1.825790,1.799800,1.800340
2020-04-15,1.818770,1.829240,1.816510,1.818430
2020-04-16,1.809360,1.814120,1.798000,1.809940
2020-04-19,1.806300,1.807130,1.787810,1.806330
2020-04-20,1.796400,1.825510,1.796400,1.797410
2020-04-21,1.820280,1.822730,1.809980,1.820440
2020-04-22,1.824000,1.827400,1.789850,1.823930
2020-04-23,1.793850,1.803290,1.790400,1.794130
2020-04-26,1.796100,1.796810,1.786000,1.796950
2020-04-27,1.796760,1.806040,1.786420,1.796620
2020-04-28,1.781990,1.785490,1.775360,1.782530
2020-04-29,1.771810,1.778740,1.765200,1.771050
2020-04-30,1.787070,1.817730,1.787070,1.788460
2020-05-03,1.821140,1.822010,1.805410,1.821490
2020-05-04,1.801310,1.801310,1.787400,1.801600
2020-05-05,1.790530,1.795960,1.782300,1.790580
2020-05-06,1.795690,1.796920,1.774300,1.797650
2020-05-07,1.777400,1.779020,1.765360,1.777730
2020-05-10,1.764810,1.783950,1.761400,1.764340
2020-05-11,1.778150,1.784720,1.772700,1.778620
2020-05-12,1.786320,1.806850,1.780700,1.787090
2020-05-13,1.804490,1.810750,1.802000,1.803300
2020-05-14,1.796680,1.826110,1.796100,1.797350
2020-05-17,1.822360,1.824390,1.801030,1.822330
2020-05-18,1.807030,1.808160,1.790960,1.806830
2020-05-19,1.794640,1.798080,1.784880,1.794400
2020-05-20,1.786430,1.796150,1.785900,1.785200
2020-05-21,1.787370,1.793090,1.782600,1.788320
2020-05-24,1.786380,1.790410,1.783800,1.786600
2020-05-25,1.784200,1.786380,1.765610,1.785200
2020-05-26,1.771030,1.784180,1.762600,1.771130
2020-05-27,1.780400,1.782720,1.774800,1.780730
2020-05-28,1.786840,1.797580,1.785190,1.787170
2020-05-31,1.792300,1.792960,1.769000,1.793340
2020-06-01,1.769990,1.777410,1.756680,1.771070
2020-06-02,1.751980,1.756560,1.740800,1.751800
2020-06-03,1.747200,1.756380,1.741900,1.747730
2020-06-04,1.753700,1.754790,1.733590,1.753950
2020-06-07,1.731900,1.734160,1.725500,1.731340
2020-06-08,1.721240,1.743570,1.718800,1.720900
2020-06-09,1.743640,1.744910,1.732200,1.744010
2020-06-10,1.745450,1.762520,1.741820,1.745820
2020-06-11,1.759300,1.763660,1.748710,1.760370
2020-06-14,1.752370,1.759230,1.745100,1.753270
2020-06-15,1.743850,1.758240,1.738700,1.743600
2020-06-16,1.743100,1.750710,1.733830,1.743970
2020-06-17,1.743500,1.748000,1.740000,1.743760
2020-06-18,1.743610,1.748240,1.738180,1.742500
2020-06-21,1.746350,1.746960,1.733000,1.745100
2020-06-22,1.736520,1.745960,1.735400,1.736300
2020-06-23,1.739960,1.758160,1.737300,1.740400
2020-06-24,1.756520,1.757130,1.742800,1.756950
2020-06-25,1.744650,1.748850,1.739800,1.743700
2020-06-28,1.748330,1.757050,1.745800,1.747700
2020-06-29,1.750060,1.755120,1.742600,1.749990
2020-06-30,1.741230,1.742190,1.733400,1.740500
2020-07-01,1.736340,1.736730,1.724320,1.736460
2020-07-02,1.726560,1.727360,1.719100,1.726340
2020-07-05,1.720320,1.730940,1.719100,1.720070
2020-07-06,1.724970,1.728250,1.716570,1.724900
2020-07-07,1.721610,1.727320,1.718200,1.721650
2020-07-08,1.724520,1.726750,1.716500,1.723900
2020-07-09,1.717200,1.721280,1.716500,1.718340
2020-07-12,1.719900,1.727790,1.718600,1.719800
2020-07-13,1.735950,1.748100,1.733700,1.735130
2020-07-14,1.742700,1.745420,1.735140,1.743690
2020-07-15,1.737310,1.744280,1.735200,1.736960
2020-07-16,1.740790,1.749490,1.737100,1.740760
2020-07-19,1.743040,1.748500,1.738700,1.743500
2020-07-20,1.740760,1.743110,1.726100,1.740750
2020-07-21,1.734700,1.739530,1.729000,1.735340
2020-07-22,1.737440,1.746200,1.731600,1.737210
2020-07-23,1.747630,1.755220,1.745100,1.746700
2020-07-26,1.753370,1.761400,1.751500,1.753500
2020-07-27,1.759420,1.765880,1.755300,1.759760
2020-07-28,1.759260,1.769540,1.757200,1.759790
2020-07-29,1.770080,1.777090,1.766900,1.769990
2020-07-30,1.772490,1.779890,1.771110,1.772700
2020-08-02,1.774950,1.782260,1.768500,1.774400
2020-08-03,1.777820,1.785160,1.775200,1.777000
2020-08-04,1.777680,1.785650,1.775370,1.777920
2020-08-05,1.785760,1.790970,1.776720,1.786040
2020-08-06,1.777150,1.782480,1.772400,1.776660
2020-08-09,1.784200,1.787400,1.780800,1.784780
2020-08-10,1.780500,1.790330,1.772900,1.780340
2020-08-11,1.786750,1.799710,1.784800,1.786680
2020-08-12,1.792730,1.805400,1.789930,1.793260
2020-08-13,1.805080,1.809130,1.803100,1.804920
2020-08-16,1.810660,1.817790,1.810070,1.811180
2020-08-17,1.811780,1.818930,1.809900,1.810900
2020-08-18,1.807940,1.809060,1.794200,1.807560
2020-08-19,1.805110,1.822250,1.802900,1.805190
2020-08-20,1.814690,1.817160,1.801230,1.813600
2020-08-23,1.804660,1.810480,1.802100,1.804180
2020-08-24,1.807100,1.813530,1.804500,1.807100
2020-08-25,1.806190,1.806910,1.789310,1.805940
2020-08-26,1.784500,1.786640,1.779200,1.784660
2020-08-27,1.778840,1.782980,1.764700,1.778440
2020-08-30,1.766490,1.773970,1.765400,1.766770
2020-08-31,1.772150,1.774970,1.763770,1.773000
2020-09-01,1.761610,1.763260,1.750980,1.761440
2020-09-02,1.750980,1.764010,1.746600,1.750350
2020-09-03,1.769370,1.769900,1.760100,1.769990
2020-09-06,1.763140,1.768260,1.762300,1.762860
2020-09-07,1.766200,1.778140,1.762600,1.766270
2020-09-08,1.779800,1.779800,1.767800,1.779680
2020-09-09,1.766760,1.782070,1.766760,1.766600
2020-09-10,1.778440,1.779460,1.771400,1.779020
2020-09-13,1.770690,1.774810,1.767800,1.770600
2020-09-14,1.771660,1.775100,1.761730,1.770600
2020-09-15,1.764900,1.764990,1.751300,1.764850
2020-09-16,1.755680,1.761950,1.752200,1.756080
2020-09-17,1.751350,1.751960,1.744200,1.751890
2020-09-20,1.752570,1.764340,1.749400,1.751800
2020-09-21,1.764870,1.766660,1.758540,1.765130
2020-09-22,1.765400,1.778120,1.759740,1.765280
2020-09-23,1.781020,1.787420,1.780200,1.780500
2020-09-24,1.782500,1.782710,1.770790,1.782300
2020-09-27,1.775610,1.782600,1.772600,1.775200
2020-09-28,1.778520,1.782440,1.773580,1.778030
2020-09-29,1.778320,1.783810,1.772500,1.778620
2020-09-30,1.769900,1.771760,1.765500,1.769600
2020-10-01,1.765410,1.769950,1.763300,1.764900
2020-10-04,1.765260,1.775780,1.762000,1.765050
2020-10-05,1.772140,1.779190,1.769800,1.772100
2020-10-06,1.780930,1.787120,1.778300,1.781160
2020-10-07,1.790000,1.796380,1.782700,1.789930
2020-10-08,1.785610,1.785610,1.772680,1.784900
2020-10-11,1.772300,1.777530,1.771300,1.772500
2020-10-12,1.776870,1.779010,1.764860,1.776610
2020-10-13,1.764410,1.766640,1.758000,1.764360
2020-10-14,1.763820,1.777570,1.763820,1.764270
2020-10-15,1.773200,1.777230,1.770900,1.773880
2020-10-18,1.769910,1.778620,1.766300,1.770200
2020-10-19,1.784550,1.802110,1.784550,1.785090
2020-10-20,1.797300,1.798040,1.779330,1.797530
2020-10-21,1.783160,1.785530,1.770920,1.783360
2020-10-22,1.770800,1.777000,1.766100,1.770890
2020-10-26,1.772690,1.773030,1.763000,1.772430
2020-10-27,1.768270,1.769230,1.759100,1.768930
2020-10-28,1.758610,1.768430,1.751600,1.757600
2020-10-29,1.766630,1.769890,1.760390,1.766800
2020-10-30,1.761040,1.766590,1.752600,1.761710
2020-11-02,1.764200,1.765930,1.753900,1.764230
2020-11-03,1.754300,1.759080,1.745800,1.754200
2020-11-04,1.747390,1.761460,1.744600,1.747400
2020-11-05,1.751380,1.756340,1.746090,1.751180
2020-11-06,1.746620,1.752860,1.740610,1.746680
2020-11-09,1.748450,1.750240,1.733300,1.749480
2020-11-10,1.732790,1.736440,1.724700,1.732520
2020-11-11,1.730930,1.734640,1.708600,1.730990
2020-11-12,1.707240,1.720670,1.704660,1.706680
2020-11-13,1.726100,1.733830,1.725900,1.725950
2020-11-16,1.724210,1.725590,1.715400,1.723710
2020-11-17,1.716900,1.727110,1.714000,1.717070
2020-11-18,1.721400,1.724050,1.710490,1.721540
2020-11-19,1.711550,1.718700,1.710800,1.711460
2020-11-20,1.717920,1.718640,1.706000,1.718360
2020-11-23,1.708450,1.712100,1.704800,1.708030
2020-11-24,1.708930,1.709380,1.694660,1.708000
2020-11-25,1.704930,1.709390,1.699200,1.704860
2020-11-26,1.701660,1.704780,1.698400,1.701420
2020-11-27,1.700800,1.701720,1.696100,1.700910
2020-11-30,1.701470,1.705240,1.698700,1.701560
2020-12-01,1.700430,1.706890,1.697500,1.700890
2020-12-02,1.707300,1.717990,1.703400,1.707550
2020-12-03,1.713010,1.717710,1.711790,1.713250
2020-12-04,1.717290,1.727670,1.716100,1.717000
2020-12-07,1.721270,1.725550,1.718000,1.721320
2020-12-08,1.720120,1.724840,1.718240,1.720540
2020-12-09,1.719890,1.721580,1.709100,1.719720
2020-12-10,1.721310,1.722150,1.711540,1.721410
2020-12-11,1.712160,1.713460,1.708100,1.711760
2020-12-14,1.709090,1.715590,1.707100,1.709220
2020-12-15,1.714700,1.721920,1.712900,1.714630
2020-12-16,1.714780,1.723730,1.709700,1.715150
2020-12-17,1.715430,1.716260,1.705700,1.715360
2020-12-18,1.715730,1.722250,1.712800,1.715510
2020-12-21,1.718800,1.734110,1.716320,1.719290
2020-12-22,1.724160,1.734570,1.723800,1.724200
2020-12-23,1.727740,1.730280,1.717480,1.727770
2020-12-24,1.717550,1.721260,1.712500,1.717650
2020-12-25,1.708970,1.720010,1.698380,1.708960
2020-12-28,1.714360,1.723360,1.711880,1.715120
2020-12-29,1.719120,1.720140,1.709510,1.719220
2020-12-30,1.713710,1.714130,1.703400,1.713960
2020-12-31,1.704400,1.704940,1.694220,1.704620
2021-01-01,1.694200,1.700200,1.686800,1.694700
2021-01-04,1.702100,1.710450,1.699210,1.701730
2021-01-05,1.706660,1.708540,1.697140,1.706580
2021-01-06,1.695170,1.697440,1.686860,1.694880
2021-01-07,1.689030,1.696860,1.688600,1.688890
2021-01-08,1.688960,1.690830,1.684400,1.688630
2021-01-11,1.691830,1.698020,1.689600,1.692560
2021-01-12,1.694880,1.696360,1.689380,1.695180
2021-01-13,1.688200,1.696410,1.687000,1.688710
2021-01-14,1.691490,1.692800,1.681820,1.691250
2021-01-15,1.683570,1.697080,1.681400,1.683470
2021-01-18,1.694600,1.700590,1.692700,1.694240
2021-01-19,1.697160,1.707070,1.693500,1.697240
2021-01-20,1.703050,1.705200,1.688140,1.702870
2021-01-21,1.686590,1.689680,1.681320,1.686020
2021-01-22,1.685300,1.697280,1.684500,1.686000
2021-01-25,1.694120,1.694910,1.683500,1.693900
2021-01-26,1.686870,1.690590,1.677700,1.686460
2021-01-27,1.680300,1.686980,1.675930,1.680660
2021-01-28,1.694050,1.704220,1.689880,1.694600
2021-01-29,1.689400,1.692340,1.681950,1.689400
2021-02-01,1.691960,1.691960,1.681700,1.692340
2021-02-02,1.684420,1.687430,1.677220,1.684180
2021-02-03,1.672790,1.673470,1.666300,1.672300
2021-02-04,1.667430,1.673590,1.664220,1.667680
2021-02-05,1.671360,1.678310,1.669300,1.670400
2021-02-08,1.670630,1.675250,1.666180,1.670640
2021-02-09,1.667760,1.675700,1.664400,1.667490
2021-02-10,1.672940,1.684240,1.672940,1.672770
2021-02-11,1.678780,1.681730,1.674200,1.678610
2021-02-12,1.677450,1.684700,1.676700,1.677590
2021-02-15,1.678970,1.680410,1.674000,1.678600
2021-02-16,1.677570,1.679980,1.671100,1.677400
2021-02-17,1.681920,1.682620,1.673900,1.681950
2021-02-18,1.674470,1.679770,1.672200,1.674330
2021-02-19,1.674970,1.677410,1.659060,1.674980
2021-02-22,1.658690,1.661890,1.653800,1.658160
2021-02-23,1.659970,1.665350,1.655700,1.659880
2021-02-24,1.655540,1.659680,1.639590,1.655480
2021-02-25,1.635450,1.646200,1.633800,1.634660
2021-02-26,1.650960,1.669780,1.649400,1.650900
2021-03-01,1.662420,1.666340,1.653490,1.662500
2021-03-02,1.656550,1.664110,1.654960,1.656270
2021-03-03,1.657150,1.665960,1.655100,1.656400
2021-03-04,1.665900,1.665900,1.656500,1.665400
2021-03-05,1.667000,1.675270,1.664540,1.667110
2021-03-08,1.661150,1.669990,1.658900,1.661170
2021-03-09,1.661310,1.666860,1.658870,1.661530
2021-03-10,1.657150,1.664090,1.655670,1.656930
2021-03-11,1.657650,1.660410,1.651200,1.657960
2021-03-12,1.658100,1.665840,1.656400,1.657970
2021-03-15,1.662580,1.662580,1.654200,1.662500
2021-03-16,1.655690,1.664020,1.653100,1.655460
2021-03-17,1.654660,1.663310,1.654100,1.654540
2021-03-18,1.652730,1.661190,1.648410,1.652560
2021-03-19,1.662990,1.664370,1.658500,1.662800
2021-03-22,1.661380,1.663450,1.659460,1.661570
2021-03-23,1.672990,1.692160,1.672400,1.673040
2021-03-24,1.693050,1.698930,1.690500,1.693720
2021-03-25,1.694580,1.696480,1.690820,1.694750
2021-03-26,1.690430,1.691680,1.684500,1.690050
2021-03-28,1.685550,1.688950,1.678300,1.685290
2021-03-29,1.678780,1.681780,1.672700,1.679070
2021-03-30,1.676680,1.680700,1.671700,1.676470
2021-03-31,1.679560,1.686560,1.674700,1.679060
2021-04-01,1.676900,1.677300,1.671160,1.676200
2021-04-04,1.673790,1.675080,1.666200,1.673820
2021-04-05,1.672580,1.684350,1.670900,1.672350
2021-04-06,1.681240,1.693580,1.679500,1.680980
2021-04-07,1.692200,1.693540,1.684300,1.692800
2021-04-08,1.687490,1.695520,1.684600,1.687340
2021-04-11,1.690310,1.694670,1.688000,1.690190
2021-04-12,1.694040,1.698360,1.689100,1.694050
2021-04-13,1.692890,1.695560,1.674700,1.693010
2021-04-14,1.677000,1.677470,1.668200,1.677910
2021-04-15,1.667750,1.679560,1.667100,1.668000
2021-04-18,1.679160,1.679490,1.670300,1.679250
2021-04-19,1.675040,1.677000,1.669400,1.674640
2021-04-20,1.678400,1.679510,1.666800,1.679350
2021-04-21,1.670670,1.680870,1.669000,1.670780
2021-04-22,1.678610,1.681390,1.673800,1.679160
2021-04-25,1.680970,1.680970,1.669240,1.680970
2021-04-26,1.670630,1.676500,1.669300,1.670000
2021-04-27,1.678460,1.680200,1.669090,1.678050
2021-04-28,1.669270,1.676610,1.666800,1.669300
2021-04-29,1.673180,1.679980,1.669800,1.673100
2021-05-02,1.677350,1.683150,1.673700,1.677440
2021-05-03,1.675400,1.688580,1.674300,1.675180
2021-05-04,1.676600,1.678560,1.663200,1.677340
2021-05-05,1.663220,1.675460,1.660300,1.663220
2021-05-06,1.668240,1.674440,1.665100,1.668060
2021-05-09,1.668360,1.671420,1.665920,1.668060
2021-05-10,1.669380,1.675360,1.667300,1.669620
2021-05-11,1.671890,1.685180,1.670600,1.672170
2021-05-12,1.686090,1.691080,1.680100,1.685100
2021-05-13,1.681900,1.686350,1.675020,1.681670
2021-05-16,1.676990,1.690680,1.676400,1.677190
2021-05-17,1.683740,1.686630,1.679270,1.683890
2021-05-18,1.688140,1.703290,1.686900,1.688470
2021-05-19,1.699250,1.700570,1.692480,1.699150
2021-05-20,1.698570,1.703460,1.690300,1.698680
2021-05-23,1.698310,1.702880,1.693300,1.698140
2021-05-24,1.692300,1.696660,1.690300,1.692900
2021-05-25,1.695000,1.695000,1.671700,1.694300
2021-05-26,1.674880,1.676570,1.668520,1.675100
2021-05-27,1.673900,1.683830,1.672000,1.673810
2021-05-30,1.682900,1.684860,1.677300,1.682900
2021-05-31,1.681000,1.689780,1.677700,1.680870
2021-06-01,1.684570,1.689690,1.680200,1.684350
2021-06-02,1.687200,1.697860,1.685700,1.687870
2021-06-03,1.696600,1.698840,1.688000,1.696000
2021-06-06,1.687100,1.688750,1.680800,1.686700
2021-06-07,1.687350,1.694220,1.684700,1.687150
2021-06-08,1.692570,1.699240,1.689400,1.693080
2021-06-09,1.697000,1.698870,1.689300,1.697200
2021-06-10,1.693100,1.700270,1.688790,1.693010
2021-06-13,1.695610,1.698790,1.692000,1.696190
2021-06-14,1.696430,1.705570,1.693100,1.696940
2021-06-15,1.702330,1.702330,1.694200,1.702470
2021-06-16,1.696080,1.703860,1.689380,1.696300
2021-06-17,1.698260,1.712310,1.697300,1.698230
2021-06-20,1.707600,1.708870,1.701500,1.708160
2021-06-21,1.705420,1.708440,1.699200,1.705020
2021-06-22,1.700200,1.704310,1.692300,1.700950
2021-06-23,1.692920,1.693370,1.688970,1.692970
2021-06-24,1.689560,1.690190,1.685770,1.688940
2021-06-27,1.689230,1.694020,1.684700,1.689210
2021-06-28,1.692330,1.703150,1.690200,1.692160
2021-06-29,1.702520,1.704240,1.696100,1.702670
2021-06-30,1.694790,1.699660,1.692700,1.694510
2021-07-01,1.700950,1.701740,1.690200,1.701040
2021-07-04,1.687720,1.691720,1.687000,1.687390
2021-07-05,1.682040,1.691210,1.669100,1.682130
2021-07-06,1.684990,1.687420,1.675400,1.684810
2021-07-07,1.681590,1.708430,1.680900,1.681340
2021-07-08,1.704360,1.709850,1.696960,1.704880
2021-07-11,1.694600,1.705420,1.694100,1.694500
2021-07-12,1.697590,1.705020,1.693100,1.697910
2021-07-13,1.696270,1.696420,1.677400,1.695640
2021-07-14,1.681140,1.691800,1.680990,1.681050
2021-07-15,1.683680,1.688460,1.680700,1.684530
2021-07-18,1.688800,1.705020,1.686220,1.688100
2021-07-19,1.701770,1.709590,1.697010,1.700100
2021-07-20,1.702100,1.705520,1.691400,1.701720
2021-07-21,1.694080,1.698460,1.689820,1.693850
2021-07-22,1.686010,1.690860,1.683400,1.686490
2021-07-25,1.685940,1.693820,1.684500,1.685730
2021-07-26,1.686160,1.701360,1.685000,1.685810
2021-07-27,1.697420,1.704750,1.695610,1.697570
2021-07-28,1.701960,1.704610,1.693000,1.702010
2021-07-29,1.695700,1.700330,1.694600,1.695880
2021-08-01,1.700880,1.705680,1.699180,1.701200
2021-08-02,1.699370,1.699390,1.691100,1.699340
2021-08-03,1.684480,1.685790,1.673900,1.684750
2021-08-04,1.680600,1.680840,1.673600,1.680390
2021-08-05,1.678560,1.679400,1.671000,1.678970
2021-08-08,1.679400,1.681120,1.673400,1.679400
2021-08-09,1.678520,1.683770,1.671380,1.678350
2021-08-10,1.672480,1.674250,1.663200,1.672820
2021-08-11,1.667220,1.675810,1.665300,1.666800
2021-08-12,1.675670,1.679400,1.673500,1.675460
2021-08-15,1.675260,1.678850,1.674000,1.674600
2021-08-16,1.675490,1.703030,1.674500,1.675840
2021-08-17,1.690210,1.702920,1.686370,1.690120
2021-08-18,1.702620,1.715890,1.701400,1.702370
2021-08-19,1.711760,1.716080,1.706800,1.712170
2021-08-22,1.711830,1.713810,1.701300,1.712280
2021-08-23,1.703530,1.706260,1.687700,1.703670
2021-08-24,1.693720,1.693720,1.686180,1.694070
2021-08-25,1.688100,1.692940,1.686100,1.688220
2021-08-26,1.693030,1.694690,1.681950,1.692430
2021-08-29,1.681990,1.687840,1.681900,1.681600
2021-08-30,1.684870,1.685430,1.673200,1.685440
2021-08-31,1.674510,1.678820,1.670600,1.674720
2021-09-01,1.675260,1.677330,1.666200,1.675750
2021-09-02,1.670260,1.671290,1.661100,1.670090
2021-09-05,1.662080,1.664050,1.659000,1.661800
2021-09-06,1.663940,1.670140,1.660000,1.663810
2021-09-07,1.668460,1.669990,1.662000,1.668710
2021-09-08,1.665570,1.667870,1.656300,1.665140
2021-09-09,1.664080,1.666980,1.653100,1.663500
2021-09-12,1.658900,1.662380,1.654800,1.659650
2021-09-13,1.659550,1.664100,1.655700,1.659100
2021-09-14,1.663440,1.668620,1.660450,1.662400
2021-09-15,1.657880,1.666130,1.652300,1.657290
2021-09-16,1.663490,1.670260,1.661700,1.662700
2021-09-19,1.667100,1.670630,1.663890,1.667370
2021-09-20,1.671050,1.676080,1.662930,1.670990
2021-09-21,1.675120,1.675610,1.667800,1.675330
2021-09-22,1.671450,1.675110,1.655470,1.671860
2021-09-23,1.661190,1.673110,1.658600,1.661560
2021-09-26,1.670420,1.672300,1.666800,1.670520
2021-09-27,1.669160,1.680350,1.664100,1.668890
2021-09-28,1.678930,1.690840,1.677500,1.678980
2021-09-29,1.688600,1.689150,1.675320,1.688110
2021-09-30,1.678370,1.683510,1.669800,1.678280
2021-10-03,1.672040,1.674010,1.666330,1.671860
2021-10-04,1.668350,1.673150,1.662800,1.668510
2021-10-05,1.667050,1.678820,1.661370,1.666800
2021-10-06,1.670590,1.672050,1.664500,1.670940
2021-10-07,1.666210,1.671120,1.662400,1.665300
2021-10-10,1.671030,1.671030,1.661500,1.670860
2021-10-11,1.664790,1.668350,1.657000,1.663910
2021-10-12,1.665360,1.669000,1.660000,1.665000
2021-10-13,1.662790,1.663500,1.647200,1.663370
2021-10-14,1.647160,1.648510,1.638600,1.647330
2021-10-17,1.636260,1.644490,1.634900,1.636790
2021-10-18,1.637060,1.638190,1.623300,1.637100
2021-10-19,1.625230,1.626090,1.615600,1.625440
2021-10-20,1.618290,1.625190,1.615300,1.618820
2021-10-21,1.624590,1.630320,1.619000,1.623600
2021-10-24,1.627000,1.630050,1.618390,1.627660
2021-10-25,1.620060,1.621410,1.615000,1.620080
2021-10-26,1.617890,1.625750,1.615800,1.617100
2021-10-27,1.619200,1.622060,1.613230,1.619300
2021-10-28,1.623900,1.628450,1.612560,1.623540
2021-11-01,1.609880,1.614360,1.607600,1.610230
2021-11-02,1.615810,1.631230,1.613400,1.615650
2021-11-03,1.624820,1.627780,1.620800,1.625050
2021-11-04,1.618130,1.625920,1.617800,1.618680
2021-11-05,1.625480,1.632540,1.621780,1.624400
2021-11-08,1.627330,1.627690,1.612300,1.627150
2021-11-09,1.617370,1.628310,1.616600,1.617850
2021-11-10,1.627100,1.631050,1.623800,1.626600
2021-11-11,1.625410,1.635020,1.623800,1.625250
2021-11-12,1.629900,1.634530,1.625000,1.630590
2021-11-15,1.624780,1.627020,1.616500,1.624400
2021-11-16,1.613850,1.621910,1.610600,1.613300
2021-11-17,1.618880,1.620350,1.611300,1.619000
2021-11-18,1.615970,1.618690,1.605800,1.616110
2021-11-19,1.614440,1.616160,1.607700,1.614370
2021-11-22,1.612790,1.616710,1.607040,1.612650
2021-11-23,1.617640,1.625790,1.615250,1.617560
2021-11-24,1.617210,1.630910,1.616210,1.617200
2021-11-25,1.629260,1.639610,1.625600,1.629350
2021-11-26,1.636300,1.659610,1.635500,1.637710
2021-11-29,1.653090,1.659220,1.647890,1.654150
2021-11-30,1.652800,1.668930,1.652400,1.653120
2021-12-01,1.659730,1.661830,1.650700,1.660070
2021-12-02,1.661270,1.668020,1.658100,1.660300
2021-12-03,1.659900,1.674930,1.659870,1.659590
2021-12-06,1.672700,1.676480,1.668800,1.672800
2021-12-07,1.671950,1.674570,1.656600,1.671660
2021-12-08,1.660200,1.668350,1.659600,1.660200
2021-12-09,1.666160,1.667400,1.659100,1.666320
2021-12-10,1.661750,1.666700,1.658900,1.661890
2021-12-13,1.664240,1.672440,1.660400,1.664390
2021-12-14,1.670470,1.675980,1.667500,1.671080
2021-12-15,1.671070,1.673520,1.667500,1.671140
2021-12-16,1.666030,1.670040,1.655100,1.665800
2021-12-17,1.667700,1.675340,1.665500,1.667530
2021-12-20,1.669600,1.682710,1.667300,1.670090
2021-12-21,1.679840,1.681680,1.667970,1.679820
2021-12-22,1.668230,1.672180,1.660320,1.668270
2021-12-23,1.664330,1.668020,1.655370,1.664230
2021-12-24,1.661100,1.663570,1.651530,1.659590
2021-12-27,1.661440,1.666120,1.657500,1.661320
2021-12-28,1.662180,1.664870,1.658400,1.661990
2021-12-29,1.662210,1.664520,1.658300,1.661500
2021-12-30,1.659900,1.660680,1.652200,1.660800
2021-12-31,1.657590,1.663100,1.653800,1.657670
2022-01-03,1.662550,1.668730,1.655300,1.662450
2022-01-04,1.664230,1.666910,1.658300,1.664520
2022-01-05,1.655600,1.663560,1.653500,1.656020
2022-01-06,1.664820,1.679260,1.664200,1.665080
2022-01-07,1.675590,1.679720,1.671600,1.675670
2022-01-10,1.675520,1.679670,1.670200,1.675490
2022-01-11,1.674350,1.679110,1.671800,1.674380
2022-01-12,1.675550,1.677700,1.668690,1.675420
2022-01-13,1.670690,1.671520,1.664550,1.670770
2022-01-14,1.669520,1.677080,1.668100,1.669000
2022-01-17,1.676070,1.680090,1.675000,1.675840
2022-01-18,1.678690,1.683960,1.674320,1.678690
2022-01-19,1.672740,1.673880,1.665810,1.673120
2022-01-20,1.672200,1.679660,1.667200,1.673010
2022-01-21,1.675530,1.690480,1.675530,1.675890
2022-01-24,1.687160,1.698120,1.683800,1.686950
2022-01-25,1.688960,1.695940,1.687690,1.689050
2022-01-26,1.689210,1.692600,1.684190,1.689150
2022-01-27,1.687450,1.700770,1.683940,1.687740
2022-01-28,1.692620,1.703830,1.692170,1.692490
2022-01-31,1.702490,1.707880,1.695600,1.702060
2022-02-01,1.707520,1.709370,1.696700,1.707220
2022-02-02,1.698240,1.705240,1.694400,1.698490
2022-02-03,1.708310,1.715030,1.697000,1.708920
2022-02-04,1.715550,1.735750,1.713100,1.715500
2022-02-07,1.730240,1.733710,1.721300,1.730290
2022-02-08,1.723390,1.724130,1.714900,1.723650
2022-02-09,1.717000,1.719280,1.707100,1.717540
2022-02-10,1.709850,1.712530,1.703000,1.709990
2022-02-11,1.711770,1.716530,1.702460,1.711980
2022-02-14,1.709510,1.715340,1.708300,1.709600
2022-02-15,1.708490,1.715270,1.705000,1.708310
2022-02-16,1.710240,1.713380,1.705420,1.709800
2022-02-17,1.702490,1.702490,1.691900,1.702470
2022-02-18,1.698490,1.698520,1.688840,1.698590
2022-02-21,1.691470,1.693660,1.684000,1.691670
2022-02-22,1.688510,1.689570,1.679780,1.688920
2022-02-23,1.680460,1.682680,1.665600,1.680350
2022-02-24,1.669300,1.677700,1.665850,1.669780
2022-02-25,1.673030,1.674880,1.663750,1.673140
2022-02-28,1.671840,1.672570,1.656600,1.670380
2022-03-01,1.657160,1.658750,1.642880,1.656750
2022-03-02,1.644690,1.645900,1.636110,1.644680
2022-03-03,1.638460,1.640760,1.625900,1.638250
2022-03-04,1.624890,1.627100,1.592910,1.625060
2022-03-07,1.581630,1.594100,1.564320,1.581630
2022-03-08,1.589160,1.600470,1.585700,1.588980
2022-03-09,1.601430,1.618670,1.599470,1.601560
2022-03-10,1.618100,1.622050,1.601290,1.619250
2022-03-11,1.602170,1.610870,1.599780,1.602150
2022-03-14,1.604640,1.619080,1.603230,1.604570
2022-03-15,1.621590,1.632490,1.616900,1.621350
2022-03-16,1.622260,1.625310,1.612790,1.622100
2022-03-17,1.613690,1.616360,1.610700,1.613540
2022-03-18,1.610390,1.612370,1.598300,1.610320
2022-03-21,1.600160,1.605420,1.595400,1.600370
2022-03-22,1.601610,1.601610,1.583000,1.601540
2022-03-23,1.583450,1.587760,1.576230,1.583740
2022-03-24,1.577340,1.582550,1.576500,1.577700
2022-03-25,1.580610,1.585980,1.577900,1.580490
2022-03-27,1.578330,1.593030,1.574600,1.578330
2022-03-28,1.591420,1.615030,1.590500,1.591420
2022-03-29,1.597550,1.600520,1.592900,1.597550
2022-03-30,1.601090,1.608000,1.594950,1.601090
2022-03-31,1.597110,1.601800,1.589900,1.597110
2022-04-03,1.598720,1.599380,1.577600,1.598720
2022-04-04,1.579700,1.580230,1.559410,1.579700
2022-04-05,1.569680,1.576290,1.563590,1.569680
2022-04-06,1.576690,1.586070,1.575270,1.576690
2022-04-07,1.577970,1.589510,1.575400,1.577970
2022-04-10,1.593070,1.597650,1.591200,1.592340
2022-04-11,1.595530,1.597070,1.575200,1.595530
2022-04-12,1.578850,1.602590,1.571140,1.578850
2022-04-13,1.602310,1.601870,1.585000,1.602310
2022-04-14,1.594900,1.596950,1.588630,1.594900
2022-04-17,1.599680,1.605760,1.598700,1.599680
2022-04-18,1.599800,1.605110,1.597300,1.599800
2022-04-19,1.599890,1.602380,1.592300,1.599890
2022-04-20,1.599350,1.611170,1.594700,1.599350
2022-04-21,1.611350,1.627170,1.610800,1.611350
2022-04-24,1.631730,1.635570,1.620440,1.631730
2022-04-25,1.618670,1.620650,1.608900,1.618670
2022-04-26,1.618690,1.622570,1.608190,1.618690
2022-04-27,1.613280,1.627130,1.611900,1.613280
2022-04-28,1.617560,1.627560,1.611240,1.617560
2022-05-01,1.631810,1.640110,1.629290,1.631810
2022-05-02,1.631430,1.640130,1.624890,1.631430
2022-05-03,1.635860,1.639150,1.628240,1.635860
2022-05-04,1.621420,1.640360,1.618190,1.621420
2022-05-05,1.638960,1.649060,1.636700,1.638960
2022-05-08,1.648310,1.663830,1.648250,1.648310
2022-05-09,1.670900,1.679700,1.666400,1.670900
2022-05-10,1.674050,1.675610,1.656900,1.674050
2022-05-11,1.672680,1.683970,1.663290,1.672680
2022-05-12,1.661200,1.666380,1.657800,1.661200
2022-05-15,1.653720,1.667860,1.652960,1.653720
2022-05-16,1.653920,1.661950,1.645200,1.653920
2022-05-17,1.658520,1.660350,1.651800,1.658520
2022-05-18,1.663340,1.666300,1.647160,1.663340
2022-05-19,1.657570,1.659710,1.648030,1.657570
2022-05-22,1.645890,1.651820,1.636200,1.645890
2022-05-23,1.656660,1.669290,1.654940,1.656660
2022-05-24,1.664230,1.666530,1.642160,1.664230
2022-05-25,1.649180,1.661120,1.646520,1.649180
2022-05-26,1.655590,1.658090,1.638200,1.655590
2022-05-29,1.642280,1.647220,1.639200,1.642280
2022-05-30,1.642620,1.649620,1.640470,1.642620
2022-05-31,1.646590,1.652870,1.639700,1.646590
2022-06-01,1.643410,1.648900,1.636970,1.643410
2022-06-02,1.638680,1.646840,1.636560,1.638680
2022-06-05,1.647680,1.650270,1.639600,1.647680
2022-06-06,1.647600,1.658540,1.647630,1.647600
2022-06-07,1.649900,1.665000,1.648940,1.649900
2022-06-08,1.663170,1.673470,1.658700,1.663170
2022-06-09,1.662970,1.663520,1.647010,1.662970
2022-06-12,1.655100,1.665630,1.651690,1.655100
2022-06-13,1.659730,1.675880,1.657700,1.659730
2022-06-14,1.676370,1.685140,1.663540,1.676370
2022-06-15,1.661640,1.667340,1.657430,1.661640
2022-06-16,1.658010,1.667290,1.657700,1.658010
2022-06-19,1.658450,1.664470,1.653700,1.658450
2022-06-20,1.659920,1.669410,1.658600,1.659920
2022-06-21,1.667200,1.684540,1.666700,1.667200
2022-06-22,1.684370,1.688840,1.670660,1.684370
2022-06-23,1.673570,1.675570,1.667860,1.673570
2022-06-26,1.672600,1.680620,1.670810,1.672600
2022-06-27,1.680970,1.685380,1.676500,1.680970
2022-06-28,1.687110,1.692570,1.678240,1.687110
2022-06-29,1.678030,1.684260,1.666560,1.678030
2022-06-30,1.679040,1.696660,1.676500,1.679040
2022-07-03,1.680310,1.683020,1.670200,1.680310
2022-07-04,1.678410,1.682880,1.667240,1.678410
2022-07-05,1.663650,1.666250,1.646220,1.663650
2022-07-06,1.654800,1.657320,1.645160,1.654800
2022-07-07,1.645100,1.650940,1.639760,1.645100
2022-07-10,1.643260,1.649400,1.639710,1.643260
2022-07-11,1.641020,1.643690,1.636600,1.641020
2022-07-12,1.638110,1.646480,1.633150,1.638110
2022-07-13,1.642320,1.646970,1.634500,1.642320
2022-07-14,1.635320,1.638780,1.631900,1.635320
2022-07-17,1.630300,1.649650,1.629800,1.630300
2022-07-18,1.648650,1.649410,1.640890,1.648650
2022-07-19,1.641220,1.642490,1.629930,1.641220
2022-07-20,1.635750,1.654510,1.635700,1.635750
2022-07-21,1.637010,1.638960,1.623260,1.637010
2022-07-24,1.636130,1.639290,1.629900,1.636130
2022-07-25,1.633520,1.635480,1.621700,1.633520
2022-07-26,1.622880,1.632960,1.622300,1.622880
2022-07-27,1.630370,1.631340,1.613450,1.630370
2022-07-28,1.618820,1.631690,1.616100,1.618820
2022-07-31,1.625380,1.627460,1.614200,1.625380
2022-08-01,1.620490,1.631250,1.619500,1.620490
2022-08-02,1.632220,1.633690,1.621600,1.632220
2022-08-03,1.620590,1.625700,1.612410,1.620590
2022-08-04,1.627270,1.633000,1.621100,1.627270
2022-08-07,1.629940,1.632320,1.618050,1.629940
2022-08-08,1.621260,1.630210,1.620600,1.621260
2022-08-09,1.624030,1.625860,1.607310,1.624030
2022-08-10,1.607720,1.610660,1.602580,1.607720
2022-08-11,1.604040,1.604260,1.590780,1.604040
2022-08-14,1.589920,1.604340,1.589900,1.589920
2022-08-15,1.596200,1.607260,1.595500,1.596200
2022-08-16,1.603420,1.624010,1.594990,1.603420
2022-08-17,1.621560,1.625150,1.610180,1.621560
2022-08-18,1.615670,1.626700,1.613300,1.615670
2022-08-21,1.624730,1.625340,1.611570,1.624730
2022-08-22,1.609080,1.610920,1.601400,1.609080
2022-08-23,1.605560,1.612600,1.602600,1.605560
2022-08-24,1.611700,1.613410,1.599000,1.611700
2022-08-25,1.603950,1.624520,1.603200,1.603950
2022-08-28,1.625720,1.633850,1.619540,1.625720
2022-08-29,1.624870,1.632040,1.618600,1.624870
2022-08-30,1.634720,1.641880,1.628000,1.634720
2022-08-31,1.642800,1.647500,1.633480,1.642800
2022-09-01,1.635460,1.646500,1.631500,1.635460
2022-09-04,1.628040,1.631170,1.623250,1.628040
2022-09-05,1.629660,1.640510,1.625260,1.629660
2022-09-06,1.640510,1.649640,1.639900,1.640510
2022-09-07,1.648800,1.657070,1.644160,1.648800
2022-09-08,1.648200,1.652620,1.641000,1.648200
2022-09-11,1.647430,1.658130,1.644700,1.647430
2022-09-12,1.647860,1.663650,1.647300,1.647860
2022-09-13,1.661810,1.670160,1.658600,1.661810
2022-09-14,1.659090,1.672580,1.657180,1.659090
2022-09-15,1.675900,1.678430,1.669780,1.675900
2022-09-18,1.671510,1.685430,1.669900,1.671510
2022-09-19,1.680780,1.695200,1.680600,1.680780
2022-09-20,1.689300,1.692910,1.677330,1.689300
2022-09-21,1.686540,1.691910,1.679400,1.686540
2022-09-22,1.682340,1.690230,1.677880,1.682340
2022-09-25,1.686850,1.698350,1.678280,1.686850
2022-09-26,1.698500,1.703210,1.685750,1.698500
2022-09-27,1.703770,1.715470,1.693420,1.703770
2022-09-28,1.697560,1.719020,1.697300,1.697560
2022-09-29,1.711680,1.735070,1.711480,1.711680
2022-10-02,1.742770,1.744310,1.714600,1.742770
2022-10-03,1.718900,1.744280,1.714200,1.718900
2022-10-04,1.740120,1.743110,1.722010,1.740120
2022-10-05,1.715770,1.736040,1.707100,1.715770
2022-10-06,1.729170,1.738870,1.726450,1.729170
2022-10-09,1.736160,1.747010,1.730750,1.736160
2022-10-10,1.742410,1.747810,1.728020,1.742410
2022-10-11,1.736890,1.742010,1.726270,1.736890
2022-10-12,1.729930,1.747870,1.726430,1.729930
2022-10-13,1.732670,1.749750,1.723510,1.732670
2022-10-16,1.746540,1.754440,1.735290,1.746540
2022-10-17,1.740100,1.741070,1.722640,1.740100
2022-10-18,1.732030,1.732480,1.720400,1.732030
2022-10-19,1.724760,1.734960,1.712730,1.724760
2022-10-20,1.724900,1.735030,1.711900,1.724900
2022-10-23,1.710440,1.742260,1.708300,1.710440
2022-10-24,1.732900,1.739890,1.725820,1.732900
2022-10-25,1.734850,1.737150,1.723400,1.734850
2022-10-26,1.727400,1.732850,1.705290,1.727400
2022-10-27,1.710180,1.720220,1.701080,1.710180
2022-10-31,1.715700,1.716970,1.700450,1.715700
2022-11-01,1.697140,1.698260,1.685430,1.697140
2022-11-02,1.688960,1.691990,1.679280,1.688960
2022-11-03,1.688030,1.696680,1.683400,1.688030
2022-11-04,1.690180,1.693780,1.674210,1.690180
2022-11-07,1.684380,1.689900,1.682130,1.684380
2022-11-08,1.686490,1.693320,1.680800,1.686490
2022-11-09,1.690490,1.704100,1.689790,1.690490
2022-11-10,1.702050,1.710980,1.691050,1.702050
2022-11-11,1.693560,1.704240,1.690070,1.693560
2022-11-14,1.691610,1.698000,1.688800,1.691610
2022-11-15,1.694390,1.695450,1.679760,1.694390
2022-11-16,1.679840,1.692820,1.679500,1.679840
2022-11-17,1.689870,1.701460,1.686600,1.689870
2022-11-18,1.690500,1.690950,1.672830,1.690500
2022-11-21,1.674860,1.681680,1.671910,1.674860
2022-11-22,1.680070,1.680020,1.667400,1.680070
2022-11-23,1.674720,1.678130,1.662040,1.674720
2022-11-24,1.665710,1.669250,1.657530,1.665710
2022-11-25,1.662620,1.669600,1.660300,1.662620
2022-11-28,1.667570,1.684320,1.665900,1.667570
2022-11-29,1.677100,1.678370,1.659990,1.677100
2022-11-30,1.665990,1.668550,1.654590,1.665990
2022-12-01,1.650910,1.652790,1.641900,1.650910
2022-12-02,1.652880,1.653970,1.642190,1.652880
2022-12-05,1.655600,1.665250,1.642500,1.643000
2022-12-06,1.660160,1.663940,1.652890,1.660160
2022-12-07,1.655160,1.660990,1.647680,1.655160
2022-12-08,1.654460,1.658770,1.649250,1.654460
2022-12-09,1.654200,1.658180,1.641600,1.654200
2022-12-12,1.645700,1.654900,1.642800,1.645700
2022-12-13,1.650430,1.652310,1.635090,1.650180
2022-12-14,1.646630,1.655510,1.645100,1.646630
2022-12-15,1.654220,1.679090,1.651400,1.654220
2022-12-16,1.676890,1.677190,1.662700,1.676890
2022-12-19,1.661150,1.669250,1.657400,1.661150
2022-12-20,1.668050,1.683030,1.664580,1.668050
2022-12-21,1.674740,1.690540,1.673600,1.674740
2022-12-22,1.685800,1.697900,1.680190,1.685800
2022-12-23,1.695680,1.698970,1.684140,1.695680
2022-12-26,1.688500,1.697700,1.682110,1.686100
2022-12-27,1.686840,1.697030,1.685700,1.686840
2022-12-28,1.695520,1.699440,1.676290,1.695520
2022-12-29,1.682160,1.689770,1.672870,1.682160
2022-12-30,1.679840,1.690040,1.677550,1.679840
2023-01-02,1.683460,1.703700,1.681090,1.683460
2023-01-03,1.687690,1.696880,1.677880,1.687690
2023-01-04,1.688140,1.689100,1.671810,1.688140
2023-01-05,1.687550,1.693640,1.682470,1.687550
2023-01-06,1.688460,1.694210,1.675290,1.688460
2023-01-09,1.675650,1.681950,1.667330,1.675650
2023-01-10,1.684970,1.688940,1.681200,1.684970
2023-01-11,1.685240,1.696810,1.682700,1.685240
2023-01-12,1.690790,1.700140,1.687400,1.690790
2023-01-13,1.700120,1.703970,1.692190,1.700120
2023-01-16,1.694300,1.700000,1.690930,1.694300
2023-01-17,1.694750,1.697710,1.678210,1.694750
2023-01-18,1.677250,1.678500,1.666080,1.677250
2023-01-19,1.675270,1.698030,1.674090,1.675270
2023-01-20,1.693880,1.694320,1.676800,1.693880
2023-01-23,1.676700,1.687150,1.672900,1.676200
2023-01-24,1.674990,1.677620,1.669700,1.674990
2023-01-25,1.676700,1.688240,1.675120,1.676700
2023-01-26,1.684350,1.685900,1.675790,1.684350
2023-01-27,1.678300,1.679520,1.671100,1.678300
2023-01-30,1.673400,1.681600,1.671900,1.672900
2023-01-31,1.677260,1.687690,1.676000,1.677260
2023-02-01,1.686910,1.696590,1.685400,1.686910
2023-02-02,1.689880,1.691060,1.675730,1.689880
2023-02-03,1.683690,1.707840,1.680700,1.683690
2023-02-06,1.703600,1.710900,1.703590,1.704200
2023-02-07,1.700650,1.701350,1.691910,1.700650
2023-02-08,1.697230,1.702340,1.694100,1.697230
2023-02-09,1.696880,1.698900,1.686720,1.696880
2023-02-10,1.697230,1.700980,1.686980,1.697230
2023-02-13,1.691440,1.694130,1.682920,1.691440
2023-02-14,1.686670,1.701470,1.685600,1.686670
2023-02-15,1.694640,1.708750,1.694400,1.694640
2023-02-16,1.702460,1.708720,1.696950,1.702460
2023-02-17,1.707670,1.716480,1.706170,1.707670
2023-02-20,1.713160,1.716690,1.705830,1.713160
2023-02-21,1.707220,1.717360,1.704080,1.707220
2023-02-22,1.713660,1.716260,1.702800,1.713660
2023-02-23,1.703900,1.705700,1.698500,1.703900
2023-02-24,1.700920,1.713680,1.697500,1.700920
2023-02-27,1.711740,1.720650,1.709600,1.711740
2023-02-28,1.721030,1.728650,1.709850,1.721030
2023-03-01,1.709580,1.713640,1.700030,1.709580
2023-03-02,1.705850,1.710850,1.702970,1.705850
2023-03-03,1.703860,1.710510,1.700500,1.703860
2023-03-06,1.711120,1.727360,1.709180,1.711120
2023-03-07,1.723900,1.726870,1.716800,1.723900
2023-03-08,1.726110,1.730170,1.721000,1.726110
2023-03-09,1.725150,1.727780,1.720220,1.725150
2023-03-10,1.734940,1.737550,1.726570,1.734940
2023-03-13,1.730300,1.743200,1.712800,1.733100
2023-03-14,1.725050,1.725380,1.714650,1.725050
2023-03-15,1.721770,1.730310,1.697190,1.721770
2023-03-16,1.716690,1.724720,1.711730,1.716690
2023-03-17,1.710920,1.713500,1.699310,1.710920
2023-03-20,1.702160,1.716740,1.700820,1.702160
2023-03-21,1.717070,1.745720,1.716700,1.717070
2023-03-22,1.739610,1.744300,1.730070,1.739610
2023-03-23,1.744130,1.745730,1.731730,1.744130
2023-03-24,1.734330,1.737450,1.727240,1.734330
2023-03-26,1.735170,1.745140,1.732600,1.734500
2023-03-27,1.742160,1.742290,1.733700,1.742160
2023-03-28,1.733080,1.743920,1.728000,1.733080
2023-03-29,1.742870,1.748970,1.734940,1.742870
2023-03-30,1.739260,1.741430,1.732800,1.739260
2023-04-02,1.735320,1.739660,1.726580,1.735320
2023-04-03,1.730900,1.740200,1.726200,1.730900
2023-04-04,1.734200,1.739930,1.721250,1.734200
2023-04-05,1.725690,1.749600,1.724700,1.725610
2023-04-06,1.748430,1.751760,1.739700,1.748430
2023-04-09,1.744640,1.751200,1.744300,1.744640
2023-04-10,1.745440,1.761030,1.744400,1.745440
2023-04-11,1.762170,1.769600,1.758810,1.762170
2023-04-12,1.768490,1.772000,1.752550,1.768490
2023-04-13,1.752600,1.770070,1.751740,1.752600
2023-04-16,1.771100,1.773720,1.767200,1.771100
2023-04-17,1.767150,1.768750,1.762390,1.767150
2023-04-18,1.765890,1.771820,1.761370,1.765890
2023-04-19,1.777180,1.781210,1.770500,1.777180
2023-04-20,1.775120,1.792220,1.775070,1.775120
2023-04-23,1.789170,1.796110,1.786120,1.789170
2023-04-24,1.790380,1.792780,1.785200,1.790380
2023-04-25,1.785840,1.807900,1.784300,1.785840
2023-04-26,1.804550,1.806030,1.792750,1.804380
2023-04-27,1.794750,1.796680,1.783900,1.794750
2023-04-30,1.783870,1.784610,1.776810,1.783870
2023-05-01,1.779210,1.779980,1.763560,1.779210
2023-05-02,1.768250,1.774960,1.764010,1.768250
2023-05-03,1.781900,1.783050,1.751570,1.781900
2023-05-04,1.752280,1.753090,1.747140,1.752280
2023-05-07,1.749110,1.751160,1.732800,1.749110
2023-05-08,1.734670,1.738030,1.730300,1.734670
2023-05-09,1.729870,1.732600,1.723600,1.729870
2023-05-10,1.723990,1.733950,1.720480,1.723990
2023-05-11,1.733550,1.755320,1.732000,1.733550
2023-05-14,1.750700,1.753250,1.745200,1.750700
2023-05-15,1.741550,1.745180,1.738300,1.741550
2023-05-16,1.741910,1.743360,1.727000,1.741910
2023-05-17,1.735100,1.736600,1.727740,1.735100
2023-05-18,1.727880,1.728290,1.716300,1.727880
2023-05-21,1.722110,1.725570,1.719300,1.717600
2023-05-22,1.719850,1.727130,1.716620,1.719850
2023-05-23,1.722980,1.762720,1.721400,1.722980
2023-05-24,1.761620,1.773580,1.759700,1.761620
2023-05-25,1.771530,1.774160,1.762100,1.771530
2023-05-28,1.769500,1.774690,1.765900,1.769500
2023-05-29,1.771330,1.775720,1.766000,1.771330
2023-05-30,1.774000,1.783460,1.774200,1.774000
2023-05-31,1.774710,1.781340,1.768660,1.774710
2023-06-01,1.773900,1.775550,1.762370,1.773900
2023-06-04,1.765710,1.768410,1.761440,1.765710
2023-06-05,1.764440,1.765210,1.756200,1.764440
2023-06-06,1.760030,1.769820,1.757300,1.760030
2023-06-07,1.772140,1.772130,1.763100,1.772140
2023-06-08,1.769170,1.770620,1.753200,1.769170
2023-06-11,1.753550,1.760550,1.751670,1.753550
2023-06-12,1.755970,1.763990,1.749100,1.755970
2023-06-13,1.751570,1.755630,1.739790,1.751570
2023-06-14,1.749650,1.762210,1.745170,1.749650
2023-06-15,1.755330,1.762100,1.752100,1.755330
2023-06-18,1.754500,1.763920,1.754000,1.754500
2023-06-19,1.761320,1.776540,1.759600,1.761320
2023-06-20,1.770720,1.773380,1.764100,1.770720
2023-06-21,1.770940,1.775480,1.767300,1.770940
2023-06-22,1.772020,1.780970,1.767590,1.772020
2023-06-25,1.773710,1.775870,1.765800,1.773710
2023-06-26,1.770230,1.777480,1.763600,1.770230
2023-06-27,1.779630,1.800460,1.779160,1.779630
2023-06-28,1.797010,1.797480,1.789500,1.797010
2023-06-29,1.791270,1.792980,1.779970,1.791270
2023-07-02,1.779800,1.781700,1.770000,1.780400
2023-07-03,1.772780,1.774690,1.754850,1.772780
2023-07-04,1.755680,1.761420,1.753500,1.755680
2023-07-05,1.757000,1.768710,1.748220,1.757000
2023-07-06,1.766950,1.769410,1.758600,1.766950
2023-07-09,1.767220,1.774610,1.764640,1.767220
2023-07-10,1.773190,1.780760,1.768940,1.773190
2023-07-11,1.776470,1.782290,1.765700,1.776470
2023-07-12,1.766720,1.767670,1.750270,1.766720
2023-07-13,1.755910,1.763180,1.752300,1.755910
2023-07-16,1.763630,1.776750,1.763600,1.763630
2023-07-17,1.777790,1.793140,1.773200,1.777790
2023-07-18,1.783100,1.799530,1.782350,1.783100
2023-07-19,1.789040,1.790820,1.778900,1.789040
2023-07-20,1.787040,1.800960,1.785300,1.787040
2023-07-23,1.803630,1.806730,1.783500,1.803630
2023-07-24,1.784290,1.787170,1.773200,1.784290
2023-07-25,1.777500,1.784600,1.775500,1.777500
2023-07-26,1.783180,1.785700,1.768900,1.783180
2023-07-27,1.774240,1.791650,1.773900,1.774240
2023-07-30,1.789530,1.790740,1.770970,1.789530
2023-07-31,1.772320,1.786890,1.768800,1.772320
2023-08-01,1.792310,1.802020,1.791340,1.792310
2023-08-02,1.798010,1.802700,1.796800,1.798010
2023-08-03,1.800470,1.804130,1.795900,1.800470
2023-08-06,1.803610,1.805180,1.797940,1.803610
2023-08-07,1.801740,1.814040,1.800000,1.801740
2023-08-08,1.809290,1.816010,1.800300,1.809290
2023-08-09,1.810760,1.818350,1.807630,1.810760
2023-08-10,1.826250,1.832710,1.824650,1.826250
2023-08-13,1.828690,1.835560,1.823430,1.828690
2023-08-14,1.825560,1.833860,1.820600,1.825560
2023-08-15,1.830320,1.837330,1.822720,1.830320
2023-08-16,1.833450,1.839360,1.827500,1.833450
2023-08-17,1.835100,1.837770,1.829800,1.835100
2023-08-20,1.834890,1.846010,1.832700,1.834890
2023-08-21,1.837820,1.840110,1.822800,1.837820
2023-08-22,1.825770,1.827360,1.815600,1.825770
2023-08-23,1.818670,1.829350,1.817500,1.818670
2023-08-24,1.824020,1.830040,1.821200,1.824020
2023-08-27,1.826590,1.833240,1.824320,1.826590
2023-08-28,1.832420,1.833560,1.821980,1.832420
2023-08-29,1.820500,1.829240,1.820500,1.820500
2023-08-30,1.835860,1.836010,1.821460,1.835860
2023-08-31,1.814190,1.822350,1.808740,1.814190
2023-09-03,1.813270,1.818650,1.809600,1.813270
2023-09-04,1.817520,1.831630,1.816500,1.817520
2023-09-05,1.822560,1.827790,1.818200,1.822560
2023-09-06,1.826550,1.829270,1.814600,1.826550
2023-09-07,1.819640,1.820630,1.809100,1.819640
2023-09-10,1.815930,1.816210,1.808820,1.815930
2023-09-11,1.816420,1.818810,1.811400,1.816420
2023-09-12,1.819450,1.825280,1.813300,1.819450
2023-09-13,1.812360,1.813820,1.799480,1.812360
2023-09-14,1.801260,1.808190,1.793600,1.801260
2023-09-17,1.806430,1.808080,1.802230,1.806430
2023-09-18,1.805640,1.806780,1.798900,1.805640
2023-09-19,1.794820,1.800840,1.792200,1.794820
2023-09-20,1.797680,1.803420,1.795500,1.797680
2023-09-21,1.796200,1.799090,1.779680,1.796200
2023-09-24,1.787350,1.790590,1.773650,1.787350
2023-09-25,1.774920,1.780890,1.771400,1.774920
2023-09-26,1.776970,1.782490,1.769780,1.776970
2023-09-27,1.775570,1.775460,1.765300,1.775570
2023-09-28,1.770950,1.771450,1.754150,1.770950
2023-10-01,1.761790,1.766520,1.760500,1.761790
2023-10-02,1.763870,1.778870,1.762740,1.763870
2023-10-03,1.770290,1.782040,1.768250,1.770290
2023-10-04,1.775100,1.776490,1.767600,1.775100
2023-10-05,1.767570,1.772130,1.765900,1.767570
2023-10-08,1.769170,1.769070,1.755100,1.769170
2023-10-09,1.753890,1.763130,1.750710,1.753890
2023-10-10,1.755210,1.764030,1.752730,1.755210
2023-10-11,1.764910,1.775820,1.763300,1.764910
2023-10-12,1.779240,1.785470,1.776900,1.779240
2023-10-15,1.781160,1.783430,1.775010,1.781160
2023-10-16,1.788300,1.795770,1.784300,1.788300
2023-10-17,1.793540,1.798980,1.788050,1.793540
2023-10-18,1.800070,1.813740,1.798920,1.800070
2023-10-19,1.812170,1.818830,1.811600,1.812170
2023-10-22,1.816550,1.824020,1.813700,1.816550
2023-10-23,1.823550,1.824910,1.812870,1.823550
2023-10-24,1.811100,1.819640,1.805220,1.811100
2023-10-25,1.824260,1.826450,1.809700,1.824260
2023-10-26,1.812380,1.818860,1.809340,1.812380
2023-10-30,1.818320,1.819900,1.809700,1.818320
2023-10-31,1.817490,1.823450,1.814730,1.817490
2023-11-01,1.820900,1.825330,1.804020,1.820900
2023-11-02,1.800550,1.807240,1.796970,1.800550
2023-11-03,1.800480,1.803630,1.789910,1.800480
2023-11-06,1.789710,1.799420,1.788400,1.789710
2023-11-07,1.797720,1.807890,1.796800,1.797720
2023-11-08,1.802250,1.808580,1.797330,1.802250
2023-11-09,1.811550,1.812030,1.799340,1.811550
2023-11-10,1.811280,1.814520,1.806840,1.811280
2023-11-13,1.813580,1.818270,1.811600,1.813580
2023-11-14,1.818900,1.828360,1.812300,1.818900
2023-11-15,1.810700,1.811840,1.796400,1.810700
2023-11-16,1.800370,1.816120,1.799500,1.800370
2023-11-17,1.819340,1.824750,1.811200,1.819340
2023-11-20,1.818910,1.819950,1.808840,1.818910
2023-11-21,1.812220,1.812490,1.799920,1.812220
2023-11-22,1.803020,1.810800,1.801070,1.803020
2023-11-23,1.808200,1.808080,1.798900,1.808200
2023-11-24,1.802650,1.802710,1.796600,1.802650
2023-11-27,1.799950,1.805110,1.793900,1.799950
2023-11-28,1.795580,1.799900,1.789280,1.795580
2023-11-29,1.790350,1.792730,1.773670,1.790350
2023-11-30,1.782500,1.783240,1.766340,1.782500
2023-12-01,1.768910,1.773100,1.753300,1.768910
2023-12-04,1.751700,1.759800,1.747700,1.751700
2023-12-05,1.757860,1.765230,1.755700,1.757860
2023-12-06,1.759580,1.759640,1.746770,1.759580
2023-12-07,1.753360,1.759890,1.748950,1.753360
2023-12-08,1.751200,1.758310,1.746300,1.751200
2023-12-11,1.757640,1.762450,1.752600,1.757640
2023-12-12,1.758200,1.764110,1.748540,1.758200
2023-12-13,1.759360,1.772540,1.758400,1.759360
2023-12-14,1.757860,1.773440,1.745380,1.757860
2023-12-15,1.769310,1.773120,1.751940,1.769310
2023-12-18,1.754450,1.759580,1.747200,1.754450
2023-12-19,1.757990,1.757640,1.750110,1.757990
2023-12-20,1.752090,1.752900,1.738100,1.751190
2023-12-21,1.749660,1.754820,1.745500,1.749660
2023-12-22,1.748400,1.753750,1.745720,1.748400
2023-12-25,1.747140,1.763800,1.734790,1.747140
2023-12-26,1.747570,1.748550,1.742100,1.747570
2023-12-27,1.744790,1.753480,1.740800,1.744790
2023-12-28,1.749420,1.758910,1.744200,1.749420
2023-12-29,1.746940,1.754180,1.740400,1.746940
2024-01-01,1.746190,1.749200,1.745900,1.746190
2024-01-02,1.747620,1.751300,1.743400,1.747620
2024-01-03,1.750710,1.754970,1.745800,1.750710
2024-01-04,1.747660,1.759100,1.740040,1.747660
2024-01-05,1.756770,1.760160,1.750400,1.756770
2024-01-08,1.750970,1.762300,1.749000,1.750970
2024-01-09,1.751520,1.755790,1.749100,1.751520
2024-01-10,1.752410,1.762080,1.749100,1.752410
2024-01-11,1.761100,1.764530,1.753600,1.761100
2024-01-12,1.759080,1.759990,1.749480,1.759080
2024-01-15,1.756220,1.769600,1.756220,1.755960
2024-01-16,1.768000,1.771750,1.765730,1.768000
2024-01-17,1.771430,1.781910,1.768300,1.771430
2024-01-18,1.779700,1.781860,1.776490,1.779700
2024-01-19,1.777840,1.786380,1.775760,1.777840
2024-01-22,1.780200,1.786600,1.776200,1.780380
2024-01-23,1.790820,1.790980,1.782060,1.790820
2024-01-24,1.779010,1.782960,1.773500,1.779010
2024-01-25,1.781400,1.782390,1.769340,1.781400
2024-01-26,1.775480,1.781150,1.772900,1.775480
2024-01-29,1.779490,1.780450,1.765700,1.779490
2024-01-30,1.765940,1.774090,1.759500,1.765940
2024-01-31,1.768330,1.771520,1.762500,1.768330
2024-02-01,1.767520,1.777020,1.761800,1.767520
2024-02-02,1.769410,1.779590,1.766100,1.769410
2024-02-05,1.777800,1.780710,1.771500,1.777800
2024-02-06,1.774510,1.775230,1.768500,1.774510
2024-02-07,1.763530,1.765450,1.759070,1.763530
2024-02-08,1.763610,1.769070,1.760910,1.763610
2024-02-09,1.764500,1.764550,1.751280,1.764500
2024-02-12,1.756410,1.761690,1.755270,1.756410
2024-02-13,1.757930,1.769550,1.756400,1.757560
2024-02-14,1.767780,1.769790,1.758400,1.767780
2024-02-15,1.761990,1.764340,1.758900,1.761990
2024-02-16,1.762800,1.767250,1.759840,1.762800
2024-02-19,1.757750,1.757750,1.751100,1.757470
2024-02-20,1.754120,1.755630,1.748510,1.754120
2024-02-21,1.752760,1.752790,1.744180,1.752760
2024-02-22,1.750740,1.751540,1.745300,1.750740
2024-02-23,1.747310,1.750350,1.744100,1.747310
2024-02-26,1.749130,1.758940,1.748270,1.748770
2024-02-27,1.759360,1.763260,1.757000,1.759630
2024-02-28,1.757100,1.781230,1.755520,1.757100
2024-02-29,1.777610,1.783710,1.773400,1.777680
2024-03-01,1.775310,1.777220,1.771840,1.775310
2024-03-04,1.776280,1.781540,1.774700,1.776280
2024-03-05,1.780500,1.786700,1.779800,1.780500
2024-03-06,1.783250,1.786630,1.776560,1.783250
2024-03-07,1.778540,1.778520,1.762580,1.778540
2024-03-08,1.772190,1.776150,1.765010,1.772190
2024-03-11,1.770830,1.774260,1.768900,1.770830
2024-03-12,1.771480,1.777200,1.769000,1.771480
2024-03-13,1.776830,1.778380,1.770700,1.776830
2024-03-14,1.776620,1.777740,1.772300,1.776620
2024-03-15,1.776900,1.788250,1.777020,1.776900
2024-03-18,1.787800,1.789900,1.785200,1.787800
2024-03-19,1.787590,1.796730,1.787740,1.787590
2024-03-20,1.795100,1.799030,1.793700,1.795100
2024-03-21,1.796060,1.797240,1.789230,1.796060
2024-03-22,1.796460,1.804050,1.794600,1.796460
2024-03-25,1.804150,1.805870,1.799100,1.804150
2024-03-26,1.805840,1.807080,1.800100,1.805840
2024-03-27,1.803120,1.807570,1.800000,1.803120
2024-03-28,1.803600,1.809740,1.802500,1.803600
2024-03-29,1.806400,1.806280,1.802100,1.806400
2024-03-31,1.802780,1.806880,1.800400,1.802780
2024-04-01,1.803200,1.806460,1.800600,1.803200
2024-04-02,1.803820,1.808750,1.802000,1.803820
2024-04-03,1.801930,1.802060,1.795300,1.801930
2024-04-04,1.797820,1.803870,1.797300,1.797820
2024-04-07,1.803690,1.804220,1.796200,1.803690
2024-04-08,1.800070,1.799960,1.790300,1.800070
2024-04-09,1.790200,1.797480,1.785000,1.790200
2024-04-10,1.797810,1.798440,1.786610,1.797810
2024-04-11,1.787470,1.790900,1.783700,1.787470
2024-04-14,1.790000,1.797020,1.788900,1.790000
2024-04-15,1.800050,1.809890,1.798600,1.800050
2024-04-16,1.802640,1.803660,1.796290,1.802640
2024-04-17,1.804330,1.805520,1.798560,1.804330
2024-04-18,1.802940,1.813290,1.802540,1.802940
2024-04-21,1.806330,1.806610,1.799300,1.806360
2024-04-22,1.799430,1.807340,1.797300,1.799430
2024-04-23,1.802000,1.804660,1.798200,1.802000
2024-04-24,1.802470,1.805570,1.797600,1.802470
2024-04-25,1.799600,1.803930,1.795920,1.799600
2024-04-28,1.800130,1.801610,1.791600,1.800130
2024-04-29,1.794100,1.811590,1.793800,1.794100
2024-04-30,1.814140,1.814560,1.808700,1.814140
2024-05-01,1.807400,1.810190,1.801100,1.807400
2024-05-02,1.798960,1.800460,1.786680,1.798960
2024-05-05,1.789900,1.795000,1.787400,1.789900
2024-05-06,1.791690,1.792980,1.787900,1.791690
2024-05-07,1.792590,1.796610,1.790600,1.792590
2024-05-08,1.789860,1.792420,1.786620,1.789860
2024-05-09,1.786180,1.792440,1.785300,1.786180
2024-05-12,1.789510,1.794560,1.788000,1.789510
2024-05-13,1.790900,1.795230,1.788900,1.790900
2024-05-14,1.789480,1.790230,1.779780,1.789480
2024-05-15,1.776220,1.780790,1.773830,1.776220
2024-05-16,1.774580,1.777670,1.771600,1.774580
2024-05-19,1.770900,1.780500,1.771400,1.770900
2024-05-20,1.777200,1.782080,1.776500,1.777200
2024-05-21,1.781300,1.781390,1.764600,1.781300
2024-05-22,1.774570,1.774660,1.768100,1.774570
2024-05-23,1.773350,1.776140,1.771500,1.773350
2024-05-26,1.771950,1.772190,1.763500,1.771950
2024-05-27,1.765410,1.768450,1.761800,1.765410
2024-05-28,1.767190,1.771890,1.764160,1.767190
2024-05-29,1.766800,1.772810,1.766680,1.766800
2024-05-30,1.770950,1.771150,1.763600,1.770950
2024-06-02,1.765060,1.768420,1.757460,1.765060
2024-06-03,1.761030,1.765110,1.759300,1.761030
2024-06-04,1.762260,1.762630,1.754300,1.762260
2024-06-05,1.754990,1.761870,1.752400,1.754990
2024-06-06,1.757560,1.769910,1.755500,1.757560
2024-06-09,1.765150,1.766770,1.754300,1.765150
2024-06-10,1.755500,1.759580,1.749000,1.755500
2024-06-11,1.747500,1.752380,1.742350,1.747500
2024-06-12,1.747730,1.752070,1.741600,1.747730
2024-06-13,1.742950,1.748060,1.740400,1.742950
2024-06-16,1.743000,1.753990,1.743300,1.743000
2024-06-17,1.750310,1.758350,1.748200,1.750310
2024-06-18,1.748760,1.753280,1.747100,1.748720
2024-06-19,1.750620,1.753070,1.748000,1.750620
2024-06-20,1.748720,1.750450,1.742000,1.748720
2024-06-23,1.748830,1.754450,1.747700,1.748830
2024-06-24,1.753270,1.754630,1.748610,1.753270
2024-06-25,1.750450,1.758000,1.747900,1.750450
2024-06-26,1.756610,1.759380,1.751800,1.756610
2024-06-27,1.759900,1.765170,1.754300,1.759900
2024-06-30,1.760070,1.767910,1.759800,1.760070
2024-07-01,1.770160,1.774570,1.765970,1.770160
2024-07-02,1.767250,1.773040,1.764660,1.767250
2024-07-03,1.766200,1.767540,1.763100,1.766200
2024-07-04,1.768320,1.770180,1.763100,1.768320
2024-07-07,1.762790,1.767110,1.759900,1.762790
2024-07-08,1.766470,1.769740,1.765600,1.766470
2024-07-09,1.765070,1.782760,1.763200,1.765070
2024-07-10,1.779480,1.783900,1.776200,1.779480
2024-07-11,1.783870,1.788260,1.778940,1.783870
2024-07-14,1.785770,1.792770,1.784300,1.785770
2024-07-15,1.793470,1.801390,1.793100,1.793470
2024-07-16,1.796330,1.800860,1.792200,1.796330
2024-07-17,1.799110,1.802970,1.796100,1.799110
2024-07-18,1.803590,1.810070,1.802820,1.803590
2024-07-21,1.809180,1.821110,1.808900,1.809180
2024-07-22,1.820600,1.825640,1.819700,1.820600
2024-07-23,1.822600,1.833620,1.822640,1.822600
2024-07-24,1.828480,1.841440,1.828680,1.828480
2024-07-25,1.842380,1.844930,1.837350,1.842380
2024-07-28,1.842100,1.845170,1.840400,1.842100
2024-07-29,1.840850,1.843310,1.831280,1.840850
2024-07-30,1.832570,1.836000,1.819880,1.832570
2024-07-31,1.818570,1.820750,1.807510,1.818570
2024-08-01,1.817170,1.830370,1.811690,1.817170
2024-08-04,1.834590,1.862630,1.832370,1.830800
2024-08-05,1.840290,1.848560,1.831540,1.840290
2024-08-06,1.828890,1.829100,1.811100,1.828890
2024-08-07,1.825450,1.825140,1.814830,1.825450
2024-08-08,1.816400,1.818340,1.809300,1.816400
2024-08-11,1.820430,1.820770,1.810900,1.820430
2024-08-12,1.815320,1.816120,1.806200,1.815320
2024-08-13,1.808730,1.836150,1.807110,1.808730
2024-08-14,1.835110,1.838670,1.826650,1.835110
2024-08-15,1.834630,1.834420,1.821800,1.834630
2024-08-18,1.819300,1.821780,1.813720,1.819300
2024-08-19,1.812090,1.812550,1.802500,1.812090
2024-08-20,1.807330,1.811800,1.805110,1.807330
2024-08-21,1.810170,1.813260,1.805270,1.810170
2024-08-22,1.809430,1.809760,1.798530,1.809430
2024-08-25,1.796600,1.801850,1.796000,1.796600
2024-08-26,1.799150,1.801560,1.789810,1.799130
2024-08-27,1.789970,1.791340,1.780100,1.789970
2024-08-28,1.780690,1.780420,1.765000,1.780690
2024-08-29,1.769060,1.772400,1.765000,1.769060
2024-09-01,1.767960,1.778040,1.767300,1.767960
2024-09-02,1.776170,1.787400,1.774710,1.776170
2024-09-03,1.785660,1.791240,1.782400,1.785660
2024-09-04,1.790860,1.792530,1.782900,1.790860
2024-09-05,1.785060,1.795310,1.782140,1.785060
2024-09-08,1.796520,1.802700,1.790700,1.796520
2024-09-09,1.796610,1.798900,1.790000,1.796630
2024-09-10,1.791880,1.802130,1.791890,1.791880
2024-09-11,1.795550,1.798490,1.789000,1.795550
2024-09-12,1.790630,1.798710,1.789500,1.790630
2024-09-15,1.798800,1.801580,1.794890,1.798800
2024-09-16,1.796170,1.799370,1.792200,1.796170
2024-09-17,1.795720,1.796180,1.785700,1.795720
2024-09-18,1.789820,1.792150,1.782300,1.789820
2024-09-19,1.789230,1.794320,1.784700,1.789230
2024-09-22,1.776000,1.780000,1.774630,1.789570
2024-09-23,1.772990,1.777740,1.762230,1.772990
2024-09-24,1.761790,1.775810,1.760800,1.761790
2024-09-25,1.778840,1.780480,1.765390,1.778840
2024-09-26,1.764400,1.772510,1.755400,1.764400
2024-09-29,1.758980,1.763360,1.750200,1.758980
2024-09-30,1.755040,1.762900,1.753300,1.755040
2024-10-01,1.760820,1.762950,1.753070,1.760820
2024-10-02,1.764290,1.775760,1.764780,1.764290
2024-10-03,1.774910,1.783170,1.773100,1.774910
2024-10-06,1.780850,1.793080,1.777700,1.780850
2024-10-07,1.790760,1.797020,1.786960,1.790760
2024-10-08,1.790110,1.807860,1.787830,1.790110
2024-10-09,1.802260,1.803930,1.794400,1.802260
2024-10-10,1.793610,1.796350,1.789900,1.793610
2024-10-13,1.793120,1.796930,1.789300,1.793120
2024-10-14,1.790800,1.793280,1.787590,1.790800
2024-10-15,1.797110,1.800960,1.790900,1.797110
2024-10-16,1.792190,1.794690,1.782900,1.792190
2024-10-17,1.786780,1.789910,1.783600,1.786780
2024-10-20,1.788530,1.794880,1.785400,1.788530
2024-10-21,1.795600,1.796070,1.783620,1.795600
2024-10-22,1.785840,1.796040,1.783900,1.785840
2024-10-23,1.794820,1.799110,1.788000,1.794820
2024-10-24,1.801470,1.807050,1.800400,1.801470
2024-10-28,1.805680,1.811010,1.803500,1.805680
2024-10-29,1.806730,1.812230,1.805200,1.806730
2024-10-30,1.812070,1.816760,1.805750,1.812070
2024-10-31,1.818570,1.827400,1.814100,1.818570
2024-11-01,1.822640,1.824120,1.813600,1.822640
2024-11-04,1.816120,1.821860,1.812000,1.816120
2024-11-05,1.817000,1.820510,1.816900,1.820250
2024-11-06,1.817290,1.818150,1.797210,1.817290
2024-11-07,1.807080,1.808460,1.790600,1.807080
2024-11-08,1.792540,1.799460,1.791200,1.792540
2024-11-11,1.795830,1.797170,1.784700,1.795830
2024-11-12,1.786130,1.791420,1.783700,1.786130
2024-11-13,1.792320,1.795870,1.788610,1.792320
2024-11-14,1.795760,1.800690,1.793100,1.795760
2024-11-15,1.800090,1.802200,1.795800,1.800090
2024-11-18,1.796550,1.807220,1.794900,1.796550
2024-11-19,1.798510,1.801380,1.790200,1.798510
2024-11-20,1.791860,1.795840,1.790200,1.791860
2024-11-21,1.793390,1.797250,1.789110,1.793390
2024-11-22,1.787370,1.796340,1.774920,1.787370
2024-11-25,1.787620,1.796090,1.786100,1.787620
2024-11-26,1.797150,1.802520,1.792100,1.797150
2024-11-27,1.797320,1.798930,1.781200,1.797320
2024-11-28,1.791300,1.793240,1.787790,1.791900
2024-11-29,1.791140,1.792120,1.781240,1.791140
2024-12-02,1.785380,1.787220,1.778500,1.785110
2024-12-03,1.783700,1.790340,1.781800,1.783700
2024-12-04,1.786790,1.799450,1.785000,1.786790
2024-12-05,1.794830,1.801930,1.790500,1.794830
2024-12-06,1.799540,1.812330,1.797400,1.799540
2024-12-09,1.809470,1.815280,1.797100,1.809470
2024-12-10,1.801410,1.813350,1.801470,1.801410
2024-12-11,1.815060,1.820600,1.811750,1.815060
2024-12-12,1.813200,1.816410,1.807500,1.813200
2024-12-13,1.814590,1.823100,1.812900,1.814590
2024-12-16,1.821170,1.823400,1.816110,1.821170
2024-12-17,1.815730,1.825270,1.815000,1.815730
2024-12-18,1.822500,1.833270,1.822100,1.822500
2024-12-19,1.842480,1.847720,1.834790,1.842480
2024-12-20,1.841710,1.846160,1.839090,1.841710
2024-12-23,1.845950,1.848120,1.838500,1.845950
2024-12-24,1.842760,1.845000,1.839000,1.842760
2024-12-25,1.864800,1.864800,1.828900,1.864800
2024-12-26,1.840040,1.851810,1.837200,1.840040
2024-12-27,1.852670,1.854080,1.848000,1.852670
2024-12-30,1.849290,1.850210,1.840400,1.849290
2024-12-31,1.845350,1.853660,1.843000,1.845350
2025-01-02,1.849050,1.849980,1.828580,1.849050
2025-01-03,1.835750,1.838100,1.829800,1.835750
2025-01-06,1.834860,1.843050,1.829860,1.834860
2025-01-07,1.841340,1.841550,1.830900,1.841340
2025-01-08,1.835430,1.840050,1.833500,1.835430
2025-01-09,1.839980,1.845700,1.839200,1.839980
2025-01-10,1.840100,1.847670,1.838700,1.840100
2025-01-13,1.840820,1.843600,1.835300,1.840820
2025-01-14,1.831710,1.839270,1.823200,1.831710
2025-01-15,1.839370,1.840020,1.830400,1.839370
2025-01-16,1.829110,1.838750,1.828140,1.829110
2025-01-17,1.836890,1.845910,1.835300,1.836890
2025-01-20,1.839360,1.842510,1.834700,1.839360
2025-01-21,1.833960,1.841600,1.833490,1.833960
2025-01-22,1.838170,1.842060,1.836820,1.838170
2025-01-23,1.837660,1.840720,1.834300,1.837660
2025-01-24,1.835180,1.839220,1.828400,1.835180
2025-01-27,1.838810,1.848720,1.837750,1.838810
2025-01-28,1.842630,1.845250,1.840700,1.842630
2025-01-29,1.840680,1.844690,1.840100,1.840680
2025-01-30,1.840120,1.848950,1.839200,1.840120
2025-01-31,1.844550,1.846150,1.834400,1.844550
2025-02-03,1.839770,1.851350,1.838040,1.839770
2025-02-04,1.835140,1.845060,1.833990,1.835140
2025-02-05,1.836290,1.837500,1.827020,1.836290
2025-02-06,1.831800,1.833632,1.828000,1.828030
2025-02-07,1.829990,1.830840,1.824800,1.829990
2025-02-10,1.825830,1.826480,1.821500,1.825830
2025-02-11,1.828100,1.830290,1.822370,1.828100
2025-02-12,1.831300,1.844180,1.827100,1.831300
2025-02-13,1.841930,1.849220,1.841000,1.841930
2025-02-14,1.841700,1.842320,1.830630,1.841700
2025-02-17,1.829580,1.830330,1.824900,1.829580
2025-02-18,1.828930,1.835720,1.828400,1.828930
2025-02-19,1.831350,1.839130,1.821470,1.831350
2025-02-20,1.827720,1.829640,1.817300,1.827720
2025-02-21,1.821590,1.822270,1.816600,1.821590
2025-02-24,1.821230,1.829020,1.819900,1.821230
2025-02-25,1.826630,1.839520,1.824800,1.826630
2025-02-26,1.835680,1.843100,1.835000,1.835680
2025-02-27,1.840130,1.845880,1.838300,1.840130
2025-02-28,1.847180,1.859250,1.846500,1.847180
2025-03-03,1.857760,1.867370,1.855050,1.857760
2025-03-04,1.867730,1.875250,1.866500,1.867730
2025-03-05,1.876460,1.889320,1.874300,1.876460
2025-03-06,1.883940,1.888490,1.879780,1.883940
2025-03-07,1.880340,1.904640,1.879300,1.880340
2025-03-10,1.901760,1.902390,1.886680,1.901760
2025-03-11,1.903140,1.916710,1.901300,1.903140
2025-03-12,1.910570,1.912220,1.904300,1.910570
2025-03-13,1.897430,1.908310,1.895750,1.897430
2025-03-14,1.903350,1.905550,1.892060,1.903350
2025-03-17,1.891350,1.892610,1.878500,1.891350
2025-03-18,1.874490,1.881940,1.871400,1.874490
2025-03-19,1.879980,1.885830,1.878000,1.879980
2025-03-20,1.873500,1.892360,1.874200,1.873500
2025-03-21,1.884180,1.887740,1.880100,1.884180
2025-03-24,1.885880,1.893290,1.884700,1.885880
2025-03-25,1.886420,1.888460,1.881500,1.886420
2025-03-26,1.881500,1.885140,1.872300,1.881500
2025-03-27,1.878200,1.880730,1.873430,1.878200
2025-03-28,1.882850,1.892260,1.882400,1.882850
2025-03-30,1.896480,1.909940,1.893970,1.896480
2025-03-31,1.907810,1.910860,1.893630,1.907810
2025-04-01,1.889280,1.893360,1.879500,1.889280
2025-04-02,1.903810,1.910930,1.897500,1.903810
2025-04-03,1.907400,1.972860,1.906840,1.908390
2025-04-06,1.981890,1.982750,1.946180,1.981890
2025-04-07,1.971220,1.976360,1.943000,1.971220
2025-04-08,1.989670,2.000390,1.972900,1.989670
2025-04-09,1.942350,1.956770,1.923470,1.942350
2025-04-10,1.958530,1.974460,1.945370,1.958530
2025-04-13,1.943450,1.952760,1.931300,1.943450
2025-04-14,1.932550,1.932600,1.904330,1.932550
2025-04-15,1.915510,1.925390,1.913510,1.915510
2025-04-16,1.919970,1.925520,1.902900,1.919970
2025-04-21,1.918520,1.919490,1.911060,1.918520
2025-04-22,1.904430,1.910320,1.894320,1.904430
2025-04-23,1.902780,1.909130,1.896880,1.902780
2025-04-24,1.898920,1.907610,1.891080,1.898920
2025-04-27,1.906530,1.913020,1.903290,1.906530
2025-04-28,1.910310,1.924100,1.906800,1.910310
2025-04-29,1.918330,1.926010,1.909910,1.918330
2025-04-30,1.906920,1.913640,1.900720,1.906920
2025-05-01,1.910220,1.914210,1.901100,1.910220
2025-05-04,1.902250,1.904370,1.892200,1.902250
2025-05-05,1.897660,1.898040,1.888900,1.897660
2025-05-06,1.885550,1.900900,1.883840,1.885550
2025-05-07,1.903240,1.908320,1.895840,1.903240
2025-05-08,1.902490,1.910610,1.901780,1.902490
2025-05-11,1.896640,1.899910,1.886570,1.896640
2025-05-12,1.892910,1.898680,1.881310,1.892910
2025-05-13,1.884330,1.895460,1.880500,1.884330
2025-05-14,1.896420,1.908440,1.893020,1.896420
2025-05-15,1.905470,1.909910,1.894100,1.905470
2025-05-18,1.900250,1.909580,1.895700,1.900250
2025-05-19,1.893840,1.906970,1.892400,1.893840
2025-05-20,1.904320,1.913000,1.900860,1.904320
2025-05-21,1.909580,1.915390,1.907350,1.909580
2025-05-22,1.912820,1.913780,1.897200,1.912820
2025-05-25,1.897890,1.900660,1.890680,1.897890
2025-05-26,1.899620,1.908580,1.898440,1.899620
2025-05-27,1.905860,1.909970,1.891690,1.905860
2025-05-28,1.885000,1.901890,1.884500,1.885000
2025-05-29,1.903070,1.905040,1.897040,1.903070
2025-06-01,1.900400,1.900330,1.892520,1.900400
2025-06-02,1.893600,1.906380,1.889580,1.893600
2025-06-03,1.895360,1.897930,1.890990,1.895360
2025-06-04,1.894950,1.895090,1.886040,1.894950
2025-06-05,1.895480,1.897370,1.890100,1.895480
2025-06-08,1.893870,1.894810,1.883900,1.893490
2025-06-09,1.888500,1.890570,1.882400,1.888500
2025-06-10,1.887590,1.902380,1.886670,1.887590
2025-06-11,1.906490,1.918820,1.905800,1.906490
2025-06-12,1.912340,1.923140,1.911000,1.912340
2025-06-15,1.917900,1.920830,1.906300,1.917900
2025-06-16,1.909430,1.910260,1.901700,1.909430
2025-06-17,1.907470,1.910760,1.904380,1.907470
2025-06-18,1.903750,1.923540,1.902700,1.903750
2025-06-19,1.918280,1.930510,1.916960,1.918280
2025-06-22,1.928830,1.948650,1.927090,1.928830
2025-06-23,1.934690,1.935280,1.921200,1.934690
2025-06-24,1.931720,1.933210,1.923200,1.931720
2025-06-25,1.929540,1.935070,1.928700,1.929540
2025-06-26,1.929650,1.937460,1.925000,1.929650
2025-06-29,1.933830,1.934710,1.926300,1.933830
2025-06-30,1.934630,1.938080,1.927320,1.934630
2025-07-01,1.934830,1.942890,1.931700,1.934830
2025-07-02,1.937960,1.944050,1.936950,1.937960
2025-07-03,1.935870,1.946570,1.934100,1.935870
2025-07-06,1.946740,1.958370,1.946800,1.946740
2025-07-07,1.953430,1.954900,1.948290,1.953430
2025-07-08,1.955200,1.958200,1.949150,1.955200
2025-07-09,1.955660,1.956830,1.940990,1.955660
2025-07-10,1.936690,1.948260,1.935340,1.936690
2025-07-13,1.944670,1.955530,1.943010,1.944670
2025-07-14,1.952700,1.954190,1.945300,1.952700
2025-07-15,1.949420,1.962960,1.945700,1.949420
2025-07-16,1.956910,1.964680,1.954600,1.956910
2025-07-17,1.953990,1.955030,1.947130,1.953990
2025-07-20,1.953730,1.958450,1.950000,1.953730
2025-07-21,1.958970,1.967620,1.955660,1.958970
2025-07-22,1.956420,1.957090,1.939480,1.956420
2025-07-23,1.946750,1.948600,1.940100,1.946750
2025-07-24,1.947200,1.955170,1.946500,1.947200
2025-07-27,1.953040,1.955690,1.943720,1.953040
2025-07-28,1.941820,1.943750,1.935810,1.941820
2025-07-29,1.939730,1.940890,1.935140,1.939730
2025-07-30,1.934490,1.940700,1.927600,1.934490
2025-07-31,1.939800,1.959580,1.938500,1.939800
2025-08-03,1.958970,1.958910,1.953330,1.958970
2025-08-04,1.957650,1.964110,1.955100,1.957650
2025-08-05,1.959360,1.963770,1.953700,1.959360
2025-08-06,1.967120,1.967620,1.953800,1.967120
2025-08-07,1.955800,1.959240,1.951900,1.955800
2025-08-10,1.957810,1.962340,1.954840,1.957810
2025-08-11,1.955570,1.964660,1.953900,1.955570
2025-08-12,1.959930,1.964120,1.955600,1.959930
2025-08-13,1.958320,1.969090,1.955080,1.958320
2025-08-14,1.967620,1.974740,1.966700,1.967620
2025-08-17,1.974350,1.974220,1.965950,1.974350
2025-08-18,1.969540,1.976450,1.964900,1.969540
2025-08-19,1.974040,2.003130,1.972800,1.974040
2025-08-20,1.999090,2.003000,1.994360,1.999090
2025-08-21,1.994390,1.999510,1.993100,1.994390
2025-08-24,1.996010,1.998590,1.988750,1.996270
2025-08-25,1.985610,1.994370,1.985450,1.985610
2025-08-26,1.986550,1.990430,1.984490,1.986550
2025-08-27,1.987210,1.989090,1.983200,1.987210
2025-08-28,1.984850,1.984890,1.978070,1.984850
2025-08-31,1.981700,1.989540,1.979560,1.981700
2025-09-01,1.983560,1.992330,1.982010,1.983560
2025-09-02,1.984530,1.989090,1.982900,1.984530
2025-09-03,1.982640,1.995610,1.980500,1.982640
2025-09-04,1.992190,1.992040,1.984310,1.992190
2025-09-07,1.988300,1.989560,1.974600,1.988300
2025-09-08,1.979600,1.981730,1.972800,1.979600
2025-09-09,1.974560,1.974500,1.966040,1.974560
2025-09-10,1.968930,1.973970,1.963900,1.968930
2025-09-11,1.962740,1.970610,1.961900,1.962740
2025-09-14,1.969610,1.973780,1.966300,1.969610
2025-09-15,1.970760,1.982700,1.970060,1.970760
2025-09-16,1.981200,1.986010,1.977100,1.981200
2025-09-17,1.992000,2.007300,1.991400,1.992000
2025-09-18,2.001090,2.009400,1.999600,2.001090
2025-09-21,2.005800,2.011060,2.000900,2.005800
2025-09-22,2.010600,2.017600,2.009600,2.010600
2025-09-23,2.017060,2.020120,2.011300,2.017060
2025-09-24,2.018900,2.024580,2.014100,2.018900
2025-09-25,2.023470,2.028210,2.023000,2.023470
2025-09-28,2.025790,2.030740,2.022380,2.025790
2025-09-29,2.029110,2.029700,2.020680,2.029110
2025-09-30,2.024740,2.028190,2.016100,2.024740
2025-10-01,2.014900,2.017910,2.010520,2.014900
2025-10-02,2.013800,2.015800,2.010100,2.013800
2025-10-05,2.010660,2.011910,2.000290,2.010660
2025-10-06,2.004610,2.011300,2.003960,2.004610
2025-10-07,2.010040,2.025580,2.008000,2.010040
2025-10-08,2.010810,2.014630,2.004900,2.010810
2025-10-09,2.010520,2.030400,2.009100,2.010520
2025-10-12,2.025630,2.027140,2.017700,2.025630
2025-10-13,2.022960,2.034620,2.018500,2.022960
2025-10-14,2.030630,2.033800,2.028600,2.030630
2025-10-15,2.037230,2.038910,2.027900,2.037230
2025-10-16,2.042840,2.048410,2.034850,2.042840
2025-10-19,2.033760,2.035110,2.026180,2.033760
2025-10-20,2.026200,2.034850,2.019900,2.026200
2025-10-21,2.020000,2.021940,2.015200,2.020000
2025-10-22,2.023410,2.024670,2.016200,2.023410
2025-10-23,2.018550,2.025680,2.016780,2.018550
2025-10-27,2.019210,2.021510,2.014800,2.019210
2025-10-28,2.017310,2.022490,2.014590,2.017310
2025-10-29,2.015540,2.017170,2.007400,2.015540
2025-10-30,2.012910,2.019580,2.008700,2.012910
2025-10-31,2.014090,2.023210,2.011460,2.014090
2025-11-03,2.013850,2.021820,2.012080,2.013850
2025-11-04,2.018330,2.032500,2.018100,2.018330
2025-11-05,2.035290,2.039820,2.027840,2.035290
2025-11-06,2.028550,2.050540,2.028460,2.028550
2025-11-07,2.047980,2.063860,2.046700,2.047980
2025-11-10,2.052750,2.054380,2.047000,2.051330
2025-11-11,2.047510,2.052000,2.045490,2.047540
2025-11-12,2.048620,2.049410,2.042500,2.048090
2025-11-13,2.047070,2.054900,2.044300,2.047110
2025-11-14,2.058270,2.059240,2.040580,2.057970
2025-11-17,2.046370,2.049840,2.041030,2.046150
2025-11-18,2.050130,2.056010,2.042500,2.049600
2025-11-19,2.046180,2.060900,2.046180,2.046310
2025-11-20,2.055010,2.060540,2.046500,2.054400
2025-11-21,2.062920,2.063840,2.050850,2.062580
2025-11-24,2.050080,2.059810,2.050080,2.050060
2025-11-25,2.052660,2.067420,2.050280,2.051970
2025-11-26,2.055660,2.056430,2.033830,2.056100
2025-11-27,2.033220,2.033220,2.023200,2.033520
2025-11-28,2.024370,2.027930,2.020530,2.024350
2025-12-01,2.022260,2.028700,2.020700,2.022350
2025-12-02,2.026980,2.031630,2.020200,2.027010
2025-12-03,2.025100,2.033530,2.020800,2.025000
2025-12-04,2.020530,2.024370,2.018460,2.020460
2025-12-05,2.021410,2.021690,2.013600,2.021000
2025-12-08,2.015470,2.018650,2.011000,2.014920
2025-12-09,2.015070,2.017220,2.007370,2.014300
2025-12-10,2.011630,2.017220,2.009000,2.011790
2025-12-11,2.011640,2.021360,2.010100,2.011340
2025-12-12,2.020720,2.026790,2.016020,2.020780
2025-12-15,2.022670,2.034390,2.020250,2.022830
2025-12-16,2.031220,2.039700,2.028700,2.031250
2025-12-17,2.030920,2.034130,2.026700,2.031190
2025-12-18,2.034850,2.039410,2.028400,2.034670
2025-12-19,2.029900,2.041180,2.027630,2.029910
2025-12-22,2.034020,2.034350,2.026100,2.034190
2025-12-23,2.029400,2.029400,2.017620,2.029270
2025-12-24,2.018300,2.020990,2.015300,2.018600
2025-12-26,2.019060,2.024230,2.017000,2.018970
2025-12-29,2.020250,2.032060,2.017900,2.020310
2025-12-30,2.027050,2.030040,2.022600,2.026920
2025-12-31,2.028170,2.043810,2.027000,2.028240
2026-01-02,2.040590,2.042680,2.029200,2.040670
2026-01-05,2.033490,2.035620,2.021700,2.033510
2026-01-06,2.024390,2.026040,2.019750,2.024560
2026-01-07,2.021040,2.023380,2.016900,2.020800
2026-01-08,2.022170,2.032770,2.022100,2.022310
2026-01-09,2.027310,2.034380,2.026900,2.026500
2026-01-12,2.028920,2.031530,2.024200,2.028570
2026-01-13,2.020100,2.029000,2.016700,2.020860
2026-01-14,2.028600,2.030490,2.024400,2.028540
2026-01-15,2.026700,2.030610,2.019650,2.027140
2026-01-16,2.020750,2.020750,2.013700,2.021070
2026-01-19,2.016180,2.018590,2.007500,2.016840
2026-01-20,2.008890,2.012690,1.998300,2.008950
2026-01-21,2.012160,2.013630,1.999080,2.012460
2026-01-22,1.999600,2.000680,1.987900,1.999310
2026-01-23,1.986390,1.991230,1.983900,1.986560
2026-01-26,1.989420,1.991220,1.982310,1.989370
2026-01-27,1.988940,1.992460,1.987500,1.988910
2026-01-28,1.993880,1.995480,1.978940,1.993420
2026-01-29,1.974740,1.978350,1.965350,1.974630
2026-01-30,1.969000,1.973440,1.960630,1.969410
2026-02-02,1.970480,1.977210,1.964010,1.970020
2026-02-03,1.961400,1.964710,1.949500,1.962820
2026-02-04,1.955810,1.968600,1.954570,1.955430
2026-02-05,1.967530,1.974100,1.963800,1.967330
2026-02-06,1.982950,1.985210,1.961200,1.983040
2026-02-09,1.960680,1.976610,1.960350,1.960290
2026-02-10,1.965900,1.973320,1.965900,1.966600
2026-02-11,1.967660,1.968040,1.956790,1.967750
2026-02-12,1.963160,1.965280,1.955300,1.963270
2026-02-13,1.966800,1.969990,1.962900,1.967290
2026-02-16,1.966850,1.968230,1.961000,1.966770
2026-02-17,1.964460,1.966860,1.957300,1.964440
2026-02-18,1.959290,1.976580,1.958200,1.959160
2026-02-19,1.975340,1.977800,1.968500,1.975260
2026-02-20,1.970700,1.979140,1.970300,1.970200
2026-02-23,1.971260,1.978740,1.971050,1.971060
2026-02-24,1.978180,1.980340,1.973210,1.978650
2026-02-25,1.974090,1.975320,1.969670,1.973680
2026-02-26,1.968860,1.977490,1.965890,1.968830
2026-02-27,1.973230,1.974670,1.967430,1.973510
2026-03-02,1.973740,1.975910,1.967030,1.973760
2026-03-03,1.965500,1.977230,1.964600,1.966130
2026-03-04,1.971850,1.975350,1.961150,1.970800
2026-03-05,1.959730,1.968680,1.956190,1.959410
2026-03-06,1.968260,1.972330,1.963200,1.968130
2026-03-09,1.969360,1.969360,1.954300,1.969540
2026-03-10,1.959970,1.965850,1.953600,1.959880
2026-03-11,1.959430,1.960870,1.951490,1.959740
2026-03-12,1.957000,1.966150,1.952500,1.957820
2026-03-13,1.968050,1.976630,1.965400,1.968270
2026-03-16,1.972440,1.973600,1.962430,1.972370
2026-03-17,1.964290,1.974310,1.962900,1.964390
2026-03-18,1.969310,1.976790,1.965900,1.969370
2026-03-19,1.978020,1.980610,1.969240,1.977740
2026-03-20,1.972080,1.977780,1.963100,1.972790
2026-03-23,1.981900,1.993410,1.975200,1.982450
2026-03-24,1.982290,1.991480,1.982100,1.982880
2026-03-25,1.989790,1.995600,1.988000,1.989450
2026-03-26,1.990600,1.998160,1.990500,1.991150
2026-03-27,2.001800,2.003960,1.995000,2.001300
2026-03-29,2.005700,2.009820,2.003160,2.006340
2026-03-30,2.003710,2.020170,2.002120,2.003850
2026-03-31,2.011070,2.017150,2.008100,2.010300
2026-04-01,2.015100,2.021590,2.013600,2.015720
2026-04-02,2.018360,2.024020,2.017100,2.018000
2026-04-05,2.023510,2.023700,2.017000,2.024020
2026-04-06,2.019000,2.031020,2.019000,2.019650
2026-04-07,2.010570,2.016480,1.999800,2.011150
2026-04-08,2.000910,2.003350,1.994440,2.001410
2026-04-09,1.998030,2.006730,1.996200,1.998310
2026-04-12,2.010800,2.011650,2.002400,2.011000
2026-04-13,2.003980,2.007800,1.994100,2.003900
2026-04-14,1.997400,1.999690,1.994600,1.997700
2026-04-15,1.996800,2.000780,1.994400,1.997040
2026-04-16,2.001310,2.005090,1.995900,2.000900
2026-04-19,2.001140,2.004560,1.998200,2.000800
2026-04-20,1.994510,1.995470,1.988040,1.994400
2026-04-21,1.990460,1.990460,1.981200,1.991180
2026-04-22,1.982170,1.991840,1.981300,1.981200
2026-04-23,1.995130,1.998760,1.992600,1.995930
2026-04-26,1.993930,1.993930,1.981910,1.993200
2026-04-27,1.982430,1.991890,1.980900,1.982800
2026-04-28,1.988400,2.004300,1.987800,1.989800
2026-04-29,2.000790,2.003470,1.987600,2.000610
2026-04-30,1.985300,1.993740,1.985000,1.985590
2026-05-03,1.985540,1.992550,1.980400,1.985350
2026-05-04,1.990200,1.993700,1.982800,1.990100
2026-05-05,1.984820,1.984820,1.969180,1.984580
2026-05-06,1.973130,1.973990,1.966000,1.973040
2026-05-07,1.974820,1.977660,1.971100,1.975360
2026-05-10,1.977630,1.979550,1.973100,1.977580
2026-05-11,1.974470,1.977790,1.970800,1.974430
2026-05-12,1.971180,1.976790,1.967100,1.971550
2026-05-13,1.975160,1.976210,1.971200,1.974910
2026-05-14,1.975100,1.990980,1.973800,1.975390
2026-05-17,1.990690,1.993350,1.981430,1.991170
2026-05-18,1.983740,1.993330,1.983740,1.984060
2026-05-19,1.990160,1.993450,1.977600,1.989500
2026-05-20,1.980780,1.985030,1.976700,1.980950
2026-05-21,1.976600,1.983120,1.975400,1.975860
2026-05-24,1.981900,1.983770,1.979300,1.982210
2026-05-25,1.984870,1.992140,1.984870,1.984730
2026-05-26,1.991490,1.992590,1.970850,1.991300
2026-05-27,1.971330,1.976480,1.964700,1.971660
2026-05-28,1.960240,1.960480,1.944600,1.959840
2026-05-31,1.947660,1.963710,1.947300,1.946700
2026-06-01,1.960300,1.966490,1.959200,1.959580
2026-06-02,1.962430,1.977730,1.958500,1.962250
2026-06-03,1.977320,1.980070,1.975120,1.977310
2026-06-04,1.978050,1.986910,1.978050,1.978040
2026-06-07,1.987950,1.989640,1.977190,1.987500
2026-06-08,1.986490,1.987650,1.974900,1.986200
2026-06-09,1.985310,1.988960,1.981000,1.986240
2026-06-10,1.990230,1.996810,1.989100,1.990820
2026-06-11,1.985110,1.989310,1.983600,1.984180
2026-06-14,1.981200,1.989000,1.981100,1.981600
2026-06-15,1.988300,1.997100,1.986200,1.989050
2026-06-16,1.991250,1.995960,1.989920,1.990850
2026-06-17,1.992080,1.992650,1.985800,1.992350
2026-06-18,1.990880,2.000090,1.988800,1.990600
2026-06-21,1.998810,2.001130,1.995100,1.998480
2026-06-22,2.000550,2.009360,2.000550,2.000630
2026-06-23,2.008320,2.013470,2.006400,2.008430
2026-06-24,2.012000,2.016640,2.010030,2.011500
2026-06-25,2.012990,2.021860,2.012100,2.013290
2026-06-28,2.018850,2.023570,2.014700,2.018450
2026-06-29,2.020880,2.022600,2.008800,2.020000
2026-06-30,2.010910,2.014160,2.003940,2.011030
2026-07-01,2.004790,2.010760,2.002800,2.004760
2026-07-02,2.006410,2.007170,2.000100,2.006480
2026-07-05,2.006280,2.010870,2.004800,2.005330
2026-07-06,2.006300,2.010970,2.005200,2.006750
2026-07-07,2.009250,2.009330,1.996400,2.008730
2026-07-08,1.998140,1.998260,1.985450,1.997500
2026-07-09,1.984050,1.984910,1.977800,1.983700
2026-07-12,1.980370,1.982040,1.974100,1.980380
2026-07-13,1.974680,1.976040,1.961400,1.974930
2026-07-14,1.965330,1.968010,1.957550,1.965180
2026-07-15,1.961170,1.964530,1.954700,1.960700
2026-07-16,1.958780,1.963540,1.956260,1.959090
2026-07-19,1.957310,1.957640,1.950100,1.956740
2026-07-20,1.950420,1.958650,1.943710,1.950300
2026-07-21,1.956600,1.962360,1.954700,1.957090
2026-07-22,1.962710,1.972580,1.960700,1.962210
2026-07-23,1.969500,1.970710,1.962400,1.969850
2026-07-26,1.964470,1.969610,1.962800,1.964400
2026-07-27,1.970580,1.971860,1.965800,1.970290
2026-07-28,1.968870,1.973460,1.966920,1.969210
2026-07-29,1.975300,1.976910,1.959100,1.975300
2026-07-30,1.961390,1.963510,1.955150,1.961090
2026-08-02,1.956770,1.966270,1.955190,1.957120
2026-08-03,1.960600,1.962380,1.955100,1.960500
2026-08-04,1.962390,1.968470,1.960700,1.962330
2026-08-05,1.963050,1.966540,1.960000,1.962810
2026-08-06,1.963900,1.965390,1.960220,1.963820
2026-08-09,1.962630,1.964340,1.959200,1.961900
2026-08-10,1.960920,1.965050,1.958000,1.960810
2026-08-11,1.963280,1.969640,1.962500,1.963200
2026-08-12,1.967390,1.977350,1.966100,1.966730
2026-08-13,1.970150,1.970150,1.962380,1.970120
2026-08-14,1.971150,1.971610,1.962080,1.963180
